dataset,mass_GeV,sigma_val,blind_lo,blind_hi,integral_density,density_nsigma,density_window_lo,density_window_hi,density_window_width,density_source_lo,density_source_hi,density_source_n_bins,density_source_bin_width_median,density_window_fully_covered,A_up,eps2_up,p0_analytic,Z_analytic,A_hat,sigma_A,extract_success,cls_statistic,cls_calibration,signal_model,global_method,visibility,kernel_str,ls_lo,ls_hi,ls_init,ls_opt,sigma_x,const_opt,lml,n_train,n_train_low,n_train_high,n_full,n_blind,train_domain_lo,train_domain_hi,bin_width_median,const_init,const_lo,const_hi,const_at_lower,const_at_upper,ls_at_lower,ls_at_upper,optimizer_restarts,ls_lo_over_sigma_x,ls_hi_over_sigma_x,ls_opt_over_sigma_x,ls_lo_over_sigma,ls_hi_over_sigma,ls_opt_over_sigma,source_csv,source_sha256_pending,selected_source,selected_state_reproducing_attempt_count,reproducing_sources,all_attempt_sources,attempt_row_count,finite_attempt_row_count,branch_multiplicity,attempt_lml_spread,optimizer_repair_applied,review_status,interpolated
2021,0.05,0.0019941875,0.045513078125,0.054486921875,432274745.5035101,1.64,0.0467295325,0.0532704675,0.0065409349999999,0.0,1.0,8000,0.000125,True,27684.75114603401,4.1593999091529695e-05,9.814910870395903e-07,4.757198403726919,21759.634710739083,4584.966893803751,True,tilde_q_mu,asymptotic,default,sidak_approx,observed,7.59**2 * RBF(length_scale=0.335),0.0430198208653474,0.586633920891102,0.1588612167593829,0.3353260659546819,0.0391089280594068,57.63547287782156,1679.397780354415,402,9,393,416,14,0.04,0.3,0.000625,1.0,1e-08,1e+18,False,False,False,False,12,1.1,15.0,8.574156403502514,21.57260581833327,294.1718975227264,168.15172392499798,runs/functional_form/attempt_02/results_single.csv,False,runs/functional_form/attempt_02/results_single.csv,2,runs/functional_form/attempt_02/results_single.csv|runs/functional_form/attempt_01/results_single.csv,runs/functional_form/attempt_01/results_single.csv|runs/functional_form/attempt_02/results_single.csv,2,2,1,2.1457799448398873e-07,False,stable_reproduced,False
2021,0.051,0.002001485875,0.04649665678125,0.0555033432187499,505722115.71658146,1.64,0.047717563165,0.0542824368349999,0.0065648736699999,0.0,1.0,8000,0.000125,True,23741.69971033877,2.989163065618514e-05,0.0001324911251667,3.647327346091582,17500.779351515146,4819.253732915793,True,tilde_q_mu,asymptotic,default,sidak_approx,observed,7.71**2 * RBF(length_scale=0.337),0.0423437473933882,0.5774147371825666,0.1563646500091317,0.3369438248127438,0.0384943158121711,59.472107282105824,1673.4697066877625,401,10,391,416,15,0.04,0.3,0.000625,1.0,1e-08,1e+18,False,False,False,False,12,1.1,15.0,8.753079973075119,21.15615599504954,288.4930362961301,168.34684122501932,runs/functional_form/attempt_01/results_single.csv,False,runs/functional_form/attempt_01/results_single.csv,2,runs/functional_form/attempt_01/results_single.csv|runs/functional_form/attempt_02/results_single.csv,runs/functional_form/attempt_01/results_single.csv|runs/functional_form/attempt_02/results_single.csv,2,2,1,6.732232122885762e-07,False,stable_reproduced,False
2021,0.052,0.002008956,0.047479849,0.056520151,582496150.2912881,1.64,0.04870531216,0.0552946878399999,0.0065893756799999,0.0,1.0,8000,0.000125,True,10779.44084340621,1.1556325143342552e-05,0.2122430440526168,0.7986625835628638,3884.78374141509,4873.837989328027,True,tilde_q_mu,asymptotic,default,sidak_approx,observed,8.35**2 * RBF(length_scale=0.328),0.0416967826910809,0.5685924912420126,0.1539755745145915,0.3277029140538569,0.0379061660828008,69.66917253119486,1667.3920545659892,402,12,390,416,14,0.04,0.3,0.000625,1.0,1e-08,1e+18,False,False,False,False,12,1.1,15.0,8.645108379941,20.75544844739304,283.02884246445046,163.12100118362815,runs/functional_form/repairs/m052/round_01/results_single.csv,False,runs/functional_form/repairs/m052/round_01/results_single.csv,2,runs/functional_form/repairs/m052/round_01/results_single.csv|runs/functional_form/attempt_01/results_single.csv,runs/functional_form/attempt_01/results_single.csv|runs/functional_form/attempt_02/results_single.csv|runs/functional_form/repairs/m052/round_01/results_single.csv,3,3,2,61.29735806361123,True,resolved_reproduced_max_lml,False
2021,0.053,0.002016597875,0.0484626547812499,0.05753734521875,661992830.0519445,1.64,0.049692779485,0.056307220515,0.00661444103,0.0,1.0,8000,0.000125,True,6127.816640621785,5.67148161289813e-06,0.5,0.0,-5423.68983830362,5018.526116810713,True,tilde_q_mu,asymptotic,default,sidak_approx,observed,8.22**2 * RBF(length_scale=0.325),0.0410773062694674,0.5601450854927381,0.1516880062237032,0.3251997005042238,0.0373430056995158,67.57973557493993,1663.2237579609491,402,14,388,416,14,0.04,0.3,0.000625,1.0,1e-08,1e+18,False,False,False,False,12,1.1,15.0,8.708450067489876,20.369607039017364,277.76736871387317,161.2615507215209,runs/functional_form/attempt_01/results_single.csv,False,runs/functional_form/attempt_01/results_single.csv,2,runs/functional_form/attempt_01/results_single.csv|runs/functional_form/attempt_02/results_single.csv,runs/functional_form/attempt_01/results_single.csv|runs/functional_form/attempt_02/results_single.csv,2,2,1,1.9551030163711403e-06,False,stable_reproduced,False
2021,0.054,0.0020244115,0.049445074125,0.058554925875,743432117.467634,1.64,0.05067996514,0.05732003486,0.00664006972,0.0,1.0,8000,0.000125,True,5118.144750503665,4.139972032003668e-06,0.5,0.0,-15461.89838446134,5381.3549668737505,True,tilde_q_mu,asymptotic,default,sidak_approx,observed,7.78**2 * RBF(length_scale=0.324),0.0404838157112043,0.552052032425514,0.1494963970927404,0.323998609197051,0.0368034688283676,60.46396649089237,1659.1467598648735,401,15,386,416,15,0.04,0.3,0.000625,1.0,1e-08,1e+18,False,False,False,False,12,1.1,15.0,8.803480202043275,19.99781947059892,272.6975382354398,160.04582526677555,runs/functional_form/attempt_02/results_single.csv,False,runs/functional_form/attempt_02/results_single.csv,2,runs/functional_form/attempt_02/results_single.csv|runs/functional_form/attempt_01/results_single.csv,runs/functional_form/attempt_01/results_single.csv|runs/functional_form/attempt_02/results_single.csv,2,2,1,1.1831543815787882e-06,False,stable_reproduced,False
2021,0.055,0.002032396875,0.05042710703125,0.05957289296875,825863093.242175,1.64,0.051666869125,0.058333130875,0.0066662617499999,0.0,1.0,8000,0.000125,True,4849.95376379661,3.467262898341287e-06,0.5,0.0,-20146.54177465795,5480.365770219824,True,tilde_q_mu,asymptotic,default,sidak_approx,observed,7.83**2 * RBF(length_scale=0.326),0.0399149161083646,0.5442943105686093,0.1473955960828078,0.3259294125232804,0.0362862873712406,61.3000743049113,1664.2983351467813,402,17,385,416,14,0.04,0.3,0.000625,1.0,1e-08,1e+18,False,False,False,False,12,1.1,15.0,8.982164782765896,19.639331569216612,267.8090668529538,160.36701125279993,runs/functional_form/attempt_01/results_single.csv,False,runs/functional_form/attempt_01/results_single.csv,2,runs/functional_form/attempt_01/results_single.csv|runs/functional_form/attempt_02/results_single.csv,runs/functional_form/attempt_01/results_single.csv|runs/functional_form/attempt_02/results_single.csv,2,2,1,7.446660674759187e-07,False,stable_reproduced,False
2021,0.056,0.002040554,0.0514087535,0.0605912465,908527012.009006,1.64,0.05265349144,0.05934650856,0.00669301712,0.0,1.0,8000,0.000125,True,5026.056828588344,3.207904610177673e-06,0.5,0.0,-21225.215156961996,5716.465162318594,True,tilde_q_mu,asymptotic,default,sidak_approx,observed,7.88**2 * RBF(length_scale=0.33),0.0393693106142212,0.5368542356484718,0.1453808142699889,0.3298306935990004,0.0357902823765647,62.06764806426276,1660.5606127510212,401,18,383,416,15,0.04,0.3,0.000625,1.0,1e-08,1e+18,False,False,False,False,12,1.1,15.0,9.215649380150492,19.293442180026243,263.0923933639942,161.6378167884802,runs/functional_form/attempt_01/results_single.csv,False,runs/functional_form/attempt_01/results_single.csv,2,runs/functional_form/attempt_01/results_single.csv|runs/functional_form/attempt_02/results_single.csv,runs/functional_form/attempt_01/results_single.csv|runs/functional_form/attempt_02/results_single.csv,2,2,1,9.349387255497277e-07,False,stable_reproduced,False
2021,0.057,0.002048882875,0.05239001353125,0.06160998646875,990712198.9884846,1.64,0.053639832085,0.060360167915,0.0067203358299999,0.0,1.0,8000,0.000125,True,5674.169770292116,3.2628708304852004e-06,0.5,0.0,-14904.228119263693,5787.083319798539,True,tilde_q_mu,asymptotic,default,sidak_approx,observed,8.53**2 * RBF(length_scale=0.331),0.0388457919743114,0.5297153451042469,0.1434475935717297,0.3314302378237129,0.0353143563402831,72.68398148046673,1654.9457246669788,401,20,381,416,15,0.04,0.3,0.000625,1.0,1e-08,1e+18,False,False,False,False,12,1.1,15.0,9.3851416865738,18.959498587400432,258.53861710091496,161.7614368628626,runs/functional_form/attempt_02/results_single.csv,False,runs/functional_form/attempt_02/results_single.csv,2,runs/functional_form/attempt_02/results_single.csv|runs/functional_form/attempt_01/results_single.csv,runs/functional_form/attempt_01/results_single.csv|runs/functional_form/attempt_02/results_single.csv,2,2,1,2.1682878923456883e-06,False,stable_reproduced,False
2021,0.058,0.0020573835,0.053370887125,0.062629112875,1071829864.4825622,1.64,0.05462589106,0.06137410894,0.00674821788,0.0,1.0,8000,0.000125,True,7656.200933124777,3.999257773109957e-06,0.4999311292015692,0.0001726334915006,-4760.1228340824755,5908.8767991679715,True,tilde_q_mu,asymptotic,default,sidak_approx,observed,8.57**2 * RBF(length_scale=0.327),0.0383432349203511,0.5228622943684247,0.1415917786595051,0.3266578734411521,0.0348574862912283,73.40081847136618,1651.922886804594,401,21,380,416,15,0.04,0.3,0.000625,1.0,1e-08,1e+18,False,False,False,False,12,1.1,15.0,9.37124010354567,18.63689240258374,254.13944185341464,158.77344862596212,runs/functional_form/attempt_01/results_single.csv,False,runs/functional_form/attempt_01/results_single.csv,2,runs/functional_form/attempt_01/results_single.csv|runs/functional_form/attempt_02/results_single.csv,runs/functional_form/attempt_01/results_single.csv|runs/functional_form/attempt_02/results_single.csv,2,2,1,8.910819815355353e-08,False,stable_reproduced,False
2021,0.059,0.002066055875,0.0543513742812499,0.0636486257187499,1151233300.2195165,1.64,0.055611668365,0.0623883316349999,0.0067766632699999,0.0,1.0,8000,0.000125,True,14066.63771883964,6.725039964500081e-06,0.1685845489775324,0.9597737468396018,5757.11551754804,6005.3529563367565,True,tilde_q_mu,asymptotic,default,sidak_approx,observed,8.1**2 * RBF(length_scale=0.322),0.0378605893261601,0.516280763538548,0.139809491685398,0.3220259664339198,0.0344187175692365,65.61602193082767,1654.4885509749113,401,23,378,416,15,0.04,0.3,0.000625,1.0,1e-08,1e+18,False,False,False,False,12,1.1,15.0,9.35612914066696,18.325055863341635,249.88712540920412,155.8650810612369,runs/functional_form/attempt_01/results_single.csv,False,runs/functional_form/attempt_01/results_single.csv,2,runs/functional_form/attempt_01/results_single.csv|runs/functional_form/attempt_02/results_single.csv,runs/functional_form/attempt_01/results_single.csv|runs/functional_form/attempt_02/results_single.csv,2,2,1,1.371861344523495e-06,False,stable_reproduced,False
2021,0.06,0.0020749,0.055331475,0.064668525,1228324226.4934309,1.64,0.056597164,0.063402836,0.006805672,0.0,1.0,8000,0.000125,True,22201.2668334791,9.782129561506132e-06,0.0082301014098865,2.3985483597473984,14443.119998275988,6025.970456824092,True,tilde_q_mu,asymptotic,default,sidak_approx,observed,7.99**2 * RBF(length_scale=0.32),0.0373968740379758,0.5099573732451246,0.1380971094990222,0.320177792179887,0.0339971582163416,63.86002354278651,1658.809853578564,402,25,377,416,14,0.04,0.3,0.000625,1.0,1e-08,1e+18,False,False,False,False,12,1.1,15.0,9.4177810434163,18.023458498229218,245.77443406676204,154.3099870740214,runs/functional_form/attempt_02/results_single.csv,False,runs/functional_form/attempt_02/results_single.csv,2,runs/functional_form/attempt_02/results_single.csv|runs/functional_form/attempt_01/results_single.csv,runs/functional_form/attempt_01/results_single.csv|runs/functional_form/attempt_02/results_single.csv,2,2,1,8.763443020143313e-07,False,stable_reproduced,False
2021,0.061,0.002083915875,0.05631118928125,0.06568881071875,1301256009.228961,1.64,0.057582377965,0.064417622035,0.0068352440699999,0.0,1.0,8000,0.000125,True,29598.547273374264,1.2108706007733697e-05,0.0003007514112905,3.4309358519002853,21474.052904796477,6265.273699381112,True,tilde_q_mu,asymptotic,default,sidak_approx,observed,7.78**2 * RBF(length_scale=0.32),0.0369511713028735,0.5038796086755482,0.136451243073103,0.3195830161276949,0.0335919739117032,60.5343544303402,1654.3841003076398,401,26,375,416,15,0.04,0.3,0.000625,1.0,1e-08,1e+18,False,False,False,False,12,1.1,15.0,9.51367183624641,17.731604114236877,241.7946015577755,153.35696606644208,runs/functional_form/attempt_01/results_single.csv,False,runs/functional_form/attempt_01/results_single.csv,2,runs/functional_form/attempt_01/results_single.csv|runs/functional_form/attempt_02/results_single.csv,runs/functional_form/attempt_01/results_single.csv|runs/functional_form/attempt_02/results_single.csv,2,2,1,1.1628185347944964e-07,False,stable_reproduced,False
2021,0.062,0.0020931035,0.057290517125,0.066709482875,1370705246.1825335,1.64,0.05856731026,0.06543268974,0.0068653794799999,0.0,1.0,8000,0.000125,True,31242.017641093353,1.1937770648611064e-05,0.0001122968362675,3.689615014857628,23177.49505951676,6288.447842399074,True,tilde_q_mu,asymptotic,default,sidak_approx,observed,8.04**2 * RBF(length_scale=0.325),0.0365226217287332,0.4980357508463617,0.1348687188919183,0.3249677514039671,0.0332023833897574,64.67912444959357,1654.939471182135,401,28,373,416,15,0.04,0.3,0.000625,1.0,1e-08,1e+18,False,False,False,False,12,1.1,15.0,9.78748265114654,17.449028071824063,237.9412918885099,155.25641775667907,runs/functional_form/attempt_01/results_single.csv,False,runs/functional_form/attempt_01/results_single.csv,2,runs/functional_form/attempt_01/results_single.csv|runs/functional_form/attempt_02/results_single.csv,runs/functional_form/attempt_01/results_single.csv|runs/functional_form/attempt_02/results_single.csv,2,2,1,1.282865696339286e-06,False,stable_reproduced,False
2021,0.063,0.002102462875,0.05826945853125,0.06773054146875,1435904664.160817,1.64,0.059551960885,0.066448039115,0.0068960782299999,0.0,1.0,8000,0.000125,True,28413.308218665978,1.0199422183288332e-05,0.0007687428244343,3.167513512429769,20219.214309398645,6386.112468635467,True,tilde_q_mu,asymptotic,default,sidak_approx,observed,8.11**2 * RBF(length_scale=0.325),0.0361104197174945,0.4924148143294715,0.133346562087477,0.3252246042333716,0.0328276542886314,65.84363992914984,1654.5793386520884,401,29,372,416,15,0.04,0.3,0.000625,1.0,1e-08,1e+18,False,False,False,False,12,1.1,15.0,9.907031473339243,17.17529481584524,234.20856567061688,154.68744209496285,runs/functional_form/attempt_01/results_single.csv,False,runs/functional_form/attempt_01/results_single.csv,2,runs/functional_form/attempt_01/results_single.csv|runs/functional_form/attempt_02/results_single.csv,runs/functional_form/attempt_01/results_single.csv|runs/functional_form/attempt_02/results_single.csv,2,2,1,8.6798445408931e-07,False,stable_reproduced,False
2021,0.064,0.002111994,0.0592480135,0.0687519865,1496453831.1465535,1.64,0.06053632984,0.06746367016,0.00692734032,0.0,1.0,8000,0.000125,True,17933.250587114217,6.080448895195342e-06,0.0742464851378395,1.4448751045489048,9351.018482561834,6475.486451476966,True,tilde_q_mu,asymptotic,default,sidak_approx,observed,8.3**2 * RBF(length_scale=0.322),0.0357138093206567,0.4870064907362281,0.1318819811349368,0.3220461016507521,0.0324670993824152,68.9681947465625,1653.904677891962,401,31,370,416,15,0.04,0.3,0.000625,1.0,1e-08,1e+18,False,False,False,False,12,1.1,15.0,9.919152242629298,16.909995634768247,230.59084956502153,152.4843828395119,runs/functional_form/attempt_01/results_single.csv,False,runs/functional_form/attempt_01/results_single.csv,2,runs/functional_form/attempt_01/results_single.csv|runs/functional_form/attempt_02/results_single.csv,runs/functional_form/attempt_01/results_single.csv|runs/functional_form/attempt_02/results_single.csv,2,2,1,2.065173021037481e-06,False,stable_reproduced,False
2021,0.065,0.002121696875,0.06022618203125,0.06977381796875,1551605140.2623928,1.64,0.061520417125,0.068479582875,0.0069591657499999,0.0,1.0,8000,0.000125,True,9703.129502205613,3.12418816894645e-06,0.5,0.0,-2195.577432875444,6602.950231073734,True,tilde_q_mu,asymptotic,default,sidak_approx,observed,8.15**2 * RBF(length_scale=0.319),0.0353320804721528,0.4818010973475384,0.1304723539415717,0.3194735092716499,0.0321200731565025,66.34114676440741,1648.8060870872755,400,32,368,416,16,0.04,0.3,0.000625,1.0,1e-08,1e+18,False,False,False,False,12,1.1,15.0,9.946226078472488,16.652746623927047,227.08290850809607,150.57452977190715,runs/functional_form/attempt_01/results_single.csv,False,runs/functional_form/attempt_01/results_single.csv,2,runs/functional_form/attempt_01/results_single.csv|runs/functional_form/attempt_02/results_single.csv,runs/functional_form/attempt_01/results_single.csv|runs/functional_form/attempt_02/results_single.csv,2,2,1,6.465154456236633e-07,False,stable_reproduced,False
2021,0.066,0.0021315715,0.061203964125,0.070796035875,1601730350.026453,1.64,0.06250422274,0.06949577726,0.0069915545199999,0.0,1.0,8000,0.000125,True,7015.589767675841,2.155017333696993e-06,0.5,0.0,-12136.62061082854,6528.731943050137,True,tilde_q_mu,asymptotic,default,sidak_approx,observed,8.28**2 * RBF(length_scale=0.319),0.0349645655591176,0.4767895303516045,0.1291152151834926,0.3193948053961669,0.0317859686901069,68.59311435550995,1654.983667629684,401,34,367,416,15,0.04,0.3,0.000625,1.0,1e-08,1e+18,False,False,False,False,12,1.1,15.0,10.048295476222972,16.403186831461046,223.67982042901423,149.84006184928205,runs/functional_form/attempt_02/results_single.csv,False,runs/functional_form/attempt_02/results_single.csv,2,runs/functional_form/attempt_02/results_single.csv|runs/functional_form/attempt_01/results_single.csv,runs/functional_form/attempt_01/results_single.csv|runs/functional_form/attempt_02/results_single.csv,2,2,1,3.4007894100795966e-07,False,stable_reproduced,False
2021,0.067,0.002141617875,0.06218135978125,0.07181864021875,1646804477.5132818,1.64,0.063487746685,0.070512253315,0.00702450663,0.0,1.0,8000,0.000125,True,6248.324548047047,1.8389361895390392e-06,0.5,0.0,-19852.826725044728,6646.273879113014,True,tilde_q_mu,asymptotic,default,sidak_approx,observed,8.08**2 * RBF(length_scale=0.318),0.034610636295701,0.4719632222141046,0.1278082447614374,0.3176382529682701,0.0314642148142736,65.24937834008594,1650.090486148538,400,35,365,416,16,0.04,0.3,0.000625,1.0,1e-08,1e+18,False,False,False,False,12,1.1,15.0,10.095222615381283,16.16097656810088,220.37695320137564,148.31696012449004,runs/functional_form/attempt_02/results_single.csv,False,runs/functional_form/attempt_02/results_single.csv,2,runs/functional_form/attempt_02/results_single.csv|runs/functional_form/attempt_01/results_single.csv,runs/functional_form/attempt_01/results_single.csv|runs/functional_form/attempt_02/results_single.csv,2,2,1,7.847634151403327e-07,False,stable_reproduced,False
2021,0.068,0.002151836,0.063158369,0.072841631,1687190823.3082795,1.64,0.06447098896,0.07152901104,0.00705802208,0.0,1.0,8000,0.000125,True,6095.368563461012,1.7252291027570985e-06,0.5,0.0,-22538.640044754367,6713.196376933909,True,tilde_q_mu,asymptotic,default,sidak_approx,observed,7.8**2 * RBF(length_scale=0.314),0.0342697008691363,0.4673141027609495,0.1265492572619316,0.3139195838206662,0.0311542735173966,60.85081355901457,1650.4340097237275,400,37,363,416,16,0.04,0.3,0.000625,1.0,1e-08,1e+18,False,False,False,False,12,1.1,15.0,10.076292860604587,15.92579586415336,217.1699436020912,145.88453015037683,runs/functional_form/attempt_01/results_single.csv,False,runs/functional_form/attempt_01/results_single.csv,2,runs/functional_form/attempt_01/results_single.csv|runs/functional_form/attempt_02/results_single.csv,runs/functional_form/attempt_01/results_single.csv|runs/functional_form/attempt_02/results_single.csv,2,2,1,8.282140697701834e-07,False,stable_reproduced,False
2021,0.069,0.002162225875,0.06413499178125,0.07386500821875,1722476719.5096557,1.64,0.065453949565,0.072546050435,0.00709210087,0.0,1.0,8000,0.000125,True,6432.127429833887,1.757406022356381e-06,0.5,0.0,-17340.061853530286,6588.233771581432,True,tilde_q_mu,asymptotic,default,sidak_approx,observed,8.08**2 * RBF(length_scale=0.319),0.0339412013307978,0.4628345636017883,0.1253361923231284,0.3187030307858616,0.0308556375734525,65.36094329024239,1654.1839555665667,401,39,362,416,15,0.04,0.3,0.000625,1.0,1e-08,1e+18,False,False,False,False,12,1.1,15.0,10.328842825794208,15.697343058942815,214.05467807649293,147.39580839853818,runs/functional_form/attempt_01/results_single.csv,False,runs/functional_form/attempt_01/results_single.csv,2,runs/functional_form/attempt_01/results_single.csv|runs/functional_form/attempt_02/results_single.csv,runs/functional_form/attempt_01/results_single.csv|runs/functional_form/attempt_02/results_single.csv,2,2,1,1.4561192074324936e-07,False,stable_reproduced,False
2021,0.07,0.0021727875,0.065111228125,0.074888771875,1752547907.1491723,1.64,0.0664366285,0.0735633715,0.0071267429999999,0.0,1.0,8000,0.000125,True,7593.443271436984,2.0099753728982846e-06,0.4999026019832914,0.000244140625,-9947.164025549057,6677.622703741452,True,tilde_q_mu,asymptotic,default,sidak_approx,observed,8.26**2 * RBF(length_scale=0.32),0.0336246112080568,0.4585174255644109,0.1241671058160028,0.3198793054556056,0.0305678283709607,68.30095321833133,1647.288863604332,400,40,360,416,16,0.04,0.3,0.000625,1.0,1e-08,1e+18,False,False,False,False,12,1.1,15.0,10.464574112811013,15.475333509630737,211.02727513132825,147.2207040290896,runs/functional_form/attempt_01/results_single.csv,False,runs/functional_form/attempt_01/results_single.csv,2,runs/functional_form/attempt_01/results_single.csv|runs/functional_form/attempt_02/results_single.csv,runs/functional_form/attempt_01/results_single.csv|runs/functional_form/attempt_02/results_single.csv,2,2,1,5.426359166449402e-07,False,stable_reproduced,False
2021,0.071,0.002183520875,0.06608707803125,0.0759129219687499,1778143108.5025237,1.64,0.0674190257649999,0.074580974235,0.00716194847,0.0,1.0,8000,0.000125,True,9061.071229116596,2.3306357657468766e-06,0.5,0.0,-3674.474529735547,6567.63762601132,True,tilde_q_mu,asymptotic,default,sidak_approx,observed,8.44**2 * RBF(length_scale=0.322),0.0333194333154327,0.4543559088468107,0.1230401617614922,0.3221675133967105,0.0302903939231207,71.17591126913206,1653.552835421002,401,42,359,416,15,0.04,0.3,0.000625,1.0,1e-08,1e+18,False,False,False,False,12,1.1,15.0,10.635963144434362,15.259498407787282,208.08406919709927,147.54496606161848,runs/functional_form/attempt_02/results_single.csv,False,runs/functional_form/attempt_02/results_single.csv,2,runs/functional_form/attempt_02/results_single.csv|runs/functional_form/attempt_01/results_single.csv,runs/functional_form/attempt_01/results_single.csv|runs/functional_form/attempt_02/results_single.csv,2,2,1,1.2014334060950205e-07,False,stable_reproduced,False
2021,0.072,0.002194426,0.0670625414999999,0.0769374585,1799283588.8043902,1.64,0.06840114136,0.0755988586399999,0.0071977172799999,0.0,1.0,8000,0.000125,True,11691.864109899474,2.930701360321293e-06,0.4282743398801166,0.1807692762677624,1195.9789701829168,6646.176004550071,True,tilde_q_mu,asymptotic,default,sidak_approx,observed,8.36**2 * RBF(length_scale=0.321),0.0330251977459068,0.4503436056260024,0.1219536249129291,0.3211974717693772,0.0300229070417334,69.95116102354598,1647.7563311510833,400,43,357,416,16,0.04,0.3,0.000625,1.0,1e-08,1e+18,False,False,False,False,12,1.1,15.0,10.698413425551864,15.049583693369856,205.22159581867984,146.3696983946495,runs/functional_form/attempt_01/results_single.csv,False,runs/functional_form/attempt_01/results_single.csv,2,runs/functional_form/attempt_01/results_single.csv|runs/functional_form/attempt_02/results_single.csv,runs/functional_form/attempt_01/results_single.csv|runs/functional_form/attempt_02/results_single.csv,2,2,1,1.7954275790543761e-06,False,stable_reproduced,False
2021,0.073,0.002205502875,0.06803761853125,0.07796238146875,1816493182.1253996,1.64,0.069382975285,0.076617024715,0.00723404943,0.0,1.0,8000,0.000125,True,16341.093548463785,4.001698882552549e-06,0.1388104681153453,1.0856792225141427,7236.611140059991,6668.820566888472,True,tilde_q_mu,asymptotic,default,sidak_approx,observed,8.26**2 * RBF(length_scale=0.316),0.0327414600253253,0.4464744548907995,0.1209058539407253,0.3155576608867876,0.0297649636593866,68.22470706229504,1645.0097357374136,400,45,355,416,16,0.04,0.3,0.000625,1.0,1e-08,1e+18,False,False,False,False,12,1.1,15.0,10.601647779511865,14.845349056879057,202.43657804835075,143.07741987721852,runs/functional_form/attempt_02/results_single.csv,False,runs/functional_form/attempt_02/results_single.csv,2,runs/functional_form/attempt_02/results_single.csv|runs/functional_form/attempt_01/results_single.csv,runs/functional_form/attempt_01/results_single.csv|runs/functional_form/attempt_02/results_single.csv,2,2,1,8.596771294833161e-07,False,stable_reproduced,False
2021,0.074,0.0022167515,0.0690123091249999,0.078987690875,1829474701.9884825,1.64,0.07036452754,0.07763547246,0.0072709449199999,0.0,1.0,8000,0.000125,True,17573.658080163266,4.21525610676295e-06,0.0936168325338909,1.318806935387524,8753.215907028354,6633.582396235052,True,tilde_q_mu,asymptotic,default,sidak_approx,observed,8.33**2 * RBF(length_scale=0.315),0.0324677994146582,0.442742719290794,0.1198952951630456,0.315211773201495,0.0295161812860529,69.31863491225378,1644.821177508766,400,46,354,416,16,0.04,0.3,0.000625,1.0,1e-08,1e+18,False,False,False,False,12,1.1,15.0,10.679287071272997,14.646567021453794,199.72591392891536,142.19535802794994,runs/functional_form/attempt_02/results_single.csv,False,runs/functional_form/attempt_02/results_single.csv,2,runs/functional_form/attempt_02/results_single.csv|runs/functional_form/attempt_01/results_single.csv,runs/functional_form/attempt_01/results_single.csv|runs/functional_form/attempt_02/results_single.csv,2,2,1,5.255269570625387e-07,False,stable_reproduced,False
2021,0.075,0.002228171875,0.06998661328125,0.08001338671875,1838368958.6354597,1.64,0.071345798125,0.078654201875,0.0073084037499999,0.0,1.0,8000,0.000125,True,18410.16969835235,4.335945074326559e-06,0.0705482842897875,1.471719762791853,9666.062636565484,6605.941967431179,True,tilde_q_mu,asymptotic,default,sidak_approx,observed,8.24**2 * RBF(length_scale=0.315),0.032203817346461,0.4391429638153776,0.1189204767720596,0.3146873852207169,0.0292761975876918,67.92145761630428,1645.3261414405315,400,48,352,416,16,0.04,0.3,0.000625,1.0,1e-08,1e+18,False,False,False,False,12,1.1,15.0,10.748915882198316,14.45302209752604,197.08666496626415,141.23119888169168,runs/functional_form/attempt_01/results_single.csv,False,runs/functional_form/attempt_01/results_single.csv,2,runs/functional_form/attempt_01/results_single.csv|runs/functional_form/attempt_02/results_single.csv,runs/functional_form/attempt_01/results_single.csv|runs/functional_form/attempt_02/results_single.csv,2,2,1,6.951402156119002e-07,False,stable_reproduced,False
2021,0.076,0.002239764,0.070960531,0.081039469,1844398591.748667,1.64,0.0723267870399999,0.07967321296,0.00734642592,0.0,1.0,8000,0.000125,True,17378.372343579387,4.025878333270799e-06,0.0916273404050361,1.3308004470915025,8687.919347496498,6521.705296851604,True,tilde_q_mu,asymptotic,default,sidak_approx,observed,8.4**2 * RBF(length_scale=0.319),0.0319491359833398,0.4356700361364529,0.1179800035107226,0.3186333786969989,0.0290446690757635,70.49927765071153,1642.0329519099334,400,50,350,416,16,0.04,0.3,0.000625,1.0,1e-08,1e+18,False,False,False,False,12,1.1,15.0,10.97045994450266,14.264510003437811,194.51604550142468,142.2620323824291,runs/functional_form/attempt_02/results_single.csv,False,runs/functional_form/attempt_02/results_single.csv,2,runs/functional_form/attempt_02/results_single.csv|runs/functional_form/attempt_01/results_single.csv,runs/functional_form/attempt_01/results_single.csv|runs/functional_form/attempt_02/results_single.csv,2,2,1,6.081454557715915e-07,False,stable_reproduced,False
2021,0.077,0.002251527875,0.07193406228125,0.08206593771875,1847461207.5520144,1.64,0.073307494285,0.080692505715,0.00738501143,0.0,1.0,8000,0.000125,True,17379.553743799053,3.967276682630495e-06,0.0902951872296189,1.3389394839388338,8720.645244578955,6503.280134096276,True,tilde_q_mu,asymptotic,default,sidak_approx,observed,8.28**2 * RBF(length_scale=0.318),0.0317033968874435,0.4323190484651396,0.1170725517595489,0.3178918199053065,0.0288212698976759,68.52865052088029,1643.5527865176057,400,51,349,416,16,0.04,0.3,0.000625,1.0,1e-08,1e+18,False,False,False,False,12,1.1,15.0,11.029764511900986,14.080836946086476,192.0114129011792,141.1893778598262,runs/functional_form/attempt_01/results_single.csv,False,runs/functional_form/attempt_01/results_single.csv,2,runs/functional_form/attempt_01/results_single.csv|runs/functional_form/repairs/m077/round_01/results_single.csv,runs/functional_form/attempt_01/results_single.csv|runs/functional_form/attempt_02/results_single.csv|runs/functional_form/repairs/m077/round_01/results_single.csv,3,3,2,151.11680433852757,True,resolved_reproduced_max_lml,False
2021,0.078,0.0022634635,0.072907207125,0.083092792875,1847769944.3645077,1.64,0.07428791986,0.08171208014,0.00742416028,0.0,1.0,8000,0.000125,True,16210.401270281964,3.6523398866509302e-06,0.1235445352945938,1.157448740044538,7472.832669285116,6457.838285495054,True,tilde_q_mu,asymptotic,default,sidak_approx,observed,8.39**2 * RBF(length_scale=0.32),0.0314662597911359,0.4290853607882172,0.1161968649970184,0.3195730958917673,0.0286056907192144,70.35050886087936,1642.4418461499963,400,53,347,416,16,0.04,0.3,0.000625,1.0,1e-08,1e+18,False,False,False,False,12,1.1,15.0,11.171661577013053,13.901818956274722,189.57025849465532,141.1876515312782,runs/functional_form/attempt_02/results_single.csv,False,runs/functional_form/attempt_02/results_single.csv,2,runs/functional_form/attempt_02/results_single.csv|runs/functional_form/attempt_01/results_single.csv,runs/functional_form/attempt_01/results_single.csv|runs/functional_form/attempt_02/results_single.csv,2,2,1,4.80403969049803e-07,False,stable_reproduced,False
2021,0.079,0.002275570875,0.07387996553125,0.08412003446875,1845689661.7151537,1.64,0.075268063765,0.082731936235,0.0074638724699999,0.0,1.0,8000,0.000125,True,15183.66343769888,3.381510339910114e-06,0.1706112656319028,0.9517524717522788,6180.361891840681,6497.105230124664,True,tilde_q_mu,asymptotic,default,sidak_approx,observed,8.4**2 * RBF(length_scale=0.319),0.0312374014599871,0.4259645653634614,0.1153517496008941,0.3193969873331348,0.0283976376908974,70.49713983835404,1636.5261664150369,399,54,345,416,17,0.04,0.3,0.000625,1.0,1e-08,1e+18,False,False,False,False,12,1.1,15.0,11.24730834338077,13.727281273973578,187.1901991905488,140.3590592769978,runs/functional_form/attempt_01/results_single.csv,False,runs/functional_form/attempt_01/results_single.csv,2,runs/functional_form/attempt_01/results_single.csv|runs/functional_form/attempt_02/results_single.csv,runs/functional_form/attempt_01/results_single.csv|runs/functional_form/attempt_02/results_single.csv,2,2,1,8.763845471548848e-08,False,stable_reproduced,False
2021,0.08,0.00228785,0.0748523375,0.0851476625,1840971776.2432177,1.64,0.076247926,0.083752074,0.0075041479999999,0.0,1.0,8000,0.000125,True,13566.757988472138,2.991292502966334e-06,0.2455690866367277,0.6884996775541194,4379.05079820784,6385.99693323096,True,tilde_q_mu,asymptotic,default,sidak_approx,observed,8.64**2 * RBF(length_scale=0.322),0.0310165146400847,0.4229524723647926,0.1145360709609101,0.3215315035643374,0.0281968314909861,74.58592053871281,1640.421176661148,400,56,344,416,16,0.04,0.3,0.000625,1.0,1e-08,1e+18,False,False,False,False,12,1.1,15.0,11.40310760331788,13.55705777917468,184.8689697160183,140.53871694575145,runs/functional_form/attempt_02/results_single.csv,False,runs/functional_form/attempt_02/results_single.csv,2,runs/functional_form/attempt_02/results_single.csv|runs/functional_form/attempt_01/results_single.csv,runs/functional_form/attempt_01/results_single.csv|runs/functional_form/attempt_02/results_single.csv,2,2,1,3.350658062117873e-07,False,stable_reproduced,False
2021,0.081,0.002300300875,0.07582432303125,0.08617567696875,1834117166.8439004,1.64,0.077227506565,0.084772493435,0.0075449868699999,0.0,1.0,8000,0.000125,True,12645.041424232626,2.7639366443478187e-06,0.3025604812586251,0.5170504201065628,3119.160254274755,6412.410824689872,True,tilde_q_mu,asymptotic,default,sidak_approx,observed,8.58**2 * RBF(length_scale=0.321),0.030803307082474,0.4200450965791913,0.113748749876279,0.3214923255116535,0.0280030064386127,73.61032398750257,1634.1765905469158,399,57,342,416,17,0.04,0.3,0.000625,1.0,1e-08,1e+18,False,False,False,False,12,1.1,15.0,11.480636060146548,13.390990464442623,182.6044154242176,139.76098909741685,runs/functional_form/attempt_02/results_single.csv,False,runs/functional_form/attempt_02/results_single.csv,2,runs/functional_form/attempt_02/results_single.csv|runs/functional_form/attempt_01/results_single.csv,runs/functional_form/attempt_01/results_single.csv|runs/functional_form/attempt_02/results_single.csv,2,2,1,1.4557761005562497e-06,False,stable_reproduced,False
2021,0.082,0.0023129235,0.076795922125,0.087204077875,1825600864.265104,1.64,0.07820680546,0.08579319454,0.00758638908,0.0,1.0,8000,0.000125,True,10552.40958970166,2.289032067927343e-06,0.4828110541244277,0.043099637520808,145.29846987547722,6370.491722046721,True,tilde_q_mu,asymptotic,default,sidak_approx,observed,8.69**2 * RBF(length_scale=0.322),0.0305975006382008,0.4172386450663756,0.1129887592139169,0.3217663138460439,0.0278159096710917,75.50871952014197,1633.1422394732756,399,59,340,416,17,0.04,0.3,0.000625,1.0,1e-08,1e+18,False,False,False,False,12,1.1,15.0,11.567707748937888,13.228928945639955,180.39448562236305,139.11671261329823,runs/functional_form/attempt_01/results_single.csv,False,runs/functional_form/attempt_01/results_single.csv,2,runs/functional_form/attempt_01/results_single.csv|runs/functional_form/attempt_02/results_single.csv,runs/functional_form/attempt_01/results_single.csv|runs/functional_form/attempt_02/results_single.csv,2,2,1,1.3814531030220678e-06,False,stable_reproduced,False
2021,0.083,0.002325717875,0.07776713478125,0.08823286521875,1815668681.2943528,1.64,0.079185822685,0.086814177315,0.00762835463,0.0,1.0,8000,0.000125,True,8535.270680246223,1.8391727590722907e-06,0.4999026019832914,0.000244140625,-4228.235298306616,6364.125966757661,True,tilde_q_mu,asymptotic,default,sidak_approx,observed,8.44**2 * RBF(length_scale=0.317),0.030398830418065,0.4145295057008868,0.1122551208056255,0.317483394000193,0.0276353003800591,71.29383836478749,1637.1363480215653,399,60,339,416,17,0.04,0.3,0.000625,1.0,1e-08,1e+18,False,False,False,False,12,1.1,15.0,11.488327958587355,13.070730007639057,178.2372273768962,136.5098481690059,runs/functional_form/attempt_01/results_single.csv,False,runs/functional_form/attempt_01/results_single.csv,2,runs/functional_form/attempt_01/results_single.csv|runs/functional_form/attempt_02/results_single.csv,runs/functional_form/attempt_01/results_single.csv|runs/functional_form/attempt_02/results_single.csv,2,2,1,4.823118615604471e-07,False,stable_reproduced,False
2021,0.084,0.002338684,0.078737961,0.089262039,1803665927.1918256,1.64,0.08016455824,0.08783544176,0.00767088352,0.0,1.0,8000,0.000125,True,8032.654337757044,1.7216450315036887e-06,0.5,0.0,-5589.593673654064,6301.831231955475,True,tilde_q_mu,asymptotic,default,sidak_approx,observed,8.51**2 * RBF(length_scale=0.319),0.0302070440117673,0.4119142365241002,0.111546902564603,0.3194000062742311,0.0274609491016066,72.43609125744013,1636.567227598691,399,62,337,416,17,0.04,0.3,0.000625,1.0,1e-08,1e+18,False,False,False,False,12,1.1,15.0,11.631062170955474,12.916257182144893,176.13077975652126,136.57253663779764,runs/functional_form/attempt_02/results_single.csv,False,runs/functional_form/attempt_02/results_single.csv,2,runs/functional_form/attempt_02/results_single.csv|runs/functional_form/attempt_01/results_single.csv,runs/functional_form/attempt_01/results_single.csv|runs/functional_form/attempt_02/results_single.csv,2,2,1,2.358719939365983e-07,False,stable_reproduced,False
2021,0.085,0.002351821875,0.07970840078125,0.09029159921875,1790440672.4133158,1.64,0.081143012125,0.088856987875,0.0077139757499999,0.0,1.0,8000,0.000125,True,7407.706429737278,1.5806103600592818e-06,0.4999026019832914,0.000244140625,-7516.004869971652,6195.367332782638,True,tilde_q_mu,asymptotic,default,sidak_approx,observed,8.45**2 * RBF(length_scale=0.319),0.0300219007615834,0.4093895558397742,0.1108632158033061,0.3186840805342025,0.0272926370559849,71.4173238649202,1642.4850856707365,400,64,336,416,16,0.04,0.3,0.000625,1.0,1e-08,1e+18,False,False,False,False,12,1.1,15.0,11.676558768597223,12.76538035499965,174.07336847726796,135.50519447149992,runs/functional_form/attempt_02/results_single.csv,False,runs/functional_form/attempt_02/results_single.csv,2,runs/functional_form/attempt_02/results_single.csv|runs/functional_form/attempt_01/results_single.csv,runs/functional_form/attempt_01/results_single.csv|runs/functional_form/attempt_02/results_single.csv,2,2,1,9.34701347432565e-08,False,stable_reproduced,False
2021,0.086,0.0023651315,0.080678454125,0.091321545875,1775696555.8627672,1.64,0.0821211843399999,0.08987881566,0.00775763132,0.0,1.0,8000,0.000125,True,7222.78971192303,1.535881429198595e-06,0.5,0.0,-8477.74635146801,6213.451322076019,True,tilde_q_mu,asymptotic,default,sidak_approx,observed,8.42**2 * RBF(length_scale=0.318),0.0298431710861948,0.4069523329935665,0.1102032127365311,0.3184258635957859,0.0271301555329044,70.8693246693,1636.8180758583342,399,65,334,416,17,0.04,0.3,0.000625,1.0,1e-08,1e+18,False,False,False,False,12,1.1,15.0,11.73697154848919,12.61797540060452,172.0633009173344,134.6334711603925,runs/functional_form/attempt_02/results_single.csv,False,runs/functional_form/attempt_02/results_single.csv,2,runs/functional_form/attempt_02/results_single.csv|runs/functional_form/attempt_01/results_single.csv,runs/functional_form/attempt_01/results_single.csv|runs/functional_form/attempt_02/results_single.csv,2,2,1,8.078632163233124e-08,False,stable_reproduced,False
2021,0.087,0.002378612875,0.0816481210312499,0.09235187896875,1760136602.064715,1.64,0.083099074885,0.0909009251149999,0.0078018502299999,0.0,1.0,8000,0.000125,True,7081.764031857242,1.5017434520043904e-06,0.5,0.0,-8913.55857099642,6177.170661848073,True,tilde_q_mu,asymptotic,default,sidak_approx,observed,8.34**2 * RBF(length_scale=0.317),0.0296706358506726,0.4045995797818991,0.1095660841549239,0.3171518240582238,0.0269733053187932,69.51205586001493,1636.6612534777498,399,67,332,416,17,0.04,0.3,0.000625,1.0,1e-08,1e+18,False,False,False,False,12,1.1,15.0,11.757988882335926,12.47392384129452,170.098961472198,133.33477985913274,runs/functional_form/attempt_02/results_single.csv,False,runs/functional_form/attempt_02/results_single.csv,2,runs/functional_form/attempt_02/results_single.csv|runs/functional_form/attempt_01/results_single.csv,runs/functional_form/attempt_01/results_single.csv|runs/functional_form/attempt_02/results_single.csv,2,2,1,4.824778443435207e-08,False,stable_reproduced,False
2021,0.088,0.002392266,0.0826174014999999,0.0933825985,1743632625.119082,1.64,0.0840766837599999,0.09192331624,0.00784663248,0.0,1.0,8000,0.000125,True,7228.017066511276,1.529682973601152e-06,0.5,0.0,-7890.885120386691,6133.264098562133,True,tilde_q_mu,asymptotic,default,sidak_approx,observed,8.33**2 * RBF(length_scale=0.317),0.0295040857789749,0.4023284424405671,0.1089510572554845,0.3172019984793623,0.0268218961627044,69.42845735115831,1636.7502294247204,399,68,331,416,17,0.04,0.3,0.000625,1.0,1e-08,1e+18,False,False,False,False,12,1.1,15.0,11.8262331848271,12.33311252969984,168.17880722317963,132.5947860644938,runs/functional_form/attempt_01/results_single.csv,False,runs/functional_form/attempt_01/results_single.csv,2,runs/functional_form/attempt_01/results_single.csv|runs/functional_form/attempt_02/results_single.csv,runs/functional_form/attempt_01/results_single.csv|runs/functional_form/attempt_02/results_single.csv,2,2,1,1.3095773283566814e-06,False,stable_reproduced,False
2021,0.089,0.002406090875,0.08358629553125,0.09441370446875,1725874782.225614,1.64,0.085054010965,0.092945989035,0.00789197807,0.0,1.0,8000,0.000125,True,7894.5740688523565,1.6689730968918165e-06,0.5,0.0,-4823.625577903449,6069.090823412251,True,tilde_q_mu,asymptotic,default,sidak_approx,observed,8.59**2 * RBF(length_scale=0.32),0.0293433209056615,0.4001361941681125,0.1083573936168872,0.3202220724362294,0.0266757462778741,73.7514677596152,1634.9450271327712,399,70,329,416,17,0.04,0.3,0.000625,1.0,1e-08,1e+18,False,False,False,False,12,1.1,15.0,12.004240447504678,12.1954333523091,166.3013638951241,133.08810392966953,runs/functional_form/attempt_02/results_single.csv,False,runs/functional_form/attempt_02/results_single.csv,2,runs/functional_form/attempt_02/results_single.csv|runs/functional_form/attempt_01/results_single.csv,runs/functional_form/attempt_01/results_single.csv|runs/functional_form/attempt_02/results_single.csv,2,2,1,7.136090971471276e-07,False,stable_reproduced,False
2021,0.09,0.0024200875,0.084554803125,0.095445196875,1707421799.183081,1.64,0.0860310565,0.0939689435,0.007937887,0.0,1.0,8000,0.000125,True,9276.357721803912,1.9602618080329865e-06,0.5,0.0,-1259.515815901687,6075.238845096572,True,tilde_q_mu,asymptotic,default,sidak_approx,observed,8.65**2 * RBF(length_scale=0.321),0.0291881500637943,0.3980202281426503,0.1077843873084286,0.320595657884566,0.0265346818761766,74.90899398610685,1629.9777624551812,398,71,327,416,18,0.04,0.3,0.000625,1.0,1e-08,1e+18,False,False,False,False,12,1.1,15.0,12.082136856986496,12.060782952597524,164.46522208087532,132.47275475972089,runs/functional_form/attempt_01/results_single.csv,False,runs/functional_form/attempt_01/results_single.csv,2,runs/functional_form/attempt_01/results_single.csv|runs/functional_form/attempt_02/results_single.csv,runs/functional_form/attempt_01/results_single.csv|runs/functional_form/attempt_02/results_single.csv,2,2,1,1.6592925931036007e-06,False,stable_reproduced,False
2021,0.091,0.002434255875,0.08552292428125,0.09647707571875,1688209960.037576,1.64,0.087007820365,0.094992179635,0.0079843592699999,0.0,1.0,8000,0.000125,True,11954.694024538809,2.5269144363809295e-06,0.2941195994299107,0.5413894188316539,3140.511578015642,5990.756175961792,True,tilde_q_mu,asymptotic,default,sidak_approx,observed,8.63**2 * RBF(length_scale=0.32),0.0290383904062669,0.3959780509945498,0.1072313631224206,0.3197727106478187,0.0263985367329699,74.5274615500854,1636.892839516094,399,73,326,416,17,0.04,0.3,0.000625,1.0,1e-08,1e+18,False,False,False,False,12,1.1,15.0,12.11327407584846,11.929062472229626,162.66903371222216,131.36363926730533,runs/functional_form/attempt_02/results_single.csv,False,runs/functional_form/attempt_02/results_single.csv,2,runs/functional_form/attempt_02/results_single.csv|runs/functional_form/attempt_01/results_single.csv,runs/functional_form/attempt_01/results_single.csv|runs/functional_form/attempt_02/results_single.csv,2,2,1,7.246635504998267e-07,False,stable_reproduced,False
2021,0.092,0.002448596,0.086490659,0.097509341,1668257878.789034,1.64,0.08798430256,0.0960156974399999,0.0080313948799999,0.0,1.0,8000,0.000125,True,13536.871560753963,2.864093676396933e-06,0.1935787805282769,0.8647836238701818,5154.008123649895,5980.492203502257,True,tilde_q_mu,asymptotic,default,sidak_approx,observed,8.71**2 * RBF(length_scale=0.322),0.0288938669580575,0.3940072767007851,0.1066976749207735,0.3219169537064443,0.0262671517800523,75.78599425180745,1633.3219556087702,398,74,324,416,18,0.04,0.3,0.000625,1.0,1e-08,1e+18,False,False,False,False,12,1.1,15.0,12.255495243717773,11.800177308979343,160.9115087588092,131.47001535020246,runs/functional_form/attempt_02/results_single.csv,False,runs/functional_form/attempt_02/results_single.csv,2,runs/functional_form/attempt_02/results_single.csv|runs/functional_form/attempt_01/results_single.csv,runs/functional_form/attempt_01/results_single.csv|runs/functional_form/attempt_02/results_single.csv,2,2,1,3.7293375498848036e-08,False,stable_reproduced,False
2021,0.093,0.002463107875,0.08745800728125,0.09854199271875,1647188801.3305027,1.64,0.088960503085,0.097039496915,0.0080789938299999,0.0,1.0,8000,0.000125,True,13924.303097703072,2.9516649670468622e-06,0.1672786009683354,0.964975263150054,5715.3273482305285,5930.1288377314695,True,tilde_q_mu,asymptotic,default,sidak_approx,observed,8.77**2 * RBF(length_scale=0.323),0.0287544121970801,0.3921056208692741,0.106182704087187,0.3229426946144907,0.0261403747246182,76.85077566662157,1633.8131602817052,398,76,322,416,18,0.04,0.3,0.000625,1.0,1e-08,1e+18,False,False,False,False,12,1.1,15.0,12.354172348966074,11.674036890113918,159.19141213791704,131.11187613514113,runs/functional_form/attempt_02/results_single.csv,False,runs/functional_form/attempt_02/results_single.csv,2,runs/functional_form/attempt_02/results_single.csv|runs/functional_form/attempt_01/results_single.csv,runs/functional_form/attempt_01/results_single.csv|runs/functional_form/attempt_02/results_single.csv,2,2,1,2.9531870495702606e-06,False,stable_reproduced,False
2021,0.094,0.0024777915,0.088424969125,0.099575030875,1625450307.8031468,1.64,0.08993642194,0.09806357806,0.00812715612,0.0,1.0,8000,0.000125,True,12867.506978715734,2.7347194776416733e-06,0.2212451561075129,0.7679947360697793,4518.264091115152,5882.416131099057,True,tilde_q_mu,asymptotic,default,sidak_approx,observed,8.85**2 * RBF(length_scale=0.323),0.0286198656615447,0.3902708953847011,0.1056858580772325,0.3228412661562115,0.0260180596923134,78.36680532013888,1630.2078313725842,398,77,321,416,18,0.04,0.3,0.000625,1.0,1e-08,1e+18,False,False,False,False,12,1.1,15.0,12.408352889265968,11.550554460108833,157.50756081966588,130.29395982519577,runs/functional_form/attempt_01/results_single.csv,False,runs/functional_form/attempt_01/results_single.csv,2,runs/functional_form/attempt_01/results_single.csv|runs/functional_form/attempt_02/results_single.csv,runs/functional_form/attempt_01/results_single.csv|runs/functional_form/attempt_02/results_single.csv,2,2,1,2.59686385106761e-06,False,stable_reproduced,False
2021,0.095,0.002492646875,0.08939154453125,0.10060845546875,1603496027.5520115,1.64,0.090912059125,0.099087940875,0.00817588175,0.0,1.0,8000,0.000125,True,11410.692005652272,2.432430338825735e-06,0.3253769419287456,0.4527151292951165,2653.912461801558,5860.995324036336,True,tilde_q_mu,asymptotic,default,sidak_approx,observed,8.6**2 * RBF(length_scale=0.32),0.0284900735818755,0.3885010033892122,0.1052065690591188,0.3196452606407443,0.0259000668926141,74.02568630351716,1631.1356639100932,398,79,319,416,18,0.04,0.3,0.000625,1.0,1e-08,1e+18,False,False,False,False,12,1.1,15.0,12.341483980178316,11.429646881640853,155.85882111328436,128.23527626260514,runs/functional_form/attempt_01/results_single.csv,False,runs/functional_form/attempt_01/results_single.csv,2,runs/functional_form/attempt_01/results_single.csv|runs/functional_form/attempt_02/results_single.csv,runs/functional_form/attempt_01/results_single.csv|runs/functional_form/attempt_02/results_single.csv,2,2,1,5.433439582702704e-07,False,stable_reproduced,False
2021,0.096,0.002507674,0.0903577335,0.1016422665,1581239228.7143855,1.64,0.09188741464,0.10011258536,0.00822517072,0.0,1.0,8000,0.000125,True,9354.367903189454,2.00108508685705e-06,0.5,0.0,-312.3718307110338,5806.439387931973,True,tilde_q_mu,asymptotic,default,sidak_approx,observed,8.64**2 * RBF(length_scale=0.32),0.0283648885354218,0.3867939345739346,0.1047442926386298,0.3200622790704831,0.0257862623049289,74.64993971888332,1631.3808567496808,398,81,317,416,18,0.04,0.3,0.000625,1.0,1e-08,1e+18,False,False,False,False,12,1.1,15.0,12.412123761313948,11.311234448904392,154.24410612142353,127.63312897549008,runs/functional_form/attempt_02/results_single.csv,False,runs/functional_form/attempt_02/results_single.csv,2,runs/functional_form/attempt_02/results_single.csv|runs/functional_form/attempt_01/results_single.csv,runs/functional_form/attempt_01/results_single.csv|runs/functional_form/attempt_02/results_single.csv,2,2,1,2.8654994821408764e-07,False,stable_reproduced,False
2021,0.097,0.002522872875,0.09132353603125,0.10267646396875,1558363770.3660083,1.64,0.092862488485,0.101137511515,0.0082750230299999,0.0,1.0,8000,0.000125,True,8336.480861857004,1.7908619216332415e-06,0.4999026019832914,0.000244140625,-2206.45842938773,5752.477951654224,True,tilde_q_mu,asymptotic,default,sidak_approx,observed,8.7**2 * RBF(length_scale=0.321),0.02824416912233,0.3851477607590459,0.104298506662201,0.3210455755434823,0.0256765173839363,75.60499175448071,1631.1633771827355,398,82,316,416,18,0.04,0.3,0.000625,1.0,1e-08,1e+18,False,False,False,False,12,1.1,15.0,12.503470417850872,11.195240712368449,152.66237335047882,127.2539646071078,runs/functional_form/attempt_01/results_single.csv,False,runs/functional_form/attempt_01/results_single.csv,2,runs/functional_form/attempt_01/results_single.csv|runs/functional_form/attempt_02/results_single.csv,runs/functional_form/attempt_01/results_single.csv|runs/functional_form/attempt_02/results_single.csv,2,2,1,7.862663551350124e-07,False,stable_reproduced,False
2021,0.098,0.0025382435,0.092288952125,0.103711047875,1534811175.2125387,1.64,0.09383728066,0.10216271934,0.0083254386799999,0.0,1.0,8000,0.000125,True,8175.314872385527,1.764994604735404e-06,0.5,0.0,-2373.0613500102786,5696.718588168657,True,tilde_q_mu,asymptotic,default,sidak_approx,observed,8.75**2 * RBF(length_scale=0.322),0.0281277796610786,0.3835606317419815,0.1038687100926096,0.3220070231234312,0.0255707087827987,76.56110812132926,1631.2871553243735,398,84,314,416,18,0.04,0.3,0.000625,1.0,1e-08,1e+18,False,False,False,False,12,1.1,15.0,12.592807882589591,11.081592314164752,151.11262246588296,126.86214822314372,runs/functional_form/attempt_02/results_single.csv,False,runs/functional_form/attempt_02/results_single.csv,2,runs/functional_form/attempt_02/results_single.csv|runs/functional_form/attempt_01/results_single.csv,runs/functional_form/attempt_01/results_single.csv|runs/functional_form/attempt_02/results_single.csv,2,2,1,8.563847586628981e-08,False,stable_reproduced,False
2021,0.099,0.002553785875,0.09325398178125,0.10474601821875,1511028905.8514876,1.64,0.094811791165,0.103188208835,0.0083764176699999,0.0,1.0,8000,0.000125,True,8821.317861968946,1.9148970340691574e-06,0.5,0.0,-948.5512112172428,5689.317391823605,True,tilde_q_mu,asymptotic,default,sidak_approx,observed,8.73**2 * RBF(length_scale=0.322),0.0280155899022987,0.3820307713949833,0.1034544219521848,0.3217974239604169,0.0254687180929988,76.13551594055696,1625.9064290693827,397,85,312,416,19,0.04,0.3,0.000625,1.0,1e-08,1e+18,False,False,False,False,12,1.1,15.0,12.635006708440343,10.970218833361969,149.59389318220866,126.007989593261,runs/functional_form/attempt_02/results_single.csv,False,runs/functional_form/attempt_02/results_single.csv,2,runs/functional_form/attempt_02/results_single.csv|runs/functional_form/attempt_01/results_single.csv,runs/functional_form/attempt_01/results_single.csv|runs/functional_form/attempt_02/results_single.csv,2,2,1,4.4390571929397993e-07,False,stable_reproduced,False
2021,0.1,0.0025695,0.094218625,0.105781375,1487397833.440122,1.64,0.09578602,0.10421398,0.00842796,0.0,1.0,8000,0.000125,True,9546.34784211267,2.084155084895792e-06,0.4529113153793109,0.1183092470684119,558.1736195567383,5596.046800600528,True,tilde_q_mu,asymptotic,default,sidak_approx,observed,8.75**2 * RBF(length_scale=0.322),0.027907474759607,0.3805564739946421,0.1030551803288439,0.3224652408050216,0.0253704315996428,76.50317007921,1632.212065773453,398,87,311,416,18,0.04,0.3,0.000625,1.0,1e-08,1e+18,False,False,False,False,12,1.1,15.0,12.710278086461946,10.861052640438642,148.10526327870872,125.49727215606993,runs/functional_form/attempt_02/results_single.csv,False,runs/functional_form/attempt_02/results_single.csv,2,runs/functional_form/attempt_02/results_single.csv|runs/functional_form/attempt_01/results_single.csv,runs/functional_form/attempt_01/results_single.csv|runs/functional_form/attempt_02/results_single.csv,2,2,1,2.28809494728921e-06,False,stable_reproduced,False
2021,0.101,0.002585385875,0.09518288178125,0.10681711821875,1463545807.7925766,1.64,0.096759967165,0.105240032835,0.00848006567,0.0,1.0,8000,0.000125,True,10456.587965903564,2.297112280206367e-06,0.362610381696111,0.3514900132791357,1962.4423004845423,5583.899566459049,True,tilde_q_mu,asymptotic,default,sidak_approx,observed,8.8**2 * RBF(length_scale=0.323),0.0278033140562975,0.3791361007676941,0.1026705414406892,0.3233641647291253,0.0252757400511796,77.39518045358842,1626.3508145870992,397,88,309,416,19,0.04,0.3,0.000625,1.0,1e-08,1e+18,False,False,False,False,12,1.1,15.0,12.793459818559658,10.754028760328694,146.64584673175492,125.07384984809096,runs/functional_form/attempt_02/results_single.csv,False,runs/functional_form/attempt_02/results_single.csv,2,runs/functional_form/attempt_02/results_single.csv|runs/functional_form/attempt_01/results_single.csv,runs/functional_form/attempt_01/results_single.csv|runs/functional_form/attempt_02/results_single.csv,2,2,1,1.302405507885851e-07,False,stable_reproduced,False
2021,0.102,0.0026014435,0.096146752125,0.1078532478749999,1439773239.9828668,1.64,0.09773363266,0.1062663673399999,0.0085327346799999,0.0,1.0,8000,0.000125,True,10694.26520281002,2.3647030019348793e-06,0.3312246116136026,0.4365341560703425,2388.2802536890545,5535.94859172969,True,tilde_q_mu,asymptotic,default,sidak_approx,observed,8.89**2 * RBF(length_scale=0.324),0.0277029922867878,0.3777680766380165,0.1023000787550902,0.3238783942342404,0.0251845384425344,78.97511629352157,1626.7685718088917,397,90,307,416,19,0.04,0.3,0.000625,1.0,1e-08,1e+18,False,False,False,False,12,1.1,15.0,12.860207661667475,10.649084743446428,145.21479195608765,124.4994920067418,runs/functional_form/attempt_01/results_single.csv,False,runs/functional_form/attempt_01/results_single.csv,2,runs/functional_form/attempt_01/results_single.csv|runs/functional_form/attempt_02/results_single.csv,runs/functional_form/attempt_01/results_single.csv|runs/functional_form/attempt_02/results_single.csv,2,2,1,1.2408440852595959e-06,False,stable_reproduced,False
2021,0.103,0.002617672875,0.0971102360312499,0.10888976396875,1415306075.6792226,1.64,0.098707016485,0.107292983515,0.00858596703,0.0,1.0,8000,0.000125,True,11507.074880904987,2.5632871805292852e-06,0.2585848086397896,0.6477145105531381,3552.209413987401,5499.423968436195,True,tilde_q_mu,asymptotic,default,sidak_approx,observed,8.71**2 * RBF(length_scale=0.322),0.0276063983918545,0.3764508871616523,0.1019433821586847,0.3221350852047981,0.0250967258107768,75.80948493647578,1625.1758075660014,397,91,306,416,19,0.04,0.3,0.000625,1.0,1e-08,1e+18,False,False,False,False,12,1.1,15.0,12.835741508020527,10.546160544164444,143.81128014769695,123.0616278608908,runs/functional_form/attempt_02/results_single.csv,False,runs/functional_form/attempt_02/results_single.csv,2,runs/functional_form/attempt_02/results_single.csv|runs/functional_form/attempt_01/results_single.csv,runs/functional_form/attempt_01/results_single.csv|runs/functional_form/attempt_02/results_single.csv,2,2,1,9.346226761408616e-07,False,stable_reproduced,False
2021,0.104,0.002634074,0.0980733335,0.1099266664999999,1390650623.4117515,1.64,0.09968011864,0.10831988136,0.00863976272,0.0,1.0,8000,0.000125,True,11856.56944058888,2.6621198094206667e-06,0.2273897342766891,0.7474707234751021,4085.5057687208646,5461.8003600310285,True,tilde_q_mu,asymptotic,default,sidak_approx,observed,8.6**2 * RBF(length_scale=0.321),0.0275134255467139,0.3751830756370089,0.1016000571748166,0.3212291229926604,0.0250122050424672,74.02673068307772,1625.6270951097126,397,93,304,416,19,0.04,0.3,0.000625,1.0,1e-08,1e+18,False,False,False,False,12,1.1,15.0,12.842894996552998,10.445198406238394,142.4345237214326,121.95144213589307,runs/functional_form/attempt_02/results_single.csv,False,runs/functional_form/attempt_02/results_single.csv,2,runs/functional_form/attempt_02/results_single.csv|runs/functional_form/attempt_01/results_single.csv,runs/functional_form/attempt_01/results_single.csv|runs/functional_form/attempt_02/results_single.csv,2,2,1,2.5381518753420096e-07,False,stable_reproduced,False
2021,0.105,0.002650646875,0.0990360445312499,0.11096395546875,1366191403.4118524,1.64,0.100652939125,0.109347060875,0.00869412175,0.0,1.0,8000,0.000125,True,11456.58708158866,2.5934288351002905e-06,0.2624272758211695,0.6358801344883005,3541.4197252161457,5450.946064350101,True,tilde_q_mu,asymptotic,default,sidak_approx,observed,8.6**2 * RBF(length_scale=0.321),0.0274239709611162,0.3739632403788584,0.1012697242253318,0.321122072970926,0.0249308826919238,73.91628954039479,1620.2997178755636,396,94,302,416,20,0.04,0.3,0.000625,1.0,1e-08,1e+18,False,False,False,False,12,1.1,15.0,12.880493520389884,10.346142754725216,141.08376483716202,121.14856792115172,runs/functional_form/attempt_01/results_single.csv,False,runs/functional_form/attempt_01/results_single.csv,2,runs/functional_form/attempt_01/results_single.csv|runs/functional_form/attempt_02/results_single.csv,runs/functional_form/attempt_01/results_single.csv|runs/functional_form/attempt_02/results_single.csv,2,2,1,2.7652731660054997e-08,False,stable_reproduced,False
2021,0.106,0.0026673915,0.099998369125,0.112001630875,1341676381.151068,1.64,0.10162547794,0.11037452206,0.0087490441199999,0.0,1.0,8000,0.000125,True,10480.413849014669,2.3930111082918116e-06,0.3259302210171489,0.4511791410315208,2473.886123254487,5362.669879483102,True,tilde_q_mu,asymptotic,default,sidak_approx,observed,8.78**2 * RBF(length_scale=0.323),0.0273379356906521,0.3727900321452559,0.1009520179337844,0.3228542355310341,0.0248526688096837,77.08645253593362,1623.328471806184,397,96,301,416,19,0.04,0.3,0.000625,1.0,1e-08,1e+18,False,False,False,False,12,1.1,15.0,12.990726992074004,10.248940093965247,139.758274008617,121.03743883529438,runs/functional_form/attempt_02/results_single.csv,False,runs/functional_form/attempt_02/results_single.csv,2,runs/functional_form/attempt_02/results_single.csv|runs/functional_form/attempt_01/results_single.csv,runs/functional_form/attempt_01/results_single.csv|runs/functional_form/attempt_02/results_single.csv,2,2,1,7.716660093137762e-07,False,stable_reproduced,False
2021,0.107,0.002684307875,0.10096030728125,0.11303969271875,1317225676.2626095,1.64,0.102597735085,0.111402264915,0.0088045298299999,0.0,1.0,8000,0.000125,True,9766.676510099363,2.2502084956210506e-06,0.3849684481825436,0.2924574395540323,1563.5595964366164,5319.736063353082,True,tilde_q_mu,asymptotic,default,sidak_approx,observed,8.74**2 * RBF(length_scale=0.322),0.0272552244585561,0.3716621517075835,0.1006465864674015,0.3223397878650786,0.0247774767805055,76.44228667837763,1623.6817121189224,397,98,299,416,19,0.04,0.3,0.000625,1.0,1e-08,1e+18,False,False,False,False,12,1.1,15.0,13.00938714303182,10.153538911238387,138.45734878961437,120.08301688012544,runs/functional_form/attempt_02/results_single.csv,False,runs/functional_form/attempt_02/results_single.csv,2,runs/functional_form/attempt_02/results_single.csv|runs/functional_form/attempt_01/results_single.csv,runs/functional_form/attempt_01/results_single.csv|runs/functional_form/attempt_02/results_single.csv,2,2,1,1.443340806872584e-07,False,stable_reproduced,False
2021,0.108,0.002701396,0.101921859,0.114078141,1292640439.8447058,1.64,0.10356971056,0.11243028944,0.0088605788799999,0.0,1.0,8000,0.000125,True,8785.248655685285,2.0434898559541544e-06,0.5,0.0,71.7763933637358,5313.109058056646,True,tilde_q_mu,asymptotic,default,sidak_approx,observed,8.68**2 * RBF(length_scale=0.322),0.0271757454873275,0.3705783475544666,0.1003530909153006,0.3215137310507291,0.0247052231702977,75.42655644657486,1619.729053067343,396,99,297,416,20,0.04,0.3,0.000625,1.0,1e-08,1e+18,False,False,False,False,12,1.1,15.0,13.0139982478391,10.059889585728104,137.18031253265593,119.0176231292003,runs/functional_form/attempt_01/results_single.csv,False,runs/functional_form/attempt_01/results_single.csv,2,runs/functional_form/attempt_01/results_single.csv|runs/functional_form/attempt_02/results_single.csv,runs/functional_form/attempt_01/results_single.csv|runs/functional_form/attempt_02/results_single.csv,2,2,1,1.1017914403055329e-06,False,stable_reproduced,False
2021,0.109,0.002718655875,0.10288302428125,0.11511697571875,1268214292.8765628,1.64,0.104541404365,0.1134585956349999,0.0089171912699999,0.0,1.0,8000,0.000125,True,8150.081519935578,1.914532457447321e-06,0.4999026019832914,0.000244140625,-793.5091656058404,5226.877477335658,True,tilde_q_mu,asymptotic,default,sidak_approx,observed,8.71**2 * RBF(length_scale=0.322),0.0270994103395402,0.3695374137210039,0.1000712047006427,0.3221314505049941,0.0246358275814002,75.91927012118272,1625.7251130767615,397,101,296,416,19,0.04,0.3,0.000625,1.0,1e-08,1e+18,False,False,False,False,12,1.1,15.0,13.075730841215956,9.967944302454349,135.92651321528655,118.4892333992047,runs/functional_form/attempt_02/results_single.csv,False,runs/functional_form/attempt_02/results_single.csv,2,runs/functional_form/attempt_02/results_single.csv|runs/functional_form/attempt_01/results_single.csv,runs/functional_form/attempt_01/results_single.csv|runs/functional_form/attempt_02/results_single.csv,2,2,1,2.1155547074158676e-06,False,stable_reproduced,False
2021,0.11,0.0027360875,0.103843803125,0.116156196875,1243647528.4440663,1.64,0.1055128165,0.1144871835,0.008974367,0.0,1.0,8000,0.000125,True,7476.027089308383,1.774601287041058e-06,0.5,0.0,-2223.43514499447,5219.2543846776825,True,tilde_q_mu,asymptotic,default,sidak_approx,observed,8.65**2 * RBF(length_scale=0.321),0.0270261337672677,0.3685381877354698,0.0998006130245964,0.3211505826487479,0.0245692125156979,74.82475602208007,1620.275028243993,396,102,294,416,20,0.04,0.3,0.000625,1.0,1e-08,1e+18,False,False,False,False,12,1.1,15.0,13.071260726958805,9.87765697086361,134.69532232995832,117.37584512510944,runs/functional_form/attempt_02/results_single.csv,False,runs/functional_form/attempt_02/results_single.csv,2,runs/functional_form/attempt_02/results_single.csv|runs/functional_form/attempt_01/results_single.csv,runs/functional_form/attempt_01/results_single.csv|runs/functional_form/attempt_02/results_single.csv,2,2,1,1.5550635907857213e-06,False,stable_reproduced,False
2021,0.111,0.002753690875,0.10480419553125,0.11719580446875,1219296431.1209323,1.64,0.106483946965,0.115516053035,0.0090321060699999,0.0,1.0,8000,0.000125,True,7028.062455193081,1.6862550094376118e-06,0.5,0.0,-3218.0068092438432,5172.137711177254,True,tilde_q_mu,asymptotic,default,sidak_approx,observed,8.61**2 * RBF(length_scale=0.321),0.0269558335695793,0.3675795486760824,0.0995410123401082,0.3206068910192497,0.0245053032450721,74.12525956365918,1620.2136604621892,396,104,292,416,20,0.04,0.3,0.000625,1.0,1e-08,1e+18,False,False,False,False,12,1.1,15.0,13.083163583528451,9.788983147783204,133.4861338334073,116.42806167168264,runs/functional_form/attempt_01/results_single.csv,False,runs/functional_form/attempt_01/results_single.csv,2,runs/functional_form/attempt_01/results_single.csv|runs/functional_form/attempt_02/results_single.csv,runs/functional_form/attempt_01/results_single.csv|runs/functional_form/attempt_02/results_single.csv,2,2,1,2.0070460777787957e-06,False,stable_reproduced,False
2021,0.112,0.002771466,0.1057642015,0.1182357985,1195083180.8359652,1.64,0.10745479576,0.11654520424,0.00909040848,0.0,1.0,8000,0.000125,True,6525.41534308286,1.583113035032677e-06,0.5,0.0,-4636.41669511467,5134.579171468495,True,tilde_q_mu,asymptotic,default,sidak_approx,observed,8.47**2 * RBF(length_scale=0.319),0.0268884304576102,0.3666604153310482,0.0992921098536402,0.3187618920027045,0.0244440276887365,71.80516432861027,1621.2020028311815,396,105,291,416,20,0.04,0.3,0.000625,1.0,1e-08,1e+18,False,False,False,False,12,1.1,15.0,13.04048154672912,9.70187996447014,132.29836315186554,115.015624222958,runs/functional_form/attempt_02/results_single.csv,False,runs/functional_form/attempt_02/results_single.csv,2,runs/functional_form/attempt_02/results_single.csv|runs/functional_form/attempt_01/results_single.csv,runs/functional_form/attempt_01/results_single.csv|runs/functional_form/attempt_02/results_single.csv,2,2,1,4.755595455208095e-07,False,stable_reproduced,False
2021,0.113,0.002789412875,0.10672382103125,0.11927617896875,1171074447.656905,1.64,0.108425362885,0.117574637115,0.00914927423,0.0,1.0,8000,0.000125,True,6405.2093360070485,1.5717747278940349e-06,0.5,0.0,-4790.890833945279,5082.069077241059,True,tilde_q_mu,asymptotic,default,sidak_approx,observed,8.54**2 * RBF(length_scale=0.32),0.0268238479267369,0.3657797444555033,0.0990536230531478,0.3195332188113055,0.0243853162970335,72.97956153382874,1621.4216717873803,396,107,289,416,20,0.04,0.3,0.000625,1.0,1e-08,1e+18,False,False,False,False,12,1.1,15.0,13.103509297116492,9.616306057502122,131.1314462386653,114.5521416621788,runs/functional_form/repairs/m113/round_01/results_single.csv,False,runs/functional_form/repairs/m113/round_01/results_single.csv,2,runs/functional_form/repairs/m113/round_01/results_single.csv|runs/functional_form/attempt_01/results_single.csv,runs/functional_form/attempt_01/results_single.csv|runs/functional_form/attempt_02/results_single.csv|runs/functional_form/repairs/m113/round_01/results_single.csv,3,3,2,737.5567360907314,True,resolved_reproduced_max_lml,False
2021,0.114,0.0028075315,0.107683054125,0.120316945875,1146935681.7505815,1.64,0.10939564834,0.11860435166,0.00920870332,0.0,1.0,8000,0.000125,True,6334.342386087341,1.573176828290146e-06,0.5,0.0,-4930.527341622611,5059.990372522314,True,tilde_q_mu,asymptotic,default,sidak_approx,observed,8.55**2 * RBF(length_scale=0.32),0.0267620121354335,0.3649365291195483,0.0988252792607253,0.3199568131918952,0.0243291019413032,73.1599121567835,1616.1807494647635,395,108,287,416,21,0.04,0.3,0.000625,1.0,1e-08,1e+18,False,False,False,False,12,1.1,15.0,13.151197029953186,9.532221503279144,129.9848386810792,113.96374829343686,runs/functional_form/attempt_01/results_single.csv,False,runs/functional_form/attempt_01/results_single.csv,2,runs/functional_form/attempt_01/results_single.csv|runs/functional_form/attempt_02/results_single.csv,runs/functional_form/attempt_01/results_single.csv|runs/functional_form/attempt_02/results_single.csv,2,2,1,1.9208778212487232e-07,False,stable_reproduced,False
2021,0.115,0.002825821875,0.10864190078125,0.12135809921875,1123372222.1676126,1.64,0.110365652125,0.119634347875,0.00926869575,0.0,1.0,8000,0.000125,True,6284.427012914639,1.579661696816358e-06,0.5,0.0,-4660.879111355155,4979.265242459132,True,tilde_q_mu,asymptotic,default,sidak_approx,observed,8.6**2 * RBF(length_scale=0.32),0.026702851790388,0.3641297971416546,0.0986068152083701,0.3204777669014212,0.0242753198094436,73.90410399673704,1621.1960063273996,396,110,286,416,20,0.04,0.3,0.000625,1.0,1e-08,1e+18,False,False,False,False,12,1.1,15.0,13.201793814339297,9.4495877559119,128.85801485334406,113.4104628945946,runs/functional_form/attempt_01/results_single.csv,False,runs/functional_form/attempt_01/results_single.csv,2,runs/functional_form/attempt_01/results_single.csv|runs/functional_form/attempt_02/results_single.csv,runs/functional_form/attempt_01/results_single.csv|runs/functional_form/attempt_02/results_single.csv,2,2,1,4.6936747821746394e-08,False,stable_reproduced,False
2021,0.116,0.002844284,0.109600361,0.122399639,1099793946.70252,1.64,0.11133537424,0.12066462576,0.0093292515199999,0.0,1.0,8000,0.000125,True,6336.954819539296,1.6129883052174409e-06,0.5,0.0,-4410.8202571522725,4966.208150023572,True,tilde_q_mu,asymptotic,default,sidak_approx,observed,8.52**2 * RBF(length_scale=0.32),0.0266462980375249,0.3633586096026131,0.0983979766355584,0.3196018968388561,0.0242239073068408,72.60469634935478,1615.7656032079194,395,111,284,416,21,0.04,0.3,0.000625,1.0,1e-08,1e+18,False,False,False,False,12,1.1,15.0,13.193655870231964,9.368367588301648,127.75046711320428,112.36638002353354,runs/functional_form/attempt_01/results_single.csv,False,runs/functional_form/attempt_01/results_single.csv,2,runs/functional_form/attempt_01/results_single.csv|runs/functional_form/attempt_02/results_single.csv,runs/functional_form/attempt_01/results_single.csv|runs/functional_form/attempt_02/results_single.csv,2,2,1,8.825845725368708e-07,False,stable_reproduced,False
2021,0.117,0.002862917875,0.11055843478125,0.12344156521875,1076409135.485572,1.64,0.112304814685,0.121695185315,0.00939037063,0.0,1.0,8000,0.000125,True,6695.500845546543,1.7263933504315238e-06,0.4999026019832914,0.000244140625,-2963.449024798313,4910.114064989289,True,tilde_q_mu,asymptotic,default,sidak_approx,observed,8.67**2 * RBF(length_scale=0.321),0.0265922843585697,0.3626220594350426,0.0981985179072823,0.3212564945131815,0.0241748039623361,75.1637602581927,1616.460503229985,395,113,282,416,21,0.04,0.3,0.000625,1.0,1e-08,1e+18,False,False,False,False,12,1.1,15.0,13.288897606520088,9.288525036216694,126.66170503931852,112.21296192898356,runs/functional_form/attempt_02/results_single.csv,False,runs/functional_form/attempt_02/results_single.csv,2,runs/functional_form/attempt_02/results_single.csv|runs/functional_form/attempt_01/results_single.csv,runs/functional_form/attempt_01/results_single.csv|runs/functional_form/attempt_02/results_single.csv,2,2,1,7.681701390538365e-07,False,stable_reproduced,False
2021,0.118,0.0028817235,0.1115161221249999,0.124483877875,1053178929.4199272,1.64,0.11327397346,0.1227260265399999,0.0094520530799999,0.0,1.0,8000,0.000125,True,7256.802851757491,1.8961866193611704e-06,0.5,0.0,-1377.0391570786787,4864.182955981503,True,tilde_q_mu,asymptotic,default,sidak_approx,observed,8.67**2 * RBF(length_scale=0.321),0.0265407464728296,0.3619192700840412,0.0980082016513522,0.3209470088818956,0.024127951338936,75.10309112907495,1617.7522359340437,395,114,281,416,21,0.04,0.3,0.000625,1.0,1e-08,1e+18,False,False,False,False,12,1.1,15.0,13.301875669981673,9.21002534519002,125.59125470713664,111.3732836900888,runs/functional_form/attempt_01/results_single.csv,False,runs/functional_form/attempt_01/results_single.csv,2,runs/functional_form/attempt_01/results_single.csv|runs/functional_form/attempt_02/results_single.csv,runs/functional_form/attempt_01/results_single.csv|runs/functional_form/attempt_02/results_single.csv,2,2,1,8.644860827189405e-07,False,stable_reproduced,False
2021,0.119,0.002900700875,0.1124734230312499,0.12552657696875,1030627124.242168,1.64,0.114242850565,0.1237571494349999,0.0095142988699999,0.0,1.0,8000,0.000125,True,8003.078294264615,2.1189878091909565e-06,0.4957995234417252,0.0105292278578358,120.32983705650231,4818.307404835036,True,tilde_q_mu,asymptotic,default,sidak_approx,observed,8.68**2 * RBF(length_scale=0.321),0.0264916222438949,0.3612493942349304,0.0978267984138683,0.3214304940585162,0.0240832929489953,75.42765071524559,1620.1191793348908,395,116,279,416,21,0.04,0.3,0.000625,1.0,1e-08,1e+18,False,False,False,False,12,1.1,15.0,13.346617289390434,9.13283492007596,124.53865800103584,110.81132040494046,runs/functional_form/attempt_01/results_single.csv,False,runs/functional_form/attempt_01/results_single.csv,2,runs/functional_form/attempt_01/results_single.csv|runs/functional_form/attempt_02/results_single.csv,runs/functional_form/attempt_01/results_single.csv|runs/functional_form/attempt_02/results_single.csv,2,2,1,3.4448567021172494e-07,False,stable_reproduced,False
2021,0.12,0.00291985,0.1134303374999999,0.1265696624999999,1008026180.837055,1.64,0.115211446,0.124788554,0.009577108,0.0,1.0,8000,0.000125,True,8772.357078816334,2.3549579967262346e-06,0.3864608854714071,0.2885552156391116,1358.7314751056415,4796.81186749639,True,tilde_q_mu,asymptotic,default,sidak_approx,observed,8.69**2 * RBF(length_scale=0.322),0.0264448515909636,0.3606116126040493,0.0976540863317667,0.3216624696022896,0.0240407741736032,75.53188907463007,1614.873012449788,394,117,277,416,22,0.04,0.3,0.000625,1.0,1e-08,1e+18,False,False,False,False,12,1.1,15.0,13.3798715165951,9.05692127710794,123.5034719605628,110.16403911238238,runs/functional_form/attempt_01/results_single.csv,False,runs/functional_form/attempt_01/results_single.csv,2,runs/functional_form/attempt_01/results_single.csv|runs/functional_form/attempt_02/results_single.csv,runs/functional_form/attempt_01/results_single.csv|runs/functional_form/attempt_02/results_single.csv,2,2,1,1.4090132935962174e-06,False,stable_reproduced,False
2021,0.121,0.002939170875,0.1143868655312499,0.12761313446875,985440224.1699862,1.64,0.116179759765,0.125820240235,0.0096404804699999,0.0,1.0,8000,0.000125,True,9465.048713351014,2.577668828352267e-06,0.2980623588742672,0.52998155741723,2497.014597431671,4724.490543139257,True,tilde_q_mu,asymptotic,default,sidak_approx,observed,8.74**2 * RBF(length_scale=0.322),0.0264003764045369,0.3600051327891407,0.0974898508215015,0.3220075089656111,0.0240003421859427,76.34027640052852,1619.1479112925103,395,119,276,416,21,0.04,0.3,0.000625,1.0,1e-08,1e+18,False,False,False,False,12,1.1,15.0,13.41678824705319,8.982252998317762,122.48526815887854,109.55726041808,runs/functional_form/attempt_01/results_single.csv,False,runs/functional_form/attempt_01/results_single.csv,2,runs/functional_form/attempt_01/results_single.csv|runs/functional_form/attempt_02/results_single.csv,runs/functional_form/attempt_01/results_single.csv|runs/functional_form/attempt_02/results_single.csv,2,2,1,3.284958438598551e-08,False,stable_reproduced,False
2021,0.122,0.0029586635,0.115343007125,0.128656992875,963312661.4875358,1.64,0.11714779186,0.12685220814,0.00970441628,0.0,1.0,8000,0.000125,True,10112.001732525034,2.794022879857324e-06,0.2281855079921859,0.7448357566819113,3448.792134861343,4684.74412867042,True,tilde_q_mu,asymptotic,default,sidak_approx,observed,8.66**2 * RBF(length_scale=0.321),0.0263581404662262,0.3594291881758127,0.0973338842829142,0.3208557902581979,0.0239619458783875,74.95868893711545,1620.2128336344354,395,121,274,416,21,0.04,0.3,0.000625,1.0,1e-08,1e+18,False,False,False,False,12,1.1,15.0,13.390222642460516,8.908799688178892,121.48363211153033,108.44619209254375,runs/functional_form/attempt_01/results_single.csv,False,runs/functional_form/attempt_01/results_single.csv,2,runs/functional_form/attempt_01/results_single.csv|runs/functional_form/attempt_02/results_single.csv,runs/functional_form/attempt_01/results_single.csv|runs/functional_form/attempt_02/results_single.csv,2,2,1,3.860782271658536e-07,False,stable_reproduced,False
2021,0.123,0.002978327875,0.11629876228125,0.12970123771875,941612336.1342888,1.64,0.118115542285,0.127884457715,0.00976891543,0.0,1.0,8000,0.000125,True,10037.06461883716,2.814163922998992e-06,0.2340585511138189,0.7255460540776698,3379.882230104017,4659.956224546348,True,tilde_q_mu,asymptotic,default,sidak_approx,observed,8.75**2 * RBF(length_scale=0.322),0.026318089372443,0.3588830368969509,0.0971859858174404,0.3220467512848269,0.02392553579313,76.56293770464787,1615.700984336799,394,122,272,416,22,0.04,0.3,0.000625,1.0,1e-08,1e+18,False,False,False,False,12,1.1,15.0,13.460377818468706,8.836531932349143,120.49816271385194,108.13005310398437,runs/functional_form/attempt_01/results_single.csv,False,runs/functional_form/attempt_01/results_single.csv,2,runs/functional_form/attempt_01/results_single.csv|runs/functional_form/attempt_02/results_single.csv,runs/functional_form/attempt_01/results_single.csv|runs/functional_form/attempt_02/results_single.csv,2,2,1,9.469943051954033e-07,False,stable_reproduced,False
2021,0.124,0.002998164,0.117254131,0.130745869,920037116.668702,1.64,0.1190830110399999,0.12891698896,0.00983397792,0.0,1.0,8000,0.000125,True,9692.51261365894,2.7588574652921634e-06,0.2512009265100229,0.6707153959046018,3079.422982724119,4590.985183962506,True,tilde_q_mu,asymptotic,default,sidak_approx,observed,8.71**2 * RBF(length_scale=0.321),0.0262801704617562,0.3583659608421308,0.0970459609598579,0.3214080996813057,0.023891064056142,75.83058352854282,1622.03398033032,395,124,271,416,21,0.04,0.3,0.000625,1.0,1e-08,1e+18,False,False,False,False,12,1.1,15.0,13.45306759573466,8.765421258395557,119.52847170539395,107.20164063116816,runs/functional_form/attempt_02/results_single.csv,False,runs/functional_form/attempt_02/results_single.csv,2,runs/functional_form/attempt_02/results_single.csv|runs/functional_form/attempt_01/results_single.csv,runs/functional_form/attempt_01/results_single.csv|runs/functional_form/attempt_02/results_single.csv,2,2,1,1.0843850759556517e-06,False,stable_reproduced,False
2021,0.125,0.003018171875,0.11820911328125,0.13179088671875,898531012.9433209,1.64,0.120050198125,0.129949801875,0.00989960375,0.0,1.0,8000,0.000125,True,9776.09313113076,2.826455600953248e-06,0.242149859480475,0.699403791610524,3206.9844795500544,4581.50373797432,True,tilde_q_mu,asymptotic,default,sidak_approx,observed,8.56**2 * RBF(length_scale=0.319),0.0262443327457108,0.3578772647142392,0.0969136214228183,0.3191475249282567,0.0238584843142826,73.2133302857107,1617.7491530536654,394,125,269,416,22,0.04,0.3,0.000625,1.0,1e-08,1e+18,False,False,False,False,12,1.1,15.0,13.376689010257149,8.695440098390975,118.57418315987692,105.74199818499623,runs/functional_form/attempt_01/results_single.csv,False,runs/functional_form/attempt_01/results_single.csv,2,runs/functional_form/attempt_01/results_single.csv|runs/functional_form/attempt_02/results_single.csv,runs/functional_form/attempt_01/results_single.csv|runs/functional_form/attempt_02/results_single.csv,2,2,1,7.134212864912115e-08,False,stable_reproduced,False
2021,0.126,0.0030383515,0.119163709125,0.132836290875,877660484.0400469,1.64,0.12101710354,0.13098289646,0.0099657929199999,0.0,1.0,8000,0.000125,True,9259.500002620702,2.7190072653260388e-06,0.2789574419948066,0.5859414164094374,2642.6536381952465,4531.694183021889,True,tilde_q_mu,asymptotic,default,sidak_approx,observed,8.57**2 * RBF(length_scale=0.32),0.0262105268429174,0.3574162751306931,0.0967887848534561,0.3197000416157539,0.0238277516753795,73.40783924864613,1616.6951384634012,394,127,267,416,22,0.04,0.3,0.000625,1.0,1e-08,1e+18,False,False,False,False,12,1.1,15.0,13.417129990744778,8.626561753278871,117.63493299925732,105.22154583357256,runs/functional_form/attempt_01/results_single.csv,False,runs/functional_form/attempt_01/results_single.csv,2,runs/functional_form/attempt_01/results_single.csv|runs/functional_form/attempt_02/results_single.csv,runs/functional_form/attempt_01/results_single.csv|runs/functional_form/attempt_02/results_single.csv,2,2,1,6.900593234604457e-07,False,stable_reproduced,False
2021,0.127,0.003058702875,0.12011791853125,0.13388208146875,857126402.643784,1.64,0.121983727285,0.132016272715,0.0100325454299999,0.0,1.0,8000,0.000125,True,9303.1632611003,2.775249099294363e-06,0.2671533455634032,0.6214452744417457,2793.401702949049,4483.5663124717785,True,tilde_q_mu,asymptotic,default,sidak_approx,observed,8.57**2 * RBF(length_scale=0.32),0.0261787049162304,0.3569823397667782,0.0966712746014036,0.3198759576896905,0.0237988226511185,73.49281231578725,1616.6842840216175,394,128,266,416,22,0.04,0.3,0.000625,1.0,1e-08,1e+18,False,False,False,False,12,1.1,15.0,13.440831186439231,8.558760358908806,116.71036853057464,104.57895740843756,runs/functional_form/attempt_02/results_single.csv,False,runs/functional_form/attempt_02/results_single.csv,2,runs/functional_form/attempt_02/results_single.csv|runs/functional_form/attempt_01/results_single.csv,runs/functional_form/attempt_01/results_single.csv|runs/functional_form/attempt_02/results_single.csv,2,2,1,1.421451543137664e-07,False,stable_reproduced,False
2021,0.128,0.003079226,0.1210717415,0.1349282585,836870911.2847852,1.64,0.12295006936,0.13304993064,0.01009986128,0.0,1.0,8000,0.000125,True,9164.493216118484,2.778177143345154e-06,0.2690432160431089,0.6157092486985662,2720.36264526848,4432.935559584739,True,tilde_q_mu,asymptotic,default,sidak_approx,observed,8.66**2 * RBF(length_scale=0.321),0.0261488206128557,0.3565748265389423,0.0965609194976257,0.3208994331908181,0.0237716551025961,74.9869051385943,1616.6924587010058,394,130,264,416,22,0.04,0.3,0.000625,1.0,1e-08,1e+18,False,False,False,False,12,1.1,15.0,13.499246552494863,8.492010853654708,115.80014800438238,104.21431658177023,runs/functional_form/attempt_01/results_single.csv,False,runs/functional_form/attempt_01/results_single.csv,2,runs/functional_form/attempt_01/results_single.csv|runs/functional_form/attempt_02/results_single.csv,runs/functional_form/attempt_01/results_single.csv|runs/functional_form/attempt_02/results_single.csv,2,2,1,2.6330098990001716e-07,False,stable_reproduced,False
2021,0.129,0.003099920875,0.12202517803125,0.13597482196875,816661383.882061,1.64,0.123916129765,0.134083870235,0.01016774047,0.0,1.0,8000,0.000125,True,9345.517516176536,2.8806569825772735e-06,0.2455168185828357,0.6886657454920563,3015.4959402852537,4410.077593673581,True,tilde_q_mu,asymptotic,default,sidak_approx,observed,8.64**2 * RBF(length_scale=0.321),0.0261208290072193,0.3561931228257187,0.096457553643445,0.3205473312968391,0.0237462081883812,74.60918908305197,1611.7032023396946,393,131,262,416,23,0.04,0.3,0.000625,1.0,1e-08,1e+18,False,False,False,False,12,1.1,15.0,13.49888490633546,8.426288947526562,114.90394019354402,103.40500426380692,runs/functional_form/attempt_02/results_single.csv,False,runs/functional_form/attempt_02/results_single.csv,2,runs/functional_form/attempt_02/results_single.csv|runs/functional_form/attempt_01/results_single.csv,runs/functional_form/attempt_01/results_single.csv|runs/functional_form/attempt_02/results_single.csv,2,2,1,3.1157469493336976e-08,False,stable_reproduced,False
2021,0.13,0.0031207875,0.122978228125,0.137021771875,796778619.4646972,1.64,0.1248819085,0.1351180915,0.010236183,0.0,1.0,8000,0.000125,True,9034.88343274434,2.832444778681088e-06,0.265159569527144,0.6275189184855314,2743.8185184579156,4338.425345140572,True,tilde_q_mu,asymptotic,default,sidak_approx,observed,8.66**2 * RBF(length_scale=0.321),0.0260946865464589,0.3558366347244401,0.0963610162092589,0.3208811800126566,0.0237224423149626,75.01356460460714,1617.3342503143076,394,133,261,416,22,0.04,0.3,0.000625,1.0,1e-08,1e+18,False,False,False,False,12,1.1,15.0,13.526481622436666,8.36157109269982,114.0214239913612,102.8205797455471,runs/functional_form/attempt_01/results_single.csv,False,runs/functional_form/attempt_01/results_single.csv,2,runs/functional_form/attempt_01/results_single.csv|runs/functional_form/attempt_02/results_single.csv,runs/functional_form/attempt_01/results_single.csv|runs/functional_form/attempt_02/results_single.csv,2,2,1,7.336316230066586e-07,False,stable_reproduced,False
2021,0.131,0.003141825875,0.12393089178125,0.13806910821875,777717056.7816086,1.64,0.125847405565,0.136152594435,0.0103051888699999,0.0,1.0,8000,0.000125,True,8291.602977636961,2.642807321486667e-06,0.3370832171509086,0.4204367386658071,1808.1016150427547,4308.836942597827,True,tilde_q_mu,asymptotic,default,sidak_approx,observed,8.75**2 * RBF(length_scale=0.322),0.0260703509983903,0.3555047863416871,0.0962711512423922,0.3221448113498999,0.0237003190894458,76.60262782084361,1610.5998061885357,393,134,259,416,23,0.04,0.3,0.000625,1.0,1e-08,1e+18,False,False,False,False,12,1.1,15.0,13.592425069642076,8.297834455383493,113.1522880279567,102.534266431904,runs/functional_form/attempt_02/results_single.csv,False,runs/functional_form/attempt_02/results_single.csv,2,runs/functional_form/attempt_02/results_single.csv|runs/functional_form/attempt_01/results_single.csv,runs/functional_form/attempt_01/results_single.csv|runs/functional_form/attempt_02/results_single.csv,2,2,1,4.2939791455864906e-07,False,stable_reproduced,False
2021,0.132,0.003163036,0.124883169,0.139116831,758729637.4451472,1.64,0.12681262096,0.13718737904,0.0103747580799999,0.0,1.0,8000,0.000125,True,7278.772712841592,2.3600276999545037e-06,0.4586951591528186,0.1037215577630793,439.848828270692,4256.890334700219,True,tilde_q_mu,asymptotic,default,sidak_approx,observed,8.88**2 * RBF(length_scale=0.324),0.0260477814018274,0.3551970191158293,0.0961878074836403,0.3236942927028863,0.0236798012743886,78.80875085760688,1609.9020705269595,393,136,257,416,23,0.04,0.3,0.000625,1.0,1e-08,1e+18,False,False,False,False,12,1.1,15.0,13.669637213255864,8.235056888959685,112.2962303039957,102.33658191145668,runs/functional_form/attempt_02/results_single.csv,False,runs/functional_form/attempt_02/results_single.csv,2,runs/functional_form/attempt_02/results_single.csv|runs/functional_form/attempt_01/results_single.csv,runs/functional_form/attempt_01/results_single.csv|runs/functional_form/attempt_02/results_single.csv,2,2,1,1.3530764135794016e-06,False,stable_reproduced,False
2021,0.133,0.003184417875,0.12583505978125,0.14016494021875,740120080.2932594,1.64,0.127777554685,0.138222445315,0.0104448906299999,0.0,1.0,8000,0.000125,True,6667.436246220488,2.1995050603830173e-06,0.5,0.0,-465.455987247753,4217.676058828274,True,tilde_q_mu,asymptotic,default,sidak_approx,observed,8.74**2 * RBF(length_scale=0.322),0.0260269380191233,0.3549127911698635,0.0961108381920171,0.3219935866679581,0.0236608527446575,76.43069032630119,1607.0227297764277,393,137,256,416,23,0.04,0.3,0.000625,1.0,1e-08,1e+18,False,False,False,False,12,1.1,15.0,13.608705913638794,8.173216908325301,111.45295784079954,101.11536843070826,runs/functional_form/attempt_02/results_single.csv,False,runs/functional_form/attempt_02/results_single.csv,2,runs/functional_form/attempt_02/results_single.csv|runs/functional_form/attempt_01/results_single.csv,runs/functional_form/attempt_01/results_single.csv|runs/functional_form/attempt_02/results_single.csv,2,2,1,6.02976797381416e-07,False,stable_reproduced,False
2021,0.134,0.0032059715,0.126786564125,0.141213435875,721731213.3148873,1.64,0.12874220674,0.13925779326,0.01051558652,0.0,1.0,8000,0.000125,True,6154.135896336738,2.066363480676101e-06,0.4999311292015692,0.0001726334915006,-1376.6360436119965,4178.167237648051,True,tilde_q_mu,asymptotic,default,sidak_approx,observed,8.67**2 * RBF(length_scale=0.321),0.0260077822908281,0.3546515766931113,0.0960401009773177,0.3212710360325304,0.0236434384462074,75.21755457924783,1608.7824917086973,393,139,254,416,23,0.04,0.3,0.000625,1.0,1e-08,1e+18,False,False,False,False,12,1.1,15.0,13.588168944355242,8.112293665376676,110.62218634604557,100.210197137601,runs/functional_form/attempt_02/results_single.csv,False,runs/functional_form/attempt_02/results_single.csv,2,runs/functional_form/attempt_02/results_single.csv|runs/functional_form/attempt_01/results_single.csv,runs/functional_form/attempt_01/results_single.csv|runs/functional_form/attempt_02/results_single.csv,2,2,1,8.693805284565315e-07,False,stable_reproduced,False
2021,0.135,0.003227696875,0.12773768203125,0.14226231796875,703839749.1336825,1.64,0.129706577125,0.140293422875,0.01058684575,0.0,1.0,8000,0.000125,True,5669.277951020533,1.937492872994925e-06,0.5,0.0,-2492.7850022808225,4152.78142623523,True,tilde_q_mu,asymptotic,default,sidak_approx,observed,8.72**2 * RBF(length_scale=0.322),0.025990276792342,0.3544128653501188,0.0959754576400479,0.3217324282807081,0.0236275243566745,76.0894907780607,1603.570032023982,392,140,252,416,24,0.04,0.3,0.000625,1.0,1e-08,1e+18,False,False,False,False,12,1.1,15.0,13.616848867614063,8.052266925574306,109.80363989419509,99.67863797021153,runs/functional_form/attempt_02/results_single.csv,False,runs/functional_form/attempt_02/results_single.csv,2,runs/functional_form/attempt_02/results_single.csv|runs/functional_form/attempt_01/results_single.csv,runs/functional_form/attempt_01/results_single.csv|runs/functional_form/attempt_02/results_single.csv,2,2,1,7.447797543136403e-07,False,stable_reproduced,False
2021,0.136,0.003249594,0.1286884135,0.1433115865,686424779.2721932,1.64,0.13067066584,0.14132933416,0.01065866832,0.0,1.0,8000,0.000125,True,5355.339139886398,1.8628377907888448e-06,0.5,0.0,-3134.281362369418,4085.9420662013663,True,tilde_q_mu,asymptotic,default,sidak_approx,observed,8.82**2 * RBF(length_scale=0.323),0.0259743851924713,0.3541961617155187,0.0959167740183841,0.3227356337567956,0.0236130774477012,77.76849275055083,1608.8306709789058,393,142,251,416,23,0.04,0.3,0.000625,1.0,1e-08,1e+18,False,False,False,False,12,1.1,15.0,13.667665067020488,7.993117045535957,108.99705062094486,99.31567874534346,runs/functional_form/attempt_01/results_single.csv,False,runs/functional_form/attempt_01/results_single.csv,2,runs/functional_form/attempt_01/results_single.csv|runs/functional_form/attempt_02/results_single.csv,runs/functional_form/attempt_01/results_single.csv|runs/functional_form/attempt_02/results_single.csv,2,2,1,1.7237198335351422e-07,False,stable_reproduced,False
2021,0.137,0.003271662875,0.12963875853125,0.14436124146875,669116428.5880822,1.64,0.131634472885,0.142365527115,0.0107310542299999,0.0,1.0,8000,0.000125,True,5329.127622230827,1.8877904410242225e-06,0.5,0.0,-3118.1948998595685,4065.905209200147,True,tilde_q_mu,asymptotic,default,sidak_approx,observed,8.78**2 * RBF(length_scale=0.322),0.0259600722137896,0.3540009847334957,0.0958639198417955,0.3222237560823731,0.0236000656488997,77.14312825829803,1604.8853956882222,392,143,249,416,24,0.04,0.3,0.000625,1.0,1e-08,1e+18,False,False,False,False,12,1.1,15.0,13.65351100611857,7.93482495160498,108.20215843097698,98.48929073487533,runs/functional_form/attempt_02/results_single.csv,False,runs/functional_form/attempt_02/results_single.csv,2,runs/functional_form/attempt_02/results_single.csv|runs/functional_form/attempt_01/results_single.csv,runs/functional_form/attempt_01/results_single.csv|runs/functional_form/attempt_02/results_single.csv,2,2,1,1.2455052456061821e-06,False,stable_reproduced,False
2021,0.138,0.0032939035,0.130588717125,0.145411282875,652262296.7982231,1.64,0.13259799826,0.14340200174,0.0108040034799999,0.0,1.0,8000,0.000125,True,5442.251231106191,1.96334737690116e-06,0.5,0.0,-2572.0413206620933,4025.5995743769063,True,tilde_q_mu,asymptotic,default,sidak_approx,observed,8.76**2 * RBF(length_scale=0.322),0.0259473035947063,0.3538268672005407,0.095816768590974,0.3221332403541672,0.0235884578133693,76.66580566548053,1604.01639210209,392,145,247,416,24,0.04,0.3,0.000625,1.0,1e-08,1e+18,False,False,False,False,12,1.1,15.0,13.656392584155704,7.877372119342997,107.41871071831358,97.79680563020962,runs/functional_form/attempt_02/results_single.csv,False,runs/functional_form/attempt_02/results_single.csv,2,runs/functional_form/attempt_02/results_single.csv|runs/functional_form/attempt_01/results_single.csv,runs/functional_form/attempt_01/results_single.csv|runs/functional_form/attempt_02/results_single.csv,2,2,1,2.411872856100672e-06,False,stable_reproduced,False
2021,0.139,0.003316315875,0.13153828928125,0.14646171071875,635785521.2448627,1.64,0.133561241965,0.144438758035,0.0108775160699999,0.0,1.0,8000,0.000125,True,5499.47768789172,2.0207655652444098e-06,0.5,0.0,-2216.488735741969,3982.0564288418714,True,tilde_q_mu,asymptotic,default,sidak_approx,observed,8.77**2 * RBF(length_scale=0.322),0.0259360460531648,0.3536733552704296,0.0957751973637809,0.3222189285083235,0.0235782236846953,76.87335726011061,1604.1548132487164,392,146,246,416,24,0.04,0.3,0.000625,1.0,1e-08,1e+18,False,False,False,False,12,1.1,15.0,13.66595434911735,7.820740553903008,106.64646209867738,97.16171216902656,runs/functional_form/attempt_01/results_single.csv,False,runs/functional_form/attempt_01/results_single.csv,2,runs/functional_form/attempt_01/results_single.csv|runs/functional_form/attempt_02/results_single.csv,runs/functional_form/attempt_01/results_single.csv|runs/functional_form/attempt_02/results_single.csv,2,2,1,1.2793016139767133e-06,False,stable_reproduced,False
2021,0.14,0.0033389,0.132487475,0.147512525,619834689.867921,1.64,0.134524204,0.145475796,0.010951592,0.0,1.0,8000,0.000125,True,5627.4719006060095,2.105859261272616e-06,0.5,0.0,-1718.346605054053,3942.0396311954946,True,tilde_q_mu,asymptotic,default,sidak_approx,observed,8.84**2 * RBF(length_scale=0.323),0.0259262672518869,0.3535400079802764,0.0957390867469023,0.3228960184513159,0.0235693338653517,78.06759535779882,1603.8382221723532,392,148,244,416,24,0.04,0.3,0.000625,1.0,1e-08,1e+18,False,False,False,False,12,1.1,15.0,13.699836418626626,7.764912771238112,105.88517415324698,96.70730433715173,runs/functional_form/attempt_01/results_single.csv,False,runs/functional_form/attempt_01/results_single.csv,2,runs/functional_form/attempt_01/results_single.csv|runs/functional_form/attempt_02/results_single.csv,runs/functional_form/attempt_01/results_single.csv|runs/functional_form/attempt_02/results_single.csv,2,2,1,1.0145458873012103e-06,False,stable_reproduced,False
2021,0.141,0.003361655875,0.13343627428125,0.1485637257187499,604132627.2786524,1.64,0.1354868843649999,0.146513115635,0.01102623127,0.0,1.0,8000,0.000125,True,5617.24696920886,2.1413715912670296e-06,0.5,0.0,-1679.2730731025968,3925.123474474087,True,tilde_q_mu,asymptotic,default,sidak_approx,observed,8.73**2 * RBF(length_scale=0.322),0.0259179357650831,0.3534263967965889,0.0957083206929198,0.321512086490213,0.0235617597864392,76.2847454035307,1601.183440087846,391,149,242,416,25,0.04,0.3,0.000625,1.0,1e-08,1e+18,False,False,False,False,12,1.1,15.0,13.645503960839807,7.709871780103963,105.13461518323584,95.64098719361424,runs/functional_form/attempt_01/results_single.csv,False,runs/functional_form/attempt_01/results_single.csv,2,runs/functional_form/attempt_01/results_single.csv|runs/functional_form/attempt_02/results_single.csv,runs/functional_form/attempt_01/results_single.csv|runs/functional_form/attempt_02/results_single.csv,2,2,1,1.1096199159510434e-07,False,stable_reproduced,False
2021,0.142,0.0033845835,0.1343846871249999,0.149615312875,588792286.6909375,1.64,0.1364492830599999,0.14755071694,0.01110143388,0.0,1.0,8000,0.000125,True,5697.572323544706,2.212887381707959e-06,0.5,0.0,-1260.6323932468,3865.234634451899,True,tilde_q_mu,asymptotic,default,sidak_approx,observed,8.73**2 * RBF(length_scale=0.322),0.0259110210465671,0.3533321051804605,0.0956827864025644,0.3217211108350444,0.0235554736786973,76.26427264790745,1606.1855902205712,392,151,241,416,24,0.04,0.3,0.000625,1.0,1e-08,1e+18,False,False,False,False,12,1.1,15.0,13.658019160361702,7.6556010648184945,104.39455997479764,95.05486002488766,runs/functional_form/attempt_02/results_single.csv,False,runs/functional_form/attempt_02/results_single.csv,2,runs/functional_form/attempt_02/results_single.csv|runs/functional_form/attempt_01/results_single.csv,runs/functional_form/attempt_01/results_single.csv|runs/functional_form/attempt_02/results_single.csv,2,2,1,3.132704478048254e-07,False,stable_reproduced,False
2021,0.143,0.003407682875,0.1353327135312499,0.15066728646875,573696429.0826498,1.64,0.137411400085,0.1485885999149999,0.0111771998299999,0.0,1.0,8000,0.000125,True,5862.516797802704,2.320522790084961e-06,0.5,0.0,-772.0933415361962,3823.315087423099,True,tilde_q_mu,asymptotic,default,sidak_approx,observed,8.78**2 * RBF(length_scale=0.322),0.025905493399191,0.3532567281707865,0.0956623742118505,0.3223978470061173,0.0235504485447191,77.04112097061638,1606.7400941511914,392,153,239,416,24,0.04,0.3,0.000625,1.0,1e-08,1e+18,False,False,False,False,12,1.1,15.0,13.689669069101914,7.602084568738228,103.66478957370308,94.60911089213876,runs/functional_form/attempt_01/results_single.csv,False,runs/functional_form/attempt_01/results_single.csv,2,runs/functional_form/attempt_01/results_single.csv|runs/functional_form/attempt_02/results_single.csv,runs/functional_form/attempt_01/results_single.csv|runs/functional_form/attempt_02/results_single.csv,2,2,1,1.8240825738757849e-06,False,stable_reproduced,False
2021,0.144,0.003430954,0.1362803534999999,0.1517196465,559083772.4170778,1.64,0.13837323544,0.14962676456,0.0112535291199999,0.0,1.0,8000,0.000125,True,5910.345530721727,2.3839295359451188e-06,0.5,0.0,-608.7826067640236,3802.670873164846,True,tilde_q_mu,asymptotic,default,sidak_approx,observed,8.74**2 * RBF(length_scale=0.322),0.0259013239455544,0.3531998719848339,0.0956469774839098,0.3220503746323758,0.0235466581323222,76.4211948159905,1601.5762236486944,391,154,237,416,25,0.04,0.3,0.000625,1.0,1e-08,1e+18,False,False,False,False,12,1.1,15.0,13.67711599763282,7.5493066784207805,102.94509106937429,93.86613012951378,runs/functional_form/attempt_01/results_single.csv,False,runs/functional_form/attempt_01/results_single.csv,2,runs/functional_form/attempt_01/results_single.csv|runs/functional_form/attempt_02/results_single.csv,runs/functional_form/attempt_01/results_single.csv|runs/functional_form/attempt_02/results_single.csv,2,2,1,1.9016074475075584e-06,False,stable_reproduced,False
2021,0.145,0.003454396875,0.1372276070312499,0.15277239296875,544779001.7566646,1.64,0.139334789125,0.1506652108749999,0.0113304217499999,0.0,1.0,8000,0.000125,True,6010.539241433465,2.4708421262616784e-06,0.5,0.0,-241.9628662770785,3741.151550200235,True,tilde_q_mu,asymptotic,default,sidak_approx,observed,8.78**2 * RBF(length_scale=0.323),0.0258984845999115,0.3531611536351575,0.095636492505252,0.3225567546372552,0.0235440769090105,77.04123090567427,1607.4340850759804,392,156,236,416,24,0.04,0.3,0.000625,1.0,1e-08,1e+18,False,False,False,False,12,1.1,15.0,13.700123215015926,7.49725220843698,102.235257387777,93.3757082087608,runs/functional_form/attempt_02/results_single.csv,False,runs/functional_form/attempt_02/results_single.csv,2,runs/functional_form/attempt_02/results_single.csv|runs/functional_form/attempt_01/results_single.csv,runs/functional_form/attempt_01/results_single.csv|runs/functional_form/attempt_02/results_single.csv,2,2,1,2.257032519992208e-06,False,stable_reproduced,False
2021,0.146,0.0034780115,0.138174474125,0.1538255258749999,530723198.11642635,1.64,0.1402960611399999,0.15170393886,0.01140787772,0.0,1.0,8000,0.000125,True,5951.482879282608,2.494159274517843e-06,0.5,0.0,-288.60729418101494,3721.587306971189,True,tilde_q_mu,asymptotic,default,sidak_approx,observed,8.74**2 * RBF(length_scale=0.322),0.0258969480412312,0.3531402005622441,0.0956308183862839,0.3220128297148307,0.0235426800374829,76.31953885137797,1602.3897162067233,391,157,234,416,25,0.04,0.3,0.000625,1.0,1e-08,1e+18,False,False,False,False,12,1.1,15.0,13.677832311450748,7.445906386805,101.53508709279544,92.58532633225356,runs/functional_form/attempt_02/results_single.csv,False,runs/functional_form/attempt_02/results_single.csv,2,runs/functional_form/attempt_02/results_single.csv|runs/functional_form/attempt_01/results_single.csv,runs/functional_form/attempt_01/results_single.csv|runs/functional_form/attempt_02/results_single.csv,2,2,1,1.3137632777215913e-06,False,stable_reproduced,False
2021,0.147,0.0035017978749999,0.13912095478125,0.1548790452187499,517058895.8195766,1.64,0.141257051485,0.1527429485149999,0.0114858970299999,0.0,1.0,8000,0.000125,True,5875.840050993892,2.510339952626578e-06,0.5,0.0,-309.58067415791567,3682.484262475716,True,tilde_q_mu,asymptotic,default,sidak_approx,observed,8.72**2 * RBF(length_scale=0.322),0.025896687687343,0.353136650281951,0.0956298569658356,0.3218080605555081,0.02354244335213,75.95147993289409,1603.552322778637,391,159,232,416,25,0.04,0.3,0.000625,1.0,1e-08,1e+18,False,False,False,False,12,1.1,15.0,13.669271950330147,7.3952548410130845,100.84438419563295,91.8979541489122,runs/functional_form/attempt_02/results_single.csv,False,runs/functional_form/attempt_02/results_single.csv,2,runs/functional_form/attempt_02/results_single.csv|runs/functional_form/attempt_01/results_single.csv,runs/functional_form/attempt_01/results_single.csv|runs/functional_form/attempt_02/results_single.csv,2,2,1,7.764447218505666e-07,False,stable_reproduced,False
2021,0.148,0.0035257559999999,0.140067049,0.155932951,503681799.08701915,1.64,0.1422177601599999,0.15378223984,0.01156447968,0.0,1.0,8000,0.000125,True,5685.102264316444,2.4765108230108263e-06,0.4999026019832914,0.000244140625,-539.0717739897052,3642.277366952956,True,tilde_q_mu,asymptotic,default,sidak_approx,observed,8.68**2 * RBF(length_scale=0.321),0.0258976776701328,0.3531501500472667,0.0956335127195648,0.3213781885414229,0.0235433433364844,75.27365604970569,1604.1787950775288,391,160,231,416,25,0.04,0.3,0.000625,1.0,1e-08,1e+18,False,False,False,False,12,1.1,15.0,13.6504906694111,7.345283584607923,100.16295797192622,91.15156821442632,runs/functional_form/attempt_01/results_single.csv,False,runs/functional_form/attempt_01/results_single.csv,2,runs/functional_form/attempt_01/results_single.csv|runs/functional_form/attempt_02/results_single.csv,runs/functional_form/attempt_01/results_single.csv|runs/functional_form/attempt_02/results_single.csv,2,2,1,1.2219290965731489e-06,False,stable_reproduced,False
2021,0.149,0.003549885875,0.14101275678125,0.15698724321875,490644352.2917579,1.64,0.143178187165,0.154821812835,0.0116436256699999,0.0,1.0,8000,0.000125,True,5497.929364075095,2.44211440502053e-06,0.5,0.0,-785.3616285095266,3605.194309302306,True,tilde_q_mu,asymptotic,default,sidak_approx,observed,8.65**2 * RBF(length_scale=0.321),0.0258998928117245,0.353180356523517,0.0956416926720024,0.3210307551478243,0.0235453571015678,74.86099250337595,1603.159999902393,391,162,229,416,25,0.04,0.3,0.000625,1.0,1e-08,1e+18,False,False,False,False,12,1.1,15.0,13.63456726364316,7.295979004317872,99.49062278615278,90.4341058986366,runs/functional_form/attempt_02/results_single.csv,False,runs/functional_form/attempt_02/results_single.csv,2,runs/functional_form/attempt_02/results_single.csv|runs/functional_form/attempt_01/results_single.csv,runs/functional_form/attempt_01/results_single.csv|runs/functional_form/attempt_02/results_single.csv,2,2,1,1.8826360701496014e-06,False,stable_reproduced,False
2021,0.15,0.0035741875,0.141958078125,0.158041921875,477946931.2512179,1.64,0.1441383325,0.1558616675,0.011723335,0.0,1.0,8000,0.000125,True,5418.680205526562,2.4543839738572587e-06,0.5,0.0,-863.0012655527042,3580.128275803776,True,tilde_q_mu,asymptotic,default,sidak_approx,observed,8.69**2 * RBF(length_scale=0.322),0.0259033086016125,0.3532269354765349,0.0956543063121079,0.3215272972024761,0.0235484623651023,75.53371552691341,1598.2639661011715,390,163,227,416,26,0.04,0.3,0.000625,1.0,1e-08,1e+18,False,False,False,False,12,1.1,15.0,13.653855280120704,7.247327847689178,98.82719792303423,89.95815054539699,runs/functional_form/attempt_02/results_single.csv,False,runs/functional_form/attempt_02/results_single.csv,2,runs/functional_form/attempt_02/results_single.csv|runs/functional_form/attempt_01/results_single.csv,runs/functional_form/attempt_01/results_single.csv|runs/functional_form/attempt_02/results_single.csv,2,2,1,1.2099094419681933e-06,False,stable_reproduced,False
2021,0.151,0.003598660875,0.14290301303125,0.15909698696875,465470649.96646106,1.64,0.145098196165,0.156901803835,0.0118036076699999,0.0,1.0,8000,0.000125,True,5423.112034636799,2.5055279356480808e-06,0.5,0.0,-710.6522933356002,3536.552572757384,True,tilde_q_mu,asymptotic,default,sidak_approx,observed,8.8**2 * RBF(length_scale=0.323),0.0259079011746969,0.3532895614731401,0.0956712655121596,0.3227227688927789,0.0235526374315426,77.39153960448748,1599.3555347101667,390,165,225,416,26,0.04,0.3,0.000625,1.0,1e-08,1e+18,False,False,False,False,12,1.1,15.0,13.702192369359668,7.199317211210392,98.17250742559624,89.67857214186067,runs/functional_form/attempt_02/results_single.csv,False,runs/functional_form/attempt_02/results_single.csv,2,runs/functional_form/attempt_02/results_single.csv|runs/functional_form/attempt_01/results_single.csv,runs/functional_form/attempt_01/results_single.csv|runs/functional_form/attempt_02/results_single.csv,2,2,1,1.6793128452263772e-06,False,stable_reproduced,False
2021,0.152,0.003623306,0.1438475615,0.1601524385,453362715.5960102,1.64,0.1460577781599999,0.15794222184,0.01188444368,0.0,1.0,8000,0.000125,True,5201.495724349309,2.4510872954461525e-06,0.5,0.0,-1049.743826299688,3500.575700992474,True,tilde_q_mu,asymptotic,default,sidak_approx,observed,8.73**2 * RBF(length_scale=0.322),0.0259136472901786,0.3533679175933457,0.0956924844498192,0.321963772861783,0.0235578611728897,76.20493774790035,1599.7497829467718,390,166,224,416,26,0.04,0.3,0.000625,1.0,1e-08,1e+18,False,False,False,False,12,1.1,15.0,13.666935656803073,7.151934528902247,97.5263799395761,88.85911729834109,runs/functional_form/attempt_01/results_single.csv,False,runs/functional_form/attempt_01/results_single.csv,2,runs/functional_form/attempt_01/results_single.csv|runs/functional_form/attempt_02/results_single.csv,runs/functional_form/attempt_01/results_single.csv|runs/functional_form/attempt_02/results_single.csv,2,2,1,2.56724888458848e-07,False,stable_reproduced,False
2021,0.153,0.003648122875,0.14479172353125,0.16120827646875,441644549.5313737,1.64,0.147017078485,0.158982921515,0.0119658430299999,0.0,1.0,8000,0.000125,True,5252.617633999986,2.524244412083669e-06,0.5,0.0,-810.9673923790725,3462.510849850583,True,tilde_q_mu,asymptotic,default,sidak_approx,observed,8.77**2 * RBF(length_scale=0.322),0.0259205243112793,0.3534616951538094,0.0957178795332425,0.3224160127668309,0.0235641130102539,76.95992330804117,1598.8436859301394,390,168,222,416,26,0.04,0.3,0.000625,1.0,1e-08,1e+18,False,False,False,False,12,1.1,15.0,13.68250154913665,7.105167561352867,96.88864856390272,88.37860560462369,runs/functional_form/attempt_02/results_single.csv,False,runs/functional_form/attempt_02/results_single.csv,2,runs/functional_form/attempt_02/results_single.csv|runs/functional_form/attempt_01/results_single.csv,runs/functional_form/attempt_01/results_single.csv|runs/functional_form/attempt_02/results_single.csv,2,2,1,2.4300397853949107e-06,False,stable_reproduced,False
2021,0.154,0.0036731115,0.145735499125,0.162264500875,430164399.9517347,1.64,0.1479760971399999,0.16002390286,0.01204780572,0.0,1.0,8000,0.000125,True,5511.18213804532,2.7015281652434473e-06,0.5,0.0,-259.9025918875338,3440.952190437926,True,tilde_q_mu,asymptotic,default,sidak_approx,observed,8.78**2 * RBF(length_scale=0.322),0.0259285101857464,0.3535705934419964,0.0957473693290902,0.3223789456292629,0.023571372896133,77.14603754326333,1595.8787646890248,389,169,220,416,27,0.04,0.3,0.000625,1.0,1e-08,1e+18,False,False,False,False,12,1.1,15.0,13.676714846004984,7.0590043851776345,96.25915070696774,87.76726370252112,runs/functional_form/attempt_02/results_single.csv,False,runs/functional_form/attempt_02/results_single.csv,2,runs/functional_form/attempt_02/results_single.csv|runs/functional_form/attempt_01/results_single.csv,runs/functional_form/attempt_01/results_single.csv|runs/functional_form/attempt_02/results_single.csv,2,2,1,1.5207097021630034e-06,False,stable_reproduced,False
2021,0.155,0.003698271875,0.14667888828125,0.16332111171875,419006242.6242384,1.64,0.148934834125,0.161065165875,0.01213033175,0.0,1.0,8000,0.000125,True,5880.960508324173,2.9404648585283345e-06,0.4438716681450995,0.1411602641631281,478.374927402857,3391.64518843394,True,tilde_q_mu,asymptotic,default,sidak_approx,observed,8.75**2 * RBF(length_scale=0.322),0.0259375834271065,0.3536943194605435,0.0957808744933012,0.3219193496534848,0.0235796212973695,76.52626433303784,1601.2685733870717,390,171,219,416,26,0.04,0.3,0.000625,1.0,1e-08,1e+18,False,False,False,False,12,1.1,15.0,13.652439349795522,7.01343338288414,95.63772794842008,87.04588535786996,runs/functional_form/attempt_01/results_single.csv,False,runs/functional_form/attempt_01/results_single.csv,2,runs/functional_form/attempt_01/results_single.csv|runs/functional_form/attempt_02/results_single.csv,runs/functional_form/attempt_01/results_single.csv|runs/functional_form/attempt_02/results_single.csv,2,2,1,1.616873078091885e-06,False,stable_reproduced,False
2021,0.156,0.003723604,0.147621891,0.164378109,408018948.64312065,1.64,0.14989328944,0.16210671056,0.01221342112,0.0,1.0,8000,0.000125,True,6562.254422434926,3.34786591255816e-06,0.3221888651807693,0.4615867051561961,1526.7822856850066,3371.5486711047247,True,tilde_q_mu,asymptotic,default,sidak_approx,observed,8.75**2 * RBF(length_scale=0.322),0.0259477230966391,0.353832587681443,0.0958183177045254,0.3219894715323353,0.0235888391787628,76.62997083512174,1597.2572554847227,389,172,217,416,27,0.04,0.3,0.000625,1.0,1e-08,1e+18,False,False,False,False,12,1.1,15.0,13.650077017025232,6.968443233125529,95.0242259062572,86.47253347357436,runs/functional_form/attempt_01/results_single.csv,False,runs/functional_form/attempt_01/results_single.csv,2,runs/functional_form/attempt_01/results_single.csv|runs/functional_form/attempt_02/results_single.csv,runs/functional_form/attempt_01/results_single.csv|runs/functional_form/attempt_02/results_single.csv,2,2,1,3.8243797462200746e-07,False,stable_reproduced,False
2021,0.157,0.003749107875,0.14856450728125,0.16543549271875,397354285.67265946,1.64,0.150851463085,0.163148536915,0.01229707383,0.0,1.0,8000,0.000125,True,7345.109740771052,3.823320073560993e-06,0.2156986916969404,0.786802681742492,2623.848153750261,3335.0459953248705,True,tilde_q_mu,asymptotic,default,sidak_approx,observed,8.84**2 * RBF(length_scale=0.323),0.0259589087860322,0.3539851198095312,0.0958596236000764,0.3229400802994935,0.023599007987302,78.11387406348585,1595.8715054831534,389,174,215,416,27,0.04,0.3,0.000625,1.0,1e-08,1e+18,False,False,False,False,12,1.1,15.0,13.68447692688006,6.924022901323501,94.41849410895684,86.13784694031871,runs/functional_form/attempt_01/results_single.csv,False,runs/functional_form/attempt_01/results_single.csv,2,runs/functional_form/attempt_01/results_single.csv|runs/functional_form/attempt_02/results_single.csv,runs/functional_form/attempt_01/results_single.csv|runs/functional_form/attempt_02/results_single.csv,2,2,1,3.283703335910104e-07,False,stable_reproduced,False
2021,0.158,0.0037747835,0.149506737125,0.166493262875,387039666.85970527,1.64,0.15180935506,0.16419064494,0.0123812898799999,0.0,1.0,8000,0.000125,True,7957.823804060117,4.225729341613518e-06,0.1494408773817044,1.0388344105647052,3429.051967803051,3301.160750709122,True,tilde_q_mu,asymptotic,default,sidak_approx,observed,8.81**2 * RBF(length_scale=0.323),0.0259711206006934,0.3541516445549109,0.0959047187143026,0.3226328217617342,0.023610109636994,77.62260559663753,1595.915535791083,389,175,214,416,27,0.04,0.3,0.000625,1.0,1e-08,1e+18,False,False,False,False,12,1.1,15.0,13.665028528974272,6.880161630645431,93.82038587243768,85.47054996974904,runs/functional_form/attempt_02/results_single.csv,False,runs/functional_form/attempt_02/results_single.csv,2,runs/functional_form/attempt_02/results_single.csv|runs/functional_form/attempt_01/results_single.csv,runs/functional_form/attempt_01/results_single.csv|runs/functional_form/attempt_02/results_single.csv,2,2,1,1.7148483948403737e-06,False,stable_reproduced,False
2021,0.159,0.003800630875,0.15044858053125,0.16755141946875,376812670.72105056,1.64,0.152766965365,0.165233034635,0.0124660692699999,0.0,1.0,8000,0.000125,True,8506.266491773811,4.610375347283887e-06,0.1047356199174393,1.2550207158768818,4109.231489198017,3272.304331678798,True,tilde_q_mu,asymptotic,default,sidak_approx,observed,8.74**2 * RBF(length_scale=0.322),0.0259843391436889,0.3543318974139398,0.0959535314192792,0.3218582924297472,0.0236221264942626,76.4064939321607,1595.6804870900194,389,177,212,416,27,0.04,0.3,0.000625,1.0,1e-08,1e+18,False,False,False,False,12,1.1,15.0,13.625288667720929,6.836848933320556,93.22975818164392,84.68549117644768,runs/functional_form/attempt_01/results_single.csv,False,runs/functional_form/attempt_01/results_single.csv,2,runs/functional_form/attempt_01/results_single.csv|runs/functional_form/attempt_02/results_single.csv,runs/functional_form/attempt_01/results_single.csv|runs/functional_form/attempt_02/results_single.csv,2,2,1,2.737747308856342e-07,False,stable_reproduced,False
2021,0.16,0.00382665,0.1513900375,0.1686099625,367005424.0565123,1.64,0.153724294,0.166275706,0.0125514119999999,0.0,1.0,8000,0.000125,True,8736.71679513358,4.831430255607638e-06,0.0880515458739816,1.3528514515077583,4399.887772400869,3252.3121869827996,True,tilde_q_mu,asymptotic,default,sidak_approx,observed,8.78**2 * RBF(length_scale=0.322),0.0259985455002782,0.3545256204583391,0.0960059918676979,0.3223720998634774,0.0236350413638892,77.1406370002986,1590.8861484234185,388,178,210,416,28,0.04,0.3,0.000625,1.0,1e-08,1e+18,False,False,False,False,12,1.1,15.0,13.639582639191511,6.7940745822790705,92.64647157653278,84.24394701984174,runs/functional_form/attempt_02/results_single.csv,False,runs/functional_form/attempt_02/results_single.csv,2,runs/functional_form/attempt_02/results_single.csv|runs/functional_form/attempt_01/results_single.csv,runs/functional_form/attempt_01/results_single.csv|runs/functional_form/attempt_02/results_single.csv,2,2,1,1.5155137589317746e-08,False,stable_reproduced,False
2021,0.161,0.003852840875,0.15233110803125,0.16966889196875,357410945.39902496,1.64,0.154681340965,0.167318659035,0.01263731807,0.0,1.0,8000,0.000125,True,8394.687292649134,4.737298173286913e-06,0.1007731584914097,1.277158437929788,4093.987512838667,3206.5177316785653,True,tilde_q_mu,asymptotic,default,sidak_approx,observed,8.76**2 * RBF(length_scale=0.322),0.0260137212230255,0.3547325621321662,0.0960620319378876,0.3222292020532969,0.0236488374754777,76.77917321033915,1596.1461065264846,389,180,209,416,27,0.04,0.3,0.000625,1.0,1e-08,1e+18,False,False,False,False,12,1.1,15.0,13.625583176654114,6.751828603101996,92.07039004229992,83.63418384188962,runs/functional_form/attempt_02/results_single.csv,False,runs/functional_form/attempt_02/results_single.csv,2,runs/functional_form/attempt_02/results_single.csv|runs/functional_form/attempt_01/results_single.csv,runs/functional_form/attempt_01/results_single.csv|runs/functional_form/attempt_02/results_single.csv,2,2,1,1.5735304259578697e-07,False,stable_reproduced,False
2021,0.162,0.0038792035,0.153271792125,0.170728207875,348034765.9525295,1.64,0.15563810626,0.16836189374,0.01272378748,0.0,1.0,8000,0.000125,True,7991.678381543777,4.602780627347013e-06,0.1251896259008322,1.1494286989173057,3665.5690773014744,3188.870493238794,True,tilde_q_mu,asymptotic,default,sidak_approx,observed,8.76**2 * RBF(length_scale=0.322),0.0260298483174566,0.3549524770562273,0.0961215851808485,0.3222049569696668,0.0236634984704151,76.79454820512461,1591.4000308392112,388,181,207,416,28,0.04,0.3,0.000625,1.0,1e-08,1e+18,False,False,False,False,12,1.1,15.0,13.616116711250347,6.710101266266818,91.50138090363842,83.0595654416343,runs/functional_form/attempt_02/results_single.csv,False,runs/functional_form/attempt_02/results_single.csv,2,runs/functional_form/attempt_02/results_single.csv|runs/functional_form/attempt_01/results_single.csv,runs/functional_form/attempt_01/results_single.csv|runs/functional_form/attempt_02/results_single.csv,2,2,1,2.765964381978847e-06,False,stable_reproduced,False
2021,0.163,0.003905737875,0.15421208978125,0.17178791021875,338899709.6922806,1.64,0.156594589885,0.169405410115,0.01281082023,0.0,1.0,8000,0.000125,True,7336.783091259104,4.312874296906406e-06,0.1741901357544427,0.937735663040244,2955.966810584743,3158.4777741533076,True,tilde_q_mu,asymptotic,default,sidak_approx,observed,8.77**2 * RBF(length_scale=0.322),0.0260469092282431,0.3551851258396787,0.0961845867692335,0.322153679568285,0.0236790083893119,76.90234129867402,1591.7053498267617,388,183,205,416,28,0.04,0.3,0.000625,1.0,1e-08,1e+18,False,False,False,False,12,1.1,15.0,13.605032536484792,6.668883079677514,90.93931472287518,82.48215571002315,runs/functional_form/attempt_02/results_single.csv,False,runs/functional_form/attempt_02/results_single.csv,2,runs/functional_form/attempt_02/results_single.csv|runs/functional_form/attempt_01/results_single.csv,runs/functional_form/attempt_01/results_single.csv|runs/functional_form/attempt_02/results_single.csv,2,2,1,3.7742415770480875e-06,False,stable_reproduced,False
2021,0.164,0.003932444,0.155152001,0.172847999,329984866.4340829,1.64,0.15755079184,0.17044920816,0.0128984163199999,0.0,1.0,8000,0.000125,True,6514.041332514341,3.908701999084787e-06,0.2678670179745342,0.6192767838902571,1952.9439977392776,3140.5959760835945,True,tilde_q_mu,asymptotic,default,sidak_approx,observed,8.74**2 * RBF(length_scale=0.322),0.0260648868258862,0.3554302748984483,0.096250973448177,0.3218337053895201,0.0236953516598965,76.3858592177638,1586.856542288686,387,184,203,416,29,0.04,0.3,0.000625,1.0,1e-08,1e+18,False,False,False,False,12,1.1,15.0,13.582145140061831,6.6281647814657285,90.38406520180536,81.84063279464884,runs/functional_form/attempt_01/results_single.csv,False,runs/functional_form/attempt_01/results_single.csv,2,runs/functional_form/attempt_01/results_single.csv|runs/functional_form/attempt_02/results_single.csv,runs/functional_form/attempt_01/results_single.csv|runs/functional_form/attempt_02/results_single.csv,2,2,1,9.429720648768125e-07,False,stable_reproduced,False
2021,0.165,0.003959321875,0.15609152578125,0.17390847421875,321257494.71634173,1.64,0.158506712125,0.171493287875,0.01298657575,0.0,1.0,8000,0.000125,True,5807.018593881066,3.5574264208185893e-06,0.36352288189407,0.3490580041607802,1082.4996504902397,3097.014670299071,True,tilde_q_mu,asymptotic,default,sidak_approx,observed,8.71**2 * RBF(length_scale=0.321),0.0260837643938859,0.3556876962802624,0.0963206834879114,0.3214672616806256,0.0237125130853508,75.90244261950225,1592.3054776280844,388,186,202,416,28,0.04,0.3,0.000625,1.0,1e-08,1e+18,False,False,False,False,12,1.1,15.0,13.556861751579692,6.587937333053001,89.83550908708638,81.19250513842742,runs/functional_form/attempt_02/results_single.csv,False,runs/functional_form/attempt_02/results_single.csv,2,runs/functional_form/attempt_02/results_single.csv|runs/functional_form/attempt_01/results_single.csv,runs/functional_form/attempt_01/results_single.csv|runs/functional_form/attempt_02/results_single.csv,2,2,1,1.1218571671633981e-07,False,stable_reproduced,False
2021,0.166,0.0039863715,0.157030664125,0.174969335875,312800005.7109213,1.64,0.15946235074,0.17253764926,0.01307529852,0.0,1.0,8000,0.000125,True,5069.030555814581,3.1700783111922372e-06,0.4982113529853177,0.0044834882012224,13.395032154149034,3076.638749154795,True,tilde_q_mu,asymptotic,default,sidak_approx,observed,8.76**2 * RBF(length_scale=0.322),0.0261035256163684,0.3559571674959338,0.09639365663808,0.3220203051483613,0.0237304778330622,76.69047216903711,1589.3979217645808,387,187,200,416,29,0.04,0.3,0.000625,1.0,1e-08,1e+18,False,False,False,False,12,1.1,15.0,13.569903961213528,6.548191912461868,89.29352607902545,80.78030488336606,runs/functional_form/attempt_02/results_single.csv,False,runs/functional_form/attempt_02/results_single.csv,2,runs/functional_form/attempt_02/results_single.csv|runs/functional_form/attempt_01/results_single.csv,runs/functional_form/attempt_01/results_single.csv|runs/functional_form/attempt_02/results_single.csv,2,2,1,5.977690307190642e-07,False,stable_reproduced,False
2021,0.167,0.004013592875,0.15796941603125,0.17603058396875,304614329.32244956,1.64,0.160417707685,0.173582292315,0.0131645846299999,0.0,1.0,8000,0.000125,True,4354.734740922955,2.7798081757022684e-06,0.5,0.0,-1290.1680599943286,3040.7433492232767,True,tilde_q_mu,asymptotic,default,sidak_approx,observed,8.9**2 * RBF(length_scale=0.324),0.0261241545661564,0.3562384713566791,0.0964698340836822,0.3237061990700558,0.0237492314237786,79.20738403668912,1592.9319424119665,387,189,198,416,29,0.04,0.3,0.000625,1.0,1e-08,1e+18,False,False,False,False,12,1.1,15.0,13.630175785223486,6.508919907865958,88.7579987436267,80.65247501468514,runs/functional_form/attempt_02/results_single.csv,False,runs/functional_form/attempt_02/results_single.csv,2,runs/functional_form/attempt_02/results_single.csv|runs/functional_form/attempt_01/results_single.csv,runs/functional_form/attempt_01/results_single.csv|runs/functional_form/attempt_02/results_single.csv,2,2,1,8.63428567754454e-07,False,stable_reproduced,False
2021,0.168,0.004040986,0.1589077815,0.1770922185,296547392.151297,1.64,0.16137278296,0.17462721704,0.0132544340799999,0.0,1.0,8000,0.000125,True,3979.0420628590778,2.593552605453298e-06,0.5,0.0,-2183.762257330916,3006.3264298755116,True,tilde_q_mu,asymptotic,default,sidak_approx,observed,8.92**2 * RBF(length_scale=0.324),0.0261456356932645,0.3565313958172433,0.0965491584025916,0.3240053126783832,0.0237687597211495,79.62293739405715,1593.032075570152,387,190,197,416,29,0.04,0.3,0.000625,1.0,1e-08,1e+18,False,False,False,False,12,1.1,15.0,13.631561616152892,6.470112911369777,88.22881242776968,80.1797661952759,runs/functional_form/attempt_02/results_single.csv,False,runs/functional_form/attempt_02/results_single.csv,2,runs/functional_form/attempt_02/results_single.csv|runs/functional_form/attempt_01/results_single.csv,runs/functional_form/attempt_01/results_single.csv|runs/functional_form/attempt_02/results_single.csv,2,2,1,1.170682480733376e-06,False,stable_reproduced,False
2021,0.169,0.004068550875,0.15984576053125,0.17815423946875,288615660.9608933,1.64,0.162327576565,0.175672423435,0.0133448468699999,0.0,1.0,8000,0.000125,True,3669.9457821609,2.4432784949590197e-06,0.5,0.0,-3106.4110287314184,2973.309812827621,True,tilde_q_mu,asymptotic,default,sidak_approx,observed,9**2 * RBF(length_scale=0.325),0.026167953813799,0.356835733824532,0.0966315735245651,0.324724808736086,0.0237890489216354,80.92269448909471,1593.7282862239083,387,192,195,416,29,0.04,0.3,0.000625,1.0,1e-08,1e+18,False,False,False,False,12,1.1,15.0,13.650180375254848,6.431762713007495,87.70585517737493,79.81338287580981,runs/functional_form/attempt_01/results_single.csv,False,runs/functional_form/attempt_01/results_single.csv,2,runs/functional_form/attempt_01/results_single.csv|runs/functional_form/attempt_02/results_single.csv,runs/functional_form/attempt_01/results_single.csv|runs/functional_form/attempt_02/results_single.csv,2,2,1,1.037730271491455e-06,False,stable_reproduced,False
2021,0.17,0.0040962875,0.160783353125,0.179216646875,280901072.63455325,1.64,0.1632820885,0.1767179115,0.013435823,0.0,1.0,8000,0.000125,True,3546.1107939558533,2.411403592464826e-06,0.5,0.0,-3511.6173741428815,2954.7579052147767,True,tilde_q_mu,asymptotic,default,sidak_approx,observed,8.91**2 * RBF(length_scale=0.324),0.026191094099248,0.3571512831715639,0.0967170246916933,0.323941305070391,0.0238100855447709,79.47279122682099,1590.31476426965,386,193,193,416,30,0.04,0.3,0.000625,1.0,1e-08,1e+18,False,False,False,False,12,1.1,15.0,13.605213826774076,6.39386129495257,87.18901765844413,79.08168190596754,runs/functional_form/attempt_02/results_single.csv,False,runs/functional_form/attempt_02/results_single.csv,2,runs/functional_form/attempt_02/results_single.csv|runs/functional_form/attempt_01/results_single.csv,runs/functional_form/attempt_01/results_single.csv|runs/functional_form/attempt_02/results_single.csv,2,2,1,7.812377589289099e-07,False,stable_reproduced,False
2021,0.171,0.004124195875,0.16172055928125,0.18027944071875,273501986.67337126,1.64,0.164236318765,0.177763681235,0.01352736247,0.0,1.0,8000,0.000125,True,3407.68943222484,2.3660468171119843e-06,0.5,0.0,-3856.6969758352466,2911.269722107721,True,tilde_q_mu,asymptotic,default,sidak_approx,observed,8.89**2 * RBF(length_scale=0.324),0.0262150420661463,0.3574778463565409,0.0968054584202363,0.3237138196108922,0.0238318564237693,79.05897580714047,1595.9216850202622,387,195,192,416,29,0.04,0.3,0.000625,1.0,1e-08,1e+18,False,False,False,False,12,1.1,15.0,13.583239755004014,6.356400825929815,86.67819308086109,78.49137854319108,runs/functional_form/attempt_02/results_single.csv,False,runs/functional_form/attempt_02/results_single.csv,2,runs/functional_form/attempt_02/results_single.csv|runs/functional_form/attempt_01/results_single.csv,runs/functional_form/attempt_01/results_single.csv|runs/functional_form/attempt_02/results_single.csv,2,2,1,1.9295366655569524e-06,False,stable_reproduced,False
2021,0.172,0.004152276,0.162657379,0.1813426209999999,266350991.61926585,1.64,0.1651902673599999,0.17880973264,0.01361946528,0.0,1.0,8000,0.000125,True,3257.848872109127,2.3092347867345097e-06,0.5,0.0,-4472.343379880434,2889.618396056359,True,tilde_q_mu,asymptotic,default,sidak_approx,observed,8.96**2 * RBF(length_scale=0.324),0.0262397835660971,0.3578152304467796,0.0968968224637768,0.3244805937241978,0.0238543486964519,80.29378854976909,1591.7651492284945,386,196,190,416,30,0.04,0.3,0.000625,1.0,1e-08,1e+18,False,False,False,False,12,1.1,15.0,13.602576111099612,6.31937365582085,86.17327712482977,78.14523738889174,runs/functional_form/attempt_01/results_single.csv,False,runs/functional_form/attempt_01/results_single.csv,2,runs/functional_form/attempt_01/results_single.csv|runs/functional_form/attempt_02/results_single.csv,runs/functional_form/attempt_01/results_single.csv|runs/functional_form/attempt_02/results_single.csv,2,2,1,4.789271770277992e-07,False,stable_reproduced,False
2021,0.173,0.004180527875,0.1635938122812499,0.18240618771875,259386988.21142492,1.64,0.166143934285,0.1798560657149999,0.0137121314299999,0.0,1.0,8000,0.000125,True,3218.089732091579,2.328754901832809e-06,0.5,0.0,-4460.549290922088,2859.991721794741,True,tilde_q_mu,asymptotic,default,sidak_approx,observed,8.95**2 * RBF(length_scale=0.324),0.0262653047761392,0.3581632469473539,0.0969910657776472,0.3243891227807647,0.0238775497964902,80.04412208312849,1592.702798338668,386,198,188,416,30,0.04,0.3,0.000625,1.0,1e-08,1e+18,False,False,False,False,12,1.1,15.0,13.585528060690985,6.282772310455958,85.67416786985397,77.5952541114834,runs/functional_form/attempt_02/results_single.csv,False,runs/functional_form/attempt_02/results_single.csv,2,runs/functional_form/attempt_02/results_single.csv|runs/functional_form/attempt_01/results_single.csv,runs/functional_form/attempt_01/results_single.csv|runs/functional_form/attempt_02/results_single.csv,2,2,1,5.24780716659734e-07,False,stable_reproduced,False
2021,0.174,0.0042089515,0.1645298591249999,0.183470140875,252502277.02987137,1.64,0.1670973195399999,0.18090268046,0.01380536092,0.0,1.0,8000,0.000125,True,3306.413739574072,2.4437826202248477e-06,0.5,0.0,-3868.619351796661,2843.123027799806,True,tilde_q_mu,asymptotic,default,sidak_approx,observed,8.84**2 * RBF(length_scale=0.323),0.0262915921894454,0.3585217116742556,0.0970881384845824,0.3233493788157842,0.0239014474449503,78.23360579077145,1588.255357046421,385,199,186,416,31,0.04,0.3,0.000625,1.0,1e-08,1e+18,False,False,False,False,12,1.1,15.0,13.528443394924928,6.246589486584821,85.18076572615664,76.8242111641781,runs/functional_form/attempt_01/results_single.csv,False,runs/functional_form/attempt_01/results_single.csv,2,runs/functional_form/attempt_01/results_single.csv|runs/functional_form/attempt_02/results_single.csv,runs/functional_form/attempt_01/results_single.csv|runs/functional_form/attempt_02/results_single.csv,2,2,1,2.1917255708103767e-06,False,stable_reproduced,False
2021,0.175,0.0042375468749999,0.16546551953125,0.1845344804687499,245918579.9416027,1.64,0.168050423125,0.181949576875,0.01389915375,0.0,1.0,8000,0.000125,True,3447.8708834708596,2.601605996648178e-06,0.5,0.0,-2977.9035534215404,2804.0734837413943,True,tilde_q_mu,asymptotic,default,sidak_approx,observed,8.78**2 * RBF(length_scale=0.323),0.0263186326063351,0.358890444631843,0.0971879918415323,0.3226830552794409,0.0239260296421228,77.1173553893501,1593.8875215715707,386,201,185,416,30,0.04,0.3,0.000625,1.0,1e-08,1e+18,False,False,False,False,12,1.1,15.0,13.486694621131068,6.210818047018103,84.69297336842865,76.1485512250389,runs/functional_form/attempt_02/results_single.csv,False,runs/functional_form/attempt_02/results_single.csv,2,runs/functional_form/attempt_02/results_single.csv|runs/functional_form/attempt_01/results_single.csv,runs/functional_form/attempt_01/results_single.csv|runs/functional_form/attempt_02/results_single.csv,2,2,1,1.1924341833946528e-06,False,stable_reproduced,False
2021,0.176,0.004266314,0.1664007934999999,0.1855992065,239463041.25493088,1.64,0.16900324504,0.1829967549599999,0.0139935099199999,0.0,1.0,8000,0.000125,True,3629.587700772201,2.7965723213350967e-06,0.5,0.0,-2203.182744657335,2784.866545401893,True,tilde_q_mu,asymptotic,default,sidak_approx,observed,8.82**2 * RBF(length_scale=0.323),0.0263464131255956,0.3592692698944855,0.0972905782076107,0.3231014703768802,0.0239512846596323,77.86433365656654,1590.142160551405,385,202,183,416,31,0.04,0.3,0.000625,1.0,1e-08,1e+18,False,False,False,False,12,1.1,15.0,13.48994323137236,6.175451015934506,84.21069567183416,75.73316693916112,runs/functional_form/attempt_01/results_single.csv,False,runs/functional_form/attempt_01/results_single.csv,2,runs/functional_form/attempt_01/results_single.csv|runs/functional_form/attempt_02/results_single.csv,runs/functional_form/attempt_01/results_single.csv|runs/functional_form/attempt_02/results_single.csv,2,2,1,1.9805581814580364e-06,False,stable_reproduced,False
2021,0.177,0.004295252875,0.16733568103125,0.18666431896875,233151670.99112496,1.64,0.169955785285,0.184044214715,0.0140884294299999,0.0,1.0,8000,0.000125,True,4029.9155962240734,3.1710571823983116e-06,0.5,0.0,-976.1970208358332,2757.0687361134233,True,tilde_q_mu,asymptotic,default,sidak_approx,observed,8.82**2 * RBF(length_scale=0.323),0.026374921136093,0.359658015492178,0.0973958510131203,0.3231001374037602,0.0239772010328118,77.8412799625183,1590.503919509721,385,204,181,416,31,0.04,0.3,0.000625,1.0,1e-08,1e+18,False,False,False,False,12,1.1,15.0,13.475306686614932,6.140481574345738,83.73383965016914,75.22261128892445,runs/functional_form/attempt_02/results_single.csv,False,runs/functional_form/attempt_02/results_single.csv,2,runs/functional_form/attempt_02/results_single.csv|runs/functional_form/attempt_01/results_single.csv,runs/functional_form/attempt_01/results_single.csv|runs/functional_form/attempt_02/results_single.csv,2,2,1,1.5082500794960652e-06,False,stable_reproduced,False
2021,0.178,0.0043243635,0.168270182125,0.1877298178749999,227019370.79188985,1.64,0.17090804386,0.1850919561399999,0.0141839122799999,0.0,1.0,8000,0.000125,True,4771.069049446081,3.834005274802503e-06,0.4352534486567196,0.1630146533253728,444.9838977551024,2729.0294894573203,True,tilde_q_mu,asymptotic,default,sidak_approx,observed,8.78**2 * RBF(length_scale=0.323),0.0264041443086661,0.3600565132999933,0.0975037647296154,0.3226221623041244,0.0240037675533328,77.04796460810006,1590.297663041049,385,205,180,416,31,0.04,0.3,0.000625,1.0,1e-08,1e+18,False,False,False,False,12,1.1,15.0,13.440480190757755,6.105903055713559,83.26231439609397,74.60569915182302,runs/functional_form/attempt_01/results_single.csv,False,runs/functional_form/attempt_01/results_single.csv,2,runs/functional_form/attempt_01/results_single.csv|runs/functional_form/attempt_02/results_single.csv,runs/functional_form/attempt_01/results_single.csv|runs/functional_form/attempt_02/results_single.csv,2,2,1,1.3440835573419463e-06,False,stable_reproduced,False
2021,0.179,0.004353645875,0.1692042967812499,0.18879570321875,220993245.42708975,1.64,0.1718600207649999,0.186139979235,0.01427995847,0.0,1.0,8000,0.000125,True,5545.6186987991605,4.552373605203744e-06,0.2766258282264315,0.5928946532945638,1603.2793038068237,2703.591896329165,True,tilde_q_mu,asymptotic,default,sidak_approx,observed,8.77**2 * RBF(length_scale=0.322),0.0264340705882899,0.3604645989312272,0.0976142748409662,0.3224609098771995,0.0240309732620818,76.8315928702994,1590.883405599351,385,207,178,416,31,0.04,0.3,0.000625,1.0,1e-08,1e+18,False,False,False,False,12,1.1,15.0,13.418553895443209,6.0717089417131325,82.79603102336088,74.06686697438374,runs/functional_form/attempt_01/results_single.csv,False,runs/functional_form/attempt_01/results_single.csv,2,runs/functional_form/attempt_01/results_single.csv|runs/functional_form/attempt_02/results_single.csv,runs/functional_form/attempt_01/results_single.csv|runs/functional_form/attempt_02/results_single.csv,2,2,1,1.2468724435166223e-06,False,stable_reproduced,False
2021,0.18,0.0043831,0.170138025,0.189861975,215155115.9948604,1.64,0.172811716,0.1871882839999999,0.0143765679999999,0.0,1.0,8000,0.000125,True,6333.061409399777,5.310182399529922e-06,0.1643989306497204,0.9765381314098271,2625.0221197416427,2687.2208642885903,True,tilde_q_mu,asymptotic,default,sidak_approx,observed,8.77**2 * RBF(length_scale=0.323),0.0264646881865,0.360882111634091,0.0977273378153825,0.3225605512393379,0.0240588074422727,76.95316365132459,1587.2656066500708,384,208,176,416,32,0.04,0.3,0.000625,1.0,1e-08,1e+18,False,False,False,False,12,1.1,15.0,13.407171241271923,6.037892858136936,82.33490261095821,73.59187589590425,runs/functional_form/attempt_01/results_single.csv,False,runs/functional_form/attempt_01/results_single.csv,2,runs/functional_form/attempt_01/results_single.csv|runs/functional_form/attempt_02/results_single.csv,runs/functional_form/attempt_01/results_single.csv|runs/functional_form/attempt_02/results_single.csv,2,2,1,2.3933080228744075e-07,False,stable_reproduced,False
2021,0.181,0.004412725875,0.1710713667812499,0.19092863321875,209423665.4643851,1.64,0.173763129565,0.1882368704349999,0.0144737408699999,0.0,1.0,8000,0.000125,True,6975.661276224762,5.975867706993236e-06,0.0979740033593291,1.2931823265953393,3426.312774792853,2651.647515774076,True,tilde_q_mu,asymptotic,default,sidak_approx,observed,8.74**2 * RBF(length_scale=0.322),0.0264959855740647,0.3613088941917919,0.0978429110783556,0.3222444944235377,0.0240872596127861,76.39802040527798,1592.579376314297,385,210,175,416,31,0.04,0.3,0.000625,1.0,1e-08,1e+18,False,False,False,False,12,1.1,15.0,13.378213196676064,6.004448570933435,81.87884414909227,73.02617555493126,runs/functional_form/attempt_02/results_single.csv,False,runs/functional_form/attempt_02/results_single.csv,2,runs/functional_form/attempt_02/results_single.csv|runs/functional_form/repairs/m181/round_01/results_single.csv,runs/functional_form/attempt_01/results_single.csv|runs/functional_form/attempt_02/results_single.csv|runs/functional_form/repairs/m181/round_01/results_single.csv,3,3,2,2.0910240436933236e-06,True,resolved_reproduced_max_lml,False
2021,0.182,0.0044425235,0.172004322125,0.191995677875,203890389.41582435,1.64,0.17471426146,0.18928573854,0.01457147708,0.0,1.0,8000,0.000125,True,7124.580094562572,6.234635267664817e-06,0.0854881795525199,1.3690733138011946,3612.7249252169754,2636.875838100508,True,tilde_q_mu,asymptotic,default,sidak_approx,observed,8.77**2 * RBF(length_scale=0.323),0.0265279514739,0.3617447928259099,0.0979609529864923,0.3225384845170205,0.0241163195217273,76.93316590168584,1588.1634272048773,384,211,173,416,32,0.04,0.3,0.000625,1.0,1e-08,1e+18,False,False,False,False,12,1.1,15.0,13.374283095993697,5.971369982376021,81.42777248694574,72.60253874110525,runs/functional_form/attempt_02/results_single.csv,False,runs/functional_form/attempt_02/results_single.csv,2,runs/functional_form/attempt_02/results_single.csv|runs/functional_form/attempt_01/results_single.csv,runs/functional_form/attempt_01/results_single.csv|runs/functional_form/attempt_02/results_single.csv,2,2,1,2.0443117136892397e-06,False,stable_reproduced,False
2021,0.183,0.004472492875,0.1729368910312499,0.19306310896875,198621214.40460417,1.64,0.1756651116849999,0.190334888315,0.01466977663,0.0,1.0,8000,0.000125,True,6923.343055995166,6.185275538389401e-06,0.0952991949633541,1.3088109704401218,3424.023896473412,2613.88337635834,True,tilde_q_mu,asymptotic,default,sidak_approx,observed,8.78**2 * RBF(length_scale=0.323),0.0265605748542153,0.3621896571029359,0.098081422802206,0.3226104249424313,0.0241459771401957,77.13748165808225,1588.9294224327732,384,213,171,416,32,0.04,0.3,0.000625,1.0,1e-08,1e+18,False,False,False,False,12,1.1,15.0,13.36083535030698,5.938651127357089,80.98160628214212,72.13212719593909,runs/functional_form/attempt_02/results_single.csv,False,runs/functional_form/attempt_02/results_single.csv,2,runs/functional_form/attempt_02/results_single.csv|runs/functional_form/attempt_01/results_single.csv,runs/functional_form/attempt_01/results_single.csv|runs/functional_form/attempt_02/results_single.csv,2,2,1,1.0165472303924616e-06,False,stable_reproduced,False
2021,0.184,0.004502634,0.1738690735,0.1941309265,193360941.65798712,1.64,0.17661568024,0.19138431976,0.01476863952,0.0,1.0,8000,0.000125,True,6392.36713585168,5.834384633380322e-06,0.1371063630045451,1.0934125038968323,2843.938118275207,2600.009273559067,True,tilde_q_mu,asymptotic,default,sidak_approx,observed,8.79**2 * RBF(length_scale=0.323),0.026593844921878,0.3626433398437911,0.0982042806692136,0.3226218101442311,0.0241762226562527,77.26003707928875,1587.272101451434,383,214,169,416,33,0.04,0.3,0.000625,1.0,1e-08,1e+18,False,False,False,False,12,1.1,15.0,13.34459128422987,5.906286169801502,80.54026595183866,71.65179540336413,runs/functional_form/attempt_01/results_single.csv,False,runs/functional_form/attempt_01/results_single.csv,2,runs/functional_form/attempt_01/results_single.csv|runs/functional_form/attempt_02/results_single.csv,runs/functional_form/attempt_01/results_single.csv|runs/functional_form/attempt_02/results_single.csv,2,2,1,2.1482428564922884e-06,False,stable_reproduced,False
2021,0.185,0.004532946875,0.1748008695312499,0.19519913046875,188216407.4390779,1.64,0.177565967125,0.192434032875,0.0148680657499999,0.0,1.0,8000,0.000125,True,5819.775316548403,5.427463759586042e-06,0.1927760639571352,0.8677117936491614,2223.85114555802,2566.9122681941617,True,tilde_q_mu,asymptotic,default,sidak_approx,observed,8.75**2 * RBF(length_scale=0.322),0.0266277511159985,0.3631056970363433,0.0983294875888454,0.3222876969304743,0.0242070464690895,76.62714664216605,1590.4511886736518,384,216,168,416,32,0.04,0.3,0.000625,1.0,1e-08,1e+18,False,False,False,False,12,1.1,15.0,13.313796763351933,5.874269399197075,80.10367362541467,71.09893537644302,runs/functional_form/attempt_01/results_single.csv,False,runs/functional_form/attempt_01/results_single.csv,2,runs/functional_form/attempt_01/results_single.csv|runs/functional_form/attempt_02/results_single.csv,runs/functional_form/attempt_01/results_single.csv|runs/functional_form/attempt_02/results_single.csv,2,2,1,3.0504770620609634e-07,False,stable_reproduced,False
2021,0.186,0.0045634315,0.175732279125,0.196267720875,183203373.0638776,1.64,0.17851597234,0.19348402766,0.01496805532,0.0,1.0,8000,0.000125,True,5058.862878165532,4.820881098961965e-06,0.3097960009562733,0.496428669491373,1268.2295774441054,2555.407752606932,True,tilde_q_mu,asymptotic,default,sidak_approx,observed,8.66**2 * RBF(length_scale=0.321),0.0266622831017154,0.3635765877506647,0.0984570053970965,0.3212429266734813,0.0242384391833776,74.99730963371371,1584.4639626542353,383,217,166,416,33,0.04,0.3,0.000625,1.0,1e-08,1e+18,False,False,False,False,12,1.1,15.0,13.253449376137423,5.84259522723534,79.67175309866373,70.39503642675065,runs/functional_form/attempt_01/results_single.csv,False,runs/functional_form/attempt_01/results_single.csv,2,runs/functional_form/attempt_01/results_single.csv|runs/functional_form/attempt_02/results_single.csv,runs/functional_form/attempt_01/results_single.csv|runs/functional_form/attempt_02/results_single.csv,2,2,1,2.7371288524591364e-07,False,stable_reproduced,False
2021,0.187,0.004594087875,0.17666330228125,0.19733669771875,178278504.14348978,1.64,0.179465695885,0.194534304115,0.01506860823,0.0,1.0,8000,0.000125,True,4316.161794343914,4.204138842090317e-06,0.4623754397761932,0.0944510316577343,239.2098972818418,2532.8945448414147,True,tilde_q_mu,asymptotic,default,sidak_approx,observed,8.64**2 * RBF(length_scale=0.321),0.0266974307641825,0.3640558740570343,0.0985867967424219,0.3210348952896862,0.0242703916038022,74.62209411514823,1584.6475279079332,383,219,164,416,33,0.04,0.3,0.000625,1.0,1e-08,1e+18,False,False,False,False,12,1.1,15.0,13.227429558219065,5.811258184560199,79.24442978945724,69.88000752808549,runs/functional_form/attempt_01/results_single.csv,False,runs/functional_form/attempt_01/results_single.csv,2,runs/functional_form/attempt_01/results_single.csv|runs/functional_form/attempt_02/results_single.csv,runs/functional_form/attempt_01/results_single.csv|runs/functional_form/attempt_02/results_single.csv,2,2,1,1.7128477338701487e-06,False,stable_reproduced,False
2021,0.188,0.004624916,0.177593939,0.198406061,173567784.67781383,1.64,0.18041513776,0.19558486224,0.0151697244799999,0.0,1.0,8000,0.000125,True,3736.398027125333,3.718314211289862e-06,0.5,0.0,-728.2684414534048,2507.2228221621817,True,tilde_q_mu,asymptotic,default,sidak_approx,observed,8.65**2 * RBF(length_scale=0.321),0.0267331842027451,0.3645434209465248,0.0987188250642313,0.3212138700834313,0.0243028947297683,74.83684230144391,1585.1869302380624,383,220,163,416,33,0.04,0.3,0.000625,1.0,1e-08,1e+18,False,False,False,False,12,1.1,15.0,13.21710329798616,5.78025291761951,78.8216306948115,69.45290900060269,runs/functional_form/attempt_02/results_single.csv,False,runs/functional_form/attempt_02/results_single.csv,2,runs/functional_form/attempt_02/results_single.csv|runs/functional_form/attempt_01/results_single.csv,runs/functional_form/attempt_01/results_single.csv|runs/functional_form/attempt_02/results_single.csv,2,2,1,1.3461085472954437e-06,False,stable_reproduced,False
2021,0.189,0.004655915875,0.17852418928125,0.19947581071875,168874228.16818193,1.64,0.181364297965,0.196635702035,0.0152714040699999,0.0,1.0,8000,0.000125,True,3400.0918738581404,3.459277427748567e-06,0.5,0.0,-1465.8831752612157,2483.4745241278697,True,tilde_q_mu,asymptotic,default,sidak_approx,observed,8.69**2 * RBF(length_scale=0.322),0.0267695337253012,0.3650390962541072,0.0988530545720656,0.3216912957157889,0.0243359397502738,75.56105766677447,1586.4138296357671,383,222,161,416,33,0.04,0.3,0.000625,1.0,1e-08,1e+18,False,False,False,False,12,1.1,15.0,13.218774331990588,5.749574185616315,78.40328434931338,69.0930215133642,runs/functional_form/attempt_01/results_single.csv,False,runs/functional_form/attempt_01/results_single.csv,2,runs/functional_form/attempt_01/results_single.csv|runs/functional_form/attempt_02/results_single.csv,runs/functional_form/attempt_01/results_single.csv|runs/functional_form/attempt_02/results_single.csv,2,2,1,5.100275757285999e-07,False,stable_reproduced,False
2021,0.19,0.0046870875,0.179454053125,0.200545946875,164378838.92039412,1.64,0.1823131765,0.1976868235,0.0153736469999999,0.0,1.0,8000,0.000125,True,3236.9101379925733,3.3655113181819685e-06,0.5,0.0,-1884.1287496214384,2466.921194083108,True,tilde_q_mu,asymptotic,default,sidak_approx,observed,8.77**2 * RBF(length_scale=0.323),0.0268064698428396,0.3655427705841774,0.0989894502254296,0.3225319536749358,0.0243695180389451,76.97947883279721,1583.0139218918916,382,223,159,416,34,0.04,0.3,0.000625,1.0,1e-08,1e+18,False,False,False,False,12,1.1,15.0,13.235056727814417,5.719216857555929,77.98932078485358,68.81287231675019,runs/functional_form/attempt_02/results_single.csv,False,runs/functional_form/attempt_02/results_single.csv,2,runs/functional_form/attempt_02/results_single.csv|runs/functional_form/attempt_01/results_single.csv,runs/functional_form/attempt_01/results_single.csv|runs/functional_form/attempt_02/results_single.csv,2,2,1,1.044178134179674e-06,False,stable_reproduced,False
2021,0.191,0.004718430875,0.18038353053125,0.20161646946875,160024504.07567304,1.64,0.183261773365,0.198738226635,0.01547645327,0.0,1.0,8000,0.000125,True,3064.7074568909775,3.256035189627784e-06,0.5,0.0,-2372.603785872991,2445.660947314929,True,tilde_q_mu,asymptotic,default,sidak_approx,observed,8.69**2 * RBF(length_scale=0.322),0.026843983264149,0.3660543172383967,0.099127977714251,0.3216178906045029,0.0244036211492264,75.5170958068808,1584.3935211929806,382,225,157,416,34,0.04,0.3,0.000625,1.0,1e-08,1e+18,False,False,False,False,12,1.1,15.0,13.17910520892911,5.68917590938515,77.57967149161568,68.16204351081076,runs/functional_form/attempt_02/results_single.csv,False,runs/functional_form/attempt_02/results_single.csv,2,runs/functional_form/attempt_02/results_single.csv|runs/functional_form/attempt_01/results_single.csv,runs/functional_form/attempt_01/results_single.csv|runs/functional_form/attempt_02/results_single.csv,2,2,1,1.4953002391848713e-06,False,stable_reproduced,False
2021,0.192,0.004749946,0.1813126215,0.2026873785,155718995.1526329,1.64,0.18421008856,0.19978991144,0.0155798228799999,0.0,1.0,8000,0.000125,True,2970.0680543770404,3.225845040261262e-06,0.4999513009912829,0.0001220703125,-2597.6692579629307,2420.676603291924,True,tilde_q_mu,asymptotic,default,sidak_approx,observed,8.69**2 * RBF(length_scale=0.321),0.0268820648906906,0.3665736121457819,0.0992686034399486,0.3214998812185154,0.0244382408097187,75.43312670470073,1583.8598280631527,382,226,156,416,34,0.04,0.3,0.000625,1.0,1e-08,1e+18,False,False,False,False,12,1.1,15.0,13.155606564391444,5.659446421220509,77.17426938027965,67.6849549907547,runs/functional_form/repairs/m192/round_01/results_single.csv,False,runs/functional_form/repairs/m192/round_01/results_single.csv,2,runs/functional_form/repairs/m192/round_01/results_single.csv|runs/functional_form/attempt_02/results_single.csv,runs/functional_form/attempt_01/results_single.csv|runs/functional_form/attempt_02/results_single.csv|runs/functional_form/repairs/m192/round_01/results_single.csv,3,3,2,172.78248411377263,True,resolved_reproduced_max_lml,False
2021,0.193,0.004781632875,0.18224132603125,0.20375867396875,151601184.85939226,1.64,0.185158122085,0.200841877915,0.0156837558299999,0.0,1.0,8000,0.000125,True,2966.655034197106,3.292509725593327e-06,0.5,0.0,-2470.5567142811537,2396.70368802744,True,tilde_q_mu,asymptotic,default,sidak_approx,observed,8.7**2 * RBF(length_scale=0.322),0.0269207058116312,0.3671005337949717,0.0994112944970904,0.321587974819496,0.0244733689196647,75.66894084431549,1583.7541377424973,382,228,154,416,34,0.04,0.3,0.000625,1.0,1e-08,1e+18,False,False,False,False,12,1.1,15.0,13.140323094671874,5.630023574662507,76.77304874539782,67.25484436516804,runs/functional_form/repairs/m193/round_01/results_single.csv,False,runs/functional_form/repairs/m193/round_01/results_single.csv,3,runs/functional_form/repairs/m193/round_01/results_single.csv|runs/functional_form/attempt_02/results_single.csv|runs/functional_form/attempt_01/results_single.csv,runs/functional_form/attempt_01/results_single.csv|runs/functional_form/attempt_02/results_single.csv|runs/functional_form/repairs/m193/round_01/results_single.csv,3,3,1,1.292620254389476e-06,True,stable_reproduced,False
2021,0.194,0.0048134915,0.183169644125,0.204830355875,147523768.56605715,1.64,0.18610587394,0.20189412606,0.01578825212,0.0,1.0,8000,0.000125,True,2975.6760034697463,3.3763062815510974e-06,0.5,0.0,-2349.413159961605,2382.635177514876,True,tilde_q_mu,asymptotic,default,sidak_approx,observed,8.64**2 * RBF(length_scale=0.321),0.0269598972990275,0.3676349631685571,0.0995560186556095,0.3208366619821599,0.0245089975445704,74.62172516447447,1579.9706831748554,381,229,152,416,35,0.04,0.3,0.000625,1.0,1e-08,1e+18,False,False,False,False,12,1.1,15.0,13.090566490885932,5.600902650192177,76.37594522989332,66.65362595574538,runs/functional_form/attempt_02/results_single.csv,False,runs/functional_form/attempt_02/results_single.csv,2,runs/functional_form/attempt_02/results_single.csv|runs/functional_form/attempt_01/results_single.csv,runs/functional_form/attempt_01/results_single.csv|runs/functional_form/attempt_02/results_single.csv,2,2,1,5.112642611493357e-07,False,stable_reproduced,False
2021,0.195,0.004845521875,0.18409757578125,0.20590242421875,143578408.5209931,1.64,0.187053344125,0.202946655875,0.0158933117499999,0.0,1.0,8000,0.000125,True,2994.3091209112154,3.472904242325212e-06,0.5,0.0,-2101.956483147566,2350.1775470698467,True,tilde_q_mu,asymptotic,default,sidak_approx,observed,8.59**2 * RBF(length_scale=0.32),0.0269996308031587,0.368176783679438,0.09970274434357,0.3201518323866983,0.0245451189119625,73.81461203041246,1584.082564415973,382,231,151,416,34,0.04,0.3,0.000625,1.0,1e-08,1e+18,False,False,False,False,12,1.1,15.0,13.04340115584717,5.572079024647637,75.9828957906496,66.0716927186916,runs/functional_form/attempt_01/results_single.csv,False,runs/functional_form/attempt_01/results_single.csv,2,runs/functional_form/attempt_01/results_single.csv|runs/functional_form/attempt_02/results_single.csv,runs/functional_form/attempt_01/results_single.csv|runs/functional_form/attempt_02/results_single.csv,2,2,1,2.1213099898886867e-07,False,stable_reproduced,False
2021,0.196,0.004877724,0.185025121,0.206974879,139755894.5302579,1.64,0.18800053264,0.20399946736,0.01599893472,0.0,1.0,8000,0.000125,True,3123.556747291158,3.7029096608311634e-06,0.5,0.0,-1583.587236918969,2332.8072576099853,True,tilde_q_mu,asymptotic,default,sidak_approx,observed,8.61**2 * RBF(length_scale=0.32),0.0270398979480013,0.3687258811091098,0.0998514406304547,0.320440645884553,0.0245817254072739,74.18029378460972,1579.6673612764384,381,232,149,416,35,0.04,0.3,0.000625,1.0,1e-08,1e+18,False,False,False,False,12,1.1,15.0,13.035726360759496,5.543548168777362,75.59383866514584,65.69470635988282,runs/functional_form/attempt_02/results_single.csv,False,runs/functional_form/attempt_02/results_single.csv,2,runs/functional_form/attempt_02/results_single.csv|runs/functional_form/attempt_01/results_single.csv,runs/functional_form/attempt_01/results_single.csv|runs/functional_form/attempt_02/results_single.csv,2,2,1,1.39416351885302e-06,False,stable_reproduced,False
2021,0.197,0.004910097875,0.18595227978125,0.20804772021875,136004179.86803293,1.64,0.188947439485,0.205052560515,0.01610512103,0.0,1.0,8000,0.000125,True,3259.815201516917,3.950885290829284e-06,0.5,0.0,-1089.966880649263,2306.4828341598027,True,tilde_q_mu,asymptotic,default,sidak_approx,observed,8.65**2 * RBF(length_scale=0.321),0.0270806905268411,0.3692821435478344,0.1000020772109632,0.3209354844858808,0.0246188095698556,74.80839727301101,1579.0767912728593,381,234,147,416,35,0.04,0.3,0.000625,1.0,1e-08,1e+18,False,False,False,False,12,1.1,15.0,13.036190217696335,5.51530564486786,75.20871333910718,65.3623395411198,runs/functional_form/attempt_02/results_single.csv,False,runs/functional_form/attempt_02/results_single.csv,2,runs/functional_form/attempt_02/results_single.csv|runs/functional_form/attempt_01/results_single.csv,runs/functional_form/attempt_01/results_single.csv|runs/functional_form/attempt_02/results_single.csv,2,2,1,2.60917818195594e-06,False,stable_reproduced,False
2021,0.198,0.0049426435,0.186879052125,0.209120947875,132354320.73115931,1.64,0.18989406466,0.20610593534,0.01621187068,0.0,1.0,8000,0.000125,True,3462.1390618128835,4.290037774672153e-06,0.4999655646006563,8.631674575031098e-05,-554.3155263199925,2287.7490922942047,True,tilde_q_mu,asymptotic,default,sidak_approx,observed,8.71**2 * RBF(length_scale=0.322),0.0271220004980165,0.3698454613365898,0.1001546243892919,0.3215758412085048,0.0246563640891059,75.80595932803047,1575.65581704673,380,235,145,416,36,0.04,0.3,0.000625,1.0,1e-08,1e+18,False,False,False,False,12,1.1,15.0,13.04230583415938,5.487347104442508,74.82746051512511,65.06150832211645,runs/functional_form/attempt_02/results_single.csv,False,runs/functional_form/attempt_02/results_single.csv,2,runs/functional_form/attempt_02/results_single.csv|runs/functional_form/attempt_01/results_single.csv,runs/functional_form/attempt_01/results_single.csv|runs/functional_form/attempt_02/results_single.csv,2,2,1,1.1273302789049922e-06,False,stable_reproduced,False
2021,0.199,0.004975360875,0.18780543803125,0.21019456196875,128788002.15036236,1.64,0.190840408165,0.207159591835,0.01631918367,0.0,1.0,8000,0.000125,True,3741.0655028239335,4.740091791771453e-06,0.4936502273534497,0.0159171917497526,37.02606716777474,2259.9916294436675,True,tilde_q_mu,asymptotic,default,sidak_approx,observed,8.77**2 * RBF(length_scale=0.322),0.0271638199807916,0.3704157270107955,0.100309053063895,0.3221882488290063,0.0246943818007197,76.85443845392845,1578.5622294070345,380,236,144,416,36,0.04,0.3,0.000625,1.0,1e-08,1e+18,False,False,False,False,12,1.1,15.0,13.047026300517324,5.459668286029939,74.45002208222643,64.7567597453936,runs/functional_form/attempt_02/results_single.csv,False,runs/functional_form/attempt_02/results_single.csv,2,runs/functional_form/attempt_02/results_single.csv|runs/functional_form/attempt_01/results_single.csv,runs/functional_form/attempt_01/results_single.csv|runs/functional_form/attempt_02/results_single.csv,2,2,1,1.2673535820795223e-07,False,stable_reproduced,False
2021,0.2,0.00500825,0.1887314375,0.2112685625,125353032.55969112,1.64,0.19178647,0.20821353,0.0164270599999999,0.0,1.0,8000,0.000125,True,3884.825492863892,5.03183737291544e-06,0.4423207876197376,0.145087768735396,324.4974812723254,2236.9515408516886,True,tilde_q_mu,asymptotic,default,sidak_approx,observed,8.77**2 * RBF(length_scale=0.322),0.027206141251351,0.3709928352456959,0.1004653347126938,0.3222334831439428,0.0247328556830463,76.83216439674493,1579.4771040297924,380,238,142,416,36,0.04,0.3,0.000625,1.0,1e-08,1e+18,False,False,False,False,12,1.1,15.0,13.028559551448152,5.432265012998759,74.0763410863467,64.34053474645691,runs/functional_form/attempt_01/results_single.csv,False,runs/functional_form/attempt_01/results_single.csv,2,runs/functional_form/attempt_01/results_single.csv|runs/functional_form/attempt_02/results_single.csv,runs/functional_form/attempt_01/results_single.csv|runs/functional_form/attempt_02/results_single.csv,2,2,1,1.1701724815793568e-06,False,stable_reproduced,False
2021,0.201,0.005041310875,0.18965705053125,0.21234294946875,122019355.53382406,1.64,0.192732250165,0.209267749835,0.01653549967,0.0,1.0,8000,0.000125,True,4056.6667954421346,5.371115296700144e-06,0.3893894272475374,0.2809107509307191,623.6119530866979,2220.4367402716975,True,tilde_q_mu,asymptotic,default,sidak_approx,observed,8.78**2 * RBF(length_scale=0.322),0.027248956738914,0.3715766828033728,0.1006234413787278,0.322420174255371,0.0247717788535581,77.09700563163247,1575.5837724149592,379,239,140,416,37,0.04,0.3,0.000625,1.0,1e-08,1e+18,False,False,False,False,12,1.1,15.0,13.015624600938134,5.405133191456678,73.70636170168197,63.95562230733707,runs/functional_form/attempt_02/results_single.csv,False,runs/functional_form/attempt_02/results_single.csv,2,runs/functional_form/attempt_02/results_single.csv|runs/functional_form/attempt_01/results_single.csv,runs/functional_form/attempt_01/results_single.csv|runs/functional_form/attempt_02/results_single.csv,2,2,1,4.679982339439448e-07,False,stable_reproduced,False
2021,0.202,0.0050745435,0.190582277125,0.213417722875,118808713.66471364,1.64,0.19367774866,0.21032225134,0.01664450268,0.0,1.0,8000,0.000125,True,4084.718032767054,5.5269093487269576e-06,0.3690376732883685,0.3344031714221129,732.4216420465865,2191.5589353850123,True,tilde_q_mu,asymptotic,default,sidak_approx,observed,8.71**2 * RBF(length_scale=0.322),0.0272922590219629,0.3721671684813132,0.100783345656227,0.3216548593898138,0.0248111445654208,75.87916491230231,1580.1224570273434,380,241,139,416,36,0.04,0.3,0.000625,1.0,1e-08,1e+18,False,False,False,False,12,1.1,15.0,12.96412821833709,5.37826880821161,73.34002920288559,63.38596947485301,runs/functional_form/attempt_02/results_single.csv,False,runs/functional_form/attempt_02/results_single.csv,2,runs/functional_form/attempt_02/results_single.csv|runs/functional_form/attempt_01/results_single.csv,runs/functional_form/attempt_01/results_single.csv|runs/functional_form/attempt_02/results_single.csv,2,2,1,4.493333563004853e-07,False,stable_reproduced,False
2021,0.203,0.005107947875,0.19150711728125,0.21449288271875,115574322.00533302,1.64,0.194622965485,0.211377034515,0.0167540690299999,0.0,1.0,8000,0.000125,True,4388.6285057509685,6.07423163656307e-06,0.2919353051573552,0.5477397553018197,1190.8234663797316,2175.200095452021,True,tilde_q_mu,asymptotic,default,sidak_approx,observed,8.77**2 * RBF(length_scale=0.322),0.0273360408245852,0.3727641930625258,0.1009450206771031,0.3222987922279074,0.0248509462041683,76.94783590120439,1575.9431959200651,379,242,137,416,37,0.04,0.3,0.000625,1.0,1e-08,1e+18,False,False,False,False,12,1.1,15.0,12.96927648468558,5.351667928793269,72.97728993809002,63.09751002067683,runs/functional_form/attempt_01/results_single.csv,False,runs/functional_form/attempt_01/results_single.csv,2,runs/functional_form/attempt_01/results_single.csv|runs/functional_form/attempt_02/results_single.csv,runs/functional_form/attempt_01/results_single.csv|runs/functional_form/attempt_02/results_single.csv,2,2,1,6.104237399995327e-07,False,stable_reproduced,False
2021,0.204,0.005141524,0.192431571,0.2155684289999999,112452833.18684237,1.64,0.19556790064,0.21243209936,0.01686419872,0.0,1.0,8000,0.000125,True,4761.420071160002,6.739937219598715e-06,0.2126389904487575,0.7972980012352134,1715.7043065876608,2153.636720348318,True,tilde_q_mu,asymptotic,default,sidak_approx,observed,8.82**2 * RBF(length_scale=0.323),0.0273802950129184,0.3733676592670698,0.1011084400978236,0.3226952687713513,0.0248911772844713,77.7269206760298,1578.2331989538625,379,244,135,416,37,0.04,0.3,0.000625,1.0,1e-08,1e+18,False,False,False,False,12,1.1,15.0,12.96424291560805,5.325326695531998,72.61809130270905,62.76257171440829,runs/functional_form/attempt_02/results_single.csv,False,runs/functional_form/attempt_02/results_single.csv,2,runs/functional_form/attempt_02/results_single.csv|runs/functional_form/attempt_01/results_single.csv,runs/functional_form/attempt_01/results_single.csv|runs/functional_form/attempt_02/results_single.csv,2,2,1,2.8707709134323522e-06,False,stable_reproduced,False
2021,0.205,0.005175271875,0.19335563828125,0.2166443617187499,109447447.25856656,1.64,0.196512554125,0.213487445875,0.01697489175,0.0,1.0,8000,0.000125,True,5021.718686523502,7.267964620892568e-06,0.1676376556702732,0.9635425705089282,2060.3464844141267,2139.541713218928,True,tilde_q_mu,asymptotic,default,sidak_approx,observed,8.84**2 * RBF(length_scale=0.323),0.0274250145917023,0.3739774717050326,0.1012735780866781,0.3229502403188448,0.0249318314470021,78.11852035753047,1576.9601428777803,378,245,133,416,38,0.04,0.3,0.000625,1.0,1e-08,1e+18,False,False,False,False,12,1.1,15.0,12.953330003266837,5.2992413256941004,72.26238171401046,62.402565144240825,runs/functional_form/attempt_02/results_single.csv,False,runs/functional_form/attempt_02/results_single.csv,2,runs/functional_form/attempt_02/results_single.csv|runs/functional_form/attempt_01/results_single.csv,runs/functional_form/attempt_01/results_single.csv|runs/functional_form/attempt_02/results_single.csv,2,2,1,8.111378519970458e-07,False,stable_reproduced,False
2021,0.206,0.0052091915,0.194279319125,0.217720680875,106491864.68179588,1.64,0.19745692594,0.2145430740599999,0.0170861481199999,0.0,1.0,8000,0.000125,True,5263.828134888499,7.79180313146614e-06,0.1277362353831606,1.1371574505701063,2397.5035183030004,2111.3225519886128,True,tilde_q_mu,asymptotic,default,sidak_approx,observed,8.87**2 * RBF(length_scale=0.323),0.0274701927009294,0.3745935368308561,0.1014404093114096,0.323212663220335,0.0249729024553904,78.58889612336642,1579.4140819187437,379,247,132,416,37,0.04,0.3,0.000625,1.0,1e-08,1e+18,False,False,False,False,12,1.1,15.0,12.942534965557012,5.273408109671041,71.91011058642329,62.046608042790325,runs/functional_form/attempt_02/results_single.csv,False,runs/functional_form/attempt_02/results_single.csv,2,runs/functional_form/attempt_02/results_single.csv|runs/functional_form/attempt_01/results_single.csv,runs/functional_form/attempt_01/results_single.csv|runs/functional_form/attempt_02/results_single.csv,2,2,1,6.129412213340402e-07,False,stable_reproduced,False
2021,0.207,0.005243282875,0.1952026135312499,0.21879738646875,103594993.30477582,1.64,0.198401016085,0.215598983915,0.0171979678299999,0.0,1.0,8000,0.000125,True,5406.883852122626,8.187623244948236e-06,0.1096705606250493,1.2282820117114872,2578.172873407306,2099.9421917283676,True,tilde_q_mu,asymptotic,default,sidak_approx,observed,8.84**2 * RBF(length_scale=0.323),0.0275158226125923,0.375215762898986,0.1016089089272047,0.3230264216529984,0.0250143841932657,78.21220692516373,1575.217429665033,378,248,130,416,38,0.04,0.3,0.000625,1.0,1e-08,1e+18,False,False,False,False,12,1.1,15.0,12.913626781984192,5.247823409220947,71.56122830755837,61.60766629494473,runs/functional_form/attempt_01/results_single.csv,False,runs/functional_form/attempt_01/results_single.csv,2,runs/functional_form/attempt_01/results_single.csv|runs/functional_form/attempt_02/results_single.csv,runs/functional_form/attempt_01/results_single.csv|runs/functional_form/attempt_02/results_single.csv,2,2,1,1.2836062524002045e-07,False,stable_reproduced,False
2021,0.208,0.005277546,0.1961255214999999,0.2198744785,100755569.91566654,1.64,0.19934482456,0.21665517544,0.0173103508799999,0.0,1.0,8000,0.000125,True,5502.851289707525,8.52658841336072e-06,0.0958355685714075,1.3056513857743235,2717.201062342129,2081.440646944078,True,tilde_q_mu,asymptotic,default,sidak_approx,observed,8.9**2 * RBF(length_scale=0.324),0.0275618977275242,0.3758440599207857,0.1017790525650254,0.3236255687876349,0.0250562706613857,79.26816583710185,1575.8599825503177,378,250,128,416,38,0.04,0.3,0.000625,1.0,1e-08,1e+18,False,False,False,False,12,1.1,15.0,12.91595118687695,5.222483655760516,71.21568621491612,61.32122179278682,runs/functional_form/attempt_02/results_single.csv,False,runs/functional_form/attempt_02/results_single.csv,2,runs/functional_form/attempt_02/results_single.csv|runs/functional_form/attempt_01/results_single.csv,runs/functional_form/attempt_01/results_single.csv|runs/functional_form/attempt_02/results_single.csv,2,2,1,1.2381310625642072e-06,False,stable_reproduced,False
2021,0.209,0.005311980875,0.1970480430312499,0.22095195696875,97975291.24730824,1.64,0.200288351365,0.2177116486349999,0.0174232972699999,0.0,1.0,8000,0.000125,True,5557.573158504449,8.81337524020121e-06,0.0884555976741427,1.350326750427847,2795.852245341469,2070.7072024696495,True,tilde_q_mu,asymptotic,default,sidak_approx,observed,8.89**2 * RBF(length_scale=0.324),0.0276084115723308,0.3764783396226934,0.101950816320278,0.323511199831641,0.0250985559748462,79.11078511892426,1572.1022675513484,377,251,126,416,39,0.04,0.3,0.000625,1.0,1e-08,1e+18,False,False,False,False,12,1.1,15.0,12.889633975590623,5.197385348705882,70.87343657326201,60.902177068105686,runs/functional_form/attempt_01/results_single.csv,False,runs/functional_form/attempt_01/results_single.csv,2,runs/functional_form/attempt_01/results_single.csv|runs/functional_form/attempt_02/results_single.csv,runs/functional_form/attempt_01/results_single.csv|runs/functional_form/attempt_02/results_single.csv,2,2,1,7.587791515106801e-07,False,stable_reproduced,False
2021,0.21,0.0053465875,0.197970178125,0.2220298218749999,95309478.67396852,1.64,0.2012315965,0.2187684034999999,0.0175368069999999,0.0,1.0,8000,0.000125,True,5285.384205039263,8.57513756382346e-06,0.1081414830653362,1.236472541726911,2530.978029074036,2046.8264454754776,True,tilde_q_mu,asymptotic,default,sidak_approx,observed,8.86**2 * RBF(length_scale=0.323),0.0276553577964078,0.3771185154055612,0.1021241767418025,0.3232452587348858,0.0251412343603707,78.5221836484044,1577.0004187420648,378,253,125,416,38,0.04,0.3,0.000625,1.0,1e-08,1e+18,False,False,False,False,12,1.1,15.0,12.857175351915345,5.172525053860584,70.53443255264432,60.45823784514625,runs/functional_form/attempt_02/results_single.csv,False,runs/functional_form/attempt_02/results_single.csv,2,runs/functional_form/attempt_02/results_single.csv|runs/functional_form/repairs/m210/round_01/results_single.csv,runs/functional_form/attempt_01/results_single.csv|runs/functional_form/attempt_02/results_single.csv|runs/functional_form/repairs/m210/round_01/results_single.csv,3,3,2,1.6175467862922233e-06,True,resolved_reproduced_max_lml,False
2021,0.211,0.005381365875,0.19889192678125,0.2231080732187499,92716703.49811862,1.64,0.202174559965,0.2198254400349999,0.0176508800699999,0.0,1.0,8000,0.000125,True,4915.770394483399,8.159641429463652e-06,0.1491751706532758,1.039977527642691,2119.6231897211196,2038.3054738205983,True,tilde_q_mu,asymptotic,default,sidak_approx,observed,8.81**2 * RBF(length_scale=0.323),0.0277027301690448,0.3777645023051568,0.1022991108211761,0.3227410156716266,0.0251843001536771,77.54410785781323,1570.8779646217356,377,254,123,416,39,0.04,0.3,0.000625,1.0,1e-08,1e+18,False,False,False,False,12,1.1,15.0,12.815167135962827,5.147899401849318,70.19862820703615,59.97381021256552,runs/functional_form/repairs/m211/round_01/results_single.csv,False,runs/functional_form/repairs/m211/round_01/results_single.csv,2,runs/functional_form/repairs/m211/round_01/results_single.csv|runs/functional_form/attempt_02/results_single.csv,runs/functional_form/attempt_01/results_single.csv|runs/functional_form/attempt_02/results_single.csv|runs/functional_form/repairs/m211/round_01/results_single.csv,3,3,2,711.7589965436257,True,resolved_reproduced_max_lml,False
2021,0.212,0.005416316,0.199813289,0.2241867109999999,90185144.73372865,1.64,0.2031172417599999,0.22088275824,0.01776551648,0.0,1.0,8000,0.000125,True,4604.361223183916,7.820210481251606e-06,0.1899575681850769,0.8780526699876549,1775.9488361697277,2022.5327135421448,True,tilde_q_mu,asymptotic,default,sidak_approx,observed,8.81**2 * RBF(length_scale=0.323),0.0277505225766093,0.3784162169537641,0.1024755959823144,0.3227307054591178,0.0252277477969176,77.54994142875184,1571.2480348422434,377,256,121,416,39,0.04,0.3,0.000625,1.0,1e-08,1e+18,False,False,False,False,12,1.1,15.0,12.792687958397533,5.123505086595644,69.86597845357696,59.58491075098237,runs/functional_form/attempt_01/results_single.csv,False,runs/functional_form/attempt_01/results_single.csv,2,runs/functional_form/attempt_01/results_single.csv|runs/functional_form/repairs/m212/round_02/results_single.csv,runs/functional_form/attempt_01/results_single.csv|runs/functional_form/attempt_02/results_single.csv|runs/functional_form/repairs/m212/round_01/results_single.csv|runs/functional_form/repairs/m212/round_02/results_single.csv,4,4,2,1.910688752104761e-06,True,resolved_reproduced_max_lml,False
2021,0.213,0.005451437875,0.20073426478125,0.2252657352187499,87692400.078589,1.64,0.204059641885,0.2219403581149999,0.0178807162299999,0.0,1.0,8000,0.000125,True,4197.55123317411,7.297504436091541e-06,0.2582290381903793,0.6488148211930166,1297.7227770302134,2005.326445295756,True,tilde_q_mu,asymptotic,default,sidak_approx,observed,8.76**2 * RBF(length_scale=0.322),0.0277987290198092,0.3790735775428533,0.1026536100713629,0.3222829136496052,0.0252715718361902,76.72983671152102,1570.3199525823445,377,257,120,416,39,0.04,0.3,0.000625,1.0,1e-08,1e+18,False,False,False,False,12,1.1,15.0,12.752784660116752,5.0993388638422745,69.53643905239464,59.11888221776813,runs/functional_form/attempt_02/results_single.csv,False,runs/functional_form/attempt_02/results_single.csv,2,runs/functional_form/attempt_02/results_single.csv|runs/functional_form/attempt_01/results_single.csv,runs/functional_form/attempt_01/results_single.csv|runs/functional_form/attempt_02/results_single.csv,2,2,1,1.174940280179726e-06,False,stable_reproduced,False
2021,0.214,0.0054867315,0.201654854125,0.226345145875,85297275.72952412,1.64,0.20500176034,0.2229982396599999,0.0179964793199999,0.0,1.0,8000,0.000125,True,3847.8757954427974,6.8452928601965035e-06,0.3317657879448921,0.4350425040783784,865.1999930137854,1988.4609323807304,True,tilde_q_mu,asymptotic,default,sidak_approx,observed,8.83**2 * RBF(length_scale=0.323),0.0278473436110351,0.3797365037868427,0.1028331313468833,0.3229363983196658,0.0253157669191228,77.95823534829775,1569.3538149737662,377,259,118,416,39,0.04,0.3,0.000625,1.0,1e-08,1e+18,False,False,False,False,12,1.1,15.0,12.75633479133229,5.075397549713366,69.20996658700044,58.85770031204659,runs/functional_form/attempt_02/results_single.csv,False,runs/functional_form/attempt_02/results_single.csv,2,runs/functional_form/attempt_02/results_single.csv|runs/functional_form/attempt_01/results_single.csv,runs/functional_form/attempt_01/results_single.csv|runs/functional_form/attempt_02/results_single.csv,2,2,1,4.768480721395463e-09,False,stable_reproduced,False
2021,0.215,0.005522196875,0.20257505703125,0.22742494296875,82936171.06195708,1.64,0.205943597125,0.224056402875,0.01811280575,0.0,1.0,8000,0.000125,True,3316.5178232360954,6.039761875728785e-06,0.479822005340362,0.0506003164232485,100.03842421716652,1978.3256357909377,True,tilde_q_mu,asymptotic,default,sidak_approx,observed,8.86**2 * RBF(length_scale=0.323),0.0278963605717713,0.380404916887791,0.1030141384702921,0.323261138470558,0.0253603277925194,78.58667627106729,1566.5819231122423,376,260,116,416,40,0.04,0.3,0.000625,1.0,1e-08,1e+18,False,False,False,False,12,1.1,15.0,12.746725559513912,5.051678019315698,68.88651844521407,58.538503024769106,runs/functional_form/attempt_02/results_single.csv,False,runs/functional_form/attempt_02/results_single.csv,2,runs/functional_form/attempt_02/results_single.csv|runs/functional_form/attempt_01/results_single.csv,runs/functional_form/attempt_01/results_single.csv|runs/functional_form/attempt_02/results_single.csv,2,2,1,1.4360923614731291e-06,False,stable_reproduced,False
2021,0.216,0.0055578339999999,0.2034948735,0.2285051265,80666190.61149085,1.64,0.20688515224,0.22511484776,0.0182296955199999,0.0,1.0,8000,0.000125,True,2913.027310536937,5.428991715517673e-06,0.5,0.0,-594.1600332938577,1962.030972244724,True,tilde_q_mu,asymptotic,default,sidak_approx,observed,8.86**2 * RBF(length_scale=0.323),0.0279457742300831,0.3810787395011339,0.1031966104965824,0.3232246629184354,0.0254052493000755,78.52867944020322,1567.602613080541,376,262,114,416,40,0.04,0.3,0.000625,1.0,1e-08,1e+18,False,False,False,False,12,1.1,15.0,12.722751077962208,5.028177205379499,68.56605280062952,58.15658814538819,runs/functional_form/attempt_01/results_single.csv,False,runs/functional_form/attempt_01/results_single.csv,2,runs/functional_form/attempt_01/results_single.csv|runs/functional_form/attempt_02/results_single.csv,runs/functional_form/attempt_01/results_single.csv|runs/functional_form/attempt_02/results_single.csv,2,2,1,1.3645285434904508e-07,False,stable_reproduced,False
2021,0.217,0.005593642875,0.20441430353125,0.22958569646875,78431109.94118327,1.64,0.207826425685,0.226173574315,0.0183471486299999,0.0,1.0,8000,0.000125,True,2692.870293108688,5.137919108609137e-06,0.4992951253209046,0.0017668597199865,-1057.184474072372,1943.3540045686632,True,tilde_q_mu,asymptotic,default,sidak_approx,observed,8.82**2 * RBF(length_scale=0.323),0.0279955790181704,0.3817578957023249,0.1033805268652899,0.3228897049269582,0.0254505263801549,77.86347474280895,1569.123324021675,376,263,113,416,40,0.04,0.3,0.000625,1.0,1e-08,1e+18,False,False,False,False,12,1.1,15.0,12.686955865035896,5.0048920969361115,68.24852859458333,57.72440467554127,runs/functional_form/attempt_01/results_single.csv,False,runs/functional_form/attempt_01/results_single.csv,2,runs/functional_form/attempt_01/results_single.csv|runs/functional_form/attempt_02/results_single.csv,runs/functional_form/attempt_01/results_single.csv|runs/functional_form/attempt_02/results_single.csv,2,2,1,1.5687414816056844e-06,False,stable_reproduced,False
2021,0.218,0.0056296235,0.205333347125,0.230666652875,76236851.52538474,1.64,0.20876741746,0.22723258254,0.01846516508,0.0,1.0,8000,0.000125,True,2524.5683978385036,4.9327103880594145e-06,0.4999513009912829,0.0001220703125,-1477.010587259182,1925.9424440342336,True,tilde_q_mu,asymptotic,default,sidak_approx,observed,8.82**2 * RBF(length_scale=0.323),0.0280457694699898,0.3824423109544073,0.103565867391711,0.322825765439331,0.0254961540636271,77.81476648748475,1569.3380872065802,376,265,111,416,40,0.04,0.3,0.000625,1.0,1e-08,1e+18,False,False,False,False,12,1.1,15.0,12.6617435960616,4.981819738032192,67.93390551862079,57.3441128770567,runs/functional_form/attempt_02/results_single.csv,False,runs/functional_form/attempt_02/results_single.csv,2,runs/functional_form/attempt_02/results_single.csv|runs/functional_form/attempt_01/results_single.csv,runs/functional_form/attempt_01/results_single.csv|runs/functional_form/attempt_02/results_single.csv,2,2,1,1.688824113443843e-06,False,stable_reproduced,False
2021,0.219,0.005665775875,0.20625200428125,0.23174799571875,74103158.47642389,1.64,0.209708127565,0.228291872435,0.0185837448699999,0.0,1.0,8000,0.000125,True,2358.62738878455,4.719526460764695e-06,0.5,0.0,-2008.55373122973,1913.368042580001,True,tilde_q_mu,asymptotic,default,sidak_approx,observed,8.87**2 * RBF(length_scale=0.323),0.0280963402189413,0.3831319120764731,0.1037526122583625,0.3232733212422086,0.0255421274717648,78.70492085637252,1566.4973973793246,375,266,109,416,41,0.04,0.3,0.000625,1.0,1e-08,1e+18,False,False,False,False,12,1.1,15.0,12.65647591805208,4.958957226478954,67.62214399744026,57.057202468710194,runs/functional_form/attempt_02/results_single.csv,False,runs/functional_form/attempt_02/results_single.csv,2,runs/functional_form/attempt_02/results_single.csv|runs/functional_form/attempt_01/results_single.csv,runs/functional_form/attempt_01/results_single.csv|runs/functional_form/attempt_02/results_single.csv,2,2,1,9.703712748887483e-07,False,stable_reproduced,False
2021,0.22,0.0057021,0.207170275,0.232829725,72056230.15568508,1.64,0.210648556,0.229351444,0.018702888,0.0,1.0,8000,0.000125,True,2313.8833241210195,4.739877967334092e-06,0.5,0.0,-2118.0056769312896,1901.2538970195255,True,tilde_q_mu,asymptotic,default,sidak_approx,observed,8.79**2 * RBF(length_scale=0.322),0.0281472859956161,0.3838266272129476,0.1039407420066625,0.322474515562288,0.0255884418141965,77.19892144224225,1564.822449527133,374,267,107,416,42,0.04,0.3,0.000625,1.0,1e-08,1e+18,False,False,False,False,12,1.1,15.0,12.602350620012302,4.936301712635021,67.31320517229574,56.55364086253977,runs/functional_form/attempt_02/results_single.csv,False,runs/functional_form/attempt_02/results_single.csv,2,runs/functional_form/attempt_02/results_single.csv|runs/functional_form/attempt_01/results_single.csv,runs/functional_form/attempt_01/results_single.csv|runs/functional_form/attempt_02/results_single.csv,2,2,1,1.98528982764401e-06,False,stable_reproduced,False
2021,0.221,0.005738595875,0.20808815928125,0.23391184071875,70072537.02592257,1.64,0.211588702765,0.230411297235,0.01882259447,0.0,1.0,8000,0.000125,True,2234.6632180202355,4.68588781933419e-06,0.5,0.0,-2288.8268970280656,1873.958325005305,True,tilde_q_mu,asymptotic,default,sidak_approx,observed,8.82**2 * RBF(length_scale=0.323),0.0281986016256085,0.3845263858037528,0.1041302375288517,0.3228382123077301,0.0256350923869168,77.83972941908165,1570.2384295676277,375,269,106,416,41,0.04,0.3,0.000625,1.0,1e-08,1e+18,False,False,False,False,12,1.1,15.0,12.59360440114872,4.913850398222813,67.00705088485654,56.25735272876836,runs/functional_form/attempt_01/results_single.csv,False,runs/functional_form/attempt_01/results_single.csv,2,runs/functional_form/attempt_01/results_single.csv|runs/functional_form/attempt_02/results_single.csv,runs/functional_form/attempt_01/results_single.csv|runs/functional_form/attempt_02/results_single.csv,2,2,1,1.526218511571642e-06,False,stable_reproduced,False
2021,0.222,0.0057752635,0.209005657125,0.234994342875,68109664.16035153,1.64,0.21252856786,0.23147143214,0.01894286428,0.0,1.0,8000,0.000125,True,2176.8832688191587,4.675126324258606e-06,0.5,0.0,-2457.9284780950966,1859.0371008838692,True,tilde_q_mu,asymptotic,default,sidak_approx,observed,8.89**2 * RBF(length_scale=0.323),0.0282502820273846,0.3852311185552448,0.1043210800601226,0.3234270204482192,0.0256820745703496,79.07229739374836,1568.5378471425968,374,270,104,416,42,0.04,0.3,0.000625,1.0,1e-08,1e+18,False,False,False,False,12,1.1,15.0,12.59349277108714,4.891600535176381,66.7036436614961,56.00212361708158,runs/functional_form/attempt_02/results_single.csv,False,runs/functional_form/attempt_02/results_single.csv,2,runs/functional_form/attempt_02/results_single.csv|runs/functional_form/attempt_01/results_single.csv,runs/functional_form/attempt_01/results_single.csv|runs/functional_form/attempt_02/results_single.csv,2,2,1,1.243194674316328e-06,False,stable_reproduced,False
2021,0.223,0.005812102875,0.20992276853125,0.23607723146875,66214738.059975564,1.64,0.213468151285,0.232531848715,0.01906369743,0.0,1.0,8000,0.000125,True,2165.8862982760033,4.763169622253718e-06,0.5,0.0,-2377.10742783354,1839.4760045809512,True,tilde_q_mu,asymptotic,default,sidak_approx,observed,8.88**2 * RBF(length_scale=0.323),0.0283023222102076,0.3859407574119222,0.1045132511709582,0.3232935659708036,0.0257293838274614,78.85885649081725,1567.0418976799458,374,272,102,416,42,0.04,0.3,0.000625,1.0,1e-08,1e+18,False,False,False,False,12,1.1,15.0,12.56514995224044,4.869549424520059,66.40294669800079,55.62419883540061,runs/functional_form/attempt_01/results_single.csv,False,runs/functional_form/attempt_01/results_single.csv,2,runs/functional_form/attempt_01/results_single.csv|runs/functional_form/attempt_02/results_single.csv,runs/functional_form/attempt_01/results_single.csv|runs/functional_form/attempt_02/results_single.csv,2,2,1,8.603365131421015e-07,False,stable_reproduced,False
2021,0.224,0.005849114,0.2108394935,0.2371605065,64362913.74671155,1.64,0.21440745304,0.23359254696,0.01918509392,0.0,1.0,8000,0.000125,True,2188.3530463313346,4.928940720385137e-06,0.5,0.0,-2121.662734339376,1816.5056552366116,True,tilde_q_mu,asymptotic,default,sidak_approx,observed,8.89**2 * RBF(length_scale=0.323),0.0283547172721207,0.3866552355289188,0.1047067327596833,0.3233569048319343,0.0257770157019279,78.9568373014036,1566.771940173958,374,273,101,416,42,0.04,0.3,0.000625,1.0,1e-08,1e+18,False,False,False,False,12,1.1,15.0,12.544388713226793,4.847694415277375,66.10492384469147,55.28305737107095,runs/functional_form/attempt_01/results_single.csv,False,runs/functional_form/attempt_01/results_single.csv,2,runs/functional_form/attempt_01/results_single.csv|runs/functional_form/attempt_02/results_single.csv,runs/functional_form/attempt_01/results_single.csv|runs/functional_form/attempt_02/results_single.csv,2,2,1,1.4683155313832685e-07,False,stable_reproduced,False
2021,0.225,0.005886296875,0.21175583203125,0.23824416796875,62544678.25081808,1.64,0.215346473125,0.234653526875,0.01930705375,0.0,1.0,8000,0.000125,True,2266.158173888968,5.2292241813622635e-06,0.5,0.0,-1689.0805790761317,1796.5861618326755,True,tilde_q_mu,asymptotic,default,sidak_approx,observed,8.83**2 * RBF(length_scale=0.323),0.0284074623979809,0.3873744872451945,0.1049015070452041,0.3228874409900747,0.0258249658163463,77.95027273122474,1567.1776932102914,374,275,99,416,42,0.04,0.3,0.000625,1.0,1e-08,1e+18,False,False,False,False,12,1.1,15.0,12.50291842731882,4.82603290340855,65.80953959193478,54.85408701715792,runs/functional_form/attempt_02/results_single.csv,False,runs/functional_form/attempt_02/results_single.csv,2,runs/functional_form/attempt_02/results_single.csv|runs/functional_form/attempt_01/results_single.csv,runs/functional_form/attempt_01/results_single.csv|runs/functional_form/attempt_02/results_single.csv,2,2,1,1.7940456018550321e-06,False,stable_reproduced,False
2021,0.226,0.0059236515,0.212671784125,0.239328215875,60771554.15297639,1.64,0.21628521154,0.23571478846,0.01942957692,0.0,1.0,8000,0.000125,True,2309.6152358249115,5.460730903517153e-06,0.499975650495596,6.103515625e-05,-1450.2074677110063,1781.0450453408955,True,tilde_q_mu,asymptotic,default,sidak_approx,observed,8.86**2 * RBF(length_scale=0.323),0.0284605528575465,0.3880984480574534,0.1050975565599455,0.3231640782708027,0.0258732298704968,78.52870284248705,1564.215753932262,373,276,97,416,43,0.04,0.3,0.000625,1.0,1e-08,1e+18,False,False,False,False,12,1.1,15.0,12.490287447231507,4.804562330776309,65.51675905604058,54.55487688139699,runs/functional_form/attempt_02/results_single.csv,False,runs/functional_form/attempt_02/results_single.csv,2,runs/functional_form/attempt_02/results_single.csv|runs/functional_form/attempt_01/results_single.csv,runs/functional_form/attempt_01/results_single.csv|runs/functional_form/attempt_02/results_single.csv,2,2,1,1.2122995940444525e-06,False,stable_reproduced,False
2021,0.227,0.005961177875,0.21358734978125,0.24041265021875,59077484.03982016,1.64,0.217223668285,0.236776331715,0.01955266343,0.0,1.0,8000,0.000125,True,2341.880860149794,5.670702589603836e-06,0.5,0.0,-1242.308080107732,1760.332731492233,True,tilde_q_mu,asymptotic,default,sidak_approx,observed,8.9**2 * RBF(length_scale=0.323),0.0285139840036164,0.3888270545947703,0.1052948641429799,0.3234711963114516,0.0259218036396513,79.18920729353134,1565.2722070904974,373,278,95,416,43,0.04,0.3,0.000625,1.0,1e-08,1e+18,False,False,False,False,12,1.1,15.0,12.478730292388027,4.783280184139193,65.22654796553445,54.26296666436103,runs/functional_form/attempt_01/results_single.csv,False,runs/functional_form/attempt_01/results_single.csv,2,runs/functional_form/attempt_01/results_single.csv|runs/functional_form/attempt_02/results_single.csv,runs/functional_form/attempt_01/results_single.csv|runs/functional_form/attempt_02/results_single.csv,2,2,1,5.389665602706373e-07,False,stable_reproduced,False
2021,0.228,0.005998876,0.214502529,0.241497471,57436780.43420136,1.64,0.21816184336,0.23783815664,0.01967631328,0.0,1.0,8000,0.000125,True,2405.49599181365,5.964851344666463e-06,0.499975650495596,6.103515625e-05,-958.848205896089,1738.653932965604,True,tilde_q_mu,asymptotic,default,sidak_approx,observed,8.9**2 * RBF(length_scale=0.324),0.0285677512702127,0.3895602445938106,0.1054934129333165,0.323504644822338,0.0259706829729207,79.257166126896,1565.561013210816,373,279,94,416,43,0.04,0.3,0.000625,1.0,1e-08,1e+18,False,False,False,False,12,1.1,15.0,12.456532050375882,4.762183994170372,64.9388726477778,53.92754323015479,runs/functional_form/attempt_01/results_single.csv,False,runs/functional_form/attempt_01/results_single.csv,2,runs/functional_form/attempt_01/results_single.csv|runs/functional_form/attempt_02/results_single.csv,runs/functional_form/attempt_01/results_single.csv|runs/functional_form/attempt_02/results_single.csv,2,2,1,9.065090580406832e-07,False,stable_reproduced,False
2021,0.229,0.006036745875,0.21541732178125,0.24258267821875,55831675.293223605,1.64,0.219099736765,0.238900263235,0.01980052647,0.0,1.0,8000,0.000125,True,2491.3694877617527,6.327642311691513e-06,0.5,0.0,-664.2635857164471,1719.7646631707266,True,tilde_q_mu,asymptotic,default,sidak_approx,observed,8.91**2 * RBF(length_scale=0.324),0.0286218501708174,0.3902979568747833,0.1056931863633896,0.3235894606985199,0.0260198637916522,79.4742325372691,1565.6034672900732,373,281,92,416,43,0.04,0.3,0.000625,1.0,1e-08,1e+18,False,False,False,False,12,1.1,15.0,12.436247295127462,4.741271334503118,64.6537000159516,53.60329346289069,runs/functional_form/repairs/m229/round_01/results_single.csv,False,runs/functional_form/repairs/m229/round_01/results_single.csv,2,runs/functional_form/repairs/m229/round_01/results_single.csv|runs/functional_form/attempt_01/results_single.csv,runs/functional_form/attempt_01/results_single.csv|runs/functional_form/attempt_02/results_single.csv|runs/functional_form/repairs/m229/round_01/results_single.csv,3,3,2,3.552608632162446e-06,True,resolved_reproduced_max_lml,False
2021,0.23,0.0060747875,0.216331728125,0.243668271875,54262302.35414737,1.64,0.2200373485,0.2399626515,0.019925303,0.0,1.0,8000,0.000125,True,2492.3598516957354,6.484919895344715e-06,0.5,0.0,-613.175353459121,1706.1905793430692,True,tilde_q_mu,asymptotic,default,sidak_approx,observed,9**2 * RBF(length_scale=0.324),0.0286762762966508,0.3910401313179656,0.1058941681527014,0.3241755346260032,0.0260693420878643,80.93559580222747,1563.386217081451,372,282,90,416,44,0.04,0.3,0.000625,1.0,1e-08,1e+18,False,False,False,False,12,1.1,15.0,12.43512527218365,4.720539820800449,64.37099755636976,53.36409456725904,runs/functional_form/attempt_01/results_single.csv,False,runs/functional_form/attempt_01/results_single.csv,2,runs/functional_form/attempt_01/results_single.csv|runs/functional_form/attempt_02/results_single.csv,runs/functional_form/attempt_01/results_single.csv|runs/functional_form/attempt_02/results_single.csv,2,2,1,4.501364401221508e-07,False,stable_reproduced,False
2021,0.231,0.006113000875,0.21724574803125,0.24475425196875,52721717.822498925,1.64,0.220974678565,0.241025321435,0.02005064287,0.0,1.0,8000,0.000125,True,2615.2401672790975,6.973165418446862e-06,0.499975650495596,6.103515625e-05,-292.9136062222584,1689.096844466326,True,tilde_q_mu,asymptotic,default,sidak_approx,observed,8.91**2 * RBF(length_scale=0.324),0.0287310253149946,0.3917867088408355,0.1060963423016291,0.323570387652445,0.0261191139227223,79.36193920380465,1561.026441624841,372,284,88,416,44,0.04,0.3,0.000625,1.0,1e-08,1e+18,False,False,False,False,12,1.1,15.0,12.388260513345912,4.699987109848828,64.09073331612038,52.93151338743183,runs/functional_form/attempt_02/results_single.csv,False,runs/functional_form/attempt_02/results_single.csv,2,runs/functional_form/attempt_02/results_single.csv|runs/functional_form/attempt_01/results_single.csv,runs/functional_form/attempt_01/results_single.csv|runs/functional_form/attempt_02/results_single.csv,2,2,1,6.742893674527295e-07,False,stable_reproduced,False
2021,0.232,0.006151386,0.2181593815,0.2458406185,51251552.38699205,1.64,0.22191172696,0.24208827304,0.02017654608,0.0,1.0,8000,0.000125,True,2620.074743536413,7.155477053973163e-06,0.499975650495596,6.103515625e-05,-227.64492486565615,1670.9946695424107,True,tilde_q_mu,asymptotic,default,sidak_approx,observed,8.91**2 * RBF(length_scale=0.324),0.0287860929675617,0.3925376313758422,0.1062996930854058,0.3235952473872551,0.0261691754250561,79.37752442255679,1561.8417537401006,372,285,87,416,44,0.04,0.3,0.000625,1.0,1e-08,1e+18,False,False,False,False,12,1.1,15.0,12.365511795126071,4.679610898675804,63.81287589103368,52.60525796743288,runs/functional_form/attempt_01/results_single.csv,False,runs/functional_form/attempt_01/results_single.csv,2,runs/functional_form/attempt_01/results_single.csv|runs/functional_form/attempt_02/results_single.csv,runs/functional_form/attempt_01/results_single.csv|runs/functional_form/attempt_02/results_single.csv,2,2,1,1.1026472748199012e-06,False,stable_reproduced,False
2021,0.233,0.006189942875,0.21907262853125,0.24692737146875,49805482.399550624,1.64,0.222848493685,0.243151506315,0.02030301263,0.0,1.0,8000,0.000125,True,2625.134211200806,7.345787518558395e-06,0.499975650495596,6.103515625e-05,-172.92594406271448,1656.1757894509124,True,tilde_q_mu,asymptotic,default,sidak_approx,observed,8.88**2 * RBF(length_scale=0.323),0.0288414750689017,0.3932928418486603,0.1065042050482311,0.3233658307379914,0.0262195227899106,78.853455911698,1562.8722784219808,372,287,85,416,44,0.04,0.3,0.000625,1.0,1e-08,1e+18,False,False,False,False,12,1.1,15.0,12.333017398105474,4.659408923689259,63.53739441394444,52.24051938249776,runs/functional_form/attempt_01/results_single.csv,False,runs/functional_form/attempt_01/results_single.csv,2,runs/functional_form/attempt_01/results_single.csv|runs/functional_form/attempt_02/results_single.csv,runs/functional_form/attempt_01/results_single.csv|runs/functional_form/attempt_02/results_single.csv,2,2,1,6.238224159460515e-07,False,stable_reproduced,False
2021,0.234,0.0062286715,0.219985489125,0.248014510875,48395595.20414742,1.64,0.22378497874,0.24421502126,0.02043004252,0.0,1.0,8000,0.000125,True,2695.5925115592468,7.729519023207908e-06,0.5,0.0,-24.38766861146973,1647.3915460023427,True,tilde_q_mu,asymptotic,default,sidak_approx,observed,8.81**2 * RBF(length_scale=0.323),0.0288971675048537,0.394052284157097,0.1067098629975592,0.3227717619495225,0.0262701522771398,77.66648520837195,1559.109666616453,371,288,83,416,45,0.04,0.3,0.000625,1.0,1e-08,1e+18,False,False,False,False,12,1.1,15.0,12.28663460129226,4.639378959839796,63.26425854326993,51.82032186952266,runs/functional_form/attempt_02/results_single.csv,False,runs/functional_form/attempt_02/results_single.csv,2,runs/functional_form/attempt_02/results_single.csv|runs/functional_form/attempt_01/results_single.csv,runs/functional_form/attempt_01/results_single.csv|runs/functional_form/attempt_02/results_single.csv,2,2,1,1.6964668247965164e-07,False,stable_reproduced,False
2021,0.235,0.006267571875,0.22089796328125,0.2491020367187499,47012739.219878465,1.64,0.2247211821249999,0.245278817875,0.02055763575,0.0,1.0,8000,0.000125,True,2617.182165153282,7.692552264619009e-06,0.5,0.0,-136.1066258151519,1639.2273808063185,True,tilde_q_mu,asymptotic,default,sidak_approx,observed,8.83**2 * RBF(length_scale=0.323),0.0289531662310341,0.394815903150465,0.1069166519985136,0.3229406622532341,0.026321060210031,77.9884748853489,1556.353005462489,370,289,81,416,46,0.04,0.3,0.000625,1.0,1e-08,1e+18,False,False,False,False,12,1.1,15.0,12.269287774744,4.619518819803578,62.993438451866965,51.525641619105336,runs/functional_form/attempt_01/results_single.csv,False,runs/functional_form/attempt_01/results_single.csv,2,runs/functional_form/attempt_01/results_single.csv|runs/functional_form/repairs/m235/round_01/results_single.csv,runs/functional_form/attempt_01/results_single.csv|runs/functional_form/attempt_02/results_single.csv|runs/functional_form/repairs/m235/round_01/results_single.csv,3,3,2,1.4379907042894047e-06,True,resolved_reproduced_max_lml,False
2021,0.236,0.006306644,0.2218100509999999,0.2501899489999999,45679826.44124699,1.64,0.2256571038399999,0.24634289616,0.02068579232,0.0,1.0,8000,0.000125,True,2608.76655295863,7.858120635127403e-06,0.5,0.0,-97.45602754096886,1621.2402577291286,True,tilde_q_mu,asymptotic,default,sidak_approx,observed,8.8**2 * RBF(length_scale=0.323),0.0290094672713634,0.3955836446095018,0.1071245573684485,0.3226377204789321,0.0263722429739667,77.3990229567937,1560.7420155735,371,291,80,416,45,0.04,0.3,0.000625,1.0,1e-08,1e+18,False,False,False,False,12,1.1,15.0,12.23398862195461,4.599826353186174,62.7249048161751,51.15838478895147,runs/functional_form/attempt_02/results_single.csv,False,runs/functional_form/attempt_02/results_single.csv,2,runs/functional_form/attempt_02/results_single.csv|runs/functional_form/attempt_01/results_single.csv,runs/functional_form/attempt_01/results_single.csv|runs/functional_form/attempt_02/results_single.csv,2,2,1,3.242410002712859e-07,False,stable_reproduced,False
2021,0.237,0.006345887875,0.22272175228125,0.25127824771875,44384391.87212218,1.64,0.226592743885,0.2474072561149999,0.0208145122299999,0.0,1.0,8000,0.000125,True,2688.570689435873,8.299707017571756e-06,0.4875022795074519,0.0313322653377069,50.171789193321125,1615.494426092806,True,tilde_q_mu,asymptotic,default,sidak_approx,observed,8.76**2 * RBF(length_scale=0.322),0.0290660667166324,0.3963554552268056,0.1073335646716512,0.3222416546216436,0.0264236970151203,76.7039675838947,1559.0411813222709,370,292,78,416,46,0.04,0.3,0.000625,1.0,1e-08,1e+18,False,False,False,False,12,1.1,15.0,12.195176717218944,4.580299445746575,62.458628805635115,50.779601053326786,runs/functional_form/attempt_01/results_single.csv,False,runs/functional_form/attempt_01/results_single.csv,2,runs/functional_form/attempt_01/results_single.csv|runs/functional_form/attempt_02/results_single.csv,runs/functional_form/attempt_01/results_single.csv|runs/functional_form/attempt_02/results_single.csv,2,2,1,6.218774615263101e-07,False,stable_reproduced,False
2021,0.238,0.0063853035,0.223633067125,0.252366932875,43150069.97440755,1.64,0.2275281022599999,0.24847189774,0.02094379548,0.0,1.0,8000,0.000125,True,2706.0908221294803,8.556651201559306e-06,0.474517213781233,0.0639193715379462,101.87546906871684,1606.435915392671,True,tilde_q_mu,asymptotic,default,sidak_approx,observed,8.76**2 * RBF(length_scale=0.322),0.0291229607231004,0.3971312825877338,0.1075436597141695,0.3222122269034514,0.0264754188391822,76.65895049119361,1559.9943828345797,370,294,76,416,46,0.04,0.3,0.000625,1.0,1e-08,1e+18,False,False,False,False,12,1.1,15.0,12.170240964293791,4.560936018640379,62.1945820723688,50.461536699618335,runs/functional_form/attempt_01/results_single.csv,False,runs/functional_form/attempt_01/results_single.csv,2,runs/functional_form/attempt_01/results_single.csv|runs/functional_form/attempt_02/results_single.csv,runs/functional_form/attempt_01/results_single.csv|runs/functional_form/attempt_02/results_single.csv,2,2,1,1.3310602753335843e-06,False,stable_reproduced,False
2021,0.239,0.006424890875,0.2245439955312499,0.25345600446875,41910564.95451811,1.64,0.2284631789649999,0.249536821035,0.02107364207,0.0,1.0,8000,0.000125,True,2664.2173775755623,8.637104271197993e-06,0.4889433356573131,0.027718496478447,44.18724209601714,1602.8437115226914,True,tilde_q_mu,asymptotic,default,sidak_approx,observed,8.77**2 * RBF(length_scale=0.322),0.0291801455111333,0.3979110751518178,0.1077548285387784,0.32239127451738,0.0265274050101211,76.9641684740502,1556.510100302222,369,295,74,416,47,0.04,0.3,0.000625,1.0,1e-08,1e+18,False,False,False,False,12,1.1,15.0,12.153140286220076,4.541734027682346,61.9327367411229,50.17848252829353,runs/functional_form/attempt_01/results_single.csv,False,runs/functional_form/attempt_01/results_single.csv,2,runs/functional_form/attempt_01/results_single.csv|runs/functional_form/attempt_02/results_single.csv,runs/functional_form/attempt_01/results_single.csv|runs/functional_form/attempt_02/results_single.csv,2,2,1,1.075089357982506e-06,False,stable_reproduced,False
2021,0.24,0.00646465,0.2254545375,0.2545454625,40722504.22475857,1.64,0.229397974,0.250602026,0.0212040519999999,0.0,1.0,8000,0.000125,True,2639.685525314629,8.770541225762115e-06,0.4889948006774972,0.02758944346691,43.41731013500091,1588.7886435853452,True,tilde_q_mu,asymptotic,default,sidak_approx,observed,8.75**2 * RBF(length_scale=0.322),0.0292376173638717,0.3986947822346143,0.1079670574200659,0.3221971598432157,0.0265796521489742,76.58747872121799,1561.036043501898,370,297,73,416,46,0.04,0.3,0.000625,1.0,1e-08,1e+18,False,False,False,False,12,1.1,15.0,12.121947948654752,4.522691462627012,61.673065399459254,49.839845907081695,runs/functional_form/attempt_02/results_single.csv,False,runs/functional_form/attempt_02/results_single.csv,2,runs/functional_form/attempt_02/results_single.csv|runs/functional_form/attempt_01/results_single.csv,runs/functional_form/attempt_01/results_single.csv|runs/functional_form/attempt_02/results_single.csv,2,2,1,4.340658961154986e-07,False,stable_reproduced,False
2021,0.241,0.006504580875,0.2263646930312499,0.25563530696875,39555789.66735767,1.64,0.230332487365,0.251667512635,0.0213350252699999,0.0,1.0,8000,0.000125,True,2705.1160338728214,9.21464734914596e-06,0.4614640626090024,0.0967459788534126,153.1762935693186,1586.110483366215,True,tilde_q_mu,asymptotic,default,sidak_approx,observed,8.78**2 * RBF(length_scale=0.322),0.0292953726259335,0.3994823539900027,0.1081803328596386,0.3224238970034277,0.0266321569326668,77.04470333650029,1557.954832205094,369,298,71,416,47,0.04,0.3,0.000625,1.0,1e-08,1e+18,False,False,False,False,12,1.1,15.0,12.106563423255606,4.503806346467102,61.41554108818776,49.56874289051372,runs/functional_form/repairs/m241/round_02/results_single.csv,False,runs/functional_form/repairs/m241/round_02/results_single.csv,2,runs/functional_form/repairs/m241/round_02/results_single.csv|runs/functional_form/attempt_02/results_single.csv,runs/functional_form/attempt_01/results_single.csv|runs/functional_form/attempt_02/results_single.csv|runs/functional_form/repairs/m241/round_01/results_single.csv|runs/functional_form/repairs/m241/round_02/results_single.csv,4,4,3,2.1540406578424154e-06,True,resolved_reproduced_max_lml,False
2021,0.242,0.0065446835,0.227274462125,0.256725537875,38433549.77614895,1.64,0.23126671906,0.2527332809399999,0.0214665618799999,0.0,1.0,8000,0.000125,True,2824.8120454294194,9.86242274238203e-06,0.4118194631076683,0.2228671213079655,352.58098403063974,1579.376610181638,True,tilde_q_mu,asymptotic,default,sidak_approx,observed,8.75**2 * RBF(length_scale=0.322),0.0293534077021493,0.4002737413929458,0.1083946415814538,0.3221719941400371,0.026684916092863,76.6429319429656,1559.4698672281847,369,300,69,416,47,0.04,0.3,0.000625,1.0,1e-08,1e+18,False,False,False,False,12,1.1,15.0,12.07318745237512,4.4850767347495655,61.16013729203953,49.226520142652745,runs/functional_form/attempt_01/results_single.csv,False,runs/functional_form/attempt_01/results_single.csv,2,runs/functional_form/attempt_01/results_single.csv|runs/functional_form/attempt_02/results_single.csv,runs/functional_form/attempt_01/results_single.csv|runs/functional_form/attempt_02/results_single.csv,2,2,1,1.9561844055715483e-07,False,stable_reproduced,False
2021,0.243,0.006584957875,0.22818384478125,0.25781615521875,37332878.58161166,1.64,0.232200669085,0.253799330915,0.02159866183,0.0,1.0,8000,0.000125,True,2867.2608850568868,1.026335570280704e-05,0.3949662829437468,0.2663981811218809,421.1218032479976,1577.3264810677697,True,tilde_q_mu,asymptotic,default,sidak_approx,observed,8.77**2 * RBF(length_scale=0.322),0.0294117190563266,0.4010688962226361,0.108609970527255,0.3223166044732948,0.0267379264148424,76.91744500463844,1555.797801293782,368,301,67,416,48,0.04,0.3,0.000625,1.0,1e-08,1e+18,False,False,False,False,12,1.1,15.0,12.054659717156476,4.466500714908013,60.90682793056381,48.94740567695656,runs/functional_form/attempt_01/results_single.csv,False,runs/functional_form/attempt_01/results_single.csv,2,runs/functional_form/attempt_01/results_single.csv|runs/functional_form/attempt_02/results_single.csv,runs/functional_form/attempt_01/results_single.csv|runs/functional_form/attempt_02/results_single.csv,2,2,1,1.8605078366817906e-08,False,stable_reproduced,False
2021,0.244,0.006625404,0.229092841,0.258907159,36240747.78783116,1.64,0.23313433744,0.25486566256,0.0217313251199999,0.0,1.0,8000,0.000125,True,2997.766666639309,1.1008566535535024e-05,0.3401119750480686,0.412157548556595,643.1335092740326,1562.4912741999908,True,tilde_q_mu,asymptotic,default,sidak_approx,observed,8.83**2 * RBF(length_scale=0.323),0.029470303210048,0.4018677710461094,0.1088263068521347,0.3227813868284043,0.0267911847364072,77.9873008813233,1560.8561798493902,369,303,66,416,47,0.04,0.3,0.000625,1.0,1e-08,1e+18,False,False,False,False,12,1.1,15.0,12.04804453420709,4.448076405612099,60.65558734925589,48.71874784215488,runs/functional_form/attempt_02/results_single.csv,False,runs/functional_form/attempt_02/results_single.csv,2,runs/functional_form/attempt_02/results_single.csv|runs/functional_form/attempt_01/results_single.csv,runs/functional_form/attempt_01/results_single.csv|runs/functional_form/attempt_02/results_single.csv,2,2,1,1.4092292985878885e-06,False,stable_reproduced,False
2021,0.245,0.006666021875,0.23000145078125,0.25999854921875,35231160.94273463,1.64,0.234067724125,0.255932275875,0.02186455175,0.0,1.0,8000,0.000125,True,3178.4892641263077,1.195769941487098e-05,0.2826291882531335,0.5750486773121207,895.7961442780439,1559.5683968013434,True,tilde_q_mu,asymptotic,default,sidak_approx,observed,8.85**2 * RBF(length_scale=0.323),0.0295291567414944,0.4026703192021974,0.1090436379201891,0.322896475814028,0.0268446879468131,78.38596613444105,1560.1940451175687,368,304,64,416,48,0.04,0.3,0.000625,1.0,1e-08,1e+18,False,False,False,False,12,1.1,15.0,12.028319213610391,4.429801956132116,60.40639031089249,48.43915634675711,runs/functional_form/attempt_01/results_single.csv,False,runs/functional_form/attempt_01/results_single.csv,2,runs/functional_form/attempt_01/results_single.csv|runs/functional_form/attempt_02/results_single.csv,runs/functional_form/attempt_01/results_single.csv|runs/functional_form/attempt_02/results_single.csv,2,2,1,3.2741172617534176e-06,False,stable_reproduced,False
2021,0.246,0.0067068115,0.230909674125,0.261090325875,34231611.46534635,1.64,0.23500082914,0.25699917086,0.02199834172,0.0,1.0,8000,0.000125,True,3324.1231086719235,1.281842215310479e-05,0.2408592263402034,0.703541341011899,1093.7558053014518,1555.7464614291025,True,tilde_q_mu,asymptotic,default,sidak_approx,observed,8.87**2 * RBF(length_scale=0.323),0.0295882762843003,0.4034764947859137,0.1092619513002888,0.3230056229097003,0.0268984329857275,78.68365304350282,1556.725284969032,367,305,62,416,49,0.04,0.3,0.000625,1.0,1e-08,1e+18,False,False,False,False,12,1.1,15.0,12.008343500199004,4.411675545719503,60.159211987084134,48.16083214947972,runs/functional_form/attempt_01/results_single.csv,False,runs/functional_form/attempt_01/results_single.csv,2,runs/functional_form/attempt_01/results_single.csv|runs/functional_form/attempt_02/results_single.csv,runs/functional_form/attempt_01/results_single.csv|runs/functional_form/attempt_02/results_single.csv,2,2,1,5.051031166658504e-07,False,stable_reproduced,False
2021,0.247,0.006747772875,0.23181751103125,0.26218248896875,33240766.184267055,1.64,0.235933652485,0.258066347515,0.02213269503,0.0,1.0,8000,0.000125,True,3547.1467247426544,1.4029141524121783e-05,0.1805621149091853,0.913224977729014,1403.4422824999706,1538.7223552144071,True,tilde_q_mu,asymptotic,default,sidak_approx,observed,8.89**2 * RBF(length_scale=0.323),0.0296476585264336,0.4042862526331858,0.1094812347619452,0.323001948357003,0.0269524168422123,79.07979279616832,1561.346591079494,368,307,61,416,48,0.04,0.3,0.000625,1.0,1e-08,1e+18,False,False,False,False,12,1.1,15.0,11.984155270674028,4.393695383001999,59.91402795002726,47.86793425630868,runs/functional_form/attempt_02/results_single.csv,False,runs/functional_form/attempt_02/results_single.csv,2,runs/functional_form/attempt_02/results_single.csv|runs/functional_form/attempt_01/results_single.csv,runs/functional_form/attempt_01/results_single.csv|runs/functional_form/attempt_02/results_single.csv,2,2,1,1.1472002370283008e-06,False,stable_reproduced,False
2021,0.248,0.006788906,0.2327249615,0.2632750385,32306957.309929177,1.64,0.23686619416,0.25913380584,0.02226761168,0.0,1.0,8000,0.000125,True,3689.1890574438967,1.4952131063697986e-05,0.1505247148855499,1.0341855464117349,1583.9461057389235,1532.9304796692256,True,tilde_q_mu,asymptotic,default,sidak_approx,observed,8.92**2 * RBF(length_scale=0.323),0.0297073002091074,0.4050995483060104,0.1097014762712903,0.3232100964208665,0.027006636553734,79.63388640506584,1557.7093267783002,367,308,59,416,49,0.04,0.3,0.000625,1.0,1e-08,1e+18,False,False,False,False,12,1.1,15.0,11.967802646500916,4.375859705393982,59.67081416446339,47.60856851175528,runs/functional_form/attempt_02/results_single.csv,False,runs/functional_form/attempt_02/results_single.csv,2,runs/functional_form/attempt_02/results_single.csv|runs/functional_form/attempt_01/results_single.csv,runs/functional_form/attempt_01/results_single.csv|runs/functional_form/attempt_02/results_single.csv,2,2,1,2.9564307624241337e-07,False,stable_reproduced,False
2021,0.249,0.006830210875,0.23363202553125,0.26436797446875,31367919.80580777,1.64,0.237798454165,0.260201545835,0.0224030916699999,0.0,1.0,8000,0.000125,True,3761.554904753517,1.5638758071828145e-05,0.1333366433557058,1.110756240884612,1689.2433094703074,1521.5141337110088,True,tilde_q_mu,asymptotic,default,sidak_approx,observed,8.93**2 * RBF(length_scale=0.323),0.029767198125712,0.4059163380778918,0.1099226639871329,0.3233090227567155,0.0270610892051927,79.66931292350178,1556.1845527897283,367,310,57,416,49,0.04,0.3,0.000625,1.0,1e-08,1e+18,False,False,False,False,12,1.1,15.0,11.947376556250196,4.358166778520153,59.429546979820266,47.33514508901827,runs/functional_form/attempt_01/results_single.csv,False,runs/functional_form/attempt_01/results_single.csv,2,runs/functional_form/attempt_01/results_single.csv|runs/functional_form/attempt_02/results_single.csv,runs/functional_form/attempt_01/results_single.csv|runs/functional_form/attempt_02/results_single.csv,2,2,1,1.000426664177212e-06,False,stable_reproduced,False
2021,0.25,0.0068716875,0.234538703125,0.265461296875,30463229.35640608,1.64,0.2387304325,0.2612695675,0.022539135,0.0,1.0,8000,0.000125,True,3772.926124181324,1.6087267178851797e-05,0.1286419375205962,1.1328342271233924,1715.384015704591,1513.6665115599578,True,tilde_q_mu,asymptotic,default,sidak_approx,observed,8.87**2 * RBF(length_scale=0.323),0.0298273491207752,0.4067365789196631,0.1101447862571196,0.3229924003636309,0.0271157719279775,78.68980385329776,1554.9729472922666,366,311,55,416,50,0.04,0.3,0.000625,1.0,1e-08,1e+18,False,False,False,False,12,1.1,15.0,11.911606323490778,4.3406148956534025,59.19020312254639,47.00335985354848,runs/functional_form/attempt_01/results_single.csv,False,runs/functional_form/attempt_01/results_single.csv,2,runs/functional_form/attempt_01/results_single.csv|runs/functional_form/attempt_02/results_single.csv,runs/functional_form/attempt_01/results_single.csv|runs/functional_form/attempt_02/results_single.csv,2,2,1,2.0220977603457868e-07,False,stable_reproduced,False
