individual_2015_full 19 gp 8448 calibration spectra [('profiled', 0.69921875, 'limited_mc'), ('fixed', 1.6171875, 'resolved')]
individual_2015_full 19 stress 8448 calibration spectra [('profiled', 0.384765625, 'limited_mc'), ('fixed', 0.72265625, 'limited_mc')]
POINT DONE individual_2015_full 19 in 9.8s
individual_2015_full 20 gp 8448 calibration spectra [('profiled', 1.7578125, 'resolved'), ('fixed', 1.8359375, 'resolved')]
individual_2015_full 20 stress 8448 calibration spectra [('profiled', 0.62109375, 'limited_mc'), ('fixed', 0.59765625, 'limited_mc')]
POINT DONE individual_2015_full 20 in 10.6s
individual_2015_full 21 gp 8448 calibration spectra [('profiled', 3.703125, 'resolved'), ('fixed', 4.109375, 'resolved')]
individual_2015_full 21 stress 8448 calibration spectra [('profiled', 3.734375, 'resolved'), ('fixed', 3.484375, 'resolved')]
POINT DONE individual_2015_full 21 in 9.8s
individual_2015_full 22 gp 8448 calibration spectra [('profiled', 2.421875, 'resolved'), ('fixed', 5.84375, 'resolved')]
individual_2015_full 22 stress 8448 calibration spectra [('profiled', 4.71875, 'resolved'), ('fixed', 8.9375, 'limited_mc')]
POINT DONE individual_2015_full 22 in 10.2s
individual_2015_full 23 gp 8448 calibration spectra [('profiled', 0.95703125, 'resolved'), ('fixed', 1.2734375, 'resolved')]
individual_2015_full 23 stress 8448 calibration spectra [('profiled', 2.0546875, 'resolved'), ('fixed', 2.796875, 'resolved')]
POINT DONE individual_2015_full 23 in 10.9s
individual_2015_full 24 gp 8448 calibration spectra [('profiled', 0.94140625, 'resolved'), ('fixed', 1.6171875, 'resolved')]
individual_2015_full 24 stress 8448 calibration spectra [('profiled', 0.92578125, 'resolved'), ('fixed', 1.8515625, 'resolved')]
POINT DONE individual_2015_full 24 in 11.0s
individual_2015_full 25 gp 8448 calibration spectra [('profiled', 1.6171875, 'resolved'), ('fixed', 1.8359375, 'resolved')]
individual_2015_full 25 stress 8448 calibration spectra [('profiled', 0.94140625, 'resolved'), ('fixed', 1.1953125, 'resolved')]
POINT DONE individual_2015_full 25 in 11.0s
individual_2015_full 26 gp 8448 calibration spectra [('profiled', 2.109375, 'resolved'), ('fixed', 1.9453125, 'resolved')]
individual_2015_full 26 stress 8448 calibration spectra [('profiled', 1.0390625, 'limited_mc'), ('fixed', 0.87109375, 'resolved')]
POINT DONE individual_2015_full 26 in 11.6s
individual_2015_full 27 gp 8448 calibration spectra [('profiled', 1.8515625, 'resolved'), ('fixed', 2.984375, 'resolved')]
individual_2015_full 27 stress 8448 calibration spectra [('profiled', 1.1171875, 'resolved'), ('fixed', 1.6171875, 'resolved')]
POINT DONE individual_2015_full 27 in 11.6s
individual_2015_full 28 gp 8448 calibration spectra [('profiled', 1.6640625, 'resolved'), ('fixed', 3.796875, 'resolved')]
individual_2015_full 28 stress 8448 calibration spectra [('profiled', 1.5859375, 'resolved'), ('fixed', 3.109375, 'resolved')]
POINT DONE individual_2015_full 28 in 12.2s
individual_2015_full 29 gp 8448 calibration spectra [('profiled', 1.8046875, 'resolved'), ('fixed', 2.640625, 'resolved')]
individual_2015_full 29 stress 8448 calibration spectra [('profiled', 2.609375, 'resolved'), ('fixed', 3.703125, 'resolved')]
POINT DONE individual_2015_full 29 in 11.8s
individual_2015_full 30 gp 8448 calibration spectra [('profiled', 2.171875, 'resolved'), ('fixed', 3.296875, 'resolved')]
individual_2015_full 30 stress 8448 calibration spectra [('profiled', 3.609375, 'resolved'), ('fixed', 5.84375, 'resolved')]
POINT DONE individual_2015_full 30 in 12.2s
individual_2015_full 31 gp 8448 calibration spectra [('profiled', 1.8984375, 'resolved'), ('fixed', 2.234375, 'resolved')]
individual_2015_full 31 stress 8448 calibration spectra [('profiled', 3.140625, 'resolved'), ('fixed', 4.34375, 'resolved')]
POINT DONE individual_2015_full 31 in 12.5s
individual_2015_full 32 gp 8448 calibration spectra [('profiled', 1.5234375, 'resolved'), ('fixed', 2.171875, 'resolved')]
individual_2015_full 32 stress 8448 calibration spectra [('profiled', 2.140625, 'resolved'), ('fixed', 3.328125, 'resolved')]
POINT DONE individual_2015_full 32 in 12.6s
individual_2015_full 33 gp 8448 calibration spectra [('profiled', 1.1640625, 'resolved'), ('fixed', 1.8671875, 'resolved')]
individual_2015_full 33 stress 8448 calibration spectra [('profiled', 1.1328125, 'resolved'), ('fixed', 2.0546875, 'resolved')]
POINT DONE individual_2015_full 33 in 13.2s
individual_2015_full 34 gp 8448 calibration spectra [('profiled', 1.0390625, 'limited_mc'), ('fixed', 1.5390625, 'resolved')]
individual_2015_full 34 stress 8448 calibration spectra [('profiled', 0.85546875, 'resolved'), ('fixed', 1.3046875, 'resolved')]
POINT DONE individual_2015_full 34 in 13.5s
individual_2015_full 35 gp 8448 calibration spectra [('profiled', 1.02734375, 'resolved'), ('fixed', 1.1953125, 'resolved')]
individual_2015_full 35 stress 8448 calibration spectra [('profiled', 0.68359375, 'resolved'), ('fixed', 0.83984375, 'resolved')]
POINT DONE individual_2015_full 35 in 14.9s
individual_2015_full 36 gp 8448 calibration spectra [('profiled', 1.4609375, 'resolved'), ('fixed', 2.453125, 'resolved')]
individual_2015_full 36 stress 8448 calibration spectra [('profiled', 0.96484375, 'resolved'), ('fixed', 1.3828125, 'resolved')]
POINT DONE individual_2015_full 36 in 14.5s
individual_2015_full 37 gp 8448 calibration spectra [('profiled', 2.078125, 'limited_mc'), ('fixed', 2.859375, 'resolved')]
individual_2015_full 37 stress 8448 calibration spectra [('profiled', 1.4609375, 'resolved'), ('fixed', 1.6953125, 'resolved')]
POINT DONE individual_2015_full 37 in 15.5s
individual_2015_full 38 gp 8448 calibration spectra [('profiled', 3.171875, 'resolved'), ('fixed', 4.96875, 'resolved')]
individual_2015_full 38 stress 8448 calibration spectra [('profiled', 2.921875, 'resolved'), ('fixed', 4.28125, 'resolved')]
POINT DONE individual_2015_full 38 in 14.7s
individual_2015_full 39 gp 8448 calibration spectra [('profiled', 3.703125, 'resolved'), ('fixed', 5.84375, 'resolved')]
individual_2015_full 39 stress 8448 calibration spectra [('profiled', 3.921875, 'resolved'), ('fixed', 5.96875, 'resolved')]
POINT DONE individual_2015_full 39 in 15.4s
individual_2015_full 40 gp 8448 calibration spectra [('profiled', 3.078125, 'resolved'), ('fixed', 3.828125, 'resolved')]
individual_2015_full 40 stress 8448 calibration spectra [('profiled', 3.703125, 'resolved'), ('fixed', 4.71875, 'resolved')]
POINT DONE individual_2015_full 40 in 15.6s
individual_2015_full 41 gp 8448 calibration spectra [('profiled', 1.9765625, 'resolved'), ('fixed', 2.921875, 'resolved')]
individual_2015_full 41 stress 8448 calibration spectra [('profiled', 2.765625, 'resolved'), ('fixed', 4.34375, 'resolved')]
POINT DONE individual_2015_full 41 in 17.0s
individual_2015_full 42 gp 8448 calibration spectra [('profiled', 1.2265625, 'resolved'), ('fixed', 1.8359375, 'resolved')]
individual_2015_full 42 stress 8448 calibration spectra [('profiled', 1.6640625, 'resolved'), ('fixed', 2.796875, 'resolved')]
POINT DONE individual_2015_full 42 in 17.5s
individual_2015_full 43 gp 8448 calibration spectra [('profiled', 0.83203125, 'resolved'), ('fixed', 1.4921875, 'resolved')]
individual_2015_full 43 stress 8448 calibration spectra [('profiled', 1.00390625, 'resolved'), ('fixed', 2.171875, 'resolved')]
POINT DONE individual_2015_full 43 in 18.6s
individual_2015_full 44 gp 8448 calibration spectra [('profiled', 0.72265625, 'resolved'), ('fixed', 1.2265625, 'resolved')]
individual_2015_full 44 stress 8448 calibration spectra [('profiled', 0.80078125, 'resolved'), ('fixed', 1.5078125, 'resolved')]
POINT DONE individual_2015_full 44 in 18.3s
individual_2015_full 45 gp 8448 calibration spectra [('profiled', 0.66015625, 'resolved'), ('fixed', 0.81640625, 'limited_mc')]
individual_2015_full 45 stress 8448 calibration spectra [('profiled', 0.62109375, 'resolved'), ('fixed', 0.80859375, 'limited_mc')]
POINT DONE individual_2015_full 45 in 19.1s
individual_2015_full 46 gp 8448 calibration spectra [('profiled', 0.84765625, 'resolved'), ('fixed', 1.01953125, 'resolved')]
individual_2015_full 46 stress 8448 calibration spectra [('profiled', 0.82421875, 'resolved'), ('fixed', 0.97265625, 'resolved')]
POINT DONE individual_2015_full 46 in 19.0s
individual_2015_full 47 gp 8448 calibration spectra [('profiled', 1.3984375, 'resolved'), ('fixed', 2.0078125, 'resolved')]
individual_2015_full 47 stress 8448 calibration spectra [('profiled', 1.1328125, 'resolved'), ('fixed', 1.6640625, 'resolved')]
POINT DONE individual_2015_full 47 in 19.6s
individual_2015_full 48 gp 8448 calibration spectra [('profiled', 2.671875, 'resolved'), ('fixed', 4.21875, 'resolved')]
individual_2015_full 48 stress 8448 calibration spectra [('profiled', 2.0546875, 'resolved'), ('fixed', 3.171875, 'resolved')]
POINT DONE individual_2015_full 48 in 19.1s
individual_2015_full 49 gp 8448 calibration spectra [('profiled', 3.921875, 'resolved'), ('fixed', 5.28125, 'resolved')]
individual_2015_full 49 stress 8448 calibration spectra [('profiled', 3.265625, 'resolved'), ('fixed', 4.046875, 'resolved')]
POINT DONE individual_2015_full 49 in 19.8s
individual_2015_full 50 gp 8448 calibration spectra [('profiled', 4.78125, 'resolved'), ('fixed', 6.84375, 'limited_mc')]
individual_2015_full 50 stress 8448 calibration spectra [('profiled', 4.34375, 'resolved'), ('fixed', 5.90625, 'resolved')]
POINT DONE individual_2015_full 50 in 19.6s
individual_2015_full 51 gp 8448 calibration spectra [('profiled', 4.90625, 'resolved'), ('fixed', 7.84375, 'resolved')]
individual_2015_full 51 stress 8448 calibration spectra [('profiled', 4.71875, 'resolved'), ('fixed', 7.21875, 'limited_mc')]
POINT DONE individual_2015_full 51 in 20.1s
individual_2015_full 52 gp 8448 calibration spectra [('profiled', 3.890625, 'resolved'), ('fixed', 5.53125, 'resolved')]
individual_2015_full 52 stress 8448 calibration spectra [('profiled', 3.765625, 'resolved'), ('fixed', 5.09375, 'resolved')]
POINT DONE individual_2015_full 52 in 20.8s
individual_2015_full 53 gp 8448 calibration spectra [('profiled', 2.390625, 'resolved'), ('fixed', 3.515625, 'resolved')]
individual_2015_full 53 stress 8448 calibration spectra [('profiled', 2.484375, 'resolved'), ('fixed', 3.421875, 'resolved')]
POINT DONE individual_2015_full 53 in 21.7s
individual_2015_full 54 gp 8448 calibration spectra [('profiled', 1.4296875, 'resolved'), ('fixed', 2.953125, 'resolved')]
individual_2015_full 54 stress 8448 calibration spectra [('profiled', 1.4921875, 'resolved'), ('fixed', 3.078125, 'resolved')]
POINT DONE individual_2015_full 54 in 22.6s
individual_2015_full 55 gp 8448 calibration spectra [('profiled', 0.80078125, 'resolved'), ('fixed', 1.9765625, 'resolved')]
individual_2015_full 55 stress 8448 calibration spectra [('profiled', 0.98046875, 'resolved'), ('fixed', 2.359375, 'resolved')]
POINT DONE individual_2015_full 55 in 23.5s
individual_2015_full 56 gp 8448 calibration spectra [('profiled', 0.59765625, 'resolved'), ('fixed', 1.2265625, 'resolved')]
individual_2015_full 56 stress 8448 calibration spectra [('profiled', 0.74609375, 'resolved'), ('fixed', 1.5390625, 'resolved')]
POINT DONE individual_2015_full 56 in 23.5s
individual_2015_full 57 gp 8448 calibration spectra [('profiled', 0.62890625, 'resolved'), ('fixed', 1.1015625, 'resolved')]
individual_2015_full 57 stress 8448 calibration spectra [('profiled', 0.73046875, 'resolved'), ('fixed', 1.3984375, 'resolved')]
POINT DONE individual_2015_full 57 in 23.8s
individual_2015_full 58 gp 8448 calibration spectra [('profiled', 0.62890625, 'resolved'), ('fixed', 0.83984375, 'limited_mc')]
individual_2015_full 58 stress 8448 calibration spectra [('profiled', 0.66796875, 'resolved'), ('fixed', 1.0703125, 'resolved')]
POINT DONE individual_2015_full 58 in 24.8s
individual_2015_full 59 gp 8448 calibration spectra [('profiled', 0.73828125, 'resolved'), ('fixed', 0.83984375, 'limited_mc')]
individual_2015_full 59 stress 8448 calibration spectra [('profiled', 0.78515625, 'resolved'), ('fixed', 0.92578125, 'resolved')]
POINT DONE individual_2015_full 59 in 24.6s
individual_2015_full 60 gp 8448 calibration spectra [('profiled', 1.1015625, 'resolved'), ('fixed', 1.1640625, 'resolved')]
individual_2015_full 60 stress 8448 calibration spectra [('profiled', 1.1328125, 'resolved'), ('fixed', 1.3359375, 'resolved')]
POINT DONE individual_2015_full 60 in 24.8s
individual_2015_full 61 gp 8448 calibration spectra [('profiled', 1.5703125, 'resolved'), ('fixed', 1.5546875, 'resolved')]
individual_2015_full 61 stress 8448 calibration spectra [('profiled', 1.6640625, 'resolved'), ('fixed', 1.7890625, 'resolved')]
POINT DONE individual_2015_full 61 in 25.8s
individual_2015_full 62 gp 8448 calibration spectra [('profiled', 2.359375, 'resolved'), ('fixed', 2.453125, 'resolved')]
individual_2015_full 62 stress 8448 calibration spectra [('profiled', 2.359375, 'resolved'), ('fixed', 2.734375, 'resolved')]
POINT DONE individual_2015_full 62 in 25.6s
individual_2015_full 63 gp 8448 calibration spectra [('profiled', 3.515625, 'resolved'), ('fixed', 4.28125, 'resolved')]
individual_2015_full 63 stress 8448 calibration spectra [('profiled', 3.328125, 'resolved'), ('fixed', 4.21875, 'resolved')]
POINT DONE individual_2015_full 63 in 24.2s
individual_2015_full 64 gp 8448 calibration spectra [('profiled', 3.953125, 'resolved'), ('fixed', 3.953125, 'resolved')]
individual_2015_full 64 stress 8448 calibration spectra [('profiled', 3.671875, 'resolved'), ('fixed', 3.640625, 'resolved')]
POINT DONE individual_2015_full 64 in 25.8s
individual_2015_full 65 gp 8448 calibration spectra [('profiled', 3.984375, 'resolved'), ('fixed', 3.609375, 'resolved')]
individual_2015_full 65 stress 8448 calibration spectra [('profiled', 3.515625, 'resolved'), ('fixed', 3.203125, 'resolved')]
POINT DONE individual_2015_full 65 in 26.0s
individual_2015_full 66 gp 8448 calibration spectra [('profiled', 3.578125, 'resolved'), ('fixed', 4.046875, 'resolved')]
individual_2015_full 66 stress 8448 calibration spectra [('profiled', 3.046875, 'resolved'), ('fixed', 3.265625, 'resolved')]
POINT DONE individual_2015_full 66 in 26.9s
individual_2015_full 67 gp 8448 calibration spectra [('profiled', 2.984375, 'resolved'), ('fixed', 4.34375, 'resolved')]
individual_2015_full 67 stress 8448 calibration spectra [('profiled', 2.359375, 'resolved'), ('fixed', 3.484375, 'resolved')]
POINT DONE individual_2015_full 67 in 27.1s
individual_2015_full 68 gp 8448 calibration spectra [('profiled', 2.328125, 'resolved'), ('fixed', 5.28125, 'resolved')]
individual_2015_full 68 stress 8448 calibration spectra [('profiled', 1.9453125, 'resolved'), ('fixed', 4.15625, 'limited_mc')]
POINT DONE individual_2015_full 68 in 29.3s
individual_2015_full 69 gp 8448 calibration spectra [('profiled', 1.9609375, 'resolved'), ('fixed', 6.03125, 'resolved')]
individual_2015_full 69 stress 8448 calibration spectra [('profiled', 1.6484375, 'resolved'), ('fixed', 5.03125, 'resolved')]
POINT DONE individual_2015_full 69 in 29.6s
individual_2015_full 70 gp 8448 calibration spectra [('profiled', 1.5234375, 'resolved'), ('fixed', 3.796875, 'resolved')]
individual_2015_full 70 stress 8448 calibration spectra [('profiled', 1.1796875, 'resolved'), ('fixed', 2.828125, 'resolved')]
POINT DONE individual_2015_full 70 in 35.3s
individual_2015_full 71 gp 8448 calibration spectra [('profiled', 1.3515625, 'resolved'), ('fixed', 3.828125, 'resolved')]
individual_2015_full 71 stress 8448 calibration spectra [('profiled', 1.1484375, 'resolved'), ('fixed', 2.890625, 'resolved')]
POINT DONE individual_2015_full 71 in 32.0s
individual_2015_full 72 gp 8448 calibration spectra [('profiled', 1.3828125, 'resolved'), ('fixed', 3.078125, 'resolved')]
individual_2015_full 72 stress 8448 calibration spectra [('profiled', 1.2265625, 'resolved'), ('fixed', 2.296875, 'resolved')]
POINT DONE individual_2015_full 72 in 33.5s
individual_2015_full 73 gp 8448 calibration spectra [('profiled', 1.4296875, 'resolved'), ('fixed', 2.828125, 'resolved')]
individual_2015_full 73 stress 8448 calibration spectra [('profiled', 1.3359375, 'resolved'), ('fixed', 2.296875, 'resolved')]
POINT DONE individual_2015_full 73 in 35.2s
individual_2015_full 74 gp 8448 calibration spectra [('profiled', 1.7109375, 'resolved'), ('fixed', 3.234375, 'resolved')]
individual_2015_full 74 stress 8448 calibration spectra [('profiled', 1.5703125, 'resolved'), ('fixed', 2.765625, 'resolved')]
POINT DONE individual_2015_full 74 in 36.3s
individual_2015_full 75 gp 8448 calibration spectra [('profiled', 1.5234375, 'resolved'), ('fixed', 1.6015625, 'resolved')]
individual_2015_full 75 stress 8448 calibration spectra [('profiled', 1.5390625, 'resolved'), ('fixed', 1.5078125, 'resolved')]
POINT DONE individual_2015_full 75 in 35.0s
individual_2015_full 76 gp 8448 calibration spectra [('profiled', 1.3984375, 'resolved'), ('fixed', 1.1640625, 'resolved')]
individual_2015_full 76 stress 8448 calibration spectra [('profiled', 1.5546875, 'resolved'), ('fixed', 1.1796875, 'resolved')]
POINT DONE individual_2015_full 76 in 37.7s
individual_2015_full 77 gp 8448 calibration spectra [('profiled', 1.2109375, 'resolved'), ('fixed', 0.89453125, 'resolved')]
individual_2015_full 77 stress 8448 calibration spectra [('profiled', 1.4140625, 'resolved'), ('fixed', 1.0390625, 'limited_mc')]
POINT DONE individual_2015_full 77 in 36.3s
individual_2015_full 78 gp 8448 calibration spectra [('profiled', 1.01953125, 'resolved'), ('fixed', 0.91796875, 'resolved')]
individual_2015_full 78 stress 8448 calibration spectra [('profiled', 1.2265625, 'resolved'), ('fixed', 1.0546875, 'resolved')]
POINT DONE individual_2015_full 78 in 37.3s
individual_2015_full 79 gp 8448 calibration spectra [('profiled', 0.92578125, 'resolved'), ('fixed', 0.78515625, 'resolved')]
individual_2015_full 79 stress 8448 calibration spectra [('profiled', 1.0703125, 'resolved'), ('fixed', 0.91796875, 'resolved')]
POINT DONE individual_2015_full 79 in 38.9s
individual_2015_full 80 gp 8448 calibration spectra [('profiled', 0.85546875, 'resolved'), ('fixed', 0.88671875, 'resolved')]
individual_2015_full 80 stress 8448 calibration spectra [('profiled', 0.94921875, 'resolved'), ('fixed', 0.99609375, 'resolved')]
POINT DONE individual_2015_full 80 in 38.0s
individual_2015_full 81 gp 8448 calibration spectra [('profiled', 0.80078125, 'resolved'), ('fixed', 1.2890625, 'resolved')]
individual_2015_full 81 stress 8448 calibration spectra [('profiled', 0.94921875, 'resolved'), ('fixed', 1.4921875, 'resolved')]
POINT DONE individual_2015_full 81 in 38.4s
individual_2015_full 82 gp 8448 calibration spectra [('profiled', 0.77734375, 'resolved'), ('fixed', 1.3984375, 'resolved')]
individual_2015_full 82 stress 8448 calibration spectra [('profiled', 0.94921875, 'resolved'), ('fixed', 1.8203125, 'resolved')]
POINT DONE individual_2015_full 82 in 38.7s
individual_2015_full 83 gp 8448 calibration spectra [('profiled', 0.76953125, 'resolved'), ('fixed', 1.6953125, 'resolved')]
individual_2015_full 83 stress 8448 calibration spectra [('profiled', 0.92578125, 'resolved'), ('fixed', 2.296875, 'resolved')]
POINT DONE individual_2015_full 83 in 41.7s
individual_2015_full 84 gp 8448 calibration spectra [('profiled', 0.95703125, 'resolved'), ('fixed', 2.203125, 'resolved')]
individual_2015_full 84 stress 8448 calibration spectra [('profiled', 1.2890625, 'resolved'), ('fixed', 3.046875, 'resolved')]
POINT DONE individual_2015_full 84 in 42.4s
individual_2015_full 85 gp 8448 calibration spectra [('profiled', 1.3359375, 'resolved'), ('fixed', 2.765625, 'resolved')]
individual_2015_full 85 stress 8448 calibration spectra [('profiled', 1.6640625, 'resolved'), ('fixed', 3.859375, 'resolved')]
POINT DONE individual_2015_full 85 in 43.8s
individual_2015_full 86 gp 8448 calibration spectra [('profiled', 1.5703125, 'resolved'), ('fixed', 2.109375, 'resolved')]
individual_2015_full 86 stress 8448 calibration spectra [('profiled', 1.9140625, 'resolved'), ('fixed', 2.703125, 'resolved')]
POINT DONE individual_2015_full 86 in 46.0s
individual_2015_full 87 gp 8448 calibration spectra [('profiled', 1.9921875, 'resolved'), ('fixed', 1.9453125, 'resolved')]
individual_2015_full 87 stress 8448 calibration spectra [('profiled', 2.296875, 'resolved'), ('fixed', 2.453125, 'resolved')]
POINT DONE individual_2015_full 87 in 43.7s
individual_2015_full 88 gp 8448 calibration spectra [('profiled', 2.453125, 'resolved'), ('fixed', 2.078125, 'limited_mc')]
individual_2015_full 88 stress 8448 calibration spectra [('profiled', 2.828125, 'resolved'), ('fixed', 2.546875, 'resolved')]
POINT DONE individual_2015_full 88 in 42.1s
individual_2015_full 89 gp 8448 calibration spectra [('profiled', 3.140625, 'resolved'), ('fixed', 3.078125, 'resolved')]
individual_2015_full 89 stress 8448 calibration spectra [('profiled', 3.265625, 'resolved'), ('fixed', 3.609375, 'resolved')]
POINT DONE individual_2015_full 89 in 45.1s
individual_2015_full 90 gp 8448 calibration spectra [('profiled', 3.859375, 'resolved'), ('fixed', 4.90625, 'resolved')]
individual_2015_full 90 stress 8448 calibration spectra [('profiled', 3.828125, 'resolved'), ('fixed', 5.03125, 'resolved')]
POINT DONE individual_2015_full 90 in 45.6s
individual_2016_full 39 gp 8448 calibration spectra [('profiled', 1.3671875, 'resolved'), ('fixed', 2.171875, 'resolved')]
individual_2016_full 39 stress 8448 calibration spectra [('profiled', 0.2568359375, 'limited_mc'), ('fixed', 0.380859375, 'limited_mc')]
POINT DONE individual_2016_full 39 in 16.5s
individual_2016_full 40 gp 8448 calibration spectra [('profiled', 1.7421875, 'resolved'), ('fixed', 2.796875, 'resolved')]
individual_2016_full 40 stress 8448 calibration spectra [('profiled', 1.5078125, 'resolved'), ('fixed', 1.9453125, 'resolved')]
POINT DONE individual_2016_full 40 in 16.3s
individual_2016_full 41 gp 8448 calibration spectra [('profiled', 1.6015625, 'resolved'), ('fixed', 1.8671875, 'resolved')]
individual_2016_full 41 stress 8448 calibration spectra [('profiled', 7.84375, 'resolved'), ('fixed', 9.6875, 'limited_mc')]
POINT DONE individual_2016_full 41 in 200.5s
individual_2016_full 42 gp 8448 calibration spectra [('profiled', 1.7578125, 'resolved'), ('fixed', 2.328125, 'resolved')]
individual_2016_full 42 stress 8448 calibration spectra [('profiled', 10.0625, 'limited_mc'), ('fixed', inf, 'right_censored')]
POINT DONE individual_2016_full 42 in 16.8s
individual_2016_full 43 gp 8448 calibration spectra [('profiled', 1.7265625, 'resolved'), ('fixed', 2.421875, 'resolved')]
individual_2016_full 43 stress 8448 calibration spectra [('profiled', 10.0625, 'limited_mc'), ('fixed', inf, 'right_censored')]
POINT DONE individual_2016_full 43 in 17.0s
individual_2016_full 44 gp 8448 calibration spectra [('profiled', 1.7265625, 'resolved'), ('fixed', 3.109375, 'resolved')]
individual_2016_full 44 stress 8448 calibration spectra [('profiled', 7.78125, 'resolved'), ('fixed', inf, 'right_censored')]
POINT DONE individual_2016_full 44 in 17.1s
individual_2016_full 45 gp 8448 calibration spectra [('profiled', 2.546875, 'resolved'), ('fixed', 3.859375, 'resolved')]
individual_2016_full 45 stress 8448 calibration spectra [('profiled', 5.90625, 'resolved'), ('fixed', 9.8125, 'limited_mc')]
POINT DONE individual_2016_full 45 in 16.3s
individual_2016_full 46 gp 8448 calibration spectra [('profiled', 1.5390625, 'resolved'), ('fixed', 1.4765625, 'resolved')]
individual_2016_full 46 stress 8448 calibration spectra [('profiled', 0.74609375, 'resolved'), ('fixed', 0.88671875, 'resolved')]
POINT DONE individual_2016_full 46 in 17.9s
individual_2016_full 47 gp 8448 calibration spectra [('profiled', 1.5078125, 'resolved'), ('fixed', 1.5234375, 'resolved')]
individual_2016_full 47 stress 8448 calibration spectra [('profiled', 0.412109375, 'limited_mc'), ('fixed', 0.447265625, 'limited_mc')]
POINT DONE individual_2016_full 47 in 18.1s
individual_2016_full 48 gp 8448 calibration spectra [('profiled', 1.3828125, 'resolved'), ('fixed', 1.6796875, 'resolved')]
individual_2016_full 48 stress 8448 calibration spectra [('profiled', 0.306640625, 'limited_mc'), ('fixed', 0.345703125, 'limited_mc')]
POINT DONE individual_2016_full 48 in 18.5s
individual_2016_full 49 gp 8448 calibration spectra [('profiled', 1.2890625, 'resolved'), ('fixed', 1.9296875, 'resolved')]
individual_2016_full 49 stress 8448 calibration spectra [('profiled', 0.271484375, 'limited_mc'), ('fixed', 0.298828125, 'limited_mc')]
POINT DONE individual_2016_full 49 in 18.8s
individual_2016_full 50 gp 8448 calibration spectra [('profiled', 1.3359375, 'resolved'), ('fixed', 2.140625, 'resolved')]
individual_2016_full 50 stress 8448 calibration spectra [('profiled', 0.302734375, 'limited_mc'), ('fixed', 0.361328125, 'limited_mc')]
POINT DONE individual_2016_full 50 in 19.4s
individual_2016_full 51 gp 8448 calibration spectra [('profiled', 1.6015625, 'resolved'), ('fixed', 2.640625, 'resolved')]
individual_2016_full 51 stress 8448 calibration spectra [('profiled', 0.466796875, 'limited_mc'), ('fixed', 0.513671875, 'limited_mc')]
POINT DONE individual_2016_full 51 in 19.5s
individual_2016_full 52 gp 8448 calibration spectra [('profiled', 2.140625, 'resolved'), ('fixed', 3.140625, 'resolved')]
individual_2016_full 52 stress 8448 calibration spectra [('profiled', 1.1171875, 'resolved'), ('fixed', 1.3984375, 'resolved')]
POINT DONE individual_2016_full 52 in 19.4s
individual_2016_full 53 gp 8448 calibration spectra [('profiled', 2.453125, 'resolved'), ('fixed', 2.703125, 'resolved')]
individual_2016_full 53 stress 8448 calibration spectra [('profiled', 3.515625, 'resolved'), ('fixed', 3.984375, 'resolved')]
POINT DONE individual_2016_full 53 in 19.1s
individual_2016_full 54 gp 8448 calibration spectra [('profiled', 2.671875, 'resolved'), ('fixed', 3.078125, 'resolved')]
individual_2016_full 54 stress 8448 calibration spectra [('profiled', 6.46875, 'resolved'), ('fixed', 8.6875, 'limited_mc')]
POINT DONE individual_2016_full 54 in 19.3s
individual_2016_full 55 gp 8448 calibration spectra [('profiled', 2.328125, 'resolved'), ('fixed', 2.578125, 'resolved')]
individual_2016_full 55 stress 8448 calibration spectra [('profiled', 8.4375, 'limited_mc'), ('fixed', inf, 'right_censored')]
POINT DONE individual_2016_full 55 in 20.2s
individual_2016_full 56 gp 8448 calibration spectra [('profiled', 2.234375, 'resolved'), ('fixed', 3.921875, 'resolved')]
individual_2016_full 56 stress 8448 calibration spectra [('profiled', 8.9375, 'limited_mc'), ('fixed', inf, 'right_censored')]
POINT DONE individual_2016_full 56 in 20.3s
individual_2016_full 57 gp 8448 calibration spectra [('profiled', 1.5703125, 'resolved'), ('fixed', 2.140625, 'resolved')]
individual_2016_full 57 stress 8448 calibration spectra [('profiled', 9.4375, 'limited_mc'), ('fixed', inf, 'right_censored')]
POINT DONE individual_2016_full 57 in 20.5s
individual_2016_full 58 gp 8448 calibration spectra [('profiled', 1.3203125, 'resolved'), ('fixed', 1.7578125, 'resolved')]
individual_2016_full 58 stress 8448 calibration spectra [('profiled', 8.15625, 'resolved'), ('fixed', inf, 'right_censored')]
POINT DONE individual_2016_full 58 in 21.1s
individual_2016_full 59 gp 8448 calibration spectra [('profiled', 1.1171875, 'resolved'), ('fixed', 1.3046875, 'resolved')]
individual_2016_full 59 stress 8448 calibration spectra [('profiled', 6.34375, 'resolved'), ('fixed', 8.9375, 'limited_mc')]
POINT DONE individual_2016_full 59 in 22.0s
individual_2016_full 60 gp 8448 calibration spectra [('profiled', 1.0546875, 'resolved'), ('fixed', 1.1328125, 'resolved')]
individual_2016_full 60 stress 8448 calibration spectra [('profiled', 3.609375, 'resolved'), ('fixed', 4.65625, 'resolved')]
POINT DONE individual_2016_full 60 in 21.2s
individual_2016_full 61 gp 8448 calibration spectra [('profiled', 1.02734375, 'resolved'), ('fixed', 1.2109375, 'resolved')]
individual_2016_full 61 stress 8448 calibration spectra [('profiled', 1.2890625, 'resolved'), ('fixed', 1.3671875, 'resolved')]
POINT DONE individual_2016_full 61 in 22.7s
individual_2016_full 62 gp 8448 calibration spectra [('profiled', 1.0390625, 'limited_mc'), ('fixed', 1.2421875, 'resolved')]
individual_2016_full 62 stress 8448 calibration spectra [('profiled', 0.52734375, 'resolved'), ('fixed', 0.57421875, 'limited_mc')]
POINT DONE individual_2016_full 62 in 355.4s
individual_2016_full 63 gp 8448 calibration spectra [('profiled', 0.98046875, 'resolved'), ('fixed', 0.99609375, 'resolved')]
individual_2016_full 63 stress 8448 calibration spectra [('profiled', 0.322265625, 'limited_mc'), ('fixed', 0.306640625, 'limited_mc')]
POINT DONE individual_2016_full 63 in 22.5s
individual_2016_full 64 gp 8448 calibration spectra [('profiled', 1.2421875, 'resolved'), ('fixed', 1.7109375, 'resolved')]
individual_2016_full 64 stress 8448 calibration spectra [('profiled', 0.2373046875, 'limited_mc'), ('fixed', 0.2529296875, 'limited_mc')]
POINT DONE individual_2016_full 64 in 23.9s
individual_2016_full 65 gp 8448 calibration spectra [('profiled', 1.8828125, 'resolved'), ('fixed', 4.15625, 'limited_mc')]
individual_2016_full 65 stress 8448 calibration spectra [('profiled', 0.59765625, 'limited_mc'), ('fixed', 2.703125, 'resolved')]
POINT DONE individual_2016_full 65 in 21.1s
individual_2016_full 66 gp 8448 calibration spectra [('profiled', 2.390625, 'resolved'), ('fixed', 4.078125, 'resolved')]
individual_2016_full 66 stress 8448 calibration spectra [('profiled', 1.0546875, 'resolved'), ('fixed', 2.453125, 'resolved')]
POINT DONE individual_2016_full 66 in 20.6s
individual_2016_full 67 gp 8448 calibration spectra [('profiled', 3.015625, 'resolved'), ('fixed', 3.984375, 'resolved')]
individual_2016_full 67 stress 8448 calibration spectra [('profiled', 1.5703125, 'resolved'), ('fixed', 2.203125, 'limited_mc')]
POINT DONE individual_2016_full 67 in 22.1s
individual_2016_full 68 gp 8448 calibration spectra [('profiled', 3.671875, 'resolved'), ('fixed', 4.078125, 'resolved')]
individual_2016_full 68 stress 8448 calibration spectra [('profiled', 2.171875, 'limited_mc'), ('fixed', 2.109375, 'limited_mc')]
POINT DONE individual_2016_full 68 in 21.3s
individual_2016_full 69 gp 8448 calibration spectra [('profiled', 3.765625, 'resolved'), ('fixed', 3.265625, 'resolved')]
individual_2016_full 69 stress 8448 calibration spectra [('profiled', 2.171875, 'resolved'), ('fixed', 1.2109375, 'resolved')]
POINT DONE individual_2016_full 69 in 20.5s
individual_2016_full 70 gp 8448 calibration spectra [('profiled', 3.484375, 'resolved'), ('fixed', 3.578125, 'resolved')]
individual_2016_full 70 stress 8448 calibration spectra [('profiled', 2.640625, 'resolved'), ('fixed', 5.15625, 'resolved')]
POINT DONE individual_2016_full 70 in 22.1s
individual_2016_full 71 gp 8448 calibration spectra [('profiled', 2.578125, 'resolved'), ('fixed', 2.953125, 'resolved')]
individual_2016_full 71 stress 8448 calibration spectra [('profiled', 7.28125, 'resolved'), ('fixed', 11.6875, 'limited_mc')]
POINT DONE individual_2016_full 71 in 22.8s
individual_2016_full 72 gp 8448 calibration spectra [('profiled', 1.1484375, 'resolved'), ('fixed', 1.3203125, 'resolved')]
individual_2016_full 72 stress 8448 calibration spectra [('profiled', 9.3125, 'limited_mc'), ('fixed', 11.9375, 'resolved')]
POINT DONE individual_2016_full 72 in 23.2s
individual_2016_full 73 gp 8448 calibration spectra [('profiled', 0.73046875, 'resolved'), ('fixed', 0.87109375, 'resolved')]
individual_2016_full 73 stress 8448 calibration spectra [('profiled', inf, 'right_censored'), ('fixed', inf, 'right_censored')]
POINT DONE individual_2016_full 73 in 22.8s
individual_2016_full 74 gp 8448 calibration spectra [('profiled', 0.86328125, 'resolved'), ('fixed', 1.8671875, 'resolved')]
individual_2016_full 74 stress 8448 calibration spectra [('profiled', inf, 'right_censored'), ('fixed', inf, 'right_censored')]
POINT DONE individual_2016_full 74 in 23.1s
individual_2016_full 75 gp 8448 calibration spectra [('profiled', 0.80859375, 'resolved'), ('fixed', 1.6015625, 'resolved')]
individual_2016_full 75 stress 8448 calibration spectra [('profiled', inf, 'right_censored'), ('fixed', inf, 'right_censored')]
POINT DONE individual_2016_full 75 in 586.8s
individual_2016_full 76 gp 8448 calibration spectra [('profiled', 0.77734375, 'resolved'), ('fixed', 1.3671875, 'resolved')]
individual_2016_full 76 stress 8448 calibration spectra [('profiled', inf, 'right_censored'), ('fixed', inf, 'right_censored')]
POINT DONE individual_2016_full 76 in 562.2s
individual_2016_full 77 gp 8448 calibration spectra [('profiled', 0.82421875, 'resolved'), ('fixed', 0.98046875, 'resolved')]
individual_2016_full 77 stress 8448 calibration spectra [('profiled', 9.3125, 'limited_mc'), ('fixed', 8.9375, 'limited_mc')]
POINT DONE individual_2016_full 77 in 28.6s
individual_2016_full 78 gp 8448 calibration spectra [('profiled', 1.0390625, 'limited_mc'), ('fixed', 0.99609375, 'resolved')]
individual_2016_full 78 stress 8448 calibration spectra [('profiled', 4.21875, 'resolved'), ('fixed', 6.21875, 'resolved')]
POINT DONE individual_2016_full 78 in 28.5s
individual_2016_full 79 gp 8448 calibration spectra [('profiled', 1.3359375, 'resolved'), ('fixed', 1.0859375, 'resolved')]
individual_2016_full 79 stress 8448 calibration spectra [('profiled', 0.62890625, 'resolved'), ('fixed', 2.515625, 'resolved')]
POINT DONE individual_2016_full 79 in 29.4s
individual_2016_full 80 gp 8448 calibration spectra [('profiled', 1.5234375, 'resolved'), ('fixed', 1.1171875, 'resolved')]
individual_2016_full 80 stress 8448 calibration spectra [('profiled', 0.2509765625, 'limited_mc'), ('fixed', 0.71484375, 'limited_mc')]
POINT DONE individual_2016_full 80 in 29.5s
individual_2016_full 81 gp 8448 calibration spectra [('profiled', 1.5390625, 'resolved'), ('fixed', 1.0859375, 'resolved')]
individual_2016_full 81 stress 8448 calibration spectra [('profiled', 0.1806640625, 'limited_mc'), ('fixed', 0.412109375, 'limited_mc')]
POINT DONE individual_2016_full 81 in 29.9s
individual_2016_full 82 gp 8448 calibration spectra [('profiled', 1.4765625, 'resolved'), ('fixed', 1.3984375, 'resolved')]
individual_2016_full 82 stress 8448 calibration spectra [('profiled', 0.1435546875, 'limited_mc'), ('fixed', 0.294921875, 'limited_mc')]
POINT DONE individual_2016_full 82 in 31.9s
individual_2016_full 83 gp 8448 calibration spectra [('profiled', 1.5390625, 'resolved'), ('fixed', 2.234375, 'resolved')]
individual_2016_full 83 stress 8448 calibration spectra [('profiled', 0.1806640625, 'limited_mc'), ('fixed', 0.66015625, 'limited_mc')]
POINT DONE individual_2016_full 83 in 32.9s
individual_2016_full 84 gp 8448 calibration spectra [('profiled', 1.3671875, 'resolved'), ('fixed', 1.9765625, 'resolved')]
individual_2016_full 84 stress 8448 calibration spectra [('profiled', 0.2041015625, 'limited_mc'), ('fixed', 0.365234375, 'resolved')]
POINT DONE individual_2016_full 84 in 29.4s
individual_2016_full 85 gp 8448 calibration spectra [('profiled', 2.671875, 'resolved'), ('fixed', 4.59375, 'resolved')]
individual_2016_full 85 stress 8448 calibration spectra [('profiled', 1.4765625, 'resolved'), ('fixed', 3.171875, 'limited_mc')]
POINT DONE individual_2016_full 85 in 25.9s
individual_2016_full 86 gp 8448 calibration spectra [('profiled', 3.140625, 'resolved'), ('fixed', 6.15625, 'resolved')]
individual_2016_full 86 stress 8448 calibration spectra [('profiled', 1.9765625, 'resolved'), ('fixed', 4.59375, 'limited_mc')]
POINT DONE individual_2016_full 86 in 27.2s
individual_2016_full 87 gp 8448 calibration spectra [('profiled', 3.546875, 'resolved'), ('fixed', 6.28125, 'resolved')]
individual_2016_full 87 stress 8448 calibration spectra [('profiled', 2.328125, 'resolved'), ('fixed', 4.71875, 'limited_mc')]
POINT DONE individual_2016_full 87 in 27.1s
individual_2016_full 88 gp 8448 calibration spectra [('profiled', 4.046875, 'resolved'), ('fixed', 6.40625, 'resolved')]
individual_2016_full 88 stress 8448 calibration spectra [('profiled', 3.984375, 'resolved'), ('fixed', 4.84375, 'resolved')]
POINT DONE individual_2016_full 88 in 27.7s
individual_2016_full 89 gp 8448 calibration spectra [('profiled', 4.28125, 'resolved'), ('fixed', 5.71875, 'resolved')]
individual_2016_full 89 stress 8448 calibration spectra [('profiled', 5.34375, 'resolved'), ('fixed', 4.28125, 'resolved')]
POINT DONE individual_2016_full 89 in 31.0s
individual_2016_full 90 gp 8448 calibration spectra [('profiled', 4.65625, 'resolved'), ('fixed', 5.53125, 'resolved')]
individual_2016_full 90 stress 8448 calibration spectra [('profiled', 6.71875, 'resolved'), ('fixed', 5.84375, 'resolved')]
POINT DONE individual_2016_full 90 in 28.7s
individual_2016_full 91 gp 8448 calibration spectra [('profiled', 4.71875, 'resolved'), ('fixed', 5.09375, 'resolved')]
individual_2016_full 91 stress 8448 calibration spectra [('profiled', 6.96875, 'resolved'), ('fixed', 7.46875, 'resolved')]
POINT DONE individual_2016_full 91 in 33.1s
individual_2016_full 92 gp 8448 calibration spectra [('profiled', 4.40625, 'resolved'), ('fixed', 4.96875, 'resolved')]
individual_2016_full 92 stress 8448 calibration spectra [('profiled', 7.03125, 'resolved'), ('fixed', 9.0625, 'limited_mc')]
POINT DONE individual_2016_full 92 in 32.2s
individual_2016_full 93 gp 8448 calibration spectra [('profiled', 3.765625, 'resolved'), ('fixed', 3.859375, 'resolved')]
individual_2016_full 93 stress 8448 calibration spectra [('profiled', 6.96875, 'resolved'), ('fixed', 9.6875, 'limited_mc')]
POINT DONE individual_2016_full 93 in 33.8s
individual_2016_full 94 gp 8448 calibration spectra [('profiled', 2.640625, 'resolved'), ('fixed', 1.8828125, 'resolved')]
individual_2016_full 94 stress 8448 calibration spectra [('profiled', 5.03125, 'resolved'), ('fixed', 5.53125, 'resolved')]
POINT DONE individual_2016_full 94 in 35.1s
individual_2016_full 95 gp 8448 calibration spectra [('profiled', 1.9765625, 'resolved'), ('fixed', 2.109375, 'resolved')]
individual_2016_full 95 stress 8448 calibration spectra [('profiled', 3.890625, 'resolved'), ('fixed', 5.53125, 'resolved')]
POINT DONE individual_2016_full 95 in 33.0s
individual_2016_full 96 gp 8448 calibration spectra [('profiled', 1.2734375, 'resolved'), ('fixed', 1.9296875, 'resolved')]
individual_2016_full 96 stress 8448 calibration spectra [('profiled', 2.640625, 'resolved'), ('fixed', 4.96875, 'resolved')]
POINT DONE individual_2016_full 96 in 36.5s
individual_2016_full 97 gp 8448 calibration spectra [('profiled', 0.94140625, 'resolved'), ('fixed', 1.6015625, 'resolved')]
individual_2016_full 97 stress 8448 calibration spectra [('profiled', 1.6484375, 'resolved'), ('fixed', 3.859375, 'resolved')]
POINT DONE individual_2016_full 97 in 34.5s
individual_2016_full 98 gp 8448 calibration spectra [('profiled', 0.62890625, 'resolved'), ('fixed', 1.0390625, 'limited_mc')]
individual_2016_full 98 stress 8448 calibration spectra [('profiled', 0.85546875, 'resolved'), ('fixed', 1.7109375, 'resolved')]
POINT DONE individual_2016_full 98 in 38.8s
individual_2016_full 99 gp 8448 calibration spectra [('profiled', 0.56640625, 'resolved'), ('fixed', 0.86328125, 'resolved')]
individual_2016_full 99 stress 8448 calibration spectra [('profiled', 0.65234375, 'resolved'), ('fixed', 1.2421875, 'resolved')]
POINT DONE individual_2016_full 99 in 37.6s
individual_2016_full 100 gp 8448 calibration spectra [('profiled', 0.505859375, 'resolved'), ('fixed', 0.62109375, 'resolved')]
individual_2016_full 100 stress 8448 calibration spectra [('profiled', 0.55078125, 'resolved'), ('fixed', 0.73828125, 'resolved')]
POINT DONE individual_2016_full 100 in 38.0s
individual_2016_full 101 gp 8448 calibration spectra [('profiled', 0.482421875, 'limited_mc'), ('fixed', 0.64453125, 'resolved')]
individual_2016_full 101 stress 8448 calibration spectra [('profiled', 0.509765625, 'resolved'), ('fixed', 0.74609375, 'resolved')]
POINT DONE individual_2016_full 101 in 39.6s
individual_2016_full 102 gp 8448 calibration spectra [('profiled', 0.490234375, 'resolved'), ('fixed', 0.56640625, 'resolved')]
individual_2016_full 102 stress 8448 calibration spectra [('profiled', 0.466796875, 'resolved'), ('fixed', 0.55859375, 'resolved')]
POINT DONE individual_2016_full 102 in 41.1s
individual_2016_full 103 gp 8448 calibration spectra [('profiled', 0.494140625, 'resolved'), ('fixed', 0.486328125, 'limited_mc')]
individual_2016_full 103 stress 8448 calibration spectra [('profiled', 0.486328125, 'limited_mc'), ('fixed', 0.451171875, 'limited_mc')]
POINT DONE individual_2016_full 103 in 42.9s
individual_2016_full 104 gp 8448 calibration spectra [('profiled', 0.55078125, 'resolved'), ('fixed', 0.51953125, 'limited_mc')]
individual_2016_full 104 stress 8448 calibration spectra [('profiled', 0.505859375, 'resolved'), ('fixed', 0.52734375, 'limited_mc')]
POINT DONE individual_2016_full 104 in 42.0s
individual_2016_full 105 gp 8448 calibration spectra [('profiled', 0.61328125, 'resolved'), ('fixed', 0.58203125, 'resolved')]
individual_2016_full 105 stress 8448 calibration spectra [('profiled', 0.55859375, 'resolved'), ('fixed', 0.54296875, 'limited_mc')]
POINT DONE individual_2016_full 105 in 40.5s
individual_2016_full 106 gp 8448 calibration spectra [('profiled', 0.73828125, 'resolved'), ('fixed', 0.70703125, 'resolved')]
individual_2016_full 106 stress 8448 calibration spectra [('profiled', 0.65234375, 'resolved'), ('fixed', 0.67578125, 'resolved')]
POINT DONE individual_2016_full 106 in 41.4s
individual_2016_full 107 gp 8448 calibration spectra [('profiled', 0.86328125, 'resolved'), ('fixed', 0.83984375, 'resolved')]
individual_2016_full 107 stress 8448 calibration spectra [('profiled', 0.80859375, 'resolved'), ('fixed', 0.75390625, 'resolved')]
POINT DONE individual_2016_full 107 in 43.3s
individual_2016_full 108 gp 8448 calibration spectra [('profiled', 1.0859375, 'resolved'), ('fixed', 1.02734375, 'resolved')]
individual_2016_full 108 stress 8448 calibration spectra [('profiled', 1.00390625, 'resolved'), ('fixed', 0.97265625, 'resolved')]
POINT DONE individual_2016_full 108 in 43.3s
individual_2016_full 109 gp 8448 calibration spectra [('profiled', 1.5078125, 'resolved'), ('fixed', 1.4765625, 'resolved')]
individual_2016_full 109 stress 8448 calibration spectra [('profiled', 1.2578125, 'resolved'), ('fixed', 1.2734375, 'resolved')]
POINT DONE individual_2016_full 109 in 42.6s
individual_2016_full 110 gp 8448 calibration spectra [('profiled', 2.234375, 'resolved'), ('fixed', 3.046875, 'resolved')]
individual_2016_full 110 stress 8448 calibration spectra [('profiled', 1.4609375, 'resolved'), ('fixed', 2.109375, 'resolved')]
POINT DONE individual_2016_full 110 in 41.9s
individual_2016_full 111 gp 8448 calibration spectra [('profiled', 2.734375, 'resolved'), ('fixed', 3.109375, 'resolved')]
individual_2016_full 111 stress 8448 calibration spectra [('profiled', 2.390625, 'resolved'), ('fixed', 2.578125, 'resolved')]
POINT DONE individual_2016_full 111 in 42.8s
individual_2016_full 112 gp 8448 calibration spectra [('profiled', 3.203125, 'resolved'), ('fixed', 4.046875, 'resolved')]
individual_2016_full 112 stress 8448 calibration spectra [('profiled', 1.8515625, 'resolved'), ('fixed', 2.171875, 'resolved')]
POINT DONE individual_2016_full 112 in 1745.2s
individual_2016_full 113 gp 8448 calibration spectra [('profiled', 3.640625, 'resolved'), ('fixed', 4.90625, 'resolved')]
individual_2016_full 113 stress 8448 calibration spectra [('profiled', 2.296875, 'resolved'), ('fixed', 3.046875, 'resolved')]
POINT DONE individual_2016_full 113 in 48.1s
individual_2016_full 114 gp 8448 calibration spectra [('profiled', 3.984375, 'resolved'), ('fixed', 5.40625, 'resolved')]
individual_2016_full 114 stress 8448 calibration spectra [('profiled', 2.703125, 'resolved'), ('fixed', 3.578125, 'resolved')]
POINT DONE individual_2016_full 114 in 44.2s
individual_2016_full 115 gp 8448 calibration spectra [('profiled', 3.921875, 'resolved'), ('fixed', 4.34375, 'resolved')]
individual_2016_full 115 stress 8448 calibration spectra [('profiled', 2.703125, 'resolved'), ('fixed', 2.765625, 'resolved')]
POINT DONE individual_2016_full 115 in 45.4s
individual_2016_full 116 gp 8448 calibration spectra [('profiled', 4.21875, 'resolved'), ('fixed', 4.59375, 'resolved')]
individual_2016_full 116 stress 8448 calibration spectra [('profiled', 3.109375, 'resolved'), ('fixed', 2.953125, 'resolved')]
POINT DONE individual_2016_full 116 in 45.9s
individual_2016_full 117 gp 8448 calibration spectra [('profiled', 4.59375, 'resolved'), ('fixed', 4.65625, 'resolved')]
individual_2016_full 117 stress 8448 calibration spectra [('profiled', 4.15625, 'limited_mc'), ('fixed', 3.890625, 'resolved')]
POINT DONE individual_2016_full 117 in 61.8s
individual_2016_full 118 gp 8448 calibration spectra [('profiled', 3.890625, 'resolved'), ('fixed', 4.34375, 'resolved')]
individual_2016_full 118 stress 8448 calibration spectra [('profiled', 2.921875, 'resolved'), ('fixed', 2.890625, 'resolved')]
POINT DONE individual_2016_full 118 in 45.6s
individual_2016_full 119 gp 8448 calibration spectra [('profiled', 4.53125, 'resolved'), ('fixed', 5.78125, 'resolved')]
individual_2016_full 119 stress 8448 calibration spectra [('profiled', 4.40625, 'resolved'), ('fixed', 5.53125, 'resolved')]
POINT DONE individual_2016_full 119 in 58.0s
individual_2016_full 120 gp 8448 calibration spectra [('profiled', 4.015625, 'resolved'), ('fixed', 5.59375, 'resolved')]
individual_2016_full 120 stress 8448 calibration spectra [('profiled', 4.109375, 'resolved'), ('fixed', 5.46875, 'resolved')]
POINT DONE individual_2016_full 120 in 47.2s
individual_2016_full 121 gp 8448 calibration spectra [('profiled', 3.890625, 'resolved'), ('fixed', 6.34375, 'resolved')]
individual_2016_full 121 stress 8448 calibration spectra [('profiled', 4.015625, 'resolved'), ('fixed', 6.46875, 'resolved')]
POINT DONE individual_2016_full 121 in 59.2s
individual_2016_full 122 gp 8448 calibration spectra [('profiled', 3.390625, 'resolved'), ('fixed', 5.71875, 'resolved')]
individual_2016_full 122 stress 8448 calibration spectra [('profiled', 3.609375, 'resolved'), ('fixed', 5.90625, 'resolved')]
POINT DONE individual_2016_full 122 in 50.5s
individual_2016_full 123 gp 8448 calibration spectra [('profiled', 2.921875, 'resolved'), ('fixed', 5.28125, 'resolved')]
individual_2016_full 123 stress 8448 calibration spectra [('profiled', 3.109375, 'resolved'), ('fixed', 5.46875, 'resolved')]
POINT DONE individual_2016_full 123 in 56.4s
individual_2016_full 124 gp 8448 calibration spectra [('profiled', 2.546875, 'resolved'), ('fixed', 4.78125, 'resolved')]
individual_2016_full 124 stress 8448 calibration spectra [('profiled', 2.765625, 'resolved'), ('fixed', 5.03125, 'resolved')]
POINT DONE individual_2016_full 124 in 56.5s
individual_2016_full 125 gp 8448 calibration spectra [('profiled', 2.234375, 'resolved'), ('fixed', 4.53125, 'resolved')]
individual_2016_full 125 stress 8448 calibration spectra [('profiled', 2.359375, 'resolved'), ('fixed', 4.78125, 'resolved')]
POINT DONE individual_2016_full 125 in 59.0s
individual_2016_full 126 gp 8448 calibration spectra [('profiled', 1.8359375, 'resolved'), ('fixed', 3.609375, 'resolved')]
individual_2016_full 126 stress 8448 calibration spectra [('profiled', 1.8828125, 'resolved'), ('fixed', 3.734375, 'resolved')]
POINT DONE individual_2016_full 126 in 57.3s
individual_2016_full 127 gp 8448 calibration spectra [('profiled', 1.2265625, 'resolved'), ('fixed', 2.0078125, 'resolved')]
individual_2016_full 127 stress 8448 calibration spectra [('profiled', 1.5390625, 'resolved'), ('fixed', 2.484375, 'resolved')]
POINT DONE individual_2016_full 127 in 63.8s
individual_2016_full 128 gp 8448 calibration spectra [('profiled', 1.1953125, 'resolved'), ('fixed', 1.6796875, 'resolved')]
individual_2016_full 128 stress 8448 calibration spectra [('profiled', 1.8828125, 'resolved'), ('fixed', 2.734375, 'resolved')]
POINT DONE individual_2016_full 128 in 64.3s
individual_2016_full 129 gp 8448 calibration spectra [('profiled', 1.1796875, 'resolved'), ('fixed', 1.5390625, 'resolved')]
individual_2016_full 129 stress 8448 calibration spectra [('profiled', 1.9921875, 'resolved'), ('fixed', 2.609375, 'resolved')]
POINT DONE individual_2016_full 129 in 62.9s
individual_2016_full 130 gp 8448 calibration spectra [('profiled', 1.2890625, 'resolved'), ('fixed', 1.7578125, 'resolved')]
individual_2016_full 130 stress 8448 calibration spectra [('profiled', 1.8984375, 'resolved'), ('fixed', 2.703125, 'resolved')]
POINT DONE individual_2016_full 130 in 66.9s
individual_2016_full 131 gp 8448 calibration spectra [('profiled', 1.2890625, 'resolved'), ('fixed', 1.3671875, 'resolved')]
individual_2016_full 131 stress 8448 calibration spectra [('profiled', 2.0234375, 'resolved'), ('fixed', 2.359375, 'resolved')]
POINT DONE individual_2016_full 131 in 73.9s
individual_2016_full 132 gp 8448 calibration spectra [('profiled', 1.2890625, 'resolved'), ('fixed', 1.3515625, 'resolved')]
individual_2016_full 132 stress 8448 calibration spectra [('profiled', 2.140625, 'resolved'), ('fixed', 2.484375, 'resolved')]
POINT DONE individual_2016_full 132 in 71.6s
individual_2016_full 133 gp 8448 calibration spectra [('profiled', 1.3203125, 'resolved'), ('fixed', 1.2578125, 'resolved')]
individual_2016_full 133 stress 8448 calibration spectra [('profiled', 2.265625, 'resolved'), ('fixed', 2.421875, 'resolved')]
POINT DONE individual_2016_full 133 in 66.8s
individual_2016_full 134 gp 8448 calibration spectra [('profiled', 1.3203125, 'resolved'), ('fixed', 1.0546875, 'resolved')]
individual_2016_full 134 stress 8448 calibration spectra [('profiled', 2.234375, 'resolved'), ('fixed', 2.078125, 'limited_mc')]
POINT DONE individual_2016_full 134 in 70.5s
individual_2016_full 135 gp 8448 calibration spectra [('profiled', 1.2421875, 'resolved'), ('fixed', 1.0546875, 'resolved')]
individual_2016_full 135 stress 8448 calibration spectra [('profiled', 2.0078125, 'resolved'), ('fixed', 1.7890625, 'resolved')]
POINT DONE individual_2016_full 135 in 65.7s
individual_2016_full 136 gp 8448 calibration spectra [('profiled', 1.1484375, 'resolved'), ('fixed', 1.1015625, 'resolved')]
individual_2016_full 136 stress 8448 calibration spectra [('profiled', 1.8046875, 'resolved'), ('fixed', 1.7734375, 'resolved')]
POINT DONE individual_2016_full 136 in 63.5s
individual_2016_full 137 gp 8448 calibration spectra [('profiled', 1.1484375, 'resolved'), ('fixed', 1.1171875, 'resolved')]
individual_2016_full 137 stress 8448 calibration spectra [('profiled', 1.7421875, 'resolved'), ('fixed', 1.8359375, 'resolved')]
POINT DONE individual_2016_full 137 in 72.8s
individual_2016_full 138 gp 8448 calibration spectra [('profiled', 0.90234375, 'resolved'), ('fixed', 0.88671875, 'resolved')]
individual_2016_full 138 stress 8448 calibration spectra [('profiled', 1.2734375, 'resolved'), ('fixed', 1.1171875, 'resolved')]
POINT DONE individual_2016_full 138 in 72.6s
individual_2016_full 139 gp 8448 calibration spectra [('profiled', 1.02734375, 'resolved'), ('fixed', 1.1328125, 'resolved')]
individual_2016_full 139 stress 8448 calibration spectra [('profiled', 1.3359375, 'resolved'), ('fixed', 1.6796875, 'resolved')]
POINT DONE individual_2016_full 139 in 74.1s
individual_2016_full 140 gp 8448 calibration spectra [('profiled', 1.0859375, 'resolved'), ('fixed', 1.5546875, 'resolved')]
individual_2016_full 140 stress 8448 calibration spectra [('profiled', 1.5234375, 'resolved'), ('fixed', 2.421875, 'resolved')]
POINT DONE individual_2016_full 140 in 78.6s
individual_2016_full 141 gp 8448 calibration spectra [('profiled', 0.77734375, 'resolved'), ('fixed', 0.89453125, 'resolved')]
individual_2016_full 141 stress 8448 calibration spectra [('profiled', 0.87109375, 'resolved'), ('fixed', 1.01953125, 'resolved')]
POINT DONE individual_2016_full 141 in 70.8s
individual_2016_full 142 gp 8448 calibration spectra [('profiled', 0.77734375, 'resolved'), ('fixed', 0.92578125, 'resolved')]
individual_2016_full 142 stress 8448 calibration spectra [('profiled', 0.84765625, 'resolved'), ('fixed', 1.0390625, 'limited_mc')]
POINT DONE individual_2016_full 142 in 75.5s
individual_2016_full 143 gp 8448 calibration spectra [('profiled', 0.79296875, 'resolved'), ('fixed', 1.0390625, 'limited_mc')]
individual_2016_full 143 stress 8448 calibration spectra [('profiled', 0.83203125, 'resolved'), ('fixed', 1.0859375, 'resolved')]
POINT DONE individual_2016_full 143 in 82.1s
individual_2016_full 144 gp 8448 calibration spectra [('profiled', 1.2578125, 'resolved'), ('fixed', 2.0234375, 'resolved')]
individual_2016_full 144 stress 8448 calibration spectra [('profiled', 1.4609375, 'resolved'), ('fixed', 2.765625, 'resolved')]
POINT DONE individual_2016_full 144 in 79.9s
individual_2016_full 145 gp 8448 calibration spectra [('profiled', 0.83203125, 'resolved'), ('fixed', 0.98828125, 'resolved')]
individual_2016_full 145 stress 8448 calibration spectra [('profiled', 0.85546875, 'resolved'), ('fixed', 1.00390625, 'resolved')]
POINT DONE individual_2016_full 145 in 79.1s
individual_2016_full 146 gp 8448 calibration spectra [('profiled', 0.89453125, 'resolved'), ('fixed', 1.01171875, 'resolved')]
individual_2016_full 146 stress 8448 calibration spectra [('profiled', 0.87109375, 'resolved'), ('fixed', 1.00390625, 'resolved')]
POINT DONE individual_2016_full 146 in 78.4s
individual_2016_full 147 gp 8448 calibration spectra [('profiled', 0.89453125, 'resolved'), ('fixed', 0.93359375, 'resolved')]
individual_2016_full 147 stress 8448 calibration spectra [('profiled', 0.87890625, 'resolved'), ('fixed', 0.87890625, 'resolved')]
POINT DONE individual_2016_full 147 in 80.5s
individual_2016_full 148 gp 8448 calibration spectra [('profiled', 1.02734375, 'resolved'), ('fixed', 1.02734375, 'resolved')]
individual_2016_full 148 stress 8448 calibration spectra [('profiled', 0.99609375, 'resolved'), ('fixed', 0.94921875, 'resolved')]
POINT DONE individual_2016_full 148 in 81.6s
individual_2016_full 149 gp 8448 calibration spectra [('profiled', 1.6640625, 'resolved'), ('fixed', 1.9453125, 'resolved')]
individual_2016_full 149 stress 8448 calibration spectra [('profiled', 1.6328125, 'resolved'), ('fixed', 2.078125, 'limited_mc')]
POINT DONE individual_2016_full 149 in 89.3s
individual_2016_full 150 gp 8448 calibration spectra [('profiled', 1.7734375, 'resolved'), ('fixed', 1.8359375, 'resolved')]
individual_2016_full 150 stress 8448 calibration spectra [('profiled', 1.6328125, 'resolved'), ('fixed', 1.8203125, 'resolved')]
POINT DONE individual_2016_full 150 in 89.2s
individual_2016_full 151 gp 8448 calibration spectra [('profiled', 1.9765625, 'resolved'), ('fixed', 2.609375, 'resolved')]
individual_2016_full 151 stress 8448 calibration spectra [('profiled', 1.6484375, 'resolved'), ('fixed', 2.203125, 'resolved')]
POINT DONE individual_2016_full 151 in 83.5s
individual_2016_full 152 gp 8448 calibration spectra [('profiled', 2.171875, 'resolved'), ('fixed', 3.140625, 'resolved')]
individual_2016_full 152 stress 8448 calibration spectra [('profiled', 1.6953125, 'resolved'), ('fixed', 2.453125, 'resolved')]
POINT DONE individual_2016_full 152 in 80.7s
individual_2016_full 153 gp 8448 calibration spectra [('profiled', 2.234375, 'resolved'), ('fixed', 3.171875, 'resolved')]
individual_2016_full 153 stress 8448 calibration spectra [('profiled', 1.7265625, 'resolved'), ('fixed', 2.359375, 'resolved')]
POINT DONE individual_2016_full 153 in 79.3s
individual_2016_full 154 gp 8448 calibration spectra [('profiled', 2.421875, 'resolved'), ('fixed', 2.984375, 'resolved')]
individual_2016_full 154 stress 8448 calibration spectra [('profiled', 1.9296875, 'resolved'), ('fixed', 2.421875, 'resolved')]
POINT DONE individual_2016_full 154 in 88.2s
individual_2016_full 155 gp 8448 calibration spectra [('profiled', 2.515625, 'resolved'), ('fixed', 3.015625, 'resolved')]
individual_2016_full 155 stress 8448 calibration spectra [('profiled', 1.9609375, 'resolved'), ('fixed', 2.265625, 'resolved')]
POINT DONE individual_2016_full 155 in 84.2s
individual_2016_full 156 gp 8448 calibration spectra [('profiled', 2.734375, 'resolved'), ('fixed', 4.15625, 'limited_mc')]
individual_2016_full 156 stress 8448 calibration spectra [('profiled', 2.140625, 'resolved'), ('fixed', 3.140625, 'resolved')]
POINT DONE individual_2016_full 156 in 95.2s
individual_2016_full 157 gp 8448 calibration spectra [('profiled', 2.859375, 'resolved'), ('fixed', 4.15625, 'limited_mc')]
individual_2016_full 157 stress 8448 calibration spectra [('profiled', 2.0234375, 'resolved'), ('fixed', 2.859375, 'resolved')]
POINT DONE individual_2016_full 157 in 87.5s
individual_2016_full 158 gp 8448 calibration spectra [('profiled', 2.921875, 'resolved'), ('fixed', 4.40625, 'resolved')]
individual_2016_full 158 stress 8448 calibration spectra [('profiled', 2.140625, 'resolved'), ('fixed', 3.015625, 'resolved')]
POINT DONE individual_2016_full 158 in 92.1s
individual_2016_full 159 gp 8448 calibration spectra [('profiled', 3.046875, 'resolved'), ('fixed', 4.78125, 'resolved')]
individual_2016_full 159 stress 8448 calibration spectra [('profiled', 2.140625, 'resolved'), ('fixed', 3.265625, 'resolved')]
POINT DONE individual_2016_full 159 in 84.6s
individual_2016_full 160 gp 8448 calibration spectra [('profiled', 3.265625, 'resolved'), ('fixed', 5.15625, 'resolved')]
individual_2016_full 160 stress 8448 calibration spectra [('profiled', 2.390625, 'resolved'), ('fixed', 3.609375, 'resolved')]
POINT DONE individual_2016_full 160 in 87.9s
individual_2016_full 161 gp 8448 calibration spectra [('profiled', 3.140625, 'resolved'), ('fixed', 4.28125, 'resolved')]
individual_2016_full 161 stress 8448 calibration spectra [('profiled', 2.265625, 'resolved'), ('fixed', 2.859375, 'resolved')]
POINT DONE individual_2016_full 161 in 97.4s
individual_2016_full 162 gp 8448 calibration spectra [('profiled', 3.234375, 'resolved'), ('fixed', 4.28125, 'resolved')]
individual_2016_full 162 stress 8448 calibration spectra [('profiled', 2.421875, 'resolved'), ('fixed', 2.953125, 'resolved')]
POINT DONE individual_2016_full 162 in 96.1s
individual_2016_full 163 gp 8448 calibration spectra [('profiled', 2.921875, 'resolved'), ('fixed', 3.578125, 'resolved')]
individual_2016_full 163 stress 8448 calibration spectra [('profiled', 2.140625, 'resolved'), ('fixed', 2.265625, 'resolved')]
POINT DONE individual_2016_full 163 in 85.4s
individual_2016_full 164 gp 8448 calibration spectra [('profiled', 2.546875, 'resolved'), ('fixed', 2.859375, 'resolved')]
individual_2016_full 164 stress 8448 calibration spectra [('profiled', 1.8671875, 'resolved'), ('fixed', 1.8828125, 'resolved')]
POINT DONE individual_2016_full 164 in 97.1s
individual_2016_full 165 gp 8448 calibration spectra [('profiled', 2.328125, 'resolved'), ('fixed', 2.703125, 'resolved')]
individual_2016_full 165 stress 8448 calibration spectra [('profiled', 1.7734375, 'resolved'), ('fixed', 1.8515625, 'resolved')]
POINT DONE individual_2016_full 165 in 92.2s
individual_2016_full 166 gp 8448 calibration spectra [('profiled', 1.9921875, 'resolved'), ('fixed', 2.140625, 'resolved')]
individual_2016_full 166 stress 8448 calibration spectra [('profiled', 1.6484375, 'resolved'), ('fixed', 1.6328125, 'resolved')]
POINT DONE individual_2016_full 166 in 97.1s
individual_2016_full 167 gp 8448 calibration spectra [('profiled', 2.0390625, 'resolved'), ('fixed', 2.703125, 'resolved')]
individual_2016_full 167 stress 8448 calibration spectra [('profiled', 1.5859375, 'resolved'), ('fixed', 1.7578125, 'resolved')]
POINT DONE individual_2016_full 167 in 99.8s
individual_2016_full 168 gp 8448 calibration spectra [('profiled', 2.109375, 'resolved'), ('fixed', 3.234375, 'resolved')]
individual_2016_full 168 stress 8448 calibration spectra [('profiled', 1.5859375, 'resolved'), ('fixed', 2.203125, 'resolved')]
POINT DONE individual_2016_full 168 in 101.3s
individual_2016_full 169 gp 8448 calibration spectra [('profiled', 1.8984375, 'resolved'), ('fixed', 2.921875, 'resolved')]
individual_2016_full 169 stress 8448 calibration spectra [('profiled', 1.5546875, 'resolved'), ('fixed', 2.078125, 'limited_mc')]
POINT DONE individual_2016_full 169 in 95.9s
individual_2016_full 170 gp 8448 calibration spectra [('profiled', 1.3671875, 'resolved'), ('fixed', 1.8984375, 'resolved')]
individual_2016_full 170 stress 8448 calibration spectra [('profiled', 1.2734375, 'resolved'), ('fixed', 1.5390625, 'resolved')]
POINT DONE individual_2016_full 170 in 107.6s
individual_2016_full 171 gp 8448 calibration spectra [('profiled', 1.1953125, 'resolved'), ('fixed', 1.7109375, 'resolved')]
individual_2016_full 171 stress 8448 calibration spectra [('profiled', 1.2265625, 'resolved'), ('fixed', 1.5234375, 'resolved')]
POINT DONE individual_2016_full 171 in 107.8s
individual_2016_full 172 gp 8448 calibration spectra [('profiled', 1.0390625, 'limited_mc'), ('fixed', 1.3203125, 'resolved')]
individual_2016_full 172 stress 8448 calibration spectra [('profiled', 1.2265625, 'resolved'), ('fixed', 1.4765625, 'resolved')]
POINT DONE individual_2016_full 172 in 100.3s
individual_2016_full 173 gp 8448 calibration spectra [('profiled', 0.97265625, 'resolved'), ('fixed', 1.2890625, 'resolved')]
individual_2016_full 173 stress 8448 calibration spectra [('profiled', 1.1484375, 'resolved'), ('fixed', 1.3671875, 'resolved')]
POINT DONE individual_2016_full 173 in 105.2s
individual_2016_full 174 gp 8448 calibration spectra [('profiled', 0.91015625, 'resolved'), ('fixed', 1.1953125, 'resolved')]
individual_2016_full 174 stress 8448 calibration spectra [('profiled', 1.1015625, 'resolved'), ('fixed', 1.5390625, 'resolved')]
POINT DONE individual_2016_full 174 in 98.1s
individual_2016_full 175 gp 8448 calibration spectra [('profiled', 0.99609375, 'resolved'), ('fixed', 1.7734375, 'resolved')]
individual_2016_full 175 stress 8448 calibration spectra [('profiled', 1.1484375, 'resolved'), ('fixed', 2.140625, 'resolved')]
POINT DONE individual_2016_full 175 in 107.9s
individual_2016_full 176 gp 8448 calibration spectra [('profiled', 0.88671875, 'resolved'), ('fixed', 1.3828125, 'resolved')]
individual_2016_full 176 stress 8448 calibration spectra [('profiled', 1.1328125, 'resolved'), ('fixed', 1.7734375, 'resolved')]
POINT DONE individual_2016_full 176 in 107.5s
individual_2016_full 177 gp 8448 calibration spectra [('profiled', 0.97265625, 'resolved'), ('fixed', 1.9453125, 'resolved')]
individual_2016_full 177 stress 8448 calibration spectra [('profiled', 1.1640625, 'resolved'), ('fixed', 2.359375, 'resolved')]
POINT DONE individual_2016_full 177 in 109.4s
individual_2016_full 178 gp 8448 calibration spectra [('profiled', 0.89453125, 'resolved'), ('fixed', 1.9140625, 'resolved')]
individual_2016_full 178 stress 8448 calibration spectra [('profiled', 1.2421875, 'resolved'), ('fixed', 2.640625, 'resolved')]
POINT DONE individual_2016_full 178 in 108.3s
individual_2016_full 179 gp 8448 calibration spectra [('profiled', 0.99609375, 'resolved'), ('fixed', 2.359375, 'resolved')]
individual_2016_full 179 stress 8448 calibration spectra [('profiled', 1.2578125, 'resolved'), ('fixed', 3.109375, 'resolved')]
POINT DONE individual_2016_full 179 in 111.2s
individual_2016_full 180 gp 8448 calibration spectra [('profiled', 1.1015625, 'resolved'), ('fixed', 2.453125, 'resolved')]
individual_2016_full 180 stress 8448 calibration spectra [('profiled', 1.4296875, 'resolved'), ('fixed', 3.546875, 'resolved')]
POINT DONE individual_2016_full 180 in 111.4s
individual_2021_10pct 50 gp 8448 calibration spectra [('profiled', 2.078125, 'limited_mc'), ('fixed', 2.921875, 'resolved')]
individual_2021_10pct 50 stress 8448 calibration spectra [('profiled', 1.5703125, 'resolved'), ('fixed', 2.171875, 'resolved')]
POINT DONE individual_2021_10pct 50 in 9.6s
individual_2021_10pct 51 gp 8448 calibration spectra [('profiled', 1.4765625, 'resolved'), ('fixed', 2.109375, 'resolved')]
individual_2021_10pct 51 stress 8448 calibration spectra [('profiled', 1.01171875, 'resolved'), ('fixed', 1.4453125, 'resolved')]
POINT DONE individual_2021_10pct 51 in 9.7s
individual_2021_10pct 52 gp 8448 calibration spectra [('profiled', 1.2578125, 'resolved'), ('fixed', 1.8984375, 'resolved')]
individual_2021_10pct 52 stress 8448 calibration spectra [('profiled', 1.0703125, 'resolved'), ('fixed', 1.2734375, 'resolved')]
POINT DONE individual_2021_10pct 52 in 11.1s
individual_2021_10pct 53 gp 8448 calibration spectra [('profiled', 1.4453125, 'resolved'), ('fixed', 1.8828125, 'resolved')]
individual_2021_10pct 53 stress 8448 calibration spectra [('profiled', 1.3203125, 'resolved'), ('fixed', 1.5859375, 'resolved')]
POINT DONE individual_2021_10pct 53 in 9.6s
individual_2021_10pct 54 gp 8448 calibration spectra [('profiled', 1.7265625, 'resolved'), ('fixed', 3.078125, 'resolved')]
individual_2021_10pct 54 stress 8448 calibration spectra [('profiled', 1.7734375, 'resolved'), ('fixed', 2.796875, 'resolved')]
POINT DONE individual_2021_10pct 54 in 10.2s
individual_2021_10pct 55 gp 8448 calibration spectra [('profiled', 1.7734375, 'resolved'), ('fixed', 2.734375, 'resolved')]
individual_2021_10pct 55 stress 8448 calibration spectra [('profiled', 1.8828125, 'resolved'), ('fixed', 2.859375, 'resolved')]
POINT DONE individual_2021_10pct 55 in 10.4s
individual_2021_10pct 56 gp 8448 calibration spectra [('profiled', 2.265625, 'resolved'), ('fixed', 3.234375, 'resolved')]
individual_2021_10pct 56 stress 8448 calibration spectra [('profiled', 2.296875, 'resolved'), ('fixed', 3.296875, 'resolved')]
POINT DONE individual_2021_10pct 56 in 10.1s
individual_2021_10pct 57 gp 8448 calibration spectra [('profiled', 2.265625, 'resolved'), ('fixed', 3.390625, 'resolved')]
individual_2021_10pct 57 stress 8448 calibration spectra [('profiled', 2.234375, 'resolved'), ('fixed', 3.671875, 'resolved')]
POINT DONE individual_2021_10pct 57 in 11.2s
individual_2021_10pct 58 gp 8448 calibration spectra [('profiled', 1.7265625, 'resolved'), ('fixed', 1.5390625, 'resolved')]
individual_2021_10pct 58 stress 8448 calibration spectra [('profiled', 1.8984375, 'resolved'), ('fixed', 1.9296875, 'resolved')]
POINT DONE individual_2021_10pct 58 in 10.3s
individual_2021_10pct 59 gp 8448 calibration spectra [('profiled', 1.3203125, 'resolved'), ('fixed', 1.3671875, 'resolved')]
individual_2021_10pct 59 stress 8448 calibration spectra [('profiled', 1.4609375, 'resolved'), ('fixed', 1.6953125, 'resolved')]
POINT DONE individual_2021_10pct 59 in 10.5s
individual_2021_10pct 60 gp 8448 calibration spectra [('profiled', 1.01953125, 'resolved'), ('fixed', 1.5234375, 'resolved')]
individual_2021_10pct 60 stress 8448 calibration spectra [('profiled', 1.2578125, 'resolved'), ('fixed', 2.203125, 'resolved')]
POINT DONE individual_2021_10pct 60 in 10.2s
individual_2021_10pct 61 gp 8448 calibration spectra [('profiled', 0.93359375, 'resolved'), ('fixed', 1.6171875, 'resolved')]
individual_2021_10pct 61 stress 8448 calibration spectra [('profiled', 1.1484375, 'resolved'), ('fixed', 2.203125, 'resolved')]
POINT DONE individual_2021_10pct 61 in 10.4s
individual_2021_10pct 62 gp 8448 calibration spectra [('profiled', 1.2109375, 'resolved'), ('fixed', 2.609375, 'resolved')]
individual_2021_10pct 62 stress 8448 calibration spectra [('profiled', 1.5390625, 'resolved'), ('fixed', 3.046875, 'resolved')]
POINT DONE individual_2021_10pct 62 in 10.2s
individual_2021_10pct 63 gp 8448 calibration spectra [('profiled', 1.7578125, 'resolved'), ('fixed', 2.828125, 'resolved')]
individual_2021_10pct 63 stress 8448 calibration spectra [('profiled', 1.7890625, 'resolved'), ('fixed', 2.703125, 'resolved')]
POINT DONE individual_2021_10pct 63 in 11.1s
individual_2021_10pct 64 gp 8448 calibration spectra [('profiled', 2.953125, 'resolved'), ('fixed', 4.21875, 'resolved')]
individual_2021_10pct 64 stress 8448 calibration spectra [('profiled', 2.390625, 'resolved'), ('fixed', 3.078125, 'resolved')]
POINT DONE individual_2021_10pct 64 in 9.5s
individual_2021_10pct 65 gp 8448 calibration spectra [('profiled', 3.734375, 'resolved'), ('fixed', 4.109375, 'resolved')]
individual_2021_10pct 65 stress 8448 calibration spectra [('profiled', 2.984375, 'resolved'), ('fixed', 2.796875, 'resolved')]
POINT DONE individual_2021_10pct 65 in 9.4s
individual_2021_10pct 66 gp 8448 calibration spectra [('profiled', 3.890625, 'resolved'), ('fixed', 4.46875, 'resolved')]
individual_2021_10pct 66 stress 8448 calibration spectra [('profiled', 2.578125, 'resolved'), ('fixed', 2.609375, 'resolved')]
POINT DONE individual_2021_10pct 66 in 10.7s
individual_2021_10pct 67 gp 8448 calibration spectra [('profiled', 2.890625, 'resolved'), ('fixed', 2.390625, 'resolved')]
individual_2021_10pct 67 stress 8448 calibration spectra [('profiled', 1.6640625, 'resolved'), ('fixed', 1.3046875, 'resolved')]
POINT DONE individual_2021_10pct 67 in 9.2s
individual_2021_10pct 68 gp 8448 calibration spectra [('profiled', 1.5703125, 'resolved'), ('fixed', 2.171875, 'resolved')]
individual_2021_10pct 68 stress 8448 calibration spectra [('profiled', 0.91015625, 'resolved'), ('fixed', 1.2578125, 'resolved')]
POINT DONE individual_2021_10pct 68 in 10.5s
individual_2021_10pct 69 gp 8448 calibration spectra [('profiled', 0.85546875, 'resolved'), ('fixed', 1.3203125, 'resolved')]
individual_2021_10pct 69 stress 8448 calibration spectra [('profiled', 0.71484375, 'resolved'), ('fixed', 1.0546875, 'resolved')]
POINT DONE individual_2021_10pct 69 in 10.2s
individual_2021_10pct 70 gp 8448 calibration spectra [('profiled', 0.68359375, 'resolved'), ('fixed', 1.00390625, 'resolved')]
individual_2021_10pct 70 stress 8448 calibration spectra [('profiled', 0.68359375, 'resolved'), ('fixed', 1.0703125, 'resolved')]
POINT DONE individual_2021_10pct 70 in 9.7s
individual_2021_10pct 71 gp 8448 calibration spectra [('profiled', 0.55078125, 'resolved'), ('fixed', 0.68359375, 'resolved')]
individual_2021_10pct 71 stress 8448 calibration spectra [('profiled', 0.76953125, 'resolved'), ('fixed', 1.1171875, 'resolved')]
POINT DONE individual_2021_10pct 71 in 9.6s
individual_2021_10pct 72 gp 8448 calibration spectra [('profiled', 0.69140625, 'resolved'), ('fixed', 0.81640625, 'resolved')]
individual_2021_10pct 72 stress 8448 calibration spectra [('profiled', 1.2578125, 'resolved'), ('fixed', 1.5078125, 'resolved')]
POINT DONE individual_2021_10pct 72 in 9.5s
individual_2021_10pct 73 gp 8448 calibration spectra [('profiled', 1.0546875, 'resolved'), ('fixed', 1.3046875, 'resolved')]
individual_2021_10pct 73 stress 8448 calibration spectra [('profiled', 2.203125, 'resolved'), ('fixed', 3.015625, 'resolved')]
POINT DONE individual_2021_10pct 73 in 9.5s
individual_2021_10pct 74 gp 8448 calibration spectra [('profiled', 1.5703125, 'resolved'), ('fixed', 1.6953125, 'resolved')]
individual_2021_10pct 74 stress 8448 calibration spectra [('profiled', 3.265625, 'resolved'), ('fixed', 3.453125, 'resolved')]
POINT DONE individual_2021_10pct 74 in 9.5s
individual_2021_10pct 75 gp 8448 calibration spectra [('profiled', 2.328125, 'resolved'), ('fixed', 2.109375, 'resolved')]
individual_2021_10pct 75 stress 8448 calibration spectra [('profiled', 3.921875, 'resolved'), ('fixed', 4.046875, 'resolved')]
POINT DONE individual_2021_10pct 75 in 9.4s
individual_2021_10pct 76 gp 8448 calibration spectra [('profiled', 2.984375, 'resolved'), ('fixed', 3.390625, 'resolved')]
individual_2021_10pct 76 stress 8448 calibration spectra [('profiled', 4.078125, 'resolved'), ('fixed', 5.03125, 'resolved')]
POINT DONE individual_2021_10pct 76 in 9.1s
individual_2021_10pct 77 gp 8448 calibration spectra [('profiled', 3.765625, 'resolved'), ('fixed', 6.21875, 'resolved')]
individual_2021_10pct 77 stress 8448 calibration spectra [('profiled', 4.15625, 'limited_mc'), ('fixed', 7.40625, 'resolved')]
POINT DONE individual_2021_10pct 77 in 9.5s
individual_2021_10pct 78 gp 8448 calibration spectra [('profiled', 3.859375, 'resolved'), ('fixed', 5.65625, 'resolved')]
individual_2021_10pct 78 stress 8448 calibration spectra [('profiled', 3.609375, 'resolved'), ('fixed', 5.96875, 'resolved')]
POINT DONE individual_2021_10pct 78 in 9.3s
individual_2021_10pct 79 gp 8448 calibration spectra [('profiled', 3.640625, 'resolved'), ('fixed', 4.53125, 'resolved')]
individual_2021_10pct 79 stress 8448 calibration spectra [('profiled', 2.890625, 'resolved'), ('fixed', 3.578125, 'resolved')]
POINT DONE individual_2021_10pct 79 in 9.7s
individual_2021_10pct 80 gp 8448 calibration spectra [('profiled', 3.046875, 'resolved'), ('fixed', 3.328125, 'resolved')]
individual_2021_10pct 80 stress 8448 calibration spectra [('profiled', 2.140625, 'resolved'), ('fixed', 2.265625, 'resolved')]
POINT DONE individual_2021_10pct 80 in 9.6s
individual_2021_10pct 81 gp 8448 calibration spectra [('profiled', 2.765625, 'resolved'), ('fixed', 4.015625, 'resolved')]
individual_2021_10pct 81 stress 8448 calibration spectra [('profiled', 1.7109375, 'resolved'), ('fixed', 2.828125, 'resolved')]
POINT DONE individual_2021_10pct 81 in 9.0s
individual_2021_10pct 82 gp 8448 calibration spectra [('profiled', 1.7890625, 'resolved'), ('fixed', 2.140625, 'resolved')]
individual_2021_10pct 82 stress 8448 calibration spectra [('profiled', 0.99609375, 'resolved'), ('fixed', 0.95703125, 'resolved')]
POINT DONE individual_2021_10pct 82 in 10.9s
individual_2021_10pct 83 gp 8448 calibration spectra [('profiled', 1.2109375, 'resolved'), ('fixed', 1.1328125, 'resolved')]
individual_2021_10pct 83 stress 8448 calibration spectra [('profiled', 0.75390625, 'resolved'), ('fixed', 0.64453125, 'resolved')]
POINT DONE individual_2021_10pct 83 in 10.5s
individual_2021_10pct 84 gp 8448 calibration spectra [('profiled', 1.01171875, 'resolved'), ('fixed', 1.3359375, 'resolved')]
individual_2021_10pct 84 stress 8448 calibration spectra [('profiled', 0.56640625, 'resolved'), ('fixed', 0.76953125, 'resolved')]
POINT DONE individual_2021_10pct 84 in 10.4s
individual_2021_10pct 85 gp 8448 calibration spectra [('profiled', 0.84765625, 'resolved'), ('fixed', 0.98046875, 'resolved')]
individual_2021_10pct 85 stress 8448 calibration spectra [('profiled', 0.56640625, 'resolved'), ('fixed', 0.69921875, 'resolved')]
POINT DONE individual_2021_10pct 85 in 11.5s
individual_2021_10pct 86 gp 8448 calibration spectra [('profiled', 0.79296875, 'resolved'), ('fixed', 1.1171875, 'resolved')]
individual_2021_10pct 86 stress 8448 calibration spectra [('profiled', 0.62890625, 'resolved'), ('fixed', 0.87109375, 'resolved')]
POINT DONE individual_2021_10pct 86 in 12.1s
individual_2021_10pct 87 gp 8448 calibration spectra [('profiled', 0.80078125, 'resolved'), ('fixed', 0.83984375, 'resolved')]
individual_2021_10pct 87 stress 8448 calibration spectra [('profiled', 0.77734375, 'resolved'), ('fixed', 0.79296875, 'resolved')]
POINT DONE individual_2021_10pct 87 in 11.6s
individual_2021_10pct 88 gp 8448 calibration spectra [('profiled', 0.86328125, 'resolved'), ('fixed', 0.98046875, 'resolved')]
individual_2021_10pct 88 stress 8448 calibration spectra [('profiled', 1.1953125, 'resolved'), ('fixed', 1.1796875, 'resolved')]
POINT DONE individual_2021_10pct 88 in 11.5s
individual_2021_10pct 89 gp 8448 calibration spectra [('profiled', 1.1171875, 'resolved'), ('fixed', 1.2890625, 'resolved')]
individual_2021_10pct 89 stress 8448 calibration spectra [('profiled', 1.9765625, 'resolved'), ('fixed', 2.0546875, 'resolved')]
POINT DONE individual_2021_10pct 89 in 11.5s
individual_2021_10pct 90 gp 8448 calibration spectra [('profiled', 1.6328125, 'resolved'), ('fixed', 2.109375, 'resolved')]
individual_2021_10pct 90 stress 8448 calibration spectra [('profiled', 3.296875, 'resolved'), ('fixed', 4.21875, 'resolved')]
POINT DONE individual_2021_10pct 90 in 11.3s
individual_2021_10pct 91 gp 8448 calibration spectra [('profiled', 2.265625, 'resolved'), ('fixed', 2.796875, 'resolved')]
individual_2021_10pct 91 stress 8448 calibration spectra [('profiled', 4.28125, 'resolved'), ('fixed', 5.40625, 'resolved')]
POINT DONE individual_2021_10pct 91 in 11.6s
individual_2021_10pct 92 gp 8448 calibration spectra [('profiled', 2.828125, 'resolved'), ('fixed', 2.578125, 'resolved')]
individual_2021_10pct 92 stress 8448 calibration spectra [('profiled', 4.84375, 'resolved'), ('fixed', 5.15625, 'resolved')]
POINT DONE individual_2021_10pct 92 in 11.0s
individual_2021_10pct 93 gp 8448 calibration spectra [('profiled', 2.984375, 'resolved'), ('fixed', 2.328125, 'resolved')]
individual_2021_10pct 93 stress 8448 calibration spectra [('profiled', 4.59375, 'resolved'), ('fixed', 4.46875, 'resolved')]
POINT DONE individual_2021_10pct 93 in 10.9s
individual_2021_10pct 94 gp 8448 calibration spectra [('profiled', 2.859375, 'resolved'), ('fixed', 3.140625, 'resolved')]
individual_2021_10pct 94 stress 8448 calibration spectra [('profiled', 3.890625, 'resolved'), ('fixed', 4.65625, 'resolved')]
POINT DONE individual_2021_10pct 94 in 11.2s
individual_2021_10pct 95 gp 8448 calibration spectra [('profiled', 2.296875, 'resolved'), ('fixed', 3.265625, 'resolved')]
individual_2021_10pct 95 stress 8448 calibration spectra [('profiled', 2.859375, 'resolved'), ('fixed', 4.28125, 'resolved')]
POINT DONE individual_2021_10pct 95 in 11.7s
individual_2021_10pct 96 gp 8448 calibration spectra [('profiled', 1.8203125, 'resolved'), ('fixed', 2.859375, 'resolved')]
individual_2021_10pct 96 stress 8448 calibration spectra [('profiled', 1.8203125, 'resolved'), ('fixed', 3.140625, 'resolved')]
POINT DONE individual_2021_10pct 96 in 11.7s
individual_2021_10pct 97 gp 8448 calibration spectra [('profiled', 1.4140625, 'resolved'), ('fixed', 1.9609375, 'resolved')]
individual_2021_10pct 97 stress 8448 calibration spectra [('profiled', 1.2421875, 'resolved'), ('fixed', 1.7265625, 'resolved')]
POINT DONE individual_2021_10pct 97 in 11.9s
individual_2021_10pct 98 gp 8448 calibration spectra [('profiled', 1.4296875, 'resolved'), ('fixed', 2.234375, 'resolved')]
individual_2021_10pct 98 stress 8448 calibration spectra [('profiled', 1.0703125, 'resolved'), ('fixed', 1.6953125, 'resolved')]
POINT DONE individual_2021_10pct 98 in 12.2s
individual_2021_10pct 99 gp 8448 calibration spectra [('profiled', 1.4609375, 'resolved'), ('fixed', 1.8203125, 'resolved')]
individual_2021_10pct 99 stress 8448 calibration spectra [('profiled', 0.99609375, 'resolved'), ('fixed', 1.1796875, 'resolved')]
POINT DONE individual_2021_10pct 99 in 14.2s
individual_2021_10pct 100 gp 8448 calibration spectra [('profiled', 1.7734375, 'resolved'), ('fixed', 2.453125, 'resolved')]
individual_2021_10pct 100 stress 8448 calibration spectra [('profiled', 1.0859375, 'resolved'), ('fixed', 1.3984375, 'resolved')]
POINT DONE individual_2021_10pct 100 in 13.0s
individual_2021_10pct 101 gp 8448 calibration spectra [('profiled', 1.9453125, 'resolved'), ('fixed', 2.234375, 'resolved')]
individual_2021_10pct 101 stress 8448 calibration spectra [('profiled', 1.1796875, 'resolved'), ('fixed', 1.2578125, 'resolved')]
POINT DONE individual_2021_10pct 101 in 11.5s
individual_2021_10pct 102 gp 8448 calibration spectra [('profiled', 1.8515625, 'resolved'), ('fixed', 1.5234375, 'resolved')]
individual_2021_10pct 102 stress 8448 calibration spectra [('profiled', 1.1796875, 'resolved'), ('fixed', 0.97265625, 'resolved')]
POINT DONE individual_2021_10pct 102 in 11.3s
individual_2021_10pct 103 gp 8448 calibration spectra [('profiled', 2.109375, 'resolved'), ('fixed', 2.265625, 'resolved')]
individual_2021_10pct 103 stress 8448 calibration spectra [('profiled', 1.3359375, 'resolved'), ('fixed', 1.3203125, 'resolved')]
POINT DONE individual_2021_10pct 103 in 11.3s
individual_2021_10pct 104 gp 8448 calibration spectra [('profiled', 2.0078125, 'resolved'), ('fixed', 2.359375, 'resolved')]
individual_2021_10pct 104 stress 8448 calibration spectra [('profiled', 1.3671875, 'resolved'), ('fixed', 1.4140625, 'resolved')]
POINT DONE individual_2021_10pct 104 in 11.6s
individual_2021_10pct 105 gp 8448 calibration spectra [('profiled', 1.8515625, 'resolved'), ('fixed', 2.359375, 'resolved')]
individual_2021_10pct 105 stress 8448 calibration spectra [('profiled', 1.3984375, 'resolved'), ('fixed', 1.5859375, 'resolved')]
POINT DONE individual_2021_10pct 105 in 11.4s
individual_2021_10pct 106 gp 8448 calibration spectra [('profiled', 1.6484375, 'resolved'), ('fixed', 2.078125, 'limited_mc')]
individual_2021_10pct 106 stress 8448 calibration spectra [('profiled', 1.4140625, 'resolved'), ('fixed', 1.6484375, 'resolved')]
POINT DONE individual_2021_10pct 106 in 12.2s
individual_2021_10pct 107 gp 8448 calibration spectra [('profiled', 1.5546875, 'resolved'), ('fixed', 1.7421875, 'resolved')]
individual_2021_10pct 107 stress 8448 calibration spectra [('profiled', 1.4140625, 'resolved'), ('fixed', 1.5234375, 'resolved')]
POINT DONE individual_2021_10pct 107 in 11.0s
individual_2021_10pct 108 gp 8448 calibration spectra [('profiled', 1.3515625, 'resolved'), ('fixed', 1.4140625, 'resolved')]
individual_2021_10pct 108 stress 8448 calibration spectra [('profiled', 1.4140625, 'resolved'), ('fixed', 1.4453125, 'resolved')]
POINT DONE individual_2021_10pct 108 in 11.3s
individual_2021_10pct 109 gp 8448 calibration spectra [('profiled', 1.3671875, 'resolved'), ('fixed', 1.8515625, 'resolved')]
individual_2021_10pct 109 stress 8448 calibration spectra [('profiled', 1.5546875, 'resolved'), ('fixed', 2.078125, 'limited_mc')]
POINT DONE individual_2021_10pct 109 in 11.6s
individual_2021_10pct 110 gp 8448 calibration spectra [('profiled', 1.2890625, 'resolved'), ('fixed', 1.3984375, 'resolved')]
individual_2021_10pct 110 stress 8448 calibration spectra [('profiled', 1.6171875, 'resolved'), ('fixed', 1.8203125, 'resolved')]
POINT DONE individual_2021_10pct 110 in 11.0s
individual_2021_10pct 111 gp 8448 calibration spectra [('profiled', 1.2265625, 'resolved'), ('fixed', 1.3984375, 'resolved')]
individual_2021_10pct 111 stress 8448 calibration spectra [('profiled', 1.6640625, 'resolved'), ('fixed', 1.8828125, 'resolved')]
POINT DONE individual_2021_10pct 111 in 11.6s
individual_2021_10pct 112 gp 8448 calibration spectra [('profiled', 1.1484375, 'resolved'), ('fixed', 1.1015625, 'resolved')]
individual_2021_10pct 112 stress 8448 calibration spectra [('profiled', 1.6171875, 'resolved'), ('fixed', 1.4921875, 'resolved')]
POINT DONE individual_2021_10pct 112 in 11.2s
individual_2021_10pct 113 gp 8448 calibration spectra [('profiled', 1.1328125, 'resolved'), ('fixed', 1.0859375, 'resolved')]
individual_2021_10pct 113 stress 8448 calibration spectra [('profiled', 1.6484375, 'resolved'), ('fixed', 1.6484375, 'resolved')]
POINT DONE individual_2021_10pct 113 in 11.2s
individual_2021_10pct 114 gp 8448 calibration spectra [('profiled', 1.2421875, 'resolved'), ('fixed', 1.5234375, 'resolved')]
individual_2021_10pct 114 stress 8448 calibration spectra [('profiled', 1.6953125, 'resolved'), ('fixed', 2.296875, 'resolved')]
POINT DONE individual_2021_10pct 114 in 10.7s
individual_2021_10pct 115 gp 8448 calibration spectra [('profiled', 1.2578125, 'resolved'), ('fixed', 1.4921875, 'resolved')]
individual_2021_10pct 115 stress 8448 calibration spectra [('profiled', 1.7421875, 'resolved'), ('fixed', 2.328125, 'resolved')]
POINT DONE individual_2021_10pct 115 in 11.6s
individual_2021_10pct 116 gp 8448 calibration spectra [('profiled', 1.3046875, 'resolved'), ('fixed', 1.5078125, 'resolved')]
individual_2021_10pct 116 stress 8448 calibration spectra [('profiled', 1.7890625, 'resolved'), ('fixed', 2.140625, 'resolved')]
POINT DONE individual_2021_10pct 116 in 11.2s
individual_2021_10pct 117 gp 8448 calibration spectra [('profiled', 1.4609375, 'resolved'), ('fixed', 1.6953125, 'resolved')]
individual_2021_10pct 117 stress 8448 calibration spectra [('profiled', 1.8203125, 'resolved'), ('fixed', 2.328125, 'resolved')]
POINT DONE individual_2021_10pct 117 in 11.2s
individual_2021_10pct 118 gp 8448 calibration spectra [('profiled', 1.7421875, 'resolved'), ('fixed', 2.421875, 'resolved')]
individual_2021_10pct 118 stress 8448 calibration spectra [('profiled', 2.109375, 'resolved'), ('fixed', 2.953125, 'resolved')]
POINT DONE individual_2021_10pct 118 in 11.8s
individual_2021_10pct 119 gp 8448 calibration spectra [('profiled', 1.9921875, 'resolved'), ('fixed', 2.234375, 'resolved')]
individual_2021_10pct 119 stress 8448 calibration spectra [('profiled', 2.234375, 'resolved'), ('fixed', 2.609375, 'resolved')]
POINT DONE individual_2021_10pct 119 in 11.8s
individual_2021_10pct 120 gp 8448 calibration spectra [('profiled', 2.171875, 'resolved'), ('fixed', 2.234375, 'resolved')]
individual_2021_10pct 120 stress 8448 calibration spectra [('profiled', 2.328125, 'resolved'), ('fixed', 2.421875, 'resolved')]
POINT DONE individual_2021_10pct 120 in 11.3s
individual_2021_10pct 121 gp 8448 calibration spectra [('profiled', 2.359375, 'resolved'), ('fixed', 2.796875, 'resolved')]
individual_2021_10pct 121 stress 8448 calibration spectra [('profiled', 2.359375, 'resolved'), ('fixed', 2.828125, 'resolved')]
POINT DONE individual_2021_10pct 121 in 11.7s
individual_2021_10pct 122 gp 8448 calibration spectra [('profiled', 2.453125, 'resolved'), ('fixed', 2.546875, 'resolved')]
individual_2021_10pct 122 stress 8448 calibration spectra [('profiled', 2.296875, 'resolved'), ('fixed', 2.359375, 'resolved')]
POINT DONE individual_2021_10pct 122 in 11.3s
individual_2021_10pct 123 gp 8448 calibration spectra [('profiled', 2.484375, 'resolved'), ('fixed', 2.953125, 'resolved')]
individual_2021_10pct 123 stress 8448 calibration spectra [('profiled', 2.234375, 'resolved'), ('fixed', 2.640625, 'resolved')]
POINT DONE individual_2021_10pct 123 in 11.8s
individual_2021_10pct 124 gp 8448 calibration spectra [('profiled', 2.328125, 'resolved'), ('fixed', 2.859375, 'resolved')]
individual_2021_10pct 124 stress 8448 calibration spectra [('profiled', 2.0078125, 'resolved'), ('fixed', 2.359375, 'resolved')]
POINT DONE individual_2021_10pct 124 in 11.4s
individual_2021_10pct 125 gp 8448 calibration spectra [('profiled', 2.296875, 'resolved'), ('fixed', 3.078125, 'resolved')]
individual_2021_10pct 125 stress 8448 calibration spectra [('profiled', 1.8515625, 'resolved'), ('fixed', 2.484375, 'resolved')]
POINT DONE individual_2021_10pct 125 in 11.4s
individual_2021_10pct 126 gp 8448 calibration spectra [('profiled', 2.296875, 'resolved'), ('fixed', 3.296875, 'resolved')]
individual_2021_10pct 126 stress 8448 calibration spectra [('profiled', 1.7734375, 'resolved'), ('fixed', 2.640625, 'resolved')]
POINT DONE individual_2021_10pct 126 in 12.1s
individual_2021_10pct 127 gp 8448 calibration spectra [('profiled', 2.171875, 'resolved'), ('fixed', 2.890625, 'resolved')]
individual_2021_10pct 127 stress 8448 calibration spectra [('profiled', 1.6640625, 'resolved'), ('fixed', 2.140625, 'resolved')]
POINT DONE individual_2021_10pct 127 in 12.2s
individual_2021_10pct 128 gp 8448 calibration spectra [('profiled', 2.078125, 'limited_mc'), ('fixed', 2.328125, 'resolved')]
individual_2021_10pct 128 stress 8448 calibration spectra [('profiled', 1.6328125, 'resolved'), ('fixed', 1.7109375, 'resolved')]
POINT DONE individual_2021_10pct 128 in 11.6s
individual_2021_10pct 129 gp 8448 calibration spectra [('profiled', 2.140625, 'resolved'), ('fixed', 2.578125, 'resolved')]
individual_2021_10pct 129 stress 8448 calibration spectra [('profiled', 1.6484375, 'resolved'), ('fixed', 1.8984375, 'resolved')]
POINT DONE individual_2021_10pct 129 in 11.3s
individual_2021_10pct 130 gp 8448 calibration spectra [('profiled', 1.9453125, 'resolved'), ('fixed', 2.109375, 'resolved')]
individual_2021_10pct 130 stress 8448 calibration spectra [('profiled', 1.5546875, 'resolved'), ('fixed', 1.5703125, 'resolved')]
POINT DONE individual_2021_10pct 130 in 11.1s
individual_2021_10pct 131 gp 8448 calibration spectra [('profiled', 1.6796875, 'resolved'), ('fixed', 1.4921875, 'resolved')]
individual_2021_10pct 131 stress 8448 calibration spectra [('profiled', 1.4765625, 'resolved'), ('fixed', 1.2890625, 'resolved')]
POINT DONE individual_2021_10pct 131 in 11.4s
individual_2021_10pct 132 gp 8448 calibration spectra [('profiled', 1.5234375, 'resolved'), ('fixed', 1.3671875, 'resolved')]
individual_2021_10pct 132 stress 8448 calibration spectra [('profiled', 1.3203125, 'resolved'), ('fixed', 1.2265625, 'resolved')]
POINT DONE individual_2021_10pct 132 in 12.5s
individual_2021_10pct 133 gp 8448 calibration spectra [('profiled', 1.4140625, 'resolved'), ('fixed', 1.6640625, 'resolved')]
individual_2021_10pct 133 stress 8448 calibration spectra [('profiled', 1.2734375, 'resolved'), ('fixed', 1.4296875, 'resolved')]
POINT DONE individual_2021_10pct 133 in 12.0s
individual_2021_10pct 134 gp 8448 calibration spectra [('profiled', 1.3046875, 'resolved'), ('fixed', 1.8359375, 'resolved')]
individual_2021_10pct 134 stress 8448 calibration spectra [('profiled', 1.2109375, 'resolved'), ('fixed', 1.6015625, 'resolved')]
POINT DONE individual_2021_10pct 134 in 12.0s
individual_2021_10pct 135 gp 8448 calibration spectra [('profiled', 1.1484375, 'resolved'), ('fixed', 1.3359375, 'resolved')]
individual_2021_10pct 135 stress 8448 calibration spectra [('profiled', 1.1171875, 'resolved'), ('fixed', 1.3046875, 'resolved')]
POINT DONE individual_2021_10pct 135 in 11.9s
individual_2021_10pct 136 gp 8448 calibration spectra [('profiled', 1.1171875, 'resolved'), ('fixed', 1.2890625, 'resolved')]
individual_2021_10pct 136 stress 8448 calibration spectra [('profiled', 1.1171875, 'resolved'), ('fixed', 1.2890625, 'resolved')]
POINT DONE individual_2021_10pct 136 in 12.6s
individual_2021_10pct 137 gp 8448 calibration spectra [('profiled', 1.1171875, 'resolved'), ('fixed', 1.1796875, 'resolved')]
individual_2021_10pct 137 stress 8448 calibration spectra [('profiled', 1.1640625, 'resolved'), ('fixed', 1.2109375, 'resolved')]
POINT DONE individual_2021_10pct 137 in 12.6s
individual_2021_10pct 138 gp 8448 calibration spectra [('profiled', 1.1796875, 'resolved'), ('fixed', 1.4296875, 'resolved')]
individual_2021_10pct 138 stress 8448 calibration spectra [('profiled', 1.2890625, 'resolved'), ('fixed', 1.5859375, 'resolved')]
POINT DONE individual_2021_10pct 138 in 12.5s
individual_2021_10pct 139 gp 8448 calibration spectra [('profiled', 1.1953125, 'resolved'), ('fixed', 1.2734375, 'resolved')]
individual_2021_10pct 139 stress 8448 calibration spectra [('profiled', 1.3515625, 'resolved'), ('fixed', 1.4921875, 'resolved')]
POINT DONE individual_2021_10pct 139 in 11.9s
individual_2021_10pct 140 gp 8448 calibration spectra [('profiled', 1.3046875, 'resolved'), ('fixed', 1.3359375, 'resolved')]
individual_2021_10pct 140 stress 8448 calibration spectra [('profiled', 1.4765625, 'resolved'), ('fixed', 1.5546875, 'resolved')]
POINT DONE individual_2021_10pct 140 in 12.4s
individual_2021_10pct 141 gp 8448 calibration spectra [('profiled', 1.3203125, 'resolved'), ('fixed', 1.1328125, 'resolved')]
individual_2021_10pct 141 stress 8448 calibration spectra [('profiled', 1.4921875, 'resolved'), ('fixed', 1.3203125, 'resolved')]
POINT DONE individual_2021_10pct 141 in 12.6s
individual_2021_10pct 142 gp 8448 calibration spectra [('profiled', 1.3984375, 'resolved'), ('fixed', 1.3984375, 'resolved')]
individual_2021_10pct 142 stress 8448 calibration spectra [('profiled', 1.6953125, 'resolved'), ('fixed', 1.7890625, 'resolved')]
POINT DONE individual_2021_10pct 142 in 13.1s
individual_2021_10pct 143 gp 8448 calibration spectra [('profiled', 1.5546875, 'resolved'), ('fixed', 1.8828125, 'resolved')]
individual_2021_10pct 143 stress 8448 calibration spectra [('profiled', 1.8359375, 'resolved'), ('fixed', 2.265625, 'resolved')]
POINT DONE individual_2021_10pct 143 in 12.8s
individual_2021_10pct 144 gp 8448 calibration spectra [('profiled', 1.5703125, 'resolved'), ('fixed', 1.5546875, 'resolved')]
individual_2021_10pct 144 stress 8448 calibration spectra [('profiled', 1.8671875, 'resolved'), ('fixed', 1.9296875, 'resolved')]
POINT DONE individual_2021_10pct 144 in 12.7s
individual_2021_10pct 145 gp 8448 calibration spectra [('profiled', 1.7734375, 'resolved'), ('fixed', 2.203125, 'resolved')]
individual_2021_10pct 145 stress 8448 calibration spectra [('profiled', 2.0234375, 'resolved'), ('fixed', 2.640625, 'resolved')]
POINT DONE individual_2021_10pct 145 in 12.9s
individual_2021_10pct 146 gp 8448 calibration spectra [('profiled', 1.6953125, 'resolved'), ('fixed', 1.7578125, 'resolved')]
individual_2021_10pct 146 stress 8448 calibration spectra [('profiled', 2.0390625, 'resolved'), ('fixed', 2.234375, 'resolved')]
POINT DONE individual_2021_10pct 146 in 12.6s
individual_2021_10pct 147 gp 8448 calibration spectra [('profiled', 1.8046875, 'resolved'), ('fixed', 1.9609375, 'resolved')]
individual_2021_10pct 147 stress 8448 calibration spectra [('profiled', 2.078125, 'limited_mc'), ('fixed', 2.296875, 'resolved')]
POINT DONE individual_2021_10pct 147 in 12.7s
individual_2021_10pct 148 gp 8448 calibration spectra [('profiled', 1.8671875, 'resolved'), ('fixed', 2.0078125, 'resolved')]
individual_2021_10pct 148 stress 8448 calibration spectra [('profiled', 2.140625, 'resolved'), ('fixed', 2.421875, 'resolved')]
POINT DONE individual_2021_10pct 148 in 13.1s
individual_2021_10pct 149 gp 8448 calibration spectra [('profiled', 1.7734375, 'resolved'), ('fixed', 1.7109375, 'resolved')]
individual_2021_10pct 149 stress 8448 calibration spectra [('profiled', 2.0078125, 'resolved'), ('fixed', 2.0078125, 'resolved')]
POINT DONE individual_2021_10pct 149 in 13.1s
individual_2021_10pct 150 gp 8448 calibration spectra [('profiled', 1.7890625, 'resolved'), ('fixed', 2.0078125, 'resolved')]
individual_2021_10pct 150 stress 8448 calibration spectra [('profiled', 1.9765625, 'resolved'), ('fixed', 2.265625, 'resolved')]
POINT DONE individual_2021_10pct 150 in 12.5s
individual_2021_10pct 151 gp 8448 calibration spectra [('profiled', 1.7578125, 'resolved'), ('fixed', 2.234375, 'resolved')]
individual_2021_10pct 151 stress 8448 calibration spectra [('profiled', 1.9296875, 'resolved'), ('fixed', 2.484375, 'resolved')]
POINT DONE individual_2021_10pct 151 in 12.5s
individual_2021_10pct 152 gp 8448 calibration spectra [('profiled', 1.7109375, 'resolved'), ('fixed', 2.171875, 'resolved')]
individual_2021_10pct 152 stress 8448 calibration spectra [('profiled', 1.7890625, 'resolved'), ('fixed', 2.328125, 'resolved')]
POINT DONE individual_2021_10pct 152 in 12.6s
individual_2021_10pct 153 gp 8448 calibration spectra [('profiled', 1.7578125, 'resolved'), ('fixed', 2.390625, 'resolved')]
individual_2021_10pct 153 stress 8448 calibration spectra [('profiled', 1.7421875, 'resolved'), ('fixed', 2.453125, 'resolved')]
POINT DONE individual_2021_10pct 153 in 11.7s
individual_2021_10pct 154 gp 8448 calibration spectra [('profiled', 1.7578125, 'resolved'), ('fixed', 2.171875, 'resolved')]
individual_2021_10pct 154 stress 8448 calibration spectra [('profiled', 1.7578125, 'resolved'), ('fixed', 2.109375, 'resolved')]
POINT DONE individual_2021_10pct 154 in 11.9s
individual_2021_10pct 155 gp 8448 calibration spectra [('profiled', 2.0078125, 'resolved'), ('fixed', 2.921875, 'resolved')]
individual_2021_10pct 155 stress 8448 calibration spectra [('profiled', 1.8671875, 'resolved'), ('fixed', 2.734375, 'resolved')]
POINT DONE individual_2021_10pct 155 in 12.3s
individual_2021_10pct 156 gp 8448 calibration spectra [('profiled', 2.234375, 'resolved'), ('fixed', 3.203125, 'resolved')]
individual_2021_10pct 156 stress 8448 calibration spectra [('profiled', 2.140625, 'resolved'), ('fixed', 2.984375, 'resolved')]
POINT DONE individual_2021_10pct 156 in 11.9s
individual_2021_10pct 157 gp 8448 calibration spectra [('profiled', 2.421875, 'resolved'), ('fixed', 3.265625, 'resolved')]
individual_2021_10pct 157 stress 8448 calibration spectra [('profiled', 2.234375, 'resolved'), ('fixed', 2.953125, 'resolved')]
POINT DONE individual_2021_10pct 157 in 11.7s
individual_2021_10pct 158 gp 8448 calibration spectra [('profiled', 2.578125, 'resolved'), ('fixed', 2.953125, 'resolved')]
individual_2021_10pct 158 stress 8448 calibration spectra [('profiled', 2.328125, 'resolved'), ('fixed', 2.640625, 'resolved')]
POINT DONE individual_2021_10pct 158 in 12.0s
individual_2021_10pct 159 gp 8448 calibration spectra [('profiled', 2.734375, 'resolved'), ('fixed', 2.703125, 'resolved')]
individual_2021_10pct 159 stress 8448 calibration spectra [('profiled', 2.453125, 'resolved'), ('fixed', 2.390625, 'resolved')]
POINT DONE individual_2021_10pct 159 in 11.7s
individual_2021_10pct 160 gp 8448 calibration spectra [('profiled', 2.796875, 'resolved'), ('fixed', 2.796875, 'resolved')]
individual_2021_10pct 160 stress 8448 calibration spectra [('profiled', 2.453125, 'resolved'), ('fixed', 2.421875, 'resolved')]
POINT DONE individual_2021_10pct 160 in 11.6s
individual_2021_10pct 161 gp 8448 calibration spectra [('profiled', 2.671875, 'resolved'), ('fixed', 2.734375, 'resolved')]
individual_2021_10pct 161 stress 8448 calibration spectra [('profiled', 2.359375, 'resolved'), ('fixed', 2.359375, 'resolved')]
POINT DONE individual_2021_10pct 161 in 12.1s
individual_2021_10pct 162 gp 8448 calibration spectra [('profiled', 2.390625, 'resolved'), ('fixed', 2.265625, 'resolved')]
individual_2021_10pct 162 stress 8448 calibration spectra [('profiled', 2.078125, 'limited_mc'), ('fixed', 1.8984375, 'resolved')]
POINT DONE individual_2021_10pct 162 in 12.1s
individual_2021_10pct 163 gp 8448 calibration spectra [('profiled', 2.171875, 'resolved'), ('fixed', 2.421875, 'resolved')]
individual_2021_10pct 163 stress 8448 calibration spectra [('profiled', 1.8671875, 'resolved'), ('fixed', 2.0390625, 'resolved')]
POINT DONE individual_2021_10pct 163 in 12.2s
individual_2021_10pct 164 gp 8448 calibration spectra [('profiled', 1.9453125, 'resolved'), ('fixed', 2.453125, 'resolved')]
individual_2021_10pct 164 stress 8448 calibration spectra [('profiled', 1.7109375, 'resolved'), ('fixed', 2.078125, 'limited_mc')]
POINT DONE individual_2021_10pct 164 in 12.6s
individual_2021_10pct 165 gp 8448 calibration spectra [('profiled', 1.6796875, 'resolved'), ('fixed', 2.140625, 'resolved')]
individual_2021_10pct 165 stress 8448 calibration spectra [('profiled', 1.4453125, 'resolved'), ('fixed', 1.7734375, 'resolved')]
POINT DONE individual_2021_10pct 165 in 13.1s
individual_2021_10pct 166 gp 8448 calibration spectra [('profiled', 1.5078125, 'resolved'), ('fixed', 1.9609375, 'resolved')]
individual_2021_10pct 166 stress 8448 calibration spectra [('profiled', 1.3203125, 'resolved'), ('fixed', 1.6796875, 'resolved')]
POINT DONE individual_2021_10pct 166 in 14.2s
individual_2021_10pct 167 gp 8448 calibration spectra [('profiled', 1.2421875, 'resolved'), ('fixed', 1.4296875, 'resolved')]
individual_2021_10pct 167 stress 8448 calibration spectra [('profiled', 1.1640625, 'resolved'), ('fixed', 1.2421875, 'resolved')]
POINT DONE individual_2021_10pct 167 in 14.6s
individual_2021_10pct 168 gp 8448 calibration spectra [('profiled', 1.1015625, 'resolved'), ('fixed', 1.1328125, 'resolved')]
individual_2021_10pct 168 stress 8448 calibration spectra [('profiled', 1.0390625, 'limited_mc'), ('fixed', 1.1015625, 'resolved')]
POINT DONE individual_2021_10pct 168 in 14.4s
individual_2021_10pct 169 gp 8448 calibration spectra [('profiled', 0.98046875, 'resolved'), ('fixed', 0.91015625, 'resolved')]
individual_2021_10pct 169 stress 8448 calibration spectra [('profiled', 0.94140625, 'resolved'), ('fixed', 0.88671875, 'resolved')]
POINT DONE individual_2021_10pct 169 in 14.0s
individual_2021_10pct 170 gp 8448 calibration spectra [('profiled', 0.94140625, 'resolved'), ('fixed', 1.01953125, 'resolved')]
individual_2021_10pct 170 stress 8448 calibration spectra [('profiled', 0.91796875, 'resolved'), ('fixed', 1.01171875, 'resolved')]
POINT DONE individual_2021_10pct 170 in 13.5s
individual_2021_10pct 171 gp 8448 calibration spectra [('profiled', 0.89453125, 'resolved'), ('fixed', 1.0390625, 'limited_mc')]
individual_2021_10pct 171 stress 8448 calibration spectra [('profiled', 0.88671875, 'resolved'), ('fixed', 0.99609375, 'resolved')]
POINT DONE individual_2021_10pct 171 in 14.4s
individual_2021_10pct 172 gp 8448 calibration spectra [('profiled', 0.87109375, 'resolved'), ('fixed', 0.98828125, 'resolved')]
individual_2021_10pct 172 stress 8448 calibration spectra [('profiled', 0.87890625, 'resolved'), ('fixed', 0.99609375, 'resolved')]
POINT DONE individual_2021_10pct 172 in 14.6s
individual_2021_10pct 173 gp 8448 calibration spectra [('profiled', 0.88671875, 'resolved'), ('fixed', 1.0390625, 'limited_mc')]
individual_2021_10pct 173 stress 8448 calibration spectra [('profiled', 0.88671875, 'resolved'), ('fixed', 1.0546875, 'resolved')]
POINT DONE individual_2021_10pct 173 in 14.2s
individual_2021_10pct 174 gp 8448 calibration spectra [('profiled', 0.94140625, 'resolved'), ('fixed', 1.2734375, 'resolved')]
individual_2021_10pct 174 stress 8448 calibration spectra [('profiled', 0.99609375, 'resolved'), ('fixed', 1.3203125, 'resolved')]
POINT DONE individual_2021_10pct 174 in 14.3s
individual_2021_10pct 175 gp 8448 calibration spectra [('profiled', 1.1015625, 'resolved'), ('fixed', 1.7109375, 'resolved')]
individual_2021_10pct 175 stress 8448 calibration spectra [('profiled', 1.0703125, 'resolved'), ('fixed', 1.8046875, 'resolved')]
POINT DONE individual_2021_10pct 175 in 14.5s
individual_2021_10pct 176 gp 8448 calibration spectra [('profiled', 1.2578125, 'resolved'), ('fixed', 1.5859375, 'resolved')]
individual_2021_10pct 176 stress 8448 calibration spectra [('profiled', 1.2890625, 'resolved'), ('fixed', 1.6484375, 'resolved')]
POINT DONE individual_2021_10pct 176 in 13.9s
individual_2021_10pct 177 gp 8448 calibration spectra [('profiled', 1.4453125, 'resolved'), ('fixed', 1.7578125, 'resolved')]
individual_2021_10pct 177 stress 8448 calibration spectra [('profiled', 1.5234375, 'resolved'), ('fixed', 1.8359375, 'resolved')]
POINT DONE individual_2021_10pct 177 in 14.1s
individual_2021_10pct 178 gp 8448 calibration spectra [('profiled', 1.8515625, 'resolved'), ('fixed', 2.140625, 'resolved')]
individual_2021_10pct 178 stress 8448 calibration spectra [('profiled', 1.9453125, 'resolved'), ('fixed', 2.265625, 'resolved')]
POINT DONE individual_2021_10pct 178 in 14.0s
individual_2021_10pct 179 gp 8448 calibration spectra [('profiled', 2.328125, 'resolved'), ('fixed', 2.484375, 'resolved')]
individual_2021_10pct 179 stress 8448 calibration spectra [('profiled', 2.546875, 'resolved'), ('fixed', 2.734375, 'resolved')]
POINT DONE individual_2021_10pct 179 in 14.5s
individual_2021_10pct 180 gp 8448 calibration spectra [('profiled', 2.703125, 'resolved'), ('fixed', 2.359375, 'resolved')]
individual_2021_10pct 180 stress 8448 calibration spectra [('profiled', 2.828125, 'resolved'), ('fixed', 2.515625, 'resolved')]
POINT DONE individual_2021_10pct 180 in 13.8s
individual_2021_10pct 181 gp 8448 calibration spectra [('profiled', 3.171875, 'resolved'), ('fixed', 3.203125, 'resolved')]
individual_2021_10pct 181 stress 8448 calibration spectra [('profiled', 3.328125, 'resolved'), ('fixed', 3.421875, 'resolved')]
POINT DONE individual_2021_10pct 181 in 13.9s
individual_2021_10pct 182 gp 8448 calibration spectra [('profiled', 3.109375, 'resolved'), ('fixed', 2.578125, 'resolved')]
individual_2021_10pct 182 stress 8448 calibration spectra [('profiled', 3.296875, 'resolved'), ('fixed', 2.859375, 'resolved')]
POINT DONE individual_2021_10pct 182 in 13.2s
individual_2021_10pct 183 gp 8448 calibration spectra [('profiled', 3.140625, 'resolved'), ('fixed', 2.609375, 'resolved')]
individual_2021_10pct 183 stress 8448 calibration spectra [('profiled', 3.359375, 'resolved'), ('fixed', 2.828125, 'resolved')]
POINT DONE individual_2021_10pct 183 in 13.3s
individual_2021_10pct 184 gp 8448 calibration spectra [('profiled', 2.890625, 'resolved'), ('fixed', 2.390625, 'resolved')]
individual_2021_10pct 184 stress 8448 calibration spectra [('profiled', 3.109375, 'resolved'), ('fixed', 2.546875, 'resolved')]
POINT DONE individual_2021_10pct 184 in 13.5s
individual_2021_10pct 185 gp 8448 calibration spectra [('profiled', 2.578125, 'resolved'), ('fixed', 2.265625, 'resolved')]
individual_2021_10pct 185 stress 8448 calibration spectra [('profiled', 2.796875, 'resolved'), ('fixed', 2.515625, 'resolved')]
POINT DONE individual_2021_10pct 185 in 14.4s
individual_2021_10pct 186 gp 8448 calibration spectra [('profiled', 2.328125, 'resolved'), ('fixed', 2.546875, 'resolved')]
individual_2021_10pct 186 stress 8448 calibration spectra [('profiled', 2.484375, 'resolved'), ('fixed', 2.765625, 'resolved')]
POINT DONE individual_2021_10pct 186 in 13.7s
individual_2021_10pct 187 gp 8448 calibration spectra [('profiled', 1.9765625, 'resolved'), ('fixed', 2.609375, 'resolved')]
individual_2021_10pct 187 stress 8448 calibration spectra [('profiled', 2.078125, 'limited_mc'), ('fixed', 2.765625, 'resolved')]
POINT DONE individual_2021_10pct 187 in 15.2s
individual_2021_10pct 188 gp 8448 calibration spectra [('profiled', 1.6953125, 'resolved'), ('fixed', 2.640625, 'resolved')]
individual_2021_10pct 188 stress 8448 calibration spectra [('profiled', 1.7265625, 'resolved'), ('fixed', 2.765625, 'resolved')]
POINT DONE individual_2021_10pct 188 in 14.4s
individual_2021_10pct 189 gp 8448 calibration spectra [('profiled', 1.4296875, 'resolved'), ('fixed', 2.515625, 'resolved')]
individual_2021_10pct 189 stress 8448 calibration spectra [('profiled', 1.4765625, 'resolved'), ('fixed', 2.609375, 'resolved')]
POINT DONE individual_2021_10pct 189 in 15.7s
individual_2021_10pct 190 gp 8448 calibration spectra [('profiled', 1.2734375, 'resolved'), ('fixed', 2.140625, 'resolved')]
individual_2021_10pct 190 stress 8448 calibration spectra [('profiled', 1.3515625, 'resolved'), ('fixed', 2.265625, 'resolved')]
POINT DONE individual_2021_10pct 190 in 14.9s
individual_2021_10pct 191 gp 8448 calibration spectra [('profiled', 1.1796875, 'resolved'), ('fixed', 1.9609375, 'resolved')]
individual_2021_10pct 191 stress 8448 calibration spectra [('profiled', 1.2578125, 'resolved'), ('fixed', 2.109375, 'resolved')]
POINT DONE individual_2021_10pct 191 in 15.6s
individual_2021_10pct 192 gp 8448 calibration spectra [('profiled', 1.1328125, 'resolved'), ('fixed', 1.5859375, 'resolved')]
individual_2021_10pct 192 stress 8448 calibration spectra [('profiled', 1.1484375, 'resolved'), ('fixed', 1.6796875, 'resolved')]
POINT DONE individual_2021_10pct 192 in 15.7s
individual_2021_10pct 193 gp 8448 calibration spectra [('profiled', 1.1171875, 'resolved'), ('fixed', 1.4296875, 'resolved')]
individual_2021_10pct 193 stress 8448 calibration spectra [('profiled', 1.1640625, 'resolved'), ('fixed', 1.4921875, 'resolved')]
POINT DONE individual_2021_10pct 193 in 16.4s
individual_2021_10pct 194 gp 8448 calibration spectra [('profiled', 1.1484375, 'resolved'), ('fixed', 1.4453125, 'resolved')]
individual_2021_10pct 194 stress 8448 calibration spectra [('profiled', 1.1953125, 'resolved'), ('fixed', 1.4609375, 'resolved')]
POINT DONE individual_2021_10pct 194 in 15.8s
individual_2021_10pct 195 gp 8448 calibration spectra [('profiled', 1.2578125, 'resolved'), ('fixed', 1.3984375, 'resolved')]
individual_2021_10pct 195 stress 8448 calibration spectra [('profiled', 1.2421875, 'resolved'), ('fixed', 1.3984375, 'resolved')]
POINT DONE individual_2021_10pct 195 in 15.9s
individual_2021_10pct 196 gp 8448 calibration spectra [('profiled', 1.2890625, 'resolved'), ('fixed', 1.2578125, 'resolved')]
individual_2021_10pct 196 stress 8448 calibration spectra [('profiled', 1.3046875, 'resolved'), ('fixed', 1.3046875, 'resolved')]
POINT DONE individual_2021_10pct 196 in 16.1s
individual_2021_10pct 197 gp 8448 calibration spectra [('profiled', 1.3984375, 'resolved'), ('fixed', 1.4296875, 'resolved')]
individual_2021_10pct 197 stress 8448 calibration spectra [('profiled', 1.4140625, 'resolved'), ('fixed', 1.4296875, 'resolved')]
POINT DONE individual_2021_10pct 197 in 16.1s
individual_2021_10pct 198 gp 8448 calibration spectra [('profiled', 1.5390625, 'resolved'), ('fixed', 1.6640625, 'resolved')]
individual_2021_10pct 198 stress 8448 calibration spectra [('profiled', 1.5234375, 'resolved'), ('fixed', 1.6640625, 'resolved')]
POINT DONE individual_2021_10pct 198 in 16.1s
individual_2021_10pct 199 gp 8448 calibration spectra [('profiled', 1.7265625, 'resolved'), ('fixed', 2.234375, 'resolved')]
individual_2021_10pct 199 stress 8448 calibration spectra [('profiled', 1.6484375, 'resolved'), ('fixed', 2.109375, 'resolved')]
POINT DONE individual_2021_10pct 199 in 16.0s
individual_2021_10pct 200 gp 8448 calibration spectra [('profiled', 1.7421875, 'resolved'), ('fixed', 1.8828125, 'resolved')]
individual_2021_10pct 200 stress 8448 calibration spectra [('profiled', 1.7421875, 'resolved'), ('fixed', 1.8515625, 'resolved')]
POINT DONE individual_2021_10pct 200 in 16.1s
individual_2021_10pct 201 gp 8448 calibration spectra [('profiled', 1.8203125, 'resolved'), ('fixed', 1.9453125, 'resolved')]
individual_2021_10pct 201 stress 8448 calibration spectra [('profiled', 1.7265625, 'resolved'), ('fixed', 1.8203125, 'resolved')]
POINT DONE individual_2021_10pct 201 in 16.1s
individual_2021_10pct 202 gp 8448 calibration spectra [('profiled', 1.8828125, 'resolved'), ('fixed', 1.7734375, 'resolved')]
individual_2021_10pct 202 stress 8448 calibration spectra [('profiled', 1.7578125, 'resolved'), ('fixed', 1.6328125, 'resolved')]
POINT DONE individual_2021_10pct 202 in 16.3s
individual_2021_10pct 203 gp 8448 calibration spectra [('profiled', 2.171875, 'resolved'), ('fixed', 2.703125, 'resolved')]
individual_2021_10pct 203 stress 8448 calibration spectra [('profiled', 1.9609375, 'resolved'), ('fixed', 2.390625, 'resolved')]
POINT DONE individual_2021_10pct 203 in 16.5s
individual_2021_10pct 204 gp 8448 calibration spectra [('profiled', 2.265625, 'resolved'), ('fixed', 2.890625, 'resolved')]
individual_2021_10pct 204 stress 8448 calibration spectra [('profiled', 2.0546875, 'resolved'), ('fixed', 2.609375, 'resolved')]
POINT DONE individual_2021_10pct 204 in 16.2s
individual_2021_10pct 205 gp 8448 calibration spectra [('profiled', 2.484375, 'resolved'), ('fixed', 3.453125, 'resolved')]
individual_2021_10pct 205 stress 8448 calibration spectra [('profiled', 2.234375, 'resolved'), ('fixed', 3.078125, 'resolved')]
POINT DONE individual_2021_10pct 205 in 16.1s
individual_2021_10pct 206 gp 8448 calibration spectra [('profiled', 2.515625, 'resolved'), ('fixed', 3.140625, 'resolved')]
individual_2021_10pct 206 stress 8448 calibration spectra [('profiled', 2.265625, 'resolved'), ('fixed', 2.765625, 'resolved')]
POINT DONE individual_2021_10pct 206 in 16.7s
individual_2021_10pct 207 gp 8448 calibration spectra [('profiled', 2.671875, 'resolved'), ('fixed', 3.046875, 'resolved')]
individual_2021_10pct 207 stress 8448 calibration spectra [('profiled', 2.359375, 'resolved'), ('fixed', 2.640625, 'resolved')]
POINT DONE individual_2021_10pct 207 in 15.8s
individual_2021_10pct 208 gp 8448 calibration spectra [('profiled', 2.765625, 'resolved'), ('fixed', 3.203125, 'resolved')]
individual_2021_10pct 208 stress 8448 calibration spectra [('profiled', 2.421875, 'resolved'), ('fixed', 2.828125, 'resolved')]
POINT DONE individual_2021_10pct 208 in 16.1s
individual_2021_10pct 209 gp 8448 calibration spectra [('profiled', 2.671875, 'resolved'), ('fixed', 3.109375, 'resolved')]
individual_2021_10pct 209 stress 8448 calibration spectra [('profiled', 2.453125, 'resolved'), ('fixed', 2.765625, 'resolved')]
POINT DONE individual_2021_10pct 209 in 16.2s
individual_2021_10pct 210 gp 8448 calibration spectra [('profiled', 2.578125, 'resolved'), ('fixed', 2.828125, 'resolved')]
individual_2021_10pct 210 stress 8448 calibration spectra [('profiled', 2.328125, 'resolved'), ('fixed', 2.515625, 'resolved')]
POINT DONE individual_2021_10pct 210 in 16.9s
individual_2021_10pct 211 gp 8448 calibration spectra [('profiled', 2.390625, 'resolved'), ('fixed', 2.140625, 'resolved')]
individual_2021_10pct 211 stress 8448 calibration spectra [('profiled', 2.140625, 'resolved'), ('fixed', 1.9140625, 'resolved')]
POINT DONE individual_2021_10pct 211 in 16.8s
individual_2021_10pct 212 gp 8448 calibration spectra [('profiled', 2.203125, 'resolved'), ('fixed', 2.078125, 'limited_mc')]
individual_2021_10pct 212 stress 8448 calibration spectra [('profiled', 2.078125, 'limited_mc'), ('fixed', 1.8828125, 'resolved')]
POINT DONE individual_2021_10pct 212 in 16.7s
individual_2021_10pct 213 gp 8448 calibration spectra [('profiled', 1.9765625, 'resolved'), ('fixed', 1.6796875, 'resolved')]
individual_2021_10pct 213 stress 8448 calibration spectra [('profiled', 1.8515625, 'resolved'), ('fixed', 1.5859375, 'resolved')]
POINT DONE individual_2021_10pct 213 in 17.0s
individual_2021_10pct 214 gp 8448 calibration spectra [('profiled', 1.8046875, 'resolved'), ('fixed', 1.8984375, 'resolved')]
individual_2021_10pct 214 stress 8448 calibration spectra [('profiled', 1.7109375, 'resolved'), ('fixed', 1.7421875, 'resolved')]
POINT DONE individual_2021_10pct 214 in 17.5s
individual_2021_10pct 215 gp 8448 calibration spectra [('profiled', 1.6015625, 'resolved'), ('fixed', 1.6484375, 'resolved')]
individual_2021_10pct 215 stress 8448 calibration spectra [('profiled', 1.5234375, 'resolved'), ('fixed', 1.5234375, 'resolved')]
POINT DONE individual_2021_10pct 215 in 17.4s
individual_2021_10pct 216 gp 8448 calibration spectra [('profiled', 1.4140625, 'resolved'), ('fixed', 1.6796875, 'resolved')]
individual_2021_10pct 216 stress 8448 calibration spectra [('profiled', 1.3671875, 'resolved'), ('fixed', 1.5703125, 'resolved')]
POINT DONE individual_2021_10pct 216 in 18.0s
individual_2021_10pct 217 gp 8448 calibration spectra [('profiled', 1.2734375, 'resolved'), ('fixed', 1.6640625, 'resolved')]
individual_2021_10pct 217 stress 8448 calibration spectra [('profiled', 1.2265625, 'resolved'), ('fixed', 1.5703125, 'resolved')]
POINT DONE individual_2021_10pct 217 in 17.6s
individual_2021_10pct 218 gp 8448 calibration spectra [('profiled', 1.2109375, 'resolved'), ('fixed', 1.7890625, 'resolved')]
individual_2021_10pct 218 stress 8448 calibration spectra [('profiled', 1.1640625, 'resolved'), ('fixed', 1.7109375, 'resolved')]
POINT DONE individual_2021_10pct 218 in 17.3s
individual_2021_10pct 219 gp 8448 calibration spectra [('profiled', 1.1171875, 'resolved'), ('fixed', 1.5859375, 'resolved')]
individual_2021_10pct 219 stress 8448 calibration spectra [('profiled', 1.0390625, 'limited_mc'), ('fixed', 1.5390625, 'resolved')]
POINT DONE individual_2021_10pct 219 in 17.9s
individual_2021_10pct 220 gp 8448 calibration spectra [('profiled', 1.01171875, 'resolved'), ('fixed', 1.6015625, 'resolved')]
individual_2021_10pct 220 stress 8448 calibration spectra [('profiled', 1.02734375, 'resolved'), ('fixed', 1.5703125, 'resolved')]
POINT DONE individual_2021_10pct 220 in 18.1s
individual_2021_10pct 221 gp 8448 calibration spectra [('profiled', 1.01953125, 'resolved'), ('fixed', 1.5703125, 'resolved')]
individual_2021_10pct 221 stress 8448 calibration spectra [('profiled', 1.01953125, 'resolved'), ('fixed', 1.5703125, 'resolved')]
POINT DONE individual_2021_10pct 221 in 18.2s
individual_2021_10pct 222 gp 8448 calibration spectra [('profiled', 0.97265625, 'resolved'), ('fixed', 1.2734375, 'resolved')]
individual_2021_10pct 222 stress 8448 calibration spectra [('profiled', 1.01953125, 'resolved'), ('fixed', 1.2734375, 'resolved')]
POINT DONE individual_2021_10pct 222 in 17.8s
individual_2021_10pct 223 gp 8448 calibration spectra [('profiled', 1.0390625, 'limited_mc'), ('fixed', 1.2109375, 'resolved')]
individual_2021_10pct 223 stress 8448 calibration spectra [('profiled', 1.01171875, 'resolved'), ('fixed', 1.2265625, 'resolved')]
POINT DONE individual_2021_10pct 223 in 18.2s
individual_2021_10pct 224 gp 8448 calibration spectra [('profiled', 1.0703125, 'resolved'), ('fixed', 1.3359375, 'resolved')]
individual_2021_10pct 224 stress 8448 calibration spectra [('profiled', 1.1015625, 'resolved'), ('fixed', 1.3828125, 'resolved')]
POINT DONE individual_2021_10pct 224 in 17.9s
individual_2021_10pct 225 gp 8448 calibration spectra [('profiled', 1.1796875, 'resolved'), ('fixed', 1.6328125, 'resolved')]
individual_2021_10pct 225 stress 8448 calibration spectra [('profiled', 1.1796875, 'resolved'), ('fixed', 1.6484375, 'resolved')]
POINT DONE individual_2021_10pct 225 in 18.8s
individual_2021_10pct 226 gp 8448 calibration spectra [('profiled', 1.2734375, 'resolved'), ('fixed', 1.5078125, 'resolved')]
individual_2021_10pct 226 stress 8448 calibration spectra [('profiled', 1.2890625, 'resolved'), ('fixed', 1.6171875, 'resolved')]
POINT DONE individual_2021_10pct 226 in 18.3s
individual_2021_10pct 227 gp 8448 calibration spectra [('profiled', 1.2734375, 'resolved'), ('fixed', 1.4296875, 'resolved')]
individual_2021_10pct 227 stress 8448 calibration spectra [('profiled', 1.3671875, 'resolved'), ('fixed', 1.5078125, 'resolved')]
POINT DONE individual_2021_10pct 227 in 19.0s
individual_2021_10pct 228 gp 8448 calibration spectra [('profiled', 1.3359375, 'resolved'), ('fixed', 1.3046875, 'resolved')]
individual_2021_10pct 228 stress 8448 calibration spectra [('profiled', 1.4765625, 'resolved'), ('fixed', 1.4765625, 'resolved')]
POINT DONE individual_2021_10pct 228 in 18.7s
individual_2021_10pct 229 gp 8448 calibration spectra [('profiled', 1.4453125, 'resolved'), ('fixed', 1.3828125, 'resolved')]
individual_2021_10pct 229 stress 8448 calibration spectra [('profiled', 1.5546875, 'resolved'), ('fixed', 1.4921875, 'resolved')]
POINT DONE individual_2021_10pct 229 in 19.1s
individual_2021_10pct 230 gp 8448 calibration spectra [('profiled', 1.4921875, 'resolved'), ('fixed', 1.2890625, 'resolved')]
individual_2021_10pct 230 stress 8448 calibration spectra [('profiled', 1.6484375, 'resolved'), ('fixed', 1.4453125, 'resolved')]
POINT DONE individual_2021_10pct 230 in 19.0s
individual_2021_10pct 231 gp 8448 calibration spectra [('profiled', 1.5390625, 'resolved'), ('fixed', 1.2109375, 'resolved')]
individual_2021_10pct 231 stress 8448 calibration spectra [('profiled', 1.7109375, 'resolved'), ('fixed', 1.3515625, 'resolved')]
POINT DONE individual_2021_10pct 231 in 19.8s
individual_2021_10pct 232 gp 8448 calibration spectra [('profiled', 1.6015625, 'resolved'), ('fixed', 1.4765625, 'resolved')]
individual_2021_10pct 232 stress 8448 calibration spectra [('profiled', 1.7421875, 'resolved'), ('fixed', 1.5703125, 'resolved')]
POINT DONE individual_2021_10pct 232 in 20.5s
individual_2021_10pct 233 gp 8448 calibration spectra [('profiled', 1.6171875, 'resolved'), ('fixed', 1.3515625, 'resolved')]
individual_2021_10pct 233 stress 8448 calibration spectra [('profiled', 1.7265625, 'resolved'), ('fixed', 1.4609375, 'resolved')]
POINT DONE individual_2021_10pct 233 in 19.6s
individual_2021_10pct 234 gp 8448 calibration spectra [('profiled', 1.6640625, 'resolved'), ('fixed', 1.6484375, 'resolved')]
individual_2021_10pct 234 stress 8448 calibration spectra [('profiled', 1.7890625, 'resolved'), ('fixed', 1.7890625, 'resolved')]
POINT DONE individual_2021_10pct 234 in 19.8s
individual_2021_10pct 235 gp 8448 calibration spectra [('profiled', 1.6953125, 'resolved'), ('fixed', 1.7265625, 'resolved')]
individual_2021_10pct 235 stress 8448 calibration spectra [('profiled', 1.8203125, 'resolved'), ('fixed', 1.8984375, 'resolved')]
POINT DONE individual_2021_10pct 235 in 19.6s
individual_2021_10pct 236 gp 8448 calibration spectra [('profiled', 1.6640625, 'resolved'), ('fixed', 1.9296875, 'resolved')]
individual_2021_10pct 236 stress 8448 calibration spectra [('profiled', 1.8515625, 'resolved'), ('fixed', 2.109375, 'resolved')]
POINT DONE individual_2021_10pct 236 in 20.0s
individual_2021_10pct 237 gp 8448 calibration spectra [('profiled', 1.7890625, 'resolved'), ('fixed', 2.484375, 'resolved')]
individual_2021_10pct 237 stress 8448 calibration spectra [('profiled', 1.9140625, 'resolved'), ('fixed', 2.578125, 'resolved')]
POINT DONE individual_2021_10pct 237 in 19.4s
individual_2021_10pct 238 gp 8448 calibration spectra [('profiled', 1.8046875, 'resolved'), ('fixed', 2.734375, 'resolved')]
individual_2021_10pct 238 stress 8448 calibration spectra [('profiled', 1.8984375, 'resolved'), ('fixed', 2.796875, 'resolved')]
POINT DONE individual_2021_10pct 238 in 20.4s
individual_2021_10pct 239 gp 8448 calibration spectra [('profiled', 1.8515625, 'resolved'), ('fixed', 2.546875, 'resolved')]
individual_2021_10pct 239 stress 8448 calibration spectra [('profiled', 1.8671875, 'resolved'), ('fixed', 2.609375, 'resolved')]
POINT DONE individual_2021_10pct 239 in 20.1s
individual_2021_10pct 240 gp 8448 calibration spectra [('profiled', 1.7890625, 'resolved'), ('fixed', 2.359375, 'resolved')]
individual_2021_10pct 240 stress 8448 calibration spectra [('profiled', 1.8203125, 'resolved'), ('fixed', 2.453125, 'resolved')]
POINT DONE individual_2021_10pct 240 in 20.9s
individual_2021_10pct 241 gp 8448 calibration spectra [('profiled', 1.8671875, 'resolved'), ('fixed', 2.546875, 'resolved')]
individual_2021_10pct 241 stress 8448 calibration spectra [('profiled', 1.8828125, 'resolved'), ('fixed', 2.703125, 'resolved')]
POINT DONE individual_2021_10pct 241 in 20.7s
individual_2021_10pct 242 gp 8448 calibration spectra [('profiled', 1.9921875, 'resolved'), ('fixed', 3.046875, 'resolved')]
individual_2021_10pct 242 stress 8448 calibration spectra [('profiled', 1.9765625, 'resolved'), ('fixed', 3.171875, 'resolved')]
POINT DONE individual_2021_10pct 242 in 21.0s
individual_2021_10pct 243 gp 8448 calibration spectra [('profiled', 1.9765625, 'resolved'), ('fixed', 2.953125, 'resolved')]
individual_2021_10pct 243 stress 8448 calibration spectra [('profiled', 1.9609375, 'resolved'), ('fixed', 3.015625, 'resolved')]
POINT DONE individual_2021_10pct 243 in 21.3s
individual_2021_10pct 244 gp 8448 calibration spectra [('profiled', 2.078125, 'limited_mc'), ('fixed', 3.578125, 'resolved')]
individual_2021_10pct 244 stress 8448 calibration spectra [('profiled', 2.171875, 'resolved'), ('fixed', 3.609375, 'resolved')]
POINT DONE individual_2021_10pct 244 in 21.0s
individual_2021_10pct 245 gp 8448 calibration spectra [('profiled', 2.171875, 'resolved'), ('fixed', 3.265625, 'resolved')]
individual_2021_10pct 245 stress 8448 calibration spectra [('profiled', 2.140625, 'resolved'), ('fixed', 3.203125, 'resolved')]
POINT DONE individual_2021_10pct 245 in 20.7s
individual_2021_10pct 246 gp 8448 calibration spectra [('profiled', 2.265625, 'resolved'), ('fixed', 3.203125, 'resolved')]
individual_2021_10pct 246 stress 8448 calibration spectra [('profiled', 2.234375, 'resolved'), ('fixed', 3.109375, 'resolved')]
POINT DONE individual_2021_10pct 246 in 20.7s
individual_2021_10pct 247 gp 8448 calibration spectra [('profiled', 2.421875, 'resolved'), ('fixed', 3.859375, 'resolved')]
individual_2021_10pct 247 stress 8448 calibration spectra [('profiled', 2.453125, 'resolved'), ('fixed', 3.953125, 'resolved')]
POINT DONE individual_2021_10pct 247 in 20.7s
individual_2021_10pct 248 gp 8448 calibration spectra [('profiled', 2.515625, 'resolved'), ('fixed', 3.609375, 'resolved')]
individual_2021_10pct 248 stress 8448 calibration spectra [('profiled', 2.515625, 'resolved'), ('fixed', 3.453125, 'resolved')]
POINT DONE individual_2021_10pct 248 in 20.1s
individual_2021_10pct 249 gp 8448 calibration spectra [('profiled', 2.640625, 'resolved'), ('fixed', 3.390625, 'resolved')]
individual_2021_10pct 249 stress 8448 calibration spectra [('profiled', 2.546875, 'resolved'), ('fixed', 3.296875, 'resolved')]
POINT DONE individual_2021_10pct 249 in 20.1s
individual_2021_10pct 250 gp 8448 calibration spectra [('profiled', 2.828125, 'resolved'), ('fixed', 3.921875, 'resolved')]
individual_2021_10pct 250 stress 8448 calibration spectra [('profiled', 2.671875, 'resolved'), ('fixed', 3.640625, 'resolved')]
POINT DONE individual_2021_10pct 250 in 20.2s
all_2015_2016_2021 50 gp 8448 calibration spectra [('profiled', 2.765625, 'resolved'), ('fixed', 4.96875, 'resolved')]
all_2015_2016_2021 50 stress 8448 calibration spectra [('profiled', 1.4609375, 'resolved'), ('fixed', 3.265625, 'limited_mc')]
POINT DONE all_2015_2016_2021 50 in 50.4s
all_2015_2016_2021 51 gp 8448 calibration spectra [('profiled', 2.859375, 'resolved'), ('fixed', 5.03125, 'resolved')]
all_2015_2016_2021 51 stress 8448 calibration spectra [('profiled', 1.2265625, 'resolved'), ('fixed', 2.734375, 'limited_mc')]
POINT DONE all_2015_2016_2021 51 in 50.9s
all_2015_2016_2021 52 gp 8448 calibration spectra [('profiled', 2.671875, 'resolved'), ('fixed', 3.765625, 'resolved')]
all_2015_2016_2021 52 stress 8448 calibration spectra [('profiled', 1.5234375, 'resolved'), ('fixed', 1.7265625, 'resolved')]
POINT DONE all_2015_2016_2021 52 in 59.6s
all_2015_2016_2021 53 gp 8448 calibration spectra [('profiled', 2.421875, 'resolved'), ('fixed', 2.796875, 'resolved')]
all_2015_2016_2021 53 stress 8448 calibration spectra [('profiled', 3.140625, 'resolved'), ('fixed', 3.109375, 'resolved')]
POINT DONE all_2015_2016_2021 53 in 60.8s
all_2015_2016_2021 54 gp 8448 calibration spectra [('profiled', 2.296875, 'resolved'), ('fixed', 3.640625, 'resolved')]
all_2015_2016_2021 54 stress 8448 calibration spectra [('profiled', 5.34375, 'resolved'), ('fixed', 7.28125, 'limited_mc')]
POINT DONE all_2015_2016_2021 54 in 56.6s
all_2015_2016_2021 55 gp 8448 calibration spectra [('profiled', 1.7265625, 'resolved'), ('fixed', 2.546875, 'resolved')]
all_2015_2016_2021 55 stress 8448 calibration spectra [('profiled', 6.46875, 'resolved'), ('fixed', 8.9375, 'limited_mc')]
POINT DONE all_2015_2016_2021 55 in 59.3s
all_2015_2016_2021 56 gp 8448 calibration spectra [('profiled', 1.7890625, 'resolved'), ('fixed', 3.203125, 'resolved')]
all_2015_2016_2021 56 stress 8448 calibration spectra [('profiled', 6.90625, 'limited_mc'), ('fixed', 9.8125, 'limited_mc')]
POINT DONE all_2015_2016_2021 56 in 59.6s
all_2015_2016_2021 57 gp 8448 calibration spectra [('profiled', 1.3671875, 'resolved'), ('fixed', 2.203125, 'resolved')]
all_2015_2016_2021 57 stress 8448 calibration spectra [('profiled', 7.21875, 'limited_mc'), ('fixed', 10.1875, 'limited_mc')]
POINT DONE all_2015_2016_2021 57 in 59.8s
all_2015_2016_2021 58 gp 8448 calibration spectra [('profiled', 1.1171875, 'resolved'), ('fixed', 1.0546875, 'resolved')]
all_2015_2016_2021 58 stress 8448 calibration spectra [('profiled', 5.84375, 'resolved'), ('fixed', 7.34375, 'limited_mc')]
POINT DONE all_2015_2016_2021 58 in 60.4s
all_2015_2016_2021 59 gp 8448 calibration spectra [('profiled', 0.86328125, 'resolved'), ('fixed', 0.87109375, 'resolved')]
all_2015_2016_2021 59 stress 8448 calibration spectra [('profiled', 4.28125, 'resolved'), ('fixed', 4.53125, 'resolved')]
POINT DONE all_2015_2016_2021 59 in 64.7s
all_2015_2016_2021 60 gp 8448 calibration spectra [('profiled', 0.80859375, 'resolved'), ('fixed', 0.98046875, 'resolved')]
all_2015_2016_2021 60 stress 8448 calibration spectra [('profiled', 2.296875, 'resolved'), ('fixed', 2.890625, 'resolved')]
POINT DONE all_2015_2016_2021 60 in 66.0s
all_2015_2016_2021 61 gp 8448 calibration spectra [('profiled', 0.80859375, 'resolved'), ('fixed', 1.1484375, 'resolved')]
all_2015_2016_2021 61 stress 8448 calibration spectra [('profiled', 1.1796875, 'resolved'), ('fixed', 1.6953125, 'resolved')]
POINT DONE all_2015_2016_2021 61 in 74.3s
all_2015_2016_2021 62 gp 8448 calibration spectra [('profiled', 1.0703125, 'resolved'), ('fixed', 1.6953125, 'resolved')]
all_2015_2016_2021 62 stress 8448 calibration spectra [('profiled', 0.69921875, 'resolved'), ('fixed', 1.01171875, 'resolved')]
POINT DONE all_2015_2016_2021 62 in 82.4s
all_2015_2016_2021 63 gp 8448 calibration spectra [('profiled', 1.3984375, 'resolved'), ('fixed', 1.8828125, 'resolved')]
all_2015_2016_2021 63 stress 8448 calibration spectra [('profiled', 0.513671875, 'resolved'), ('fixed', 0.57421875, 'limited_mc')]
POINT DONE all_2015_2016_2021 63 in 84.7s
all_2015_2016_2021 64 gp 8448 calibration spectra [('profiled', 2.453125, 'resolved'), ('fixed', 3.609375, 'resolved')]
all_2015_2016_2021 64 stress 8448 calibration spectra [('profiled', 1.6484375, 'limited_mc'), ('fixed', 2.609375, 'resolved')]
POINT DONE all_2015_2016_2021 64 in 75.8s
all_2015_2016_2021 65 gp 8448 calibration spectra [('profiled', 3.765625, 'resolved'), ('fixed', 5.34375, 'resolved')]
all_2015_2016_2021 65 stress 8448 calibration spectra [('profiled', 2.578125, 'limited_mc'), ('fixed', 3.703125, 'limited_mc')]
POINT DONE all_2015_2016_2021 65 in 78.7s
all_2015_2016_2021 66 gp 8448 calibration spectra [('profiled', 4.15625, 'limited_mc'), ('fixed', 5.71875, 'resolved')]
all_2015_2016_2021 66 stress 8448 calibration spectra [('profiled', 2.765625, 'limited_mc'), ('fixed', 3.609375, 'resolved')]
POINT DONE all_2015_2016_2021 66 in 79.4s
all_2015_2016_2021 67 gp 8448 calibration spectra [('profiled', 3.734375, 'resolved'), ('fixed', 3.984375, 'resolved')]
all_2015_2016_2021 67 stress 8448 calibration spectra [('profiled', 2.0546875, 'resolved'), ('fixed', 1.6640625, 'resolved')]
POINT DONE all_2015_2016_2021 67 in 77.8s
all_2015_2016_2021 68 gp 8448 calibration spectra [('profiled', 2.890625, 'resolved'), ('fixed', 3.671875, 'resolved')]
all_2015_2016_2021 68 stress 8448 calibration spectra [('profiled', 1.01171875, 'limited_mc'), ('fixed', 1.2109375, 'resolved')]
POINT DONE all_2015_2016_2021 68 in 79.1s
all_2015_2016_2021 69 gp 8448 calibration spectra [('profiled', 1.6796875, 'resolved'), ('fixed', 2.296875, 'resolved')]
all_2015_2016_2021 69 stress 8448 calibration spectra [('profiled', 0.505859375, 'resolved'), ('fixed', 0.78515625, 'resolved')]
POINT DONE all_2015_2016_2021 69 in 79.0s
all_2015_2016_2021 70 gp 8448 calibration spectra [('profiled', 1.0859375, 'resolved'), ('fixed', 1.6640625, 'resolved')]
all_2015_2016_2021 70 stress 8448 calibration spectra [('profiled', 0.90234375, 'resolved'), ('fixed', 2.171875, 'resolved')]
POINT DONE all_2015_2016_2021 70 in 92.0s
all_2015_2016_2021 71 gp 8448 calibration spectra [('profiled', 0.78515625, 'resolved'), ('fixed', 1.01953125, 'resolved')]
all_2015_2016_2021 71 stress 8448 calibration spectra [('profiled', 2.796875, 'resolved'), ('fixed', 5.53125, 'resolved')]
POINT DONE all_2015_2016_2021 71 in 94.6s
all_2015_2016_2021 72 gp 8448 calibration spectra [('profiled', 0.66796875, 'resolved'), ('fixed', 0.76171875, 'resolved')]
all_2015_2016_2021 72 stress 8448 calibration spectra [('profiled', 5.15625, 'resolved'), ('fixed', 6.53125, 'resolved')]
POINT DONE all_2015_2016_2021 72 in 92.1s
all_2015_2016_2021 73 gp 8448 calibration spectra [('profiled', 0.71484375, 'resolved'), ('fixed', 0.94921875, 'resolved')]
all_2015_2016_2021 73 stress 8448 calibration spectra [('profiled', 8.03125, 'resolved'), ('fixed', 8.8125, 'limited_mc')]
POINT DONE all_2015_2016_2021 73 in 94.7s
all_2015_2016_2021 74 gp 8448 calibration spectra [('profiled', 1.1171875, 'resolved'), ('fixed', 1.6796875, 'resolved')]
all_2015_2016_2021 74 stress 8448 calibration spectra [('profiled', 11.5625, 'resolved'), ('fixed', inf, 'right_censored')]
POINT DONE all_2015_2016_2021 74 in 94.5s
all_2015_2016_2021 75 gp 8448 calibration spectra [('profiled', 1.3515625, 'resolved'), ('fixed', 1.6796875, 'resolved')]
all_2015_2016_2021 75 stress 8448 calibration spectra [('profiled', 11.8125, 'resolved'), ('fixed', 11.8125, 'resolved')]
POINT DONE all_2015_2016_2021 75 in 96.1s
all_2015_2016_2021 76 gp 8448 calibration spectra [('profiled', 1.7890625, 'resolved'), ('fixed', 2.171875, 'resolved')]
all_2015_2016_2021 76 stress 8448 calibration spectra [('profiled', 10.4375, 'limited_mc'), ('fixed', 10.5625, 'limited_mc')]
POINT DONE all_2015_2016_2021 76 in 96.1s
all_2015_2016_2021 77 gp 8448 calibration spectra [('profiled', 2.265625, 'resolved'), ('fixed', 3.609375, 'resolved')]
all_2015_2016_2021 77 stress 8448 calibration spectra [('profiled', 7.96875, 'resolved'), ('fixed', 10.1875, 'limited_mc')]
POINT DONE all_2015_2016_2021 77 in 99.2s
all_2015_2016_2021 78 gp 8448 calibration spectra [('profiled', 2.671875, 'resolved'), ('fixed', 3.140625, 'resolved')]
all_2015_2016_2021 78 stress 8448 calibration spectra [('profiled', 4.78125, 'resolved'), ('fixed', 7.40625, 'resolved')]
POINT DONE all_2015_2016_2021 78 in 95.9s
all_2015_2016_2021 79 gp 8448 calibration spectra [('profiled', 2.921875, 'resolved'), ('fixed', 2.546875, 'resolved')]
all_2015_2016_2021 79 stress 8448 calibration spectra [('profiled', 1.8671875, 'resolved'), ('fixed', 3.203125, 'resolved')]
POINT DONE all_2015_2016_2021 79 in 94.5s
all_2015_2016_2021 80 gp 8448 calibration spectra [('profiled', 2.578125, 'resolved'), ('fixed', 1.9453125, 'resolved')]
all_2015_2016_2021 80 stress 8448 calibration spectra [('profiled', 1.6640625, 'resolved'), ('fixed', 0.89453125, 'resolved')]
POINT DONE all_2015_2016_2021 80 in 95.7s
all_2015_2016_2021 81 gp 8448 calibration spectra [('profiled', 2.390625, 'resolved'), ('fixed', 2.296875, 'resolved')]
all_2015_2016_2021 81 stress 8448 calibration spectra [('profiled', 1.3828125, 'resolved'), ('fixed', 1.02734375, 'limited_mc')]
POINT DONE all_2015_2016_2021 81 in 99.1s
all_2015_2016_2021 82 gp 8448 calibration spectra [('profiled', 1.6171875, 'resolved'), ('fixed', 1.6328125, 'resolved')]
all_2015_2016_2021 82 stress 8448 calibration spectra [('profiled', 0.287109375, 'limited_mc'), ('fixed', 0.416015625, 'limited_mc')]
POINT DONE all_2015_2016_2021 82 in 106.5s
all_2015_2016_2021 83 gp 8448 calibration spectra [('profiled', 1.1484375, 'resolved'), ('fixed', 1.2265625, 'resolved')]
all_2015_2016_2021 83 stress 8448 calibration spectra [('profiled', 0.259765625, 'limited_mc'), ('fixed', 0.337890625, 'limited_mc')]
POINT DONE all_2015_2016_2021 83 in 109.1s
all_2015_2016_2021 84 gp 8448 calibration spectra [('profiled', 0.97265625, 'resolved'), ('fixed', 1.3984375, 'resolved')]
all_2015_2016_2021 84 stress 8448 calibration spectra [('profiled', 0.267578125, 'limited_mc'), ('fixed', 0.322265625, 'limited_mc')]
POINT DONE all_2015_2016_2021 84 in 110.7s
all_2015_2016_2021 85 gp 8448 calibration spectra [('profiled', 1.1328125, 'resolved'), ('fixed', 1.6484375, 'resolved')]
all_2015_2016_2021 85 stress 8448 calibration spectra [('profiled', 0.388671875, 'limited_mc'), ('fixed', 0.455078125, 'limited_mc')]
POINT DONE all_2015_2016_2021 85 in 110.3s
all_2015_2016_2021 86 gp 8448 calibration spectra [('profiled', 1.1640625, 'resolved'), ('fixed', 2.109375, 'resolved')]
all_2015_2016_2021 86 stress 8448 calibration spectra [('profiled', 0.55078125, 'resolved'), ('fixed', 0.58203125, 'resolved')]
POINT DONE all_2015_2016_2021 86 in 111.2s
all_2015_2016_2021 87 gp 8448 calibration spectra [('profiled', 1.2265625, 'resolved'), ('fixed', 1.7265625, 'resolved')]
all_2015_2016_2021 87 stress 8448 calibration spectra [('profiled', 0.93359375, 'resolved'), ('fixed', 0.61328125, 'resolved')]
POINT DONE all_2015_2016_2021 87 in 112.5s
all_2015_2016_2021 88 gp 8448 calibration spectra [('profiled', 1.4921875, 'resolved'), ('fixed', 2.0390625, 'resolved')]
all_2015_2016_2021 88 stress 8448 calibration spectra [('profiled', 1.9140625, 'resolved'), ('fixed', 1.1328125, 'resolved')]
POINT DONE all_2015_2016_2021 88 in 111.1s
all_2015_2016_2021 89 gp 8448 calibration spectra [('profiled', 1.9296875, 'resolved'), ('fixed', 2.546875, 'resolved')]
all_2015_2016_2021 89 stress 8448 calibration spectra [('profiled', 3.671875, 'resolved'), ('fixed', 2.390625, 'resolved')]
POINT DONE all_2015_2016_2021 89 in 120.4s
all_2015_2016_2021 90 gp 8448 calibration spectra [('profiled', 2.859375, 'resolved'), ('fixed', 3.921875, 'resolved')]
all_2015_2016_2021 90 stress 8448 calibration spectra [('profiled', 5.53125, 'resolved'), ('fixed', 6.09375, 'resolved')]
POINT DONE all_2015_2016_2021 90 in 116.2s
