mass_MeV,A90,Ahat,Ahat_bounded,sigma_A,signed_r,Z0,p0_fixed_mass,p_signed,cls,q_obs,q_asimov,cls_branch,max_score,max_iterations,boundary_fits,min_lambda,min_background,n_profiles,n_cls_evaluations,monotonicity_error,nll_null,nll_free,n_bins,nuisance_rank,zero_bins,ok,status,calibration,cov_load,cov_load_over_poisson,prior_relative_error,feature_rank,density_observed,K_counts_per_epsilon2,branching_factor,epsilon2_90,epsilon2_90_fixed_density
53,34464.493345838608,11999.455150160444,11999.455150160444,15806.691433794787,0.75914332763951586,0.75914332763951586,0.22388341150241692,0.22388341150241692,0.09999999999807925,2.0198554223417631,4.7561995679373927,interior,5.002418634880712e-08,2,0,1872545.2176455553,1871683.2562964302,20,9,0,10.078607269151622,9.7904579732018231,14,6,0,True,converged,fixed-mass asymptotic reference,1e-10,2.0920732251069822e-10,2.1655965589121823e-14,23,5850471706.4505253,9548756769.7676468,1,3.609317335944378e-06,3.6085468107213134e-06
54,29874.170140160339,4410.1700157189453,4410.1700157189453,16429.441750249363,0.2684316221729019,0.2684316221729019,0.39418355069802735,0.39418355069802735,0.10000000000003639,2.4021180849390937,3.306614072351711,interior,1.6295276239475243e-08,2,0,2359813.449870483,2358804.8133883877,20,9,0,8.0994517142851805,8.0634239463939927,14,6,0,True,converged,fixed-mass asymptotic reference,1e-10,1.7550867994649288e-10,2.8001810528461546e-14,23,6565280098.4483118,10917597954.016378,1,2.7363317705952154e-06,2.7357754485264653e-06
55,25961.297514866827,-3499.8741091343391,0,17034.178911690633,-0.2054614925569454,0,0.5,0.5813942096196083,0.099999999999997896,2.9489789303619176,2.3225859429114011,deficit,1.6036400440899712e-07,2,0,2617875.4050458865,2617206.3038639026,22,10,0,9.3967390795566672,9.3756318670948033,15,6,0,True,converged,fixed-mass asymptotic reference,1e-10,1.8582580804757716e-10,7.919366971533521e-14,22,7301057927.5135384,12365980623.027761,1,2.0994127604018764e-06,2.0989306555961459e-06
56,13753.749538306958,-33788.586628756078,0,16596.146699937337,-2.0358831567639313,0,0.5,0.97911895523485926,0.10000000000007921,4.0609360774087015,0.68640730563668106,deficit,1.4557480998433903e-08,2,0,3157932.6166081778,3157084.4593943292,24,11,0,8.6802936787603038,6.6078835647627692,14,6,0,True,converged,fixed-mass asymptotic reference,1e-10,1.124808429947713e-10,3.9011152912957438e-14,22,8031687872.657362,13850802208.803385,1,9.9299299282212388e-07,9.9289771416410524e-07
57,728.21230053929594,-575226.537994641,0,13480.394399950146,-42.639030228191878,0,0.5,1,0.099999950080418551,4.6026583103466692,0.0028946303085860027,deficit,1.7314390277078928e-07,6,1,3425977.9483748935,3425499.6736551798,30,14,0,1341.2314586397786,432.18800923944821,15,5,0,True,converged,fixed-mass asymptotic reference,1e-10,4.7766190149350676e-11,1.2164064492908756e-14,17,8757553259.9896927,15372259982.098513,1,4.7371843918026526e-08,4.7369156829224975e-08
58,689.92636196753233,-638297.78411334043,0,13819.435280060239,-46.150634574425808,0,0.5,1,0.099999993034920243,4.603024524747525,0.0024715940547183476,deficit,1.991764548847641e-07,7,1,4006879.2720447881,4006238.4651428247,30,14,0,1497.4693929485238,432.52885713743024,15,5,0,True,converged,fixed-mass asymptotic reference,1e-10,4.1198911418254411e-11,2.9349556046610617e-14,17,9480473562.4837723,16933163547.267849,1,4.0744091323611608e-08,4.0742608697041329e-08
59,761.73176791104413,-618481.47350913181,0,14296.22092969569,-43.229760231029204,0,0.5,1,0.099999960575232388,4.6027250375100266,0.0028174832067183568,deficit,1.6395025426163556e-07,3,0,4301706.3948403001,4301247.8231408158,30,14,0,1342.4879667904411,408.081881974304,15,5,0,True,converged,fixed-mass asymptotic reference,1e-10,3.9451160038826237e-11,2.3331960290357665e-14,17,10179021399.984716,18494309320.286671,1,4.1187359566625703e-08,4.1183364606918081e-08
60,993.34466814865232,-506346.41576569725,0,14780.501145679209,-34.238109966061607,0,0.5,1,0.10000000045505526,4.601272630108042,0.004491006452603457,deficit,1.8407458668434629e-07,6,1,4893224.3720896514,4892602.1017798977,30,14,0,976.09768370724066,389.97359668317705,15,5,0,True,converged,fixed-mass asymptotic reference,1e-10,3.6665340251154671e-11,4.0749034832532031e-14,17,10863098334.13118,20071740761.596226,1,4.9489711926194468e-08,4.9487571569574506e-08
61,18048.48483519617,-31902.655747459597,0,19388.647936025114,-1.6454055291353609,0,0.5,0.9500568949537922,0.099999999927240985,3.9297022834976385,0.86623127390343313,deficit,5.5582826785638417e-08,2,0,5168132.2896016091,5167569.3779782495,24,11,0,7.2489103703488764,5.8952306926942679,16,6,0,True,converged,fixed-mass asymptotic reference,1e-10,1.0505094846594221e-10,2.094119219378702e-14,23,11512853060.057302,21626830411.461376,1,8.3454137716043574e-07,8.345050385093266e-07
62,19518.501257133852,-26628.780111987155,0,19289.539983565501,-1.3804582890580099,0,0.5,0.9162772080923699,0.099999999995558725,3.8173819621786524,1.0236262423029763,deficit,1.6755856702133087e-08,2,0,5743872.8223535456,5743134.8530589221,22,10,0,6.7148949558817987,5.7620624119673147,15,6,0,True,converged,fixed-mass asymptotic reference,1e-10,7.626391683500436e-11,2.5445354810720694e-14,23,12132930379.568905,23165275684.603798,1,8.4257582438815175e-07,8.4251565391009996e-07
63,25870.635378278497,-10883.440667786646,0,19337.876427846473,-0.56280098473599105,0,0.5,0.71321479515273678,0.099999999990741162,3.2954900847731974,1.7896066236009807,deficit,7.5891914974590691e-10,2,0,6306364.3238686873,6305407.3572123544,18,8,0,7.7981041361653398,7.6397316619554392,15,6,0,True,converged,fixed-mass asymptotic reference,1e-10,6.6073610836250145e-11,1.5644195287739346e-14,23,12713402754.497782,24665074572.555134,1,1.0488772414685822e-06,1.0487437949054635e-06
64,43750.875377614553,16824.914585592844,16824.914585592844,19245.930543992228,0.87421468874199126,0.87421468874199126,0.19100067410415766,0.19100067410415766,0.10000000114622178,1.9572726222199215,5.1680756859878709,interior,2.3743402799425439e-09,2,0,6579462.6319316057,6578597.6635283632,18,8,0,9.9006779492129517,9.5185522882068234,15,6,0,True,converged,fixed-mass asymptotic reference,1e-10,5.9309709049125074e-11,7.9170828223953087e-14,22,13255265192.469887,26124529213.650047,1,1.6747048346714227e-06,1.6745512858799353e-06
65,72568.048501699057,48041.495363330796,48041.495363330796,19087.640885779187,2.5169631898770386,2.5169631898770386,0.005918559769559387,0.005918559769559387,0.10000000162338671,1.6510326330623997,14.459228053504331,interior,6.7502217149240096e-09,2,0,7104992.8547550272,7103406.7773152841,18,8,0,12.969862175456759,9.8023103258587607,15,6,0,True,converged,fixed-mass asymptotic reference,1e-10,4.9954271320587653e-11,4.9568580394536325e-14,22,13751672333.689709,27526370448.482475,1,2.6363101026165156e-06,2.6362111788962023e-06
66,100110.38605890394,75473.445828918542,75473.445828918542,19223.664841579237,3.9262417063235047,3.9262417063235047,4.3141726630175699e-05,4.3141726630175699e-05,0.10000000000013982,1.6424370630298668,27.135765993657245,interior,9.9760848470964447e-09,2,0,7354857.5358934766,7353450.7745391522,18,8,0,19.200987500261043,11.493300532023991,16,6,0,True,converged,fixed-mass asymptotic reference,1e-10,5.2173048042608811e-11,3.5092262163619447e-14,22,14202399012.133408,28865941247.672657,1,3.468114384351677e-06,3.4681017312098527e-06
67,100067.79687325848,75496.816637774464,75496.816637774464,19172.196427754774,3.9380127883571463,3.9380127883571463,4.1079608365128813e-05,4.1079608365128813e-05,0.10000000000020288,1.6424341912078084,27.253340459868934,interior,7.1064505391404964e-09,2,0,7833271.7572911736,7831440.7036811244,18,8,0,16.891038390530078,9.1370660298978645,15,6,0,True,converged,fixed-mass asymptotic reference,1e-10,4.1920490729961475e-11,5.4291172149806818e-14,22,14608311628.704542,30140809037.058132,1,3.3200103139310264e-06,3.3200104704028138e-06
68,84889.058488734023,59280.958912959111,59280.958912959111,19968.574296759765,2.9688071746257791,2.9688071746257791,0.0014947906611326377,0.0014947906611326377,0.099999999999366262,1.6445558775119125,18.077034234142911,interior,1.1658607393383313e-07,2,0,8058894.6826197412,8057746.1252408549,20,9,0,12.673685166056782,8.2667771460020312,16,6,0,True,converged,fixed-mass asymptotic reference,1e-10,5.0429864409934555e-11,1.5611852269255103e-14,23,14959617610.404629,31326327441.524391,1,2.7098311682782811e-06,2.7096953992717104e-06
69,67459.373814943334,41512.66764513318,41512.66764513318,20072.543473446352,2.0681782390755306,2.0681782390755306,0.019311632864302111,0.019311632864302111,0.099999995892486884,1.6708885803514626,11.296376512836416,interior,3.8118397327480125e-09,2,0,8477653.6259406321,8476372.2557418589,18,8,0,8.4893710914448945,6.3506904771521135,16,6,0,True,converged,fixed-mass asymptotic reference,1e-10,4.6766466301187446e-11,2.0765452368536009e-14,23,15270864066.362635,32448362116.906002,1,2.0789762383660083e-06,2.0788594095533249e-06
70,47135.128425182404,19839.841358330697,19839.841358330697,19813.977054908028,1.001317043754298,1.001317043754298,0.15833677776166916,0.15833677776166916,0.10000000002897805,1.897658555755914,5.6598202814332526,interior,1.9344143886712573e-07,2,0,8848628.2492114343,8847346.2142674811,18,8,0,8.7409339387482152,8.2396160276917918,15,6,0,True,converged,fixed-mass asymptotic reference,1e-10,3.7429922270244896e-11,1.8009873355538428e-14,23,15533529745.038166,33484843334.664886,1,1.4076556355390255e-06,1.4076149443614123e-06
71,30017.950408215223,-4870.7130388648666,0,19977.266127199608,-0.24381212123990254,0,0.5,0.59631183390506015,0.09999999999967854,2.9904123028906753,2.2580443398203434,deficit,1.9997812733887899e-07,2,0,9016414.4129845593,9015722.8048054595,22,10,0,9.4189276911469477,9.3892055159151973,16,6,0,True,converged,fixed-mass asymptotic reference,1e-10,4.0281677937632593e-11,2.2593821959844331e-14,23,15755779340.931608,34449134611.14373,1,8.7137023170692093e-07,8.713771908990938e-07
72,23465.646341288342,-17780.190755251424,0,19754.543380374038,-0.90004609464103502,0,0.5,0.81595213950290846,0.10000000000423659,3.5490949252343587,1.4109589513170318,deficit,1.8163193937770217e-07,2,0,9317006.3269580547,9316125.6634996291,24,11,0,7.2751863269817241,6.8701448407424346,15,6,0,True,converged,fixed-mass asymptotic reference,1e-10,3.3219819371477813e-11,3.4485029654744345e-14,23,15936470852.154974,35334970016.151169,1,6.640913047488788e-07,6.6406989982148929e-07
73,20276.34425404984,-26770.563218552343,0,19838.689926064755,-1.3493905667370814,0,0.5,0.91139422541486126,0.099999998233836693,3.8027151637720582,1.0444004530600821,deficit,1.8904233467509357e-07,2,0,9448467.4255997911,9447837.2821192481,22,10,0,6.9943412830339922,6.0839138322344812,16,6,0,True,converged,fixed-mass asymptotic reference,1e-10,3.5313964713888191e-11,2.9851709834141952e-14,23,16078840289.87907,36145784871.375175,1,5.6096013203761484e-07,5.6094103095022398e-07
74,16593.237718521566,-38565.4193367158,0,19619.604857576633,-1.9656105927492777,0,0.5,0.97532819521961689,0.099999999999849695,4.0398364767215611,0.7150047631230656,deficit,1.8104003718377726e-07,2,0,9676676.4042969234,9675871.6942394469,24,11,0,11.121533354692307,9.1897208535282235,16,6,0,True,converged,fixed-mass asymptotic reference,1e-10,3.1629145733570162e-11,1.8623763627363182e-14,23,16189128955.689135,36892261654.137566,1,4.4977556198863699e-07,4.4976195355505192e-07
75,14016.029009624946,-49169.885128626993,0,19398.838969771739,-2.5346023737698875,0,0.5,0.99437124860871473,0.099999999929736363,4.1842929666842217,0.52180260263090972,deficit,1.7534258489604326e-07,2,0,9774063.8760134168,9773497.6530886181,24,11,0,12.97724830122587,9.7651437046658955,16,6,0,True,converged,fixed-mass asymptotic reference,1e-10,2.966136230761799e-11,9.1777323884192887e-14,22,16265404083.757553,37566972620.282059,1,3.73094450577522e-07,3.7309234416976551e-07
76,13718.466128704751,-50055.385988368136,0,19288.870250006348,-2.5949545789708983,0,0.5,0.9952698289959907,0.099999999991426475,4.1965936047821728,0.50564228355504448,deficit,1.8118604394601334e-09,2,0,9937658.7683679387,9936929.9261537679,22,10,0,11.069793262161639,7.7028986287006225,16,6,0,True,converged,fixed-mass asymptotic reference,1e-10,2.7334189020794234e-11,8.8773359775853868e-14,22,16315530029.748913,38185181319.823112,1,3.5926151597407946e-07,3.5927952770308907e-07
77,14195.058843000037,-48113.629476391812,0,19379.252369770729,-2.4826631411716984,0,0.5,0.99347978301655893,0.09999999970267541,4.1732458036637752,0.53635658311644174,deficit,1.789530177376264e-07,2,0,10004458.329489434,10003937.649651404,22,10,0,10.527854378664905,7.4460462423986433,17,6,0,True,converged,fixed-mass asymptotic reference,1e-10,2.9422016815218276e-11,7.7864795369660344e-14,22,16338512718.434977,38742114795.916183,1,3.6639865732100775e-07,3.6644205385983079e-07
78,19629.171969102597,-26963.380172107747,0,19439.820633954711,-1.3869938106801858,0,0.5,0.9172781749272545,0.099999999994966934,3.8203531755337234,1.0194238490557748,deficit,5.4518064507291797e-09,2,0,10076522.562684393,10075671.941869149,22,10,0,6.4857181725666608,5.5238422571340893,16,5,0,True,converged,fixed-mass asymptotic reference,1e-10,2.6803290720719459e-11,3.0978928843071371e-14,23,16337240967.532864,39242204386.448494,1,5.0020564022853766e-07,5.0024581256106324e-07
79,22558.09919460749,-18859.684329973436,0,19449.919901376994,-0.96964173338518256,0,0.5,0.83388744847425011,0.10000000004366727,3.5941422187056382,1.34489743483083,deficit,1.7005450114737641e-07,2,0,9997923.8713881616,9997233.2592007574,22,10,0,6.5024025678201625,6.0323000222590517,16,5,0,True,converged,fixed-mass asymptotic reference,1e-10,2.6274909338402002e-11,3.764556570552668e-14,23,16315195543.380939,39691677368.899536,1,5.6833322978390726e-07,5.6838594817365297e-07
80,26483.424482424289,-10599.495257491521,0,19633.085000701602,-0.53987570326136536,0,0.5,0.70535862259300031,0.100000000015999,3.275925699681185,1.819254419756613,deficit,1.8101670873349462e-07,2,0,9907684.4428065438,9907122.7944523375,18,8,0,7.579862443960069,7.4341295564740921,17,6,0,True,converged,fixed-mass asymptotic reference,1e-10,2.937297585279562e-11,5.7714671823008964e-14,23,16273462926.275747,40091291220.097137,1,6.6057798779872079e-07,6.6063386411089969e-07
81,30216.584486897656,-2787.3771340376693,0,19379.16748934711,-0.14383342473942493,0,0.5,0.55718399591371648,0.09999999999977402,2.8796129773464738,2.4310761312096485,deficit,1.6822338300137574e-07,2,0,9858085.9752575047,9857288.0986624807,24,11,0,7.6124529202500826,7.6021088932139467,16,5,0,True,converged,fixed-mass asymptotic reference,1e-10,2.5462257329900136e-11,7.6035260829224032e-14,23,16215238781.323597,40447198387.934708,1,7.4706248371237459e-07,7.4711778205843398e-07
82,33415.545308281246,2684.4357954402976,2684.4357954402976,19286.201727601616,0.13918969496027073,0.13918969496027073,0.44465012573350798,0.44465012573350798,0.10000000000019631,2.5388995142906445,3.0019374903974665,interior,1.7397312102040985e-07,2,0,9752496.8687224593,9751821.1050376482,22,10,0,9.3631524045942296,9.353465519002663,17,6,0,True,converged,fixed-mass asymptotic reference,1e-10,2.675133958589583e-11,4.3157709337952573e-14,23,16141582284.944365,40760549923.969978,1,8.1980114033325715e-07,8.1992995403147426e-07
83,38734.47101893877,10807.635633371337,10807.635633371337,19062.73600994383,0.56695509511534536,0.56695509511534536,0.28537234533426425,0.28537234533426425,0.099999999831448985,2.1461320339625907,4.1289544567694243,interior,1.6956347237417901e-07,2,0,9636802.1811457817,9636189.0592562705,20,9,0,9.652964891351882,9.4922458514132568,17,5,0,True,converged,fixed-mass asymptotic reference,1e-10,2.5021759889733121e-11,4.4992275762984267e-14,23,16052256393.849672,41029314231.937294,1,9.4406820450310587e-07,9.4419322239291399e-07
84,44116.588036790432,17954.079348725099,17954.079348725099,18880.06221608178,0.95096642749041915,0.95096642749041915,0.17081070936696768,0.17081070936696768,0.10000000015364188,1.9201537247617289,5.4601627432736013,interior,1.6714746808865755e-07,2,0,9575872.3120176513,9574905.8674401399,18,8,0,9.0225331236001125,8.5703645504931671,17,5,0,True,converged,fixed-mass asymptotic reference,1e-10,2.4166048496404145e-11,3.1080595250782831e-14,23,15949935123.395502,41258960782.605179,1,1.0692607666306038e-06,1.0693301184227813e-06
85,45066.913413136885,19268.825601470711,19268.825601470711,18778.879595063037,1.0261043940998298,1.0261043940998298,0.15242118965566848,0.15242118965566848,0.10000000001110251,1.8872075673894138,5.7594815921220119,interior,1.7657660889014437e-07,2,0,9448430.1144233812,9447631.4313155729,18,8,0,10.931149313151245,10.404704199355756,17,5,0,True,converged,fixed-mass asymptotic reference,1e-10,2.323115718236468e-11,2.8291478627242495e-14,23,15834453016.071163,41447855900.89875,1,1.0873159161933792e-06,1.0873386640048071e-06
86,42947.500615913021,16666.423497655349,16666.423497655349,18813.190861898849,0.8859006389911912,0.8859006389911912,0.18783553588860635,0.18783553588860635,0.10000000086984875,1.9513960871370166,5.2115919071668042,interior,1.7196293233823212e-07,4,0,9314846.054385446,9314220.3142813854,18,8,0,10.571238887773417,10.178828916690916,18,6,0,True,converged,fixed-mass asymptotic reference,1e-10,2.5231388611839397e-11,3.8085012569868215e-14,23,15710146693.485695,41606268698.389252,1,1.0322362941807299e-06,1.0322916229285308e-06
87,42409.301058724253,16567.783873833192,16567.783873833192,18519.370530241958,0.89463018183268295,0.89463018183268295,0.18549240608221945,0.18549240608221945,0.10000000070159401,1.9470042373009875,5.2447432260875919,interior,1.5947233245050541e-07,2,0,9245047.5621845219,9244162.4444196541,18,8,0,11.710780643054587,11.310599061931597,17,5,0,True,converged,fixed-mass asymptotic reference,1e-10,2.1831424190627806e-11,2.1480028456838768e-14,23,15574620197.733871,41726964785.562134,1,1.0163524060920484e-06,1.0163735313241391e-06
88,36791.229735397566,9576.3988487219485,9576.3988487219485,18425.583497348936,0.51973756498110035,0.51973756498110035,0.30162325042574289,0.30162325042574289,0.099999999576901713,2.1814787232743171,3.9871708112200483,interior,1.5684255250114632e-07,2,0,9102998.2467049826,9102347.5233339034,20,9,0,12.960293571288876,12.825230003062634,17,5,0,True,converged,fixed-mass asymptotic reference,1e-10,2.1233945809151003e-11,4.7141287693522783e-14,23,15429067213.366198,41812142423.443459,1,8.7991735421740222e-07,8.7994419970988028e-07
89,37565.203704366475,10930.18903755833,10930.18903755833,18276.19639183753,0.5980610300502428,0.5980610300502428,0.2748996058199944,0.2748996058199944,0.099999999910617476,2.123813959419973,4.2249402844854789,interior,1.5498369942967827e-07,3,0,9028875.787525868,9027946.027109215,20,9,0,13.373637797315364,13.194799299482986,17,5,0,True,converged,fixed-mass asymptotic reference,1e-10,2.0761383770047175e-11,2.6774526863306483e-14,23,15275742785.738297,41867055840.137512,1,8.9724970983875836e-07,8.9721483749130346e-07
90,35551.174934064533,8015.8165069074812,8015.8165069074812,18363.331549992628,0.43651476078301416,0.43651476078301416,0.33123164603035604,0.33123164603035604,0.099999998101492862,2.2483315925225931,3.7481958841496676,interior,1.5610829828816009e-07,2,0,8877416.4830273837,8876680.5067061614,20,9,0,14.281835241000506,14.18656267280978,17,5,0,True,converged,fixed-mass asymptotic reference,1e-10,2.1082519728004026e-11,6.0108657526051962e-14,23,15112575666.785091,41885246505.224335,1,8.4877559284819402e-07,8.4870458546432147e-07
91,39936.252137779578,13901.586279610492,13901.586279610492,18316.673084030612,0.75896601871162228,0.75896601871162228,0.22393644231076987,0.22393644231076987,0.099999999946996113,2.0201970116397341,4.7541769516063548,interior,1.6241678646444768e-07,2,0,8722431.3988589738,8721772.8856637459,18,8,0,12.116048025821559,11.828033317042074,18,5,0,True,converged,fixed-mass asymptotic reference,1e-10,2.2451356012847318e-11,5.2796313540603186e-14,23,14945603372.962049,41882724300.907227,1,9.5352565537181438e-07,9.5353849817979593e-07
92,45723.039160887762,21353.921469592726,21353.921469592726,18024.871815932118,1.1847121458530465,1.1847121458530465,0.11806563927916763,0.11806563927916763,0.099999998415981339,1.8277567080009511,6.4353855127306137,interior,1.5248458340444415e-07,2,0,8643452.0394869559,8642437.9935654234,14,6,0,9.5438576894207081,8.8420862551548431,17,5,0,True,converged,fixed-mass asymptotic reference,1e-10,1.9718555495336111e-11,6.4012100848385507e-14,23,14771383312.560331,41849384344.867767,1,1.0925618112825367e-06,1.0926233527213457e-06
93,50079.335507473843,26213.293884065322,26213.293884065322,18022.127018359275,1.4545362100340813,1.4545362100340813,0.072898850971293852,0.072898850971293852,0.099999999954940022,1.7536072427130946,7.7223232378275277,interior,1.5935143427014964e-07,2,0,8482851.799372742,8481959.0666361619,18,8,0,9.5728451742364751,8.5150073810863205,18,5,0,True,converged,fixed-mass asymptotic reference,1e-10,2.1170554809225474e-11,4.8504384104868936e-14,23,14588810870.846836,41781393508.54657,1,1.1986037635922768e-06,1.1986658994516517e-06
94,49876.220220830844,26292.936262479379,26292.936262479379,17830.726460783721,1.4746173470889621,1.4746173470889621,0.070157724234429217,0.070157724234429217,0.09999999993632433,1.7492578221768511,7.8247316727926899,interior,1.5599680924793802e-07,2,0,8319498.2862471985,8318768.3635306647,18,8,0,9.4961262780590481,8.408878117891204,18,5,0,True,converged,fixed-mass asymptotic reference,1e-10,2.0134796277224149e-11,4.294378420184592e-14,23,14400892150.007704,41686682008.994881,1,1.1964545465640293e-06,1.1964530803232851e-06
95,49716.976719410326,26299.166562309118,26299.166562309118,17716.255687109093,1.4844974407874378,1.4844974407874378,0.068838500798211355,0.068838500798211355,0.099999999925970223,1.7471569896108612,7.8757829466884948,interior,1.5503707628816699e-07,3,0,8236885.9013904193,8235867.1982257599,18,8,0,9.6454082621807888,8.5435419363285625,18,5,0,True,converged,fixed-mass asymptotic reference,1e-10,1.9974708034541909e-11,5.9321509571771338e-14,23,14209438346.70702,41570054629.892799,1,1.1959805480664229e-06,1.1960150471072925e-06
96,39414.010393638913,14817.643087574659,14817.643087574659,17515.419227789214,0.84598774724365078,0.84598774724365078,0.19877978980770034,0.19877978980770034,0.10000000216561884,1.9718899543091215,5.0637952465046485,interior,1.5034499400989887e-07,2,0,8071258.9438549718,8070542.3338979203,18,8,0,7.530241847525339,7.1723942132821454,18,5,0,True,converged,fixed-mass asymptotic reference,1e-10,1.8924254405603074e-11,3.6620264013406081e-14,23,14012550773.566626,41425571656.961868,1,9.5144155692091951e-07,9.5149088578581818e-07
97,32604.15155934697,6141.7113159099345,6141.7113159099345,17369.410823774218,0.35359541659486898,0.35359541659486898,0.36182105488147798,0.36182105488147798,0.099999996492621521,2.3209706897479787,3.523615516014643,interior,1.4744394616350576e-07,2,0,7903329.1342029925,7902817.6350832758,20,9,0,7.4785580387109762,7.4160431793925268,18,5,0,True,converged,fixed-mass asymptotic reference,1e-10,1.8331015126691956e-11,4.7336491181823973e-14,23,13811754779.969204,41257287484.178589,1,7.9026406115162234e-07,7.9033848754010446e-07
98,22863.262500262634,-9866.6592096969107,0,17163.767297688191,-0.57484886056150009,0,0.5,0.7173032407316664,0.099999999913763224,3.3056775293078697,1.7741918020643235,deficit,1.7341968150397236e-07,3,0,7819055.4822186353,7818423.8484058725,20,9,0,7.3979975188257248,7.2327719125812973,18,5,0,True,converged,fixed-mass asymptotic reference,1e-10,1.7702189380522929e-11,2.8003220168439693e-14,23,13608109064.090738,41068036087.07988,1,5.5671672372605811e-07,5.5674283509726867e-07
99,19584.154030462036,-16950.226137299946,0,17033.191567653914,-0.99511380619515477,0,0.5,0.84015954171274543,0.1000000000762437,3.6100096211768538,1.3217212885152547,deficit,1.4166392392489513e-07,2,0,7648849.8643415095,7648328.1833693618,22,10,0,7.0323312031903438,6.5372054595502398,18,5,0,True,converged,fixed-mass asymptotic reference,1e-10,1.7209033036723564e-11,2.7844251020821021e-14,23,13398693206.326595,40848650698.976135,1,4.7943209127720123e-07,4.7942783535104146e-07
100,15650.251427932966,-28644.401527657577,0,17011.326377358058,-1.683799132115452,0,0.5,0.95388975249437336,0.099999999906008136,3.9442214638319584,0.84611287841192162,deficit,1.4663370428991129e-07,2,0,7478008.8970839297,7477577.3222322743,26,12,0,9.2072815102711765,7.7896917516148019,19,5,0,True,converged,fixed-mass asymptotic reference,1e-10,1.8421984953598888e-11,2.0628097872505236e-14,23,13189825323.525967,40618054880.460907,1,3.8530282836023822e-07,3.8529188672212866e-07
101,13271.049230656849,-36937.626340447154,0,16781.024159158911,-2.2010777623626572,0,0.5,0.9861347403690045,0.10000001067251622,4.1064195795762224,0.62519078075214796,deficit,1.3856340341789064e-07,2,0,7392647.3680730937,7392054.7995758103,22,10,0,10.577605543789341,8.1552338858056395,18,5,0,True,converged,fixed-mass asymptotic reference,1e-10,1.6598810092148742e-11,4.0263576867350776e-14,23,12976583016.47212,40360989147.113991,1,3.2880882037564715e-07,3.2878185565319927e-07
102,10838.374612887244,-49361.831247144168,0,16691.929518976234,-2.9570885621126379,0,0.5,0.99844720547587162,0.10000001248915456,4.2613093904690977,0.42142212345283325,deficit,1.4230526312886127e-07,2,0,7221440.6039232761,7220948.4429273838,20,9,0,12.836868499396605,8.4646821173079108,19,5,0,True,converged,fixed-mass asymptotic reference,1e-10,1.7424546290354916e-11,2.2571468585209381e-14,23,12762269117.068649,40087423857.019287,1,2.7036844900646942e-07,2.7034361427379864e-07
103,9874.061498263909,-54750.722417619443,0,16532.296325237367,-3.311566840304343,0,0.5,0.99953612462999852,0.099999999999978134,4.3119013344826627,0.35655963340472285,deficit,1.401521760868718e-07,2,0,7050500.7003749711,7050095.4639666509,24,11,0,11.749504248441365,6.2662667795397198,19,5,0,True,converged,fixed-mass asymptotic reference,1e-10,1.684065565256938e-11,3.2702650851135161e-14,23,12547606739.370653,39799553645.08287,1,2.4809477981378877e-07,2.4806164338135482e-07
104,9944.5058603008911,-53763.952255935568,0,16470.193936535055,-3.264146385549819,0,0.5,0.99945102788877982,0.099999999999968364,4.305728129630765,0.36442668809864398,deficit,1.4845921336714696e-07,2,0,6965511.1660750583,6964951.4622880947,26,12,0,9.3455431368117807,4.0182173236628076,19,5,0,True,converged,fixed-mass asymptotic reference,1e-10,1.7014184647664047e-11,3.1738990506991713e-14,23,12329879711.542086,39488647290.544876,1,2.5183202116629594e-07,2.517963575625773e-07
105,10306.981022995496,-50219.951447383166,0,16330.780464340298,-3.0750171387019147,0,0.5,0.99894754771188632,0.099999999912134971,4.2793397427203601,0.39820533933440466,deficit,1.3902368634077789e-07,2,0,6795479.905854336,6795014.9407608248,24,11,0,10.295375948378773,5.5675107467235181,19,5,0,True,converged,fixed-mass asymptotic reference,1e-10,1.6511946457157158e-11,4.4508754126343017e-14,23,12113380829.57436,39168302310.136055,1,2.6314597302135902e-07,2.6310916408273057e-07
106,11964.835323801977,-40400.550246365419,0,16309.699814185649,-2.4769878719970038,0,0.5,0.99337517979197365,0.099999999656950916,4.1719870009085653,0.53801739309144159,deficit,1.4479021936963932e-07,2,0,6626405.9939874783,6626018.521790104,22,10,0,10.553731316088586,7.4859968570784625,20,5,0,True,converged,fixed-mass asymptotic reference,1e-10,1.7758408578899628e-11,3.532195043879056e-14,23,11895756174.048529,38830948339.844521,1,3.0812627132067319e-07,3.0808412804439462e-07
107,15500.777727042596,-24593.227442927186,0,16067.479036003619,-1.5305824026593358,0,0.5,0.93706368320494771,0.099999999972790493,3.8835783505500814,0.93049400828648987,deficit,1.3757157790728058e-07,2,0,6542432.6285356246,6541905.6601737738,24,11,0,10.163894898280351,8.9925536526151379,19,5,0,True,converged,fixed-mass asymptotic reference,1e-10,1.5957797405423908e-11,3.4002616291152016e-14,23,11678406917.729061,38481098329.059395,1,4.0281536650779596e-07,4.0277276472749126e-07
108,19914.438779415883,-12457.950964772976,0,16055.362663191649,-0.77592711441859752,0,0.5,0.78110398900698952,0.10000000707259066,3.4631223489715453,1.5380830511347845,deficit,1.4377363388717868e-07,2,0,6375158.6242969362,6374715.9095099298,20,9,0,12.852032227797224,12.551000784352238,20,5,0,True,converged,fixed-mass asymptotic reference,1e-10,1.7171559073050584e-11,5.0351386513518653e-14,23,11460584671.297581,38116288683.178108,1,5.2246531515553181e-07,5.2243298593570266e-07
109,26746.509709625716,885.92449922490709,885.92449922490709,15925.925410793447,0.055627870874306387,0.055627870874306387,0.47781913056464664,0.47781913056464664,0.10000000000064031,2.6365971457897821,2.8199574847046387,interior,1.4336035425444038e-07,2,0,6209322.4919543471,6208947.8576422045,22,10,0,12.569332752194205,12.567785522185201,20,5,0,True,converged,fixed-mass asymptotic reference,1e-10,1.6741663136899004e-11,4.3680362987547522e-14,23,11244049982.349564,37742385254.135918,1,7.086597608903046e-07,7.0859374270081266e-07
110,34677.39394349674,12546.985451741462,12546.985451741462,15662.851277867823,0.8010775160414223,0.8010775160414223,0.21154338584743299,0.21154338584743299,0.10000000546627352,1.996255587307278,4.9014190833388751,interior,1.3667770160097348e-07,2,0,6126528.9788081441,6125899.0839220202,18,8,0,15.662324847832156,15.341462254478609,19,5,0,True,converged,fixed-mass asymptotic reference,1e-10,1.5029958289762222e-11,4.7634282490646524e-14,23,11026070411.013046,37350250992.231766,1,9.2843804317965803e-07,9.2835296688121659e-07
111,46419.803037538841,25998.063402730892,25998.063402730892,15597.674765667654,1.6668387293811162,1.6668387293811162,0.047773238420370019,0.047773238420370019,0.09999999941355274,1.714139640744186,8.858251333519128,interior,1.4262334269155019e-07,2,0,5961764.4566534264,5961114.6535040792,18,8,0,18.532114604638995,17.142938929756568,20,5,0,True,converged,fixed-mass asymptotic reference,1e-10,1.5871146829287857e-11,4.020398625627895e-14,23,10810845420.208757,36954107200.865028,1,1.256147328501884e-06,1.2561033567092074e-06
112,52602.234158114858,32623.972518328963,32623.972518328963,15468.020156022965,2.1092011672756978,2.1092011672756978,0.017463610607375869,0.017463610607375869,0.099999995440218648,1.6681168664892922,11.568056169801276,interior,1.4232746714526456e-07,2,0,5800014.40346165,5799421.2500733687,18,8,0,19.312385619834433,17.088020837815851,20,5,0,True,converged,fixed-mass asymptotic reference,1e-10,1.5546342018125003e-11,5.1389331476975397e-14,23,10597237240.914278,36550284152.191612,1,1.4391744244472788e-06,1.4392783951167997e-06
113,57419.613352941247,37673.786075120624,37673.786075120624,15358.979686067743,2.4529885434592256,2.4529885434592256,0.007083742538179171,0.007083742538179171,0.10000000431994355,1.6527471586691043,13.981127550054335,interior,1.427309834767243e-07,2,0,5720237.7809747597,5719377.9502586285,18,8,0,18.910670214626474,15.902093817455368,20,5,0,True,converged,fixed-mass asymptotic reference,1e-10,1.5497856584354317e-11,4.0350239609333696e-14,23,10381747398.135651,36126757103.224976,1,1.5893929584899137e-06,1.5894762981695986e-06
114,67250.880012226742,47803.093316672195,47803.093316672195,15169.374204475891,3.1514663873756197,3.1514663873756197,0.00081226429781653287,0.00081226429781653287,0.10000000160447281,1.6435587332055484,19.661231854989456,interior,1.4171816520303082e-07,2,0,5561803.8096503457,5560992.5900666183,18,8,0,19.90328041746157,14.9374102220824,20,5,0,True,converged,fixed-mass asymptotic reference,1e-10,1.4905342904957623e-11,3.6724213190217651e-14,23,10169852619.130205,35702578973.771263,1,1.8836420769948383e-06,1.8837014371496102e-06
115,73497.019700798512,54160.454397875903,54160.454397875903,15086.951178903066,3.5901168596497341,3.5901168596497341,0.00016526487219105902,0.00016526487219105902,0.10000000131468879,1.6426153207663354,23.738947172754912,interior,1.4689009475432613e-07,2,0,5406121.1527479356,5405391.6194273774,20,9,0,20.898381111210668,14.453911578240033,21,5,0,True,converged,fixed-mass asymptotic reference,1e-10,1.5729211412875209e-11,4.3451670582444692e-14,23,9957349824.0957146,35263197006.280815,1,2.0842415305596872e-06,2.0842953074440601e-06
116,72451.460925611711,53416.244394270332,53416.244394270332,14851.848430042339,3.5968419943246404,3.5968419943246404,0.00016105200292777685,0.00016105200292777685,0.10000000141671696,1.6426093910801676,23.802182612491599,interior,1.3964979972413971e-07,2,0,5329786.4875219855,5328807.9697936345,18,8,0,18.729682808168373,12.261046642099746,20,5,0,True,converged,fixed-mass asymptotic reference,1e-10,1.4260050251752848e-11,2.731186422241006e-14,23,9747792673.2312927,34821249481.432175,1,2.0806680404804311e-06,2.080609714442044e-06
117,74039.677477509511,55161.282574822195,55161.282574822195,14729.953476234781,3.7450955039232094,3.7450955039232094,9.0162582815105172e-05,9.0162582815105172e-05,0.10000000140704726,1.6425057782064414,25.273514524709228,interior,1.431544838226273e-07,2,0,5177219.6866197912,5176376.3409213936,18,8,0,24.070251667874203,17.057381501121284,21,5,0,True,converged,fixed-mass asymptotic reference,1e-10,1.4818795913745141e-11,3.3693965034795865e-14,23,9539382059.7668629,34370526325.748596,1,2.1541618762481059e-06,2.1540140800216598e-06
118,64363.035004612415,45677.848503533838,45677.848503533838,14574.207100831689,3.1343398261516651,3.1343398261516651,0.0008612062927738426,0.0008612062927738426,0.10000000174384772,1.6436306797736151,19.508779633350073,interior,1.4024428240944076e-07,2,0,5029046.8707475066,5028403.8544185236,18,8,0,21.487591232618815,16.57554815971859,21,5,0,True,converged,fixed-mass asymptotic reference,1e-10,1.4391348601087883e-11,3.4126382614215529e-14,23,9334133319.2709942,33918456806.398136,1,1.8975814663971218e-06,1.8975218517603033e-06
119,53855.100005786669,35334.156296718022,35334.156296718022,14406.163038152423,2.4528248358797398,2.4528248358797398,0.00708696700510627,0.00708696700510627,0.10000000454586527,1.6527549457923527,13.97913935640784,interior,1.3749318750200246e-07,2,0,4956093.1229272308,4955327.9942808785,18,8,0,19.896301881326913,16.888127043572677,21,5,0,True,converged,fixed-mass asymptotic reference,1e-10,1.412130561529581e-11,3.054555323543216e-14,23,9130491327.3146935,33459634117.88131,1,1.609554360817285e-06,1.6096443081319576e-06
120,40674.956624796083,21791.262779536555,21791.262779536555,14317.49877047159,1.5220461435614243,1.5220461435614243,0.063998759547897813,0.063998759547897813,0.0999999998717888,1.7394734227171256,8.0721289840786383,interior,1.3562362566332808e-07,2,0,4811804.274892848,4811266.3377037067,18,8,0,20.530530719180188,19.372218487615086,21,5,0,True,converged,fixed-mass asymptotic reference,1e-10,1.4008758029476275e-11,2.642798657367291e-14,23,8928890732.8717766,32995812900.952614,1,1.2327308542721724e-06,1.2326859651827379e-06
121,30633.323824214334,10295.707217712339,10295.707217712339,14233.622693137679,0.72334705933921306,0.72334705933921306,0.23473334383376088,0.23473334383376088,0.099999999994975247,2.0414820528333735,4.6322553301815823,interior,3.8295624449347088e-09,2,0,4669637.6970073115,4669263.1360252136,18,8,0,20.074275725971489,19.812660241844146,22,5,0,True,converged,fixed-mass asymptotic reference,1e-10,1.4759347124070181e-11,2.0262119532455231e-14,23,8727836396.3303909,32521610569.992489,1,9.4193747749010727e-07,9.4177131678051445e-07
122,22882.67790639395,-493.30434405229494,0,14093.8518051919,-0.03500129113381422,0,0.5,0.51396064433522015,0.10000000000125604,2.7495334959963529,2.6358995187855223,deficit,1.3260408837645343e-07,2,0,4600017.8133146372,4599615.2412365302,22,10,0,16.73682980029583,16.736217255105313,21,5,0,True,converged,fixed-mass asymptotic reference,1e-10,1.3815934711225317e-11,3.7302490282482933e-14,23,8529883076.6514349,32046675792.006821,1,7.140421694565094e-07,7.1385455104536544e-07
123,17645.402430922259,-10411.282079330105,0,14052.119849423147,-0.74089416297480337,0,0.5,0.77062119253317762,0.099999998385583169,3.437244032291364,1.5766066064938691,deficit,1.3663289955001545e-07,2,0,4462396.5076829139,4462052.8589357473,20,9,0,11.566438077343843,11.291975996978776,22,5,0,True,converged,fixed-mass asymptotic reference,1e-10,1.4741851377389656e-11,6.0046524549058942e-14,23,8337101348.1205549,31579137942.216599,1,5.5876770490726366e-07,5.5864054832042987e-07
124,14864.0954851795,-17021.385811263477,0,13944.121679368032,-1.2206564767509609,0,0.5,0.88889194340475775,0.10000000318436267,3.7383527550276483,1.1361387388914923,deficit,1.3571539725365511e-07,2,0,4327535.7649315083,4327244.5628588302,22,10,0,9.1505669318353604,8.4055658147183259,22,5,0,True,converged,fixed-mass asymptotic reference,1e-10,1.452606536903168e-11,5.5005791440392484e-14,23,8144087032.60672,31098838517.598885,1,4.7796304279235009e-07,4.7785732614837022e-07
125,12720.733717341489,-22610.407244302656,0,13690.610723472599,-1.6514721797380956,0,0.5,0.95067890155679746,0.099999999924279923,3.9318845746120843,0.86320397170590191,deficit,1.2865700727004992e-07,2,0,4261436.2610318409,4261053.1557685258,24,11,0,8.9139194788788689,7.5502392986544207,21,5,0,True,converged,fixed-mass asymptotic reference,1e-10,1.3112512663752283e-11,3.776353034447623e-14,23,7956172720.960166,30626283166.34866,1,4.1535349386825662e-07,4.1527168424636023e-07
126,11521.330735808084,-26639.921801760982,0,13596.950262944967,-1.9591801473782866,0,0.5,0.97495415337916258,0.099999999999861908,4.0377514294031229,0.7178374784680519,deficit,1.3183071145839165e-07,2,0,4131282.2969042249,4130955.3377955621,24,11,0,9.8967111246030619,7.9775176996624593,22,5,0,True,converged,fixed-mass asymptotic reference,1e-10,1.3695405678464454e-11,3.0351428289215315e-14,23,7770402498.9327421,30150473605.839275,1,3.8212768682932844e-07,3.8207799609700955e-07
127,11641.663933216341,-25524.12994367881,0,13477.679344135346,-1.8937349396885925,0,0.5,0.97086989941240232,0.1000000000000912,4.0171733198812589,0.74585880044786523,deficit,1.5756607041339521e-07,2,0,4004131.829736385,4003853.9995861351,24,11,0,11.871392384282478,10.078276373383799,22,5,0,True,converged,fixed-mass asymptotic reference,1e-10,1.3492495889108784e-11,3.574172183667256e-14,23,7587236278.5556107,29673406617.047241,1,3.9232650579890808e-07,3.922672573929135e-07
128,12789.909852359813,-20848.522784642802,0,13374.674822278077,-1.5587564772685543,0,0.5,0.94047298555297354,0.09999999996419609,3.8952786144814553,0.91414252425499121,deficit,1.3145083421761683e-07,2,0,3941784.522672202,3941417.0958666601,24,11,0,10.472458152308079,9.2575972745947421,22,5,0,True,converged,fixed-mass asymptotic reference,1e-10,1.3506908608388213e-11,3.9615343107416001e-14,23,7406333908.8606596,29193981977.515507,1,4.3810090251512417e-07,4.3801746082139289e-07
129,12217.1332129486,-22096.676429187144,0,13225.88109548272,-1.6706572619200912,0,0.5,0.95260530246643282,0.099999999913723173,3.9393236696578562,0.85289346131596233,deficit,1.3006375532143011e-07,2,0,3819353.673094851,3819040.3009274681,24,11,0,11.852815710831861,10.457267867428692,22,5,0,True,converged,fixed-mass asymptotic reference,1e-10,1.3159702091363815e-11,3.7058833938869702e-14,23,7229880537.5856037,28721089449.989693,1,4.2537151086213356e-07,4.2528121406855976e-07
130,11497.307575000095,-24413.502693125873,0,13159.230030793738,-1.8551668065749654,0,0.5,0.96821379493428239,0.099999999811526782,4.004655099977569,0.76296141740227652,deficit,1.3396881382021775e-07,2,0,3700022.4105004189,3699754.0931797596,24,11,0,14.42636683785134,12.705544897742563,23,5,0,True,converged,fixed-mass asymptotic reference,1e-10,1.3910434274869066e-11,3.2232841108521081e-14,23,7055431942.9309139,28245354982.664024,1,4.0705126850261667e-07,4.0698739304444243e-07
131,10903.981650938173,-25658.5945618808,0,12950.663305529793,-1.9811742422112608,0,0.5,0.97621413162639126,0.10000000000004425,4.0445710078165966,0.70857697534780473,deficit,1.2815184868841811e-07,2,0,3641610.8797353567,3641260.9092478212,24,11,0,12.293381545610732,10.33085585661005,22,5,0,True,converged,fixed-mass asymptotic reference,1e-10,1.275253585236898e-11,5.1473756730498217e-14,23,6885076624.7727566,27775389095.572559,1,3.925770981432006e-07,3.9253730042145346e-07
132,10167.156202651551,-28464.550861636868,0,12884.6021496919,-2.2090879761022739,0,0.5,0.98641573885642475,0.099999990033550049,4.1085010827973356,0.62240422475005885,deficit,1.3191041858817698e-07,2,0,3526933.652954787,3526632.255336572,22,10,0,10.665385303054912,8.2253504599750915,23,5,0,True,converged,fixed-mass asymptotic reference,1e-10,1.3460584485415202e-11,3.6814570224909836e-14,23,6717708987.6955442,27307075768.272411,1,3.7232680236177406e-07,3.7229582913781049e-07
133,9490.1833885211072,-30843.513527555697,0,12742.26568304691,-2.4204417731915391,0,0.5,0.99224916916710149,0.099999999657169145,4.1595250066508989,0.55448562474238594,deficit,1.3056478165296426e-07,2,0,3415352.5680910242,3415095.0829476053,22,10,0,7.0074991869440435,4.0782299982387427,23,5,0,True,converged,fixed-mass asymptotic reference,1e-10,1.3144435394493291e-11,3.5740385367352797e-14,23,6552408391.0024223,26836920318.405659,1,3.5362415940149516e-07,3.5359845433804783e-07
134,8931.2924815349197,-32705.968013881855,0,12575.649234455388,-2.6005906377496295,0,0.5,0.9953468284333522,0.09999999897737516,4.1976925535327574,0.50420086246818585,deficit,1.2909413449335716e-07,2,0,3360772.8156191399,3360437.9042130508,20,9,0,6.4613136432836704,3.0797778107081575,23,5,0,True,converged,fixed-mass asymptotic reference,1e-10,1.2886936345447719e-11,4.9693589541843525e-14,23,6391469946.5992594,26374584554.72831,1,3.3863253705483527e-07,3.386065177942521e-07
135,8862.6746055860567,-32324.130928028328,0,12458.755030810593,-2.5943430571552266,0,0.5,0.99526140646023353,0.099999999991485095,4.196453674130165,0.50582585280801273,deficit,1.4649761759244484e-07,2,0,3253783.1766831642,3253494.9258369133,20,9,0,7.0663501097329053,3.7010421606281416,23,5,0,True,converged,fixed-mass asymptotic reference,1e-10,1.2668558699740178e-11,2.5898523777424905e-14,23,6232565267.9072447,25910791617.733067,1,3.4204569031849022e-07,3.4200808394496013e-07
136,9362.2837651590471,-29369.729124499074,0,12397.206839234776,-2.368936570705849,0,0.5,0.99108034370833198,0.099999999042837281,4.1477541889658305,0.57008426160252534,deficit,1.3246286023615994e-07,2,0,3149820.4211813593,3149571.712170023,22,10,0,6.9004835137821789,4.0945532757683853,24,5,0,True,converged,fixed-mass asymptotic reference,1e-10,1.3396536580157649e-11,4.2451527675899243e-14,23,6077807625.3714409,25454580024.365974,1,3.6780350554584503e-07,3.6776711597233742e-07
137,9708.6556191349209,-26485.179476344852,0,12182.875043541135,-2.1738612900202536,0,0.5,0.98514222302649368,0.10000000767353763,4.0992599136411521,0.63478743754770706,deficit,1.2667744853089857e-07,2,0,3099010.4625632963,3098690.1550163003,22,10,0,8.8497482388324435,6.486911784708183,23,5,0,True,converged,fixed-mass asymptotic reference,1e-10,1.2230852352715129e-11,3.1705591740903864e-14,23,5925327215.9989376,24998444360.923443,1,3.8837039133167419e-07,3.8832271215581257e-07
138,10726.150631719371,-22185.291680932769,0,12162.983783523117,-1.8239260481627591,0,0.5,0.96591837345754639,0.099999999824506358,3.9941317371825669,0.77737128474717543,deficit,1.3168264434426646e-07,2,0,2999564.8083918849,2999286.0015229937,24,11,0,8.2414624334371656,6.5781093188538557,24,5,0,True,converged,fixed-mass asymptotic reference,1e-10,1.3118444694282215e-11,4.5053393937506694e-14,23,5777594829.3001842,24553095145.263824,1,4.3685533608940521e-07,4.3681616112075578e-07
139,11910.012949497244,-17593.944657489006,0,12065.723715508417,-1.4581275295485636,0,0.5,0.92759730273895613,0.099999999987846325,3.8525497466668952,0.97401852913269771,deficit,4.6074775106319521e-09,2,0,2903021.9418950989,2902781.2280023121,22,10,0,8.05117485051138,6.9881069042976813,24,5,0,True,converged,fixed-mass asymptotic reference,1e-10,1.2977105404782411e-11,5.2538590726029123e-14,23,5631244793.5850229,24104564253.160358,1,4.9409783244414875e-07,4.9404268356464676e-07
140,13982.276745755367,-11084.204996785777,0,11898.752035163348,-0.93152353677436994,0,0.5,0.82420859234686539,0.1000000000177472,3.5697996204588787,1.3805475415911539,deficit,1.3041352175946486e-07,2,0,2855825.4108610293,2855516.064681673,22,10,0,7.9292958238472169,7.4954277740649013,24,5,0,True,converged,fixed-mass asymptotic reference,1e-10,1.2684459354458496e-11,4.4435558576241986e-14,23,5489765864.7777128,23668020461.967598,1,5.9076663247877627e-07,5.9071948881983332e-07
141,16788.068607898393,-4556.2034260527207,0,11774.3777757645,-0.38695567882914639,0,0.5,0.65060549000920243,0.099999999940665038,3.1361330148621676,2.0327242091545954,deficit,1.2990013775748821e-07,2,0,2763461.0406399565,2763193.2123678988,20,9,0,7.0993313005251366,7.0244639518360739,24,5,0,True,converged,fixed-mass asymptotic reference,1e-10,1.2385298647800101e-11,4.1074769101452121e-14,23,5350522495.1375647,23232469993.533092,1,7.2261230134253739e-07,7.2258335101923351e-07
142,20022.857148543826,1139.4845539287182,1139.4845539287182,11739.70649380895,0.097062658477193864,0.097062658477193864,0.46133831750781501,0.46133831750781501,0.10000000000020826,2.5870939789859264,2.9089915150221817,interior,1.3502651352581552e-07,2,0,2673683.075191169,2673442.2640151745,22,10,0,7.8969602510134047,7.8922496711780745,25,5,0,True,converged,fixed-mass asymptotic reference,1e-10,1.3206826052169189e-11,5.0949728469954461e-14,23,5214520871.0214748,22802519320.864738,1,8.7809846213889756e-07,8.7808755175613557e-07
143,24766.115010022582,8194.8362992904204,8194.8362992904204,11571.298930996827,0.70821553027748485,0.70821553027748485,0.23940571163848162,0.23940571163848162,0.099999999992715985,2.0507767638738166,4.5814195700210103,interior,1.3088776440461913e-07,2,0,2629720.6168299308,2629352.3578299,20,9,0,8.7926283230738029,8.5418437044106934,24,5,0,True,converged,fixed-mass asymptotic reference,1e-10,1.2234228485900523e-11,6.1654590254447566e-14,23,5081969285.1039095,22379385187.583382,1,1.1066485876369568e-06,1.1066836908360463e-06
144,29257.564995982215,13640.003860871338,13640.003860871338,11547.883225079117,1.1812020505791594,1.1812020505791594,0.11876123343676837,0.11876123343676837,0.099999999994584171,1.8289169901418916,6.4200014185917151,interior,1.365065467329174e-07,2,0,2544210.1336078579,2543846.3114238372,16,7,0,8.8851989873943538,8.1875798452481483,25,5,0,True,converged,fixed-mass asymptotic reference,1e-10,1.3086254526632689e-11,8.2537406059550322e-14,23,4951834223.9462929,21958803232.076077,1,1.3323843146991069e-06,1.332422205682866e-06
145,34460.152062916248,19478.213351832404,19478.213351832404,11459.269832067441,1.6998464501051633,1.6998464501051633,0.044579905869422412,0.044579905869422412,0.099999999243946799,1.7092090736559999,9.0446143130049617,interior,1.373430835727163e-07,2,0,2461319.9056573007,2460964.1463709543,18,8,0,8.1951448001487499,6.750405823181187,25,5,0,True,converged,fixed-mass asymptotic reference,1e-10,1.296463053250836e-11,1.0739603867090435e-13,23,4825021106.1587782,21545039646.785488,1,1.5994471408669554e-06,1.5995477449408925e-06
146,38501.297831028452,23795.115884160437,23795.115884160437,11381.841530723195,2.0907248458207266,2.0907248458207266,0.01827636821725568,0.01827636821725568,0.099999995654434695,1.669352736934659,11.443462996309266,interior,1.4174951457057716e-07,2,0,2381348.6985019906,2381013.6186485281,18,8,0,10.789228503411081,8.6036633129450308,26,5,0,True,converged,fixed-mass asymptotic reference,1e-10,1.3597071405045769e-11,8.3722907209120749e-14,23,4700916833.6834221,21135644798.400455,1,1.8216287318540775e-06,1.8217066311501915e-06
147,42004.025644035399,27616.752236974538,27616.752236974538,11192.176531203277,2.4676534752317507,2.4676534752317507,0.0068000953016799665,0.0068000953016799665,0.10000000443970215,1.6523447904831805,14.085881560659697,interior,1.3649901964285505e-07,2,0,2342073.7709928793,2341614.9194911937,20,9,0,11.482099137971185,8.4374423010595159,25,5,0,True,converged,fixed-mass asymptotic reference,1e-10,1.2441700795824559e-11,6.6278880276322396e-14,23,4579767796.7860098,20731984318.655373,1,2.0260494605062331e-06,2.0260094665782008e-06
148,43070.221990546124,28853.722662468714,28853.722662468714,11070.304183389284,2.6065750019760867,2.6065750019760867,0.0045726396388666357,0.0045726396388666357,0.10000000351876465,1.6490685543294141,15.138622855314214,interior,1.3576038604412588e-07,2,0,2265357.9729894605,2264948.5452898191,20,9,0,13.382597773317389,9.9854811528540708,25,5,0,True,converged,fixed-mass asymptotic reference,1e-10,1.2186988833697736e-11,5.698245865908772e-14,23,4460579310.9030905,20329797794.221653,1,2.1185760147003522e-06,2.1183294124506729e-06
149,41156.770453273712,27002.802321420761,27002.802321420761,11009.293905341274,2.4528765789185552,2.4528765789185552,0.0070859477082036949,0.0070859477082036949,0.10000000451350223,1.6527604001604246,13.977748357348462,interior,1.393465356436252e-07,2,0,2191309.2352561355,2190961.2760447874,18,8,0,15.400205111043475,12.391903355339878,26,5,0,True,converged,fixed-mass asymptotic reference,1e-10,1.2836148459593604e-11,7.7356146326801077e-14,23,4345797050.5558567,19940488214.66399,1,2.0639800796355393e-06,2.0636716211076025e-06
150,37797.811194689246,23839.189574512278,23839.189574512278,10824.82589477749,2.2023926728035517,2.2023926728035517,0.013818791505872395,0.013818791505872395,0.099999994430999675,1.6627038693756973,12.195419293208392,interior,1.3322573266805193e-07,2,0,2155324.2118774764,2154903.4835688975,18,8,0,15.638434235639856,13.21316749303047,25,5,0,True,converged,fixed-mass asymptotic reference,1e-10,1.1805315155413942e-11,5.5766935467762061e-14,23,4232898755.2821798,19552811700.866924,1,1.9331138545671866e-06,1.9329412408247147e-06
151,35624.81262097985,21731.397459083444,21731.397459083444,10737.483944708336,2.0239860379247623,2.0239860379247623,0.021485794173633173,0.021485794173633173,0.099999996386553394,1.674111388561851,11.01201777014048,interior,1.3581176938615158e-07,2,0,2084685.7325157076,2084329.9409755494,18,8,0,17.869386828519932,15.821127087662743,26,5,0,True,converged,fixed-mass asymptotic reference,1e-10,1.2275651595201088e-11,4.6765224701560541e-14,23,4123467450.9217272,19174303442.070515,1,1.8579455951873132e-06,1.8577859024513978e-06
152,33498.037711663012,19702.936205117167,19702.936205117167,10612.980138415733,1.8565831448474854,1.8565831448474854,0.031685241890645817,0.031685241890645817,0.099999998085000943,1.6894524285739081,9.9672217860003407,interior,1.3429321898961177e-07,2,0,2016396.6202244128,2016096.8552828724,18,8,0,19.204161734123065,17.480711247257176,26,5,0,True,converged,fixed-mass asymptotic reference,1e-10,1.2000620516134484e-11,4.8520782165832568e-14,23,4015859669.6200714,18797590928.373569,1,1.7820388707948852e-06,1.7817147404664235e-06
153,32515.766814668314,18859.713707441453,18859.713707441453,10485.555509991751,1.7987221317618551,1.7987221317618551,0.03603132310342181,0.03603132310342181,0.099999998573929841,1.6960471720649224,9.621192217937006,interior,1.3323888481409085e-07,2,0,1983090.5182038879,1982715.5351859787,18,8,0,22.073709271853634,20.456008618208678,26,5,0,True,converged,fixed-mass asymptotic reference,1e-10,1.1841129060952198e-11,5.6204416049445293e-14,23,3911502585.8255773,18429566948.965015,1,1.7643261453028533e-06,1.7639748047968114e-06
154,30196.193001544332,16551.441111165812,16551.441111165812,10385.338162582424,1.5937986515470999,1.5937986515470999,0.05549056984037571,0.05549056984037571,0.09999999970052656,1.7260757692039448,8.456984992186829,interior,1.323114495743738e-07,2,0,1918571.6494497778,1918256.7125075147,18,8,0,19.804788690976874,18.534691620140197,26,5,0,True,converged,fixed-mass asymptotic reference,1e-10,1.166908321447487e-11,4.5246077597372736e-14,23,3809308672.0875988,18065374298.185589,1,1.6714955640070581e-06,1.6711499272073447e-06
155,31942.890177668702,18493.649506434263,18493.649506434263,10323.951543504707,1.7914193792208379,1.7914193792208379,0.036613010691143692,0.036613010691143692,0.099999998633436366,1.6969679901738388,9.5763607489270548,interior,1.362238011282102e-07,2,0,1855565.0555137047,1855276.1096135855,18,8,0,22.595051396538675,20.990459700414689,27,5,0,True,converged,fixed-mass asymptotic reference,1e-10,1.2248877776842003e-11,4.2225808276706787e-14,23,3710272838.1246662,17709961746.955383,1,1.8036679375188475e-06,1.8032693345107925e-06
156,33541.339472003732,20391.862345103058,20391.862345103058,10158.534093528095,2.0074716302712443,2.0074716302712443,0.02234973422219403,0.02234973422219403,0.099999996569789168,1.675423060812399,10.904521794063502,interior,1.3148932342943453e-07,2,0,1825027.5091253547,1824648.9723903628,18,8,0,21.931120572817065,19.916149399645121,26,5,0,True,converged,fixed-mass asymptotic reference,1e-10,1.1335765013867167e-11,4.5232924035641118e-14,23,3612835708.3988223,17356129785.365585,1,1.932535645146262e-06,1.931888740033232e-06
157,34661.368293457781,21605.397160579971,21605.397160579971,10113.483310709045,2.1364197661314317,2.1364197661314317,0.016322607175850601,0.016322607175850601,0.099999995149690074,1.6664278283360829,11.748396865032429,interior,1.356361147841767e-07,2,0,1765340.3982303026,1764996.84776592,18,8,0,22.10877075712586,19.82662604856732,27,5,0,True,converged,fixed-mass asymptotic reference,1e-10,1.1952419484227812e-11,4.9106942832335339e-14,23,3518385837.6262007,17010739512.815666,1,2.037616781289512e-06,2.0369493795122555e-06
158,34823.065636730629,21903.787001477722,21903.787001477722,10016.292113657555,2.1869465533468464,2.1869465533468464,0.014373212953870406,0.014373212953870406,0.099999994600336206,1.6635350802626334,12.088923337525003,interior,1.3513144958565704e-07,2,0,1707656.9411900551,1707351.8720662897,18,8,0,20.138103488043633,17.746735874445807,27,5,0,True,converged,fixed-mass asymptotic reference,1e-10,1.1764509425711535e-11,7.7059488427353524e-14,23,3426828355.2748055,16673605304.270597,1,2.088514451509262e-06,2.0879664125650373e-06
159,33678.266819011049,20865.895372799085,20865.895372799085,9918.6568992824195,2.1038236221628548,2.1038236221628548,0.017696917710365294,0.017696917710365294,0.099999995512047177,1.6684853513993758,11.530290832571772,interior,1.3475169424737032e-07,2,0,1679721.1601940445,1679344.6454133389,18,8,0,19.908004925879151,17.694968009293934,27,5,0,True,converged,fixed-mass asymptotic reference,1e-10,1.172461502326558e-11,6.0401768955548752e-14,23,3336939026.3084583,16339000024.203032,1,2.0612195831521689e-06,2.0606780661145911e-06
160,31966.196837056315,19234.826355238161,19234.826355238161,9823.34218891614,1.9581802919283393,1.9581802919283393,0.025104430420494424,0.025104430420494424,0.099999997097965851,1.6795789542088073,10.590318149355593,interior,1.3390091213594246e-07,2,0,1624726.723994551,1624403.7325584632,18,8,0,19.479301459140199,17.562066431291921,27,5,0,True,converged,fixed-mass asymptotic reference,1e-10,1.1523984711504156e-11,8.1938811857412509e-14,23,3249985543.459939,16013323958.673487,1,1.9962249511440181e-06,1.9959373866660124e-06
161,28100.603477126446,15235.730237692551,15235.730237692551,9773.7123913977084,1.5589155423408871,1.5589155423408871,0.059508185602186028,0.059508185602186028,0.099999999797181327,1.7324473730750398,8.2665003208704935,interior,1.3694079892268007e-07,2,0,1571716.9242627656,1571453.7025067802,18,8,0,20.635761431891058,19.420652597815067,28,5,0,True,converged,fixed-mass asymptotic reference,1e-10,1.2108593563517396e-11,7.6051155051494292e-14,23,3164658455.3753915,15690356084.429445,1,1.790947466451223e-06,1.7906224885488792e-06
162,23864.198204871896,10686.869054627414,10686.869054627414,9672.0479309056573,1.1049574861253648,1.1049574861253648,0.13458900560601289,0.13458900560601289,0.10000000000030081,1.8560281817379689,6.087856139584205,interior,1.3533751230809798e-07,2,0,1520254.4533429437,1520045.6799478342,18,8,0,19.021820520564233,18.411354997491991,28,5,0,True,converged,fixed-mass asymptotic reference,1e-10,1.1868736475360082e-11,6.967462311704876e-14,23,3081776696.0561552,15374332144.435133,1,1.55221039721779e-06,1.5519113646797387e-06
163,20041.983283161957,6116.2767906551435,6116.2767906551435,9614.8067447704725,0.63614244790013363,0.63614244790013363,0.26234179036133676,0.26234179036133676,0.0999999999604608,2.0975765528123915,4.344980580314969,interior,1.35526734279523e-07,2,0,1495180.8962423441,1494948.239857737,20,9,0,19.360105418689201,19.157766811679014,28,5,0,True,converged,fixed-mass asymptotic reference,1e-10,1.2023101693496564e-11,1.3436927073808023e-13,23,3000241522.4606857,15059962817.887465,1,1.3308122686303781e-06,1.330411128406959e-06
164,15668.60935749654,-30.235990560780174,0,9536.6243447689012,-0.0031705117346836585,0,0.5,0.50126484906239954,0.10000000000248607,2.7095911403270705,2.6991277067447741,deficit,1.3456371261710842e-07,2,0,1446217.8390933368,1446047.6858885465,22,10,0,19.165718042881782,19.165713016809452,28,5,0,True,converged,fixed-mass asymptotic reference,1e-10,1.190251540583879e-11,2.6964497171792159e-14,24,2922098680.0438881,14757704297.897608,1,1.0617240352030024e-06,1.0614681251834678e-06
165,11556.54084812912,-7783.5181606267333,0,9468.4016483578216,-0.82203265537899151,0,0.5,0.79447084412184121,0.1000000000000292,3.4959477655756359,1.4893877239422344,deficit,1.3681486732419756e-07,2,0,1398801.6219663823,1398650.7539644176,22,10,0,18.43230373373769,18.094434890482972,29,5,0,True,converged,fixed-mass asymptotic reference,1e-10,1.2379419998885506e-11,1.0738760267585157e-13,23,2844804783.3835378,14454946602.347292,1,7.9948692762742477e-07,7.9924144962019045e-07
166,8801.4409715644306,-14887.657315939457,0,9316.5419629648604,-1.597906456134548,0,0.5,0.9449681014766439,0.099999999949738322,3.9110183062712807,0.892199107085628,deficit,1.3125188580431768e-07,2,0,1375716.2956593172,1375529.5172289952,26,12,0,17.045795213740707,15.769142692462472,28,5,0,True,converged,fixed-mass asymptotic reference,1e-10,1.1430240330730816e-11,8.3299731844210895e-14,23,2770344165.6728735,14161912009.772867,1,6.2148677138303939e-07,6.2130086341057174e-07
167,7611.6770844787115,-19165.849096164289,0,9268.4968051654632,-2.0677236851186245,0,0.5,0.98066699330032581,0.099999999999990208,4.0699527467366252,0.67422468748763364,deficit,1.4432899453353798e-07,2,0,1330560.0424643299,1330393.4579157131,24,11,0,17.873570120338748,15.735829501338475,29,5,0,True,converged,fixed-mass asymptotic reference,1e-10,1.1991812282618135e-11,8.9704092858976195e-14,23,2697568560.060576,13872957007.772026,1,5.4867012708353618e-07,5.4853093808623761e-07
168,6950.3279321542568,-21763.797022445098,0,9196.6112687245532,-2.3663369943719981,0,0.5,0.99101745827459098,0.099999998994299566,4.147106811775231,0.57094338799912392,deficit,1.3445340918405435e-07,2,0,1286855.848396135,1286707.7605060621,22,10,0,17.456451731777097,14.656676346310347,29,5,0,True,converged,fixed-mass asymptotic reference,1e-10,1.1912444638591612e-11,9.9947843014365469e-14,23,2626846209.2145672,13590142391.105379,1,5.1142421706362558e-07,5.1129225703357983e-07
169,6591.1417813322578,-23027.858229942398,0,9106.8891715262489,-2.5284297352899605,0,0.5,0.99427129912035384,0.099999999914695853,4.1829301038449032,0.52359603169314128,deficit,1.3409450816403989e-07,2,0,1265570.0265009755,1265386.5744870719,24,11,0,16.44532266401394,13.24884420086471,29,5,0,True,converged,fixed-mass asymptotic reference,1e-10,1.1850239584599689e-11,1.0768379676122227e-13,23,2557932763.467895,13312386167.628632,1,4.9511347540080815e-07,4.9505684564586101e-07
170,6298.7515983621433,-24038.86774227225,0,9018.0494906052991,-2.6654261263876853,0,0.5,0.99615545884690315,0.10000000253993743,4.2103867249531532,0.48757816401572845,deficit,1.3347156357923495e-07,2,0,1223962.0018546132,1223798.641829012,20,9,0,18.096520348859855,14.544272131244824,29,5,0,True,converged,fixed-mass asymptotic reference,1e-10,1.1664815960176528e-11,8.9668579897450671e-14,23,2490889095.37924,13040174129.869017,1,4.8302664792908034e-07,4.8296526646606428e-07
171,6365.0491128917256,-23341.134491534151,0,8966.9208474583684,-2.6028231140960849,0,0.5,0.99537701780856325,0.099999998222207231,4.1981906580774222,0.50354766496781833,deficit,1.3693032974160246e-07,2,0,1183682.8549614726,1183536.8743616575,22,10,0,19.546109634778499,16.158765553142079,30,5,0,True,converged,fixed-mass asymptotic reference,1e-10,1.2233807995662958e-11,1.1979308906946601e-13,23,2425276115.809525,12771366798.621775,1,4.9838433217489387e-07,4.983195764252526e-07
172,6370.3700896148794,-22635.232194330729,0,8861.3126683837054,-2.5541894430748835,0,0.5,0.99467823351964879,0.099999999962252034,4.1883752160976897,0.51643414469174853,deficit,1.3574217572198677e-07,2,0,1144688.2239341619,1144558.6430012058,24,11,0,18.083904483587947,14.821962628030356,30,5,0,True,converged,fixed-mass asymptotic reference,1e-10,1.1962530769376879e-11,8.4041234615125669e-14,23,2361661159.1496797,12509101369.865,1,5.0925881094555635e-07,5.0923115647978326e-07
173,6818.6591087419292,-19953.405329581801,0,8788.3344453434765,-2.2702841240929375,0,0.5,0.98840482515999084,0.099999995389306304,4.124131841716931,0.60151507419796801,deficit,1.3604355508789467e-07,2,0,1125692.6975538488,1125532.1725778247,22,10,0,18.600755002475378,16.02366000042116,30,5,0,True,converged,fixed-mass asymptotic reference,1e-10,1.1987577277912976e-11,7.8070443536769237e-14,23,2299648447.286952,12251453909.77533,1,5.5655917729906164e-07,5.565439317257769e-07
174,6942.1915087022271,-18795.075437384628,0,8685.9686946987022,-2.1636977366251506,0,0.5,0.9847562225815607,0.10000000540010155,4.0966693307205375,0.63826351616976895,deficit,1.3491374284413382e-07,2,0,1088538.8229795699,1088395.8063315554,22,10,0,17.872669691211236,15.531875743472837,30,5,0,True,converged,fixed-mass asymptotic reference,1e-10,1.1730900265042188e-11,7.0506994617453111e-14,23,2239283176.3842969,11998814617.576962,1,5.785731115915959e-07,5.7858838059451617e-07
175,7056.5509090005371,-18012.829807067108,0,8636.0803746218808,-2.0856290728256575,0,0.5,0.98149388213075384,0.10000000000001197,4.0752573402988972,0.6670683205618364,deficit,1.5737204428489804e-07,2,0,1052570.0645705375,1052441.9463149845,22,10,0,21.208940314793239,19.034016000085433,31,5,0,True,converged,fixed-mass asymptotic reference,1e-10,1.2310572931987205e-11,8.4573444907895344e-14,23,2180441804.8783011,11750669911.329361,1,6.0052328609767104e-07,6.0057904992943436e-07
176,6901.475288133448,-17840.629498276743,0,8486.171974580162,-2.1021766860870987,0,0.5,0.98223109936404018,0.10000000000004536,4.0798727516447642,0.66084825580999917,deficit,1.8103655774481808e-07,2,0,1035031.1591486448,1034874.8028537098,24,11,0,20.873626842805237,18.664053433041168,30,5,0,True,converged,fixed-mass asymptotic reference,1e-10,1.1368000437268372e-11,5.5944329910767528e-14,23,2123251144.7676153,11507847887.117222,1,5.9971902269054978e-07,5.9982404278893287e-07
177,6754.9879728744017,-18150.79522274647,0,8427.6683611052267,-2.1535663672885619,0,0.5,0.98436290290198214,0.10000000357930339,4.0939425343478177,0.64192445836832812,deficit,1.359533592371065e-07,2,0,1000748.3447796743,1000607.9604250276,22,10,0,20.204859054019842,17.885935004861615,31,5,0,True,converged,fixed-mass asymptotic reference,1e-10,1.1851569961304508e-11,6.2623784136847187e-14,23,2067602009.4590569,11269905901.044529,1,5.9938281935861847e-07,5.9953338026426856e-07
178,6423.851778579362,-19177.872523974664,0,8343.5450714510062,-2.2983570233644581,0,0.5,0.98922926129228772,0.099999996912101291,4.1310503354413228,0.59229228623448948,deficit,1.3520332498018206e-07,2,0,967556.91701162257,967431.31901902088,22,10,0,22.002652091849708,19.361429588425342,31,5,0,True,converged,fixed-mass asymptotic reference,1e-10,1.1671792592564188e-11,6.0821945167419252e-14,23,2013018780.0624166,11034379257.917749,1,5.821670280156366e-07,5.823202463311581e-07
179,6189.3735182360106,-19815.433388111909,0,8260.85572398976,-2.3985264426014492,0,0.5,0.99176940604051456,0.099999999454989275,4.1546576026123603,0.56093075684284133,deficit,1.3491071149118739e-07,2,0,951389.96645706985,951236.38723409863,22,10,0,20.145613319367861,17.26914877143868,31,5,0,True,converged,fixed-mass asymptotic reference,1e-10,1.1637157907834223e-11,6.7119405567689584e-14,23,1960209621.7424581,10805270052.630718,1,5.7281062741500914e-07,5.7298206908191817e-07
180,5863.891982188441,-21162.053683866852,0,8207.7431100712965,-2.5780853942960946,0,0.5,0.99503252785862528,0.099999999983852714,4.1932540504172167,0.51002499901416776,deficit,2.5158821692627953e-09,2,0,919779.83281457284,919641.48362224014,20,9,0,19.112854929924932,15.789592779783508,31,5,0,True,converged,fixed-mass asymptotic reference,1e-10,1.1624543155756324e-11,1.0124018902370852e-13,23,1908443508.0238879,10578690031.052845,1,5.5431173093979356e-07,5.5446295811277094e-07
181,5437.6070421927379,-23279.553522823106,0,8160.6961222833243,-2.8523756338796344,0,0.5,0.99783031055969518,0.099999999986765495,4.2441661129259529,0.44359870451386041,deficit,1.1125588983418311e-07,2,0,889145.04835683899,889020.3799600252,20,9,0,20.178805152298338,16.110781773923215,32,5,0,True,converged,fixed-mass asymptotic reference,1e-10,1.2169001531336418e-11,9.8212477109977984e-14,23,1858077058.990937,10356723317.137869,1,5.2503160272658976e-07,5.2514514407570212e-07
182,5210.9862230004883,-24003.817100016789,0,8062.8265677682066,-2.9768015772010341,0,0.5,0.99854363772107357,0.099999999999258529,4.2644703165336608,0.41734428930635292,deficit,1.4199080045074197e-07,2,0,859460.71487799101,859349.11805888137,22,10,0,18.762306245781097,14.331632430767815,32,5,0,True,converged,fixed-mass asymptotic reference,1e-10,1.1864013718339507e-11,9.2359727677102743e-14,23,1808980424.2960596,10138771448.143183,1,5.1396623838037391e-07,5.1408188516133078e-07
183,5008.1573559843782,-24826.996008552891,0,7992.5553102327449,-3.1059411110482436,0,0.5,0.99905162757335786,0.09999999972445231,4.2839394277534524,0.39230018687626,deficit,1.3716054647616716e-07,2,0,845011.90859947784,844875.55920524045,22,10,0,18.148923844845552,13.325488752195753,32,5,0,True,converged,fixed-mass asymptotic reference,1e-10,1.1870587626194325e-11,1.058318225646583e-13,23,1761249964.19718,9925494772.4561481,1,5.0457508374114709e-07,5.0462441728538293e-07
184,5149.5724950312397,-23063.991556622834,0,7874.7562226844839,-2.9285577373210323,0,0.5,0.99829730710132569,0.099999996459657889,4.2567534107361524,0.42730652577229578,deficit,1.3510134655447814e-07,2,0,816691.81387901248,816569.71888288227,20,9,0,17.10960007815245,12.821374867741008,32,5,0,True,converged,fixed-mass asymptotic reference,1e-10,1.1410056942811535e-11,6.1642728351054227e-14,23,1714430748.980727,9714441745.7159405,1,5.3009453654937985e-07,5.3012472596798854e-07
185,5312.4765049248563,-21839.460795749015,0,7840.4759854980766,-2.7852110559469669,0,0.5,0.99732535540162193,0.10000000000016544,4.232453930308985,0.4588053719011646,deficit,1.7726763656966682e-07,2,0,789308.91707364609,789198.46594829601,20,9,0,17.717853888383161,13.839153575298552,33,5,0,True,converged,fixed-mass asymptotic reference,1e-10,1.1998916229089117e-11,7.1600341737103654e-14,23,1669327047.1993527,9510278530.1437225,1,5.5860367160503893e-07,5.5863385182604094e-07
186,5827.7970130917229,-18311.394071005008,0,7721.4136193726654,-2.3713116608171645,0,0.5,0.99113746112253232,0.099999999079868632,4.148285603890109,0.56937912250607958,deficit,1.344990168683502e-07,2,0,775950.78329496237,775817.45305798319,24,11,0,18.632815742316499,15.821256245952769,32,5,0,True,converged,fixed-mass asymptotic reference,1e-10,1.1166213966388369e-11,7.7129980820141145e-14,23,1625045419.6375387,9308046111.2586918,1,6.2610315241591036e-07,6.261022971919006e-07
187,5816.5276424767253,-18420.605589735736,0,7730.2655034743093,-2.3827240512543306,0,0.5,0.99140746455798434,0.099999999257302782,4.1509535395648456,0.56584031298436832,deficit,1.3982398883172209e-07,2,0,749877.63228620775,749755.9860994264,22,10,0,20.274965622265629,17.436278670052705,33,5,0,True,converged,fixed-mass asymptotic reference,1e-10,1.2033594165591479e-11,1.8104121584624453e-14,24,1582208803.9238682,9111407724.4059372,1,6.3837859290354196e-07,6.384140320594313e-07
188,7147.5413781687703,-12428.182035545753,0,7635.5170024062263,-1.6275876374305753,0,0.5,0.9481938238900709,0.099999999936485895,3.9227034086810662,0.87594833403446204,deficit,1.3887476102425467e-07,2,0,724574.77342959901,724465.30167924461,24,11,0,21.846551546684999,20.522030787926578,33,5,0,True,converged,fixed-mass asymptotic reference,1e-10,1.1697238621211014e-11,9.2640077006061483e-14,23,1540382188.4196205,8917978385.2396946,1,8.014755216270532e-07,8.0161467160419998e-07
189,9929.7190897604614,-4657.9657085096014,0,7564.1337696394557,-0.61578292859017536,0,0.5,0.73098110202857547,0.099999992922593747,3.3395461449443857,1.723060928830024,deficit,1.4187833319301291e-07,2,0,699972.69504813314,699873.90940994781,18,8,0,24.237597359406784,24.048003051835238,34,5,0,True,converged,fixed-mass asymptotic reference,1e-10,1.2009402543905461e-11,6.0791720192427073e-14,23,1499664141.0139124,8728425092.6783867,1,1.1376300975636199e-06,1.1377514462994484e-06
190,12930.601645558678,1012.5437908222603,1012.5437908222603,7473.2561007461945,0.13548963076432496,0.13548963076432496,0.44611238105615941,0.44611238105615941,0.099999999999891259,2.5429720292836748,2.9938262982428752,interior,1.3914843521867226e-07,2,0,687928.69658711459,687803.9489414111,22,10,0,22.337197164143383,22.328018444121057,33,5,0,True,converged,fixed-mass asymptotic reference,1e-10,1.1353399474167919e-11,6.5695154292011974e-14,23,1459531973.0804794,8539791985.3871546,1,1.5141588539492353e-06,1.5141370680678427e-06
191,18478.136069765736,8368.7611849708755,8368.7611849708755,7435.5816753999934,1.1255473093025743,1.1255473093025743,0.13017859077628974,0.13017859077628974,0.10000000000000638,1.8483165878322865,6.1773641198053753,interior,1.4428893835294332e-07,2,0,664297.45502532145,664148.27080937009,18,8,0,25.750892483030221,25.117464110291088,34,5,0,True,converged,fixed-mass asymptotic reference,1e-10,1.1899738161951818e-11,5.775153888320778e-14,23,1420893171.4667723,8357470885.1973639,1,2.2109722335370566e-06,2.211013893934105e-06
192,24401.267706673003,14863.059448357069,14863.059448357069,7370.2398161790115,2.0167787150739418,2.0167787150739418,0.021859305569242829,0.021859305569242829,0.099999996472638436,1.6746719159585766,10.965543193929047,interior,1.4582731289181083e-07,2,0,641558.93396371952,641394.70060726046,18,8,0,28.509368441441147,26.475670248653497,34,5,0,True,converged,fixed-mass asymptotic reference,1e-10,1.1804486860138222e-11,5.1757463305271141e-14,23,1383093541.3440049,8177731739.3646488,1,2.9838674689234557e-06,2.9838881541043413e-06
193,31983.535611258507,22655.188578266756,22655.188578266756,7275.6305635811777,3.1142012264411214,3.1142012264411214,0.00092221825720522818,0.00092221825720522818,0.10000000150607374,1.6437177461291839,19.335440227003843,interior,1.4678676141244296e-07,2,0,630409.61115418165,630169.280656424,18,8,0,29.776743949791037,24.927619310407344,34,5,0,True,converged,fixed-mass asymptotic reference,1e-10,1.1596175746791785e-11,3.0696482831189383e-14,23,1346421179.7035804,8002364359.9515676,1,3.9967607287819218e-06,3.9972079012992061e-06
194,37173.380258353369,27884.309747243689,27884.309747243689,7247.7693956720605,3.8478370087240372,3.8478370087240372,5.9582644367397913e-05,5.9582644367397913e-05,0.10000000110394519,1.6424609576782458,26.324388270178694,interior,1.5256536256558206e-07,2,0,608788.97255448566,608543.40083696193,18,8,0,31.726961693313704,24.324036870460532,35,5,0,True,converged,fixed-mass asymptotic reference,1e-10,1.2256580152984214e-11,4.3903511577404531e-14,23,1310405232.2668076,7828659898.7133245,1,4.7483708245472487e-06,4.7487241543953307e-06
195,41999.100678652008,32792.193840015745,32792.193840015745,7183.8398537010044,4.5654859623017723,4.5654859623017723,2.4916927270362498e-06,2.4916927270362498e-06,0.10000000118194058,1.6423780071685599,34.208013925420723,interior,1.5385990881355838e-07,2,0,587885.47831420996,587639.23308541672,20,9,0,32.953570159355245,22.531739123367974,35,5,0,True,converged,fixed-mass asymptotic reference,1e-10,1.2168612033313551e-11,4.891243014215793e-14,23,1275550915.4778144,7659712834.9238176,1,5.4831168718441555e-06,5.4837359440643547e-06
196,46952.153119362672,37790.127365995868,37790.127365995868,7148.8290414659077,5.2872276246016057,5.2872276246016057,6.2092036121200127e-08,6.2092036121200127e-08,0.10000000124036908,1.642374486371537,43.184828120811012,interior,1.5960194499342606e-07,2,0,567485.1669219688,567239.39877365227,18,8,0,38.89110621403627,24.913718236861101,36,5,0,True,converged,fixed-mass asymptotic reference,1e-10,1.2829404545930512e-11,4.5643833979864583e-14,23,1241375429.7668505,7492716395.3746176,1,6.2663726533606747e-06,6.2670266918391638e-06
197,49952.472605436065,40906.140072100643,40906.140072100643,7058.5515403283734,5.7965194972468055,5.7965194972468055,3.3852658381630741e-09,3.3852658381630741e-09,0.10000000135932939,1.6423744001506151,50.143049903117884,interior,1.564576708190657e-07,2,0,557623.55481210048,557311.04628405091,20,9,0,42.063606959618923,25.263787818637745,35,5,0,True,converged,fixed-mass asymptotic reference,1e-10,1.2125830590823833e-11,5.2755299003134417e-14,23,1208065974.9514306,7328868962.7357588,1,6.815850148150219e-06,6.8163138060923873e-06
198,53217.097558623827,44226.896210081868,44226.896210081868,7014.7539328132789,6.3063316442973862,6.3063316442973862,1.4286322869036022e-10,1.4286322869036022e-10,0.10000000139743487,1.6423743949439285,57.637572936393674,interior,1.6128902213807805e-07,2,0,538304.36834390752,538002.73968861834,18,8,0,46.229005280668133,26.344095876734848,36,5,0,True,converged,fixed-mass asymptotic reference,1e-10,1.2716880587992827e-11,5.481109204904142e-14,23,1175616972.566035,7168216531.0662632,1,7.4240359966787793e-06,7.4242407850356965e-06
199,55871.971143162045,46974.97215875308,46974.97215875308,6942.027243630343,6.7684909169252405,6.7684909169252405,6.5066278484482331e-12,6.5066278484482331e-12,0.10000000147661278,1.6423743935934851,64.884157033392853,interior,1.6149737636084183e-07,2,0,519612.60989856772,519325.0007984314,18,8,0,52.545933403664193,29.63969875741445,36,5,0,True,converged,fixed-mass asymptotic reference,1e-10,1.256177135832746e-11,4.9448040178993397e-14,23,1144149100.5703433,7011578132.2937059,1,7.9685300639849794e-06,7.9696659938660868e-06
200,57394.234352076557,48605.760701235486,48605.760701235486,6857.344222440458,7.0900656873145236,7.0900656873145236,6.7024179361718814e-13,6.7024179361718814e-13,0.100000001554694,1.6423743924448928,70.1789554265074,interior,1.6119336265774109e-07,2,0,510545.01706429088,510190.84728019469,18,8,0,57.297094977020777,32.162579251803393,36,5,0,True,converged,fixed-mass asymptotic reference,1e-10,1.2444675028887138e-11,3.8785473053143078e-14,23,1113266252.1278915,6856604786.8490877,1,8.3706493426831655e-06,8.3716704456741926e-06
201,58263.769965497631,49565.415819577698,49565.415819577698,6787.0230091106714,7.305046168162483,7.305046168162483,1.3858577804917641e-13,1.3858577804917641e-13,0.10000000159007784,1.6423743919273761,73.835887677227845,interior,1.6087346033089034e-07,2,0,492889.13440823695,492559.68086639227,18,8,0,59.012480532469887,32.330630772977202,36,5,0,True,converged,fixed-mass asymptotic reference,1e-10,1.2282495440287272e-11,4.9375513659657865e-14,23,1083217942.960722,6704894992.8218384,1,8.6897363833250137e-06,8.6907071261603199e-06
202,58853.499951844125,50226.755550914335,50226.755550914335,6731.146944532622,7.4640204783950406,7.4640204783950406,4.1960775040235665e-14,4.1960775040235665e-14,0.10000000158926778,1.6423743919390716,76.609132281188636,interior,1.6427135474117449e-07,3,0,475780.85741913348,475475.55810315761,18,8,0,61.748054948292079,33.892254097341812,37,5,0,True,converged,fixed-mass asymptotic reference,1e-10,1.2768801743713551e-11,6.299923758331353e-14,23,1053980583.6140084,6556379108.8170338,1,8.9765248432168607e-06,8.9777474394829759e-06
203,58483.320864399611,49947.911439610056,49947.911439610056,6659.8774747355474,7.502051240532932,7.502051240532932,3.1413400740539087e-14,3.1413400740539087e-14,0.1000000015973974,1.6423743918203257,77.278428840584183,interior,1.6344496422959764e-07,3,0,459284.01759035239,459005.05929677526,18,8,0,62.219588702885702,34.079202295094852,37,5,0,True,converged,fixed-mass asymptotic reference,1e-10,1.2578047138177349e-11,4.2595097790207455e-14,23,1025411404.1962514,6410239545.1212988,1,9.1234220582146669e-06,9.1252102819392611e-06
204,57120.9972716341,48689.297269465482,48689.297269465482,6578.9523238917964,7.4029644152136713,7.4029644152136713,6.6588723496462851e-14,6.6588723496462851e-14,0.10000000160114107,1.6423743917656992,75.539763369416733,interior,1.7497463833393567e-07,2,0,451354.39064255648,451025.81718983286,18,8,0,60.216239606405637,32.814298539945689,37,5,0,True,converged,fixed-mass asymptotic reference,1e-10,1.2452060288228176e-11,4.8672335047150038e-14,23,997434501.66744781,6266061195.1022396,1,9.1159335175790747e-06,9.1163664120030665e-06
205,55688.991116222292,47346.788906420908,47346.788906420908,6509.1162790019043,7.2760680652170135,7.2760680652170135,1.7184511439791391e-13,1.7184511439791391e-13,0.10000000157977364,1.6423743920779117,73.342729184838888,interior,1.6111700151810737e-07,2,0,435706.26913490158,435410.07928224443,18,8,0,59.290220914272879,32.819637669437455,37,5,0,True,converged,fixed-mass asymptotic reference,1e-10,1.2249194785515998e-11,6.3268626044156811e-14,23,970231138.20002031,6125043079.4629574,1,9.0920162346197077e-06,9.0918224158750812e-06
206,53793.941278965307,45514.973387256578,45514.973387256578,6459.7758124818729,7.0479280438580894,7.0479280438580894,9.0800749889476731e-13,9.0800749889476731e-13,0.10000000150384744,1.6423743931878221,69.482414017523894,interior,1.6872854402549819e-07,2,0,420573.86856679642,420308.76717170031,18,8,0,58.334164841458744,33.497519985758089,38,5,0,True,converged,fixed-mass asymptotic reference,1e-10,1.2725540202730221e-11,6.0592716089560162e-14,23,943885234.93391538,5987789037.8381777,1,8.9839406396967831e-06,8.9852091256438475e-06
207,49757.233108611013,41596.560356909431,41596.560356909431,6367.4678505224347,6.5344418154762254,6.5344418154762254,3.1923604804200318e-11,3.1923604804200318e-11,0.10000000146304186,1.6423743938277724,61.158933652707319,interior,1.5810476927669015e-07,2,0,413433.75230173953,413136.79378357215,18,8,0,50.408079744503425,29.058614824581309,37,5,0,True,converged,fixed-mass asymptotic reference,1e-10,1.1951933617724191e-11,4.4148316952679636e-14,23,917994947.53258419,5851816704.5911913,1,8.5028693857708692e-06,8.5037117567945663e-06
208,46204.874740087711,38087.337318094003,38087.337318094003,6333.8111776400092,6.0148375224926589,6.0148375224926589,9.0033606792990854e-10,9.0033606792990854e-10,0.10000000130997007,1.6423743973038896,53.290201535945869,interior,1.6092672883161185e-07,2,0,399120.03944898775,398861.83851894666,18,8,0,44.250130515684091,26.16099530469128,38,5,0,True,converged,fixed-mass asymptotic reference,1e-10,1.2510392939339317e-11,5.0587564180362045e-14,23,892844186.0217582,5718986717.1570749,1,8.0792065142365452e-06,8.0795077026131524e-06
209,41512.384447579083,33470.976707324531,33470.976707324531,6274.4067992726232,5.3357168282666327,5.3357168282666327,4.758391318767801e-08,4.758391318767801e-08,0.10000000117780686,1.6423744663903221,43.824897507913846,interior,1.5909013928450122e-07,2,0,385323.69019576971,385105.03993000463,18,8,0,44.182193532037971,29.947256496314104,38,5,0,True,converged,fixed-mass asymptotic reference,1e-10,1.2340108575286311e-11,5.6289337324724322e-14,23,868255684.26240158,5588226484.6103849,1,7.4285436644168792e-06,7.428976401391002e-06
210,35949.383924509901,27948.058809461705,27948.058809461705,6243.1223733990737,4.4774532443108557,4.4774532443108557,3.7769382192529986e-06,3.7769382192529986e-06,0.10000000096397604,1.6423798653207911,33.189400620594057,interior,1.6128014124205947e-07,2,0,372003.60039771302,371823.17197372101,18,8,0,45.807895340100494,35.784101562605592,39,5,0,True,converged,fixed-mass asymptotic reference,1e-10,1.293384211247918e-11,6.9701887263377877e-14,23,844240726.95231271,5459660928.8571558,1,6.5845451563665164e-06,6.583979308103836e-06
211,28772.75456585531,20873.205380406627,20873.205380406627,6162.7515272268784,3.3874825321658211,3.3874825321658211,0.00035268604355148908,0.00035268604355148908,0.10000000098974374,1.6428879212314556,21.810085993652848,interior,1.5482061854754647e-07,2,0,365674.70844473731,365492.99908453127,18,8,0,35.933828843935629,30.196309891071348,38,5,0,True,converged,fixed-mass asymptotic reference,1e-10,1.2192654551846927e-11,5.5563917666622787e-14,23,820966465.04970956,5334429140.7621117,1,5.3937832533931919e-06,5.3936593636531765e-06
212,21991.781398416275,14073.869108342938,14073.869108342938,6147.8088757599835,2.2894711249310027,2.2894711249310027,0.011025996874647347,0.011025996874647347,0.10000000530769854,1.6585683670652287,12.799623898492698,interior,1.5714720902337831e-07,2,0,353051.28321218822,352912.20091141848,20,9,0,39.575703690862305,36.954864674915889,39,5,0,True,converged,fixed-mass asymptotic reference,1e-10,1.2909965281276679e-11,7.7825644834573852e-14,23,798223607.41818655,5211233184.3047552,1.1200730784532995,4.7267894988434305e-06,4.7263968590155269e-06
213,13967.486169233007,5436.3057954864435,5436.3057954864435,6109.5729308129539,0.88983483245897843,0.88983483245897843,0.1867772900486514,0.1867772900486514,0.10000000080266068,1.9495983132085968,5.2250959913280131,interior,1.5500080641217551e-07,2,0,340719.43021186796,340625.24931420782,18,8,0,42.072873513041259,41.67697049851261,39,5,0,True,converged,fixed-mass asymptotic reference,1e-10,1.2914995536013431e-11,1.0211594767351529e-13,23,776040949.22981548,5090311030.3771772,1.1872173917589186,3.257648186978639e-06,3.2574944213996773e-06
214,8311.6681426339219,-3063.5379353875869,0,6081.2513838494478,-0.50375697029050626,0,0.5,0.6927839155821115,0.10000000001580053,3.2445851646373001,1.8668678264523049,deficit,1.5692633548169965e-07,2,0,328784.41096972924,328717.41701930744,18,8,0,44.779110075876531,44.652224533318396,40,5,0,True,converged,fixed-mass asymptotic reference,1e-10,1.3548148854242964e-11,1.1638630637752408e-13,23,754563012.91558099,4972666854.3113413,1.2348236245618647,2.0639718048161851e-06,2.0640059546209428e-06
215,5328.3999991388273,-10955.844169739861,0,6028.9885738762396,-1.8170533895379819,0,0.5,0.9653955306216796,0.09999999982827934,3.9919871091002221,0.78031160505505026,deficit,1.5327532132403121e-07,2,0,322946.87414793641,322867.77925295947,24,11,0,46.166910569121839,44.516069058906105,39,5,0,True,converged,fixed-mass asymptotic reference,1e-10,1.3024177757903903e-11,2.1743109105464117e-14,24,733524743.20518768,4856610851.2797966,1.2733310939424936,1.3970271878132285e-06,1.3971140652193678e-06
216,3318.2930928329829,-21951.455861437666,0,5998.7236389742875,-3.6587842410251996,0,0.5,0.99987329271396264,0.10000000017955493,4.3522653512945624,0.3054551189832676,deficit,1.563894214129391e-07,2,0,311565.58130549081,311492.50741055218,24,11,0,68.905524813184797,62.212173751997625,40,5,0,True,converged,fixed-mass asymptotic reference,1e-10,1.3614760385567723e-11,2.4735941736638073e-14,24,712987470.44915223,4742591592.0661068,1.3062188477028434,9.1393426904219628e-07,9.1391771126775635e-07
217,2293.7239867108433,-33675.317780689496,0,5968.8763447503779,-5.6404691618599827,0,0.5,0.99999999152062791,0.099999998513355143,4.4804282270472413,0.14727820957746113,deficit,1.6006051151151723e-07,3,0,300567.72683377285,300500.20759298507,24,11,0,101.97239813736627,86.064951954419541,41,5,0,True,converged,fixed-mass asymptotic reference,1e-10,1.4264380459150658e-11,1.1261388450966755e-13,23,693013568.8016181,4631072177.355444,1.3351689152961974,6.6129588355377777e-07,6.6131776719428945e-07
218,1762.1879885148617,-43933.748956607538,0,5902.3869475471884,-7.4409986896398648,0,0.5,0.99999999999995004,0.10000000000005638,4.5292075807676326,0.088844226401566029,deficit,1.7591020728957574e-07,3,0,295217.83574905479,295138.71017181128,24,11,0,120.48430072286591,92.800069973254821,40,5,0,True,converged,fixed-mass asymptotic reference,1e-10,1.3545902294837538e-11,1.6264010400891797e-14,24,673727404.95544994,4522939566.0840635,1.361150597663751,5.3031954080243981e-07,5.3041423939491124e-07
219,1404.5799617443531,-55453.185177402454,0,5880.4444195411352,-9.4262921537517155,0,0.5,1,0.10000001633209281,4.5563302586155032,0.056810365175024941,deficit,1.6073398434457431e-07,3,0,284772.0295072986,284698.67970214889,26,12,0,148.02626325683835,103.59877137289777,41,5,0,True,converged,fixed-mass asymptotic reference,1e-10,1.4293248523178928e-11,1.1327509459979861e-13,23,654649099.12933052,4415020936.2294083,1.3847847495500858,4.4055077849944697e-07,4.4059811134644917e-07
220,1158.6923343181516,-66826.23133279277,0,5841.1518948212861,-11.434966762702292,0,0.5,1,0.099999994347268431,4.5714150222274839,0.039142147253379569,deficit,1.613827826929537e-07,3,0,274681.09069368133,274613.29202341341,26,12,0,181.96742012606563,116.58818769401257,41,5,0,True,converged,fixed-mass asymptotic reference,1e-10,1.4330597243095253e-11,1.2383773694155488e-13,23,636172633.44706976,4310004679.4375582,1.4064984490575076,3.7812000040936705e-07,3.7812495480364307e-07
221,1003.3380882724769,-77078.115819750848,0,5825.3881859228304,-13.223961223082608,0,0.5,1,0.10000000009227487,4.5797028598898919,0.029480360120693994,deficit,1.6634274224713863e-07,3,0,264934.74263618124,264871.81699301291,24,11,0,202.98090157375873,115.54432635896249,42,6,0,True,converged,fixed-mass asymptotic reference,1e-10,1.5234061646094728e-11,2.5619320954843025e-14,24,618130678.81008613,4206807606.226068,1.4266010402773408,3.402492565528737e-07,3.4022857318865015e-07
222,885.20689065528313,-85458.409639274134,0,5753.7622107169163,-14.843031327326699,0,0.5,1,0.099999998235859783,4.5848371581538458,0.023511574044159836,deficit,1.6228872468104782e-07,3,0,260194.9137732377,260121.47056075293,26,12,0,212.0463302150726,101.88854072307171,41,5,0,True,converged,fixed-mass asymptotic reference,1e-10,1.4445306099463084e-11,1.8432649928779627e-14,24,600793120.49943292,4107314926.3565269,1.4453255359465016,3.1149598864453538e-07,3.1154923932778195e-07
223,800.34508088814664,-93838.460834210404,0,5727.619837416818,-16.371900186459598,0,0.5,1,0.10000000007722842,4.5883972429184041,0.019380281970730787,deficit,1.6662894353203228e-07,3,0,250940.86005838143,250872.69233152166,28,13,0,227.76203632246035,93.742478464762428,42,6,0,True,converged,fixed-mass asymptotic reference,1e-10,1.5265457697577661e-11,2.4006780387541932e-14,24,583785353.66164505,4009019197.945756,1.462852931500042,2.9203829914029384e-07,2.9213283251324237e-07
224,729.25992684677612,-100981.01721891413,0,5667.5848922820142,-17.803416429017794,0,0.5,1,0.10000000225146932,4.5909491926563533,0.016422655481284413,deficit,1.6598543339796379e-07,3,0,241999.37868591302,241936.47806224765,28,13,0,252.64600567505067,94.165187402540298,42,6,0,True,converged,fixed-mass asymptotic reference,1e-10,1.5145323890050887e-11,8.9097366274852255e-14,23,567365694.86691868,3913732776.6010079,1.4793273449050945,2.7564839321116135e-07,2.7579402695059411e-07
225,687.78319937285823,-105791.15426069737,0,5631.4018321508784,-18.770546044111903,0,0.5,1,0.10000000945886567,4.5923595352693383,0.014789340713677837,deficit,1.6980629169438544e-07,3,0,233365.8639428567,233307.57528694498,28,13,0,259.82709750176895,83.660398104706459,43,6,0,True,converged,fixed-mass asymptotic reference,1e-10,1.5926598072687263e-11,9.4387626962315692e-14,23,551362028.5315671,3820317427.6608949,1.4948658954779788,2.6912518859845868e-07,2.6936303511372129e-07
226,664.38580152733402,-106485.83437730432,0,5551.9465222372182,-19.16347321398079,0,0.5,1,0.10000001467954779,4.5928647763895469,0.014204397944474116,deficit,1.6508420941363511e-07,3,0,229169.81517542401,229102.10938445633,28,13,0,239.85904795086714,56.239695139387514,42,6,0,True,converged,fixed-mass asymptotic reference,1e-10,1.5047602118648536e-11,9.7436490022804202e-14,23,535852647.36761266,3729356473.8526039,1.5095654015240774,2.6892945908531698e-07,2.6926317912832148e-07
227,661.83460709561507,-105889.04825031782,0,5525.7980707718052,-19.146344346696154,0,0.5,1,0.10000001442545199,4.5928411634262147,0.014231733290693658,deficit,1.6937492475221916e-07,3,0,220980.03958524764,220917.0788743968,28,13,0,235.89757903259289,52.606328111461025,43,6,0,True,converged,fixed-mass asymptotic reference,1e-10,1.5927106266352138e-11,1.1309765755764083e-13,23,520698818.7540735,3639925774.4580131,1.5235070686802987,2.7701380871085362e-07,2.7745861231564317e-07
228,675.9864511214646,-101225.88509069482,0,5461.4263947858362,-18.519201756192139,0,0.5,1,0.10000000684232595,4.5919966515832016,0.015209520141311834,deficit,1.6814538561504833e-07,3,0,213066.96344360054,213008.81562375207,28,13,0,230.84876875459949,59.368351911324503,43,6,0,True,converged,fixed-mass asymptotic reference,1e-10,1.5739709729927985e-11,9.1600875421690339e-14,23,506127163.86900336,3553649342.924192,1.5367598618955463,2.9232733593626352e-07,2.9295612634980478e-07
229,721.38828303359298,-92969.77250180424,0,5410.0540735816194,-17.171253482798836,0,0.5,1,0.10000000063417457,4.5898733650559507,0.017669133237044131,deficit,1.915443501587788e-07,3,0,205423.68542195493,205369.85221341622,28,13,0,238.55432141880505,91.128348333539464,44,6,0,True,converged,fixed-mass asymptotic reference,1e-10,1.6389625145629009e-11,9.6019802462097845e-14,23,491927956.03735375,3469101959.7518315,1.549382987764826,3.2218906975714355e-07,3.2311999997406618e-07
230,793.7418145580051,-81772.178278671025,0,5327.4686010853366,-15.338200813892318,0,0.5,1,0.10000003421292801,4.5860662507154188,0.022083756831297062,deficit,1.6585858020334854e-07,3,0,201709.78953066972,201647.5195996007,26,12,0,241.57654352563509,123.9463414219916,43,6,0,True,converged,fixed-mass asymptotic reference,1e-10,1.5417564826131275e-11,8.2118479709649498e-14,23,478261172.71037728,3387451129.4018011,1.5614277592656258,3.6587110945556326e-07,3.6724421378506982e-07
231,934.81863508709534,-67882.631304575392,0,5278.4530873595668,-12.852596209377618,0,0.5,1,0.10000001214325947,4.5781907477916661,0.031240390048867785,deficit,1.6862470442191579e-07,3,0,194456.28437481457,194398.52405700786,26,12,0,251.91826493686571,169.32365027621177,44,6,0,True,converged,fixed-mass asymptotic reference,1e-10,1.6020562678033135e-11,1.0164439991732481e-13,23,464958569.78587657,3307549211.4403853,1.5729390216185291,4.4456260973493517e-07,4.466695990952336e-07
232,1215.6548756614109,-50869.739460331664,0,5235.9840879785515,-9.7109929033087603,0,0.5,1,0.10000002672919761,4.5589184341571354,0.053771013994635242,deficit,1.7193134738135996e-07,3,0,187363.49741171938,187309.84924633341,26,12,0,280.6468010662266,233.49510948217005,45,6,0,True,converged,fixed-mass asymptotic reference,1e-10,1.6728432835591249e-11,1.0416711226990184e-13,23,452124629.57089335,3230176318.0134115,1.5839562598000563,5.9611115941948907e-07,5.9962564062841522e-07
233,1821.7132656738729,-31794.135446890752,0,5144.2125370387039,-6.1787201629404365,0,0.5,0.99999999967688336,0.10000001274619094,4.4986916413256495,0.12527885967579652,deficit,1.6654821499706429e-07,2,0,183730.17798311787,183668.54308268739,22,10,0,284.01171813629054,264.92342671032719,44,6,0,True,converged,fixed-mass asymptotic reference,1e-10,1.5565949576990145e-11,9.1259991687943396e-14,23,439586207.3989951,3154133393.2148952,1.5945144708897403,9.2093383563847646e-07,9.2745741672361349e-07
234,4112.0099566618783,-10930.807788584509,0,5109.5602555602045,-2.1390646357156013,0,0.5,0.98378478299781891,0.099999999999867459,4.0893904237232164,0.64804084926804539,deficit,1.8418936176267664e-07,2,0,176759.71312071284,176702.29604255414,24,11,0,315.52436922957457,313.23657047169002,45,6,0,True,converged,fixed-mass asymptotic reference,1e-10,1.6275214709013711e-11,8.2766976459554491e-14,23,427478243.73254615,3080420123.1989098,1.6046448598496124,2.1420180938682438e-06,2.1598042802965152e-06
235,17445.012559645631,10902.606466837178,10902.606466837178,5069.3739235896346,2.150905838469884,2.150905838469884,0.015741816310651115,0.015741816310651115,0.099999994973661827,1.6653743361863462,11.867419096710158,interior,1.7896532122918529e-07,3,0,169965.78600725802,169874.04303384142,18,8,0,338.19473552532259,335.88153756234067,45,6,0,True,converged,fixed-mass asymptotic reference,1e-10,1.6185814324606273e-11,2.2561842015002888e-14,24,415624033.31142801,3007797491.2026758,1.6143754007809903,9.3632630604217818e-06,9.452552789972856e-06
236,39259.590986525924,32797.049151009545,32797.049151009545,5042.4355462192398,6.5062541004929813,6.5062541004929813,3.8523928995072129e-11,3.8523928995072129e-11,0.10000000049529338,1.6423744079685321,60.819311824630255,interior,1.9593900901782035e-07,3,0,163386.7060429031,163228.72538601406,18,8,0,357.0013553363051,335.83568412621423,46,6,0,True,converged,fixed-mass asymptotic reference,1e-10,1.6986686336429804e-11,2.6107158066600449e-14,24,404140750.79495996,2937140520.8544326,1.6237312943290327,2.1703771418071534e-05,2.1937459956900299e-05
237,59516.598968860882,53105.219132906721,53105.219132906721,5002.5125216708193,10.621225405909701,10.621225405909701,1.1871183993003353e-26,1.1871183993003353e-26,0.10000000117979922,1.642374397919184,142.10270275490655,interior,1.7102270710722678e-08,3,0,160148.89100996932,159887.10741623541,18,8,0,363.78033481552245,307.37512025395159,45,6,0,True,converged,fixed-mass asymptotic reference,1e-10,1.6364529548633719e-11,3.4166899897129847e-14,24,392859031.66429263,2867247388.1448917,1.6327353439454391,3.3891339508990865e-05,3.4292352558207159e-05
238,80394.666087171179,74000.611105589749,74000.611105589749,4988.9976958170037,14.843427943791246,14.843427943791246,3.83662867556517e-50,3.83662867556517e-50,0.10000000181817049,1.6423743885959539,260.98114834022488,interior,1.8478358398965611e-08,3,0,153913.98024999423,153592.67348196192,18,8,0,389.27490788219689,279.11123132093547,46,6,0,True,converged,fixed-mass asymptotic reference,1e-10,1.7335530128207641e-11,3.3046379144754446e-14,24,381966570.88250339,2799512369.888886,1.6414082680558688,4.7136948220847162e-05,4.7747171995238048e-05
239,98429.037980562905,92095.40720639663,92095.40720639663,4941.8485194376126,18.652817164008226,18.652817164008226,5.9897738575865666e-78,5.9897738575865666e-78,0.10000000245872137,1.6423743792408914,399.03006319610893,interior,1.8799525491886016e-08,3,0,148023.23907670801,147660.32812927189,18,8,0,398.07500320869985,224.11120913173991,46,6,0,True,converged,fixed-mass asymptotic reference,1e-10,1.7037616544437503e-11,4.8256969300590832e-14,24,371315212.29745632,2732880998.0152826,1.649768961087394,5.9419042339551158e-05,6.0257735413869324e-05
240,114265.80579251224,107955.16596068886,107955.16596068886,4923.9126007480609,21.947974754496432,21.947974754496432,4.5273119678646194e-107,4.5273119678646194e-107,0.10000000294795026,1.6423743720958441,542.09456806118214,interior,2.0200205952392025e-08,3,0,142383.83097482484,141992.26105970048,18,8,0,406.07199458894138,165.21519667693505,47,6,0,True,converged,fixed-mass asymptotic reference,1e-10,1.7919776120669545e-11,4.6009235105641403e-14,24,361024936.39325166,2668262298.2393074,1.6578347133148656,7.0995201451042649e-05,7.2081145085182586e-05
241,125108.59268053516,118875.13962196586,118875.13962196586,4863.6804951896493,24.471001710262232,24.471001710262232,1.5040772224581272e-132,1.5040772224581272e-132,0.10000000340134217,1.6423743654741827,666.07690139777742,interior,1.9746860147051848e-08,3,0,139721.92489513318,139226.91438798068,18,8,0,405.36677283285326,105.95181048102475,46,6,0,True,converged,fixed-mass asymptotic reference,1e-10,1.6833909679471319e-11,3.4982573971753109e-14,24,350938608.32801229,2604523438.3679771,1.6656213972624627,8.000832163010548e-05,8.1316531452297648e-05
242,134791.2671638336,128547.42071926731,128547.42071926731,4871.7959646988829,26.419876244238193,26.419876244238193,4.0498961681411624e-154,4.0498961681411624e-154,0.10000000360185886,1.642374362545695,771.08432387155619,interior,2.1862533117200655e-08,3,0,134449.11673829405,133949.25288720863,18,8,0,411.43517415487293,62.430243774442175,47,6,0,True,converged,fixed-mass asymptotic reference,1e-10,1.8086980353427445e-11,5.373239548197455e-14,24,341090790.73298347,2541940834.2468138,1.6731436267286663,8.8721636064622664e-05,9.0247644187383251e-05
243,140614.09083378885,134399.21141567588,134399.21141567588,4849.1969562688428,27.752760124512591,27.752760124512591,8.0691694766632496e-170,8.0691694766632496e-170,0.10000000375981842,1.6423743602387404,847.52175853535687,interior,2.3396339088321838e-08,3,0,129420.65464524754,128930.97441485227,18,8,0,416.13547476889437,31.027627504526322,48,6,0,True,converged,fixed-mass asymptotic reference,1e-10,1.8865249384318603e-11,6.2148013761617831e-14,24,331453154.50391525,2480324528.7946939,1.6804148932374969,9.5265764496944039e-05,9.6977277390225823e-05
244,141800.91643406477,135622.9142094157,135622.9142094157,4820.4235511421639,28.173149369211256,28.173149369211256,6.2379695712632485e-175,6.2379695712632485e-175,0.10000000377473839,1.6423743600208383,872.54808495487259,interior,2.4401501264037506e-08,3,0,124695.36732841123,124230.67578989756,18,8,0,417.29622243578075,20.433049745836477,48,6,0,True,converged,fixed-mass asymptotic reference,1e-10,1.8794238884904072e-11,6.2227065794438374e-14,24,322059969.72195864,2419951444.2382779,1.6874476837491814,9.8878689719120329e-05,0.00010070592854152101
245,138793.86384985963,132654.3694700225,132654.3694700225,4790.3755613372459,27.728999715602754,27.728999715602754,1.561199475449269e-169,1.561199475449269e-169,0.10000000364466062,1.6423743619205879,846.5810080579223,interior,2.5192530728190832e-08,3,0,122447.1997032652,121919.60560890104,18,8,0,418.95301299816083,34.504300384212002,48,6,0,True,converged,fixed-mass asymptotic reference,1e-10,1.8806759337909524e-11,2.5110257298568729e-14,24,312858956.91321498,2360449727.468544,1.6942535827134084,9.9621694268595861e-05,0.00010150188313784557
246,132406.09814032822,126287.72271799922,126287.72271799922,4773.8989607197145,26.487506376163232,26.487506376163232,6.7507958967786707e-155,6.7507958967786707e-155,0.10000000334634261,1.642374366277437,775.86252281455108,interior,2.6644940476217016e-08,3,0,118062.90204781217,117587.03709962181,18,8,0,419.56030180026994,68.766304786626037,48,6,0,True,converged,fixed-mass asymptotic reference,1e-10,1.9019931096887479e-11,2.3732891120391238e-14,24,303898446.31887466,2302203261.3031578,1.7008433609631814,9.7820221506219883e-05,9.9688820160373886e-05
247,123030.46055556313,116898.29648063898,116898.29648063898,4784.6648371986521,24.459919180298062,24.459919180298062,1.973424291989902e-132,1.973424291989902e-132,0.10000000285286161,1.6423743734845857,667.02205566766861,interior,2.9596353812166853e-08,3,0,113848.18275709073,113429.17224289777,18,8,0,420.0444338564688,120.90061070311231,49,6,0,True,converged,fixed-mass asymptotic reference,1e-10,2.0546075560863428e-11,2.3661540683164958e-14,24,295143509.1634922,2244968583.5973024,1.7072270534869669,9.3560743877694826e-05,9.5358731653249682e-05
248,109330.15556482032,103205.56030273187,103205.56030273187,4778.7624087591548,21.618387006912805,21.618387006912805,6.0309839251987952e-104,6.0309839251987952e-104,0.10000000225830012,1.6423743821679864,527.82042773295393,interior,3.1610563056005958e-08,3,0,109940.4083417253,109586.36830475242,18,8,0,419.76324160585079,186.08591321552257,49,6,0,True,converged,fixed-mass asymptotic reference,1e-10,2.1069271065650721e-11,3.4311656782239023e-14,24,286660134.38423675,2189268654.1674075,1.7134140277520253,8.5566393071258878e-05,8.721343551550229e-05
249,92892.079559493155,86807.164456619066,86807.164456619066,4747.7984972217037,18.299374738644108,18.299374738644108,4.1851994046377697e-75,4.1851994046377697e-75,0.10000000163186996,1.6423743913168209,385.87257641626684,interior,3.2537245786556923e-08,3,0,108132.44958378654,107780.74331996928,18,8,0,419.2074800022732,251.77392208961015,49,6,0,True,converged,fixed-mass asymptotic reference,1e-10,2.1136240722303444e-11,2.2238266074973825e-14,24,278346622.16863787,2134348731.9448156,1.7194130439605608,7.4833063071974286e-05,7.6266674905849772e-05
250,74512.292370564261,68441.828740758603,68441.828740758603,4736.5245732158482,14.45954313468369,14.45954313468369,1.091208038135206e-47,1.091208038135206e-47,0.1000000008753726,1.6423744023652489,249.28136772481392,interior,3.4486470568140248e-08,3,0,104459.29442319952,104187.51524084098,18,8,0,412.65941489107831,308.12022105918919,49,6,0,True,converged,fixed-mass asymptotic reference,1e-10,2.1648479760594275e-11,1.6264825643547256e-14,24,270240131.58907807,2080510588.0003092,1.7252323083862526,6.1788204737365582e-05,6.2949655103897761e-05
