scenario,background_toy_index,mass_GeV,mass_MeV,upper_factor,attempt,optimizer_seed,optimizer_seed_namespace,seed_includes_upper_factor,optimizer_restarts,background_only,fit_ok,error,gp_lml,ell_opt,ell_lo,ell_hi,ell_init,sigma_x,ell_over_sigma_x,ell_lo_over_sigma_x,ell_hi_over_sigma_x,ell_over_ell_hi,ell_over_ell_lo,ell_mass_delta_GeV,kernel_constant_opt,kernel_constant_lo,kernel_constant_hi,kernel_constant_init,n_blind,blind_lo,blind_hi,sigma_mass_GeV,support_lo_GeV,support_hi_GeV,ell_at_lower_exact,ell_at_upper_exact,ell_near_lower,ell_near_upper,constant_at_lower_exact,constant_at_upper_exact,optimizer_warning_count,optimizer_warnings,n_train,n_train_low,n_train_high,train_domain_lo,train_domain_hi,bin_width_median,training_counts_sha256,covariance_valid,covariance_min_eigenvalue,covariance_min_eigenvalue_relative,evaluated_attempt_count,maximum_lml_candidate_attempt,matches_maximum_lml_branch,selected_maximum_lml_reproduced_branch,maximum_lml_branch_replicates
2021_1pct_x100,6,0.05,50,15,0,1560774028,v4p8_rigid_length_scan_common_v1,False,12,True,True,,2073.869991914956,0.4449453757158464,0.04301982086534748,0.586633920891102,0.1588612167593829,0.0391089280594068,11.377079296061773,1.1,15.0,0.7584719530707849,10.342799360056157,0.028020247875042672,482.60989529627415,1e-08,1e+18,1.0,14,0.045513078125,0.054486921875000004,0.0019941875000000003,0.04,0.3,False,False,False,False,False,False,2,"ConvergenceWarning: lbfgs failed to converge (status=2):
ABNORMAL_TERMINATION_IN_LNSRCH.

Increase the number of iterations (max_iter) or scale the data as shown in:
    https://scikit-learn.org/stable/modules/preprocessing.html | ConvergenceWarning: lbfgs failed to converge (status=2):
ABNORMAL_TERMINATION_IN_LNSRCH.

Increase the number of iterations (max_iter) or scale the data as shown in:
    https://scikit-learn.org/stable/modules/preprocessing.html",402,9,393,0.04,0.3,0.0006250000000000006,51aaf95ad74b1be2e52ef6096fadd6a083db7a6d5e154c8010c98684e64ffbf9,True,-8.714634108922734,-3.1457886477390295e-06,3,1,True,False,2
2021_1pct_x100,6,0.05,50,20,0,1560774028,v4p8_rigid_length_scan_common_v1,False,12,True,True,,2073.870054815835,0.4450195334522686,0.04301982086534748,0.782178561188136,0.1834371325196424,0.0391089280594068,11.37897548038852,1.1,20.0,0.568948774019426,10.344523163989564,0.02802603389455658,484.1176236812256,1e-08,1e+18,1.0,14,0.045513078125,0.054486921875000004,0.0019941875000000003,0.04,0.3,False,False,False,False,False,False,1,"ConvergenceWarning: lbfgs failed to converge (status=2):
ABNORMAL_TERMINATION_IN_LNSRCH.

Increase the number of iterations (max_iter) or scale the data as shown in:
    https://scikit-learn.org/stable/modules/preprocessing.html",402,9,393,0.04,0.3,0.0006250000000000006,51aaf95ad74b1be2e52ef6096fadd6a083db7a6d5e154c8010c98684e64ffbf9,True,-6.730742531754055,-2.4297740125586976e-06,3,0,True,True,3
2021_1pct_x100,6,0.05,50,25,0,1560774028,v4p8_rigid_length_scan_common_v1,False,12,True,True,,2073.8700674501506,0.4449539082043155,0.04301982086534748,0.97772320148517,0.20508894895577884,0.0391089280594068,11.377297468455968,1.1,25.0,0.4550918987382387,10.342997698596333,0.028020913584748088,482.78305904761265,1e-08,1e+18,1.0,14,0.045513078125,0.054486921875000004,0.0019941875000000003,0.04,0.3,False,False,False,False,False,False,0,,402,9,393,0.04,0.3,0.0006250000000000006,51aaf95ad74b1be2e52ef6096fadd6a083db7a6d5e154c8010c98684e64ffbf9,True,-8.664682263338007,-3.127772939066576e-06,3,0,True,True,2
2021_1pct_x100,6,0.05,50,15,1,3676719379,v4p8_rigid_length_scan_common_v1,False,12,True,True,,2073.87007827188,0.444885353531174,0.04301982086534748,0.586633920891102,0.1588612167593829,0.0391089280594068,11.375544552266666,1.1,15.0,0.7583696368177777,10.341404138424242,0.02801556506985402,482.0796566166561,1e-08,1e+18,1.0,14,0.045513078125,0.054486921875000004,0.0019941875000000003,0.04,0.3,False,False,False,False,False,False,2,"ConvergenceWarning: lbfgs failed to converge (status=2):
ABNORMAL_TERMINATION_IN_LNSRCH.

Increase the number of iterations (max_iter) or scale the data as shown in:
    https://scikit-learn.org/stable/modules/preprocessing.html | ConvergenceWarning: lbfgs failed to converge (status=2):
ABNORMAL_TERMINATION_IN_LNSRCH.

Increase the number of iterations (max_iter) or scale the data as shown in:
    https://scikit-learn.org/stable/modules/preprocessing.html",402,9,393,0.04,0.3,0.0006250000000000006,51aaf95ad74b1be2e52ef6096fadd6a083db7a6d5e154c8010c98684e64ffbf9,True,-8.541071583205703,-3.0824738176007563e-06,3,1,True,True,2
2021_1pct_x100,6,0.05,50,20,1,3676719379,v4p8_rigid_length_scan_common_v1,False,12,True,True,,2073.870038922389,0.44496217896859247,0.04301982086534748,0.782178561188136,0.1834371325196424,0.0391089280594068,11.377508948664895,1.1,20.0,0.5688754474332447,10.343189953331722,0.028021558880001563,482.85743458207844,1e-08,1e+18,1.0,14,0.045513078125,0.054486921875000004,0.0019941875000000003,0.04,0.3,False,False,False,False,False,False,2,"ConvergenceWarning: lbfgs failed to converge (status=2):
ABNORMAL_TERMINATION_IN_LNSRCH.

Increase the number of iterations (max_iter) or scale the data as shown in:
    https://scikit-learn.org/stable/modules/preprocessing.html | ConvergenceWarning: lbfgs failed to converge (status=2):
ABNORMAL_TERMINATION_IN_LNSRCH.

Increase the number of iterations (max_iter) or scale the data as shown in:
    https://scikit-learn.org/stable/modules/preprocessing.html",402,9,393,0.04,0.3,0.0006250000000000006,51aaf95ad74b1be2e52ef6096fadd6a083db7a6d5e154c8010c98684e64ffbf9,True,-7.433136356895632,-2.6832890808843752e-06,3,0,True,False,3
2021_1pct_x100,6,0.05,50,25,1,3676719379,v4p8_rigid_length_scan_common_v1,False,12,True,True,,2073.7677187989407,0.3996005792988831,0.04301982086534748,0.97772320148517,0.20508894895577884,0.0391089280594068,10.217630580206299,1.1,25.0,0.4087052232082519,9.288755072914817,0.0245614475479647,209.06939827376152,1e-08,1e+18,1.0,14,0.045513078125,0.054486921875000004,0.0019941875000000003,0.04,0.3,False,False,False,False,False,False,1,"ConvergenceWarning: lbfgs failed to converge (status=2):
ABNORMAL_TERMINATION_IN_LNSRCH.

Increase the number of iterations (max_iter) or scale the data as shown in:
    https://scikit-learn.org/stable/modules/preprocessing.html",402,9,393,0.04,0.3,0.0006250000000000006,51aaf95ad74b1be2e52ef6096fadd6a083db7a6d5e154c8010c98684e64ffbf9,True,-3.6044634143560845,-1.0974443721812327e-06,3,0,False,False,2
2021_1pct_x100,6,0.05,50,15,2,666342238,v4p8_rigid_length_scan_common_v1,False,12,True,True,,2073.767600919043,0.39959256639296337,0.04301982086534748,0.586633920891102,0.1588612167593829,0.0391089280594068,10.21742569333475,1.1,15.0,0.6811617128889833,9.288568812122499,0.024560850096493926,209.11242844260644,1e-08,1e+18,1.0,14,0.045513078125,0.054486921875000004,0.0019941875000000003,0.04,0.3,False,False,False,False,False,False,0,,402,9,393,0.04,0.3,0.0006250000000000006,51aaf95ad74b1be2e52ef6096fadd6a083db7a6d5e154c8010c98684e64ffbf9,True,-3.1097671127444517,-9.467590315354713e-07,3,1,False,False,2
2021_1pct_x100,6,0.05,50,20,2,666342238,v4p8_rigid_length_scan_common_v1,False,12,True,True,,2073.8699819387016,0.4449824683233504,0.04301982086534748,0.782178561188136,0.1834371325196424,0.0391089280594068,11.378027739533495,1.1,20.0,0.5689013869766747,10.343661581394086,0.028023141903147655,483.25764819314315,1e-08,1e+18,1.0,14,0.045513078125,0.054486921875000004,0.0019941875000000003,0.04,0.3,False,False,False,False,False,False,0,,402,9,393,0.04,0.3,0.0006250000000000006,51aaf95ad74b1be2e52ef6096fadd6a083db7a6d5e154c8010c98684e64ffbf9,True,-9.203612077845756,-3.3224704976842594e-06,3,0,True,False,3
2021_1pct_x100,6,0.05,50,25,2,666342238,v4p8_rigid_length_scan_common_v1,False,12,True,True,,2073.8700282922605,0.44494473705310006,0.04301982086534748,0.97772320148517,0.20508894895577884,0.0391089280594068,11.377062965705047,1.1,25.0,0.45508251862820187,10.342784514277316,0.028020198046432798,482.7314797370325,1e-08,1e+18,1.0,14,0.045513078125,0.054486921875000004,0.0019941875000000003,0.04,0.3,False,False,False,False,False,False,1,"ConvergenceWarning: lbfgs failed to converge (status=2):
ABNORMAL_TERMINATION_IN_LNSRCH.

Increase the number of iterations (max_iter) or scale the data as shown in:
    https://scikit-learn.org/stable/modules/preprocessing.html",402,9,393,0.04,0.3,0.0006250000000000006,51aaf95ad74b1be2e52ef6096fadd6a083db7a6d5e154c8010c98684e64ffbf9,True,-6.924918521794851,-2.4996561313507913e-06,3,0,True,False,2
2021_1pct_x100,6,0.07,70,15,0,3052120938,v4p8_rigid_length_scan_common_v1,False,12,True,True,,2048.495618527968,0.3854835101582461,0.0336246112080568,0.4585174255644109,0.1241671058160028,0.030567828370960726,12.610758784698405,1.1,15.0,0.840717252313227,11.464326167907641,0.03292275466946874,168.65768600992635,1e-08,1e+18,1.0,16,0.065111228125,0.07488877187500001,0.0021727875000000004,0.04,0.3,False,False,False,False,False,False,2,"ConvergenceWarning: lbfgs failed to converge (status=2):
ABNORMAL_TERMINATION_IN_LNSRCH.

Increase the number of iterations (max_iter) or scale the data as shown in:
    https://scikit-learn.org/stable/modules/preprocessing.html | ConvergenceWarning: lbfgs failed to converge (status=2):
ABNORMAL_TERMINATION_IN_LNSRCH.

Increase the number of iterations (max_iter) or scale the data as shown in:
    https://scikit-learn.org/stable/modules/preprocessing.html",400,40,360,0.04,0.3,0.0006250000000000006,be765d69c5015ce3212b590afea3ddaebe69f22fc6b956c602e5e7eddb8fe29c,True,-53.29482207215411,-1.8346145247905022e-05,3,2,True,False,3
2021_1pct_x100,6,0.07,70,20,0,3052120938,v4p8_rigid_length_scan_common_v1,False,12,True,True,,2048.4956186976915,0.3854799320177735,0.0336246112080568,0.6113565674192145,0.14337582393473194,0.030567828370960726,12.610641728935423,1.1,20.0,0.6305320864467712,11.464219753577657,0.03292238639805357,168.62650341447548,1e-08,1e+18,1.0,16,0.065111228125,0.07488877187500001,0.0021727875000000004,0.04,0.3,False,False,False,False,False,False,1,"ConvergenceWarning: lbfgs failed to converge (status=2):
ABNORMAL_TERMINATION_IN_LNSRCH.

Increase the number of iterations (max_iter) or scale the data as shown in:
    https://scikit-learn.org/stable/modules/preprocessing.html",400,40,360,0.04,0.3,0.0006250000000000006,be765d69c5015ce3212b590afea3ddaebe69f22fc6b956c602e5e7eddb8fe29c,True,-82.21478489459554,-2.830118472879095e-05,3,1,True,False,3
2021_1pct_x100,6,0.07,70,25,0,3052120938,v4p8_rigid_length_scan_common_v1,False,12,True,True,,2048.4955745101233,0.3854819691030354,0.0336246112080568,0.7641957092740181,0.160299044324051,0.030567828370960726,12.610708370413425,1.1,25.0,0.504428334816537,11.464280336739478,0.03292259605994357,168.6521206420061,1e-08,1e+18,1.0,16,0.065111228125,0.07488877187500001,0.0021727875000000004,0.04,0.3,False,False,False,False,False,False,0,,400,40,360,0.04,0.3,0.0006250000000000006,be765d69c5015ce3212b590afea3ddaebe69f22fc6b956c602e5e7eddb8fe29c,True,-66.58807032678362,-2.2922009713363636e-05,3,2,True,False,3
2021_1pct_x100,6,0.07,70,15,1,528688750,v4p8_rigid_length_scan_common_v1,False,12,True,True,,2048.495619160237,0.3854818416273337,0.0336246112080568,0.4585174255644109,0.1241671058160028,0.030567828370960726,12.610704200156377,1.1,15.0,0.8407136133437585,11.464276545596706,0.03292258293981426,168.65287629315833,1e-08,1e+18,1.0,16,0.065111228125,0.07488877187500001,0.0021727875000000004,0.04,0.3,False,False,False,False,False,False,0,,400,40,360,0.04,0.3,0.0006250000000000006,be765d69c5015ce3212b590afea3ddaebe69f22fc6b956c602e5e7eddb8fe29c,True,-64.54886622218706,-2.222008269208648e-05,3,2,True,False,3
2021_1pct_x100,6,0.07,70,20,1,528688750,v4p8_rigid_length_scan_common_v1,False,12,True,True,,2048.495623381659,0.38555940412671297,0.0336246112080568,0.6113565674192145,0.14337582393473194,0.030567828370960726,12.613241590069654,1.1,20.0,0.6306620795034827,11.466583263699686,0.032930566182185754,169.2644374883146,1e-08,1e+18,1.0,16,0.065111228125,0.07488877187500001,0.0021727875000000004,0.04,0.3,False,False,False,False,False,False,2,"ConvergenceWarning: lbfgs failed to converge (status=2):
ABNORMAL_TERMINATION_IN_LNSRCH.

Increase the number of iterations (max_iter) or scale the data as shown in:
    https://scikit-learn.org/stable/modules/preprocessing.html | ConvergenceWarning: lbfgs failed to converge (status=2):
ABNORMAL_TERMINATION_IN_LNSRCH.

Increase the number of iterations (max_iter) or scale the data as shown in:
    https://scikit-learn.org/stable/modules/preprocessing.html",400,40,360,0.04,0.3,0.0006250000000000006,be765d69c5015ce3212b590afea3ddaebe69f22fc6b956c602e5e7eddb8fe29c,True,-67.12527613153907,-2.311167024678797e-05,3,1,True,True,3
2021_1pct_x100,6,0.07,70,25,1,528688750,v4p8_rigid_length_scan_common_v1,False,12,True,True,,2048.495602622519,0.38550628988352414,0.0336246112080568,0.7641957092740181,0.160299044324051,0.030567828370960726,12.611504003658732,1.1,25.0,0.5044601601463492,11.465003639689755,0.0329250992482493,168.72408524855604,1e-08,1e+18,1.0,16,0.065111228125,0.07488877187500001,0.0021727875000000004,0.04,0.3,False,False,False,False,False,False,1,"ConvergenceWarning: lbfgs failed to converge (status=2):
ABNORMAL_TERMINATION_IN_LNSRCH.

Increase the number of iterations (max_iter) or scale the data as shown in:
    https://scikit-learn.org/stable/modules/preprocessing.html",400,40,360,0.04,0.3,0.0006250000000000006,be765d69c5015ce3212b590afea3ddaebe69f22fc6b956c602e5e7eddb8fe29c,True,-74.64443828384991,-2.5698566845881987e-05,3,2,True,False,3
2021_1pct_x100,6,0.07,70,15,2,771638998,v4p8_rigid_length_scan_common_v1,False,12,True,True,,2048.4956353483667,0.38548066496808897,0.0336246112080568,0.4585174255644109,0.1241671058160028,0.030567828370960726,12.61066570676946,1.1,15.0,0.840711047117964,11.464241551608598,0.0329224618350768,168.6442250313102,1e-08,1e+18,1.0,16,0.065111228125,0.07488877187500001,0.0021727875000000004,0.04,0.3,False,False,False,False,False,False,5,"ConvergenceWarning: lbfgs failed to converge (status=2):
ABNORMAL_TERMINATION_IN_LNSRCH.

Increase the number of iterations (max_iter) or scale the data as shown in:
    https://scikit-learn.org/stable/modules/preprocessing.html | ConvergenceWarning: lbfgs failed to converge (status=2):
ABNORMAL_TERMINATION_IN_LNSRCH.

Increase the number of iterations (max_iter) or scale the data as shown in:
    https://scikit-learn.org/stable/modules/preprocessing.html | ConvergenceWarning: lbfgs failed to converge (status=2):
ABNORMAL_TERMINATION_IN_LNSRCH.

Increase the number of iterations (max_iter) or scale the data as shown in:
    https://scikit-learn.org/stable/modules/preprocessing.html | ConvergenceWarning: lbfgs failed to converge (status=2):
ABNORMAL_TERMINATION_IN_LNSRCH.

Increase the number of iterations (max_iter) or scale the data as shown in:
    https://scikit-learn.org/stable/modules/preprocessing.html | ConvergenceWarning: lbfgs failed to converge (status=2):
ABNORMAL_TERMINATION_IN_LNSRCH.

Increase the number of iterations (max_iter) or scale the data as shown in:
    https://scikit-learn.org/stable/modules/preprocessing.html",400,40,360,0.04,0.3,0.0006250000000000006,be765d69c5015ce3212b590afea3ddaebe69f22fc6b956c602e5e7eddb8fe29c,True,-65.4585249751418,-2.2533097841482226e-05,3,2,True,True,3
2021_1pct_x100,6,0.07,70,20,2,771638998,v4p8_rigid_length_scan_common_v1,False,12,True,True,,2048.4956203022252,0.38546649226569946,0.0336246112080568,0.6113565674192145,0.14337582393473194,0.030567828370960726,12.61020205909984,1.1,20.0,0.630510102954992,11.463820053727128,0.03292100315599276,168.70608477610398,1e-08,1e+18,1.0,16,0.065111228125,0.07488877187500001,0.0021727875000000004,0.04,0.3,False,False,False,False,False,False,3,"ConvergenceWarning: lbfgs failed to converge (status=2):
ABNORMAL_TERMINATION_IN_LNSRCH.

Increase the number of iterations (max_iter) or scale the data as shown in:
    https://scikit-learn.org/stable/modules/preprocessing.html | ConvergenceWarning: lbfgs failed to converge (status=2):
ABNORMAL_TERMINATION_IN_LNSRCH.

Increase the number of iterations (max_iter) or scale the data as shown in:
    https://scikit-learn.org/stable/modules/preprocessing.html | ConvergenceWarning: lbfgs failed to converge (status=2):
ABNORMAL_TERMINATION_IN_LNSRCH.

Increase the number of iterations (max_iter) or scale the data as shown in:
    https://scikit-learn.org/stable/modules/preprocessing.html",400,40,360,0.04,0.3,0.0006250000000000006,be765d69c5015ce3212b590afea3ddaebe69f22fc6b956c602e5e7eddb8fe29c,True,-58.6412782457115,-2.0183615562922364e-05,3,1,True,False,3
2021_1pct_x100,6,0.07,70,25,2,771638998,v4p8_rigid_length_scan_common_v1,False,12,True,True,,2048.495632948283,0.3854617639155531,0.0336246112080568,0.7641957092740181,0.160299044324051,0.030567828370960726,12.610047375224722,1.1,25.0,0.5044018950089889,11.463679432022474,0.03292051651060294,168.6558932154414,1e-08,1e+18,1.0,16,0.065111228125,0.07488877187500001,0.0021727875000000004,0.04,0.3,False,False,False,False,False,False,3,"ConvergenceWarning: lbfgs failed to converge (status=2):
ABNORMAL_TERMINATION_IN_LNSRCH.

Increase the number of iterations (max_iter) or scale the data as shown in:
    https://scikit-learn.org/stable/modules/preprocessing.html | ConvergenceWarning: lbfgs failed to converge (status=2):
ABNORMAL_TERMINATION_IN_LNSRCH.

Increase the number of iterations (max_iter) or scale the data as shown in:
    https://scikit-learn.org/stable/modules/preprocessing.html | ConvergenceWarning: lbfgs failed to converge (status=2):
ABNORMAL_TERMINATION_IN_LNSRCH.

Increase the number of iterations (max_iter) or scale the data as shown in:
    https://scikit-learn.org/stable/modules/preprocessing.html",400,40,360,0.04,0.3,0.0006250000000000006,be765d69c5015ce3212b590afea3ddaebe69f22fc6b956c602e5e7eddb8fe29c,True,-57.69066678142891,-1.985646324411476e-05,3,2,True,True,3
2021_1pct_x100,6,0.09,90,15,0,446493790,v4p8_rigid_length_scan_common_v1,False,12,True,True,,2036.8921948449065,0.3814860244772459,0.02918815006379436,0.39802022814265037,0.10778438730842861,0.02653468187617669,14.376883290232728,1.1,15.0,0.9584588860155152,13.06989390021157,0.04180132759370017,168.8054656380227,1e-08,1e+18,1.0,18,0.084554803125,0.095445196875,0.0024200875,0.04,0.3,False,False,False,False,False,False,1,"ConvergenceWarning: lbfgs failed to converge (status=2):
ABNORMAL_TERMINATION_IN_LNSRCH.

Increase the number of iterations (max_iter) or scale the data as shown in:
    https://scikit-learn.org/stable/modules/preprocessing.html",398,71,327,0.04,0.3,0.0006250000000000006,e4f0274447f54be6f5b72ab60e3c93ee15bbc05952bd04ff615eb0cfbcfcfc80,True,-72.95020392380141,-4.6793271243343545e-05,3,2,True,False,3
2021_1pct_x100,6,0.09,90,20,0,446493790,v4p8_rigid_length_scan_common_v1,False,12,True,True,,2036.892181719034,0.38146218582688457,0.02918815006379436,0.5306936375235338,0.12445869005392028,0.02653468187617669,14.375984894296701,1.1,20.0,0.718799244714835,13.069077176633364,0.04179818566538431,168.67985726760907,1e-08,1e+18,1.0,18,0.084554803125,0.095445196875,0.0024200875,0.04,0.3,False,False,False,False,False,False,0,,398,71,327,0.04,0.3,0.0006250000000000006,e4f0274447f54be6f5b72ab60e3c93ee15bbc05952bd04ff615eb0cfbcfcfc80,True,-64.6933359783736,-4.149377281392386e-05,3,2,True,False,3
2021_1pct_x100,6,0.09,90,25,0,446493790,v4p8_rigid_length_scan_common_v1,False,12,True,True,,2036.892196894234,0.38146414966659536,0.02918815006379436,0.6633670469044173,0.13914904567557138,0.02653468187617669,14.376058904594618,1.1,25.0,0.5750423561837847,13.06914445872238,0.04179844449614929,168.67886878469554,1e-08,1e+18,1.0,18,0.084554803125,0.095445196875,0.0024200875,0.04,0.3,False,False,False,False,False,False,2,"ConvergenceWarning: lbfgs failed to converge (status=2):
ABNORMAL_TERMINATION_IN_LNSRCH.

Increase the number of iterations (max_iter) or scale the data as shown in:
    https://scikit-learn.org/stable/modules/preprocessing.html | ConvergenceWarning: lbfgs failed to converge (status=2):
ABNORMAL_TERMINATION_IN_LNSRCH.

Increase the number of iterations (max_iter) or scale the data as shown in:
    https://scikit-learn.org/stable/modules/preprocessing.html",398,71,327,0.04,0.3,0.0006250000000000006,e4f0274447f54be6f5b72ab60e3c93ee15bbc05952bd04ff615eb0cfbcfcfc80,True,-60.643277388787396,-3.889655551650295e-05,3,1,True,False,3
2021_1pct_x100,6,0.09,90,15,1,2012356699,v4p8_rigid_length_scan_common_v1,False,12,True,True,,2036.8921874807556,0.3814437424154665,0.02918815006379436,0.39802022814265037,0.10778438730842861,0.02653468187617669,14.375289826177772,1.1,15.0,0.9583526550785182,13.068445296525248,0.041795754879637985,168.43438559197267,1e-08,1e+18,1.0,18,0.084554803125,0.095445196875,0.0024200875,0.04,0.3,False,False,False,False,False,False,3,"ConvergenceWarning: lbfgs failed to converge (status=2):
ABNORMAL_TERMINATION_IN_LNSRCH.

Increase the number of iterations (max_iter) or scale the data as shown in:
    https://scikit-learn.org/stable/modules/preprocessing.html | ConvergenceWarning: lbfgs failed to converge (status=2):
ABNORMAL_TERMINATION_IN_LNSRCH.

Increase the number of iterations (max_iter) or scale the data as shown in:
    https://scikit-learn.org/stable/modules/preprocessing.html | ConvergenceWarning: lbfgs failed to converge (status=2):
ABNORMAL_TERMINATION_IN_LNSRCH.

Increase the number of iterations (max_iter) or scale the data as shown in:
    https://scikit-learn.org/stable/modules/preprocessing.html",398,71,327,0.04,0.3,0.0006250000000000006,e4f0274447f54be6f5b72ab60e3c93ee15bbc05952bd04ff615eb0cfbcfcfc80,True,-74.90150398328927,-4.804032132291021e-05,3,2,True,False,3
2021_1pct_x100,6,0.09,90,20,1,2012356699,v4p8_rigid_length_scan_common_v1,False,12,True,True,,2036.892190768971,0.3814654517836308,0.02918815006379436,0.5306936375235338,0.12445869005392028,0.02653468187617669,14.376107976863187,1.1,20.0,0.7188053988431594,13.069189069875625,0.041798616113260835,168.68312618675867,1e-08,1e+18,1.0,18,0.084554803125,0.095445196875,0.0024200875,0.04,0.3,False,False,False,False,False,False,2,"ConvergenceWarning: lbfgs failed to converge (status=2):
ABNORMAL_TERMINATION_IN_LNSRCH.

Increase the number of iterations (max_iter) or scale the data as shown in:
    https://scikit-learn.org/stable/modules/preprocessing.html | ConvergenceWarning: lbfgs failed to converge (status=2):
ABNORMAL_TERMINATION_IN_LNSRCH.

Increase the number of iterations (max_iter) or scale the data as shown in:
    https://scikit-learn.org/stable/modules/preprocessing.html",398,71,327,0.04,0.3,0.0006250000000000006,e4f0274447f54be6f5b72ab60e3c93ee15bbc05952bd04ff615eb0cfbcfcfc80,True,-73.10923952231383,-4.689237205915011e-05,3,2,True,False,3
2021_1pct_x100,6,0.09,90,25,1,2012356699,v4p8_rigid_length_scan_common_v1,False,12,True,True,,2036.8921969256958,0.3814650413879924,0.02918815006379436,0.6633670469044173,0.13914904567557138,0.02653468187617669,14.376092510476958,1.1,25.0,0.5750437004190784,13.069175009524507,0.041798562023694745,168.6792006245133,1e-08,1e+18,1.0,18,0.084554803125,0.095445196875,0.0024200875,0.04,0.3,False,False,False,False,False,False,1,"ConvergenceWarning: lbfgs failed to converge (status=2):
ABNORMAL_TERMINATION_IN_LNSRCH.

Increase the number of iterations (max_iter) or scale the data as shown in:
    https://scikit-learn.org/stable/modules/preprocessing.html",398,71,327,0.04,0.3,0.0006250000000000006,e4f0274447f54be6f5b72ab60e3c93ee15bbc05952bd04ff615eb0cfbcfcfc80,True,-85.76285942707534,-5.500869976025762e-05,3,1,True,True,3
2021_1pct_x100,6,0.09,90,15,2,1355022131,v4p8_rigid_length_scan_common_v1,False,12,True,True,,2036.892195269782,0.3814646324638263,0.02918815006379436,0.39802022814265037,0.10778438730842861,0.02653468187617669,14.376077099545407,1.1,15.0,0.9584051399696938,13.069160999586733,0.04179850812808869,168.67733452161218,1e-08,1e+18,1.0,18,0.084554803125,0.095445196875,0.0024200875,0.04,0.3,False,False,False,False,False,False,1,"ConvergenceWarning: lbfgs failed to converge (status=2):
ABNORMAL_TERMINATION_IN_LNSRCH.

Increase the number of iterations (max_iter) or scale the data as shown in:
    https://scikit-learn.org/stable/modules/preprocessing.html",398,71,327,0.04,0.3,0.0006250000000000006,e4f0274447f54be6f5b72ab60e3c93ee15bbc05952bd04ff615eb0cfbcfcfc80,True,-75.72712342267471,-4.857156849340944e-05,3,2,True,True,3
2021_1pct_x100,6,0.09,90,20,2,1355022131,v4p8_rigid_length_scan_common_v1,False,12,True,True,,2036.8922070222316,0.38141469911880793,0.02918815006379436,0.5306936375235338,0.12445869005392028,0.02653468187617669,14.374195285199512,1.1,20.0,0.7187097642599756,13.067450259272283,0.04179192715201586,168.3607686022399,1e-08,1e+18,1.0,18,0.084554803125,0.095445196875,0.0024200875,0.04,0.3,False,False,False,False,False,False,2,"ConvergenceWarning: lbfgs failed to converge (status=2):
ABNORMAL_TERMINATION_IN_LNSRCH.

Increase the number of iterations (max_iter) or scale the data as shown in:
    https://scikit-learn.org/stable/modules/preprocessing.html | ConvergenceWarning: lbfgs failed to converge (status=2):
ABNORMAL_TERMINATION_IN_LNSRCH.

Increase the number of iterations (max_iter) or scale the data as shown in:
    https://scikit-learn.org/stable/modules/preprocessing.html",398,71,327,0.04,0.3,0.0006250000000000006,e4f0274447f54be6f5b72ab60e3c93ee15bbc05952bd04ff615eb0cfbcfcfc80,True,-74.31379525682613,-4.765793968472019e-05,3,2,True,True,3
2021_1pct_x100,6,0.09,90,25,2,1355022131,v4p8_rigid_length_scan_common_v1,False,12,True,True,,2036.8921810001111,0.3815172887596208,0.02918815006379436,0.6633670469044173,0.13914904567557138,0.02653468187617669,14.37806153244874,1.1,25.0,0.5751224612979495,13.070965029498852,0.041805448332039065,169.2739795212556,1e-08,1e+18,1.0,18,0.084554803125,0.095445196875,0.0024200875,0.04,0.3,False,False,False,False,False,False,1,"ConvergenceWarning: lbfgs failed to converge (status=2):
ABNORMAL_TERMINATION_IN_LNSRCH.

Increase the number of iterations (max_iter) or scale the data as shown in:
    https://scikit-learn.org/stable/modules/preprocessing.html",398,71,327,0.04,0.3,0.0006250000000000006,e4f0274447f54be6f5b72ab60e3c93ee15bbc05952bd04ff615eb0cfbcfcfc80,True,-65.33641068160998,-4.190982057097739e-05,3,1,True,False,3
2021_1pct_x100,6,0.11,110,15,0,62472571,v4p8_rigid_length_scan_common_v1,False,12,True,True,,2023.5499435155043,0.36853818773546987,0.027026133767267792,0.36853818773546987,0.09980061302459649,0.02456921251569799,15.0,1.1,15.0,1.0,13.636363636363635,0.04901818289751632,118.23714864628279,1e-08,1e+18,1.0,20,0.103843803125,0.116156196875,0.0027360875000000005,0.04,0.3,False,True,False,True,False,False,2,"ConvergenceWarning: lbfgs failed to converge (status=2):
ABNORMAL_TERMINATION_IN_LNSRCH.

Increase the number of iterations (max_iter) or scale the data as shown in:
    https://scikit-learn.org/stable/modules/preprocessing.html | ConvergenceWarning: The optimal value found for dimension 0 of parameter k2__length_scale is close to the specified upper bound 0.36853818773546987. Increasing the bound and calling fit again may find a better value.",396,102,294,0.04,0.3,0.0006250000000000006,b2716009bb6587bd1d71ca5c0cc071794071213ce49aa9f776fcbf68587f43d7,True,-19.742083665477068,-2.3945972227038522e-05,3,1,True,False,3
2021_1pct_x100,6,0.11,110,20,0,62472571,v4p8_rigid_length_scan_common_v1,False,12,True,True,,2023.877909627212,0.3829670793279061,0.027026133767267792,0.4913842503139598,0.11523982159008091,0.02456921251569799,15.58727529761962,1.1,20.0,0.7793637648809809,14.17025027056329,0.051329272152033235,174.95168051896388,1e-08,1e+18,1.0,20,0.103843803125,0.116156196875,0.0027360875000000005,0.04,0.3,False,False,False,False,False,False,1,"ConvergenceWarning: lbfgs failed to converge (status=2):
ABNORMAL_TERMINATION_IN_LNSRCH.

Increase the number of iterations (max_iter) or scale the data as shown in:
    https://scikit-learn.org/stable/modules/preprocessing.html",396,102,294,0.04,0.3,0.0006250000000000006,b2716009bb6587bd1d71ca5c0cc071794071213ce49aa9f776fcbf68587f43d7,True,-45.93277640569451,-5.8831878399852794e-05,3,1,True,False,3
2021_1pct_x100,6,0.11,110,25,0,62472571,v4p8_rigid_length_scan_common_v1,False,12,True,True,,2023.8779022389826,0.3829728992556541,0.027026133767267792,0.6142303128924498,0.1288420373951844,0.02456921251569799,15.587512176507955,1.1,25.0,0.6235004870603182,14.170465615007231,0.05133021107947305,174.97830342594054,1e-08,1e+18,1.0,20,0.103843803125,0.116156196875,0.0027360875000000005,0.04,0.3,False,False,False,False,False,False,1,"ConvergenceWarning: lbfgs failed to converge (status=2):
ABNORMAL_TERMINATION_IN_LNSRCH.

Increase the number of iterations (max_iter) or scale the data as shown in:
    https://scikit-learn.org/stable/modules/preprocessing.html",396,102,294,0.04,0.3,0.0006250000000000006,b2716009bb6587bd1d71ca5c0cc071794071213ce49aa9f776fcbf68587f43d7,True,-40.826244728208486,-5.229277140988181e-05,3,1,True,False,3
2021_1pct_x100,6,0.11,110,15,1,1272143474,v4p8_rigid_length_scan_common_v1,False,12,True,True,,2023.5499756503677,0.36853818773546987,0.027026133767267792,0.36853818773546987,0.09980061302459649,0.02456921251569799,15.0,1.1,15.0,1.0,13.636363636363635,0.04901818289751632,118.23778366144509,1e-08,1e+18,1.0,20,0.103843803125,0.116156196875,0.0027360875000000005,0.04,0.3,False,True,False,True,False,False,2,"ConvergenceWarning: lbfgs failed to converge (status=2):
ABNORMAL_TERMINATION_IN_LNSRCH.

Increase the number of iterations (max_iter) or scale the data as shown in:
    https://scikit-learn.org/stable/modules/preprocessing.html | ConvergenceWarning: The optimal value found for dimension 0 of parameter k2__length_scale is close to the specified upper bound 0.36853818773546987. Increasing the bound and calling fit again may find a better value.",396,102,294,0.04,0.3,0.0006250000000000006,b2716009bb6587bd1d71ca5c0cc071794071213ce49aa9f776fcbf68587f43d7,True,-23.92792026014368,-2.902319439996318e-05,3,1,True,True,3
2021_1pct_x100,6,0.11,110,20,1,1272143474,v4p8_rigid_length_scan_common_v1,False,12,True,True,,2023.8779186041565,0.3829683823358075,0.027026133767267792,0.4913842503139598,0.11523982159008091,0.02456921251569799,15.58732833179402,1.1,20.0,0.779366416589701,14.170298483449107,0.05132948236548653,174.93513834131684,1e-08,1e+18,1.0,20,0.103843803125,0.116156196875,0.0027360875000000005,0.04,0.3,False,False,False,False,False,False,3,"ConvergenceWarning: lbfgs failed to converge (status=2):
ABNORMAL_TERMINATION_IN_LNSRCH.

Increase the number of iterations (max_iter) or scale the data as shown in:
    https://scikit-learn.org/stable/modules/preprocessing.html | ConvergenceWarning: lbfgs failed to converge (status=2):
ABNORMAL_TERMINATION_IN_LNSRCH.

Increase the number of iterations (max_iter) or scale the data as shown in:
    https://scikit-learn.org/stable/modules/preprocessing.html | ConvergenceWarning: lbfgs failed to converge (status=2):
ABNORMAL_TERMINATION_IN_LNSRCH.

Increase the number of iterations (max_iter) or scale the data as shown in:
    https://scikit-learn.org/stable/modules/preprocessing.html",396,102,294,0.04,0.3,0.0006250000000000006,b2716009bb6587bd1d71ca5c0cc071794071213ce49aa9f776fcbf68587f43d7,True,-37.09471948207474,-4.751284761570581e-05,3,1,True,True,3
2021_1pct_x100,6,0.11,110,25,1,1272143474,v4p8_rigid_length_scan_common_v1,False,12,True,True,,2023.8779035930338,0.38302355808054994,0.027026133767267792,0.6142303128924498,0.1288420373951844,0.02456921251569799,15.589574058827687,1.1,25.0,0.6235829623531075,14.172340053479715,0.05133838408540223,175.31775790568926,1e-08,1e+18,1.0,20,0.103843803125,0.116156196875,0.0027360875000000005,0.04,0.3,False,False,False,False,False,False,3,"ConvergenceWarning: lbfgs failed to converge (status=2):
ABNORMAL_TERMINATION_IN_LNSRCH.

Increase the number of iterations (max_iter) or scale the data as shown in:
    https://scikit-learn.org/stable/modules/preprocessing.html | ConvergenceWarning: lbfgs failed to converge (status=2):
ABNORMAL_TERMINATION_IN_LNSRCH.

Increase the number of iterations (max_iter) or scale the data as shown in:
    https://scikit-learn.org/stable/modules/preprocessing.html | ConvergenceWarning: lbfgs failed to converge (status=2):
ABNORMAL_TERMINATION_IN_LNSRCH.

Increase the number of iterations (max_iter) or scale the data as shown in:
    https://scikit-learn.org/stable/modules/preprocessing.html",396,102,294,0.04,0.3,0.0006250000000000006,b2716009bb6587bd1d71ca5c0cc071794071213ce49aa9f776fcbf68587f43d7,True,-35.26601738006496,-4.517757908990594e-05,3,1,True,True,3
2021_1pct_x100,6,0.11,110,15,2,3556349085,v4p8_rigid_length_scan_common_v1,False,12,True,True,,2023.5499745709913,0.36853818773546987,0.027026133767267792,0.36853818773546987,0.09980061302459649,0.02456921251569799,15.0,1.1,15.0,1.0,13.636363636363635,0.04901818289751632,118.12750413008338,1e-08,1e+18,1.0,20,0.103843803125,0.116156196875,0.0027360875000000005,0.04,0.3,False,True,False,True,False,False,3,"ConvergenceWarning: lbfgs failed to converge (status=2):
ABNORMAL_TERMINATION_IN_LNSRCH.

Increase the number of iterations (max_iter) or scale the data as shown in:
    https://scikit-learn.org/stable/modules/preprocessing.html | ConvergenceWarning: lbfgs failed to converge (status=2):
ABNORMAL_TERMINATION_IN_LNSRCH.

Increase the number of iterations (max_iter) or scale the data as shown in:
    https://scikit-learn.org/stable/modules/preprocessing.html | ConvergenceWarning: The optimal value found for dimension 0 of parameter k2__length_scale is close to the specified upper bound 0.36853818773546987. Increasing the bound and calling fit again may find a better value.",396,102,294,0.04,0.3,0.0006250000000000006,b2716009bb6587bd1d71ca5c0cc071794071213ce49aa9f776fcbf68587f43d7,True,-24.05782211626427,-2.918231055168649e-05,3,1,True,False,3
2021_1pct_x100,6,0.11,110,20,2,3556349085,v4p8_rigid_length_scan_common_v1,False,12,True,True,,2023.8779083638865,0.3829845816799401,0.027026133767267792,0.4913842503139598,0.11523982159008091,0.02456921251569799,15.587987666891644,1.1,20.0,0.7793993833445821,14.170897878992402,0.051332095818458164,175.00545235251965,1e-08,1e+18,1.0,20,0.103843803125,0.116156196875,0.0027360875000000005,0.04,0.3,False,False,False,False,False,False,0,,396,102,294,0.04,0.3,0.0006250000000000006,b2716009bb6587bd1d71ca5c0cc071794071213ce49aa9f776fcbf68587f43d7,True,-41.80669322424801,-5.35510994368677e-05,3,1,True,False,3
2021_1pct_x100,6,0.11,110,25,2,3556349085,v4p8_rigid_length_scan_common_v1,False,12,True,True,,2023.87789193365,0.38304570107552416,0.027026133767267792,0.6142303128924498,0.1288420373951844,0.02456921251569799,15.59047530850999,1.1,25.0,0.6236190123403996,14.173159371372718,0.05134195663998355,175.44630682938384,1e-08,1e+18,1.0,20,0.103843803125,0.116156196875,0.0027360875000000005,0.04,0.3,False,False,False,False,False,False,0,,396,102,294,0.04,0.3,0.0006250000000000006,b2716009bb6587bd1d71ca5c0cc071794071213ce49aa9f776fcbf68587f43d7,True,-44.669072619682886,-5.722723730022783e-05,3,1,True,False,3
2021_1pct_x100,6,0.13,130,15,0,1475718756,v4p8_rigid_length_scan_common_v1,False,12,True,True,,2010.7308503982722,0.3558366347244402,0.026094686546458946,0.35583663472444016,0.09636101620925899,0.023722442314962677,15.000000000000002,1.1,15.0,1.0000000000000002,13.636363636363638,0.0555586649556174,87.61237518825303,1e-08,1e+18,1.0,22,0.122978228125,0.137021771875,0.0031207875000000005,0.04,0.3,False,True,False,True,False,False,3,"ConvergenceWarning: lbfgs failed to converge (status=2):
ABNORMAL_TERMINATION_IN_LNSRCH.

Increase the number of iterations (max_iter) or scale the data as shown in:
    https://scikit-learn.org/stable/modules/preprocessing.html | ConvergenceWarning: lbfgs failed to converge (status=2):
ABNORMAL_TERMINATION_IN_LNSRCH.

Increase the number of iterations (max_iter) or scale the data as shown in:
    https://scikit-learn.org/stable/modules/preprocessing.html | ConvergenceWarning: The optimal value found for dimension 0 of parameter k2__length_scale is close to the specified upper bound 0.35583663472444016. Increasing the bound and calling fit again may find a better value.",394,133,261,0.04,0.3,0.0006250000000000006,bb6bba975ac555ea15e5fea46a88e766a34abcf453299d3effd0e28c2e9da6b5,True,-7.17404970768383,-1.684184678450798e-05,3,1,True,False,3
2021_1pct_x100,6,0.13,130,20,0,1475718756,v4p8_rigid_length_scan_common_v1,False,12,True,True,,2012.2936673325894,0.3865309891411602,0.026094686546458946,0.47444884629925355,0.11126811729560314,0.023722442314962677,16.29389520729743,1.1,20.0,0.8146947603648717,14.81263200663403,0.06134258106901009,188.5697989779319,1e-08,1e+18,1.0,22,0.122978228125,0.137021771875,0.0031207875000000005,0.04,0.3,False,False,False,False,False,False,1,"ConvergenceWarning: lbfgs failed to converge (status=2):
ABNORMAL_TERMINATION_IN_LNSRCH.

Increase the number of iterations (max_iter) or scale the data as shown in:
    https://scikit-learn.org/stable/modules/preprocessing.html",394,133,261,0.04,0.3,0.0006250000000000006,bb6bba975ac555ea15e5fea46a88e766a34abcf453299d3effd0e28c2e9da6b5,True,-18.357317884752128,-4.7984519256741276e-05,3,0,True,True,3
2021_1pct_x100,6,0.13,130,25,0,1475718756,v4p8_rigid_length_scan_common_v1,False,12,True,True,,2012.2936410795746,0.38652756648741426,0.026094686546458946,0.5930610578740669,0.12440153700069435,0.023722442314962677,16.293750928150267,1.1,25.0,0.6517500371260107,14.812500843772968,0.06134192617072898,188.54212056348243,1e-08,1e+18,1.0,22,0.122978228125,0.137021771875,0.0031207875000000005,0.04,0.3,False,False,False,False,False,False,1,"ConvergenceWarning: lbfgs failed to converge (status=2):
ABNORMAL_TERMINATION_IN_LNSRCH.

Increase the number of iterations (max_iter) or scale the data as shown in:
    https://scikit-learn.org/stable/modules/preprocessing.html",394,133,261,0.04,0.3,0.0006250000000000006,bb6bba975ac555ea15e5fea46a88e766a34abcf453299d3effd0e28c2e9da6b5,True,-16.124829963682547,-4.214848076352671e-05,3,1,True,False,3
2021_1pct_x100,6,0.13,130,15,1,2485476677,v4p8_rigid_length_scan_common_v1,False,12,True,True,,2010.730867776721,0.3558366347244402,0.026094686546458946,0.35583663472444016,0.09636101620925899,0.023722442314962677,15.000000000000002,1.1,15.0,1.0000000000000002,13.636363636363638,0.0555586649556174,87.58035145234084,1e-08,1e+18,1.0,22,0.122978228125,0.137021771875,0.0031207875000000005,0.04,0.3,False,True,False,True,False,False,1,ConvergenceWarning: The optimal value found for dimension 0 of parameter k2__length_scale is close to the specified upper bound 0.35583663472444016. Increasing the bound and calling fit again may find a better value.,394,133,261,0.04,0.3,0.0006250000000000006,bb6bba975ac555ea15e5fea46a88e766a34abcf453299d3effd0e28c2e9da6b5,True,-8.727267404417342,-2.0488611033517435e-05,3,1,True,True,3
2021_1pct_x100,6,0.13,130,20,1,2485476677,v4p8_rigid_length_scan_common_v1,False,12,True,True,,2012.2936494683418,0.3865026536590254,0.026094686546458946,0.47444884629925355,0.11126811729560314,0.023722442314962677,16.292700748406627,1.1,20.0,0.8146350374203313,14.811546134915114,0.0613371593615363,188.57336922463818,1e-08,1e+18,1.0,22,0.122978228125,0.137021771875,0.0031207875000000005,0.04,0.3,False,False,False,False,False,False,1,"ConvergenceWarning: lbfgs failed to converge (status=2):
ABNORMAL_TERMINATION_IN_LNSRCH.

Increase the number of iterations (max_iter) or scale the data as shown in:
    https://scikit-learn.org/stable/modules/preprocessing.html",394,133,261,0.04,0.3,0.0006250000000000006,bb6bba975ac555ea15e5fea46a88e766a34abcf453299d3effd0e28c2e9da6b5,True,-18.620799641070302,-4.866681993174996e-05,3,0,True,False,3
2021_1pct_x100,6,0.13,130,25,1,2485476677,v4p8_rigid_length_scan_common_v1,False,12,True,True,,2012.2936539950902,0.38653159759974487,0.026094686546458946,0.5930610578740669,0.12440153700069435,0.023722442314962677,16.29392085636748,1.1,25.0,0.6517568342546993,14.812655323970437,0.06134269749308159,188.57379430179168,1e-08,1e+18,1.0,22,0.122978228125,0.137021771875,0.0031207875000000005,0.04,0.3,False,False,False,False,False,False,2,"ConvergenceWarning: lbfgs failed to converge (status=2):
ABNORMAL_TERMINATION_IN_LNSRCH.

Increase the number of iterations (max_iter) or scale the data as shown in:
    https://scikit-learn.org/stable/modules/preprocessing.html | ConvergenceWarning: lbfgs failed to converge (status=2):
ABNORMAL_TERMINATION_IN_LNSRCH.

Increase the number of iterations (max_iter) or scale the data as shown in:
    https://scikit-learn.org/stable/modules/preprocessing.html",394,133,261,0.04,0.3,0.0006250000000000006,bb6bba975ac555ea15e5fea46a88e766a34abcf453299d3effd0e28c2e9da6b5,True,-18.134003155114016,-4.740087315218548e-05,3,1,True,True,3
2021_1pct_x100,6,0.13,130,15,2,4268449642,v4p8_rigid_length_scan_common_v1,False,12,True,True,,2010.7308510339808,0.3558366347244402,0.026094686546458946,0.35583663472444016,0.09636101620925899,0.023722442314962677,15.000000000000002,1.1,15.0,1.0000000000000002,13.636363636363638,0.0555586649556174,87.57471410891804,1e-08,1e+18,1.0,22,0.122978228125,0.137021771875,0.0031207875000000005,0.04,0.3,False,True,False,True,False,False,4,"ConvergenceWarning: lbfgs failed to converge (status=2):
ABNORMAL_TERMINATION_IN_LNSRCH.

Increase the number of iterations (max_iter) or scale the data as shown in:
    https://scikit-learn.org/stable/modules/preprocessing.html | ConvergenceWarning: lbfgs failed to converge (status=2):
ABNORMAL_TERMINATION_IN_LNSRCH.

Increase the number of iterations (max_iter) or scale the data as shown in:
    https://scikit-learn.org/stable/modules/preprocessing.html | ConvergenceWarning: lbfgs failed to converge (status=2):
ABNORMAL_TERMINATION_IN_LNSRCH.

Increase the number of iterations (max_iter) or scale the data as shown in:
    https://scikit-learn.org/stable/modules/preprocessing.html | ConvergenceWarning: The optimal value found for dimension 0 of parameter k2__length_scale is close to the specified upper bound 0.35583663472444016. Increasing the bound and calling fit again may find a better value.",394,133,261,0.04,0.3,0.0006250000000000006,bb6bba975ac555ea15e5fea46a88e766a34abcf453299d3effd0e28c2e9da6b5,True,-9.48089591319737,-2.225803966961339e-05,3,1,True,False,3
2021_1pct_x100,6,0.13,130,20,2,4268449642,v4p8_rigid_length_scan_common_v1,False,12,True,True,,2012.2936546395263,0.3865215579076968,0.026094686546458946,0.47444884629925355,0.11126811729560314,0.023722442314962677,16.2934976414255,1.1,20.0,0.8146748820712749,14.812270583114088,0.06134077648096632,188.50135371144418,1e-08,1e+18,1.0,22,0.122978228125,0.137021771875,0.0031207875000000005,0.04,0.3,False,False,False,False,False,False,5,"ConvergenceWarning: lbfgs failed to converge (status=2):
ABNORMAL_TERMINATION_IN_LNSRCH.

Increase the number of iterations (max_iter) or scale the data as shown in:
    https://scikit-learn.org/stable/modules/preprocessing.html | ConvergenceWarning: lbfgs failed to converge (status=2):
ABNORMAL_TERMINATION_IN_LNSRCH.

Increase the number of iterations (max_iter) or scale the data as shown in:
    https://scikit-learn.org/stable/modules/preprocessing.html | ConvergenceWarning: lbfgs failed to converge (status=2):
ABNORMAL_TERMINATION_IN_LNSRCH.

Increase the number of iterations (max_iter) or scale the data as shown in:
    https://scikit-learn.org/stable/modules/preprocessing.html | ConvergenceWarning: lbfgs failed to converge (status=2):
ABNORMAL_TERMINATION_IN_LNSRCH.

Increase the number of iterations (max_iter) or scale the data as shown in:
    https://scikit-learn.org/stable/modules/preprocessing.html | ConvergenceWarning: lbfgs failed to converge (status=2):
ABNORMAL_TERMINATION_IN_LNSRCH.

Increase the number of iterations (max_iter) or scale the data as shown in:
    https://scikit-learn.org/stable/modules/preprocessing.html",394,133,261,0.04,0.3,0.0006250000000000006,bb6bba975ac555ea15e5fea46a88e766a34abcf453299d3effd0e28c2e9da6b5,True,-19.620839442445348,-5.128587329571937e-05,3,0,True,False,3
2021_1pct_x100,6,0.13,130,25,2,4268449642,v4p8_rigid_length_scan_common_v1,False,12,True,True,,2012.2936537712735,0.3865310229028028,0.026094686546458946,0.5930610578740669,0.12440153700069435,0.023722442314962677,16.293896630491645,1.1,25.0,0.6517558652196658,14.812633300446949,0.06134258752905002,188.56868312872865,1e-08,1e+18,1.0,22,0.122978228125,0.137021771875,0.0031207875000000005,0.04,0.3,False,False,False,False,False,False,1,"ConvergenceWarning: lbfgs failed to converge (status=2):
ABNORMAL_TERMINATION_IN_LNSRCH.

Increase the number of iterations (max_iter) or scale the data as shown in:
    https://scikit-learn.org/stable/modules/preprocessing.html",394,133,261,0.04,0.3,0.0006250000000000006,bb6bba975ac555ea15e5fea46a88e766a34abcf453299d3effd0e28c2e9da6b5,True,-20.049391169797754,-5.240745964442915e-05,3,1,True,False,3
2021_1pct_x100,6,0.15,150,15,0,4102570813,v4p8_rigid_length_scan_common_v1,False,12,True,True,,1993.4385331437177,0.35322693547653494,0.025903308601612565,0.35322693547653494,0.09565430631210795,0.02354846236510233,15.0,1.1,15.0,1.0,13.636363636363635,0.06354812766273712,83.52990214576353,1e-08,1e+18,1.0,26,0.141958078125,0.158041921875,0.0035741875,0.04,0.3,False,True,False,True,False,False,1,ConvergenceWarning: The optimal value found for dimension 0 of parameter k2__length_scale is close to the specified upper bound 0.35322693547653494. Increasing the bound and calling fit again may find a better value.,390,163,227,0.04,0.3,0.0006250000000000006,0f713c8ded887ecc6fbbbaa9410a419b48fa08e2dfc8e467741d55e79045e262,True,-3.5376923135666214,-1.4940344777689138e-05,3,2,True,False,3
2021_1pct_x100,6,0.15,150,20,0,4102570813,v4p8_rigid_length_scan_common_v1,False,12,True,True,,1995.2366422260732,0.3857606453301066,0.025903308601612565,0.4709692473020466,0.11045207899688489,0.02354846236510233,16.38156408470156,1.1,20.0,0.8190782042350779,14.892330986092324,0.07060989029479763,185.91141572324426,1e-08,1e+18,1.0,26,0.141958078125,0.158041921875,0.0035741875,0.04,0.3,False,False,False,False,False,False,1,"ConvergenceWarning: lbfgs failed to converge (status=2):
ABNORMAL_TERMINATION_IN_LNSRCH.

Increase the number of iterations (max_iter) or scale the data as shown in:
    https://scikit-learn.org/stable/modules/preprocessing.html",390,163,227,0.04,0.3,0.0006250000000000006,0f713c8ded887ecc6fbbbaa9410a419b48fa08e2dfc8e467741d55e79045e262,True,-8.535726223772368,-4.051025172407792e-05,3,2,True,False,3
2021_1pct_x100,6,0.15,150,25,0,4102570813,v4p8_rigid_length_scan_common_v1,False,12,True,True,,1995.2366652563858,0.3857682379230951,0.025903308601612565,0.5887115591275582,0.12348917844660569,0.02354846236510233,16.381886508852688,1.1,25.0,0.6552754603541076,14.892624098956988,0.07061156530226269,185.99228106393116,1e-08,1e+18,1.0,26,0.141958078125,0.158041921875,0.0035741875,0.04,0.3,False,False,False,False,False,False,3,"ConvergenceWarning: lbfgs failed to converge (status=2):
ABNORMAL_TERMINATION_IN_LNSRCH.

Increase the number of iterations (max_iter) or scale the data as shown in:
    https://scikit-learn.org/stable/modules/preprocessing.html | ConvergenceWarning: lbfgs failed to converge (status=2):
ABNORMAL_TERMINATION_IN_LNSRCH.

Increase the number of iterations (max_iter) or scale the data as shown in:
    https://scikit-learn.org/stable/modules/preprocessing.html | ConvergenceWarning: lbfgs failed to converge (status=2):
ABNORMAL_TERMINATION_IN_LNSRCH.

Increase the number of iterations (max_iter) or scale the data as shown in:
    https://scikit-learn.org/stable/modules/preprocessing.html",390,163,227,0.04,0.3,0.0006250000000000006,0f713c8ded887ecc6fbbbaa9410a419b48fa08e2dfc8e467741d55e79045e262,True,-7.423412079095902,-3.523175799599524e-05,3,0,True,True,3
2021_1pct_x100,6,0.15,150,15,1,3449392454,v4p8_rigid_length_scan_common_v1,False,12,True,True,,1993.4385458197528,0.35322693547653494,0.025903308601612565,0.35322693547653494,0.09565430631210795,0.02354846236510233,15.0,1.1,15.0,1.0,13.636363636363635,0.06354812766273712,83.52290869769921,1e-08,1e+18,1.0,26,0.141958078125,0.158041921875,0.0035741875,0.04,0.3,False,True,False,True,False,False,3,"ConvergenceWarning: lbfgs failed to converge (status=2):
ABNORMAL_TERMINATION_IN_LNSRCH.

Increase the number of iterations (max_iter) or scale the data as shown in:
    https://scikit-learn.org/stable/modules/preprocessing.html | ConvergenceWarning: lbfgs failed to converge (status=2):
ABNORMAL_TERMINATION_IN_LNSRCH.

Increase the number of iterations (max_iter) or scale the data as shown in:
    https://scikit-learn.org/stable/modules/preprocessing.html | ConvergenceWarning: The optimal value found for dimension 0 of parameter k2__length_scale is close to the specified upper bound 0.35322693547653494. Increasing the bound and calling fit again may find a better value.",390,163,227,0.04,0.3,0.0006250000000000006,0f713c8ded887ecc6fbbbaa9410a419b48fa08e2dfc8e467741d55e79045e262,True,-3.733243471368086,-1.5766276168159773e-05,3,2,True,False,3
2021_1pct_x100,6,0.15,150,20,1,3449392454,v4p8_rigid_length_scan_common_v1,False,12,True,True,,1995.2366341929417,0.385760159353524,0.025903308601612565,0.4709692473020466,0.11045207899688489,0.02354846236510233,16.381543447405793,1.1,20.0,0.8190771723702897,14.892312224914356,0.07060978308358308,185.92477224123223,1e-08,1e+18,1.0,26,0.141958078125,0.158041921875,0.0035741875,0.04,0.3,False,False,False,False,False,False,0,,390,163,227,0.04,0.3,0.0006250000000000006,0f713c8ded887ecc6fbbbaa9410a419b48fa08e2dfc8e467741d55e79045e262,True,-7.293986988809358,-3.461687657007219e-05,3,2,True,False,3
2021_1pct_x100,6,0.15,150,25,1,3449392454,v4p8_rigid_length_scan_common_v1,False,12,True,True,,1995.2366365618852,0.3857562243472092,0.025903308601612565,0.5887115591275582,0.12348917844660569,0.02354846236510233,16.38137634493202,1.1,25.0,0.6552550537972808,14.89216031357456,0.07060891498440154,185.90731586651577,1e-08,1e+18,1.0,26,0.141958078125,0.158041921875,0.0035741875,0.04,0.3,False,False,False,False,False,False,1,"ConvergenceWarning: lbfgs failed to converge (status=2):
ABNORMAL_TERMINATION_IN_LNSRCH.

Increase the number of iterations (max_iter) or scale the data as shown in:
    https://scikit-learn.org/stable/modules/preprocessing.html",390,163,227,0.04,0.3,0.0006250000000000006,0f713c8ded887ecc6fbbbaa9410a419b48fa08e2dfc8e467741d55e79045e262,True,-8.558850264719156,-4.06191654491626e-05,3,0,True,False,3
2021_1pct_x100,6,0.15,150,15,2,730864779,v4p8_rigid_length_scan_common_v1,False,12,True,True,,1993.438549695484,0.35322693547653494,0.025903308601612565,0.35322693547653494,0.09565430631210795,0.02354846236510233,15.0,1.1,15.0,1.0,13.636363636363635,0.06354812766273712,83.54341753605557,1e-08,1e+18,1.0,26,0.141958078125,0.158041921875,0.0035741875,0.04,0.3,False,True,False,True,False,False,3,"ConvergenceWarning: lbfgs failed to converge (status=2):
ABNORMAL_TERMINATION_IN_LNSRCH.

Increase the number of iterations (max_iter) or scale the data as shown in:
    https://scikit-learn.org/stable/modules/preprocessing.html | ConvergenceWarning: lbfgs failed to converge (status=2):
ABNORMAL_TERMINATION_IN_LNSRCH.

Increase the number of iterations (max_iter) or scale the data as shown in:
    https://scikit-learn.org/stable/modules/preprocessing.html | ConvergenceWarning: The optimal value found for dimension 0 of parameter k2__length_scale is close to the specified upper bound 0.35322693547653494. Increasing the bound and calling fit again may find a better value.",390,163,227,0.04,0.3,0.0006250000000000006,0f713c8ded887ecc6fbbbaa9410a419b48fa08e2dfc8e467741d55e79045e262,True,-3.7935429130194755,-1.6020717281815655e-05,3,2,True,True,3
2021_1pct_x100,6,0.15,150,20,2,730864779,v4p8_rigid_length_scan_common_v1,False,12,True,True,,1995.2366844566975,0.38570792231281054,0.025903308601612565,0.4709692473020466,0.11045207899688489,0.02354846236510233,16.37932516920556,1.1,20.0,0.8189662584602782,14.890295608368692,0.07059825938234704,185.6090453907228,1e-08,1e+18,1.0,26,0.141958078125,0.158041921875,0.0035741875,0.04,0.3,False,False,False,False,False,False,1,"ConvergenceWarning: lbfgs failed to converge (status=2):
ABNORMAL_TERMINATION_IN_LNSRCH.

Increase the number of iterations (max_iter) or scale the data as shown in:
    https://scikit-learn.org/stable/modules/preprocessing.html",390,163,227,0.04,0.3,0.0006250000000000006,0f713c8ded887ecc6fbbbaa9410a419b48fa08e2dfc8e467741d55e79045e262,True,-7.462308964490694,-3.541026173031358e-05,3,2,True,True,3
2021_1pct_x100,6,0.15,150,25,2,730864779,v4p8_rigid_length_scan_common_v1,False,12,True,True,,1995.2366369584458,0.3857759946668738,0.025903308601612565,0.5887115591275582,0.12348917844660569,0.02354846236510233,16.382215903768518,1.1,25.0,0.6552886361507407,14.89292354888047,0.07061327653628614,186.0953864034211,1e-08,1e+18,1.0,26,0.141958078125,0.158041921875,0.0035741875,0.04,0.3,False,False,False,False,False,False,2,"ConvergenceWarning: lbfgs failed to converge (status=2):
ABNORMAL_TERMINATION_IN_LNSRCH.

Increase the number of iterations (max_iter) or scale the data as shown in:
    https://scikit-learn.org/stable/modules/preprocessing.html | ConvergenceWarning: lbfgs failed to converge (status=2):
ABNORMAL_TERMINATION_IN_LNSRCH.

Increase the number of iterations (max_iter) or scale the data as shown in:
    https://scikit-learn.org/stable/modules/preprocessing.html",390,163,227,0.04,0.3,0.0006250000000000006,0f713c8ded887ecc6fbbbaa9410a419b48fa08e2dfc8e467741d55e79045e262,True,-8.331424041538813,-3.9541355608840876e-05,3,0,True,False,3
2021_1pct_x100,6,0.17,170,15,0,3129468068,v4p8_rigid_length_scan_common_v1,False,12,True,True,,1986.8011160208066,0.3571512831715639,0.026191094099248028,0.35715128317156397,0.0967170246916933,0.02381008554477093,14.999999999999998,1.1,15.0,0.9999999999999999,13.636363636363633,0.07297285279866361,90.06854757473803,1e-08,1e+18,1.0,30,0.160783353125,0.17921664687500002,0.0040962875,0.04,0.3,False,True,False,True,False,False,2,"ConvergenceWarning: lbfgs failed to converge (status=2):
ABNORMAL_TERMINATION_IN_LNSRCH.

Increase the number of iterations (max_iter) or scale the data as shown in:
    https://scikit-learn.org/stable/modules/preprocessing.html | ConvergenceWarning: The optimal value found for dimension 0 of parameter k2__length_scale is close to the specified upper bound 0.35715128317156397. Increasing the bound and calling fit again may find a better value.",386,193,193,0.04,0.3,0.0006250000000000006,87798966e1f083638cadccdd46adece9544ee7dfa0e0f606b01c90c0a8e96917,True,-1.4116335552278354,-1.0942585111487918e-05,3,2,True,False,3
2021_1pct_x100,6,0.17,170,20,0,3129468068,v4p8_rigid_length_scan_common_v1,False,12,True,True,,1988.24308159996,0.389102765803965,0.026191094099248028,0.47620171089541863,0.11167920048193762,0.02381008554477093,16.341930610552474,1.1,20.0,0.8170965305276237,14.8563005550477,0.08086155239112947,198.9259748607061,1e-08,1e+18,1.0,30,0.160783353125,0.17921664687500002,0.0040962875,0.04,0.3,False,False,False,False,False,False,1,"ConvergenceWarning: lbfgs failed to converge (status=2):
ABNORMAL_TERMINATION_IN_LNSRCH.

Increase the number of iterations (max_iter) or scale the data as shown in:
    https://scikit-learn.org/stable/modules/preprocessing.html",386,193,193,0.04,0.3,0.0006250000000000006,87798966e1f083638cadccdd46adece9544ee7dfa0e0f606b01c90c0a8e96917,True,-2.8155767477907987,-2.4346308778123113e-05,3,2,True,False,3
2021_1pct_x100,6,0.17,170,25,0,3129468068,v4p8_rigid_length_scan_common_v1,False,12,True,True,,1988.243150472906,0.38907307499600086,0.026191094099248028,0.5952521386192733,0.12486114197521989,0.02381008554477093,16.340683626037933,1.1,25.0,0.6536273450415173,14.855166932761756,0.08085410421952348,198.74422492322475,1e-08,1e+18,1.0,30,0.160783353125,0.17921664687500002,0.0040962875,0.04,0.3,False,False,False,False,False,False,2,"ConvergenceWarning: lbfgs failed to converge (status=2):
ABNORMAL_TERMINATION_IN_LNSRCH.

Increase the number of iterations (max_iter) or scale the data as shown in:
    https://scikit-learn.org/stable/modules/preprocessing.html | ConvergenceWarning: lbfgs failed to converge (status=2):
ABNORMAL_TERMINATION_IN_LNSRCH.

Increase the number of iterations (max_iter) or scale the data as shown in:
    https://scikit-learn.org/stable/modules/preprocessing.html",386,193,193,0.04,0.3,0.0006250000000000006,87798966e1f083638cadccdd46adece9544ee7dfa0e0f606b01c90c0a8e96917,True,-2.9328945709086995,-2.5358689831706284e-05,3,0,True,True,3
2021_1pct_x100,6,0.17,170,15,1,4160293433,v4p8_rigid_length_scan_common_v1,False,12,True,True,,1986.8011078645764,0.3571512831715639,0.026191094099248028,0.35715128317156397,0.0967170246916933,0.02381008554477093,14.999999999999998,1.1,15.0,0.9999999999999999,13.636363636363633,0.07297285279866361,90.22621614032737,1e-08,1e+18,1.0,30,0.160783353125,0.17921664687500002,0.0040962875,0.04,0.3,False,True,False,True,False,False,4,"ConvergenceWarning: lbfgs failed to converge (status=2):
ABNORMAL_TERMINATION_IN_LNSRCH.

Increase the number of iterations (max_iter) or scale the data as shown in:
    https://scikit-learn.org/stable/modules/preprocessing.html | ConvergenceWarning: lbfgs failed to converge (status=2):
ABNORMAL_TERMINATION_IN_LNSRCH.

Increase the number of iterations (max_iter) or scale the data as shown in:
    https://scikit-learn.org/stable/modules/preprocessing.html | ConvergenceWarning: lbfgs failed to converge (status=2):
ABNORMAL_TERMINATION_IN_LNSRCH.

Increase the number of iterations (max_iter) or scale the data as shown in:
    https://scikit-learn.org/stable/modules/preprocessing.html | ConvergenceWarning: The optimal value found for dimension 0 of parameter k2__length_scale is close to the specified upper bound 0.35715128317156397. Increasing the bound and calling fit again may find a better value.",386,193,193,0.04,0.3,0.0006250000000000006,87798966e1f083638cadccdd46adece9544ee7dfa0e0f606b01c90c0a8e96917,True,-1.4659330728296114,-1.1362382412623038e-05,3,2,True,False,3
2021_1pct_x100,6,0.17,170,20,1,4160293433,v4p8_rigid_length_scan_common_v1,False,12,True,True,,1988.2430892597445,0.3890985669538311,0.026191094099248028,0.47620171089541863,0.11167920048193762,0.02381008554477093,16.341754263007395,1.1,20.0,0.8170877131503698,14.856140239097629,0.08086049906327798,198.745126628845,1e-08,1e+18,1.0,30,0.160783353125,0.17921664687500002,0.0040962875,0.04,0.3,False,False,False,False,False,False,1,"ConvergenceWarning: lbfgs failed to converge (status=2):
ABNORMAL_TERMINATION_IN_LNSRCH.

Increase the number of iterations (max_iter) or scale the data as shown in:
    https://scikit-learn.org/stable/modules/preprocessing.html",386,193,193,0.04,0.3,0.0006250000000000006,87798966e1f083638cadccdd46adece9544ee7dfa0e0f606b01c90c0a8e96917,True,-2.8407040381829294,-2.4564485170973428e-05,3,2,True,False,3
2021_1pct_x100,6,0.17,170,25,1,4160293433,v4p8_rigid_length_scan_common_v1,False,12,True,True,,1988.2431224315,0.3891089221382144,0.026191094099248028,0.5952521386192733,0.12486114197521989,0.02381008554477093,16.342189170490773,1.1,25.0,0.6536875668196309,14.856535609537064,0.08086309678345019,198.9203763642252,1e-08,1e+18,1.0,30,0.160783353125,0.17921664687500002,0.0040962875,0.04,0.3,False,False,False,False,False,False,2,"ConvergenceWarning: lbfgs failed to converge (status=2):
ABNORMAL_TERMINATION_IN_LNSRCH.

Increase the number of iterations (max_iter) or scale the data as shown in:
    https://scikit-learn.org/stable/modules/preprocessing.html | ConvergenceWarning: lbfgs failed to converge (status=2):
ABNORMAL_TERMINATION_IN_LNSRCH.

Increase the number of iterations (max_iter) or scale the data as shown in:
    https://scikit-learn.org/stable/modules/preprocessing.html",386,193,193,0.04,0.3,0.0006250000000000006,87798966e1f083638cadccdd46adece9544ee7dfa0e0f606b01c90c0a8e96917,True,-2.918590214125996,-2.5237889624029763e-05,3,0,True,False,3
2021_1pct_x100,6,0.17,170,15,2,181193757,v4p8_rigid_length_scan_common_v1,False,12,True,True,,1986.8011189724075,0.3571512831715639,0.026191094099248028,0.35715128317156397,0.0967170246916933,0.02381008554477093,14.999999999999998,1.1,15.0,0.9999999999999999,13.636363636363633,0.07297285279866361,90.1698335318868,1e-08,1e+18,1.0,30,0.160783353125,0.17921664687500002,0.0040962875,0.04,0.3,False,True,False,True,False,False,3,"ConvergenceWarning: lbfgs failed to converge (status=2):
ABNORMAL_TERMINATION_IN_LNSRCH.

Increase the number of iterations (max_iter) or scale the data as shown in:
    https://scikit-learn.org/stable/modules/preprocessing.html | ConvergenceWarning: lbfgs failed to converge (status=2):
ABNORMAL_TERMINATION_IN_LNSRCH.

Increase the number of iterations (max_iter) or scale the data as shown in:
    https://scikit-learn.org/stable/modules/preprocessing.html | ConvergenceWarning: The optimal value found for dimension 0 of parameter k2__length_scale is close to the specified upper bound 0.35715128317156397. Increasing the bound and calling fit again may find a better value.",386,193,193,0.04,0.3,0.0006250000000000006,87798966e1f083638cadccdd46adece9544ee7dfa0e0f606b01c90c0a8e96917,True,-1.34443827778315,-1.042105017072785e-05,3,2,True,True,3
2021_1pct_x100,6,0.17,170,20,2,181193757,v4p8_rigid_length_scan_common_v1,False,12,True,True,,1988.2431120791853,0.3891074415940969,0.026191094099248028,0.47620171089541863,0.11167920048193762,0.02381008554477093,16.342126989104873,1.1,20.0,0.8171063494552437,14.85647908100443,0.0808627253698429,198.92033984893519,1e-08,1e+18,1.0,30,0.160783353125,0.17921664687500002,0.0040962875,0.04,0.3,False,False,False,False,False,False,4,"ConvergenceWarning: lbfgs failed to converge (status=2):
ABNORMAL_TERMINATION_IN_LNSRCH.

Increase the number of iterations (max_iter) or scale the data as shown in:
    https://scikit-learn.org/stable/modules/preprocessing.html | ConvergenceWarning: lbfgs failed to converge (status=2):
ABNORMAL_TERMINATION_IN_LNSRCH.

Increase the number of iterations (max_iter) or scale the data as shown in:
    https://scikit-learn.org/stable/modules/preprocessing.html | ConvergenceWarning: lbfgs failed to converge (status=2):
ABNORMAL_TERMINATION_IN_LNSRCH.

Increase the number of iterations (max_iter) or scale the data as shown in:
    https://scikit-learn.org/stable/modules/preprocessing.html | ConvergenceWarning: lbfgs failed to converge (status=2):
ABNORMAL_TERMINATION_IN_LNSRCH.

Increase the number of iterations (max_iter) or scale the data as shown in:
    https://scikit-learn.org/stable/modules/preprocessing.html",386,193,193,0.04,0.3,0.0006250000000000006,87798966e1f083638cadccdd46adece9544ee7dfa0e0f606b01c90c0a8e96917,True,-3.216951276142784,-2.7817722220270067e-05,3,2,True,True,3
2021_1pct_x100,6,0.17,170,25,2,181193757,v4p8_rigid_length_scan_common_v1,False,12,True,True,,1988.2431023888548,0.38912304166535344,0.026191094099248028,0.5952521386192733,0.12486114197521989,0.02381008554477093,16.34278217663989,1.1,25.0,0.6537112870655956,14.857074706036261,0.08086663887675968,199.02403750556547,1e-08,1e+18,1.0,30,0.160783353125,0.17921664687500002,0.0040962875,0.04,0.3,False,False,False,False,False,False,2,"ConvergenceWarning: lbfgs failed to converge (status=2):
ABNORMAL_TERMINATION_IN_LNSRCH.

Increase the number of iterations (max_iter) or scale the data as shown in:
    https://scikit-learn.org/stable/modules/preprocessing.html | ConvergenceWarning: lbfgs failed to converge (status=2):
ABNORMAL_TERMINATION_IN_LNSRCH.

Increase the number of iterations (max_iter) or scale the data as shown in:
    https://scikit-learn.org/stable/modules/preprocessing.html",386,193,193,0.04,0.3,0.0006250000000000006,87798966e1f083638cadccdd46adece9544ee7dfa0e0f606b01c90c0a8e96917,True,-2.822199409470193,-2.4405066711441046e-05,3,0,True,False,3
2021_1pct_x100,6,0.19,190,15,0,1851779420,v4p8_rigid_length_scan_common_v1,False,12,True,True,,1967.0323468284773,0.3655427705841774,0.026806469842839676,0.3655427705841774,0.09898945022542965,0.02436951803894516,15.0,1.1,15.0,1.0,13.636363636363637,0.08384625691094569,106.56632445035783,1e-08,1e+18,1.0,34,0.179454053125,0.200545946875,0.0046870875,0.04,0.3,False,True,False,True,False,False,4,"ConvergenceWarning: lbfgs failed to converge (status=2):
ABNORMAL_TERMINATION_IN_LNSRCH.

Increase the number of iterations (max_iter) or scale the data as shown in:
    https://scikit-learn.org/stable/modules/preprocessing.html | ConvergenceWarning: lbfgs failed to converge (status=2):
ABNORMAL_TERMINATION_IN_LNSRCH.

Increase the number of iterations (max_iter) or scale the data as shown in:
    https://scikit-learn.org/stable/modules/preprocessing.html | ConvergenceWarning: lbfgs failed to converge (status=2):
ABNORMAL_TERMINATION_IN_LNSRCH.

Increase the number of iterations (max_iter) or scale the data as shown in:
    https://scikit-learn.org/stable/modules/preprocessing.html | ConvergenceWarning: The optimal value found for dimension 0 of parameter k2__length_scale is close to the specified upper bound 0.3655427705841774. Increasing the bound and calling fit again may find a better value.",382,223,159,0.04,0.3,0.0006250000000000006,8db56759968a72a7de246b46ad31f87c47de508b331e373fc40b54c2d1a34841,True,-0.4119156623836947,-5.874526490814533e-06,3,1,True,False,3
2021_1pct_x100,6,0.19,190,20,0,1851779420,v4p8_rigid_length_scan_common_v1,False,12,True,True,,1967.9361213520838,0.3951388150365434,0.026806469842839676,0.4873903607789032,0.11430317146916974,0.02436951803894516,16.21446983092026,1.1,20.0,0.8107234915460131,14.74042711901842,0.0920721494131173,223.49269750088143,1e-08,1e+18,1.0,34,0.179454053125,0.200545946875,0.0046870875,0.04,0.3,False,False,False,False,False,False,3,"ConvergenceWarning: lbfgs failed to converge (status=2):
ABNORMAL_TERMINATION_IN_LNSRCH.

Increase the number of iterations (max_iter) or scale the data as shown in:
    https://scikit-learn.org/stable/modules/preprocessing.html | ConvergenceWarning: lbfgs failed to converge (status=2):
ABNORMAL_TERMINATION_IN_LNSRCH.

Increase the number of iterations (max_iter) or scale the data as shown in:
    https://scikit-learn.org/stable/modules/preprocessing.html | ConvergenceWarning: lbfgs failed to converge (status=2):
ABNORMAL_TERMINATION_IN_LNSRCH.

Increase the number of iterations (max_iter) or scale the data as shown in:
    https://scikit-learn.org/stable/modules/preprocessing.html",382,223,159,0.04,0.3,0.0006250000000000006,8db56759968a72a7de246b46ad31f87c47de508b331e373fc40b54c2d1a34841,True,-0.9222304901308509,-1.4202276997903709e-05,3,0,True,True,3
2021_1pct_x100,6,0.19,190,25,0,1851779420,v4p8_rigid_length_scan_common_v1,False,12,True,True,,1967.9361448195964,0.3951350625875598,0.026806469842839676,0.609237950973629,0.12779483072443903,0.02436951803894516,16.21431584966476,1.1,25.0,0.6485726339865905,14.740287136058873,0.09207109095375283,223.19691704420697,1e-08,1e+18,1.0,34,0.179454053125,0.200545946875,0.0046870875,0.04,0.3,False,False,False,False,False,False,3,"ConvergenceWarning: lbfgs failed to converge (status=2):
ABNORMAL_TERMINATION_IN_LNSRCH.

Increase the number of iterations (max_iter) or scale the data as shown in:
    https://scikit-learn.org/stable/modules/preprocessing.html | ConvergenceWarning: lbfgs failed to converge (status=2):
ABNORMAL_TERMINATION_IN_LNSRCH.

Increase the number of iterations (max_iter) or scale the data as shown in:
    https://scikit-learn.org/stable/modules/preprocessing.html | ConvergenceWarning: lbfgs failed to converge (status=2):
ABNORMAL_TERMINATION_IN_LNSRCH.

Increase the number of iterations (max_iter) or scale the data as shown in:
    https://scikit-learn.org/stable/modules/preprocessing.html",382,223,159,0.04,0.3,0.0006250000000000006,8db56759968a72a7de246b46ad31f87c47de508b331e373fc40b54c2d1a34841,True,-0.8694346388977722,-1.3389916596506764e-05,3,0,True,True,3
2021_1pct_x100,6,0.19,190,15,1,310025113,v4p8_rigid_length_scan_common_v1,False,12,True,True,,1967.0323614179483,0.3655427705841774,0.026806469842839676,0.3655427705841774,0.09898945022542965,0.02436951803894516,15.0,1.1,15.0,1.0,13.636363636363637,0.08384625691094569,106.56774569482816,1e-08,1e+18,1.0,34,0.179454053125,0.200545946875,0.0046870875,0.04,0.3,False,True,False,True,False,False,2,"ConvergenceWarning: lbfgs failed to converge (status=2):
ABNORMAL_TERMINATION_IN_LNSRCH.

Increase the number of iterations (max_iter) or scale the data as shown in:
    https://scikit-learn.org/stable/modules/preprocessing.html | ConvergenceWarning: The optimal value found for dimension 0 of parameter k2__length_scale is close to the specified upper bound 0.3655427705841774. Increasing the bound and calling fit again may find a better value.",382,223,159,0.04,0.3,0.0006250000000000006,8db56759968a72a7de246b46ad31f87c47de508b331e373fc40b54c2d1a34841,True,-0.4107336257396801,-5.857670230060779e-06,3,1,True,True,3
2021_1pct_x100,6,0.19,190,20,1,310025113,v4p8_rigid_length_scan_common_v1,False,12,True,True,,1967.9360837843365,0.3951410871925689,0.026806469842839676,0.4873903607789032,0.11430317146916974,0.02436951803894516,16.21456306854695,1.1,20.0,0.8107281534273476,14.740511880497229,0.09207279032577938,223.5197077595946,1e-08,1e+18,1.0,34,0.179454053125,0.200545946875,0.0046870875,0.04,0.3,False,False,False,False,False,False,0,,382,223,159,0.04,0.3,0.0006250000000000006,8db56759968a72a7de246b46ad31f87c47de508b331e373fc40b54c2d1a34841,True,-0.8474890657404739,-1.3051298222766932e-05,3,0,True,False,3
2021_1pct_x100,6,0.19,190,25,1,310025113,v4p8_rigid_length_scan_common_v1,False,12,True,True,,1967.936117064397,0.3951407176863274,0.026806469842839676,0.609237950973629,0.12779483072443903,0.02436951803894516,16.21454790590644,1.1,25.0,0.6485819162362575,14.74049809627858,0.09207268609814201,223.52531332479586,1e-08,1e+18,1.0,34,0.179454053125,0.200545946875,0.0046870875,0.04,0.3,False,False,False,False,False,False,2,"ConvergenceWarning: lbfgs failed to converge (status=2):
ABNORMAL_TERMINATION_IN_LNSRCH.

Increase the number of iterations (max_iter) or scale the data as shown in:
    https://scikit-learn.org/stable/modules/preprocessing.html | ConvergenceWarning: lbfgs failed to converge (status=2):
ABNORMAL_TERMINATION_IN_LNSRCH.

Increase the number of iterations (max_iter) or scale the data as shown in:
    https://scikit-learn.org/stable/modules/preprocessing.html",382,223,159,0.04,0.3,0.0006250000000000006,8db56759968a72a7de246b46ad31f87c47de508b331e373fc40b54c2d1a34841,True,-0.804030632001666,-1.2381995789402878e-05,3,0,True,False,3
2021_1pct_x100,6,0.19,190,15,2,1520058645,v4p8_rigid_length_scan_common_v1,False,12,True,True,,1967.032342652305,0.3655427705841774,0.026806469842839676,0.3655427705841774,0.09898945022542965,0.02436951803894516,15.0,1.1,15.0,1.0,13.636363636363637,0.08384625691094569,106.56770751237873,1e-08,1e+18,1.0,34,0.179454053125,0.200545946875,0.0046870875,0.04,0.3,False,True,False,True,False,False,1,ConvergenceWarning: The optimal value found for dimension 0 of parameter k2__length_scale is close to the specified upper bound 0.3655427705841774. Increasing the bound and calling fit again may find a better value.,382,223,159,0.04,0.3,0.0006250000000000006,8db56759968a72a7de246b46ad31f87c47de508b331e373fc40b54c2d1a34841,True,-0.45859630561487286,-6.540258499714915e-06,3,1,True,False,3
2021_1pct_x100,6,0.19,190,20,2,1520058645,v4p8_rigid_length_scan_common_v1,False,12,True,True,,1967.93609358792,0.395053411928562,0.026806469842839676,0.4873903607789032,0.11430317146916974,0.02436951803894516,16.21096532550309,1.1,20.0,0.8105482662751545,14.737241205002809,0.0920480606035267,222.8884242167296,1e-08,1e+18,1.0,34,0.179454053125,0.200545946875,0.0046870875,0.04,0.3,False,False,False,False,False,False,0,,382,223,159,0.04,0.3,0.0006250000000000006,8db56759968a72a7de246b46ad31f87c47de508b331e373fc40b54c2d1a34841,True,-0.9417493746018615,-1.4500281903120927e-05,3,0,True,False,3
2021_1pct_x100,6,0.19,190,25,2,1520058645,v4p8_rigid_length_scan_common_v1,False,12,True,True,,1967.9360389663225,0.39514079972049865,0.026806469842839676,0.609237950973629,0.12779483072443903,0.02436951803894516,16.214551272167974,1.1,25.0,0.648582050886719,14.740501156516341,0.09207270923774201,223.51752455510749,1e-08,1e+18,1.0,34,0.179454053125,0.200545946875,0.0046870875,0.04,0.3,False,False,False,False,False,False,1,"ConvergenceWarning: lbfgs failed to converge (status=2):
ABNORMAL_TERMINATION_IN_LNSRCH.

Increase the number of iterations (max_iter) or scale the data as shown in:
    https://scikit-learn.org/stable/modules/preprocessing.html",382,223,159,0.04,0.3,0.0006250000000000006,8db56759968a72a7de246b46ad31f87c47de508b331e373fc40b54c2d1a34841,True,-0.8430351908917859,-1.2982695532802574e-05,3,0,True,False,3
2021_1pct_x100,6,0.21,210,15,0,630394983,v4p8_rigid_length_scan_common_v1,False,12,True,True,,1961.5337255372099,0.3771185154055612,0.027655357796407824,0.3771185154055612,0.10212417674180257,0.025141234360370746,15.0,1.1,15.0,1.0,13.636363636363635,0.09619619178349216,141.6583125332275,1e-08,1e+18,1.0,38,0.197970178125,0.22202982187499998,0.0053465875,0.04,0.3,False,True,False,True,False,False,2,"ConvergenceWarning: lbfgs failed to converge (status=2):
ABNORMAL_TERMINATION_IN_LNSRCH.

Increase the number of iterations (max_iter) or scale the data as shown in:
    https://scikit-learn.org/stable/modules/preprocessing.html | ConvergenceWarning: The optimal value found for dimension 0 of parameter k2__length_scale is close to the specified upper bound 0.3771185154055612. Increasing the bound and calling fit again may find a better value.",378,253,125,0.04,0.3,0.0006250000000000006,64a358fe9b0ededb27c085a2f38093bc4c9728b9de2b67e2f9fe6f97ccf863e8,True,-0.2796792288660328,-7.398717539024192e-06,3,0,True,True,3
2021_1pct_x100,6,0.21,210,20,0,630394983,v4p8_rigid_length_scan_common_v1,False,12,True,True,,1961.8050754836302,0.39185059765540237,0.027655357796407824,0.5028246872074149,0.11792284186529728,0.025141234360370746,15.585972909630199,1.1,20.0,0.77929864548151,14.169066281481998,0.10074049056842684,211.59658443821414,1e-08,1e+18,1.0,38,0.197970178125,0.22202982187499998,0.0053465875,0.04,0.3,False,False,False,False,False,False,2,"ConvergenceWarning: lbfgs failed to converge (status=2):
ABNORMAL_TERMINATION_IN_LNSRCH.

Increase the number of iterations (max_iter) or scale the data as shown in:
    https://scikit-learn.org/stable/modules/preprocessing.html | ConvergenceWarning: lbfgs failed to converge (status=2):
ABNORMAL_TERMINATION_IN_LNSRCH.

Increase the number of iterations (max_iter) or scale the data as shown in:
    https://scikit-learn.org/stable/modules/preprocessing.html",378,253,125,0.04,0.3,0.0006250000000000006,64a358fe9b0ededb27c085a2f38093bc4c9728b9de2b67e2f9fe6f97ccf863e8,True,-0.2848110157920655,-7.7719412660391e-06,3,1,True,False,3
2021_1pct_x100,6,0.21,210,25,0,630394983,v4p8_rigid_length_scan_common_v1,False,12,True,True,,1961.8050900090277,0.3918558147952071,0.027655357796407824,0.6285308590092686,0.1318417452553814,0.025141234360370746,15.586180422902219,1.1,25.0,0.6234472169160887,14.169254929911105,0.1007421117492381,211.37651638150274,1e-08,1e+18,1.0,38,0.197970178125,0.22202982187499998,0.0053465875,0.04,0.3,False,False,False,False,False,False,1,"ConvergenceWarning: lbfgs failed to converge (status=2):
ABNORMAL_TERMINATION_IN_LNSRCH.

Increase the number of iterations (max_iter) or scale the data as shown in:
    https://scikit-learn.org/stable/modules/preprocessing.html",378,253,125,0.04,0.3,0.0006250000000000006,64a358fe9b0ededb27c085a2f38093bc4c9728b9de2b67e2f9fe6f97ccf863e8,True,-0.39596225560761467,-1.0805603591275818e-05,3,1,True,False,3
2021_1pct_x100,6,0.21,210,15,1,568121357,v4p8_rigid_length_scan_common_v1,False,12,True,True,,1961.5337106555096,0.3771185154055612,0.027655357796407824,0.3771185154055612,0.10212417674180257,0.025141234360370746,15.0,1.1,15.0,1.0,13.636363636363635,0.09619619178349216,141.64935648280502,1e-08,1e+18,1.0,38,0.197970178125,0.22202982187499998,0.0053465875,0.04,0.3,False,True,False,True,False,False,2,"ConvergenceWarning: lbfgs failed to converge (status=2):
ABNORMAL_TERMINATION_IN_LNSRCH.

Increase the number of iterations (max_iter) or scale the data as shown in:
    https://scikit-learn.org/stable/modules/preprocessing.html | ConvergenceWarning: The optimal value found for dimension 0 of parameter k2__length_scale is close to the specified upper bound 0.3771185154055612. Increasing the bound and calling fit again may find a better value.",378,253,125,0.04,0.3,0.0006250000000000006,64a358fe9b0ededb27c085a2f38093bc4c9728b9de2b67e2f9fe6f97ccf863e8,True,-0.3089492525638795,-8.173061752546517e-06,3,0,True,False,3
2021_1pct_x100,6,0.21,210,20,1,568121357,v4p8_rigid_length_scan_common_v1,False,12,True,True,,1961.8051079593536,0.3918530804743021,0.027655357796407824,0.5028246872074149,0.11792284186529728,0.025141234360370746,15.58607166448305,1.1,20.0,0.7793035832241525,14.169156058620953,0.10074126208174752,211.6610684957034,1e-08,1e+18,1.0,38,0.197970178125,0.22202982187499998,0.0053465875,0.04,0.3,False,False,False,False,False,False,2,"ConvergenceWarning: lbfgs failed to converge (status=2):
ABNORMAL_TERMINATION_IN_LNSRCH.

Increase the number of iterations (max_iter) or scale the data as shown in:
    https://scikit-learn.org/stable/modules/preprocessing.html | ConvergenceWarning: lbfgs failed to converge (status=2):
ABNORMAL_TERMINATION_IN_LNSRCH.

Increase the number of iterations (max_iter) or scale the data as shown in:
    https://scikit-learn.org/stable/modules/preprocessing.html",378,253,125,0.04,0.3,0.0006250000000000006,64a358fe9b0ededb27c085a2f38093bc4c9728b9de2b67e2f9fe6f97ccf863e8,True,-0.3050044216249534,-8.322960209675698e-06,3,1,True,True,3
2021_1pct_x100,6,0.21,210,25,1,568121357,v4p8_rigid_length_scan_common_v1,False,12,True,True,,1961.8050901517388,0.3918438604345228,0.027655357796407824,0.6285308590092686,0.1318417452553814,0.025141234360370746,15.585704934685811,1.1,25.0,0.6234281973874324,14.16882266789619,0.10073839704815792,211.51256557268698,1e-08,1e+18,1.0,38,0.197970178125,0.22202982187499998,0.0053465875,0.04,0.3,False,False,False,False,False,False,1,"ConvergenceWarning: lbfgs failed to converge (status=2):
ABNORMAL_TERMINATION_IN_LNSRCH.

Increase the number of iterations (max_iter) or scale the data as shown in:
    https://scikit-learn.org/stable/modules/preprocessing.html",378,253,125,0.04,0.3,0.0006250000000000006,64a358fe9b0ededb27c085a2f38093bc4c9728b9de2b67e2f9fe6f97ccf863e8,True,-0.32206882087689964,-8.788578961245703e-06,3,1,True,True,3
2021_1pct_x100,6,0.21,210,15,2,1192364615,v4p8_rigid_length_scan_common_v1,False,12,True,True,,1961.5336941552298,0.3771185154055612,0.027655357796407824,0.3771185154055612,0.10212417674180257,0.025141234360370746,15.0,1.1,15.0,1.0,13.636363636363635,0.09619619178349216,141.6033593297534,1e-08,1e+18,1.0,38,0.197970178125,0.22202982187499998,0.0053465875,0.04,0.3,False,True,False,True,False,False,2,"ConvergenceWarning: lbfgs failed to converge (status=2):
ABNORMAL_TERMINATION_IN_LNSRCH.

Increase the number of iterations (max_iter) or scale the data as shown in:
    https://scikit-learn.org/stable/modules/preprocessing.html | ConvergenceWarning: The optimal value found for dimension 0 of parameter k2__length_scale is close to the specified upper bound 0.3771185154055612. Increasing the bound and calling fit again may find a better value.",378,253,125,0.04,0.3,0.0006250000000000006,64a358fe9b0ededb27c085a2f38093bc4c9728b9de2b67e2f9fe6f97ccf863e8,True,-0.28031201693565533,-7.415570216735986e-06,3,0,True,False,3
2021_1pct_x100,6,0.21,210,20,2,1192364615,v4p8_rigid_length_scan_common_v1,False,12,True,True,,1961.8051064064991,0.3918410455160546,0.027655357796407824,0.5028246872074149,0.11792284186529728,0.025141234360370746,15.585592970474831,1.1,20.0,0.7792796485237415,14.168720882249845,0.10073752234613642,211.4985276142932,1e-08,1e+18,1.0,38,0.197970178125,0.22202982187499998,0.0053465875,0.04,0.3,False,False,False,False,False,False,2,"ConvergenceWarning: lbfgs failed to converge (status=2):
ABNORMAL_TERMINATION_IN_LNSRCH.

Increase the number of iterations (max_iter) or scale the data as shown in:
    https://scikit-learn.org/stable/modules/preprocessing.html | ConvergenceWarning: lbfgs failed to converge (status=2):
ABNORMAL_TERMINATION_IN_LNSRCH.

Increase the number of iterations (max_iter) or scale the data as shown in:
    https://scikit-learn.org/stable/modules/preprocessing.html",378,253,125,0.04,0.3,0.0006250000000000006,64a358fe9b0ededb27c085a2f38093bc4c9728b9de2b67e2f9fe6f97ccf863e8,True,-0.38745102939458825,-1.057267694772069e-05,3,1,True,False,3
2021_1pct_x100,6,0.21,210,25,2,1192364615,v4p8_rigid_length_scan_common_v1,False,12,True,True,,1961.8050558543252,0.39184150951156554,0.027655357796407824,0.6285308590092686,0.1318417452553814,0.025141234360370746,15.585611426032912,1.1,25.0,0.6234244570413164,14.168737660029919,0.1007376665269853,211.5031774992675,1e-08,1e+18,1.0,38,0.197970178125,0.22202982187499998,0.0053465875,0.04,0.3,False,False,False,False,False,False,2,"ConvergenceWarning: lbfgs failed to converge (status=2):
ABNORMAL_TERMINATION_IN_LNSRCH.

Increase the number of iterations (max_iter) or scale the data as shown in:
    https://scikit-learn.org/stable/modules/preprocessing.html | ConvergenceWarning: lbfgs failed to converge (status=2):
ABNORMAL_TERMINATION_IN_LNSRCH.

Increase the number of iterations (max_iter) or scale the data as shown in:
    https://scikit-learn.org/stable/modules/preprocessing.html",378,253,125,0.04,0.3,0.0006250000000000006,64a358fe9b0ededb27c085a2f38093bc4c9728b9de2b67e2f9fe6f97ccf863e8,True,-0.34819891714280876,-9.501568327463593e-06,3,1,True,False,3
2021_1pct_x100,6,0.23,230,15,0,1958884116,v4p8_rigid_length_scan_common_v1,False,12,True,True,,1939.885699116971,0.38615264625729917,0.02867627629665082,0.39104013131796567,0.1058941681527014,0.026069342087864378,14.812519815644228,1.1,15.0,0.9875013210429485,13.465927105131115,0.10840112601042085,190.77293994688395,1e-08,1e+18,1.0,44,0.216331728125,0.243668271875,0.006074787500000001,0.04,0.3,False,False,False,True,False,False,2,"ConvergenceWarning: lbfgs failed to converge (status=2):
ABNORMAL_TERMINATION_IN_LNSRCH.

Increase the number of iterations (max_iter) or scale the data as shown in:
    https://scikit-learn.org/stable/modules/preprocessing.html | ConvergenceWarning: lbfgs failed to converge (status=2):
ABNORMAL_TERMINATION_IN_LNSRCH.

Increase the number of iterations (max_iter) or scale the data as shown in:
    https://scikit-learn.org/stable/modules/preprocessing.html",372,282,90,0.04,0.3,0.0006250000000000006,e3e021374bf9f238f47245c5c81ea3c5a9f979b3808eae988edc0562a653d7a8,True,-0.10933828149005129,-4.547227867191607e-06,3,1,True,False,3
2021_1pct_x100,6,0.23,230,20,0,1958884116,v4p8_rigid_length_scan_common_v1,False,12,True,True,,1939.8857046829653,0.38614750758978345,0.02867627629665082,0.5213868417572876,0.12227605297714732,0.026069342087864378,14.812322700293238,1.1,20.0,0.740616135014662,13.465747909357487,0.1083993870840152,190.80253499453738,1e-08,1e+18,1.0,44,0.216331728125,0.243668271875,0.006074787500000001,0.04,0.3,False,False,False,False,False,False,3,"ConvergenceWarning: lbfgs failed to converge (status=2):
ABNORMAL_TERMINATION_IN_LNSRCH.

Increase the number of iterations (max_iter) or scale the data as shown in:
    https://scikit-learn.org/stable/modules/preprocessing.html | ConvergenceWarning: lbfgs failed to converge (status=2):
ABNORMAL_TERMINATION_IN_LNSRCH.

Increase the number of iterations (max_iter) or scale the data as shown in:
    https://scikit-learn.org/stable/modules/preprocessing.html | ConvergenceWarning: lbfgs failed to converge (status=2):
ABNORMAL_TERMINATION_IN_LNSRCH.

Increase the number of iterations (max_iter) or scale the data as shown in:
    https://scikit-learn.org/stable/modules/preprocessing.html",372,282,90,0.04,0.3,0.0006250000000000006,e3e021374bf9f238f47245c5c81ea3c5a9f979b3808eae988edc0562a653d7a8,True,-0.13230813995428986,-5.5022781038155425e-06,3,1,True,False,3
2021_1pct_x100,6,0.23,230,25,0,1958884116,v4p8_rigid_length_scan_common_v1,False,12,True,True,,1939.885689264176,0.38618880253938703,0.02867627629665082,0.6517335521966094,0.13670878323863347,0.026069342087864378,14.813906742938595,1.1,25.0,0.5925562697175438,13.467187948125995,0.10841336155818633,191.08686783459493,1e-08,1e+18,1.0,44,0.216331728125,0.243668271875,0.006074787500000001,0.04,0.3,False,False,False,False,False,False,0,,372,282,90,0.04,0.3,0.0006250000000000006,e3e021374bf9f238f47245c5c81ea3c5a9f979b3808eae988edc0562a653d7a8,True,-0.12135108812150934,-5.047076855755035e-06,3,1,True,False,3
2021_1pct_x100,6,0.23,230,15,1,2111167397,v4p8_rigid_length_scan_common_v1,False,12,True,True,,1939.8857298496987,0.3862109982465024,0.02867627629665082,0.39104013131796567,0.1058941681527014,0.026069342087864378,14.81475815326727,1.1,15.0,0.9876505435511513,13.4679619575157,0.10842087296540359,191.08078677353944,1e-08,1e+18,1.0,44,0.216331728125,0.243668271875,0.006074787500000001,0.04,0.3,False,False,False,True,False,False,3,"ConvergenceWarning: lbfgs failed to converge (status=2):
ABNORMAL_TERMINATION_IN_LNSRCH.

Increase the number of iterations (max_iter) or scale the data as shown in:
    https://scikit-learn.org/stable/modules/preprocessing.html | ConvergenceWarning: lbfgs failed to converge (status=2):
ABNORMAL_TERMINATION_IN_LNSRCH.

Increase the number of iterations (max_iter) or scale the data as shown in:
    https://scikit-learn.org/stable/modules/preprocessing.html | ConvergenceWarning: lbfgs failed to converge (status=2):
ABNORMAL_TERMINATION_IN_LNSRCH.

Increase the number of iterations (max_iter) or scale the data as shown in:
    https://scikit-learn.org/stable/modules/preprocessing.html",372,282,90,0.04,0.3,0.0006250000000000006,e3e021374bf9f238f47245c5c81ea3c5a9f979b3808eae988edc0562a653d7a8,True,-0.1166803063094719,-4.8534370427792825e-06,3,1,True,True,3
2021_1pct_x100,6,0.23,230,20,1,2111167397,v4p8_rigid_length_scan_common_v1,False,12,True,True,,1939.8857157063544,0.3861870388644871,0.02867627629665082,0.5213868417572876,0.12227605297714732,0.026069342087864378,14.81383908971996,1.1,20.0,0.740691954485998,13.467126445199963,0.10841276470756109,191.05529910232553,1e-08,1e+18,1.0,44,0.216331728125,0.243668271875,0.006074787500000001,0.04,0.3,False,False,False,False,False,False,4,"ConvergenceWarning: lbfgs failed to converge (status=2):
ABNORMAL_TERMINATION_IN_LNSRCH.

Increase the number of iterations (max_iter) or scale the data as shown in:
    https://scikit-learn.org/stable/modules/preprocessing.html | ConvergenceWarning: lbfgs failed to converge (status=2):
ABNORMAL_TERMINATION_IN_LNSRCH.

Increase the number of iterations (max_iter) or scale the data as shown in:
    https://scikit-learn.org/stable/modules/preprocessing.html | ConvergenceWarning: lbfgs failed to converge (status=2):
ABNORMAL_TERMINATION_IN_LNSRCH.

Increase the number of iterations (max_iter) or scale the data as shown in:
    https://scikit-learn.org/stable/modules/preprocessing.html | ConvergenceWarning: lbfgs failed to converge (status=2):
ABNORMAL_TERMINATION_IN_LNSRCH.

Increase the number of iterations (max_iter) or scale the data as shown in:
    https://scikit-learn.org/stable/modules/preprocessing.html",372,282,90,0.04,0.3,0.0006250000000000006,e3e021374bf9f238f47245c5c81ea3c5a9f979b3808eae988edc0562a653d7a8,True,-0.11768469415719968,-4.894613523047047e-06,3,1,True,True,3
2021_1pct_x100,6,0.23,230,25,1,2111167397,v4p8_rigid_length_scan_common_v1,False,12,True,True,,1939.8857158980377,0.3861987138470735,0.02867627629665082,0.6517335521966094,0.13670878323863347,0.026069342087864378,14.814286933111905,1.1,25.0,0.5925714773244762,13.467533575556276,0.10841671569375985,191.06054502351157,1e-08,1e+18,1.0,44,0.216331728125,0.243668271875,0.006074787500000001,0.04,0.3,False,False,False,False,False,False,4,"ConvergenceWarning: lbfgs failed to converge (status=2):
ABNORMAL_TERMINATION_IN_LNSRCH.

Increase the number of iterations (max_iter) or scale the data as shown in:
    https://scikit-learn.org/stable/modules/preprocessing.html | ConvergenceWarning: lbfgs failed to converge (status=2):
ABNORMAL_TERMINATION_IN_LNSRCH.

Increase the number of iterations (max_iter) or scale the data as shown in:
    https://scikit-learn.org/stable/modules/preprocessing.html | ConvergenceWarning: lbfgs failed to converge (status=2):
ABNORMAL_TERMINATION_IN_LNSRCH.

Increase the number of iterations (max_iter) or scale the data as shown in:
    https://scikit-learn.org/stable/modules/preprocessing.html | ConvergenceWarning: lbfgs failed to converge (status=2):
ABNORMAL_TERMINATION_IN_LNSRCH.

Increase the number of iterations (max_iter) or scale the data as shown in:
    https://scikit-learn.org/stable/modules/preprocessing.html",372,282,90,0.04,0.3,0.0006250000000000006,e3e021374bf9f238f47245c5c81ea3c5a9f979b3808eae988edc0562a653d7a8,True,-0.11532672118712461,-4.796849112058926e-06,3,1,True,True,3
2021_1pct_x100,6,0.23,230,15,2,1573442519,v4p8_rigid_length_scan_common_v1,False,12,True,True,,1939.885683651351,0.3861986730747712,0.02867627629665082,0.39104013131796567,0.1058941681527014,0.026069342087864378,14.81428536911761,1.1,15.0,0.9876190246078407,13.46753215374328,0.10841670189573151,191.05627584905451,1e-08,1e+18,1.0,44,0.216331728125,0.243668271875,0.006074787500000001,0.04,0.3,False,False,False,True,False,False,3,"ConvergenceWarning: lbfgs failed to converge (status=2):
ABNORMAL_TERMINATION_IN_LNSRCH.

Increase the number of iterations (max_iter) or scale the data as shown in:
    https://scikit-learn.org/stable/modules/preprocessing.html | ConvergenceWarning: lbfgs failed to converge (status=2):
ABNORMAL_TERMINATION_IN_LNSRCH.

Increase the number of iterations (max_iter) or scale the data as shown in:
    https://scikit-learn.org/stable/modules/preprocessing.html | ConvergenceWarning: lbfgs failed to converge (status=2):
ABNORMAL_TERMINATION_IN_LNSRCH.

Increase the number of iterations (max_iter) or scale the data as shown in:
    https://scikit-learn.org/stable/modules/preprocessing.html",372,282,90,0.04,0.3,0.0006250000000000006,e3e021374bf9f238f47245c5c81ea3c5a9f979b3808eae988edc0562a653d7a8,True,-0.115512098409427,-4.804568478708819e-06,3,1,True,False,3
2021_1pct_x100,6,0.23,230,20,2,1573442519,v4p8_rigid_length_scan_common_v1,False,12,True,True,,1939.885703702947,0.3862088226643506,0.02867627629665082,0.5213868417572876,0.12227605297714732,0.026069342087864378,14.81467469960187,1.1,20.0,0.7407337349800935,13.467886090547152,0.10842013670379347,191.1799975848955,1e-08,1e+18,1.0,44,0.216331728125,0.243668271875,0.006074787500000001,0.04,0.3,False,False,False,False,False,False,3,"ConvergenceWarning: lbfgs failed to converge (status=2):
ABNORMAL_TERMINATION_IN_LNSRCH.

Increase the number of iterations (max_iter) or scale the data as shown in:
    https://scikit-learn.org/stable/modules/preprocessing.html | ConvergenceWarning: lbfgs failed to converge (status=2):
ABNORMAL_TERMINATION_IN_LNSRCH.

Increase the number of iterations (max_iter) or scale the data as shown in:
    https://scikit-learn.org/stable/modules/preprocessing.html | ConvergenceWarning: lbfgs failed to converge (status=2):
ABNORMAL_TERMINATION_IN_LNSRCH.

Increase the number of iterations (max_iter) or scale the data as shown in:
    https://scikit-learn.org/stable/modules/preprocessing.html",372,282,90,0.04,0.3,0.0006250000000000006,e3e021374bf9f238f47245c5c81ea3c5a9f979b3808eae988edc0562a653d7a8,True,-0.11380918580393556,-4.733718522157328e-06,3,1,True,False,3
2021_1pct_x100,6,0.23,230,25,2,1573442519,v4p8_rigid_length_scan_common_v1,False,12,True,True,,1939.885713862227,0.3862047861620362,0.02867627629665082,0.6517335521966094,0.13670878323863347,0.026069342087864378,14.814519862464024,1.1,25.0,0.5925807944985609,13.467745329512748,0.10841877067288544,191.0915676110397,1e-08,1e+18,1.0,44,0.216331728125,0.243668271875,0.006074787500000001,0.04,0.3,False,False,False,False,False,False,4,"ConvergenceWarning: lbfgs failed to converge (status=2):
ABNORMAL_TERMINATION_IN_LNSRCH.

Increase the number of iterations (max_iter) or scale the data as shown in:
    https://scikit-learn.org/stable/modules/preprocessing.html | ConvergenceWarning: lbfgs failed to converge (status=2):
ABNORMAL_TERMINATION_IN_LNSRCH.

Increase the number of iterations (max_iter) or scale the data as shown in:
    https://scikit-learn.org/stable/modules/preprocessing.html | ConvergenceWarning: lbfgs failed to converge (status=2):
ABNORMAL_TERMINATION_IN_LNSRCH.

Increase the number of iterations (max_iter) or scale the data as shown in:
    https://scikit-learn.org/stable/modules/preprocessing.html | ConvergenceWarning: lbfgs failed to converge (status=2):
ABNORMAL_TERMINATION_IN_LNSRCH.

Increase the number of iterations (max_iter) or scale the data as shown in:
    https://scikit-learn.org/stable/modules/preprocessing.html",372,282,90,0.04,0.3,0.0006250000000000006,e3e021374bf9f238f47245c5c81ea3c5a9f979b3808eae988edc0562a653d7a8,True,-0.10425939090107096,-4.336600246256331e-06,3,1,True,False,3
2021_1pct_x100,6,0.25,250,15,0,1559236560,v4p8_rigid_length_scan_common_v1,False,12,True,True,,1932.107630561012,0.3802707723136971,0.029827349120775296,0.4067365789196631,0.1101447862571196,0.02711577192797754,14.023970009916662,1.1,15.0,0.9349313339944441,12.749063645378783,0.11567014730656494,179.6495863533091,1e-08,1e+18,1.0,50,0.234538703125,0.265461296875,0.006871687500000001,0.04,0.3,False,False,False,False,False,False,3,"ConvergenceWarning: lbfgs failed to converge (status=2):
ABNORMAL_TERMINATION_IN_LNSRCH.

Increase the number of iterations (max_iter) or scale the data as shown in:
    https://scikit-learn.org/stable/modules/preprocessing.html | ConvergenceWarning: lbfgs failed to converge (status=2):
ABNORMAL_TERMINATION_IN_LNSRCH.

Increase the number of iterations (max_iter) or scale the data as shown in:
    https://scikit-learn.org/stable/modules/preprocessing.html | ConvergenceWarning: lbfgs failed to converge (status=2):
ABNORMAL_TERMINATION_IN_LNSRCH.

Increase the number of iterations (max_iter) or scale the data as shown in:
    https://scikit-learn.org/stable/modules/preprocessing.html",366,311,55,0.04,0.3,0.0006250000000000006,8eb2f26648cc91b5042e8823a6e501762876c9a1c3f0b5fa070a04549056718c,True,-0.04049030640759546,-2.043134713508707e-06,3,0,True,True,3
2021_1pct_x100,6,0.25,250,20,0,1559236560,v4p8_rigid_length_scan_common_v1,False,12,True,True,,1932.1076222199065,0.380289939495899,0.029827349120775296,0.5423154385595508,0.1271842439907636,0.02711577192797754,14.02467687462451,1.1,20.0,0.7012338437312254,12.749706249658642,0.11567715624007469,179.89659985504318,1e-08,1e+18,1.0,50,0.234538703125,0.265461296875,0.006871687500000001,0.04,0.3,False,False,False,False,False,False,1,"ConvergenceWarning: lbfgs failed to converge (status=2):
ABNORMAL_TERMINATION_IN_LNSRCH.

Increase the number of iterations (max_iter) or scale the data as shown in:
    https://scikit-learn.org/stable/modules/preprocessing.html",366,311,55,0.04,0.3,0.0006250000000000006,8eb2f26648cc91b5042e8823a6e501762876c9a1c3f0b5fa070a04549056718c,True,-0.044026056698154736,-2.2214866397256232e-06,3,0,True,True,3
2021_1pct_x100,6,0.25,250,25,0,1559236560,v4p8_rigid_length_scan_common_v1,False,12,True,True,,1932.1075958951076,0.38030413311729794,0.029827349120775296,0.6778942981994385,0.14219630761513327,0.02711577192797754,14.02520031985176,1.1,25.0,0.5610080127940704,12.750182108956144,0.11568234656001924,180.01724578193017,1e-08,1e+18,1.0,50,0.234538703125,0.265461296875,0.006871687500000001,0.04,0.3,False,False,False,False,False,False,2,"ConvergenceWarning: lbfgs failed to converge (status=2):
ABNORMAL_TERMINATION_IN_LNSRCH.

Increase the number of iterations (max_iter) or scale the data as shown in:
    https://scikit-learn.org/stable/modules/preprocessing.html | ConvergenceWarning: lbfgs failed to converge (status=2):
ABNORMAL_TERMINATION_IN_LNSRCH.

Increase the number of iterations (max_iter) or scale the data as shown in:
    https://scikit-learn.org/stable/modules/preprocessing.html",366,311,55,0.04,0.3,0.0006250000000000006,8eb2f26648cc91b5042e8823a6e501762876c9a1c3f0b5fa070a04549056718c,True,-0.04467922743634129,-2.2544698408491294e-06,3,1,True,False,3
2021_1pct_x100,6,0.25,250,15,1,2864400278,v4p8_rigid_length_scan_common_v1,False,12,True,True,,1932.1076091991888,0.38030483743252985,0.029827349120775296,0.4067365789196631,0.1101447862571196,0.02711577192797754,14.025226294226886,1.1,15.0,0.9350150862817924,12.750205722024441,0.11568260411575665,180.01731503684272,1e-08,1e+18,1.0,50,0.234538703125,0.265461296875,0.006871687500000001,0.04,0.3,False,False,False,False,False,False,0,,366,311,55,0.04,0.3,0.0006250000000000006,8eb2f26648cc91b5042e8823a6e501762876c9a1c3f0b5fa070a04549056718c,True,-0.04814383418850459,-2.429298746964479e-06,3,0,True,False,3
2021_1pct_x100,6,0.25,250,20,1,2864400278,v4p8_rigid_length_scan_common_v1,False,12,True,True,,1932.1075801199656,0.38027589219683733,0.029827349120775296,0.5423154385595508,0.1271842439907636,0.02711577192797754,14.024158825604957,1.1,20.0,0.7012079412802478,12.749235296004505,0.11567201949977973,179.8710013818548,1e-08,1e+18,1.0,50,0.234538703125,0.265461296875,0.006871687500000001,0.04,0.3,False,False,False,False,False,False,1,"ConvergenceWarning: lbfgs failed to converge (status=2):
ABNORMAL_TERMINATION_IN_LNSRCH.

Increase the number of iterations (max_iter) or scale the data as shown in:
    https://scikit-learn.org/stable/modules/preprocessing.html",366,311,55,0.04,0.3,0.0006250000000000006,8eb2f26648cc91b5042e8823a6e501762876c9a1c3f0b5fa070a04549056718c,True,-0.04220842042648916,-2.1296462738886214e-06,3,0,True,False,3
2021_1pct_x100,6,0.25,250,25,1,2864400278,v4p8_rigid_length_scan_common_v1,False,12,True,True,,1932.1076037887517,0.38030485052043056,0.029827349120775296,0.6778942981994385,0.14219630761513327,0.02711577192797754,14.025226776894344,1.1,25.0,0.5610090710757738,12.75020616081304,0.11568260890177429,179.95177063762276,1e-08,1e+18,1.0,50,0.234538703125,0.265461296875,0.006871687500000001,0.04,0.3,False,False,False,False,False,False,1,"ConvergenceWarning: lbfgs failed to converge (status=2):
ABNORMAL_TERMINATION_IN_LNSRCH.

Increase the number of iterations (max_iter) or scale the data as shown in:
    https://scikit-learn.org/stable/modules/preprocessing.html",366,311,55,0.04,0.3,0.0006250000000000006,8eb2f26648cc91b5042e8823a6e501762876c9a1c3f0b5fa070a04549056718c,True,-0.03905262359372198,-1.970629928900284e-06,3,1,True,True,3
2021_1pct_x100,6,0.25,250,15,2,1662979831,v4p8_rigid_length_scan_common_v1,False,12,True,True,,1932.1075958609656,0.380313748577408,0.029827349120775296,0.4067365789196631,0.1101447862571196,0.02711577192797754,14.02555492749987,1.1,15.0,0.935036995166658,12.750504479545334,0.11568586278094056,180.08067119009146,1e-08,1e+18,1.0,50,0.234538703125,0.265461296875,0.006871687500000001,0.04,0.3,False,False,False,False,False,False,1,"ConvergenceWarning: lbfgs failed to converge (status=2):
ABNORMAL_TERMINATION_IN_LNSRCH.

Increase the number of iterations (max_iter) or scale the data as shown in:
    https://scikit-learn.org/stable/modules/preprocessing.html",366,311,55,0.04,0.3,0.0006250000000000006,8eb2f26648cc91b5042e8823a6e501762876c9a1c3f0b5fa070a04549056718c,True,-0.04335422380535005,-2.1876488105757027e-06,3,0,True,False,3
2021_1pct_x100,6,0.25,250,20,2,1662979831,v4p8_rigid_length_scan_common_v1,False,12,True,True,,1932.1075821569764,0.3803062647191333,0.029827349120775296,0.5423154385595508,0.1271842439907636,0.02711577192797754,14.025278930995157,1.1,20.0,0.7012639465497579,12.75025357363196,0.11568312605001113,180.07186356944737,1e-08,1e+18,1.0,50,0.234538703125,0.265461296875,0.006871687500000001,0.04,0.3,False,False,False,False,False,False,1,"ConvergenceWarning: lbfgs failed to converge (status=2):
ABNORMAL_TERMINATION_IN_LNSRCH.

Increase the number of iterations (max_iter) or scale the data as shown in:
    https://scikit-learn.org/stable/modules/preprocessing.html",366,311,55,0.04,0.3,0.0006250000000000006,8eb2f26648cc91b5042e8823a6e501762876c9a1c3f0b5fa070a04549056718c,True,-0.044433959545801906,-2.2420555829628106e-06,3,0,True,False,3
2021_1pct_x100,6,0.25,250,25,2,1662979831,v4p8_rigid_length_scan_common_v1,False,12,True,True,,1932.107583652735,0.3802537128876415,0.029827349120775296,0.6778942981994385,0.14219630761513327,0.02711577192797754,14.02334087694929,1.1,25.0,0.5609336350779716,12.748491706317536,0.11566390923693531,179.59584330133262,1e-08,1e+18,1.0,50,0.234538703125,0.265461296875,0.006871687500000001,0.04,0.3,False,False,False,False,False,False,0,,366,311,55,0.04,0.3,0.0006250000000000006,8eb2f26648cc91b5042e8823a6e501762876c9a1c3f0b5fa070a04549056718c,True,-0.04132900859648172,-2.085330252393472e-06,3,1,True,False,3
