mass_MeV,A90,Ahat,Ahat_bounded,sigma_A,signed_r,Z0,p0_fixed_mass,p_signed,cls,q_obs,q_asimov,cls_branch,max_score,max_iterations,boundary_fits,min_lambda,min_background,n_profiles,n_cls_evaluations,monotonicity_error,nll_null,nll_free,n_bins,nuisance_rank,zero_bins,ok,status,calibration,cov_load,cov_load_over_poisson,prior_relative_error,feature_rank,density_observed,K_counts_per_epsilon2,branching_factor,epsilon2_90,epsilon2_90_fixed_density
53,83950.30943259428,63697.517089808403,63697.517089808403,15802.946060301279,4.0308959753437419,4.0308959753437419,2.7782316613778787e-05,2.7782316613778787e-05,0.099999999999794947,1.6424146077509665,28.245967025379187,interior,4.6428966449241216e-08,3,0,1868373.3317014838,1866761.5824202376,20,9,0,15.973461539350154,7.8494003573289666,14,6,0,True,converged,fixed-mass asymptotic reference,1e-10,2.0946526384343925e-10,2.1655965589121823e-14,23,5853990628.4185696,9554500123.7484207,1,8.7864679831788934e-06,8.7886376030619056e-06
54,78871.425367644872,57814.430295988845,57814.430295988845,16429.08112992829,3.5191523142907375,3.5191523142907375,0.00021646403940594138,0.00021646403940594138,0.099999999999777406,1.6426886244072954,23.063856780814696,interior,7.5886926076407235e-08,3,0,2355190.2442444898,2353178.5183136817,20,9,0,13.011774350929977,6.819557845341051,14,6,0,True,converged,fixed-mass asymptotic reference,1e-10,1.7566874297386919e-10,2.8001810528461546e-14,23,6570229076.9586172,10925827756.377949,1,7.2188054879049051e-06,7.2205608696496609e-06
55,59072.61043155496,37089.962271537406,37089.962271537406,17040.81179444382,2.1765787023113714,2.1765787023113714,0.014756007830735537,0.014756007830735537,0.10000000272910096,1.6640626029746528,12.023468471990487,interior,8.1359175396755745e-08,2,0,2613934.7219354073,2612779.7299661729,18,8,0,14.16239314021926,11.793645716541533,15,6,0,True,converged,fixed-mass asymptotic reference,1e-10,1.8608910614696271e-10,7.919366971533521e-14,22,7307735199.56569,12377290082.236465,1,4.7726610622412651e-06,4.7740505269600602e-06
56,24953.905353453665,-4023.1671557841923,0,16598.195188594094,-0.24238516144096964,0,0.5,0.59575913445844453,0.099999999999662206,2.988935819647164,2.2603408219012522,deficit,1.641217317605026e-08,2,0,3156899.3369706967,3156051.0750674605,22,10,0,13.922683557330775,13.893308274087392,14,6,0,True,converged,fixed-mass asymptotic reference,1e-10,1.1257267500027791e-10,3.9011152912957438e-14,22,8036874766.3610115,13859747108.045788,1,1.8004589231622815e-06,1.80073530946865e-06
57,818.69158856515912,-511145.84379227273,0,13477.493840381841,-37.900332590875152,0,0.5,1,0.10000001049306925,4.6019900306091586,0.0036635711732317918,deficit,1.7295776899572957e-07,3,0,3426438.6189735043,3425960.4471635628,30,14,0,1174.1381358353046,455.92053058582803,15,5,0,True,converged,fixed-mass asymptotic reference,1e-10,4.7748070666886911e-11,1.2164064492908756e-14,17,8761966663.5036297,15380006893.160088,1,5.3230898675946224e-08,5.3236983078287649e-08
58,724.62228305553162,-607515.06573602755,0,13818.462518625447,-43.929772759717359,0,0.5,1,0.099999971460982148,4.6028024957749949,0.002727961976438978,deficit,1.6562149340870747e-07,12,0,4007540.8422798496,4006900.0804848117,30,14,0,1368.1575003287944,403.24503296859189,15,5,0,True,converged,fixed-mass asymptotic reference,1e-10,4.1198026433034855e-11,2.9349556046610617e-14,17,9482848845.8931961,16937406063.443628,1,4.278236468685129e-08,4.2782177664694288e-08
59,756.74562836973587,-622702.73987603351,0,14297.68408192867,-43.520142600343256,0,0.5,1,0.099999965322770237,4.6027572365073866,0.0027802642030517336,deficit,1.6496175980762473e-07,9,0,4302490.4552308647,4302031.8365986831,30,14,0,1301.3539397654799,354.35253378837405,15,5,0,True,converged,fixed-mass asymptotic reference,1e-10,3.946432302412584e-11,2.3331960290357665e-14,17,10180671026.099428,18497306533.322136,1,4.0911125466104475e-08,4.0910341870115892e-08
60,926.07710994171885,-543572.0739248218,0,14783.870296028288,-36.745324531021076,0,0.5,1,0.1000000048949584,4.6017847695061391,0.0039003519425915107,deficit,1.9525718819579652e-07,8,2,4894254.3526711315,4893631.9405175932,30,14,0,999.13273111315084,324.02329366812114,15,5,0,True,converged,fixed-mass asymptotic reference,1e-10,3.6690522142961602e-11,4.0749034832532031e-14,17,10862717596.920218,20071037273.662888,1,4.6139972604052334e-08,4.6138543604494827e-08
61,11355.452107235833,-65894.188804922058,0,19390.321435413309,-3.398200321475616,0,0.5,0.99966084633865238,0.10000000000185619,4.3227902837079455,0.34271569765949417,deficit,2.8024020437555919e-08,2,0,5172476.9547025887,5171913.9944924349,24,11,0,13.162673725401705,7.3887910129632148,16,6,0,True,converged,fixed-mass asymptotic reference,1e-10,1.0496975857967803e-10,2.094119219378702e-14,23,11511134250.040493,21623601636.408913,1,5.251415697612557e-07,5.2512097162327385e-07
62,15761.06096096922,-40202.423719367383,0,19285.521819745656,-2.0845466054340323,0,0.5,0.98144476222731569,0.10000000000000327,4.0748382366864355,0.6676334366799721,deficit,1.8304464610707782e-09,2,0,5747483.1970637823,5746745.3814940033,26,12,0,8.6022568927931342,6.429589617679861,15,6,0,True,converged,fixed-mass asymptotic reference,1e-10,7.6181473454701059e-11,2.5445354810720694e-14,23,12129865916.351543,23159424737.385391,1,6.8054630629605965e-07,6.8047766425240699e-07
63,26269.765275964524,-10051.668863023824,0,19334.810220742565,-0.51987133449633094,0,0.5,0.69842337198844573,0.10000000000030729,3.2585487902366168,1.8456358210812855,deficit,1.4627893207830311e-07,2,0,6308589.1765272636,6307632.3616072387,18,8,0,8.5493536408320949,8.4142205386165969,15,6,0,True,converged,fixed-mass asymptotic reference,1e-10,6.6007183006880045e-11,1.5644195287739346e-14,23,12710577723.398916,24659593773.742348,1,1.0652959459509302e-06,1.065185304154758e-06
64,52568.396122608901,27003.227564644701,27003.227564644701,19240.815415352674,1.4034561894445365,1.4034561894445365,0.080240423729082078,0.080240423729082078,0.099999999984131477,1.765378239148756,7.4651258005539418,interior,2.586164171702876e-09,2,0,6581070.422010188,6580087.5575930113,20,9,0,9.0956899309478381,8.1108452931027486,15,6,0,True,converged,fixed-mass asymptotic reference,1e-10,5.9253341728260111e-11,7.9170828223953087e-14,22,13251441005.669247,26116992202.632828,1,2.0128043732888023e-06,2.0124918214412581e-06
65,83810.987647517613,59346.646037809776,59346.646037809776,19081.433241991581,3.1102891845478866,3.1102891845478866,0.00093452130027798684,0.00093452130027798684,0.10000000000001188,1.6437366274593721,19.299357354965537,interior,7.9700410715588532e-09,2,0,7104429.0194281321,7102672.9462050889,20,9,0,13.854428655962458,9.0174792502046799,15,6,0,True,converged,fixed-mass asymptotic reference,1e-10,4.991278281317772e-11,4.9568580394536325e-14,22,13747784885.088186,27518589042.140877,1,3.0456135494146443e-06,3.0451510828264135e-06
66,111468.65276153188,86841.283621484516,86841.283621484516,19216.536744188506,4.5193194960100769,4.5193194960100769,3.1019357103699209e-06,3.1019357103699209e-06,0.099999999999776559,1.6423789069701868,33.671079078363555,interior,2.0956262503091239e-08,2,0,7352531.5736114094,7351004.9292769879,20,9,0,21.25353804510447,11.041413691596082,16,6,0,True,converged,fixed-mass asymptotic reference,1e-10,5.2127598352879781e-11,3.5092262163619447e-14,22,14198675798.464798,28858373929.861153,1,3.862610313126128e-06,3.8619157471566095e-06
67,112379.75154433309,87816.654099598309,87816.654099598309,19166.374810922516,4.5820582062238424,4.5820582062238424,2.3021084501761455e-06,2.3021084501761455e-06,0.09999999999996019,1.6423777546563691,34.398516066086515,interior,1.1015151990534378e-07,2,0,7829560.8551236689,7827560.4478787277,20,9,0,18.103740830878401,7.606112128266771,15,6,0,True,converged,fixed-mass asymptotic reference,1e-10,4.1894005274082866e-11,5.4291172149806818e-14,22,14605244932.436718,30134481631.884109,1,3.7292744211477826e-06,3.7284747401429205e-06
68,109406.2237026677,83824.519192696011,83824.519192696011,19961.117526409129,4.1995794408523759,4.1995794408523759,1.337055996745101e-05,1.337055996745101e-05,0.10000000000029015,1.6423938128480273,30.059430931350725,interior,1.8933571155343998e-08,2,0,8053053.8659712197,8051669.0070756581,18,8,0,20.964293429649732,12.146059689634756,16,6,0,True,converged,fixed-mass asymptotic reference,1e-10,5.0383716908734744e-11,1.5611852269255103e-14,23,14957269325.162109,31321409992.806843,1,3.4930171958348468e-06,3.4919861783309818e-06
69,106809.9337390537,81095.249205055778,81095.249205055778,20064.760927243198,4.0418524679662244,4.0418524679662244,2.6515297458663772e-05,2.6515297458663772e-05,0.099999999999794725,1.6424129131687302,28.353491480869366,interior,1.5921402862772993e-08,2,0,8468736.7831070386,8466957.1343777087,20,9,0,20.838751947159476,12.670466260757149,16,6,0,True,converged,fixed-mass asymptotic reference,1e-10,4.673454778433871e-11,2.0765452368536009e-14,23,15270231991.473211,32447019049.820351,1,3.2918257783574442e-06,3.2910137180700898e-06
70,94634.843758242656,69243.35718870064,69243.35718870064,19810.707916473995,3.4953914627520866,3.4953914627520866,0.00023668346593232163,0.00023668346593232163,0.10000000000027846,1.6427190149891011,22.828724472370077,interior,6.1140479346022403e-09,2,0,8841175.8786084279,8839095.117069643,18,8,0,15.063435371520875,8.9545546325807894,15,6,0,True,converged,fixed-mass asymptotic reference,1e-10,3.7426290431248962e-11,1.8009873355538428e-14,23,15533466186.692257,33484706325.157692,1,2.8262109525249653e-06,2.8256222374684992e-06
71,77306.458544475274,51650.801889459559,51650.801889459559,19975.766913874562,2.5857485222993448,2.5857485222993448,0.0048583897723247687,0.0048583897723247687,0.10000000153200136,1.6494788468808999,14.981699769859777,interior,5.4917541625343347e-09,2,0,9009865.018285837,9008577.4158698935,18,8,0,15.998318131897939,12.655270421611316,16,6,0,True,converged,fixed-mass asymptotic reference,1e-10,4.0285053102276351e-11,2.2593821959844331e-14,23,15755390005.606838,34448283351.12532,1,2.2441309413448582e-06,2.2437439558640893e-06
72,54154.129949553746,27923.889847831622,27923.889847831622,19754.739110934621,1.413552519493342,1.413552519493342,0.078746665293889961,0.078746665293889961,0.0999999999799525,1.7629831485017142,7.5152788710611134,interior,1.8650919009211009e-07,3,0,9312128.0061431155,9310832.382169012,18,8,0,14.216074003979752,13.217008641296765,15,6,0,True,converged,fixed-mass asymptotic reference,1e-10,3.3232793969694023e-11,3.4485029654744345e-14,23,15935794552.906996,35333470498.857094,1,1.5326581053311881e-06,1.5324112101849553e-06
73,26014.136146814562,-12286.188905181485,0,19841.431666198027,-0.61921439146417956,0,0.5,0.73211243383650126,0.10000000417135253,3.3425432683368541,1.7185444991158374,deficit,1.9007727614095415e-07,2,0,9446347.4484222773,9445717.2178548519,18,8,0,24.813964077524236,24.622250846226059,16,6,0,True,converged,fixed-mass asymptotic reference,1e-10,3.5345135307477505e-11,2.9851709834141952e-14,23,16077377304.310556,36142496029.600769,1,7.1976589899903252e-07,7.1969902119343163e-07
74,11413.750765118843,-67290.160753507094,0,19623.938675107529,-3.4288414458092515,0,0.5,0.99969691823359452,0.10000000000497848,4.3264590953286586,0.33806075687077525,deficit,1.8036208970784173e-07,2,0,9675284.1820142251,9674479.2942025792,24,11,0,43.056590224975778,37.17811339472614,16,6,0,True,converged,fixed-mass asymptotic reference,1e-10,3.166275595055328e-11,1.8623763627363182e-14,23,16185270538.086113,36883468978.99295,1,3.0945437295010308e-07,3.0943358671036966e-07
75,6715.4149485107009,-122898.22640377845,0,19402.450060742416,-6.3336641504802476,0,0.5,0.99999999988029686,0.10000000033095222,4.5033598661807446,0.11967906304844407,deficit,1.7438653809875859e-07,2,0,9772901.2990492955,9772334.9707221836,24,11,0,59.727228273760957,39.66957748822162,16,6,0,True,converged,fixed-mass asymptotic reference,1e-10,2.9694059546882636e-11,9.1777323884192887e-14,22,16259067476.460236,37552337438.050011,1,1.7882814777080395e-07,1.7883060915603472e-07
76,4871.1458658103938,-171457.93151408376,0,19291.628196111193,-8.8866869882151249,0,0.5,1,0.10000000427818312,4.5504902725194256,0.063679547354187863,deficit,1.6948955661177934e-07,3,0,9936775.7196263708,9936046.7732014563,26,12,0,74.695285763827883,35.208682950571884,16,6,0,True,converged,fixed-mass asymptotic reference,1e-10,2.7362595270067486e-11,8.8773359775853868e-14,22,16305463679.615631,38161621839.722412,1,1.2764514795175767e-07,1.276553721356382e-07
77,4167.4740473571856,-203716.33708269152,0,19379.819342926119,-10.510414594010546,0,0.5,1,0.10000001599276952,4.565395205504899,0.046179796943468722,deficit,1.7758175552273769e-07,2,0,10003592.464168169,10003071.769096762,26,12,0,77.056072437706277,21.821664968711339,17,6,0,True,converged,fixed-mass asymptotic reference,1e-10,2.9448230715882955e-11,7.7864795369660344e-14,22,16325153831.197731,38710438011.632935,1,1.076576308980232e-07,1.0767964883014346e-07
78,4309.3400291810158,-197977.6689359546,0,19438.995656738291,-10.183261751673138,0,0.5,1,0.09999998254315122,4.5629124167439841,0.049088357497468621,deficit,1.6901631028076736e-07,2,0,10069323.7718504,10068473.18713337,26,12,0,70.106770969444199,18.257361017899669,16,5,0,True,converged,fixed-mass asymptotic reference,1e-10,2.6835143269668672e-11,3.0978928843071371e-14,23,16322966689.549063,39207917438.289833,1,1.0990994448923681e-07,1.0995068000241312e-07
79,5532.2776680252518,-152267.24685176238,0,19443.841802881121,-7.830357129295531,0,0.5,0.99999999999999756,0.10000000003123144,4.5359070654808136,0.080900605202274406,deficit,1.6759446452851989e-07,2,0,9990466.0726781376,9989775.676306989,26,12,0,75.947666544763052,45.290420158608377,16,5,0,True,converged,fixed-mass asymptotic reference,1e-10,2.6292239295282435e-11,3.764556570552668e-14,23,16302542110.630913,39660894043.686691,1,1.3948948457721144e-07,1.3959190549295332e-07
80,11954.338118675585,-63288.172742342605,0,19622.327699271096,-3.2251874016456457,0,0.5,0.99937054883438403,0.099999989245542251,4.3004534568116526,0.37115954144397323,deficit,1.7871965507509913e-07,2,0,9895424.2470626552,9894862.90644514,24,11,0,109.09900824235685,103.89809135448995,17,6,0,True,converged,fixed-mass asymptotic reference,1e-10,2.9367933966132086e-11,5.7714671823008964e-14,23,16263194740.087093,40065994524.202942,1,2.9836618959886906e-07,2.9869460172907704e-07
81,74128.806350409825,49245.800356616506,49245.800356616506,19368.629908581759,2.542637081536486,2.542637081536486,0.0055009717844221586,0.0055009717844221586,0.10000000252113837,1.6504168951712472,14.654211176886038,interior,1.7435006638422124e-07,2,0,9843339.711522853,9841866.4215238523,18,8,0,109.59007352060782,106.35757185640563,16,5,0,True,converged,fixed-mass asymptotic reference,1e-10,2.545060453626859e-11,7.6035260829224032e-14,23,16210004617.346579,40434142319.403831,1,1.8333220911387144e-06,1.8362517464619188e-06
82,198118.50017377935,173419.14551891046,173419.14551891046,19272.695123150515,8.9992068776798551,8.9992068776798551,1.1367706912097727e-19,1.1367706912097727e-19,0.10000000104018281,1.6423743999582427,105.75516744752686,interior,1.9783401761230834e-07,2,0,9731803.8456277996,9729222.8434071336,20,9,0,123.87746807803916,83.384605864398949,17,6,0,True,converged,fixed-mass asymptotic reference,1e-10,2.6718383028257355e-11,4.3157709337952573e-14,23,16137855854.626322,40751139982.22229,1,4.8616676799767727e-06,4.8710343528080412e-06
83,287588.10496387072,263176.25264269172,263176.25264269172,19048.351734372918,13.818707690822565,13.818707690822565,9.8283512592573292e-44,9.8283512592573292e-44,0.10000000200821879,1.6423743858203537,228.1476789678527,interior,6.9354392451259628e-08,2,0,9614592.5834665615,9611704.2303711921,18,8,0,127.38073144882067,31.902390326621298,17,5,0,True,converged,fixed-mass asymptotic reference,1e-10,2.4977517948373657e-11,4.4992275762984267e-14,23,16050428849.468611,41024643057.31588,1,7.0101305832711061e-06,7.0250350344336041e-06
84,321510.97215344326,297332.37133343267,297332.37133343267,18866.342012866102,15.76322954570324,15.76322954570324,2.7855882347586481e-56,2.7855882347586481e-56,0.10000000244626027,1.6423743794228827,290.68668006243274,interior,9.6556636464129042e-08,7,1,9554266.8677926119,9549681.3265954461,18,8,0,130.71366805772001,6.4739652024542194,17,5,0,True,converged,fixed-mass asymptotic reference,1e-10,2.4120055093442961e-11,3.1080595250782831e-14,23,15949704952.848703,41258365382.217018,1,7.7926250634257888e-06,7.8098482625978411e-06
85,287649.54379285331,263597.54722270003,263597.54722270003,18767.549641700247,14.048039492605414,14.048039492605414,3.9598115939082803e-45,3.9598115939082803e-45,0.10000000219397012,1.6423743831075086,235.12552664007157,interior,1.9761107594717942e-07,2,0,9431779.9094103109,9428400.5388195645,18,8,0,131.30203716162504,32.628330368724363,17,5,0,True,converged,fixed-mass asymptotic reference,1e-10,2.3184563477339247e-11,2.8291478627242495e-14,23,15834090342.416529,41446906575.692444,1,6.9401933113520337e-06,6.9551467234726951e-06
86,205226.87506282568,181131.14580527216,181131.14580527216,18801.680012305584,9.6349975431896766,9.6349975431896766,2.8446680526089275e-22,2.8446680526089275e-22,0.10000000138567147,1.6423743949124798,119.24926315988984,interior,1.9508294712977658e-07,2,0,9302762.0847168583,9300728.9284012336,18,8,0,130.47667202643657,84.060083197801021,18,6,0,True,converged,fixed-mass asymptotic reference,1e-10,2.5175915145945567e-11,3.8085012569868215e-14,23,15707623594.864115,41599586601.700394,1,4.9333873681917064e-06,4.9432229316447249e-06
87,94823.871192383696,71102.897220868152,71102.897220868152,18508.747781200946,3.8417866559572387,3.8417866559572387,6.1070990214926666e-05,6.1070990214926666e-05,0.10000000056021,1.6424631095352709,26.26288715950313,interior,1.6637750288595043e-07,2,0,9239022.5520410649,9237468.5789341573,18,8,0,123.77836506127159,116.39870270632603,17,5,0,True,converged,fixed-mass asymptotic reference,1e-10,2.1792064773863299e-11,2.1480028456838768e-14,23,15568417860.203075,41710347704.923897,1,2.2733896121702614e-06,2.2770649027327099e-06
88,15177.007057192852,-37849.664367697478,0,18416.174242826219,-2.0551816940507139,0,0.5,0.98006927071134797,0.099999999999641515,4.066240479870487,0.6792376235798121,deficit,1.5396084385166375e-07,2,0,9102049.7537653707,9101495.4012732785,24,11,0,98.623806018290338,96.511920120509757,17,5,0,True,converged,fixed-mass asymptotic reference,1e-10,2.1205550101178936e-11,4.7141287693522783e-14,23,15418895177.404619,41784576621.150925,1,3.6322031439491494e-07,3.6366117680896373e-07
89,6273.5550010955712,-116737.87553716537,0,18269.825358844231,-6.3890811154108427,0,0.5,0.99999999991655719,0.10000000003685716,4.5048687537862691,0.11787099576553975,deficit,1.5089839192072851e-07,2,0,9029118.3725150321,9028343.4237903412,22,10,0,84.436014317069336,64.025835567419605,17,5,0,True,converged,fixed-mass asymptotic reference,1e-10,2.0743238560195115e-11,2.6774526863306483e-14,23,15263239652.526375,41832787825.566795,1,1.4996741377253812e-07,1.5008713217799793e-07
90,4453.850773539416,-170229.74627759971,0,18361.579492330424,-9.2697774758530489,0,0.5,1,0.1000000118455399,4.5546504488488608,0.058784616954054875,deficit,1.5208175430103665e-07,3,0,8878841.7986307424,8878199.3686795775,26,12,0,57.452314707834603,14.48792748191833,17,5,0,True,converged,fixed-mass asymptotic reference,1e-10,2.1078027022613656e-11,6.0108657526051962e-14,23,15099246088.941517,41848302924.851357,1,1.0642846811583665e-07,1.064787762533123e-07
91,4233.9710114933032,-178606.88405878385,0,18317.253042911416,-9.7494299721416855,0,0.5,1,0.10000002853446693,4.559263918227515,0.053365530929150327,deficit,1.576902111111167e-07,3,0,8724399.4415171202,8723873.8697718028,26,12,0,65.106144161368448,17.58045177052113,18,5,0,True,converged,fixed-mass asymptotic reference,1e-10,2.2460745452721839e-11,5.2796313540603186e-14,23,14931338412.876999,41842748973.347923,1,1.0118768760126553e-07,1.0121418393976369e-07
92,4556.9848118618766,-160028.62816505611,0,18026.663101940434,-8.8761994074671087,0,0.5,1,0.10000000413866236,4.550364868391938,0.063827221960422051,deficit,1.9804097384223951e-07,3,0,8645822.7819433473,8645095.7415573969,28,13,0,68.127587229529396,28.734129268969667,17,5,0,True,converged,fixed-mass asymptotic reference,1e-10,1.9731128015617006e-11,6.4012100848385507e-14,23,14758245472.532717,41812163015.95475,1,1.0898706221256756e-07,1.0900060430229759e-07
93,5535.9423466110793,-130061.61850940641,0,18025.840261891644,-7.2145475688356271,0,0.5,0.99999999999972944,0.099999997480950426,4.5246905249107101,0.094211557120109077,deficit,1.5358140181831459e-07,2,0,8485697.7771864813,8485096.4198297765,24,11,0,65.108526157928452,39.083677846432423,18,5,0,True,converged,fixed-mass asymptotic reference,1e-10,2.1193285201292188e-11,4.8504384104868936e-14,23,14577375199.208622,41748642498.133141,1,1.3260173302302291e-07,1.3259872559956472e-07
94,7204.9550867336329,-95040.568039620703,0,17835.443194793676,-5.3283358168664057,0,0.5,0.99999995044163137,0.099999987524521175,4.4674066535925192,0.16304959671887007,deficit,1.5055409274822296e-07,3,0,8322601.5499638552,8322112.0415495811,24,11,0,50.841032998266186,36.645451709615493,18,5,0,True,converged,fixed-mass asymptotic reference,1e-10,2.0157269307753356e-11,4.294378420184592e-14,23,14393762836.728279,41666044578.165863,1,1.7292150382110483e-07,1.7291686671107969e-07
95,9881.0126572553891,-64180.432747910781,0,17722.733739724663,-3.621170748475818,0,0.5,0.99985336356505816,0.10000000012070387,4.3481594407547846,0.31062666361672309,deficit,1.4998833997026395e-07,2,0,8240173.0559347868,8239491.3186966879,24,11,0,49.078748105268772,42.522309310460315,18,5,0,True,converged,fixed-mass asymptotic reference,1e-10,1.99980423978485e-11,5.9321509571771338e-14,23,14205346820.20039,41558084770.405731,1,2.3776390831879331e-07,2.3776024363700786e-07
96,14769.299976080662,-34629.910813512266,0,17519.004873840633,-1.9766471174453839,0,0.5,0.97595923386601335,0.099999999999856093,4.0431868673638505,0.71045549533625096,deficit,1.4726711272672333e-07,2,0,8073490.4399481323,8072931.3440590929,24,11,0,18.3522913144458,16.398724400993228,18,5,0,True,converged,fixed-mass asymptotic reference,1e-10,1.8939103450967015e-11,3.6620264013406081e-14,23,14010015929.482777,41418077848.951355,1,3.5659066627725212e-07,3.5655892535234064e-07
97,22754.034120392374,-10802.831078098163,0,17371.443666285941,-0.62186713068929333,0,0.5,0.73298538003302127,0.10000000388693918,3.3446284056018101,1.7154035012680207,deficit,1.462332062107663e-07,2,0,7904973.2625317387,7904515.6408981811,18,8,0,10.39842736856906,10.205068004453192,18,5,0,True,converged,fixed-mass asymptotic reference,1e-10,1.8340223483388321e-11,4.7336491181823973e-14,23,13810352174.597599,41253097741.892761,1,5.5157152713129518e-07,5.5149065360315735e-07
98,30492.542580140016,3535.4320973656963,3535.4320973656963,17165.021480251275,0.20596789158851009,0.20596789158851009,0.41840799617020119,0.41840799617020119,0.10000000000029122,2.4662495585545976,3.155441541188047,interior,1.4467824094310799e-07,2,0,7820112.8044702532,7819437.7560432628,22,10,0,9.6657691108123878,9.6445577246296796,18,5,0,True,converged,fixed-mass asymptotic reference,1e-10,1.7707292516891581e-11,2.8003220168439693e-14,23,13609372567.820417,41071849226.47509,1,7.4241951980297967e-07,7.4231148205213478e-07
99,43721.065153766191,20760.808307057905,20760.808307057905,17034.567362431386,1.2187689271059829,1.2187689271059829,0.11146595414955973,0.11146595414955973,0.10000000005188034,1.8166576017300464,6.5881068900992865,interior,1.4467293052433661e-07,2,0,7648136.9619425768,7647403.2895419085,16,7,0,10.613832064891241,9.8711332160517067,18,5,0,True,converged,fixed-mass asymptotic reference,1e-10,1.7210386679198018e-11,2.7844251020821021e-14,23,13402076188.076094,40858964409.252068,1,1.0700482938296407e-06,1.0698797427749258e-06
100,57434.745390947217,35451.460533921294,35451.460533921294,17011.925737383805,2.0839852236849365,2.0839852236849365,0.01858075568025026,0.01858075568025026,0.099999995718786025,1.6697862443625127,11.401111714161114,interior,1.5204593406537015e-07,2,0,7476054.0695448769,7475322.6800386077,18,8,0,11.219843595774641,9.0483463895060634,19,5,0,True,converged,fixed-mass asymptotic reference,1e-10,1.8417968444032255e-11,2.0628097872505236e-14,23,13194612115.698689,40632795802.528023,1,1.4135071007684349e-06,1.413298899828869e-06
101,71367.405564992892,49847.174142477088,49847.174142477088,16780.909754730805,2.9706088795141685,2.9706088795141685,0.001486050153258148,0.001486050153258148,0.10000000169737654,1.6445429788124848,18.092442039662277,interior,1.4571778939043156e-07,2,0,7389860.6523137381,7388681.3563831775,20,9,0,14.953066895068591,10.54080833754438,18,5,0,True,converged,fixed-mass asymptotic reference,1e-10,1.6593057837616641e-11,4.0263576867350776e-14,23,12983414547.166908,40382237216.492538,1,1.7672969722402027e-06,1.7671454205580276e-06
102,82238.098194693725,60845.788823354735,60845.788823354735,16691.180475608715,3.6455966889290039,3.6455966889290039,0.0001333860432043076,0.0001333860432043076,0.10000000110696028,1.6425687351910732,24.283859948832355,interior,1.5140349729492186e-07,2,0,7217920.3881161194,7216830.2371746618,18,8,0,16.82850425854236,10.183316649377302,19,5,0,True,converged,fixed-mass asymptotic reference,1e-10,1.7414379921241025e-11,2.2571468585209381e-14,23,12769182126.364155,40109138234.863411,1,2.0503581431528054e-06,2.0501604305474426e-06
103,90878.181123425209,69691.805419919474,69691.805419919474,16531.384672717566,4.2160132211824841,4.2160132211824841,1.2432959411660779e-05,1.2432959411660779e-05,0.10000000119013966,1.6423924949706041,30.231632333553648,interior,1.5039691270146704e-07,2,0,7046387.5277365157,7045412.8897145754,20,9,0,18.002182494117562,9.1147987535248092,19,5,0,True,converged,fixed-mass asymptotic reference,1e-10,1.682860317640496e-11,3.2702650851135161e-14,23,12554984866.671555,39822956209.365601,1,2.282055120309034e-06,2.2818743050859802e-06
104,94177.319374257437,73069.886811025135,73069.886811025135,16469.843662120973,4.4369038719936835,4.4369038719936835,4.5631011660156351e-06,4.5631011660156351e-06,0.10000000120397903,1.6423810388691606,32.709274473000455,interior,1.5135686082246025e-07,2,0,6961623.9563990813,6960236.5573550779,20,9,0,16.241180273177523,6.3981222885212548,19,5,0,True,converged,fixed-mass asymptotic reference,1e-10,1.7002894217627719e-11,3.1738990506991713e-14,23,12337048918.281315,39511607958.686134,1,2.3835354783012247e-06,2.383404344627612e-06
105,90144.762112523356,69215.949102377519,69215.949102377519,16330.416445044022,4.2387615455646008,4.2387615455646008,1.1237811538114529e-05,1.1237811538114529e-05,0.10000000120405533,1.6423907612716597,30.481324819107229,interior,1.4916635926454092e-07,2,0,6791826.9252352491,6790705.0719105788,18,8,0,14.995445660807265,6.0118959407286612,19,5,0,True,converged,fixed-mass asymptotic reference,1e-10,1.6501593435523233e-11,4.4508754126343017e-14,23,12120458905.901529,39191189086.111916,1,2.3001282740989284e-06,2.3001519045269147e-06
106,81527.787911824387,60625.580255917375,60625.580255917375,16309.012912006576,3.7175293283177346,3.7175293283177346,0.00010059031886377106,0.00010059031886377106,0.10000000110337565,1.6425209458349066,24.997772443823333,interior,1.5402864983471432e-07,2,0,6623165.3971164757,6622297.8439734075,20,9,0,15.134486137966309,8.2244739845150558,20,5,0,True,converged,fixed-mass asymptotic reference,1e-10,1.7745686861581617e-11,3.532195043879056e-14,23,11901607371.977436,38850048223.969528,1,2.0985247545078654e-06,2.0985210347862361e-06
107,67728.023513656517,47121.996995468922,47121.996995468922,16066.647852403521,2.9330510984621387,2.9330510984621387,0.0016782432250257448,0.0016782432250257448,0.10000000189309803,1.6448238833706377,17.775142053061884,interior,1.4417290872259514e-07,2,0,6539670.6284793718,6538628.5308205131,18,8,0,13.635209195527814,9.333814822432835,19,5,0,True,converged,fixed-mass asymptotic reference,1e-10,1.5947981381048418e-11,3.4002616291152016e-14,23,11683265963.714928,38497109196.610497,1,1.7593015404808546e-06,1.7593791811602709e-06
108,53904.198890817053,33150.772047748622,33150.772047748622,16053.879891150722,2.0650399833026398,2.0650399833026398,0.019459608648194567,0.019459608648194567,0.099999995929266047,1.6710946691184176,11.277247472024449,interior,1.4824016769665604e-07,2,0,6372907.3314589951,6372159.9548598425,18,8,0,13.134413058913747,11.002217992594463,20,5,0,True,converged,fixed-mass asymptotic reference,1e-10,1.7160816517944551e-11,5.0351386513518653e-14,23,11463536597.177999,38126106372.437126,1,1.4138395975778563e-06,1.4138787470150952e-06
109,39301.604675261318,17606.59260131267,17606.59260131267,15925.451782254962,1.1055835762196728,1.1055835762196728,0.13445340087311958,0.13445340087311958,0.10000000000017335,1.8557372833198258,6.0911670263323563,interior,1.4498807598961605e-07,2,0,6208467.236429506,6207963.8900879389,20,9,0,10.437682507621647,9.8265249856183061,20,5,0,True,converged,fixed-mass asymptotic reference,1e-10,1.673419964071007e-11,4.3680362987547522e-14,23,11246663693.783564,37751158579.053543,1,1.0410701592895761e-06,1.0411451437218909e-06
110,28647.2152948074,4448.2144413872902,4448.2144413872902,15663.04978249249,0.28399553037015779,0.28399553037015779,0.3882069029675953,0.3882069029675953,0.10000000213343063,2.3868172826417755,3.345165022859351,interior,1.541183365372234e-07,2,0,6127288.0941765113,6126743.8791950857,22,10,0,8.535522308906506,8.4951955782713924,19,5,0,True,converged,fixed-mass asymptotic reference,1e-10,1.5026017144435387e-11,4.7634282490646524e-14,23,11027335541.336422,37354536556.658127,1,7.6690056778930316e-07,7.6694343389624209e-07
111,21134.794166540229,-8229.5931451169581,0,15598.641611637442,-0.52757917827496315,0,0.5,0.70110427606908576,0.10000000000000149,3.265223756038079,1.8354966210693353,deficit,1.818431005773391e-08,2,0,5964267.0492609218,5963849.3038981957,16,7,0,12.592842044974152,12.453672150299509,20,5,0,True,converged,fixed-mass asymptotic reference,1e-10,1.5870184340652168e-11,4.020398625627895e-14,23,10810277212.800962,36952164929.317909,1,5.7195009296388612e-07,5.7197275696658577e-07
112,17222.999747087797,-16857.931790015984,0,15467.928814838921,-1.089842950096761,0,0.5,0.86210883464567678,0.10000000045622921,3.6665287416393468,1.2395758291733103,deficit,1.3769369444638357e-07,2,0,5803118.092504303,5802769.8039019108,22,10,0,14.528151580862858,13.934272752925052,20,5,0,True,converged,fixed-mass asymptotic reference,1e-10,1.5547892257122533e-11,5.1389331476975397e-14,23,10594414118.252907,36540547092.133049,1,4.7133940561048142e-07,4.7134814200955938e-07
113,14074.420820799016,-26060.707781060668,0,15359.001870793696,-1.6967206156881933,0,0.5,0.95512525340572507,0.099999999898479811,3.9489844122606783,0.83952487653299857,deficit,1.3702816814564756e-07,2,0,5723440.7391139688,5722967.6873920904,26,12,0,13.021498637771554,11.582068213920893,20,5,0,True,converged,fixed-mass asymptotic reference,1e-10,1.5501181623478266e-11,4.0350239609333696e-14,23,10378441661.965752,36115253690.256294,1,3.8970848554765161e-07,3.8971666005247319e-07
114,12843.962504880607,-29767.646916527559,0,15170.846110349417,-1.9620928256272212,0,0.5,0.97512416096411036,0.099999999999908495,4.0386637258576172,0.71659789745425817,deficit,1.3464479886593494e-07,2,0,5565537.8536999086,5565142.181410878,24,11,0,16.731120035555378,14.806215907366472,20,5,0,True,converged,fixed-mass asymptotic reference,1e-10,1.4910658093969587e-11,3.6724213190217651e-14,23,10167278750.703028,35693543076.769516,1,3.5983994296267727e-07,3.5988495317589553e-07
115,12265.157502316588,-31745.996307027446,0,15089.737578271224,-2.1037348862169383,0,0.5,0.98229921024400957,0.099999999999969599,4.080136129098392,0.66049349306612504,deficit,1.8650996436164746e-07,2,0,5409984.1667125775,5409651.9904440129,24,11,0,19.127771005395335,16.914920769652237,21,5,0,True,converged,fixed-mass asymptotic reference,1e-10,1.5737431359595163e-11,4.3451670582444692e-14,23,9955198964.3495407,35255579900.092705,1,3.4789266088016712e-07,3.4796279553507836e-07
116,12086.753281211362,-31195.967702290916,0,14854.485297392373,-2.1000237746821706,0,0.5,0.98213662510709476,0.10000000000008587,4.0791186735562306,0.66186408978596623,deficit,1.8183064121046755e-07,2,0,5333235.4584129304,5332790.3697627429,22,10,0,19.669315655962535,17.464265728847359,20,5,0,True,converged,fixed-mass asymptotic reference,1e-10,1.426685136931804e-11,2.731186422241006e-14,23,9745181063.5297451,34811920239.827003,1,3.4720156767977894e-07,3.4724432673202287e-07
117,12421.163648783704,-29119.966100116988,0,14732.719443767852,-1.9764788264486752,0,0.5,0.97594971424076404,0.10000000000032092,4.043140059263294,0.71051903139028028,deficit,1.3497233242176776e-07,3,0,5181438.2160130674,5181063.038379686,26,12,0,22.280502710336698,20.327268434636732,21,5,0,True,converged,fixed-mass asymptotic reference,1e-10,1.4828365732161266e-11,3.3693965034795865e-14,23,9537128027.9340134,34362405017.684341,1,3.6147538690587137e-07,3.6152094798812716e-07
118,12252.133204360867,-28959.241465803749,0,14575.577818179958,-1.9867596041747377,0,0.5,0.97652547843355919,0.09999999999983962,4.046284340414779,0.70625242270470989,deficit,1.3336362458815643e-07,2,0,5032252.3804690978,5031937.8742513414,24,11,0,21.895786790285609,19.922179927895328,21,5,0,True,converged,fixed-mass asymptotic reference,1e-10,1.4400234448986899e-11,3.4126382614215529e-14,23,9331302022.8088474,33908168416.092075,1,3.6133279314922453e-07,3.6136554171215654e-07
119,12040.495464065149,-28912.801335295237,0,14407.110043794684,-2.0067664488789281,0,0.5,0.9776127315531663,0.099999999999888151,4.0522555170421484,0.69815746952385083,deficit,1.3198378701062552e-07,2,0,4958784.2456760546,4958363.2556808246,24,11,0,20.038770220279911,18.025214430106839,21,5,0,True,converged,fixed-mass asymptotic reference,1e-10,1.4129307470738798e-11,3.054555323543216e-14,23,9126890620.117197,33446438952.246197,1,3.5999334581646193e-07,3.6001717497042954e-07
120,10955.25251959993,-33239.628440389897,0,14319.559760171083,-2.3211720082815441,0,0.5,0.98986121886184242,0.099999997837165386,4.1364728543572014,0.58507374558091008,deficit,1.3170602608525428e-07,2,0,4813632.8454894591,4813275.9142345265,22,10,0,21.763998853038579,19.070079107023691,21,5,0,True,converged,fixed-mass asymptotic reference,1e-10,1.4016987477705809e-11,2.642798657367291e-14,23,8926902115.8638039,32988464167.869217,1,3.320934392050404e-07,3.3213026414496524e-07
121,10832.846270565406,-33332.663913202261,0,14237.031211709342,-2.3411606879145292,0,0.5,0.99038805437928901,0.099999998441938756,4.1412095525941552,0.57877541984115399,deficit,1.3554253985859077e-07,2,0,4671378.9618267324,4671077.0949780019,22,10,0,20.344740049364212,17.604223366045996,22,5,0,True,converged,fixed-mass asymptotic reference,1e-10,1.4768923727763755e-11,2.0262119532455231e-14,23,8727781464.0920467,32521405881.822128,1,3.3309895365318247e-07,3.3314551024117263e-07
122,11499.425519839753,-29481.221446335905,0,14097.233785670171,-2.0911926202078779,0,0.5,0.9817445996972135,0.099999999999895881,4.0766091922971839,0.66524583545867189,deficit,1.943559131412087e-07,2,0,4601334.7295212001,4600932.0608413322,26,12,0,18.107323603428746,15.920780316022801,21,5,0,True,converged,fixed-mass asymptotic reference,1e-10,1.382264982927841e-11,3.7302490282482933e-14,23,8531470159.2854681,32052638443.800629,1,3.5876689340262042e-07,3.5883432103620499e-07
123,12748.883458196971,-24319.027908014948,0,14054.966536950089,-1.7302224090949661,0,0.5,0.95820472695231507,0.09999999987776384,3.9612563790427657,0.82257752826193031,deficit,1.3597077774818445e-07,2,0,4463411.7369016148,4463068.0185378622,24,11,0,17.521526497135977,16.024691704668783,22,5,0,True,converged,fixed-mass asymptotic reference,1e-10,1.4747759082620783e-11,6.0046524549058942e-14,23,8338284526.677453,31583619566.860275,1,4.0365492090634172e-07,4.0370073108521787e-07
124,15556.664922937478,-15121.223416324116,0,13945.308754592414,-1.0843004916334291,0,0.5,0.86088420630265816,0.1000000004153313,3.6633140926340566,1.2442306694153866,deficit,1.3582361957364952e-07,2,0,4328493.8730326304,4328202.6461696662,22,10,0,12.570107533878154,11.982253755799906,22,5,0,True,converged,fixed-mass asymptotic reference,1e-10,1.4528447788236906e-11,5.5005791440392484e-14,23,8145212466.4947042,31103136075.643703,1,5.0016387045676782e-07,5.0018603335307662e-07
125,16513.270911747251,-11725.047628527063,0,13692.078714978896,-0.856323406360607,0,0.5,0.80409054103328037,0.10000000000024796,3.5197866181934252,1.4541447704918613,deficit,1.291964655258937e-07,2,0,4262308.6969252164,4261925.5505829975,22,10,0,10.853978054977008,10.487333166836491,21,5,0,True,converged,fixed-mass asymptotic reference,1e-10,1.3114733913892566e-11,3.776353034447623e-14,23,7957450726.2202263,30631202686.368576,1,5.3909965863325198e-07,5.3910865476017226e-07
126,19271.938461218142,-5487.6959529450623,0,13598.289157476125,-0.40355455623074155,0,0.5,0.65672984561032077,0.099999999977969239,3.1521793469977446,2.0080811680296824,deficit,1.3293485157106488e-07,2,0,4132003.4217157243,4131676.43041133,20,9,0,11.651963549451315,11.57053540952402,22,5,0,True,converged,fixed-mass asymptotic reference,1e-10,1.3697124799405223e-11,3.0351428289215315e-14,23,7771980038.2333517,30156594724.668285,1,6.3906215662518336e-07,6.3909454681413669e-07
127,23925.278643825855,2747.7391657105995,2747.7391657105995,13478.690422904501,0.20385886232898762,0.20385886232898762,0.41923189652771126,0.41923189652771126,0.10000000000004657,2.4684708367219699,3.1504849512155153,interior,1.3292661193986532e-07,2,0,4004644.9615192134,4004348.2298085825,22,10,0,8.237999824085767,8.2172206062107325,22,5,0,True,converged,fixed-mass asymptotic reference,1e-10,1.349237445865826e-11,3.574172183667256e-14,23,7589530580.6602879,29682379549.582218,1,8.0604314771531193e-07,8.0608830267836023e-07
128,27332.497726787267,7785.8356966942602,7785.8356966942602,13376.331128957037,0.58206752726494859,0.58206752726494859,0.28026059848717699,0.28026059848717699,0.099999999875544823,2.1352333235710574,4.1751621446064533,interior,1.3349728877898315e-07,2,0,3942097.90429733,3941659.1349360258,20,9,0,7.9777393795253131,7.8083380763771473,22,5,0,True,converged,fixed-mass asymptotic reference,1e-10,1.3506616567427127e-11,3.9615343107416001e-14,23,7409364376.9814091,29205927351.94627,1,9.3585447219041452e-07,9.3590490830101203e-07
129,30671.394290039138,12295.000327384038,12295.000327384038,13226.888396549173,0.92956377693969605,0.92956377693969605,0.17629849481619503,0.17629849481619503,0.10000000028271668,1.9301021236693394,5.3776660206214082,interior,1.3263844755861953e-07,2,0,3818936.5855196863,3818526.0841490114,18,8,0,8.515437796016796,8.0833933883175995,22,5,0,True,converged,fixed-mass asymptotic reference,1e-10,1.3157424538129237e-11,3.7058833938869702e-14,23,7233672984.9950399,28736155151.381927,1,1.067345096393807e-06,1.0674353554562329e-06
130,33094.791149025194,15262.003933260759,15262.003933260759,13159.625953603341,1.1597875124792354,1.1597875124792354,0.12306766476208808,0.12306766476208808,0.099999996412454578,1.8362298062385971,6.3254034503722218,interior,1.3708694779346331e-07,2,0,3699422.7728569997,3699050.7164702369,18,8,0,8.4028088986104628,7.7302553615590766,23,5,0,True,converged,fixed-mass asymptotic reference,1e-10,1.3906138311881917e-11,3.2232841108521081e-14,23,7058859029.8293018,28259074806.876682,1,1.1711208302181134e-06,1.1711745790218646e-06
131,36251.393784979897,19124.965861186669,19124.965861186669,12950.603616850662,1.4768086002406278,1.4768086002406278,0.069863475281813872,0.069863475281813872,0.099999999934435674,1.7487562660348157,7.8368229836398378,interior,1.946040695255391e-07,2,0,3640722.3545103613,3640200.111998328,18,8,0,7.1356809130478664,6.0451990921755252,22,5,0,True,converged,fixed-mass asymptotic reference,1e-10,1.2748283081145376e-11,5.1473756730498217e-14,23,6888309062.632288,27788429214.683609,1,1.3045499443280657e-06,1.3046014525977477e-06
132,39469.627984558232,22664.891492168401,22664.891492168401,12884.26621559438,1.7591794132804059,1.7591794132804059,0.039273519895084916,0.039273519895084916,0.09999999887081959,1.7010616073120701,9.3859946062096853,interior,1.3619464511727131e-07,2,0,3525852.7386991768,3525374.6226361012,18,8,0,8.0902442098823482,6.5428881058275516,23,5,0,True,converged,fixed-mass asymptotic reference,1e-10,1.3455658163868821e-11,3.6814570224909836e-14,23,6720927084.9778004,27320157136.708767,1,1.4447072096640621e-06,1.4447534494270102e-06
133,42467.093076054,25985.904824184421,25985.904824184421,12741.885603333843,2.0394973577958617,2.0394973577958617,0.020700207328858869,0.020700207328858869,0.099999996217042419,1.6729598947921005,11.110139280644555,interior,1.3540487620034014e-07,2,0,3413987.8699654313,3413555.3586269775,18,8,0,8.4470452049420182,6.3672704687138673,23,5,0,True,converged,fixed-mass asymptotic reference,1e-10,1.3139687299343587e-11,3.5740385367352797e-14,23,6555525263.5639801,26849686198.611176,1,1.5816606854142917e-06,1.5816848791888097e-06
134,44114.43001120969,27902.741926564504,27902.741926564504,12575.332317440176,2.2189545364697549,2.2189545364697549,0.013244908840478178,0.013244908840478178,0.099999994252091592,1.6618550632810809,12.308754531893728,interior,1.3426199574340103e-07,2,0,3359322.3840255085,3358739.7815475506,18,8,0,8.9584556064616194,6.4965759890017667,23,5,0,True,converged,fixed-mass asymptotic reference,1e-10,1.2881970319011254e-11,4.9693589541843525e-14,23,6394344239.7850056,26386445408.224598,1,1.6718595221415961e-06,1.6718148889176584e-06
135,44711.268102356102,28668.426955428873,28668.426955428873,12458.541664808061,2.3012227754438781,2.3012227754438781,0.010689521085628366,0.010689521085628366,0.10000000596786489,1.6580725033273627,12.882206373537354,interior,1.3369867035706307e-07,2,0,3252366.1742883865,3251856.8335659439,18,8,0,8.4664282877083128,5.8186151565974997,23,5,0,True,converged,fixed-mass asymptotic reference,1e-10,1.2663618727489386e-11,2.5898523777424905e-14,23,6235743041.7651463,25924002652.467728,1,1.72470542846901e-06,1.7247054679922267e-06
136,44753.523901389162,28793.976017890549,28793.976017890549,12397.140382617845,2.322749335288731,2.322749335288731,0.010096311128694446,0.010096311128694446,0.10000000570631619,1.6571945399881614,13.035008869819492,interior,1.3788741881626265e-07,2,0,3148397.3203142346,3147956.0606255387,18,8,0,8.3074550012772832,5.6098727639851624,24,5,0,True,converged,fixed-mass asymptotic reference,1e-10,1.3390448501523859e-11,4.2451527675899243e-14,23,6080779917.040123,25467028334.809429,1,1.7573123692731014e-06,1.7573164556264729e-06
137,43436.706843334119,27744.561637448704,27744.561637448704,12182.463080146023,2.2775351480224071,2.2775351480224071,0.011377144101197495,0.011377144101197495,0.10000000624783491,1.6590870614440618,12.71588730966946,interior,1.3165221091071544e-07,2,0,3097611.4604226602,3097048.0138633526,18,8,0,8.7927056732680793,6.1991224980293556,23,5,0,True,converged,fixed-mass asymptotic reference,1e-10,1.222557926837816e-11,3.1705591740903864e-14,23,5928464842.2699718,25011681735.485653,1,1.7366567871247026e-06,1.7367291618382577e-06
138,40761.776464656527,25036.61219640381,25036.61219640381,12162.466270743598,2.0586096255272937,2.0586096255272937,0.01976582496299803,0.01976582496299803,0.099999996006262012,1.6715595527964151,11.234598774914787,interior,1.3632275264185978e-07,2,0,2998297.1879748348,2997827.0917885634,18,8,0,8.8183223423343051,6.699385547177493,24,5,0,True,converged,fixed-mass asymptotic reference,1e-10,1.3112662458508012e-11,4.5053393937506694e-14,23,5779936498.1368179,24563046555.745739,1,1.6594756017804156e-06,1.6594493580921431e-06
139,36604.388826419941,20848.901848686091,20848.901848686091,12065.054168295123,1.7281080919304612,1.7281080919304612,0.041984423509265165,0.041984423509265165,0.099999999076752055,1.705216099948947,9.2062319964979018,interior,1.354685748022888e-07,2,0,2901982.6813252731,2901603.3340349738,18,8,0,8.9956644221949151,7.5024856334971455,24,5,0,True,converged,fixed-mass asymptotic reference,1e-10,1.2971064085774689e-11,5.2538590726029123e-14,23,5633221646.3964281,24113026178.961533,1,1.5180338027566629e-06,1.5179593342399956e-06
140,32515.166748468237,16707.087548516982,16707.087548516982,11897.945162396316,1.4042447602919026,1.4042447602919026,0.080122988649436955,0.080122988649436955,0.099999999983837309,1.7651748762969266,7.4693436802557471,interior,1.3329066073097806e-07,2,0,2854951.7043683166,2854497.5944110164,18,8,0,7.8811618151121188,6.8952101417084872,24,5,0,True,converged,fixed-mass asymptotic reference,1e-10,1.2678922081635996e-11,4.4435558576241986e-14,23,5491214051.4704237,23674264027.380058,1,1.3734393901691468e-06,1.3733657532017616e-06
141,27305.641105717321,10948.805597196973,10948.805597196973,11773.681249071466,0.92995917324666122,0.92995917324666122,0.17619611169813443,0.17619611169813443,0.10000000028041331,1.9299493153807799,5.3789083475983057,interior,1.3153631073237193e-07,2,0,2763079.8485330231,2762729.0196956308,18,8,0,6.4837702052882147,6.0513581733354078,24,5,0,True,converged,fixed-mass asymptotic reference,1e-10,1.2380458451078916e-11,4.1074769101452121e-14,23,5351071677.4834242,23234854594.734707,1,1.1752017209483678e-06,1.1750638293395858e-06
142,22714.135949638454,5106.9820537218438,5106.9820537218438,11738.798489609664,0.43505590929330257,0.43505590929330257,0.33176092292227122,0.33176092292227122,0.099999998051267761,2.2495765225780371,3.7440635714253725,interior,1.3545222299349291e-07,2,0,2673819.2098501525,2673552.1390915546,20,9,0,6.8796127367258419,6.7849759146203308,25,5,0,True,converged,fixed-mass asymptotic reference,1e-10,1.3201636260374887e-11,5.0949728469954461e-14,23,5214660437.0090866,22803129627.392948,1,9.9609730422057568e-07,9.9599489493941944e-07
143,17943.246161790154,-1834.8765429232517,0,11570.565794971948,-0.1585808067785173,0,0.5,0.56300042430188835,0.099999999999972,2.8964861596704736,2.4046369889218751,deficit,1.2978777585992418e-07,2,0,2630394.1096556187,2630096.2007208373,22,10,0,6.5214353756675125,6.5088614395282498,24,5,0,True,converged,fixed-mass asymptotic reference,1e-10,1.2230307336090681e-11,6.1654590254447566e-14,23,5081473437.499423,22377201631.581249,1,8.0185388938296045e-07,8.0176005505622101e-07
144,14424.522182413149,-8726.0509236506678,0,11546.934241944882,-0.75568938254939244,0,0.5,0.77508227432744881,0.099999996590533588,3.4482212388655995,1.5602514743545668,deficit,1.3401741938423584e-07,2,0,2545046.7218375052,2544785.6999060451,20,9,0,6.7669867557277268,6.4814535342787858,25,5,0,True,converged,fixed-mass asymptotic reference,1e-10,1.3082327847623728e-11,8.2537406059550322e-14,23,4950892719.782814,21954628151.947582,1,6.570150987109093e-07,6.5691978746044426e-07
145,11958.351274056293,-14727.078268338792,0,11458.321656649387,-1.2852343926352101,0,0.5,0.90064480569959238,0.10000000697373634,3.7714068987322769,1.0889095578115624,deficit,1.382500658397845e-07,2,0,2462350.7447598199,2462123.6724221469,22,10,0,7.5524219272336328,6.7265082052274341,25,5,0,True,converged,fixed-mass asymptotic reference,1e-10,1.2961448629700725e-11,1.0739603867090435e-13,23,4823547237.0532799,21538458417.892704,1,5.5520924673615906e-07,5.5512131392475649e-07
146,10705.601591455013,-18341.411714072921,0,11380.536873006638,-1.6115855481018675,0,0.5,0.9464739211983576,0.099999999943701234,3.9164469233943997,0.88464513052057581,deficit,1.3687260325134787e-07,2,0,2382248.6995267859,2382051.2532129525,24,11,0,10.295334156518431,8.9967301670930322,26,5,0,True,converged,fixed-mass asymptotic reference,1e-10,1.3594086819368254e-11,8.3722907209120749e-14,23,4699196106.7500343,21127908291.981426,1,5.0670428153638184e-07,5.0661654504365706e-07
147,9954.4872268008567,-20092.010487221367,0,11191.424086451249,-1.7952256161271249,0,0.5,0.96369111963243814,0.099999999839280901,3.9842585815073157,0.79091769594341454,deficit,1.3107090568453827e-07,2,0,2343210.5099861966,2342958.7567743515,24,11,0,9.5900690762828109,7.9786515698833034,25,5,0,True,converged,fixed-mass asymptotic reference,1e-10,1.2439612906810788e-11,6.6278880276322396e-14,23,4578073046.2754192,20724312414.190205,1,4.8032895026157253e-07,4.8024370737919729e-07
148,9225.1110394010157,-22329.801260795775,0,11070.597582185239,-2.0169363081954024,0,0.5,0.97814891978109297,0.099999999999949976,4.0552353977932469,0.69412146246664563,deficit,1.3133926346498015e-07,2,0,2266882.5827453854,2266663.4913440002,24,11,0,10.444645316559411,8.4106292809009613,25,5,0,True,converged,fixed-mass asymptotic reference,1e-10,1.2185756247543663e-11,5.698245865908772e-14,23,4459149076.5925274,20323279274.472206,1,4.5391843091919481e-07,4.5384262686265402e-07
149,9052.2958810465625,-22721.787283299451,0,11009.96144173325,-2.0636429071327402,0,0.5,0.98047420688384257,0.099999999999856676,4.0688375053394452,0.67573026565452476,deficit,1.3372274665357509e-07,2,0,2192982.2783825803,2192790.8254167344,24,11,0,10.487942355623003,8.3586313315433696,26,5,0,True,converged,fixed-mass asymptotic reference,1e-10,1.2835893295685449e-11,7.7356146326801077e-14,23,4344527722.9004154,19934663963.586586,1,4.5409824301938721e-07,4.54043389838715e-07
150,9024.0141243387097,-21823.739681645009,0,10825.713161509244,-2.0158143314762111,0,0.5,0.97809030281087272,0.099999999999957387,4.0549123812983758,0.69455884177532179,deficit,1.3016916433628012e-07,2,0,2156982.6855427232,2156740.0437005572,26,12,0,11.206707169993283,9.1749534605008414,25,5,0,True,converged,fixed-mass asymptotic reference,1e-10,1.1805525073178766e-11,5.5766935467762061e-14,23,4231110276.8766747,19544550274.474365,1,4.6171510715824864e-07,4.6164707023260395e-07
151,9514.6509521630869,-19418.517845498569,0,10738.541935743006,-1.8082179354720997,0,0.5,0.96471370587424699,0.099999999832261974,3.9887630187181493,0.78473419181179005,deficit,1.3126028264309753e-07,2,0,2086607.9432232685,2086395.4621476075,26,12,0,11.016692796247847,9.3818667451663558,26,5,0,True,converged,fixed-mass asymptotic reference,1e-10,1.2277422655143128e-11,4.6765224701560541e-14,23,4121825836.2248178,19166669862.150661,1,4.9641648865419871e-07,4.9637413353186406e-07
152,9647.5541627831153,-18297.844472692523,0,10614.598075343598,-1.7237610928308253,0,0.5,0.95762450947536049,0.099999999882148652,3.9589877873083026,0.82570747151300372,deficit,1.3015644784175606e-07,2,0,2018492.8668608493,2018307.6649679323,24,11,0,13.552465306599393,12.066789154020732,26,5,0,True,converged,fixed-mass asymptotic reference,1e-10,1.2002873160105444e-11,4.8520782165832568e-14,23,4014513630.3398037,18791290335.761879,1,5.1340562518065964e-07,5.1335799163125639e-07
153,9908.5227296907124,-16756.349916643601,0,10487.565097087403,-1.5976683091930979,0,0.5,0.94494159240250875,0.099999999949975063,3.911018961529404,0.89219819483517271,deficit,1.2931313975172998e-07,2,0,1985310.906654452,1985076.4307963673,24,11,0,13.483561475658345,12.207289462558379,26,5,0,True,converged,fixed-mass asymptotic reference,1e-10,1.1843425353809497e-11,5.6204416049445293e-14,23,3910510719.5401363,18424893638.463268,1,5.3777910060799321e-07,5.3777175820879955e-07
154,10017.896551541522,-15911.022891029708,0,10387.255333696316,-1.5317212339387916,0,0.5,0.93720437989178951,0.099999999972700218,3.8841448449297395,0.92970154197867882,deficit,1.2879336885873727e-07,2,0,1920442.6840169949,1920236.9721177393,26,12,0,13.499399860939544,12.326314891690057,26,5,0,True,converged,fixed-mass asymptotic reference,1e-10,1.1671331119040877e-11,4.5246077597372736e-14,23,3808356529.2837129,18060858828.94479,1,5.546744286316322e-07,5.54667145024392e-07
155,10072.349357607631,-15447.786623860624,0,10326.523204760879,-1.4958737695718212,0,0.5,0.93265672353975304,0.099999999981188803,3.8689820343866153,0.95093965194924546,deficit,1.3225806805294837e-07,2,0,1857665.9095709436,1857484.9467002787,24,11,0,11.878524445078332,10.759705277831827,27,5,0,True,converged,fixed-mass asymptotic reference,1e-10,1.2251541468333567e-11,4.2225808276706787e-14,23,3709304878.3660378,17705341458.62463,1,5.688876083607631e-07,5.6886229978291753e-07
156,10120.871967921896,-14529.602257243878,0,10161.127466930355,-1.4298650480269728,0,0.5,0.92362212237230612,0.099999999991377542,3.8399895815929526,0.9917025036874505,deficit,1.9462962308480769e-07,2,0,1827093.5550837507,1826866.7091001654,22,10,0,12.387259595623551,11.365002567838962,26,5,0,True,converged,fixed-mass asymptotic reference,1e-10,1.1337293531655552e-11,4.5232924035641118e-14,23,3612562187.1616449,17354815784.266541,1,5.8317369044603955e-07,5.8317951282007474e-07
157,10328.82157568563,-13684.671217095092,0,10116.127024165142,-1.3527084763946429,0,0.5,0.91192560928689204,0.099999995746405834,3.804303503142922,1.0421484093867104,deficit,1.941238925162736e-07,2,0,1767315.8899846005,1767115.1771077442,24,11,0,11.930431545405503,11.015521434350545,27,5,0,True,converged,fixed-mass asymptotic reference,1e-10,1.1953793170422968e-11,4.9106942832335339e-14,23,3518365201.5883074,17010639741.420094,1,6.0719771464770042e-07,6.0723393142350921e-07
158,10758.147427313676,-12008.94016075195,0,10018.710206874823,-1.1986120807891103,0,0.5,0.88466059074541914,0.10000000237483593,3.7267487806752939,1.1527757225819961,deficit,1.3065232562503581e-07,2,0,1709475.9719189815,1709299.4805354355,22,10,0,11.784980096647864,11.066644636541064,27,5,0,True,converged,fixed-mass asymptotic reference,1e-10,1.1765151702161416e-11,7.7059488427353524e-14,23,3426989537.8747945,16674389555.705309,1,6.451898818468391e-07,6.4528064319314572e-07
159,11667.756046476841,-9217.0218522152063,0,9920.6947181522755,-0.92904642876638488,0,0.5,0.82356748725670004,0.10000000001661322,3.5681118792044337,1.3830234806287001,deficit,1.3060910519779867e-07,2,0,1681296.0934121262,1681074.7292970002,22,10,0,10.618495158622304,10.186931525220517,27,5,0,True,converged,fixed-mass asymptotic reference,1e-10,1.1724435918473928e-11,6.0401768955548752e-14,23,3337386115.9805789,16341189155.651346,1,7.1400899502113218e-07,7.1413812280595437e-07
160,13436.159815312843,-4931.6272697872828,0,9825.2970673167911,-0.50192460608645273,0,0.5,0.69213972200922735,0.10000000002066056,3.2425076827734927,1.8700291447431185,deficit,1.7054943424188451e-07,2,0,1626069.3859161686,1625873.9133942716,18,8,0,11.795956425623675,11.669992270526155,27,5,0,True,converged,fixed-mass asymptotic reference,1e-10,1.1523592699589491e-11,8.1938811857412509e-14,23,3250389483.951479,16015314253.665438,1,8.3895698844858438e-07,8.3915424840065241e-07
161,16914.469696163123,1326.2206216699692,1326.2206216699692,9775.322921916988,0.13567077491427382,0.13567077491427382,0.44604077615005644,0.44604077615005644,0.10000000000020844,2.5426925347383644,2.9943813938516346,interior,1.347248315131111e-07,2,0,1572472.3615778787,1572291.2823507246,22,10,0,14.037256382280212,14.028053102697292,28,5,0,True,converged,fixed-mass asymptotic reference,1e-10,1.2108092705897366e-11,7.6051155051494292e-14,23,3165322658.6343069,15693649199.876743,1,1.0777907343752764e-06,1.0780294483477864e-06
162,20855.671897058834,7041.7273351579788,7041.7273351579788,9674.4683471855278,0.72788203723052536,0.72788203723052536,0.23334289995535412,0.23334289995535412,0.099999999995581207,2.038666857306346,4.6479317178012707,interior,5.1201096695763226e-09,2,0,1520861.2400531764,1520671.5960037359,18,8,0,14.633436420044783,14.368530289983353,28,5,0,True,converged,fixed-mass asymptotic reference,1e-10,1.1869077260796864e-11,6.967462311704876e-14,23,3082996477.0020399,15380417373.591898,1,1.3559886829123325e-06,1.3564337784083785e-06
163,25874.102211179466,13052.333951096174,13052.333951096174,9618.2957235027843,1.357083885998813,1.357083885998813,0.087377278968084893,0.087377278968084893,0.099999999995373054,1.7769160040569645,7.2372723598655551,interior,1.1624798190723595e-07,2,0,1495819.4119501505,1495540.5278492954,16,7,0,12.687771443479283,11.766933106660463,28,5,0,True,converged,fixed-mass asymptotic reference,1e-10,1.2024323453451032e-11,1.3436927073808023e-13,23,3002251079.5164666,15070049957.310717,1,1.716922125969963e-06,1.7176440489067746e-06
164,31238.916183359259,18881.202478062241,18881.202478062241,9540.1965062760828,1.9792323645255032,1.9792323645255032,0.023894925302322116,0.023894925302322116,0.099999996876399488,1.6777591220574628,10.723309117424575,interior,1.3772976759085509e-07,2,0,1446582.5887633271,1446300.07852178,18,8,0,12.58341954629247,10.624739169899863,28,5,0,True,converged,fixed-mass asymptotic reference,1e-10,1.1903224008481961e-11,2.6964497171792159e-14,24,2924258633.8453579,14768612882.100088,1,2.1152234426309305e-06,2.1162273371138862e-06
165,35020.598192277677,22838.794405008219,22838.794405008219,9471.6239661430391,2.4114520860246267,2.4114520860246267,0.007944569717948026,0.007944569717948026,0.1000000047679063,1.6540262549274338,13.673045481301653,interior,1.4173344853318781e-07,2,0,1398886.0001316483,1398613.777549783,20,9,0,13.413460281822973,10.505909700226711,29,5,0,True,converged,fixed-mass asymptotic reference,1e-10,1.2379703788542929e-11,1.0738760267585157e-13,23,2847137743.187387,14466800775.817133,1,2.4207562359480682e-06,2.4217520378882591e-06
166,35099.344979495378,23120.097843951535,23120.097843951535,9319.8882040773351,2.4809066079668756,2.4809066079668756,0.0065524351806533288,0.0065524351806533288,0.10000000429870155,1.6519810212975301,14.184260560984924,interior,1.3661817188648229e-07,2,0,1375944.1651518659,1375602.8154003269,18,8,0,14.192434643490854,11.114985844764,28,5,0,True,converged,fixed-mass asymptotic reference,1e-10,1.1430308912763473e-11,8.3299731844210895e-14,23,2772718385.8119254,14174048948.25066,1,2.4763104112059163e-06,2.4772477087499058e-06
167,34833.949574624363,22915.539179831259,22915.539179831259,9271.8512117029404,2.4716956715656675,2.4716956715656675,0.0067236968706720496,0.0067236968706720496,0.10000000430868534,1.6522323969951245,14.115892808948416,interior,1.4030898443095907e-07,2,0,1330676.3152059959,1330372.381843515,18,8,0,14.654918403198314,11.600278656780086,29,5,0,True,converged,fixed-mass asymptotic reference,1e-10,1.1991655600626256e-11,8.9704092858976195e-14,23,2700263513.6071954,13886816516.384239,1,2.5084186525778483e-06,2.5096454590067313e-06
168,32569.509924845373,20714.878932069583,20714.878932069583,9199.8768795851593,2.2517965581108337,2.2517965581108337,0.012167565650568153,0.012167565650568153,0.099999993921165889,1.6602715480611572,12.53401950224286,interior,1.3992028069509388e-07,2,0,1286956.2257668285,1286696.8985873857,18,8,0,14.140238806728416,11.604944937168517,29,5,0,True,converged,fixed-mass asymptotic reference,1e-10,1.1912463573576801e-11,9.9947843014365469e-14,23,2629636405.3312283,13604577633.789749,1,2.3940111043177364e-06,2.3951467221760054e-06
169,28945.927190572995,17112.412793653657,17112.412793653657,9109.9139730979587,1.8785432113000609,1.8785432113000609,0.030153445766825087,0.030153445766825087,0.099999997890456299,1.68719563530804,10.097093454390635,interior,1.3888271954698439e-07,2,0,1265672.8344187126,1265374.4155466279,18,8,0,14.170149054190322,12.405686755829549,29,5,0,True,converged,fixed-mass asymptotic reference,1e-10,1.1849787050582277e-11,1.0768379676122227e-13,23,2560388338.6881399,13325165848.964447,1,2.1722751910680721e-06,2.1732449107282021e-06
170,25202.858600664371,13270.14510231094,13270.14510231094,9020.1119940144144,1.4712379479260609,1.4712379479260609,0.070613388968195828,0.070613388968195828,0.099999999940022358,1.7499276012106684,7.8086779160626421,interior,1.3750850169635953e-07,2,0,1223832.5697204887,1223589.0437256005,18,8,0,14.888209380768911,13.805938831060068,29,5,0,True,converged,fixed-mass asymptotic reference,1e-10,1.1663485608953665e-11,8.9668579897450671e-14,23,2493548163.4647307,13054094745.974445,1,1.9306477462511368e-06,1.9315703913500238e-06
171,21404.066374627753,9061.397442435089,9061.397442435089,8968.8312588564859,1.0103515559254557,1.0103515559254557,0.15616344436464419,0.15616344436464419,0.10000000002049998,1.8936971541517593,5.6970446614784951,interior,1.4023630079407212e-07,2,0,1183445.3432610971,1183250.1586701041,18,8,0,15.428539359072948,14.918134225792453,30,5,0,True,converged,fixed-mass asymptotic reference,1e-10,1.2233004274391159e-11,1.1979308906946601e-13,23,2427807556.533082,12784697222.237776,1,1.6741942341346495e-06,1.6748554505250874e-06
172,18397.094522999829,5537.4948731670765,5537.4948731670765,8862.9863887001866,0.6248007225669675,0.6248007225669675,0.26605092819629683,0.26605092819629683,0.099999999949580393,2.105020501706317,4.3100844944050873,interior,1.383574539381982e-07,2,0,1144356.1050956408,1144199.5076838434,20,9,0,15.846812179362058,15.651624207901955,30,5,0,True,converged,fixed-mass asymptotic reference,1e-10,1.196089506256059e-11,8.4041234615125669e-14,23,2364028047.5449791,12521638158.53735,1,1.4692242572475668e-06,1.4697848501570422e-06
173,16070.368200229275,2487.9079317430596,2487.9079317430596,8789.9762660146171,0.28304166718697898,0.28304166718697898,0.38857244829318049,0.38857244829318049,0.10000000201058486,2.3874830850530131,3.3434660994691052,interior,1.3804803944417188e-07,2,0,1125479.1900367385,1125303.4872882839,20,9,0,16.554788624084171,16.514732331402179,30,5,0,True,converged,fixed-mass asymptotic reference,1e-10,1.1986212791804876e-11,7.8070443536769237e-14,23,2302036037.6779585,12264173877.32748,1,1.3103506490509096e-06,1.3108830972522627e-06
174,14135.365967288415,-253.51028857379271,0,8687.569361262249,-0.029180701414754644,0,0.5,0.51163976364035102,0.1000000000013441,2.7420637397620879,2.647712578441169,deficit,1.3644437091286932e-07,2,0,1088452.3586021035,1088309.3155987135,22,10,0,14.282687282404471,14.282261525736942,30,5,0,True,converged,fixed-mass asymptotic reference,1e-10,1.1730679159410261e-11,7.0506994617453111e-14,23,2241605054.6160097,12011256003.624392,1,1.1768432845843161e-06,1.1773510196318722e-06
175,13511.862481931857,-1164.6968641928345,0,8636.8589603492583,-0.13485133635934174,0,0.5,0.55363529202416539,0.10000000000009497,2.8691083134007656,2.4475517836387963,deficit,1.3976062884779594e-07,2,0,1052447.8267724277,1052319.6969663748,22,10,0,14.152444975607184,14.143352534148233,31,5,0,True,converged,fixed-mass asymptotic reference,1e-10,1.2310003560095497e-11,8.4573444907895344e-14,23,2182375074.0849247,11761088537.612322,1,1.148861556370442e-06,1.1492430522205636e-06
176,13365.815906951089,-991.11015439632365,0,8486.3051672674355,-0.11678892523418921,0,0.5,0.54648633996305962,0.10000000000006001,2.8481567556417993,2.480447607516834,deficit,1.3439718049568228e-07,2,0,1034852.8613403429,1034696.502591355,22,10,0,14.021973667667584,14.015153841138906,30,5,0,True,converged,fixed-mass asymptotic reference,1e-10,1.1368362463923222e-11,5.5944329910767528e-14,23,2124639716.4009314,11515373832.022959,1,1.1606931830369466e-06,1.1608997601060241e-06
177,13485.448628039909,-623.75205530269011,0,8427.1689169798501,-0.074016621934653651,0,0.5,0.52950142042597903,0.10000000000042408,2.7973390234645734,2.5604256643937569,deficit,1.3741721960336406e-07,2,0,1000515.5925459539,1000375.2165108256,24,11,0,13.804133738268684,13.801394508107375,31,5,0,True,converged,fixed-mass asymptotic reference,1e-10,1.1852709584738195e-11,6.2623784136847187e-14,23,2068644938.2156525,11275590606.754114,1,1.1959860106983737e-06,1.1961218106359453e-06
178,13460.653607505395,-433.36139835913792,0,8342.7595585622385,-0.051944523404004787,0,0.5,0.52071355120288765,0.10000000000081918,2.7705529737622285,2.6026870583272101,deficit,1.3674501020410901e-07,2,0,967327.49205255671,967201.9058845262,22,10,0,12.529585237866375,12.52823612111054,31,5,0,True,converged,fixed-mass asymptotic reference,1e-10,1.1674067384058523e-11,6.0821945167419252e-14,23,2014072287.9550538,11040154070.231329,1,1.2192450867873938e-06,1.2194480347541423e-06
179,13248.670199588099,-561.63756355589226,0,8260.4573346569632,-0.06799094685764423,0,0.5,0.52710357951521913,0.10000000000053941,2.790179412716757,2.5717146931713826,deficit,1.3650362284955975e-07,2,0,951146.78184720175,950993.21003076632,22,10,0,11.511088158159762,11.508776773732462,31,5,0,True,converged,fixed-mass asymptotic reference,1e-10,1.1640509411060199e-11,6.7119405567689584e-14,23,1961267873.759599,10811103458.763468,1,1.2254688200998338e-06,1.2257801020874007e-06
180,12497.464984505448,-1709.3768891742261,0,8207.9465437073213,-0.20825735049827429,0,0.5,0.58248598456285339,0.099999999999959524,2.9521796920078387,2.3175929388677865,deficit,1.9989194033342983e-07,2,0,919474.11920533574,919335.76658393873,22,10,0,12.12041890726711,12.09873334524883,31,5,0,True,converged,fixed-mass asymptotic reference,1e-10,1.1629262231024655e-11,1.0124018902370852e-13,23,1909458649.9346972,10584317062.488062,1,1.1807530812543197e-06,1.1810685931002941e-06
181,12294.191495165249,-1934.0862020277327,0,8160.6575265805322,-0.2369994238308096,0,0.5,0.59367138137858444,0.099999999999744807,2.9833482441726566,2.2690339273985076,deficit,1.7432295607022752e-07,2,0,888799.97746323748,888675.30965603818,22,10,0,10.763493822501326,10.735409459053258,32,5,0,True,converged,fixed-mass asymptotic reference,1e-10,1.2173439550861937e-11,9.8212477109977984e-14,23,1858983547.948616,10361775989.888601,1,1.186494622848667e-06,1.1867642839044863e-06
182,11896.057075291565,-2367.2862754835005,0,8062.7107125761822,-0.29360635450685058,0,0.5,0.61547064024701026,0.099999996883230344,3.042966214638728,2.1764749158012489,deficit,1.3872475346232704e-07,2,0,859099.2285948752,858987.63337930629,20,9,0,11.676712213799217,11.633609868095816,32,5,0,True,converged,fixed-mass asymptotic reference,1e-10,1.1867644719299221e-11,9.2359727677102743e-14,23,1809730448.1116548,10142975097.859262,1,1.1728370582120725e-06,1.1731128002007935e-06
183,11192.06589415605,-3488.1582466518798,0,7992.0878117896618,-0.4364450421675663,0,0.5,0.66874306744891765,0.099999996156725335,3.1830978035012016,1.9606979687082311,deficit,1.3864853287692824e-07,2,0,844633.53928670846,844497.19786778395,18,8,0,11.853921390500442,11.758679253084118,32,5,0,True,converged,fixed-mass asymptotic reference,1e-10,1.1874356841222925e-11,1.058318225646583e-13,23,1762147684.6333473,9930553860.9884033,1,1.1270334012409342e-06,1.1273562626246334e-06
184,10816.559728893137,-3855.3297303642785,0,7874.1802653653567,-0.4896084329580021,0,0.5,0.68779449603115494,0.10000000013121094,3.2316938213997126,1.8864948866086619,deficit,1.3647936802918537e-07,2,0,816333.00395469111,816210.91788855253,20,9,0,11.536140800151131,11.416282591339336,32,5,0,True,converged,fixed-mass asymptotic reference,1e-10,1.1412504094763794e-11,6.1642728351054227e-14,23,1715179679.1560736,9718685392.5149364,1,1.1129653129037136e-06,1.1132626840379625e-06
185,10703.384573224341,-3969.6835584926948,0,7839.2393572509582,-0.50637754369197718,0,0.5,0.69370418200198225,0.10000000000918921,3.2465676474538476,1.8638516613136509,deficit,1.4019909244655793e-07,2,0,788949.17428640206,788838.74058180326,18,8,0,11.085974639067844,10.957765530690084,33,5,0,True,converged,fixed-mass asymptotic reference,1e-10,1.1999584400060116e-11,7.1600341737103654e-14,23,1669840145.82429,9513201690.6141491,1,1.1251085513917403e-06,1.1253762969408489e-06
186,10444.627315964888,-4104.31939655103,0,7719.779880829281,-0.53165287631711899,0,0.5,0.70251678230365955,0.099999996416207618,3.2687166394611005,1.8301937582939545,deficit,1.3563333789434751e-07,2,0,775605.86618919345,775472.5641629484,16,7,0,10.072182399444008,9.9308550089958754,32,5,0,True,converged,fixed-mass asymptotic reference,1e-10,1.1165654902150567e-11,7.7129980820141145e-14,23,1625525083.7698417,9310793564.226738,1,1.1217762743762771e-06,1.1220922188404851e-06
187,9627.2914427659707,-5900.5190382076926,0,7727.7465233795419,-0.7635296147755547,0,0.5,0.77742619620576159,0.099999995046858609,3.4539819684546273,1.5516768303517054,deficit,1.6661752511026862e-07,2,0,749524.35889350763,749402.75234628632,22,10,0,10.558383655136842,10.266894918817188,33,5,0,True,converged,fixed-mass asymptotic reference,1e-10,1.2031531949519521e-11,1.8104121584624453e-14,24,1582299916.7799373,9111932412.6635952,1,1.0565586976244621e-06,1.0567897893723677e-06
188,9852.9367929657037,-5061.5002950938197,0,7633.1228912582164,-0.66308150435212421,0,0.5,0.74636082220584921,0.099999999990078942,3.3775651070344708,1.6658812901418261,deficit,1.3954665900595131e-07,2,0,724272.46717648371,724163.029750922,22,10,0,10.512574419036994,10.292735878330056,33,5,0,True,converged,fixed-mass asymptotic reference,1e-10,1.1693465912057556e-11,9.2640077006061483e-14,23,1540064501.7215281,8916139151.3611393,1,1.1050676336137658e-06,1.1052840711878695e-06
189,10527.70805582351,-3421.9255283795155,0,7561.8009500938788,-0.45252061791927661,0,0.5,0.67455301427937342,0.10000000403741313,3.1978848718799071,1.9380831881503324,deficit,1.4200340558989666e-07,2,0,699805.97720003687,699707.22202787385,18,8,0,10.444187484971582,10.34180003015056,34,5,0,True,converged,fixed-mass asymptotic reference,1e-10,1.2003631183970839e-11,6.0791720192427073e-14,23,1499251313.1165085,8726022329.7662697,1,1.2064727384333315e-06,1.2066962568440148e-06
190,10170.913376813287,-3845.9166059174349,0,7471.6670593731415,-0.51472390110780608,0,0.5,0.69662701545615757,0.10000000000129725,3.2539530743262688,1.8526205213335949,deficit,1.3839330925691229e-07,2,0,687926.07074099197,687806.7389988103,18,8,0,9.1794003377293762,9.046929990543557,33,5,0,True,converged,fixed-mass asymptotic reference,1e-10,1.1349169508148453e-11,6.5695154292011974e-14,23,1459197610.6000609,8537835614.3838768,1,1.1912753812779118e-06,1.1915588643514223e-06
191,10621.006133003075,-2837.7696952370843,0,7434.5130708053457,-0.38169693543980032,0,0.5,0.64865691327070019,0.099999999920388549,3.1311055172926743,2.0404523058773436,deficit,1.4209000975817787e-07,2,0,664652.94243776205,664544.47361617384,20,9,0,9.5717873702094671,9.4989410949473996,34,5,0,True,converged,fixed-mass asymptotic reference,1e-10,1.1895360804789286e-11,5.775153888320778e-14,23,1420402298.8648255,8354583649.5054111,1,1.2712789264647359e-06,1.2716361693793899e-06
192,10805.780262355274,-2288.6408155711088,0,7369.3530281439853,-0.31055848766356237,0,0.5,0.62193185515818017,0.099999998241673091,3.0604336947268607,2.1494387302575948,deficit,1.4201139508784877e-07,2,0,642130.98272625788,642032.7812208517,20,9,0,10.518157393562074,10.469934106432135,34,5,0,True,converged,fixed-mass asymptotic reference,1e-10,1.1799430528002293e-11,5.1757463305271141e-14,23,1382496371.8389997,8174200892.1233864,1,1.3219372027873284e-06,1.3223428148686343e-06
193,11423.422794408987,-908.84046974494026,0,7274.6502686451749,-0.12493195827199834,0,0.5,0.54971129123536788,0.10000000000008942,2.857866270150474,2.4651970193027291,deficit,1.4099413836454744e-07,2,0,631163.29697445524,631045.38520125335,24,11,0,9.1824356900520883,9.1746316929532501,34,5,0,True,converged,fixed-mass asymptotic reference,1e-10,1.1591352289876717e-11,3.0696482831189383e-14,23,1345485949.5594923,7996805882.0501356,1,1.428498198268178e-06,1.4288804849031473e-06
194,11704.596194163751,-354.98592557478503,0,7246.3525637452494,-0.048988133860167045,0,0.5,0.5195356238028076,0.10000000000083095,2.7669174581809663,2.6084283982503247,deficit,1.4508936807544615e-07,2,0,609720.24107369001,609612.66996798723,22,10,0,8.859416672277197,8.8582167536476462,35,5,0,True,converged,fixed-mass asymptotic reference,1e-10,1.2250895829524885e-11,4.3903511577404531e-14,23,1309355357.9598143,7822387710.0166807,1,1.4962945622314074e-06,1.4966474313971454e-06
195,11492.503235909608,-534.57027675798361,0,7182.6448278284015,-0.074425065047943606,0,0.5,0.52966391745848951,0.10000000000033131,2.7979409959300625,2.559476728483193,deficit,1.4484609267562121e-07,2,0,588972.17856531241,588874.53937717411,22,10,0,9.2001579066859573,9.197388361532262,35,5,0,True,converged,fixed-mass asymptotic reference,1e-10,1.2163766422054745e-11,4.891243014215793e-14,23,1274267083.3092546,7652003392.9720459,1,1.5018946863595036e-06,1.5021527589698188e-06
196,11778.372856513237,32.442344094224474,32.442344094224474,7148.179307343582,0.0045385495666389998,0.0045385495666389998,0.49818938690213743,0.49818938690213743,0.10000000000229362,2.6997989988811213,2.71468367928974,interior,1.4881916632347725e-07,2,0,568828.62912722013,568739.52279126819,22,10,0,11.450542898994696,11.450532599778612,36,5,0,True,converged,fixed-mass asymptotic reference,1e-10,1.2825626469210402e-11,4.5643833979864583e-14,23,1239986625.0814505,7484333822.7968578,1,1.5737369731741494e-06,1.5739619613144928e-06
197,12002.364128662097,628.23771605374907,628.23771605374907,7058.192557250879,0.089008596321473579,0.089008596321473579,0.46453753918119511,0.46453753918119511,0.10000000000025325,2.5965496494100861,2.8915033984146765,interior,1.4502336398436455e-07,2,0,558981.27833883138,558871.52690883703,22,10,0,13.596513606719929,13.59255234161037,35,5,0,True,converged,fixed-mass asymptotic reference,1e-10,1.2123384402965617e-11,5.2755299003134417e-14,23,1206760284.9647925,7320947846.6573,1,1.6394549421824257e-06,1.6398205948457452e-06
198,11680.857949776155,227.3436969718974,227.3436969718974,7015.7693516565159,0.032404710314065811,0.032404710314065811,0.48707465308741066,0.48707465308741066,0.10000000000105017,2.6648559627438537,2.7717887004831114,interior,1.4836502870707591e-07,2,0,539996.00834315817,539897.69471129577,22,10,0,15.751019035477368,15.750494002852099,36,5,0,True,converged,fixed-mass asymptotic reference,1e-10,1.2715632541826e-11,5.481109204904142e-14,23,1174342029.7841578,7160442684.5342016,1,1.6313038822314118e-06,1.6316991950233378e-06
199,11039.417084137302,-638.06251943012933,0,6944.4524627119454,-0.091880576532109043,0,0.5,0.53660353807186301,0.1000000000002095,2.8188249478850977,2.526578368505175,deficit,1.475196726996586e-07,2,0,521517.48277180915,521429.10858250863,22,10,0,18.974921053418427,18.970700033246491,36,5,0,True,converged,fixed-mass asymptotic reference,1e-10,1.256209987663613e-11,4.9448040178993397e-14,23,1142831144.8101559,7003501431.6409206,1,1.5762711255062549e-06,1.5768001258464693e-06
200,10744.367100661972,-904.96981822920714,0,6860.040162446061,-0.13191835776134289,0,0.5,0.55247556593288305,0.10000000000004083,2.8659148479798944,2.4525628004597926,deficit,1.4658922653509876e-07,2,0,512517.43543751357,512412.07132462779,22,10,0,19.10140657312057,19.092705346563346,36,5,0,True,converged,fixed-mass asymptotic reference,1e-10,1.2444739651338348e-11,3.8785473053143078e-14,23,1112026964.2806444,6848972015.2910919,1,1.5687561690533962e-06,1.569352252941792e-06
201,10709.951743210939,-764.51176107974459,0,6789.2832271103307,-0.11260517329186243,0,0.5,0.54482820827682366,0.10000000000023739,2.843330951990211,2.4880311103982189,deficit,1.4587907459784333e-07,2,0,494924.23372079537,494828.2720800527,22,10,0,18.484039522112305,18.477699559586259,36,5,0,True,converged,fixed-mass asymptotic reference,1e-10,1.2281811997690668e-11,4.9375513659657865e-14,23,1081913326.4316664,6696819686.379528,1,1.5992593865105262e-06,1.5997130853880557e-06
202,10719.383626047733,-592.8242748423819,0,6733.5426466144327,-0.088040169699391463,0,0.5,0.53507762536111581,0.10000000000025053,2.8142070121091223,2.5338491655942512,deficit,1.4863471875514733e-07,2,0,477906.31130210549,477818.73361546226,22,10,0,19.57484673060717,19.570971194866821,37,5,0,True,converged,fixed-mass asymptotic reference,1e-10,1.2770810880243684e-11,6.299923758331353e-14,23,1052564351.7484076,6547569313.6830206,1,1.6371546619058331e-06,1.6374019624498659e-06
203,10130.404692169652,-1412.2442712884663,0,6662.4277527642416,-0.21196964484536077,0,0.5,0.58393464194603628,0.099999999999193914,2.9562105594452248,2.3113066950830849,deficit,1.4767217870748084e-07,2,0,461443.40255947912,461363.66833569692,22,10,0,20.144816060404235,20.122350495236301,37,5,0,True,converged,fixed-mass asymptotic reference,1e-10,1.2579053060447497e-11,4.2595097790207455e-14,23,1023910669.5743713,6400857878.0357351,1,1.5826635874749998e-06,1.5827397187823874e-06
204,9556.4223192528079,-2219.5602965979515,0,6581.2805961783843,-0.33724900460674312,0,0.5,0.63203540075873554,0.099999999359768652,3.0874518410590497,2.1076961601880795,deficit,1.4667775460885935e-07,2,0,453428.98582073697,453334.1784720202,20,9,0,20.651410360398589,20.59454191484447,37,5,0,True,converged,fixed-mass asymptotic reference,1e-10,1.2450023392270369e-11,4.8672335047150038e-14,23,996200880.96070123,6258311370.0990963,1,1.5269969412054817e-06,1.5270859005412895e-06
205,8684.927269700509,-3722.3061332234888,0,6511.66912652674,-0.5716230089416432,0,0.5,0.71621129799084882,0.099999999951418839,3.3031765707236858,1.7779745689726392,deficit,1.4563332073613822e-07,2,0,437766.91109764803,437680.38929486065,18,8,0,21.335072078517413,21.171695646341664,37,5,0,True,converged,fixed-mass asymptotic reference,1e-10,1.2245255120098813e-11,6.3268626044156811e-14,23,969212493.10987997,6118612400.4070692,1,1.419427592622586e-06,1.419543275487475e-06
206,8270.293951207901,-4442.2908069426539,0,6462.2457052739273,-0.687402935656521,0,0.5,0.75408557590024983,0.099999999937265313,3.3967676317513735,1.6370908597828961,deficit,1.4837834583225629e-07,2,0,422618.53749603801,422539.34023232688,20,9,0,23.233047739511349,22.996786341536747,38,5,0,True,converged,fixed-mass asymptotic reference,1e-10,1.2721101812258481e-11,6.0592716089560162e-14,23,942817675.03364968,5981016685.4043627,1,1.3827572110591371e-06,1.3828096064868365e-06
207,7637.9932917797314,-5561.3241661134216,0,6369.5399373259534,-0.87308076572356097,0,0.5,0.80869047152455797,0.10000000000076839,3.5312369858942247,1.4372536850973039,deficit,1.4401625336724067e-07,2,0,415244.77826610528,415151.29285781819,22,10,0,21.979384274817289,21.598249263079069,37,5,0,True,converged,fixed-mass asymptotic reference,1e-10,1.1944577214364069e-11,4.4148316952679636e-14,23,917032886.39810383,5845683985.1979952,1,1.3066038655391035e-06,1.3065063176152295e-06
208,7686.3594676239527,-5317.9189637076024,0,6335.4324420595976,-0.83936400009411827,0,0.5,0.79936746047865925,0.10000000000011136,3.5080278952039734,1.4715157583823275,deficit,1.4753355526142542e-07,2,0,400832.6936158475,400746.73198848887,22,10,0,24.409461039321204,24.057195076994205,38,5,0,True,converged,fixed-mass asymptotic reference,1e-10,1.2500338522945847e-11,5.0587564180362045e-14,23,892051199.22368312,5713907352.7662067,1,1.345201977050406e-06,1.3449874320206805e-06
209,7555.3371917820223,-5408.1850016571998,0,6276.0344677166877,-0.8616890115949718,0,0.5,0.80557066300867952,0.10000000000036395,3.5232901364003624,1.4489739687227117,deficit,1.4715050811187069e-07,2,0,386875.69723877596,386796.97397614177,22,10,0,24.009222809422699,23.637968833070939,38,5,0,True,converged,fixed-mass asymptotic reference,1e-10,1.2326968867491884e-11,5.6289337324724322e-14,23,867709302.61728883,5584709888.709815,1,1.3528611767383074e-06,1.3527334871395258e-06
210,7913.0840549804834,-4465.6163078586478,0,6244.4932610196374,-0.71510732573096336,0,0.5,0.76272863619456821,0.099999999619207774,3.4176371385933635,1.6058707419823013,deficit,1.5102316741621991e-07,2,0,373299.37453136203,373226.96153587603,20,9,0,26.12095467000465,25.865265426347605,39,5,0,True,converged,fixed-mass asymptotic reference,1e-10,1.2917622090957402e-11,6.9701887263377877e-14,23,844049262.10519433,5458422735.6360884,1,1.4497015783183648e-06,1.4495834994569356e-06
211,8339.2158798261571,-3275.7928914569625,0,6163.480236629568,-0.53147226498515798,0,0.5,0.70245422209273656,0.099999996231880009,3.2682652958997735,1.830878904946593,deficit,1.4740659703971204e-07,2,0,366714.41229754651,366629.05250259588,16,7,0,26.606566138150502,26.465334753926275,38,5,0,True,converged,fixed-mass asymptotic reference,1e-10,1.2171554457948882e-11,5.5563917666622787e-14,23,821034652.86433971,5334872207.6605711,1,1.5631519472671756e-06,1.5631758699375731e-06
212,9033.3005820492235,-1875.9899347063108,0,6148.665368493148,-0.30510128875575193,0,0.5,0.61985549515742933,0.099999997888235465,3.0544159928622889,2.1587486092201127,deficit,1.5218162152663695e-07,2,0,353942.84384247521,353863.94701171789,20,9,0,26.915627059856501,26.86908366165629,39,5,0,True,converged,fixed-mass asymptotic reference,1e-10,1.2883656320871377e-11,7.7825644834573852e-14,23,798645850.10235167,5213989811.7298307,1.1200730784532995,1.9405401922281568e-06,1.9407214619042489e-06
213,10494.892650767166,711.43670106432103,711.43670106432103,6109.0901713246194,0.1164560019250549,0.1164560019250549,0.45364557707471531,0.45364557707471531,0.1000000000001309,2.5643216057844,2.9520951192418798,interior,1.5343851189619784e-07,2,0,341484.35221120465,341408.90173021873,22,10,0,27.264685308624966,27.257904308432781,39,5,0,True,converged,fixed-mass asymptotic reference,1e-10,1.288085312826487e-11,1.0211594767351529e-13,23,776723268.47196615,5094786589.5187473,1.1872173917589186,2.4455821378792196e-06,2.4459253044822371e-06
214,11530.140519516908,2314.1418291482505,2314.1418291482505,6081.1029489132143,0.38055252083240709,0.38055252083240709,0.35176765886244932,0.35176765886244932,0.099999997822663597,2.2964894325092047,3.5957390533192921,interior,1.5788338991740147e-07,2,0,329590.40386257367,329514.91365261254,20,9,0,29.254701179901787,29.182291069345837,40,5,0,True,converged,fixed-mass asymptotic reference,1e-10,1.3504986507835523e-11,1.1638630637752408e-13,23,755465423.88223088,4978613858.1082659,1.2348236245618647,2.8597698704489235e-06,2.8602065154628622e-06
215,13537.537176382571,5065.3425429082772,5065.3425429082772,6028.4850420713583,0.84026491568834616,0.84026491568834616,0.20037993405042304,0.20037993405042304,0.10000000245162206,1.9748008033128386,5.0436712566062987,interior,1.5613059156649456e-07,2,0,323724.41102559533,323623.17182724364,18,8,0,28.613099117611583,28.260076553343211,39,5,0,True,converged,fixed-mass asymptotic reference,1e-10,1.2977348474716099e-11,2.1743109105464117e-14,24,734620933.73621011,4863868644.3908663,1.2733310939424936,3.5440445214262553e-06,3.5443927315620787e-06
216,14563.660299039102,6354.674209296184,6354.674209296184,5997.0472531778614,1.0596817310022162,1.0596817310022162,0.14464470840804194,0.14464470840804194,0.1000000000023302,1.8734986641041118,5.897731027749737,interior,1.6044082151722705e-07,2,0,312381.67023866245,312282.81345371,18,8,0,29.120263643000726,28.558800957490799,40,5,0,True,converged,fixed-mass asymptotic reference,1e-10,1.3557308722221553e-11,2.4735941736638073e-14,24,714336494.88820601,4751564922.2118931,1.3062188477028434,4.0035920555813405e-06,4.0035457074156024e-06
217,15037.019319239715,6956.4230737245971,6956.4230737245971,5966.1433526174687,1.1660410047187042,1.1660410047187042,0.12179893359434268,0.12179893359434268,0.099999998376976276,1.83421166249137,6.3511121751832853,interior,1.6476863651249118e-07,2,0,301413.60464133811,301319.88623067999,16,7,0,29.429746293698514,28.749920481355812,41,5,0,True,converged,fixed-mass asymptotic reference,1e-10,1.4198309420275142e-11,1.1261388450966755e-13,23,694442553.37642682,4640621385.3423967,1.3351689152961974,4.3263518194290108e-06,4.3252919889591099e-06
218,16048.263767470155,8202.7831633058704,8202.7831633058704,5899.0409164494704,1.3906118571635868,1.3906118571635868,0.082171579413704898,0.082171579413704898,0.099999999988606064,1.7685866946438225,7.3995459893317799,interior,1.6162780647199781e-07,2,0,296015.24944591802,295899.51406495529,18,8,0,31.334721158433066,30.367820489791086,40,5,0,True,converged,fixed-mass asymptotic reference,1e-10,1.3480967560326605e-11,1.6264010400891797e-14,24,675335818.28698218,4533737340.1426764,1.361150597663751,4.8181229259015892e-06,4.8169036002488463e-06
219,16443.158115164435,8671.5846751428562,8671.5846751428562,5875.9795514745592,1.4758620140879171,1.4758620140879171,0.069990469369301644,0.069990469369301644,0.099999999936299197,1.7490730876421026,7.8291782021637957,interior,1.6632004395944477e-07,2,0,285528.92214489274,285419.57298837072,18,8,0,31.609593061082251,30.520508718768429,41,5,0,True,converged,fixed-mass asymptotic reference,1e-10,1.4216138031899352e-11,1.1327509459979861e-13,23,656647232.67079425,4428496554.5884304,1.3847847495500858,5.1417528074461001e-06,5.1408949999310954e-06
220,15847.182662807192,8081.8256076966309,8081.8256076966309,5836.3838606304025,1.3848144738227333,1.3848144738227333,0.083054602013825751,0.083054602013825751,0.099999999990143015,1.7700488949907438,7.3702461122055114,interior,1.6678508529821556e-07,2,0,275471.82876959129,275372.81666515523,18,8,0,29.222814355245163,28.263958791790696,41,5,0,True,converged,fixed-mass asymptotic reference,1e-10,1.4249183125848245e-11,1.2383773694155488e-13,23,638530081.02158332,4325976146.2116432,1.4064984490575076,5.1523718771977885e-06,5.1516736108441894e-06
221,15793.731121387011,8048.9682472647119,8048.9682472647119,5820.2578416698479,1.3830048397382075,1.3830048397382075,0.083331690960892157,0.083331690960892157,0.099999999990545541,1.7704445265435353,7.3623798704215471,interior,1.7186332423868578e-07,2,0,265641.71209272876,265549.8603078149,18,8,0,29.699503635537162,28.74315244216751,42,6,0,True,converged,fixed-mass asymptotic reference,1e-10,1.5144261633089625e-11,2.5619320954843025e-14,24,620837009.32560015,4225226060.7501864,1.4266010402773408,5.3325793516550671e-06,5.332114290478794e-06
222,14965.791711911032,7242.7531698704597,7242.7531698704597,5749.6691263697612,1.2597510494964046,1.2597510494964046,0.10387959165610289,0.10387959165610289,0.10000000101766233,1.8040132963925686,6.7755931888526177,interior,1.6743463593371644e-07,2,0,260891.02693870434,260786.81955182424,16,7,0,28.242316001567364,27.448829648213717,41,5,0,True,converged,fixed-mass asymptotic reference,1e-10,1.4357068040215555e-11,1.8432649928779627e-14,24,603607856.15590906,4126557832.7433076,1.4453255359465016,5.2417636692860199e-06,5.2411606152626131e-06
223,13783.678629491254,5929.2164718093009,5929.2164718093009,5723.5770106246409,1.0359751441507479,1.0359751441507479,0.15010686929549361,0.15010686929549361,0.1000000000072178,1.8829813554371455,5.8011541078369584,interior,1.7136944530093956e-07,2,0,251629.75788212326,251538.11592283333,18,8,0,27.02772115607663,26.491098906427549,42,6,0,True,converged,fixed-mass asymptotic reference,1e-10,1.5164701744206896e-11,2.4006780387541932e-14,24,586729456.87930262,4029237187.7365103,1.462852931500042,5.0042957886360955e-06,5.0033477168929573e-06
224,12715.348652146868,4756.4383150684689,4756.4383150684689,5663.2492406573338,0.83990900298898574,0.83990900298898574,0.20047970468425941,0.20047970468425941,0.10000000245262332,1.9747957491568044,5.0437060198915642,interior,1.7023075615796301e-07,2,0,242633.63783697685,242553.1891867393,18,8,0,26.701608730568108,26.348885163917132,42,6,0,True,converged,fixed-mass asymptotic reference,1e-10,1.5041497979340391e-11,8.9097366274852255e-14,23,570540726.08731866,3935634389.3816776,1.4793273449050945,4.7794487749859909e-06,4.7793116481743626e-06
225,11786.353060740958,3653.7577591388599,3653.7577591388599,5627.4023455713341,0.6492981398228973,0.6492981398228973,0.25807284393973629,0.25807284393973629,0.099999999970784723,2.0882731146645312,4.3895790162632906,interior,1.7375646521600174e-07,2,0,233959.29050005562,233888.43698841508,20,9,0,27.30378262528415,27.092988588095412,43,6,0,True,converged,fixed-mass asymptotic reference,1e-10,1.5815544251372155e-11,9.4387626962315692e-14,23,554656792.75259697,3843146430.2441106,1.4948658954779788,4.584529250280223e-06,4.5849664763771407e-06
226,10990.240795282101,2759.5314457595819,2759.5314457595819,5550.6134276756729,0.49716902494375914,0.49716902494375914,0.30953493128427323,0.30953493128427323,0.099999999359473055,2.198541755409849,3.9227878974975701,interior,1.6883824294211536e-07,2,0,229766.34067926733,229687.43368263103,20,9,0,26.340520512365391,26.216931992683627,42,6,0,True,converged,fixed-mass asymptotic reference,1e-10,1.4953366673548314e-11,9.7436490022804202e-14,23,539202168.55549777,3752668028.9745407,1.5095654015240774,4.4209845184493599e-06,4.4214775386444832e-06
227,10778.641457207612,2525.5922722098162,2525.5922722098162,5525.3876563183767,0.4570980383669892,0.4570980383669892,0.32380029009250977,0.32380029009250977,0.09999999868227144,2.2307216670320642,3.8078201884935399,interior,1.7327111168086162e-07,2,0,221530.86861323638,221458.3204145823,20,9,0,26.637641744394958,26.533172436055484,43,6,0,True,converged,fixed-mass asymptotic reference,1e-10,1.5827561689418838e-11,1.1309765755764083e-13,23,524087438.42598319,3663613794.5559521,1.5235070686802987,4.4822782563020292e-06,4.482764062455796e-06
228,10341.921949782631,2055.9871469499835,2055.9871469499835,5463.2189386648006,0.37633896938014744,0.37633896938014744,0.35333245587234319,0.35333245587234319,0.09999999766135477,2.2999911093767338,3.5852130934893123,interior,1.7207602875934924e-07,2,0,213645.90895493678,213580.4453498506,20,9,0,26.887845457083401,26.817029947146345,43,6,0,True,converged,fixed-mass asymptotic reference,1e-10,1.5645179122521121e-11,9.1600875421690339e-14,23,509407989.97036129,3576684869.0757909,1.5367598618955463,4.4435143517100541e-06,4.4435378623737594e-06
229,10076.504000231575,1790.5755955224813,1790.5755955224813,5414.2503140922818,0.33072029914198059,0.33072029914198059,0.37042788391958337,0.37042788391958337,0.099999994815871254,2.3417759134305669,3.464896638771132,interior,1.7503347349290266e-07,2,0,206014.46640468575,205954.65234892018,20,9,0,26.745225992400012,26.690538034267732,44,6,0,True,converged,fixed-mass asymptotic reference,1e-10,1.6291699110655619e-11,9.6019802462097845e-14,23,495054245.91886926,3491148721.3184667,1.549382987764826,4.4719847592762691e-06,4.4719370187013743e-06
230,9978.9294872658356,1841.0668439893398,1841.0668439893398,5332.7389459019769,0.3452440604039117,0.3452440604039117,0.36495544865744295,0.36495544865744295,0.099999995951294066,2.3284039607583296,3.5023738756846354,interior,1.7007999475460167e-07,2,0,202275.49894550926,202205.99433031835,20,9,0,26.563694498543693,26.504097767921603,43,6,0,True,converged,fixed-mass asymptotic reference,1e-10,1.5333537234256296e-11,8.2118479709649498e-14,23,481150103.15227818,3407912984.2346344,1.5614277592656258,4.5721171817626433e-06,4.571744592960298e-06
231,9757.4783751962004,1633.0367400410089,1633.0367400410089,5285.3055830721878,0.30898124669758353,0.30898124669758353,0.37866789613823609,0.37866789613823609,0.10000000461142741,2.3625688666059119,3.4084188969939904,interior,1.7299885990418318e-07,2,0,195023.73089379619,194959.93900281805,20,9,0,26.703306816242137,26.65557211083674,44,6,0,True,converged,fixed-mass asymptotic reference,1e-10,1.5936903569073957e-11,1.0164439991732481e-13,23,467571446.63228852,3326136284.170157,1.5729390216185291,4.6143384328505478e-06,4.6137196322352427e-06
232,9127.7890929712685,789.2993321722837,789.2993321722837,5245.6100301679344,0.15046960609944066,0.15046960609944066,0.44019706426110139,0.44019706426110139,0.10000000000010509,2.5264945046965934,3.0269514065228829,interior,1.7623704096081383e-07,2,0,188044.60496623957,187988.16243894128,22,10,0,24.578418584440946,24.567098033261086,45,6,0,True,converged,fixed-mass asymptotic reference,1e-10,1.6650382458491666e-11,1.0416711226990184e-13,23,454321837.39323831,3245874132.7514157,1.5839562598000563,4.4542758223625128e-06,4.4527461845239106e-06
233,8356.8665607762596,-206.33279644211828,0,5156.0358528687402,-0.040017642528122302,0,0.5,0.51596046957232145,0.10000000000095681,2.7562505019016328,2.6252814651524075,deficit,1.702475949105775e-07,2,0,184631.92563658586,184570.14907620475,22,10,0,25.236589706030927,25.235789000174172,44,6,0,True,converged,fixed-mass asymptotic reference,1e-10,1.5507887946750134e-11,9.1259991687943396e-14,23,441386458.31309128,3167050612.7016354,1.5945144708897403,4.2074302851400842e-06,4.2052452958462127e-06
234,8054.858981551678,-624.51139866540075,0,5123.2168256509067,-0.12189758303295994,0,0.5,0.54850993509284152,0.10000000000010212,2.854734686593801,2.4701146643303629,deficit,1.7395828555422099e-07,2,0,177961.07988470886,177903.50934513411,24,11,0,24.676075145908168,24.66864563553353,45,6,0,True,converged,fixed-mass asymptotic reference,1e-10,1.6224209596631814e-11,8.2766976459554491e-14,23,428994321.95748293,3091345025.0878601,1.6046448598496124,4.1810888000743404e-06,4.1792866144985008e-06
235,7345.0410971322026,-1790.499069587197,0,5085.4259073771054,-0.35207840848314875,0,0.5,0.63761026973607215,0.099999999655598498,3.10259177023201,2.0843463460154341,deficit,1.7391556239587658e-07,2,0,171521.94917390344,171468.34453029637,20,9,0,25.955658086728629,25.893678483868616,45,6,0,True,converged,fixed-mass asymptotic reference,1e-10,1.6152672168751008e-11,2.2561842015002888e-14,24,416788561.41044354,3016224974.7308707,1.6143754007809903,3.9312895305475906e-06,3.929272792393835e-06
236,6719.8806530812344,-2955.3753073315906,0,5060.3889313877989,-0.58400501566004404,0,0.5,0.72039153122566379,0.099999999706149881,3.3138547441443791,1.7618303122499888,deficit,1.7805296748107935e-07,2,0,165305.6707857007,165255.62669719986,18,8,0,26.974927181301393,26.804396252143349,46,6,0,True,converged,fixed-mass asymptotic reference,1e-10,1.6973814168841863e-11,2.6107158066600449e-14,24,404953467.79692435,2943047037.4176884,1.6237312943290327,3.7074774449198337e-06,3.7051824948362319e-06
237,5676.4049938349117,-5254.2815266620482,0,5022.3099590287884,-1.04613510882301,0,0.5,0.85225067117954079,0.10000000020717666,3.6414314480023577,1.2759730374169993,deficit,1.7509569483209475e-07,2,0,162283.63155385034,162225.72353131569,24,11,0,28.152022537191414,27.604823204235348,45,6,0,True,converged,fixed-mass asymptotic reference,1e-10,1.637183526690399e-11,3.4166899897129847e-14,24,393520844.80181712,2872077573.6238103,1.6327353439454391,3.2269556870947526e-06,3.2256416134646765e-06
238,5006.1386818916581,-7122.945764334374,0,5011.4357976414394,-1.4212413391306209,0,0.5,0.92237669471607542,0.0999999999922567,3.8364735530560665,0.99665954888294694,deficit,2.8343224656168786e-08,2,0,156387.15314901207,156332.85670299848,22,10,0,29.034599991046846,28.024636519019946,46,6,0,True,converged,fixed-mass asymptotic reference,1e-10,1.7357867271130497e-11,3.3046379144754446e-14,24,382394973.56881458,2802652222.1980839,1.6414082680558688,2.9319076260723842e-06,2.9308699459737511e-06
239,4741.7444276710285,-7761.6290323041649,0,4964.7032804771798,-1.5632437167601385,0,0.5,0.9410023594595045,0.099999999963124142,3.8973286931970819,0.91128094095178791,deficit,1.7965692444832371e-07,2,0,150699.82992491237,150649.27635824459,24,11,0,29.992492412940202,28.770626953945175,46,6,0,True,converged,fixed-mass asymptotic reference,1e-10,1.708404182001077e-11,4.8256969300590832e-14,24,371523321.83560151,2734412684.7963972,1.649768961087394,2.8608639879694139e-06,2.8602371117267494e-06
240,4369.1434764871665,-9008.5875181863903,0,4948.3773529177415,-1.8203545469694891,0,0.5,0.96564748521230692,0.099999999826646785,3.9931006813366707,0.7787847260952977,deficit,1.8464636042381244e-07,2,0,145211.94700884269,145164.58243822266,26,12,0,30.135992472943371,28.479147134607125,47,6,0,True,converged,fixed-mass asymptotic reference,1e-10,1.7999435445599798e-11,4.6009235105641403e-14,24,361015421.68713796,2668191976.9704895,1.6578347133148656,2.7146913660229964e-06,2.7145194612825573e-06
241,4176.5534851244429,-9432.6549438829843,0,4886.5413261102267,-1.9301507958310273,0,0.5,0.97320592193094413,0.10000000000003276,4.0288409614195402,0.72995664242655056,deficit,1.8015033376173051e-07,2,0,142546.56878009546,142492.19794367862,24,11,0,26.553357706411948,24.690616659088374,46,6,0,True,converged,fixed-mass asymptotic reference,1e-10,1.6915843320917882e-11,3.4982573971753109e-14,24,350643292.58500546,2602331725.1847372,1.6656213972624627,2.673201415603748e-06,2.6725846389034801e-06
242,4069.2020435636932,-9919.644769250941,0,4895.5505286338066,-2.0260598403430334,0,0.5,0.97862067358342097,0.10000000000009102,4.0579238430073943,0.69048232027287859,deficit,1.8702899517997196e-07,2,0,137344.68378780677,137293.40422510201,24,11,0,27.279064146421124,25.226604908095705,47,6,0,True,converged,fixed-mass asymptotic reference,1e-10,1.8203866630080092e-11,5.373239548197455e-14,24,340616254.7759943,2538404408.2887955,1.6731436267286663,2.6821413651930864e-06,2.6813508241903785e-06
243,4178.5056152476072,-9352.829639587786,0,4873.1844545291788,-1.9190684297379288,0,0.5,0.97251216288243514,0.10000000000005496,4.0251584430922236,0.73497162897232293,deficit,1.9210154089677189e-07,2,0,132327.50442741098,132279.44091648253,24,11,0,28.082606853979716,26.241195034971316,48,6,0,True,converged,fixed-mass asymptotic reference,1e-10,1.9016341561217353e-11,6.2148013761617831e-14,24,330886568.07680565,2476084659.0159755,1.6804148932374969,2.8357766531815852e-06,2.8352853859422941e-06
244,4396.0701945642386,-8375.7873251727415,0,4844.132099480873,-1.7289160666164023,0,0.5,0.95808794094716188,0.099999999879163345,3.96056646575272,0.82352925021808399,deficit,1.9354241287405927e-07,2,0,127447.39089714008,127402.39560599475,24,11,0,27.634262541810841,26.139687159108675,48,6,0,True,converged,fixed-mass asymptotic reference,1e-10,1.8973144927731995e-11,6.2227065794438374e-14,24,321433950.33276677,2415247548.4815216,1.6874476837491814,3.0713781169470842e-06,3.0708533138295354e-06
245,4601.8972102681282,-7513.2104180613314,0,4814.5440688946019,-1.560407019148921,0,0.5,0.94066813642069069,0.099999999963956809,3.8956506720997339,0.91362311408810115,deficit,1.9455123090317272e-07,2,0,125106.29970423761,125054.46940777372,24,11,0,27.507833089808486,26.290398057103875,48,6,0,True,converged,fixed-mass asymptotic reference,1e-10,1.9003619491889654e-11,2.5110257298568729e-14,24,312157395.21686786,2355156603.9112587,1.6942535827134084,3.3105148179222293e-06,3.3094877431935144e-06
246,4750.5179127694801,-6960.6005556605223,0,4799.9434984453437,-1.4500420259312439,0,0.5,0.92647659991121434,0.099999999988898372,3.848838620412792,0.97923968112261006,deficit,1.9693410369114872e-07,2,0,120593.58992576147,120544.85652929274,26,12,0,25.449224849028845,24.397913910545451,48,6,0,True,converged,fixed-mass asymptotic reference,1e-10,1.925002130219296e-11,2.3732891120391238e-14,24,303274968.22879177,2297480060.807313,1.7008433609631814,3.5168474325002162e-06,3.516594040382694e-06
247,5196.2902296879602,-5687.9866187424805,0,4812.1791941519195,-1.181933266844472,0,0.5,0.8813839095938284,0.10000000188193345,3.7177838369878842,1.1656489501147873,deficit,2.0007874468319642e-08,2,0,116188.01116472593,116141.92388510695,22,10,0,25.417454045843854,24.718970922207031,49,6,0,True,converged,fixed-mass asymptotic reference,1e-10,2.0829132162654399e-11,2.3661540683164958e-14,24,294606084.88435054,2240880739.5984459,1.7072270534869669,3.9588216816406621e-06,3.959368619295963e-06
248,6079.6520634158915,-3457.0360807851912,0,4804.9198861746354,-0.71945465484471205,0,0.5,0.76406958407137626,0.099999999509927023,3.4210021638968158,1.6008436406732987,deficit,2.3049669062302769e-08,2,0,111890.81632819884,111847.39858252151,20,9,0,27.495157804321117,27.236350304132255,49,6,0,True,converged,fixed-mass asymptotic reference,1e-10,2.1386838681784217e-11,3.4311656782239023e-14,24,286174208.52877384,2185557561.7760653,1.7134140277520253,4.7662716880552547e-06,4.7672777832777002e-06
249,6889.0488843336752,-1692.8088528493558,0,4774.5301744755971,-0.35454400149807042,0,0.5,0.63853438284173714,0.099999999695652764,3.1044952364333795,2.0814128077737744,deficit,2.4532777587182863e-08,2,0,109862.3652990829,109812.51207204466,20,9,0,26.765681569897634,26.702830845398502,49,6,0,True,converged,fixed-mass asymptotic reference,1e-10,2.1464489348604557e-11,2.2238266074973825e-14,24,277882434.49154443,2130789362.7946894,1.7194130439605608,5.5590293057731e-06,5.5596624274453865e-06
250,7941.3128696619187,172.33065182893174,172.33065182893174,4762.7931102107514,0.03618274714475541,0.03618274714475541,0.48556832138265543,0.48556832138265543,0.10000000000102907,2.660355168434549,2.7793381893055882,interior,8.1636245763405668e-08,2,0,105860.35901817812,105812.80846466827,22,10,0,24.005213310182111,24.00455871458664,49,6,0,True,converged,fixed-mass asymptotic reference,1e-10,2.1992956667071608e-11,1.6264825643547256e-14,24,269837227.68047643,2077408732.4658875,1.7252323083862526,6.5950476281485746e-06,6.5947417393399368e-06
