cohort,source,policy,mass_MeV,toy,z,shape,A_expected,s0,Ahat,sigma_postfit,pull,q_true,profile_contains68,profile_contains95,fit_valid,profile_valid,failure_reason,native_cls90_valid,native_cls90,native_cls90_failure,actual_full,actual_support,actual_window,actual_training,actual_outside_support,background_hash,signal_hash,counts_hash,fit_mask_hash,fit_template_hash,center_MeV,nominal_sigma_MeV,fit_bins,kernel_const,kernel_ls,sigma_method,gp_mean_hash,gp_covariance_hash,nuisance_rank,covariance_load,attempts_json,attempt_count,free_nll,fit_score,min_lambda
calibration,functional,pole,200,90,0,mc,0,2560.7097419819243,-710.4194963043833,2381.0054782250209,-0.29836953455226112,,,,True,False,,False,,,0,0,0,0,0,9f18da209738bf4eb8f30f05d7c60d422ed2ce0cd4a601bf606d6d989e182852,d3bb56f8ed6d718b0d014fd9eec6c619f30907068e2667d838febcc69349baac,9f18da209738bf4eb8f30f05d7c60d422ed2ce0cd4a601bf606d6d989e182852,2d450c1dcaf42c4405a467f5f93ebe0ede686eba5e633ce52593d1087b902be9,8898463a96ff48e68a6c86a1af2718d3d5fb1c4e3e65239f73663ee1744cb0a4,200,5.0082500000000003,36,50.856795636274086,0.27381279210684611,observed_profile_hessian,33f2016b5b7ad52df722601e099d3b62240e322a9b6e91ce9151833911a314cc,535687882c0cd2cdf66404390a8aec4a4af787c10e5caed4d373441d90be6c26,36,9.9999999999999995e-07,"[{""attempt"": 0, ""tolerance"": 2e-07, ""free_valid"": true, ""nll"": 23.64357952969669, ""score"": 6.370007010758627e-08}]",1,23.643579529696691,6.3700070107586271e-08,56194.236804938781
calibration,functional,logshift,200,90,0,mc,0,2560.7097419819243,-2844.8340437087154,2534.6888516436534,-1.1223602620352964,,,,True,False,,False,,,0,0,0,0,0,9f18da209738bf4eb8f30f05d7c60d422ed2ce0cd4a601bf606d6d989e182852,d3bb56f8ed6d718b0d014fd9eec6c619f30907068e2667d838febcc69349baac,9f18da209738bf4eb8f30f05d7c60d422ed2ce0cd4a601bf606d6d989e182852,927442d605618e5026fb65d396f0cb9bf8b38a0b5f83ba71444169e7430f6ffc,dde449f6871576fcf6f725e379ee4eeed4711b133b722b778b21ca248dcb08d9,196.13874309031874,5.0082500000000003,36,50.856795636274086,0.27381279210684611,observed_profile_hessian,76e715ac52e41b24f6844708366898e3578e8cda9e3a6e033d8a1d485c7c684f,f74ae4d6811f2b750ca94d872eb2941f243422e2796a0eeda05061a3efeb448c,36,9.9999999999999995e-07,"[{""attempt"": 0, ""tolerance"": 2e-07, ""free_valid"": true, ""nll"": 20.72483398385768, ""score"": 5.545995263034342e-08}]",1,20.724833983857678,5.5459952630343423e-08,62519.417480341501
calibration,functional,pole,200,90,1,mc,2560.7097419819243,2560.7097419819243,394.05976499719645,2381.7663311023225,-0.90968200729496618,,,,True,False,,False,,,2527,2523,1912,611,4,9f18da209738bf4eb8f30f05d7c60d422ed2ce0cd4a601bf606d6d989e182852,11c5a1e4ae403076f77c9fdf235af5c68c2d64fa214d71a7ee6fbc761240a47a,073315d0e6c03ac5425c0810ee310af8351d265480b2f198c8a0bccbaae6d2ff,2d450c1dcaf42c4405a467f5f93ebe0ede686eba5e633ce52593d1087b902be9,8898463a96ff48e68a6c86a1af2718d3d5fb1c4e3e65239f73663ee1744cb0a4,200,5.0082500000000003,36,50.856795636274086,0.27381279210684611,observed_profile_hessian,08b3bfa77859a555ccf31a0e8e60c651ceed195f9b7831f741f3454306a7fdb1,168e0ed0114f4dd815e96d5a56680a5ecb1ac2ed6f0af32840c5bfac72596f4c,36,9.9999999999999995e-07,"[{""attempt"": 0, ""tolerance"": 2e-07, ""free_valid"": true, ""nll"": 23.335438881283025, ""score"": 1.7983497579976415e-08}]",1,23.335438881283025,1.7983497579976415e-08,56207.21490579591
calibration,functional,logshift,200,90,1,mc,2560.7097419819243,2560.7097419819243,-978.33727450823358,2535.4721428730554,-1.3958138039252554,,,,True,False,,False,,,2527,2523,1997,526,4,9f18da209738bf4eb8f30f05d7c60d422ed2ce0cd4a601bf606d6d989e182852,11c5a1e4ae403076f77c9fdf235af5c68c2d64fa214d71a7ee6fbc761240a47a,073315d0e6c03ac5425c0810ee310af8351d265480b2f198c8a0bccbaae6d2ff,927442d605618e5026fb65d396f0cb9bf8b38a0b5f83ba71444169e7430f6ffc,dde449f6871576fcf6f725e379ee4eeed4711b133b722b778b21ca248dcb08d9,196.13874309031874,5.0082500000000003,36,50.856795636274086,0.27381279210684611,observed_profile_hessian,a2908e8653156629d51b76a3b99b70193e5d813e7de16bbf7792ae64c59bdf62,6697da8f615338cf2c75609eea062bb0a7185483f689b7b675bd9c106c54db34,36,9.9999999999999995e-07,"[{""attempt"": 0, ""tolerance"": 2e-07, ""free_valid"": true, ""nll"": 20.797619748324752, ""score"": 9.456979310762392e-09}]",1,20.797619748324752,9.4569793107623923e-09,62533.301464243588
calibration,functional,pole,200,90,2,mc,5121.4194839638485,2560.7097419819243,1434.9104100085594,2382.5227322183305,-1.5473132844037281,,,,True,False,,False,,,5115,5109,3835,1274,6,9f18da209738bf4eb8f30f05d7c60d422ed2ce0cd4a601bf606d6d989e182852,0dbdee286b0fae64337551ed7b01ef05ed21b62b4ebd0382ab7958a199bbdc9f,780fd895449446c86693cde403e9ae03dc55157f0f6dde255a13a42802dcca92,2d450c1dcaf42c4405a467f5f93ebe0ede686eba5e633ce52593d1087b902be9,8898463a96ff48e68a6c86a1af2718d3d5fb1c4e3e65239f73663ee1744cb0a4,200,5.0082500000000003,36,50.856795636274086,0.27381279210684611,observed_profile_hessian,4c9e8315219d0d9b84fefa59269d1d3aee322bf232d8d352cfc9b1021bf336c8,d036ec494f4adc27f61ac104e918c3e1eba779074fef9689f922faae4211b22c,36,9.9999999999999995e-07,"[{""attempt"": 0, ""tolerance"": 2e-07, ""free_valid"": true, ""nll"": 23.261760281566403, ""score"": 3.385879798756264e-09}]",1,23.261760281566403,3.3858797987562639e-09,56219.631635946615
calibration,functional,logshift,200,90,2,mc,5121.4194839638485,2560.7097419819243,819.18377262966942,2536.2676282666848,-1.6962861739769857,,,,True,False,,False,,,5115,5109,4034,1075,6,9f18da209738bf4eb8f30f05d7c60d422ed2ce0cd4a601bf606d6d989e182852,0dbdee286b0fae64337551ed7b01ef05ed21b62b4ebd0382ab7958a199bbdc9f,780fd895449446c86693cde403e9ae03dc55157f0f6dde255a13a42802dcca92,927442d605618e5026fb65d396f0cb9bf8b38a0b5f83ba71444169e7430f6ffc,dde449f6871576fcf6f725e379ee4eeed4711b133b722b778b21ca248dcb08d9,196.13874309031874,5.0082500000000003,36,50.856795636274086,0.27381279210684611,observed_profile_hessian,61777837bef37ea2e0be652b4e443d3a3355ac33df85f451663cd965f26579f6,99aa58cb54bbff897f363ab46ad20dd0f0dd188881bef9aabbc3ec968dc4df8e,36,9.9999999999999995e-07,"[{""attempt"": 0, ""tolerance"": 2e-07, ""free_valid"": true, ""nll"": 20.8606473079438, ""score"": 5.280498260873401e-10}]",1,20.8606473079438,5.2804982608734008e-10,62546.960798842985
calibration,functional,pole,200,90,3,mc,7682.1292259457732,2560.7097419819243,2543.5879783441469,2383.2908919781598,-2.1560696870437734,,,,True,False,,False,,,7631,7615,5762,1853,16,9f18da209738bf4eb8f30f05d7c60d422ed2ce0cd4a601bf606d6d989e182852,51b3ab1f38b84b6f8fd31b59a0dc33bb269ca31803ae602f9481bce2be0c24c5,15013c89400a29eb03e4438e9f6c76cb83670b687125f7814aa976462602414b,2d450c1dcaf42c4405a467f5f93ebe0ede686eba5e633ce52593d1087b902be9,8898463a96ff48e68a6c86a1af2718d3d5fb1c4e3e65239f73663ee1744cb0a4,200,5.0082500000000003,36,50.856795636274086,0.27381279210684611,observed_profile_hessian,c9845c38f098938e7214929e7255888ffa30cd2be8edea151088414e803c308d,ddfde20456a095306684b85ced2a4fefbe324bd05e1d16ac94dcda29255ab0f0,36,9.9999999999999995e-07,"[{""attempt"": 0, ""tolerance"": 2e-07, ""free_valid"": true, ""nll"": 22.86403788416311, ""score"": 3.85491194521137e-10}]",1,22.86403788416311,3.85491194521137e-10,56232.829365117308
calibration,functional,logshift,200,90,3,mc,7682.1292259457732,2560.7097419819243,2724.4291633729349,2537.0486730629364,-1.9541209891678939,,,,True,False,,False,,,7631,7615,6055,1560,16,9f18da209738bf4eb8f30f05d7c60d422ed2ce0cd4a601bf606d6d989e182852,51b3ab1f38b84b6f8fd31b59a0dc33bb269ca31803ae602f9481bce2be0c24c5,15013c89400a29eb03e4438e9f6c76cb83670b687125f7814aa976462602414b,927442d605618e5026fb65d396f0cb9bf8b38a0b5f83ba71444169e7430f6ffc,dde449f6871576fcf6f725e379ee4eeed4711b133b722b778b21ca248dcb08d9,196.13874309031874,5.0082500000000003,36,50.856795636274086,0.27381279210684611,observed_profile_hessian,3e2964f906307afea5a17ce11333ecc00b7df1f340ae58ce1376d9d4275837d6,92a9f31d264f3de3e9388481733ee6d3d75a47d65c35417ebee5892f0c499d0e,36,9.9999999999999995e-07,"[{""attempt"": 0, ""tolerance"": 2e-07, ""free_valid"": true, ""nll"": 20.229396657722305, ""score"": 1.0401213224042749e-10}]",1,20.229396657722305,1.0401213224042749e-10,62560.719688699348
calibration,functional,pole,200,90,4,mc,10242.838967927697,2560.7097419819243,3476.259405818455,2384.0852754923144,-2.8382288300119387,,,,True,False,,False,,,10185,10170,7716,2454,15,9f18da209738bf4eb8f30f05d7c60d422ed2ce0cd4a601bf606d6d989e182852,99a4ba7d5d6d4cba27c5dd84123221750097172bcc4cc0fab17c29639ccb8bff,d185a2b581cb2bd47febb3d74e577dc4778a91c676652c9da3a1a285963d2ac0,2d450c1dcaf42c4405a467f5f93ebe0ede686eba5e633ce52593d1087b902be9,8898463a96ff48e68a6c86a1af2718d3d5fb1c4e3e65239f73663ee1744cb0a4,200,5.0082500000000003,36,50.856795636274086,0.27381279210684611,observed_profile_hessian,8d8caf9a7517329525f83d988f0144649c9c6c9ccdb623ce036505788fcfd469,c6e06d38926ed615e1ffff09e7b99041e603c107a7df47ea6866269da4f56352,36,9.9999999999999995e-07,"[{""attempt"": 0, ""tolerance"": 2e-07, ""free_valid"": true, ""nll"": 23.111136385798154, ""score"": 1.9784374138964722e-10}]",1,23.111136385798154,1.9784374138964722e-10,56246.605812571681
calibration,functional,logshift,200,90,4,mc,10242.838967927697,2560.7097419819243,4678.4962582341614,2537.8520060576889,-2.1925402649215986,,,,True,False,,False,,,10185,10170,8126,2044,15,9f18da209738bf4eb8f30f05d7c60d422ed2ce0cd4a601bf606d6d989e182852,99a4ba7d5d6d4cba27c5dd84123221750097172bcc4cc0fab17c29639ccb8bff,d185a2b581cb2bd47febb3d74e577dc4778a91c676652c9da3a1a285963d2ac0,927442d605618e5026fb65d396f0cb9bf8b38a0b5f83ba71444169e7430f6ffc,dde449f6871576fcf6f725e379ee4eeed4711b133b722b778b21ca248dcb08d9,196.13874309031874,5.0082500000000003,36,50.856795636274086,0.27381279210684611,observed_profile_hessian,c3b6393bbb77ee1fe7d9b535bf989153fa38fc6962b35727b9010db02d855cfc,4e21271a5d984b0dbf4710395a3e4c0de9a66dad4dbd9a57793fe1bfa34ef4e5,36,9.9999999999999995e-07,"[{""attempt"": 0, ""tolerance"": 2e-07, ""free_valid"": true, ""nll"": 19.713605563145947, ""score"": 3.763548139801287e-09}]",1,19.713605563145947,3.7635481398012871e-09,62573.399082779491
calibration,functional,pole,200,90,5,mc,12803.548709909621,2560.7097419819243,4790.45132161131,2384.8601101738091,-3.3599863380306676,,,,True,False,,False,,,12806,12784,9698,3086,22,9f18da209738bf4eb8f30f05d7c60d422ed2ce0cd4a601bf606d6d989e182852,9493baed5af96d6b256f32357dc1e2fd6df90c3e2b71f0aee28af1ed2a89a396,70d791fa7d95fbd0072fd93e02dbaf0b5d8319a9a720c39a5956724b90dd4d21,2d450c1dcaf42c4405a467f5f93ebe0ede686eba5e633ce52593d1087b902be9,8898463a96ff48e68a6c86a1af2718d3d5fb1c4e3e65239f73663ee1744cb0a4,200,5.0082500000000003,36,50.856795636274086,0.27381279210684611,observed_profile_hessian,487b6819903efe2da3bdbf18e0151e0476fe5f74b71242d2670319f8fd32190c,6f2c5eb42f52ef269cc6801f54cddd725b49361c176af422eb5a4a26ebca2c7a,36,9.9999999999999995e-07,"[{""attempt"": 0, ""tolerance"": 2e-07, ""free_valid"": true, ""nll"": 24.981336404287394, ""score"": 3.138151294379554e-09}]",1,24.981336404287394,3.1381512943795542e-09,56259.228245595135
calibration,functional,logshift,200,90,5,mc,12803.548709909621,2560.7097419819243,6594.382998625375,2538.6457884739834,-2.4458574486741078,,,,True,False,,False,,,12806,12784,10160,2624,22,9f18da209738bf4eb8f30f05d7c60d422ed2ce0cd4a601bf606d6d989e182852,9493baed5af96d6b256f32357dc1e2fd6df90c3e2b71f0aee28af1ed2a89a396,70d791fa7d95fbd0072fd93e02dbaf0b5d8319a9a720c39a5956724b90dd4d21,927442d605618e5026fb65d396f0cb9bf8b38a0b5f83ba71444169e7430f6ffc,dde449f6871576fcf6f725e379ee4eeed4711b133b722b778b21ca248dcb08d9,196.13874309031874,5.0082500000000003,36,50.856795636274086,0.27381279210684611,observed_profile_hessian,41180c4ee2564e7e640395055424e59bf035162163c35a86aadee335d015096c,b485d3bd0fcdc659df20c44bcbb35c8d2c366d9c18ca8a09775731d7c2f53d26,36,9.9999999999999995e-07,"[{""attempt"": 0, ""tolerance"": 2e-07, ""free_valid"": true, ""nll"": 20.955398000343642, ""score"": 3.2973932473367995e-08}]",1,20.955398000343642,3.2973932473367995e-08,62588.569880490446
calibration,functional,pole,200,90,6,mc,15364.258451891546,2560.7097419819243,5899.6026034487377,2385.5883024850182,-3.9674305237763248,,,,True,False,,False,,,15137,15108,11439,3669,29,9f18da209738bf4eb8f30f05d7c60d422ed2ce0cd4a601bf606d6d989e182852,4acf424f4b772f559ce7c9bfab8dd566f4b92e3f99509f0798f1ac0810cd075b,45120a79af32cdbbf204dcda5c1d70d62e5a2860bba651d197d5a63e2941c87b,2d450c1dcaf42c4405a467f5f93ebe0ede686eba5e633ce52593d1087b902be9,8898463a96ff48e68a6c86a1af2718d3d5fb1c4e3e65239f73663ee1744cb0a4,200,5.0082500000000003,36,50.856795636274086,0.27381279210684611,observed_profile_hessian,c96108bb69b0feea43c3148b163f121349749924cd779a32b30d691bc7f92ff8,e09840ad32042716a406d764901d08df288cc183dc4cbda875912e5b86dde21a,36,9.9999999999999995e-07,"[{""attempt"": 0, ""tolerance"": 2e-07, ""free_valid"": true, ""nll"": 26.643190520617885, ""score"": 1.7799754781222532e-08}]",1,26.643190520617885,1.7799754781222532e-08,56269.031702213659
calibration,functional,logshift,200,90,6,mc,15364.258451891546,2560.7097419819243,8530.2521754207282,2539.3572274076919,-2.6912346962098468,,,,True,False,,False,,,15137,15108,11976,3132,29,9f18da209738bf4eb8f30f05d7c60d422ed2ce0cd4a601bf606d6d989e182852,4acf424f4b772f559ce7c9bfab8dd566f4b92e3f99509f0798f1ac0810cd075b,45120a79af32cdbbf204dcda5c1d70d62e5a2860bba651d197d5a63e2941c87b,927442d605618e5026fb65d396f0cb9bf8b38a0b5f83ba71444169e7430f6ffc,dde449f6871576fcf6f725e379ee4eeed4711b133b722b778b21ca248dcb08d9,196.13874309031874,5.0082500000000003,36,50.856795636274086,0.27381279210684611,observed_profile_hessian,18877c1b65042290fe617819c9bc8bc0d323d795671ae51f51d35285e194c724,5f18ae02878733051768548e51105c0d7555c3fb9c7c64cca791d77f777299ae,36,9.9999999999999995e-07,"[{""attempt"": 0, ""tolerance"": 2e-07, ""free_valid"": true, ""nll"": 21.212701840084414, ""score"": 1.258374415780139e-07}]",1,21.212701840084414,1.2583744157801391e-07,62598.002014058555
calibration,functional,pole,200,90,8,mc,20485.677935855394,2560.7097419819243,7802.6234358465199,2387.0687642675875,-5.3132338246235458,,,,True,False,,False,,,20317,20279,15292,4987,38,9f18da209738bf4eb8f30f05d7c60d422ed2ce0cd4a601bf606d6d989e182852,b655f890a6cc20025a79c89430ec96a5a8e52bb7e0e6d34b84c304fc064cac32,69c36431013c6805f294bd7295350eed60875c22680455f5bd26207a60039a0e,2d450c1dcaf42c4405a467f5f93ebe0ede686eba5e633ce52593d1087b902be9,8898463a96ff48e68a6c86a1af2718d3d5fb1c4e3e65239f73663ee1744cb0a4,200,5.0082500000000003,36,50.856795636274086,0.27381279210684611,observed_profile_hessian,843267a81ffa3e9a6c874620be41e924b0c4e8624fb641c5c1d513c9c46b2ff9,a2522b1a47a5ca0de5757cf4d951916aefb99599d55830736a8482f003a13fd8,36,9.9999999999999995e-07,"[{""attempt"": 0, ""tolerance"": 2e-07, ""free_valid"": true, ""nll"": 29.21465708020819, ""score"": 1.4709584461591874e-07}]",1,29.214657080208191,1.4709584461591874e-07,56296.721633381174
calibration,functional,logshift,200,90,8,mc,20485.677935855394,2560.7097419819243,12070.595827830984,2540.9157652924118,-3.3118304128653362,,,,True,False,,False,,,20317,20279,16053,4226,38,9f18da209738bf4eb8f30f05d7c60d422ed2ce0cd4a601bf606d6d989e182852,b655f890a6cc20025a79c89430ec96a5a8e52bb7e0e6d34b84c304fc064cac32,69c36431013c6805f294bd7295350eed60875c22680455f5bd26207a60039a0e,927442d605618e5026fb65d396f0cb9bf8b38a0b5f83ba71444169e7430f6ffc,dde449f6871576fcf6f725e379ee4eeed4711b133b722b778b21ca248dcb08d9,196.13874309031874,5.0082500000000003,36,50.856795636274086,0.27381279210684611,observed_profile_hessian,4867ce670e4828325e0e3c9247bd2ec7ccc0afe0a6df6ef80a61267934a53aa8,6e6b285d14168c492cc2b61998adfb7ee896971c8b1b57ed4fd4432b6dcb8412,36,9.9999999999999995e-07,"[{""attempt"": 0, ""tolerance"": 2e-07, ""free_valid"": true, ""nll"": 20.433673148117077, ""score"": 8.748557434046234e-14}]",1,20.433673148117077,8.7485574340462335e-14,62626.672563144231
calibration,functional,pole,200,90,10,mc,25607.097419819242,2560.7097419819243,9797.0320940768888,2388.5903170790057,-6.6189941459179975,,,,True,False,,False,,,25575,25537,19269,6268,38,9f18da209738bf4eb8f30f05d7c60d422ed2ce0cd4a601bf606d6d989e182852,275e6f9fdf19142fe2f178a6d0fa2a62269c862076bfdf8f8f3b1f72776cb0e5,f0ed20c5c44d5c81baf2827777d54535e093b0e4b7c1c6c3a9d7ed53e6a30b6a,2d450c1dcaf42c4405a467f5f93ebe0ede686eba5e633ce52593d1087b902be9,8898463a96ff48e68a6c86a1af2718d3d5fb1c4e3e65239f73663ee1744cb0a4,200,5.0082500000000003,36,50.856795636274086,0.27381279210684611,observed_profile_hessian,3df6026672835bf334a07bd4a35d8c1ea4f8de553d364b82830629b00d7d8681,e76bb0af11f88ad7ed7f3c7f2d142a6caaac6b27d4a9b1e9422072d8b8c41eed,36,9.9999999999999995e-07,"[{""attempt"": 0, ""tolerance"": 2e-07, ""free_valid"": true, ""nll"": 33.4037492514793, ""score"": 4.263256414560601e-14}]",1,33.403749251479297,4.2632564145606011e-14,56325.651092262837
calibration,functional,logshift,200,90,10,mc,25607.097419819242,2560.7097419819243,15490.188144978267,2542.5626858883616,-3.9790205885547976,,,,True,False,,False,,,25575,25537,20277,5260,38,9f18da209738bf4eb8f30f05d7c60d422ed2ce0cd4a601bf606d6d989e182852,275e6f9fdf19142fe2f178a6d0fa2a62269c862076bfdf8f8f3b1f72776cb0e5,f0ed20c5c44d5c81baf2827777d54535e093b0e4b7c1c6c3a9d7ed53e6a30b6a,927442d605618e5026fb65d396f0cb9bf8b38a0b5f83ba71444169e7430f6ffc,dde449f6871576fcf6f725e379ee4eeed4711b133b722b778b21ca248dcb08d9,196.13874309031874,5.0082500000000003,36,50.856795636274086,0.27381279210684611,observed_profile_hessian,b056e0e63d509fa48640bee50f78517ade29f73dd92c070249bc973aba9e4359,2bb445b2283f831da4d35d1618bd0798258e401bfea506bc624e8d4180375346,36,9.9999999999999995e-07,"[{""attempt"": 0, ""tolerance"": 2e-07, ""free_valid"": true, ""nll"": 20.207219526590965, ""score"": 3.108624468950438e-14}]",1,20.207219526590965,3.1086244689504383e-14,62659.135250507621
calibration,functional,pole,200,90,12,mc,30728.516903783093,2560.7097419819243,12002.265827221239,2390.1640147180437,-7.8347138360590289,,,,True,False,,False,,,30710,30648,23079,7569,62,9f18da209738bf4eb8f30f05d7c60d422ed2ce0cd4a601bf606d6d989e182852,c513e3110e8a1eac81cb90d9ff25205ebb568d00d8a032bda3d66a4400685dec,cd0cc7c319c153090cd0723a1aa744d83f67b5f2412d437476b01f9245f97943,2d450c1dcaf42c4405a467f5f93ebe0ede686eba5e633ce52593d1087b902be9,8898463a96ff48e68a6c86a1af2718d3d5fb1c4e3e65239f73663ee1744cb0a4,200,5.0082500000000003,36,50.856795636274086,0.27381279210684611,observed_profile_hessian,5688a7382e46f3a7765d4fec1ab7c2d374aad50e87ad4bd1b75f15104242f6f1,62dc8b05b1a1d001b1b5557d095544ce8957654bfe856a697f6136ad2c86dda0,36,9.9999999999999995e-07,"[{""attempt"": 0, ""tolerance"": 2e-07, ""free_valid"": true, ""nll"": 40.395977150371124, ""score"": 9.336975637097567e-14}]",1,40.395977150371124,9.3369756370975665e-14,56351.530984093057
calibration,functional,logshift,200,90,12,mc,30728.516903783093,2560.7097419819243,19413.398641766351,2544.172441847888,-4.4474651465835091,,,,True,False,,False,,,30710,30648,24233,6415,62,9f18da209738bf4eb8f30f05d7c60d422ed2ce0cd4a601bf606d6d989e182852,c513e3110e8a1eac81cb90d9ff25205ebb568d00d8a032bda3d66a4400685dec,cd0cc7c319c153090cd0723a1aa744d83f67b5f2412d437476b01f9245f97943,927442d605618e5026fb65d396f0cb9bf8b38a0b5f83ba71444169e7430f6ffc,dde449f6871576fcf6f725e379ee4eeed4711b133b722b778b21ca248dcb08d9,196.13874309031874,5.0082500000000003,36,50.856795636274086,0.27381279210684611,observed_profile_hessian,1ddc309730ea993d3d30408d4ea0b1680e509a863c56ff4992883e16ee1ad832,9531490ea735253f380c245011266ea022687d5d0e0fcc107961fd34249c16fd,36,9.9999999999999995e-07,"[{""attempt"": 0, ""tolerance"": 2e-07, ""free_valid"": true, ""nll"": 20.775629265583852, ""score"": 2.7755575615628914e-14}]",1,20.775629265583852,2.7755575615628914e-14,62685.252148935484
calibration,functional,pole,200,90,16,mc,40971.355871710788,2560.7097419819243,16429.292682076673,2393.300031404623,-10.254486636692361,,,,True,False,,False,,,41038,40968,30892,10076,70,9f18da209738bf4eb8f30f05d7c60d422ed2ce0cd4a601bf606d6d989e182852,8550621bfc1e2a88ff5b2319aea7cef4619acd130ce7b853f156eb622dbc6723,12f376367fd8c834ee4a1194c1e7a150d8264295c5058c85afe084346d07cee4,2d450c1dcaf42c4405a467f5f93ebe0ede686eba5e633ce52593d1087b902be9,8898463a96ff48e68a6c86a1af2718d3d5fb1c4e3e65239f73663ee1744cb0a4,200,5.0082500000000003,36,50.856795636274086,0.27381279210684611,observed_profile_hessian,99fdfb203082a80b6a573752dc4fca084914e6807f4fddb7042c58aa9aad4d48,841d9bc36e9b7e4434eaede6bfb436862a9ae03e9833bad0c45e69dadb5772ac,36,9.9999999999999995e-07,"[{""attempt"": 0, ""tolerance"": 2e-07, ""free_valid"": true, ""nll"": 58.92122759102924, ""score"": 2.2426505097428162e-14}]",1,58.921227591029243,2.2426505097428162e-14,56403.319708054463
calibration,functional,logshift,200,90,16,mc,40971.355871710788,2560.7097419819243,27084.495517520325,2547.3112689647451,-5.4515757549466004,,,,True,False,,False,,,41038,40968,32512,8456,70,9f18da209738bf4eb8f30f05d7c60d422ed2ce0cd4a601bf606d6d989e182852,8550621bfc1e2a88ff5b2319aea7cef4619acd130ce7b853f156eb622dbc6723,12f376367fd8c834ee4a1194c1e7a150d8264295c5058c85afe084346d07cee4,927442d605618e5026fb65d396f0cb9bf8b38a0b5f83ba71444169e7430f6ffc,dde449f6871576fcf6f725e379ee4eeed4711b133b722b778b21ca248dcb08d9,196.13874309031874,5.0082500000000003,36,50.856795636274086,0.27381279210684611,observed_profile_hessian,49e4693f4e2094a1a618ec837265d5fb3f767c0b9047635c6aadae9fd321e86c,03cf0f8fb44c86e5e38ba557d92e31271e32a211052d1eeaf747c8601a48255b,36,9.9999999999999995e-07,"[{""attempt"": 0, ""tolerance"": 2e-07, ""free_valid"": true, ""nll"": 22.881715293834603, ""score"": 4.689582056016661e-13}]",1,22.881715293834603,4.6895820560166612e-13,62739.677068621284
calibration,functional,pole,200,90,20,mc,51214.194839638483,2560.7097419819243,21093.379887583582,2396.3057791628153,-12.569687564071248,,,,True,False,,False,,,51179,51096,38759,12337,83,9f18da209738bf4eb8f30f05d7c60d422ed2ce0cd4a601bf606d6d989e182852,665a6d20d328b9a4410135f80f3d1f77210eea4cf6d6dc07e0b420fd3770d148,e85d5dc227d09e34741993e1f1068145132ca2d44ab5b1dd5192098d0bfb056c,2d450c1dcaf42c4405a467f5f93ebe0ede686eba5e633ce52593d1087b902be9,8898463a96ff48e68a6c86a1af2718d3d5fb1c4e3e65239f73663ee1744cb0a4,200,5.0082500000000003,36,50.856795636274086,0.27381279210684611,observed_profile_hessian,6984a228091733346c95ea781bc05308e9ed37df38cc2990fbaea28b81997bf4,cd97db688042a4f2d0744eebc3684b279341cc5fd291dd84d5d43b07f3030412,36,9.9999999999999995e-07,"[{""attempt"": 0, ""tolerance"": 2e-07, ""free_valid"": true, ""nll"": 80.69828144948649, ""score"": 4.5228404355057705e-13}]",1,80.698281449486487,4.5228404355057705e-13,56454.267291784709
calibration,functional,logshift,200,90,20,mc,51214.194839638483,2560.7097419819243,34734.335547731345,2550.4667174900046,-6.4615072915460319,,,,True,False,,False,,,51179,51096,40592,10504,83,9f18da209738bf4eb8f30f05d7c60d422ed2ce0cd4a601bf606d6d989e182852,665a6d20d328b9a4410135f80f3d1f77210eea4cf6d6dc07e0b420fd3770d148,e85d5dc227d09e34741993e1f1068145132ca2d44ab5b1dd5192098d0bfb056c,927442d605618e5026fb65d396f0cb9bf8b38a0b5f83ba71444169e7430f6ffc,dde449f6871576fcf6f725e379ee4eeed4711b133b722b778b21ca248dcb08d9,196.13874309031874,5.0082500000000003,36,50.856795636274086,0.27381279210684611,observed_profile_hessian,da22e52d772ea0d1e2f9c32f05fb0659480755a88bb183b7835eb04b22c7b2c7,1996e8f30fd96e8f55027819cda6e84c5e87da69ce2fe882992434eae2d75b22,36,9.9999999999999995e-07,"[{""attempt"": 0, ""tolerance"": 2e-07, ""free_valid"": true, ""nll"": 23.648931675510013, ""score"": 4.133360320679458e-12}]",1,23.648931675510013,4.1333603206794578e-12,62795.355391850935
calibration,functional,pole,200,90,24,mc,61457.033807566186,2560.7097419819243,24949.202583980546,2399.3007990608958,-15.216029285646503,,,,True,False,,False,,,61502,61394,46538,14856,108,9f18da209738bf4eb8f30f05d7c60d422ed2ce0cd4a601bf606d6d989e182852,238990be8e896ac3aaf432b67ba1ea07fcd1ea407c3571beeea1b6c3c46828eb,a6273a70724f59e2b67d1c69bed4c04614c646d4410213793a616a2ecf1a9db4,2d450c1dcaf42c4405a467f5f93ebe0ede686eba5e633ce52593d1087b902be9,8898463a96ff48e68a6c86a1af2718d3d5fb1c4e3e65239f73663ee1744cb0a4,200,5.0082500000000003,36,50.856795636274086,0.27381279210684611,observed_profile_hessian,ad6f1e377a3df52d59df9f26f98fb08ad114f521ed02a2710991a8dc397049c2,964c96239da33fe815383af58a12a122cab08147a7da3a957eca727d7c04aa7c,36,9.9999999999999995e-07,"[{""attempt"": 0, ""tolerance"": 2e-07, ""free_valid"": true, ""nll"": 109.68085794596533, ""score"": 2.2751800443643333e-12}]",1,109.68085794596533,2.2751800443643333e-12,56511.198636679248
calibration,functional,logshift,200,90,24,mc,61457.033807566186,2560.7097419819243,42032.522347795297,2553.627602275496,-7.6066343590827508,,,,True,False,,False,,,61502,61394,48768,12626,108,9f18da209738bf4eb8f30f05d7c60d422ed2ce0cd4a601bf606d6d989e182852,238990be8e896ac3aaf432b67ba1ea07fcd1ea407c3571beeea1b6c3c46828eb,a6273a70724f59e2b67d1c69bed4c04614c646d4410213793a616a2ecf1a9db4,927442d605618e5026fb65d396f0cb9bf8b38a0b5f83ba71444169e7430f6ffc,dde449f6871576fcf6f725e379ee4eeed4711b133b722b778b21ca248dcb08d9,196.13874309031874,5.0082500000000003,36,50.856795636274086,0.27381279210684611,observed_profile_hessian,4e9232f7ba6f157694394780eea53a71052489c3167a227b5fae61c0a255654b,b1ebd3cc4cf2ee6ec358c2ec5467a8f611ca87e3c9538866b660671b72836b4b,36,9.9999999999999995e-07,"[{""attempt"": 0, ""tolerance"": 2e-07, ""free_valid"": true, ""nll"": 25.48713501330076, ""score"": 2.092193085445615e-11}]",1,25.487135013300762,2.092193085445615e-11,62852.535697954932
calibration,functional,pole,200,91,0,mc,0,2560.7097419819243,6754.9164187381439,2376.7213020688978,2.8421154860934252,,,,True,False,,False,,,0,0,0,0,0,a9a9641d93f2309f74f44b889c35799078771d0aa3062ade807560c0b7171a77,d3bb56f8ed6d718b0d014fd9eec6c619f30907068e2667d838febcc69349baac,a9a9641d93f2309f74f44b889c35799078771d0aa3062ade807560c0b7171a77,2d450c1dcaf42c4405a467f5f93ebe0ede686eba5e633ce52593d1087b902be9,8898463a96ff48e68a6c86a1af2718d3d5fb1c4e3e65239f73663ee1744cb0a4,200,5.0082500000000003,36,50.856795636274086,0.27381279210684611,observed_profile_hessian,b6a6aadf81134540cca856b02a4307a303a784d04d67de50a17bb71a3924cc41,69eb90b5907e54281f258ff3794a3ef968a6d5a279ede21fcd74c27b99992ffd,36,9.9999999999999995e-07,"[{""attempt"": 0, ""tolerance"": 2e-07, ""free_valid"": true, ""nll"": 21.661697110070925, ""score"": 2.353672812205332e-14}]",1,21.661697110070925,2.3536728122053319e-14,56081.684589094126
calibration,functional,logshift,200,91,0,mc,0,2560.7097419819243,6122.1497010245603,2531.2730533689678,2.4186050149257339,,,,True,False,,False,,,0,0,0,0,0,a9a9641d93f2309f74f44b889c35799078771d0aa3062ade807560c0b7171a77,d3bb56f8ed6d718b0d014fd9eec6c619f30907068e2667d838febcc69349baac,a9a9641d93f2309f74f44b889c35799078771d0aa3062ade807560c0b7171a77,927442d605618e5026fb65d396f0cb9bf8b38a0b5f83ba71444169e7430f6ffc,dde449f6871576fcf6f725e379ee4eeed4711b133b722b778b21ca248dcb08d9,196.13874309031874,5.0082500000000003,36,50.856795636274086,0.27381279210684611,observed_profile_hessian,70a1c5672db0020b5ddd38824cd6960cac15b3ea4e761c9e061aedbf98d645ca,1461f0a87bcadec97d1ad4153790b1015a6bc43d37935079c2bf4d8f7c619fd6,36,9.9999999999999995e-07,"[{""attempt"": 0, ""tolerance"": 2e-07, ""free_valid"": true, ""nll"": 18.282947925254692, ""score"": 7.588374373312945e-14}]",1,18.282947925254692,7.588374373312945e-14,62384.653566079192
calibration,functional,pole,200,91,1,mc,2560.7097419819243,2560.7097419819243,7892.7455123469563,2377.4950221285885,2.2427116442882062,,,,True,False,,False,,,2570,2566,1946,620,4,a9a9641d93f2309f74f44b889c35799078771d0aa3062ade807560c0b7171a77,232c61948f14a9b12c6d1019c230bdac9cb435398667661f77375bd85022998f,89cc043041b5e08b3fb9034fc688d286255cb4be1318f0c75b80ad6dc36d347c,2d450c1dcaf42c4405a467f5f93ebe0ede686eba5e633ce52593d1087b902be9,8898463a96ff48e68a6c86a1af2718d3d5fb1c4e3e65239f73663ee1744cb0a4,200,5.0082500000000003,36,50.856795636274086,0.27381279210684611,observed_profile_hessian,dde2b4569aa2b0da23b1fee97b0d2f434361f5fc173e31b6291470fb62318e57,1f92a34c66fb961fb210fe37748706994fc9d5665a7e8e3e04f41a17b519afbe,36,9.9999999999999995e-07,"[{""attempt"": 0, ""tolerance"": 2e-07, ""free_valid"": true, ""nll"": 21.98434741907326, ""score"": 5.5289106626332796e-14}]",1,21.984347419073259,5.5289106626332796e-14,56094.452063626639
calibration,functional,logshift,200,91,1,mc,2560.7097419819243,2560.7097419819243,8056.3022053080458,2532.0638329458584,2.1704004424455721,,,,True,False,,False,,,2570,2566,2041,525,4,a9a9641d93f2309f74f44b889c35799078771d0aa3062ade807560c0b7171a77,232c61948f14a9b12c6d1019c230bdac9cb435398667661f77375bd85022998f,89cc043041b5e08b3fb9034fc688d286255cb4be1318f0c75b80ad6dc36d347c,927442d605618e5026fb65d396f0cb9bf8b38a0b5f83ba71444169e7430f6ffc,dde449f6871576fcf6f725e379ee4eeed4711b133b722b778b21ca248dcb08d9,196.13874309031874,5.0082500000000003,36,50.856795636274086,0.27381279210684611,observed_profile_hessian,0d45801d1405864d890f271e877255b525eef94e625e8e8ecf51773b521d497f,9edc84af21dcec49a58666863e420af24f17064f672d65f3c0939b8ae148b681,36,9.9999999999999995e-07,"[{""attempt"": 0, ""tolerance"": 2e-07, ""free_valid"": true, ""nll"": 17.945472787403673, ""score"": 7.027711745877241e-14}]",1,17.945472787403673,7.0277117458772409e-14,62398.146532409082
calibration,functional,pole,200,91,2,mc,5121.4194839638485,2560.7097419819243,8988.6341607623253,2378.2556935008329,1.6260718674474699,,,,True,False,,False,,,5162,5156,3940,1216,6,a9a9641d93f2309f74f44b889c35799078771d0aa3062ade807560c0b7171a77,8ea12ed9fa654f1f66d2684473467cbe3486c8bbc31c5e50274b7a50a5574c86,c7ab637ee07d2b102a7293f9f993989467357e25a77ea89320e92762302f7dda,2d450c1dcaf42c4405a467f5f93ebe0ede686eba5e633ce52593d1087b902be9,8898463a96ff48e68a6c86a1af2718d3d5fb1c4e3e65239f73663ee1744cb0a4,200,5.0082500000000003,36,50.856795636274086,0.27381279210684611,observed_profile_hessian,f16eb17ecc6cb0d7e83a95eb872c11cde255389304af571f0770b2ea7c0a41ad,e85b9ed1e9507b14643795cd6c4e7b02550a5567f67a78e965bf43595be0760c,36,9.9999999999999995e-07,"[{""attempt"": 0, ""tolerance"": 2e-07, ""free_valid"": true, ""nll"": 23.186915649495777, ""score"": 2.398081733190338e-14}]",1,23.186915649495777,2.3980817331903381e-14,56108.245471797803
calibration,functional,logshift,200,91,2,mc,5121.4194839638485,2560.7097419819243,9879.6258622330279,2532.8789357339415,1.87857631533045,,,,True,False,,False,,,5162,5156,4098,1058,6,a9a9641d93f2309f74f44b889c35799078771d0aa3062ade807560c0b7171a77,8ea12ed9fa654f1f66d2684473467cbe3486c8bbc31c5e50274b7a50a5574c86,c7ab637ee07d2b102a7293f9f993989467357e25a77ea89320e92762302f7dda,927442d605618e5026fb65d396f0cb9bf8b38a0b5f83ba71444169e7430f6ffc,dde449f6871576fcf6f725e379ee4eeed4711b133b722b778b21ca248dcb08d9,196.13874309031874,5.0082500000000003,36,50.856795636274086,0.27381279210684611,observed_profile_hessian,2cebe6a50704d538dd297c5329e8d52fbbaf8b645954238804e3ca2a1bc80b32,9390fb6ba3a0baaee8b463d7faf2d240b2e24e850dbb0ff0514ff8f64a54ae6b,36,9.9999999999999995e-07,"[{""attempt"": 0, ""tolerance"": 2e-07, ""free_valid"": true, ""nll"": 18.236077160763735, ""score"": 3.427813588530171e-14}]",1,18.236077160763735,3.4278135885301708e-14,62413.435050619875
calibration,functional,pole,200,91,3,mc,7682.1292259457732,2560.7097419819243,9900.1594367749185,2379.0104032564386,0.93233312800694768,,,,True,False,,False,,,7585,7573,5796,1777,12,a9a9641d93f2309f74f44b889c35799078771d0aa3062ade807560c0b7171a77,1fdbd0ece174e155fa6fc43501cbd3130ea53ce4f1a37309214b331613c270f5,48b3f5361047557b8e08ea70681614f222321c9c2a554aaa53ed05dd601f9661,2d450c1dcaf42c4405a467f5f93ebe0ede686eba5e633ce52593d1087b902be9,8898463a96ff48e68a6c86a1af2718d3d5fb1c4e3e65239f73663ee1744cb0a4,200,5.0082500000000003,36,50.856795636274086,0.27381279210684611,observed_profile_hessian,2e6709c89d96c4103c06a64fffda3a30313ecdc4dcf8d7fb90ac97f12645d009,fe282fe2bddec88fdffaf64032bb254042d6f239b6336ec8cea9eb4b9f0ca826,36,9.9999999999999995e-07,"[{""attempt"": 0, ""tolerance"": 2e-07, ""free_valid"": true, ""nll"": 24.21742555386973, ""score"": 7.593925488436071e-14}]",1,24.217425553869731,7.5939254884360707e-14,56121.485485420482
calibration,functional,logshift,200,91,3,mc,7682.1292259457732,2560.7097419819243,11692.511970061409,2533.6318184156848,1.5828593227185563,,,,True,False,,False,,,7585,7573,6077,1496,12,a9a9641d93f2309f74f44b889c35799078771d0aa3062ade807560c0b7171a77,1fdbd0ece174e155fa6fc43501cbd3130ea53ce4f1a37309214b331613c270f5,48b3f5361047557b8e08ea70681614f222321c9c2a554aaa53ed05dd601f9661,927442d605618e5026fb65d396f0cb9bf8b38a0b5f83ba71444169e7430f6ffc,dde449f6871576fcf6f725e379ee4eeed4711b133b722b778b21ca248dcb08d9,196.13874309031874,5.0082500000000003,36,50.856795636274086,0.27381279210684611,observed_profile_hessian,4a7203f6d23f56b9f9ce1b2949ea12562d970ac232b617b6269bf75788ee10d2,813d33e204fdefa2fd2616106dfa520ee32474045ca80b78b7d19143a8ed412a,36,9.9999999999999995e-07,"[{""attempt"": 0, ""tolerance"": 2e-07, ""free_valid"": true, ""nll"": 17.683779099954755, ""score"": 8.212874824664596e-14}]",1,17.683779099954755,8.2128748246645955e-14,62426.232936161323
calibration,functional,pole,200,91,4,mc,10242.838967927697,2560.7097419819243,11118.099486764262,2379.8208796612785,0.36778420019625241,,,,True,False,,False,,,10343,10320,7829,2491,23,a9a9641d93f2309f74f44b889c35799078771d0aa3062ade807560c0b7171a77,1f178862a96335db89fb340eb6ec76a8423bf567ab3c83d24d77e75e8a37537d,13c81e69809a94df66c381ff74eb1cb36d3c35b9b1a34adb11f043d32f08b3b3,2d450c1dcaf42c4405a467f5f93ebe0ede686eba5e633ce52593d1087b902be9,8898463a96ff48e68a6c86a1af2718d3d5fb1c4e3e65239f73663ee1744cb0a4,200,5.0082500000000003,36,50.856795636274086,0.27381279210684611,observed_profile_hessian,8158419cbbebfdf53809265feaedf3217ab23ef357757c75e2e208534f5067d4,18996a1b3da64a89151d43b02f82e5e95b875772fbcce319b7d824817218997c,36,9.9999999999999995e-07,"[{""attempt"": 0, ""tolerance"": 2e-07, ""free_valid"": true, ""nll"": 25.689420325727262, ""score"": 1.687538997430238e-14}]",1,25.689420325727262,1.6875389974302379e-14,56135.262134234523
calibration,functional,logshift,200,91,4,mc,10242.838967927697,2560.7097419819243,13627.639085037186,2534.4623587300548,1.3355101153703912,,,,True,False,,False,,,10343,10320,8197,2123,23,a9a9641d93f2309f74f44b889c35799078771d0aa3062ade807560c0b7171a77,1f178862a96335db89fb340eb6ec76a8423bf567ab3c83d24d77e75e8a37537d,13c81e69809a94df66c381ff74eb1cb36d3c35b9b1a34adb11f043d32f08b3b3,927442d605618e5026fb65d396f0cb9bf8b38a0b5f83ba71444169e7430f6ffc,dde449f6871576fcf6f725e379ee4eeed4711b133b722b778b21ca248dcb08d9,196.13874309031874,5.0082500000000003,36,50.856795636274086,0.27381279210684611,observed_profile_hessian,55de285ab88400b47f5f51d7eb8c340fbfd1ab36db833a5396f90543d9e747bd,ba3e33179c0d999882a72dce1a112c958331326b5b46fa90d920144b11256f75,36,9.9999999999999995e-07,"[{""attempt"": 0, ""tolerance"": 2e-07, ""free_valid"": true, ""nll"": 17.737037281025238, ""score"": 5.784261958297066e-14}]",1,17.737037281025238,5.7842619582970656e-14,62441.679691244899
calibration,functional,pole,200,91,5,mc,12803.548709909621,2560.7097419819243,12188.663637682517,2380.631970676483,-0.25828648854630698,,,,True,False,,False,,,13098,13079,9929,3150,19,a9a9641d93f2309f74f44b889c35799078771d0aa3062ade807560c0b7171a77,5d1d7e6502588317831c50cd5eb9fb773812a9326f49ed3e211b4e7ee9c7d185,f95ecc2c50f4bfcb0a4e878075df6d0b41a83b6132716f5ac48d9c37647c898b,2d450c1dcaf42c4405a467f5f93ebe0ede686eba5e633ce52593d1087b902be9,8898463a96ff48e68a6c86a1af2718d3d5fb1c4e3e65239f73663ee1744cb0a4,200,5.0082500000000003,36,50.856795636274086,0.27381279210684611,observed_profile_hessian,a5b37f01ad9938e3417a8a1ea3e60fbc1383ba8a01e5cec6fde3e1b788947fad,e996a94e420d94634a6608be993dde92f8d09cc7e2f0686189e2d7f781654af3,36,9.9999999999999995e-07,"[{""attempt"": 0, ""tolerance"": 2e-07, ""free_valid"": true, ""nll"": 27.508962895896186, ""score"": 3.1530333899354446e-14}]",1,27.508962895896186,3.1530333899354446e-14,56150.394392730421
calibration,functional,logshift,200,91,5,mc,12803.548709909621,2560.7097419819243,15633.051189877302,2535.3286123370126,1.1160298772313799,,,,True,False,,False,,,13098,13079,10372,2707,19,a9a9641d93f2309f74f44b889c35799078771d0aa3062ade807560c0b7171a77,5d1d7e6502588317831c50cd5eb9fb773812a9326f49ed3e211b4e7ee9c7d185,f95ecc2c50f4bfcb0a4e878075df6d0b41a83b6132716f5ac48d9c37647c898b,927442d605618e5026fb65d396f0cb9bf8b38a0b5f83ba71444169e7430f6ffc,dde449f6871576fcf6f725e379ee4eeed4711b133b722b778b21ca248dcb08d9,196.13874309031874,5.0082500000000003,36,50.856795636274086,0.27381279210684611,observed_profile_hessian,49b77a8b20880f5782fcfeb6d9684afc772ba023a727559b53bdf8f52eb98b8f,ec0ca558ca718d197c20c125e7c3ea6533371c7de27aca9a53f11c7831a8d9d6,36,9.9999999999999995e-07,"[{""attempt"": 0, ""tolerance"": 2e-07, ""free_valid"": true, ""nll"": 16.973353167189714, ""score"": 1.4099832412739488e-14}]",1,16.973353167189714,1.4099832412739488e-14,62456.802590888037
calibration,functional,pole,200,91,6,mc,15364.258451891546,2560.7097419819243,13005.667537976218,2381.2887417022339,-0.99046825889300583,,,,True,False,,False,,,15257,15232,11561,3671,25,a9a9641d93f2309f74f44b889c35799078771d0aa3062ade807560c0b7171a77,5b650f1525b71eb6b294b73269a9e964a79fbbdf55d75519a78ac0c76c02fcb0,c1c5babab08e9899d4e75367692305d57bf5b17c3cad28275d040b2066a45a12,2d450c1dcaf42c4405a467f5f93ebe0ede686eba5e633ce52593d1087b902be9,8898463a96ff48e68a6c86a1af2718d3d5fb1c4e3e65239f73663ee1744cb0a4,200,5.0082500000000003,36,50.856795636274086,0.27381279210684611,observed_profile_hessian,1670a35e20632fd62680747da09a9d8cd6abe4b77457b399c72da9efbb9c06c1,074f7cecb1f1718bb5c15977580b309bce6ddc43a457ba4d28688dfbb3383840,36,9.9999999999999995e-07,"[{""attempt"": 0, ""tolerance"": 2e-07, ""free_valid"": true, ""nll"": 30.577207497936417, ""score"": 3.2862601528904634e-14}]",1,30.577207497936417,3.2862601528904634e-14,56160.357082001203
calibration,functional,logshift,200,91,6,mc,15364.258451891546,2560.7097419819243,17437.050427464499,2536.0269223267001,0.81733831661031875,,,,True,False,,False,,,15257,15232,12087,3145,25,a9a9641d93f2309f74f44b889c35799078771d0aa3062ade807560c0b7171a77,5b650f1525b71eb6b294b73269a9e964a79fbbdf55d75519a78ac0c76c02fcb0,c1c5babab08e9899d4e75367692305d57bf5b17c3cad28275d040b2066a45a12,927442d605618e5026fb65d396f0cb9bf8b38a0b5f83ba71444169e7430f6ffc,dde449f6871576fcf6f725e379ee4eeed4711b133b722b778b21ca248dcb08d9,196.13874309031874,5.0082500000000003,36,50.856795636274086,0.27381279210684611,observed_profile_hessian,2f8c4538ff858921f335969bd637edcb7ba99c100b53384f91720dee8a1a6aac,b2cfdf47f0b76e41ef05c75e620bc665f64c09ef9fc06224775cf5f8a98f619c,36,9.9999999999999995e-07,"[{""attempt"": 0, ""tolerance"": 2e-07, ""free_valid"": true, ""nll"": 17.20712445332007, ""score"": 1.0975248487810063e-13}]",1,17.20712445332007,1.0975248487810063e-13,62464.575832683069
calibration,functional,pole,200,91,8,mc,20485.677935855394,2560.7097419819243,15460.04649310509,2382.8040285747752,-2.1091249563466121,,,,True,False,,False,,,20411,20378,15427,4951,33,a9a9641d93f2309f74f44b889c35799078771d0aa3062ade807560c0b7171a77,64c36dfa0713ed19e1834516fc1685e1be366914ac46a001053552ff26441d49,e69df042d001fe951b32a675d74daf959499e5bc0007085aff22e53cf5972183,2d450c1dcaf42c4405a467f5f93ebe0ede686eba5e633ce52593d1087b902be9,8898463a96ff48e68a6c86a1af2718d3d5fb1c4e3e65239f73663ee1744cb0a4,200,5.0082500000000003,36,50.856795636274086,0.27381279210684611,observed_profile_hessian,22c99ca38ce7fbe6984ae4bbb5d62eabaeb4c09e44657356f429e2b3242b2c73,ea18c93ea7889a19a5f91a34e7a8d2dfbc264f549ba120999ffcc18c45bde1b9,36,9.9999999999999995e-07,"[{""attempt"": 0, ""tolerance"": 2e-07, ""free_valid"": true, ""nll"": 35.09266584495411, ""score"": 1.219024881038422e-13}]",1,35.092665844954112,1.2190248810384219e-13,56185.193296420039
calibration,functional,logshift,200,91,8,mc,20485.677935855394,2560.7097419819243,21012.309584132061,2537.5981810386716,0.20753153600587382,,,,True,False,,False,,,20411,20378,16104,4274,33,a9a9641d93f2309f74f44b889c35799078771d0aa3062ade807560c0b7171a77,64c36dfa0713ed19e1834516fc1685e1be366914ac46a001053552ff26441d49,e69df042d001fe951b32a675d74daf959499e5bc0007085aff22e53cf5972183,927442d605618e5026fb65d396f0cb9bf8b38a0b5f83ba71444169e7430f6ffc,dde449f6871576fcf6f725e379ee4eeed4711b133b722b778b21ca248dcb08d9,196.13874309031874,5.0082500000000003,36,50.856795636274086,0.27381279210684611,observed_profile_hessian,2f77d3b14c000d0cadc823614f87b2b37c38125d19ad61320bb4fb790cf6d513,4062f19db2ca9293aa831f2619167695ac4bcaac2d772c0f5eb2e350cd9ece1b,36,9.9999999999999995e-07,"[{""attempt"": 0, ""tolerance"": 2e-07, ""free_valid"": true, ""nll"": 17.458309526772194, ""score"": 3.212985433265203e-13}]",1,17.458309526772194,3.212985433265203e-13,62495.09116875624
calibration,functional,pole,200,91,10,mc,25607.097419819242,2560.7097419819243,17305.114004051797,2384.3706856421245,-3.4818342071386748,,,,True,False,,False,,,25542,25506,19268,6238,36,a9a9641d93f2309f74f44b889c35799078771d0aa3062ade807560c0b7171a77,44df815d42e81da8f8799ce4aee738c4e60b4afbf3417a3d283011d5b61197b9,933116fc677cee959d38b7facaedc4ff37bdc51e82fcfc357ae64361e03214b3,2d450c1dcaf42c4405a467f5f93ebe0ede686eba5e633ce52593d1087b902be9,8898463a96ff48e68a6c86a1af2718d3d5fb1c4e3e65239f73663ee1744cb0a4,200,5.0082500000000003,36,50.856795636274086,0.27381279210684611,observed_profile_hessian,1b0333e98b8dda4345d220601851cd9fd095c48a107476746ed69e6ffa6d9ad2,e03e57091718e4c9d1dde83e6776da1edbf16b4e2cc92d7d66b2aa8b61ff4363,36,9.9999999999999995e-07,"[{""attempt"": 0, ""tolerance"": 2e-07, ""free_valid"": true, ""nll"": 43.50344654029999, ""score"": 3.383959779057477e-13}]",1,43.50344654029999,3.3839597790574771e-13,56213.428733599787
calibration,functional,logshift,200,91,10,mc,25607.097419819242,2560.7097419819243,24739.826338036222,2539.1268503751198,-0.34156272328611403,,,,True,False,,False,,,25542,25506,20255,5251,36,a9a9641d93f2309f74f44b889c35799078771d0aa3062ade807560c0b7171a77,44df815d42e81da8f8799ce4aee738c4e60b4afbf3417a3d283011d5b61197b9,933116fc677cee959d38b7facaedc4ff37bdc51e82fcfc357ae64361e03214b3,927442d605618e5026fb65d396f0cb9bf8b38a0b5f83ba71444169e7430f6ffc,dde449f6871576fcf6f725e379ee4eeed4711b133b722b778b21ca248dcb08d9,196.13874309031874,5.0082500000000003,36,50.856795636274086,0.27381279210684611,observed_profile_hessian,7ad3539d05398a4251ed6d0ca2e1b8647daf57ad1af439b94d87a45d22600c7a,8d8d0ae09a0834629953663da4d67171d7c9a873fc978d6d366d354fbd6e6aab,36,9.9999999999999995e-07,"[{""attempt"": 0, ""tolerance"": 2e-07, ""free_valid"": true, ""nll"": 18.013808645636438, ""score"": 6.399603069695559e-13}]",1,18.013808645636438,6.3996030696955586e-13,62522.14126449883
calibration,functional,pole,200,91,12,mc,30728.516903783093,2560.7097419819243,20048.576204123336,2386.0880692997225,-4.4759205819230905,,,,True,False,,False,,,31248,31202,23610,7592,46,a9a9641d93f2309f74f44b889c35799078771d0aa3062ade807560c0b7171a77,89938feec400dbd11b230365c25b326f82033e7e116dcc632729abbfda50336d,5416bbe4f096c53afc33f83addab6fe4e4a2e1f19ab9c8a29eaedb28dd57aea1,2d450c1dcaf42c4405a467f5f93ebe0ede686eba5e633ce52593d1087b902be9,8898463a96ff48e68a6c86a1af2718d3d5fb1c4e3e65239f73663ee1744cb0a4,200,5.0082500000000003,36,50.856795636274086,0.27381279210684611,observed_profile_hessian,16687bd753cbc521434fddf2602add1f2c05a0011a2afa918be118a5d2ce5dd5,f5c76348568767416aca79d6cf28662f126bb2ba277dd04a045a3139781d6a26,36,9.9999999999999995e-07,"[{""attempt"": 0, ""tolerance"": 2e-07, ""free_valid"": true, ""nll"": 51.24378362157031, ""score"": 1.155964213239713e-12}]",1,51.243783621570309,1.155964213239713e-12,56240.968502345771
calibration,functional,logshift,200,91,12,mc,30728.516903783093,2560.7097419819243,29052.967414751532,2540.8919223971211,-0.65943359269323754,,,,True,False,,False,,,31248,31202,24800,6402,46,a9a9641d93f2309f74f44b889c35799078771d0aa3062ade807560c0b7171a77,89938feec400dbd11b230365c25b326f82033e7e116dcc632729abbfda50336d,5416bbe4f096c53afc33f83addab6fe4e4a2e1f19ab9c8a29eaedb28dd57aea1,927442d605618e5026fb65d396f0cb9bf8b38a0b5f83ba71444169e7430f6ffc,dde449f6871576fcf6f725e379ee4eeed4711b133b722b778b21ca248dcb08d9,196.13874309031874,5.0082500000000003,36,50.856795636274086,0.27381279210684611,observed_profile_hessian,c80c9c28943a988f55c3d7527dc95b09787ed6ea54f738a674c978cd5df74640,0a9d681f2d9c857fb3fda2baba3e81eced695f0ae732b52d2e60fc4cda25aee5,36,9.9999999999999995e-07,"[{""attempt"": 0, ""tolerance"": 2e-07, ""free_valid"": true, ""nll"": 16.951612473592842, ""score"": 2.447986258147239e-12}]",1,16.951612473592842,2.4479862581472389e-12,62553.080434274423
calibration,functional,pole,200,91,16,mc,40971.355871710788,2560.7097419819243,24159.58952485631,2389.0582350148434,-7.0369847417093307,,,,True,False,,False,,,41111,41046,31128,9918,65,a9a9641d93f2309f74f44b889c35799078771d0aa3062ade807560c0b7171a77,4a10b7ab33c54f7f343a3303a0d77cb09ac2853d2c9668b0b2392aa3a5f0429c,ff266a78ade69867f565c67d971c08759728e5ac8181e41e6b5e651f59e20685,2d450c1dcaf42c4405a467f5f93ebe0ede686eba5e633ce52593d1087b902be9,8898463a96ff48e68a6c86a1af2718d3d5fb1c4e3e65239f73663ee1744cb0a4,200,5.0082500000000003,36,50.856795636274086,0.27381279210684611,observed_profile_hessian,a87d9ea18e044c4a0209aabfb68d13afa720f1ad68b90e7548fe28b678fa1d7f,7aaf1f50a50bc3b62f9368fe150fb25d75ceef987d22ea192d99f133554b9b05,36,9.9999999999999995e-07,"[{""attempt"": 0, ""tolerance"": 2e-07, ""free_valid"": true, ""nll"": 71.41895692283529, ""score"": 4.735323244631218e-12}]",1,71.418956922835292,4.7353232446312177e-12,56292.713337526817
calibration,functional,logshift,200,91,16,mc,40971.355871710788,2560.7097419819243,36317.281010213046,2543.9980841157344,-1.829433320157333,,,,True,False,,False,,,41111,41046,32563,8483,65,a9a9641d93f2309f74f44b889c35799078771d0aa3062ade807560c0b7171a77,4a10b7ab33c54f7f343a3303a0d77cb09ac2853d2c9668b0b2392aa3a5f0429c,ff266a78ade69867f565c67d971c08759728e5ac8181e41e6b5e651f59e20685,927442d605618e5026fb65d396f0cb9bf8b38a0b5f83ba71444169e7430f6ffc,dde449f6871576fcf6f725e379ee4eeed4711b133b722b778b21ca248dcb08d9,196.13874309031874,5.0082500000000003,36,50.856795636274086,0.27381279210684611,observed_profile_hessian,39d4afce255e943ef3aa1054adfe13e19b0f86ba6e94baf23b4cfc19488b0283,7fd016622d96be4c3787c4bb4960e709f506f7ad30e09098f9053dcb2fe1d958,36,9.9999999999999995e-07,"[{""attempt"": 0, ""tolerance"": 2e-07, ""free_valid"": true, ""nll"": 16.401939317660148, ""score"": 1.2563061702053346e-11}]",1,16.401939317660148,1.2563061702053346e-11,62606.889419463754
calibration,functional,pole,200,91,20,mc,51214.194839638483,2560.7097419819243,28526.601007723257,2391.9877543069942,-9.4848285870461186,,,,True,False,,False,,,51157,51069,38788,12281,88,a9a9641d93f2309f74f44b889c35799078771d0aa3062ade807560c0b7171a77,3768cf2844cf6e58183ab7537eb28b270651238b9f1af8e519c5b688c224062d,2900ab6a092d2629e4dbc3f8d4c08731efa19630f05a6bc9ac5ffb073510ca93,2d450c1dcaf42c4405a467f5f93ebe0ede686eba5e633ce52593d1087b902be9,8898463a96ff48e68a6c86a1af2718d3d5fb1c4e3e65239f73663ee1744cb0a4,200,5.0082500000000003,36,50.856795636274086,0.27381279210684611,observed_profile_hessian,c9acd5f6fd78c970abbd7abb096f4429df3d628720c59b3d8588dc309520771d,e58ca09781485b80132d9b226e60fb59eea40fec86755fae5d58b4f3a5d4d182,36,9.9999999999999995e-07,"[{""attempt"": 0, ""tolerance"": 2e-07, ""free_valid"": true, ""nll"": 96.65203910536985, ""score"": 1.758859724532158e-11}]",1,96.652039105369852,1.758859724532158e-11,56342.240989181133
calibration,functional,logshift,200,91,20,mc,51214.194839638483,2560.7097419819243,43489.647369654842,2547.0824904175056,-3.0327040836111556,,,,True,False,,False,,,51157,51069,40557,10512,88,a9a9641d93f2309f74f44b889c35799078771d0aa3062ade807560c0b7171a77,3768cf2844cf6e58183ab7537eb28b270651238b9f1af8e519c5b688c224062d,2900ab6a092d2629e4dbc3f8d4c08731efa19630f05a6bc9ac5ffb073510ca93,927442d605618e5026fb65d396f0cb9bf8b38a0b5f83ba71444169e7430f6ffc,dde449f6871576fcf6f725e379ee4eeed4711b133b722b778b21ca248dcb08d9,196.13874309031874,5.0082500000000003,36,50.856795636274086,0.27381279210684611,observed_profile_hessian,ccaf2e19640e621d880ce8f25b5c1e9fac3f690683fc3f83f326c29c7f90276a,1845e46de2bd25c9964780311713dfc020c5957dfeddb916eed1e8c25f1ac809,36,9.9999999999999995e-07,"[{""attempt"": 0, ""tolerance"": 2e-07, ""free_valid"": true, ""nll"": 18.462218612155105, ""score"": 5.1559423397407045e-11}]",1,18.462218612155105,5.1559423397407045e-11,62662.2909276676
calibration,functional,pole,200,91,24,mc,61457.033807566186,2560.7097419819243,32622.315680481966,2395.1425737597547,-12.038831609853256,,,,True,False,,False,,,61532,61431,46391,15040,101,a9a9641d93f2309f74f44b889c35799078771d0aa3062ade807560c0b7171a77,7979a530d21e5c2b70686bf28f4b646d4de185e17f8c7f1d2289b25c90656a89,fabe478a75a3e20aefdd480fbc5c192c6c5ea08d2ca3c00a47d12d5b16351dcc,2d450c1dcaf42c4405a467f5f93ebe0ede686eba5e633ce52593d1087b902be9,8898463a96ff48e68a6c86a1af2718d3d5fb1c4e3e65239f73663ee1744cb0a4,200,5.0082500000000003,36,50.856795636274086,0.27381279210684611,observed_profile_hessian,d013a66a004e673aed64560620b40f6e8a27381f2b7b33bd07579a829947057a,3487618a2e2a3418e20c828ad6cb9887efa0c12843475b0455f8047ef1bdc290,36,9.9999999999999995e-07,"[{""attempt"": 0, ""tolerance"": 2e-07, ""free_valid"": true, ""nll"": 127.48216019170727, ""score"": 4.838396350237417e-11}]",1,127.48216019170727,4.8383963502374172e-11,56396.699581551962
calibration,functional,logshift,200,91,24,mc,61457.033807566186,2560.7097419819243,50890.232602343836,2550.1851772918712,-4.1435427118447912,,,,True,False,,False,,,61532,61431,48705,12726,101,a9a9641d93f2309f74f44b889c35799078771d0aa3062ade807560c0b7171a77,7979a530d21e5c2b70686bf28f4b646d4de185e17f8c7f1d2289b25c90656a89,fabe478a75a3e20aefdd480fbc5c192c6c5ea08d2ca3c00a47d12d5b16351dcc,927442d605618e5026fb65d396f0cb9bf8b38a0b5f83ba71444169e7430f6ffc,dde449f6871576fcf6f725e379ee4eeed4711b133b722b778b21ca248dcb08d9,196.13874309031874,5.0082500000000003,36,50.856795636274086,0.27381279210684611,observed_profile_hessian,483cd5d799833f5fd23393e386f78a8ecba9a6b78a672b94955224020e1d586f,745cf214f9c3bdf64755c61f6f279325288b225197830a530e2c958d0623a049,36,9.9999999999999995e-07,"[{""attempt"": 0, ""tolerance"": 2e-07, ""free_valid"": true, ""nll"": 17.778018968556943, ""score"": 1.69397496030399e-10}]",1,17.778018968556943,1.69397496030399e-10,62718.326530312217
calibration,functional,pole,200,92,0,mc,0,2560.7097419819243,-479.04533555652199,2381.0861347562791,-0.20118773889108202,,,,True,False,,False,,,0,0,0,0,0,a05f5a0ff30b553f033fc4490434e73dadb81255eebd9167900264a5c12e7a7c,d3bb56f8ed6d718b0d014fd9eec6c619f30907068e2667d838febcc69349baac,a05f5a0ff30b553f033fc4490434e73dadb81255eebd9167900264a5c12e7a7c,2d450c1dcaf42c4405a467f5f93ebe0ede686eba5e633ce52593d1087b902be9,8898463a96ff48e68a6c86a1af2718d3d5fb1c4e3e65239f73663ee1744cb0a4,200,5.0082500000000003,36,50.856795636274086,0.27381279210684611,observed_profile_hessian,70a650f062ec380b167d1701b04ac2f126fdb03fe91988c9e86a915563b6a54d,3970dd8e3d1454a25b067f710f75f377f8c64e0e318de026384fcae563addb88,36,9.9999999999999995e-07,"[{""attempt"": 0, ""tolerance"": 2e-07, ""free_valid"": true, ""nll"": 19.98090411774234, ""score"": 1.345867861601846e-13}]",1,19.980904117742341,1.345867861601846e-13,56290.176476582681
calibration,functional,logshift,200,92,0,mc,0,2560.7097419819243,172.61492900619933,2535.2543479021715,0.068085842806672139,,,,True,False,,False,,,0,0,0,0,0,a05f5a0ff30b553f033fc4490434e73dadb81255eebd9167900264a5c12e7a7c,d3bb56f8ed6d718b0d014fd9eec6c619f30907068e2667d838febcc69349baac,a05f5a0ff30b553f033fc4490434e73dadb81255eebd9167900264a5c12e7a7c,927442d605618e5026fb65d396f0cb9bf8b38a0b5f83ba71444169e7430f6ffc,dde449f6871576fcf6f725e379ee4eeed4711b133b722b778b21ca248dcb08d9,196.13874309031874,5.0082500000000003,36,50.856795636274086,0.27381279210684611,observed_profile_hessian,137cc1274d1fcaf4547d7543a1bfa5caf9b58c7d27c3bacd27632eceabc87cce,159405600f24e91164f6f192f7ad2500f7eb058706f3399cfbf32c2310786fdf,36,9.9999999999999995e-07,"[{""attempt"": 0, ""tolerance"": 2e-07, ""free_valid"": true, ""nll"": 20.11267576756787, ""score"": 4.4119985442847565e-12}]",1,20.112675767567868,4.4119985442847565e-12,62602.725165644872
calibration,functional,pole,200,92,1,mc,2560.7097419819243,2560.7097419819243,715.04331010993633,2381.8863273485367,-0.77487595049363378,,,,True,False,,False,,,2633,2630,2012,618,3,a05f5a0ff30b553f033fc4490434e73dadb81255eebd9167900264a5c12e7a7c,6ad13cbb61a61fd25b7162fea7ca6ba062728d8e7c646390bf062c439c727198,ae00236887796c277a0caca29f33768172db97bb099b97d021159a496d7d8476,2d450c1dcaf42c4405a467f5f93ebe0ede686eba5e633ce52593d1087b902be9,8898463a96ff48e68a6c86a1af2718d3d5fb1c4e3e65239f73663ee1744cb0a4,200,5.0082500000000003,36,50.856795636274086,0.27381279210684611,observed_profile_hessian,352da419f3376043b582bf4bc46e74d264e1d995f269985529fc81605de8bb4b,0bae81adb01332d9518f0fb2d322208282445b9c210dc9b9abe08ddc4934c0fc,36,9.9999999999999995e-07,"[{""attempt"": 0, ""tolerance"": 2e-07, ""free_valid"": true, ""nll"": 20.2673579304282, ""score"": 5.019315518772771e-10}]",1,20.267357930428201,5.0193155187727712e-10,56303.068034388096
calibration,functional,logshift,200,92,1,mc,2560.7097419819243,2560.7097419819243,2163.5599483410606,2536.0660600368669,-0.15660072893964375,,,,True,False,,False,,,2633,2630,2124,506,3,a05f5a0ff30b553f033fc4490434e73dadb81255eebd9167900264a5c12e7a7c,6ad13cbb61a61fd25b7162fea7ca6ba062728d8e7c646390bf062c439c727198,ae00236887796c277a0caca29f33768172db97bb099b97d021159a496d7d8476,927442d605618e5026fb65d396f0cb9bf8b38a0b5f83ba71444169e7430f6ffc,dde449f6871576fcf6f725e379ee4eeed4711b133b722b778b21ca248dcb08d9,196.13874309031874,5.0082500000000003,36,50.856795636274086,0.27381279210684611,observed_profile_hessian,52eb8f47fe9ad56ec766edc247d1a46e458331ef5955843d6f0bd094a7fdc80b,b6c847e7554f2698f765c2052a4dfdc9dcb6f1048d39eb3fef969ec5f80159c1,36,9.9999999999999995e-07,"[{""attempt"": 0, ""tolerance"": 2e-07, ""free_valid"": true, ""nll"": 20.02864207551663, ""score"": 3.144299431934172e-09}]",1,20.028642075516629,3.1442994319341722e-09,62616.694784234533
calibration,functional,pole,200,92,2,mc,5121.4194839638485,2560.7097419819243,1661.9514211905982,2382.6266156723113,-1.4519556022826867,,,,True,False,,False,,,5135,5127,3861,1266,8,a05f5a0ff30b553f033fc4490434e73dadb81255eebd9167900264a5c12e7a7c,1bf0ab7ba7abe0bad3f52eca4acb7aa9b6795ccddc0700ddbc30b09fe36c4017,086838f60259f5002037498ab70ec1c5d0d16b02c03c878172b6aa29e22d6376,2d450c1dcaf42c4405a467f5f93ebe0ede686eba5e633ce52593d1087b902be9,8898463a96ff48e68a6c86a1af2718d3d5fb1c4e3e65239f73663ee1744cb0a4,200,5.0082500000000003,36,50.856795636274086,0.27381279210684611,observed_profile_hessian,7cb9e48282c44c60a58b1fca6f9ae88fd387ff19be95d0310a30622041719f09,3e8fdfdb279faa51a17b725d18164588a6fb1e21a47b1262a08b09a972956d13,36,9.9999999999999995e-07,"[{""attempt"": 0, ""tolerance"": 2e-07, ""free_valid"": true, ""nll"": 20.746840245584465, ""score"": 5.8278745718176594e-09}]",1,20.746840245584465,5.8278745718176594e-09,56316.142564423986
calibration,functional,logshift,200,92,2,mc,5121.4194839638485,2560.7097419819243,3871.9011227473575,2536.8424836225186,-0.49254865813829496,,,,True,False,,False,,,5135,5127,4068,1059,8,a05f5a0ff30b553f033fc4490434e73dadb81255eebd9167900264a5c12e7a7c,1bf0ab7ba7abe0bad3f52eca4acb7aa9b6795ccddc0700ddbc30b09fe36c4017,086838f60259f5002037498ab70ec1c5d0d16b02c03c878172b6aa29e22d6376,927442d605618e5026fb65d396f0cb9bf8b38a0b5f83ba71444169e7430f6ffc,dde449f6871576fcf6f725e379ee4eeed4711b133b722b778b21ca248dcb08d9,196.13874309031874,5.0082500000000003,36,50.856795636274086,0.27381279210684611,observed_profile_hessian,d3db16a74d99c440060b052ea8e0cea855624a40dd7f815cb2f3a068e4a85a99,ce7963a454068a58691aaeea337ac783d72d18b78b318205f3924370527bf48d,36,9.9999999999999995e-07,"[{""attempt"": 0, ""tolerance"": 2e-07, ""free_valid"": true, ""nll"": 20.06304679468121, ""score"": 2.5803216417707997e-08}]",1,20.06304679468121,2.5803216417707997e-08,62630.50307545282
calibration,functional,pole,200,92,3,mc,7682.1292259457732,2560.7097419819243,2721.9530631979155,2383.405892603354,-2.0811294367196269,,,,True,False,,False,,,7682,7672,5770,1902,10,a05f5a0ff30b553f033fc4490434e73dadb81255eebd9167900264a5c12e7a7c,8bc6568bce861ce4f96a213d3bd934e81ffc380a4694453a22ab23109d816f74,fbda72f2f924d8dfed9a9c77cf992cdf6ea1847781d7c159c92fd18f290981c5,2d450c1dcaf42c4405a467f5f93ebe0ede686eba5e633ce52593d1087b902be9,8898463a96ff48e68a6c86a1af2718d3d5fb1c4e3e65239f73663ee1744cb0a4,200,5.0082500000000003,36,50.856795636274086,0.27381279210684611,observed_profile_hessian,c21a1b935f99fa947b6a83233469d794773bce27ee9f72dff8417b6441797516,6a9bdedce9b068fd185cf9456867e0bd7007aac782c0e95549633217b285c9b1,36,9.9999999999999995e-07,"[{""attempt"": 0, ""tolerance"": 2e-07, ""free_valid"": true, ""nll"": 21.990262638083234, ""score"": 2.8603566071261355e-08}]",1,21.990262638083234,2.8603566071261355e-08,56330.222801252297
calibration,functional,logshift,200,92,3,mc,7682.1292259457732,2560.7097419819243,5709.1487452708252,2537.6285759819016,-0.77748985779431079,,,,True,False,,False,,,7682,7672,6019,1653,10,a05f5a0ff30b553f033fc4490434e73dadb81255eebd9167900264a5c12e7a7c,8bc6568bce861ce4f96a213d3bd934e81ffc380a4694453a22ab23109d816f74,fbda72f2f924d8dfed9a9c77cf992cdf6ea1847781d7c159c92fd18f290981c5,927442d605618e5026fb65d396f0cb9bf8b38a0b5f83ba71444169e7430f6ffc,dde449f6871576fcf6f725e379ee4eeed4711b133b722b778b21ca248dcb08d9,196.13874309031874,5.0082500000000003,36,50.856795636274086,0.27381279210684611,observed_profile_hessian,c56149676d63692c85991e3b7a5030b03c2128d6eb4a774fcd56188fb14fb7e5,d3077c2f7569881ceae759af22673f6592df0ae1c35b24a8e3c73ad54e29a22c,36,9.9999999999999995e-07,"[{""attempt"": 0, ""tolerance"": 2e-07, ""free_valid"": true, ""nll"": 20.483943104771605, ""score"": 1.0244988739305239e-07}]",1,20.483943104771605,1.0244988739305239e-07,62645.297784383612
calibration,functional,pole,200,92,4,mc,10242.838967927697,2560.7097419819243,3693.3263505020327,2384.1153573418014,-2.7471458531805788,,,,True,False,,False,,,10186,10164,7685,2479,22,a05f5a0ff30b553f033fc4490434e73dadb81255eebd9167900264a5c12e7a7c,fa4d875bd43e5e87baee7637172d54289d54f420837edd9667de5d8d31d426c8,3f9fbff29e92e7cc6f9470952b6122e9d4e601d8c1aee9930b39d4bed5bd08cf,2d450c1dcaf42c4405a467f5f93ebe0ede686eba5e633ce52593d1087b902be9,8898463a96ff48e68a6c86a1af2718d3d5fb1c4e3e65239f73663ee1744cb0a4,200,5.0082500000000003,36,50.856795636274086,0.27381279210684611,observed_profile_hessian,3dfa6c227efd98e49873d6673471ba741a46effcecfd5307486bea437a96ee4c,5c73e03bb157734f389fba74bb0fe19c0d19887950fa54088606b7202dbf277a,36,9.9999999999999995e-07,"[{""attempt"": 0, ""tolerance"": 2e-07, ""free_valid"": true, ""nll"": 23.05572430767884, ""score"": 8.821904706746153e-08}]",1,23.05572430767884,8.8219047067461531e-08,56342.040134866722
calibration,functional,logshift,200,92,4,mc,10242.838967927697,2560.7097419819243,7620.3091632009919,2538.4093088883801,-1.0331390589940608,,,,True,False,,False,,,10186,10164,8096,2068,22,a05f5a0ff30b553f033fc4490434e73dadb81255eebd9167900264a5c12e7a7c,fa4d875bd43e5e87baee7637172d54289d54f420837edd9667de5d8d31d426c8,3f9fbff29e92e7cc6f9470952b6122e9d4e601d8c1aee9930b39d4bed5bd08cf,927442d605618e5026fb65d396f0cb9bf8b38a0b5f83ba71444169e7430f6ffc,dde449f6871576fcf6f725e379ee4eeed4711b133b722b778b21ca248dcb08d9,196.13874309031874,5.0082500000000003,36,50.856795636274086,0.27381279210684611,observed_profile_hessian,6e549b3b4b60392283b121dd0691d4496573a1cc81f5d69bd406a7afb5b6a239,1d5bb4ff09429fb796c4ed0778e9837b7fba0816af36330d58bf19d79a8913a6,36,9.9999999999999995e-07,"[{""attempt"": 0, ""tolerance"": 2e-07, ""free_valid"": true, ""nll"": 20.06016204306573, ""score"": 4.424238753131249e-14}]",1,20.060162043065731,4.4242387531312488e-14,62656.560140149362
calibration,functional,pole,200,92,5,mc,12803.548709909621,2560.7097419819243,4848.9742333795693,2384.9115015642587,-3.3353751161469352,,,,True,False,,False,,,12730,12702,9590,3112,28,a05f5a0ff30b553f033fc4490434e73dadb81255eebd9167900264a5c12e7a7c,ab2f99ec208ca2b665c288dec9fb06837517817ed95160897599a470ab7fce3d,f541b7dd62734ac490423c2a486c48f65fe635f4d4c217959bd8a615865f226f,2d450c1dcaf42c4405a467f5f93ebe0ede686eba5e633ce52593d1087b902be9,8898463a96ff48e68a6c86a1af2718d3d5fb1c4e3e65239f73663ee1744cb0a4,200,5.0082500000000003,36,50.856795636274086,0.27381279210684611,observed_profile_hessian,1b773973e213334f70169532b889034d23556c6f01df25e6da73a632a2b52429,24d2f32a40fd7d3f6d83c323b8de373be16c1dbe8655a6765c6d8d95c444721f,36,9.9999999999999995e-07,"[{""attempt"": 0, ""tolerance"": 2e-07, ""free_valid"": true, ""nll"": 23.841012682676027, ""score"": 2.453592884421596e-14}]",1,23.841012682676027,2.453592884421596e-14,56354.74963753546
calibration,functional,logshift,200,92,5,mc,12803.548709909621,2560.7097419819243,9440.7954023858947,2539.1665294927102,-1.3243531956116155,,,,True,False,,False,,,12730,12702,10102,2600,28,a05f5a0ff30b553f033fc4490434e73dadb81255eebd9167900264a5c12e7a7c,ab2f99ec208ca2b665c288dec9fb06837517817ed95160897599a470ab7fce3d,f541b7dd62734ac490423c2a486c48f65fe635f4d4c217959bd8a615865f226f,927442d605618e5026fb65d396f0cb9bf8b38a0b5f83ba71444169e7430f6ffc,dde449f6871576fcf6f725e379ee4eeed4711b133b722b778b21ca248dcb08d9,196.13874309031874,5.0082500000000003,36,50.856795636274086,0.27381279210684611,observed_profile_hessian,fffb4c07bafb1ec2fd5eedd8c78ec76ac8eb7310968241e71f9787cb19ed7c97,8750f9c943a1b3bef6cfe9144d7dd2d7f5c1ab86139e956a5a8d2d54b3423da7,36,9.9999999999999995e-07,"[{""attempt"": 0, ""tolerance"": 2e-07, ""free_valid"": true, ""nll"": 19.309132728689907, ""score"": 3.4160174688935285e-14}]",1,19.309132728689907,3.4160174688935285e-14,62671.065225678809
calibration,functional,pole,200,92,6,mc,15364.258451891546,2560.7097419819243,5938.8014301429148,2385.6938201794765,-3.9508242600215784,,,,True,False,,False,,,15372,15340,11518,3822,32,a05f5a0ff30b553f033fc4490434e73dadb81255eebd9167900264a5c12e7a7c,77a3d0e48af27e5a32a7cce3e25df1ef5636318fbaa56dc52e842272fc9dc042,b1432a7f33bdc54bf0132dd06520540fe8f2ddedef236efea1f27604a37a2a60,2d450c1dcaf42c4405a467f5f93ebe0ede686eba5e633ce52593d1087b902be9,8898463a96ff48e68a6c86a1af2718d3d5fb1c4e3e65239f73663ee1744cb0a4,200,5.0082500000000003,36,50.856795636274086,0.27381279210684611,observed_profile_hessian,eebe1e35705a60cbbb81ec02d054f36a10b432ccc6ffca8b88d0a87a0ca67e72,7ee80a578b1334d8a6b557053b469725cd6954a4ee439c0ec27ff4ca2b178bc3,36,9.9999999999999995e-07,"[{""attempt"": 0, ""tolerance"": 2e-07, ""free_valid"": true, ""nll"": 26.899248070101564, ""score"": 5.617728504603292e-14}]",1,26.899248070101564,5.6177285046032921e-14,56368.62186355787
calibration,functional,logshift,200,92,6,mc,15364.258451891546,2560.7097419819243,11382.606012270589,2539.98348523696,-1.5675898929120404,,,,True,False,,False,,,15372,15340,12114,3226,32,a05f5a0ff30b553f033fc4490434e73dadb81255eebd9167900264a5c12e7a7c,77a3d0e48af27e5a32a7cce3e25df1ef5636318fbaa56dc52e842272fc9dc042,b1432a7f33bdc54bf0132dd06520540fe8f2ddedef236efea1f27604a37a2a60,927442d605618e5026fb65d396f0cb9bf8b38a0b5f83ba71444169e7430f6ffc,dde449f6871576fcf6f725e379ee4eeed4711b133b722b778b21ca248dcb08d9,196.13874309031874,5.0082500000000003,36,50.856795636274086,0.27381279210684611,observed_profile_hessian,2e0df8789363d7ea5a6f8b623e25a7f3943e3b253a2fc76d8b53199d99b8c22a,5ae37724f754565447877bc13248fc89020e1a37d1a37bb0a3336b4a8dc7717e,36,9.9999999999999995e-07,"[{""attempt"": 0, ""tolerance"": 2e-07, ""free_valid"": true, ""nll"": 20.371316927142086, ""score"": 1.3239409568654992e-14}]",1,20.371316927142086,1.3239409568654992e-14,62685.13518694244
calibration,functional,pole,200,92,8,mc,20485.677935855394,2560.7097419819243,8321.3328929080417,2387.1986564012695,-5.0956567901580705,,,,True,False,,False,,,20375,20342,15484,4858,33,a05f5a0ff30b553f033fc4490434e73dadb81255eebd9167900264a5c12e7a7c,8ad84def6d11ee9ec8021395f02e1fce0f73bad1bef129fcfd2c747fde3690b6,d8b6a68a0cc2ed4c43d731299d8522243f432d875cff0cac5871c98dbcdefcd3,2d450c1dcaf42c4405a467f5f93ebe0ede686eba5e633ce52593d1087b902be9,8898463a96ff48e68a6c86a1af2718d3d5fb1c4e3e65239f73663ee1744cb0a4,200,5.0082500000000003,36,50.856795636274086,0.27381279210684611,observed_profile_hessian,336a4e7c888223389ea76eb2f5c50af30975909192145bb17402c9df2eea80fb,c4b4addd45cc04834462f718b9f50710ece9683d1d7de6a43767ad38e3148207,36,9.9999999999999995e-07,"[{""attempt"": 0, ""tolerance"": 2e-07, ""free_valid"": true, ""nll"": 31.622776669426326, ""score"": 9.353628982466944e-15}]",1,31.622776669426326,9.3536289824669439e-15,56393.140989076222
calibration,functional,logshift,200,92,8,mc,20485.677935855394,2560.7097419819243,15252.185570205151,2541.5654082381393,-2.0591609992355844,,,,True,False,,False,,,20375,20342,16164,4178,33,a05f5a0ff30b553f033fc4490434e73dadb81255eebd9167900264a5c12e7a7c,8ad84def6d11ee9ec8021395f02e1fce0f73bad1bef129fcfd2c747fde3690b6,d8b6a68a0cc2ed4c43d731299d8522243f432d875cff0cac5871c98dbcdefcd3,927442d605618e5026fb65d396f0cb9bf8b38a0b5f83ba71444169e7430f6ffc,dde449f6871576fcf6f725e379ee4eeed4711b133b722b778b21ca248dcb08d9,196.13874309031874,5.0082500000000003,36,50.856795636274086,0.27381279210684611,observed_profile_hessian,8d0f3f57dc344d1e3daebdf2eda7e1609969a73cdfef66e496bc98f4293a650a,88c646e9fab54676ee66c5c74112bc1a1c0a34ab8dd0855af5e69880fe796688,36,9.9999999999999995e-07,"[{""attempt"": 0, ""tolerance"": 2e-07, ""free_valid"": true, ""nll"": 20.345799950140712, ""score"": 2.403632848313464e-14}]",1,20.345799950140712,2.4036328483134639e-14,62712.217849850487
calibration,functional,pole,200,92,10,mc,25607.097419819242,2560.7097419819243,10314.248007931776,2388.7571431167125,-6.4020109603667112,,,,True,False,,False,,,25626,25579,19404,6175,47,a05f5a0ff30b553f033fc4490434e73dadb81255eebd9167900264a5c12e7a7c,5038530ddfc96815b24b09d86e0b40c1e519236b159d2c7b143df348c2e3e2dc,cc168dbb7bc7b1f1ddd1465fe227d1f6bc0b5fe85d6c89943e7641356bf8c867,2d450c1dcaf42c4405a467f5f93ebe0ede686eba5e633ce52593d1087b902be9,8898463a96ff48e68a6c86a1af2718d3d5fb1c4e3e65239f73663ee1744cb0a4,200,5.0082500000000003,36,50.856795636274086,0.27381279210684611,observed_profile_hessian,628323a048c1966b73b69910ca0f0c14896493d7b67bd9c98268c93a9fcc3073,076f56cc9255843cd03c9ce2a52df4b5c1e8176d080ce74df6506624865241be,36,9.9999999999999995e-07,"[{""attempt"": 0, ""tolerance"": 2e-07, ""free_valid"": true, ""nll"": 37.39949807948538, ""score"": 3.241851231905457e-14}]",1,37.399498079485383,3.2418512319054571e-14,56420.724534758163
calibration,functional,logshift,200,92,10,mc,25607.097419819242,2560.7097419819243,18822.511659772099,2543.1487231870587,-2.6677896177242597,,,,True,False,,False,,,25626,25579,20369,5210,47,a05f5a0ff30b553f033fc4490434e73dadb81255eebd9167900264a5c12e7a7c,5038530ddfc96815b24b09d86e0b40c1e519236b159d2c7b143df348c2e3e2dc,cc168dbb7bc7b1f1ddd1465fe227d1f6bc0b5fe85d6c89943e7641356bf8c867,927442d605618e5026fb65d396f0cb9bf8b38a0b5f83ba71444169e7430f6ffc,dde449f6871576fcf6f725e379ee4eeed4711b133b722b778b21ca248dcb08d9,196.13874309031874,5.0082500000000003,36,50.856795636274086,0.27381279210684611,observed_profile_hessian,f78781b6c9dac13de75690ee8f951cede51bee9b45d0a7694eef2481729feb66,8f9238e3063b91279b739cc846fe448269212a3de463ff35862f1e8b6474ce4e,36,9.9999999999999995e-07,"[{""attempt"": 0, ""tolerance"": 2e-07, ""free_valid"": true, ""nll"": 20.040907161782375, ""score"": 8.709699628184353e-14}]",1,20.040907161782375,8.7096996281843531e-14,62741.868545880447
calibration,functional,pole,200,92,12,mc,30728.516903783093,2560.7097419819243,12684.059174727687,2390.3555490004551,-7.5488593053032771,,,,True,False,,False,,,30974,30927,23396,7531,47,a05f5a0ff30b553f033fc4490434e73dadb81255eebd9167900264a5c12e7a7c,f1952a7bfb052be8b4bf2643c515fb489a8ef2e6aacde5c5ac00b8c9daacff24,9054c8a3f4a9bd4d7f44ed281242df7a12f48417063018f7772638b48f6115d2,2d450c1dcaf42c4405a467f5f93ebe0ede686eba5e633ce52593d1087b902be9,8898463a96ff48e68a6c86a1af2718d3d5fb1c4e3e65239f73663ee1744cb0a4,200,5.0082500000000003,36,50.856795636274086,0.27381279210684611,observed_profile_hessian,be800cc41ed0380c24841ad617945802f511a9f004e7fe28570d4fadd0afd00f,1eca202055fcc5875fbb82869e172b822013bf43fe23ac00017af65165b04d13,36,9.9999999999999995e-07,"[{""attempt"": 0, ""tolerance"": 2e-07, ""free_valid"": true, ""nll"": 45.77189641317014, ""score"": 6.017408793468348e-14}]",1,45.77189641317014,6.0174087934683484e-14,56448.107221828446
calibration,functional,logshift,200,92,12,mc,30728.516903783093,2560.7097419819243,22989.811083558328,2544.8315940916509,-3.0409500723709022,,,,True,False,,False,,,30974,30927,24454,6473,47,a05f5a0ff30b553f033fc4490434e73dadb81255eebd9167900264a5c12e7a7c,f1952a7bfb052be8b4bf2643c515fb489a8ef2e6aacde5c5ac00b8c9daacff24,9054c8a3f4a9bd4d7f44ed281242df7a12f48417063018f7772638b48f6115d2,927442d605618e5026fb65d396f0cb9bf8b38a0b5f83ba71444169e7430f6ffc,dde449f6871576fcf6f725e379ee4eeed4711b133b722b778b21ca248dcb08d9,196.13874309031874,5.0082500000000003,36,50.856795636274086,0.27381279210684611,observed_profile_hessian,ead5bf95a7768fa597d232a513df886954e099dd71f988775d3e8d98bf142837,2a03493464cf7c3fb43ae492b2728fd1d7cfc5ca4363a1aa4d3ae8fbfba18eca,36,9.9999999999999995e-07,"[{""attempt"": 0, ""tolerance"": 2e-07, ""free_valid"": true, ""nll"": 19.76471035312613, ""score"": 2.495781359357352e-13}]",1,19.76471035312613,2.4957813593573519e-13,62768.87444511777
calibration,functional,pole,200,92,16,mc,40971.355871710788,2560.7097419819243,16736.68878857699,2393.2895897827052,-10.126090543574438,,,,True,False,,False,,,40895,40810,30955,9855,85,a05f5a0ff30b553f033fc4490434e73dadb81255eebd9167900264a5c12e7a7c,3797d9fa30491d99d54b018d2d4f45f22bc20e8828e2d6905aa24afa2f0cadf9,6b6e2876807d096b507bcf8551481d2dae8445b453430cf191a40d5fa0a168d5,2d450c1dcaf42c4405a467f5f93ebe0ede686eba5e633ce52593d1087b902be9,8898463a96ff48e68a6c86a1af2718d3d5fb1c4e3e65239f73663ee1744cb0a4,200,5.0082500000000003,36,50.856795636274086,0.27381279210684611,observed_profile_hessian,a78bf005e4f11dd07b0bb738360c9fa967c5b31a93aabf9a37b682ddb7af5ffd,a1d8e6f5d9f63a3d2baba8e895cdca406f582cebd58352814d583d7a570b922e,36,9.9999999999999995e-07,"[{""attempt"": 0, ""tolerance"": 2e-07, ""free_valid"": true, ""nll"": 66.86471150333912, ""score"": 3.5793590313915047e-13}]",1,66.864711503339123,3.5793590313915047e-13,56498.35972589103
calibration,functional,logshift,200,92,16,mc,40971.355871710788,2560.7097419819243,30242.414433585913,2547.8916611830591,-4.2109095930488349,,,,True,False,,False,,,40895,40810,32466,8344,85,a05f5a0ff30b553f033fc4490434e73dadb81255eebd9167900264a5c12e7a7c,3797d9fa30491d99d54b018d2d4f45f22bc20e8828e2d6905aa24afa2f0cadf9,6b6e2876807d096b507bcf8551481d2dae8445b453430cf191a40d5fa0a168d5,927442d605618e5026fb65d396f0cb9bf8b38a0b5f83ba71444169e7430f6ffc,dde449f6871576fcf6f725e379ee4eeed4711b133b722b778b21ca248dcb08d9,196.13874309031874,5.0082500000000003,36,50.856795636274086,0.27381279210684611,observed_profile_hessian,89d36d9397b086d91d5f3c05e67898997a070f43c98268348fa08f77a1a952b8,4114b037b03ba70c85448bbde5438126043201519645684141750a798155def9,36,9.9999999999999995e-07,"[{""attempt"": 0, ""tolerance"": 2e-07, ""free_valid"": true, ""nll"": 22.825978880715947, ""score"": 2.5598412278782234e-12}]",1,22.825978880715947,2.5598412278782234e-12,62821.364886431453
calibration,functional,pole,200,92,20,mc,51214.194839638483,2560.7097419819243,21110.317534001344,2396.3583730359919,-12.56234361453123,,,,True,False,,False,,,50992,50908,38560,12348,84,a05f5a0ff30b553f033fc4490434e73dadb81255eebd9167900264a5c12e7a7c,e1cb72a7aeaa66d2b6690a7f7b4fc1260c44817ef0288256bda89084b4d4a647,7717cec18e461c20c6c28d28044dce1cf224c679e37e8a8a346f372a2e6bc513,2d450c1dcaf42c4405a467f5f93ebe0ede686eba5e633ce52593d1087b902be9,8898463a96ff48e68a6c86a1af2718d3d5fb1c4e3e65239f73663ee1744cb0a4,200,5.0082500000000003,36,50.856795636274086,0.27381279210684611,observed_profile_hessian,28b9857e6dcedcc82ea9d785b8f1c06acf7ffd25012fd305f6f61223dba44bae,2694d7e8937c9b878c5ff3eb921bda8b7a733a43946c4fb20bb7466a20d11023,36,9.9999999999999995e-07,"[{""attempt"": 0, ""tolerance"": 2e-07, ""free_valid"": true, ""nll"": 90.61167912470309, ""score"": 1.7719159473017498e-12}]",1,90.611679124703087,1.7719159473017498e-12,56551.180748592866
calibration,functional,logshift,200,92,20,mc,51214.194839638483,2560.7097419819243,37420.543745222269,2550.9752182881707,-5.4072070146069198,,,,True,False,,False,,,50992,50908,40399,10509,84,a05f5a0ff30b553f033fc4490434e73dadb81255eebd9167900264a5c12e7a7c,e1cb72a7aeaa66d2b6690a7f7b4fc1260c44817ef0288256bda89084b4d4a647,7717cec18e461c20c6c28d28044dce1cf224c679e37e8a8a346f372a2e6bc513,927442d605618e5026fb65d396f0cb9bf8b38a0b5f83ba71444169e7430f6ffc,dde449f6871576fcf6f725e379ee4eeed4711b133b722b778b21ca248dcb08d9,196.13874309031874,5.0082500000000003,36,50.856795636274086,0.27381279210684611,observed_profile_hessian,ca45ca2c02648b1d317336c74d385cdcfd0bd81092f96113b0774247a1a48fb6,eb0a49fa9f23d4648507c80cda6866cb8431fb82636168f4e77aef7865610d9c,36,9.9999999999999995e-07,"[{""attempt"": 0, ""tolerance"": 2e-07, ""free_valid"": true, ""nll"": 23.92830004362871, ""score"": 1.317090880803562e-11}]",1,23.92830004362871,1.317090880803562e-11,62880.045963337587
calibration,functional,pole,200,92,24,mc,61457.033807566186,2560.7097419819243,25751.678704696893,2399.4312298083623,-14.880757847650838,,,,True,False,,False,,,61257,61145,46341,14804,112,a05f5a0ff30b553f033fc4490434e73dadb81255eebd9167900264a5c12e7a7c,a41064955a804d639b0703ffb8a6436cc68f42dfcc928a932f8d186dd3be2494,56be93f75ae932b3cd667e3e0595c44107c0bd2b423249ee1ec309e067067d92,2d450c1dcaf42c4405a467f5f93ebe0ede686eba5e633ce52593d1087b902be9,8898463a96ff48e68a6c86a1af2718d3d5fb1c4e3e65239f73663ee1744cb0a4,200,5.0082500000000003,36,50.856795636274086,0.27381279210684611,observed_profile_hessian,e66b88c891d09c8124f48a5e39ec30b5b5fe3e12e711e34377212630130ad6c6,51e2c1f6810b9ad0c3e003a44c343fd5d557331150c9033bd2306916ddbfffe8,36,9.9999999999999995e-07,"[{""attempt"": 0, ""tolerance"": 2e-07, ""free_valid"": true, ""nll"": 120.50513943674959, ""score"": 8.345324431502377e-12}]",1,120.50513943674959,8.3453244315023767e-12,56599.987921801563
calibration,functional,logshift,200,92,24,mc,61457.033807566186,2560.7097419819243,45109.605956922424,2554.0868175588676,-6.4004981108152874,,,,True,False,,False,,,61257,61145,48558,12587,112,a05f5a0ff30b553f033fc4490434e73dadb81255eebd9167900264a5c12e7a7c,a41064955a804d639b0703ffb8a6436cc68f42dfcc928a932f8d186dd3be2494,56be93f75ae932b3cd667e3e0595c44107c0bd2b423249ee1ec309e067067d92,927442d605618e5026fb65d396f0cb9bf8b38a0b5f83ba71444169e7430f6ffc,dde449f6871576fcf6f725e379ee4eeed4711b133b722b778b21ca248dcb08d9,196.13874309031874,5.0082500000000003,36,50.856795636274086,0.27381279210684611,observed_profile_hessian,135bcb77dc3fbec7130299f1aac671702568d299dc535fcca7efd4c1621b8ecf,aaba4418c9d58a3d56f8bbfe92b260c972e14eb37dc779395820ec44ffc164cb,36,9.9999999999999995e-07,"[{""attempt"": 0, ""tolerance"": 2e-07, ""free_valid"": true, ""nll"": 24.831102575244355, ""score"": 5.622191601162285e-11}]",1,24.831102575244355,5.6221916011622852e-11,62933.047068053071
calibration,functional,pole,200,93,0,mc,0,2560.7097419819243,-2485.6668912775731,2379.4247826062824,-1.0446503329073169,,,,True,False,,False,,,0,0,0,0,0,94cc6df03730fb5edc2dc01272b2d379e299169bc65ab050409d92b0706617f0,d3bb56f8ed6d718b0d014fd9eec6c619f30907068e2667d838febcc69349baac,94cc6df03730fb5edc2dc01272b2d379e299169bc65ab050409d92b0706617f0,2d450c1dcaf42c4405a467f5f93ebe0ede686eba5e633ce52593d1087b902be9,8898463a96ff48e68a6c86a1af2718d3d5fb1c4e3e65239f73663ee1744cb0a4,200,5.0082500000000003,36,50.856795636274086,0.27381279210684611,observed_profile_hessian,5404f41f16899a9aa94c7db46b1da44f702c8f82919ddc6f9c029e01f923373e,72d72426c327b626fa18e02fc9ea1ff4908e14f56966392139f341f6f1cf4dbf,36,9.9999999999999995e-07,"[{""attempt"": 0, ""tolerance"": 2e-07, ""free_valid"": true, ""nll"": 11.907265822515862, ""score"": 8.659252107023896e-09}]",1,11.907265822515862,8.6592521070238959e-09,56204.825885836886
calibration,functional,logshift,200,93,0,mc,0,2560.7097419819243,303.91225676922102,2534.6672824047891,0.11990222893510562,,,,True,False,,False,,,0,0,0,0,0,94cc6df03730fb5edc2dc01272b2d379e299169bc65ab050409d92b0706617f0,d3bb56f8ed6d718b0d014fd9eec6c619f30907068e2667d838febcc69349baac,94cc6df03730fb5edc2dc01272b2d379e299169bc65ab050409d92b0706617f0,927442d605618e5026fb65d396f0cb9bf8b38a0b5f83ba71444169e7430f6ffc,dde449f6871576fcf6f725e379ee4eeed4711b133b722b778b21ca248dcb08d9,196.13874309031874,5.0082500000000003,36,50.856795636274086,0.27381279210684611,observed_profile_hessian,f1f520248fa133e56f93eff17548deea1e2dad9812aaf6376e0898930b50ba51,5cf3ae8e66ddd7c96e48eec5d5889abf65956eac93fb1c897f2a639841cf17cf,36,9.9999999999999995e-07,"[{""attempt"": 0, ""tolerance"": 2e-07, ""free_valid"": true, ""nll"": 12.208927137502087, ""score"": 2.92523716360904e-09}]",1,12.208927137502087,2.9252371636090402e-09,62493.002717766845
calibration,functional,pole,200,93,1,mc,2560.7097419819243,2560.7097419819243,-1336.3995880469372,2380.1873134872021,-1.6373120333622917,,,,True,False,,False,,,2505,2501,1933,568,4,94cc6df03730fb5edc2dc01272b2d379e299169bc65ab050409d92b0706617f0,3370f7ba2f728d8cd46302adcc435d61a8e6ca863d8cbd50b27ae8a4d3d4038f,fe9ad3d100a8eab44dd609ac70e4c3f76a570dc610e9e3ec7b0e867654a443cc,2d450c1dcaf42c4405a467f5f93ebe0ede686eba5e633ce52593d1087b902be9,8898463a96ff48e68a6c86a1af2718d3d5fb1c4e3e65239f73663ee1744cb0a4,200,5.0082500000000003,36,50.856795636274086,0.27381279210684611,observed_profile_hessian,a592c257e2f96e63f574e3942f08aa3c06e91bc09d44a6437bd74f66fe1e2e0f,9154bc7c9e733a04f92b464a535a1497f654abab0a8187af06f42a2ea898c3ed,36,9.9999999999999995e-07,"[{""attempt"": 0, ""tolerance"": 2e-07, ""free_valid"": true, ""nll"": 13.134035147712558, ""score"": 6.474567913056228e-10}]",1,13.134035147712558,6.4745679130562284e-10,56216.939474953746
calibration,functional,logshift,200,93,1,mc,2560.7097419819243,2560.7097419819243,2279.831000348508,2535.4467575116273,-0.11078076903065401,,,,True,False,,False,,,2505,2501,2017,484,4,94cc6df03730fb5edc2dc01272b2d379e299169bc65ab050409d92b0706617f0,3370f7ba2f728d8cd46302adcc435d61a8e6ca863d8cbd50b27ae8a4d3d4038f,fe9ad3d100a8eab44dd609ac70e4c3f76a570dc610e9e3ec7b0e867654a443cc,927442d605618e5026fb65d396f0cb9bf8b38a0b5f83ba71444169e7430f6ffc,dde449f6871576fcf6f725e379ee4eeed4711b133b722b778b21ca248dcb08d9,196.13874309031874,5.0082500000000003,36,50.856795636274086,0.27381279210684611,observed_profile_hessian,258741bd36a1f925dec1cdb1e7ac73aa1550b9ea6541a7a44d744bd8eabf5781,72269f5cf4fbb5ba4adea9e4c5f874b76cdc130ce54ad3349424ed7e4be6e1ce,36,9.9999999999999995e-07,"[{""attempt"": 0, ""tolerance"": 2e-07, ""free_valid"": true, ""nll"": 12.507614583403967, ""score"": 9.344747198269943e-11}]",1,12.507614583403967,9.3447471982699426e-11,62505.499214665993
calibration,functional,pole,200,93,2,mc,5121.4194839638485,2560.7097419819243,-407.09705500126421,2380.9442711465094,-2.3219848553208409,,,,True,False,,False,,,5041,5030,3781,1249,11,94cc6df03730fb5edc2dc01272b2d379e299169bc65ab050409d92b0706617f0,2eaeedb716224cfedd89ed3ede00ec7361e0b6e69a66038d35854283df4aa2cd,795cebee9948122a61e665518702933fa8d347c0c291269bc5ef2f4d0dc18cd5,2d450c1dcaf42c4405a467f5f93ebe0ede686eba5e633ce52593d1087b902be9,8898463a96ff48e68a6c86a1af2718d3d5fb1c4e3e65239f73663ee1744cb0a4,200,5.0082500000000003,36,50.856795636274086,0.27381279210684611,observed_profile_hessian,12f07f94726bff97f481f5ce99a9fb9ed95ccb781ea77ea2b27740d8140ec67b,00de51137ebd87122d0162d398694c4978ff49aa13ff6a47f66e8e9856b59974,36,9.9999999999999995e-07,"[{""attempt"": 0, ""tolerance"": 2e-07, ""free_valid"": true, ""nll"": 14.423401062518034, ""score"": 7.030390158924149e-12}]",1,14.423401062518034,7.0303901589241491e-12,56230.781219973513
calibration,functional,logshift,200,93,2,mc,5121.4194839638485,2560.7097419819243,4045.2007348208872,2536.2168055134698,-0.42434020104408049,,,,True,False,,False,,,5041,5030,3959,1071,11,94cc6df03730fb5edc2dc01272b2d379e299169bc65ab050409d92b0706617f0,2eaeedb716224cfedd89ed3ede00ec7361e0b6e69a66038d35854283df4aa2cd,795cebee9948122a61e665518702933fa8d347c0c291269bc5ef2f4d0dc18cd5,927442d605618e5026fb65d396f0cb9bf8b38a0b5f83ba71444169e7430f6ffc,dde449f6871576fcf6f725e379ee4eeed4711b133b722b778b21ca248dcb08d9,196.13874309031874,5.0082500000000003,36,50.856795636274086,0.27381279210684611,observed_profile_hessian,d29e6a394ec4048117acfa6aa25a0925ffa53008aaf6df2741a9337a1910b9a0,df50b532f9b73e3dc449a9c943b227fcca6f927d51f0dbaa37051af5845c7530,36,9.9999999999999995e-07,"[{""attempt"": 0, ""tolerance"": 2e-07, ""free_valid"": true, ""nll"": 12.7958391436681, ""score"": 5.727778251696236e-10}]",1,12.7958391436681,5.7277782516962361e-10,62519.360672172719
calibration,functional,pole,200,93,3,mc,7682.1292259457732,2560.7097419819243,917.41750408195617,2381.7633909678648,-2.8402114784016712,,,,True,False,,False,,,7709,7690,5887,1803,19,94cc6df03730fb5edc2dc01272b2d379e299169bc65ab050409d92b0706617f0,d1451d87a5b1cb66c395484cfd2d4e20bda1cacbfcef3e5a7da4fac38d359d7d,33d17ba98fe0e172b8fa79779fa03b45de55915a888599c808367ca9817092ab,2d450c1dcaf42c4405a467f5f93ebe0ede686eba5e633ce52593d1087b902be9,8898463a96ff48e68a6c86a1af2718d3d5fb1c4e3e65239f73663ee1744cb0a4,200,5.0082500000000003,36,50.856795636274086,0.27381279210684611,observed_profile_hessian,c307173a56a7d6a6a12b5c207e98bd911de5bfc615f69957ebfa22ecd3c8b9fe,2dd530ea7f5814dc1d1099da6e20a33ace2d5755102b8563237eb37abbbbd020,36,9.9999999999999995e-07,"[{""attempt"": 0, ""tolerance"": 2e-07, ""free_valid"": true, ""nll"": 15.996093721586513, ""score"": 3.4014144278948777e-10}]",1,15.996093721586513,3.4014144278948777e-10,56244.296825808524
calibration,functional,logshift,200,93,3,mc,7682.1292259457732,2560.7097419819243,5987.9820863532022,2537.0863201543698,-0.66775305441302057,,,,True,False,,False,,,7709,7690,6155,1535,19,94cc6df03730fb5edc2dc01272b2d379e299169bc65ab050409d92b0706617f0,d1451d87a5b1cb66c395484cfd2d4e20bda1cacbfcef3e5a7da4fac38d359d7d,33d17ba98fe0e172b8fa79779fa03b45de55915a888599c808367ca9817092ab,927442d605618e5026fb65d396f0cb9bf8b38a0b5f83ba71444169e7430f6ffc,dde449f6871576fcf6f725e379ee4eeed4711b133b722b778b21ca248dcb08d9,196.13874309031874,5.0082500000000003,36,50.856795636274086,0.27381279210684611,observed_profile_hessian,f87c26adff7a16a8c861f87a9e77d69f41db3cdee495b91e7918c94f7284d9e7,3c1e9a600ec36fde123cd77890bae3834ae313799b5cb8a859e7988ccaea3f86,36,9.9999999999999995e-07,"[{""attempt"": 0, ""tolerance"": 2e-07, ""free_valid"": true, ""nll"": 12.754716885892519, ""score"": 1.2335737320512408e-08}]",1,12.754716885892519,1.2335737320512408e-08,62536.011908137574
calibration,functional,pole,200,93,4,mc,10242.838967927697,2560.7097419819243,1667.0780105944475,2382.4783840343666,-3.5995125978064477,,,,True,False,,False,,,10265,10250,7588,2662,15,94cc6df03730fb5edc2dc01272b2d379e299169bc65ab050409d92b0706617f0,270d9112a7af8d75509e5a1b87a2833fde28385c3c7742e5b64507d3331aa5dc,e82e7fac3bb92e0d6e45bc46ed90af676c886263f3cd9a3b785461ec123a7406,2d450c1dcaf42c4405a467f5f93ebe0ede686eba5e633ce52593d1087b902be9,8898463a96ff48e68a6c86a1af2718d3d5fb1c4e3e65239f73663ee1744cb0a4,200,5.0082500000000003,36,50.856795636274086,0.27381279210684611,observed_profile_hessian,ce9a4699933414cd38d4677d47a07eec77143999618e3650b9bcd7bb2edc0c83,11a5d7537a2071746f9552d061979b4a75caf8bf601f83a4122c84881f9474ce,36,9.9999999999999995e-07,"[{""attempt"": 0, ""tolerance"": 2e-07, ""free_valid"": true, ""nll"": 18.200091757260843, ""score"": 3.0799245098744876e-09}]",1,18.200091757260843,3.0799245098744876e-09,56256.628161015724
calibration,functional,logshift,200,93,4,mc,10242.838967927697,2560.7097419819243,7648.4994704873861,2537.7976957363912,-1.0222798695888613,,,,True,False,,False,,,10265,10250,8015,2235,15,94cc6df03730fb5edc2dc01272b2d379e299169bc65ab050409d92b0706617f0,270d9112a7af8d75509e5a1b87a2833fde28385c3c7742e5b64507d3331aa5dc,e82e7fac3bb92e0d6e45bc46ed90af676c886263f3cd9a3b785461ec123a7406,927442d605618e5026fb65d396f0cb9bf8b38a0b5f83ba71444169e7430f6ffc,dde449f6871576fcf6f725e379ee4eeed4711b133b722b778b21ca248dcb08d9,196.13874309031874,5.0082500000000003,36,50.856795636274086,0.27381279210684611,observed_profile_hessian,41032131fff0eadc7d23590d965e3d69d646aa7670bba758ecb468f003acc748,63bfca6ea5c3cf02abf4c38257bd70e28fa77f252241f0db17c2051651a68a47,36,9.9999999999999995e-07,"[{""attempt"": 0, ""tolerance"": 2e-07, ""free_valid"": true, ""nll"": 13.231850912022571, ""score"": 5.5687798372616726e-08}]",1,13.231850912022571,5.5687798372616726e-08,62547.250715472532
calibration,functional,pole,200,93,5,mc,12803.548709909621,2560.7097419819243,3011.0365335321594,2383.2390965801101,-4.1089088335406538,,,,True,False,,False,,,12856,12837,9712,3125,19,94cc6df03730fb5edc2dc01272b2d379e299169bc65ab050409d92b0706617f0,18fa7bb536d0d32f62a179fa3f3c250cf8503aeaf737d840c057214517cc3ae6,e6a688f24a4642392e54549accde68a16c923b0ab19194c9ee9dbc0b894bd617,2d450c1dcaf42c4405a467f5f93ebe0ede686eba5e633ce52593d1087b902be9,8898463a96ff48e68a6c86a1af2718d3d5fb1c4e3e65239f73663ee1744cb0a4,200,5.0082500000000003,36,50.856795636274086,0.27381279210684611,observed_profile_hessian,2c253a37d769fddcdccbe1fbba4fa0af56afa7caf380cfa434a8329d863144a7,8a0ca4fde5a1a9b6e170d1c5522d18f34d9736c0f5ca558fa880438890bbb77d,36,9.9999999999999995e-07,"[{""attempt"": 0, ""tolerance"": 2e-07, ""free_valid"": true, ""nll"": 20.67584757711872, ""score"": 2.820108607748395e-08}]",1,20.67584757711872,2.820108607748395e-08,56269.282787007076
calibration,functional,logshift,200,93,5,mc,12803.548709909621,2560.7097419819243,9809.1437269728867,2538.646114905283,-1.1795283184038652,,,,True,False,,False,,,12856,12837,10157,2680,19,94cc6df03730fb5edc2dc01272b2d379e299169bc65ab050409d92b0706617f0,18fa7bb536d0d32f62a179fa3f3c250cf8503aeaf737d840c057214517cc3ae6,e6a688f24a4642392e54549accde68a16c923b0ab19194c9ee9dbc0b894bd617,927442d605618e5026fb65d396f0cb9bf8b38a0b5f83ba71444169e7430f6ffc,dde449f6871576fcf6f725e379ee4eeed4711b133b722b778b21ca248dcb08d9,196.13874309031874,5.0082500000000003,36,50.856795636274086,0.27381279210684611,observed_profile_hessian,0f835b21caf9d3eb1c1bdc18b6f92fe9ecad454d07dd589fe5cb1477be51769e,2b281efd7bd35adfe342e5c386698772010d1181ca167e3f239be97ea15fb183,36,9.9999999999999995e-07,"[{""attempt"": 0, ""tolerance"": 2e-07, ""free_valid"": true, ""nll"": 13.459117739666166, ""score"": 4.0190073491430667e-14}]",1,13.459117739666166,4.0190073491430667e-14,62560.864664537083
calibration,functional,pole,200,93,6,mc,15364.258451891546,2560.7097419819243,3993.339842913233,2383.976217869254,-4.7697282060730428,,,,True,False,,False,,,15230,15202,11526,3676,28,94cc6df03730fb5edc2dc01272b2d379e299169bc65ab050409d92b0706617f0,9e8b3b2a38fb9c6b2dc019f719ba1fbdb66883bd49bb53fb2a49b1758f99f54d,ac052660edb0d847ed448d154d7927ffb614443394b668f0f8afb51ff3a6b088,2d450c1dcaf42c4405a467f5f93ebe0ede686eba5e633ce52593d1087b902be9,8898463a96ff48e68a6c86a1af2718d3d5fb1c4e3e65239f73663ee1744cb0a4,200,5.0082500000000003,36,50.856795636274086,0.27381279210684611,observed_profile_hessian,98aa05258b3741337efbe8ecf357183ce420900134bae7a13779206073a8b983,12a08b069223b04d8b5084ce96f57f82537a10ad781d269d4cfaa8fcd2a1a22e,36,9.9999999999999995e-07,"[{""attempt"": 0, ""tolerance"": 2e-07, ""free_valid"": true, ""nll"": 22.808661803397214, ""score"": 8.125253242452501e-08}]",1,22.808661803397214,8.1252532424525015e-08,56282.708516208928
calibration,functional,logshift,200,93,6,mc,15364.258451891546,2560.7097419819243,11407.051202529225,2539.3932445763894,-1.5583278634823832,,,,True,False,,False,,,15230,15202,12042,3160,28,94cc6df03730fb5edc2dc01272b2d379e299169bc65ab050409d92b0706617f0,9e8b3b2a38fb9c6b2dc019f719ba1fbdb66883bd49bb53fb2a49b1758f99f54d,ac052660edb0d847ed448d154d7927ffb614443394b668f0f8afb51ff3a6b088,927442d605618e5026fb65d396f0cb9bf8b38a0b5f83ba71444169e7430f6ffc,dde449f6871576fcf6f725e379ee4eeed4711b133b722b778b21ca248dcb08d9,196.13874309031874,5.0082500000000003,36,50.856795636274086,0.27381279210684611,observed_profile_hessian,2025673cc5dd23121e31a42520ab5115183b36bb70f38361dab54d7970419150,0b48f6b3bc7f4c46076a0dfb0d87c0f975a59fdabb8bf2e6cb2b9b2a9faab7ff,36,9.9999999999999995e-07,"[{""attempt"": 0, ""tolerance"": 2e-07, ""free_valid"": true, ""nll"": 13.495932164192828, ""score"": 9.880984919163893e-14}]",1,13.495932164192828,9.8809849191638932e-14,62576.283319145412
calibration,functional,pole,200,93,8,mc,20485.677935855394,2560.7097419819243,6058.6443993756275,2385.5638138463032,-6.0476410032472385,,,,True,False,,False,,,20423,20382,15424,4958,41,94cc6df03730fb5edc2dc01272b2d379e299169bc65ab050409d92b0706617f0,d11efc12f44723222ea44a99d567830b8891dc7323bb7f10d3d747e7d045dd47,b4199e966cad59bfcd4f43d3b24ca4fb7c927dbbf895da9b2fa07607445b2ca2,2d450c1dcaf42c4405a467f5f93ebe0ede686eba5e633ce52593d1087b902be9,8898463a96ff48e68a6c86a1af2718d3d5fb1c4e3e65239f73663ee1744cb0a4,200,5.0082500000000003,36,50.856795636274086,0.27381279210684611,observed_profile_hessian,c99857109a81e17d5d4bb2de76b398c8d55c6372742a1071fc6687ce1b6bd763,3935a6ce5a0df59f7f132feaec88ee4ee9bb99b171d855f465005e9d696d674c,36,9.9999999999999995e-07,"[{""attempt"": 0, ""tolerance"": 2e-07, ""free_valid"": true, ""nll"": 29.479220473076545, ""score"": 2.3425705819590803e-14}]",1,29.479220473076545,2.3425705819590803e-14,56309.547859261103
calibration,functional,logshift,200,93,8,mc,20485.677935855394,2560.7097419819243,15184.705465669726,2540.940604501759,-2.0862244716755631,,,,True,False,,False,,,20423,20382,16237,4145,41,94cc6df03730fb5edc2dc01272b2d379e299169bc65ab050409d92b0706617f0,d11efc12f44723222ea44a99d567830b8891dc7323bb7f10d3d747e7d045dd47,b4199e966cad59bfcd4f43d3b24ca4fb7c927dbbf895da9b2fa07607445b2ca2,927442d605618e5026fb65d396f0cb9bf8b38a0b5f83ba71444169e7430f6ffc,dde449f6871576fcf6f725e379ee4eeed4711b133b722b778b21ca248dcb08d9,196.13874309031874,5.0082500000000003,36,50.856795636274086,0.27381279210684611,observed_profile_hessian,548442d0841acf4c9be9e1172120a070778d702cb4d4edacc3b715417e740203,99050a0e91ecd3725f0e4e397ee7b425853d1a95e1c413b940b16fe5522fb9bb,36,9.9999999999999995e-07,"[{""attempt"": 0, ""tolerance"": 2e-07, ""free_valid"": true, ""nll"": 14.005243093026605, ""score"": 3.930189507173054e-14}]",1,14.005243093026605,3.9301895071730542e-14,62603.657198339191
calibration,functional,pole,200,93,10,mc,25607.097419819242,2560.7097419819243,8292.2177207547247,2387.1318902380863,-7.2534239812520687,,,,True,False,,False,,,25735,25679,19411,6268,56,94cc6df03730fb5edc2dc01272b2d379e299169bc65ab050409d92b0706617f0,8cc5f05231cf19cdd9635d23100b66a83eca68df519896e80978e734302feff3,fba9547108c02176020bf1da31c91adb639d6563f695f91e79003cffdbf24c54,2d450c1dcaf42c4405a467f5f93ebe0ede686eba5e633ce52593d1087b902be9,8898463a96ff48e68a6c86a1af2718d3d5fb1c4e3e65239f73663ee1744cb0a4,200,5.0082500000000003,36,50.856795636274086,0.27381279210684611,observed_profile_hessian,365f39e41c22da8a4c928af5fc0fbc5d24afbe66a1293a28a597193d22104bb1,4573ddd66534ab41f28431154114d66bdd063a4e90d69a0070f9d87ac907ca80,36,9.9999999999999995e-07,"[{""attempt"": 0, ""tolerance"": 2e-07, ""free_valid"": true, ""nll"": 38.11099013897374, ""score"": 3.2862601528904634e-14}]",1,38.11099013897374,3.2862601528904634e-14,56336.361589830216
calibration,functional,logshift,200,93,10,mc,25607.097419819242,2560.7097419819243,19124.479636864526,2542.6105252789957,-2.5495913426392312,,,,True,False,,False,,,25735,25679,20312,5367,56,94cc6df03730fb5edc2dc01272b2d379e299169bc65ab050409d92b0706617f0,8cc5f05231cf19cdd9635d23100b66a83eca68df519896e80978e734302feff3,fba9547108c02176020bf1da31c91adb639d6563f695f91e79003cffdbf24c54,927442d605618e5026fb65d396f0cb9bf8b38a0b5f83ba71444169e7430f6ffc,dde449f6871576fcf6f725e379ee4eeed4711b133b722b778b21ca248dcb08d9,196.13874309031874,5.0082500000000003,36,50.856795636274086,0.27381279210684611,observed_profile_hessian,15895c80c764fb6eece73e7784cce4c8c0a102f633c271e5e23f50aab4183787,dcd070d64676709db53876c55905e67fa49ffaf24560649d12a9c603b0e6bec3,36,9.9999999999999995e-07,"[{""attempt"": 0, ""tolerance"": 2e-07, ""free_valid"": true, ""nll"": 15.05641608146501, ""score"": 9.814371537686384e-14}]",1,15.056416081465009,9.8143715376863838e-14,62631.229865991489
calibration,functional,pole,200,93,12,mc,30728.516903783093,2560.7097419819243,10589.131386575911,2388.6899356485001,-8.4311426178214237,,,,True,False,,False,,,31000,30946,23427,7519,54,94cc6df03730fb5edc2dc01272b2d379e299169bc65ab050409d92b0706617f0,6a2696590360d0198fbb5deadfb21acb721cb658c211de34853841ef7658231d,758130f679ceeb75e7722f5c03c340c4938524fe8a96f24ef0fe0abc3a53a84d,2d450c1dcaf42c4405a467f5f93ebe0ede686eba5e633ce52593d1087b902be9,8898463a96ff48e68a6c86a1af2718d3d5fb1c4e3e65239f73663ee1744cb0a4,200,5.0082500000000003,36,50.856795636274086,0.27381279210684611,observed_profile_hessian,ef01d376fa272b39e3f551c5cd6cada3e5dc7a8be7e8cd8a982fabadc232cb1d,0914299f00192351575930aa02b131d0995d9068150ded025966d1cbfb173016,36,9.9999999999999995e-07,"[{""attempt"": 0, ""tolerance"": 2e-07, ""free_valid"": true, ""nll"": 48.37071563509748, ""score"": 3.8191672047105385e-14}]",1,48.370715635097483,3.8191672047105385e-14,56362.253810179092
calibration,functional,logshift,200,93,12,mc,30728.516903783093,2560.7097419819243,23079.003576426971,2544.2262501133268,-3.0066167767176335,,,,True,False,,False,,,31000,30946,24571,6375,54,94cc6df03730fb5edc2dc01272b2d379e299169bc65ab050409d92b0706617f0,6a2696590360d0198fbb5deadfb21acb721cb658c211de34853841ef7658231d,758130f679ceeb75e7722f5c03c340c4938524fe8a96f24ef0fe0abc3a53a84d,927442d605618e5026fb65d396f0cb9bf8b38a0b5f83ba71444169e7430f6ffc,dde449f6871576fcf6f725e379ee4eeed4711b133b722b778b21ca248dcb08d9,196.13874309031874,5.0082500000000003,36,50.856795636274086,0.27381279210684611,observed_profile_hessian,63485e5ed20eee7f0a97b82f117be750b774100a0cf6ddc929d540b9ffd69992,eb9ce10bdb52f77d305db1c56d689e82b264476cb32608de0a207161adeb2e74,36,9.9999999999999995e-07,"[{""attempt"": 0, ""tolerance"": 2e-07, ""free_valid"": true, ""nll"": 16.053125466131625, ""score"": 1.0635936575909e-13}]",1,16.053125466131625,1.0635936575909e-13,62658.518214221083
calibration,functional,pole,200,93,16,mc,40971.355871710788,2560.7097419819243,15035.983905324481,2391.8702361013093,-10.843135039240398,,,,True,False,,False,,,41407,41337,31396,9941,70,94cc6df03730fb5edc2dc01272b2d379e299169bc65ab050409d92b0706617f0,88b29ce43710da3ac5fa3dc2b587af42e5d3f419c60fea3c004287ee432877f3,b880f681929e7d48446e521a1ab7ce9ab2522e383c62c0cedfb624b71eb6c71d,2d450c1dcaf42c4405a467f5f93ebe0ede686eba5e633ce52593d1087b902be9,8898463a96ff48e68a6c86a1af2718d3d5fb1c4e3e65239f73663ee1744cb0a4,200,5.0082500000000003,36,50.856795636274086,0.27381279210684611,observed_profile_hessian,a5c185096b7e86091cf07fc3b2397f05295cdc531d1fbfdd4ad957244e175695,01a3ec271271b445fed7aa21134d5c49b7f20a0fd8fa923856e4f7b5d081fa8d,36,9.9999999999999995e-07,"[{""attempt"": 0, ""tolerance"": 2e-07, ""free_valid"": true, ""nll"": 73.53481650793717, ""score"": 1.1124434706744069e-13}]",1,73.534816507937165,1.1124434706744069e-13,56417.79887023192
calibration,functional,logshift,200,93,16,mc,40971.355871710788,2560.7097419819243,30799.762436397676,2547.4964708989451,-3.9927801869432313,,,,True,False,,False,,,41407,41337,32889,8448,70,94cc6df03730fb5edc2dc01272b2d379e299169bc65ab050409d92b0706617f0,88b29ce43710da3ac5fa3dc2b587af42e5d3f419c60fea3c004287ee432877f3,b880f681929e7d48446e521a1ab7ce9ab2522e383c62c0cedfb624b71eb6c71d,927442d605618e5026fb65d396f0cb9bf8b38a0b5f83ba71444169e7430f6ffc,dde449f6871576fcf6f725e379ee4eeed4711b133b722b778b21ca248dcb08d9,196.13874309031874,5.0082500000000003,36,50.856795636274086,0.27381279210684611,observed_profile_hessian,90ceabf64049282a007aa4f8f431d700eaaeab9b6d99a38abef465ecd665191e,b41f7c92e9d71453985ec580c4b717471283c15e1e88b19c7fffd16414c3e176,36,9.9999999999999995e-07,"[{""attempt"": 0, ""tolerance"": 2e-07, ""free_valid"": true, ""nll"": 19.127033891988287, ""score"": 1.3709033908071433e-12}]",1,19.127033891988287,1.3709033908071433e-12,62717.104730490581
calibration,functional,pole,200,93,20,mc,51214.194839638483,2560.7097419819243,19237.930349111914,2394.8061038851738,-13.35233964814538,,,,True,False,,False,,,51365,51295,38771,12524,70,94cc6df03730fb5edc2dc01272b2d379e299169bc65ab050409d92b0706617f0,922d0baad13734138a51ff19f19fc6c9f36e9f964509999b1233334c924b4f1a,b7e7973be9ad907e82605664cd7d7cae314216ce37cfb0acfe0706eee686df1a,2d450c1dcaf42c4405a467f5f93ebe0ede686eba5e633ce52593d1087b902be9,8898463a96ff48e68a6c86a1af2718d3d5fb1c4e3e65239f73663ee1744cb0a4,200,5.0082500000000003,36,50.856795636274086,0.27381279210684611,observed_profile_hessian,4edb4d790aba271e6b936572d71ebae60c0c54e2d7eb8e59857fbd7479bed1a8,b813131cd79884903442e3b618ad0983b4e99d565f6099d24bc0a9afef89ec69,36,9.9999999999999995e-07,"[{""attempt"": 0, ""tolerance"": 2e-07, ""free_valid"": true, ""nll"": 100.68099363449393, ""score"": 7.94253551816837e-13}]",1,100.68099363449393,7.9425355181683699e-13,56466.059308321077
calibration,functional,logshift,200,93,20,mc,51214.194839638483,2560.7097419819243,38007.352154964654,2550.5383235614299,-5.1780608676495117,,,,True,False,,False,,,51365,51295,40696,10599,70,94cc6df03730fb5edc2dc01272b2d379e299169bc65ab050409d92b0706617f0,922d0baad13734138a51ff19f19fc6c9f36e9f964509999b1233334c924b4f1a,b7e7973be9ad907e82605664cd7d7cae314216ce37cfb0acfe0706eee686df1a,927442d605618e5026fb65d396f0cb9bf8b38a0b5f83ba71444169e7430f6ffc,dde449f6871576fcf6f725e379ee4eeed4711b133b722b778b21ca248dcb08d9,196.13874309031874,5.0082500000000003,36,50.856795636274086,0.27381279210684611,observed_profile_hessian,4ff8125fb9483c964fd642f81ed94019e57a2ba919795ca0028bf2a93fb00e54,c2b6088f519624ac225f383a0f88e2c946078b8ad03677c84c932158dc4555d5,36,9.9999999999999995e-07,"[{""attempt"": 0, ""tolerance"": 2e-07, ""free_valid"": true, ""nll"": 20.61825130485557, ""score"": 8.031353360138382e-12}]",1,20.618251304855569,8.0313533601383824e-12,62768.6476545853
calibration,functional,pole,200,93,24,mc,61457.033807566186,2560.7097419819243,23668.919901643192,2397.792172076619,-15.759545112367441,,,,True,False,,False,,,61545,61425,46523,14902,120,94cc6df03730fb5edc2dc01272b2d379e299169bc65ab050409d92b0706617f0,2826613a922a28376b7fc428a3f06b0bbf0ff6eca2a44e1771d4236f62075a2e,34411f19c25a246c61bf54ddbc74c01873e154c9c0315c3af505b1e34c7444f5,2d450c1dcaf42c4405a467f5f93ebe0ede686eba5e633ce52593d1087b902be9,8898463a96ff48e68a6c86a1af2718d3d5fb1c4e3e65239f73663ee1744cb0a4,200,5.0082500000000003,36,50.856795636274086,0.27381279210684611,observed_profile_hessian,07efe3b39fde51c8bb0a4e0a76e2ecbe5111a7607baeb8243120f2ab1320269d,f17f5bab3a1b165992bd78d48cb163fef643c72059d929194340bf9f7e4b192b,36,9.9999999999999995e-07,"[{""attempt"": 0, ""tolerance"": 2e-07, ""free_valid"": true, ""nll"": 130.00628443750577, ""score"": 4.026556865710518e-12}]",1,130.00628443750577,4.0265568657105177e-12,56517.428547997282
calibration,functional,logshift,200,93,24,mc,61457.033807566186,2560.7097419819243,45179.159630343544,2553.5811239469681,-6.3745279225993743,,,,True,False,,False,,,61545,61425,48836,12589,120,94cc6df03730fb5edc2dc01272b2d379e299169bc65ab050409d92b0706617f0,2826613a922a28376b7fc428a3f06b0bbf0ff6eca2a44e1771d4236f62075a2e,34411f19c25a246c61bf54ddbc74c01873e154c9c0315c3af505b1e34c7444f5,927442d605618e5026fb65d396f0cb9bf8b38a0b5f83ba71444169e7430f6ffc,dde449f6871576fcf6f725e379ee4eeed4711b133b722b778b21ca248dcb08d9,196.13874309031874,5.0082500000000003,36,50.856795636274086,0.27381279210684611,observed_profile_hessian,674f790bf0d14c549c0f2e5777feb338d3f80e0f7c88987effd8669a7437e14a,403825fe39c4f9027eb50c5cea0159951011158efa1931dc0067d9d451ec4822,36,9.9999999999999995e-07,"[{""attempt"": 0, ""tolerance"": 2e-07, ""free_valid"": true, ""nll"": 21.320300035893645, ""score"": 3.5924596630820815e-11}]",1,21.320300035893645,3.5924596630820815e-11,62827.007393235188
calibration,functional,pole,200,94,0,mc,0,2560.7097419819243,4045.3132288063598,2379.6157835969284,1.6999858786831681,,,,True,False,,False,,,0,0,0,0,0,859c7fddb38f2e5ebccf248a6ee6980140b031fd196ec0008a45a6f405fc4e7c,d3bb56f8ed6d718b0d014fd9eec6c619f30907068e2667d838febcc69349baac,859c7fddb38f2e5ebccf248a6ee6980140b031fd196ec0008a45a6f405fc4e7c,2d450c1dcaf42c4405a467f5f93ebe0ede686eba5e633ce52593d1087b902be9,8898463a96ff48e68a6c86a1af2718d3d5fb1c4e3e65239f73663ee1744cb0a4,200,5.0082500000000003,36,50.856795636274086,0.27381279210684611,observed_profile_hessian,021e0ff1c31e998f83d5d8424eb2d30ba4f76ecfc39730891dfb86d33a8b4e48,15e954f8918fc39aaa30285d5caf4940315056bd049d8e8b75428d22437ed21f,36,9.9999999999999995e-07,"[{""attempt"": 0, ""tolerance"": 2e-07, ""free_valid"": true, ""nll"": 17.641246247849498, ""score"": 4.110232709741979e-09}]",1,17.641246247849498,4.1102327097419789e-09,56169.090745710062
calibration,functional,logshift,200,94,0,mc,0,2560.7097419819243,2883.8937978517488,2533.5969960102821,1.1382606635518939,,,,True,False,,False,,,0,0,0,0,0,859c7fddb38f2e5ebccf248a6ee6980140b031fd196ec0008a45a6f405fc4e7c,d3bb56f8ed6d718b0d014fd9eec6c619f30907068e2667d838febcc69349baac,859c7fddb38f2e5ebccf248a6ee6980140b031fd196ec0008a45a6f405fc4e7c,927442d605618e5026fb65d396f0cb9bf8b38a0b5f83ba71444169e7430f6ffc,dde449f6871576fcf6f725e379ee4eeed4711b133b722b778b21ca248dcb08d9,196.13874309031874,5.0082500000000003,36,50.856795636274086,0.27381279210684611,observed_profile_hessian,145ab888fcd0fc75c5e1fd22a47622f28aa2bc1c4460f0c0175a1bbd482d4b35,2492496adefc5945ff57afb872d4e7b85b72f5bf1b859f3a4ed54914e81acff7,36,9.9999999999999995e-07,"[{""attempt"": 0, ""tolerance"": 2e-07, ""free_valid"": true, ""nll"": 19.78093731140295, ""score"": 2.398992615670892e-09}]",1,19.780937311402951,2.3989926156708918e-09,62490.7400774864
calibration,functional,pole,200,94,1,mc,2560.7097419819243,2560.7097419819243,5122.331113796422,2380.3562509980206,1.0761504168716247,,,,True,False,,False,,,2498,2491,1876,615,7,859c7fddb38f2e5ebccf248a6ee6980140b031fd196ec0008a45a6f405fc4e7c,f9d5f9b699e57711398ab2235b3870bf5e2e25f7c96edb4bab769f2dca9816e7,c05c687922cf67aedeac5fbd82741637855e6de2b62622dda661d918369a5862,2d450c1dcaf42c4405a467f5f93ebe0ede686eba5e633ce52593d1087b902be9,8898463a96ff48e68a6c86a1af2718d3d5fb1c4e3e65239f73663ee1744cb0a4,200,5.0082500000000003,36,50.856795636274086,0.27381279210684611,observed_profile_hessian,30aa9e4c73116bd1784189fa9bc98aa5190a6039d3eceea4badf0164d12833ac,c0d760c07cca0de571a6f9f909bd79f3512899c186284d7d885d3fc2f938af82,36,9.9999999999999995e-07,"[{""attempt"": 0, ""tolerance"": 2e-07, ""free_valid"": true, ""nll"": 18.027129130746548, ""score"": 2.245477193074663e-08}]",1,18.027129130746548,2.2454771930746631e-08,56181.219670818558
calibration,functional,logshift,200,94,1,mc,2560.7097419819243,2560.7097419819243,4672.3211680891754,2534.3664160718427,0.83319105426758167,,,,True,False,,False,,,2498,2491,1977,514,7,859c7fddb38f2e5ebccf248a6ee6980140b031fd196ec0008a45a6f405fc4e7c,f9d5f9b699e57711398ab2235b3870bf5e2e25f7c96edb4bab769f2dca9816e7,c05c687922cf67aedeac5fbd82741637855e6de2b62622dda661d918369a5862,927442d605618e5026fb65d396f0cb9bf8b38a0b5f83ba71444169e7430f6ffc,dde449f6871576fcf6f725e379ee4eeed4711b133b722b778b21ca248dcb08d9,196.13874309031874,5.0082500000000003,36,50.856795636274086,0.27381279210684611,observed_profile_hessian,53af4ab6b50c444e47c7f2e21c4d1c05e44741fdafbb947deef21e39e9f2c111,f78c27cebc1a70c590bdfbda66b6f84dd49c3104f3f644b216458894ae3e70d3,36,9.9999999999999995e-07,"[{""attempt"": 0, ""tolerance"": 2e-07, ""free_valid"": true, ""nll"": 19.90871221658672, ""score"": 2.399762671911887e-08}]",1,19.908712216586721,2.399762671911887e-08,62504.251425789182
calibration,functional,pole,200,94,2,mc,5121.4194839638485,2560.7097419819243,6253.9713707330766,2381.1528369911498,0.47563174827548355,,,,True,False,,False,,,5045,5037,3852,1185,8,859c7fddb38f2e5ebccf248a6ee6980140b031fd196ec0008a45a6f405fc4e7c,5a74ff0f3e56ae966cf6c6ac35965f52c0a539c927e336c9f5fa8aace48af9e5,6a46128b1af7662084b15947edc469ed20219278474d22ecb14e1940a0c8beb1,2d450c1dcaf42c4405a467f5f93ebe0ede686eba5e633ce52593d1087b902be9,8898463a96ff48e68a6c86a1af2718d3d5fb1c4e3e65239f73663ee1744cb0a4,200,5.0082500000000003,36,50.856795636274086,0.27381279210684611,observed_profile_hessian,fecf041b482bc22b83b5c63bb87241f114d219e226deb436ca3660164af21501,a7050e02e82bcaa4b503e36c320b3e4979f04826a78c92639d9602976bd79f05,36,9.9999999999999995e-07,"[{""attempt"": 0, ""tolerance"": 2e-07, ""free_valid"": true, ""nll"": 18.636383802034718, ""score"": 7.980095018123023e-08}]",1,18.636383802034718,7.9800950181230235e-08,56194.679608065475
calibration,functional,logshift,200,94,2,mc,5121.4194839638485,2560.7097419819243,6626.465072870119,2535.1631723797482,0.593668133595318,,,,True,False,,False,,,5045,5037,4027,1010,8,859c7fddb38f2e5ebccf248a6ee6980140b031fd196ec0008a45a6f405fc4e7c,5a74ff0f3e56ae966cf6c6ac35965f52c0a539c927e336c9f5fa8aace48af9e5,6a46128b1af7662084b15947edc469ed20219278474d22ecb14e1940a0c8beb1,927442d605618e5026fb65d396f0cb9bf8b38a0b5f83ba71444169e7430f6ffc,dde449f6871576fcf6f725e379ee4eeed4711b133b722b778b21ca248dcb08d9,196.13874309031874,5.0082500000000003,36,50.856795636274086,0.27381279210684611,observed_profile_hessian,9d3d2ea0c5aa5d18db098285e488e66592dd45e4f4e87a1c6c48a29a8618cae5,9fd3c6019acb5e9f4909060e0d434fba204144a03658fbe4afead6a3d435436e,36,9.9999999999999995e-07,"[{""attempt"": 0, ""tolerance"": 2e-07, ""free_valid"": true, ""nll"": 19.907428009440295, ""score"": 1.1016298501198563e-07}]",1,19.907428009440295,1.1016298501198563e-07,62518.219769797026
calibration,functional,pole,200,94,3,mc,7682.1292259457732,2560.7097419819243,7184.2052964542509,2381.9336068914922,-0.20904190110543455,,,,True,False,,False,,,7706,7694,5832,1862,12,859c7fddb38f2e5ebccf248a6ee6980140b031fd196ec0008a45a6f405fc4e7c,e89454d03baf2aabc26b0789d520367bcecc6eb636a4b134154c79c9ddebb651,8db2e2a7bad2b89567d30944445fbb3a6971b4ae924cb9f91781bef61bb7ac21,2d450c1dcaf42c4405a467f5f93ebe0ede686eba5e633ce52593d1087b902be9,8898463a96ff48e68a6c86a1af2718d3d5fb1c4e3e65239f73663ee1744cb0a4,200,5.0082500000000003,36,50.856795636274086,0.27381279210684611,observed_profile_hessian,405c1c9e1eea3baea7ade2c326f7f1432f769704138711e2ae142b4b1c7173e0,47c212d8aa5abead3a8ab8780ca96c742f7e8e0eb7d0a67bae99b30236648b4a,36,9.9999999999999995e-07,"[{""attempt"": 0, ""tolerance"": 2e-07, ""free_valid"": true, ""nll"": 19.680934739689196, ""score"": 1.9124155192784542e-07}]",1,19.680934739689196,1.9124155192784542e-07,56208.706229879324
calibration,functional,logshift,200,94,3,mc,7682.1292259457732,2560.7097419819243,8628.2760299983765,2535.9933989283454,0.37308725032660733,,,,True,False,,False,,,7706,7694,6098,1596,12,859c7fddb38f2e5ebccf248a6ee6980140b031fd196ec0008a45a6f405fc4e7c,e89454d03baf2aabc26b0789d520367bcecc6eb636a4b134154c79c9ddebb651,8db2e2a7bad2b89567d30944445fbb3a6971b4ae924cb9f91781bef61bb7ac21,927442d605618e5026fb65d396f0cb9bf8b38a0b5f83ba71444169e7430f6ffc,dde449f6871576fcf6f725e379ee4eeed4711b133b722b778b21ca248dcb08d9,196.13874309031874,5.0082500000000003,36,50.856795636274086,0.27381279210684611,observed_profile_hessian,eec90740510242f201fc64f52cff1ca4d71ce0f47cbb9c97d0437a3f35cb635a,ece6045b8f122508bf97d66ab8d395c03b26ca9418e9b387e3419b75b28a3457,36,9.9999999999999995e-07,"[{""attempt"": 0, ""tolerance"": 2e-07, ""free_valid"": true, ""nll"": 19.498156661392624, ""score"": 4.9404924595819466e-14}]",1,19.498156661392624,4.9404924595819466e-14,62530.578335342863
calibration,functional,pole,200,94,4,mc,10242.838967927697,2560.7097419819243,8368.0613015550171,2382.6461039646988,-0.78684688559206051,,,,True,False,,False,,,10177,10163,7663,2500,14,859c7fddb38f2e5ebccf248a6ee6980140b031fd196ec0008a45a6f405fc4e7c,1d19c7e8e5345d71be2963f49e88e5edce8cd3d49b5ac49fa15f77342f919fdc,26e2c98a6b059ae84d6e25aced84f22e061916d6442f6c9ec78af08a6f955fa7,2d450c1dcaf42c4405a467f5f93ebe0ede686eba5e633ce52593d1087b902be9,8898463a96ff48e68a6c86a1af2718d3d5fb1c4e3e65239f73663ee1744cb0a4,200,5.0082500000000003,36,50.856795636274086,0.27381279210684611,observed_profile_hessian,406140dc1a692c6f1ff4dec0af17ea44111ca033d47a5b2b97ea366fcb81f5b0,5c165a501341e0d420c4e5c2a1bb1230d0e4adb57c3a8f26f1f3a788f92e4c23,36,9.9999999999999995e-07,"[{""attempt"": 0, ""tolerance"": 2e-07, ""free_valid"": true, ""nll"": 20.73291792389349, ""score"": 7.16093850883226e-14}]",1,20.732917923893488,7.1609385088322597e-14,56220.780720440263
calibration,functional,logshift,200,94,4,mc,10242.838967927697,2560.7097419819243,10227.532992658351,2536.7018433144262,-0.0060338093377767833,,,,True,False,,False,,,10177,10163,8058,2105,14,859c7fddb38f2e5ebccf248a6ee6980140b031fd196ec0008a45a6f405fc4e7c,1d19c7e8e5345d71be2963f49e88e5edce8cd3d49b5ac49fa15f77342f919fdc,26e2c98a6b059ae84d6e25aced84f22e061916d6442f6c9ec78af08a6f955fa7,927442d605618e5026fb65d396f0cb9bf8b38a0b5f83ba71444169e7430f6ffc,dde449f6871576fcf6f725e379ee4eeed4711b133b722b778b21ca248dcb08d9,196.13874309031874,5.0082500000000003,36,50.856795636274086,0.27381279210684611,observed_profile_hessian,4a83c2c182e33d471a118cc2846a7b2b7e710e8f4b1a8aa5922663749dc19e08,b6c8ccb7753fb9ea536eb006fe1a433ba4351431bbaa5a22327b066a51f977e1,36,9.9999999999999995e-07,"[{""attempt"": 0, ""tolerance"": 2e-07, ""free_valid"": true, ""nll"": 19.90742829015222, ""score"": 2.1899149160731213e-14}]",1,19.907428290152222,2.1899149160731213e-14,62546.477650464345
calibration,functional,pole,200,94,5,mc,12803.548709909621,2560.7097419819243,9458.6213895268793,2383.4468656102681,-1.4033991563417092,,,,True,False,,False,,,12753,12735,9642,3093,18,859c7fddb38f2e5ebccf248a6ee6980140b031fd196ec0008a45a6f405fc4e7c,7a6b82a40717f19d69e9a718886d98fc3cc06aaefa3e0359bb4b27a707655938,fe47d2a90cbce1efb5c24300b6b9d2c5b94f062e64d20b8e2372225c317d569d,2d450c1dcaf42c4405a467f5f93ebe0ede686eba5e633ce52593d1087b902be9,8898463a96ff48e68a6c86a1af2718d3d5fb1c4e3e65239f73663ee1744cb0a4,200,5.0082500000000003,36,50.856795636274086,0.27381279210684611,observed_profile_hessian,c18f2fc21262cb4a94289806fa42e38c1eb54f44176ac121421e011cebd1bf8e,41de5a03b69062c2422e7c65547eebd64259bd823049b0823aec811873b4918b,36,9.9999999999999995e-07,"[{""attempt"": 0, ""tolerance"": 2e-07, ""free_valid"": true, ""nll"": 22.69366467976767, ""score"": 1.0746958878371515e-13}]",1,22.693664679767672,1.0746958878371515e-13,56233.938776466151
calibration,functional,logshift,200,94,5,mc,12803.548709909621,2560.7097419819243,12254.235649902497,2537.554001283047,-0.21647344636976315,,,,True,False,,False,,,12753,12735,10102,2633,18,859c7fddb38f2e5ebccf248a6ee6980140b031fd196ec0008a45a6f405fc4e7c,7a6b82a40717f19d69e9a718886d98fc3cc06aaefa3e0359bb4b27a707655938,fe47d2a90cbce1efb5c24300b6b9d2c5b94f062e64d20b8e2372225c317d569d,927442d605618e5026fb65d396f0cb9bf8b38a0b5f83ba71444169e7430f6ffc,dde449f6871576fcf6f725e379ee4eeed4711b133b722b778b21ca248dcb08d9,196.13874309031874,5.0082500000000003,36,50.856795636274086,0.27381279210684611,observed_profile_hessian,9bb2607e9b905893019f6da59e62ab61df1e439b1470d200601678237d07e495,d51259eebcbd83a034561c3340aa0b20b18536bc0dd564bfdb70463b142e52f4,36,9.9999999999999995e-07,"[{""attempt"": 0, ""tolerance"": 2e-07, ""free_valid"": true, ""nll"": 20.119398558160228, ""score"": 2.1510571102112408e-14}]",1,20.119398558160228,2.1510571102112408e-14,62559.266427737013
calibration,functional,pole,200,94,6,mc,15364.258451891546,2560.7097419819243,10650.236925607029,2384.233781758147,-1.9771641364834502,,,,True,False,,False,,,15387,15361,11733,3628,26,859c7fddb38f2e5ebccf248a6ee6980140b031fd196ec0008a45a6f405fc4e7c,90036edea7d614cd9ab82b503cdef8ed56dd14fbe1f7966ddff97267a983216b,0459e9e044146cab3e777f87e5041edd5326aa6b84d5ba353dd11919ff63e494,2d450c1dcaf42c4405a467f5f93ebe0ede686eba5e633ce52593d1087b902be9,8898463a96ff48e68a6c86a1af2718d3d5fb1c4e3e65239f73663ee1744cb0a4,200,5.0082500000000003,36,50.856795636274086,0.27381279210684611,observed_profile_hessian,7d36572f15d7971bad26b4e217e4d1fdecb837d056f382ec31df7cee4f924b0f,dbef08cfe13b3874e45c2979f3a1205abe132cbcb67e0ce5d3f8f93bd83f19eb,36,9.9999999999999995e-07,"[{""attempt"": 0, ""tolerance"": 2e-07, ""free_valid"": true, ""nll"": 24.60323778554863, ""score"": 1.454392162258955e-14}]",1,24.603237785548629,1.4543921622589551e-14,56246.970271928702
calibration,functional,logshift,200,94,6,mc,15364.258451891546,2560.7097419819243,14291.43072633157,2538.3841660347862,-0.42264198615603671,,,,True,False,,False,,,15387,15361,12276,3085,26,859c7fddb38f2e5ebccf248a6ee6980140b031fd196ec0008a45a6f405fc4e7c,90036edea7d614cd9ab82b503cdef8ed56dd14fbe1f7966ddff97267a983216b,0459e9e044146cab3e777f87e5041edd5326aa6b84d5ba353dd11919ff63e494,927442d605618e5026fb65d396f0cb9bf8b38a0b5f83ba71444169e7430f6ffc,dde449f6871576fcf6f725e379ee4eeed4711b133b722b778b21ca248dcb08d9,196.13874309031874,5.0082500000000003,36,50.856795636274086,0.27381279210684611,observed_profile_hessian,df0a24f9aaf456984d5c8c6ab6b9ce35dfcbadd6cd381fe5c3ba558f2276d2fe,3dfbcb24ce565c2b21d9fed647ccc0893f569e6bc9b03644b7773d6510b795e9,36,9.9999999999999995e-07,"[{""attempt"": 0, ""tolerance"": 2e-07, ""free_valid"": true, ""nll"": 19.844039013359186, ""score"": 7.616129948928574e-14}]",1,19.844039013359186,7.6161299489285739e-14,62573.133557256464
calibration,functional,pole,200,94,8,mc,20485.677935855394,2560.7097419819243,12506.02437798444,2385.6912846498421,-3.3447972121179799,,,,True,False,,False,,,20188,20146,15259,4887,42,859c7fddb38f2e5ebccf248a6ee6980140b031fd196ec0008a45a6f405fc4e7c,c674af1d994ca95085fcadb9b8aa75a2da07e3a38ec43f24876ea5494627e99b,4dcdc115d42f3efb8758dc17b2e712cd6dcc5902f4fc33eb68188cf9fc82cf3f,2d450c1dcaf42c4405a467f5f93ebe0ede686eba5e633ce52593d1087b902be9,8898463a96ff48e68a6c86a1af2718d3d5fb1c4e3e65239f73663ee1744cb0a4,200,5.0082500000000003,36,50.856795636274086,0.27381279210684611,observed_profile_hessian,980c87014dc0b5eba9c91ccf6513140a55c2be75e81003336bf77ce412b0ac47,27a29b02fef805cfbbc220db885bd24a2d68b0bf1dc5319e00a3a0beae594afa,36,9.9999999999999995e-07,"[{""attempt"": 0, ""tolerance"": 2e-07, ""free_valid"": true, ""nll"": 30.018915841465354, ""score"": 4.4075854077618715e-14}]",1,30.018915841465354,4.4075854077618715e-14,56273.597970012073
calibration,functional,logshift,200,94,8,mc,20485.677935855394,2560.7097419819243,17712.11713524715,2539.8585155715423,-1.0920138990435504,,,,True,False,,False,,,20188,20146,16002,4144,42,859c7fddb38f2e5ebccf248a6ee6980140b031fd196ec0008a45a6f405fc4e7c,c674af1d994ca95085fcadb9b8aa75a2da07e3a38ec43f24876ea5494627e99b,4dcdc115d42f3efb8758dc17b2e712cd6dcc5902f4fc33eb68188cf9fc82cf3f,927442d605618e5026fb65d396f0cb9bf8b38a0b5f83ba71444169e7430f6ffc,dde449f6871576fcf6f725e379ee4eeed4711b133b722b778b21ca248dcb08d9,196.13874309031874,5.0082500000000003,36,50.856795636274086,0.27381279210684611,observed_profile_hessian,5843422e56a3e77d82f2e12630d01a54e207973e0fe73c133eab500f5d9c82be,e82b1836681155a8159a86539c9f12527d0061caac04225a5ce559d88bdc5d97,36,9.9999999999999995e-07,"[{""attempt"": 0, ""tolerance"": 2e-07, ""free_valid"": true, ""nll"": 20.541386287496117, ""score"": 4.163336342344337e-14}]",1,20.541386287496117,4.163336342344337e-14,62599.88195381996
calibration,functional,pole,200,94,10,mc,25607.097419819242,2560.7097419819243,14883.753856405474,2387.2464495911399,-4.4919298404445582,,,,True,False,,False,,,25279,25245,19065,6180,34,859c7fddb38f2e5ebccf248a6ee6980140b031fd196ec0008a45a6f405fc4e7c,f3310bde4c8659ac872deb9d0bc9b27691e14404bcd9629c34ace0f7ebb94ba7,ef132aa4f7ae605883219279ca602e05f07ec8de73bcc63cb260d4c4d359a3e2,2d450c1dcaf42c4405a467f5f93ebe0ede686eba5e633ce52593d1087b902be9,8898463a96ff48e68a6c86a1af2718d3d5fb1c4e3e65239f73663ee1744cb0a4,200,5.0082500000000003,36,50.856795636274086,0.27381279210684611,observed_profile_hessian,0a95b6747be7bae6d59afc36bba5245db48c893f93c67575dd5095a52cbb3aeb,a5df9136036a312fdc66d1a94fd9581c7f4cc3eef6209f31af1d4f0707172c81,36,9.9999999999999995e-07,"[{""attempt"": 0, ""tolerance"": 2e-07, ""free_valid"": true, ""nll"": 34.46430767072647, ""score"": 4.0936004586100694e-14}]",1,34.46430767072647,4.0936004586100694e-14,56297.778802538465
calibration,functional,logshift,200,94,10,mc,25607.097419819242,2560.7097419819243,21314.86701437661,2541.3694819665652,-1.6889438690045231,,,,True,False,,False,,,25279,25245,20008,5237,34,859c7fddb38f2e5ebccf248a6ee6980140b031fd196ec0008a45a6f405fc4e7c,f3310bde4c8659ac872deb9d0bc9b27691e14404bcd9629c34ace0f7ebb94ba7,ef132aa4f7ae605883219279ca602e05f07ec8de73bcc63cb260d4c4d359a3e2,927442d605618e5026fb65d396f0cb9bf8b38a0b5f83ba71444169e7430f6ffc,dde449f6871576fcf6f725e379ee4eeed4711b133b722b778b21ca248dcb08d9,196.13874309031874,5.0082500000000003,36,50.856795636274086,0.27381279210684611,observed_profile_hessian,3c6c5e9768914dd282a950b3a05fe3e6b9c4454e7a1da1a82ed78590dba4c1bc,5c8c4f7cc2051b2425ac2462489eb5c9593cd7e051a0e3ae75b7a4258c09bdcb,36,9.9999999999999995e-07,"[{""attempt"": 0, ""tolerance"": 2e-07, ""free_valid"": true, ""nll"": 19.984285964024743, ""score"": 5.6621374255882984e-14}]",1,19.984285964024743,5.6621374255882984e-14,62628.935363000266
calibration,functional,pole,200,94,12,mc,30728.516903783093,2560.7097419819243,16988.883143622166,2388.7180756674675,-5.7518858755743834,,,,True,False,,False,,,30518,30465,23096,7369,53,859c7fddb38f2e5ebccf248a6ee6980140b031fd196ec0008a45a6f405fc4e7c,08711344f196aff4e68dbfadbc347614b62cfa08fcb6bf18da4866d9bfc3b7bc,7e0f508e19a00818bde21039bec67d30fb0bdfe99911ff112097b25ae2387819,2d450c1dcaf42c4405a467f5f93ebe0ede686eba5e633ce52593d1087b902be9,8898463a96ff48e68a6c86a1af2718d3d5fb1c4e3e65239f73663ee1744cb0a4,200,5.0082500000000003,36,50.856795636274086,0.27381279210684611,observed_profile_hessian,a77ad7b7c140dcd5e3df83bbb37dfb7ec0a2e1e69d7f54acef6758cf649aa5bc,ff34ed84608f113695026d01a41701682187d62f833a1cad6b7a6ac153f8c255,36,9.9999999999999995e-07,"[{""attempt"": 0, ""tolerance"": 2e-07, ""free_valid"": true, ""nll"": 43.498427960703175, ""score"": 1.4652168367490503e-13}]",1,43.498427960703175,1.4652168367490503e-13,56325.269959795456
calibration,functional,logshift,200,94,12,mc,30728.516903783093,2560.7097419819243,25107.543446674295,2543.0376065893579,-2.2103383145196465,,,,True,False,,False,,,30518,30465,24118,6347,53,859c7fddb38f2e5ebccf248a6ee6980140b031fd196ec0008a45a6f405fc4e7c,08711344f196aff4e68dbfadbc347614b62cfa08fcb6bf18da4866d9bfc3b7bc,7e0f508e19a00818bde21039bec67d30fb0bdfe99911ff112097b25ae2387819,927442d605618e5026fb65d396f0cb9bf8b38a0b5f83ba71444169e7430f6ffc,dde449f6871576fcf6f725e379ee4eeed4711b133b722b778b21ca248dcb08d9,196.13874309031874,5.0082500000000003,36,50.856795636274086,0.27381279210684611,observed_profile_hessian,17c965dfde4161008f47fc2f5d0bf5679bc4ce496233d58aa9ec6f98276eefdf,725be12888fc32968fb08fcf812d23b90e2b83063d9423e58c93dd973e0b7b72,36,9.9999999999999995e-07,"[{""attempt"": 0, ""tolerance"": 2e-07, ""free_valid"": true, ""nll"": 21.314673352029587, ""score"": 5.491163079796024e-13}]",1,21.314673352029587,5.4911630797960242e-13,62657.136236424645
calibration,functional,pole,200,94,16,mc,40971.355871710788,2560.7097419819243,21492.274625568974,2391.8245878714965,-8.144025839067238,,,,True,False,,False,,,40770,40705,30847,9858,65,859c7fddb38f2e5ebccf248a6ee6980140b031fd196ec0008a45a6f405fc4e7c,8a940143a04e2cf80240246a1beaf44f40d899b4ffe40b9bf68425af6643ef1f,dbb2537b66f2f4cdd513bcbde8487a939178f842db5c1fe634f4e27a5aaa3f2b,2d450c1dcaf42c4405a467f5f93ebe0ede686eba5e633ce52593d1087b902be9,8898463a96ff48e68a6c86a1af2718d3d5fb1c4e3e65239f73663ee1744cb0a4,200,5.0082500000000003,36,50.856795636274086,0.27381279210684611,observed_profile_hessian,5eb17a5240d1e8f361a2e2f1e66fea9b0889a9089245db044fc58396c5871258,1aec53e0dc307382a74189dc27c14040a0a77029f66e2ddf69583513d42f8f66,36,9.9999999999999995e-07,"[{""attempt"": 0, ""tolerance"": 2e-07, ""free_valid"": true, ""nll"": 62.90785857429709, ""score"": 8.288925101851419e-13}]",1,62.907858574297087,8.2889251018514187e-13,56377.483045740781
calibration,functional,logshift,200,94,16,mc,40971.355871710788,2560.7097419819243,32680.154760162339,2546.1861410595384,-3.2563216717919339,,,,True,False,,False,,,40770,40705,32357,8348,65,859c7fddb38f2e5ebccf248a6ee6980140b031fd196ec0008a45a6f405fc4e7c,8a940143a04e2cf80240246a1beaf44f40d899b4ffe40b9bf68425af6643ef1f,dbb2537b66f2f4cdd513bcbde8487a939178f842db5c1fe634f4e27a5aaa3f2b,927442d605618e5026fb65d396f0cb9bf8b38a0b5f83ba71444169e7430f6ffc,dde449f6871576fcf6f725e379ee4eeed4711b133b722b778b21ca248dcb08d9,196.13874309031874,5.0082500000000003,36,50.856795636274086,0.27381279210684611,observed_profile_hessian,0fa3ec56d7068b31f502d87bd4799df92056443a82e2fedf487d6a4a1eab3d56,61501b172406df41a8af12244d4dc0e38cc4581e4c2d05b155d3beae6669e459,36,9.9999999999999995e-07,"[{""attempt"": 0, ""tolerance"": 2e-07, ""free_valid"": true, ""nll"": 22.35472820314462, ""score"": 3.780087354243733e-12}]",1,22.354728203144621,3.780087354243733e-12,62713.640692587585
calibration,functional,pole,200,94,20,mc,51214.194839638483,2560.7097419819243,25739.11529152004,2394.9569715103921,-10.636967532678657,,,,True,False,,False,,,51239,51145,38571,12574,94,859c7fddb38f2e5ebccf248a6ee6980140b031fd196ec0008a45a6f405fc4e7c,d6fadff1540f9fb29813b6082743392bfa8ca52a399ac74558b25f1493f557d7,1261c8f8af49d893371d2b61d0e8d00607eab9b57c6d5da350c4b8cbd2aff381,2d450c1dcaf42c4405a467f5f93ebe0ede686eba5e633ce52593d1087b902be9,8898463a96ff48e68a6c86a1af2718d3d5fb1c4e3e65239f73663ee1744cb0a4,200,5.0082500000000003,36,50.856795636274086,0.27381279210684611,observed_profile_hessian,7ae0d2b1e59120fb64376b8a8b10d61fd3d0cbbd0cfb42704ad5daf19ce427e2,892f21f45c1f35f222c9d1bf01227e033ac6ccd2f5401cd55a51b94c85c9f5a9,36,9.9999999999999995e-07,"[{""attempt"": 0, ""tolerance"": 2e-07, ""free_valid"": true, ""nll"": 88.76493732240169, ""score"": 3.6142200343647346e-12}]",1,88.764937322401693,3.6142200343647346e-12,56430.993016810971
calibration,functional,logshift,200,94,20,mc,51214.194839638483,2560.7097419819243,40154.777420099766,2549.3091489624544,-4.3382017532239265,,,,True,False,,False,,,51239,51145,40487,10658,94,859c7fddb38f2e5ebccf248a6ee6980140b031fd196ec0008a45a6f405fc4e7c,d6fadff1540f9fb29813b6082743392bfa8ca52a399ac74558b25f1493f557d7,1261c8f8af49d893371d2b61d0e8d00607eab9b57c6d5da350c4b8cbd2aff381,927442d605618e5026fb65d396f0cb9bf8b38a0b5f83ba71444169e7430f6ffc,dde449f6871576fcf6f725e379ee4eeed4711b133b722b778b21ca248dcb08d9,196.13874309031874,5.0082500000000003,36,50.856795636274086,0.27381279210684611,observed_profile_hessian,92292cd2431607e30ca5d68488cf94ed7507c2188e0a7568c79d3f71d2c7e535,acbaba230597f7ebe53c6e7fa02212c820fbd8c13a8cd5d4eb550679a48de773,36,9.9999999999999995e-07,"[{""attempt"": 0, ""tolerance"": 2e-07, ""free_valid"": true, ""nll"": 24.17293443786176, ""score"": 1.9697354858294602e-11}]",1,24.172934437861759,1.9697354858294602e-11,62769.352334627532
calibration,functional,pole,200,94,24,mc,61457.033807566186,2560.7097419819243,30072.973883164032,2397.9667936615633,-13.087779200011532,,,,True,False,,False,,,61296,61197,46345,14852,99,859c7fddb38f2e5ebccf248a6ee6980140b031fd196ec0008a45a6f405fc4e7c,ef98d0a1810d673f176adffbb1c21f93ee35e1893f8d8d305807f6ac38392c1e,f95b4dca8324454fda04d4271e1b80affa63f96e7493c6cc0d2b489f44551c30,2d450c1dcaf42c4405a467f5f93ebe0ede686eba5e633ce52593d1087b902be9,8898463a96ff48e68a6c86a1af2718d3d5fb1c4e3e65239f73663ee1744cb0a4,200,5.0082500000000003,36,50.856795636274086,0.27381279210684611,observed_profile_hessian,85ce56c1dde2c42463ab8ef7077a34ddee64aa1cf8ab2a9039ac83c1cf5c5936,cbeee0cfd573ade91a3b46d2eeee221c24a29ade701256b4a7a3a09adddb4b48,36,9.9999999999999995e-07,"[{""attempt"": 0, ""tolerance"": 2e-07, ""free_valid"": true, ""nll"": 119.6595824430932, ""score"": 1.4073631149358334e-11}]",1,119.6595824430932,1.4073631149358334e-11,56483.132831114111
calibration,functional,logshift,200,94,24,mc,61457.033807566186,2560.7097419819243,47789.34727268554,2552.4915011871544,-5.3546452666047486,,,,True,False,,False,,,61296,61197,48563,12634,99,859c7fddb38f2e5ebccf248a6ee6980140b031fd196ec0008a45a6f405fc4e7c,ef98d0a1810d673f176adffbb1c21f93ee35e1893f8d8d305807f6ac38392c1e,f95b4dca8324454fda04d4271e1b80affa63f96e7493c6cc0d2b489f44551c30,927442d605618e5026fb65d396f0cb9bf8b38a0b5f83ba71444169e7430f6ffc,dde449f6871576fcf6f725e379ee4eeed4711b133b722b778b21ca248dcb08d9,196.13874309031874,5.0082500000000003,36,50.856795636274086,0.27381279210684611,observed_profile_hessian,fbf23386bcc2f42f8f408e44f92f168e0fd8aaebb38899b876c5f76a25930b44,86a4a36bf9a880cc0937458f2e6db5bbff11cf120e24c97e3b13f1f3277b4b30,36,9.9999999999999995e-07,"[{""attempt"": 0, ""tolerance"": 2e-07, ""free_valid"": true, ""nll"": 24.832464372794547, ""score"": 7.708189642130492e-11}]",1,24.832464372794547,7.7081896421304918e-11,62823.093015032129
calibration,functional,pole,200,95,0,mc,0,2560.7097419819243,-2208.1593515298587,2378.7961082619754,-0.92826759883309651,,,,True,False,,False,,,0,0,0,0,0,65d7ac8c1a5e7973bb28bc90d5526e3d514bf44b8d84ee0d637591ab4a37299e,d3bb56f8ed6d718b0d014fd9eec6c619f30907068e2667d838febcc69349baac,65d7ac8c1a5e7973bb28bc90d5526e3d514bf44b8d84ee0d637591ab4a37299e,2d450c1dcaf42c4405a467f5f93ebe0ede686eba5e633ce52593d1087b902be9,8898463a96ff48e68a6c86a1af2718d3d5fb1c4e3e65239f73663ee1744cb0a4,200,5.0082500000000003,36,50.856795636274086,0.27381279210684611,observed_profile_hessian,69dc2f6b92fcce452c32b2f1bf866f8a0634fddd30b39570b4521f2901650bcc,9f6a447513ff8af6c42458910282ac0bc8f3d1b11f0f09e4d45e1c14d73164c8,36,9.9999999999999995e-07,"[{""attempt"": 0, ""tolerance"": 2e-07, ""free_valid"": true, ""nll"": 15.878317859777386, ""score"": 1.0213849710449807e-08}]",1,15.878317859777386,1.0213849710449807e-08,56157.855011486863
calibration,functional,logshift,200,95,0,mc,0,2560.7097419819243,-68.63104583229763,2533.3924247579753,-0.027090570399433564,,,,True,False,,False,,,0,0,0,0,0,65d7ac8c1a5e7973bb28bc90d5526e3d514bf44b8d84ee0d637591ab4a37299e,d3bb56f8ed6d718b0d014fd9eec6c619f30907068e2667d838febcc69349baac,65d7ac8c1a5e7973bb28bc90d5526e3d514bf44b8d84ee0d637591ab4a37299e,927442d605618e5026fb65d396f0cb9bf8b38a0b5f83ba71444169e7430f6ffc,dde449f6871576fcf6f725e379ee4eeed4711b133b722b778b21ca248dcb08d9,196.13874309031874,5.0082500000000003,36,50.856795636274086,0.27381279210684611,observed_profile_hessian,cf69b73f1a9f486b537240c540f887aa4897638cd8dad525d06bf42ee56fd36a,3710aad44cf2f8178b7c8e9c622a0b77fd8cc0193b50deb93f604ebfb6e1ae41,36,9.9999999999999995e-07,"[{""attempt"": 0, ""tolerance"": 2e-07, ""free_valid"": true, ""nll"": 18.47559667021315, ""score"": 7.117877842688358e-09}]",1,18.47559667021315,7.1178778426883582e-09,62437.578699497215
calibration,functional,pole,200,95,1,mc,2560.7097419819243,2560.7097419819243,-1201.2086470780728,2379.5701477539087,-1.5809235094880039,,,,True,False,,False,,,2603,2598,1958,640,5,65d7ac8c1a5e7973bb28bc90d5526e3d514bf44b8d84ee0d637591ab4a37299e,1c378abfb4076bf315abe51b7529bc223d24af107939e6d75a42471938673495,d02d47027b0d1cd4064dc4513d57f04d47cd37180721f14beee5fc14f2953b3d,2d450c1dcaf42c4405a467f5f93ebe0ede686eba5e633ce52593d1087b902be9,8898463a96ff48e68a6c86a1af2718d3d5fb1c4e3e65239f73663ee1744cb0a4,200,5.0082500000000003,36,50.856795636274086,0.27381279210684611,observed_profile_hessian,038694890422975e102018f024a01318a7ba59023ace00afa5c52e05c2cf21ff,0fa83b96d7dd51a7769e57f5ee820bf3a4b1e113b1ea72596c15954024899462,36,9.9999999999999995e-07,"[{""attempt"": 0, ""tolerance"": 2e-07, ""free_valid"": true, ""nll"": 16.919706414661484, ""score"": 1.0868885236270387e-09}]",1,16.919706414661484,1.0868885236270387e-09,56171.304232551163
calibration,functional,logshift,200,95,1,mc,2560.7097419819243,2560.7097419819243,1832.5737995475311,2534.1842044204568,-0.28732557845017065,,,,True,False,,False,,,2603,2598,2062,536,5,65d7ac8c1a5e7973bb28bc90d5526e3d514bf44b8d84ee0d637591ab4a37299e,1c378abfb4076bf315abe51b7529bc223d24af107939e6d75a42471938673495,d02d47027b0d1cd4064dc4513d57f04d47cd37180721f14beee5fc14f2953b3d,927442d605618e5026fb65d396f0cb9bf8b38a0b5f83ba71444169e7430f6ffc,dde449f6871576fcf6f725e379ee4eeed4711b133b722b778b21ca248dcb08d9,196.13874309031874,5.0082500000000003,36,50.856795636274086,0.27381279210684611,observed_profile_hessian,a2f710f70f98f4d5368aeef1c8a2d7d11d065cad6ccaaa3960aa6e85fb09eddf,54b8d4b758023e3c6576e6af15c51dfcce1e98115d17de23964cbfa111eae81c,36,9.9999999999999995e-07,"[{""attempt"": 0, ""tolerance"": 2e-07, ""free_valid"": true, ""nll"": 18.814003561305267, ""score"": 3.264610803910273e-10}]",1,18.814003561305267,3.2646108039102728e-10,62450.941456302804
calibration,functional,pole,200,95,2,mc,5121.4194839638485,2560.7097419819243,-22.318407814079169,2380.3596374287581,-2.1609078774895312,,,,True,False,,False,,,5165,5154,3875,1279,11,65d7ac8c1a5e7973bb28bc90d5526e3d514bf44b8d84ee0d637591ab4a37299e,6826cf01513e3faabb85366a7bf5b36be0c4415c8dcdc73440d7de21025b01dc,0141976a9e67b4b0501fbc98c887cabf52022f265073cac921bda8a33ad21cdb,2d450c1dcaf42c4405a467f5f93ebe0ede686eba5e633ce52593d1087b902be9,8898463a96ff48e68a6c86a1af2718d3d5fb1c4e3e65239f73663ee1744cb0a4,200,5.0082500000000003,36,50.856795636274086,0.27381279210684611,observed_profile_hessian,8ca685efed2acb2db6dc6b6db068443a4e7cc693f32ad7203577796827de1758,66bd02ed5a11a49c3ea3e589f76606ae26f4ca4b7597376f611f66857cbc962b,36,9.9999999999999995e-07,"[{""attempt"": 0, ""tolerance"": 2e-07, ""free_valid"": true, ""nll"": 17.94101203360741, ""score"": 5.19198573023516e-12}]",1,17.941012033607411,5.1919857302351602e-12,56184.577544542968
calibration,functional,logshift,200,95,2,mc,5121.4194839638485,2560.7097419819243,3738.6945706851516,2534.9943039588084,-0.54545484032029012,,,,True,False,,False,,,5165,5154,4070,1084,11,65d7ac8c1a5e7973bb28bc90d5526e3d514bf44b8d84ee0d637591ab4a37299e,6826cf01513e3faabb85366a7bf5b36be0c4415c8dcdc73440d7de21025b01dc,0141976a9e67b4b0501fbc98c887cabf52022f265073cac921bda8a33ad21cdb,927442d605618e5026fb65d396f0cb9bf8b38a0b5f83ba71444169e7430f6ffc,dde449f6871576fcf6f725e379ee4eeed4711b133b722b778b21ca248dcb08d9,196.13874309031874,5.0082500000000003,36,50.856795636274086,0.27381279210684611,observed_profile_hessian,37951f2df57133f7de9676e5df345ce4b95992f0b9a5c74309bfb9035f402d5f,591ab450b99578fb8b35ae21f284a283715b28b5141047d314ce38b1fef5cc3f,36,9.9999999999999995e-07,"[{""attempt"": 0, ""tolerance"": 2e-07, ""free_valid"": true, ""nll"": 18.78925799377458, ""score"": 2.1084933798931615e-10}]",1,18.78925799377458,2.1084933798931615e-10,62465.506402999505
calibration,functional,pole,200,95,3,mc,7682.1292259457732,2560.7097419819243,1016.0825787357606,2381.1012957485159,-2.7995644952662522,,,,True,False,,False,,,7654,7643,5713,1930,11,65d7ac8c1a5e7973bb28bc90d5526e3d514bf44b8d84ee0d637591ab4a37299e,cd46d774d6d7eb0c8936353c10ce5cf3fc61cc7f7b8a020686e778ad21aab7e6,c29438b5aa8389fbd4c4271802c12df2640c9d80453c55bd77c994cf0e7c4020,2d450c1dcaf42c4405a467f5f93ebe0ede686eba5e633ce52593d1087b902be9,8898463a96ff48e68a6c86a1af2718d3d5fb1c4e3e65239f73663ee1744cb0a4,200,5.0082500000000003,36,50.856795636274086,0.27381279210684611,observed_profile_hessian,091de9e62a2fa47cfd0488d0dcd9d99337bd0ad2b08738dd21f52475bdc6a900,2d0c35ebf2221153b1590531ecf720fca613e90d03295e3ad9c64ea01bb14ded,36,9.9999999999999995e-07,"[{""attempt"": 0, ""tolerance"": 2e-07, ""free_valid"": true, ""nll"": 19.229648455984368, ""score"": 8.403898410502819e-11}]",1,19.229648455984368,8.4038984105028192e-11,56197.669219171665
calibration,functional,logshift,200,95,3,mc,7682.1292259457732,2560.7097419819243,5372.9077960683753,2535.7571114745756,-0.91066349352937659,,,,True,False,,False,,,7654,7643,5998,1645,11,65d7ac8c1a5e7973bb28bc90d5526e3d514bf44b8d84ee0d637591ab4a37299e,cd46d774d6d7eb0c8936353c10ce5cf3fc61cc7f7b8a020686e778ad21aab7e6,c29438b5aa8389fbd4c4271802c12df2640c9d80453c55bd77c994cf0e7c4020,927442d605618e5026fb65d396f0cb9bf8b38a0b5f83ba71444169e7430f6ffc,dde449f6871576fcf6f725e379ee4eeed4711b133b722b778b21ca248dcb08d9,196.13874309031874,5.0082500000000003,36,50.856795636274086,0.27381279210684611,observed_profile_hessian,2e877490481f8f7e464ba9474c8231061a335d614bb33546c5f9a9f7de16113b,613999673e15657314ffe4361aadccb7b27c4c38d63dc5e7be8e6a10346bba9a,36,9.9999999999999995e-07,"[{""attempt"": 0, ""tolerance"": 2e-07, ""free_valid"": true, ""nll"": 18.74980800285349, ""score"": 4.1770658043560616e-09}]",1,18.749808002853491,4.1770658043560616e-09,62480.860955511758
calibration,functional,pole,200,95,4,mc,10242.838967927697,2560.7097419819243,2263.2006938324957,2381.9247588726921,-3.3500799067522911,,,,True,False,,False,,,10391,10367,7911,2456,24,65d7ac8c1a5e7973bb28bc90d5526e3d514bf44b8d84ee0d637591ab4a37299e,858e3d0fd53ce229ae28949f974abba23351b98d38669dc8d838a6d7eef960e1,69943435012d969b3e9ecad4e0e56688f925e944779e98ca9db113ca01e4954e,2d450c1dcaf42c4405a467f5f93ebe0ede686eba5e633ce52593d1087b902be9,8898463a96ff48e68a6c86a1af2718d3d5fb1c4e3e65239f73663ee1744cb0a4,200,5.0082500000000003,36,50.856795636274086,0.27381279210684611,observed_profile_hessian,d42192c222b6260c5791f636747bb31fd97d3e59751aea51e98f52f725c0deeb,d749675d4056e6f847f57de7b44d6f6d8395b5ccc35709c7b645ef1d7ecf4206,36,9.9999999999999995e-07,"[{""attempt"": 0, ""tolerance"": 2e-07, ""free_valid"": true, ""nll"": 21.84356233727486, ""score"": 4.7566488525774275e-09}]",1,21.843562337274861,4.7566488525774275e-09,56210.878483240878
calibration,functional,logshift,200,95,4,mc,10242.838967927697,2560.7097419819243,7495.9979622049532,2536.6249048023005,-1.0828723634000696,,,,True,False,,False,,,10391,10367,8279,2088,24,65d7ac8c1a5e7973bb28bc90d5526e3d514bf44b8d84ee0d637591ab4a37299e,858e3d0fd53ce229ae28949f974abba23351b98d38669dc8d838a6d7eef960e1,69943435012d969b3e9ecad4e0e56688f925e944779e98ca9db113ca01e4954e,927442d605618e5026fb65d396f0cb9bf8b38a0b5f83ba71444169e7430f6ffc,dde449f6871576fcf6f725e379ee4eeed4711b133b722b778b21ca248dcb08d9,196.13874309031874,5.0082500000000003,36,50.856795636274086,0.27381279210684611,observed_profile_hessian,78b51d4c1c5927ae0e59ac91887befaedee4d4c81973ad84c5a96d4cb0397121,f4371377f9c8a5ccd61695859993d92f60afb4875eaf3eee34c814d14c081ce3,36,9.9999999999999995e-07,"[{""attempt"": 0, ""tolerance"": 2e-07, ""free_valid"": true, ""nll"": 19.622640636766015, ""score"": 4.2922283061130884e-08}]",1,19.622640636766015,4.2922283061130884e-08,62495.124647135541
calibration,functional,pole,200,95,5,mc,12803.548709909621,2560.7097419819243,3056.780145349469,2382.60434043957,-4.0908045029255495,,,,True,False,,False,,,12764,12741,9541,3200,23,65d7ac8c1a5e7973bb28bc90d5526e3d514bf44b8d84ee0d637591ab4a37299e,b68683622a44d83eadd1c3ecc8501ee86e53e47614c050b27d037ac6332209b4,772213dfa1ec8c99a12713a5405dd55966240c77b811a7f5ba60f0e04f616182,2d450c1dcaf42c4405a467f5f93ebe0ede686eba5e633ce52593d1087b902be9,8898463a96ff48e68a6c86a1af2718d3d5fb1c4e3e65239f73663ee1744cb0a4,200,5.0082500000000003,36,50.856795636274086,0.27381279210684611,observed_profile_hessian,e9ce1c39e4ef617f97309f2ef738004d9452a6f0f2f7d72eff5367a229caf38e,b833514a0b2c23828b359836d95330990169e8c6b6cb879af42bee6dce516342,36,9.9999999999999995e-07,"[{""attempt"": 0, ""tolerance"": 2e-07, ""free_valid"": true, ""nll"": 24.143397632603854, ""score"": 1.8135812740460722e-08}]",1,24.143397632603854,1.8135812740460722e-08,56223.351932100573
calibration,functional,logshift,200,95,5,mc,12803.548709909621,2560.7097419819243,9161.8357371015445,2537.2901831236218,-1.4352764997201919,,,,True,False,,False,,,12764,12741,10024,2717,23,65d7ac8c1a5e7973bb28bc90d5526e3d514bf44b8d84ee0d637591ab4a37299e,b68683622a44d83eadd1c3ecc8501ee86e53e47614c050b27d037ac6332209b4,772213dfa1ec8c99a12713a5405dd55966240c77b811a7f5ba60f0e04f616182,927442d605618e5026fb65d396f0cb9bf8b38a0b5f83ba71444169e7430f6ffc,dde449f6871576fcf6f725e379ee4eeed4711b133b722b778b21ca248dcb08d9,196.13874309031874,5.0082500000000003,36,50.856795636274086,0.27381279210684611,observed_profile_hessian,27a104abbedbefb316bb6081211c6ed360bbbd097739253edb8e629652ca4ab8,40e90af9cf7ca2b3f583ce97472127e7d7f028b22b2db6695e681f005984276f,36,9.9999999999999995e-07,"[{""attempt"": 0, ""tolerance"": 2e-07, ""free_valid"": true, ""nll"": 20.08515154369252, ""score"": 1.3813811916563168e-07}]",1,20.085151543692518,1.3813811916563168e-07,62506.172020051694
calibration,functional,pole,200,95,6,mc,15364.258451891546,2560.7097419819243,4334.1726844929235,2383.4255949129415,-4.627828865705168,,,,True,False,,False,,,15291,15272,11577,3695,19,65d7ac8c1a5e7973bb28bc90d5526e3d514bf44b8d84ee0d637591ab4a37299e,7d0fb649c25961fa3d012cc61ab4fc6edc8982d17cbb7bc283e221ddd031f186,e12b05f8b528f94aaa929a45b561be49f1ff35bc1cc57f331d08f77c09f00cd6,2d450c1dcaf42c4405a467f5f93ebe0ede686eba5e633ce52593d1087b902be9,8898463a96ff48e68a6c86a1af2718d3d5fb1c4e3e65239f73663ee1744cb0a4,200,5.0082500000000003,36,50.856795636274086,0.27381279210684611,observed_profile_hessian,1b6628ced59ad6564dabec746c7d3cfa91399750bd2c73e6c7160a87a75c2d70,b606be0e527724e689a65c81ee80f4ca3a9ad2c2074c40e1d7321ce926e22d1e,36,9.9999999999999995e-07,"[{""attempt"": 0, ""tolerance"": 2e-07, ""free_valid"": true, ""nll"": 26.85343028065822, ""score"": 7.70942535366359e-08}]",1,26.85343028065822,7.7094253536635904e-08,56235.098709146849
calibration,functional,logshift,200,95,6,mc,15364.258451891546,2560.7097419819243,11280.500526438022,2538.1034568194204,-1.6089800888459505,,,,True,False,,False,,,15291,15272,12131,3141,19,65d7ac8c1a5e7973bb28bc90d5526e3d514bf44b8d84ee0d637591ab4a37299e,7d0fb649c25961fa3d012cc61ab4fc6edc8982d17cbb7bc283e221ddd031f186,e12b05f8b528f94aaa929a45b561be49f1ff35bc1cc57f331d08f77c09f00cd6,927442d605618e5026fb65d396f0cb9bf8b38a0b5f83ba71444169e7430f6ffc,dde449f6871576fcf6f725e379ee4eeed4711b133b722b778b21ca248dcb08d9,196.13874309031874,5.0082500000000003,36,50.856795636274086,0.27381279210684611,observed_profile_hessian,8da81b810444e1cd730a2ffcaf8c68902fa13c9d7858424c40a96d44691340a4,7774e3bde5e94c07c51b0e9b86cf5f73c005cc0885bdc49fa64b2b4564fab2c5,36,9.9999999999999995e-07,"[{""attempt"": 0, ""tolerance"": 2e-07, ""free_valid"": true, ""nll"": 20.303855547070686, ""score"": 4.4853010194856324e-14}]",1,20.303855547070686,4.4853010194856324e-14,62518.75835291473
calibration,functional,pole,200,95,8,mc,20485.677935855394,2560.7097419819243,6573.1372675470957,2384.9395687528249,-5.8334981944987776,,,,True,False,,False,,,20463,20424,15440,4984,39,65d7ac8c1a5e7973bb28bc90d5526e3d514bf44b8d84ee0d637591ab4a37299e,b7df1d4f404990d223817c930a8fa07506beb3ecb309be2029179989dacaa788,9adec8829b489a9190e5ab415c210f22b9c1b5d7c5f39c39f96e9a5d871f2548,2d450c1dcaf42c4405a467f5f93ebe0ede686eba5e633ce52593d1087b902be9,8898463a96ff48e68a6c86a1af2718d3d5fb1c4e3e65239f73663ee1744cb0a4,200,5.0082500000000003,36,50.856795636274086,0.27381279210684611,observed_profile_hessian,ff707cf1529f3922bb1f290211e0aeaf649de3acef5588780c64eb84d7b8e251,675a2090d85b04d493077253fd8fc94e3c7140bc0a0e108906e4e723b665d667,36,9.9999999999999995e-07,"[{""attempt"": 0, ""tolerance"": 2e-07, ""free_valid"": true, ""nll"": 33.7903749681408, ""score"": 5.1958437552457326e-14}]",1,33.790374968140803,5.1958437552457326e-14,56261.31270543085
calibration,functional,logshift,200,95,8,mc,20485.677935855394,2560.7097419819243,14937.103360836227,2539.7229499707159,-2.1847164766862246,,,,True,False,,False,,,20463,20424,16186,4238,39,65d7ac8c1a5e7973bb28bc90d5526e3d514bf44b8d84ee0d637591ab4a37299e,b7df1d4f404990d223817c930a8fa07506beb3ecb309be2029179989dacaa788,9adec8829b489a9190e5ab415c210f22b9c1b5d7c5f39c39f96e9a5d871f2548,927442d605618e5026fb65d396f0cb9bf8b38a0b5f83ba71444169e7430f6ffc,dde449f6871576fcf6f725e379ee4eeed4711b133b722b778b21ca248dcb08d9,196.13874309031874,5.0082500000000003,36,50.856795636274086,0.27381279210684611,observed_profile_hessian,94b8f7ead42e0f33761705cd085d1ea4b731ac642b123a43b88eb12fb5f2675d,da8f536b26dec0f6bc4caa42508a7080f9935a61a7430c49425a23b7693c6eba,36,9.9999999999999995e-07,"[{""attempt"": 0, ""tolerance"": 2e-07, ""free_valid"": true, ""nll"": 21.70911850955751, ""score"": 6.59472476627343e-14}]",1,21.709118509557509,6.5947247662734299e-14,62548.129563594746
calibration,functional,pole,200,95,10,mc,25607.097419819242,2560.7097419819243,8673.2668345238544,2386.5239227688271,-7.0956047931205664,,,,True,False,,False,,,25590,25548,19298,6250,42,65d7ac8c1a5e7973bb28bc90d5526e3d514bf44b8d84ee0d637591ab4a37299e,854fc1c43dae57190f6fbe95f49ab4e73bf430486a1ce5373661ecad22f404c4,a77f64a0042db83743398dde067cea2899a8d565afec2c0aed67d0bc0e181a1c,2d450c1dcaf42c4405a467f5f93ebe0ede686eba5e633ce52593d1087b902be9,8898463a96ff48e68a6c86a1af2718d3d5fb1c4e3e65239f73663ee1744cb0a4,200,5.0082500000000003,36,50.856795636274086,0.27381279210684611,observed_profile_hessian,3390e1728758a181b833d070e35eeb493e7bd2d865609c19da7d2d8015cca982,8e3d49789a863c2666d09e780a4ae1f4ea85ef6e6d5a856495c736f47f052e49,36,9.9999999999999995e-07,"[{""attempt"": 0, ""tolerance"": 2e-07, ""free_valid"": true, ""nll"": 39.47837958734841, ""score"": 2.098321516541546e-14}]",1,39.478379587348407,2.0983215165415459e-14,56288.141547920466
calibration,functional,logshift,200,95,10,mc,25607.097419819242,2560.7097419819243,18552.060708068937,2541.2773386147846,-2.7761773988807961,,,,True,False,,False,,,25590,25548,20370,5178,42,65d7ac8c1a5e7973bb28bc90d5526e3d514bf44b8d84ee0d637591ab4a37299e,854fc1c43dae57190f6fbe95f49ab4e73bf430486a1ce5373661ecad22f404c4,a77f64a0042db83743398dde067cea2899a8d565afec2c0aed67d0bc0e181a1c,927442d605618e5026fb65d396f0cb9bf8b38a0b5f83ba71444169e7430f6ffc,dde449f6871576fcf6f725e379ee4eeed4711b133b722b778b21ca248dcb08d9,196.13874309031874,5.0082500000000003,36,50.856795636274086,0.27381279210684611,observed_profile_hessian,a61d442333b826a2fa3974060b598f3343c266cb8a7d32476edb702d0b3a6a89,8479eede217b82c7c0fcfe827a69eab6fcbcfaf73c4991685d372aa84f73fb9e,36,9.9999999999999995e-07,"[{""attempt"": 0, ""tolerance"": 2e-07, ""free_valid"": true, ""nll"": 20.495010921565008, ""score"": 6.061817714453355e-14}]",1,20.495010921565008,6.0618177144533547e-14,62577.425948278535
calibration,functional,pole,200,95,12,mc,30728.516903783093,2560.7097419819243,10654.740257479483,2388.0076657858713,-8.4060771386583948,,,,True,False,,False,,,30875,30826,23299,7527,49,65d7ac8c1a5e7973bb28bc90d5526e3d514bf44b8d84ee0d637591ab4a37299e,6bf5758fdaace492c62a30e54b76276dbfef60cb834799ed5298c5f010bdf8a5,9754128ab906ffa512d4d5e0205767f877f8d1fe912b3bc243a6764324474450,2d450c1dcaf42c4405a467f5f93ebe0ede686eba5e633ce52593d1087b902be9,8898463a96ff48e68a6c86a1af2718d3d5fb1c4e3e65239f73663ee1744cb0a4,200,5.0082500000000003,36,50.856795636274086,0.27381279210684611,observed_profile_hessian,195ce6125058f352ab5dd314fc3ca3ce96e834c2b3cde36c4730a066d4130b66,cff61e58175825fe8e0e04e654650346432f1806e9d6c37513b70da329b2167e,36,9.9999999999999995e-07,"[{""attempt"": 0, ""tolerance"": 2e-07, ""free_valid"": true, ""nll"": 51.66898080043502, ""score"": 6.461498003318411e-14}]",1,51.668980800435023,6.4614980033184111e-14,56315.078991301139
calibration,functional,logshift,200,95,12,mc,30728.516903783093,2560.7097419819243,22433.898712838578,2542.8670792851694,-3.2619157558468341,,,,True,False,,False,,,30875,30826,24453,6373,49,65d7ac8c1a5e7973bb28bc90d5526e3d514bf44b8d84ee0d637591ab4a37299e,6bf5758fdaace492c62a30e54b76276dbfef60cb834799ed5298c5f010bdf8a5,9754128ab906ffa512d4d5e0205767f877f8d1fe912b3bc243a6764324474450,927442d605618e5026fb65d396f0cb9bf8b38a0b5f83ba71444169e7430f6ffc,dde449f6871576fcf6f725e379ee4eeed4711b133b722b778b21ca248dcb08d9,196.13874309031874,5.0082500000000003,36,50.856795636274086,0.27381279210684611,observed_profile_hessian,01ce0fbe610966dced00652248794ccb8f3082a6712f5061677b6fb02ded7067,5f916e90765013eb8de949c94ec8d6dd851e36cbb38db7ef94e85e70cbef52a6,36,9.9999999999999995e-07,"[{""attempt"": 0, ""tolerance"": 2e-07, ""free_valid"": true, ""nll"": 23.92193498306049, ""score"": 1.1191048088221578e-13}]",1,23.921934983060488,1.1191048088221578e-13,62603.023141143545
calibration,functional,pole,200,95,16,mc,40971.355871710788,2560.7097419819243,14993.756354727535,2390.9448715248491,-10.864993093887513,,,,True,False,,False,,,40853,40793,30902,9891,60,65d7ac8c1a5e7973bb28bc90d5526e3d514bf44b8d84ee0d637591ab4a37299e,b21febc5b4268519006069fba3019f371a21937604ff1e55433a5cc1561b5479,88106069bf54c676d3dde1ee3fe2a3c5885de28c9c627a1d0e0fdb9bd6f0f792,2d450c1dcaf42c4405a467f5f93ebe0ede686eba5e633ce52593d1087b902be9,8898463a96ff48e68a6c86a1af2718d3d5fb1c4e3e65239f73663ee1744cb0a4,200,5.0082500000000003,36,50.856795636274086,0.27381279210684611,observed_profile_hessian,be8c54dbed40af387893649e69391cb433e16bdc7db08ab8a684b340e87870c3,63551b8e2563138626d6781476ee6ab5fa2147ae5490a89de7521c5a059b42f7,36,9.9999999999999995e-07,"[{""attempt"": 0, ""tolerance"": 2e-07, ""free_valid"": true, ""nll"": 72.44976808297285, ""score"": 7.061018436615996e-14}]",1,72.449768082972852,7.0610184366159956e-14,56368.297337882126
calibration,functional,logshift,200,95,16,mc,40971.355871710788,2560.7097419819243,29759.191341752012,2546.0511460509761,-4.4037467775732937,,,,True,False,,False,,,40853,40793,32218,8575,60,65d7ac8c1a5e7973bb28bc90d5526e3d514bf44b8d84ee0d637591ab4a37299e,b21febc5b4268519006069fba3019f371a21937604ff1e55433a5cc1561b5479,88106069bf54c676d3dde1ee3fe2a3c5885de28c9c627a1d0e0fdb9bd6f0f792,927442d605618e5026fb65d396f0cb9bf8b38a0b5f83ba71444169e7430f6ffc,dde449f6871576fcf6f725e379ee4eeed4711b133b722b778b21ca248dcb08d9,196.13874309031874,5.0082500000000003,36,50.856795636274086,0.27381279210684611,observed_profile_hessian,7cad98a7d90bcab462ee019da13689c0c4836f10ebdbac83faf972cc996c5598,7da47b701250bfd749d377c48f5ddb510e4090983612df4a419d24a83278e29d,36,9.9999999999999995e-07,"[{""attempt"": 0, ""tolerance"": 2e-07, ""free_valid"": true, ""nll"": 25.18293706458511, ""score"": 9.210410212290299e-13}]",1,25.182937064585111,9.2104102122902987e-13,62659.723219386797
calibration,functional,pole,200,95,20,mc,51214.194839638483,2560.7097419819243,19504.045301816943,2394.2054439764547,-13.244539902622236,,,,True,False,,False,,,51230,51137,38773,12364,93,65d7ac8c1a5e7973bb28bc90d5526e3d514bf44b8d84ee0d637591ab4a37299e,477afee63b71b6b97c0876499da593048a4c16f1c16f5981d61d9e9040ed8158,04fc66679badd611781d9845d6028d06fdf42d833818ab7f1ffa4debd05302fa,2d450c1dcaf42c4405a467f5f93ebe0ede686eba5e633ce52593d1087b902be9,8898463a96ff48e68a6c86a1af2718d3d5fb1c4e3e65239f73663ee1744cb0a4,200,5.0082500000000003,36,50.856795636274086,0.27381279210684611,observed_profile_hessian,d541ceb7cf7f2261170e5a16e3ddd0499afdaa64b5a415470f4b53c13e66093e,d02b3aff1c15b30fbd2fbfe863fc722257b13b4eb8eb55a8b921fb21c8fdad7d,36,9.9999999999999995e-07,"[{""attempt"": 0, ""tolerance"": 2e-07, ""free_valid"": true, ""nll"": 100.23617573371592, ""score"": 8.1556983388964e-13}]",1,100.23617573371592,8.1556983388963999e-13,56420.652114068551
calibration,functional,logshift,200,95,20,mc,51214.194839638483,2560.7097419819243,37399.603670296172,2549.1889413968065,-5.4192103790363699,,,,True,False,,False,,,51230,51137,40673,10464,93,65d7ac8c1a5e7973bb28bc90d5526e3d514bf44b8d84ee0d637591ab4a37299e,477afee63b71b6b97c0876499da593048a4c16f1c16f5981d61d9e9040ed8158,04fc66679badd611781d9845d6028d06fdf42d833818ab7f1ffa4debd05302fa,927442d605618e5026fb65d396f0cb9bf8b38a0b5f83ba71444169e7430f6ffc,dde449f6871576fcf6f725e379ee4eeed4711b133b722b778b21ca248dcb08d9,196.13874309031874,5.0082500000000003,36,50.856795636274086,0.27381279210684611,observed_profile_hessian,e93ff42e1c0a7bcea57c5f5c0e231af9442cf9e185dbe291b6f1802b1b667489,2ff707e5f2075a4658f85da380676cfec146a8642c32e36fe369ddab14c53311,36,9.9999999999999995e-07,"[{""attempt"": 0, ""tolerance"": 2e-07, ""free_valid"": true, ""nll"": 26.90491700341161, ""score"": 6.837197474851564e-12}]",1,26.904917003411612,6.837197474851564e-12,62716.728210008303
calibration,functional,pole,200,95,24,mc,61457.033807566186,2560.7097419819243,23486.890649189074,2397.0651269077939,-15.840263467250249,,,,True,False,,False,,,61006,60897,45949,14948,109,65d7ac8c1a5e7973bb28bc90d5526e3d514bf44b8d84ee0d637591ab4a37299e,36c233f5cdce6255f35efc8615f454c8c0fb811875fa3df62ebd005c52da7c84,d0781ee7dd179396e4e653d517262bc35dc851177fce5cd40a970f7872d2d11f,2d450c1dcaf42c4405a467f5f93ebe0ede686eba5e633ce52593d1087b902be9,8898463a96ff48e68a6c86a1af2718d3d5fb1c4e3e65239f73663ee1744cb0a4,200,5.0082500000000003,36,50.856795636274086,0.27381279210684611,observed_profile_hessian,82aaaae608e2d02a032f6c83aa4deb3bd92d6125c29bc6784dd116842afa1da5,1750e868f2b4b0534a32a9e39301779bb77feea3a0dbc501e2da8243f5861d36,36,9.9999999999999995e-07,"[{""attempt"": 0, ""tolerance"": 2e-07, ""free_valid"": true, ""nll"": 132.65269305837396, ""score"": 3.291811268013589e-12}]",1,132.65269305837396,3.2918112680135891e-12,56469.482729274816
calibration,functional,logshift,200,95,24,mc,61457.033807566186,2560.7097419819243,44442.553031727606,2552.1578363580443,-6.6667039684812046,,,,True,False,,False,,,61006,60897,48237,12660,109,65d7ac8c1a5e7973bb28bc90d5526e3d514bf44b8d84ee0d637591ab4a37299e,36c233f5cdce6255f35efc8615f454c8c0fb811875fa3df62ebd005c52da7c84,d0781ee7dd179396e4e653d517262bc35dc851177fce5cd40a970f7872d2d11f,927442d605618e5026fb65d396f0cb9bf8b38a0b5f83ba71444169e7430f6ffc,dde449f6871576fcf6f725e379ee4eeed4711b133b722b778b21ca248dcb08d9,196.13874309031874,5.0082500000000003,36,50.856795636274086,0.27381279210684611,observed_profile_hessian,15f74b3bdde329ba6122fca01cebbc098b2deccd5637b0db3a081c813cad7302,7073aafe539777b3989694ac3cda29fecb4ae2c6338c5bae09a3598ff69e1a98,36,9.9999999999999995e-07,"[{""attempt"": 0, ""tolerance"": 2e-07, ""free_valid"": true, ""nll"": 30.17741773478295, ""score"": 2.8627322734564586e-11}]",1,30.177417734782949,2.8627322734564586e-11,62767.170637234682
calibration,functional,pole,200,96,0,mc,0,2560.7097419819243,3403.5521572152629,2378.5396433927926,1.4309419507342638,,,,True,False,,False,,,0,0,0,0,0,b4419d7ec353ffd9f08e22167c3f36851e25f34c7183dd6848dd0a9fc5c03f2f,d3bb56f8ed6d718b0d014fd9eec6c619f30907068e2667d838febcc69349baac,b4419d7ec353ffd9f08e22167c3f36851e25f34c7183dd6848dd0a9fc5c03f2f,2d450c1dcaf42c4405a467f5f93ebe0ede686eba5e633ce52593d1087b902be9,8898463a96ff48e68a6c86a1af2718d3d5fb1c4e3e65239f73663ee1744cb0a4,200,5.0082500000000003,36,50.856795636274086,0.27381279210684611,observed_profile_hessian,ac7bdfec896adc79346484a81abd0b68ae88821158cd469502924e634f89c407,2c05bb974a32a3924fb0536353a959614a67ebea13d0be4dfec95cad77dae89a,36,9.9999999999999995e-07,"[{""attempt"": 0, ""tolerance"": 2e-07, ""free_valid"": true, ""nll"": 14.834681120816887, ""score"": 9.764187014482673e-08}]",1,14.834681120816887,9.7641870144826726e-08,56148.501166295995
calibration,functional,logshift,200,96,0,mc,0,2560.7097419819243,-56.877168088549261,2534.0305291424997,-0.022445336563406023,,,,True,False,,False,,,0,0,0,0,0,b4419d7ec353ffd9f08e22167c3f36851e25f34c7183dd6848dd0a9fc5c03f2f,d3bb56f8ed6d718b0d014fd9eec6c619f30907068e2667d838febcc69349baac,b4419d7ec353ffd9f08e22167c3f36851e25f34c7183dd6848dd0a9fc5c03f2f,927442d605618e5026fb65d396f0cb9bf8b38a0b5f83ba71444169e7430f6ffc,dde449f6871576fcf6f725e379ee4eeed4711b133b722b778b21ca248dcb08d9,196.13874309031874,5.0082500000000003,36,50.856795636274086,0.27381279210684611,observed_profile_hessian,df4aa8502996b567ccd14d67f1837232350b8ad5818896383c084778ec7e9929,316a68d5c0273903780e50c6317a8d3c81de444004b017150617389599379295,36,9.9999999999999995e-07,"[{""attempt"": 0, ""tolerance"": 2e-07, ""free_valid"": true, ""nll"": 16.142331010961946, ""score"": 5.604178232587742e-11}]",1,16.142331010961946,5.6041782325877421e-11,62492.427841679157
calibration,functional,pole,200,96,1,mc,2560.7097419819243,2560.7097419819243,4456.7901207639943,2379.2930971230594,0.79690912442638118,,,,True,False,,False,,,2501,2497,1910,587,4,b4419d7ec353ffd9f08e22167c3f36851e25f34c7183dd6848dd0a9fc5c03f2f,daeabf60766b1de9260bd23ff7be02aad8cf30e3c7cf6054b67dfae495671b2a,bdbca4c35447560f2fa6eef9a1be03b92a2bf2bd8e9e05dffd4f56df0aa4e1f3,2d450c1dcaf42c4405a467f5f93ebe0ede686eba5e633ce52593d1087b902be9,8898463a96ff48e68a6c86a1af2718d3d5fb1c4e3e65239f73663ee1744cb0a4,200,5.0082500000000003,36,50.856795636274086,0.27381279210684611,observed_profile_hessian,603678bc71d800b216d6177f11d92d52fbdb34109ca8e8aca382befe83e54f35,823746c94f80ba59d85e44fdf20e03d436622abee852f84d78de49c9a35becbd,36,9.9999999999999995e-07,"[{""attempt"": 0, ""tolerance"": 2e-07, ""free_valid"": true, ""nll"": 14.496575455991271, ""score"": 5.895284260759581e-14}]",1,14.496575455991271,5.8952842607595812e-14,56161.026057134033
calibration,functional,logshift,200,96,1,mc,2560.7097419819243,2560.7097419819243,1851.5511507237729,2534.8151864878923,-0.2797673751673882,,,,True,False,,False,,,2501,2497,2009,488,4,b4419d7ec353ffd9f08e22167c3f36851e25f34c7183dd6848dd0a9fc5c03f2f,daeabf60766b1de9260bd23ff7be02aad8cf30e3c7cf6054b67dfae495671b2a,bdbca4c35447560f2fa6eef9a1be03b92a2bf2bd8e9e05dffd4f56df0aa4e1f3,927442d605618e5026fb65d396f0cb9bf8b38a0b5f83ba71444169e7430f6ffc,dde449f6871576fcf6f725e379ee4eeed4711b133b722b778b21ca248dcb08d9,196.13874309031874,5.0082500000000003,36,50.856795636274086,0.27381279210684611,observed_profile_hessian,a7d59a7c558dc546cd56a34687dae32019fd6a5ca9925d4096129243f4b1438e,35726d04798648af83e4026660886abb945931de5e557a103b9126c5be263220,36,9.9999999999999995e-07,"[{""attempt"": 0, ""tolerance"": 2e-07, ""free_valid"": true, ""nll"": 16.09547545436062, ""score"": 2.907812879371363e-10}]",1,16.095475454360621,2.9078128793713631e-10,62505.014876140056
calibration,functional,pole,200,96,2,mc,5121.4194839638485,2560.7097419819243,5570.0314826301474,2380.079661937868,0.18848612751937791,,,,True,False,,False,,,5156,5149,3886,1263,7,b4419d7ec353ffd9f08e22167c3f36851e25f34c7183dd6848dd0a9fc5c03f2f,1b7599221ca38b27299ecfaf3844eb7b16fed0fc03077881614d56d2fd9c42b2,1ed638490c184ff5a71bec0662b8792b68638c9cefac77f59e09f8ec1cb0c0d2,2d450c1dcaf42c4405a467f5f93ebe0ede686eba5e633ce52593d1087b902be9,8898463a96ff48e68a6c86a1af2718d3d5fb1c4e3e65239f73663ee1744cb0a4,200,5.0082500000000003,36,50.856795636274086,0.27381279210684611,observed_profile_hessian,9799d7b6000a8f1622b9ac5ebbb38a6cf91421a5d460e52311412a38818cf35c,83e606f59e4373e58cb11ce4bab8544e784d4dbbc3cdf65485747d09b3a2ca57,36,9.9999999999999995e-07,"[{""attempt"": 0, ""tolerance"": 2e-07, ""free_valid"": true, ""nll"": 14.575772080032682, ""score"": 6.317169010117141e-14}]",1,14.575772080032682,6.3171690101171407e-14,56174.173133490018
calibration,functional,logshift,200,96,2,mc,5121.4194839638485,2560.7097419819243,3805.5570273107724,2535.6087901573442,-0.51895326351642035,,,,True,False,,False,,,5156,5149,4079,1070,7,b4419d7ec353ffd9f08e22167c3f36851e25f34c7183dd6848dd0a9fc5c03f2f,1b7599221ca38b27299ecfaf3844eb7b16fed0fc03077881614d56d2fd9c42b2,1ed638490c184ff5a71bec0662b8792b68638c9cefac77f59e09f8ec1cb0c0d2,927442d605618e5026fb65d396f0cb9bf8b38a0b5f83ba71444169e7430f6ffc,dde449f6871576fcf6f725e379ee4eeed4711b133b722b778b21ca248dcb08d9,196.13874309031874,5.0082500000000003,36,50.856795636274086,0.27381279210684611,observed_profile_hessian,d32785e52c15f9ea7d59523d73520d3e9875a052ab4c855b503ddfc5e85f23cf,37725e580775c628e95fb3e97164c0fdbdcb11852fbe2a64100ff204131d90d0,36,9.9999999999999995e-07,"[{""attempt"": 0, ""tolerance"": 2e-07, ""free_valid"": true, ""nll"": 16.017327293123788, ""score"": 8.959299246935615e-09}]",1,16.017327293123788,8.9592992469356147e-09,62518.592147915377
calibration,functional,pole,200,96,3,mc,7682.1292259457732,2560.7097419819243,6500.2566247132499,2380.8405385269971,-0.49640981078209312,,,,True,False,,False,,,7567,7560,5783,1777,7,b4419d7ec353ffd9f08e22167c3f36851e25f34c7183dd6848dd0a9fc5c03f2f,f11be24c40d629a4b920f2f958ab6ae1abea36979be746c85d578e0fd364aa60,204a1e3e2bc7734d96664d460626561ee0d44cfea4907c9fbeef4838f003f74d,2d450c1dcaf42c4405a467f5f93ebe0ede686eba5e633ce52593d1087b902be9,8898463a96ff48e68a6c86a1af2718d3d5fb1c4e3e65239f73663ee1744cb0a4,200,5.0082500000000003,36,50.856795636274086,0.27381279210684611,observed_profile_hessian,9472fd3c3536409cfc1fd0bec2ce88fb568e125848ebc2e215ec62b6d8281ed2,7a2d7eb9ced3e9669d82db7e6c5dca3a2465240de77006c25d5d964ae80c00ba,36,9.9999999999999995e-07,"[{""attempt"": 0, ""tolerance"": 2e-07, ""free_valid"": true, ""nll"": 15.052325431911113, ""score"": 5.262457136723242e-14}]",1,15.052325431911113,5.262457136723242e-14,56188.812226732807
calibration,functional,logshift,200,96,3,mc,7682.1292259457732,2560.7097419819243,5488.4995129920053,2536.3902068084303,-0.86486286970569803,,,,True,False,,False,,,7567,7560,6053,1507,7,b4419d7ec353ffd9f08e22167c3f36851e25f34c7183dd6848dd0a9fc5c03f2f,f11be24c40d629a4b920f2f958ab6ae1abea36979be746c85d578e0fd364aa60,204a1e3e2bc7734d96664d460626561ee0d44cfea4907c9fbeef4838f003f74d,927442d605618e5026fb65d396f0cb9bf8b38a0b5f83ba71444169e7430f6ffc,dde449f6871576fcf6f725e379ee4eeed4711b133b722b778b21ca248dcb08d9,196.13874309031874,5.0082500000000003,36,50.856795636274086,0.27381279210684611,observed_profile_hessian,30ece75c9c22da9e1445598b1ec82faedf8e236fb0ec8724ac044175c7802fcf,1d9f125e36975406e56da497640afa02fe06c8b8b6f15ead28b19e6267687741,36,9.9999999999999995e-07,"[{""attempt"": 0, ""tolerance"": 2e-07, ""free_valid"": true, ""nll"": 16.321427601109075, ""score"": 4.878875342617661e-08}]",1,16.321427601109075,4.8788753426176612e-08,62534.183315469447
calibration,functional,pole,200,96,4,mc,10242.838967927697,2560.7097419819243,7751.9128749260808,2381.5749183978082,-1.0459154880071433,,,,True,False,,False,,,10103,10093,7641,2452,10,b4419d7ec353ffd9f08e22167c3f36851e25f34c7183dd6848dd0a9fc5c03f2f,e8ec287aef8f372c623a271577c0e28cf0430b511568abc6a93e8f4a0fbae3d6,6f9f0177e8e63aebc51f72b1b33f6311a1c82ebed0bb502e71e8cc6d5c0ceee6,2d450c1dcaf42c4405a467f5f93ebe0ede686eba5e633ce52593d1087b902be9,8898463a96ff48e68a6c86a1af2718d3d5fb1c4e3e65239f73663ee1744cb0a4,200,5.0082500000000003,36,50.856795636274086,0.27381279210684611,observed_profile_hessian,5a7939d362b477c22cb35989eca6172f6976eb66f65b4288223d745c64f634a8,87cf044a97519680db92ece8019ef93748145f1e8db1ff27fac2cb3c30192a62,36,9.9999999999999995e-07,"[{""attempt"": 0, ""tolerance"": 2e-07, ""free_valid"": true, ""nll"": 14.852858084261092, ""score"": 2.541022947610827e-14}]",1,14.852858084261092,2.541022947610827e-14,56199.324396967502
calibration,functional,logshift,200,96,4,mc,10242.838967927697,2560.7097419819243,7373.6352854005163,2537.1428021434017,-1.1308798543397915,,,,True,False,,False,,,10103,10093,7998,2095,10,b4419d7ec353ffd9f08e22167c3f36851e25f34c7183dd6848dd0a9fc5c03f2f,e8ec287aef8f372c623a271577c0e28cf0430b511568abc6a93e8f4a0fbae3d6,6f9f0177e8e63aebc51f72b1b33f6311a1c82ebed0bb502e71e8cc6d5c0ceee6,927442d605618e5026fb65d396f0cb9bf8b38a0b5f83ba71444169e7430f6ffc,dde449f6871576fcf6f725e379ee4eeed4711b133b722b778b21ca248dcb08d9,196.13874309031874,5.0082500000000003,36,50.856795636274086,0.27381279210684611,observed_profile_hessian,a5be3b8b92787c9c01de7b298845d12571b28ac960da8f7cd21a78375d73d54f,0b54e6c0999ea0eb5205356e0f3c65a489f866d102c5d0484de721e63901c8cf,36,9.9999999999999995e-07,"[{""attempt"": 0, ""tolerance"": 2e-07, ""free_valid"": true, ""nll"": 15.781377157179108, ""score"": 1.7360528159482413e-07}]",1,15.781377157179108,1.7360528159482413e-07,62546.581021575337
calibration,functional,pole,200,96,5,mc,12803.548709909621,2560.7097419819243,8706.561367342325,2382.3243039477557,-1.7197437543571072,,,,True,False,,False,,,12695,12680,9667,3013,15,b4419d7ec353ffd9f08e22167c3f36851e25f34c7183dd6848dd0a9fc5c03f2f,5a33a5dd300977321bfcb57328f43913e2f2dd270bb419bda526630c23eee416,e5b3c212edef8e0da18e2c3fe3a8fbe1e8e57699205efcce2a1eb553d6ad0f2a,2d450c1dcaf42c4405a467f5f93ebe0ede686eba5e633ce52593d1087b902be9,8898463a96ff48e68a6c86a1af2718d3d5fb1c4e3e65239f73663ee1744cb0a4,200,5.0082500000000003,36,50.856795636274086,0.27381279210684611,observed_profile_hessian,2474d8af1f557c9ced719dad93ad28da252e06c7d444498bbf1ffa2601825ab1,fdc6d153d49671630aa0aaf3048df092da5ad74ba29c0e993ddb81816c22807c,36,9.9999999999999995e-07,"[{""attempt"": 0, ""tolerance"": 2e-07, ""free_valid"": true, ""nll"": 16.10235014364441, ""score"": 4.1744385725905886e-14}]",1,16.102350143644411,4.1744385725905886e-14,56213.871237336025
calibration,functional,logshift,200,96,5,mc,12803.548709909621,2560.7097419819243,9292.7042828362137,2537.9807814232163,-1.3833219119589395,,,,True,False,,False,,,12695,12680,10121,2559,15,b4419d7ec353ffd9f08e22167c3f36851e25f34c7183dd6848dd0a9fc5c03f2f,5a33a5dd300977321bfcb57328f43913e2f2dd270bb419bda526630c23eee416,e5b3c212edef8e0da18e2c3fe3a8fbe1e8e57699205efcce2a1eb553d6ad0f2a,927442d605618e5026fb65d396f0cb9bf8b38a0b5f83ba71444169e7430f6ffc,dde449f6871576fcf6f725e379ee4eeed4711b133b722b778b21ca248dcb08d9,196.13874309031874,5.0082500000000003,36,50.856795636274086,0.27381279210684611,observed_profile_hessian,927a9097d9b69d438da3c5a83d83ae6dba34e1e21a90ac8c7e4c03cfee1a826c,4eeea7e207eedee77da340f2b305ca12ae2e4c5ad0c48a588defa6a9f5415717,36,9.9999999999999995e-07,"[{""attempt"": 0, ""tolerance"": 2e-07, ""free_valid"": true, ""nll"": 15.453658007515445, ""score"": 1.5765166949677223e-14}]",1,15.453658007515445,1.5765166949677223e-14,62560.56707219877
calibration,functional,pole,200,96,6,mc,15364.258451891546,2560.7097419819243,9713.0418308982808,2383.177548981394,-2.3712948384431871,,,,True,False,,False,,,15345,15316,11619,3697,29,b4419d7ec353ffd9f08e22167c3f36851e25f34c7183dd6848dd0a9fc5c03f2f,a5ff1efc32bfa5441d3363bdc5523da35e0aaca720d6f72755fcd222ac4ec83d,41b513f609f99fd9ac0dc3e8f27b8ad414ebca4456517ac72a44eebc62e9c209,2d450c1dcaf42c4405a467f5f93ebe0ede686eba5e633ce52593d1087b902be9,8898463a96ff48e68a6c86a1af2718d3d5fb1c4e3e65239f73663ee1744cb0a4,200,5.0082500000000003,36,50.856795636274086,0.27381279210684611,observed_profile_hessian,1d811bb9c1fd52d7b9af34184f4acc6d03be3f2b9d2a7578e10f51835c32e242,5202ede658d6b3033a2df6006d08899cbf4aee934568ebbe8a7d4bb7b47801ac,36,9.9999999999999995e-07,"[{""attempt"": 0, ""tolerance"": 2e-07, ""free_valid"": true, ""nll"": 17.656609699117833, ""score"": 1.532107773982716e-14}]",1,17.656609699117833,1.532107773982716e-14,56228.47582272804
calibration,functional,logshift,200,96,6,mc,15364.258451891546,2560.7097419819243,11046.731355325624,2538.7892710912138,-1.700624445568961,,,,True,False,,False,,,15345,15316,12228,3088,29,b4419d7ec353ffd9f08e22167c3f36851e25f34c7183dd6848dd0a9fc5c03f2f,a5ff1efc32bfa5441d3363bdc5523da35e0aaca720d6f72755fcd222ac4ec83d,41b513f609f99fd9ac0dc3e8f27b8ad414ebca4456517ac72a44eebc62e9c209,927442d605618e5026fb65d396f0cb9bf8b38a0b5f83ba71444169e7430f6ffc,dde449f6871576fcf6f725e379ee4eeed4711b133b722b778b21ca248dcb08d9,196.13874309031874,5.0082500000000003,36,50.856795636274086,0.27381279210684611,observed_profile_hessian,942caa9f8ec687302dda09a0dee2f2ff036274ce7ca84592eb012739bac75bf3,b7885b9741f605c3a90486afea03fa14a766d607c5761568c78fe6c0ae12ff56,36,9.9999999999999995e-07,"[{""attempt"": 0, ""tolerance"": 2e-07, ""free_valid"": true, ""nll"": 15.774594677416694, ""score"": 4.9182879990894435e-14}]",1,15.774594677416694,4.9182879990894435e-14,62576.831399715273
calibration,functional,pole,200,96,8,mc,20485.677935855394,2560.7097419819243,12043.463660231257,2384.5641621187756,-3.5403594542505035,,,,True,False,,False,,,20278,20245,15328,4917,33,b4419d7ec353ffd9f08e22167c3f36851e25f34c7183dd6848dd0a9fc5c03f2f,42380ef36f608ddc71308f3849df0618edc0b9a024085d8b13b2dc5fa3e66356,bb051652fc009025762f28e6094b7d00d601ba22feab498b569ddd5ed2265120,2d450c1dcaf42c4405a467f5f93ebe0ede686eba5e633ce52593d1087b902be9,8898463a96ff48e68a6c86a1af2718d3d5fb1c4e3e65239f73663ee1744cb0a4,200,5.0082500000000003,36,50.856795636274086,0.27381279210684611,observed_profile_hessian,653b208272e2878d7799909bee9e72a0d6dc6e974d399eba7aa06026b275bc5e,1229e32562d4cb28cea996fc5152f272b008306e78d4ee8076f44c4879da28ff,36,9.9999999999999995e-07,"[{""attempt"": 0, ""tolerance"": 2e-07, ""free_valid"": true, ""nll"": 21.05883095856726, ""score"": 1.6764367671839864e-14}]",1,21.05883095856726,1.6764367671839864e-14,56249.917354882411
calibration,functional,logshift,200,96,8,mc,20485.677935855394,2560.7097419819243,14807.553211244764,2540.3085157895171,-2.2352106798515745,,,,True,False,,False,,,20278,20245,16066,4179,33,b4419d7ec353ffd9f08e22167c3f36851e25f34c7183dd6848dd0a9fc5c03f2f,42380ef36f608ddc71308f3849df0618edc0b9a024085d8b13b2dc5fa3e66356,bb051652fc009025762f28e6094b7d00d601ba22feab498b569ddd5ed2265120,927442d605618e5026fb65d396f0cb9bf8b38a0b5f83ba71444169e7430f6ffc,dde449f6871576fcf6f725e379ee4eeed4711b133b722b778b21ca248dcb08d9,196.13874309031874,5.0082500000000003,36,50.856795636274086,0.27381279210684611,observed_profile_hessian,a65f2f10dad5c06e28cb62f5e4e0c1513f453dbdcad9ff5ef0daa0d5e8479f7a,187f85e87312f8b48e6c9db7c13b6e484d9e3c686b7c268a9b034027c12ba901,36,9.9999999999999995e-07,"[{""attempt"": 0, ""tolerance"": 2e-07, ""free_valid"": true, ""nll"": 16.069996654484395, ""score"": 3.652633751016765e-14}]",1,16.069996654484395,3.652633751016765e-14,62600.317768813169
calibration,functional,pole,200,96,10,mc,25607.097419819242,2560.7097419819243,14072.936463340367,2386.2096443133878,-4.8336746035563589,,,,True,False,,False,,,25674,25617,19333,6284,57,b4419d7ec353ffd9f08e22167c3f36851e25f34c7183dd6848dd0a9fc5c03f2f,ddb5d0a5e7c5d3aa03ad9b157bfa098a3606816c176933009d2288365294846c,e763356c4451a5445a1ec37f09a092723301ac7b5be9ae5d655117c2ed347ead,2d450c1dcaf42c4405a467f5f93ebe0ede686eba5e633ce52593d1087b902be9,8898463a96ff48e68a6c86a1af2718d3d5fb1c4e3e65239f73663ee1744cb0a4,200,5.0082500000000003,36,50.856795636274086,0.27381279210684611,observed_profile_hessian,f3d6ec490ca04e3a0b6d154c33e1bcfa9ce882b9db82059a78e1b429929995a3,c29aed55a07490f78a1028cc79d4fe5ca4b28280624264d7fe2a6e014deaa169,36,9.9999999999999995e-07,"[{""attempt"": 0, ""tolerance"": 2e-07, ""free_valid"": true, ""nll"": 26.66361982781585, ""score"": 1.3011813848606835e-13}]",1,26.66361982781585,1.3011813848606835e-13,56280.779026367913
calibration,functional,logshift,200,96,10,mc,25607.097419819242,2560.7097419819243,18486.690491370944,2542.0111132107727,-2.8010919745565661,,,,True,False,,False,,,25674,25617,20267,5350,57,b4419d7ec353ffd9f08e22167c3f36851e25f34c7183dd6848dd0a9fc5c03f2f,ddb5d0a5e7c5d3aa03ad9b157bfa098a3606816c176933009d2288365294846c,e763356c4451a5445a1ec37f09a092723301ac7b5be9ae5d655117c2ed347ead,927442d605618e5026fb65d396f0cb9bf8b38a0b5f83ba71444169e7430f6ffc,dde449f6871576fcf6f725e379ee4eeed4711b133b722b778b21ca248dcb08d9,196.13874309031874,5.0082500000000003,36,50.856795636274086,0.27381279210684611,observed_profile_hessian,466691e3a5dfe57a78bc285cb5c24cab9b37991a08d514fbfe15f63102f81351,6cc443f4ab619289b97c7022535b7552df4785062e35b8b8096393b33cc78a4f,36,9.9999999999999995e-07,"[{""attempt"": 0, ""tolerance"": 2e-07, ""free_valid"": true, ""nll"": 16.503453355220323, ""score"": 5.190292640122607e-14}]",1,16.503453355220323,5.1902926401226068e-14,62632.738079785682
calibration,functional,pole,200,96,12,mc,30728.516903783093,2560.7097419819243,16674.399687870264,2387.6949887969954,-5.8860605235821124,,,,True,False,,False,,,30573,30530,23191,7339,43,b4419d7ec353ffd9f08e22167c3f36851e25f34c7183dd6848dd0a9fc5c03f2f,c37ac790dfa9e5894d64854917ba1241129011082f2de3d0747726eaf1d351d8,1c1e183fcc6f1c63eb365197d1d7873d3b7f2fd6195886e45b1f075922c81d08,2d450c1dcaf42c4405a467f5f93ebe0ede686eba5e633ce52593d1087b902be9,8898463a96ff48e68a6c86a1af2718d3d5fb1c4e3e65239f73663ee1744cb0a4,200,5.0082500000000003,36,50.856795636274086,0.27381279210684611,observed_profile_hessian,0a3be94f6a7feeccf78a583eb6117f15d77f92ee90fedf7739ddebe5b2f8c51a,5d316fb5447b0d5b879266f8bb5431b49752132a0cef722a8396a5b942089961,36,9.9999999999999995e-07,"[{""attempt"": 0, ""tolerance"": 2e-07, ""free_valid"": true, ""nll"": 32.87713384148389, ""score"": 3.9257486150745535e-13}]",1,32.877133841483889,3.9257486150745535e-13,56303.174013952514
calibration,functional,logshift,200,96,12,mc,30728.516903783093,2560.7097419819243,22532.450376888104,2543.4862606795677,-3.2223749951396106,,,,True,False,,False,,,30573,30530,24265,6265,43,b4419d7ec353ffd9f08e22167c3f36851e25f34c7183dd6848dd0a9fc5c03f2f,c37ac790dfa9e5894d64854917ba1241129011082f2de3d0747726eaf1d351d8,1c1e183fcc6f1c63eb365197d1d7873d3b7f2fd6195886e45b1f075922c81d08,927442d605618e5026fb65d396f0cb9bf8b38a0b5f83ba71444169e7430f6ffc,dde449f6871576fcf6f725e379ee4eeed4711b133b722b778b21ca248dcb08d9,196.13874309031874,5.0082500000000003,36,50.856795636274086,0.27381279210684611,observed_profile_hessian,bf51d5fa042b18e14c0663ea221be841bbb742c264af8b5b347344941aad3d35,87f52245d43c6b7d95992690af0e4218c0ea57d41f21667baac2d93590d09022,36,9.9999999999999995e-07,"[{""attempt"": 0, ""tolerance"": 2e-07, ""free_valid"": true, ""nll"": 16.691499825069066, ""score"": 1.659783421814609e-13}]",1,16.691499825069066,1.659783421814609e-13,62657.461708898656
calibration,functional,pole,200,96,16,mc,40971.355871710788,2560.7097419819243,20782.008294949686,2390.7802070007647,-8.4446690321602809,,,,True,False,,False,,,41017,40939,30957,9982,78,b4419d7ec353ffd9f08e22167c3f36851e25f34c7183dd6848dd0a9fc5c03f2f,8c60183d9ca42e728d2862a16520b6d3abd39ad251317560b66335e867f032df,33ca8d5893ba8792126ddf265ef7c53bb28a497bd35b668c2c161f1b83fcc7ab,2d450c1dcaf42c4405a467f5f93ebe0ede686eba5e633ce52593d1087b902be9,8898463a96ff48e68a6c86a1af2718d3d5fb1c4e3e65239f73663ee1744cb0a4,200,5.0082500000000003,36,50.856795636274086,0.27381279210684611,observed_profile_hessian,ee5f9e055c66d03e0e002c25c7062d95f3d81c0a8a8a82bbdb0ea275b56e4225,b86c15d1df125f32a4fd767b468d352dee25d7e3914ccd399f1b6b6027701a95,36,9.9999999999999995e-07,"[{""attempt"": 0, ""tolerance"": 2e-07, ""free_valid"": true, ""nll"": 49.389624254842445, ""score"": 2.0112800314109336e-12}]",1,49.389624254842445,2.0112800314109336e-12,56356.642018154686
calibration,functional,logshift,200,96,16,mc,40971.355871710788,2560.7097419819243,29930.750153971112,2546.6196116240526,-4.335396486913397,,,,True,False,,False,,,41017,40939,32512,8427,78,b4419d7ec353ffd9f08e22167c3f36851e25f34c7183dd6848dd0a9fc5c03f2f,8c60183d9ca42e728d2862a16520b6d3abd39ad251317560b66335e867f032df,33ca8d5893ba8792126ddf265ef7c53bb28a497bd35b668c2c161f1b83fcc7ab,927442d605618e5026fb65d396f0cb9bf8b38a0b5f83ba71444169e7430f6ffc,dde449f6871576fcf6f725e379ee4eeed4711b133b722b778b21ca248dcb08d9,196.13874309031874,5.0082500000000003,36,50.856795636274086,0.27381279210684611,observed_profile_hessian,78439edd6bf5710857d22177ba381abe4feb8529678180d8f99a0e73131803a4,d5e99394feafeae20d855b1a62adca2e614f51950465089c4f4dae60cf545440,36,9.9999999999999995e-07,"[{""attempt"": 0, ""tolerance"": 2e-07, ""free_valid"": true, ""nll"": 16.36123233489595, ""score"": 1.8054446826454296e-12}]",1,16.361232334895949,1.8054446826454296e-12,62713.080658650986
calibration,functional,pole,200,96,20,mc,51214.194839638483,2560.7097419819243,24821.664230617222,2393.759520381474,-11.025556403767451,,,,True,False,,False,,,50971,50877,38578,12299,94,b4419d7ec353ffd9f08e22167c3f36851e25f34c7183dd6848dd0a9fc5c03f2f,795965d40fd1efe42e76020c1065c6fb95621b9e9dfa6a37f815b2a25c8505a7,bc0889cea7b1c33045bbecc234adda28609896a6fc4fe551b5aedabd9d1d5450,2d450c1dcaf42c4405a467f5f93ebe0ede686eba5e633ce52593d1087b902be9,8898463a96ff48e68a6c86a1af2718d3d5fb1c4e3e65239f73663ee1744cb0a4,200,5.0082500000000003,36,50.856795636274086,0.27381279210684611,observed_profile_hessian,1a3b18c0ec23158693953354cde99e74400b050d581ee3885a512b20f9930f47,b5336b28698a1019a94d416709dec32e93426ea0c78a59cdf5aae75886859957,36,9.9999999999999995e-07,"[{""attempt"": 0, ""tolerance"": 2e-07, ""free_valid"": true, ""nll"": 73.9697504597311, ""score"": 7.896350240343963e-12}]",1,73.969750459731102,7.8963502403439634e-12,56409.165449710919
calibration,functional,logshift,200,96,20,mc,51214.194839638483,2560.7097419819243,37161.873373502065,2549.7302974631575,-5.5112972066566064,,,,True,False,,False,,,50971,50877,40397,10480,94,b4419d7ec353ffd9f08e22167c3f36851e25f34c7183dd6848dd0a9fc5c03f2f,795965d40fd1efe42e76020c1065c6fb95621b9e9dfa6a37f815b2a25c8505a7,bc0889cea7b1c33045bbecc234adda28609896a6fc4fe551b5aedabd9d1d5450,927442d605618e5026fb65d396f0cb9bf8b38a0b5f83ba71444169e7430f6ffc,dde449f6871576fcf6f725e379ee4eeed4711b133b722b778b21ca248dcb08d9,196.13874309031874,5.0082500000000003,36,50.856795636274086,0.27381279210684611,observed_profile_hessian,2363d5f8b629005454b16fe8e1255fa18f35c9103c175f397ee374ccd8f067fc,797c88430338ad9fb56c82dc0dc1b040283b5b1c2e049d73c5be74f46321ab84,36,9.9999999999999995e-07,"[{""attempt"": 0, ""tolerance"": 2e-07, ""free_valid"": true, ""nll"": 19.241298207090964, ""score"": 1.0403011785342642e-11}]",1,19.241298207090964,1.0403011785342642e-11,62767.848750237048
calibration,functional,pole,200,96,24,mc,61457.033807566186,2560.7097419819243,29159.094866282863,2396.7863439697949,-13.475518592862256,,,,True,False,,False,,,61349,61266,46342,14924,83,b4419d7ec353ffd9f08e22167c3f36851e25f34c7183dd6848dd0a9fc5c03f2f,e2287b5ed6f84fc1b8fc01bbe644bb5d829a749c42842d65314bbdeefb9eff71,c072f525fea5c883ecce04ba1f2ab0726f4b4d8dbfea7718969aae0275be5648,2d450c1dcaf42c4405a467f5f93ebe0ede686eba5e633ce52593d1087b902be9,8898463a96ff48e68a6c86a1af2718d3d5fb1c4e3e65239f73663ee1744cb0a4,200,5.0082500000000003,36,50.856795636274086,0.27381279210684611,observed_profile_hessian,14b63d4b6c36c140a1632ee8a18cd22d12ff9c58813be4e93e1ced91e5fae21e,3364dad6e7903256bf4c50b223540344091daa2218505b19a384055f549ac07b,36,9.9999999999999995e-07,"[{""attempt"": 0, ""tolerance"": 2e-07, ""free_valid"": true, ""nll"": 98.22123153931427, ""score"": 2.5869084652185848e-11}]",1,98.221231539314275,2.5869084652185848e-11,56463.158517673291
calibration,functional,logshift,200,96,24,mc,61457.033807566186,2560.7097419819243,44477.03173882702,2552.9427490386292,-6.6511487870745967,,,,True,False,,False,,,61349,61266,48605,12661,83,b4419d7ec353ffd9f08e22167c3f36851e25f34c7183dd6848dd0a9fc5c03f2f,e2287b5ed6f84fc1b8fc01bbe644bb5d829a749c42842d65314bbdeefb9eff71,c072f525fea5c883ecce04ba1f2ab0726f4b4d8dbfea7718969aae0275be5648,927442d605618e5026fb65d396f0cb9bf8b38a0b5f83ba71444169e7430f6ffc,dde449f6871576fcf6f725e379ee4eeed4711b133b722b778b21ca248dcb08d9,196.13874309031874,5.0082500000000003,36,50.856795636274086,0.27381279210684611,observed_profile_hessian,a13ed977f8594544a8e45b8654d14bee29d513856cde804066733036ff803ace,d272af65f407366627eb4a54ba1fc6d7db429ce0bbaa3fb799ca50f394bb4f35,36,9.9999999999999995e-07,"[{""attempt"": 0, ""tolerance"": 2e-07, ""free_valid"": true, ""nll"": 18.336773459203044, ""score"": 4.4853898373276024e-11}]",1,18.336773459203044,4.4853898373276024e-11,62826.748528089396
calibration,functional,pole,200,97,0,mc,0,2560.7097419819243,4768.2082296768367,2378.1978823533491,2.0049669815358047,,,,True,False,,False,,,0,0,0,0,0,7e21c65ce5252288e27643b519afbf197b79ff0c51c9aafcd44e3997228cfbbc,d3bb56f8ed6d718b0d014fd9eec6c619f30907068e2667d838febcc69349baac,7e21c65ce5252288e27643b519afbf197b79ff0c51c9aafcd44e3997228cfbbc,2d450c1dcaf42c4405a467f5f93ebe0ede686eba5e633ce52593d1087b902be9,8898463a96ff48e68a6c86a1af2718d3d5fb1c4e3e65239f73663ee1744cb0a4,200,5.0082500000000003,36,50.856795636274086,0.27381279210684611,observed_profile_hessian,572df4f7e84ba54c0d79bfc0396c4c95265dd884a0dab3d918335ddc28749321,438a3cf253cf91b2dc15aed38c39e4055985cae8b30fbd3d00ca3f2c9d086c6e,36,9.9999999999999995e-07,"[{""attempt"": 0, ""tolerance"": 2e-07, ""free_valid"": true, ""nll"": 21.90350188155368, ""score"": 5.5289106626332796e-14}]",1,21.90350188155368,5.5289106626332796e-14,56153.845953045144
calibration,functional,logshift,200,97,0,mc,0,2560.7097419819243,3330.7049335392253,2532.1097436250661,1.315387274159318,,,,True,False,,False,,,0,0,0,0,0,7e21c65ce5252288e27643b519afbf197b79ff0c51c9aafcd44e3997228cfbbc,d3bb56f8ed6d718b0d014fd9eec6c619f30907068e2667d838febcc69349baac,7e21c65ce5252288e27643b519afbf197b79ff0c51c9aafcd44e3997228cfbbc,927442d605618e5026fb65d396f0cb9bf8b38a0b5f83ba71444169e7430f6ffc,dde449f6871576fcf6f725e379ee4eeed4711b133b722b778b21ca248dcb08d9,196.13874309031874,5.0082500000000003,36,50.856795636274086,0.27381279210684611,observed_profile_hessian,09fdc3d7835ee27da96e943ce68e8dbe1ee2320e9f1a65d771aa64791cba57d2,97bdbc36fa9a05c39bcbb1423ed6109cd1c6bfb63168e62507a4c3373403e7c0,36,9.9999999999999995e-07,"[{""attempt"": 0, ""tolerance"": 2e-07, ""free_valid"": true, ""nll"": 25.482797633791375, ""score"": 1.1042938319327789e-07}]",1,25.482797633791375,1.1042938319327789e-07,62472.580171458976
calibration,functional,pole,200,97,1,mc,2560.7097419819243,2560.7097419819243,5907.3460496973184,2378.9682643790807,1.4067595427082666,,,,True,False,,False,,,2566,2561,1926,635,5,7e21c65ce5252288e27643b519afbf197b79ff0c51c9aafcd44e3997228cfbbc,376df0a2bf747a5911ee603487eddb7fece1afae9e347f77622f0229ed393ec2,d850d374369368315c2d55b3fad47e26da4024b3488f63b679eda2fb2fa72830,2d450c1dcaf42c4405a467f5f93ebe0ede686eba5e633ce52593d1087b902be9,8898463a96ff48e68a6c86a1af2718d3d5fb1c4e3e65239f73663ee1744cb0a4,200,5.0082500000000003,36,50.856795636274086,0.27381279210684611,observed_profile_hessian,8ba229d32073f3f1cc063bd7273a1ba75ad624e7a565c5c5cf469fee986668a4,a9ff1e4d756e8bada5ac74843eabd5b4fea15f1105bf83467fe1899fde8204b5,36,9.9999999999999995e-07,"[{""attempt"": 0, ""tolerance"": 2e-07, ""free_valid"": true, ""nll"": 21.899673281382064, ""score"": 7.913808497406194e-15}]",1,21.899673281382064,7.913808497406194e-15,56166.310225409754
calibration,functional,logshift,200,97,1,mc,2560.7097419819243,2560.7097419819243,5261.2389314552229,2532.8834802342053,1.0661876910435659,,,,True,False,,False,,,2566,2561,2032,529,5,7e21c65ce5252288e27643b519afbf197b79ff0c51c9aafcd44e3997228cfbbc,376df0a2bf747a5911ee603487eddb7fece1afae9e347f77622f0229ed393ec2,d850d374369368315c2d55b3fad47e26da4024b3488f63b679eda2fb2fa72830,927442d605618e5026fb65d396f0cb9bf8b38a0b5f83ba71444169e7430f6ffc,dde449f6871576fcf6f725e379ee4eeed4711b133b722b778b21ca248dcb08d9,196.13874309031874,5.0082500000000003,36,50.856795636274086,0.27381279210684611,observed_profile_hessian,0d6025b1bba503dcc4a78e3981ad93c4bd7ac2bdb0f6fe39ee38a2455a1014e3,657df54b1a94ceb6fbde36fcd2abf4fad45397b577eaceb89a78361ab29a921d,36,9.9999999999999995e-07,"[{""attempt"": 0, ""tolerance"": 2e-07, ""free_valid"": true, ""nll"": 25.30084346299776, ""score"": 2.6201263381153694e-14}]",1,25.300843462997761,2.6201263381153694e-14,62485.739803989534
calibration,functional,pole,200,97,2,mc,5121.4194839638485,2560.7097419819243,6883.3309915759237,2379.7316959996538,0.74038241814144901,,,,True,False,,False,,,5120,5116,3866,1250,4,7e21c65ce5252288e27643b519afbf197b79ff0c51c9aafcd44e3997228cfbbc,151cf53c62b52421d9041854daec1498d4a179d2588ac72cb608156b34310ea6,9feb5ac54382176831d77674f9e4984a7407598bdbc650a20d753e2a716ed84f,2d450c1dcaf42c4405a467f5f93ebe0ede686eba5e633ce52593d1087b902be9,8898463a96ff48e68a6c86a1af2718d3d5fb1c4e3e65239f73663ee1744cb0a4,200,5.0082500000000003,36,50.856795636274086,0.27381279210684611,observed_profile_hessian,c5ce4ba5348ad74eaabac9684e9e05f7163cbd67a1ba059705558b6460bea23c,b73db09bbbcb104c5af9f22e5e1a82241fd0450ebfa3bf511dd7d56f43cce3e8,36,9.9999999999999995e-07,"[{""attempt"": 0, ""tolerance"": 2e-07, ""free_valid"": true, ""nll"": 22.316497213780927, ""score"": 5.806466418789569e-14}]",1,22.316497213780927,5.8064664187895687e-14,56179.907460410301
calibration,functional,logshift,200,97,2,mc,5121.4194839638485,2560.7097419819243,7120.835078699678,2533.7108567322493,0.78912540056543568,,,,True,False,,False,,,5120,5116,4071,1045,4,7e21c65ce5252288e27643b519afbf197b79ff0c51c9aafcd44e3997228cfbbc,151cf53c62b52421d9041854daec1498d4a179d2588ac72cb608156b34310ea6,9feb5ac54382176831d77674f9e4984a7407598bdbc650a20d753e2a716ed84f,927442d605618e5026fb65d396f0cb9bf8b38a0b5f83ba71444169e7430f6ffc,dde449f6871576fcf6f725e379ee4eeed4711b133b722b778b21ca248dcb08d9,196.13874309031874,5.0082500000000003,36,50.856795636274086,0.27381279210684611,observed_profile_hessian,2a174ed6e8eeda4e1b35224dc4e161865e8d98ba31ac857adc1c1b9892fa2453,73b62b7247ecd89881618848ccc9476363d3995796c11443e56cae5341d9c015,36,9.9999999999999995e-07,"[{""attempt"": 0, ""tolerance"": 2e-07, ""free_valid"": true, ""nll"": 24.98683939457047, ""score"": 5.651035195342047e-14}]",1,24.98683939457047,5.6510351953420468e-14,62499.340663755924
calibration,functional,pole,200,97,3,mc,7682.1292259457732,2560.7097419819243,7909.9511075223554,2380.4651516935437,0.095704774932118611,,,,True,False,,False,,,7580,7566,5684,1882,14,7e21c65ce5252288e27643b519afbf197b79ff0c51c9aafcd44e3997228cfbbc,fa9f9cc8cd289f617347542f036a7f3538a3c1ad2cba23c879d41ead06bca95b,aa1ede85ac237ea8086f1db62a2f91a63241cf05442e89348e9a4d8affc7a8f8,2d450c1dcaf42c4405a467f5f93ebe0ede686eba5e633ce52593d1087b902be9,8898463a96ff48e68a6c86a1af2718d3d5fb1c4e3e65239f73663ee1744cb0a4,200,5.0082500000000003,36,50.856795636274086,0.27381279210684611,observed_profile_hessian,97666f7606f099c3a549b40e52674d8fb7a8c94f41999ddc857db19859a8269b,b85f30eac74458b9a7aeeccd615313283506813e4fdabac6f3314324eb9527ec,36,9.9999999999999995e-07,"[{""attempt"": 0, ""tolerance"": 2e-07, ""free_valid"": true, ""nll"": 22.778813760514645, ""score"": 9.459100169806334e-14}]",1,22.778813760514645,9.4591001698063337e-14,56191.984692042606
calibration,functional,logshift,200,97,3,mc,7682.1292259457732,2560.7097419819243,8827.9570141614804,2534.4336759615758,0.45210407322297547,,,,True,False,,False,,,7580,7566,5994,1572,14,7e21c65ce5252288e27643b519afbf197b79ff0c51c9aafcd44e3997228cfbbc,fa9f9cc8cd289f617347542f036a7f3538a3c1ad2cba23c879d41ead06bca95b,aa1ede85ac237ea8086f1db62a2f91a63241cf05442e89348e9a4d8affc7a8f8,927442d605618e5026fb65d396f0cb9bf8b38a0b5f83ba71444169e7430f6ffc,dde449f6871576fcf6f725e379ee4eeed4711b133b722b778b21ca248dcb08d9,196.13874309031874,5.0082500000000003,36,50.856795636274086,0.27381279210684611,observed_profile_hessian,05e38150aae2d98ce4e7a8e31d02650613dce156dc8e2509b0b74f72a400e562,997d2729b6b7e29ec717f0230e0be376e0d78e2056c1d178a6a3ef7371ff5527,36,9.9999999999999995e-07,"[{""attempt"": 0, ""tolerance"": 2e-07, ""free_valid"": true, ""nll"": 24.700278035350568, ""score"": 3.008704396734174e-14}]",1,24.700278035350568,3.0087043967341742e-14,62512.865195020975
calibration,functional,pole,200,97,4,mc,10242.838967927697,2560.7097419819243,9138.7306305388502,2381.2570838319243,-0.46366616392889137,,,,True,False,,False,,,10140,10126,7662,2464,14,7e21c65ce5252288e27643b519afbf197b79ff0c51c9aafcd44e3997228cfbbc,196de105aaa11437990d4fc2be77a54833d4e2079b594ee22c3399f5534eabf8,9f9b34872704bf68a5504354467ac43dbcbe8e49d4654cf5a98e29c22aec85d8,2d450c1dcaf42c4405a467f5f93ebe0ede686eba5e633ce52593d1087b902be9,8898463a96ff48e68a6c86a1af2718d3d5fb1c4e3e65239f73663ee1744cb0a4,200,5.0082500000000003,36,50.856795636274086,0.27381279210684611,observed_profile_hessian,967ddc405a2817867db19804a367711f7fa472a776e23a66d71f8256025c005a,e16bba3e06dfd10eefa72a734cee9f986376cefcd53216d1cb3e0b5b5c07a13a,36,9.9999999999999995e-07,"[{""attempt"": 0, ""tolerance"": 2e-07, ""free_valid"": true, ""nll"": 23.950700062159076, ""score"": 9.2148511043888e-15}]",1,23.950700062159076,9.2148511043887993e-15,56205.985685573498
calibration,functional,logshift,200,97,4,mc,10242.838967927697,2560.7097419819243,10811.437988500278,2535.2377654347661,0.22427838064138039,,,,True,False,,False,,,10140,10126,8007,2119,14,7e21c65ce5252288e27643b519afbf197b79ff0c51c9aafcd44e3997228cfbbc,196de105aaa11437990d4fc2be77a54833d4e2079b594ee22c3399f5534eabf8,9f9b34872704bf68a5504354467ac43dbcbe8e49d4654cf5a98e29c22aec85d8,927442d605618e5026fb65d396f0cb9bf8b38a0b5f83ba71444169e7430f6ffc,dde449f6871576fcf6f725e379ee4eeed4711b133b722b778b21ca248dcb08d9,196.13874309031874,5.0082500000000003,36,50.856795636274086,0.27381279210684611,observed_profile_hessian,0a34e176cdb65de600ab097c85d41bf6fc3daa6d950314cce8fb3cd83013072c,29ce78c27fd0f36d5c44c21d9fca93b58c45f13ca90b380dc37c9f5c0fd3f2a1,36,9.9999999999999995e-07,"[{""attempt"": 0, ""tolerance"": 2e-07, ""free_valid"": true, ""nll"": 24.753919233615342, ""score"": 3.808064974464287e-14}]",1,24.753919233615342,3.8080649744642869e-14,62527.729358306526
calibration,functional,pole,200,97,5,mc,12803.548709909621,2560.7097419819243,10180.276452723836,2382.0534784700271,-1.1012650559259025,,,,True,False,,False,,,12880,12861,9643,3218,19,7e21c65ce5252288e27643b519afbf197b79ff0c51c9aafcd44e3997228cfbbc,52e99f54145301f17b3b27290ffec937483f4f412431d3144397dcb06fc88e6a,870c7750101ce4203c86e12d2f99b98f5598207a91be598569108a0081fe5d3f,2d450c1dcaf42c4405a467f5f93ebe0ede686eba5e633ce52593d1087b902be9,8898463a96ff48e68a6c86a1af2718d3d5fb1c4e3e65239f73663ee1744cb0a4,200,5.0082500000000003,36,50.856795636274086,0.27381279210684611,observed_profile_hessian,552d48995cee81dc2c177b85fcd1130dc4387f0509c51740d6e4da8005a19c5b,706e98dde2c3e477e1eda8cba17b76f20bf39dfa90ac15ceb3de3a010cdfdbc4,36,9.9999999999999995e-07,"[{""attempt"": 0, ""tolerance"": 2e-07, ""free_valid"": true, ""nll"": 25.64046887493983, ""score"": 9.14823772291129e-14}]",1,25.640468874939831,9.1482377229112899e-14,56217.943942073238
calibration,functional,logshift,200,97,5,mc,12803.548709909621,2560.7097419819243,12642.205838035828,2536.0620472572,-0.063619449708767081,,,,True,False,,False,,,12880,12861,10175,2686,19,7e21c65ce5252288e27643b519afbf197b79ff0c51c9aafcd44e3997228cfbbc,52e99f54145301f17b3b27290ffec937483f4f412431d3144397dcb06fc88e6a,870c7750101ce4203c86e12d2f99b98f5598207a91be598569108a0081fe5d3f,927442d605618e5026fb65d396f0cb9bf8b38a0b5f83ba71444169e7430f6ffc,dde449f6871576fcf6f725e379ee4eeed4711b133b722b778b21ca248dcb08d9,196.13874309031874,5.0082500000000003,36,50.856795636274086,0.27381279210684611,observed_profile_hessian,71e63c3cbf40674c84e7dee679b2f1547916feadfeb3536fc15a8d1caccb00d5,980e38248b14935e65c52daed3cea82104b3e6d595b6969611546f127842ba78,36,9.9999999999999995e-07,"[{""attempt"": 0, ""tolerance"": 2e-07, ""free_valid"": true, ""nll"": 24.938367217542893, ""score"": 7.827072323607354e-15}]",1,24.938367217542893,7.8270723236073536e-15,62541.151042394595
calibration,functional,pole,200,97,6,mc,15364.258451891546,2560.7097419819243,11209.047382085304,2382.8554479529384,-1.7437948547722011,,,,True,False,,False,,,15487,15458,11630,3828,29,7e21c65ce5252288e27643b519afbf197b79ff0c51c9aafcd44e3997228cfbbc,1d27f32af044eb9d3e2647db63d5ae999fa6b6aabaf146fe2dc0a2796d71abdf,ba70d52e47268630b5c3e1bceb0052f754bcfe3233533104d6d6c18a75071f0f,2d450c1dcaf42c4405a467f5f93ebe0ede686eba5e633ce52593d1087b902be9,8898463a96ff48e68a6c86a1af2718d3d5fb1c4e3e65239f73663ee1744cb0a4,200,5.0082500000000003,36,50.856795636274086,0.27381279210684611,observed_profile_hessian,847c178ac5b72b499f602447d8b7f5d93370d60e56972c3a30e1d06a27479d31,4302b2e0516ae7591422e9340933792c61a87de6b0e4e2c39b5466e29d52a1a3,36,9.9999999999999995e-07,"[{""attempt"": 0, ""tolerance"": 2e-07, ""free_valid"": true, ""nll"": 27.378115335680846, ""score"": 1.1102230246251565e-14}]",1,27.378115335680846,1.1102230246251565e-14,56233.305671960581
calibration,functional,logshift,200,97,6,mc,15364.258451891546,2560.7097419819243,14597.338009420628,2536.8876499824992,-0.30230761006551055,,,,True,False,,False,,,15487,15458,12230,3228,29,7e21c65ce5252288e27643b519afbf197b79ff0c51c9aafcd44e3997228cfbbc,1d27f32af044eb9d3e2647db63d5ae999fa6b6aabaf146fe2dc0a2796d71abdf,ba70d52e47268630b5c3e1bceb0052f754bcfe3233533104d6d6c18a75071f0f,927442d605618e5026fb65d396f0cb9bf8b38a0b5f83ba71444169e7430f6ffc,dde449f6871576fcf6f725e379ee4eeed4711b133b722b778b21ca248dcb08d9,196.13874309031874,5.0082500000000003,36,50.856795636274086,0.27381279210684611,observed_profile_hessian,a6b818320f0e9f81abd138311d9a9f594e2c05305507e2cab5761a4298fd6e2f,5adbd10d559c302c09f2de805a5bab5735f02bd5f46a78cf80a8a890504ca357,36,9.9999999999999995e-07,"[{""attempt"": 0, ""tolerance"": 2e-07, ""free_valid"": true, ""nll"": 24.563528170010052, ""score"": 3.652633751016765e-14}]",1,24.563528170010052,3.652633751016765e-14,62556.12509609649
calibration,functional,pole,200,97,8,mc,20485.677935855394,2560.7097419819243,13129.107123067584,2384.3313827451357,-3.0853810280004033,,,,True,False,,False,,,20462,20437,15405,5032,25,7e21c65ce5252288e27643b519afbf197b79ff0c51c9aafcd44e3997228cfbbc,f5865876e81a6cd6947f97ee47a4c4351ae0cefbf2fac5531061fde1f39bb14b,1f133d495b8d6deda326ef16f27d5f0cf30b3f9728f8369d59ae158d7dc8c4ac,2d450c1dcaf42c4405a467f5f93ebe0ede686eba5e633ce52593d1087b902be9,8898463a96ff48e68a6c86a1af2718d3d5fb1c4e3e65239f73663ee1744cb0a4,200,5.0082500000000003,36,50.856795636274086,0.27381279210684611,observed_profile_hessian,589546b8333e4936e13b0516492193cc8557c29cde82444f60e80409e3eae795,ff2d61533c8858c944600fdb16d790069c01fe7b13d6fbf4b0d97f71e6af98ab,36,9.9999999999999995e-07,"[{""attempt"": 0, ""tolerance"": 2e-07, ""free_valid"": true, ""nll"": 32.6081751212798, ""score"": 8.104628079763643e-14}]",1,32.6081751212798,8.1046280797636427e-14,56259.188800190408
calibration,functional,logshift,200,97,8,mc,20485.677935855394,2560.7097419819243,18189.953002356389,2538.4686116104676,-0.90437396901375888,,,,True,False,,False,,,20462,20437,16205,4232,25,7e21c65ce5252288e27643b519afbf197b79ff0c51c9aafcd44e3997228cfbbc,f5865876e81a6cd6947f97ee47a4c4351ae0cefbf2fac5531061fde1f39bb14b,1f133d495b8d6deda326ef16f27d5f0cf30b3f9728f8369d59ae158d7dc8c4ac,927442d605618e5026fb65d396f0cb9bf8b38a0b5f83ba71444169e7430f6ffc,dde449f6871576fcf6f725e379ee4eeed4711b133b722b778b21ca248dcb08d9,196.13874309031874,5.0082500000000003,36,50.856795636274086,0.27381279210684611,observed_profile_hessian,c480a8dc64a34d9c6162f248553eeb7e3a5d85944b4b2380b1b5b08025839c32,d6a6a935ead07c1586d811bc3c00fb3cc1070c71786aeef7b5702512d4ae7ec1,36,9.9999999999999995e-07,"[{""attempt"": 0, ""tolerance"": 2e-07, ""free_valid"": true, ""nll"": 24.902524724908883, ""score"": 1.1646239528317892e-13}]",1,24.902524724908883,1.1646239528317892e-13,62582.420778135755
calibration,functional,pole,200,97,10,mc,25607.097419819242,2560.7097419819243,15420.896158900183,2385.7780536308587,-4.269551078071542,,,,True,False,,False,,,25292,25247,19043,6204,45,7e21c65ce5252288e27643b519afbf197b79ff0c51c9aafcd44e3997228cfbbc,f096b918199f63170b39b772f4a3157587549ee54e83fa1333aeef4f40bbb946,a09c88776334ddda0992135ef48c65887bed0d3454a8132b3041ae7d85143db1,2d450c1dcaf42c4405a467f5f93ebe0ede686eba5e633ce52593d1087b902be9,8898463a96ff48e68a6c86a1af2718d3d5fb1c4e3e65239f73663ee1744cb0a4,200,5.0082500000000003,36,50.856795636274086,0.27381279210684611,observed_profile_hessian,ee24aadd88ee22660196aa4d7bf7aa8d571195dc33917cc9ee6994e3ca42ead0,67349f68ccc70d89e68982009d2ed18e1c67bc6ef5b65d46da572404385add05,36,9.9999999999999995e-07,"[{""attempt"": 0, ""tolerance"": 2e-07, ""free_valid"": true, ""nll"": 36.36172769595211, ""score"": 1.9118040484045196e-13}]",1,36.361727695952112,1.9118040484045196e-13,56283.436248823207
calibration,functional,logshift,200,97,10,mc,25607.097419819242,2560.7097419819243,21640.000281113942,2539.889555743297,-1.5619171824754132,,,,True,False,,False,,,25292,25247,19994,5253,45,7e21c65ce5252288e27643b519afbf197b79ff0c51c9aafcd44e3997228cfbbc,f096b918199f63170b39b772f4a3157587549ee54e83fa1333aeef4f40bbb946,a09c88776334ddda0992135ef48c65887bed0d3454a8132b3041ae7d85143db1,927442d605618e5026fb65d396f0cb9bf8b38a0b5f83ba71444169e7430f6ffc,dde449f6871576fcf6f725e379ee4eeed4711b133b722b778b21ca248dcb08d9,196.13874309031874,5.0082500000000003,36,50.856795636274086,0.27381279210684611,observed_profile_hessian,b4b67ab5de28ba72b979501121fef206d8fe81f4b42048417ceba72917e42ac9,f89bbc424f433cf0ff3a4897744a0e28cb613e4ca21b3cb8a5556c07b72a12dd,36,9.9999999999999995e-07,"[{""attempt"": 0, ""tolerance"": 2e-07, ""free_valid"": true, ""nll"": 23.861667101048358, ""score"": 4.952704912852823e-13}]",1,23.861667101048358,4.9527049128528233e-13,62611.037559849749
calibration,functional,pole,200,97,12,mc,30728.516903783093,2560.7097419819243,17966.480515315299,2387.2808505789544,-5.3458462523891113,,,,True,False,,False,,,30497,30445,23025,7420,52,7e21c65ce5252288e27643b519afbf197b79ff0c51c9aafcd44e3997228cfbbc,a79cfd17cc941ba26eba518a60ff7ccea512351cf808cb61d3f9efda226b576a,04d4eab65516fd08c13ddbef23dee9cb18f4bdd941bde0a6d15750f9fe2bffad,2d450c1dcaf42c4405a467f5f93ebe0ede686eba5e633ce52593d1087b902be9,8898463a96ff48e68a6c86a1af2718d3d5fb1c4e3e65239f73663ee1744cb0a4,200,5.0082500000000003,36,50.856795636274086,0.27381279210684611,observed_profile_hessian,10179a5f0de89fd1723c7df75bfb32804dc1049d093beafe732ea3608e4dd568,0b03c1c231607deb22040c4254157d510226f0f98306cc160765ae2d81ac529c,36,9.9999999999999995e-07,"[{""attempt"": 0, ""tolerance"": 2e-07, ""free_valid"": true, ""nll"": 43.43149547316666, ""score"": 5.74429392941056e-13}]",1,43.431495473166663,5.7442939294105599e-13,56306.529532809385
calibration,functional,logshift,200,97,12,mc,30728.516903783093,2560.7097419819243,25563.200755977614,2541.5166005582923,-2.032375529898494,,,,True,False,,False,,,30497,30445,24102,6343,52,7e21c65ce5252288e27643b519afbf197b79ff0c51c9aafcd44e3997228cfbbc,a79cfd17cc941ba26eba518a60ff7ccea512351cf808cb61d3f9efda226b576a,04d4eab65516fd08c13ddbef23dee9cb18f4bdd941bde0a6d15750f9fe2bffad,927442d605618e5026fb65d396f0cb9bf8b38a0b5f83ba71444169e7430f6ffc,dde449f6871576fcf6f725e379ee4eeed4711b133b722b778b21ca248dcb08d9,196.13874309031874,5.0082500000000003,36,50.856795636274086,0.27381279210684611,observed_profile_hessian,7b981f5feadd9c316457fdfb17f1f81d9897c81f730332312d33f81a3fd26952,78a2c7d847a4723b0bd62ce58747d5e30edf58346f711b227695736373502ef0,36,9.9999999999999995e-07,"[{""attempt"": 0, ""tolerance"": 2e-07, ""free_valid"": true, ""nll"": 24.439413517615872, ""score"": 1.4508394485801546e-12}]",1,24.439413517615872,1.4508394485801546e-12,62637.758154565417
calibration,functional,pole,200,97,16,mc,40971.355871710788,2560.7097419819243,21870.133761364617,2390.4063267938118,-7.990784619435864,,,,True,False,,False,,,40807,40741,30909,9832,66,7e21c65ce5252288e27643b519afbf197b79ff0c51c9aafcd44e3997228cfbbc,b5758bc872113de4498e8d9c5d56b3412f03a33c67abdb5ffa5e6a0a8f07d000,8383d5e589ec204bb85436704739033780d78d2e2cbe132ea2eb200f3c6f2a0d,2d450c1dcaf42c4405a467f5f93ebe0ede686eba5e633ce52593d1087b902be9,8898463a96ff48e68a6c86a1af2718d3d5fb1c4e3e65239f73663ee1744cb0a4,200,5.0082500000000003,36,50.856795636274086,0.27381279210684611,observed_profile_hessian,0eb964a3bea7a47dc6740985750670123274ca89e314adc98e3841a9c8769ee8,6909ad99c236419de35f8583c3c060e0c585b7b10485056307454a9df5c2a5b0,36,9.9999999999999995e-07,"[{""attempt"": 0, ""tolerance"": 2e-07, ""free_valid"": true, ""nll"": 64.49728371547036, ""score"": 2.856825886965453e-12}]",1,64.49728371547036,2.8568258869654528e-12,56364.139583762597
calibration,functional,logshift,200,97,16,mc,40971.355871710788,2560.7097419819243,33133.198194832163,2544.7414779144833,-3.0801390808870326,,,,True,False,,False,,,40807,40741,32353,8388,66,7e21c65ce5252288e27643b519afbf197b79ff0c51c9aafcd44e3997228cfbbc,b5758bc872113de4498e8d9c5d56b3412f03a33c67abdb5ffa5e6a0a8f07d000,8383d5e589ec204bb85436704739033780d78d2e2cbe132ea2eb200f3c6f2a0d,927442d605618e5026fb65d396f0cb9bf8b38a0b5f83ba71444169e7430f6ffc,dde449f6871576fcf6f725e379ee4eeed4711b133b722b778b21ca248dcb08d9,196.13874309031874,5.0082500000000003,36,50.856795636274086,0.27381279210684611,observed_profile_hessian,94fba39ce7d55367199a7911f98997156b5f481a42871e695d38e31216c2feb8,94ad3d6fc84bef125560e19201c0e9e220aff51a711540bea78e77016a250948,36,9.9999999999999995e-07,"[{""attempt"": 0, ""tolerance"": 2e-07, ""free_valid"": true, ""nll"": 25.073886470167736, ""score"": 8.879619262103233e-12}]",1,25.073886470167736,8.8796192621032333e-12,62694.257923411875
calibration,functional,pole,200,97,20,mc,51214.194839638483,2560.7097419819243,25835.271199691368,2393.3821433627841,-10.603790836464109,,,,True,False,,False,,,50938,50844,38240,12604,94,7e21c65ce5252288e27643b519afbf197b79ff0c51c9aafcd44e3997228cfbbc,8fcad787b83704b7c21a7aec12f6212948d055d28b0e96301e2548a2496ccb27,9e49228554f3406e27b67839a16bd83f0f235615f35106d175a52f5ca6cd9799,2d450c1dcaf42c4405a467f5f93ebe0ede686eba5e633ce52593d1087b902be9,8898463a96ff48e68a6c86a1af2718d3d5fb1c4e3e65239f73663ee1744cb0a4,200,5.0082500000000003,36,50.856795636274086,0.27381279210684611,observed_profile_hessian,e53ae25265b51b83b05e467dec434d9b337d95ee33a3e3241210f86dc283ba27,e289bf271f8ba8b35c500a6011da29a5e7cb3a233e49c627bd211705fe11fa98,36,9.9999999999999995e-07,"[{""attempt"": 0, ""tolerance"": 2e-07, ""free_valid"": true, ""nll"": 86.13880131324038, ""score"": 9.833911462919787e-12}]",1,86.138801313240378,9.8339114629197866e-12,56416.77131586516
calibration,functional,logshift,200,97,20,mc,51214.194839638483,2560.7097419819243,40092.206069188425,2547.7069981037685,-4.365489743808074,,,,True,False,,False,,,50938,50844,40218,10626,94,7e21c65ce5252288e27643b519afbf197b79ff0c51c9aafcd44e3997228cfbbc,8fcad787b83704b7c21a7aec12f6212948d055d28b0e96301e2548a2496ccb27,9e49228554f3406e27b67839a16bd83f0f235615f35106d175a52f5ca6cd9799,927442d605618e5026fb65d396f0cb9bf8b38a0b5f83ba71444169e7430f6ffc,dde449f6871576fcf6f725e379ee4eeed4711b133b722b778b21ca248dcb08d9,196.13874309031874,5.0082500000000003,36,50.856795636274086,0.27381279210684611,observed_profile_hessian,f8ce0052b65a15c3de314c459c1f03fa698cedd80e0d38425acf1ee3fe5d8a21,42a8390fe916242bf3956fc0112ef000311eb851f16e57e87528dcda1f90ced7,36,9.9999999999999995e-07,"[{""attempt"": 0, ""tolerance"": 2e-07, ""free_valid"": true, ""nll"": 24.960047183600253, ""score"": 3.675168502859094e-11}]",1,24.960047183600253,3.6751685028590941e-11,62750.08354469153
calibration,functional,pole,200,97,24,mc,61457.033807566186,2560.7097419819243,30875.316235762835,2396.5169806118242,-12.760901683240284,,,,True,False,,False,,,61324,61216,46495,14721,108,7e21c65ce5252288e27643b519afbf197b79ff0c51c9aafcd44e3997228cfbbc,1bf6c0ed1da385391c27d8665f32cc60641f5d741d367df053567228c195e58e,554902288d84ebb3af41a088a892982a1499e3bf5059c65fa3c3d520d2de4dad,2d450c1dcaf42c4405a467f5f93ebe0ede686eba5e633ce52593d1087b902be9,8898463a96ff48e68a6c86a1af2718d3d5fb1c4e3e65239f73663ee1744cb0a4,200,5.0082500000000003,36,50.856795636274086,0.27381279210684611,observed_profile_hessian,e0519ff309df96243d607458061afa0db195873ef08fd2eeaf3e59b3a70fde33,19c18d6f04ea039e0a677321c6e75fbf34c4e623ca0ce6e9aaab5f3f7f7c9d9c,36,9.9999999999999995e-07,"[{""attempt"": 0, ""tolerance"": 2e-07, ""free_valid"": true, ""nll"": 118.29503191549688, ""score"": 3.765654454923606e-11}]",1,118.29503191549688,3.765654454923606e-11,56467.17274819361
calibration,functional,logshift,200,97,24,mc,61457.033807566186,2560.7097419819243,48320.991287405712,2551.0032094982571,-5.1493633842758397,,,,True,False,,False,,,61324,61216,48745,12471,108,7e21c65ce5252288e27643b519afbf197b79ff0c51c9aafcd44e3997228cfbbc,1bf6c0ed1da385391c27d8665f32cc60641f5d741d367df053567228c195e58e,554902288d84ebb3af41a088a892982a1499e3bf5059c65fa3c3d520d2de4dad,927442d605618e5026fb65d396f0cb9bf8b38a0b5f83ba71444169e7430f6ffc,dde449f6871576fcf6f725e379ee4eeed4711b133b722b778b21ca248dcb08d9,196.13874309031874,5.0082500000000003,36,50.856795636274086,0.27381279210684611,observed_profile_hessian,a6d678adcfd71a7672a35fa034dfb40c193d4d90dd0fddd433cd3fb6274c5a57,c5e221cc1e7d954d619b3651eddd7902529c3ada7f90595752339beb8e0b9747,36,9.9999999999999995e-07,"[{""attempt"": 0, ""tolerance"": 2e-07, ""free_valid"": true, ""nll"": 26.5828589216012, ""score"": 1.4422725513885126e-10}]",1,26.582858921601201,1.4422725513885126e-10,62804.966127012631
calibration,functional,pole,200,98,0,mc,0,2560.7097419819243,2033.2171354627094,2381.2730407607173,0.85383620469376387,,,,True,False,,False,,,0,0,0,0,0,2f92fb364f33de1b8611cbcd587f39e6cee96411a8f0c5e4f663cbe7e1fd056c,d3bb56f8ed6d718b0d014fd9eec6c619f30907068e2667d838febcc69349baac,2f92fb364f33de1b8611cbcd587f39e6cee96411a8f0c5e4f663cbe7e1fd056c,2d450c1dcaf42c4405a467f5f93ebe0ede686eba5e633ce52593d1087b902be9,8898463a96ff48e68a6c86a1af2718d3d5fb1c4e3e65239f73663ee1744cb0a4,200,5.0082500000000003,36,50.856795636274086,0.27381279210684611,observed_profile_hessian,86eb1d069e3507df63f3d9337f3342c1a79907661250d7637d920571255fbfe4,98de0a8b3cb760de1a5fca97ce19b7d64d806e91a7b7e75dcbb72439c0f17389,36,9.9999999999999995e-07,"[{""attempt"": 0, ""tolerance"": 2e-07, ""free_valid"": true, ""nll"": 17.312849210513836, ""score"": 6.325640011795031e-10}]",1,17.312849210513836,6.3256400117950307e-10,56204.608146079765
calibration,functional,logshift,200,98,0,mc,0,2560.7097419819243,401.91150804010431,2534.6750554261002,0.15856529900340208,,,,True,False,,False,,,0,0,0,0,0,2f92fb364f33de1b8611cbcd587f39e6cee96411a8f0c5e4f663cbe7e1fd056c,d3bb56f8ed6d718b0d014fd9eec6c619f30907068e2667d838febcc69349baac,2f92fb364f33de1b8611cbcd587f39e6cee96411a8f0c5e4f663cbe7e1fd056c,927442d605618e5026fb65d396f0cb9bf8b38a0b5f83ba71444169e7430f6ffc,dde449f6871576fcf6f725e379ee4eeed4711b133b722b778b21ca248dcb08d9,196.13874309031874,5.0082500000000003,36,50.856795636274086,0.27381279210684611,observed_profile_hessian,5df5ee3c5ffed55229c75fc2abb85e274ded852642b65c4e136998cb8cfdd0dd,2d4e83eb48be158f06043d8388afeb4d7d983c7ce117aecf9e66fcf573856e44,36,9.9999999999999995e-07,"[{""attempt"": 0, ""tolerance"": 2e-07, ""free_valid"": true, ""nll"": 21.436089914809287, ""score"": 6.507572258840355e-13}]",1,21.436089914809287,6.5075722588403551e-13,62550.11349263975
calibration,functional,pole,200,98,1,mc,2560.7097419819243,2560.7097419819243,3089.4389665358817,2382.0424764570703,0.22196464999245633,,,,True,False,,False,,,2557,2553,1951,602,4,2f92fb364f33de1b8611cbcd587f39e6cee96411a8f0c5e4f663cbe7e1fd056c,9f0c2379f65e8e6c6fb87d083cbb14ce167076bf63f68ba3cf5ab78ccd4b2ce0,e973733af9b4dd5dbaa29e26878d40448c6c04c0883fc3760e1effe80a917619,2d450c1dcaf42c4405a467f5f93ebe0ede686eba5e633ce52593d1087b902be9,8898463a96ff48e68a6c86a1af2718d3d5fb1c4e3e65239f73663ee1744cb0a4,200,5.0082500000000003,36,50.856795636274086,0.27381279210684611,observed_profile_hessian,e6dc851c7b7a4bbb93ed3ffa552134ae042ccd8508a0cdae93f3613bdb3c4ffe,a5025972e6105f75b042435054021d612c9a26bfe8db1eed239d9424059f1eb7,36,9.9999999999999995e-07,"[{""attempt"": 0, ""tolerance"": 2e-07, ""free_valid"": true, ""nll"": 17.52082013711457, ""score"": 7.695905163140893e-09}]",1,17.520820137114569,7.6959051631408926e-09,56217.854363194718
calibration,functional,logshift,200,98,1,mc,2560.7097419819243,2560.7097419819243,2348.9240284651919,2535.4697877775666,-0.08352918048468265,,,,True,False,,False,,,2557,2553,2038,515,4,2f92fb364f33de1b8611cbcd587f39e6cee96411a8f0c5e4f663cbe7e1fd056c,9f0c2379f65e8e6c6fb87d083cbb14ce167076bf63f68ba3cf5ab78ccd4b2ce0,e973733af9b4dd5dbaa29e26878d40448c6c04c0883fc3760e1effe80a917619,927442d605618e5026fb65d396f0cb9bf8b38a0b5f83ba71444169e7430f6ffc,dde449f6871576fcf6f725e379ee4eeed4711b133b722b778b21ca248dcb08d9,196.13874309031874,5.0082500000000003,36,50.856795636274086,0.27381279210684611,observed_profile_hessian,93cd5cde6d79697086bd5ebb0b92a322b26dbfc603c2dd8db44d0277d371e960,69e47f64df0d8e0d7574f39ff62252f6ecba1e06e40ec33e27602be38d7dfade,36,9.9999999999999995e-07,"[{""attempt"": 0, ""tolerance"": 2e-07, ""free_valid"": true, ""nll"": 21.68403622001278, ""score"": 1.6040754557966608e-09}]",1,21.684036220012779,1.6040754557966608e-09,62563.234124113929
calibration,functional,pole,200,98,2,mc,5121.4194839638485,2560.7097419819243,4253.7315496167603,2382.8328822092549,-0.364141329769886,,,,True,False,,False,,,5180,5173,3908,1265,7,2f92fb364f33de1b8611cbcd587f39e6cee96411a8f0c5e4f663cbe7e1fd056c,759401957d476e18af337db046563df91bd14889c0a6a2d7627054a5e452b830,c126de5f2957327978bb6b23f8928988a92bacdfb150255e661fc2954c8c95b0,2d450c1dcaf42c4405a467f5f93ebe0ede686eba5e633ce52593d1087b902be9,8898463a96ff48e68a6c86a1af2718d3d5fb1c4e3e65239f73663ee1744cb0a4,200,5.0082500000000003,36,50.856795636274086,0.27381279210684611,observed_profile_hessian,3ff8efb001ad3c049cb174a82a4f6fc27448b136d49034e878c416d749e5f4d6,91205f3bbc376a50990163864d09e37d37cc1b3ef71d997833614ae1717f4d2c,36,9.9999999999999995e-07,"[{""attempt"": 0, ""tolerance"": 2e-07, ""free_valid"": true, ""nll"": 17.793448550554402, ""score"": 3.7365871369265946e-08}]",1,17.793448550554402,3.7365871369265946e-08,56230.590927423575
calibration,functional,logshift,200,98,2,mc,5121.4194839638485,2560.7097419819243,4246.121027702553,2536.28327862074,-0.34511068366830572,,,,True,False,,False,,,5180,5173,4096,1077,7,2f92fb364f33de1b8611cbcd587f39e6cee96411a8f0c5e4f663cbe7e1fd056c,759401957d476e18af337db046563df91bd14889c0a6a2d7627054a5e452b830,c126de5f2957327978bb6b23f8928988a92bacdfb150255e661fc2954c8c95b0,927442d605618e5026fb65d396f0cb9bf8b38a0b5f83ba71444169e7430f6ffc,dde449f6871576fcf6f725e379ee4eeed4711b133b722b778b21ca248dcb08d9,196.13874309031874,5.0082500000000003,36,50.856795636274086,0.27381279210684611,observed_profile_hessian,be4753882f66565cc718853ff5a3dc9b861d92d83751d5193331b2e504074155,7e8ceed8dd2bd39e9b6ebd14449614eb712ba7b0b2b5972b1032f3531e94a1b7,36,9.9999999999999995e-07,"[{""attempt"": 0, ""tolerance"": 2e-07, ""free_valid"": true, ""nll"": 21.703282656022676, ""score"": 2.106073382357465e-08}]",1,21.703282656022676,2.1060733823574651e-08,62577.415186219798
calibration,functional,pole,200,98,3,mc,7682.1292259457732,2560.7097419819243,5056.9005620368089,2383.5560798131728,-1.1013916081700643,,,,True,False,,False,,,7628,7620,5746,1874,8,2f92fb364f33de1b8611cbcd587f39e6cee96411a8f0c5e4f663cbe7e1fd056c,bc368af43f47acb19534336dad98acb3d9581449799a4455065028c1360d0a55,68fba3e75b17eb2a925f54353d6bf69813b93ea059e5d781671b0d6a1ad138ff,2d450c1dcaf42c4405a467f5f93ebe0ede686eba5e633ce52593d1087b902be9,8898463a96ff48e68a6c86a1af2718d3d5fb1c4e3e65239f73663ee1744cb0a4,200,5.0082500000000003,36,50.856795636274086,0.27381279210684611,observed_profile_hessian,4d0b2e8e3399a4ee4e0e2314fbe12dac845cd3bb8354e67beb0e04f6ae5a4701,bc7a0125638d1fd0a56c46f69cea99bbdc9c5b8d1f6bdfe97ac7920fd158c1f0,36,9.9999999999999995e-07,"[{""attempt"": 0, ""tolerance"": 2e-07, ""free_valid"": true, ""nll"": 18.104021833721806, ""score"": 9.561185359413527e-08}]",1,18.104021833721806,9.5611853594135265e-08,56245.26061930861
calibration,functional,logshift,200,98,3,mc,7682.1292259457732,2560.7097419819243,5827.6953496652677,2537.0462508917144,-0.73094208496542545,,,,True,False,,False,,,7628,7620,5993,1627,8,2f92fb364f33de1b8611cbcd587f39e6cee96411a8f0c5e4f663cbe7e1fd056c,bc368af43f47acb19534336dad98acb3d9581449799a4455065028c1360d0a55,68fba3e75b17eb2a925f54353d6bf69813b93ea059e5d781671b0d6a1ad138ff,927442d605618e5026fb65d396f0cb9bf8b38a0b5f83ba71444169e7430f6ffc,dde449f6871576fcf6f725e379ee4eeed4711b133b722b778b21ca248dcb08d9,196.13874309031874,5.0082500000000003,36,50.856795636274086,0.27381279210684611,observed_profile_hessian,369c4903e2da9920a1d1a2e9bf428551241730cb633474bcf35a0c736f6ef63c,0f6e0bdb63dfd67b7e83038bbc51e8d3ab3fbe799d1603e65590fd80f281c089,36,9.9999999999999995e-07,"[{""attempt"": 0, ""tolerance"": 2e-07, ""free_valid"": true, ""nll"": 21.39105653559578, ""score"": 7.988591871344042e-08}]",1,21.39105653559578,7.9885918713440418e-08,62592.543559789105
calibration,functional,pole,200,98,4,mc,10242.838967927697,2560.7097419819243,6271.2072154965044,2384.3215316054016,-1.6657282584522188,,,,True,False,,False,,,10228,10210,7753,2457,18,2f92fb364f33de1b8611cbcd587f39e6cee96411a8f0c5e4f663cbe7e1fd056c,c48f7ba75bb797c4d3c2fd1f3b924ab3cdfb35cee093dc3e290e250af3f97ff3,d4ac25111eeb10dc11723ee08d0c6765bf66ea6ec6a6d2816a597a417f83d376,2d450c1dcaf42c4405a467f5f93ebe0ede686eba5e633ce52593d1087b902be9,8898463a96ff48e68a6c86a1af2718d3d5fb1c4e3e65239f73663ee1744cb0a4,200,5.0082500000000003,36,50.856795636274086,0.27381279210684611,observed_profile_hessian,e7ec2993003e667abae6c45629a21955f1d1da1d0904d40241db3c649c540617,d2cfe1e6e6402412b11a49cda61ddbf4861c50aaa0a97617e05c997c1f3b72f7,36,9.9999999999999995e-07,"[{""attempt"": 0, ""tolerance"": 2e-07, ""free_valid"": true, ""nll"": 19.570658954593043, ""score"": 5.190292640122607e-15}]",1,19.570658954593043,5.1902926401226068e-15,56257.637592172476
calibration,functional,logshift,200,98,4,mc,10242.838967927697,2560.7097419819243,7804.7272435908171,2537.8147004135485,-0.96071305912901306,,,,True,False,,False,,,10228,10210,8135,2075,18,2f92fb364f33de1b8611cbcd587f39e6cee96411a8f0c5e4f663cbe7e1fd056c,c48f7ba75bb797c4d3c2fd1f3b924ab3cdfb35cee093dc3e290e250af3f97ff3,d4ac25111eeb10dc11723ee08d0c6765bf66ea6ec6a6d2816a597a417f83d376,927442d605618e5026fb65d396f0cb9bf8b38a0b5f83ba71444169e7430f6ffc,dde449f6871576fcf6f725e379ee4eeed4711b133b722b778b21ca248dcb08d9,196.13874309031874,5.0082500000000003,36,50.856795636274086,0.27381279210684611,observed_profile_hessian,b554a3b24219cd7580b63037b36b22022e697ebac482e64af98d86cdb824f0f7,c5999d9a6e833b0d8b89c1ed4a544d86d22b105917bd1b5fa1d155dc7a66587e,36,9.9999999999999995e-07,"[{""attempt"": 0, ""tolerance"": 2e-07, ""free_valid"": true, ""nll"": 21.866363516541846, ""score"": 5.179190409876355e-14}]",1,21.866363516541846,5.1791904098763553e-14,62606.193433972985
calibration,functional,pole,200,98,5,mc,12803.548709909621,2560.7097419819243,7466.1406603994619,2385.0857587935202,-2.2378264722062031,,,,True,False,,False,,,12783,12759,9646,3113,24,2f92fb364f33de1b8611cbcd587f39e6cee96411a8f0c5e4f663cbe7e1fd056c,adfb48e0c9cec7432fc4ef844b77711d8a17f692e263c1af25b240247ac7f498,7d7950f4cbe8650d8df821e62b12cc5de4e3870117a2bfb70631a0b7af0adc12,2d450c1dcaf42c4405a467f5f93ebe0ede686eba5e633ce52593d1087b902be9,8898463a96ff48e68a6c86a1af2718d3d5fb1c4e3e65239f73663ee1744cb0a4,200,5.0082500000000003,36,50.856795636274086,0.27381279210684611,observed_profile_hessian,8a89335f9f2e272185bdbfb614f723530dc165e33cced3282a84de2761c851e8,1d39204c89ee01f720e9329e1cc9d67e3e7a4d0b943ff70f287147d9c0716957,36,9.9999999999999995e-07,"[{""attempt"": 0, ""tolerance"": 2e-07, ""free_valid"": true, ""nll"": 20.85389654054457, ""score"": 2.040034807748725e-14}]",1,20.853896540544572,2.0400348077487251e-14,56268.987196543065
calibration,functional,logshift,200,98,5,mc,12803.548709909621,2560.7097419819243,9860.1947902329084,2538.6365273115866,-1.1594231344310331,,,,True,False,,False,,,12783,12759,10126,2633,24,2f92fb364f33de1b8611cbcd587f39e6cee96411a8f0c5e4f663cbe7e1fd056c,adfb48e0c9cec7432fc4ef844b77711d8a17f692e263c1af25b240247ac7f498,7d7950f4cbe8650d8df821e62b12cc5de4e3870117a2bfb70631a0b7af0adc12,927442d605618e5026fb65d396f0cb9bf8b38a0b5f83ba71444169e7430f6ffc,dde449f6871576fcf6f725e379ee4eeed4711b133b722b778b21ca248dcb08d9,196.13874309031874,5.0082500000000003,36,50.856795636274086,0.27381279210684611,observed_profile_hessian,908c88a19544fc40e09eb60fd2033fcc23f848bc35ff55ba3602a8efc931cf64,33cb43eb94fed586ef15c9723349d556531a01d34b8c8872677c51054e9b1ad1,36,9.9999999999999995e-07,"[{""attempt"": 0, ""tolerance"": 2e-07, ""free_valid"": true, ""nll"": 21.91449262024808, ""score"": 4.651834473179406e-14}]",1,21.91449262024808,4.6518344731794059e-14,62617.514981942404
calibration,functional,pole,200,98,6,mc,15364.258451891546,2560.7097419819243,8568.618383952964,2385.7957562444049,-2.8483746146970788,,,,True,False,,False,,,15095,15075,11474,3601,20,2f92fb364f33de1b8611cbcd587f39e6cee96411a8f0c5e4f663cbe7e1fd056c,205925beece5aa7821d36debc7eeb33f07660df27cecd7348499c80de6f16e8d,55616693caee2e853ee5ea89a851821c88df6f919977ec2923c5f7c1ac246fa0,2d450c1dcaf42c4405a467f5f93ebe0ede686eba5e633ce52593d1087b902be9,8898463a96ff48e68a6c86a1af2718d3d5fb1c4e3e65239f73663ee1744cb0a4,200,5.0082500000000003,36,50.856795636274086,0.27381279210684611,observed_profile_hessian,f0eb89e1a48dd9e5853a96cb942170f01402f246fab81c814b898b11c9c299ad,6f69e436349273815016a232b8fc2d2394349ebf970b84fbe4ee152d3fc36a53,36,9.9999999999999995e-07,"[{""attempt"": 0, ""tolerance"": 2e-07, ""free_valid"": true, ""nll"": 21.783013528942305, ""score"": 1.2545520178264269e-14}]",1,21.783013528942305,1.2545520178264269e-14,56281.331056589479
calibration,functional,logshift,200,98,6,mc,15364.258451891546,2560.7097419819243,11484.793167284224,2539.3810223346686,-1.5277208305828009,,,,True,False,,False,,,15095,15075,11995,3080,20,2f92fb364f33de1b8611cbcd587f39e6cee96411a8f0c5e4f663cbe7e1fd056c,205925beece5aa7821d36debc7eeb33f07660df27cecd7348499c80de6f16e8d,55616693caee2e853ee5ea89a851821c88df6f919977ec2923c5f7c1ac246fa0,927442d605618e5026fb65d396f0cb9bf8b38a0b5f83ba71444169e7430f6ffc,dde449f6871576fcf6f725e379ee4eeed4711b133b722b778b21ca248dcb08d9,196.13874309031874,5.0082500000000003,36,50.856795636274086,0.27381279210684611,observed_profile_hessian,0b6fdb9bcc25319d4c2a232214735050b2f84662279dfc3755097e9cbc607085,b5e8caf3cce92a4c05ad299686f135ac3d38ff9aa56ff72d7dd558d594add5b2,36,9.9999999999999995e-07,"[{""attempt"": 0, ""tolerance"": 2e-07, ""free_valid"": true, ""nll"": 21.569907332879758, ""score"": 2.5951463200613034e-14}]",1,21.569907332879758,2.5951463200613034e-14,62632.651656821836
calibration,functional,pole,200,98,8,mc,20485.677935855394,2560.7097419819243,10686.810010469666,2387.4022358637067,-4.1044059430734032,,,,True,False,,False,,,20523,20491,15488,5003,32,2f92fb364f33de1b8611cbcd587f39e6cee96411a8f0c5e4f663cbe7e1fd056c,5367a548026c0cb0e17c28af86adae9d93787ee9db7fe92bb5658ca244558b5c,90358ae14bc7b7de94e2c916fd03e99e4c8ed44f7cb5d30b9b250983c6ba09a6,2d450c1dcaf42c4405a467f5f93ebe0ede686eba5e633ce52593d1087b902be9,8898463a96ff48e68a6c86a1af2718d3d5fb1c4e3e65239f73663ee1744cb0a4,200,5.0082500000000003,36,50.856795636274086,0.27381279210684611,observed_profile_hessian,a0574855e17485617034e2ab0f2cc700697bb297f5275e74c52141e9bf17a65e,e999953a733404b4cff63b20d997dc91ce1491159b9fafb69b5df5a328ed6e5c,36,9.9999999999999995e-07,"[{""attempt"": 0, ""tolerance"": 2e-07, ""free_valid"": true, ""nll"": 26.648719146701552, ""score"": 9.514611321037592e-14}]",1,26.648719146701552,9.5146113210375916e-14,56309.432506996003
calibration,functional,logshift,200,98,8,mc,20485.677935855394,2560.7097419819243,15373.125884630426,2541.0148966655097,-2.0120118374488878,,,,True,False,,False,,,20523,20491,16224,4267,32,2f92fb364f33de1b8611cbcd587f39e6cee96411a8f0c5e4f663cbe7e1fd056c,5367a548026c0cb0e17c28af86adae9d93787ee9db7fe92bb5658ca244558b5c,90358ae14bc7b7de94e2c916fd03e99e4c8ed44f7cb5d30b9b250983c6ba09a6,927442d605618e5026fb65d396f0cb9bf8b38a0b5f83ba71444169e7430f6ffc,dde449f6871576fcf6f725e379ee4eeed4711b133b722b778b21ca248dcb08d9,196.13874309031874,5.0082500000000003,36,50.856795636274086,0.27381279210684611,observed_profile_hessian,199f6676dfc1b0aab938c30fa9531b287ca0ebfa492e98937b7ad11d421bee64,bdcc75db098c9c34740973a274edf385f7fd16df66771f3fc13e3f407a3e4dfe,36,9.9999999999999995e-07,"[{""attempt"": 0, ""tolerance"": 2e-07, ""free_valid"": true, ""nll"": 22.003973228043737, ""score"": 3.430589146091734e-14}]",1,22.003973228043737,3.4305891460917337e-14,62661.169615975901
calibration,functional,pole,200,98,10,mc,25607.097419819242,2560.7097419819243,12714.025052755611,2388.9257457690087,-5.3970167929657764,,,,True,False,,False,,,25529,25489,19270,6219,40,2f92fb364f33de1b8611cbcd587f39e6cee96411a8f0c5e4f663cbe7e1fd056c,f1f1234bab207452b81a19b7827fb6fb824b426b291ad8e843666212166e7427,e1d317b3990cff22458b269f72261b223cf239546acea53881d17a3bf88020d3,2d450c1dcaf42c4405a467f5f93ebe0ede686eba5e633ce52593d1087b902be9,8898463a96ff48e68a6c86a1af2718d3d5fb1c4e3e65239f73663ee1744cb0a4,200,5.0082500000000003,36,50.856795636274086,0.27381279210684611,observed_profile_hessian,eead2ec2b35b7125b7fcfd5629a126a6a73dd7560aabb77753e1c6018e0dc8c5,3dd849d6d7b52d5f55b062d129b2a2dff3aa34a678231bf676e709e8d0c6bcce,36,9.9999999999999995e-07,"[{""attempt"": 0, ""tolerance"": 2e-07, ""free_valid"": true, ""nll"": 33.212635708916245, ""score"": 2.0650148258027912e-14}]",1,33.212635708916245,2.0650148258027912e-14,56335.134069073043
calibration,functional,logshift,200,98,10,mc,25607.097419819242,2560.7097419819243,19033.571270653869,2542.5313868637409,-2.5854257623438577,,,,True,False,,False,,,25529,25489,20231,5258,40,2f92fb364f33de1b8611cbcd587f39e6cee96411a8f0c5e4f663cbe7e1fd056c,f1f1234bab207452b81a19b7827fb6fb824b426b291ad8e843666212166e7427,e1d317b3990cff22458b269f72261b223cf239546acea53881d17a3bf88020d3,927442d605618e5026fb65d396f0cb9bf8b38a0b5f83ba71444169e7430f6ffc,dde449f6871576fcf6f725e379ee4eeed4711b133b722b778b21ca248dcb08d9,196.13874309031874,5.0082500000000003,36,50.856795636274086,0.27381279210684611,observed_profile_hessian,4a43f39b18fef93aa976a58b1e923e3501608227dbdd205ed0cbab3bbc27bea0,c4b382e17a20e51a40104b0a293784e3eaa3113224958a9d35b90432554f582e,36,9.9999999999999995e-07,"[{""attempt"": 0, ""tolerance"": 2e-07, ""free_valid"": true, ""nll"": 23.04223699028987, ""score"": 1.4066525722000733e-13}]",1,23.042236990289869,1.4066525722000733e-13,62687.655533447454
calibration,functional,pole,200,98,12,mc,30728.516903783093,2560.7097419819243,14852.641611145267,2390.403290810325,-6.6415049517673852,,,,True,False,,False,,,30578,30517,23202,7315,61,2f92fb364f33de1b8611cbcd587f39e6cee96411a8f0c5e4f663cbe7e1fd056c,7f7a7d10a69b94191d11d508a0dbc18fe98c724d056f357b79cd8c411415780e,f26325a9a015659611313352d303c7226bc94cfa851f1636588946b2da64d105,2d450c1dcaf42c4405a467f5f93ebe0ede686eba5e633ce52593d1087b902be9,8898463a96ff48e68a6c86a1af2718d3d5fb1c4e3e65239f73663ee1744cb0a4,200,5.0082500000000003,36,50.856795636274086,0.27381279210684611,observed_profile_hessian,b590068832de9c3e6a2332ed614530d270ca886835d614ca491b2dc2e124c693,3a50d4316d65a97245b22b11836cc1773b5373bb6e1c1f2d10d0508344d990e6,36,9.9999999999999995e-07,"[{""attempt"": 0, ""tolerance"": 2e-07, ""free_valid"": true, ""nll"": 39.554035080908356, ""score"": 4.7628567756419216e-14}]",1,39.554035080908356,4.7628567756419216e-14,56362.612931274998
calibration,functional,logshift,200,98,12,mc,30728.516903783093,2560.7097419819243,22595.806286596213,2544.129087053303,-3.1966580070850346,,,,True,False,,False,,,30578,30517,24271,6246,61,2f92fb364f33de1b8611cbcd587f39e6cee96411a8f0c5e4f663cbe7e1fd056c,7f7a7d10a69b94191d11d508a0dbc18fe98c724d056f357b79cd8c411415780e,f26325a9a015659611313352d303c7226bc94cfa851f1636588946b2da64d105,927442d605618e5026fb65d396f0cb9bf8b38a0b5f83ba71444169e7430f6ffc,dde449f6871576fcf6f725e379ee4eeed4711b133b722b778b21ca248dcb08d9,196.13874309031874,5.0082500000000003,36,50.856795636274086,0.27381279210684611,observed_profile_hessian,defe2fce024ea44fb25ac85944a856f09dfc35c7cd4a03ab22def1306393a0ac,2e6617badcfac86755bd2eb3d99f772f0a5cc2feecd1c6ab716625cd2db4fdd3,36,9.9999999999999995e-07,"[{""attempt"": 0, ""tolerance"": 2e-07, ""free_valid"": true, ""nll"": 23.115799514602692, ""score"": 1.5154544286133387e-13}]",1,23.115799514602692,1.5154544286133387e-13,62718.121427111881
calibration,functional,pole,200,98,16,mc,40971.355871710788,2560.7097419819243,19363.078035040406,2393.5474953241674,-9.0277205189713143,,,,True,False,,False,,,41063,40984,31124,9860,79,2f92fb364f33de1b8611cbcd587f39e6cee96411a8f0c5e4f663cbe7e1fd056c,efe1d01e019df7ab21c838d3436165606a305d2b5f01763f0a9a1e7dbfc27c48,f9d3fb5d6ebb9afda67356c6c3a83de9f37380cc2496d0397e377ce2cfea2d27,2d450c1dcaf42c4405a467f5f93ebe0ede686eba5e633ce52593d1087b902be9,8898463a96ff48e68a6c86a1af2718d3d5fb1c4e3e65239f73663ee1744cb0a4,200,5.0082500000000003,36,50.856795636274086,0.27381279210684611,observed_profile_hessian,2285fe4ac9cef49fa8a983bf60ce9f5ce3e0d8e87a51114570fef893f89f0744,b3fbf359ecd164d2420e74a5b681211bf984a7850130ccfcfdd55abe0fcf445d,36,9.9999999999999995e-07,"[{""attempt"": 0, ""tolerance"": 2e-07, ""free_valid"": true, ""nll"": 59.87676731423018, ""score"": 5.46229728115577e-13}]",1,59.876767314230179,5.4622972811557702e-13,56413.994138512877
calibration,functional,logshift,200,98,16,mc,40971.355871710788,2560.7097419819243,30567.414153331185,2547.3286459858964,-4.0842557691855852,,,,True,False,,False,,,41063,40984,32675,8309,79,2f92fb364f33de1b8611cbcd587f39e6cee96411a8f0c5e4f663cbe7e1fd056c,efe1d01e019df7ab21c838d3436165606a305d2b5f01763f0a9a1e7dbfc27c48,f9d3fb5d6ebb9afda67356c6c3a83de9f37380cc2496d0397e377ce2cfea2d27,927442d605618e5026fb65d396f0cb9bf8b38a0b5f83ba71444169e7430f6ffc,dde449f6871576fcf6f725e379ee4eeed4711b133b722b778b21ca248dcb08d9,196.13874309031874,5.0082500000000003,36,50.856795636274086,0.27381279210684611,observed_profile_hessian,c734c4d7e9da8c26538bfb6bd6ea47b4dcba4335e4df2c77abedad23af140f4e,38be8b9e7b6d8d79c95dd78508ef04ef845f44f75d11dda00036c3c93d6cc916,36,9.9999999999999995e-07,"[{""attempt"": 0, ""tolerance"": 2e-07, ""free_valid"": true, ""nll"": 24.785529272581073, ""score"": 2.4982238500115272e-12}]",1,24.785529272581073,2.4982238500115272e-12,62770.805806082746
calibration,functional,pole,200,98,20,mc,51214.194839638483,2560.7097419819243,23801.509159226225,2396.4586344151639,-11.438831151409421,,,,True,False,,False,,,50965,50896,38536,12360,69,2f92fb364f33de1b8611cbcd587f39e6cee96411a8f0c5e4f663cbe7e1fd056c,793df8fc678ecce3804bb85e08d108c1f955aac72235a8a477787ed27a35240c,8bbe71bce6a923ecb0de6f1ccd52d8bac3cf874ba1212375295d0608f2549370,2d450c1dcaf42c4405a467f5f93ebe0ede686eba5e633ce52593d1087b902be9,8898463a96ff48e68a6c86a1af2718d3d5fb1c4e3e65239f73663ee1744cb0a4,200,5.0082500000000003,36,50.856795636274086,0.27381279210684611,observed_profile_hessian,3357c9f0ceb69a3d6c60c59b9cce5654f1d24906e401a090401d46b3c938d3e0,73f6735a6a4e7f24d5ae3a339ceec92dc01e2a1df277edde4ca0a67e2d1a8c26,36,9.9999999999999995e-07,"[{""attempt"": 0, ""tolerance"": 2e-07, ""free_valid"": true, ""nll"": 82.40404499812114, ""score"": 3.022471162239526e-12}]",1,82.404044998121137,3.0224711622395262e-12,56462.384868328249
calibration,functional,logshift,200,98,20,mc,51214.194839638483,2560.7097419819243,37960.434645681547,2550.3769669135477,-5.1967847757018308,,,,True,False,,False,,,50965,50896,40312,10584,69,2f92fb364f33de1b8611cbcd587f39e6cee96411a8f0c5e4f663cbe7e1fd056c,793df8fc678ecce3804bb85e08d108c1f955aac72235a8a477787ed27a35240c,8bbe71bce6a923ecb0de6f1ccd52d8bac3cf874ba1212375295d0608f2549370,927442d605618e5026fb65d396f0cb9bf8b38a0b5f83ba71444169e7430f6ffc,dde449f6871576fcf6f725e379ee4eeed4711b133b722b778b21ca248dcb08d9,196.13874309031874,5.0082500000000003,36,50.856795636274086,0.27381279210684611,observed_profile_hessian,0c0ed135fe5c410fc7db9c721260e3e248332260bd8c501b4c4465f8b23ebabb,1358276d3b11f8b78a4e6b05a840c660ee1ba72ba07194702eb16c26eeb0edf9,36,9.9999999999999995e-07,"[{""attempt"": 0, ""tolerance"": 2e-07, ""free_valid"": true, ""nll"": 25.378463452511976, ""score"": 1.2971401730510479e-11}]",1,25.378463452511976,1.2971401730510479e-11,62822.175374144797
calibration,functional,pole,200,98,24,mc,61457.033807566186,2560.7097419819243,27666.108411340691,2399.5187628976619,-14.082375982515565,,,,True,False,,False,,,61233,61138,46330,14808,95,2f92fb364f33de1b8611cbcd587f39e6cee96411a8f0c5e4f663cbe7e1fd056c,deaccbed5877d9722f88734ec2701b83d47a89356a730915b046b2b7779dbb40,7033868408da40060634a8277eb46a51141461ebcafb023efe42ddb77c94e31c,2d450c1dcaf42c4405a467f5f93ebe0ede686eba5e633ce52593d1087b902be9,8898463a96ff48e68a6c86a1af2718d3d5fb1c4e3e65239f73663ee1744cb0a4,200,5.0082500000000003,36,50.856795636274086,0.27381279210684611,observed_profile_hessian,00f90f64f585af40634b53151df85ba7cf471628f8fde644d072a4c8faedf0b5,013f532a875b67dc185fc387b300de930143e74b9a90198c15b411d99e63e265,36,9.9999999999999995e-07,"[{""attempt"": 0, ""tolerance"": 2e-07, ""free_valid"": true, ""nll"": 112.12848249679203, ""score"": 1.106759128788326e-11}]",1,112.12848249679203,1.1067591287883261e-11,56517.728205252221
calibration,functional,logshift,200,98,24,mc,61457.033807566186,2560.7097419819243,44944.36037582493,2553.5870625454254,-6.4664618935221885,,,,True,False,,False,,,61233,61138,48461,12677,95,2f92fb364f33de1b8611cbcd587f39e6cee96411a8f0c5e4f663cbe7e1fd056c,deaccbed5877d9722f88734ec2701b83d47a89356a730915b046b2b7779dbb40,7033868408da40060634a8277eb46a51141461ebcafb023efe42ddb77c94e31c,927442d605618e5026fb65d396f0cb9bf8b38a0b5f83ba71444169e7430f6ffc,dde449f6871576fcf6f725e379ee4eeed4711b133b722b778b21ca248dcb08d9,196.13874309031874,5.0082500000000003,36,50.856795636274086,0.27381279210684611,observed_profile_hessian,dd970ebbdef171f1ffcf0a8ef2af91d7ab21abc29c58173882231e5ae8d29804,e2c6ad4d996e9b9be64344c17cb62010f45af1c7d3c217904e2c14c46e1e9f69,36,9.9999999999999995e-07,"[{""attempt"": 0, ""tolerance"": 2e-07, ""free_valid"": true, ""nll"": 28.200795526939963, ""score"": 4.986366874959458e-11}]",1,28.200795526939963,4.9863668749594581e-11,62881.730063528914
calibration,functional,pole,200,99,0,mc,0,2560.7097419819243,3380.5638571476325,2378.7506421015382,1.4211510014185553,,,,True,False,,False,,,0,0,0,0,0,2c5afb5f071eacf958fd9acf1708874e8e9405ee8f7f134e433b0d0c22818b89,d3bb56f8ed6d718b0d014fd9eec6c619f30907068e2667d838febcc69349baac,2c5afb5f071eacf958fd9acf1708874e8e9405ee8f7f134e433b0d0c22818b89,2d450c1dcaf42c4405a467f5f93ebe0ede686eba5e633ce52593d1087b902be9,8898463a96ff48e68a6c86a1af2718d3d5fb1c4e3e65239f73663ee1744cb0a4,200,5.0082500000000003,36,50.856795636274086,0.27381279210684611,observed_profile_hessian,d9bc222cdc612dfe45b2ea05e1a678ec4dc98aa73035734a519cd11bf5a65e85,4212ccda4c1440abd51dd6f9586383f6a873e2d15f5effada687e8771a9ab874,36,9.9999999999999995e-07,"[{""attempt"": 0, ""tolerance"": 2e-07, ""free_valid"": true, ""nll"": 16.328143879639995, ""score"": 1.48023144852516e-08}]",1,16.328143879639995,1.48023144852516e-08,56140.01965659469
calibration,functional,logshift,200,99,0,mc,0,2560.7097419819243,2329.4919215524073,2531.6213182907013,0.92015812346106818,,,,True,False,,False,,,0,0,0,0,0,2c5afb5f071eacf958fd9acf1708874e8e9405ee8f7f134e433b0d0c22818b89,d3bb56f8ed6d718b0d014fd9eec6c619f30907068e2667d838febcc69349baac,2c5afb5f071eacf958fd9acf1708874e8e9405ee8f7f134e433b0d0c22818b89,927442d605618e5026fb65d396f0cb9bf8b38a0b5f83ba71444169e7430f6ffc,dde449f6871576fcf6f725e379ee4eeed4711b133b722b778b21ca248dcb08d9,196.13874309031874,5.0082500000000003,36,50.856795636274086,0.27381279210684611,observed_profile_hessian,ef850fe1e3be3f10dc4c9c9ebfa552c405683259ab3d7095c0f820140dff17e9,955d9064d09e22d4b25cb3d32abf5299e26ae2be8351d0a64668e1aa9e12d0c0,36,9.9999999999999995e-07,"[{""attempt"": 0, ""tolerance"": 2e-07, ""free_valid"": true, ""nll"": 20.583634523872924, ""score"": 2.2725072712503902e-08}]",1,20.583634523872924,2.2725072712503902e-08,62452.984370396916
calibration,functional,pole,200,99,1,mc,2560.7097419819243,2560.7097419819243,4527.0210545361315,2379.5077723733903,0.82635212852990647,,,,True,False,,False,,,2523,2519,1924,595,4,2c5afb5f071eacf958fd9acf1708874e8e9405ee8f7f134e433b0d0c22818b89,f1da593cfd8238f98d0d61f5cd635f4837ea64a4dad44c09fae201425d4d1d64,678b0ce4e2b965c41cbd1e661b66064e487f16b5c7ee9bd4794eaf2d274afa09,2d450c1dcaf42c4405a467f5f93ebe0ede686eba5e633ce52593d1087b902be9,8898463a96ff48e68a6c86a1af2718d3d5fb1c4e3e65239f73663ee1744cb0a4,200,5.0082500000000003,36,50.856795636274086,0.27381279210684611,observed_profile_hessian,455cf9d6a56080692f5117b68242825c8ad7cf087aa23047e23827d73aa2c484,add6062d375ae93b018006d3036147c3a6555084d7a3087aaf5babc98e47e989,36,9.9999999999999995e-07,"[{""attempt"": 0, ""tolerance"": 2e-07, ""free_valid"": true, ""nll"": 16.49878984369867, ""score"": 5.962016385793745e-08}]",1,16.49878984369867,5.9620163857937447e-08,56152.039125238734
calibration,functional,logshift,200,99,1,mc,2560.7097419819243,2560.7097419819243,4310.3934624824042,2532.3865105630898,0.69092285604989589,,,,True,False,,False,,,2523,2519,2015,504,4,2c5afb5f071eacf958fd9acf1708874e8e9405ee8f7f134e433b0d0c22818b89,f1da593cfd8238f98d0d61f5cd635f4837ea64a4dad44c09fae201425d4d1d64,678b0ce4e2b965c41cbd1e661b66064e487f16b5c7ee9bd4794eaf2d274afa09,927442d605618e5026fb65d396f0cb9bf8b38a0b5f83ba71444169e7430f6ffc,dde449f6871576fcf6f725e379ee4eeed4711b133b722b778b21ca248dcb08d9,196.13874309031874,5.0082500000000003,36,50.856795636274086,0.27381279210684611,observed_profile_hessian,731d62f706d29cc28a80c48bc5b0404aa4d0724a4393a1afa3b0f0727e3f87a9,6a7e9d7e567b8435944244e078b4a61428590a705b93cf3d84bbfb3c022d2d7c,36,9.9999999999999995e-07,"[{""attempt"": 0, ""tolerance"": 2e-07, ""free_valid"": true, ""nll"": 20.506562279718693, ""score"": 1.0818578810578572e-07}]",1,20.506562279718693,1.0818578810578572e-07,62465.273639240397
calibration,functional,pole,200,99,2,mc,5121.4194839638485,2560.7097419819243,5429.1271814291558,2380.2619580264713,0.12927471971212559,,,,True,False,,False,,,5047,5036,3783,1253,11,2c5afb5f071eacf958fd9acf1708874e8e9405ee8f7f134e433b0d0c22818b89,c231fa334d46d3d09dc584d97913c3e8c5869322a6b3041053638569cc48f616,a5df2662e9fb45a1d2283b8c34b7d1be713a21dc99e2ee031f134dd6f60f1426,2d450c1dcaf42c4405a467f5f93ebe0ede686eba5e633ce52593d1087b902be9,8898463a96ff48e68a6c86a1af2718d3d5fb1c4e3e65239f73663ee1744cb0a4,200,5.0082500000000003,36,50.856795636274086,0.27381279210684611,observed_profile_hessian,000185e5e3c4a5ce1c182c47b6cae114647be9b4555ba8bb5f9b25371d0929f7,160a1a9cb017c5ec8453aa9efdf2ca5f4dcd646e8dcc67f92da8fc58e1d75c35,36,9.9999999999999995e-07,"[{""attempt"": 0, ""tolerance"": 2e-07, ""free_valid"": true, ""nll"": 17.03605709121869, ""score"": 1.420455761000361e-07}]",1,17.036057091218691,1.420455761000361e-07,56166.676940964819
calibration,functional,logshift,200,99,2,mc,5121.4194839638485,2560.7097419819243,5943.4702309101785,2533.168542147379,0.32451482531417897,,,,True,False,,False,,,5047,5036,3980,1056,11,2c5afb5f071eacf958fd9acf1708874e8e9405ee8f7f134e433b0d0c22818b89,c231fa334d46d3d09dc584d97913c3e8c5869322a6b3041053638569cc48f616,a5df2662e9fb45a1d2283b8c34b7d1be713a21dc99e2ee031f134dd6f60f1426,927442d605618e5026fb65d396f0cb9bf8b38a0b5f83ba71444169e7430f6ffc,dde449f6871576fcf6f725e379ee4eeed4711b133b722b778b21ca248dcb08d9,196.13874309031874,5.0082500000000003,36,50.856795636274086,0.27381279210684611,observed_profile_hessian,43b79362de1a86d8a6dae44de9084ac65729d77a58e0cfc1b8e87313093b4433,1496bbb82b611fcedb1ac9d663af55e7ff0d36c0aa5430085e4390fd12f51fc0,36,9.9999999999999995e-07,"[{""attempt"": 0, ""tolerance"": 2e-07, ""free_valid"": true, ""nll"": 20.710351730218985, ""score"": 9.492406860545088e-14}]",1,20.710351730218985,9.4924068605450884e-14,62480.961308050872
calibration,functional,pole,200,99,3,mc,7682.1292259457732,2560.7097419819243,6800.5768629498489,2381.1147971924493,-0.37022673750772317,,,,True,False,,False,,,7839,7829,5894,1935,10,2c5afb5f071eacf958fd9acf1708874e8e9405ee8f7f134e433b0d0c22818b89,9d8aef51b83e9f9c494b55f52f2ff32edc68f9e7fcee238b074801369e01a875,39d346c1e053491f8ce2c6a1dd1447812c11de2be63f647171d0b2aab03e6bfe,2d450c1dcaf42c4405a467f5f93ebe0ede686eba5e633ce52593d1087b902be9,8898463a96ff48e68a6c86a1af2718d3d5fb1c4e3e65239f73663ee1744cb0a4,200,5.0082500000000003,36,50.856795636274086,0.27381279210684611,observed_profile_hessian,1123f6848ded7af327ff91185be32f1207e7aa06181ae17faa651f9246fff561,41193f15efa02e190c0bd92145d8f12fb274572b6216a3eb436a9b09e98cec88,36,9.9999999999999995e-07,"[{""attempt"": 0, ""tolerance"": 2e-07, ""free_valid"": true, ""nll"": 18.01435869976863, ""score"": 2.90878432451791e-14}]",1,18.014358699768628,2.9087843245179101e-14,56178.738199591266
calibration,functional,logshift,200,99,3,mc,7682.1292259457732,2560.7097419819243,8090.3619151733101,2534.0220704869535,0.16110068415824347,,,,True,False,,False,,,7839,7829,6202,1627,10,2c5afb5f071eacf958fd9acf1708874e8e9405ee8f7f134e433b0d0c22818b89,9d8aef51b83e9f9c494b55f52f2ff32edc68f9e7fcee238b074801369e01a875,39d346c1e053491f8ce2c6a1dd1447812c11de2be63f647171d0b2aab03e6bfe,927442d605618e5026fb65d396f0cb9bf8b38a0b5f83ba71444169e7430f6ffc,dde449f6871576fcf6f725e379ee4eeed4711b133b722b778b21ca248dcb08d9,196.13874309031874,5.0082500000000003,36,50.856795636274086,0.27381279210684611,observed_profile_hessian,4b78497d86acd21c2345c1705aab12d8b7d26e5e0fcc6cd0566a678b0e731d24,53a0769744b62d9ce8363daf2ff45b94dcd8708767820b333c21d53e4b6f7c4a,36,9.9999999999999995e-07,"[{""attempt"": 0, ""tolerance"": 2e-07, ""free_valid"": true, ""nll"": 20.82031377350539, ""score"": 5.0959236830294685e-14}]",1,20.82031377350539,5.0959236830294685e-14,62494.773895062186
calibration,functional,pole,200,99,4,mc,10242.838967927697,2560.7097419819243,7531.1286591992712,2381.8303407990229,-1.1384985161532284,,,,True,False,,False,,,10294,10279,7703,2576,15,2c5afb5f071eacf958fd9acf1708874e8e9405ee8f7f134e433b0d0c22818b89,9a283bd19bce4191f157c7684c73002b4864251c91617ac474d1b271ee69876e,ccd99124e61491cf3f62b16eb36d2ef25a205970a983d0f40cb000ce9a83eac5,2d450c1dcaf42c4405a467f5f93ebe0ede686eba5e633ce52593d1087b902be9,8898463a96ff48e68a6c86a1af2718d3d5fb1c4e3e65239f73663ee1744cb0a4,200,5.0082500000000003,36,50.856795636274086,0.27381279210684611,observed_profile_hessian,958148bd6b13b45ec9697e50466f410e6b56eff13f94f32a9541eaee96737eb0,34518a0f0151bd493a0c92bb71c64e89911a3b80c121eec76a8b06321f5611db,36,9.9999999999999995e-07,"[{""attempt"": 0, ""tolerance"": 2e-07, ""free_valid"": true, ""nll"": 19.367890244578128, ""score"": 4.413136522884997e-14}]",1,19.367890244578128,4.4131365228849972e-14,56193.752240208247
calibration,functional,logshift,200,99,4,mc,10242.838967927697,2560.7097419819243,9678.7890304894136,2534.7792286259541,-0.22252428577144448,,,,True,False,,False,,,10294,10279,8128,2151,15,2c5afb5f071eacf958fd9acf1708874e8e9405ee8f7f134e433b0d0c22818b89,9a283bd19bce4191f157c7684c73002b4864251c91617ac474d1b271ee69876e,ccd99124e61491cf3f62b16eb36d2ef25a205970a983d0f40cb000ce9a83eac5,927442d605618e5026fb65d396f0cb9bf8b38a0b5f83ba71444169e7430f6ffc,dde449f6871576fcf6f725e379ee4eeed4711b133b722b778b21ca248dcb08d9,196.13874309031874,5.0082500000000003,36,50.856795636274086,0.27381279210684611,observed_profile_hessian,6a14de0450767e9133ebe619c0ebc10f41c628ced23d4233de21b96b66dd5c5f,983b4915ef7f25b0acf6152ab3cfb3bae4d91bce5af61764b027c6685c6e3716,36,9.9999999999999995e-07,"[{""attempt"": 0, ""tolerance"": 2e-07, ""free_valid"": true, ""nll"": 21.03019146728559, ""score"": 9.159339953157541e-15}]",1,21.03019146728559,9.1593399531575415e-15,62509.403310630958
calibration,functional,pole,200,99,5,mc,12803.548709909621,2560.7097419819243,8835.9721070808209,2382.5717735884291,-1.6652495621792622,,,,True,False,,False,,,12881,12862,9699,3163,19,2c5afb5f071eacf958fd9acf1708874e8e9405ee8f7f134e433b0d0c22818b89,9edb3c8f45edea4d643986738943ef26dccc74ec5798d7d94c009e27fd4a520c,9f1d179b5f1f70186355868777f90b3de00823b22b4ced2baff2285638c72815,2d450c1dcaf42c4405a467f5f93ebe0ede686eba5e633ce52593d1087b902be9,8898463a96ff48e68a6c86a1af2718d3d5fb1c4e3e65239f73663ee1744cb0a4,200,5.0082500000000003,36,50.856795636274086,0.27381279210684611,observed_profile_hessian,e7e6bad0f6cf8d0a640803c9ac494d150ddbe79fc0ca2a482ea9411fd5bdd87d,d61c79ec7258e44f7f5901e5d09611bd6f34695d0247f32ecdc5c1e80e8b826b,36,9.9999999999999995e-07,"[{""attempt"": 0, ""tolerance"": 2e-07, ""free_valid"": true, ""nll"": 20.33144713408757, ""score"": 4.2021941482062175e-14}]",1,20.331447134087568,4.2021941482062175e-14,56205.280185822783
calibration,functional,logshift,200,99,5,mc,12803.548709909621,2560.7097419819243,11565.980046061668,2535.6043835806254,-0.48807640176908595,,,,True,False,,False,,,12881,12862,10146,2716,19,2c5afb5f071eacf958fd9acf1708874e8e9405ee8f7f134e433b0d0c22818b89,9edb3c8f45edea4d643986738943ef26dccc74ec5798d7d94c009e27fd4a520c,9f1d179b5f1f70186355868777f90b3de00823b22b4ced2baff2285638c72815,927442d605618e5026fb65d396f0cb9bf8b38a0b5f83ba71444169e7430f6ffc,dde449f6871576fcf6f725e379ee4eeed4711b133b722b778b21ca248dcb08d9,196.13874309031874,5.0082500000000003,36,50.856795636274086,0.27381279210684611,observed_profile_hessian,187964eb0a375d2c27ba3b285a27b8fcd9b3b1b69dd91abc40850a5a90c4ec12,3e6f1779a7035b004eb557ce85f455d835bdfe50ceb942947a4ad4fcd31e0aa2,36,9.9999999999999995e-07,"[{""attempt"": 0, ""tolerance"": 2e-07, ""free_valid"": true, ""nll"": 20.73340342327205, ""score"": 1.7708057242771247e-14}]",1,20.733403423272051,1.7708057242771247e-14,62523.847794139823
calibration,functional,pole,200,99,6,mc,15364.258451891546,2560.7097419819243,9809.3026147707897,2383.3670555265794,-2.3307177231638998,,,,True,False,,False,,,15382,15360,11645,3715,22,2c5afb5f071eacf958fd9acf1708874e8e9405ee8f7f134e433b0d0c22818b89,57a29e440cc22e325fef9b655fd1c74aae62ac26b0c1aaa294ef01182d17908d,ce4e5b7c044407e0f58e4ad13c953721ec0ee167a9b74e15457d6bed5da340bd,2d450c1dcaf42c4405a467f5f93ebe0ede686eba5e633ce52593d1087b902be9,8898463a96ff48e68a6c86a1af2718d3d5fb1c4e3e65239f73663ee1744cb0a4,200,5.0082500000000003,36,50.856795636274086,0.27381279210684611,observed_profile_hessian,93dbfde9527b046a2629721edb85a915ed183cead9f6cf37811734355ea699ac,31b04ca32c959282ceb19d90014ab7c370cf9cebe6e93dfc1d35f2d20572503c,36,9.9999999999999995e-07,"[{""attempt"": 0, ""tolerance"": 2e-07, ""free_valid"": true, ""nll"": 22.50549383819354, ""score"": 3.191891195797325e-14}]",1,22.505493838193541,3.1918911957973251e-14,56218.57866072077
calibration,functional,logshift,200,99,6,mc,15364.258451891546,2560.7097419819243,13547.441185881844,2536.3875620252938,-0.71630112574711657,,,,True,False,,False,,,15382,15360,12253,3107,22,2c5afb5f071eacf958fd9acf1708874e8e9405ee8f7f134e433b0d0c22818b89,57a29e440cc22e325fef9b655fd1c74aae62ac26b0c1aaa294ef01182d17908d,ce4e5b7c044407e0f58e4ad13c953721ec0ee167a9b74e15457d6bed5da340bd,927442d605618e5026fb65d396f0cb9bf8b38a0b5f83ba71444169e7430f6ffc,dde449f6871576fcf6f725e379ee4eeed4711b133b722b778b21ca248dcb08d9,196.13874309031874,5.0082500000000003,36,50.856795636274086,0.27381279210684611,observed_profile_hessian,261e66b11b4847776ff8e0d453715d7f7001cec765aaa79f47d2fcdef033e397,67e0dbacffff347c98e829597aafb2ed6ace142d57411886154a29e702e93c02,36,9.9999999999999995e-07,"[{""attempt"": 0, ""tolerance"": 2e-07, ""free_valid"": true, ""nll"": 20.845191246840027, ""score"": 9.658940314238862e-15}]",1,20.845191246840027,9.6589403142388619e-15,62536.110847342199
calibration,functional,pole,200,99,8,mc,20485.677935855394,2560.7097419819243,11560.361035072783,2384.8445220238332,-3.7425152115192755,,,,True,False,,False,,,20373,20338,15342,4996,35,2c5afb5f071eacf958fd9acf1708874e8e9405ee8f7f134e433b0d0c22818b89,7d8dfac8a79f78d196e5fffe4d292650c626c2f44c91a4a5278159d652295276,216edb8d63bb5540537d63f0d54d2320c883295624f7308d3d4d77158bb9ee32,2d450c1dcaf42c4405a467f5f93ebe0ede686eba5e633ce52593d1087b902be9,8898463a96ff48e68a6c86a1af2718d3d5fb1c4e3e65239f73663ee1744cb0a4,200,5.0082500000000003,36,50.856795636274086,0.27381279210684611,observed_profile_hessian,7fd1f28ef6031e914cb7dde3c8559050fe8630b2fac213d8c6813a7d430ac14d,1be23f0a5c807390d60b0fbe7094ceacea66333454a3a6a7b92c0e5d66975e6e,36,9.9999999999999995e-07,"[{""attempt"": 0, ""tolerance"": 2e-07, ""free_valid"": true, ""nll"": 27.082605771929327, ""score"": 1.3733458814613186e-13}]",1,27.082605771929327,1.3733458814613186e-13,56247.834021000643
calibration,functional,logshift,200,99,8,mc,20485.677935855394,2560.7097419819243,16976.995342130002,2537.9378288656458,-1.3824935165151897,,,,True,False,,False,,,20373,20338,16084,4254,35,2c5afb5f071eacf958fd9acf1708874e8e9405ee8f7f134e433b0d0c22818b89,7d8dfac8a79f78d196e5fffe4d292650c626c2f44c91a4a5278159d652295276,216edb8d63bb5540537d63f0d54d2320c883295624f7308d3d4d77158bb9ee32,927442d605618e5026fb65d396f0cb9bf8b38a0b5f83ba71444169e7430f6ffc,dde449f6871576fcf6f725e379ee4eeed4711b133b722b778b21ca248dcb08d9,196.13874309031874,5.0082500000000003,36,50.856795636274086,0.27381279210684611,observed_profile_hessian,259a5d4534420346289eb1aff317fca1490ab3f54289d67259574c4f9750cbdb,0216ac6fc2bc19b2d7cb91368a9e8b7fa63c55574839f7e75d9a5537e074db0b,36,9.9999999999999995e-07,"[{""attempt"": 0, ""tolerance"": 2e-07, ""free_valid"": true, ""nll"": 20.690586743029485, ""score"": 1.9040324872321435e-14}]",1,20.690586743029485,1.9040324872321435e-14,62564.928197198918
calibration,functional,pole,200,99,10,mc,25607.097419819242,2560.7097419819243,14195.327859146828,2386.3895373609353,-4.7820229606321867,,,,True,False,,False,,,25497,25455,19342,6113,42,2c5afb5f071eacf958fd9acf1708874e8e9405ee8f7f134e433b0d0c22818b89,0a06c21a9ba3d9e5992a8ffc86db91c0bb79aa7da602d49e809ac4586bcb5041,4f1732286ddb375100e5e9037ec59798c5e4083ada7a4476b283042915859ee5,2d450c1dcaf42c4405a467f5f93ebe0ede686eba5e633ce52593d1087b902be9,8898463a96ff48e68a6c86a1af2718d3d5fb1c4e3e65239f73663ee1744cb0a4,200,5.0082500000000003,36,50.856795636274086,0.27381279210684611,observed_profile_hessian,6f33a4eb0c093739f0cfdbfd1d52b8332dabbcd4ff20210249d81b2620d7e8bb,a1bb0d5d59c8892c32bcd70dce515b212f43d5208f0d6c57cd04caed685ecd71,36,9.9999999999999995e-07,"[{""attempt"": 0, ""tolerance"": 2e-07, ""free_valid"": true, ""nll"": 33.32787636538374, ""score"": 4.3076653355456074e-14}]",1,33.327876365383737,4.3076653355456074e-14,56270.055650253213
calibration,functional,logshift,200,99,10,mc,25607.097419819242,2560.7097419819243,21107.636188010409,2539.5107112204155,-1.7717827343388215,,,,True,False,,False,,,25497,25455,20270,5185,42,2c5afb5f071eacf958fd9acf1708874e8e9405ee8f7f134e433b0d0c22818b89,0a06c21a9ba3d9e5992a8ffc86db91c0bb79aa7da602d49e809ac4586bcb5041,4f1732286ddb375100e5e9037ec59798c5e4083ada7a4476b283042915859ee5,927442d605618e5026fb65d396f0cb9bf8b38a0b5f83ba71444169e7430f6ffc,dde449f6871576fcf6f725e379ee4eeed4711b133b722b778b21ca248dcb08d9,196.13874309031874,5.0082500000000003,36,50.856795636274086,0.27381279210684611,observed_profile_hessian,b9341f3a3758aed67724cf6e96ca742ac3909934554a8696fbda836f0ced8b51,3c20653415f385b1d7b68814ea0da64507cd7442a7a9ba949b0306931c27c309,36,9.9999999999999995e-07,"[{""attempt"": 0, ""tolerance"": 2e-07, ""free_valid"": true, ""nll"": 20.81863897899246, ""score"": 2.84522405635812e-13}]",1,20.81863897899246,2.8452240563581199e-13,62590.078314569269
calibration,functional,pole,200,99,12,mc,30728.516903783093,2560.7097419819243,16411.745749755133,2387.8978766837572,-5.995554204315753,,,,True,False,,False,,,30565,30509,23172,7337,56,2c5afb5f071eacf958fd9acf1708874e8e9405ee8f7f134e433b0d0c22818b89,80011292fd2f10ce08e8b45f82c2202aabba7d7653dbd771e0a8f5d0fb92a9c7,5fbe55bcb01d9029dd3d19ed3e3d8a4e714ff9c0280ac485c1202d2c8de2161d,2d450c1dcaf42c4405a467f5f93ebe0ede686eba5e633ce52593d1087b902be9,8898463a96ff48e68a6c86a1af2718d3d5fb1c4e3e65239f73663ee1744cb0a4,200,5.0082500000000003,36,50.856795636274086,0.27381279210684611,observed_profile_hessian,0dd1b84254c94c57d27580d4079541e31b46b21d4f923f6545e92a9d2b9fdaa3,53acfee5fcdf7b7b74be81f780992ab121302734ba2efa00acdcf2cd931fe318,36,9.9999999999999995e-07,"[{""attempt"": 0, ""tolerance"": 2e-07, ""free_valid"": true, ""nll"": 40.97311300577647, ""score"": 9.57012247226885e-14}]",1,40.973113005776469,9.5701224722688494e-14,56295.215404681352
calibration,functional,logshift,200,99,12,mc,30728.516903783093,2560.7097419819243,24740.357768081503,2541.0456064914524,-2.3565728692173051,,,,True,False,,False,,,30565,30509,24302,6207,56,2c5afb5f071eacf958fd9acf1708874e8e9405ee8f7f134e433b0d0c22818b89,80011292fd2f10ce08e8b45f82c2202aabba7d7653dbd771e0a8f5d0fb92a9c7,5fbe55bcb01d9029dd3d19ed3e3d8a4e714ff9c0280ac485c1202d2c8de2161d,927442d605618e5026fb65d396f0cb9bf8b38a0b5f83ba71444169e7430f6ffc,dde449f6871576fcf6f725e379ee4eeed4711b133b722b778b21ca248dcb08d9,196.13874309031874,5.0082500000000003,36,50.856795636274086,0.27381279210684611,observed_profile_hessian,4f885fdff4440a59ac6598c7c8fce542b8ac974da4a0ac4d966934aaa16aafbd,865a87e3787f3d1e4f2df8ade01df2ce99751c73d01662fbf5ef733f7b8236ac,36,9.9999999999999995e-07,"[{""attempt"": 0, ""tolerance"": 2e-07, ""free_valid"": true, ""nll"": 21.59509120489715, ""score"": 8.430339759613048e-13}]",1,21.595091204897152,8.430339759613048e-13,62618.040309477721
calibration,functional,pole,200,99,16,mc,40971.355871710788,2560.7097419819243,20547.945898953374,2390.9987468170275,-8.5417903292277746,,,,True,False,,False,,,40855,40783,30818,9965,72,2c5afb5f071eacf958fd9acf1708874e8e9405ee8f7f134e433b0d0c22818b89,04d31c9783606fa3cf6478e241aa0d280592713b3916fcfd2ef0be6d8811e0ed,4eca8ec0a17d7f88a50786069797b83b68428e5bd43bf4c9a1b2a56f451cc7c8,2d450c1dcaf42c4405a467f5f93ebe0ede686eba5e633ce52593d1087b902be9,8898463a96ff48e68a6c86a1af2718d3d5fb1c4e3e65239f73663ee1744cb0a4,200,5.0082500000000003,36,50.856795636274086,0.27381279210684611,observed_profile_hessian,5f12b0b7294e94dff2548f9d5e88874d6b2047f72bb2ddd6c6a57b9cc451c82f,eb02cbf316dee45c0c55cacc9c6b21881b59c2b3b03746cc2bff81d8a43c4810,36,9.9999999999999995e-07,"[{""attempt"": 0, ""tolerance"": 2e-07, ""free_valid"": true, ""nll"": 59.628875982471044, ""score"": 9.319212068703564e-13}]",1,59.628875982471044,9.319212068703564e-13,56349.031830375658
calibration,functional,logshift,200,99,16,mc,40971.355871710788,2560.7097419819243,32150.659787918088,2544.2063335097869,-3.4669735577712997,,,,True,False,,False,,,40855,40783,32368,8415,72,2c5afb5f071eacf958fd9acf1708874e8e9405ee8f7f134e433b0d0c22818b89,04d31c9783606fa3cf6478e241aa0d280592713b3916fcfd2ef0be6d8811e0ed,4eca8ec0a17d7f88a50786069797b83b68428e5bd43bf4c9a1b2a56f451cc7c8,927442d605618e5026fb65d396f0cb9bf8b38a0b5f83ba71444169e7430f6ffc,dde449f6871576fcf6f725e379ee4eeed4711b133b722b778b21ca248dcb08d9,196.13874309031874,5.0082500000000003,36,50.856795636274086,0.27381279210684611,observed_profile_hessian,2e9d94b75fc85ad788f5f13672a012b2884986dab6f8791623e4abe6d462221c,b1d087dbeff344c0d91a5ab2e4e61f8fc184c807dcb0f62ab8328a17a05ca866,36,9.9999999999999995e-07,"[{""attempt"": 0, ""tolerance"": 2e-07, ""free_valid"": true, ""nll"": 21.91015214664219, ""score"": 5.683870041295336e-12}]",1,21.91015214664219,5.6838700412953358e-12,62673.849206882354
calibration,functional,pole,200,99,20,mc,51214.194839638483,2560.7097419819243,25054.450533094805,2394.109444723224,-10.926711961394034,,,,True,False,,False,,,51419,51330,38797,12533,89,2c5afb5f071eacf958fd9acf1708874e8e9405ee8f7f134e433b0d0c22818b89,864815509a116d3a744e88df0e327a536519ec16a2130165f77abcb92c2fecac,76077afb2e58108913967eeacfcb0375783664bb91aeed0ec82bdda4b138d469,2d450c1dcaf42c4405a467f5f93ebe0ede686eba5e633ce52593d1087b902be9,8898463a96ff48e68a6c86a1af2718d3d5fb1c4e3e65239f73663ee1744cb0a4,200,5.0082500000000003,36,50.856795636274086,0.27381279210684611,observed_profile_hessian,ce25b2efe10a69b068f3a5b1339872343f065a715cfba96c15f29902914bcafa,25a4f4721b83d1640525ab7e5219f63dc2b81aebaaf371635dc77b3dba2b3938,36,9.9999999999999995e-07,"[{""attempt"": 0, ""tolerance"": 2e-07, ""free_valid"": true, ""nll"": 83.5667625069373, ""score"": 4.916067553040193e-12}]",1,83.566762506937295,4.9160675530401932e-12,56402.244163900425
calibration,functional,logshift,200,99,20,mc,51214.194839638483,2560.7097419819243,39639.53384037775,2547.457340884594,-4.5436132780309801,,,,True,False,,False,,,51419,51330,40704,10626,89,2c5afb5f071eacf958fd9acf1708874e8e9405ee8f7f134e433b0d0c22818b89,864815509a116d3a744e88df0e327a536519ec16a2130165f77abcb92c2fecac,76077afb2e58108913967eeacfcb0375783664bb91aeed0ec82bdda4b138d469,927442d605618e5026fb65d396f0cb9bf8b38a0b5f83ba71444169e7430f6ffc,dde449f6871576fcf6f725e379ee4eeed4711b133b722b778b21ca248dcb08d9,196.13874309031874,5.0082500000000003,36,50.856795636274086,0.27381279210684611,observed_profile_hessian,6bfad37c89c3abe086199d4d1913cba5b675f02996dff64c62403ff7f1838773,d43f3c2bfa747b012d3b628fcf56fdfad0d585011d9d9b6320b809672dff23c6,36,9.9999999999999995e-07,"[{""attempt"": 0, ""tolerance"": 2e-07, ""free_valid"": true, ""nll"": 22.988144979059587, ""score"": 2.843764113080738e-11}]",1,22.988144979059587,2.8437641130807378e-11,62732.731388430584
calibration,functional,pole,200,99,24,mc,61457.033807566186,2560.7097419819243,29236.800453080927,2397.0985885371938,-13.441346763358341,,,,True,False,,False,,,61221,61123,46305,14818,98,2c5afb5f071eacf958fd9acf1708874e8e9405ee8f7f134e433b0d0c22818b89,dff4973690c1cf0b93be854b62cf954372752c31d602dd57fe9d3b1018943732,78c2ad3dcbdfd496a25b7837299f62ea41b14b7b11f9ef4d60444b039bded68a,2d450c1dcaf42c4405a467f5f93ebe0ede686eba5e633ce52593d1087b902be9,8898463a96ff48e68a6c86a1af2718d3d5fb1c4e3e65239f73663ee1744cb0a4,200,5.0082500000000003,36,50.856795636274086,0.27381279210684611,observed_profile_hessian,8f1072e6799f29a8c08bc0006314b1823e45da5e3e9556a63ab3eac5961da5e9,43f805d6ce09567f9ea677d4662ea714403ca93ddc6d32843c5f7cda3b075ef9,36,9.9999999999999995e-07,"[{""attempt"": 0, ""tolerance"": 2e-07, ""free_valid"": true, ""nll"": 115.56974978440735, ""score"": 1.6918466627657835e-11}]",1,115.56974978440735,1.6918466627657835e-11,56454.433594152557
calibration,functional,logshift,200,99,24,mc,61457.033807566186,2560.7097419819243,47144.66967442623,2550.494869709717,-5.6116027925078358,,,,True,False,,False,,,61221,61123,48533,12590,98,2c5afb5f071eacf958fd9acf1708874e8e9405ee8f7f134e433b0d0c22818b89,dff4973690c1cf0b93be854b62cf954372752c31d602dd57fe9d3b1018943732,78c2ad3dcbdfd496a25b7837299f62ea41b14b7b11f9ef4d60444b039bded68a,927442d605618e5026fb65d396f0cb9bf8b38a0b5f83ba71444169e7430f6ffc,dde449f6871576fcf6f725e379ee4eeed4711b133b722b778b21ca248dcb08d9,196.13874309031874,5.0082500000000003,36,50.856795636274086,0.27381279210684611,observed_profile_hessian,b0551607d76e0fce3621c809b71c0bccd1a946882cdfba8af8ba7253615ceff4,15b4b7497b99fa43ed1fe5d0dfd32508fe10d56309bd39d77ac212cf6391269f,36,9.9999999999999995e-07,"[{""attempt"": 0, ""tolerance"": 2e-07, ""free_valid"": true, ""nll"": 25.84698858429956, ""score"": 1.0175316145222268e-10}]",1,25.846988584299559,1.0175316145222268e-10,62785.143098287139
