cohort,source,policy,mass_MeV,toy,z,shape,A_expected,s0,Ahat,sigma_postfit,pull,q_true,profile_contains68,profile_contains95,fit_valid,profile_valid,failure_reason,native_cls90_valid,native_cls90,native_cls90_failure,actual_full,actual_support,actual_window,actual_training,actual_outside_support,background_hash,signal_hash,counts_hash,fit_mask_hash,fit_template_hash,center_MeV,nominal_sigma_MeV,fit_bins,kernel_const,kernel_ls,sigma_method,gp_mean_hash,gp_covariance_hash,nuisance_rank,covariance_load,attempts_json,attempt_count,free_nll,fit_score,min_lambda
calibration,nominal,pole,160,30,0,mc,0,3682.3713405497574,-4820.771584958391,3458.1100819487428,-1.3940480409003493,,,,True,False,,False,,,0,0,0,0,0,c9f6d576ffc77c807fd4a7cc5d7da6b3f14497801df690d8ea07cf4129d7caf1,d3bb56f8ed6d718b0d014fd9eec6c619f30907068e2667d838febcc69349baac,c9f6d576ffc77c807fd4a7cc5d7da6b3f14497801df690d8ea07cf4129d7caf1,c63f5e67d4ee7a982b6770215debbacc9c573eb36997f9071a73e9732a6640bc,773dfb0983a0421b916611fd4e74a65670428683c8597b6cd828dfa3ab0d69b5,160,3.8266500000000003,27,50.684984180823712,0.27368014351556891,observed_profile_hessian,367cba472c6f261b6010f7c798e50df6857f6ddcf56625ae5972292817566f1c,6c01483a488ac52dd4446aa2fe57f8e882a3598acd2bcb3da13662c5efe21f82,27,9.9999999999999995e-07,"[{""attempt"": 0, ""tolerance"": 2e-07, ""free_valid"": true, ""nll"": 15.253791697506655, ""score"": 1.5961154620214302e-10}]",1,15.253791697506655,1.5961154620214302e-10,183520.33025200962
calibration,nominal,logshift,160,30,0,mc,0,3682.3713405497574,-3071.9589201933354,3681.8579885539284,-0.83435019214303419,,,,True,False,,False,,,0,0,0,0,0,c9f6d576ffc77c807fd4a7cc5d7da6b3f14497801df690d8ea07cf4129d7caf1,d3bb56f8ed6d718b0d014fd9eec6c619f30907068e2667d838febcc69349baac,c9f6d576ffc77c807fd4a7cc5d7da6b3f14497801df690d8ea07cf4129d7caf1,92b2697514ff9c9b0d79bbf8d7186ee234dbb364029fbef761dd9bd6c8ff1e4a,15253fb33ac7f3518d3819c4a5a5cc21a87fa21f40ae5133675503b36361ff3e,156.63278130884902,3.8266500000000003,28,50.684984180823712,0.27368014351556891,observed_profile_hessian,8d14bd090f5ff97970f5f498e2800c16b51361f21ad25f7ac9c16dd6f4b6607a,2f982af16dca154eaff5e6cbc5fef32baed454e421663347f30051372006e03b,28,9.9999999999999995e-07,"[{""attempt"": 0, ""tolerance"": 2e-07, ""free_valid"": true, ""nll"": 15.819705114860062, ""score"": 6.775879857201517e-11}]",1,15.819705114860062,6.7758798572015166e-11,199464.66997707196
calibration,nominal,pole,160,30,1,mc,3682.3713405497574,3682.3713405497574,-3312.7639470125505,3458.8546455513997,-2.0223848656257037,,,,True,False,,False,,,3838,3835,2885,950,3,c9f6d576ffc77c807fd4a7cc5d7da6b3f14497801df690d8ea07cf4129d7caf1,5fdca5fc6a2f3208496887fba5f76a8c9ad8c3cce960fe8fffeb414454d46b3d,dff73a6a121b34f97e562a4931bf7c7fd49a8bb83efd9018ae302621a68e431d,c63f5e67d4ee7a982b6770215debbacc9c573eb36997f9071a73e9732a6640bc,773dfb0983a0421b916611fd4e74a65670428683c8597b6cd828dfa3ab0d69b5,160,3.8266500000000003,27,50.684984180823712,0.27368014351556891,observed_profile_hessian,0b9ad1f59f30cdad964b69667344fe300c1d51a16223fcf48619ae58ff90b936,5bdc8ad2e0dc85da8dd6109a73b64e03ebcc5f4703f14bd2d119499f8b48f655,27,9.9999999999999995e-07,"[{""attempt"": 0, ""tolerance"": 2e-07, ""free_valid"": true, ""nll"": 15.575898358860124, ""score"": 9.904299602681021e-12}]",1,15.575898358860124,9.9042996026810215e-12,183546.29130409946
calibration,nominal,logshift,160,30,1,mc,3682.3713405497574,3682.3713405497574,72.278559768769085,3682.657263488275,-0.98029561875694282,,,,True,False,,False,,,3838,3835,3144,691,3,c9f6d576ffc77c807fd4a7cc5d7da6b3f14497801df690d8ea07cf4129d7caf1,5fdca5fc6a2f3208496887fba5f76a8c9ad8c3cce960fe8fffeb414454d46b3d,dff73a6a121b34f97e562a4931bf7c7fd49a8bb83efd9018ae302621a68e431d,92b2697514ff9c9b0d79bbf8d7186ee234dbb364029fbef761dd9bd6c8ff1e4a,15253fb33ac7f3518d3819c4a5a5cc21a87fa21f40ae5133675503b36361ff3e,156.63278130884902,3.8266500000000003,28,50.684984180823712,0.27368014351556891,observed_profile_hessian,bd379805ba69b5d2c07a20437f69d98e040c1f1329b937b156e69e935e9ef18a,b1a5b2e2e09f86038f58ec1943a5d53a64d90a4402740d0e99bd557c440c0259,28,9.9999999999999995e-07,"[{""attempt"": 0, ""tolerance"": 2e-07, ""free_valid"": true, ""nll"": 15.973317420290181, ""score"": 1.2551570893748476e-11}]",1,15.973317420290181,1.2551570893748476e-11,199485.27961470064
calibration,nominal,pole,160,30,2,mc,7364.7426810995148,3682.3713405497574,-1917.5870960624202,3459.5328483166977,-2.6831165316665313,,,,True,False,,False,,,7351,7342,5547,1795,9,c9f6d576ffc77c807fd4a7cc5d7da6b3f14497801df690d8ea07cf4129d7caf1,44a155a8d471c07a136c27c942c9d94653245b85c848922d424174d84cedd020,3296aab5516101253c48d0305249bcc16f44d4529a40c0663cb72538baad0f86,c63f5e67d4ee7a982b6770215debbacc9c573eb36997f9071a73e9732a6640bc,773dfb0983a0421b916611fd4e74a65670428683c8597b6cd828dfa3ab0d69b5,160,3.8266500000000003,27,50.684984180823712,0.27368014351556891,observed_profile_hessian,644bd2ca835a0e4915642095cfc31fd4fae251d12941561199bda73a3f02db38,11b8892a5c2c7df0a12c45653146822a9ef4820fa3d284a53fbf36e2a315423a,27,9.9999999999999995e-07,"[{""attempt"": 0, ""tolerance"": 2e-07, ""free_valid"": true, ""nll"": 16.375281664823202, ""score"": 1.0572698272426351e-10}]",1,16.375281664823202,1.0572698272426351e-10,183569.71658301435
calibration,nominal,logshift,160,30,2,mc,7364.7426810995148,3682.3713405497574,3010.4927883629225,3683.3663457000266,-1.1821386970698033,,,,True,False,,False,,,7351,7342,6035,1307,9,c9f6d576ffc77c807fd4a7cc5d7da6b3f14497801df690d8ea07cf4129d7caf1,44a155a8d471c07a136c27c942c9d94653245b85c848922d424174d84cedd020,3296aab5516101253c48d0305249bcc16f44d4529a40c0663cb72538baad0f86,92b2697514ff9c9b0d79bbf8d7186ee234dbb364029fbef761dd9bd6c8ff1e4a,15253fb33ac7f3518d3819c4a5a5cc21a87fa21f40ae5133675503b36361ff3e,156.63278130884902,3.8266500000000003,28,50.684984180823712,0.27368014351556891,observed_profile_hessian,f7aa67113d8f35ec7561d2516fdc75d82d676b07ff9d868dc6b776b7e4c80749,017a1336d6c8213bb0d747631bc8374e4b04268de23758a5178b5b4630611686,28,9.9999999999999995e-07,"[{""attempt"": 0, ""tolerance"": 2e-07, ""free_valid"": true, ""nll"": 16.14999259688174, ""score"": 1.3380327956724614e-09}]",1,16.149992596881741,1.3380327956724614e-09,199503.21123515168
calibration,nominal,pole,160,30,3,mc,11047.114021649271,3682.3713405497574,-390.36842915862815,3460.254807433017,-3.3053873449547413,,,,True,False,,False,,,11048,11029,8262,2767,19,c9f6d576ffc77c807fd4a7cc5d7da6b3f14497801df690d8ea07cf4129d7caf1,aa387f1158fce01bdcdc940ea63a63f0dbaff0c49d5340e2821bc3bb50cba542,01dd0dd24c5555b81bd7d74969bb4fb8d6628cc2468c2cc826c364d7db4e1438,c63f5e67d4ee7a982b6770215debbacc9c573eb36997f9071a73e9732a6640bc,773dfb0983a0421b916611fd4e74a65670428683c8597b6cd828dfa3ab0d69b5,160,3.8266500000000003,27,50.684984180823712,0.27368014351556891,observed_profile_hessian,aea15c4f419bb2d79a45653ae53b1908f4ba2d1cdd6a32a797f87a3a43ed273f,e691990b60bb59221577915ec9e56299e63904ebad1ee8c472d4309a273dcdec,27,9.9999999999999995e-07,"[{""attempt"": 0, ""tolerance"": 2e-07, ""free_valid"": true, ""nll"": 17.5501787532712, ""score"": 1.1165679492108893e-09}]",1,17.550178753271201,1.1165679492108893e-09,183593.95734680947
calibration,nominal,logshift,160,30,3,mc,11047.114021649271,3682.3713405497574,5910.3626227605591,3684.1140422676731,-1.3942976085851297,,,,True,False,,False,,,11048,11029,9039,1990,19,c9f6d576ffc77c807fd4a7cc5d7da6b3f14497801df690d8ea07cf4129d7caf1,aa387f1158fce01bdcdc940ea63a63f0dbaff0c49d5340e2821bc3bb50cba542,01dd0dd24c5555b81bd7d74969bb4fb8d6628cc2468c2cc826c364d7db4e1438,92b2697514ff9c9b0d79bbf8d7186ee234dbb364029fbef761dd9bd6c8ff1e4a,15253fb33ac7f3518d3819c4a5a5cc21a87fa21f40ae5133675503b36361ff3e,156.63278130884902,3.8266500000000003,28,50.684984180823712,0.27368014351556891,observed_profile_hessian,fccc23276115974268b1de7429574a031c089de1f3bd4e75ba08cdc1b39035c7,108fe7fc610f2f02567aa1a9dbd51fa0a33072bf654fa0759724dd88f0e62be2,28,9.9999999999999995e-07,"[{""attempt"": 0, ""tolerance"": 2e-07, ""free_valid"": true, ""nll"": 16.250668768225147, ""score"": 1.116499973030649e-08}]",1,16.250668768225147,1.1164999730306491e-08,199524.69074224611
calibration,nominal,pole,160,30,4,mc,14729.48536219903,3682.3713405497574,1176.1963941759204,3460.9757003105437,-3.9160312413655518,,,,True,False,,False,,,14780,14757,11090,3667,23,c9f6d576ffc77c807fd4a7cc5d7da6b3f14497801df690d8ea07cf4129d7caf1,d3e81bee375699a0057f255153448588307135d5f993fb5cca5110be9ccdd58d,aa7a857743b650cbbd7f9d79c960eb9475ae9a71d616c39b76009e99cb15741f,c63f5e67d4ee7a982b6770215debbacc9c573eb36997f9071a73e9732a6640bc,773dfb0983a0421b916611fd4e74a65670428683c8597b6cd828dfa3ab0d69b5,160,3.8266500000000003,27,50.684984180823712,0.27368014351556891,observed_profile_hessian,4fc8a4acabefdf78a6a388d2a008d1c1a0ee399175e113efc35b5a49bcb8c584,6cc8e13e1860f15567de85b00d6ce7f790ded9cb1078f993374c60fdd8c8deca,27,9.9999999999999995e-07,"[{""attempt"": 0, ""tolerance"": 2e-07, ""free_valid"": true, ""nll"": 19.53497045873208, ""score"": 5.790839807673365e-09}]",1,19.534970458732079,5.7908398076733647e-09,183619.13582902969
calibration,nominal,logshift,160,30,4,mc,14729.48536219903,3682.3713405497574,9042.6252851296522,3684.8820428600029,-1.543295012139805,,,,True,False,,False,,,14780,14757,12117,2640,23,c9f6d576ffc77c807fd4a7cc5d7da6b3f14497801df690d8ea07cf4129d7caf1,d3e81bee375699a0057f255153448588307135d5f993fb5cca5110be9ccdd58d,aa7a857743b650cbbd7f9d79c960eb9475ae9a71d616c39b76009e99cb15741f,92b2697514ff9c9b0d79bbf8d7186ee234dbb364029fbef761dd9bd6c8ff1e4a,15253fb33ac7f3518d3819c4a5a5cc21a87fa21f40ae5133675503b36361ff3e,156.63278130884902,3.8266500000000003,28,50.684984180823712,0.27368014351556891,observed_profile_hessian,9fbb849ff07bd6daac49ad410d6b60062ee2a101007c17ce19e365a7af162957,7a8134c86cfcc76d9c002086077a7211dfdc78a1c090a8f1f21f7f1ff341266f,28,9.9999999999999995e-07,"[{""attempt"": 0, ""tolerance"": 2e-07, ""free_valid"": true, ""nll"": 16.558848693572287, ""score"": 4.7895700155953236e-08}]",1,16.558848693572287,4.7895700155953236e-08,199544.77269512549
calibration,nominal,pole,160,30,5,mc,18411.856702748788,3682.3713405497574,2838.5620650328224,3461.6814465750581,-4.4987659546559309,,,,True,False,,False,,,18483,18456,13908,4548,27,c9f6d576ffc77c807fd4a7cc5d7da6b3f14497801df690d8ea07cf4129d7caf1,55fa2b9b2d6598c904eb7cbe43da319666a755e1f905e9299cb9768559560bee,ddcf743138e3cc26fd2d90fe47ed12127c6dd646a6b4997c751628f2c1e22cfb,c63f5e67d4ee7a982b6770215debbacc9c573eb36997f9071a73e9732a6640bc,773dfb0983a0421b916611fd4e74a65670428683c8597b6cd828dfa3ab0d69b5,160,3.8266500000000003,27,50.684984180823712,0.27368014351556891,observed_profile_hessian,a192687d23c04184b1aebc6726dcf518d1a91ff8406981d1a758dcf1a17da974,a3ab4508f9cd7c11d8ad6543ad4fa2b85b4290dd2924d94f9879025e56151627,27,9.9999999999999995e-07,"[{""attempt"": 0, ""tolerance"": 2e-07, ""free_valid"": true, ""nll"": 21.658043086319886, ""score"": 1.9608217272093498e-08}]",1,21.658043086319886,1.9608217272093498e-08,183641.71628749373
calibration,nominal,logshift,160,30,5,mc,18411.856702748788,3682.3713405497574,11966.003761830756,3685.6770348583586,-1.7488925046753987,,,,True,False,,False,,,18483,18456,15147,3309,27,c9f6d576ffc77c807fd4a7cc5d7da6b3f14497801df690d8ea07cf4129d7caf1,55fa2b9b2d6598c904eb7cbe43da319666a755e1f905e9299cb9768559560bee,ddcf743138e3cc26fd2d90fe47ed12127c6dd646a6b4997c751628f2c1e22cfb,92b2697514ff9c9b0d79bbf8d7186ee234dbb364029fbef761dd9bd6c8ff1e4a,15253fb33ac7f3518d3819c4a5a5cc21a87fa21f40ae5133675503b36361ff3e,156.63278130884902,3.8266500000000003,28,50.684984180823712,0.27368014351556891,observed_profile_hessian,354963e2acadb38a8743b021dd94c42231b168d7706e91e5abbe088d8044dff8,7d452925ea3d23cfd70d3ab266917b2c5346715115d2465cf8bd90d9030125dd,28,9.9999999999999995e-07,"[{""attempt"": 0, ""tolerance"": 2e-07, ""free_valid"": true, ""nll"": 16.738094849271487, ""score"": 1.3160002859669007e-07}]",1,16.738094849271487,1.3160002859669007e-07,199566.6755048575
calibration,nominal,pole,160,30,6,mc,22094.228043298543,3682.3713405497574,4166.565558441911,3462.3855138589429,-5.1778354585580679,,,,True,False,,False,,,22108,22082,16669,5413,26,c9f6d576ffc77c807fd4a7cc5d7da6b3f14497801df690d8ea07cf4129d7caf1,3a74cda28b0cbb0cc54695aaa524cf5680d188706e90e74e62ef762bced6d424,64a49aaf399ca59e9a3ea395966813ee2cbab3269ac8116646fb873c709c1097,c63f5e67d4ee7a982b6770215debbacc9c573eb36997f9071a73e9732a6640bc,773dfb0983a0421b916611fd4e74a65670428683c8597b6cd828dfa3ab0d69b5,160,3.8266500000000003,27,50.684984180823712,0.27368014351556891,observed_profile_hessian,49230ebeb768ef549d09d62371bbcc86f9e8fdffd68d037dcfdf7f5ffe2c6fba,154613a1a47b606f30c51aa9978593f30bf935077ec93b6daf3f0ee81c6b4cf9,27,9.9999999999999995e-07,"[{""attempt"": 0, ""tolerance"": 2e-07, ""free_valid"": true, ""nll"": 25.078087584283423, ""score"": 4.685504340073976e-08}]",1,25.078087584283423,4.685504340073976e-08,183667.40791500534
calibration,nominal,logshift,160,30,6,mc,22094.228043298543,3682.3713405497574,15185.31119543422,3686.3953294270705,-1.8741660159758524,,,,True,False,,False,,,22108,22082,18106,3976,26,c9f6d576ffc77c807fd4a7cc5d7da6b3f14497801df690d8ea07cf4129d7caf1,3a74cda28b0cbb0cc54695aaa524cf5680d188706e90e74e62ef762bced6d424,64a49aaf399ca59e9a3ea395966813ee2cbab3269ac8116646fb873c709c1097,92b2697514ff9c9b0d79bbf8d7186ee234dbb364029fbef761dd9bd6c8ff1e4a,15253fb33ac7f3518d3819c4a5a5cc21a87fa21f40ae5133675503b36361ff3e,156.63278130884902,3.8266500000000003,28,50.684984180823712,0.27368014351556891,observed_profile_hessian,37c47ad09ba8a1455b85bfae22398f8b8c720fa947e5b95b5e854f8387c92922,6ea2f2d05db4f81f2e5e003b3bf1d502795b3733571d91a80c6c326005605c46,28,9.9999999999999995e-07,"[{""attempt"": 0, ""tolerance"": 2e-07, ""free_valid"": true, ""nll"": 17.42157569353272, ""score"": 9.360567876370851e-14}]",1,17.42157569353272,9.3605678763708511e-14,199582.42379099136
calibration,nominal,pole,160,30,8,mc,29458.970724398059,3682.3713405497574,7226.9404701507883,3463.8023709435524,-6.4183887743546943,,,,True,False,,False,,,29512,29487,22193,7294,25,c9f6d576ffc77c807fd4a7cc5d7da6b3f14497801df690d8ea07cf4129d7caf1,cf23910cc9f5190b3f7db4b482e24f8fa56c8560b1764f90d294fe4516c8706a,9a80fac7be84fafea940a42ff97f0b75810e1fb1c6bada11cbf688298323df26,c63f5e67d4ee7a982b6770215debbacc9c573eb36997f9071a73e9732a6640bc,773dfb0983a0421b916611fd4e74a65670428683c8597b6cd828dfa3ab0d69b5,160,3.8266500000000003,27,50.684984180823712,0.27368014351556891,observed_profile_hessian,489bd9a46e7a12b076e4635bd4d8312184933adac5ecd4fc5032149e843fcc22,8ebfaa6e6c0b38ec82ccf004ae5df0f9600dc0295bfc91699223226135a7c232,27,9.9999999999999995e-07,"[{""attempt"": 0, ""tolerance"": 2e-07, ""free_valid"": true, ""nll"": 31.15060830086867, ""score"": 1.7919276240618842e-07}]",1,31.150608300868669,1.7919276240618842e-07,183716.10294483035
calibration,nominal,logshift,160,30,8,mc,29458.970724398059,3682.3713405497574,20888.212525981427,3687.9236079695575,-2.3240064354628522,,,,True,False,,False,,,29512,29487,24101,5386,25,c9f6d576ffc77c807fd4a7cc5d7da6b3f14497801df690d8ea07cf4129d7caf1,cf23910cc9f5190b3f7db4b482e24f8fa56c8560b1764f90d294fe4516c8706a,9a80fac7be84fafea940a42ff97f0b75810e1fb1c6bada11cbf688298323df26,92b2697514ff9c9b0d79bbf8d7186ee234dbb364029fbef761dd9bd6c8ff1e4a,15253fb33ac7f3518d3819c4a5a5cc21a87fa21f40ae5133675503b36361ff3e,156.63278130884902,3.8266500000000003,28,50.684984180823712,0.27368014351556891,observed_profile_hessian,271fbe15a1c823612dde379884733242bdd26d839f720ba87a7087bc6204dc16,5eade862a9156b3e66c682cdc04d84ca97a1749fc922cd06110a3930afca1665,28,9.9999999999999995e-07,"[{""attempt"": 0, ""tolerance"": 2e-07, ""free_valid"": true, ""nll"": 17.469570215176326, ""score"": 7.820827319093837e-14}]",1,17.469570215176326,7.8208273190938371e-14,199627.32138551906
calibration,nominal,pole,160,30,10,mc,36823.713405497576,3682.3713405497574,9814.3514077857399,3465.16569553405,-7.7945369344161088,,,,True,False,,False,,,36413,36370,27317,9053,43,c9f6d576ffc77c807fd4a7cc5d7da6b3f14497801df690d8ea07cf4129d7caf1,e4692f2a91a4831f6c65eeed181d5f80f124199c69163a4d859804a8b13298db,47687723ff1ee7147e0641d88bb2e7f4ec88ade295565f45235675cbc89cbfd5,c63f5e67d4ee7a982b6770215debbacc9c573eb36997f9071a73e9732a6640bc,773dfb0983a0421b916611fd4e74a65670428683c8597b6cd828dfa3ab0d69b5,160,3.8266500000000003,27,50.684984180823712,0.27368014351556891,observed_profile_hessian,b728ed3cacdbba84da91d75901758dbff95e51714574e857dbeb5af88dc5b462,473cb16c945f4dc0f7b514bf32af2621d1d6f60643434af6ec0a8ac183035224,27,9.9999999999999995e-07,"[{""attempt"": 0, ""tolerance"": 2e-07, ""free_valid"": true, ""nll"": 40.5497850157493, ""score"": 1.5765166949677223e-14}]",1,40.5497850157493,1.5765166949677223e-14,183764.27616553305
calibration,nominal,logshift,160,30,10,mc,36823.713405497576,3682.3713405497574,26620.388846791615,3689.307202945628,-2.7656478567464893,,,,True,False,,False,,,36413,36370,29718,6652,43,c9f6d576ffc77c807fd4a7cc5d7da6b3f14497801df690d8ea07cf4129d7caf1,e4692f2a91a4831f6c65eeed181d5f80f124199c69163a4d859804a8b13298db,47687723ff1ee7147e0641d88bb2e7f4ec88ade295565f45235675cbc89cbfd5,92b2697514ff9c9b0d79bbf8d7186ee234dbb364029fbef761dd9bd6c8ff1e4a,15253fb33ac7f3518d3819c4a5a5cc21a87fa21f40ae5133675503b36361ff3e,156.63278130884902,3.8266500000000003,28,50.684984180823712,0.27368014351556891,observed_profile_hessian,c3043198b30136b45c25c409c21bfd1f36d8c7c3d6a105f8db2af3777f98524f,8054b146427d070b43ec495aaf1bd41460a4017229eea645c6e58df3353f93b0,28,9.9999999999999995e-07,"[{""attempt"": 0, ""tolerance"": 2e-07, ""free_valid"": true, ""nll"": 19.05606180629919, ""score"": 8.293365993949919e-14}]",1,19.056061806299191,8.2933659939499194e-14,199663.09281396584
calibration,nominal,pole,160,30,12,mc,44188.456086597085,3682.3713405497574,13244.860308739684,3466.5986614984827,-8.9262123480084732,,,,True,False,,False,,,44114,44065,33238,10827,49,c9f6d576ffc77c807fd4a7cc5d7da6b3f14497801df690d8ea07cf4129d7caf1,841291609e8686773b27a2bc8b528a7a124125bb58e4fe78d7220c2e7d8ac60a,1c4120ab10eeeddd8aeea7920e980ff08b1002c84fc01ed6b1362266bd62e426,c63f5e67d4ee7a982b6770215debbacc9c573eb36997f9071a73e9732a6640bc,773dfb0983a0421b916611fd4e74a65670428683c8597b6cd828dfa3ab0d69b5,160,3.8266500000000003,27,50.684984180823712,0.27368014351556891,observed_profile_hessian,3767a087639051e9420e6b6f06300069cbe72546293c4b6aad701432f0956440,7bcf1b401549b24e62175190ae2a2d8e267eb84ebe27bdfd6e85a7b0b9a61cb1,27,9.9999999999999995e-07,"[{""attempt"": 0, ""tolerance"": 2e-07, ""free_valid"": true, ""nll"": 51.93672742270797, ""score"": 4.796163466380676e-14}]",1,51.936727422707968,4.7961634663806763e-14,183810.91826751712
calibration,nominal,logshift,160,30,12,mc,44188.456086597085,3682.3713405497574,33258.966702111058,3690.907047835422,-2.961193344301575,,,,True,False,,False,,,44114,44065,36023,8042,49,c9f6d576ffc77c807fd4a7cc5d7da6b3f14497801df690d8ea07cf4129d7caf1,841291609e8686773b27a2bc8b528a7a124125bb58e4fe78d7220c2e7d8ac60a,1c4120ab10eeeddd8aeea7920e980ff08b1002c84fc01ed6b1362266bd62e426,92b2697514ff9c9b0d79bbf8d7186ee234dbb364029fbef761dd9bd6c8ff1e4a,15253fb33ac7f3518d3819c4a5a5cc21a87fa21f40ae5133675503b36361ff3e,156.63278130884902,3.8266500000000003,28,50.684984180823712,0.27368014351556891,observed_profile_hessian,4f8aab40fbe7851604b1031fa65c52fe92425d3bf37761478af7ed7a890a0494,e621f54b0d38a70fd85a9bc280d84d1037ec7cfcd5ec3a6804dc37b38c682a62,28,9.9999999999999995e-07,"[{""attempt"": 0, ""tolerance"": 2e-07, ""free_valid"": true, ""nll"": 19.25420026897738, ""score"": 9.497957975668214e-14}]",1,19.254200268977382,9.4979579756682142e-14,199699.3830114532
calibration,nominal,pole,160,30,16,mc,58917.941448796118,3682.3713405497574,19014.819619421956,3469.4774517016585,-11.501190708071345,,,,True,False,,False,,,58955,58879,44306,14573,76,c9f6d576ffc77c807fd4a7cc5d7da6b3f14497801df690d8ea07cf4129d7caf1,a297af7c52661c27953cadab8d51b5f77cffc70b88d630aebea0187ba478f236,fc3faeb9075a6d8d5bd941cd3723c6973addc178f6a876a078896849a1b9b754,c63f5e67d4ee7a982b6770215debbacc9c573eb36997f9071a73e9732a6640bc,773dfb0983a0421b916611fd4e74a65670428683c8597b6cd828dfa3ab0d69b5,160,3.8266500000000003,27,50.684984180823712,0.27368014351556891,observed_profile_hessian,af6235b97a2aeb1ad50d3e40b54d0321e2969bdadce623fa6dcb2f7d32820fe8,2e7aa4487234edaaef8096923830688868068aa042e490e0d88f221e7f13229f,27,9.9999999999999995e-07,"[{""attempt"": 0, ""tolerance"": 2e-07, ""free_valid"": true, ""nll"": 79.97996469896272, ""score"": 1.8696155734687636e-13}]",1,79.979964698962718,1.8696155734687636e-13,183915.28098342082
calibration,nominal,logshift,160,30,16,mc,58917.941448796118,3682.3713405497574,44999.729951910929,3693.9312764141373,-3.767858808244049,,,,True,False,,False,,,58955,58879,48077,10802,76,c9f6d576ffc77c807fd4a7cc5d7da6b3f14497801df690d8ea07cf4129d7caf1,a297af7c52661c27953cadab8d51b5f77cffc70b88d630aebea0187ba478f236,fc3faeb9075a6d8d5bd941cd3723c6973addc178f6a876a078896849a1b9b754,92b2697514ff9c9b0d79bbf8d7186ee234dbb364029fbef761dd9bd6c8ff1e4a,15253fb33ac7f3518d3819c4a5a5cc21a87fa21f40ae5133675503b36361ff3e,156.63278130884902,3.8266500000000003,28,50.684984180823712,0.27368014351556891,observed_profile_hessian,d9f42a707475d8f8f12b0accb1d2c668ba3c780c3d4d6e05c22e20fe9b4e34df,19ffe78db8c55a8a8171881f4adb6ff93784217aa510ab65e7cb692bb8b6bac2,28,9.9999999999999995e-07,"[{""attempt"": 0, ""tolerance"": 2e-07, ""free_valid"": true, ""nll"": 22.150173650825252, ""score"": 3.0597746558669314e-13}]",1,22.150173650825252,3.0597746558669314e-13,199786.84341266399
calibration,nominal,pole,160,30,20,mc,73647.426810995152,3682.3713405497574,25116.597122322433,3472.2835163339291,-13.97663222498376,,,,True,False,,False,,,73579,73480,55136,18344,99,c9f6d576ffc77c807fd4a7cc5d7da6b3f14497801df690d8ea07cf4129d7caf1,4c533e79a5bbd63489b14083a2e646447e5e683640041dd5b8f1073563f327d3,7a06cf582ee86f212ccb31dca057af13a4b87e1f1ab1568ef9cc7d98c2d49f7c,c63f5e67d4ee7a982b6770215debbacc9c573eb36997f9071a73e9732a6640bc,773dfb0983a0421b916611fd4e74a65670428683c8597b6cd828dfa3ab0d69b5,160,3.8266500000000003,27,50.684984180823712,0.27368014351556891,observed_profile_hessian,85c022ab8c1ffa9baa01893d943e29f234ce6991ac72b164c6fc4c8bc55a3782,f9feb02ebbf0130cd5fbbbfce6d22d3f3ca91076b0f306988cc33ff5b3b4b325,27,9.9999999999999995e-07,"[{""attempt"": 0, ""tolerance"": 2e-07, ""free_valid"": true, ""nll"": 114.45232404309789, ""score"": 2.842170943040401e-14}]",1,114.45232404309789,2.8421709430404007e-14,184006.17011143072
calibration,nominal,logshift,160,30,20,mc,73647.426810995152,3682.3713405497574,57099.658788605178,3696.9383233276444,-4.4760735979753088,,,,True,False,,False,,,73579,73480,59964,13516,99,c9f6d576ffc77c807fd4a7cc5d7da6b3f14497801df690d8ea07cf4129d7caf1,4c533e79a5bbd63489b14083a2e646447e5e683640041dd5b8f1073563f327d3,7a06cf582ee86f212ccb31dca057af13a4b87e1f1ab1568ef9cc7d98c2d49f7c,92b2697514ff9c9b0d79bbf8d7186ee234dbb364029fbef761dd9bd6c8ff1e4a,15253fb33ac7f3518d3819c4a5a5cc21a87fa21f40ae5133675503b36361ff3e,156.63278130884902,3.8266500000000003,28,50.684984180823712,0.27368014351556891,observed_profile_hessian,281c65154a3c177c63f331ff2fa78fc241e2b34cf399a5efeec64df61a7c6e03,e5110e3b557e6674350532baaa7eadee6ef2155253de13fdd794b72483e5b36b,28,9.9999999999999995e-07,"[{""attempt"": 0, ""tolerance"": 2e-07, ""free_valid"": true, ""nll"": 23.740320982981228, ""score"": 1.032174345994008e-12}]",1,23.740320982981228,1.032174345994008e-12,199859.87027663513
calibration,nominal,pole,160,30,24,mc,88376.91217319417,3682.3713405497574,30926.032086919349,3475.1021820130404,-16.532141237065712,,,,True,False,,False,,,88230,88129,66286,21843,101,c9f6d576ffc77c807fd4a7cc5d7da6b3f14497801df690d8ea07cf4129d7caf1,57eeb9279f73fe64c00b371cf0487f1776e18b769f44476bd05a03bb121c2853,77d89b1a439bc8251e2de06416c4041ae252d59faae2c0a6a561b386d11f092a,c63f5e67d4ee7a982b6770215debbacc9c573eb36997f9071a73e9732a6640bc,773dfb0983a0421b916611fd4e74a65670428683c8597b6cd828dfa3ab0d69b5,160,3.8266500000000003,27,50.684984180823712,0.27368014351556891,observed_profile_hessian,c85bbe9388ff8477e8f5a5ad2852fb94c24261a27509c920448733f334d7846c,fdd31fc9c5292eae79f578732f2fb526c78355bdfe3dd7f5e9383344397ad4ea,27,9.9999999999999995e-07,"[{""attempt"": 0, ""tolerance"": 2e-07, ""free_valid"": true, ""nll"": 157.74371227584015, ""score"": 1.389999226830696e-13}]",1,157.74371227584015,1.389999226830696e-13,184109.23718234902
calibration,nominal,logshift,160,30,24,mc,88376.91217319417,3682.3713405497574,68953.179888436556,3699.9477542237355,-5.249731502987883,,,,True,False,,False,,,88230,88129,72035,16094,101,c9f6d576ffc77c807fd4a7cc5d7da6b3f14497801df690d8ea07cf4129d7caf1,57eeb9279f73fe64c00b371cf0487f1776e18b769f44476bd05a03bb121c2853,77d89b1a439bc8251e2de06416c4041ae252d59faae2c0a6a561b386d11f092a,92b2697514ff9c9b0d79bbf8d7186ee234dbb364029fbef761dd9bd6c8ff1e4a,15253fb33ac7f3518d3819c4a5a5cc21a87fa21f40ae5133675503b36361ff3e,156.63278130884902,3.8266500000000003,28,50.684984180823712,0.27368014351556891,observed_profile_hessian,f9725f197253772b799dab488b06454af44486879ae06e877383889b1025c443,d9ddff4aa57c56b482a1eb8b0d2ffb2a24c1f1621919c02e0ba79a7e6de1050a,28,9.9999999999999995e-07,"[{""attempt"": 0, ""tolerance"": 2e-07, ""free_valid"": true, ""nll"": 27.24627093911621, ""score"": 3.774980328330457e-12}]",1,27.246270939116211,3.7749803283304573e-12,199945.06700099516
calibration,nominal,pole,160,31,0,mc,0,3682.3713405497574,-2570.6682167170884,3458.8415592945926,-0.74321652861178145,,,,True,False,,False,,,0,0,0,0,0,7b39416ff0c4308b15e1545346ffe1ebd6b3baa0208bc6a68ab920472c39038a,d3bb56f8ed6d718b0d014fd9eec6c619f30907068e2667d838febcc69349baac,7b39416ff0c4308b15e1545346ffe1ebd6b3baa0208bc6a68ab920472c39038a,c63f5e67d4ee7a982b6770215debbacc9c573eb36997f9071a73e9732a6640bc,773dfb0983a0421b916611fd4e74a65670428683c8597b6cd828dfa3ab0d69b5,160,3.8266500000000003,27,50.684984180823712,0.27368014351556891,observed_profile_hessian,56918f42a0007a83561de749ae80e75985a47b36cee85bc88a17f15822e8c615,cae849896be238ff65d7ed8eb08ed54514a2272a3ece50070c60998846d3f224,27,9.9999999999999995e-07,"[{""attempt"": 0, ""tolerance"": 2e-07, ""free_valid"": true, ""nll"": 10.59378779670832, ""score"": 5.7939208986113044e-12}]",1,10.59378779670832,5.7939208986113044e-12,183604.48960688495
calibration,nominal,logshift,160,31,0,mc,0,3682.3713405497574,-7405.550176934822,3682.9485147217929,-2.0107666852612063,,,,True,False,,False,,,0,0,0,0,0,7b39416ff0c4308b15e1545346ffe1ebd6b3baa0208bc6a68ab920472c39038a,d3bb56f8ed6d718b0d014fd9eec6c619f30907068e2667d838febcc69349baac,7b39416ff0c4308b15e1545346ffe1ebd6b3baa0208bc6a68ab920472c39038a,92b2697514ff9c9b0d79bbf8d7186ee234dbb364029fbef761dd9bd6c8ff1e4a,15253fb33ac7f3518d3819c4a5a5cc21a87fa21f40ae5133675503b36361ff3e,156.63278130884902,3.8266500000000003,28,50.684984180823712,0.27368014351556891,observed_profile_hessian,63496ff173477905c81992ad3df0991ace22a55f51045771b0316af531505f42,b426a22203714ca8aa742aaea5f58fe9282edf195221fc29bcf308fe57cf7aba,28,9.9999999999999995e-07,"[{""attempt"": 0, ""tolerance"": 2e-07, ""free_valid"": true, ""nll"": 11.546523402632443, ""score"": 1.1617212913872521e-08}]",1,11.546523402632443,1.1617212913872521e-08,199638.0116939017
calibration,nominal,pole,160,31,1,mc,3682.3713405497574,3682.3713405497574,-1018.3005335304453,3459.5879779117163,-1.3587374866869644,,,,True,False,,False,,,3857,3850,2930,920,7,7b39416ff0c4308b15e1545346ffe1ebd6b3baa0208bc6a68ab920472c39038a,b21d8e644145eeddaa75138d94cdea868002fa0b215bb6399b5302e8bd11889a,2c5756ad849710e625a53c7a88cffccabb92baeb5fb5464630eccfb6b7e8025c,c63f5e67d4ee7a982b6770215debbacc9c573eb36997f9071a73e9732a6640bc,773dfb0983a0421b916611fd4e74a65670428683c8597b6cd828dfa3ab0d69b5,160,3.8266500000000003,27,50.684984180823712,0.27368014351556891,observed_profile_hessian,93079e2c19a2522fad9211c80698414131e957b6880c162350af0081fc7e91a2,ac1951c2238ad71f1f50c2315720386a5210f340eed367250a9bc8ae98b8fc1e,27,9.9999999999999995e-07,"[{""attempt"": 0, ""tolerance"": 2e-07, ""free_valid"": true, ""nll"": 9.377054101829653, ""score"": 3.082356592187807e-11}]",1,9.3770541018296534,3.0823565921878071e-11,183630.21610460049
calibration,nominal,logshift,160,31,1,mc,3682.3713405497574,3682.3713405497574,-4151.677637667025,3683.7487380262969,-2.1266512825231834,,,,True,False,,False,,,3857,3850,3172,678,7,7b39416ff0c4308b15e1545346ffe1ebd6b3baa0208bc6a68ab920472c39038a,b21d8e644145eeddaa75138d94cdea868002fa0b215bb6399b5302e8bd11889a,2c5756ad849710e625a53c7a88cffccabb92baeb5fb5464630eccfb6b7e8025c,92b2697514ff9c9b0d79bbf8d7186ee234dbb364029fbef761dd9bd6c8ff1e4a,15253fb33ac7f3518d3819c4a5a5cc21a87fa21f40ae5133675503b36361ff3e,156.63278130884902,3.8266500000000003,28,50.684984180823712,0.27368014351556891,observed_profile_hessian,3ebb4afd289508293e369fce960649cd36b1b0347b8b9f7ff741e70af8244e7b,aafdeab1477ffb05a5de2466c12a88bc15b6f342da185294728dfd3ad0a6d9b1,28,9.9999999999999995e-07,"[{""attempt"": 0, ""tolerance"": 2e-07, ""free_valid"": true, ""nll"": 11.462357758822435, ""score"": 1.058383602980939e-09}]",1,11.462357758822435,1.058383602980939e-09,199657.61894373395
calibration,nominal,pole,160,31,2,mc,7364.7426810995148,3682.3713405497574,347.25805501149046,3460.3006748069606,-2.0279985138804468,,,,True,False,,False,,,7555,7539,5664,1875,16,7b39416ff0c4308b15e1545346ffe1ebd6b3baa0208bc6a68ab920472c39038a,95bd090c6df9fa82ef8c74e6681822ee78645af420c2591186de28b16955ab0f,cf3326539f36eaea42895fd8ed253912122ac8e7357fe58f4a5ced0af8bb95f9,c63f5e67d4ee7a982b6770215debbacc9c573eb36997f9071a73e9732a6640bc,773dfb0983a0421b916611fd4e74a65670428683c8597b6cd828dfa3ab0d69b5,160,3.8266500000000003,27,50.684984180823712,0.27368014351556891,observed_profile_hessian,78d1c4cab4add3946aa266dce2872c0093f098cd486ced58e6cbb3e79dd33342,ea05a588123184ad593b1db81e83bd04176aff631b7bd0aa7fb4a0cd007fb186,27,9.9999999999999995e-07,"[{""attempt"": 0, ""tolerance"": 2e-07, ""free_valid"": true, ""nll"": 8.840223994835549, ""score"": 6.011618980394928e-10}]",1,8.840223994835549,6.0116189803949283e-10,183656.19174218804
calibration,nominal,logshift,160,31,2,mc,7364.7426810995148,3682.3713405497574,-1237.0981978239831,3684.4898880009555,-2.3346083556740291,,,,True,False,,False,,,7555,7539,6162,1377,16,7b39416ff0c4308b15e1545346ffe1ebd6b3baa0208bc6a68ab920472c39038a,95bd090c6df9fa82ef8c74e6681822ee78645af420c2591186de28b16955ab0f,cf3326539f36eaea42895fd8ed253912122ac8e7357fe58f4a5ced0af8bb95f9,92b2697514ff9c9b0d79bbf8d7186ee234dbb364029fbef761dd9bd6c8ff1e4a,15253fb33ac7f3518d3819c4a5a5cc21a87fa21f40ae5133675503b36361ff3e,156.63278130884902,3.8266500000000003,28,50.684984180823712,0.27368014351556891,observed_profile_hessian,00d577ef394b44fb678dd8102c64775d35f7b2c3dd52899085b53a22ea0b53ee,505f27fa3134870ef66979365540b0fafc3d6d05aedae2d3c28854cd7bda4ce4,28,9.9999999999999995e-07,"[{""attempt"": 0, ""tolerance"": 2e-07, ""free_valid"": true, ""nll"": 11.33461208991715, ""score"": 4.6975617840061545e-12}]",1,11.334612089917149,4.6975617840061545e-12,199678.4765131349
calibration,nominal,pole,160,31,3,mc,11047.114021649271,3682.3713405497574,1938.7879394377626,3460.9968309880051,-2.631705987321395,,,,True,False,,False,,,11097,11084,8371,2713,13,7b39416ff0c4308b15e1545346ffe1ebd6b3baa0208bc6a68ab920472c39038a,2196b0a5a4910d8012fe9e912b8cb9649eb5ad8a28db01db0cab1c42478676d1,9288ff8a940888f997dc212f29d20ed19873baa085c4aaee983d650d3389fb29,c63f5e67d4ee7a982b6770215debbacc9c573eb36997f9071a73e9732a6640bc,773dfb0983a0421b916611fd4e74a65670428683c8597b6cd828dfa3ab0d69b5,160,3.8266500000000003,27,50.684984180823712,0.27368014351556891,observed_profile_hessian,aa91ee90395969d42c10f9008f7f12a9c3838095875b9012eb9e4f4eecadd4b4,7a874af959948570edcb43f2ca98f4ff179d2abc3acd01a26aa7286b574141e3,27,9.9999999999999995e-07,"[{""attempt"": 0, ""tolerance"": 2e-07, ""free_valid"": true, ""nll"": 8.547279212387629, ""score"": 3.955406113753668e-09}]",1,8.5472792123876289,3.9554061137536678e-09,183678.00412906383
calibration,nominal,logshift,160,31,3,mc,11047.114021649271,3682.3713405497574,1830.4285267727203,3685.219182082752,-2.5009870619602101,,,,True,False,,False,,,11097,11084,9120,1964,13,7b39416ff0c4308b15e1545346ffe1ebd6b3baa0208bc6a68ab920472c39038a,2196b0a5a4910d8012fe9e912b8cb9649eb5ad8a28db01db0cab1c42478676d1,9288ff8a940888f997dc212f29d20ed19873baa085c4aaee983d650d3389fb29,92b2697514ff9c9b0d79bbf8d7186ee234dbb364029fbef761dd9bd6c8ff1e4a,15253fb33ac7f3518d3819c4a5a5cc21a87fa21f40ae5133675503b36361ff3e,156.63278130884902,3.8266500000000003,28,50.684984180823712,0.27368014351556891,observed_profile_hessian,4daa3b883f6282b956d9aa1cc23bbcdb1b9db0c25a16ba8cc5d810dba7cbe716,9af88d31c4e7c16fa1e53372cf2972c6608eb88aa0b1f92a24c80e734cb8ebf4,28,9.9999999999999995e-07,"[{""attempt"": 0, ""tolerance"": 2e-07, ""free_valid"": true, ""nll"": 11.125235422461898, ""score"": 8.46533711185149e-11}]",1,11.125235422461898,8.4653371118514897e-11,199695.94376991945
calibration,nominal,pole,160,31,4,mc,14729.48536219903,3682.3713405497574,3617.7595501762221,3461.707057856971,-3.2098977834657423,,,,True,False,,False,,,14745,14735,11151,3584,10,7b39416ff0c4308b15e1545346ffe1ebd6b3baa0208bc6a68ab920472c39038a,b9e0ac6b467f8e59137249756d1e711ef1cd3c69850babde9c75b050bbe7de01,c455ed705d933b0f911fe3f28673e6a12b374dc8e8058c35350f52349d1fbc33,c63f5e67d4ee7a982b6770215debbacc9c573eb36997f9071a73e9732a6640bc,773dfb0983a0421b916611fd4e74a65670428683c8597b6cd828dfa3ab0d69b5,160,3.8266500000000003,27,50.684984180823712,0.27368014351556891,observed_profile_hessian,e01eac19964c7ccd701c3cde571297d5e80256b5d1a3ad2b9837adad6cb4f34c,7a21677a29266aeef62bfa2f54fa44d5e31fc4a6a9d2b3da66db22853bf502e5,27,9.9999999999999995e-07,"[{""attempt"": 0, ""tolerance"": 2e-07, ""free_valid"": true, ""nll"": 8.782408943308315, ""score"": 1.4932479697193912e-08}]",1,8.7824089433083152,1.4932479697193912e-08,183702.30914650857
calibration,nominal,logshift,160,31,4,mc,14729.48536219903,3682.3713405497574,4757.6282274819041,3686.0002597460534,-2.7053327270802026,,,,True,False,,False,,,14745,14735,12050,2685,10,7b39416ff0c4308b15e1545346ffe1ebd6b3baa0208bc6a68ab920472c39038a,b9e0ac6b467f8e59137249756d1e711ef1cd3c69850babde9c75b050bbe7de01,c455ed705d933b0f911fe3f28673e6a12b374dc8e8058c35350f52349d1fbc33,92b2697514ff9c9b0d79bbf8d7186ee234dbb364029fbef761dd9bd6c8ff1e4a,15253fb33ac7f3518d3819c4a5a5cc21a87fa21f40ae5133675503b36361ff3e,156.63278130884902,3.8266500000000003,28,50.684984180823712,0.27368014351556891,observed_profile_hessian,1d527f8563b3c5fe8e5d1dd20660de596624cad22eade3bbfad32df502ae1724,3ba02c1dac6ced52d98c6d2ceb1eed9749a3cc5515afcb3961368c73c84b1f2c,28,9.9999999999999995e-07,"[{""attempt"": 0, ""tolerance"": 2e-07, ""free_valid"": true, ""nll"": 11.060835944250346, ""score"": 2.630255256652614e-09}]",1,11.060835944250346,2.6302552566526138e-09,199718.78537691379
calibration,nominal,pole,160,31,5,mc,18411.856702748788,3682.3713405497574,4793.6188464263278,3462.3869175742957,-3.9331935397512487,,,,True,False,,False,,,18311,18291,13678,4613,20,7b39416ff0c4308b15e1545346ffe1ebd6b3baa0208bc6a68ab920472c39038a,5cf4fac6301f08017ef55051f25d67a115ac7798167ccfd9a068a44596c897f4,3aaa172dea045a4038e5a95869b45d6da2c458d18946c0e40d410b2ac662da98,c63f5e67d4ee7a982b6770215debbacc9c573eb36997f9071a73e9732a6640bc,773dfb0983a0421b916611fd4e74a65670428683c8597b6cd828dfa3ab0d69b5,160,3.8266500000000003,27,50.684984180823712,0.27368014351556891,observed_profile_hessian,ae4d17552b25a7b6b8ff4bed66a7e5ff3e90c2b4686c386261fbf1249bc1c75c,188efe55383d6fcfb053c279c38b78666d144f26106ae9fa35369f0d98125475,27,9.9999999999999995e-07,"[{""attempt"": 0, ""tolerance"": 2e-07, ""free_valid"": true, ""nll"": 9.663503157312025, ""score"": 3.242066792807918e-08}]",1,9.6635031573120251,3.2420667928079183e-08,183726.67331717451
calibration,nominal,logshift,160,31,5,mc,18411.856702748788,3682.3713405497574,7470.5386181003332,3686.7023562624649,-2.9677790684845609,,,,True,False,,False,,,18311,18291,14888,3403,20,7b39416ff0c4308b15e1545346ffe1ebd6b3baa0208bc6a68ab920472c39038a,5cf4fac6301f08017ef55051f25d67a115ac7798167ccfd9a068a44596c897f4,3aaa172dea045a4038e5a95869b45d6da2c458d18946c0e40d410b2ac662da98,92b2697514ff9c9b0d79bbf8d7186ee234dbb364029fbef761dd9bd6c8ff1e4a,15253fb33ac7f3518d3819c4a5a5cc21a87fa21f40ae5133675503b36361ff3e,156.63278130884902,3.8266500000000003,28,50.684984180823712,0.27368014351556891,observed_profile_hessian,64ebb8f9d4f571038560149d681347e756465795e2acd23039629e53aa0e1f9a,9560f457cd9499f32007c1c4c617f0bac93537bf0463f4af878906553bd74814,28,9.9999999999999995e-07,"[{""attempt"": 0, ""tolerance"": 2e-07, ""free_valid"": true, ""nll"": 11.2844765943394, ""score"": 1.5219044927072822e-08}]",1,11.284476594339401,1.5219044927072822e-08,199737.72084353861
calibration,nominal,pole,160,31,6,mc,22094.228043298543,3682.3713405497574,6581.9620571153309,3463.2123174397516,-4.4791553518298182,,,,True,False,,False,,,22505,22480,16942,5538,25,7b39416ff0c4308b15e1545346ffe1ebd6b3baa0208bc6a68ab920472c39038a,ffce6e7373db9cb44d61d5eeec931fd6214850cb913d69fd72276bcac3565889,3ae679df02073914417440931869a93e9b9c6245d5453b6e6f3d068c7e3307d1,c63f5e67d4ee7a982b6770215debbacc9c573eb36997f9071a73e9732a6640bc,773dfb0983a0421b916611fd4e74a65670428683c8597b6cd828dfa3ab0d69b5,160,3.8266500000000003,27,50.684984180823712,0.27368014351556891,observed_profile_hessian,90d467d39587b0f1570fb8eac486ea122c0eb3f133fb236591dc0e7453420aec,436d2c6013595917d79bba8006fbf7b2c3c6d40d6267a9c177cd914f51fbb65a,27,9.9999999999999995e-07,"[{""attempt"": 0, ""tolerance"": 2e-07, ""free_valid"": true, ""nll"": 11.12551388654835, ""score"": 8.329256573347266e-08}]",1,11.125513886548349,8.3292565733472657e-08,183755.80098019558
calibration,nominal,logshift,160,31,6,mc,22094.228043298543,3682.3713405497574,10963.023566600234,3687.5635069856166,-3.0185797358097477,,,,True,False,,False,,,22505,22480,18415,4065,25,7b39416ff0c4308b15e1545346ffe1ebd6b3baa0208bc6a68ab920472c39038a,ffce6e7373db9cb44d61d5eeec931fd6214850cb913d69fd72276bcac3565889,3ae679df02073914417440931869a93e9b9c6245d5453b6e6f3d068c7e3307d1,92b2697514ff9c9b0d79bbf8d7186ee234dbb364029fbef761dd9bd6c8ff1e4a,15253fb33ac7f3518d3819c4a5a5cc21a87fa21f40ae5133675503b36361ff3e,156.63278130884902,3.8266500000000003,28,50.684984180823712,0.27368014351556891,observed_profile_hessian,692ed89b0dc4b495dfdc2ab26243c4daddda230ef64e1d64998b96184693efa7,b336928c81e789ef0fc9e09d48ad4ed48388f8ec9ce9e8599531d0a7f8da8a3b,28,9.9999999999999995e-07,"[{""attempt"": 0, ""tolerance"": 2e-07, ""free_valid"": true, ""nll"": 11.161648653183974, ""score"": 7.00010415743968e-08}]",1,11.161648653183974,7.0001041574396794e-08,199762.20138820109
calibration,nominal,pole,160,31,8,mc,29458.970724398059,3682.3713405497574,8940.4934543039344,3464.515853391018,-5.922465977464336,,,,True,False,,False,,,29490,29453,22108,7345,37,7b39416ff0c4308b15e1545346ffe1ebd6b3baa0208bc6a68ab920472c39038a,961ca79be1cee217422f1e2628989a52130c06bff202d099056aaab52b240d80,9a400c5ead4a0922a7eca99ac5a0bbb21a02ed96c794b45d2ab75db7ca4f3a29,c63f5e67d4ee7a982b6770215debbacc9c573eb36997f9071a73e9732a6640bc,773dfb0983a0421b916611fd4e74a65670428683c8597b6cd828dfa3ab0d69b5,160,3.8266500000000003,27,50.684984180823712,0.27368014351556891,observed_profile_hessian,9301e2df4a4a08c5ec8d3dc78835ce1e65d0bfca284b818ca86aa8dc44e1d135,a85f7d3d3b7893669325e1f4312fc59832ee57a08c11afe7cc9e17d2de37a9af,27,9.9999999999999995e-07,"[{""attempt"": 0, ""tolerance"": 2e-07, ""free_valid"": true, ""nll"": 15.645314468126926, ""score"": 9.370282327836321e-14}]",1,15.645314468126926,9.3702823278363212e-14,183804.23673184734
calibration,nominal,logshift,160,31,8,mc,29458.970724398059,3682.3713405497574,16624.370219719473,3689.0093802932606,-3.4791455324676597,,,,True,False,,False,,,29490,29453,24069,5384,37,7b39416ff0c4308b15e1545346ffe1ebd6b3baa0208bc6a68ab920472c39038a,961ca79be1cee217422f1e2628989a52130c06bff202d099056aaab52b240d80,9a400c5ead4a0922a7eca99ac5a0bbb21a02ed96c794b45d2ab75db7ca4f3a29,92b2697514ff9c9b0d79bbf8d7186ee234dbb364029fbef761dd9bd6c8ff1e4a,15253fb33ac7f3518d3819c4a5a5cc21a87fa21f40ae5133675503b36361ff3e,156.63278130884902,3.8266500000000003,28,50.684984180823712,0.27368014351556891,observed_profile_hessian,5bb51a34c22fdfab81269b013c47c3951f89258b97fa7921fb5b96ac401ecbf8,9f31c043f9bc892e75e02ccdc6af30045354ea87a8f8fe36a6e071999b159b9b,28,9.9999999999999995e-07,"[{""attempt"": 0, ""tolerance"": 2e-07, ""free_valid"": true, ""nll"": 11.553912070166117, ""score"": 8.18789480661053e-14}]",1,11.553912070166117,8.1878948066105295e-14,199796.70648638447
calibration,nominal,pole,160,31,10,mc,36823.713405497576,3682.3713405497574,12505.624353957955,3465.9650580620169,-7.0162533794085622,,,,True,False,,False,,,36971,36929,27793,9136,42,7b39416ff0c4308b15e1545346ffe1ebd6b3baa0208bc6a68ab920472c39038a,7aaf7a1093351054f9fcfc2e48f0ed44e6626e8f9bc8dbbc203242b8f8a87e4a,f5d41a1c8b0314e12411351f9e17573c7c03ccc64b433361712b4b237c3cb8de,c63f5e67d4ee7a982b6770215debbacc9c573eb36997f9071a73e9732a6640bc,773dfb0983a0421b916611fd4e74a65670428683c8597b6cd828dfa3ab0d69b5,160,3.8266500000000003,27,50.684984180823712,0.27368014351556891,observed_profile_hessian,d6366f3532b5e6f0afa31e4a2bfe53a901689922c696fb2d376663b4c0894e64,df6d257282d4c0fd213723eaf3bb70a252ba183fc964ed9bd6b7f0f3f4b6b661,27,9.9999999999999995e-07,"[{""attempt"": 0, ""tolerance"": 2e-07, ""free_valid"": true, ""nll"": 21.153936663673168, ""score"": 2.842170943040401e-14}]",1,21.153936663673168,2.8421709430404007e-14,183849.7341150186
calibration,nominal,logshift,160,31,10,mc,36823.713405497576,3682.3713405497574,22772.309538028821,3690.5625852134194,-3.8073880453259359,,,,True,False,,False,,,36971,36929,30149,6780,42,7b39416ff0c4308b15e1545346ffe1ebd6b3baa0208bc6a68ab920472c39038a,7aaf7a1093351054f9fcfc2e48f0ed44e6626e8f9bc8dbbc203242b8f8a87e4a,f5d41a1c8b0314e12411351f9e17573c7c03ccc64b433361712b4b237c3cb8de,92b2697514ff9c9b0d79bbf8d7186ee234dbb364029fbef761dd9bd6c8ff1e4a,15253fb33ac7f3518d3819c4a5a5cc21a87fa21f40ae5133675503b36361ff3e,156.63278130884902,3.8266500000000003,28,50.684984180823712,0.27368014351556891,observed_profile_hessian,711e21cfb34010d65e2c30dfc2223d9671985f88a7010e7ae99e994c3c54c6b4,d20c0d84230501884e6dc66ec1c45f2aa53b3fa1033f0dff0858b973474a27a4,28,9.9999999999999995e-07,"[{""attempt"": 0, ""tolerance"": 2e-07, ""free_valid"": true, ""nll"": 11.410309737836636, ""score"": 1.6264767310758543e-14}]",1,11.410309737836636,1.6264767310758543e-14,199839.04778911822
calibration,nominal,pole,160,31,12,mc,44188.456086597085,3682.3713405497574,15325.678375163929,3467.3029961623652,-8.3242732877336287,,,,True,False,,False,,,44015,43943,33122,10821,72,7b39416ff0c4308b15e1545346ffe1ebd6b3baa0208bc6a68ab920472c39038a,7a51e857c6d6bbe4ca0ee6631bfb94494b78faf5c48b6c3e39b161e258654852,2810f97d743639ffb58f1a83e434502e6b42be7ebdad0ab9b13c4d49f231f191,c63f5e67d4ee7a982b6770215debbacc9c573eb36997f9071a73e9732a6640bc,773dfb0983a0421b916611fd4e74a65670428683c8597b6cd828dfa3ab0d69b5,160,3.8266500000000003,27,50.684984180823712,0.27368014351556891,observed_profile_hessian,a1fadb652795b9d398bf55d845e14c2715623b483991c005bd26766dc789982e,7f16c9ede8a9780538352844f62e3322b511655bd938f7c37f20996b5a80f0d9,27,9.9999999999999995e-07,"[{""attempt"": 0, ""tolerance"": 2e-07, ""free_valid"": true, ""nll"": 29.286489921567593, ""score"": 1.021405182655144e-14}]",1,29.286489921567593,1.021405182655144e-14,183896.15458895772
calibration,nominal,logshift,160,31,12,mc,44188.456086597085,3682.3713405497574,28607.172297293211,3691.9964210847011,-4.2202868075170352,,,,True,False,,False,,,44015,43943,35906,8037,72,7b39416ff0c4308b15e1545346ffe1ebd6b3baa0208bc6a68ab920472c39038a,7a51e857c6d6bbe4ca0ee6631bfb94494b78faf5c48b6c3e39b161e258654852,2810f97d743639ffb58f1a83e434502e6b42be7ebdad0ab9b13c4d49f231f191,92b2697514ff9c9b0d79bbf8d7186ee234dbb364029fbef761dd9bd6c8ff1e4a,15253fb33ac7f3518d3819c4a5a5cc21a87fa21f40ae5133675503b36361ff3e,156.63278130884902,3.8266500000000003,28,50.684984180823712,0.27368014351556891,observed_profile_hessian,21370dc2f3417334cbdcc90073ffc14163be329c6f3e03993c0b9cd3c122940f,c3885857055ae00f978869f3503c44a6bf704f43845696c1d6c262afe2cdf495,28,9.9999999999999995e-07,"[{""attempt"": 0, ""tolerance"": 2e-07, ""free_valid"": true, ""nll"": 11.651159704493004, ""score"": 3.547162563677375e-14}]",1,11.651159704493004,3.5471625636773751e-14,199875.25003739307
calibration,nominal,pole,160,31,16,mc,58917.941448796118,3682.3713405497574,21080.331914134127,3470.0806725876373,-10.903956738978781,,,,True,False,,False,,,58373,58290,43767,14523,83,7b39416ff0c4308b15e1545346ffe1ebd6b3baa0208bc6a68ab920472c39038a,95fe844f3d3f257b294afcab976674fb4b7a40bb9ecb246dee4b4a8945c868e9,a9c6edf3497edfcdddcc0472fd5369334fb6f51304dd34046fe75d6cb9fd180d,c63f5e67d4ee7a982b6770215debbacc9c573eb36997f9071a73e9732a6640bc,773dfb0983a0421b916611fd4e74a65670428683c8597b6cd828dfa3ab0d69b5,160,3.8266500000000003,27,50.684984180823712,0.27368014351556891,observed_profile_hessian,7edd7bc6e58864b75688e5b0f210689af4e25d714b31e7988cc5d4a5acd39095,76c79a0e9ff922b9412cf2159af91fad733d94b3c741064a16d635cf484e5816,27,9.9999999999999995e-07,"[{""attempt"": 0, ""tolerance"": 2e-07, ""free_valid"": true, ""nll"": 49.175559069535836, ""score"": 5.995204332975845e-14}]",1,49.175559069535836,5.9952043329758453e-14,183994.77276713122
calibration,nominal,logshift,160,31,16,mc,58917.941448796118,3682.3713405497574,39878.187755806881,3694.9116888080321,-5.1529658342474232,,,,True,False,,False,,,58373,58290,47570,10720,83,7b39416ff0c4308b15e1545346ffe1ebd6b3baa0208bc6a68ab920472c39038a,95fe844f3d3f257b294afcab976674fb4b7a40bb9ecb246dee4b4a8945c868e9,a9c6edf3497edfcdddcc0472fd5369334fb6f51304dd34046fe75d6cb9fd180d,92b2697514ff9c9b0d79bbf8d7186ee234dbb364029fbef761dd9bd6c8ff1e4a,15253fb33ac7f3518d3819c4a5a5cc21a87fa21f40ae5133675503b36361ff3e,156.63278130884902,3.8266500000000003,28,50.684984180823712,0.27368014351556891,observed_profile_hessian,259c4c1da0e27dfdf5f06d7b1b9c7a67b22cfd7db94d1ff28ea3a8e0b7dd4b43,c3ab2017c5d1c0454b1ab340ccfe08a7f28c4a67d5318feedcdb9f7cfde1eaa7,28,9.9999999999999995e-07,"[{""attempt"": 0, ""tolerance"": 2e-07, ""free_valid"": true, ""nll"": 12.860951720035235, ""score"": 7.616129948928574e-14}]",1,12.860951720035235,7.6161299489285739e-14,199960.72408507465
calibration,nominal,pole,160,31,20,mc,73647.426810995152,3682.3713405497574,27385.472208635907,3473.0652918407422,-13.32020872485244,,,,True,False,,False,,,73721,73625,55162,18463,96,7b39416ff0c4308b15e1545346ffe1ebd6b3baa0208bc6a68ab920472c39038a,a5daf4d5762dd027a4b6af4298a5551cc32fd35f95c8b3524e10f11367e27d65,89ba5b950ec277b5415e895b81d67d37510e83b973ec656d0ee11a5c0f319e67,c63f5e67d4ee7a982b6770215debbacc9c573eb36997f9071a73e9732a6640bc,773dfb0983a0421b916611fd4e74a65670428683c8597b6cd828dfa3ab0d69b5,160,3.8266500000000003,27,50.684984180823712,0.27368014351556891,observed_profile_hessian,51001aeec4d9406c9842ea600cfa49606d74f3dfef59b14d1a55366b5bc150a9,9b596e14183eee6405fe4ee2d8bbb364735cef89597b68dd19ffba6ea194abfb,27,9.9999999999999995e-07,"[{""attempt"": 0, ""tolerance"": 2e-07, ""free_valid"": true, ""nll"": 79.88536537162332, ""score"": 8.038014698286133e-14}]",1,79.885365371623323,8.0380146982861334e-14,184095.4417235727
calibration,nominal,logshift,160,31,20,mc,73647.426810995152,3682.3713405497574,52560.760410430565,3697.9904246781202,-5.7021960521706889,,,,True,False,,False,,,73721,73625,59995,13630,96,7b39416ff0c4308b15e1545346ffe1ebd6b3baa0208bc6a68ab920472c39038a,a5daf4d5762dd027a4b6af4298a5551cc32fd35f95c8b3524e10f11367e27d65,89ba5b950ec277b5415e895b81d67d37510e83b973ec656d0ee11a5c0f319e67,92b2697514ff9c9b0d79bbf8d7186ee234dbb364029fbef761dd9bd6c8ff1e4a,15253fb33ac7f3518d3819c4a5a5cc21a87fa21f40ae5133675503b36361ff3e,156.63278130884902,3.8266500000000003,28,50.684984180823712,0.27368014351556891,observed_profile_hessian,914cae251bafd333580c41abcc79d57008e84042d2afd3f2c857331bfe66b9a1,4fb1024fe6c911504b6ed1a5fe5e3093fbbbc4437df350775abd2036d940bce9,28,9.9999999999999995e-07,"[{""attempt"": 0, ""tolerance"": 2e-07, ""free_valid"": true, ""nll"": 14.39400616123294, ""score"": 4.598543767997398e-13}]",1,14.394006161232941,4.5985437679973984e-13,200040.67614642103
calibration,nominal,pole,160,31,24,mc,88376.91217319417,3682.3713405497574,32930.544058739637,3475.7832452109656,-15.952193851803083,,,,True,False,,False,,,87878,87774,66047,21727,104,7b39416ff0c4308b15e1545346ffe1ebd6b3baa0208bc6a68ab920472c39038a,e4db0041eed5cf41bab991c5be32efed5564c5ffda4b834a4ca105c43e255f1d,86f146dbbdbeb59fc829342eafd8c584b6f3b13c01db0d3cb33f2718b7fc51a0,c63f5e67d4ee7a982b6770215debbacc9c573eb36997f9071a73e9732a6640bc,773dfb0983a0421b916611fd4e74a65670428683c8597b6cd828dfa3ab0d69b5,160,3.8266500000000003,27,50.684984180823712,0.27368014351556891,observed_profile_hessian,1eca05393207718220d03987e5b040e6611696865df0d9aa7e93c3cdd1725a76,e0a2ae933d87292a14ef3e88dc959579d0a84c2e200086179e13ae884ab486a9,27,9.9999999999999995e-07,"[{""attempt"": 0, ""tolerance"": 2e-07, ""free_valid"": true, ""nll"": 116.54590689251147, ""score"": 5.46229728115577e-14}]",1,116.54590689251147,5.4622972811557702e-14,184190.05942388362
calibration,nominal,logshift,160,31,24,mc,88376.91217319417,3682.3713405497574,64206.659224277653,3700.9805659000067,-6.530770026629086,,,,True,False,,False,,,87878,87774,71805,15969,104,7b39416ff0c4308b15e1545346ffe1ebd6b3baa0208bc6a68ab920472c39038a,e4db0041eed5cf41bab991c5be32efed5564c5ffda4b834a4ca105c43e255f1d,86f146dbbdbeb59fc829342eafd8c584b6f3b13c01db0d3cb33f2718b7fc51a0,92b2697514ff9c9b0d79bbf8d7186ee234dbb364029fbef761dd9bd6c8ff1e4a,15253fb33ac7f3518d3819c4a5a5cc21a87fa21f40ae5133675503b36361ff3e,156.63278130884902,3.8266500000000003,28,50.684984180823712,0.27368014351556891,observed_profile_hessian,dea040a4be985d82e5932cad0b10573cb5a9526f4eac237d9e4d72b01af81424,358e54dd1051ddb755eee4054dc678ec5f7b451803197d9a26549a91208e462c,28,9.9999999999999995e-07,"[{""attempt"": 0, ""tolerance"": 2e-07, ""free_valid"": true, ""nll"": 16.178009742096588, ""score"": 1.915134717478395e-12}]",1,16.178009742096588,1.915134717478395e-12,200116.63827004563
calibration,nominal,pole,160,32,0,mc,0,3682.3713405497574,-6013.5311639067295,3459.7562600210754,-1.7381372304735991,,,,True,False,,False,,,0,0,0,0,0,080b1419cfa2d5915365e2cf22b5b6fcbb0ff3335788164c0c826eb62ee26e5d,d3bb56f8ed6d718b0d014fd9eec6c619f30907068e2667d838febcc69349baac,080b1419cfa2d5915365e2cf22b5b6fcbb0ff3335788164c0c826eb62ee26e5d,c63f5e67d4ee7a982b6770215debbacc9c573eb36997f9071a73e9732a6640bc,773dfb0983a0421b916611fd4e74a65670428683c8597b6cd828dfa3ab0d69b5,160,3.8266500000000003,27,50.684984180823712,0.27368014351556891,observed_profile_hessian,a2b6068c2b5134af17f54441de6cc251f146cbb92a24e4e695c497058dec1c39,99b6ba1196d72a9174460aed2ae6f5216b4562eed53d5a6c21537b9a19a9da60,27,9.9999999999999995e-07,"[{""attempt"": 0, ""tolerance"": 2e-07, ""free_valid"": true, ""nll"": 12.691403275595823, ""score"": 9.930982185039905e-09}]",1,12.691403275595823,9.9309821850399049e-09,183569.22001019234
calibration,nominal,logshift,160,32,0,mc,0,3682.3713405497574,-2243.9367152027094,3683.5125631492629,-0.60918394514290164,,,,True,False,,False,,,0,0,0,0,0,080b1419cfa2d5915365e2cf22b5b6fcbb0ff3335788164c0c826eb62ee26e5d,d3bb56f8ed6d718b0d014fd9eec6c619f30907068e2667d838febcc69349baac,080b1419cfa2d5915365e2cf22b5b6fcbb0ff3335788164c0c826eb62ee26e5d,92b2697514ff9c9b0d79bbf8d7186ee234dbb364029fbef761dd9bd6c8ff1e4a,15253fb33ac7f3518d3819c4a5a5cc21a87fa21f40ae5133675503b36361ff3e,156.63278130884902,3.8266500000000003,28,50.684984180823712,0.27368014351556891,observed_profile_hessian,5b1378195f4f03d7f7e04b3c109843b6c07315c4e2e0cae5b9ca70c30c00400c,cfb44827271a8e3afe90a841cd970888cd80c763e8410bb2fb3b33765cf0ad56,28,9.9999999999999995e-07,"[{""attempt"": 0, ""tolerance"": 2e-07, ""free_valid"": true, ""nll"": 15.880264916778946, ""score"": 7.011791147704116e-11}]",1,15.880264916778946,7.0117911477041162e-11,199525.90195904701
calibration,nominal,pole,160,32,1,mc,3682.3713405497574,3682.3713405497574,-4519.9137281182702,3460.4522706732296,-2.3702927903907418,,,,True,False,,False,,,3625,3618,2739,879,7,080b1419cfa2d5915365e2cf22b5b6fcbb0ff3335788164c0c826eb62ee26e5d,71d0dd915bce6879d17c0698a19cbf4ffe0d9dc786b15680ed1fedf839bf33db,8b7a83ab1488f63618d5225ddc3c4622c03ded67f53900c562346db5692aac80,c63f5e67d4ee7a982b6770215debbacc9c573eb36997f9071a73e9732a6640bc,773dfb0983a0421b916611fd4e74a65670428683c8597b6cd828dfa3ab0d69b5,160,3.8266500000000003,27,50.684984180823712,0.27368014351556891,observed_profile_hessian,1736df218fddf4d6a17118d588ee9909d239814f30b5653fe2d699c3627667ef,dbb3524d023667cc665617a2f422057d2d430c237e8b050b8918eaa6b041c35a,27,9.9999999999999995e-07,"[{""attempt"": 0, ""tolerance"": 2e-07, ""free_valid"": true, ""nll"": 13.117782873454656, ""score"": 2.430352710747208e-09}]",1,13.117782873454656,2.4303527107472078e-09,183593.7618651863
calibration,nominal,logshift,160,32,1,mc,3682.3713405497574,3682.3713405497574,618.51202353337999,3684.2551834566034,-0.83160887735844502,,,,True,False,,False,,,3625,3618,2945,673,7,080b1419cfa2d5915365e2cf22b5b6fcbb0ff3335788164c0c826eb62ee26e5d,71d0dd915bce6879d17c0698a19cbf4ffe0d9dc786b15680ed1fedf839bf33db,8b7a83ab1488f63618d5225ddc3c4622c03ded67f53900c562346db5692aac80,92b2697514ff9c9b0d79bbf8d7186ee234dbb364029fbef761dd9bd6c8ff1e4a,15253fb33ac7f3518d3819c4a5a5cc21a87fa21f40ae5133675503b36361ff3e,156.63278130884902,3.8266500000000003,28,50.684984180823712,0.27368014351556891,observed_profile_hessian,e920669ef394567a95c9c55e029d98201c9a016bf49c911431a5640da92f0cd8,8f45492e48eac90d2eb1211621542cef6517f7a6aaca30d9bac561af9182f785,28,9.9999999999999995e-07,"[{""attempt"": 0, ""tolerance"": 2e-07, ""free_valid"": true, ""nll"": 15.849604809799862, ""score"": 4.193728697643451e-12}]",1,15.849604809799862,4.1937286976434507e-12,199547.51144090953
calibration,nominal,pole,160,32,2,mc,7364.7426810995148,3682.3713405497574,-2925.5945913945911,3461.1921711491113,-2.9730615243700051,,,,True,False,,False,,,7384,7377,5610,1767,7,080b1419cfa2d5915365e2cf22b5b6fcbb0ff3335788164c0c826eb62ee26e5d,4d5c2d1183e76e08e1f8c28a920be035d8cdad69f73c54ef3f4b7e94d44c241d,f85f8306ec41b4f0ce49a451ad25b108c02297a2074e4fa5c7b77ac3f01d469f,c63f5e67d4ee7a982b6770215debbacc9c573eb36997f9071a73e9732a6640bc,773dfb0983a0421b916611fd4e74a65670428683c8597b6cd828dfa3ab0d69b5,160,3.8266500000000003,27,50.684984180823712,0.27368014351556891,observed_profile_hessian,60d6c37dc1a212f84d1420a2b721ee6ba8515d322374175ad2de0e9c78a50b74,26b3307551a0aedf0749359be53e3a8e6902510ceaf1e95b0dfafad5bbffbde0,27,9.9999999999999995e-07,"[{""attempt"": 0, ""tolerance"": 2e-07, ""free_valid"": true, ""nll"": 14.18227410110491, ""score"": 2.448873048788158e-10}]",1,14.182274101104911,2.4488730487881583e-10,183618.53208032349
calibration,nominal,logshift,160,32,2,mc,7364.7426810995148,3682.3713405497574,3830.5858467986782,3685.0397686971573,-0.95905527650528855,,,,True,False,,False,,,7384,7377,6066,1311,7,080b1419cfa2d5915365e2cf22b5b6fcbb0ff3335788164c0c826eb62ee26e5d,4d5c2d1183e76e08e1f8c28a920be035d8cdad69f73c54ef3f4b7e94d44c241d,f85f8306ec41b4f0ce49a451ad25b108c02297a2074e4fa5c7b77ac3f01d469f,92b2697514ff9c9b0d79bbf8d7186ee234dbb364029fbef761dd9bd6c8ff1e4a,15253fb33ac7f3518d3819c4a5a5cc21a87fa21f40ae5133675503b36361ff3e,156.63278130884902,3.8266500000000003,28,50.684984180823712,0.27368014351556891,observed_profile_hessian,659fea806ddf2377e1bcc5ab1a09ee789878948b43615b43f16d2997bb0253f1,21a8c1ec0e9efa7dd3d895fee63db6cce5282ecf155a4b004c6f424df4627494,28,9.9999999999999995e-07,"[{""attempt"": 0, ""tolerance"": 2e-07, ""free_valid"": true, ""nll"": 16.025496944835716, ""score"": 1.2656553895207256e-09}]",1,16.025496944835716,1.2656553895207256e-09,199567.02006586356
calibration,nominal,pole,160,32,3,mc,11047.114021649271,3682.3713405497574,-1535.2903991555477,3461.903404436443,-3.634533651251048,,,,True,False,,False,,,11082,11071,8283,2788,11,080b1419cfa2d5915365e2cf22b5b6fcbb0ff3335788164c0c826eb62ee26e5d,378ca178834c0da560aa058ba168420f6978ed0981b13b54f4aa8a36cfb186d0,660be9d154b1864e4c4906467313371c1b097d6d94f9d6141e74db0cc7400fe5,c63f5e67d4ee7a982b6770215debbacc9c573eb36997f9071a73e9732a6640bc,773dfb0983a0421b916611fd4e74a65670428683c8597b6cd828dfa3ab0d69b5,160,3.8266500000000003,27,50.684984180823712,0.27368014351556891,observed_profile_hessian,54f582374e072c2e2133d272701a70150e80f1e6514c16dc1a6932e68d0346eb,7193e986a1a2ece66481f88041c05ad3c73c515c864cc5e123b181137a34e607,27,9.9999999999999995e-07,"[{""attempt"": 0, ""tolerance"": 2e-07, ""free_valid"": true, ""nll"": 15.27239531428636, ""score"": 4.916844709157431e-12}]",1,15.27239531428636,4.9168447091574308e-12,183643.63381986463
calibration,nominal,logshift,160,32,3,mc,11047.114021649271,3682.3713405497574,6638.8636820600886,3685.7937802581014,-1.1960111179308819,,,,True,False,,False,,,11082,11071,9007,2064,11,080b1419cfa2d5915365e2cf22b5b6fcbb0ff3335788164c0c826eb62ee26e5d,378ca178834c0da560aa058ba168420f6978ed0981b13b54f4aa8a36cfb186d0,660be9d154b1864e4c4906467313371c1b097d6d94f9d6141e74db0cc7400fe5,92b2697514ff9c9b0d79bbf8d7186ee234dbb364029fbef761dd9bd6c8ff1e4a,15253fb33ac7f3518d3819c4a5a5cc21a87fa21f40ae5133675503b36361ff3e,156.63278130884902,3.8266500000000003,28,50.684984180823712,0.27368014351556891,observed_profile_hessian,f0817282b3c9b714c220ed92657058134cc59296d60231420a77da2cbc230656,ac4f41bcba7179aa02ce227c5efcf14b4cea8e6c02c2ac78683020f09d916576,28,9.9999999999999995e-07,"[{""attempt"": 0, ""tolerance"": 2e-07, ""free_valid"": true, ""nll"": 15.909875290358745, ""score"": 1.003298392976415e-08}]",1,15.909875290358745,1.003298392976415e-08,199588.69636691414
calibration,nominal,pole,160,32,4,mc,14729.48536219903,3682.3713405497574,-42.845681870921695,3462.6260831790141,-4.266221847005661,,,,True,False,,False,,,14846,14831,11102,3729,15,080b1419cfa2d5915365e2cf22b5b6fcbb0ff3335788164c0c826eb62ee26e5d,87c1a9f3754344a9359ca0dc92024649b3448a91ef519dc01a31998308dab63c,0a5e5fe680025fe50da2ef154c621b9db182584c422c0380e48a112dc3c88640,c63f5e67d4ee7a982b6770215debbacc9c573eb36997f9071a73e9732a6640bc,773dfb0983a0421b916611fd4e74a65670428683c8597b6cd828dfa3ab0d69b5,160,3.8266500000000003,27,50.684984180823712,0.27368014351556891,observed_profile_hessian,c414b5b105689843ca4c487eb49a6ad608d2fa426fffc62ec0db7aa30fef056f,7a9112421d86949cebb1b03c4c4101185ab4835ce05c1878ca3d934f28be3ca1,27,9.9999999999999995e-07,"[{""attempt"": 0, ""tolerance"": 2e-07, ""free_valid"": true, ""nll"": 17.485797350505045, ""score"": 1.9091395131454192e-11}]",1,17.485797350505045,1.9091395131454192e-11,183667.1606655544
calibration,nominal,logshift,160,32,4,mc,14729.48536219903,3682.3713405497574,9767.9021154858547,3686.5667641272821,-1.3458547109447851,,,,True,False,,False,,,14846,14831,12125,2706,15,080b1419cfa2d5915365e2cf22b5b6fcbb0ff3335788164c0c826eb62ee26e5d,87c1a9f3754344a9359ca0dc92024649b3448a91ef519dc01a31998308dab63c,0a5e5fe680025fe50da2ef154c621b9db182584c422c0380e48a112dc3c88640,92b2697514ff9c9b0d79bbf8d7186ee234dbb364029fbef761dd9bd6c8ff1e4a,15253fb33ac7f3518d3819c4a5a5cc21a87fa21f40ae5133675503b36361ff3e,156.63278130884902,3.8266500000000003,28,50.684984180823712,0.27368014351556891,observed_profile_hessian,c4a3b16141de0a693f7b2d2f28f20255b0ce4b6e1e05d852085092b05b3c2eaf,e90d4f574049a40bf74731718f3bea7857f26d22466399b3e06b16f38d381038,28,9.9999999999999995e-07,"[{""attempt"": 0, ""tolerance"": 2e-07, ""free_valid"": true, ""nll"": 16.14027190232237, ""score"": 4.470165240744173e-08}]",1,16.140271902322372,4.4701652407441728e-08,199606.81117624565
calibration,nominal,pole,160,32,5,mc,18411.856702748788,3682.3713405497574,1529.2843647851207,3463.2874992171496,-4.8747244754528305,,,,True,False,,False,,,18286,18270,13788,4482,16,080b1419cfa2d5915365e2cf22b5b6fcbb0ff3335788164c0c826eb62ee26e5d,fd7b10b113a0062af3d5cff2e0698cef604dd6b532929b9be5a5f3c52e2aa9a6,2c6655c77fa6f6eee45b04badd925e02274429a24029e07b7f6081ead34ea23b,c63f5e67d4ee7a982b6770215debbacc9c573eb36997f9071a73e9732a6640bc,773dfb0983a0421b916611fd4e74a65670428683c8597b6cd828dfa3ab0d69b5,160,3.8266500000000003,27,50.684984180823712,0.27368014351556891,observed_profile_hessian,9af7893ad98f5d921638fec4aab0d8867f4c2c7e4e084e36714afa95e6887dff,78344b1333f8a441c2af65cc414909a84e7de5b24f291f7c616ab044422d0ecf,27,9.9999999999999995e-07,"[{""attempt"": 0, ""tolerance"": 2e-07, ""free_valid"": true, ""nll"": 20.144814114528195, ""score"": 6.275789887766337e-10}]",1,20.144814114528195,6.2757898877663365e-10,183690.20544338418
calibration,nominal,logshift,160,32,5,mc,18411.856702748788,3682.3713405497574,12763.17086604669,3687.2748393546713,-1.5319405476405179,,,,True,False,,False,,,18286,18270,14987,3283,16,080b1419cfa2d5915365e2cf22b5b6fcbb0ff3335788164c0c826eb62ee26e5d,fd7b10b113a0062af3d5cff2e0698cef604dd6b532929b9be5a5f3c52e2aa9a6,2c6655c77fa6f6eee45b04badd925e02274429a24029e07b7f6081ead34ea23b,92b2697514ff9c9b0d79bbf8d7186ee234dbb364029fbef761dd9bd6c8ff1e4a,15253fb33ac7f3518d3819c4a5a5cc21a87fa21f40ae5133675503b36361ff3e,156.63278130884902,3.8266500000000003,28,50.684984180823712,0.27368014351556891,observed_profile_hessian,c7b62f22504b5c8aa654e01480c1cd98f428db743180a414898c97b2c39c1912,a47521710588bce03551e91a07066bbead3f7470938aa29bde13689c90e1ae3f,28,9.9999999999999995e-07,"[{""attempt"": 0, ""tolerance"": 2e-07, ""free_valid"": true, ""nll"": 16.443595235050772, ""score"": 1.2764567788869918e-07}]",1,16.443595235050772,1.2764567788869918e-07,199625.32247634555
calibration,nominal,pole,160,32,6,mc,22094.228043298543,3682.3713405497574,2732.0734543975782,3464.0461563557064,-5.5894620668884523,,,,True,False,,False,,,22212,22182,16725,5457,30,080b1419cfa2d5915365e2cf22b5b6fcbb0ff3335788164c0c826eb62ee26e5d,c4c246fad99d0e810b3cb8d3dec0bad7687e818f99c7e1536c61821ec7eadabb,4cdd58c7cb8480b2feab053cd8fe49ac293d0ba1893a743c4ca556bf17213d5f,c63f5e67d4ee7a982b6770215debbacc9c573eb36997f9071a73e9732a6640bc,773dfb0983a0421b916611fd4e74a65670428683c8597b6cd828dfa3ab0d69b5,160,3.8266500000000003,27,50.684984180823712,0.27368014351556891,observed_profile_hessian,699e34c5f31ef3d1129f452151baeffff1a108c2c4a55726ee15272f89e330fb,2e0e7ccedd8c9cc4c4db843710f6e02cd76b93abdf776c939b941662ab52cfce,27,9.9999999999999995e-07,"[{""attempt"": 0, ""tolerance"": 2e-07, ""free_valid"": true, ""nll"": 23.44842798545024, ""score"": 3.60079444039485e-09}]",1,23.448427985450241,3.60079444039485e-09,183719.10863711589
calibration,nominal,logshift,160,32,6,mc,22094.228043298543,3682.3713405497574,15921.226050324729,3688.0772606672085,-1.6737724176247486,,,,True,False,,False,,,22212,22182,18189,3993,30,080b1419cfa2d5915365e2cf22b5b6fcbb0ff3335788164c0c826eb62ee26e5d,c4c246fad99d0e810b3cb8d3dec0bad7687e818f99c7e1536c61821ec7eadabb,4cdd58c7cb8480b2feab053cd8fe49ac293d0ba1893a743c4ca556bf17213d5f,92b2697514ff9c9b0d79bbf8d7186ee234dbb364029fbef761dd9bd6c8ff1e4a,15253fb33ac7f3518d3819c4a5a5cc21a87fa21f40ae5133675503b36361ff3e,156.63278130884902,3.8266500000000003,28,50.684984180823712,0.27368014351556891,observed_profile_hessian,4868554506a60ae13376e4f792995b996862e1b4529b1e844a9be3cce198814d,378707705bcad4f26256822fd2965aa3d23bf6c07c7c7095f2b913ce0c357ff2,28,9.9999999999999995e-07,"[{""attempt"": 0, ""tolerance"": 2e-07, ""free_valid"": true, ""nll"": 16.79723565685485, ""score"": 7.610578833805448e-14}]",1,16.797235656854848,7.6105788338054481e-14,199645.41553771851
calibration,nominal,pole,160,32,8,mc,29458.970724398059,3682.3713405497574,5993.4612506190779,3465.4348038192552,-6.7713031126476961,,,,True,False,,False,,,29372,29337,22081,7256,35,080b1419cfa2d5915365e2cf22b5b6fcbb0ff3335788164c0c826eb62ee26e5d,76f8bc7317e949e6ad254ca8d97b1142cf8c2508db3fbfe93377a10c4512ddb2,c50a08c95e58968bd2e77a982e4dad6e1153489caad1af4a7694c85c32cd0acf,c63f5e67d4ee7a982b6770215debbacc9c573eb36997f9071a73e9732a6640bc,773dfb0983a0421b916611fd4e74a65670428683c8597b6cd828dfa3ab0d69b5,160,3.8266500000000003,27,50.684984180823712,0.27368014351556891,observed_profile_hessian,1769d3c844a7d5df62b16c171794d651eef8901398679609195424496a435830,a480b22decebcc38201e7c6f20af0998ce51439909f4e80e42c794851124b53a,27,9.9999999999999995e-07,"[{""attempt"": 0, ""tolerance"": 2e-07, ""free_valid"": true, ""nll"": 30.69928532012441, ""score"": 3.520595903694357e-08}]",1,30.69928532012441,3.5205959036943568e-08,183763.28327844251
calibration,nominal,logshift,160,32,8,mc,29458.970724398059,3682.3713405497574,21942.723153825966,3689.5721626715422,-2.0371596594900954,,,,True,False,,False,,,29372,29337,23995,5342,35,080b1419cfa2d5915365e2cf22b5b6fcbb0ff3335788164c0c826eb62ee26e5d,76f8bc7317e949e6ad254ca8d97b1142cf8c2508db3fbfe93377a10c4512ddb2,c50a08c95e58968bd2e77a982e4dad6e1153489caad1af4a7694c85c32cd0acf,92b2697514ff9c9b0d79bbf8d7186ee234dbb364029fbef761dd9bd6c8ff1e4a,15253fb33ac7f3518d3819c4a5a5cc21a87fa21f40ae5133675503b36361ff3e,156.63278130884902,3.8266500000000003,28,50.684984180823712,0.27368014351556891,observed_profile_hessian,8f5e4a350a493734ae524ba749e9a94cffddf8208ff7682c1e7b3897753e46d8,eb6c4b6d222eef85fb77189c38b2bbc26599988a99de11a5bade444b6aafa4c0,28,9.9999999999999995e-07,"[{""attempt"": 0, ""tolerance"": 2e-07, ""free_valid"": true, ""nll"": 17.20464182705309, ""score"": 2.7422508708241367e-14}]",1,17.204641827053091,2.7422508708241367e-14,199682.87298497651
calibration,nominal,pole,160,32,10,mc,36823.713405497576,3682.3713405497574,8999.3806190072064,3466.9416162390294,-8.0256133117910604,,,,True,False,,False,,,37063,37011,27882,9129,52,080b1419cfa2d5915365e2cf22b5b6fcbb0ff3335788164c0c826eb62ee26e5d,4e6f555996c8ad4f9d78948b55f9baec01ba816a64db3a8d7e013da8a6464dfb,9680b3a6d3278882faf7dbf03fb6c12a2058cf577ac49483a44725c8f7fec006,c63f5e67d4ee7a982b6770215debbacc9c573eb36997f9071a73e9732a6640bc,773dfb0983a0421b916611fd4e74a65670428683c8597b6cd828dfa3ab0d69b5,160,3.8266500000000003,27,50.684984180823712,0.27368014351556891,observed_profile_hessian,523f6b6d0b17997ccbfb41075e16c8bc4b446a59c420fb0f0d020f9887b7dc0c,fa489b375bc2d8f23da4fd5b6a58f3010e2d4422c7a08be6443761b37bd01786,27,9.9999999999999995e-07,"[{""attempt"": 0, ""tolerance"": 2e-07, ""free_valid"": true, ""nll"": 39.95130104706053, ""score"": 1.5062772518170675e-07}]",1,39.951301047060532,1.5062772518170675e-07,183817.27795701905
calibration,nominal,logshift,160,32,10,mc,36823.713405497576,3682.3713405497574,28158.843079725917,3691.1154428033419,-2.3474937210825439,,,,True,False,,False,,,37063,37011,30324,6687,52,080b1419cfa2d5915365e2cf22b5b6fcbb0ff3335788164c0c826eb62ee26e5d,4e6f555996c8ad4f9d78948b55f9baec01ba816a64db3a8d7e013da8a6464dfb,9680b3a6d3278882faf7dbf03fb6c12a2058cf577ac49483a44725c8f7fec006,92b2697514ff9c9b0d79bbf8d7186ee234dbb364029fbef761dd9bd6c8ff1e4a,15253fb33ac7f3518d3819c4a5a5cc21a87fa21f40ae5133675503b36361ff3e,156.63278130884902,3.8266500000000003,28,50.684984180823712,0.27368014351556891,observed_profile_hessian,211330f0b40a1f1dd925ddd9ebeff082297fef2569f66550cfdc63fffb2f7edc,661de1dee2afeb59ad341916db6763f5ea1453bd8ddf7fa56fb1dfbf6b1c79cf,28,9.9999999999999995e-07,"[{""attempt"": 0, ""tolerance"": 2e-07, ""free_valid"": true, ""nll"": 17.50001897945545, ""score"": 3.341771304121721e-14}]",1,17.500018979455451,3.3417713041217212e-14,199726.91245097929
calibration,nominal,pole,160,32,12,mc,44188.456086597085,3682.3713405497574,11542.635608717026,3468.1932723439363,-9.4129184605149696,,,,True,False,,False,,,44004,43942,33095,10847,62,080b1419cfa2d5915365e2cf22b5b6fcbb0ff3335788164c0c826eb62ee26e5d,1858a6f76080c8d0510df9981f6dc9759a8ea8b00dd1f49275746c33366f5c5a,809840ae03c58b27feb3ab9d116a51ceef361cac029c0ecff18e587928b310da,c63f5e67d4ee7a982b6770215debbacc9c573eb36997f9071a73e9732a6640bc,773dfb0983a0421b916611fd4e74a65670428683c8597b6cd828dfa3ab0d69b5,160,3.8266500000000003,27,50.684984180823712,0.27368014351556891,observed_profile_hessian,402a9b402b7a36e8c04c0e56673b13e435efe9233351db0fe9ff66f220ccc1c9,391e95ea5072666f1b7acd7fec1891564454de7dc847d4c9d04909935b848e25,27,9.9999999999999995e-07,"[{""attempt"": 0, ""tolerance"": 2e-07, ""free_valid"": true, ""nll"": 51.6633857674207, ""score"": 8.326672684688674e-14}]",1,51.663385767420699,8.3266726846886741e-14,183863.26831253961
calibration,nominal,logshift,160,32,12,mc,44188.456086597085,3682.3713405497574,33816.870951160556,3692.5270717709309,-2.8088040883238081,,,,True,False,,False,,,44004,43942,35915,8027,62,080b1419cfa2d5915365e2cf22b5b6fcbb0ff3335788164c0c826eb62ee26e5d,1858a6f76080c8d0510df9981f6dc9759a8ea8b00dd1f49275746c33366f5c5a,809840ae03c58b27feb3ab9d116a51ceef361cac029c0ecff18e587928b310da,92b2697514ff9c9b0d79bbf8d7186ee234dbb364029fbef761dd9bd6c8ff1e4a,15253fb33ac7f3518d3819c4a5a5cc21a87fa21f40ae5133675503b36361ff3e,156.63278130884902,3.8266500000000003,28,50.684984180823712,0.27368014351556891,observed_profile_hessian,08d865511426d8e376cb83615cf63805a006d44fe99c94aa642eb5acc5d9583f,92b900dbbfa4bbdc4c80e5d06d478b34375f5d1f65268ab82782b4825c2fec4b,28,9.9999999999999995e-07,"[{""attempt"": 0, ""tolerance"": 2e-07, ""free_valid"": true, ""nll"": 18.7952818755507, ""score"": 2.375877272697835e-14}]",1,18.7952818755507,2.375877272697835e-14,199760.65116375705
calibration,nominal,pole,160,32,16,mc,58917.941448796118,3682.3713405497574,17943.956256521258,3471.0114792021636,-11.804623936793497,,,,True,False,,False,,,58363,58291,43924,14367,72,080b1419cfa2d5915365e2cf22b5b6fcbb0ff3335788164c0c826eb62ee26e5d,1e03bb283ab569078bc8cc23a2e9fc71c3672830191a1facb795d62aa1755f58,993558e3c4d5e4314049df6fc8fc12c4b49692b2a9260a193a37b36b309a04f8,c63f5e67d4ee7a982b6770215debbacc9c573eb36997f9071a73e9732a6640bc,773dfb0983a0421b916611fd4e74a65670428683c8597b6cd828dfa3ab0d69b5,160,3.8266500000000003,27,50.684984180823712,0.27368014351556891,observed_profile_hessian,e6801e4021a55afe8bab54435e87fe84037f4f49a481119954acd21212e8b21a,8b83ebf11e381d44f3ddd94dece12a9a6b0a1859a4cd9f567743a83e6d096e1a,27,9.9999999999999995e-07,"[{""attempt"": 0, ""tolerance"": 2e-07, ""free_valid"": true, ""nll"": 78.75350006564555, ""score"": 3.6193270602780103e-14}]",1,78.753500065645554,3.6193270602780103e-14,183952.75131202515
calibration,nominal,logshift,160,32,16,mc,58917.941448796118,3682.3713405497574,45645.878449050309,3695.4758239694661,-3.5914354827221486,,,,True,False,,False,,,58363,58291,47654,10637,72,080b1419cfa2d5915365e2cf22b5b6fcbb0ff3335788164c0c826eb62ee26e5d,1e03bb283ab569078bc8cc23a2e9fc71c3672830191a1facb795d62aa1755f58,993558e3c4d5e4314049df6fc8fc12c4b49692b2a9260a193a37b36b309a04f8,92b2697514ff9c9b0d79bbf8d7186ee234dbb364029fbef761dd9bd6c8ff1e4a,15253fb33ac7f3518d3819c4a5a5cc21a87fa21f40ae5133675503b36361ff3e,156.63278130884902,3.8266500000000003,28,50.684984180823712,0.27368014351556891,observed_profile_hessian,b94224b673b0f4703795744cbb16d4d601b3a428a58b4891c5d791bc72768c1b,2289101c1489001a90879231ea817d2443f77cc8aa9ff4423948a90806bf2d54,28,9.9999999999999995e-07,"[{""attempt"": 0, ""tolerance"": 2e-07, ""free_valid"": true, ""nll"": 20.16729756448176, ""score"": 1.4133139103478243e-13}]",1,20.16729756448176,1.4133139103478243e-13,199838.87584386245
calibration,nominal,pole,160,32,20,mc,73647.426810995152,3682.3713405497574,23999.338371475147,3473.9387234368096,-14.291584392255068,,,,True,False,,False,,,73593,73507,55265,18242,86,080b1419cfa2d5915365e2cf22b5b6fcbb0ff3335788164c0c826eb62ee26e5d,e96c092f6d91ea56e82ed08528fe79a1d988fe61fa76b76a65d81ddd27ea034d,26ac4a4c55412c3df7ed3a1b6861c04a446714bd10651c357f6dfffce7c02a02,c63f5e67d4ee7a982b6770215debbacc9c573eb36997f9071a73e9732a6640bc,773dfb0983a0421b916611fd4e74a65670428683c8597b6cd828dfa3ab0d69b5,160,3.8266500000000003,27,50.684984180823712,0.27368014351556891,observed_profile_hessian,15dc7f8e7840f5bf9a31d2d32588d8d4c27d36d19272d5bc0b2eb77c49a33a7c,6114dac791c61632f9d590c9bfd4f10c80a00e82ceaae2be695e0a0849903c45,27,9.9999999999999995e-07,"[{""attempt"": 0, ""tolerance"": 2e-07, ""free_valid"": true, ""nll"": 115.15267900603575, ""score"": 9.325873406851315e-14}]",1,115.15267900603575,9.3258734068513149e-14,184057.6483833456
calibration,nominal,logshift,160,32,20,mc,73647.426810995152,3682.3713405497574,57781.139669100165,3698.6043249510017,-4.2898038686809734,,,,True,False,,False,,,73593,73507,59908,13599,86,080b1419cfa2d5915365e2cf22b5b6fcbb0ff3335788164c0c826eb62ee26e5d,e96c092f6d91ea56e82ed08528fe79a1d988fe61fa76b76a65d81ddd27ea034d,26ac4a4c55412c3df7ed3a1b6861c04a446714bd10651c357f6dfffce7c02a02,92b2697514ff9c9b0d79bbf8d7186ee234dbb364029fbef761dd9bd6c8ff1e4a,15253fb33ac7f3518d3819c4a5a5cc21a87fa21f40ae5133675503b36361ff3e,156.63278130884902,3.8266500000000003,28,50.684984180823712,0.27368014351556891,observed_profile_hessian,f9fca77e611cf3546ca3031e67fcc38ea61bece385ab9fd4e0a561bfe50f8d11,b10dcb15dd3f024aa32b34d4ca0809020dcebaa0c1ca759adab83859d9e491af,28,9.9999999999999995e-07,"[{""attempt"": 0, ""tolerance"": 2e-07, ""free_valid"": true, ""nll"": 22.387554184020107, ""score"": 1.0260681193585697e-12}]",1,22.387554184020107,1.0260681193585697e-12,199926.79689781342
calibration,nominal,pole,160,32,24,mc,88376.91217319417,3682.3713405497574,29698.429394427803,3476.8110792863222,-16.877098421698303,,,,True,False,,False,,,88623,88500,66445,22055,123,080b1419cfa2d5915365e2cf22b5b6fcbb0ff3335788164c0c826eb62ee26e5d,0e755c11b37c873acef198519945bd229d70d3a010f463f9c54f17363c87019c,6205e9ad5f10cb7604c3e6b76ac8839008203d32d12d940bf7fe23c11c639d4f,c63f5e67d4ee7a982b6770215debbacc9c573eb36997f9071a73e9732a6640bc,773dfb0983a0421b916611fd4e74a65670428683c8597b6cd828dfa3ab0d69b5,160,3.8266500000000003,27,50.684984180823712,0.27368014351556891,observed_profile_hessian,5f4388066b2d0825a6c61d5389bec15a3d835b3b4ff74153c04872aba1937215,f9d0ecaae840c1a07e0e9b6148f4645930f2ec61ccb268e6098abf3baa71ed40,27,9.9999999999999995e-07,"[{""attempt"": 0, ""tolerance"": 2e-07, ""free_valid"": true, ""nll"": 161.54332800488487, ""score"": 9.892087149410145e-14}]",1,161.54332800488487,9.8920871494101448e-14,184157.14438007923
calibration,nominal,logshift,160,32,24,mc,88376.91217319417,3682.3713405497574,70082.537635665576,3701.677324446805,-4.9421851053056294,,,,True,False,,False,,,88623,88500,72275,16225,123,080b1419cfa2d5915365e2cf22b5b6fcbb0ff3335788164c0c826eb62ee26e5d,0e755c11b37c873acef198519945bd229d70d3a010f463f9c54f17363c87019c,6205e9ad5f10cb7604c3e6b76ac8839008203d32d12d940bf7fe23c11c639d4f,92b2697514ff9c9b0d79bbf8d7186ee234dbb364029fbef761dd9bd6c8ff1e4a,15253fb33ac7f3518d3819c4a5a5cc21a87fa21f40ae5133675503b36361ff3e,156.63278130884902,3.8266500000000003,28,50.684984180823712,0.27368014351556891,observed_profile_hessian,2675e2efc841b5d6a8d6290517a99c66911e8f70c975607c994673f97e6d5932,3960e6b2cd8ce1d6db8e056532a1c9b7ede7cb92e98941f1e4f1c5d199ac2c35,28,9.9999999999999995e-07,"[{""attempt"": 0, ""tolerance"": 2e-07, ""free_valid"": true, ""nll"": 26.066739109517272, ""score"": 3.842481888227667e-12}]",1,26.066739109517272,3.8424818882276668e-12,200003.04198450962
calibration,nominal,pole,160,33,0,mc,0,3682.3713405497574,-3592.1635161471909,3458.9215328109881,-1.0385212506477186,,,,True,False,,False,,,0,0,0,0,0,199d66265c14b80104b33683bd8ce630414739e45ad6ed4b2065f9c6c9424e43,d3bb56f8ed6d718b0d014fd9eec6c619f30907068e2667d838febcc69349baac,199d66265c14b80104b33683bd8ce630414739e45ad6ed4b2065f9c6c9424e43,c63f5e67d4ee7a982b6770215debbacc9c573eb36997f9071a73e9732a6640bc,773dfb0983a0421b916611fd4e74a65670428683c8597b6cd828dfa3ab0d69b5,160,3.8266500000000003,27,50.684984180823712,0.27368014351556891,observed_profile_hessian,852a5f973c5cb40dc7233ff85125f754e936edf353f6c0e0d0c0839c7ad7b97f,b562c96a949ab4cd9371fd9b0a69e31ea597ebc6859208218638b675589a9557,27,9.9999999999999995e-07,"[{""attempt"": 0, ""tolerance"": 2e-07, ""free_valid"": true, ""nll"": 16.845154970737724, ""score"": 4.131007036445311e-09}]",1,16.845154970737724,4.1310070364453111e-09,183409.65191035959
calibration,nominal,logshift,160,33,0,mc,0,3682.3713405497574,292.75191489939459,3683.2342757636925,0.079482295444998421,,,,True,False,,False,,,0,0,0,0,0,199d66265c14b80104b33683bd8ce630414739e45ad6ed4b2065f9c6c9424e43,d3bb56f8ed6d718b0d014fd9eec6c619f30907068e2667d838febcc69349baac,199d66265c14b80104b33683bd8ce630414739e45ad6ed4b2065f9c6c9424e43,92b2697514ff9c9b0d79bbf8d7186ee234dbb364029fbef761dd9bd6c8ff1e4a,15253fb33ac7f3518d3819c4a5a5cc21a87fa21f40ae5133675503b36361ff3e,156.63278130884902,3.8266500000000003,28,50.684984180823712,0.27368014351556891,observed_profile_hessian,56230191a395ad7b46da1cd1a0453499ab9ce386ddd4768106f4dc9dc30b753c,511e884f164f0e1e9288610efee50a1540064684fd1f6b00eb38b6d5dc233e66,28,9.9999999999999995e-07,"[{""attempt"": 0, ""tolerance"": 2e-07, ""free_valid"": true, ""nll"": 15.461923773444141, ""score"": 7.730760476221121e-13}]",1,15.461923773444141,7.7307604762211213e-13,199364.14032159207
calibration,nominal,pole,160,33,1,mc,3682.3713405497574,3682.3713405497574,-2038.8494338580708,3459.6508772508437,-1.6536988781232471,,,,True,False,,False,,,3766,3762,2825,937,4,199d66265c14b80104b33683bd8ce630414739e45ad6ed4b2065f9c6c9424e43,caee4fe769e47a88e7ac38c8f862e072f9051b6195058757b4d9637e02d1e36e,a6de7df737a49a5956c4fc84ef3443b2244da90c01c7ccb8a9f9f4e0e4e94ece,c63f5e67d4ee7a982b6770215debbacc9c573eb36997f9071a73e9732a6640bc,773dfb0983a0421b916611fd4e74a65670428683c8597b6cd828dfa3ab0d69b5,160,3.8266500000000003,27,50.684984180823712,0.27368014351556891,observed_profile_hessian,e001ca226e94c83a83b7872ae9861a24a66e07e7005345454a88b2a0eb26edc6,502a420d5d48249ac717b79609abc33cd0bc2a6bc22c78103e52b7c58c4c6b5a,27,9.9999999999999995e-07,"[{""attempt"": 0, ""tolerance"": 2e-07, ""free_valid"": true, ""nll"": 17.596602770739814, ""score"": 6.189168066939033e-10}]",1,17.596602770739814,6.1891680669390325e-10,183434.50394009048
calibration,nominal,logshift,160,33,1,mc,3682.3713405497574,3682.3713405497574,3344.2117955439758,3684.0121662105444,-0.091791104303984961,,,,True,False,,False,,,3766,3762,3045,717,4,199d66265c14b80104b33683bd8ce630414739e45ad6ed4b2065f9c6c9424e43,caee4fe769e47a88e7ac38c8f862e072f9051b6195058757b4d9637e02d1e36e,a6de7df737a49a5956c4fc84ef3443b2244da90c01c7ccb8a9f9f4e0e4e94ece,92b2697514ff9c9b0d79bbf8d7186ee234dbb364029fbef761dd9bd6c8ff1e4a,15253fb33ac7f3518d3819c4a5a5cc21a87fa21f40ae5133675503b36361ff3e,156.63278130884902,3.8266500000000003,28,50.684984180823712,0.27368014351556891,observed_profile_hessian,c84494ae834197a75bf6d42bce68d7b56fdf15e38233377819821821782f2dc6,a811af37cdb0cdf379eb2f17cd63b13f2a73b4c2967bfafc11bebcc5da099ef8,28,9.9999999999999995e-07,"[{""attempt"": 0, ""tolerance"": 2e-07, ""free_valid"": true, ""nll"": 15.484447872590192, ""score"": 1.7145390662776094e-10}]",1,15.484447872590192,1.7145390662776094e-10,199385.00407599882
calibration,nominal,pole,160,33,2,mc,7364.7426810995148,3682.3713405497574,-562.25623669837501,3460.3612654115259,-2.2908009626142793,,,,True,False,,False,,,7501,7492,5616,1876,9,199d66265c14b80104b33683bd8ce630414739e45ad6ed4b2065f9c6c9424e43,c0e72320d99d9096c3a5c3acd80dc63838413617e6fdd7efac365bb47fad51a0,187c97ea088b6a85522bb5a9e6222146277e9796dec43dd8eaeac84619ded10a,c63f5e67d4ee7a982b6770215debbacc9c573eb36997f9071a73e9732a6640bc,773dfb0983a0421b916611fd4e74a65670428683c8597b6cd828dfa3ab0d69b5,160,3.8266500000000003,27,50.684984180823712,0.27368014351556891,observed_profile_hessian,3e37536d6aab12aecbfa41d6378f1e39740d581c3aa3bd8e0883d67056ed7be9,250e7c090c79cc831e8a21b33aebf7e987c6b6526b4df99772d55d63d47a0ab9,27,9.9999999999999995e-07,"[{""attempt"": 0, ""tolerance"": 2e-07, ""free_valid"": true, ""nll"": 18.926925130172727, ""score"": 2.0072304929286133e-11}]",1,18.926925130172727,2.0072304929286133e-11,183458.63055623905
calibration,nominal,logshift,160,33,2,mc,7364.7426810995148,3682.3713405497574,6541.7606443506274,3684.7653366510463,-0.2233472043831336,,,,True,False,,False,,,7501,7492,6098,1394,9,199d66265c14b80104b33683bd8ce630414739e45ad6ed4b2065f9c6c9424e43,c0e72320d99d9096c3a5c3acd80dc63838413617e6fdd7efac365bb47fad51a0,187c97ea088b6a85522bb5a9e6222146277e9796dec43dd8eaeac84619ded10a,92b2697514ff9c9b0d79bbf8d7186ee234dbb364029fbef761dd9bd6c8ff1e4a,15253fb33ac7f3518d3819c4a5a5cc21a87fa21f40ae5133675503b36361ff3e,156.63278130884902,3.8266500000000003,28,50.684984180823712,0.27368014351556891,observed_profile_hessian,e23bb885bb26af0983200308ce949e99ab555e8cf9abacf29f12e1316f741b18,80c9517c11461105236f47da95bb7dd43b78359031b508d0e1506e9c14ddc03b,28,9.9999999999999995e-07,"[{""attempt"": 0, ""tolerance"": 2e-07, ""free_valid"": true, ""nll"": 15.605806669684853, ""score"": 4.511784612581948e-09}]",1,15.605806669684853,4.5117846125819483e-09,199402.02102265277
calibration,nominal,pole,160,33,3,mc,11047.114021649271,3682.3713405497574,844.94023360516155,3461.0593710972403,-2.947702623433984,,,,True,False,,False,,,11100,11081,8369,2712,19,199d66265c14b80104b33683bd8ce630414739e45ad6ed4b2065f9c6c9424e43,c5f1ef180916d5981865456721abd2a6f316f9a0289cc44aee066d4f4150e002,8b566d21fe76835e3fa51921d8565c70b814854662aeaec143088d9f731a96d9,c63f5e67d4ee7a982b6770215debbacc9c573eb36997f9071a73e9732a6640bc,773dfb0983a0421b916611fd4e74a65670428683c8597b6cd828dfa3ab0d69b5,160,3.8266500000000003,27,50.684984180823712,0.27368014351556891,observed_profile_hessian,bb270fda438e01841923ed1bf9f740e745f6aa2b05e40a1e01b769644361545a,5c74442c93e965ea3b6ecaef5e041fec4b36831e2d22521446913627a65dc824,27,9.9999999999999995e-07,"[{""attempt"": 0, ""tolerance"": 2e-07, ""free_valid"": true, ""nll"": 20.263318694389746, ""score"": 2.2501167595834204e-12}]",1,20.263318694389746,2.2501167595834204e-12,183483.76118334648
calibration,nominal,logshift,160,33,3,mc,11047.114021649271,3682.3713405497574,9369.5908841514447,3685.5266573480985,-0.45516510758461848,,,,True,False,,False,,,11100,11081,9105,1976,19,199d66265c14b80104b33683bd8ce630414739e45ad6ed4b2065f9c6c9424e43,c5f1ef180916d5981865456721abd2a6f316f9a0289cc44aee066d4f4150e002,8b566d21fe76835e3fa51921d8565c70b814854662aeaec143088d9f731a96d9,92b2697514ff9c9b0d79bbf8d7186ee234dbb364029fbef761dd9bd6c8ff1e4a,15253fb33ac7f3518d3819c4a5a5cc21a87fa21f40ae5133675503b36361ff3e,156.63278130884902,3.8266500000000003,28,50.684984180823712,0.27368014351556891,observed_profile_hessian,3ce3d8b138b6fab3194f5bb8d14a301dc5d3da3aebfdc697f380558880d22a7f,fd007d5340de678793f06deaec985f5284fb36f71a448af5e56133ef3c673654,28,9.9999999999999995e-07,"[{""attempt"": 0, ""tolerance"": 2e-07, ""free_valid"": true, ""nll"": 15.311560233707707, ""score"": 2.363896495216622e-08}]",1,15.311560233707707,2.3638964952166219e-08,199423.96095820359
calibration,nominal,pole,160,33,4,mc,14729.48536219903,3682.3713405497574,2331.502515718048,3461.7710239578473,-3.5813988737782987,,,,True,False,,False,,,14707,14691,11136,3555,16,199d66265c14b80104b33683bd8ce630414739e45ad6ed4b2065f9c6c9424e43,3c1e6ba27c8ce296c86b5bce0d254e2bebd684d281b7caaff0a6c806caad9d9b,a04383aff1ffcc227f9a313d7da1029ff9a7e5fc3330b49562f8c4506fab4c2c,c63f5e67d4ee7a982b6770215debbacc9c573eb36997f9071a73e9732a6640bc,773dfb0983a0421b916611fd4e74a65670428683c8597b6cd828dfa3ab0d69b5,160,3.8266500000000003,27,50.684984180823712,0.27368014351556891,observed_profile_hessian,dc1782362f3908b6436e70d38a11c9f5bf3c47f12713aef0b9dc1f6cc272094c,07f8f48bbf6b944ecab0bee465032bcc7782571be586286d71bde86eddc4a458,27,9.9999999999999995e-07,"[{""attempt"": 0, ""tolerance"": 2e-07, ""free_valid"": true, ""nll"": 22.77531473384211, ""score"": 2.5350643459431943e-10}]",1,22.775314733842109,2.5350643459431943e-10,183509.36630640365
calibration,nominal,logshift,160,33,4,mc,14729.48536219903,3682.3713405497574,12497.066498315264,3686.2726972892888,-0.60560328744137171,,,,True,False,,False,,,14707,14691,12042,2649,16,199d66265c14b80104b33683bd8ce630414739e45ad6ed4b2065f9c6c9424e43,3c1e6ba27c8ce296c86b5bce0d254e2bebd684d281b7caaff0a6c806caad9d9b,a04383aff1ffcc227f9a313d7da1029ff9a7e5fc3330b49562f8c4506fab4c2c,92b2697514ff9c9b0d79bbf8d7186ee234dbb364029fbef761dd9bd6c8ff1e4a,15253fb33ac7f3518d3819c4a5a5cc21a87fa21f40ae5133675503b36361ff3e,156.63278130884902,3.8266500000000003,28,50.684984180823712,0.27368014351556891,observed_profile_hessian,30122dc0a159fd1c91c807ac96f69505144cf24f3acf60adb8078fd4671dd3c7,24707ca63158d73354e81c42e12687db4c15a02bffccbd85c99268ed05ed8799,28,9.9999999999999995e-07,"[{""attempt"": 0, ""tolerance"": 2e-07, ""free_valid"": true, ""nll"": 15.564426396354175, ""score"": 7.915292243865224e-08}]",1,15.564426396354175,7.915292243865224e-08,199442.90284795951
calibration,nominal,pole,160,33,5,mc,18411.856702748788,3682.3713405497574,3784.8030172663348,3462.484657014842,-4.2244385562398623,,,,True,False,,False,,,18303,18279,13815,4464,24,199d66265c14b80104b33683bd8ce630414739e45ad6ed4b2065f9c6c9424e43,8ee5a09d0348a0dd0cc6edd741c58c9158b4288eefa5c83387c518f2fddf28fb,563269b2d3c194e0a060d3fd375395da1ebbc92350252880afe23caa2cfbb6c0,c63f5e67d4ee7a982b6770215debbacc9c573eb36997f9071a73e9732a6640bc,773dfb0983a0421b916611fd4e74a65670428683c8597b6cd828dfa3ab0d69b5,160,3.8266500000000003,27,50.684984180823712,0.27368014351556891,observed_profile_hessian,61af5495b2c87403bf484b4dd0109057dfcc5bfad09d6005a45fec2439b982cf,5d93611320e76563aa8e4df2dc60bf37a6152a536f8a00921158de9604459b49,27,9.9999999999999995e-07,"[{""attempt"": 0, ""tolerance"": 2e-07, ""free_valid"": true, ""nll"": 25.781430201748062, ""score"": 2.1088926993595436e-09}]",1,25.781430201748062,2.1088926993595436e-09,183532.07772662045
calibration,nominal,logshift,160,33,5,mc,18411.856702748788,3682.3713405497574,15494.217922608808,3686.9976336007858,-0.79133188303420821,,,,True,False,,False,,,18303,18279,15014,3265,24,199d66265c14b80104b33683bd8ce630414739e45ad6ed4b2065f9c6c9424e43,8ee5a09d0348a0dd0cc6edd741c58c9158b4288eefa5c83387c518f2fddf28fb,563269b2d3c194e0a060d3fd375395da1ebbc92350252880afe23caa2cfbb6c0,92b2697514ff9c9b0d79bbf8d7186ee234dbb364029fbef761dd9bd6c8ff1e4a,15253fb33ac7f3518d3819c4a5a5cc21a87fa21f40ae5133675503b36361ff3e,156.63278130884902,3.8266500000000003,28,50.684984180823712,0.27368014351556891,observed_profile_hessian,8b3ccaa4673010793b8d797fc1fa962ec484f8a17baf0a318156820fc88f38a3,f30e3d28084e65ec8c333908a091ac34455cb9c89a8f5629fee64ab00dddf50a,28,9.9999999999999995e-07,"[{""attempt"": 0, ""tolerance"": 2e-07, ""free_valid"": true, ""nll"": 16.036991169371756, ""score"": 1.9817797625165667e-07}]",1,16.036991169371756,1.9817797625165667e-07,199460.7560216189
calibration,nominal,pole,160,33,6,mc,22094.228043298543,3682.3713405497574,5387.0664877865001,3463.1814406831941,-4.8242235764049841,,,,True,False,,False,,,22022,21998,16565,5433,24,199d66265c14b80104b33683bd8ce630414739e45ad6ed4b2065f9c6c9424e43,05f5d86f35381cb992de721e6fc079564f336a1b4b6b8f53fab51554d3bda95f,70a78a43efbff110af55802d6399006ea8d36c6a50033ff8d150dc484ec973b4,c63f5e67d4ee7a982b6770215debbacc9c573eb36997f9071a73e9732a6640bc,773dfb0983a0421b916611fd4e74a65670428683c8597b6cd828dfa3ab0d69b5,160,3.8266500000000003,27,50.684984180823712,0.27368014351556891,observed_profile_hessian,514e5e3588c58e656e78ff8b64632239ca446b9f1e72534cf084c855e2556fb8,3ada511cbe392a9502c1e4f5aa3827107f263cb71e2b79b36098fda2503da049,27,9.9999999999999995e-07,"[{""attempt"": 0, ""tolerance"": 2e-07, ""free_valid"": true, ""nll"": 27.667941202183997, ""score"": 9.351916158140128e-09}]",1,27.667941202183997,9.3519161581401278e-09,183555.96149973161
calibration,nominal,logshift,160,33,6,mc,22094.228043298543,3682.3713405497574,18210.057298771495,3687.7379354703753,-1.0532664773077529,,,,True,False,,False,,,22022,21998,17975,4023,24,199d66265c14b80104b33683bd8ce630414739e45ad6ed4b2065f9c6c9424e43,05f5d86f35381cb992de721e6fc079564f336a1b4b6b8f53fab51554d3bda95f,70a78a43efbff110af55802d6399006ea8d36c6a50033ff8d150dc484ec973b4,92b2697514ff9c9b0d79bbf8d7186ee234dbb364029fbef761dd9bd6c8ff1e4a,15253fb33ac7f3518d3819c4a5a5cc21a87fa21f40ae5133675503b36361ff3e,156.63278130884902,3.8266500000000003,28,50.684984180823712,0.27368014351556891,observed_profile_hessian,82be00258d51604e761d50c994757dabd91b3482b7516b57c0af98873f3d098a,4edc3ad853c5aed3e683d3919ebb99069d74fcb812a2c2d133395bfcf73693b0,28,9.9999999999999995e-07,"[{""attempt"": 0, ""tolerance"": 2e-07, ""free_valid"": true, ""nll"": 15.263627991183306, ""score"": 9.547918011776346e-14}]",1,15.263627991183306,9.5479180117763462e-14,199484.85258774817
calibration,nominal,pole,160,33,8,mc,29458.970724398059,3682.3713405497574,8379.7450865749433,3464.6237958844936,-6.0841311725857219,,,,True,False,,False,,,29714,29679,22333,7346,35,199d66265c14b80104b33683bd8ce630414739e45ad6ed4b2065f9c6c9424e43,2d97d3db0cdd877372aecddec6816140a0b5f148f91f31ca78d54d08c6cffc71,4c19f453b7ae21f65c309e81f4b88e3fef54fc2f3a2eb461188dc2925ad8a537,c63f5e67d4ee7a982b6770215debbacc9c573eb36997f9071a73e9732a6640bc,773dfb0983a0421b916611fd4e74a65670428683c8597b6cd828dfa3ab0d69b5,160,3.8266500000000003,27,50.684984180823712,0.27368014351556891,observed_profile_hessian,bb8100e039eb0ac952828fdb81dfbd435a67e362bf422f08aac641b9c1fbd6e3,2b8bab5c9d1864a729e3095f1766de49e9c40fd3e0701ae9553da262a3f49a5f,27,9.9999999999999995e-07,"[{""attempt"": 0, ""tolerance"": 2e-07, ""free_valid"": true, ""nll"": 35.92973802265396, ""score"": 6.292951404418545e-08}]",1,35.929738022653957,6.2929514044185453e-08,183607.27432605249
calibration,nominal,logshift,160,33,8,mc,29458.970724398059,3682.3713405497574,24496.635638065643,3689.325605603749,-1.345052081820884,,,,True,False,,False,,,29714,29679,24259,5420,35,199d66265c14b80104b33683bd8ce630414739e45ad6ed4b2065f9c6c9424e43,2d97d3db0cdd877372aecddec6816140a0b5f148f91f31ca78d54d08c6cffc71,4c19f453b7ae21f65c309e81f4b88e3fef54fc2f3a2eb461188dc2925ad8a537,92b2697514ff9c9b0d79bbf8d7186ee234dbb364029fbef761dd9bd6c8ff1e4a,15253fb33ac7f3518d3819c4a5a5cc21a87fa21f40ae5133675503b36361ff3e,156.63278130884902,3.8266500000000003,28,50.684984180823712,0.27368014351556891,observed_profile_hessian,dfc08e7f1e7b718c8ee78f645c2e7330566716febb5af0e3df9896f643ad8f04,0824929468bef8a9f4c15b8954612748a3ca642756dfea763add6db0376ebc9a,28,9.9999999999999995e-07,"[{""attempt"": 0, ""tolerance"": 2e-07, ""free_valid"": true, ""nll"": 15.745181589662119, ""score"": 7.960299086562372e-14}]",1,15.745181589662119,7.9602990865623724e-14,199525.07260042129
calibration,nominal,pole,160,33,10,mc,36823.713405497576,3682.3713405497574,11321.494052731487,3466.0050974929982,-7.3578135736765482,,,,True,False,,False,,,36709,36669,27696,8973,40,199d66265c14b80104b33683bd8ce630414739e45ad6ed4b2065f9c6c9424e43,ba2b41efc67e477cb9127f03107036752ec723b048c5409299611cdbc511fbdb,3966a95744ce0a6ecd4348330d0826f806efceb564869181a31c8d359a7aa899,c63f5e67d4ee7a982b6770215debbacc9c573eb36997f9071a73e9732a6640bc,773dfb0983a0421b916611fd4e74a65670428683c8597b6cd828dfa3ab0d69b5,160,3.8266500000000003,27,50.684984180823712,0.27368014351556891,observed_profile_hessian,fa204a945d86648468cb70d8a6b8e3b23ffc8b2aaaa47bffe364eaceefda9fc6,cc9e4180b5d69f07f55705e9764313d59d790e0a069378f7bfff2a66914a9d0c,27,9.9999999999999995e-07,"[{""attempt"": 0, ""tolerance"": 2e-07, ""free_valid"": true, ""nll"": 46.27607429419262, ""score"": 6.783462680459706e-14}]",1,46.276074294192618,6.7834626804597065e-14,183654.23015651345
calibration,nominal,logshift,160,33,10,mc,36823.713405497576,3682.3713405497574,30304.384351768302,3690.8131617808722,-1.7663665885984867,,,,True,False,,False,,,36709,36669,29978,6691,40,199d66265c14b80104b33683bd8ce630414739e45ad6ed4b2065f9c6c9424e43,ba2b41efc67e477cb9127f03107036752ec723b048c5409299611cdbc511fbdb,3966a95744ce0a6ecd4348330d0826f806efceb564869181a31c8d359a7aa899,92b2697514ff9c9b0d79bbf8d7186ee234dbb364029fbef761dd9bd6c8ff1e4a,15253fb33ac7f3518d3819c4a5a5cc21a87fa21f40ae5133675503b36361ff3e,156.63278130884902,3.8266500000000003,28,50.684984180823712,0.27368014351556891,observed_profile_hessian,99bb32fd16ddb98c0a645465659a5c472006089a0f6cfe9ae3ef70b590bb6e01,a452e88ebfe0403c91a6c3d04c419cf75015512e64aa725c3baac383d6c3b7b4,28,9.9999999999999995e-07,"[{""attempt"": 0, ""tolerance"": 2e-07, ""free_valid"": true, ""nll"": 17.09192475964646, ""score"": 1.071365218763276e-13}]",1,17.09192475964646,1.0713652187632761e-13,199563.96946147387
calibration,nominal,pole,160,33,12,mc,44188.456086597085,3682.3713405497574,14427.677704791458,3467.4487275519828,-8.582903662087233,,,,True,False,,False,,,44309,44245,33324,10921,64,199d66265c14b80104b33683bd8ce630414739e45ad6ed4b2065f9c6c9424e43,8574654b758e5fc8b785757ead6847b9301648dac9a9ace8cc9b71ac113612db,76e37804c247968e455bf611e6eea137dda66062b073c9e442c35a521988bba6,c63f5e67d4ee7a982b6770215debbacc9c573eb36997f9071a73e9732a6640bc,773dfb0983a0421b916611fd4e74a65670428683c8597b6cd828dfa3ab0d69b5,160,3.8266500000000003,27,50.684984180823712,0.27368014351556891,observed_profile_hessian,7cc50f9058bbb2bb112e508a0e693838414eacd59609c65b0bb40dbddf27414b,bee787c704899a64859b7564b23fc22011991ea46cee0c0e421f14b913dd2863,27,9.9999999999999995e-07,"[{""attempt"": 0, ""tolerance"": 2e-07, ""free_valid"": true, ""nll"": 59.130658176054865, ""score"": 3.1308289294429414e-14}]",1,59.130658176054865,3.1308289294429414e-14,183703.8607137966
calibration,nominal,logshift,160,33,12,mc,44188.456086597085,3682.3713405497574,36676.769404282357,3692.3113433839362,-2.0344131314317617,,,,True,False,,False,,,44309,44245,36168,8077,64,199d66265c14b80104b33683bd8ce630414739e45ad6ed4b2065f9c6c9424e43,8574654b758e5fc8b785757ead6847b9301648dac9a9ace8cc9b71ac113612db,76e37804c247968e455bf611e6eea137dda66062b073c9e442c35a521988bba6,92b2697514ff9c9b0d79bbf8d7186ee234dbb364029fbef761dd9bd6c8ff1e4a,15253fb33ac7f3518d3819c4a5a5cc21a87fa21f40ae5133675503b36361ff3e,156.63278130884902,3.8266500000000003,28,50.684984180823712,0.27368014351556891,observed_profile_hessian,2344efabe3d3ee3d1865278a6b8efb2d3706bb3f56ccc31811e95ba29179ca9e,de8e5217aad705404f8fe46f9dc1c1ad3ee6e16250697700b0086ecea8962a8a,28,9.9999999999999995e-07,"[{""attempt"": 0, ""tolerance"": 2e-07, ""free_valid"": true, ""nll"": 18.249711192788194, ""score"": 3.497202527569243e-14}]",1,18.249711192788194,3.4972025275692431e-14,199601.95229423343
calibration,nominal,pole,160,33,16,mc,58917.941448796118,3682.3713405497574,20239.144745031641,3470.220402602421,-11.145919341249364,,,,True,False,,False,,,58596,58522,44088,14434,74,199d66265c14b80104b33683bd8ce630414739e45ad6ed4b2065f9c6c9424e43,e2c0445b2f9d6cde76a1a4cb9b6dac91cc2f9e28f4b9801444526fb884720674,1804848112a19ebb3464752198c39009cfb8120b430b4581622e74a434b6d4bc,c63f5e67d4ee7a982b6770215debbacc9c573eb36997f9071a73e9732a6640bc,773dfb0983a0421b916611fd4e74a65670428683c8597b6cd828dfa3ab0d69b5,160,3.8266500000000003,27,50.684984180823712,0.27368014351556891,observed_profile_hessian,c44df354f38296ebbb2a200cb460916aeb391876068185d4effd073f46b5d584,3b1402d4e9c52a3f65adae68d82cd076f3660ccc293733504320542eda1f972c,27,9.9999999999999995e-07,"[{""attempt"": 0, ""tolerance"": 2e-07, ""free_valid"": true, ""nll"": 86.65079274391935, ""score"": 2.1038726316646716e-14}]",1,86.650792743919354,2.1038726316646716e-14,183797.10769220648
calibration,nominal,logshift,160,33,16,mc,58917.941448796118,3682.3713405497574,48289.32933781029,3695.2613397001733,-2.8762815762979876,,,,True,False,,False,,,58596,58522,47870,10652,74,199d66265c14b80104b33683bd8ce630414739e45ad6ed4b2065f9c6c9424e43,e2c0445b2f9d6cde76a1a4cb9b6dac91cc2f9e28f4b9801444526fb884720674,1804848112a19ebb3464752198c39009cfb8120b430b4581622e74a434b6d4bc,92b2697514ff9c9b0d79bbf8d7186ee234dbb364029fbef761dd9bd6c8ff1e4a,15253fb33ac7f3518d3819c4a5a5cc21a87fa21f40ae5133675503b36361ff3e,156.63278130884902,3.8266500000000003,28,50.684984180823712,0.27368014351556891,observed_profile_hessian,ff4147ebd144a299b620768875724304fd144d2ae7b4b2c3a05b929252498be9,2a930c2262a556af041cbf8df995305df943c25cedce466b8041d3816bd7131e,28,9.9999999999999995e-07,"[{""attempt"": 0, ""tolerance"": 2e-07, ""free_valid"": true, ""nll"": 19.138856454665714, ""score"": 2.2448709557920665e-13}]",1,19.138856454665714,2.2448709557920665e-13,199679.19815717466
calibration,nominal,pole,160,33,20,mc,73647.426810995152,3682.3713405497574,26323.434598302574,3473.0910475677588,-13.625900261334657,,,,True,False,,False,,,73939,73856,55395,18461,83,199d66265c14b80104b33683bd8ce630414739e45ad6ed4b2065f9c6c9424e43,11614d86a4d30f161193d8dca579eb547ebbc1cb225bd1c046125021da305e89,84897fa92bc492e6ebbd60a19273df9cafc794181402c551f72f07b24fba37ce,c63f5e67d4ee7a982b6770215debbacc9c573eb36997f9071a73e9732a6640bc,773dfb0983a0421b916611fd4e74a65670428683c8597b6cd828dfa3ab0d69b5,160,3.8266500000000003,27,50.684984180823712,0.27368014351556891,observed_profile_hessian,b5aa16bf54dfc3268627fb4e21d3c79782604e263d384d912ea14d00ff9543a3,93b283f98f1c33e492fcea1ac3656ee9ea6c47d507b94c1cd2db560eb891474b,27,9.9999999999999995e-07,"[{""attempt"": 0, ""tolerance"": 2e-07, ""free_valid"": true, ""nll"": 123.82975152519519, ""score"": 6.039613253960852e-14}]",1,123.82975152519519,6.0396132539608516e-14,183898.73319507268
calibration,nominal,logshift,160,33,20,mc,73647.426810995152,3682.3713405497574,60381.917380456551,3698.3079968918869,-3.5869131077474168,,,,True,False,,False,,,73939,73856,60313,13543,83,199d66265c14b80104b33683bd8ce630414739e45ad6ed4b2065f9c6c9424e43,11614d86a4d30f161193d8dca579eb547ebbc1cb225bd1c046125021da305e89,84897fa92bc492e6ebbd60a19273df9cafc794181402c551f72f07b24fba37ce,92b2697514ff9c9b0d79bbf8d7186ee234dbb364029fbef761dd9bd6c8ff1e4a,15253fb33ac7f3518d3819c4a5a5cc21a87fa21f40ae5133675503b36361ff3e,156.63278130884902,3.8266500000000003,28,50.684984180823712,0.27368014351556891,observed_profile_hessian,0b6f856c59759bf525048ce9011246e07915e1101e4d5bf26aa74ba959e46e82,9805d3bdedab7d2280e1d37d8293b8f1fcf0dd66a97398398f68d95c3fcdbb5e,28,9.9999999999999995e-07,"[{""attempt"": 0, ""tolerance"": 2e-07, ""free_valid"": true, ""nll"": 21.211820595846937, ""score"": 1.1339817973521349e-12}]",1,21.211820595846937,1.1339817973521349e-12,199764.69046187933
calibration,nominal,pole,160,33,24,mc,88376.91217319417,3682.3713405497574,32891.3429331355,3476.0598659923221,-15.962201854719503,,,,True,False,,False,,,88691,88592,66804,21788,99,199d66265c14b80104b33683bd8ce630414739e45ad6ed4b2065f9c6c9424e43,ae55aeddaf9439172a31739f9ee06f4007b8d0aa396d2898657b2e61c5e14333,cca770444f09f810722161cab52cff8f0c7e445e5a351e3fcd3d656fc4d04f46,c63f5e67d4ee7a982b6770215debbacc9c573eb36997f9071a73e9732a6640bc,773dfb0983a0421b916611fd4e74a65670428683c8597b6cd828dfa3ab0d69b5,160,3.8266500000000003,27,50.684984180823712,0.27368014351556891,observed_profile_hessian,3581a4efae846af3fdd9b47bbab633c25124b49523bc308f8a030767c1c8802d,50434f2e5b56bbb51f05915919f068c1eb9a42ed23c59ecbff27104058cf693d,27,9.9999999999999995e-07,"[{""attempt"": 0, ""tolerance"": 2e-07, ""free_valid"": true, ""nll"": 172.13424053669542, ""score"": 4.0190073491430667e-14}]",1,172.13424053669542,4.0190073491430667e-14,183996.53539480423
calibration,nominal,logshift,160,33,24,mc,88376.91217319417,3682.3713405497574,73256.088325671401,3701.4143663042014,-4.0851475547226164,,,,True,False,,False,,,88691,88592,72597,15995,99,199d66265c14b80104b33683bd8ce630414739e45ad6ed4b2065f9c6c9424e43,ae55aeddaf9439172a31739f9ee06f4007b8d0aa396d2898657b2e61c5e14333,cca770444f09f810722161cab52cff8f0c7e445e5a351e3fcd3d656fc4d04f46,92b2697514ff9c9b0d79bbf8d7186ee234dbb364029fbef761dd9bd6c8ff1e4a,15253fb33ac7f3518d3819c4a5a5cc21a87fa21f40ae5133675503b36361ff3e,156.63278130884902,3.8266500000000003,28,50.684984180823712,0.27368014351556891,observed_profile_hessian,5dc2f87887644c4705ff4d9f681e3d7dcf5c44484e12b53af77bfaafb6e69706,7ddf2ad58d3af388dde96cf76740104294097ea1d0556230fe02c6d474f10c54,28,9.9999999999999995e-07,"[{""attempt"": 0, ""tolerance"": 2e-07, ""free_valid"": true, ""nll"": 24.464897401369406, ""score"": 4.9535930912725235e-12}]",1,24.464897401369406,4.9535930912725235e-12,199842.24237797692
calibration,nominal,pole,160,34,0,mc,0,3682.3713405497574,1055.0276716420444,3459.5795513723087,0.3049583499889596,,,,True,False,,False,,,0,0,0,0,0,c43ae9b2e88329beff31808e941dafa75f1ffc15001a13be44b8aae5d7989e06,d3bb56f8ed6d718b0d014fd9eec6c619f30907068e2667d838febcc69349baac,c43ae9b2e88329beff31808e941dafa75f1ffc15001a13be44b8aae5d7989e06,c63f5e67d4ee7a982b6770215debbacc9c573eb36997f9071a73e9732a6640bc,773dfb0983a0421b916611fd4e74a65670428683c8597b6cd828dfa3ab0d69b5,160,3.8266500000000003,27,50.684984180823712,0.27368014351556891,observed_profile_hessian,25439a7a88dcc3f00c60d3b96f9efce56bd26fb6efb65485f167b2fc8760a575,e8f3f4612352651e261a83bcc0f1691ec595de99a4cdcba2bb17485d4e16fb79,27,9.9999999999999995e-07,"[{""attempt"": 0, ""tolerance"": 2e-07, ""free_valid"": true, ""nll"": 13.898780335794628, ""score"": 2.471371440826431e-10}]",1,13.898780335794628,2.4713714408264309e-10,183496.75729002894
calibration,nominal,logshift,160,34,0,mc,0,3682.3713405497574,3001.6752496789131,3683.2767199308723,0.81494698278744815,,,,True,False,,False,,,0,0,0,0,0,c43ae9b2e88329beff31808e941dafa75f1ffc15001a13be44b8aae5d7989e06,d3bb56f8ed6d718b0d014fd9eec6c619f30907068e2667d838febcc69349baac,c43ae9b2e88329beff31808e941dafa75f1ffc15001a13be44b8aae5d7989e06,92b2697514ff9c9b0d79bbf8d7186ee234dbb364029fbef761dd9bd6c8ff1e4a,15253fb33ac7f3518d3819c4a5a5cc21a87fa21f40ae5133675503b36361ff3e,156.63278130884902,3.8266500000000003,28,50.684984180823712,0.27368014351556891,observed_profile_hessian,3227757ad7f6f8e0e5d4162da2069bdf79c5ca614818e8b40b4db2de12a7fbed,035741ea3b7df57d805dbdf6340a46f712d5e0207881657c16831f558093c7d2,28,9.9999999999999995e-07,"[{""attempt"": 0, ""tolerance"": 2e-07, ""free_valid"": true, ""nll"": 10.611145837255906, ""score"": 1.5652162899115751e-09}]",1,10.611145837255906,1.5652162899115751e-09,199470.7859371379
calibration,nominal,pole,160,34,1,mc,3682.3713405497574,3682.3713405497574,2645.280188982581,3460.2878767466818,-0.29971239056047444,,,,True,False,,False,,,3597,3594,2726,868,3,c43ae9b2e88329beff31808e941dafa75f1ffc15001a13be44b8aae5d7989e06,0f7d6bc99e65e0f942e1d93b0f2906370cd268c1ae4bad00cdb5038c0a461062,58e1d83861298d58924f24a76db8440ff3c9553d2218461eac5dda2982e55a51,c63f5e67d4ee7a982b6770215debbacc9c573eb36997f9071a73e9732a6640bc,773dfb0983a0421b916611fd4e74a65670428683c8597b6cd828dfa3ab0d69b5,160,3.8266500000000003,27,50.684984180823712,0.27368014351556891,observed_profile_hessian,212ad12149ec0f9f612c658c28b47dc38c824efa571eb84dd36813ae28d95751,3cb3650aad3a335abe5c65000455aea551315e68ac7834bed96aa08b29cf5285,27,9.9999999999999995e-07,"[{""attempt"": 0, ""tolerance"": 2e-07, ""free_valid"": true, ""nll"": 14.272775572220768, ""score"": 2.3758596201517435e-09}]",1,14.272775572220768,2.3758596201517435e-09,183519.77591466327
calibration,nominal,logshift,160,34,1,mc,3682.3713405497574,3682.3713405497574,5995.9588363833727,3684.0192861667465,0.6280063474480132,,,,True,False,,False,,,3597,3594,2939,655,3,c43ae9b2e88329beff31808e941dafa75f1ffc15001a13be44b8aae5d7989e06,0f7d6bc99e65e0f942e1d93b0f2906370cd268c1ae4bad00cdb5038c0a461062,58e1d83861298d58924f24a76db8440ff3c9553d2218461eac5dda2982e55a51,92b2697514ff9c9b0d79bbf8d7186ee234dbb364029fbef761dd9bd6c8ff1e4a,15253fb33ac7f3518d3819c4a5a5cc21a87fa21f40ae5133675503b36361ff3e,156.63278130884902,3.8266500000000003,28,50.684984180823712,0.27368014351556891,observed_profile_hessian,7565c6738c3f83018c5f8a3476017491c7693a46e2f1d7475c712f4d4f43c9a5,8bc6c9e811056cee6eef80ca7cb3de247ccb4718715fc8ba5849331dc8f58c45,28,9.9999999999999995e-07,"[{""attempt"": 0, ""tolerance"": 2e-07, ""free_valid"": true, ""nll"": 10.379504515276283, ""score"": 1.2407190996821527e-08}]",1,10.379504515276283,1.2407190996821527e-08,199490.39948298899
calibration,nominal,pole,160,34,2,mc,7364.7426810995148,3682.3713405497574,3987.7849603596924,3460.9908628014496,-0.97571991796776725,,,,True,False,,False,,,7365,7356,5587,1769,9,c43ae9b2e88329beff31808e941dafa75f1ffc15001a13be44b8aae5d7989e06,1422ec2d216182c758e3d1f6e177d76e4378a63bce48dcfe3ad0c46656904bdf,7c1dd0593ed4944cd66faa5e87fc99f9a082f0be2b485c57d1214321a86f23d9,c63f5e67d4ee7a982b6770215debbacc9c573eb36997f9071a73e9732a6640bc,773dfb0983a0421b916611fd4e74a65670428683c8597b6cd828dfa3ab0d69b5,160,3.8266500000000003,27,50.684984180823712,0.27368014351556891,observed_profile_hessian,0d113dfae54691dcf82540cc47ecd37a1ddee9c5d5ec54f9ef92092a2324ab72,a45632a85ccf1d0ca8ce28a3c851971e1ab00e4d1b1489363ac7cdf51adeca04,27,9.9999999999999995e-07,"[{""attempt"": 0, ""tolerance"": 2e-07, ""free_valid"": true, ""nll"": 15.646509797545809, ""score"": 9.61488733075555e-09}]",1,15.646509797545809,9.6148873307555505e-09,183545.64197100719
calibration,nominal,logshift,160,34,2,mc,7364.7426810995148,3682.3713405497574,9151.9189463240855,3684.7955682549982,0.4850136817958996,,,,True,False,,False,,,7365,7356,6040,1316,9,c43ae9b2e88329beff31808e941dafa75f1ffc15001a13be44b8aae5d7989e06,1422ec2d216182c758e3d1f6e177d76e4378a63bce48dcfe3ad0c46656904bdf,7c1dd0593ed4944cd66faa5e87fc99f9a082f0be2b485c57d1214321a86f23d9,92b2697514ff9c9b0d79bbf8d7186ee234dbb364029fbef761dd9bd6c8ff1e4a,15253fb33ac7f3518d3819c4a5a5cc21a87fa21f40ae5133675503b36361ff3e,156.63278130884902,3.8266500000000003,28,50.684984180823712,0.27368014351556891,observed_profile_hessian,274a27547ac0b10eeb3898035d41c976cc9cf101d47d0bbea0e9a3e1e3d171b0,476cef480f7d566daa785d3cc12af473863d1a911e78ac4ce01a2fb6fd628a5e,28,9.9999999999999995e-07,"[{""attempt"": 0, ""tolerance"": 2e-07, ""free_valid"": true, ""nll"": 10.528139527481802, ""score"": 5.2045854265214686e-08}]",1,10.528139527481802,5.2045854265214686e-08,199508.34589415012
calibration,nominal,pole,160,34,3,mc,11047.114021649271,3682.3713405497574,5306.0671361066115,3461.6716474463637,-1.6584608450017972,,,,True,False,,False,,,10941,10921,8184,2737,20,c43ae9b2e88329beff31808e941dafa75f1ffc15001a13be44b8aae5d7989e06,4eff51e1d003d9fcb87d1f2daac829d7e300c56aeff6add7e3a26c93ae05e28e,02a80faf4f374084bd5bbbca000f7debd19a99b663be8f9fe2236afc61d3a5fd,c63f5e67d4ee7a982b6770215debbacc9c573eb36997f9071a73e9732a6640bc,773dfb0983a0421b916611fd4e74a65670428683c8597b6cd828dfa3ab0d69b5,160,3.8266500000000003,27,50.684984180823712,0.27368014351556891,observed_profile_hessian,19396733cb6f7cef8871adca38cd85aef355ff797802ca453e531bf57dc46486,9a3a9815f471c775704fb6dfe3d809b98b8db2a2c8814ef3c10c834d61b030c3,27,9.9999999999999995e-07,"[{""attempt"": 0, ""tolerance"": 2e-07, ""free_valid"": true, ""nll"": 17.07816292089933, ""score"": 2.429022105676637e-08}]",1,17.078162920899331,2.429022105676637e-08,183570.40374232145
calibration,nominal,logshift,160,34,3,mc,11047.114021649271,3682.3713405497574,11811.97849510093,3685.5124568106303,0.20753273321278012,,,,True,False,,False,,,10941,10921,8932,1989,20,c43ae9b2e88329beff31808e941dafa75f1ffc15001a13be44b8aae5d7989e06,4eff51e1d003d9fcb87d1f2daac829d7e300c56aeff6add7e3a26c93ae05e28e,02a80faf4f374084bd5bbbca000f7debd19a99b663be8f9fe2236afc61d3a5fd,92b2697514ff9c9b0d79bbf8d7186ee234dbb364029fbef761dd9bd6c8ff1e4a,15253fb33ac7f3518d3819c4a5a5cc21a87fa21f40ae5133675503b36361ff3e,156.63278130884902,3.8266500000000003,28,50.684984180823712,0.27368014351556891,observed_profile_hessian,35d5f4694d85b577f7a071f89c89005bab47f445f28f7953f7a882bf87ac714a,5bb883baaf30a2429933d4cbda0e479bf635c7975f860d34278223e74bc668b6,28,9.9999999999999995e-07,"[{""attempt"": 0, ""tolerance"": 2e-07, ""free_valid"": true, ""nll"": 10.727310825949614, ""score"": 1.324396270707684e-07}]",1,10.727310825949614,1.324396270707684e-07,199530.32952911977
calibration,nominal,pole,160,34,4,mc,14729.48536219903,3682.3713405497574,6935.2658952913953,3462.434210479284,-2.2510808850368673,,,,True,False,,False,,,14801,14785,11075,3710,16,c43ae9b2e88329beff31808e941dafa75f1ffc15001a13be44b8aae5d7989e06,a537d6b01f73731a44fc2b24f35d165e462aa0d310a5e85bd7dfbbe3b07b4003,b0814c0a6d75da4a491ec2abcf59f2ef687817c5ef9d7a7ed4be11f97ec06f38,c63f5e67d4ee7a982b6770215debbacc9c573eb36997f9071a73e9732a6640bc,773dfb0983a0421b916611fd4e74a65670428683c8597b6cd828dfa3ab0d69b5,160,3.8266500000000003,27,50.684984180823712,0.27368014351556891,observed_profile_hessian,9f453c92ecbdcd757e57c78a16f15ef17660aa3d5a325893532416590587c7c4,104cc1c2d5fecdbf35b1c77bfa4314051c627e1d055f012ccd25eb7dbfc04df3,27,9.9999999999999995e-07,"[{""attempt"": 0, ""tolerance"": 2e-07, ""free_valid"": true, ""nll"": 19.042726138779123, ""score"": 5.9262183826902515e-08}]",1,19.042726138779123,5.9262183826902515e-08,183596.35159768935
calibration,nominal,logshift,160,34,4,mc,14729.48536219903,3682.3713405497574,15006.639707392405,3686.3157880132549,0.075184645356373148,,,,True,False,,False,,,14801,14785,12037,2748,16,c43ae9b2e88329beff31808e941dafa75f1ffc15001a13be44b8aae5d7989e06,a537d6b01f73731a44fc2b24f35d165e462aa0d310a5e85bd7dfbbe3b07b4003,b0814c0a6d75da4a491ec2abcf59f2ef687817c5ef9d7a7ed4be11f97ec06f38,92b2697514ff9c9b0d79bbf8d7186ee234dbb364029fbef761dd9bd6c8ff1e4a,15253fb33ac7f3518d3819c4a5a5cc21a87fa21f40ae5133675503b36361ff3e,156.63278130884902,3.8266500000000003,28,50.684984180823712,0.27368014351556891,observed_profile_hessian,4ce30135bae9f2b10422c6d9f681fbd6949c8e5137b2ebec6b27feae477f3790,ca054edd8cb6a4548a7de0bfefb81aa616274ceaa1334eb3a6a4f34b16627cd4,28,9.9999999999999995e-07,"[{""attempt"": 0, ""tolerance"": 2e-07, ""free_valid"": true, ""nll"": 10.589401004308764, ""score"": 5.782874179516284e-14}]",1,10.589401004308764,5.7828741795162841e-14,199551.55403533991
calibration,nominal,pole,160,34,5,mc,18411.856702748788,3682.3713405497574,8577.3154528110317,3463.1721381744851,-2.8397494717434868,,,,True,False,,False,,,18503,18477,13836,4641,26,c43ae9b2e88329beff31808e941dafa75f1ffc15001a13be44b8aae5d7989e06,1bdcd64606bf069514c65a235b1b17463efa7a216099acc0b3cdf76b94ab64b9,f1929a917c74b88067c3f7a2933187473c1ac22daec18a5dc56801ebbe3c7ae6,c63f5e67d4ee7a982b6770215debbacc9c573eb36997f9071a73e9732a6640bc,773dfb0983a0421b916611fd4e74a65670428683c8597b6cd828dfa3ab0d69b5,160,3.8266500000000003,27,50.684984180823712,0.27368014351556891,observed_profile_hessian,4173f378c5ecc91f35a45028bbda7287feefbf49832906c3e78cf693bd5f4a1e,4f2296f889b5fc0005b8f06c31ad4bad56f22f69ae255d324f54b41af7c7f5e6,27,9.9999999999999995e-07,"[{""attempt"": 0, ""tolerance"": 2e-07, ""free_valid"": true, ""nll"": 22.1648255183348, ""score"": 1.2034683571915394e-07}]",1,22.164825518334801,1.2034683571915394e-07,183620.18586513624
calibration,nominal,logshift,160,34,5,mc,18411.856702748788,3682.3713405497574,18125.395841219666,3687.0565847055545,-0.077693643953662919,,,,True,False,,False,,,18503,18477,15065,3412,26,c43ae9b2e88329beff31808e941dafa75f1ffc15001a13be44b8aae5d7989e06,1bdcd64606bf069514c65a235b1b17463efa7a216099acc0b3cdf76b94ab64b9,f1929a917c74b88067c3f7a2933187473c1ac22daec18a5dc56801ebbe3c7ae6,92b2697514ff9c9b0d79bbf8d7186ee234dbb364029fbef761dd9bd6c8ff1e4a,15253fb33ac7f3518d3819c4a5a5cc21a87fa21f40ae5133675503b36361ff3e,156.63278130884902,3.8266500000000003,28,50.684984180823712,0.27368014351556891,observed_profile_hessian,1ebd2fa59de95bbb13876f1613aed62ffcb14e76ed7c25aaa6142b4acb181ba3,ba41d19f5fbf28420f459feb4cbb56e73e2f65c91f264992f94e597daaec12d7,28,9.9999999999999995e-07,"[{""attempt"": 0, ""tolerance"": 2e-07, ""free_valid"": true, ""nll"": 11.02427625794623, ""score"": 1.1745465711143765e-13}]",1,11.02427625794623,1.1745465711143765e-13,199571.36770490374
calibration,nominal,pole,160,34,6,mc,22094.228043298543,3682.3713405497574,9986.5655339071855,3463.9329221572752,-3.4953513192890937,,,,True,False,,False,,,22426,22388,16897,5491,38,c43ae9b2e88329beff31808e941dafa75f1ffc15001a13be44b8aae5d7989e06,000966af503c63e66ccc7a921b29803dfb3c184e2ee0e23b9fe563003af7fa7e,f5dbb9ca276b9461d70b77da29f218be927c152a4470b7cedf67e82c7aba0921,c63f5e67d4ee7a982b6770215debbacc9c573eb36997f9071a73e9732a6640bc,773dfb0983a0421b916611fd4e74a65670428683c8597b6cd828dfa3ab0d69b5,160,3.8266500000000003,27,50.684984180823712,0.27368014351556891,observed_profile_hessian,f362cab5e6ac2e65d1b092b6d65d21dc7af0c1df4eaaea34385996a45a0f8171,b5d0fa7d4e3c3eaf0b2e577262c46a8148d46505e306dbc64e69cef60304d042,27,9.9999999999999995e-07,"[{""attempt"": 0, ""tolerance"": 2e-07, ""free_valid"": true, ""nll"": 25.593927880794716, ""score"": 7.238654120556021e-14}]",1,25.593927880794716,7.2386541205560206e-14,183647.38539744503
calibration,nominal,logshift,160,34,6,mc,22094.228043298543,3682.3713405497574,21444.835918585628,3687.8816811610473,-0.17608811259597354,,,,True,False,,False,,,22426,22388,18349,4039,38,c43ae9b2e88329beff31808e941dafa75f1ffc15001a13be44b8aae5d7989e06,000966af503c63e66ccc7a921b29803dfb3c184e2ee0e23b9fe563003af7fa7e,f5dbb9ca276b9461d70b77da29f218be927c152a4470b7cedf67e82c7aba0921,92b2697514ff9c9b0d79bbf8d7186ee234dbb364029fbef761dd9bd6c8ff1e4a,15253fb33ac7f3518d3819c4a5a5cc21a87fa21f40ae5133675503b36361ff3e,156.63278130884902,3.8266500000000003,28,50.684984180823712,0.27368014351556891,observed_profile_hessian,e8fb34c4d44ac59d20ab49e3241f7913b34ad7811181af29865db0f1cdf47cc0,da08e9518dcf47536298665dc4664aacba4e1fe0b8fd57f983e9fbdbbbf1e5ae,28,9.9999999999999995e-07,"[{""attempt"": 0, ""tolerance"": 2e-07, ""free_valid"": true, ""nll"": 11.00973246265059, ""score"": 2.886579864025407e-14}]",1,11.009732462650589,2.886579864025407e-14,199590.50152280583
calibration,nominal,pole,160,34,8,mc,29458.970724398059,3682.3713405497574,13267.374707826362,3465.3003071101834,-4.6724943241858163,,,,True,False,,False,,,29466,29428,22195,7233,38,c43ae9b2e88329beff31808e941dafa75f1ffc15001a13be44b8aae5d7989e06,90b1bada78e61495766e0ba1b288dd5a57c2193f2987d03866a4f3fe8100987e,62732338d6462406e90faced63776c033172ebd405af919788d6162213c392cc,c63f5e67d4ee7a982b6770215debbacc9c573eb36997f9071a73e9732a6640bc,773dfb0983a0421b916611fd4e74a65670428683c8597b6cd828dfa3ab0d69b5,160,3.8266500000000003,27,50.684984180823712,0.27368014351556891,observed_profile_hessian,f00fe85aeb210b90d581b6355ddf6a68d0a849626cf97bca5b9e86ab5ce7e2ec,e76c901cf9db88d7399fd3805f05e88dd7c82d610b706f0d05281268b9d41481,27,9.9999999999999995e-07,"[{""attempt"": 0, ""tolerance"": 2e-07, ""free_valid"": true, ""nll"": 32.26664645682383, ""score"": 1.1124434706744069e-13}]",1,32.266646456823828,1.1124434706744069e-13,183691.69500390944
calibration,nominal,logshift,160,34,8,mc,29458.970724398059,3682.3713405497574,27115.638921388607,3689.3229335590527,-0.63516581367651215,,,,True,False,,False,,,29466,29428,24134,5294,38,c43ae9b2e88329beff31808e941dafa75f1ffc15001a13be44b8aae5d7989e06,90b1bada78e61495766e0ba1b288dd5a57c2193f2987d03866a4f3fe8100987e,62732338d6462406e90faced63776c033172ebd405af919788d6162213c392cc,92b2697514ff9c9b0d79bbf8d7186ee234dbb364029fbef761dd9bd6c8ff1e4a,15253fb33ac7f3518d3819c4a5a5cc21a87fa21f40ae5133675503b36361ff3e,156.63278130884902,3.8266500000000003,28,50.684984180823712,0.27368014351556891,observed_profile_hessian,f0b852c4118fe9b7cec99daa54fe0700b537e571e4d21dce5b1e87e3c862a47f,eed66c75d00867f4c0bf748ce619a26e5c28aa390e5180bc7372406f1ac05081,28,9.9999999999999995e-07,"[{""attempt"": 0, ""tolerance"": 2e-07, ""free_valid"": true, ""nll"": 11.43630242964746, ""score"": 8.58202398035246e-14}]",1,11.43630242964746,8.5820239803524601e-14,199632.52000204206
calibration,nominal,pole,160,34,10,mc,36823.713405497576,3682.3713405497574,16220.197448402834,3466.7372556144865,-5.9432008940760426,,,,True,False,,False,,,37138,37098,27870,9228,40,c43ae9b2e88329beff31808e941dafa75f1ffc15001a13be44b8aae5d7989e06,4f1a139d43819a9da7ba6479f4a6d5538e9b5227f7e77e77bf375a9b21866554,9308fc9c8d21342c0b581d0c6b8c94f0ee851f3956d90e09aa7cda7d3049cc1b,c63f5e67d4ee7a982b6770215debbacc9c573eb36997f9071a73e9732a6640bc,773dfb0983a0421b916611fd4e74a65670428683c8597b6cd828dfa3ab0d69b5,160,3.8266500000000003,27,50.684984180823712,0.27368014351556891,observed_profile_hessian,c6fb37ba8c2d57f69da476d409a100cc3312500d95973ae9b94116e24b0c68a1,e9b50b836764a6d17a1c8c665a9b9a9205f2d9800c5c7ee6f6106814fd1e0380,27,9.9999999999999995e-07,"[{""attempt"": 0, ""tolerance"": 2e-07, ""free_valid"": true, ""nll"": 41.70140639387642, ""score"": 3.219646771412954e-14}]",1,41.701406393876418,3.219646771412954e-14,183741.82363249795
calibration,nominal,logshift,160,34,10,mc,36823.713405497576,3682.3713405497574,33236.107937017499,3690.8952612334647,-0.97201497592243524,,,,True,False,,False,,,37138,37098,30336,6762,40,c43ae9b2e88329beff31808e941dafa75f1ffc15001a13be44b8aae5d7989e06,4f1a139d43819a9da7ba6479f4a6d5538e9b5227f7e77e77bf375a9b21866554,9308fc9c8d21342c0b581d0c6b8c94f0ee851f3956d90e09aa7cda7d3049cc1b,92b2697514ff9c9b0d79bbf8d7186ee234dbb364029fbef761dd9bd6c8ff1e4a,15253fb33ac7f3518d3819c4a5a5cc21a87fa21f40ae5133675503b36361ff3e,156.63278130884902,3.8266500000000003,28,50.684984180823712,0.27368014351556891,observed_profile_hessian,954629455b04d261f17eaba05d9fc8609fb82c6b8059dbbd24485123b2f31e34,b963342cdd65ebd16e57721f0d30b8e07adcdd92b5cf19f0dfb44ff4ed7295e5,28,9.9999999999999995e-07,"[{""attempt"": 0, ""tolerance"": 2e-07, ""free_valid"": true, ""nll"": 11.421845136495943, ""score"": 8.382183835919932e-14}]",1,11.421845136495943,8.3821838359199319e-14,199673.06794437682
calibration,nominal,pole,160,34,12,mc,44188.456086597085,3682.3713405497574,19174.466374717616,3468.0834130550297,-7.2126263219962983,,,,True,False,,False,,,44154,44095,33179,10916,59,c43ae9b2e88329beff31808e941dafa75f1ffc15001a13be44b8aae5d7989e06,28e1acbf0bb50aac9b1197400d4285b0413f40d88e19ba0bf3de43ee3e601e8f,c710da43d1899a9afb8e0a65324c091271eac51ede250f41effc01be7901888a,c63f5e67d4ee7a982b6770215debbacc9c573eb36997f9071a73e9732a6640bc,773dfb0983a0421b916611fd4e74a65670428683c8597b6cd828dfa3ab0d69b5,160,3.8266500000000003,27,50.684984180823712,0.27368014351556891,observed_profile_hessian,858d639eccc501a4ccddb1f096e77edfbe8d90a880e3e2ff7ee9c92aa3cb91ac,1a54348c6906c2d745abb95a36eaaa3d2ce17783f86640f1beedf257a242b8ff,27,9.9999999999999995e-07,"[{""attempt"": 0, ""tolerance"": 2e-07, ""free_valid"": true, ""nll"": 53.17115044834508, ""score"": 1.9539925233402755e-14}]",1,53.171150448345081,1.9539925233402755e-14,183786.75799582756
calibration,nominal,logshift,160,34,12,mc,44188.456086597085,3682.3713405497574,39048.950427107004,3692.341228322332,-1.3919368069416731,,,,True,False,,False,,,44154,44095,36020,8075,59,c43ae9b2e88329beff31808e941dafa75f1ffc15001a13be44b8aae5d7989e06,28e1acbf0bb50aac9b1197400d4285b0413f40d88e19ba0bf3de43ee3e601e8f,c710da43d1899a9afb8e0a65324c091271eac51ede250f41effc01be7901888a,92b2697514ff9c9b0d79bbf8d7186ee234dbb364029fbef761dd9bd6c8ff1e4a,15253fb33ac7f3518d3819c4a5a5cc21a87fa21f40ae5133675503b36361ff3e,156.63278130884902,3.8266500000000003,28,50.684984180823712,0.27368014351556891,observed_profile_hessian,1e02db6e69655d0206cfcba1628e05211b908609d5c12dfe29f61afe2dc3eea7,36818d99ba6cf8f350e3b88af7ac132b517bba7ea9e3443673dd40478f553439,28,9.9999999999999995e-07,"[{""attempt"": 0, ""tolerance"": 2e-07, ""free_valid"": true, ""nll"": 12.234724090480087, ""score"": 8.049116928532385e-15}]",1,12.234724090480087,8.0491169285323849e-15,199709.50665196287
calibration,nominal,pole,160,34,16,mc,58917.941448796118,3682.3713405497574,25189.918845954529,3470.9422482334307,-9.7172526048244663,,,,True,False,,False,,,58818,58747,44293,14454,71,c43ae9b2e88329beff31808e941dafa75f1ffc15001a13be44b8aae5d7989e06,a98fc2ba860d09dd9527f3546aec44c6a4963ae8d5b3937742fe663b8ac46d8b,9548cb4ce36911095fa578d65f3041bcb4e1907ecd9a0a9393a642540b0ce53d,c63f5e67d4ee7a982b6770215debbacc9c573eb36997f9071a73e9732a6640bc,773dfb0983a0421b916611fd4e74a65670428683c8597b6cd828dfa3ab0d69b5,160,3.8266500000000003,27,50.684984180823712,0.27368014351556891,observed_profile_hessian,c247fcdf9b7e0ccff3b0bff970eff64e8451032cffbbb47cab2cd87f9b68d1a4,c3ff34bacf01d8212420c61b336387f2fff9854cd40dd9bfcce4263a5e0566c7,27,9.9999999999999995e-07,"[{""attempt"": 0, ""tolerance"": 2e-07, ""free_valid"": true, ""nll"": 82.61345205234791, ""score"": 4.218847493575595e-14}]",1,82.61345205234791,4.2188474935755949e-14,183886.87116875031
calibration,nominal,logshift,160,34,16,mc,58917.941448796118,3682.3713405497574,51200.091532402519,3695.3461334333701,-2.0885323424961264,,,,True,False,,False,,,58818,58747,48017,10730,71,c43ae9b2e88329beff31808e941dafa75f1ffc15001a13be44b8aae5d7989e06,a98fc2ba860d09dd9527f3546aec44c6a4963ae8d5b3937742fe663b8ac46d8b,9548cb4ce36911095fa578d65f3041bcb4e1907ecd9a0a9393a642540b0ce53d,92b2697514ff9c9b0d79bbf8d7186ee234dbb364029fbef761dd9bd6c8ff1e4a,15253fb33ac7f3518d3819c4a5a5cc21a87fa21f40ae5133675503b36361ff3e,156.63278130884902,3.8266500000000003,28,50.684984180823712,0.27368014351556891,observed_profile_hessian,03cd6dc33386a5211310182fc0a332a412d20dfa1049430e0d5533f2f04ce551,c1b4385e4c2ed6ed8de42008980eecdbeda7e05c81c11eba0ec7d6afb7f28ff2,28,9.9999999999999995e-07,"[{""attempt"": 0, ""tolerance"": 2e-07, ""free_valid"": true, ""nll"": 14.217984499978375, ""score"": 4.810596365700803e-13}]",1,14.217984499978375,4.8105963657008033e-13,199790.13706732081
calibration,nominal,pole,160,34,20,mc,73647.426810995152,3682.3713405497574,30813.899926755785,3473.7452996293059,-12.330646950083032,,,,True,False,,False,,,73731,73621,55299,18322,110,c43ae9b2e88329beff31808e941dafa75f1ffc15001a13be44b8aae5d7989e06,813f3b2c79a26487a604f3f60380726329dfb6fedece6e1e1f0ba67a0c8d891d,d1ee0c30d5b4557ec9517a75864ff4845b02ffd17e947771c060c916a405325a,c63f5e67d4ee7a982b6770215debbacc9c573eb36997f9071a73e9732a6640bc,773dfb0983a0421b916611fd4e74a65670428683c8597b6cd828dfa3ab0d69b5,160,3.8266500000000003,27,50.684984180823712,0.27368014351556891,observed_profile_hessian,d5db79dd4cb6cab14e097cff331ff78ed3c87c86a0bfa0fb9eccd58a28e7bc4c,65a5e29c86f60380cb2826390ac4b2bfcd579c774eb709e378f98a2faa30496a,27,9.9999999999999995e-07,"[{""attempt"": 0, ""tolerance"": 2e-07, ""free_valid"": true, ""nll"": 119.08962679178853, ""score"": 1.5498713423767185e-13}]",1,119.08962679178853,1.5498713423767185e-13,183984.7795093474
calibration,nominal,logshift,160,34,20,mc,73647.426810995152,3682.3713405497574,63239.876974203609,3698.3480719745676,-2.8141077135649097,,,,True,False,,False,,,73731,73621,60169,13452,110,c43ae9b2e88329beff31808e941dafa75f1ffc15001a13be44b8aae5d7989e06,813f3b2c79a26487a604f3f60380726329dfb6fedece6e1e1f0ba67a0c8d891d,d1ee0c30d5b4557ec9517a75864ff4845b02ffd17e947771c060c916a405325a,92b2697514ff9c9b0d79bbf8d7186ee234dbb364029fbef761dd9bd6c8ff1e4a,15253fb33ac7f3518d3819c4a5a5cc21a87fa21f40ae5133675503b36361ff3e,156.63278130884902,3.8266500000000003,28,50.684984180823712,0.27368014351556891,observed_profile_hessian,1de77dd9ea8b2b3c7ebe331c5b0b87f1be2eb90a398efd65421dce5c2b15ef14,5e2cd92eba44eb3f21151c1ed8fe1ff64342a053d9d313997c1f656996de01c8,28,9.9999999999999995e-07,"[{""attempt"": 0, ""tolerance"": 2e-07, ""free_valid"": true, ""nll"": 15.293228082986145, ""score"": 2.0334844919034367e-12}]",1,15.293228082986145,2.0334844919034367e-12,199865.96970892421
calibration,nominal,pole,160,34,24,mc,88376.91217319417,3682.3713405497574,37119.882547092107,3476.6876239472854,-14.743064425186114,,,,True,False,,False,,,88772,88669,66699,21970,103,c43ae9b2e88329beff31808e941dafa75f1ffc15001a13be44b8aae5d7989e06,3173d37e4dc9f403ea5e30fc9a8f70a26e7a1867086214661609b3e754020c27,93fab75018cf961b2342e041a36af61d4f68fd1a479da39bce70ac30b62f54dd,c63f5e67d4ee7a982b6770215debbacc9c573eb36997f9071a73e9732a6640bc,773dfb0983a0421b916611fd4e74a65670428683c8597b6cd828dfa3ab0d69b5,160,3.8266500000000003,27,50.684984180823712,0.27368014351556891,observed_profile_hessian,958e6be820e2df8dcc37a777167c029dfa69e03bfd73cb41a727d879a541fe55,3256c15364f77001fa2c4c0172d8289af015e36fa8781d471c3352aecee40516,27,9.9999999999999995e-07,"[{""attempt"": 0, ""tolerance"": 2e-07, ""free_valid"": true, ""nll"": 164.6544274085232, ""score"": 3.717026686445024e-13}]",1,164.65442740852319,3.7170266864450241e-13,184087.75391210025
calibration,nominal,logshift,160,34,24,mc,88376.91217319417,3682.3713405497574,75599.660599146155,3701.4497348165692,-3.4519586890138361,,,,True,False,,False,,,88772,88669,72426,16243,103,c43ae9b2e88329beff31808e941dafa75f1ffc15001a13be44b8aae5d7989e06,3173d37e4dc9f403ea5e30fc9a8f70a26e7a1867086214661609b3e754020c27,93fab75018cf961b2342e041a36af61d4f68fd1a479da39bce70ac30b62f54dd,92b2697514ff9c9b0d79bbf8d7186ee234dbb364029fbef761dd9bd6c8ff1e4a,15253fb33ac7f3518d3819c4a5a5cc21a87fa21f40ae5133675503b36361ff3e,156.63278130884902,3.8266500000000003,28,50.684984180823712,0.27368014351556891,observed_profile_hessian,e9f94f09dfd57e9861ab46db6fa6720450851b4a02b173579223ab47caa91297,a2e76324f79751ba9760cf6b43cf90332012f17f04028e93d10d7429c3035532,28,9.9999999999999995e-07,"[{""attempt"": 0, ""tolerance"": 2e-07, ""free_valid"": true, ""nll"": 17.96674292869645, ""score"": 8.068878898370713e-12}]",1,17.966742928696451,8.0688788983707127e-12,199951.85306154439
calibration,nominal,pole,160,35,0,mc,0,3682.3713405497574,-3695.4514648684908,3457.7980542761438,-1.0687296964316493,,,,True,False,,False,,,0,0,0,0,0,194d22567c51efaf8cbfbc6c7862e6044ceb6d65bee8e650c8ea80e410173a4a,d3bb56f8ed6d718b0d014fd9eec6c619f30907068e2667d838febcc69349baac,194d22567c51efaf8cbfbc6c7862e6044ceb6d65bee8e650c8ea80e410173a4a,c63f5e67d4ee7a982b6770215debbacc9c573eb36997f9071a73e9732a6640bc,773dfb0983a0421b916611fd4e74a65670428683c8597b6cd828dfa3ab0d69b5,160,3.8266500000000003,27,50.684984180823712,0.27368014351556891,observed_profile_hessian,fb3a3e9bcdb0e398778740fab79b302f896e717bf23165eb8f80c20084f8af1b,491ab5436d6c3799c568e3f31874ee99dce4f4bea5df1beb06dfcad4a3c6f573,27,9.9999999999999995e-07,"[{""attempt"": 0, ""tolerance"": 2e-07, ""free_valid"": true, ""nll"": 10.895754858972722, ""score"": 1.3402565238185282e-09}]",1,10.895754858972722,1.3402565238185282e-09,183436.76556721618
calibration,nominal,logshift,160,35,0,mc,0,3682.3713405497574,-4747.7363613489806,3683.7060688189972,-1.2888477725018688,,,,True,False,,False,,,0,0,0,0,0,194d22567c51efaf8cbfbc6c7862e6044ceb6d65bee8e650c8ea80e410173a4a,d3bb56f8ed6d718b0d014fd9eec6c619f30907068e2667d838febcc69349baac,194d22567c51efaf8cbfbc6c7862e6044ceb6d65bee8e650c8ea80e410173a4a,92b2697514ff9c9b0d79bbf8d7186ee234dbb364029fbef761dd9bd6c8ff1e4a,15253fb33ac7f3518d3819c4a5a5cc21a87fa21f40ae5133675503b36361ff3e,156.63278130884902,3.8266500000000003,28,50.684984180823712,0.27368014351556891,observed_profile_hessian,ae721e2cff62068912826cad15727019d8cc8f0f37564ea3efbec448f5d0d64e,bd60c38a4dc455579022182dec2ddbd52c05f7a3abcd77c944fba2ad428deedc,28,9.9999999999999995e-07,"[{""attempt"": 0, ""tolerance"": 2e-07, ""free_valid"": true, ""nll"": 10.836166442155044, ""score"": 7.09168179735542e-09}]",1,10.836166442155044,7.0916817973554203e-09,199433.72354692456
calibration,nominal,pole,160,35,1,mc,3682.3713405497574,3682.3713405497574,-2310.5508683344738,3458.5125524057225,-1.7328033708351258,,,,True,False,,False,,,3719,3713,2810,903,6,194d22567c51efaf8cbfbc6c7862e6044ceb6d65bee8e650c8ea80e410173a4a,0af3aa0546f9e680a6c32ef7e96053d5df2c94a79b78d872c84aec56ce9cf4f0,aef27460bff4de0e62193ec642a3133c087b81a4e75f74ed1f26cdbff3461095,c63f5e67d4ee7a982b6770215debbacc9c573eb36997f9071a73e9732a6640bc,773dfb0983a0421b916611fd4e74a65670428683c8597b6cd828dfa3ab0d69b5,160,3.8266500000000003,27,50.684984180823712,0.27368014351556891,observed_profile_hessian,ca9b6a50677fb21d4bd45997f37e8cb190a3aa21591f1cce83ebd994ce3d6562,efbd0898006ae7b3f5083cda33c26c6ee669c8bef683657c1941890fc767df90,27,9.9999999999999995e-07,"[{""attempt"": 0, ""tolerance"": 2e-07, ""free_valid"": true, ""nll"": 10.551536916539723, ""score"": 1.0243736414672355e-10}]",1,10.551536916539723,1.0243736414672355e-10,183462.4248974465
calibration,nominal,logshift,160,35,1,mc,3682.3713405497574,3682.3713405497574,-1670.0830069620463,3684.4746566388617,-1.452704889112888,,,,True,False,,False,,,3719,3713,3050,663,6,194d22567c51efaf8cbfbc6c7862e6044ceb6d65bee8e650c8ea80e410173a4a,0af3aa0546f9e680a6c32ef7e96053d5df2c94a79b78d872c84aec56ce9cf4f0,aef27460bff4de0e62193ec642a3133c087b81a4e75f74ed1f26cdbff3461095,92b2697514ff9c9b0d79bbf8d7186ee234dbb364029fbef761dd9bd6c8ff1e4a,15253fb33ac7f3518d3819c4a5a5cc21a87fa21f40ae5133675503b36361ff3e,156.63278130884902,3.8266500000000003,28,50.684984180823712,0.27368014351556891,observed_profile_hessian,af7d5853fedb44af22cfd90b745f3a16d4771a37f5a66af0d532893d51258801,f53b0efa602e008b69241d3595c67ab66fab20167608ff3371e9cd7b6ffbed0c,28,9.9999999999999995e-07,"[{""attempt"": 0, ""tolerance"": 2e-07, ""free_valid"": true, ""nll"": 10.704358469325403, ""score"": 5.140687320270843e-10}]",1,10.704358469325403,5.1406873202708425e-10,199452.83801188401
calibration,nominal,pole,160,35,2,mc,7364.7426810995148,3682.3713405497574,-911.02284026140546,3459.2112857585262,-2.3923850952475814,,,,True,False,,False,,,7313,7307,5470,1837,6,194d22567c51efaf8cbfbc6c7862e6044ceb6d65bee8e650c8ea80e410173a4a,c73e704273582b9c68ead12e5cf89ff999ce866260573e70775ece727a78063e,69bfaadd8b26cbb4ec4cd5e2b9281113d62a64b63c40727910f2ba8df5284fdb,c63f5e67d4ee7a982b6770215debbacc9c573eb36997f9071a73e9732a6640bc,773dfb0983a0421b916611fd4e74a65670428683c8597b6cd828dfa3ab0d69b5,160,3.8266500000000003,27,50.684984180823712,0.27368014351556891,observed_profile_hessian,682b29a8ab511f84930a48e88b0a5bb0b398c0992ec06801025a0766364ca8c5,a21e3b27697e7767a4e29e28b22ed8f04dd5f76d6db1d9b87c54f50d0a6af7eb,27,9.9999999999999995e-07,"[{""attempt"": 0, ""tolerance"": 2e-07, ""free_valid"": true, ""nll"": 10.734157691102142, ""score"": 2.2110091535409993e-13}]",1,10.734157691102142,2.2110091535409993e-13,183486.46194372154
calibration,nominal,logshift,160,35,2,mc,7364.7426810995148,3682.3713405497574,1262.8543744924802,3685.1997728025049,-1.6557822323880957,,,,True,False,,False,,,7313,7307,5971,1336,6,194d22567c51efaf8cbfbc6c7862e6044ceb6d65bee8e650c8ea80e410173a4a,c73e704273582b9c68ead12e5cf89ff999ce866260573e70775ece727a78063e,69bfaadd8b26cbb4ec4cd5e2b9281113d62a64b63c40727910f2ba8df5284fdb,92b2697514ff9c9b0d79bbf8d7186ee234dbb364029fbef761dd9bd6c8ff1e4a,15253fb33ac7f3518d3819c4a5a5cc21a87fa21f40ae5133675503b36361ff3e,156.63278130884902,3.8266500000000003,28,50.684984180823712,0.27368014351556891,observed_profile_hessian,1270086d3db5d3385c82d72f5caf5b2f0d0891f0c26097b5771fa6e077cd2879,898fe4061037912d5d664bcf7831593c6746d68311578bae41decf27f294f4ae,28,9.9999999999999995e-07,"[{""attempt"": 0, ""tolerance"": 2e-07, ""free_valid"": true, ""nll"": 10.578753669930716, ""score"": 1.0276224315930449e-12}]",1,10.578753669930716,1.0276224315930449e-12,199471.71626523291
calibration,nominal,pole,160,35,3,mc,11047.114021649271,3682.3713405497574,921.37904902109733,3459.9775920361271,-2.926531950939423,,,,True,False,,False,,,11153,11143,8405,2738,10,194d22567c51efaf8cbfbc6c7862e6044ceb6d65bee8e650c8ea80e410173a4a,dde5ef491e373e46de043de7623475f7c0b59860618241fb269d86824756ce10,1a7836beec01aeeb2c0d1d22cbf833b94287efc1ce74857c8974c87895aac0ec,c63f5e67d4ee7a982b6770215debbacc9c573eb36997f9071a73e9732a6640bc,773dfb0983a0421b916611fd4e74a65670428683c8597b6cd828dfa3ab0d69b5,160,3.8266500000000003,27,50.684984180823712,0.27368014351556891,observed_profile_hessian,6a903e30e661d6bb6f023eb924740b0bf28ab0e9a6d50381f177a2fd163a2b04,1c28ce12d37dc56ff703b6e92270bae99b0c9787261721e33a04c106d7e4c07a,27,9.9999999999999995e-07,"[{""attempt"": 0, ""tolerance"": 2e-07, ""free_valid"": true, ""nll"": 10.954213546186189, ""score"": 9.253470212300385e-11}]",1,10.954213546186189,9.2534702123003854e-11,183510.37635470752
calibration,nominal,logshift,160,35,3,mc,11047.114021649271,3682.3713405497574,4463.3583301263443,3685.9827225836466,-1.7861602148010396,,,,True,False,,False,,,11153,11143,9162,1981,10,194d22567c51efaf8cbfbc6c7862e6044ceb6d65bee8e650c8ea80e410173a4a,dde5ef491e373e46de043de7623475f7c0b59860618241fb269d86824756ce10,1a7836beec01aeeb2c0d1d22cbf833b94287efc1ce74857c8974c87895aac0ec,92b2697514ff9c9b0d79bbf8d7186ee234dbb364029fbef761dd9bd6c8ff1e4a,15253fb33ac7f3518d3819c4a5a5cc21a87fa21f40ae5133675503b36361ff3e,156.63278130884902,3.8266500000000003,28,50.684984180823712,0.27368014351556891,observed_profile_hessian,20408c9aa013773548c428099da36bda8703ab63fa179bcb2ba65e75148bbfc7,2f1641cf9449cdb5dd6c89c75f9f110663875d1b603540c0e0d808b15f300d97,28,9.9999999999999995e-07,"[{""attempt"": 0, ""tolerance"": 2e-07, ""free_valid"": true, ""nll"": 10.044759034303153, ""score"": 3.4341829380224453e-10}]",1,10.044759034303153,3.4341829380224453e-10,199493.64840942525
calibration,nominal,pole,160,35,4,mc,14729.48536219903,3682.3713405497574,2421.5833865972331,3460.6776299643743,-3.5565005734811828,,,,True,False,,False,,,14911,14889,11233,3656,22,194d22567c51efaf8cbfbc6c7862e6044ceb6d65bee8e650c8ea80e410173a4a,9793a813a09cc3401b4c5823645332c456da6d506d6907cbd8e883b4de71542f,b47428b8d0302a60639f1e1b351de2c1fac97d24779d8dd6452b1d75c6289125,c63f5e67d4ee7a982b6770215debbacc9c573eb36997f9071a73e9732a6640bc,773dfb0983a0421b916611fd4e74a65670428683c8597b6cd828dfa3ab0d69b5,160,3.8266500000000003,27,50.684984180823712,0.27368014351556891,observed_profile_hessian,4667328b0e8503f3226e50914346b9fd44eb632a30bf64767e6e15c21866e4b7,766e7de044dc86769eaac0e0e25b26c75282cd5be22fc87102835c350a90ca4c,27,9.9999999999999995e-07,"[{""attempt"": 0, ""tolerance"": 2e-07, ""free_valid"": true, ""nll"": 12.798222400306804, ""score"": 1.290806961318225e-09}]",1,12.798222400306804,1.2908069613182249e-09,183537.86988136955
calibration,nominal,logshift,160,35,4,mc,14729.48536219903,3682.3713405497574,7305.7980939212403,3686.7777628138815,-2.0135977121148101,,,,True,False,,False,,,14911,14889,12221,2668,22,194d22567c51efaf8cbfbc6c7862e6044ceb6d65bee8e650c8ea80e410173a4a,9793a813a09cc3401b4c5823645332c456da6d506d6907cbd8e883b4de71542f,b47428b8d0302a60639f1e1b351de2c1fac97d24779d8dd6452b1d75c6289125,92b2697514ff9c9b0d79bbf8d7186ee234dbb364029fbef761dd9bd6c8ff1e4a,15253fb33ac7f3518d3819c4a5a5cc21a87fa21f40ae5133675503b36361ff3e,156.63278130884902,3.8266500000000003,28,50.684984180823712,0.27368014351556891,observed_profile_hessian,b5a276d20d781a41b3f7c8e0302e27fc731f95237e190af770c9622d1679e6bc,d4c3aba3e86f69d7613053a91699b7dfc24ec459e543ee4e2de5d35a6c3460b0,28,9.9999999999999995e-07,"[{""attempt"": 0, ""tolerance"": 2e-07, ""free_valid"": true, ""nll"": 10.613530536671265, ""score"": 5.118989898633686e-09}]",1,10.613530536671265,5.1189898986336857e-09,199519.06744111847
calibration,nominal,pole,160,35,5,mc,18411.856702748788,3682.3713405497574,3702.6018316049635,3461.326632483117,-4.2496003506584898,,,,True,False,,False,,,18277,18251,13666,4585,26,194d22567c51efaf8cbfbc6c7862e6044ceb6d65bee8e650c8ea80e410173a4a,4314ce44f6f7145095aa14615bd495ea9256c35c0d3ca17a550aaf63ffe0ad72,f228841223a0d27028843f3b9ea3c35e9c89ec0d582c514329af68a7e361fcdc,c63f5e67d4ee7a982b6770215debbacc9c573eb36997f9071a73e9732a6640bc,773dfb0983a0421b916611fd4e74a65670428683c8597b6cd828dfa3ab0d69b5,160,3.8266500000000003,27,50.684984180823712,0.27368014351556891,observed_profile_hessian,49ebc3d2df7701641ed361cdee193e67cbc07af68ac323d406a406b670e6f346,87238e1868b9fd4f25d5e20d2599c46d907bd5ee2790ca62d5bfec6dc500862f,27,9.9999999999999995e-07,"[{""attempt"": 0, ""tolerance"": 2e-07, ""free_valid"": true, ""nll"": 13.918847520019288, ""score"": 5.182809958981238e-09}]",1,13.918847520019288,5.1828099589812382e-09,183557.95141659706
calibration,nominal,logshift,160,35,5,mc,18411.856702748788,3682.3713405497574,10077.052565908942,3687.4772053736401,-2.2602998398725851,,,,True,False,,False,,,18277,18251,14901,3350,26,194d22567c51efaf8cbfbc6c7862e6044ceb6d65bee8e650c8ea80e410173a4a,4314ce44f6f7145095aa14615bd495ea9256c35c0d3ca17a550aaf63ffe0ad72,f228841223a0d27028843f3b9ea3c35e9c89ec0d582c514329af68a7e361fcdc,92b2697514ff9c9b0d79bbf8d7186ee234dbb364029fbef761dd9bd6c8ff1e4a,15253fb33ac7f3518d3819c4a5a5cc21a87fa21f40ae5133675503b36361ff3e,156.63278130884902,3.8266500000000003,28,50.684984180823712,0.27368014351556891,observed_profile_hessian,bf647cff7f051e1251ef2570110baf275f0f618dd5867363de147a7c37e64b39,7a7b394d2345496f0e75506806bdbd98864caaaac193da06a26459f4df5caee9,28,9.9999999999999995e-07,"[{""attempt"": 0, ""tolerance"": 2e-07, ""free_valid"": true, ""nll"": 10.317020162243928, ""score"": 2.2997272197677887e-08}]",1,10.317020162243928,2.2997272197677887e-08,199533.63426478318
calibration,nominal,pole,160,35,6,mc,22094.228043298543,3682.3713405497574,5343.5133679149203,3462.0937467113581,-4.8383192082233819,,,,True,False,,False,,,22168,22143,16687,5456,25,194d22567c51efaf8cbfbc6c7862e6044ceb6d65bee8e650c8ea80e410173a4a,cb33120fc7fa1f389e4392e062e95fcfb23c95a97886ce8d28bde250e681e5d6,855d1c4ba803d95fc13d68a43535365bed32c4b9b6e4666685bd4ce8608fc1be,c63f5e67d4ee7a982b6770215debbacc9c573eb36997f9071a73e9732a6640bc,773dfb0983a0421b916611fd4e74a65670428683c8597b6cd828dfa3ab0d69b5,160,3.8266500000000003,27,50.684984180823712,0.27368014351556891,observed_profile_hessian,1e67b76ecf04c118b6b4d07c8c4c7ba217e97ed8d2a4101805853df7566bc0ba,0666fa7bdb3de16376d1b9e84cb4937ee62b19cf14b4b265e14c073c8e7de0a5,27,9.9999999999999995e-07,"[{""attempt"": 0, ""tolerance"": 2e-07, ""free_valid"": true, ""nll"": 16.60107321661649, ""score"": 1.9379737259406227e-08}]",1,16.601073216616491,1.9379737259406227e-08,183584.12098751316
calibration,nominal,logshift,160,35,6,mc,22094.228043298543,3682.3713405497574,13602.164956038174,3688.2899891838683,-2.3024391010912519,,,,True,False,,False,,,22168,22143,18136,4007,25,194d22567c51efaf8cbfbc6c7862e6044ceb6d65bee8e650c8ea80e410173a4a,cb33120fc7fa1f389e4392e062e95fcfb23c95a97886ce8d28bde250e681e5d6,855d1c4ba803d95fc13d68a43535365bed32c4b9b6e4666685bd4ce8608fc1be,92b2697514ff9c9b0d79bbf8d7186ee234dbb364029fbef761dd9bd6c8ff1e4a,15253fb33ac7f3518d3819c4a5a5cc21a87fa21f40ae5133675503b36361ff3e,156.63278130884902,3.8266500000000003,28,50.684984180823712,0.27368014351556891,observed_profile_hessian,c6c2db048bca00e04979d7b44aa82e36909e9dd39f257a104d6462f2e9e560f7,459693e0a67f5805b1e95197ff52e0e3311c8cacba0bcdb172c915a5bbace073,28,9.9999999999999995e-07,"[{""attempt"": 0, ""tolerance"": 2e-07, ""free_valid"": true, ""nll"": 10.305473640574066, ""score"": 8.914969062967515e-08}]",1,10.305473640574066,8.9149690629675149e-08,199551.51462261818
calibration,nominal,pole,160,35,8,mc,29458.970724398059,3682.3713405497574,8130.7251998397614,3463.4438172279356,-6.1581035091335643,,,,True,False,,False,,,29425,29381,22088,7293,44,194d22567c51efaf8cbfbc6c7862e6044ceb6d65bee8e650c8ea80e410173a4a,b87de13a25ea50c3fd8081ffd4f658240a3fe457f24c65f9c1133eccdf103346,9a69e1cf66ab36971a8759d9e7bfa859db12a26dd2f0445f3a52a52f8b9b79b2,c63f5e67d4ee7a982b6770215debbacc9c573eb36997f9071a73e9732a6640bc,773dfb0983a0421b916611fd4e74a65670428683c8597b6cd828dfa3ab0d69b5,160,3.8266500000000003,27,50.684984180823712,0.27368014351556891,observed_profile_hessian,59c9d41e54f4460d037287c248e1d39c81be60d5d34e95df2bcf500f428f5306,d7d8f40657d401284b87740fbd1ced0bee7e3ff784446c9a11d086f798dcce26,27,9.9999999999999995e-07,"[{""attempt"": 0, ""tolerance"": 2e-07, ""free_valid"": true, ""nll"": 22.097969916314312, ""score"": 9.340071849273102e-08}]",1,22.097969916314312,9.3400718492731016e-08,183631.69871832177
calibration,nominal,logshift,160,35,8,mc,29458.970724398059,3682.3713405497574,19325.028727286721,3689.7585202282121,-2.7465054803869799,,,,True,False,,False,,,29425,29381,23950,5431,44,194d22567c51efaf8cbfbc6c7862e6044ceb6d65bee8e650c8ea80e410173a4a,b87de13a25ea50c3fd8081ffd4f658240a3fe457f24c65f9c1133eccdf103346,9a69e1cf66ab36971a8759d9e7bfa859db12a26dd2f0445f3a52a52f8b9b79b2,92b2697514ff9c9b0d79bbf8d7186ee234dbb364029fbef761dd9bd6c8ff1e4a,15253fb33ac7f3518d3819c4a5a5cc21a87fa21f40ae5133675503b36361ff3e,156.63278130884902,3.8266500000000003,28,50.684984180823712,0.27368014351556891,observed_profile_hessian,a43f0f3c20c07121879902e53964d5b6755d713b00e1069a298d1607d040e6e9,5d6bd9ccb0d8ef9e9a22c36ee9baa2b840737f3ad9608713a22d59aec0ea2ceb,28,9.9999999999999995e-07,"[{""attempt"": 0, ""tolerance"": 2e-07, ""free_valid"": true, ""nll"": 10.556202444435117, ""score"": 3.169686735304822e-14}]",1,10.556202444435117,3.1696867353048219e-14,199590.64435277416
calibration,nominal,pole,160,35,10,mc,36823.713405497576,3682.3713405497574,11346.058856111353,3464.9711049375651,-7.3529197727163442,,,,True,False,,False,,,36987,36947,27842,9105,40,194d22567c51efaf8cbfbc6c7862e6044ceb6d65bee8e650c8ea80e410173a4a,2602c9dde4d796b7ccb4d13e654cab1e8f0e922a0286a7dc4321ec9a66571ce7,49f48840f24be1b9f20901974dd20c8085df1cb6d8c535a3b16818cae35c9bef,c63f5e67d4ee7a982b6770215debbacc9c573eb36997f9071a73e9732a6640bc,773dfb0983a0421b916611fd4e74a65670428683c8597b6cd828dfa3ab0d69b5,160,3.8266500000000003,27,50.684984180823712,0.27368014351556891,observed_profile_hessian,eefce26ab256f507e940b0cc9073987f3cada1898d27ed94b77b278d6b844f0b,f7fc521288be5a8433bc332c14ced7d03c2455f86b62971beaeb5914d42629b9,27,9.9999999999999995e-07,"[{""attempt"": 0, ""tolerance"": 2e-07, ""free_valid"": true, ""nll"": 30.470314921258247, ""score"": 4.263256414560601e-14}]",1,30.470314921258247,4.2632564145606011e-14,183682.11574253536
calibration,nominal,logshift,160,35,10,mc,36823.713405497576,3682.3713405497574,25794.82279937089,3691.320347646521,-2.9877901583801547,,,,True,False,,False,,,36987,36947,30225,6722,40,194d22567c51efaf8cbfbc6c7862e6044ceb6d65bee8e650c8ea80e410173a4a,2602c9dde4d796b7ccb4d13e654cab1e8f0e922a0286a7dc4321ec9a66571ce7,49f48840f24be1b9f20901974dd20c8085df1cb6d8c535a3b16818cae35c9bef,92b2697514ff9c9b0d79bbf8d7186ee234dbb364029fbef761dd9bd6c8ff1e4a,15253fb33ac7f3518d3819c4a5a5cc21a87fa21f40ae5133675503b36361ff3e,156.63278130884902,3.8266500000000003,28,50.684984180823712,0.27368014351556891,observed_profile_hessian,5f960d34bccdde3b59dc9408983cac85bde577dbdc71567ea33431be9e523784,7b04f7eeee159a2488125493a237c5723d7e5a9d374bc4e8b5e4f6e2ae3cb06d,28,9.9999999999999995e-07,"[{""attempt"": 0, ""tolerance"": 2e-07, ""free_valid"": true, ""nll"": 10.538824424393884, ""score"": 7.904787935331115e-14}]",1,10.538824424393884,7.9047879353311146e-14,199630.43580616236
calibration,nominal,pole,160,35,12,mc,44188.456086597085,3682.3713405497574,14248.522006306493,3466.2925718166684,-8.6374515306996162,,,,True,False,,False,,,44035,43982,33156,10826,53,194d22567c51efaf8cbfbc6c7862e6044ceb6d65bee8e650c8ea80e410173a4a,4f86327a53e461eed52ec14d87f99269abb261d0f3e251e8d58587491ac291f5,b14af295c4e23407db74034c97afa23d2c6f8c0a2de4032a7b5d06681955d25a,c63f5e67d4ee7a982b6770215debbacc9c573eb36997f9071a73e9732a6640bc,773dfb0983a0421b916611fd4e74a65670428683c8597b6cd828dfa3ab0d69b5,160,3.8266500000000003,27,50.684984180823712,0.27368014351556891,observed_profile_hessian,452dd373ff663acd485165c58a3fbc5ba1d20c0d819cc78017bc678868c5ca4b,e0e88066aae061669f31a78e2c15b852546f1dcffff5fd8f144d242707c98891,27,9.9999999999999995e-07,"[{""attempt"": 0, ""tolerance"": 2e-07, ""free_valid"": true, ""nll"": 38.56961994450788, ""score"": 5.995204332975845e-14}]",1,38.569619944507878,5.9952043329758453e-14,183729.54317237626
calibration,nominal,logshift,160,35,12,mc,44188.456086597085,3682.3713405497574,31256.552849985397,3692.7498778247577,-3.5019710688418799,,,,True,False,,False,,,44035,43982,35919,8063,53,194d22567c51efaf8cbfbc6c7862e6044ceb6d65bee8e650c8ea80e410173a4a,4f86327a53e461eed52ec14d87f99269abb261d0f3e251e8d58587491ac291f5,b14af295c4e23407db74034c97afa23d2c6f8c0a2de4032a7b5d06681955d25a,92b2697514ff9c9b0d79bbf8d7186ee234dbb364029fbef761dd9bd6c8ff1e4a,15253fb33ac7f3518d3819c4a5a5cc21a87fa21f40ae5133675503b36361ff3e,156.63278130884902,3.8266500000000003,28,50.684984180823712,0.27368014351556891,observed_profile_hessian,a7844c1909471511374d2fa0eff3e5e08a16ff36667821a8bd631ed7b12e4db4,a80f21f500562d2950bd112f6f09cc73defe1e4a8bda93f32d91c2fb34411295,28,9.9999999999999995e-07,"[{""attempt"": 0, ""tolerance"": 2e-07, ""free_valid"": true, ""nll"": 10.18707474191621, ""score"": 2.5757174171303632e-14}]",1,10.187074741916209,2.5757174171303632e-14,199673.17854569483
calibration,nominal,pole,160,35,16,mc,58917.941448796118,3682.3713405497574,20264.492314846746,3469.184978003047,-11.141939498481081,,,,True,False,,False,,,58761,58686,44306,14380,75,194d22567c51efaf8cbfbc6c7862e6044ceb6d65bee8e650c8ea80e410173a4a,f13d241b93d1cd9182f5bb8fadacfb2fd04cc95e7c730758430aef79192c5f83,7818487a2acd589d3106fb42b2aa3bc0a4f421e485992929a2428875ef59d05e,c63f5e67d4ee7a982b6770215debbacc9c573eb36997f9071a73e9732a6640bc,773dfb0983a0421b916611fd4e74a65670428683c8597b6cd828dfa3ab0d69b5,160,3.8266500000000003,27,50.684984180823712,0.27368014351556891,observed_profile_hessian,8b937adb9e146cbafe6026d5cdadd6d961dd3ee7739bfbb6586de5619a555299,49b543142a9b41fe1b2955e79ec68dff447663baf897c6c9aba7b186b7035409,27,9.9999999999999995e-07,"[{""attempt"": 0, ""tolerance"": 2e-07, ""free_valid"": true, ""nll"": 64.51288918333614, ""score"": 1.0391687510491465e-13}]",1,64.512889183336142,1.0391687510491465e-13,183831.17912996319
calibration,nominal,logshift,160,35,16,mc,58917.941448796118,3682.3713405497574,43400.391317130227,3695.7813901938007,-4.1987197004777865,,,,True,False,,False,,,58761,58686,48095,10591,75,194d22567c51efaf8cbfbc6c7862e6044ceb6d65bee8e650c8ea80e410173a4a,f13d241b93d1cd9182f5bb8fadacfb2fd04cc95e7c730758430aef79192c5f83,7818487a2acd589d3106fb42b2aa3bc0a4f421e485992929a2428875ef59d05e,92b2697514ff9c9b0d79bbf8d7186ee234dbb364029fbef761dd9bd6c8ff1e4a,15253fb33ac7f3518d3819c4a5a5cc21a87fa21f40ae5133675503b36361ff3e,156.63278130884902,3.8266500000000003,28,50.684984180823712,0.27368014351556891,observed_profile_hessian,bc52700afe90d3dce09051db30db6f7a624a471bdb375a24ddb7737de678c02b,77080cfed6406c137e7a65e3198d418d78f5a498743054e2342981bd63c4c13e,28,9.9999999999999995e-07,"[{""attempt"": 0, ""tolerance"": 2e-07, ""free_valid"": true, ""nll"": 11.770304577493208, ""score"": 1.992850329202156e-14}]",1,11.770304577493208,1.992850329202156e-14,199756.04478578499
calibration,nominal,pole,160,35,20,mc,73647.426810995152,3682.3713405497574,26289.62547722218,3472.0890694353466,-13.639569834386363,,,,True,False,,False,,,74155,74068,55689,18379,87,194d22567c51efaf8cbfbc6c7862e6044ceb6d65bee8e650c8ea80e410173a4a,85fece2b186f312853cb58627aa98af24d17aa7cc2326a70f7f7fac351388e8d,e55ae59ca9b0f9dc8ac8962516d1d94cea0a4753d83449e305330d7c944cb656,c63f5e67d4ee7a982b6770215debbacc9c573eb36997f9071a73e9732a6640bc,773dfb0983a0421b916611fd4e74a65670428683c8597b6cd828dfa3ab0d69b5,160,3.8266500000000003,27,50.684984180823712,0.27368014351556891,observed_profile_hessian,d7509cbb4b53c6cbe1abd2195206056f2e8c61769d7f839004a6b18b2d839f9d,f7697564c58054e62d93f2f66d542fbdc87128e7b314f9fbc3abc41e009aa1b8,27,9.9999999999999995e-07,"[{""attempt"": 0, ""tolerance"": 2e-07, ""free_valid"": true, ""nll"": 99.03592879400864, ""score"": 2.220446049250313e-14}]",1,99.03592879400864,2.2204460492503131e-14,183929.53371919127
calibration,nominal,logshift,160,35,20,mc,73647.426810995152,3682.3713405497574,55815.836819746444,3698.9234328168318,-4.8207513118673724,,,,True,False,,False,,,74155,74068,60466,13602,87,194d22567c51efaf8cbfbc6c7862e6044ceb6d65bee8e650c8ea80e410173a4a,85fece2b186f312853cb58627aa98af24d17aa7cc2326a70f7f7fac351388e8d,e55ae59ca9b0f9dc8ac8962516d1d94cea0a4753d83449e305330d7c944cb656,92b2697514ff9c9b0d79bbf8d7186ee234dbb364029fbef761dd9bd6c8ff1e4a,15253fb33ac7f3518d3819c4a5a5cc21a87fa21f40ae5133675503b36361ff3e,156.63278130884902,3.8266500000000003,28,50.684984180823712,0.27368014351556891,observed_profile_hessian,15c77f586c7490136f9ea9da8213892d0ea67a0b3d25b50709a77388ef11e6a6,e58b90a8e08e82b1cdb126ef9c4336f1f550e57a2cf85a68594c9323901c8174,28,9.9999999999999995e-07,"[{""attempt"": 0, ""tolerance"": 2e-07, ""free_valid"": true, ""nll"": 13.29697335965449, ""score"": 4.60964599824365e-13}]",1,13.296973359654491,4.60964599824365e-13,199834.52230515049
calibration,nominal,pole,160,35,24,mc,88376.91217319417,3682.3713405497574,31902.858883733879,3474.7309475346119,-16.252784501064671,,,,True,False,,False,,,88362,88246,66313,21933,116,194d22567c51efaf8cbfbc6c7862e6044ceb6d65bee8e650c8ea80e410173a4a,0863343461f30714c7f658738c4f745031e9e3e048fbf1a499cd1d8e7bcb9653,871c6329d971dad2d9632815b4c3901072150583563c34f74d15c9fa79c05d21,c63f5e67d4ee7a982b6770215debbacc9c573eb36997f9071a73e9732a6640bc,773dfb0983a0421b916611fd4e74a65670428683c8597b6cd828dfa3ab0d69b5,160,3.8266500000000003,27,50.684984180823712,0.27368014351556891,observed_profile_hessian,c34197cde88556bae2caae1cdb1ba7dbdf377b890634dbaa1665ce070f13de70,afca9cae1d44d99b373213a891d5d4eb8033d2f26478577518753eee6b1db13e,27,9.9999999999999995e-07,"[{""attempt"": 0, ""tolerance"": 2e-07, ""free_valid"": true, ""nll"": 137.43918385770056, ""score"": 2.3003821070233244e-13}]",1,137.43918385770056,2.3003821070233244e-13,184021.33171225333
calibration,nominal,logshift,160,35,24,mc,88376.91217319417,3682.3713405497574,67243.71507574209,3701.7862569029103,-5.7089187842879712,,,,True,False,,False,,,88362,88246,72086,16160,116,194d22567c51efaf8cbfbc6c7862e6044ceb6d65bee8e650c8ea80e410173a4a,0863343461f30714c7f658738c4f745031e9e3e048fbf1a499cd1d8e7bcb9653,871c6329d971dad2d9632815b4c3901072150583563c34f74d15c9fa79c05d21,92b2697514ff9c9b0d79bbf8d7186ee234dbb364029fbef761dd9bd6c8ff1e4a,15253fb33ac7f3518d3819c4a5a5cc21a87fa21f40ae5133675503b36361ff3e,156.63278130884902,3.8266500000000003,28,50.684984180823712,0.27368014351556891,observed_profile_hessian,f9438816102a8ffcf29204a7308d5c2686f6ec54aad3531ebb7e1c62cfb918fb,4be9c79c63de161a60e74420c3682a08f6a52d33f03c0e7abfeaed93b1067ede,28,9.9999999999999995e-07,"[{""attempt"": 0, ""tolerance"": 2e-07, ""free_valid"": true, ""nll"": 14.223835598799555, ""score"": 2.2382096176443156e-12}]",1,14.223835598799555,2.2382096176443156e-12,199908.79746364374
calibration,nominal,pole,160,36,0,mc,0,3682.3713405497574,-2332.1286147509209,3458.6004825624386,-0.67429835464056631,,,,True,False,,False,,,0,0,0,0,0,38c3d2b4745086817bc40d424ee49863ad3071b7089e67cee55fe9521d8cbb27,d3bb56f8ed6d718b0d014fd9eec6c619f30907068e2667d838febcc69349baac,38c3d2b4745086817bc40d424ee49863ad3071b7089e67cee55fe9521d8cbb27,c63f5e67d4ee7a982b6770215debbacc9c573eb36997f9071a73e9732a6640bc,773dfb0983a0421b916611fd4e74a65670428683c8597b6cd828dfa3ab0d69b5,160,3.8266500000000003,27,50.684984180823712,0.27368014351556891,observed_profile_hessian,7a94a01b77e9c102f7a48b4d35a01b3d37dc5078d146b4a26a34595c72670f42,2005601e33b2f0f170a0ad051d43001a29a96bbf7720a7d933d5333e0d95c64a,27,9.9999999999999995e-07,"[{""attempt"": 0, ""tolerance"": 2e-07, ""free_valid"": true, ""nll"": 12.988083021398639, ""score"": 4.846380796674765e-10}]",1,12.988083021398639,4.8463807966747652e-10,183476.98882361548
calibration,nominal,logshift,160,36,0,mc,0,3682.3713405497574,-5775.1836769133379,3683.1059004800804,-1.5680199899113849,,,,True,False,,False,,,0,0,0,0,0,38c3d2b4745086817bc40d424ee49863ad3071b7089e67cee55fe9521d8cbb27,d3bb56f8ed6d718b0d014fd9eec6c619f30907068e2667d838febcc69349baac,38c3d2b4745086817bc40d424ee49863ad3071b7089e67cee55fe9521d8cbb27,92b2697514ff9c9b0d79bbf8d7186ee234dbb364029fbef761dd9bd6c8ff1e4a,15253fb33ac7f3518d3819c4a5a5cc21a87fa21f40ae5133675503b36361ff3e,156.63278130884902,3.8266500000000003,28,50.684984180823712,0.27368014351556891,observed_profile_hessian,2718c580600d64ba7b82856647efcd4097289099b77d22671f4a71d08a07eee5,0de389839a5b19d48cae80e86ceadde4362e32f452f95f9139b69048bd93eec4,28,9.9999999999999995e-07,"[{""attempt"": 0, ""tolerance"": 2e-07, ""free_valid"": true, ""nll"": 8.230362037028243, ""score"": 4.704902412111522e-09}]",1,8.2303620370282431,4.7049024121115224e-09,199507.42801800199
calibration,nominal,pole,160,36,1,mc,3682.3713405497574,3682.3713405497574,-903.83990255407059,3459.2995529911077,-1.3257629681529972,,,,True,False,,False,,,3685,3679,2737,942,6,38c3d2b4745086817bc40d424ee49863ad3071b7089e67cee55fe9521d8cbb27,c5ad05426d113831288e6e8dc0fa99ec38f61b865b8fa4ade6955ba89f6b0200,863b796ce52e3056f470844b7717d4f0e1c6eaeeafb811aca0e6028a475841f7,c63f5e67d4ee7a982b6770215debbacc9c573eb36997f9071a73e9732a6640bc,773dfb0983a0421b916611fd4e74a65670428683c8597b6cd828dfa3ab0d69b5,160,3.8266500000000003,27,50.684984180823712,0.27368014351556891,observed_profile_hessian,49f57a3238a40199243d06475455de6675ced80e49d0c9c6c6cd81fa951f2350,09560389b5e0b3a5c942224a15868fac107980cfe7152d0e7e0b3eb25a52488c,27,9.9999999999999995e-07,"[{""attempt"": 0, ""tolerance"": 2e-07, ""free_valid"": true, ""nll"": 12.108919358698879, ""score"": 1.09087183730594e-11}]",1,12.108919358698879,1.0908718373059401e-11,183501.46944471801
calibration,nominal,logshift,160,36,1,mc,3682.3713405497574,3682.3713405497574,-2830.0001188850842,3683.8666542999727,-1.7678086832576616,,,,True,False,,False,,,3685,3679,2969,710,6,38c3d2b4745086817bc40d424ee49863ad3071b7089e67cee55fe9521d8cbb27,c5ad05426d113831288e6e8dc0fa99ec38f61b865b8fa4ade6955ba89f6b0200,863b796ce52e3056f470844b7717d4f0e1c6eaeeafb811aca0e6028a475841f7,92b2697514ff9c9b0d79bbf8d7186ee234dbb364029fbef761dd9bd6c8ff1e4a,15253fb33ac7f3518d3819c4a5a5cc21a87fa21f40ae5133675503b36361ff3e,156.63278130884902,3.8266500000000003,28,50.684984180823712,0.27368014351556891,observed_profile_hessian,3319eff14cfc9744613c4df6e5766cbe58bc8e72157e400d0c92693433d3872d,a0770ee98f56b55a3f626b094cd54e7c3c2c6756cbc6566213ce8b01c4300222,28,9.9999999999999995e-07,"[{""attempt"": 0, ""tolerance"": 2e-07, ""free_valid"": true, ""nll"": 8.095023896257114, ""score"": 2.6079581549875996e-10}]",1,8.0950238962571142,2.6079581549875996e-10,199527.32053640799
calibration,nominal,pole,160,36,2,mc,7364.7426810995148,3682.3713405497574,768.2358337184952,3460.0203291651042,-1.90649366761748,,,,True,False,,False,,,7307,7299,5559,1740,8,38c3d2b4745086817bc40d424ee49863ad3071b7089e67cee55fe9521d8cbb27,742299de6c224d4dc02a1f00c88b01727ffb72e5530a82c2c89fc9c4c2bd0db5,bfff96e02b8438de73b89c2c9dea4133b66e98adaebaac9f6b568578bdd9bdbd,c63f5e67d4ee7a982b6770215debbacc9c573eb36997f9071a73e9732a6640bc,773dfb0983a0421b916611fd4e74a65670428683c8597b6cd828dfa3ab0d69b5,160,3.8266500000000003,27,50.684984180823712,0.27368014351556891,observed_profile_hessian,8a6bec16d9e3e47f7595e82d3c4f05743740ef22fe813e2db5bdf86f7be445ac,09ec9fd9deb6e1d3dd4dd3e2cde5890379913251c949f6292cdfbb768b7c354b,27,9.9999999999999995e-07,"[{""attempt"": 0, ""tolerance"": 2e-07, ""free_valid"": true, ""nll"": 11.760099037035651, ""score"": 3.6787690949058316e-12}]",1,11.760099037035651,3.6787690949058316e-12,183524.70089462414
calibration,nominal,logshift,160,36,2,mc,7364.7426810995148,3682.3713405497574,261.87243249546555,3684.6272935239494,-1.927703857887596,,,,True,False,,False,,,7307,7299,6014,1285,8,38c3d2b4745086817bc40d424ee49863ad3071b7089e67cee55fe9521d8cbb27,742299de6c224d4dc02a1f00c88b01727ffb72e5530a82c2c89fc9c4c2bd0db5,bfff96e02b8438de73b89c2c9dea4133b66e98adaebaac9f6b568578bdd9bdbd,92b2697514ff9c9b0d79bbf8d7186ee234dbb364029fbef761dd9bd6c8ff1e4a,15253fb33ac7f3518d3819c4a5a5cc21a87fa21f40ae5133675503b36361ff3e,156.63278130884902,3.8266500000000003,28,50.684984180823712,0.27368014351556891,observed_profile_hessian,ba15cdf8a4416b531c72835f958956f59afdfc66fd1104944c59fde04d03c83a,d91e62f8ba6f289cd4f8e4bcb7c7d75343b4ac84f09edffc5a9be54816cc0e86,28,9.9999999999999995e-07,"[{""attempt"": 0, ""tolerance"": 2e-07, ""free_valid"": true, ""nll"": 7.979167994444838, ""score"": 8.066811107987348e-14}]",1,7.9791679944448379,8.0668111079873484e-14,199547.40788735068
calibration,nominal,pole,160,36,3,mc,11047.114021649271,3682.3713405497574,2171.6958624763838,3460.7618949359585,-2.5645850331859159,,,,True,False,,False,,,11182,11167,8389,2778,15,38c3d2b4745086817bc40d424ee49863ad3071b7089e67cee55fe9521d8cbb27,27ae1e52545c38d0fb1525cf50cbba35c588502d10b408cac4d89f92f57ab4eb,40224260c2fc7e98b6f07b07f1f62e9d9f147d0188bab8388b15b4b82bb6a7bf,c63f5e67d4ee7a982b6770215debbacc9c573eb36997f9071a73e9732a6640bc,773dfb0983a0421b916611fd4e74a65670428683c8597b6cd828dfa3ab0d69b5,160,3.8266500000000003,27,50.684984180823712,0.27368014351556891,observed_profile_hessian,65756d1c9469e40ba5366885d7f7db193ac0b0718009588d165d378d0750dfcb,0828ecff1cff2e2cfdd58706548a45f55be79dc942d01715424682c2bd637c28,27,9.9999999999999995e-07,"[{""attempt"": 0, ""tolerance"": 2e-07, ""free_valid"": true, ""nll"": 11.592696285843207, ""score"": 3.2751790168816797e-10}]",1,11.592696285843207,3.2751790168816797e-10,183552.09090329913
calibration,nominal,logshift,160,36,3,mc,11047.114021649271,3682.3713405497574,3189.1433893031449,3685.3953724825096,-2.1321920277587312,,,,True,False,,False,,,11182,11167,9102,2065,15,38c3d2b4745086817bc40d424ee49863ad3071b7089e67cee55fe9521d8cbb27,27ae1e52545c38d0fb1525cf50cbba35c588502d10b408cac4d89f92f57ab4eb,40224260c2fc7e98b6f07b07f1f62e9d9f147d0188bab8388b15b4b82bb6a7bf,92b2697514ff9c9b0d79bbf8d7186ee234dbb364029fbef761dd9bd6c8ff1e4a,15253fb33ac7f3518d3819c4a5a5cc21a87fa21f40ae5133675503b36361ff3e,156.63278130884902,3.8266500000000003,28,50.684984180823712,0.27368014351556891,observed_profile_hessian,af7278b3fb99558418690945a10f922235b971b4e74e4b2894a1832671a68b64,b967a7b87e447653069178ea812bd4b1c9fc4402bf46a316270ca6f07647b161,28,9.9999999999999995e-07,"[{""attempt"": 0, ""tolerance"": 2e-07, ""free_valid"": true, ""nll"": 7.676588723202979, ""score"": 5.221993532034119e-10}]",1,7.676588723202979,5.2219935320341193e-10,199570.53363502873
calibration,nominal,pole,160,36,4,mc,14729.48536219903,3682.3713405497574,3648.0682650499425,3461.4342903880679,-3.2013946149203742,,,,True,False,,False,,,14598,14587,11004,3583,11,38c3d2b4745086817bc40d424ee49863ad3071b7089e67cee55fe9521d8cbb27,a408c027ec143860942e7a418578521bf8cb764f2a7a226c8d03bee35ecfc611,a6ae46162e26c881161513f9742dbd8caabe5f883ef74b05ab1fb1ae5a277436,c63f5e67d4ee7a982b6770215debbacc9c573eb36997f9071a73e9732a6640bc,773dfb0983a0421b916611fd4e74a65670428683c8597b6cd828dfa3ab0d69b5,160,3.8266500000000003,27,50.684984180823712,0.27368014351556891,observed_profile_hessian,2adbe6c887afa60154e0919a0c5de2b87161273b982a070173789df7195084af,e7a26c7f2be08009f71b265b8491c664c32f81237521f46443ff39d0e9ca8102,27,9.9999999999999995e-07,"[{""attempt"": 0, ""tolerance"": 2e-07, ""free_valid"": true, ""nll"": 12.340410504184709, ""score"": 2.4748811611186028e-09}]",1,12.340410504184709,2.4748811611186028e-09,183575.29083343325
calibration,nominal,logshift,160,36,4,mc,14729.48536219903,3682.3713405497574,6137.1631406942925,3686.1297105904896,-2.3309874844660072,,,,True,False,,False,,,14598,14587,11940,2647,11,38c3d2b4745086817bc40d424ee49863ad3071b7089e67cee55fe9521d8cbb27,a408c027ec143860942e7a418578521bf8cb764f2a7a226c8d03bee35ecfc611,a6ae46162e26c881161513f9742dbd8caabe5f883ef74b05ab1fb1ae5a277436,92b2697514ff9c9b0d79bbf8d7186ee234dbb364029fbef761dd9bd6c8ff1e4a,15253fb33ac7f3518d3819c4a5a5cc21a87fa21f40ae5133675503b36361ff3e,156.63278130884902,3.8266500000000003,28,50.684984180823712,0.27368014351556891,observed_profile_hessian,230d75706088386253bee590cf73d5deaf7d72de4878a258e98c1ebc5ad35a68,3341efcc6b732ba431b9a1885d9441e5388383c5d650cd12a961de699020d760,28,9.9999999999999995e-07,"[{""attempt"": 0, ""tolerance"": 2e-07, ""free_valid"": true, ""nll"": 7.911207063496755, ""score"": 6.352985318369697e-09}]",1,7.9112070634967546,6.3529853183696972e-09,199588.84143702421
calibration,nominal,pole,160,36,5,mc,18411.856702748788,3682.3713405497574,5146.1591074019234,3462.1400215518352,-3.8316467597404626,,,,True,False,,False,,,18317,18290,13841,4449,27,38c3d2b4745086817bc40d424ee49863ad3071b7089e67cee55fe9521d8cbb27,f23112b6075e61211a9305ee8623a7f1ba39d7ce027dafd0459deaca79902435,882e6b50c0e97e5ae68ad2af8842f422db5a6e7b9cb3e0420c3527db2893d39e,c63f5e67d4ee7a982b6770215debbacc9c573eb36997f9071a73e9732a6640bc,773dfb0983a0421b916611fd4e74a65670428683c8597b6cd828dfa3ab0d69b5,160,3.8266500000000003,27,50.684984180823712,0.27368014351556891,observed_profile_hessian,ad517394d937a349ed7fbe52d05dd4d57622843a55f254ca08c83298d0207822,ea3f77be85f42eaa267c9c0b2a4aa54ef1671a8cf4d47c82b01a7befb5fa6eba,27,9.9999999999999995e-07,"[{""attempt"": 0, ""tolerance"": 2e-07, ""free_valid"": true, ""nll"": 13.409957871297694, ""score"": 1.0661476368412082e-08}]",1,13.409957871297694,1.0661476368412082e-08,183599.60116521976
calibration,nominal,logshift,160,36,5,mc,18411.856702748788,3682.3713405497574,9236.718203598628,3686.8835906139507,-2.4885891495213412,,,,True,False,,False,,,18317,18290,14989,3301,27,38c3d2b4745086817bc40d424ee49863ad3071b7089e67cee55fe9521d8cbb27,f23112b6075e61211a9305ee8623a7f1ba39d7ce027dafd0459deaca79902435,882e6b50c0e97e5ae68ad2af8842f422db5a6e7b9cb3e0420c3527db2893d39e,92b2697514ff9c9b0d79bbf8d7186ee234dbb364029fbef761dd9bd6c8ff1e4a,15253fb33ac7f3518d3819c4a5a5cc21a87fa21f40ae5133675503b36361ff3e,156.63278130884902,3.8266500000000003,28,50.684984180823712,0.27368014351556891,observed_profile_hessian,06bef07852ffa25666f20b7329130341c316a88e03ed395c404e1c8c8ae20c06,c509076c4e68dd44e6bc020ffa0ea76ed74acae8fb68cd3aea0f16aeb292898d,28,9.9999999999999995e-07,"[{""attempt"": 0, ""tolerance"": 2e-07, ""free_valid"": true, ""nll"": 7.711452825084225, ""score"": 3.2691140960938725e-08}]",1,7.7114528250842254,3.2691140960938725e-08,199607.57053714662
calibration,nominal,pole,160,36,6,mc,22094.228043298543,3682.3713405497574,6666.8958229635264,3462.8540794861046,-4.4550916285287041,,,,True,False,,False,,,21861,21834,16455,5379,27,38c3d2b4745086817bc40d424ee49863ad3071b7089e67cee55fe9521d8cbb27,5f475ffd73db85e8e5ef2cd275eef624c5f7f518e4a7b9a5db8742b85054e075,d4b955d403bc293413e5d324998b52265ca954299d537dc035d0109f23b1def9,c63f5e67d4ee7a982b6770215debbacc9c573eb36997f9071a73e9732a6640bc,773dfb0983a0421b916611fd4e74a65670428683c8597b6cd828dfa3ab0d69b5,160,3.8266500000000003,27,50.684984180823712,0.27368014351556891,observed_profile_hessian,be9167c01ecee1a39aa67abacc54875448bfb53c655c5a2ef1dfb1b1ff1732d5,35707ec565a32d23cd0fa47e1091106a816217a55601c22f6e9b9ccf1f228048,27,9.9999999999999995e-07,"[{""attempt"": 0, ""tolerance"": 2e-07, ""free_valid"": true, ""nll"": 15.459924083213513, ""score"": 2.788760894434361e-08}]",1,15.459924083213513,2.7887608944343611e-08,183620.64972298185
calibration,nominal,logshift,160,36,6,mc,22094.228043298543,3682.3713405497574,12230.922527877336,3687.6116605724851,-2.6747137234862666,,,,True,False,,False,,,21861,21834,17927,3907,27,38c3d2b4745086817bc40d424ee49863ad3071b7089e67cee55fe9521d8cbb27,5f475ffd73db85e8e5ef2cd275eef624c5f7f518e4a7b9a5db8742b85054e075,d4b955d403bc293413e5d324998b52265ca954299d537dc035d0109f23b1def9,92b2697514ff9c9b0d79bbf8d7186ee234dbb364029fbef761dd9bd6c8ff1e4a,15253fb33ac7f3518d3819c4a5a5cc21a87fa21f40ae5133675503b36361ff3e,156.63278130884902,3.8266500000000003,28,50.684984180823712,0.27368014351556891,observed_profile_hessian,69b0566d39b7e5290d1775331edb8f9951bcdf4a3e0343f8c7a449418a92877b,68c8c1fc5e0c91e662eb2cd4b4f1e6304e6d0caae8786ab236905e351e224b86,28,9.9999999999999995e-07,"[{""attempt"": 0, ""tolerance"": 2e-07, ""free_valid"": true, ""nll"": 8.186935993007927, ""score"": 9.849860976851588e-08}]",1,8.1869359930079266,9.8498609768515877e-08,199624.67942527833
calibration,nominal,pole,160,36,8,mc,29458.970724398059,3682.3713405497574,9867.3577964308133,3464.3105857411488,-5.6552703468923671,,,,True,False,,False,,,29669,29638,22253,7385,31,38c3d2b4745086817bc40d424ee49863ad3071b7089e67cee55fe9521d8cbb27,39a36ea6f64028ab485f3eb36cbf415c358678842f2fb7a6e761d3230309d1a6,95f0ddaf9ab39165de6e785cd157705e29f5d773b5391a84079486f147230900,c63f5e67d4ee7a982b6770215debbacc9c573eb36997f9071a73e9732a6640bc,773dfb0983a0421b916611fd4e74a65670428683c8597b6cd828dfa3ab0d69b5,160,3.8266500000000003,27,50.684984180823712,0.27368014351556891,observed_profile_hessian,72147ca4c68097a767bbecd12af67b9b795633a9d35f2755028bbd89a03b6348,845f45e340d0fec7ac6643f6e66575616d0d475a0a67305dce9b208a03942a8c,27,9.9999999999999995e-07,"[{""attempt"": 0, ""tolerance"": 2e-07, ""free_valid"": true, ""nll"": 20.072187418212334, ""score"": 1.369902762338171e-07}]",1,20.072187418212334,1.369902762338171e-07,183671.36464985178
calibration,nominal,logshift,160,36,8,mc,29458.970724398059,3682.3713405497574,18543.217755324778,3689.1640482460975,-2.9588689541368725,,,,True,False,,False,,,29669,29638,24228,5410,31,38c3d2b4745086817bc40d424ee49863ad3071b7089e67cee55fe9521d8cbb27,39a36ea6f64028ab485f3eb36cbf415c358678842f2fb7a6e761d3230309d1a6,95f0ddaf9ab39165de6e785cd157705e29f5d773b5391a84079486f147230900,92b2697514ff9c9b0d79bbf8d7186ee234dbb364029fbef761dd9bd6c8ff1e4a,15253fb33ac7f3518d3819c4a5a5cc21a87fa21f40ae5133675503b36361ff3e,156.63278130884902,3.8266500000000003,28,50.684984180823712,0.27368014351556891,observed_profile_hessian,107214da8a2d71751f23d983c99f216bece7a4490852424d2de33ef300e5bff0,4e2e1b436f73e9860d4bc1b76e33abc7a9ab034763c18c20da301cb83fe217e1,28,9.9999999999999995e-07,"[{""attempt"": 0, ""tolerance"": 2e-07, ""free_valid"": true, ""nll"": 7.999682511361377, ""score"": 5.678790770957676e-14}]",1,7.9996825113613772,5.6787907709576757e-14,199666.02373828765
calibration,nominal,pole,160,36,10,mc,36823.713405497576,3682.3713405497574,12685.599978767328,3465.7109113842366,-6.9648375308629724,,,,True,False,,False,,,36990,36929,27736,9193,61,38c3d2b4745086817bc40d424ee49863ad3071b7089e67cee55fe9521d8cbb27,a9910054b5f49119d69018ad2161491a2b140191af40784a782bfc26fb1edc16,976c375c04e9f415793181a6ac0db99c0b64496eafa252b27f3c6d27c8841a11,c63f5e67d4ee7a982b6770215debbacc9c573eb36997f9071a73e9732a6640bc,773dfb0983a0421b916611fd4e74a65670428683c8597b6cd828dfa3ab0d69b5,160,3.8266500000000003,27,50.684984180823712,0.27368014351556891,observed_profile_hessian,3185caacb917390d31f614a61af2d2e35b45623de029533dbc67ad84f0e25161,6585c2741a0486b78addfb1351db08525cd6da2b0b546e0a8487ae56678a9ba4,27,9.9999999999999995e-07,"[{""attempt"": 0, ""tolerance"": 2e-07, ""free_valid"": true, ""nll"": 27.142022985614734, ""score"": 6.994405055138486e-14}]",1,27.142022985614734,6.9944050551384862e-14,183721.73404207017
calibration,nominal,logshift,160,36,10,mc,36823.713405497576,3682.3713405497574,24577.598944825349,3690.6625769695402,-3.318134401418972,,,,True,False,,False,,,36990,36929,30096,6833,61,38c3d2b4745086817bc40d424ee49863ad3071b7089e67cee55fe9521d8cbb27,a9910054b5f49119d69018ad2161491a2b140191af40784a782bfc26fb1edc16,976c375c04e9f415793181a6ac0db99c0b64496eafa252b27f3c6d27c8841a11,92b2697514ff9c9b0d79bbf8d7186ee234dbb364029fbef761dd9bd6c8ff1e4a,15253fb33ac7f3518d3819c4a5a5cc21a87fa21f40ae5133675503b36361ff3e,156.63278130884902,3.8266500000000003,28,50.684984180823712,0.27368014351556891,observed_profile_hessian,a8a78166f980667c2f88aac2523069e36008afb49e36f72c229ebc9a49e0c51d,8e122a07a248453c2684b24fa988af3bd139791b9bd7710ef903dd89b3025eeb,28,9.9999999999999995e-07,"[{""attempt"": 0, ""tolerance"": 2e-07, ""free_valid"": true, ""nll"": 8.311476593890331, ""score"": 1.1235457009206584e-13}]",1,8.3114765938903314,1.1235457009206584e-13,199704.25044620887
calibration,nominal,pole,160,36,12,mc,44188.456086597085,3682.3713405497574,15271.593074814711,3467.0809453397505,-8.3404060844471335,,,,True,False,,False,,,44038,43993,33118,10875,45,38c3d2b4745086817bc40d424ee49863ad3071b7089e67cee55fe9521d8cbb27,6deb079734db174869451201234a169e9722d83420ba916309d6846ea96fd134,97e576f68c229098bd3f1fc22e7dccebdbef7368ae2378f29e97afbee8e66002,c63f5e67d4ee7a982b6770215debbacc9c573eb36997f9071a73e9732a6640bc,773dfb0983a0421b916611fd4e74a65670428683c8597b6cd828dfa3ab0d69b5,160,3.8266500000000003,27,50.684984180823712,0.27368014351556891,observed_profile_hessian,e659096912f7522c293e2b54c298177d12b18f16fdafd8f23b47417204153f2f,6811a3dafbcca9cec6e83b6903b71a53ecb51d198a6eaa08c931975113b02741,27,9.9999999999999995e-07,"[{""attempt"": 0, ""tolerance"": 2e-07, ""free_valid"": true, ""nll"": 35.076465288459225, ""score"": 3.319566843629218e-14}]",1,35.076465288459225,3.3195668436292181e-14,183772.30359766883
calibration,nominal,logshift,160,36,12,mc,44188.456086597085,3682.3713405497574,30083.088407592513,3692.1768008166318,-3.8203391765759327,,,,True,False,,False,,,44038,43993,35900,8093,45,38c3d2b4745086817bc40d424ee49863ad3071b7089e67cee55fe9521d8cbb27,6deb079734db174869451201234a169e9722d83420ba916309d6846ea96fd134,97e576f68c229098bd3f1fc22e7dccebdbef7368ae2378f29e97afbee8e66002,92b2697514ff9c9b0d79bbf8d7186ee234dbb364029fbef761dd9bd6c8ff1e4a,15253fb33ac7f3518d3819c4a5a5cc21a87fa21f40ae5133675503b36361ff3e,156.63278130884902,3.8266500000000003,28,50.684984180823712,0.27368014351556891,observed_profile_hessian,c690dbb8de89c31d66856519a11d0bcb6b05c6f51eb26df146849a5664e6b8d2,f006ad74107c1dd029b9920882d33c81f5f40c9f43a20c343026f1c016fd8acc,28,9.9999999999999995e-07,"[{""attempt"": 0, ""tolerance"": 2e-07, ""free_valid"": true, ""nll"": 8.39489490004204, ""score"": 7.771561172376096e-14}]",1,8.3948949000420399,7.7715611723760958e-14,199746.92586370598
calibration,nominal,pole,160,36,16,mc,58917.941448796118,3682.3713405497574,21588.400746288909,3469.939346757521,-10.757980751850816,,,,True,False,,False,,,58596,58517,44128,14389,79,38c3d2b4745086817bc40d424ee49863ad3071b7089e67cee55fe9521d8cbb27,943a10ea623844add80d1c46efcedd15afabc054af64a78ba81650f2f9b00d43,cec12c930877bdbe824e6a9adb5937204d4ce8464dbaac2c753d095dd83a9a04,c63f5e67d4ee7a982b6770215debbacc9c573eb36997f9071a73e9732a6640bc,773dfb0983a0421b916611fd4e74a65670428683c8597b6cd828dfa3ab0d69b5,160,3.8266500000000003,27,50.684984180823712,0.27368014351556891,observed_profile_hessian,392d963a59fdd9a7133299a788ac3a45e5188dab9b8b8f2e8b286d4ddfbdaf29,e80abcd24bd9ba7f3652abddfa69ee63220b3a982ffe60f0c2cec9584b699e2c,27,9.9999999999999995e-07,"[{""attempt"": 0, ""tolerance"": 2e-07, ""free_valid"": true, ""nll"": 58.3195834019134, ""score"": 5.662137425588298e-15}]",1,58.319583401913398,5.6621374255882984e-15,183866.26943418346
calibration,nominal,logshift,160,36,16,mc,58917.941448796118,3682.3713405497574,42441.536226674049,3695.1306996842136,-4.45895059233768,,,,True,False,,False,,,58596,58517,47935,10582,79,38c3d2b4745086817bc40d424ee49863ad3071b7089e67cee55fe9521d8cbb27,943a10ea623844add80d1c46efcedd15afabc054af64a78ba81650f2f9b00d43,cec12c930877bdbe824e6a9adb5937204d4ce8464dbaac2c753d095dd83a9a04,92b2697514ff9c9b0d79bbf8d7186ee234dbb364029fbef761dd9bd6c8ff1e4a,15253fb33ac7f3518d3819c4a5a5cc21a87fa21f40ae5133675503b36361ff3e,156.63278130884902,3.8266500000000003,28,50.684984180823712,0.27368014351556891,observed_profile_hessian,cf347dc3ac6911b6371a4aa883d9b5397d2c9c235e43e38593f73f10eb11be1e,930c43205a2eb632aad59267dbc83ddff6d8d9c7f37300248b2c083ae14f6e57,28,9.9999999999999995e-07,"[{""attempt"": 0, ""tolerance"": 2e-07, ""free_valid"": true, ""nll"": 9.361368300667408, ""score"": 7.760458942129844e-14}]",1,9.361368300667408,7.7604589421298442e-14,199822.19221729235
calibration,nominal,pole,160,36,20,mc,73647.426810995152,3682.3713405497574,27863.292325428778,3472.8279373883884,-13.183530918032362,,,,True,False,,False,,,73589,73495,55423,18072,94,38c3d2b4745086817bc40d424ee49863ad3071b7089e67cee55fe9521d8cbb27,7907e15491094338302ee910692ba8bc5ac4d84b835151f4544d81e5af66ff08,9974605d2a632b98cfbe4cca052cdaf30a87005483ee5117e20650ef0ca77071,c63f5e67d4ee7a982b6770215debbacc9c573eb36997f9071a73e9732a6640bc,773dfb0983a0421b916611fd4e74a65670428683c8597b6cd828dfa3ab0d69b5,160,3.8266500000000003,27,50.684984180823712,0.27368014351556891,observed_profile_hessian,cd0f4476e4ad3c31b1a33a33e9c4f387ee765b05c2aae05188d5746dd7aacd07,9fe160551ca743075ac16358a254eab9ffc8844335cf5c255e7ecea579bc904d,27,9.9999999999999995e-07,"[{""attempt"": 0, ""tolerance"": 2e-07, ""free_valid"": true, ""nll"": 90.2487197708832, ""score"": 2.1538326677728037e-14}]",1,90.248719770883199,2.1538326677728037e-14,183965.351078248
calibration,nominal,logshift,160,36,20,mc,73647.426810995152,3682.3713405497574,54626.356290659081,3698.2599892461953,-5.1432486022198445,,,,True,False,,False,,,73589,73495,60208,13287,94,38c3d2b4745086817bc40d424ee49863ad3071b7089e67cee55fe9521d8cbb27,7907e15491094338302ee910692ba8bc5ac4d84b835151f4544d81e5af66ff08,9974605d2a632b98cfbe4cca052cdaf30a87005483ee5117e20650ef0ca77071,92b2697514ff9c9b0d79bbf8d7186ee234dbb364029fbef761dd9bd6c8ff1e4a,15253fb33ac7f3518d3819c4a5a5cc21a87fa21f40ae5133675503b36361ff3e,156.63278130884902,3.8266500000000003,28,50.684984180823712,0.27368014351556891,observed_profile_hessian,748c2184e546b196290c5f879ac69ec3f71e888099674bf67bec9ddc1862dec6,03d8a274746414bdaa4164efdabdbc51e83878a0ea625d9a2be4e9354d54d2db,28,9.9999999999999995e-07,"[{""attempt"": 0, ""tolerance"": 2e-07, ""free_valid"": true, ""nll"": 11.991328726195974, ""score"": 5.726530361016557e-13}]",1,11.991328726195974,5.7265303610165574e-13,199906.81177691105
calibration,nominal,pole,160,36,24,mc,88376.91217319417,3682.3713405497574,33307.847731522685,3475.6806672244484,-15.844109316765175,,,,True,False,,False,,,88658,88563,66452,22111,95,38c3d2b4745086817bc40d424ee49863ad3071b7089e67cee55fe9521d8cbb27,af5eaf5897fe67605d0c4caa68000465e154296253e22c91676af4d949e20d6e,89919bb5457d1783e2f19592265f54d556526df0f1d9844ac123f04f418f5c63,c63f5e67d4ee7a982b6770215debbacc9c573eb36997f9071a73e9732a6640bc,773dfb0983a0421b916611fd4e74a65670428683c8597b6cd828dfa3ab0d69b5,160,3.8266500000000003,27,50.684984180823712,0.27368014351556891,observed_profile_hessian,f843dc36ab8abe4414c167b75427fc3623fb77a91da6952509123ffebc1155b5,0a4bb46ca0bb3fdf986c2dfdff251a5326b9bdd3ad9805892a23a2b0888bc12d,27,9.9999999999999995e-07,"[{""attempt"": 0, ""tolerance"": 2e-07, ""free_valid"": true, ""nll"": 128.32508400403705, ""score"": 1.7363888105137448e-13}]",1,128.32508400403705,1.7363888105137448e-13,184066.67664235557
calibration,nominal,logshift,160,36,24,mc,88376.91217319417,3682.3713405497574,66443.056363748852,3701.2621148931471,-5.9260476909181383,,,,True,False,,False,,,88658,88563,72397,16166,95,38c3d2b4745086817bc40d424ee49863ad3071b7089e67cee55fe9521d8cbb27,af5eaf5897fe67605d0c4caa68000465e154296253e22c91676af4d949e20d6e,89919bb5457d1783e2f19592265f54d556526df0f1d9844ac123f04f418f5c63,92b2697514ff9c9b0d79bbf8d7186ee234dbb364029fbef761dd9bd6c8ff1e4a,15253fb33ac7f3518d3819c4a5a5cc21a87fa21f40ae5133675503b36361ff3e,156.63278130884902,3.8266500000000003,28,50.684984180823712,0.27368014351556891,observed_profile_hessian,9017c2c9deb343a71d66818d733920bbde5b883cfcf3ff529acdf939abe79dc9,b60dd3559f4f89b443c7588f1746872832783b5a76a53c4113ecaef56b967494,28,9.9999999999999995e-07,"[{""attempt"": 0, ""tolerance"": 2e-07, ""free_valid"": true, ""nll"": 13.307282178788222, ""score"": 2.6771918015811025e-12}]",1,13.307282178788222,2.6771918015811025e-12,199987.19958159517
calibration,nominal,pole,160,37,0,mc,0,3682.3713405497574,-1983.5487013845661,3459.1090949009636,-0.57342762166954908,,,,True,False,,False,,,0,0,0,0,0,087345b9ec45ebfe1253fe5ea594e405c93b47351d337aabd8a701231172a88d,d3bb56f8ed6d718b0d014fd9eec6c619f30907068e2667d838febcc69349baac,087345b9ec45ebfe1253fe5ea594e405c93b47351d337aabd8a701231172a88d,c63f5e67d4ee7a982b6770215debbacc9c573eb36997f9071a73e9732a6640bc,773dfb0983a0421b916611fd4e74a65670428683c8597b6cd828dfa3ab0d69b5,160,3.8266500000000003,27,50.684984180823712,0.27368014351556891,observed_profile_hessian,f81d56452574f1f086e80e43522282411a8fba7efb65a3fc308dcc0ec263a591,651905666606c120153331dc954a66fd29d1d7c214bc6f81df4e627e09c694c7,27,9.9999999999999995e-07,"[{""attempt"": 0, ""tolerance"": 2e-07, ""free_valid"": true, ""nll"": 15.54223177270144, ""score"": 1.3215869509863865e-09}]",1,15.54223177270144,1.3215869509863865e-09,183456.33095879041
calibration,nominal,logshift,160,37,0,mc,0,3682.3713405497574,440.3388481754119,3682.4072069830454,0.11957907516050528,,,,True,False,,False,,,0,0,0,0,0,087345b9ec45ebfe1253fe5ea594e405c93b47351d337aabd8a701231172a88d,d3bb56f8ed6d718b0d014fd9eec6c619f30907068e2667d838febcc69349baac,087345b9ec45ebfe1253fe5ea594e405c93b47351d337aabd8a701231172a88d,92b2697514ff9c9b0d79bbf8d7186ee234dbb364029fbef761dd9bd6c8ff1e4a,15253fb33ac7f3518d3819c4a5a5cc21a87fa21f40ae5133675503b36361ff3e,156.63278130884902,3.8266500000000003,28,50.684984180823712,0.27368014351556891,observed_profile_hessian,f00c85219e42e1361494217e7ed6a848b292d23ac52abde8d779e5e4db9918f9,3e7ad10a431f62f9c8e22c15987b13b460c3efacd3e42f61612ec6ca09c77c8e,28,9.9999999999999995e-07,"[{""attempt"": 0, ""tolerance"": 2e-07, ""free_valid"": true, ""nll"": 14.811192123830509, ""score"": 4.481831572533679e-13}]",1,14.811192123830509,4.4818315725336788e-13,199402.02686290094
calibration,nominal,pole,160,37,1,mc,3682.3713405497574,3682.3713405497574,-429.41430043368712,3459.8274050627751,-1.1884366355866935,,,,True,False,,False,,,3700,3692,2798,894,8,087345b9ec45ebfe1253fe5ea594e405c93b47351d337aabd8a701231172a88d,1ed0717d1c61ab02bea86ffd14f50bdeb84c79d9b0c9e21ada4cb67623937add,12fd24fdf8ed82fcf062fe3ae120655ebb30759f4ee4087d03e96fed0ef9071c,c63f5e67d4ee7a982b6770215debbacc9c573eb36997f9071a73e9732a6640bc,773dfb0983a0421b916611fd4e74a65670428683c8597b6cd828dfa3ab0d69b5,160,3.8266500000000003,27,50.684984180823712,0.27368014351556891,observed_profile_hessian,cbc58edcae5ceec201c0c6b145e4c22ecd5208e96bfdf86b05046ea509c73a17,534576cd2878c0faa9c1ffcf9687ccabdda3f711c51071da12a57e342e147a74,27,9.9999999999999995e-07,"[{""attempt"": 0, ""tolerance"": 2e-07, ""free_valid"": true, ""nll"": 16.31432059809358, ""score"": 8.602463186235809e-11}]",1,16.31432059809358,8.6024631862358092e-11,183480.96364562857
calibration,nominal,logshift,160,37,1,mc,3682.3713405497574,3682.3713405497574,3493.6490805506915,3683.1650992019149,-0.051239152988270649,,,,True,False,,False,,,3700,3692,3048,644,8,087345b9ec45ebfe1253fe5ea594e405c93b47351d337aabd8a701231172a88d,1ed0717d1c61ab02bea86ffd14f50bdeb84c79d9b0c9e21ada4cb67623937add,12fd24fdf8ed82fcf062fe3ae120655ebb30759f4ee4087d03e96fed0ef9071c,92b2697514ff9c9b0d79bbf8d7186ee234dbb364029fbef761dd9bd6c8ff1e4a,15253fb33ac7f3518d3819c4a5a5cc21a87fa21f40ae5133675503b36361ff3e,156.63278130884902,3.8266500000000003,28,50.684984180823712,0.27368014351556891,observed_profile_hessian,704b24869f7c45caf8f901e6de2974eb6504250be1d61852cf72e15a3a74f926,67c441a9fc1fd168544cbd8745dab2c5b23318ff6985d764d1f504d286a24083,28,9.9999999999999995e-07,"[{""attempt"": 0, ""tolerance"": 2e-07, ""free_valid"": true, ""nll"": 14.965019622940865, ""score"": 8.106004305286074e-10}]",1,14.965019622940865,8.1060043052860742e-10,199422.42603969952
calibration,nominal,pole,160,37,2,mc,7364.7426810995148,3682.3713405497574,1052.3698075931522,3460.5592501465194,-1.8240903903723358,,,,True,False,,False,,,7462,7454,5642,1812,8,087345b9ec45ebfe1253fe5ea594e405c93b47351d337aabd8a701231172a88d,d7e4fcb3a7510d45987cc7acbfc3cb053779e82313e184afed90afce717aa3c8,ea3d9d383f80cf253c0b9d8077e7aa98410e3670be776fd41f429dc0579a7eec,c63f5e67d4ee7a982b6770215debbacc9c573eb36997f9071a73e9732a6640bc,773dfb0983a0421b916611fd4e74a65670428683c8597b6cd828dfa3ab0d69b5,160,3.8266500000000003,27,50.684984180823712,0.27368014351556891,observed_profile_hessian,97ac08d89697ec97adfa4342bed52e12888081764e245aa733bfe4c3dfaa87aa,28b7ab8779e6a770d54e249b0c9c3c410b2baa48006d6620c7ba52d96af09902,27,9.9999999999999995e-07,"[{""attempt"": 0, ""tolerance"": 2e-07, ""free_valid"": true, ""nll"": 17.14074980920228, ""score"": 4.883315973813751e-13}]",1,17.14074980920228,4.883315973813751e-13,183506.66293460794
calibration,nominal,logshift,160,37,2,mc,7364.7426810995148,3682.3713405497574,6528.7113465145185,3683.9391479615992,-0.22693950714348526,,,,True,False,,False,,,7462,7454,6118,1336,8,087345b9ec45ebfe1253fe5ea594e405c93b47351d337aabd8a701231172a88d,d7e4fcb3a7510d45987cc7acbfc3cb053779e82313e184afed90afce717aa3c8,ea3d9d383f80cf253c0b9d8077e7aa98410e3670be776fd41f429dc0579a7eec,92b2697514ff9c9b0d79bbf8d7186ee234dbb364029fbef761dd9bd6c8ff1e4a,15253fb33ac7f3518d3819c4a5a5cc21a87fa21f40ae5133675503b36361ff3e,156.63278130884902,3.8266500000000003,28,50.684984180823712,0.27368014351556891,observed_profile_hessian,e5762accd98f56d2dcbb820a94ecde9be0fb9dc8c58fad8431214a23317ca3e2,9e2596c37118c0f74d4b7209676745f7658d516c1e5038dad0a28b5278119fb4,28,9.9999999999999995e-07,"[{""attempt"": 0, ""tolerance"": 2e-07, ""free_valid"": true, ""nll"": 14.816691264172908, ""score"": 8.847613225393403e-09}]",1,14.816691264172908,8.8476132253934026e-09,199443.55723094253
calibration,nominal,pole,160,37,3,mc,11047.114021649271,3682.3713405497574,2492.1387501687641,3461.2596426317973,-2.4716363852368097,,,,True,False,,False,,,11187,11169,8447,2722,18,087345b9ec45ebfe1253fe5ea594e405c93b47351d337aabd8a701231172a88d,f9f85bb4165765ecc80912e29da189b988ab31f69860a376fd89e73eaebeaf82,5b914afc3b261750b2cd7f45ca6a3fbc86f0a97d52eeac64f64df356b5b1ccf8,c63f5e67d4ee7a982b6770215debbacc9c573eb36997f9071a73e9732a6640bc,773dfb0983a0421b916611fd4e74a65670428683c8597b6cd828dfa3ab0d69b5,160,3.8266500000000003,27,50.684984180823712,0.27368014351556891,observed_profile_hessian,2887b1db88f775609d2b87c287f91ef3ef7327fe8a22a3ddc8cd95bf7281b52a,74b055d8da711bc9563e0fb2aff7e8f2617d1f03c77cc0108f4fa1566f7697aa,27,9.9999999999999995e-07,"[{""attempt"": 0, ""tolerance"": 2e-07, ""free_valid"": true, ""nll"": 18.997804273154596, ""score"": 9.028217062834187e-11}]",1,18.997804273154596,9.0282170628341873e-11,183530.60587225613
calibration,nominal,logshift,160,37,3,mc,11047.114021649271,3682.3713405497574,9612.4920645520087,3684.7228237859181,-0.38934324933109649,,,,True,False,,False,,,11187,11169,9199,1970,18,087345b9ec45ebfe1253fe5ea594e405c93b47351d337aabd8a701231172a88d,f9f85bb4165765ecc80912e29da189b988ab31f69860a376fd89e73eaebeaf82,5b914afc3b261750b2cd7f45ca6a3fbc86f0a97d52eeac64f64df356b5b1ccf8,92b2697514ff9c9b0d79bbf8d7186ee234dbb364029fbef761dd9bd6c8ff1e4a,15253fb33ac7f3518d3819c4a5a5cc21a87fa21f40ae5133675503b36361ff3e,156.63278130884902,3.8266500000000003,28,50.684984180823712,0.27368014351556891,observed_profile_hessian,8a7525b2b5a5ef8e128c95282433e05183770e4271beb09401340271565a5944,9ce67c7edb25e0f7e37f7d181b4d8c373133c2409ac4b88cac78e40be489d8c2,28,9.9999999999999995e-07,"[{""attempt"": 0, ""tolerance"": 2e-07, ""free_valid"": true, ""nll"": 15.256410385305132, ""score"": 4.077917634126571e-08}]",1,15.256410385305132,4.077917634126571e-08,199461.73472262287
calibration,nominal,pole,160,37,4,mc,14729.48536219903,3682.3713405497574,3934.767144408383,3461.939444881692,-3.1181129507479137,,,,True,False,,False,,,14732,14712,11097,3615,20,087345b9ec45ebfe1253fe5ea594e405c93b47351d337aabd8a701231172a88d,dafec37ae495e1518f898af6700b4eb9a982037b5b58ea51d5537fedab2facf0,ce31e3c54320dfd6125cbefd5827481306cf83105e7ea98754d30df2c850f0b4,c63f5e67d4ee7a982b6770215debbacc9c573eb36997f9071a73e9732a6640bc,773dfb0983a0421b916611fd4e74a65670428683c8597b6cd828dfa3ab0d69b5,160,3.8266500000000003,27,50.684984180823712,0.27368014351556891,observed_profile_hessian,5cb6ac115648eef20c48a0dcccb7faed09da10f8e8e1aa8a38ef2ee8835f595e,6a055581a3ef2691010a94583efeb37d9c83834ad3b9d847aeea36ecc8071346,27,9.9999999999999995e-07,"[{""attempt"": 0, ""tolerance"": 2e-07, ""free_valid"": true, ""nll"": 21.17537598783459, ""score"": 1.19437687517987e-09}]",1,21.175375987834592,1.19437687517987e-09,183554.57813577252
calibration,nominal,logshift,160,37,4,mc,14729.48536219903,3682.3713405497574,12434.030291676976,3685.4460155276697,-0.62284322191961294,,,,True,False,,False,,,14732,14712,12047,2665,20,087345b9ec45ebfe1253fe5ea594e405c93b47351d337aabd8a701231172a88d,dafec37ae495e1518f898af6700b4eb9a982037b5b58ea51d5537fedab2facf0,ce31e3c54320dfd6125cbefd5827481306cf83105e7ea98754d30df2c850f0b4,92b2697514ff9c9b0d79bbf8d7186ee234dbb364029fbef761dd9bd6c8ff1e4a,15253fb33ac7f3518d3819c4a5a5cc21a87fa21f40ae5133675503b36361ff3e,156.63278130884902,3.8266500000000003,28,50.684984180823712,0.27368014351556891,observed_profile_hessian,45016332609e9eaf21765c7dcaa775895feeedca07bf3809f89f53b136728a22,e6e9b3707931ab08fcfd6c377b9456b832a3bfa7166dd34ed58a05bde9de3b4a,28,9.9999999999999995e-07,"[{""attempt"": 0, ""tolerance"": 2e-07, ""free_valid"": true, ""nll"": 15.614448326527905, ""score"": 1.1115859036014974e-07}]",1,15.614448326527905,1.1115859036014974e-07,199482.16873504335
calibration,nominal,pole,160,37,5,mc,18411.856702748788,3682.3713405497574,5249.1985625925245,3462.6566394169176,-3.8013177484362828,,,,True,False,,False,,,18359,18334,13806,4528,25,087345b9ec45ebfe1253fe5ea594e405c93b47351d337aabd8a701231172a88d,df21484a39ea9622571762e4f28b2b5e6b54eaa168d4d41a3e0a32d44c6bf479,35e572d23d069cc472fb96f62d14a74eedbf36d032ce38229a73fd95ec6609ee,c63f5e67d4ee7a982b6770215debbacc9c573eb36997f9071a73e9732a6640bc,773dfb0983a0421b916611fd4e74a65670428683c8597b6cd828dfa3ab0d69b5,160,3.8266500000000003,27,50.684984180823712,0.27368014351556891,observed_profile_hessian,9b5ef7019f47433d13a7d14182a1753f87a2b2b375908b1c7b7ca4e458d2ddd8,72f73abcef7ff001f6e31383e60c0b46a379fd498a6e705f199cacac1d321008,27,9.9999999999999995e-07,"[{""attempt"": 0, ""tolerance"": 2e-07, ""free_valid"": true, ""nll"": 23.850697126468773, ""score"": 5.316576174099752e-09}]",1,23.850697126468773,5.3165761740997519e-09,183580.50319242803
calibration,nominal,logshift,160,37,5,mc,18411.856702748788,3682.3713405497574,15462.615498547513,3686.1814236865462,-0.80008031760187803,,,,True,False,,False,,,18359,18334,15034,3300,25,087345b9ec45ebfe1253fe5ea594e405c93b47351d337aabd8a701231172a88d,df21484a39ea9622571762e4f28b2b5e6b54eaa168d4d41a3e0a32d44c6bf479,35e572d23d069cc472fb96f62d14a74eedbf36d032ce38229a73fd95ec6609ee,92b2697514ff9c9b0d79bbf8d7186ee234dbb364029fbef761dd9bd6c8ff1e4a,15253fb33ac7f3518d3819c4a5a5cc21a87fa21f40ae5133675503b36361ff3e,156.63278130884902,3.8266500000000003,28,50.684984180823712,0.27368014351556891,observed_profile_hessian,4064c59d1d06badf7aaabe2d32be52aae1c2171322d4bad09f28adb27d958726,4061def2ea67a0cae1f65c3304be0e640a63c258a9451746e302734ae3844a91,28,9.9999999999999995e-07,"[{""attempt"": 0, ""tolerance"": 2e-07, ""free_valid"": true, ""nll"": 15.845164532505846, ""score"": 1.8385293287792592e-13}]",1,15.845164532505846,1.8385293287792592e-13,199500.90641543877
calibration,nominal,pole,160,37,6,mc,22094.228043298543,3682.3713405497574,7137.4383625666596,3463.4076474114013,-4.3185184082823156,,,,True,False,,False,,,22258,22232,16755,5477,26,087345b9ec45ebfe1253fe5ea594e405c93b47351d337aabd8a701231172a88d,21bf643fc2a2e1028ba558ce8e687e45a63a7b42eacba5196eb4d1ad5dbeaecc,62ed8cceb194f611e49f08887e197e96ae7681917b9fa3600dfd811378404fcb,c63f5e67d4ee7a982b6770215debbacc9c573eb36997f9071a73e9732a6640bc,773dfb0983a0421b916611fd4e74a65670428683c8597b6cd828dfa3ab0d69b5,160,3.8266500000000003,27,50.684984180823712,0.27368014351556891,observed_profile_hessian,9d101119829258e387ae4410797dff80ee71ff7f79bd9da749115333cf282714,8c374b1034abba8a5bd76afc69fa53bc495fb2563ec6de05b82c903a3254314c,27,9.9999999999999995e-07,"[{""attempt"": 0, ""tolerance"": 2e-07, ""free_valid"": true, ""nll"": 26.759829255669647, ""score"": 2.084855142692188e-08}]",1,26.759829255669647,2.084855142692188e-08,183604.34240222326
calibration,nominal,logshift,160,37,6,mc,22094.228043298543,3682.3713405497574,18658.874700435266,3686.9881452045561,-0.93175058003140965,,,,True,False,,False,,,22258,22232,18145,4087,26,087345b9ec45ebfe1253fe5ea594e405c93b47351d337aabd8a701231172a88d,21bf643fc2a2e1028ba558ce8e687e45a63a7b42eacba5196eb4d1ad5dbeaecc,62ed8cceb194f611e49f08887e197e96ae7681917b9fa3600dfd811378404fcb,92b2697514ff9c9b0d79bbf8d7186ee234dbb364029fbef761dd9bd6c8ff1e4a,15253fb33ac7f3518d3819c4a5a5cc21a87fa21f40ae5133675503b36361ff3e,156.63278130884902,3.8266500000000003,28,50.684984180823712,0.27368014351556891,observed_profile_hessian,4251f1e3a767a980e1022fb2d5c6a7fb9d7690e5f1794fc8099746aeb28bb9cc,48f74885a0c4456a0411ddf6cc601a6a1ccf5030cdf6adb1936140092fd105f0,28,9.9999999999999995e-07,"[{""attempt"": 0, ""tolerance"": 2e-07, ""free_valid"": true, ""nll"": 15.623795047396559, ""score"": 6.257494522543539e-14}]",1,15.623795047396559,6.2574945225435386e-14,199523.35311786769
calibration,nominal,pole,160,37,8,mc,29458.970724398059,3682.3713405497574,10034.454428358327,3464.8146071489314,-5.6062209666171583,,,,True,False,,False,,,29372,29347,22212,7135,25,087345b9ec45ebfe1253fe5ea594e405c93b47351d337aabd8a701231172a88d,03e830cac890bb3293d8038b8f8c81da63532e3d68baf43e1b06abe0918d0761,4212dbc2cd51ac3db529185ea17930a84a52311c82b200df5e207dc3c36e2610,c63f5e67d4ee7a982b6770215debbacc9c573eb36997f9071a73e9732a6640bc,773dfb0983a0421b916611fd4e74a65670428683c8597b6cd828dfa3ab0d69b5,160,3.8266500000000003,27,50.684984180823712,0.27368014351556891,observed_profile_hessian,3ddeef3da9a6e673af6f9e490bb4741b4070081f5353431d47d1a0e862a0bed4,1f66efc2c2ef1ca1614a36d042e4c2f0c997cf31d5b1df9acd3619782a6ad5f9,27,9.9999999999999995e-07,"[{""attempt"": 0, ""tolerance"": 2e-07, ""free_valid"": true, ""nll"": 34.51665972559781, ""score"": 9.929074035186503e-08}]",1,34.516659725597812,9.9290740351865026e-08,183652.10269421179
calibration,nominal,logshift,160,37,8,mc,29458.970724398059,3682.3713405497574,24631.733154864691,3688.4782411840279,-1.3087341862653339,,,,True,False,,False,,,29372,29347,24134,5213,25,087345b9ec45ebfe1253fe5ea594e405c93b47351d337aabd8a701231172a88d,03e830cac890bb3293d8038b8f8c81da63532e3d68baf43e1b06abe0918d0761,4212dbc2cd51ac3db529185ea17930a84a52311c82b200df5e207dc3c36e2610,92b2697514ff9c9b0d79bbf8d7186ee234dbb364029fbef761dd9bd6c8ff1e4a,15253fb33ac7f3518d3819c4a5a5cc21a87fa21f40ae5133675503b36361ff3e,156.63278130884902,3.8266500000000003,28,50.684984180823712,0.27368014351556891,observed_profile_hessian,60c1e0bc019c5aa324747217ede70b9187bbb090bda16d9f4414acd5e951ed04,0368ee7549a689fe9c6768043a1f1ebc400d8e8c3c8b888ea62f94fa355290a0,28,9.9999999999999995e-07,"[{""attempt"": 0, ""tolerance"": 2e-07, ""free_valid"": true, ""nll"": 16.018270086287856, ""score"": 2.525757381022231e-14}]",1,16.018270086287856,2.5257573810222311e-14,199561.37569906612
calibration,nominal,pole,160,37,10,mc,36823.713405497576,3682.3713405497574,12706.098734463354,3466.2241674587935,-6.9578923652579752,,,,True,False,,False,,,36815,36772,27726,9046,43,087345b9ec45ebfe1253fe5ea594e405c93b47351d337aabd8a701231172a88d,6bb481e401ddb842980858a90f61157d7ce6c2d5aad29b363cbd6e4a39833067,d730bcbc915bb5253030d11aced4c6bb191546f3dad86c177ef2dbc7c195bc89,c63f5e67d4ee7a982b6770215debbacc9c573eb36997f9071a73e9732a6640bc,773dfb0983a0421b916611fd4e74a65670428683c8597b6cd828dfa3ab0d69b5,160,3.8266500000000003,27,50.684984180823712,0.27368014351556891,observed_profile_hessian,4a917687a24c813c505174722f543efe58537655413740c5ce10c4703d534aff,d5a47144e9f715e911ec9b9f08471239418920e45e5d3abf67d5a7fc017c2e10,27,9.9999999999999995e-07,"[{""attempt"": 0, ""tolerance"": 2e-07, ""free_valid"": true, ""nll"": 43.72414265781214, ""score"": 2.4868995751603507e-14}]",1,43.724142657812138,2.4868995751603507e-14,183704.71468483226
calibration,nominal,logshift,160,37,10,mc,36823.713405497576,3682.3713405497574,30412.890357154749,3689.9772178567673,-1.7373611461120066,,,,True,False,,False,,,36815,36772,30135,6637,43,087345b9ec45ebfe1253fe5ea594e405c93b47351d337aabd8a701231172a88d,6bb481e401ddb842980858a90f61157d7ce6c2d5aad29b363cbd6e4a39833067,d730bcbc915bb5253030d11aced4c6bb191546f3dad86c177ef2dbc7c195bc89,92b2697514ff9c9b0d79bbf8d7186ee234dbb364029fbef761dd9bd6c8ff1e4a,15253fb33ac7f3518d3819c4a5a5cc21a87fa21f40ae5133675503b36361ff3e,156.63278130884902,3.8266500000000003,28,50.684984180823712,0.27368014351556891,observed_profile_hessian,9d3c733614904a137ec4b8d9c56f8aa644c2175dab81b98093f8cbab19be4a60,7506b30efb918812f6bd5674daee7152348a395ce6848682a5fe2e8331420d5e,28,9.9999999999999995e-07,"[{""attempt"": 0, ""tolerance"": 2e-07, ""free_valid"": true, ""nll"": 16.52427756246302, ""score"": 6.38378239159465e-14}]",1,16.52427756246302,6.3837823915946501e-14,199603.81231245209
calibration,nominal,pole,160,37,12,mc,44188.456086597085,3682.3713405497574,16049.378564256172,3467.5934057275012,-8.1148722557445669,,,,True,False,,False,,,44169,44121,33198,10923,48,087345b9ec45ebfe1253fe5ea594e405c93b47351d337aabd8a701231172a88d,253776c218789fd1d517e2b728b049325e6463cc9ba0484d723295ef9d48d83f,fc11f3564dc779d4ba1ae25bb4249204dd1a1eb8fa0fad01afe26649fedcf2c2,c63f5e67d4ee7a982b6770215debbacc9c573eb36997f9071a73e9732a6640bc,773dfb0983a0421b916611fd4e74a65670428683c8597b6cd828dfa3ab0d69b5,160,3.8266500000000003,27,50.684984180823712,0.27368014351556891,observed_profile_hessian,e403f882e7b2da77ef8b5c35155810efe61c42223a8b3fa22939c73b08f6d884,ce9db514de53bbe7eaf80b8f87c3d80f9b3442413c73deff40658879d7389b15,27,9.9999999999999995e-07,"[{""attempt"": 0, ""tolerance"": 2e-07, ""free_valid"": true, ""nll"": 56.14777606783587, ""score"": 4.586608870482678e-14}]",1,56.147776067835871,4.586608870482678e-14,183747.2239166564
calibration,nominal,logshift,160,37,12,mc,44188.456086597085,3682.3713405497574,36712.035112960468,3691.4750653204842,-2.0253207298821438,,,,True,False,,False,,,44169,44121,36032,8089,48,087345b9ec45ebfe1253fe5ea594e405c93b47351d337aabd8a701231172a88d,253776c218789fd1d517e2b728b049325e6463cc9ba0484d723295ef9d48d83f,fc11f3564dc779d4ba1ae25bb4249204dd1a1eb8fa0fad01afe26649fedcf2c2,92b2697514ff9c9b0d79bbf8d7186ee234dbb364029fbef761dd9bd6c8ff1e4a,15253fb33ac7f3518d3819c4a5a5cc21a87fa21f40ae5133675503b36361ff3e,156.63278130884902,3.8266500000000003,28,50.684984180823712,0.27368014351556891,observed_profile_hessian,c0c09739b2d1e96e99b1ad0b8c9a4512d268dfc0c6858f9ec0f6f54d04271dcd,81bbbbb3ecb34d65da0a4c6b3ea261cb1f326135762b3cf78c989bf19ed24fb6,28,9.9999999999999995e-07,"[{""attempt"": 0, ""tolerance"": 2e-07, ""free_valid"": true, ""nll"": 18.25366490612491, ""score"": 3.697042672001771e-14}]",1,18.253664906124911,3.6970426720017713e-14,199637.59099614725
calibration,nominal,pole,160,37,16,mc,58917.941448796118,3682.3713405497574,21998.297276781374,3470.5026304980461,-10.638125972754692,,,,True,False,,False,,,59116,59034,44365,14669,82,087345b9ec45ebfe1253fe5ea594e405c93b47351d337aabd8a701231172a88d,251378bf09376a5ef66ef010345a503de94c7adb8cd2b94fc817c33d713058f8,87fea32c975f6b19ecac363ee73742d07941b034e7baf1838cf7aa7fa1275989,c63f5e67d4ee7a982b6770215debbacc9c573eb36997f9071a73e9732a6640bc,773dfb0983a0421b916611fd4e74a65670428683c8597b6cd828dfa3ab0d69b5,160,3.8266500000000003,27,50.684984180823712,0.27368014351556891,observed_profile_hessian,80b22fcb63ebc60967e557cb6f57ffd77b26ccafeb067672e559fb2d9a92a3bb,a8f8fbcb7ccbd04a1cf96a8fbaa9b65780ff015b9201d36d09680591b6e2d0bc,27,9.9999999999999995e-07,"[{""attempt"": 0, ""tolerance"": 2e-07, ""free_valid"": true, ""nll"": 84.24539861591578, ""score"": 1.0325074129013956e-13}]",1,84.245398615915775,1.0325074129013956e-13,183849.81056129935
calibration,nominal,logshift,160,37,16,mc,58917.941448796118,3682.3713405497574,48646.754053597724,3694.5588947712531,-2.7800848999145078,,,,True,False,,False,,,59116,59034,48232,10802,82,087345b9ec45ebfe1253fe5ea594e405c93b47351d337aabd8a701231172a88d,251378bf09376a5ef66ef010345a503de94c7adb8cd2b94fc817c33d713058f8,87fea32c975f6b19ecac363ee73742d07941b034e7baf1838cf7aa7fa1275989,92b2697514ff9c9b0d79bbf8d7186ee234dbb364029fbef761dd9bd6c8ff1e4a,15253fb33ac7f3518d3819c4a5a5cc21a87fa21f40ae5133675503b36361ff3e,156.63278130884902,3.8266500000000003,28,50.684984180823712,0.27368014351556891,observed_profile_hessian,d903ba2323c544a4c242bdbdc27cdfa5be8fbc753bd5d4ee92840c9518ec3c21,6099748f5f231e02c95068d00afaba58ee0a95dde65e806b5ce9b3f3c75038e2,28,9.9999999999999995e-07,"[{""attempt"": 0, ""tolerance"": 2e-07, ""free_valid"": true, ""nll"": 19.478124510368513, ""score"": 2.51687559682523e-13}]",1,19.478124510368513,2.5168755968252299e-13,199724.02939549001
calibration,nominal,pole,160,37,20,mc,73647.426810995152,3682.3713405497574,27997.381340948967,3473.3808739742631,-13.142827442880783,,,,True,False,,False,,,73707,73607,55269,18338,100,087345b9ec45ebfe1253fe5ea594e405c93b47351d337aabd8a701231172a88d,ba3f97e8fd47e8ce877a09e40d997e40ccd39ffbb0582171299f5ee5810ad3c4,29fdd78a4ee1c722daf41bfbe157e0822011da85e12de2003af0d65b2ab986a1,c63f5e67d4ee7a982b6770215debbacc9c573eb36997f9071a73e9732a6640bc,773dfb0983a0421b916611fd4e74a65670428683c8597b6cd828dfa3ab0d69b5,160,3.8266500000000003,27,50.684984180823712,0.27368014351556891,observed_profile_hessian,d4825c9dc6c1c85a84b184534ffa72bd2d4a20683572715055f936e69d60a7e2,834c93a1073688c0f30fb85aa7da4fb32fd094f5141fc84b6186a2e61c95d412,27,9.9999999999999995e-07,"[{""attempt"": 0, ""tolerance"": 2e-07, ""free_valid"": true, ""nll"": 121.44549048071913, ""score"": 2.220446049250313e-14}]",1,121.44549048071913,2.2204460492503131e-14,183946.08104323145
calibration,nominal,logshift,160,37,20,mc,73647.426810995152,3682.3713405497574,60662.955125861692,3697.4740138958809,-3.5117141151865026,,,,True,False,,False,,,73707,73607,60294,13313,100,087345b9ec45ebfe1253fe5ea594e405c93b47351d337aabd8a701231172a88d,ba3f97e8fd47e8ce877a09e40d997e40ccd39ffbb0582171299f5ee5810ad3c4,29fdd78a4ee1c722daf41bfbe157e0822011da85e12de2003af0d65b2ab986a1,92b2697514ff9c9b0d79bbf8d7186ee234dbb364029fbef761dd9bd6c8ff1e4a,15253fb33ac7f3518d3819c4a5a5cc21a87fa21f40ae5133675503b36361ff3e,156.63278130884902,3.8266500000000003,28,50.684984180823712,0.27368014351556891,observed_profile_hessian,c6fe34c0e4468ad33d701288d3cddba24b060bc39f18b07b8f639c11f939f01a,d9fba69818d80c1e230698d6248723048e15354e5d94ba27742041444b604c6d,28,9.9999999999999995e-07,"[{""attempt"": 0, ""tolerance"": 2e-07, ""free_valid"": true, ""nll"": 22.644216753870673, ""score"": 1.2576606422953773e-12}]",1,22.644216753870673,1.2576606422953773e-12,199802.48989309621
calibration,nominal,pole,160,37,24,mc,88376.91217319417,3682.3713405497574,33683.512802588986,3476.0519495275412,-15.734344642932916,,,,True,False,,False,,,88219,88092,66376,21716,127,087345b9ec45ebfe1253fe5ea594e405c93b47351d337aabd8a701231172a88d,4af13dccaedbfbaa5265e70d6ec93a92216dcd0b5354ceb040edc802d80b9961,5dd2e38a34b6c3ce078ae4b299a7a33b2e3dcb923ffe99e19793f3ffdd841404,c63f5e67d4ee7a982b6770215debbacc9c573eb36997f9071a73e9732a6640bc,773dfb0983a0421b916611fd4e74a65670428683c8597b6cd828dfa3ab0d69b5,160,3.8266500000000003,27,50.684984180823712,0.27368014351556891,observed_profile_hessian,abb647f0e50ecaeb5de5283616dac15b76df3894bc272f121a0fe3869bd8d26f,90221676e189d28a7999cbde496c92ab59caabd13af34d8d6939d566ab9a3842,27,9.9999999999999995e-07,"[{""attempt"": 0, ""tolerance"": 2e-07, ""free_valid"": true, ""nll"": 164.93289700316427, ""score"": 6.572520305780927e-14}]",1,164.93289700316427,6.5725203057809267e-14,184042.67873569939
calibration,nominal,logshift,160,37,24,mc,88376.91217319417,3682.3713405497574,72468.085992935958,3700.490487997718,-4.2991128424346385,,,,True,False,,False,,,88219,88092,72097,15995,127,087345b9ec45ebfe1253fe5ea594e405c93b47351d337aabd8a701231172a88d,4af13dccaedbfbaa5265e70d6ec93a92216dcd0b5354ceb040edc802d80b9961,5dd2e38a34b6c3ce078ae4b299a7a33b2e3dcb923ffe99e19793f3ffdd841404,92b2697514ff9c9b0d79bbf8d7186ee234dbb364029fbef761dd9bd6c8ff1e4a,15253fb33ac7f3518d3819c4a5a5cc21a87fa21f40ae5133675503b36361ff3e,156.63278130884902,3.8266500000000003,28,50.684984180823712,0.27368014351556891,observed_profile_hessian,9fa3e094890cf4d983a77b16f8bc74e8c5b685bfac3e87006e6e04e2eebd2c53,a3926ae10e0706546571cd2400d060866a539190aa689514d952edbb56f25198,28,9.9999999999999995e-07,"[{""attempt"": 0, ""tolerance"": 2e-07, ""free_valid"": true, ""nll"": 24.545083308902758, ""score"": 5.214495502059435e-12}]",1,24.545083308902758,5.2144955020594352e-12,199879.49427295069
calibration,nominal,pole,160,38,0,mc,0,3682.3713405497574,-3989.8555441581161,3459.5503916320336,-1.1532873039828486,,,,True,False,,False,,,0,0,0,0,0,759c6f0897676add699bec06b7660d91e6dea3bd01fc7d1b1a6fc7ef040af3d9,d3bb56f8ed6d718b0d014fd9eec6c619f30907068e2667d838febcc69349baac,759c6f0897676add699bec06b7660d91e6dea3bd01fc7d1b1a6fc7ef040af3d9,c63f5e67d4ee7a982b6770215debbacc9c573eb36997f9071a73e9732a6640bc,773dfb0983a0421b916611fd4e74a65670428683c8597b6cd828dfa3ab0d69b5,160,3.8266500000000003,27,50.684984180823712,0.27368014351556891,observed_profile_hessian,0b435aa7def4690a58f0a501bee4f42fcb0f368803c1d228081d0223cb4bd64c,a990fe5a4b912336a30274be164504e2c6fee8b5178c0ac05a05c06c9914161e,27,9.9999999999999995e-07,"[{""attempt"": 0, ""tolerance"": 2e-07, ""free_valid"": true, ""nll"": 6.616911239738145, ""score"": 6.477805514215618e-10}]",1,6.6169112397381449,6.4778055142156177e-10,183550.76239421181
calibration,nominal,logshift,160,38,0,mc,0,3682.3713405497574,-2912.8082636416848,3683.2343025668774,-0.79082893575674074,,,,True,False,,False,,,0,0,0,0,0,759c6f0897676add699bec06b7660d91e6dea3bd01fc7d1b1a6fc7ef040af3d9,d3bb56f8ed6d718b0d014fd9eec6c619f30907068e2667d838febcc69349baac,759c6f0897676add699bec06b7660d91e6dea3bd01fc7d1b1a6fc7ef040af3d9,92b2697514ff9c9b0d79bbf8d7186ee234dbb364029fbef761dd9bd6c8ff1e4a,15253fb33ac7f3518d3819c4a5a5cc21a87fa21f40ae5133675503b36361ff3e,156.63278130884902,3.8266500000000003,28,50.684984180823712,0.27368014351556891,observed_profile_hessian,b3edb47aa191003b85251c44e371b684874c07cba925f9410543743171941c5a,4f936c5c3c2a411e4461ca763a8f53d0b246c2aeb2a086c7ef8e2b087c0e100f,28,9.9999999999999995e-07,"[{""attempt"": 0, ""tolerance"": 2e-07, ""free_valid"": true, ""nll"": 9.13811669502433, ""score"": 3.126215952775624e-11}]",1,9.1381166950243298,3.1262159527756239e-11,199541.45378990148
calibration,nominal,pole,160,38,1,mc,3682.3713405497574,3682.3713405497574,-2488.1951721536761,3460.2742360859679,-1.7832593868869677,,,,True,False,,False,,,3724,3720,2771,949,4,759c6f0897676add699bec06b7660d91e6dea3bd01fc7d1b1a6fc7ef040af3d9,083c1e6fa1dcdfad7ceed85d848136087915b4519e0da649c97e70cc0b8a26ea,f0169add90fc5a1317d3770d9fcedecadd27ad2c1e10463bc491cf337851d9b4,c63f5e67d4ee7a982b6770215debbacc9c573eb36997f9071a73e9732a6640bc,773dfb0983a0421b916611fd4e74a65670428683c8597b6cd828dfa3ab0d69b5,160,3.8266500000000003,27,50.684984180823712,0.27368014351556891,observed_profile_hessian,6bc724fb0bf813766468b19a32f4962dd98de27a9f49e70ef5317a5eec4a7b15,12a31345173961b7d323ae8dbbf49b6539e4f5d3a12d6b711ea8ccaa900ba735,27,9.9999999999999995e-07,"[{""attempt"": 0, ""tolerance"": 2e-07, ""free_valid"": true, ""nll"": 6.721436047073419, ""score"": 2.2455315384917185e-11}]",1,6.7214360470734187,2.2455315384917185e-11,183575.20674485597
calibration,nominal,logshift,160,38,1,mc,3682.3713405497574,3682.3713405497574,30.153417000209444,3683.9950982008318,-0.99137426250463712,,,,True,False,,False,,,3724,3720,3021,699,4,759c6f0897676add699bec06b7660d91e6dea3bd01fc7d1b1a6fc7ef040af3d9,083c1e6fa1dcdfad7ceed85d848136087915b4519e0da649c97e70cc0b8a26ea,f0169add90fc5a1317d3770d9fcedecadd27ad2c1e10463bc491cf337851d9b4,92b2697514ff9c9b0d79bbf8d7186ee234dbb364029fbef761dd9bd6c8ff1e4a,15253fb33ac7f3518d3819c4a5a5cc21a87fa21f40ae5133675503b36361ff3e,156.63278130884902,3.8266500000000003,28,50.684984180823712,0.27368014351556891,observed_profile_hessian,fcd44f603227eef4277110fd43f253b053837362ffeeeed6cd6fe516fbe604d9,c27492df2a4039f1dda054e8a4fc0dd4c33b7a0441524119d751123820cbe133,28,9.9999999999999995e-07,"[{""attempt"": 0, ""tolerance"": 2e-07, ""free_valid"": true, ""nll"": 9.193039296866372, ""score"": 2.03402295007038e-11}]",1,9.1930392968663721,2.0340229500703799e-11,199562.56544404043
calibration,nominal,pole,160,38,2,mc,7364.7426810995148,3682.3713405497574,-989.64359285622459,3460.9651298597646,-2.4138891784483976,,,,True,False,,False,,,7353,7346,5543,1803,7,759c6f0897676add699bec06b7660d91e6dea3bd01fc7d1b1a6fc7ef040af3d9,21513c1eb599747020f693587ea8de6d70c54f0506e360270015f3daefa8a511,f14be191873c0ac514d8168d9209051a954032932b0fb0c0866eed85e7d9ec72,c63f5e67d4ee7a982b6770215debbacc9c573eb36997f9071a73e9732a6640bc,773dfb0983a0421b916611fd4e74a65670428683c8597b6cd828dfa3ab0d69b5,160,3.8266500000000003,27,50.684984180823712,0.27368014351556891,observed_profile_hessian,ca1be89dd6e6953b03dee0e09c5b3e0938a0e15c77b624c871aa7eb03060f69d,e79b5cfa0963d862ce2915433c2d3e9ae996aa85821b3a3432ac41717240cb9d,27,9.9999999999999995e-07,"[{""attempt"": 0, ""tolerance"": 2e-07, ""free_valid"": true, ""nll"": 7.389118597657617, ""score"": 2.6435520439349602e-12}]",1,7.3891185976576166,2.6435520439349602e-12,183599.64369810527
calibration,nominal,logshift,160,38,2,mc,7364.7426810995148,3682.3713405497574,3057.3741258381224,3684.7536694412643,-1.168970558597622,,,,True,False,,False,,,7353,7346,6030,1316,7,759c6f0897676add699bec06b7660d91e6dea3bd01fc7d1b1a6fc7ef040af3d9,21513c1eb599747020f693587ea8de6d70c54f0506e360270015f3daefa8a511,f14be191873c0ac514d8168d9209051a954032932b0fb0c0866eed85e7d9ec72,92b2697514ff9c9b0d79bbf8d7186ee234dbb364029fbef761dd9bd6c8ff1e4a,15253fb33ac7f3518d3819c4a5a5cc21a87fa21f40ae5133675503b36361ff3e,156.63278130884902,3.8266500000000003,28,50.684984180823712,0.27368014351556891,observed_profile_hessian,71ce57e757b5aec47bfb8bbfbe0792a67bace4e89503fea7e0af513f0aca84bb,2d9ff8d8ad0762e18a4105a2973a3833f596730cd8cc56e107ccf1595e7e84eb,28,9.9999999999999995e-07,"[{""attempt"": 0, ""tolerance"": 2e-07, ""free_valid"": true, ""nll"": 9.352030168521686, ""score"": 1.7589187328859168e-09}]",1,9.3520301685216864,1.7589187328859168e-09,199582.1575354079
calibration,nominal,pole,160,38,3,mc,11047.114021649271,3682.3713405497574,599.09300419292902,3461.7051330977902,-3.0181718591689175,,,,True,False,,False,,,11125,11111,8464,2647,14,759c6f0897676add699bec06b7660d91e6dea3bd01fc7d1b1a6fc7ef040af3d9,df2cf9d6cfbad3160d75678143f678abc2ed50566620fb7771104346d263c794,f0a4b16b3705c518f9cbfd4d11c6b0034936d44c12891939ffd092bb80c17449,c63f5e67d4ee7a982b6770215debbacc9c573eb36997f9071a73e9732a6640bc,773dfb0983a0421b916611fd4e74a65670428683c8597b6cd828dfa3ab0d69b5,160,3.8266500000000003,27,50.684984180823712,0.27368014351556891,observed_profile_hessian,dc40b3de575db5c1434aab40821b78ffb5f90a50af9752e876f3fa70b20a12ce,02a45c27876d94e452eadb7fd4e37c6c31f777aabded67e8278d23f935a2ad9e,27,9.9999999999999995e-07,"[{""attempt"": 0, ""tolerance"": 2e-07, ""free_valid"": true, ""nll"": 8.384041069475, ""score"": 3.0752622670604524e-10}]",1,8.3840410694749998,3.0752622670604524e-10,183625.59619183227
calibration,nominal,logshift,160,38,3,mc,11047.114021649271,3682.3713405497574,6194.0879636895334,3685.5512733264045,-1.3167707347019557,,,,True,False,,False,,,11125,11111,9142,1969,14,759c6f0897676add699bec06b7660d91e6dea3bd01fc7d1b1a6fc7ef040af3d9,df2cf9d6cfbad3160d75678143f678abc2ed50566620fb7771104346d263c794,f0a4b16b3705c518f9cbfd4d11c6b0034936d44c12891939ffd092bb80c17449,92b2697514ff9c9b0d79bbf8d7186ee234dbb364029fbef761dd9bd6c8ff1e4a,15253fb33ac7f3518d3819c4a5a5cc21a87fa21f40ae5133675503b36361ff3e,156.63278130884902,3.8266500000000003,28,50.684984180823712,0.27368014351556891,observed_profile_hessian,4b70452691929fec80420e1a4e0c18fcc80d77cc54b967edcf0c6c1b8fcf399c,c952458b13a3e870638ad0b5c4189d079c5c69e35cafbe83b1c726a1664fdc74,28,9.9999999999999995e-07,"[{""attempt"": 0, ""tolerance"": 2e-07, ""free_valid"": true, ""nll"": 9.376923022606961, ""score"": 1.427726281644226e-08}]",1,9.3769230226069613,1.427726281644226e-08,199603.80268042977
calibration,nominal,pole,160,38,4,mc,14729.48536219903,3682.3713405497574,2010.9476070945516,3462.3973954064463,-3.6733327526118549,,,,True,False,,False,,,14703,14685,11108,3577,18,759c6f0897676add699bec06b7660d91e6dea3bd01fc7d1b1a6fc7ef040af3d9,4a5dd9def5b66da744274bba531b58d5467dac4940cbcd214b6a8e03d55760a1,0a8cf8aab8fea409678a44bae302c7236e2281194281bea75fc32921857c6e36,c63f5e67d4ee7a982b6770215debbacc9c573eb36997f9071a73e9732a6640bc,773dfb0983a0421b916611fd4e74a65670428683c8597b6cd828dfa3ab0d69b5,160,3.8266500000000003,27,50.684984180823712,0.27368014351556891,observed_profile_hessian,b99d3509342c67e85be80e62cea4a28c5c7d16620e1092d14b1704f01b790654,5e104daec1d808fd4d0ac6532346bb9a37d7ff0d979323ea2cc26c01f29d836c,27,9.9999999999999995e-07,"[{""attempt"": 0, ""tolerance"": 2e-07, ""free_valid"": true, ""nll"": 10.118147761701035, ""score"": 2.3010182648164346e-09}]",1,10.118147761701035,2.3010182648164346e-09,183649.55678143873
calibration,nominal,logshift,160,38,4,mc,14729.48536219903,3682.3713405497574,9113.2112272332251,3686.2646446579079,-1.523567805449032,,,,True,False,,False,,,14703,14685,12065,2620,18,759c6f0897676add699bec06b7660d91e6dea3bd01fc7d1b1a6fc7ef040af3d9,4a5dd9def5b66da744274bba531b58d5467dac4940cbcd214b6a8e03d55760a1,0a8cf8aab8fea409678a44bae302c7236e2281194281bea75fc32921857c6e36,92b2697514ff9c9b0d79bbf8d7186ee234dbb364029fbef761dd9bd6c8ff1e4a,15253fb33ac7f3518d3819c4a5a5cc21a87fa21f40ae5133675503b36361ff3e,156.63278130884902,3.8266500000000003,28,50.684984180823712,0.27368014351556891,observed_profile_hessian,eb7ac65c89d1888f491588e80c097b489128f6d2f13f7eba5686b0a9aa1895f2,90f7a55deaea87f84c557a5cb67a451c5c71d0944a2ad2ac7f0c1474793c965e,28,9.9999999999999995e-07,"[{""attempt"": 0, ""tolerance"": 2e-07, ""free_valid"": true, ""nll"": 9.87999614359205, ""score"": 5.327308613689574e-08}]",1,9.8799961435920505,5.3273086136895742e-08,199622.74137782864
calibration,nominal,pole,160,38,5,mc,18411.856702748788,3682.3713405497574,3379.1908417443392,3463.0842503129093,-4.3408316906082094,,,,True,False,,False,,,18377,18351,13802,4549,26,759c6f0897676add699bec06b7660d91e6dea3bd01fc7d1b1a6fc7ef040af3d9,44e0da383f476cdd9ac56cadee667be682a6b28a60b4583c699f9465ef5f0ce9,45f320a83b6e74296fcca517d761abc93921e8a2fcc180512266836c7d044cd5,c63f5e67d4ee7a982b6770215debbacc9c573eb36997f9071a73e9732a6640bc,773dfb0983a0421b916611fd4e74a65670428683c8597b6cd828dfa3ab0d69b5,160,3.8266500000000003,27,50.684984180823712,0.27368014351556891,observed_profile_hessian,f136107256f58d895f27a5bf808f401dae4595ed56658d5a0b76d859e1a810f2,61ae2dbcf679f41e4465e51ffbf5a7766a5ae75025ae712c63405b9d8345c24c,27,9.9999999999999995e-07,"[{""attempt"": 0, ""tolerance"": 2e-07, ""free_valid"": true, ""nll"": 12.310296812663124, ""score"": 8.886036240163264e-09}]",1,12.310296812663124,8.8860362401632642e-09,183673.25116755289
calibration,nominal,logshift,160,38,5,mc,18411.856702748788,3682.3713405497574,12109.708900375079,3687.0030808475117,-1.7092873708489194,,,,True,False,,False,,,18377,18351,15008,3343,26,759c6f0897676add699bec06b7660d91e6dea3bd01fc7d1b1a6fc7ef040af3d9,44e0da383f476cdd9ac56cadee667be682a6b28a60b4583c699f9465ef5f0ce9,45f320a83b6e74296fcca517d761abc93921e8a2fcc180512266836c7d044cd5,92b2697514ff9c9b0d79bbf8d7186ee234dbb364029fbef761dd9bd6c8ff1e4a,15253fb33ac7f3518d3819c4a5a5cc21a87fa21f40ae5133675503b36361ff3e,156.63278130884902,3.8266500000000003,28,50.684984180823712,0.27368014351556891,observed_profile_hessian,59fccc614ee1b8b419fed5849d4b20fa71840fc6d3b21da15905dbed0eaae922,4506e1b33a8f9a043bf78b84bab2a2b5790a13cdbcfe4ca763b211bab3183adb,28,9.9999999999999995e-07,"[{""attempt"": 0, ""tolerance"": 2e-07, ""free_valid"": true, ""nll"": 10.012225229777249, ""score"": 1.4383548763152731e-07}]",1,10.012225229777249,1.4383548763152731e-07,199640.10002078358
calibration,nominal,pole,160,38,6,mc,22094.228043298543,3682.3713405497574,5185.8558729935385,3463.812889320428,-4.8814334695839445,,,,True,False,,False,,,22114,22080,16624,5456,34,759c6f0897676add699bec06b7660d91e6dea3bd01fc7d1b1a6fc7ef040af3d9,e7471d62e63aa27b033f4cbe200b72a00f5055c2b8a39bb2f228fc025adadf87,482dc388f98756e2e412550c5f75b14e0f5cc8cf51f9c7d00495d6de0c651cc4,c63f5e67d4ee7a982b6770215debbacc9c573eb36997f9071a73e9732a6640bc,773dfb0983a0421b916611fd4e74a65670428683c8597b6cd828dfa3ab0d69b5,160,3.8266500000000003,27,50.684984180823712,0.27368014351556891,observed_profile_hessian,1947d9a2c1e826116370b816eb05928e23b9977a94147346dcdf4c38a9d8b855,542b205d4968aa0d856a71bd66f28b58f4a3ce82fbb7afdae32c87b483525d1a,27,9.9999999999999995e-07,"[{""attempt"": 0, ""tolerance"": 2e-07, ""free_valid"": true, ""nll"": 14.876652732429854, ""score"": 2.880969685037371e-08}]",1,14.876652732429854,2.8809696850373712e-08,183696.23163092221
calibration,nominal,logshift,160,38,6,mc,22094.228043298543,3682.3713405497574,15166.752997448335,3687.7601712417436,-1.8785047628294078,,,,True,False,,False,,,22114,22080,18007,4073,34,759c6f0897676add699bec06b7660d91e6dea3bd01fc7d1b1a6fc7ef040af3d9,e7471d62e63aa27b033f4cbe200b72a00f5055c2b8a39bb2f228fc025adadf87,482dc388f98756e2e412550c5f75b14e0f5cc8cf51f9c7d00495d6de0c651cc4,92b2697514ff9c9b0d79bbf8d7186ee234dbb364029fbef761dd9bd6c8ff1e4a,15253fb33ac7f3518d3819c4a5a5cc21a87fa21f40ae5133675503b36361ff3e,156.63278130884902,3.8266500000000003,28,50.684984180823712,0.27368014351556891,observed_profile_hessian,6e7d024d1c45dce0e4302582620b1ea6dd41684472665a9409cdd1006631e2f0,e4623cdb3d2850cad52e44d4bc99640742eb383bcd0083d8a23e066738f275cf,28,9.9999999999999995e-07,"[{""attempt"": 0, ""tolerance"": 2e-07, ""free_valid"": true, ""nll"": 10.22092240380679, ""score"": 1.099120794378905e-13}]",1,10.220922403806791,1.099120794378905e-13,199661.81307208785
calibration,nominal,pole,160,38,8,mc,29458.970724398059,3682.3713405497574,7824.3452343210529,3465.1964927470299,-6.2434051100306256,,,,True,False,,False,,,29229,29193,22040,7153,36,759c6f0897676add699bec06b7660d91e6dea3bd01fc7d1b1a6fc7ef040af3d9,9b00c30b3a09a8aa151db06c53cc0aa921d0478f3f10437fda347fd182373565,dab991af8e25b463b269fa545dd85dd3c4348efbb34537a4ac703d51a19c89db,c63f5e67d4ee7a982b6770215debbacc9c573eb36997f9071a73e9732a6640bc,773dfb0983a0421b916611fd4e74a65670428683c8597b6cd828dfa3ab0d69b5,160,3.8266500000000003,27,50.684984180823712,0.27368014351556891,observed_profile_hessian,26b592c3dd2c173b4dd08a752c215274c1d7ccf52b9f3bc2402aa6fe182734b2,d07e434d405e5d05575d714c84e14d1320ec08b3428ba0f5a71907616546f09b,27,9.9999999999999995e-07,"[{""attempt"": 0, ""tolerance"": 2e-07, ""free_valid"": true, ""nll"": 20.865608022564178, ""score"": 1.1425171120293953e-07}]",1,20.865608022564178,1.1425171120293953e-07,183746.52996245923
calibration,nominal,logshift,160,38,8,mc,29458.970724398059,3682.3713405497574,20879.956660676311,3689.2639079210699,-2.3253999382646748,,,,True,False,,False,,,29229,29193,23985,5208,36,759c6f0897676add699bec06b7660d91e6dea3bd01fc7d1b1a6fc7ef040af3d9,9b00c30b3a09a8aa151db06c53cc0aa921d0478f3f10437fda347fd182373565,dab991af8e25b463b269fa545dd85dd3c4348efbb34537a4ac703d51a19c89db,92b2697514ff9c9b0d79bbf8d7186ee234dbb364029fbef761dd9bd6c8ff1e4a,15253fb33ac7f3518d3819c4a5a5cc21a87fa21f40ae5133675503b36361ff3e,156.63278130884902,3.8266500000000003,28,50.684984180823712,0.27368014351556891,observed_profile_hessian,09cc3df259267328c557cf09a7c2f0b5b8a2b0c3e241a44dde8b795a096979e5,fc1f7bb55ebb343d5363197a0c0e4a63362d8f6b205b075c1a9bf7f029c98274,28,9.9999999999999995e-07,"[{""attempt"": 0, ""tolerance"": 2e-07, ""free_valid"": true, ""nll"": 10.340096659733467, ""score"": 1.2477519018005978e-13}]",1,10.340096659733467,1.2477519018005978e-13,199702.80721943278
calibration,nominal,pole,160,38,10,mc,36823.713405497576,3682.3713405497574,10703.506094378054,3466.6323596238412,-7.5347497517601729,,,,True,False,,False,,,36690,36645,27420,9225,45,759c6f0897676add699bec06b7660d91e6dea3bd01fc7d1b1a6fc7ef040af3d9,1f1cd9dec5d95e960781542b70d327e453e9b1020f8f11b74263597fe2f8abc8,30b3ad9db40028a2801d61eaa5e2f5e9b1a98c62448cfc36118189e58e655a59,c63f5e67d4ee7a982b6770215debbacc9c573eb36997f9071a73e9732a6640bc,773dfb0983a0421b916611fd4e74a65670428683c8597b6cd828dfa3ab0d69b5,160,3.8266500000000003,27,50.684984180823712,0.27368014351556891,observed_profile_hessian,4f40a7ef4f6f02098e69eeb4bffda4d2e6fb3f7df2ddba2db9bee503d09d63f3,80b6db9d52aea96c7eb8c6682327f1f8544621cfed42f08e0969d71e4edd4dfd,27,9.9999999999999995e-07,"[{""attempt"": 0, ""tolerance"": 2e-07, ""free_valid"": true, ""nll"": 29.74081842369846, ""score"": 6.217248937900877e-14}]",1,29.74081842369846,6.2172489379008766e-14,183795.5621402087
calibration,nominal,logshift,160,38,10,mc,36823.713405497576,3682.3713405497574,26802.321709786745,3690.7510917322793,-2.7152716199583162,,,,True,False,,False,,,36690,36645,29850,6795,45,759c6f0897676add699bec06b7660d91e6dea3bd01fc7d1b1a6fc7ef040af3d9,1f1cd9dec5d95e960781542b70d327e453e9b1020f8f11b74263597fe2f8abc8,30b3ad9db40028a2801d61eaa5e2f5e9b1a98c62448cfc36118189e58e655a59,92b2697514ff9c9b0d79bbf8d7186ee234dbb364029fbef761dd9bd6c8ff1e4a,15253fb33ac7f3518d3819c4a5a5cc21a87fa21f40ae5133675503b36361ff3e,156.63278130884902,3.8266500000000003,28,50.684984180823712,0.27368014351556891,observed_profile_hessian,5cbf16a88d7ab8b0591899cf2f1e5fb1fec6cb8e4719c78d760e4843acfdf941,64dc7317c2fa5aa95bbbcfd41748336381dc57880dbb16f5528b464fed3adcae,28,9.9999999999999995e-07,"[{""attempt"": 0, ""tolerance"": 2e-07, ""free_valid"": true, ""nll"": 11.351138176860522, ""score"": 3.1252778143198157e-14}]",1,11.351138176860522,3.1252778143198157e-14,199741.91699852861
calibration,nominal,pole,160,38,12,mc,44188.456086597085,3682.3713405497574,13647.407320478469,3468.0894259082588,-8.8063037065776388,,,,True,False,,False,,,44348,44297,33251,11046,51,759c6f0897676add699bec06b7660d91e6dea3bd01fc7d1b1a6fc7ef040af3d9,1f2c5870d52cf4418d4b473031895030d5e014a86724582ed0751a905b0941d1,0ab3c0d574f6dd1e5ecc453f59ae555faa50a55c442ac46d861ce718d936322d,c63f5e67d4ee7a982b6770215debbacc9c573eb36997f9071a73e9732a6640bc,773dfb0983a0421b916611fd4e74a65670428683c8597b6cd828dfa3ab0d69b5,160,3.8266500000000003,27,50.684984180823712,0.27368014351556891,observed_profile_hessian,8d8fd827484154ba35a94a101fac71e7e728f902a643e71331b624bea3a0c09d,f3a091224ee3260f5a76d25729810384ee83c05e33f75994990839bd9c82bea9,27,9.9999999999999995e-07,"[{""attempt"": 0, ""tolerance"": 2e-07, ""free_valid"": true, ""nll"": 40.872417199059925, ""score"": 1.176836406102666e-14}]",1,40.872417199059925,1.1768364061026659e-14,183848.67645798085
calibration,nominal,logshift,160,38,12,mc,44188.456086597085,3682.3713405497574,33070.3834981951,3692.3220029362674,-3.0111329888239684,,,,True,False,,False,,,44348,44297,36215,8082,51,759c6f0897676add699bec06b7660d91e6dea3bd01fc7d1b1a6fc7ef040af3d9,1f2c5870d52cf4418d4b473031895030d5e014a86724582ed0751a905b0941d1,0ab3c0d574f6dd1e5ecc453f59ae555faa50a55c442ac46d861ce718d936322d,92b2697514ff9c9b0d79bbf8d7186ee234dbb364029fbef761dd9bd6c8ff1e4a,15253fb33ac7f3518d3819c4a5a5cc21a87fa21f40ae5133675503b36361ff3e,156.63278130884902,3.8266500000000003,28,50.684984180823712,0.27368014351556891,observed_profile_hessian,27d364940f4497cec86d739206dd3c49f154c0635853bfcfd984844dc3f7f920,927d33038d90acd064da85f6df72dbd66f5d9b0db79d46482dd9bd0f8cab6de3,28,9.9999999999999995e-07,"[{""attempt"": 0, ""tolerance"": 2e-07, ""free_valid"": true, ""nll"": 12.297538638084761, ""score"": 1.8943180357666733e-13}]",1,12.297538638084761,1.8943180357666733e-13,199783.78388633393
calibration,nominal,pole,160,38,16,mc,58917.941448796118,3682.3713405497574,20186.978620143007,3470.9292815102845,-11.158672415186846,,,,True,False,,False,,,58891,58812,44299,14513,79,759c6f0897676add699bec06b7660d91e6dea3bd01fc7d1b1a6fc7ef040af3d9,84e7913ac3eb2359314479ed161cbae8bc312a274c77afa095e6fb1656502816,533c7643e4d171e9287516e685dc39e3dea2817bb48787bf877865275c2711c1,c63f5e67d4ee7a982b6770215debbacc9c573eb36997f9071a73e9732a6640bc,773dfb0983a0421b916611fd4e74a65670428683c8597b6cd828dfa3ab0d69b5,160,3.8266500000000003,27,50.684984180823712,0.27368014351556891,observed_profile_hessian,be36f71b8146ff1b5da85342ee86dddef3ae2ec908f43559b02230586c1c47db,074a5aedf92de44bfbf7be91e5c650cebcc6eec4324b51be6d550d1bbc8913f5,27,9.9999999999999995e-07,"[{""attempt"": 0, ""tolerance"": 2e-07, ""free_valid"": true, ""nll"": 67.23313764908394, ""score"": 1.1501910535116622e-13}]",1,67.233137649083943,1.1501910535116622e-13,183939.74747821593
calibration,nominal,logshift,160,38,16,mc,58917.941448796118,3682.3713405497574,45424.667510092077,3695.3422161688814,-3.651427431988449,,,,True,False,,False,,,58891,58812,48148,10664,79,759c6f0897676add699bec06b7660d91e6dea3bd01fc7d1b1a6fc7ef040af3d9,84e7913ac3eb2359314479ed161cbae8bc312a274c77afa095e6fb1656502816,533c7643e4d171e9287516e685dc39e3dea2817bb48787bf877865275c2711c1,92b2697514ff9c9b0d79bbf8d7186ee234dbb364029fbef761dd9bd6c8ff1e4a,15253fb33ac7f3518d3819c4a5a5cc21a87fa21f40ae5133675503b36361ff3e,156.63278130884902,3.8266500000000003,28,50.684984180823712,0.27368014351556891,observed_profile_hessian,9d93902f7abdde77ed537a242df4ec349b7c6918750762662488403aa0a1d282,2e1d8f8efcd3982b73707d055c0b53c291a64b36c1684464817cb17a67c8e969,28,9.9999999999999995e-07,"[{""attempt"": 0, ""tolerance"": 2e-07, ""free_valid"": true, ""nll"": 13.588164132880877, ""score"": 1.8451906669270102e-13}]",1,13.588164132880877,1.8451906669270102e-13,199859.23124733043
calibration,nominal,pole,160,38,20,mc,73647.426810995152,3682.3713405497574,26332.481483364081,3473.8043495216443,-13.62049803816571,,,,True,False,,False,,,73739,73646,55594,18052,93,759c6f0897676add699bec06b7660d91e6dea3bd01fc7d1b1a6fc7ef040af3d9,e6a7a39e4ce7a3d668ebdaaba1c6154d0c397cfe740b16127b5dd7e29adec0e0,5c6b99e1934d9ec0ddcbcc12f2470f54686c3322de701136b56790f412d64e83,c63f5e67d4ee7a982b6770215debbacc9c573eb36997f9071a73e9732a6640bc,773dfb0983a0421b916611fd4e74a65670428683c8597b6cd828dfa3ab0d69b5,160,3.8266500000000003,27,50.684984180823712,0.27368014351556891,observed_profile_hessian,02ea8cf5834b1e2fbdab0dcc6897a2d34db28791fdae21bd1196e2540a162761,655cd280cb96e89244f51f92037a6f36ae2536311d631de2eaee9c3a4014952d,27,9.9999999999999995e-07,"[{""attempt"": 0, ""tolerance"": 2e-07, ""free_valid"": true, ""nll"": 102.94097982700443, ""score"": 9.192646643896296e-14}]",1,102.94097982700443,9.1926466438962962e-14,184041.54336276889
calibration,nominal,logshift,160,38,20,mc,73647.426810995152,3682.3713405497574,57669.513374154427,3698.4281226090698,-4.3201903368529022,,,,True,False,,False,,,73739,73646,60275,13371,93,759c6f0897676add699bec06b7660d91e6dea3bd01fc7d1b1a6fc7ef040af3d9,e6a7a39e4ce7a3d668ebdaaba1c6154d0c397cfe740b16127b5dd7e29adec0e0,5c6b99e1934d9ec0ddcbcc12f2470f54686c3322de701136b56790f412d64e83,92b2697514ff9c9b0d79bbf8d7186ee234dbb364029fbef761dd9bd6c8ff1e4a,15253fb33ac7f3518d3819c4a5a5cc21a87fa21f40ae5133675503b36361ff3e,156.63278130884902,3.8266500000000003,28,50.684984180823712,0.27368014351556891,observed_profile_hessian,a46d96dd850b2ef8e98eee86cec0f01eca886daaf7a2a14cd9613576f61cd6b9,9a45b097709780b75e5ea981f1e9a07c5546d078dd87aad9346610c733c84ef4,28,9.9999999999999995e-07,"[{""attempt"": 0, ""tolerance"": 2e-07, ""free_valid"": true, ""nll"": 16.101454766558245, ""score"": 1.0680345496894006e-12}]",1,16.101454766558245,1.0680345496894006e-12,199942.95473795317
calibration,nominal,pole,160,38,24,mc,88376.91217319417,3682.3713405497574,32009.264654927236,3476.6137938985698,-16.213376250531976,,,,True,False,,False,,,88508,88399,66314,22085,109,759c6f0897676add699bec06b7660d91e6dea3bd01fc7d1b1a6fc7ef040af3d9,c69b04d025d400e3fc612bb8514281afd68b37dc8467dae059f19044abbb7efc,cef96751ff5e9fddb456fd5865f1c4eaad23aedbdd5dd0bf03409aa10f90d194,c63f5e67d4ee7a982b6770215debbacc9c573eb36997f9071a73e9732a6640bc,773dfb0983a0421b916611fd4e74a65670428683c8597b6cd828dfa3ab0d69b5,160,3.8266500000000003,27,50.684984180823712,0.27368014351556891,observed_profile_hessian,bebf4eaac4f0780c2fc84a784f9706590dbd010d853217c326ca232a61bfcbe3,18507519a35b2a630b0950faf223b6ea38549229c9b5b5daf951861e18c626d4,27,9.9999999999999995e-07,"[{""attempt"": 0, ""tolerance"": 2e-07, ""free_valid"": true, ""nll"": 144.9134706269956, ""score"": 1.5143442055887135e-13}]",1,144.9134706269956,1.5143442055887135e-13,184135.78470397179
calibration,nominal,logshift,160,38,24,mc,88376.91217319417,3682.3713405497574,69472.770257702243,3701.3176894296535,-5.1074086316554252,,,,True,False,,False,,,88508,88399,72241,16158,109,759c6f0897676add699bec06b7660d91e6dea3bd01fc7d1b1a6fc7ef040af3d9,c69b04d025d400e3fc612bb8514281afd68b37dc8467dae059f19044abbb7efc,cef96751ff5e9fddb456fd5865f1c4eaad23aedbdd5dd0bf03409aa10f90d194,92b2697514ff9c9b0d79bbf8d7186ee234dbb364029fbef761dd9bd6c8ff1e4a,15253fb33ac7f3518d3819c4a5a5cc21a87fa21f40ae5133675503b36361ff3e,156.63278130884902,3.8266500000000003,28,50.684984180823712,0.27368014351556891,observed_profile_hessian,29c59ecd43b0f40b0621aae771a23f10e1fa84d5759e2f9802ad795085bbf800,cdea9f637f4fb7eea9a57dbc277d29b0406b801b11d006ef5be5209617a5de73,28,9.9999999999999995e-07,"[{""attempt"": 0, ""tolerance"": 2e-07, ""free_valid"": true, ""nll"": 19.141031035835894, ""score"": 4.1449066401355594e-12}]",1,19.141031035835894,4.1449066401355594e-12,200017.68920605202
calibration,nominal,pole,160,39,0,mc,0,3682.3713405497574,-113.85124293905464,3459.0185335305687,-0.032914320011708173,,,,True,False,,False,,,0,0,0,0,0,f5457787461d2337a1ece7aaf626d823cd3204a6562af2df93d78c3839b4430d,d3bb56f8ed6d718b0d014fd9eec6c619f30907068e2667d838febcc69349baac,f5457787461d2337a1ece7aaf626d823cd3204a6562af2df93d78c3839b4430d,c63f5e67d4ee7a982b6770215debbacc9c573eb36997f9071a73e9732a6640bc,773dfb0983a0421b916611fd4e74a65670428683c8597b6cd828dfa3ab0d69b5,160,3.8266500000000003,27,50.684984180823712,0.27368014351556891,observed_profile_hessian,08c9ccae550a2321455b5a435bae12a3e907728dada9b96acb88b6cd683f7fe8,34897d467c9cf9b74da95378e7a14ef8231fefcfa3735453af34826a531fb7bf,27,9.9999999999999995e-07,"[{""attempt"": 0, ""tolerance"": 2e-07, ""free_valid"": true, ""nll"": 14.032553569694675, ""score"": 1.2499612456196019e-11}]",1,14.032553569694675,1.2499612456196019e-11,183391.06019906938
calibration,nominal,logshift,160,39,0,mc,0,3682.3713405497574,-599.88318069998991,3683.3182664352189,-0.1628648781633979,,,,True,False,,False,,,0,0,0,0,0,f5457787461d2337a1ece7aaf626d823cd3204a6562af2df93d78c3839b4430d,d3bb56f8ed6d718b0d014fd9eec6c619f30907068e2667d838febcc69349baac,f5457787461d2337a1ece7aaf626d823cd3204a6562af2df93d78c3839b4430d,92b2697514ff9c9b0d79bbf8d7186ee234dbb364029fbef761dd9bd6c8ff1e4a,15253fb33ac7f3518d3819c4a5a5cc21a87fa21f40ae5133675503b36361ff3e,156.63278130884902,3.8266500000000003,28,50.684984180823712,0.27368014351556891,observed_profile_hessian,d97592395ce48eb795f6afde8fc375b5640beaed7231ca3ebede016b44b9a1bf,c40f1506d8adf9836b0b6ee2741e10e29dc9a2130bc0ebd2590f9b7f21afe61a,28,9.9999999999999995e-07,"[{""attempt"": 0, ""tolerance"": 2e-07, ""free_valid"": true, ""nll"": 17.68130381599982, ""score"": 2.2549617728628846e-10}]",1,17.681303815999819,2.2549617728628846e-10,199398.0357821589
calibration,nominal,pole,160,39,1,mc,3682.3713405497574,3682.3713405497574,1436.5909625779932,3459.7519899653007,-0.64911600151844639,,,,True,False,,False,,,3723,3719,2826,893,4,f5457787461d2337a1ece7aaf626d823cd3204a6562af2df93d78c3839b4430d,8ed0d5d22cc89f96bb417250f3a7aec11d3468e499bf3252a959eea57adf1fe3,ed913e448137c71b33fa36b2f5163c210a5e5d33f00484c91495d9b93c84c5a9,c63f5e67d4ee7a982b6770215debbacc9c573eb36997f9071a73e9732a6640bc,773dfb0983a0421b916611fd4e74a65670428683c8597b6cd828dfa3ab0d69b5,160,3.8266500000000003,27,50.684984180823712,0.27368014351556891,observed_profile_hessian,46611cbb126748edd6ef9a2bf2ba0cee3981d6caee1dd0c69ecf5753c773d71e,5c6a2fe16b99a42857eea7838818562e7f95b6e3cb0fcbc732532d096d3d1423,27,9.9999999999999995e-07,"[{""attempt"": 0, ""tolerance"": 2e-07, ""free_valid"": true, ""nll"": 14.505655746916272, ""score"": 2.5381641233224173e-12}]",1,14.505655746916272,2.5381641233224173e-12,183416.17142285727
calibration,nominal,logshift,160,39,1,mc,3682.3713405497574,3682.3713405497574,2520.2694481146327,3684.0903071339485,-0.31543794954884968,,,,True,False,,False,,,3723,3719,3055,664,4,f5457787461d2337a1ece7aaf626d823cd3204a6562af2df93d78c3839b4430d,8ed0d5d22cc89f96bb417250f3a7aec11d3468e499bf3252a959eea57adf1fe3,ed913e448137c71b33fa36b2f5163c210a5e5d33f00484c91495d9b93c84c5a9,92b2697514ff9c9b0d79bbf8d7186ee234dbb364029fbef761dd9bd6c8ff1e4a,15253fb33ac7f3518d3819c4a5a5cc21a87fa21f40ae5133675503b36361ff3e,156.63278130884902,3.8266500000000003,28,50.684984180823712,0.27368014351556891,observed_profile_hessian,f12f5a038ce79c9a1c3e73806b28577f78aa2707958a130c7a8f8f1de37af263,d6d930804c2800e1889b9822b3dad56fdb20570f83103d574a0e45fdd2ba0ae6,28,9.9999999999999995e-07,"[{""attempt"": 0, ""tolerance"": 2e-07, ""free_valid"": true, ""nll"": 18.041837607284492, ""score"": 2.4543700405388336e-12}]",1,18.041837607284492,2.4543700405388336e-12,199418.20108966914
calibration,nominal,pole,160,39,2,mc,7364.7426810995148,3682.3713405497574,2757.063630832019,3460.4093917576997,-1.3315415977203338,,,,True,False,,False,,,7263,7253,5458,1795,10,f5457787461d2337a1ece7aaf626d823cd3204a6562af2df93d78c3839b4430d,65e4b5ea32f4e9e6e9d0e44b829542220df43afd733c6440b32e249458100da2,e22f8af10f4af742e0db10846e688cac6eef9d93c25fdda181d67f632df6ff47,c63f5e67d4ee7a982b6770215debbacc9c573eb36997f9071a73e9732a6640bc,773dfb0983a0421b916611fd4e74a65670428683c8597b6cd828dfa3ab0d69b5,160,3.8266500000000003,27,50.684984180823712,0.27368014351556891,observed_profile_hessian,83d7b4d4e89a7957751c36b154e327e605e8f0ff8cd40f8b96ab01999a7db825,c3d29ebdd2bea6b31a5d2549ed1c8e61f38f1c5dbd3988477acd35b317ab85c0,27,9.9999999999999995e-07,"[{""attempt"": 0, ""tolerance"": 2e-07, ""free_valid"": true, ""nll"": 14.863423733307082, ""score"": 2.486630484854757e-10}]",1,14.863423733307082,2.4866304848547571e-10,183439.6302125424
calibration,nominal,logshift,160,39,2,mc,7364.7426810995148,3682.3713405497574,5317.4367499181953,3684.8186099795935,-0.55560562075880782,,,,True,False,,False,,,7263,7253,5918,1335,10,f5457787461d2337a1ece7aaf626d823cd3204a6562af2df93d78c3839b4430d,65e4b5ea32f4e9e6e9d0e44b829542220df43afd733c6440b32e249458100da2,e22f8af10f4af742e0db10846e688cac6eef9d93c25fdda181d67f632df6ff47,92b2697514ff9c9b0d79bbf8d7186ee234dbb364029fbef761dd9bd6c8ff1e4a,15253fb33ac7f3518d3819c4a5a5cc21a87fa21f40ae5133675503b36361ff3e,156.63278130884902,3.8266500000000003,28,50.684984180823712,0.27368014351556891,observed_profile_hessian,dffb9872e9f664b0b67ac20d30df483c155a18429a78e5fd6cfd1f9c31d61bec,f064ca7c05b39a41686ed2299dceb942a59bf166d78bf5e22d4d1b340e083d99,28,9.9999999999999995e-07,"[{""attempt"": 0, ""tolerance"": 2e-07, ""free_valid"": true, ""nll"": 17.74373614692119, ""score"": 5.767852861993106e-10}]",1,17.74373614692119,5.7678528619931058e-10,199436.92930159098
calibration,nominal,pole,160,39,3,mc,11047.114021649271,3682.3713405497574,4381.758780241048,3461.1542565661821,-1.9257608148389593,,,,True,False,,False,,,11158,11147,8392,2755,11,f5457787461d2337a1ece7aaf626d823cd3204a6562af2df93d78c3839b4430d,0427f9f092429984fbcf2dd24d4b7ce2a20b8db1a4acb5f8ceea9e72397b5bfe,f1d22378dd6becd1070c3d3aede0a355b7d3b866fe6e297c2792a8db8ca8f7e1,c63f5e67d4ee7a982b6770215debbacc9c573eb36997f9071a73e9732a6640bc,773dfb0983a0421b916611fd4e74a65670428683c8597b6cd828dfa3ab0d69b5,160,3.8266500000000003,27,50.684984180823712,0.27368014351556891,observed_profile_hessian,13f4137faa27095a1041e97e8fa76786e3552fed4fa495387a8b4f42503ee721,7b66d35b1ace8ca422d4e010bb36991e5414622cb5f21d5dafb6fd3bf3edd0fd,27,9.9999999999999995e-07,"[{""attempt"": 0, ""tolerance"": 2e-07, ""free_valid"": true, ""nll"": 16.105414263182848, ""score"": 2.565851465324842e-09}]",1,16.105414263182848,2.5658514653248421e-09,183465.61882625744
calibration,nominal,logshift,160,39,3,mc,11047.114021649271,3682.3713405497574,8437.0435480299147,3685.6083553922122,-0.7081790092538468,,,,True,False,,False,,,11158,11147,9126,2021,11,f5457787461d2337a1ece7aaf626d823cd3204a6562af2df93d78c3839b4430d,0427f9f092429984fbcf2dd24d4b7ce2a20b8db1a4acb5f8ceea9e72397b5bfe,f1d22378dd6becd1070c3d3aede0a355b7d3b866fe6e297c2792a8db8ca8f7e1,92b2697514ff9c9b0d79bbf8d7186ee234dbb364029fbef761dd9bd6c8ff1e4a,15253fb33ac7f3518d3819c4a5a5cc21a87fa21f40ae5133675503b36361ff3e,156.63278130884902,3.8266500000000003,28,50.684984180823712,0.27368014351556891,observed_profile_hessian,89768ac17a7af1e6b7a076569449ca501316491c6718083854fdb38cb94f0f2a,28743ea96d34a87baff33dfed9f9e9e28cc0fe952028380a5f5fda996cd62441,28,9.9999999999999995e-07,"[{""attempt"": 0, ""tolerance"": 2e-07, ""free_valid"": true, ""nll"": 18.02178863957711, ""score"": 8.021133313107498e-09}]",1,18.02178863957711,8.021133313107498e-09,199459.43976523934
calibration,nominal,pole,160,39,4,mc,14729.48536219903,3682.3713405497574,6013.4011513862451,3461.8759347002119,-2.5177344235380783,,,,True,False,,False,,,14801,14786,11144,3642,15,f5457787461d2337a1ece7aaf626d823cd3204a6562af2df93d78c3839b4430d,171f7593f6bf6ea26c3762389e67ded4b82e95a9d44ddc7d1279022f64e056f6,cc92e3385b37e5375d8e2c9c4534ce33d116d147aface1401eb92c84f1ab8afa,c63f5e67d4ee7a982b6770215debbacc9c573eb36997f9071a73e9732a6640bc,773dfb0983a0421b916611fd4e74a65670428683c8597b6cd828dfa3ab0d69b5,160,3.8266500000000003,27,50.684984180823712,0.27368014351556891,observed_profile_hessian,11782bcb5304e9f29333ce9bea8aa6c033a286fda3aca6cca72b51aa19899189,01906a3eac2438212d57b726e4f0f0874b3467b8c4d548f467b7b93369227fd6,27,9.9999999999999995e-07,"[{""attempt"": 0, ""tolerance"": 2e-07, ""free_valid"": true, ""nll"": 18.35744104883679, ""score"": 1.0905947034345331e-08}]",1,18.35744104883679,1.0905947034345331e-08,183488.72372683557
calibration,nominal,logshift,160,39,4,mc,14729.48536219903,3682.3713405497574,11569.275853834723,3686.3594894368994,-0.85727111461043015,,,,True,False,,False,,,14801,14786,12079,2707,15,f5457787461d2337a1ece7aaf626d823cd3204a6562af2df93d78c3839b4430d,171f7593f6bf6ea26c3762389e67ded4b82e95a9d44ddc7d1279022f64e056f6,cc92e3385b37e5375d8e2c9c4534ce33d116d147aface1401eb92c84f1ab8afa,92b2697514ff9c9b0d79bbf8d7186ee234dbb364029fbef761dd9bd6c8ff1e4a,15253fb33ac7f3518d3819c4a5a5cc21a87fa21f40ae5133675503b36361ff3e,156.63278130884902,3.8266500000000003,28,50.684984180823712,0.27368014351556891,observed_profile_hessian,5889c93004df5f1bba8564f1410c82027f3020077b48f80d68c256932722d450,30d9101174e84cbcc6b028fee72686c8d30570466b0b6decb82df0df132be12e,28,9.9999999999999995e-07,"[{""attempt"": 0, ""tolerance"": 2e-07, ""free_valid"": true, ""nll"": 18.649116795178536, ""score"": 3.687970595578349e-08}]",1,18.649116795178536,3.6879705955783493e-08,199477.88595279038
calibration,nominal,pole,160,39,5,mc,18411.856702748788,3682.3713405497574,7602.8227619307945,3462.5860500911758,-3.1216650747303083,,,,True,False,,False,,,18300,18279,13834,4445,21,f5457787461d2337a1ece7aaf626d823cd3204a6562af2df93d78c3839b4430d,f07347427f9ef4b71346520abb694126de4338bf318582eb359bd519cbd124da,4ae9d5b80e59e29fc5f1f580bf7106062dcc7ccc250d857d455d9bfe37c31b53,c63f5e67d4ee7a982b6770215debbacc9c573eb36997f9071a73e9732a6640bc,773dfb0983a0421b916611fd4e74a65670428683c8597b6cd828dfa3ab0d69b5,160,3.8266500000000003,27,50.684984180823712,0.27368014351556891,observed_profile_hessian,b06a7d5846d8b3f1eec2ddbe2c977488c81cbda039f17d626bb53cef898c1649,7457a70c9d1f583a97e1e84a7b835ef70963354b3df31e344f35cec3f0460265,27,9.9999999999999995e-07,"[{""attempt"": 0, ""tolerance"": 2e-07, ""free_valid"": true, ""nll"": 20.816726284058216, ""score"": 3.082561930711769e-08}]",1,20.816726284058216,3.0825619307117691e-08,183510.14348872768
calibration,nominal,logshift,160,39,5,mc,18411.856702748788,3682.3713405497574,14639.089024956391,3687.0873510582369,-1.0232379432805054,,,,True,False,,False,,,18300,18279,14959,3320,21,f5457787461d2337a1ece7aaf626d823cd3204a6562af2df93d78c3839b4430d,f07347427f9ef4b71346520abb694126de4338bf318582eb359bd519cbd124da,4ae9d5b80e59e29fc5f1f580bf7106062dcc7ccc250d857d455d9bfe37c31b53,92b2697514ff9c9b0d79bbf8d7186ee234dbb364029fbef761dd9bd6c8ff1e4a,15253fb33ac7f3518d3819c4a5a5cc21a87fa21f40ae5133675503b36361ff3e,156.63278130884902,3.8266500000000003,28,50.684984180823712,0.27368014351556891,observed_profile_hessian,217cf225462b3a07723a4bca85555916a4665dec8027dafe55b2559828f16e12,9a02a3de15b4647f3b39c2b05844cdd21535f6f718dbaa36bd23a32970725237,28,9.9999999999999995e-07,"[{""attempt"": 0, ""tolerance"": 2e-07, ""free_valid"": true, ""nll"": 19.108345857610182, ""score"": 1.0731437449784664e-07}]",1,19.108345857610182,1.0731437449784664e-07,199494.87046859233
calibration,nominal,pole,160,39,6,mc,22094.228043298543,3682.3713405497574,8966.4665963474927,3463.2994884458308,-3.7905360165205302,,,,True,False,,False,,,21995,21973,16503,5470,22,f5457787461d2337a1ece7aaf626d823cd3204a6562af2df93d78c3839b4430d,915acff332bb0bed623402f04d41d8cc27a79432963847ac5ff2e96fc7815aef,2e40124a2dc5564ae5701673443831ef0f6a5c126e446a7b10d4c636a0beaf45,c63f5e67d4ee7a982b6770215debbacc9c573eb36997f9071a73e9732a6640bc,773dfb0983a0421b916611fd4e74a65670428683c8597b6cd828dfa3ab0d69b5,160,3.8266500000000003,27,50.684984180823712,0.27368014351556891,observed_profile_hessian,75b90af060a4080025035a16f24379cda7bdefd0082c03581f7e6d6c68e78c59,4042bb9a4e74727a929ffb878349e4b466899f1e5a3472df652d69a6ab2a421b,27,9.9999999999999995e-07,"[{""attempt"": 0, ""tolerance"": 2e-07, ""free_valid"": true, ""nll"": 23.758975841289434, ""score"": 6.338547059447919e-08}]",1,23.758975841289434,6.3385470594479187e-08,183535.65590039812
calibration,nominal,logshift,160,39,6,mc,22094.228043298543,3682.3713405497574,17574.833661861332,3687.8405452343209,-1.2254853012225488,,,,True,False,,False,,,21995,21973,17939,4034,22,f5457787461d2337a1ece7aaf626d823cd3204a6562af2df93d78c3839b4430d,915acff332bb0bed623402f04d41d8cc27a79432963847ac5ff2e96fc7815aef,2e40124a2dc5564ae5701673443831ef0f6a5c126e446a7b10d4c636a0beaf45,92b2697514ff9c9b0d79bbf8d7186ee234dbb364029fbef761dd9bd6c8ff1e4a,15253fb33ac7f3518d3819c4a5a5cc21a87fa21f40ae5133675503b36361ff3e,156.63278130884902,3.8266500000000003,28,50.684984180823712,0.27368014351556891,observed_profile_hessian,0b78d426871fb61dd2b3e00b822e0b706d54942eaea04fe23b6b617964514b56,7287cf23c63bc613e753bec37717b0a395696a2dc2098fbd6dc59faf14a543e9,28,9.9999999999999995e-07,"[{""attempt"": 0, ""tolerance"": 2e-07, ""free_valid"": true, ""nll"": 19.80184336844245, ""score"": 3.863576125695545e-14}]",1,19.801843368442452,3.8635761256955448e-14,199514.8643432096
calibration,nominal,pole,160,39,8,mc,29458.970724398059,3682.3713405497574,11585.624305702022,3464.6230570066127,-5.1588141407043473,,,,True,False,,False,,,29085,29052,21726,7326,33,f5457787461d2337a1ece7aaf626d823cd3204a6562af2df93d78c3839b4430d,380c1b9a5fb80fa199789775f5d5325f0f8bc64ca0749259a0b65063ce46014e,22cec8526d160494d4a7bc49ab0eacd39f4061bc1560a4bef92ff5d45a4b778b,c63f5e67d4ee7a982b6770215debbacc9c573eb36997f9071a73e9732a6640bc,773dfb0983a0421b916611fd4e74a65670428683c8597b6cd828dfa3ab0d69b5,160,3.8266500000000003,27,50.684984180823712,0.27368014351556891,observed_profile_hessian,4660af9d56e6153dcc5907b6633a57a12eddcf3a698d864fa1b8c720cd56882e,fdf105ace8c64378b01b28abc60f1b671ecd0174da327b9c821ff737a4e7b9a7,27,9.9999999999999995e-07,"[{""attempt"": 0, ""tolerance"": 2e-07, ""free_valid"": true, ""nll"": 28.621831733263786, ""score"": 7.333023077649159e-14}]",1,28.621831733263786,7.3330230776491589e-14,183583.38526852187
calibration,nominal,logshift,160,39,8,mc,29458.970724398059,3682.3713405497574,23057.014424396231,3689.2654493138766,-1.7352929432585158,,,,True,False,,False,,,29085,29052,23749,5303,33,f5457787461d2337a1ece7aaf626d823cd3204a6562af2df93d78c3839b4430d,380c1b9a5fb80fa199789775f5d5325f0f8bc64ca0749259a0b65063ce46014e,22cec8526d160494d4a7bc49ab0eacd39f4061bc1560a4bef92ff5d45a4b778b,92b2697514ff9c9b0d79bbf8d7186ee234dbb364029fbef761dd9bd6c8ff1e4a,15253fb33ac7f3518d3819c4a5a5cc21a87fa21f40ae5133675503b36361ff3e,156.63278130884902,3.8266500000000003,28,50.684984180823712,0.27368014351556891,observed_profile_hessian,ec37639641afdd7e6a79c11c07d743ffe2c5128e7bb38daded953ae76eb889b0,d0a48272791e7a48d05665fedcfb0b6176ac7170cce6784c33da08566daba796,28,9.9999999999999995e-07,"[{""attempt"": 0, ""tolerance"": 2e-07, ""free_valid"": true, ""nll"": 18.909712154895516, ""score"": 4.929390229335695e-14}]",1,18.909712154895516,4.929390229335695e-14,199554.55517756083
calibration,nominal,pole,160,39,10,mc,36823.713405497576,3682.3713405497574,14846.426504219769,3466.0942116560473,-6.3406490300727842,,,,True,False,,False,,,36746,36702,27665,9037,44,f5457787461d2337a1ece7aaf626d823cd3204a6562af2df93d78c3839b4430d,a092cfe56ba41926c6b5d1b39c6eb6b382590ae2ecfeb4ef6b404d5c10ebd027,66ec63b34c3c2695b9a8c720c5f643c9bc1390e8181bb1318e908229e5f41b93,c63f5e67d4ee7a982b6770215debbacc9c573eb36997f9071a73e9732a6640bc,773dfb0983a0421b916611fd4e74a65670428683c8597b6cd828dfa3ab0d69b5,160,3.8266500000000003,27,50.684984180823712,0.27368014351556891,observed_profile_hessian,74844fe6cdcf01e8ec8669ca2edcf972384586514749c172f6605def07267e98,87ae4b9e50cf5901fd55d2c4aceffb1ea292af5815b08e4d54e6d7dcd1fcc1be,27,9.9999999999999995e-07,"[{""attempt"": 0, ""tolerance"": 2e-07, ""free_valid"": true, ""nll"": 39.038440783028214, ""score"": 6.572520305780927e-14}]",1,39.038440783028214,6.5725203057809267e-14,183635.21690823606
calibration,nominal,logshift,160,39,10,mc,36823.713405497576,3682.3713405497574,29447.927915852593,3690.8806701527346,-1.9983809146936633,,,,True,False,,False,,,36746,36702,29973,6729,44,f5457787461d2337a1ece7aaf626d823cd3204a6562af2df93d78c3839b4430d,a092cfe56ba41926c6b5d1b39c6eb6b382590ae2ecfeb4ef6b404d5c10ebd027,66ec63b34c3c2695b9a8c720c5f643c9bc1390e8181bb1318e908229e5f41b93,92b2697514ff9c9b0d79bbf8d7186ee234dbb364029fbef761dd9bd6c8ff1e4a,15253fb33ac7f3518d3819c4a5a5cc21a87fa21f40ae5133675503b36361ff3e,156.63278130884902,3.8266500000000003,28,50.684984180823712,0.27368014351556891,observed_profile_hessian,6202c011abe3c40e32c7ef4215892e824d62e190da6f14cd8e063649e7cbf283,87fd0a05f98e4b7e87d7406cc6d82c8d62b91bdf1a6676cce2d9315489869e85,28,9.9999999999999995e-07,"[{""attempt"": 0, ""tolerance"": 2e-07, ""free_valid"": true, ""nll"": 20.719097088234612, ""score"": 3.752553823233029e-14}]",1,20.719097088234612,3.7525538232330291e-14,199597.41863967077
calibration,nominal,pole,160,39,12,mc,44188.456086597085,3682.3713405497574,17960.893030198094,3467.5482749235985,-7.5637196592387372,,,,True,False,,False,,,44225,44165,33135,11030,60,f5457787461d2337a1ece7aaf626d823cd3204a6562af2df93d78c3839b4430d,b1e7b4b041aed3c86ee6b48b22fb9e20bd63d5b93b88aaeff275c820d4a108cb,c2bdc04922d19b0d3908d7361e9f623076a4fa8ff52605b9122709e84fa951fa,c63f5e67d4ee7a982b6770215debbacc9c573eb36997f9071a73e9732a6640bc,773dfb0983a0421b916611fd4e74a65670428683c8597b6cd828dfa3ab0d69b5,160,3.8266500000000003,27,50.684984180823712,0.27368014351556891,observed_profile_hessian,8bbe9e56d58e938e923ad0cd53e87599a6d9c61c023057a450f50f4b98ba85b2,d133994c2017e850f046992caf813fcbd2cb28f7d3907fa81823345d233906b1,27,9.9999999999999995e-07,"[{""attempt"": 0, ""tolerance"": 2e-07, ""free_valid"": true, ""nll"": 49.4910696329264, ""score"": 5.6094018319186034e-14}]",1,49.491069632926397,5.6094018319186034e-14,183683.97837378472
calibration,nominal,logshift,160,39,12,mc,44188.456086597085,3682.3713405497574,35506.248194149011,3692.3765758016725,-2.3513874368469665,,,,True,False,,False,,,44225,44165,35982,8183,60,f5457787461d2337a1ece7aaf626d823cd3204a6562af2df93d78c3839b4430d,b1e7b4b041aed3c86ee6b48b22fb9e20bd63d5b93b88aaeff275c820d4a108cb,c2bdc04922d19b0d3908d7361e9f623076a4fa8ff52605b9122709e84fa951fa,92b2697514ff9c9b0d79bbf8d7186ee234dbb364029fbef761dd9bd6c8ff1e4a,15253fb33ac7f3518d3819c4a5a5cc21a87fa21f40ae5133675503b36361ff3e,156.63278130884902,3.8266500000000003,28,50.684984180823712,0.27368014351556891,observed_profile_hessian,df70f23702c0ba69b8881414dc2e6b277094f48f7ff5369aa9c0d5013cea99fc,4e9619a6a541bb3c176957673ea1401936033534c81a941c119f7f0eb6e5bb0b,28,9.9999999999999995e-07,"[{""attempt"": 0, ""tolerance"": 2e-07, ""free_valid"": true, ""nll"": 21.349127021824355, ""score"": 1.099120794378905e-13}]",1,21.349127021824355,1.099120794378905e-13,199637.75548108752
calibration,nominal,pole,160,39,16,mc,58917.941448796118,3682.3713405497574,23607.410392820664,3470.3844658625053,-10.174818209140302,,,,True,False,,False,,,59050,58975,44274,14701,75,f5457787461d2337a1ece7aaf626d823cd3204a6562af2df93d78c3839b4430d,635e759d09fe3d35ffae6ca5d631d4919cd77d8ea607f21dbe27912e93e6502e,4114f9ff4bdb613d701322d1569d597fac3245be005350382cd40e0eed74e117,c63f5e67d4ee7a982b6770215debbacc9c573eb36997f9071a73e9732a6640bc,773dfb0983a0421b916611fd4e74a65670428683c8597b6cd828dfa3ab0d69b5,160,3.8266500000000003,27,50.684984180823712,0.27368014351556891,observed_profile_hessian,7da2185c333c9b42f1939c4578f29ca3a0c5951096969f40a67781d107f0dd3d,7d5c34a2b0d865dce0f89afadf8f6c5549f7749b622f72e7278fc169a9956951,27,9.9999999999999995e-07,"[{""attempt"": 0, ""tolerance"": 2e-07, ""free_valid"": true, ""nll"": 76.60782911647264, ""score"": 5.417888360170764e-14}]",1,76.607829116472644,5.4178883601707639e-14,183785.7079904163
calibration,nominal,logshift,160,39,16,mc,58917.941448796118,3682.3713405497574,47363.236169246346,3695.4212609803308,-3.1267626783325135,,,,True,False,,False,,,59050,58975,48164,10811,75,f5457787461d2337a1ece7aaf626d823cd3204a6562af2df93d78c3839b4430d,635e759d09fe3d35ffae6ca5d631d4919cd77d8ea607f21dbe27912e93e6502e,4114f9ff4bdb613d701322d1569d597fac3245be005350382cd40e0eed74e117,92b2697514ff9c9b0d79bbf8d7186ee234dbb364029fbef761dd9bd6c8ff1e4a,15253fb33ac7f3518d3819c4a5a5cc21a87fa21f40ae5133675503b36361ff3e,156.63278130884902,3.8266500000000003,28,50.684984180823712,0.27368014351556891,observed_profile_hessian,eccca163a6c6c713e52b4ea9f5a91e7e204a9b0752b831746bdce5ca078a0b95,640cbc446f1bb0b4884c6da0ad24ded3bf4cebe236ea390ce3fe64cf19aad084,28,9.9999999999999995e-07,"[{""attempt"": 0, ""tolerance"": 2e-07, ""free_valid"": true, ""nll"": 23.28763959062656, ""score"": 1.361133428190442e-13}]",1,23.287639590626561,1.3611334281904419e-13,199720.45846132771
calibration,nominal,pole,160,39,20,mc,73647.426810995152,3682.3713405497574,29722.1062733201,3473.1970605263973,-12.646941642584984,,,,True,False,,False,,,73857,73761,55454,18307,96,f5457787461d2337a1ece7aaf626d823cd3204a6562af2df93d78c3839b4430d,90786ba2501b3b6513e8286b8f09af8e6a4523e599159bdf78374bb337679c69,c2e5608b526bf4b9cbdd0ca16c1b66950ab815587c9c09facb7fe1abd5742d52,c63f5e67d4ee7a982b6770215debbacc9c573eb36997f9071a73e9732a6640bc,773dfb0983a0421b916611fd4e74a65670428683c8597b6cd828dfa3ab0d69b5,160,3.8266500000000003,27,50.684984180823712,0.27368014351556891,observed_profile_hessian,471d69764a7bef5c044abd22facd8d3d9ab70dc3c516c8459a14a1959376ad0c,d99995064bac2733c44be5e0a0d4fa9fb885eaa7f85f27f5e6117894b07f145a,27,9.9999999999999995e-07,"[{""attempt"": 0, ""tolerance"": 2e-07, ""free_valid"": true, ""nll"": 111.21960576812067, ""score"": 1.3766765505351941e-14}]",1,111.21960576812067,1.3766765505351941e-14,183880.49537861178
calibration,nominal,logshift,160,39,20,mc,73647.426810995152,3682.3713405497574,59421.373974152157,3698.4209543856123,-3.8465207212212138,,,,True,False,,False,,,73857,73761,60283,13478,96,f5457787461d2337a1ece7aaf626d823cd3204a6562af2df93d78c3839b4430d,90786ba2501b3b6513e8286b8f09af8e6a4523e599159bdf78374bb337679c69,c2e5608b526bf4b9cbdd0ca16c1b66950ab815587c9c09facb7fe1abd5742d52,92b2697514ff9c9b0d79bbf8d7186ee234dbb364029fbef761dd9bd6c8ff1e4a,15253fb33ac7f3518d3819c4a5a5cc21a87fa21f40ae5133675503b36361ff3e,156.63278130884902,3.8266500000000003,28,50.684984180823712,0.27368014351556891,observed_profile_hessian,f6db3f9aea97185546a0f2c5d4033537e51ff9edb31ba9f9f449a79c6773f85b,100473af00a77c6bb965bf9d2e10bfb86db71bf92265212e87058c864f3f31cc,28,9.9999999999999995e-07,"[{""attempt"": 0, ""tolerance"": 2e-07, ""free_valid"": true, ""nll"": 25.504480660098572, ""score"": 9.043876758596525e-13}]",1,25.504480660098572,9.0438767585965252e-13,199799.05542941589
calibration,nominal,pole,160,39,24,mc,88376.91217319417,3682.3713405497574,36118.206993936255,3476.0118542939254,-15.034098665314566,,,,True,False,,False,,,88523,88407,66593,21814,116,f5457787461d2337a1ece7aaf626d823cd3204a6562af2df93d78c3839b4430d,46071704e655c2dfbf3679ea554b3ce93b1b88252a3d86623a9b98d84058f00b,17d7a415c5f800c09220b7e6e6b0c4b82ad609da5eee82084d8751631eadba28,c63f5e67d4ee7a982b6770215debbacc9c573eb36997f9071a73e9732a6640bc,773dfb0983a0421b916611fd4e74a65670428683c8597b6cd828dfa3ab0d69b5,160,3.8266500000000003,27,50.684984180823712,0.27368014351556891,observed_profile_hessian,957f9bc84c7d579f760de29aa703ba8fdd55d4b2d971301d6ecf334afb7f7d88,db36ab8938364509071f0038971943d4ee8635fe409a819d77887fcd7bd430e3,27,9.9999999999999995e-07,"[{""attempt"": 0, ""tolerance"": 2e-07, ""free_valid"": true, ""nll"": 154.7244624767569, ""score"": 1.1146639167236572e-13}]",1,154.72446247675691,1.1146639167236572e-13,183976.98067016315
calibration,nominal,logshift,160,39,24,mc,88376.91217319417,3682.3713405497574,71738.906075712192,3701.4757589672022,-4.4949655707388372,,,,True,False,,False,,,88523,88407,72225,16182,116,f5457787461d2337a1ece7aaf626d823cd3204a6562af2df93d78c3839b4430d,46071704e655c2dfbf3679ea554b3ce93b1b88252a3d86623a9b98d84058f00b,17d7a415c5f800c09220b7e6e6b0c4b82ad609da5eee82084d8751631eadba28,92b2697514ff9c9b0d79bbf8d7186ee234dbb364029fbef761dd9bd6c8ff1e4a,15253fb33ac7f3518d3819c4a5a5cc21a87fa21f40ae5133675503b36361ff3e,156.63278130884902,3.8266500000000003,28,50.684984180823712,0.27368014351556891,observed_profile_hessian,04fde3b45267c67ebc4d2ac7d526b95a556dfcc329b3193523d994f98d8fe3b4,06006c4334e889deaaccdaff8b1fd672357e7ea0b74ece2f1842bf326546ce28,28,9.9999999999999995e-07,"[{""attempt"": 0, ""tolerance"": 2e-07, ""free_valid"": true, ""nll"": 28.758582351006424, ""score"": 3.749001109554229e-12}]",1,28.758582351006424,3.7490011095542286e-12,199878.43304018312
