dataset,mass_GeV,strength,n_toys,inj_nsigma,inj_nsigma_xerr,sigmaA_ref,integral_density,A_per_eps2_unit,f_win,f_train_frac,kernel_ls_policy,signal_model,inj_background_mode,extract_background_mode,refit_kernel_lock_mode,refit_lock_const_opt,refit_lock_ls_opt,refit_tail_alpha_scale,refit_tail_alpha_threshold,refit_tail_alpha_n_bins,refit_tail_alpha_max,refit_tail_alpha_mean,kernel_ls_res_lower_factor,kernel_ls_res_upper_factor,ls_lo,ls_hi,ls_init,initial_ls_opt,initial_const_opt,refit_ls_opt,refit_const_opt,ls_opt,const_opt,n_train,n_train_low,n_train_high,n_blind,A_hat_mean,A_hat_std,sigma_A_mean,Ahat_over_Ainj,sigmaA_over_sigmaAref,pull_mean,pull_std,pull_std_err,pull_q16,pull_q84,pull_q02,pull_q97,cov_1sigma,cov_2sigma,Zhat_mean,delta_z_minus_pull,ainj_over_sigmaAref,Zhat_q16,Zhat_q84,qmu_tilde_mean,qmu_tilde_q16,qmu_tilde_q84,n_source_toys,source_model,source_label,source_root,container,function_tag,success_rate,refit_ok_rate,refit_fallback_rate
2021,0.06,0.0,10,0.0,0.0,6037.122877227603,195854912.00000003,379330201.4448985,0.9761256344476863,0.023874365552313804,resolution_scaled_local,default,fixed_hist,profiled,none,,,0.0,0.0,0,1.0,1.0,1.1,12.0,0.030018519077251192,0.327474753570014,0.09914790536042409,0.08642695833906124,20.45997175158203,0.09914790536042409,1.0,0.09914790536042409,1.0,1588,90,1498,12,1577.344461963772,3334.3256975257727,6039.025856627983,,1.0003152129646984,0.2618523169415858,0.5535529944648063,0.13047369204406134,-0.2641696790283984,0.7178926806585568,-0.7238663301865431,0.9372520157352127,1.0,1.0,0.2618523169415858,0.0,0.0,-0.2641696790283984,0.7178926806585568,0.0,0.0,0.0,10,functional_form,fSigPowExpQ,/Users/emryspeets/Desktop/gp_mods/funcform_studies/func_form_inputs/funcform_2021_dataset_mod_toys_2.root,fSigPowExpQ,fSigPowExpQ,1.0,1.0,0.0
2021,0.06,5947.434443816557,1,1.0,0.0,5947.434443816557,195836480.00000003,379294502.4971334,0.9761256344476862,0.0238743655523138,resolution_scaled_local,default,fixed_hist,profiled,none,,,0.0,0.0,0,1.0,1.0,1.1,12.0,0.0300185190772512,0.327474753570014,0.0991479053604241,0.0916590449763413,20.499016002920055,0.0991479053604241,1.0,0.0991479053604241,1.0,1588,90,1498,12,12141.666308812522,,5971.15175907085,2.041496450866474,1.0039878228971404,1.037359644324268,,,1.037359644324268,1.037359644324268,1.037359644324268,1.037359644324268,0.0,1.0,2.0333876609932027,-0.00397198333106541,1.0,2.0333876609932027,2.0333876609932027,0.0,0.0,0.0,1,functional_form,fSigPowExpQ,/Users/emryspeets/Desktop/gp_mods/funcform_studies/func_form_inputs/funcform_2021_dataset_mod_toys_2.root,fSigPowExpQ,fSigPowExpQ,1.0,1.0,0.0
2021,0.06,6004.537877104617,1,1.0,0.0,6004.537877104617,196146880.00000003,379895682.6938726,0.9761256344476862,0.0238743655523138,resolution_scaled_local,default,fixed_hist,profiled,none,,,0.0,0.0,0,1.0,1.0,1.1,12.0,0.0300185190772512,0.327474753570014,0.0991479053604241,0.0827853233769648,20.519689823393428,0.0991479053604241,1.0,0.0991479053604241,1.0,1588,90,1498,12,8591.7904342763,,6027.679601562959,1.4308828772713569,1.003854039217003,0.4292286133623983,,,0.4292286133623983,0.4292286133623983,0.4292286133623983,0.4292286133623983,1.0,1.0,1.4253893707370369,-0.0038392426253614498,1.0,1.4253893707370369,1.4253893707370369,0.0,0.0,0.0,1,functional_form,fSigPowExpQ,/Users/emryspeets/Desktop/gp_mods/funcform_studies/func_form_inputs/funcform_2021_dataset_mod_toys_2.root,fSigPowExpQ,fSigPowExpQ,1.0,1.0,0.0
2021,0.06,6006.408782200809,1,1.0,0.0,6006.408782200809,195746080.00000003,379119416.51200056,0.9761256344476862,0.0238743655523138,resolution_scaled_local,default,fixed_hist,profiled,none,,,0.0,0.0,0,1.0,1.0,1.1,12.0,0.0300185190772512,0.327474753570014,0.0991479053604241,0.0897837407340313,20.687464582657626,0.0991479053604241,1.0,0.0991479053604241,1.0,1588,90,1498,12,3972.9002081673,,6026.077184400826,0.6614435267776746,1.0032745693663578,-0.3374514649924287,,,-0.3374514649924287,-0.3374514649924287,-0.3374514649924287,-0.3374514649924287,1.0,1.0,0.6592846534477846,-0.0032638815597866855,1.0,0.6592846534477846,0.6592846534477846,0.1126975752413272,0.1126975752413272,0.1126975752413272,1,functional_form,fSigPowExpQ,/Users/emryspeets/Desktop/gp_mods/funcform_studies/func_form_inputs/funcform_2021_dataset_mod_toys_2.root,fSigPowExpQ,fSigPowExpQ,1.0,1.0,0.0
2021,0.06,6014.548320117394,1,1.0,0.0,6014.548320117394,195904640.00000003,379426514.2310566,0.9761256344476862,0.0238743655523138,resolution_scaled_local,default,fixed_hist,profiled,none,,,0.0,0.0,0,1.0,1.0,1.1,12.0,0.0300185190772512,0.327474753570014,0.0991479053604241,0.083963616098171,20.21663044611868,0.0991479053604241,1.0,0.0991479053604241,1.0,1588,90,1498,12,8579.50135404283,,6029.64676539212,1.426458130753761,1.0025103207208803,0.4253902647576789,,,0.4253902647576789,0.4253902647576789,0.4253902647576789,0.4253902647576789,1.0,1.0,1.422886229967219,-0.0025040347904599636,1.0,1.422886229967219,1.422886229967219,0.0,0.0,0.0,1,functional_form,fSigPowExpQ,/Users/emryspeets/Desktop/gp_mods/funcform_studies/func_form_inputs/funcform_2021_dataset_mod_toys_2.root,fSigPowExpQ,fSigPowExpQ,1.0,1.0,0.0
2021,0.06,6015.936917426652,1,1.0,0.0,6015.936917426652,195605440.00000003,378847026.10327184,0.9761256344476862,0.0238743655523138,resolution_scaled_local,default,fixed_hist,profiled,none,,,0.0,0.0,0,1.0,1.0,1.1,12.0,0.0300185190772512,0.327474753570014,0.0991479053604241,0.0813042131008378,20.21831053789682,0.0991479053604241,1.0,0.0991479053604241,1.0,1588,90,1498,12,8869.628185937238,,6031.95755163646,1.4743552513398472,1.0026630322807077,0.473095383062897,,,0.473095383062897,0.473095383062897,0.473095383062897,0.473095383062897,1.0,1.0,1.4704394236877416,-0.0026559593751553923,1.0,1.4704394236877416,1.4704394236877416,0.0,0.0,0.0,1,functional_form,fSigPowExpQ,/Users/emryspeets/Desktop/gp_mods/funcform_studies/func_form_inputs/funcform_2021_dataset_mod_toys_2.root,fSigPowExpQ,fSigPowExpQ,1.0,1.0,0.0
2021,0.06,6035.803270809702,1,1.0,0.0,6035.803270809702,195797760.00000003,379219509.91589063,0.9761256344476862,0.0238743655523138,resolution_scaled_local,default,fixed_hist,profiled,none,,,0.0,0.0,0,1.0,1.0,1.1,12.0,0.0300185190772512,0.327474753570014,0.0991479053604241,0.0836456242352469,20.396625048603298,0.0991479053604241,1.0,0.0991479053604241,1.0,1588,90,1498,12,1008.9615460342904,,6053.940434151948,0.16716276206579186,1.0030049295062284,-0.8303421184023567,,,-0.8303421184023567,-0.8303421184023567,-0.8303421184023567,-0.8303421184023567,1.0,1.0,0.1666619546407262,-0.0029959269569170832,1.0,0.1666619546407262,0.1666619546407262,0.6845488250255585,0.6845488250255585,0.6845488250255585,1,functional_form,fSigPowExpQ,/Users/emryspeets/Desktop/gp_mods/funcform_studies/func_form_inputs/funcform_2021_dataset_mod_toys_2.root,fSigPowExpQ,fSigPowExpQ,1.0,1.0,0.0
2021,0.06,6054.531920777165,1,1.0,0.0,6054.531920777165,195971040.00000003,379555117.2112868,0.9761256344476862,0.0238743655523138,resolution_scaled_local,default,fixed_hist,profiled,none,,,0.0,0.0,0,1.0,1.0,1.1,12.0,0.0300185190772512,0.327474753570014,0.0991479053604241,0.0907936794233296,20.329107863454514,0.0991479053604241,1.0,0.0991479053604241,1.0,1588,90,1498,12,11361.864437925406,,6067.1190885017595,1.8765884112255182,1.0020789662833223,0.8747697943174634,,,0.8747697943174634,0.8747697943174634,0.8747697943174634,0.8747697943174634,1.0,1.0,1.8726951411680883,-0.0020746531493750497,1.0,1.8726951411680883,1.8726951411680883,0.0,0.0,0.0,1,functional_form,fSigPowExpQ,/Users/emryspeets/Desktop/gp_mods/funcform_studies/func_form_inputs/funcform_2021_dataset_mod_toys_2.root,fSigPowExpQ,fSigPowExpQ,1.0,1.0,0.0
2021,0.06,6084.215686954832,1,1.0,0.0,6084.215686954832,195833440.00000003,379288614.6498457,0.9761256344476862,0.0238743655523138,resolution_scaled_local,default,fixed_hist,profiled,none,,,0.0,0.0,0,1.0,1.0,1.1,12.0,0.0300185190772512,0.327474753570014,0.0991479053604241,0.0824234531402484,20.691419142783825,0.0991479053604241,1.0,0.0991479053604241,1.0,1588,90,1498,12,4522.464289704576,,6093.776756261529,0.7433109742314351,1.0015714546950065,-0.2562862834851164,,,-0.2562862834851164,-0.2562862834851164,-0.2562862834851164,-0.2562862834851164,1.0,1.0,0.7421447274151642,-0.0015689890997193645,1.0,0.7421447274151642,0.7421447274151642,0.0661551505327224,0.0661551505327224,0.0661551505327224,1,functional_form,fSigPowExpQ,/Users/emryspeets/Desktop/gp_mods/funcform_studies/func_form_inputs/funcform_2021_dataset_mod_toys_2.root,fSigPowExpQ,fSigPowExpQ,1.0,1.0,0.0
2021,0.06,6087.030417811394,1,1.0,0.0,6087.030417811394,196080320.00000003,379766769.8269429,0.9761256344476862,0.0238743655523138,resolution_scaled_local,default,fixed_hist,profiled,none,,,0.0,0.0,0,1.0,1.0,1.1,12.0,0.0300185190772512,0.327474753570014,0.0991479053604241,0.087995468075138,20.46355110490127,0.0991479053604241,1.0,0.0991479053604241,1.0,1588,90,1498,12,8394.159622065446,,6097.241684733352,1.379023767895608,1.001677544914525,0.3783890033473307,,,0.3783890033473307,0.3783890033473307,0.3783890033473307,0.3783890033473307,1.0,1.0,1.3767142678767776,-0.0016747354705530793,1.0,1.3767142678767776,1.3767142678767776,0.0,0.0,0.0,1,functional_form,fSigPowExpQ,/Users/emryspeets/Desktop/gp_mods/funcform_studies/func_form_inputs/funcform_2021_dataset_mod_toys_2.root,fSigPowExpQ,fSigPowExpQ,1.0,1.0,0.0
2021,0.06,6120.781135256911,1,1.0,0.0,6120.781135256911,195627040.00000003,378888860.8076841,0.9761256344476862,0.0238743655523138,resolution_scaled_local,default,fixed_hist,profiled,none,,,0.0,0.0,0,1.0,1.0,1.1,12.0,0.0300185190772512,0.327474753570014,0.0991479053604241,0.0899154202303033,20.5779029630908,0.0991479053604241,1.0,0.0991479053604241,1.0,1588,90,1498,12,8591.408692165262,,6125.961362140774,1.4036457932921416,1.0008463342781568,0.4033044629006552,,,0.4033044629006552,0.4033044629006552,0.4033044629006552,0.4033044629006552,1.0,1.0,1.4024588442985075,-0.0008456186021476575,1.0,1.4024588442985075,1.4024588442985075,0.0,0.0,0.0,1,functional_form,fSigPowExpQ,/Users/emryspeets/Desktop/gp_mods/funcform_studies/func_form_inputs/funcform_2021_dataset_mod_toys_2.root,fSigPowExpQ,fSigPowExpQ,1.0,1.0,0.0
2021,0.06,11894.868887633114,1,2.0,0.0,5947.434443816557,195836480.00000003,379294502.4971334,0.9761256344476862,0.0238743655523138,resolution_scaled_local,default,fixed_hist,profiled,none,,,0.0,0.0,0,1.0,1.0,1.1,12.0,0.0300185190772512,0.327474753570014,0.0991479053604241,0.0916590449763413,20.499016002920055,0.0991479053604241,1.0,0.0991479053604241,1.0,1588,90,1498,12,16780.04539677394,,5987.092918328827,1.4106961207634545,1.0066681650528326,0.8159513432947392,,,0.8159513432947392,0.8159513432947392,0.8159513432947392,0.8159513432947392,1.0,1.0,2.8027033529751435,-0.01324799031959567,2.0,2.8027033529751435,2.8027033529751435,0.0,0.0,0.0,1,functional_form,fSigPowExpQ,/Users/emryspeets/Desktop/gp_mods/funcform_studies/func_form_inputs/funcform_2021_dataset_mod_toys_2.root,fSigPowExpQ,fSigPowExpQ,1.0,1.0,0.0
2021,0.06,12009.075754209234,1,2.0,0.0,6004.537877104617,196146880.00000003,379895682.6938726,0.9761256344476862,0.0238743655523138,resolution_scaled_local,default,fixed_hist,profiled,none,,,0.0,0.0,0,1.0,1.0,1.1,12.0,0.0300185190772512,0.327474753570014,0.0991479053604241,0.0827853233769648,20.519689823393428,0.0991479053604241,1.0,0.0991479053604241,1.0,1588,90,1498,12,14760.765193979074,,6040.475845179561,1.2291341562072635,1.005985134711528,0.4555418331762309,,,0.4555418331762309,0.4555418331762309,0.4555418331762309,0.4555418331762309,1.0,1.0,2.443642781182298,-0.011899051993932874,2.0,2.443642781182298,2.443642781182298,0.0,0.0,0.0,1,functional_form,fSigPowExpQ,/Users/emryspeets/Desktop/gp_mods/funcform_studies/func_form_inputs/funcform_2021_dataset_mod_toys_2.root,fSigPowExpQ,fSigPowExpQ,1.0,1.0,0.0
2021,0.06,12012.817564401616,1,2.0,0.0,6006.408782200809,195746080.00000003,379119416.51200056,0.9761256344476862,0.0238743655523138,resolution_scaled_local,default,fixed_hist,profiled,none,,,0.0,0.0,0,1.0,1.0,1.1,12.0,0.0300185190772512,0.327474753570014,0.0991479053604241,0.0897837407340313,20.687464582657626,0.0991479053604241,1.0,0.0991479053604241,1.0,1588,90,1498,12,9135.385105324258,,6040.146809892129,0.7604698112119637,1.0056170049216926,-0.4763845233637206,,,-0.4763845233637206,-0.4763845233637206,-0.4763845233637206,-0.4763845233637206,1.0,1.0,1.5124442158198812,-0.011171260816398187,1.9999999999999998,1.5124442158198812,1.5124442158198812,0.2254284173250198,0.2254284173250198,0.2254284173250198,1,functional_form,fSigPowExpQ,/Users/emryspeets/Desktop/gp_mods/funcform_studies/func_form_inputs/funcform_2021_dataset_mod_toys_2.root,fSigPowExpQ,fSigPowExpQ,1.0,1.0,0.0
2021,0.06,12029.096640234788,1,2.0,0.0,6014.548320117394,195904640.00000003,379426514.2310566,0.9761256344476862,0.0238743655523138,resolution_scaled_local,default,fixed_hist,profiled,none,,,0.0,0.0,0,1.0,1.0,1.1,12.0,0.0300185190772512,0.327474753570014,0.0991479053604241,0.083963616098171,20.21663044611868,0.0991479053604241,1.0,0.0991479053604241,1.0,1588,90,1498,12,14214.786981470612,,6046.129246472963,1.1817002894402853,1.0052507561124644,0.361502417850372,,,0.361502417850372,0.361502417850372,0.361502417850372,0.361502417850372,1.0,1.0,2.3510557584859555,-0.010446659364416522,2.0,2.3510557584859555,2.3510557584859555,0.0,0.0,0.0,1,functional_form,fSigPowExpQ,/Users/emryspeets/Desktop/gp_mods/funcform_studies/func_form_inputs/funcform_2021_dataset_mod_toys_2.root,fSigPowExpQ,fSigPowExpQ,1.0,1.0,0.0
2021,0.06,12031.873834853304,1,2.0,0.0,6015.936917426652,195605440.00000003,378847026.10327184,0.9761256344476862,0.0238743655523138,resolution_scaled_local,default,fixed_hist,profiled,none,,,0.0,0.0,0,1.0,1.0,1.1,12.0,0.0300185190772512,0.327474753570014,0.0991479053604241,0.0813042131008378,20.21831053789682,0.0991479053604241,1.0,0.0991479053604241,1.0,1588,90,1498,12,14459.817312801382,,6045.182368072655,1.2017926310792038,1.004861329340287,0.4016327928783665,,,0.4016327928783665,0.4016327928783665,0.4016327928783665,0.4016327928783665,1.0,1.0,2.3919571705843357,-0.00967562229403085,2.0,2.3919571705843357,2.3919571705843357,0.0,0.0,0.0,1,functional_form,fSigPowExpQ,/Users/emryspeets/Desktop/gp_mods/funcform_studies/func_form_inputs/funcform_2021_dataset_mod_toys_2.root,fSigPowExpQ,fSigPowExpQ,1.0,1.0,0.0
2021,0.06,12071.606541619403,1,2.0,0.0,6035.803270809702,195797760.00000003,379219509.91589063,0.9761256344476862,0.0238743655523138,resolution_scaled_local,default,fixed_hist,profiled,none,,,0.0,0.0,0,1.0,1.0,1.1,12.0,0.0300185190772512,0.327474753570014,0.0991479053604241,0.0836456242352469,20.396625048603298,0.0991479053604241,1.0,0.0991479053604241,1.0,1588,90,1498,12,6116.931234839427,,6066.328549854336,0.5067205606602584,1.0050573681207042,-0.9815945934749872,,,-0.9815945934749872,-0.9815945934749872,-0.9815945934749872,-0.9815945934749872,1.0,1.0,1.0083415668256717,-0.010063839699341104,2.0,1.0083415668256717,1.0083415668256717,0.9559404253959656,0.9559404253959656,0.9559404253959656,1,functional_form,fSigPowExpQ,/Users/emryspeets/Desktop/gp_mods/funcform_studies/func_form_inputs/funcform_2021_dataset_mod_toys_2.root,fSigPowExpQ,fSigPowExpQ,1.0,1.0,0.0
2021,0.06,12109.06384155433,1,2.0,0.0,6054.531920777165,195971040.00000003,379555117.2112868,0.9761256344476862,0.0238743655523138,resolution_scaled_local,default,fixed_hist,profiled,none,,,0.0,0.0,0,1.0,1.0,1.1,12.0,0.0300185190772512,0.327474753570014,0.0991479053604241,0.0907936794233296,20.329107863454514,0.0991479053604241,1.0,0.0991479053604241,1.0,1588,90,1498,12,17940.584218073138,,6081.708391385091,1.4815830895619646,1.00448861629,0.958862214567755,,,0.958862214567755,0.958862214567755,0.958862214567755,0.958862214567755,1.0,1.0,2.9499250972780073,-0.008937117289747665,2.0,2.9499250972780073,2.9499250972780073,0.0,0.0,0.0,1,functional_form,fSigPowExpQ,/Users/emryspeets/Desktop/gp_mods/funcform_studies/func_form_inputs/funcform_2021_dataset_mod_toys_2.root,fSigPowExpQ,fSigPowExpQ,1.0,1.0,0.0
2021,0.06,12168.431373909663,1,2.0,0.0,6084.215686954832,195833440.00000003,379288614.6498457,0.9761256344476862,0.0238743655523138,resolution_scaled_local,default,fixed_hist,profiled,none,,,0.0,0.0,0,1.0,1.0,1.1,12.0,0.0300185190772512,0.327474753570014,0.0991479053604241,0.0824234531402484,20.691419142783825,0.0991479053604241,1.0,0.0991479053604241,1.0,1588,90,1498,12,10859.271894006148,,6105.251849289743,0.8924134557959142,1.0034574977971302,-0.2144316913078396,,,-0.2144316913078396,-0.2144316913078396,-0.2144316913078396,-0.2144316913078396,1.0,1.0,1.7786771393008898,-0.0068911693912706296,2.0,1.7786771393008898,1.7786771393008898,0.0435693003237247,0.0435693003237247,0.0435693003237247,1,functional_form,fSigPowExpQ,/Users/emryspeets/Desktop/gp_mods/funcform_studies/func_form_inputs/funcform_2021_dataset_mod_toys_2.root,fSigPowExpQ,fSigPowExpQ,1.0,1.0,0.0
2021,0.06,12174.060835622788,1,2.0,0.0,6087.030417811394,196080320.00000003,379766769.8269429,0.9761256344476862,0.0238743655523138,resolution_scaled_local,default,fixed_hist,profiled,none,,,0.0,0.0,0,1.0,1.0,1.1,12.0,0.0300185190772512,0.327474753570014,0.0991479053604241,0.087995468075138,20.46355110490127,0.0991479053604241,1.0,0.0991479053604241,1.0,1588,90,1498,12,14893.43995693475,,6111.140897808598,1.2233748588929938,1.0039609593417924,0.4449871418096591,,,0.4449871418096591,0.4449871418096591,0.4449871418096591,0.4449871418096591,1.0,1.0,2.4370964777256905,-0.007890664083968602,2.0,2.4370964777256905,2.4370964777256905,0.0,0.0,0.0,1,functional_form,fSigPowExpQ,/Users/emryspeets/Desktop/gp_mods/funcform_studies/func_form_inputs/funcform_2021_dataset_mod_toys_2.root,fSigPowExpQ,fSigPowExpQ,1.0,1.0,0.0
2021,0.06,12241.56227051382,1,2.0,0.0,6120.781135256911,195627040.00000003,378888860.8076841,0.9761256344476862,0.0238743655523138,resolution_scaled_local,default,fixed_hist,profiled,none,,,0.0,0.0,0,1.0,1.0,1.1,12.0,0.0300185190772512,0.327474753570014,0.0991479053604241,0.0899154202303033,20.5779029630908,0.0991479053604241,1.0,0.0991479053604241,1.0,1588,90,1498,12,14516.047033703418,,6138.9787345030245,1.1858002036772821,1.0029730844550693,0.3704988828852371,,,0.3704988828852371,0.3704988828852371,0.3704988828852371,0.3704988828852371,1.0,1.0,2.3645703400336915,-0.005928542851545593,1.9999999999999998,2.3645703400336915,2.3645703400336915,0.0,0.0,0.0,1,functional_form,fSigPowExpQ,/Users/emryspeets/Desktop/gp_mods/funcform_studies/func_form_inputs/funcform_2021_dataset_mod_toys_2.root,fSigPowExpQ,fSigPowExpQ,1.0,1.0,0.0
2021,0.06,17842.30333144967,1,3.0,0.0,5947.434443816557,195836480.00000003,379294502.4971334,0.9761256344476862,0.0238743655523138,resolution_scaled_local,default,fixed_hist,profiled,none,,,0.0,0.0,0,1.0,1.0,1.1,12.0,0.0300185190772512,0.327474753570014,0.0991479053604241,0.0916590449763413,20.499016002920055,0.0991479053604241,1.0,0.0991479053604241,1.0,1588,90,1498,12,23678.666108144855,,5999.818281218963,1.3271081467608354,1.008807804087167,0.9727565908061848,,,0.9727565908061848,0.9727565908061848,0.9727565908061848,0.9727565908061848,1.0,1.0,3.946563878820366,-0.02619271198581874,3.0,3.946563878820366,3.946563878820366,0.0,0.0,0.0,1,functional_form,fSigPowExpQ,/Users/emryspeets/Desktop/gp_mods/funcform_studies/func_form_inputs/funcform_2021_dataset_mod_toys_2.root,fSigPowExpQ,fSigPowExpQ,1.0,1.0,0.0
2021,0.06,18013.613631313852,1,3.0,0.0,6004.537877104617,196146880.00000003,379895682.6938726,0.9761256344476862,0.0238743655523138,resolution_scaled_local,default,fixed_hist,profiled,none,,,0.0,0.0,0,1.0,1.0,1.1,12.0,0.0300185190772512,0.327474753570014,0.0991479053604241,0.0827853233769648,20.519689823393428,0.0991479053604241,1.0,0.0991479053604241,1.0,1588,90,1498,12,20551.912537357523,,6051.193229690571,1.1409100338219331,1.007770015535059,0.4194708067806103,,,0.4194708067806103,0.4194708067806103,0.4194708067806103,0.4194708067806103,1.0,1.0,3.396340483149378,-0.023130323631232075,3.0,3.396340483149378,3.396340483149378,0.0,0.0,0.0,1,functional_form,fSigPowExpQ,/Users/emryspeets/Desktop/gp_mods/funcform_studies/func_form_inputs/funcform_2021_dataset_mod_toys_2.root,fSigPowExpQ,fSigPowExpQ,1.0,1.0,0.0
2021,0.06,18019.226346602427,1,3.0,0.0,6006.408782200809,195746080.00000003,379119416.51200056,0.9761256344476862,0.0238743655523138,resolution_scaled_local,default,fixed_hist,profiled,none,,,0.0,0.0,0,1.0,1.0,1.1,12.0,0.0300185190772512,0.327474753570014,0.0991479053604241,0.0897837407340313,20.687464582657626,0.0991479053604241,1.0,0.0991479053604241,1.0,1588,90,1498,12,15665.737699054467,,6051.027725349343,0.8693901390504639,1.0074285558586615,-0.3889403179708759,,,-0.3889403179708759,-0.3889403179708759,-0.3889403179708759,-0.3889403179708759,1.0,1.0,2.5889383440480005,-0.02212133798112359,3.0,2.5889383440480005,2.5889383440480005,0.151199422776699,0.151199422776699,0.151199422776699,1,functional_form,fSigPowExpQ,/Users/emryspeets/Desktop/gp_mods/funcform_studies/func_form_inputs/funcform_2021_dataset_mod_toys_2.root,fSigPowExpQ,fSigPowExpQ,1.0,1.0,0.0
2021,0.06,18043.644960352183,1,3.0,0.0,6014.548320117394,195904640.00000003,379426514.2310566,0.9761256344476862,0.0238743655523138,resolution_scaled_local,default,fixed_hist,profiled,none,,,0.0,0.0,0,1.0,1.0,1.1,12.0,0.0300185190772512,0.327474753570014,0.0991479053604241,0.083963616098171,20.21663044611868,0.0991479053604241,1.0,0.0991479053604241,1.0,1588,90,1498,12,20627.859148373755,,6055.45943923395,1.1432201860377955,1.0068020268421018,0.4267577405073807,,,0.4267577405073807,0.4267577405073807,0.4267577405073807,0.4267577405073807,1.0,1.0,3.406489524927492,-0.020268215579888893,3.0000000000000004,3.406489524927492,3.406489524927492,0.0,0.0,0.0,1,functional_form,fSigPowExpQ,/Users/emryspeets/Desktop/gp_mods/funcform_studies/func_form_inputs/funcform_2021_dataset_mod_toys_2.root,fSigPowExpQ,fSigPowExpQ,1.0,1.0,0.0
2021,0.06,18047.810752279955,1,3.0,0.0,6015.936917426652,195605440.00000003,378847026.10327184,0.9761256344476862,0.0238743655523138,resolution_scaled_local,default,fixed_hist,profiled,none,,,0.0,0.0,0,1.0,1.0,1.1,12.0,0.0300185190772512,0.327474753570014,0.0991479053604241,0.0813042131008378,20.21831053789682,0.0991479053604241,1.0,0.0991479053604241,1.0,1588,90,1498,12,20269.329219999338,,6058.566130489464,1.1230907448117353,1.0070860472189005,0.366673965402422,,,0.366673965402422,0.366673965402422,0.366673965402422,0.366673965402422,1.0,1.0,3.3455654000366257,-0.02110856536579625,2.9999999999999996,3.3455654000366257,3.3455654000366257,0.0,0.0,0.0,1,functional_form,fSigPowExpQ,/Users/emryspeets/Desktop/gp_mods/funcform_studies/func_form_inputs/funcform_2021_dataset_mod_toys_2.root,fSigPowExpQ,fSigPowExpQ,1.0,1.0,0.0
2021,0.06,18107.409812429105,1,3.0,0.0,6035.803270809702,195797760.00000003,379219509.91589063,0.9761256344476862,0.0238743655523138,resolution_scaled_local,default,fixed_hist,profiled,none,,,0.0,0.0,0,1.0,1.0,1.1,12.0,0.0300185190772512,0.327474753570014,0.0991479053604241,0.0836456242352469,20.396625048603298,0.0991479053604241,1.0,0.0991479053604241,1.0,1588,90,1498,12,12585.52754043906,,6080.807370120783,0.6950484730179481,1.007456190550267,-0.9080837355780872,,,-0.9080837355780872,-0.9080837355780872,-0.9080837355780872,-0.9080837355780872,1.0,1.0,2.0697132427316265,-0.022203021690286318,3.0,2.0697132427316265,2.0697132427316265,0.8159057758748531,0.8159057758748531,0.8159057758748531,1,functional_form,fSigPowExpQ,/Users/emryspeets/Desktop/gp_mods/funcform_studies/func_form_inputs/funcform_2021_dataset_mod_toys_2.root,fSigPowExpQ,fSigPowExpQ,1.0,1.0,0.0
2021,0.06,18163.595762331497,1,3.0,0.0,6054.531920777165,195971040.00000003,379555117.2112868,0.9761256344476862,0.0238743655523138,resolution_scaled_local,default,fixed_hist,profiled,none,,,0.0,0.0,0,1.0,1.0,1.1,12.0,0.0300185190772512,0.327474753570014,0.0991479053604241,0.0907936794233296,20.329107863454514,0.0991479053604241,1.0,0.0991479053604241,1.0,1588,90,1498,12,23553.90506259859,,6095.531266859095,1.2967644386496293,1.0067716789040675,0.8843050858542495,,,0.8843050858542495,0.8843050858542495,0.8843050858542495,0.8843050858542495,1.0,1.0,3.8641266907544622,-0.02017839509978725,3.0,3.8641266907544622,3.8641266907544622,0.0,0.0,0.0,1,functional_form,fSigPowExpQ,/Users/emryspeets/Desktop/gp_mods/funcform_studies/func_form_inputs/funcform_2021_dataset_mod_toys_2.root,fSigPowExpQ,fSigPowExpQ,1.0,1.0,0.0
2021,0.06,18252.647060864496,1,3.0,0.0,6084.215686954832,195833440.00000003,379288614.6498457,0.9761256344476862,0.0238743655523138,resolution_scaled_local,default,fixed_hist,profiled,none,,,0.0,0.0,0,1.0,1.0,1.1,12.0,0.0300185190772512,0.327474753570014,0.0991479053604241,0.0824234531402484,20.691419142783825,0.0991479053604241,1.0,0.0991479053604241,1.0,1588,90,1498,12,16981.90956541758,,6120.151115164595,0.9303806460942586,1.0059063369970285,-0.2076317188146327,,,-0.2076317188146327,-0.2076317188146327,-0.2076317188146327,-0.2076317188146327,1.0,1.0,2.774753310149413,-0.01761497103595447,3.0,2.774753310149413,2.774753310149413,0.0426163412630558,0.0426163412630558,0.0426163412630558,1,functional_form,fSigPowExpQ,/Users/emryspeets/Desktop/gp_mods/funcform_studies/func_form_inputs/funcform_2021_dataset_mod_toys_2.root,fSigPowExpQ,fSigPowExpQ,1.0,1.0,0.0
2021,0.06,18261.09125343418,1,3.0,0.0,6087.030417811394,196080320.00000003,379766769.8269429,0.9761256344476862,0.0238743655523138,resolution_scaled_local,default,fixed_hist,profiled,none,,,0.0,0.0,0,1.0,1.0,1.1,12.0,0.0300185190772512,0.327474753570014,0.0991479053604241,0.087995468075138,20.46355110490127,0.0991479053604241,1.0,0.0991479053604241,1.0,1588,90,1498,12,20784.333116863058,,6125.108896464083,1.13817585315195,1.0062556741200548,0.4119505311792082,,,0.4119505311792082,0.4119505311792082,0.4119505311792082,0.4119505311792082,1.0,1.0,3.393300179342359,-0.018650351836849044,3.0,3.393300179342359,3.393300179342359,0.0,0.0,0.0,1,functional_form,fSigPowExpQ,/Users/emryspeets/Desktop/gp_mods/funcform_studies/func_form_inputs/funcform_2021_dataset_mod_toys_2.root,fSigPowExpQ,fSigPowExpQ,1.0,1.0,0.0
2021,0.06,18362.34340577073,1,3.0,0.0,6120.781135256911,195627040.00000003,378888860.8076841,0.9761256344476862,0.0238743655523138,resolution_scaled_local,default,fixed_hist,profiled,none,,,0.0,0.0,0,1.0,1.0,1.1,12.0,0.0300185190772512,0.327474753570014,0.0991479053604241,0.0899154202303033,20.5779029630908,0.0991479053604241,1.0,0.0991479053604241,1.0,1588,90,1498,12,19946.048051048663,,6155.047689423313,1.0862474146290184,1.0055983955984018,0.257301766808295,,,0.257301766808295,0.257301766808295,0.257301766808295,0.257301766808295,1.0,1.0,3.2406000826481773,-0.016701684160117636,3.0,3.2406000826481773,3.2406000826481773,0.0,0.0,0.0,1,functional_form,fSigPowExpQ,/Users/emryspeets/Desktop/gp_mods/funcform_studies/func_form_inputs/funcform_2021_dataset_mod_toys_2.root,fSigPowExpQ,fSigPowExpQ,1.0,1.0,0.0
2021,0.06,29737.172219082782,1,5.0,0.0,5947.434443816557,195836480.00000003,379294502.4971334,0.9761256344476862,0.0238743655523138,resolution_scaled_local,default,fixed_hist,profiled,none,,,0.0,0.0,0,1.0,1.0,1.1,12.0,0.0300185190772512,0.327474753570014,0.0991479053604241,0.0916590449763413,20.499016002920055,0.0991479053604241,1.0,0.0991479053604241,1.0,1588,90,1498,12,34376.62013677295,,6027.284994817701,1.1560151006797132,1.0134260497960028,0.7697409234305651,,,0.7697409234305651,0.7697409234305651,0.7697409234305651,0.7697409234305651,1.0,1.0,5.7035000280109855,-0.06624089541957956,4.999999999999999,5.7035000280109855,5.7035000280109855,0.0,0.0,0.0,1,functional_form,fSigPowExpQ,/Users/emryspeets/Desktop/gp_mods/funcform_studies/func_form_inputs/funcform_2021_dataset_mod_toys_2.root,fSigPowExpQ,fSigPowExpQ,1.0,1.0,0.0
2021,0.06,30022.689385523085,1,5.0,0.0,6004.537877104617,196146880.00000003,379895682.6938726,0.9761256344476862,0.0238743655523138,resolution_scaled_local,default,fixed_hist,profiled,none,,,0.0,0.0,0,1.0,1.0,1.1,12.0,0.0300185190772512,0.327474753570014,0.0991479053604241,0.0827853233769648,20.519689823393428,0.0991479053604241,1.0,0.0991479053604241,1.0,1588,90,1498,12,31786.16715078732,,6079.489913168067,1.0587381677443788,1.0124825652860385,0.2900700207503553,,,0.2900700207503553,0.2900700207503553,0.2900700207503553,0.2900700207503553,1.0,1.0,5.228426661575513,-0.06164335917484204,5.0,5.228426661575513,5.228426661575513,0.0,0.0,0.0,1,functional_form,fSigPowExpQ,/Users/emryspeets/Desktop/gp_mods/funcform_studies/func_form_inputs/funcform_2021_dataset_mod_toys_2.root,fSigPowExpQ,fSigPowExpQ,1.0,1.0,0.0
2021,0.06,30032.04391100404,1,5.0,0.0,6006.408782200809,195746080.00000003,379119416.51200056,0.9761256344476862,0.0238743655523138,resolution_scaled_local,default,fixed_hist,profiled,none,,,0.0,0.0,0,1.0,1.0,1.1,12.0,0.0300185190772512,0.327474753570014,0.0991479053604241,0.0897837407340313,20.687464582657626,0.0991479053604241,1.0,0.0991479053604241,1.0,1588,90,1498,12,27345.21273504412,,6076.697756811189,0.9105345215956001,1.0117023294882412,-0.4421531699430552,,,-0.4421531699430552,-0.4421531699430552,-0.4421531699430552,-0.4421531699430552,1.0,1.0,4.500011985028166,-0.05783484502877845,4.999999999999999,4.500011985028166,4.500011985028166,0.1965505294501781,0.1965505294501781,0.1965505294501781,1,functional_form,fSigPowExpQ,/Users/emryspeets/Desktop/gp_mods/funcform_studies/func_form_inputs/funcform_2021_dataset_mod_toys_2.root,fSigPowExpQ,fSigPowExpQ,1.0,1.0,0.0
2021,0.06,30072.741600586967,1,5.0,0.0,6014.548320117394,195904640.00000003,379426514.2310566,0.9761256344476862,0.0238743655523138,resolution_scaled_local,default,fixed_hist,profiled,none,,,0.0,0.0,0,1.0,1.0,1.1,12.0,0.0300185190772512,0.327474753570014,0.0991479053604241,0.083963616098171,20.21663044611868,0.0991479053604241,1.0,0.0991479053604241,1.0,1588,90,1498,12,31560.319830198132,,6086.587854569084,1.0494659997870672,1.0119775468775822,0.2444026546818787,,,0.2444026546818787,0.2444026546818787,0.2444026546818787,0.2444026546818787,1.0,1.0,5.185223738536266,-0.059178916145613075,5.0,5.185223738536266,5.185223738536266,0.0,0.0,0.0,1,functional_form,fSigPowExpQ,/Users/emryspeets/Desktop/gp_mods/funcform_studies/func_form_inputs/funcform_2021_dataset_mod_toys_2.root,fSigPowExpQ,fSigPowExpQ,1.0,1.0,0.0
2021,0.06,30079.684587133263,1,5.0,0.0,6015.936917426652,195605440.00000003,378847026.10327184,0.9761256344476862,0.0238743655523138,resolution_scaled_local,default,fixed_hist,profiled,none,,,0.0,0.0,0,1.0,1.0,1.1,12.0,0.0300185190772512,0.327474753570014,0.0991479053604241,0.0813042131008378,20.21831053789682,0.0991479053604241,1.0,0.0991479053604241,1.0,1588,90,1498,12,31018.33609112689,,6087.784549290966,1.0312054968952413,1.0119428831868549,0.1541860583917922,,,0.1541860583917922,0.1541860583917922,0.1541860583917922,0.1541860583917922,1.0,1.0,5.095176388057219,-0.059009670334573466,5.0,5.095176388057219,5.095176388057219,0.0,0.0,0.0,1,functional_form,fSigPowExpQ,/Users/emryspeets/Desktop/gp_mods/funcform_studies/func_form_inputs/funcform_2021_dataset_mod_toys_2.root,fSigPowExpQ,fSigPowExpQ,1.0,1.0,0.0
2021,0.06,30179.01635404851,1,5.0,0.0,6035.803270809702,195797760.00000003,379219509.91589063,0.9761256344476862,0.0238743655523138,resolution_scaled_local,default,fixed_hist,profiled,none,,,0.0,0.0,0,1.0,1.0,1.1,12.0,0.0300185190772512,0.327474753570014,0.0991479053604241,0.0836456242352469,20.396625048603298,0.0991479053604241,1.0,0.0991479053604241,1.0,1588,90,1498,12,24640.95251445893,,6108.87481059173,0.8164928977598487,1.0121063488161413,-0.90656037507718,,,-0.90656037507718,-0.90656037507718,-0.90656037507718,-0.90656037507718,1.0,1.0,4.033631933614974,-0.05980769130784558,5.0,4.033631933614974,4.033631933614974,0.8118039630353451,0.8118039630353451,0.8118039630353451,1,functional_form,fSigPowExpQ,/Users/emryspeets/Desktop/gp_mods/funcform_studies/func_form_inputs/funcform_2021_dataset_mod_toys_2.root,fSigPowExpQ,fSigPowExpQ,1.0,1.0,0.0
2021,0.06,30272.659603885822,1,5.0,0.0,6054.531920777165,195971040.00000003,379555117.2112868,0.9761256344476862,0.0238743655523138,resolution_scaled_local,default,fixed_hist,profiled,none,,,0.0,0.0,0,1.0,1.0,1.1,12.0,0.0300185190772512,0.327474753570014,0.0991479053604241,0.0907936794233296,20.329107863454514,0.0991479053604241,1.0,0.0991479053604241,1.0,1588,90,1498,12,35586.529066019975,,6120.365473668311,1.1755336178474407,1.0108734339421395,0.8682274751395231,,,0.8682274751395231,0.8682274751395231,0.8682274751395231,0.8682274751395231,1.0,1.0,5.814445104483406,-0.05378237065611713,4.999999999999999,5.814445104483406,5.814445104483406,0.0,0.0,0.0,1,functional_form,fSigPowExpQ,/Users/emryspeets/Desktop/gp_mods/funcform_studies/func_form_inputs/funcform_2021_dataset_mod_toys_2.root,fSigPowExpQ,fSigPowExpQ,1.0,1.0,0.0
2021,0.06,30421.078434774157,1,5.0,0.0,6084.215686954832,195833440.00000003,379288614.6498457,0.9761256344476862,0.0238743655523138,resolution_scaled_local,default,fixed_hist,profiled,none,,,0.0,0.0,0,1.0,1.0,1.1,12.0,0.0300185190772512,0.327474753570014,0.0991479053604241,0.0824234531402484,20.691419142783825,0.0991479053604241,1.0,0.0991479053604241,1.0,1588,90,1498,12,29308.287080764032,,6149.595718506367,0.9634203844417921,1.0107458438220258,-0.180953578893216,,,-0.180953578893216,-0.180953578893216,-0.180953578893216,-0.180953578893216,1.0,1.0,4.765888429472648,-0.05315799163413598,5.0,4.765888429472648,4.765888429472648,0.0334648415446281,0.0334648415446281,0.0334648415446281,1,functional_form,fSigPowExpQ,/Users/emryspeets/Desktop/gp_mods/funcform_studies/func_form_inputs/funcform_2021_dataset_mod_toys_2.root,fSigPowExpQ,fSigPowExpQ,1.0,1.0,0.0
2021,0.06,30435.15208905697,1,5.0,0.0,6087.030417811394,196080320.00000003,379766769.8269429,0.9761256344476862,0.0238743655523138,resolution_scaled_local,default,fixed_hist,profiled,none,,,0.0,0.0,0,1.0,1.0,1.1,12.0,0.0300185190772512,0.327474753570014,0.0991479053604241,0.087995468075138,20.46355110490127,0.0991479053604241,1.0,0.0991479053604241,1.0,1588,90,1498,12,32071.57963003049,,6152.0467395443375,1.053767680745775,1.0106811231865538,0.2659972542885337,,,0.2659972542885337,0.2659972542885337,0.2659972542885337,0.2659972542885337,1.0,1.0,5.213156041855093,-0.05284121243344042,5.0,5.213156041855093,5.213156041855093,0.0,0.0,0.0,1,functional_form,fSigPowExpQ,/Users/emryspeets/Desktop/gp_mods/funcform_studies/func_form_inputs/funcform_2021_dataset_mod_toys_2.root,fSigPowExpQ,fSigPowExpQ,1.0,1.0,0.0
2021,0.06,30603.90567628455,1,5.0,0.0,6120.781135256911,195627040.00000003,378888860.8076841,0.9761256344476862,0.0238743655523138,resolution_scaled_local,default,fixed_hist,profiled,none,,,0.0,0.0,0,1.0,1.0,1.1,12.0,0.0300185190772512,0.327474753570014,0.0991479053604241,0.0899154202303033,20.5779029630908,0.0991479053604241,1.0,0.0991479053604241,1.0,1588,90,1498,12,33507.07251435299,,6179.824800754261,1.0948626253386395,1.0096464265250797,0.4697814147925522,,,0.4697814147925522,0.4697814147925522,0.4697814147925522,0.4697814147925522,1.0,1.0,5.422010104600924,-0.0477713101916285,4.999999999999999,5.422010104600924,5.422010104600924,0.0,0.0,0.0,1,functional_form,fSigPowExpQ,/Users/emryspeets/Desktop/gp_mods/funcform_studies/func_form_inputs/funcform_2021_dataset_mod_toys_2.root,fSigPowExpQ,fSigPowExpQ,1.0,1.0,0.0
2021,0.105,0.0,10,0.0,0.0,2789.2816015197923,43124240.000000045,146164685.57667214,0.9816220990116898,0.018377900988309902,resolution_scaled_local,default,fixed_hist,profiled,none,,,0.0,0.0,0,1.0,1.0,1.1,12.0,0.021993600468778497,0.23993018693212947,0.0726424715423739,0.08470175388971184,19.598679209663633,0.0726424715423739,1.0,0.0726424715423739,1.0,1584,160,1424,16,509.3234046641339,1457.121106072707,2787.6109066160466,,0.9994010303933331,0.18920943722531675,0.5268203648659775,0.1241727508213013,-0.3625880871982482,0.7751840509321323,-0.44135485130493884,0.9097073398014274,1.0,1.0,0.18920943722531675,0.0,0.0,-0.3625880871982482,0.7751840509321323,0.0,0.0,0.0,10,functional_form,fSigPowExpQ,/Users/emryspeets/Desktop/gp_mods/funcform_studies/func_form_inputs/funcform_2021_dataset_mod_toys_2.root,fSigPowExpQ,fSigPowExpQ,1.0,1.0,0.0
2021,0.105,2712.4155548794915,1,1.0,0.0,2712.4155548794915,43172666.66666671,146328822.23176122,0.98162209901169,0.0183779009883099,resolution_scaled_local,default,fixed_hist,profiled,none,,,0.0,0.0,0,1.0,1.0,1.1,12.0,0.0219936004687785,0.2399301869321295,0.0726424715423739,0.0907679590332569,20.44883003175254,0.0726424715423739,1.0,0.0726424715423739,1.0,1584,160,1424,16,4663.283760145943,,2735.4227570243997,1.7192364760469476,1.0084821819073848,0.7131870933868414,,,0.7131870933868414,0.7131870933868414,0.7131870933868414,0.7131870933868414,1.0,1.0,1.7047762537512394,-0.008410839635601963,1.0,1.7047762537512394,1.7047762537512394,0.0,0.0,0.0,1,functional_form,fSigPowExpQ,/Users/emryspeets/Desktop/gp_mods/funcform_studies/func_form_inputs/funcform_2021_dataset_mod_toys_2.root,fSigPowExpQ,fSigPowExpQ,1.0,1.0,0.0
2021,0.105,2729.0975833225357,1,1.0,0.0,2729.0975833225357,43101066.66666671,146086142.21033266,0.98162209901169,0.0183779009883099,resolution_scaled_local,default,fixed_hist,profiled,none,,,0.0,0.0,0,1.0,1.0,1.1,12.0,0.0219936004687785,0.2399301869321295,0.0726424715423739,0.0889621211725511,20.541651690912516,0.0726424715423739,1.0,0.0726424715423739,1.0,1584,160,1424,16,5259.328724815199,,2745.0967158221674,1.9271310622803886,1.0058624259525941,0.921727503045316,,,0.921727503045316,0.921727503045316,0.921727503045316,0.921727503045316,1.0,1.0,1.9158992448249712,-0.0058282582203448285,1.0,1.9158992448249712,1.9158992448249712,0.0,0.0,0.0,1,functional_form,fSigPowExpQ,/Users/emryspeets/Desktop/gp_mods/funcform_studies/func_form_inputs/funcform_2021_dataset_mod_toys_2.root,fSigPowExpQ,fSigPowExpQ,1.0,1.0,0.0
2021,0.105,2751.397617963524,1,1.0,0.0,2751.397617963524,43060133.33333337,145947403.35264444,0.98162209901169,0.0183779009883099,resolution_scaled_local,default,fixed_hist,profiled,none,,,0.0,0.0,0,1.0,1.0,1.1,12.0,0.0219936004687785,0.2399301869321295,0.0726424715423739,0.0901081288459026,20.747501483409753,0.0726424715423739,1.0,0.0726424715423739,1.0,1584,160,1424,16,4968.001140984816,,2764.292323688773,1.8056282045711496,1.0046866020531025,0.8018701582412148,,,0.8018701582412148,0.8018701582412148,0.8018701582412148,0.8018701582412148,1.0,1.0,1.797205417969447,-0.0046647402717677755,1.0,1.797205417969447,1.797205417969447,0.0,0.0,0.0,1,functional_form,fSigPowExpQ,/Users/emryspeets/Desktop/gp_mods/funcform_studies/func_form_inputs/funcform_2021_dataset_mod_toys_2.root,fSigPowExpQ,fSigPowExpQ,1.0,1.0,0.0
2021,0.105,2756.8305949332166,1,1.0,0.0,2756.8305949332166,43243200.000000045,146567886.908364,0.98162209901169,0.0183779009883099,resolution_scaled_local,default,fixed_hist,profiled,none,,,0.0,0.0,0,1.0,1.0,1.1,12.0,0.0219936004687785,0.2399301869321295,0.0726424715423739,0.0836471858811206,20.63271888753081,0.0726424715423739,1.0,0.0726424715423739,1.0,1584,160,1424,16,3008.611238818796,,2769.385962643653,1.0913297481348065,1.0045542761073212,0.0909156929665482,,,0.0909156929665482,0.0909156929665482,0.0909156929665482,0.0909156929665482,1.0,1.0,1.0863820642561424,-0.004533628710405829,1.0,1.0863820642561424,1.0863820642561424,0.0,0.0,0.0,1,functional_form,fSigPowExpQ,/Users/emryspeets/Desktop/gp_mods/funcform_studies/func_form_inputs/funcform_2021_dataset_mod_toys_2.root,fSigPowExpQ,fSigPowExpQ,1.0,1.0,0.0
2021,0.105,2773.6895214569504,1,1.0,0.0,2773.6895214569504,43102000.000000045,146089305.63705522,0.98162209901169,0.0183779009883099,resolution_scaled_local,default,fixed_hist,profiled,none,,,0.0,0.0,0,1.0,1.0,1.1,12.0,0.0219936004687785,0.2399301869321295,0.0726424715423739,0.0827850265156976,20.736694724778676,0.0726424715423739,1.0,0.0726424715423739,1.0,1584,160,1424,16,4214.050858066984,,2783.194002627301,1.5192943642277046,1.0034266564793302,0.5175209975482665,,,0.5175209975482665,0.5175209975482665,0.5175209975482665,0.5175209975482665,1.0,1.0,1.5141060429452533,-0.0034149546030132205,1.0,1.5141060429452533,1.5141060429452533,0.0,0.0,0.0,1,functional_form,fSigPowExpQ,/Users/emryspeets/Desktop/gp_mods/funcform_studies/func_form_inputs/funcform_2021_dataset_mod_toys_2.root,fSigPowExpQ,fSigPowExpQ,1.0,1.0,0.0
2021,0.105,2796.545209696792,1,1.0,0.0,2796.545209696792,43039866.66666671,145878711.8009552,0.98162209901169,0.0183779009883099,resolution_scaled_local,default,fixed_hist,profiled,none,,,0.0,0.0,0,1.0,1.0,1.1,12.0,0.0219936004687785,0.2399301869321295,0.0726424715423739,0.0902754206422901,20.265588502021927,0.0726424715423739,1.0,0.0726424715423739,1.0,1584,160,1424,16,1919.0811713074336,,2802.800108685798,0.6862328435289287,1.0022366521976178,-0.3130669346237436,,,-0.3130669346237436,-0.3130669346237436,-0.3130669346237436,-0.3130669346237436,1.0,1.0,0.6847014046275565,-0.0022316607486999596,1.0,0.6847014046275565,0.6847014046275565,0.0986680220812559,0.0986680220812559,0.0986680220812559,1,functional_form,fSigPowExpQ,/Users/emryspeets/Desktop/gp_mods/funcform_studies/func_form_inputs/funcform_2021_dataset_mod_toys_2.root,fSigPowExpQ,fSigPowExpQ,1.0,1.0,0.0
2021,0.105,2805.8865842506543,1,1.0,0.0,2805.8865842506543,43074666.66666671,145996662.4258953,0.98162209901169,0.0183779009883099,resolution_scaled_local,default,fixed_hist,profiled,none,,,0.0,0.0,0,1.0,1.0,1.1,12.0,0.0219936004687785,0.2399301869321295,0.0726424715423739,0.0654353155249029,11.57463535975325,0.0726424715423739,1.0,0.0726424715423739,1.0,1584,160,1424,16,2954.2610416507696,,2808.8881194060004,1.052879705912896,1.0010697278971266,0.0528231994628152,,,0.0528231994628152,0.0528231994628152,0.0528231994628152,0.0528231994628152,1.0,1.0,1.051754614660662,-0.0010685848021531955,1.0,1.051754614660662,1.051754614660662,0.0,0.0,0.0,1,functional_form,fSigPowExpQ,/Users/emryspeets/Desktop/gp_mods/funcform_studies/func_form_inputs/funcform_2021_dataset_mod_toys_2.root,fSigPowExpQ,fSigPowExpQ,1.0,1.0,0.0
2021,0.105,2832.7845144876032,1,1.0,0.0,2832.7845144876032,43131466.66666671,146189179.53786656,0.98162209901169,0.0183779009883099,resolution_scaled_local,default,fixed_hist,profiled,none,,,0.0,0.0,0,1.0,1.0,1.1,12.0,0.0219936004687785,0.2399301869321295,0.0726424715423739,0.0899092339530444,20.570650593409376,0.0726424715423739,1.0,0.0726424715423739,1.0,1584,160,1424,16,1569.6923333035122,,2833.0149194007327,0.5541163915842147,1.000081335135783,-0.4458473453614119,,,-0.4458473453614119,-0.4458473453614119,-0.4458473453614119,-0.4458473453614119,1.0,1.0,0.5540713261176715,-8.132852091657927e-05,1.0,0.5540713261176715,0.5540713261176715,0.1946204928681254,0.1946204928681254,0.1946204928681254,1,functional_form,fSigPowExpQ,/Users/emryspeets/Desktop/gp_mods/funcform_studies/func_form_inputs/funcform_2021_dataset_mod_toys_2.root,fSigPowExpQ,fSigPowExpQ,1.0,1.0,0.0
2021,0.105,2859.2156424043155,1,1.0,0.0,2859.2156424043155,43186666.66666671,146376273.6325992,0.98162209901169,0.0183779009883099,resolution_scaled_local,default,fixed_hist,profiled,none,,,0.0,0.0,0,1.0,1.0,1.1,12.0,0.0219936004687785,0.2399301869321295,0.0726424715423739,0.0837722282491617,20.21358456565899,0.0726424715423739,1.0,0.0726424715423739,1.0,1584,160,1424,16,1804.290383371629,,2857.112005488747,0.6310438277591405,0.9992642608398017,-0.3692278276126691,,,-0.3692278276126691,-0.3692278276126691,-0.3692278276126691,-0.3692278276126691,1.0,1.0,0.6315084532581988,0.0007362808708679114,1.0,0.6315084532581988,0.6315084532581988,0.1330769350752234,0.1330769350752234,0.1330769350752234,1,functional_form,fSigPowExpQ,/Users/emryspeets/Desktop/gp_mods/funcform_studies/func_form_inputs/funcform_2021_dataset_mod_toys_2.root,fSigPowExpQ,fSigPowExpQ,1.0,1.0,0.0
2021,0.105,2874.9531918028374,1,1.0,0.0,2874.9531918028374,43130666.66666671,146186468.02924725,0.98162209901169,0.0183779009883099,resolution_scaled_local,default,fixed_hist,profiled,none,,,0.0,0.0,0,1.0,1.0,1.1,12.0,0.0219936004687785,0.2399301869321295,0.0726424715423739,0.0813549190791905,20.254936257408453,0.0726424715423739,1.0,0.0726424715423739,1.0,1584,160,1424,16,2775.5381345232136,,2868.131539341204,0.9654202866456819,0.9976272126860767,-0.0346619588104592,,,-0.0346619588104592,-0.0346619588104592,-0.0346619588104592,-0.0346619588104592,1.0,1.0,0.9677164720139512,0.002378430824410367,1.0,0.9677164720139512,0.9677164720139512,0.0006216848269104,0.0006216848269104,0.0006216848269104,1,functional_form,fSigPowExpQ,/Users/emryspeets/Desktop/gp_mods/funcform_studies/func_form_inputs/funcform_2021_dataset_mod_toys_2.root,fSigPowExpQ,fSigPowExpQ,1.0,1.0,0.0
2021,0.105,5424.831109758983,1,2.0,0.0,2712.4155548794915,43172666.66666671,146328822.23176122,0.98162209901169,0.0183779009883099,resolution_scaled_local,default,fixed_hist,profiled,none,,,0.0,0.0,0,1.0,1.0,1.1,12.0,0.0219936004687785,0.2399301869321295,0.0726424715423739,0.0907679590332569,20.44883003175254,0.0726424715423739,1.0,0.0726424715423739,1.0,1584,160,1424,16,7577.345606291225,,2742.121526209083,1.3967892184993524,1.0109518511188864,0.7849814371677541,,,0.7849814371677541,0.7849814371677541,0.7849814371677541,0.7849814371677541,1.0,1.0,2.763315022280111,-0.021666414887643093,2.0,2.763315022280111,2.763315022280111,0.0,0.0,0.0,1,functional_form,fSigPowExpQ,/Users/emryspeets/Desktop/gp_mods/funcform_studies/func_form_inputs/funcform_2021_dataset_mod_toys_2.root,fSigPowExpQ,fSigPowExpQ,1.0,1.0,0.0
2021,0.105,5458.195166645071,1,2.0,0.0,2729.0975833225357,43101066.66666671,146086142.21033266,0.98162209901169,0.0183779009883099,resolution_scaled_local,default,fixed_hist,profiled,none,,,0.0,0.0,0,1.0,1.0,1.1,12.0,0.0219936004687785,0.2399301869321295,0.0726424715423739,0.0889621211725511,20.541651690912516,0.0726424715423739,1.0,0.0726424715423739,1.0,1584,160,1424,16,7899.133060792365,,2754.395683489398,1.4472060488169824,1.0092697675310178,0.8861972550926301,,,0.8861972550926301,0.8861972550926301,0.8861972550926301,0.8861972550926301,1.0,1.0,2.867827998766456,-0.018369256326174255,2.0,2.867827998766456,2.867827998766456,0.0,0.0,0.0,1,functional_form,fSigPowExpQ,/Users/emryspeets/Desktop/gp_mods/funcform_studies/func_form_inputs/funcform_2021_dataset_mod_toys_2.root,fSigPowExpQ,fSigPowExpQ,1.0,1.0,0.0
2021,0.105,5502.7952359270475,1,2.0,0.0,2751.397617963524,43060133.33333337,145947403.35264444,0.98162209901169,0.0183779009883099,resolution_scaled_local,default,fixed_hist,profiled,none,,,0.0,0.0,0,1.0,1.0,1.1,12.0,0.0219936004687785,0.2399301869321295,0.0726424715423739,0.0901081288459026,20.747501483409753,0.0726424715423739,1.0,0.0726424715423739,1.0,1584,160,1424,16,7049.809023415018,,2774.118442083644,1.281132355677659,1.0082579209823321,0.5576596024234661,,,0.5576596024234661,0.5576596024234661,0.5576596024234661,0.5576596024234661,1.0,1.0,2.5412790299320807,-0.01638057249138547,1.9999999999999998,2.5412790299320807,2.5412790299320807,0.0,0.0,0.0,1,functional_form,fSigPowExpQ,/Users/emryspeets/Desktop/gp_mods/funcform_studies/func_form_inputs/funcform_2021_dataset_mod_toys_2.root,fSigPowExpQ,fSigPowExpQ,1.0,1.0,0.0
2021,0.105,5513.661189866433,1,2.0,0.0,2756.8305949332166,43243200.000000045,146567886.908364,0.98162209901169,0.0183779009883099,resolution_scaled_local,default,fixed_hist,profiled,none,,,0.0,0.0,0,1.0,1.0,1.1,12.0,0.0219936004687785,0.2399301869321295,0.0726424715423739,0.0836471858811206,20.63271888753081,0.0726424715423739,1.0,0.0726424715423739,1.0,1584,160,1424,16,5529.933351271596,,2779.128220297,1.002951244344696,1.0080881376624173,0.005855131579148,,,0.005855131579148,0.005855131579148,0.005855131579148,0.005855131579148,1.0,1.0,1.989808642467249,-0.016046489111899022,2.0,1.989808642467249,1.989808642467249,0.0,0.0,0.0,1,functional_form,fSigPowExpQ,/Users/emryspeets/Desktop/gp_mods/funcform_studies/func_form_inputs/funcform_2021_dataset_mod_toys_2.root,fSigPowExpQ,fSigPowExpQ,1.0,1.0,0.0
2021,0.105,5547.379042913901,1,2.0,0.0,2773.6895214569504,43102000.000000045,146089305.63705522,0.98162209901169,0.0183779009883099,resolution_scaled_local,default,fixed_hist,profiled,none,,,0.0,0.0,0,1.0,1.0,1.1,12.0,0.0219936004687785,0.2399301869321295,0.0726424715423739,0.0827850265156976,20.736694724778676,0.0726424715423739,1.0,0.0726424715423739,1.0,1584,160,1424,16,7108.470506755367,,2791.2355808133643,1.281410635863358,1.0063258916402429,0.559283306135903,,,0.559283306135903,0.559283306135903,0.559283306135903,0.559283306135903,1.0,1.0,2.546711053562868,-0.012572252573034959,2.0,2.546711053562868,2.546711053562868,0.0,0.0,0.0,1,functional_form,fSigPowExpQ,/Users/emryspeets/Desktop/gp_mods/funcform_studies/func_form_inputs/funcform_2021_dataset_mod_toys_2.root,fSigPowExpQ,fSigPowExpQ,1.0,1.0,0.0
2021,0.105,5593.090419393584,1,2.0,0.0,2796.545209696792,43039866.66666671,145878711.8009552,0.98162209901169,0.0183779009883099,resolution_scaled_local,default,fixed_hist,profiled,none,,,0.0,0.0,0,1.0,1.0,1.1,12.0,0.0219936004687785,0.2399301869321295,0.0726424715423739,0.0902754206422901,20.265588502021927,0.0726424715423739,1.0,0.0726424715423739,1.0,1584,160,1424,16,4646.371294590776,,2813.2175972659647,0.8307341641536606,1.0059617800961567,-0.3365253813721625,,,-0.3365253813721625,-0.3365253813721625,-0.3365253813721625,-0.3365253813721625,1.0,1.0,1.651621722793988,-0.01185289583384952,2.0,1.651621722793988,1.651621722793988,0.1150059718638658,0.1150059718638658,0.1150059718638658,1,functional_form,fSigPowExpQ,/Users/emryspeets/Desktop/gp_mods/funcform_studies/func_form_inputs/funcform_2021_dataset_mod_toys_2.root,fSigPowExpQ,fSigPowExpQ,1.0,1.0,0.0
2021,0.105,5611.773168501309,1,2.0,0.0,2805.8865842506543,43074666.66666671,145996662.4258953,0.98162209901169,0.0183779009883099,resolution_scaled_local,default,fixed_hist,profiled,none,,,0.0,0.0,0,1.0,1.0,1.1,12.0,0.0219936004687785,0.2399301869321295,0.0726424715423739,0.0654353155249029,11.57463535975325,0.0726424715423739,1.0,0.0726424715423739,1.0,1584,160,1424,16,5570.710759678938,,2817.2240438003814,0.9926828103008773,1.0040405979391198,-0.0145754857206805,,,-0.0145754857206805,-0.0145754857206805,-0.0145754857206805,-0.0145754857206805,1.0,1.0,1.977375839858358,-0.008048674420961424,2.0,1.977375839858358,1.977375839858358,0.0001974813640117,0.0001974813640117,0.0001974813640117,1,functional_form,fSigPowExpQ,/Users/emryspeets/Desktop/gp_mods/funcform_studies/func_form_inputs/funcform_2021_dataset_mod_toys_2.root,fSigPowExpQ,fSigPowExpQ,1.0,1.0,0.0
2021,0.105,5665.5690289752065,1,2.0,0.0,2832.7845144876032,43131466.66666671,146189179.53786656,0.98162209901169,0.0183779009883099,resolution_scaled_local,default,fixed_hist,profiled,none,,,0.0,0.0,0,1.0,1.0,1.1,12.0,0.0219936004687785,0.2399301869321295,0.0726424715423739,0.0899092339530444,20.570650593409376,0.0726424715423739,1.0,0.0726424715423739,1.0,1584,160,1424,16,4791.231996854076,,2839.9314487441834,0.8456753368197366,1.0025229360793342,-0.307872583511747,,,-0.307872583511747,-0.307872583511747,-0.307872583511747,-0.307872583511747,1.0,1.0,1.6870942427053148,-0.005033173782938161,2.0,1.6870942427053148,1.6870942427053148,0.1035673823207616,0.1035673823207616,0.1035673823207616,1,functional_form,fSigPowExpQ,/Users/emryspeets/Desktop/gp_mods/funcform_studies/func_form_inputs/funcform_2021_dataset_mod_toys_2.root,fSigPowExpQ,fSigPowExpQ,1.0,1.0,0.0
2021,0.105,5718.431284808631,1,2.0,0.0,2859.2156424043155,43186666.66666671,146376273.6325992,0.98162209901169,0.0183779009883099,resolution_scaled_local,default,fixed_hist,profiled,none,,,0.0,0.0,0,1.0,1.0,1.1,12.0,0.0219936004687785,0.2399301869321295,0.0726424715423739,0.0837722282491617,20.21358456565899,0.0726424715423739,1.0,0.0726424715423739,1.0,1584,160,1424,16,4033.602189979722,,2865.5027951140873,0.7053686560325098,1.0021989081958453,-0.5879697963309191,,,-0.5879697963309191,-0.5879697963309191,-0.5879697963309191,-0.5879697963309191,1.0,1.0,1.407642036454244,-0.004388167214837035,2.0,1.407642036454244,1.407642036454244,0.3424459528177976,0.3424459528177976,0.3424459528177976,1,functional_form,fSigPowExpQ,/Users/emryspeets/Desktop/gp_mods/funcform_studies/func_form_inputs/funcform_2021_dataset_mod_toys_2.root,fSigPowExpQ,fSigPowExpQ,1.0,1.0,0.0
2021,0.105,5749.906383605675,1,2.0,0.0,2874.9531918028374,43130666.66666671,146186468.02924725,0.98162209901169,0.0183779009883099,resolution_scaled_local,default,fixed_hist,profiled,none,,,0.0,0.0,0,1.0,1.0,1.1,12.0,0.0219936004687785,0.2399301869321295,0.0726424715423739,0.0813549190791905,20.254936257408453,0.0726424715423739,1.0,0.0726424715423739,1.0,1584,160,1424,16,5574.1908948164355,,2877.428794925482,0.9694402870122816,1.0008610933665645,-0.061066841723112,,,-0.061066841723112,-0.061066841723112,-0.061066841723112,-0.061066841723112,1.0,1.0,1.9372124532314592,-0.0017207050454288164,2.0,1.9372124532314592,1.9372124532314592,0.0028394190594553,0.0028394190594553,0.0028394190594553,1,functional_form,fSigPowExpQ,/Users/emryspeets/Desktop/gp_mods/funcform_studies/func_form_inputs/funcform_2021_dataset_mod_toys_2.root,fSigPowExpQ,fSigPowExpQ,1.0,1.0,0.0
2021,0.105,8137.246664638475,1,3.0,0.0,2712.4155548794915,43172666.66666671,146328822.23176122,0.98162209901169,0.0183779009883099,resolution_scaled_local,default,fixed_hist,profiled,none,,,0.0,0.0,0,1.0,1.0,1.1,12.0,0.0219936004687785,0.2399301869321295,0.0726424715423739,0.0907679590332569,20.44883003175254,0.0726424715423739,1.0,0.0726424715423739,1.0,1584,160,1424,16,10456.46185440793,,2752.701740116778,1.2850122756936844,1.0148525122431236,0.8425232403388048,,,0.8425232403388048,0.8425232403388048,0.8425232403388048,0.8425232403388048,1.0,1.0,3.79861780955765,-0.04390543078115483,3.0,3.79861780955765,3.79861780955765,0.0,0.0,0.0,1,functional_form,fSigPowExpQ,/Users/emryspeets/Desktop/gp_mods/funcform_studies/func_form_inputs/funcform_2021_dataset_mod_toys_2.root,fSigPowExpQ,fSigPowExpQ,1.0,1.0,0.0
2021,0.105,8187.292749967607,1,3.0,0.0,2729.0975833225357,43101066.66666671,146086142.21033266,0.98162209901169,0.0183779009883099,resolution_scaled_local,default,fixed_hist,profiled,none,,,0.0,0.0,0,1.0,1.0,1.1,12.0,0.0219936004687785,0.2399301869321295,0.0726424715423739,0.0889621211725511,20.541651690912516,0.0726424715423739,1.0,0.0726424715423739,1.0,1584,160,1424,16,10480.15137698872,,2761.805272256101,1.2800508906964618,1.0119848000794993,0.8302028568249094,,,0.8302028568249094,0.8302028568249094,0.8302028568249094,0.8302028568249094,1.0,1.0,3.794674259719821,-0.03552859710508849,3.0,3.794674259719821,3.794674259719821,0.0,0.0,0.0,1,functional_form,fSigPowExpQ,/Users/emryspeets/Desktop/gp_mods/funcform_studies/func_form_inputs/funcform_2021_dataset_mod_toys_2.root,fSigPowExpQ,fSigPowExpQ,1.0,1.0,0.0
2021,0.105,8254.19285389057,1,3.0,0.0,2751.397617963524,43060133.33333337,145947403.35264444,0.98162209901169,0.0183779009883099,resolution_scaled_local,default,fixed_hist,profiled,none,,,0.0,0.0,0,1.0,1.0,1.1,12.0,0.0219936004687785,0.2399301869321295,0.0726424715423739,0.0901081288459026,20.747501483409753,0.0726424715423739,1.0,0.0726424715423739,1.0,1584,160,1424,16,10664.961984599946,,2781.7346796917795,1.2920660049241608,1.0110260550965766,0.8666423682708994,,,0.8666423682708994,0.8666423682708994,0.8666423682708994,0.8666423682708994,1.0,1.0,3.833924947069949,-0.03271742120095056,2.999999999999999,3.833924947069949,3.833924947069949,0.0,0.0,0.0,1,functional_form,fSigPowExpQ,/Users/emryspeets/Desktop/gp_mods/funcform_studies/func_form_inputs/funcform_2021_dataset_mod_toys_2.root,fSigPowExpQ,fSigPowExpQ,1.0,1.0,0.0
2021,0.105,8270.49178479965,1,3.0,0.0,2756.8305949332166,43243200.000000045,146567886.908364,0.98162209901169,0.0183779009883099,resolution_scaled_local,default,fixed_hist,profiled,none,,,0.0,0.0,0,1.0,1.0,1.1,12.0,0.0219936004687785,0.2399301869321295,0.0726424715423739,0.0836471858811206,20.63271888753081,0.0726424715423739,1.0,0.0726424715423739,1.0,1584,160,1424,16,8750.27508193996,,2789.066873134146,1.0580114592486636,1.0116932386996056,0.1720228732275488,,,0.1720228732275488,0.1720228732275488,0.1720228732275488,0.1720228732275488,1.0,1.0,3.137348611547292,-0.03467426168025664,3.0,3.137348611547292,3.137348611547292,0.0,0.0,0.0,1,functional_form,fSigPowExpQ,/Users/emryspeets/Desktop/gp_mods/funcform_studies/func_form_inputs/funcform_2021_dataset_mod_toys_2.root,fSigPowExpQ,fSigPowExpQ,1.0,1.0,0.0
2021,0.105,8321.068564370851,1,3.0,0.0,2773.6895214569504,43102000.000000045,146089305.63705522,0.98162209901169,0.0183779009883099,resolution_scaled_local,default,fixed_hist,profiled,none,,,0.0,0.0,0,1.0,1.0,1.1,12.0,0.0219936004687785,0.2399301869321295,0.0726424715423739,0.0827850265156976,20.736694724778676,0.0726424715423739,1.0,0.0726424715423739,1.0,1584,160,1424,16,10162.322684289004,,2799.5181230927255,1.221276162511391,1.0093120017348618,0.6577039472364824,,,0.6577039472364824,0.6577039472364824,0.6577039472364824,0.6577039472364824,1.0,1.0,3.6300256820850056,-0.027678265151476755,3.0,3.6300256820850056,3.6300256820850056,0.0,0.0,0.0,1,functional_form,fSigPowExpQ,/Users/emryspeets/Desktop/gp_mods/funcform_studies/func_form_inputs/funcform_2021_dataset_mod_toys_2.root,fSigPowExpQ,fSigPowExpQ,1.0,1.0,0.0
2021,0.105,8389.635629090375,1,3.0,0.0,2796.545209696792,43039866.66666671,145878711.8009552,0.98162209901169,0.0183779009883099,resolution_scaled_local,default,fixed_hist,profiled,none,,,0.0,0.0,0,1.0,1.0,1.1,12.0,0.0219936004687785,0.2399301869321295,0.0726424715423739,0.0902754206422901,20.265588502021927,0.0726424715423739,1.0,0.0726424715423739,1.0,1584,160,1424,16,7867.155479212902,,2819.771346831313,0.9377231416265784,1.008305296497259,-0.1852916728388649,,,-0.1852916728388649,-0.1852916728388649,-0.1852916728388649,-0.1852916728388649,1.0,1.0,2.7899976670284032,-0.02471066013273185,2.9999999999999996,2.7899976670284032,2.7899976670284032,0.0371798705309629,0.0371798705309629,0.0371798705309629,1,functional_form,fSigPowExpQ,/Users/emryspeets/Desktop/gp_mods/funcform_studies/func_form_inputs/funcform_2021_dataset_mod_toys_2.root,fSigPowExpQ,fSigPowExpQ,1.0,1.0,0.0
2021,0.105,8417.659752751963,1,3.0,0.0,2805.8865842506543,43074666.66666671,145996662.4258953,0.98162209901169,0.0183779009883099,resolution_scaled_local,default,fixed_hist,profiled,none,,,0.0,0.0,0,1.0,1.0,1.1,12.0,0.0219936004687785,0.2399301869321295,0.0726424715423739,0.0654353155249029,11.57463535975325,0.0726424715423739,1.0,0.0726424715423739,1.0,1584,160,1424,16,8122.219492171435,,2827.7878424637856,0.9649023280509835,1.007805468095561,-0.1044775198987763,,,-0.1044775198987763,-0.1044775198987763,-0.1044775198987763,-0.1044775198987763,1.0,1.0,2.872287436208345,-0.02323504389287867,3.0,2.872287436208345,2.872287436208345,0.0102863907814025,0.0102863907814025,0.0102863907814025,1,functional_form,fSigPowExpQ,/Users/emryspeets/Desktop/gp_mods/funcform_studies/func_form_inputs/funcform_2021_dataset_mod_toys_2.root,fSigPowExpQ,fSigPowExpQ,1.0,1.0,0.0
2021,0.105,8498.35354346281,1,3.0,0.0,2832.7845144876032,43131466.66666671,146189179.53786656,0.98162209901169,0.0183779009883099,resolution_scaled_local,default,fixed_hist,profiled,none,,,0.0,0.0,0,1.0,1.0,1.1,12.0,0.0219936004687785,0.2399301869321295,0.0726424715423739,0.0899092339530444,20.570650593409376,0.0726424715423739,1.0,0.0726424715423739,1.0,1584,160,1424,16,7024.912435211273,,2852.0274098308314,0.8266204035033407,1.0067929259161137,-0.5166293644909025,,,-0.5166293644909025,-0.5166293644909025,-0.5166293644909025,-0.5166293644909025,1.0,1.0,2.463129355277815,-0.020241280231282466,3.0,2.463129355277815,2.463129355277815,0.2639987012371421,0.2639987012371421,0.2639987012371421,1,functional_form,fSigPowExpQ,/Users/emryspeets/Desktop/gp_mods/funcform_studies/func_form_inputs/funcform_2021_dataset_mod_toys_2.root,fSigPowExpQ,fSigPowExpQ,1.0,1.0,0.0
2021,0.105,8577.646927212947,1,3.0,0.0,2859.2156424043155,43186666.66666671,146376273.6325992,0.98162209901169,0.0183779009883099,resolution_scaled_local,default,fixed_hist,profiled,none,,,0.0,0.0,0,1.0,1.0,1.1,12.0,0.0219936004687785,0.2399301869321295,0.0726424715423739,0.0837722282491617,20.21358456565899,0.0726424715423739,1.0,0.0726424715423739,1.0,1584,160,1424,16,7628.809724727221,,2873.9983074199395,0.8893825765344222,1.0051701819185603,-0.3301453588320033,,,-0.3301453588320033,-0.3301453588320033,-0.3301453588320033,-0.3301453588320033,1.0,1.0,2.654423875279104,-0.015430765888892861,3.0,2.654423875279104,2.654423875279104,0.1083496809005737,0.1083496809005737,0.1083496809005737,1,functional_form,fSigPowExpQ,/Users/emryspeets/Desktop/gp_mods/funcform_studies/func_form_inputs/funcform_2021_dataset_mod_toys_2.root,fSigPowExpQ,fSigPowExpQ,1.0,1.0,0.0
2021,0.105,8624.859575408513,1,3.0,0.0,2874.9531918028374,43130666.66666671,146186468.02924725,0.98162209901169,0.0183779009883099,resolution_scaled_local,default,fixed_hist,profiled,none,,,0.0,0.0,0,1.0,1.0,1.1,12.0,0.0219936004687785,0.2399301869321295,0.0726424715423739,0.0813549190791905,20.254936257408453,0.0726424715423739,1.0,0.0726424715423739,1.0,1584,160,1424,16,8554.615563623864,,2891.1338987659133,0.9918556341502729,1.0056281636199194,-0.0242963536952172,,,-0.0242963536952172,-0.0242963536952172,-0.0242963536952172,-0.0242963536952172,1.0,1.0,2.9589136522785817,-0.016789994026201082,3.0,2.9589136522785817,2.9589136522785817,0.0004209578037261,0.0004209578037261,0.0004209578037261,1,functional_form,fSigPowExpQ,/Users/emryspeets/Desktop/gp_mods/funcform_studies/func_form_inputs/funcform_2021_dataset_mod_toys_2.root,fSigPowExpQ,fSigPowExpQ,1.0,1.0,0.0
2021,0.105,13562.077774397458,1,5.0,0.0,2712.4155548794915,43172666.66666671,146328822.23176122,0.98162209901169,0.0183779009883099,resolution_scaled_local,default,fixed_hist,profiled,none,,,0.0,0.0,0,1.0,1.0,1.1,12.0,0.0219936004687785,0.2399301869321295,0.0726424715423739,0.0907679590332569,20.44883003175254,0.0726424715423739,1.0,0.0726424715423739,1.0,1584,160,1424,16,15530.310670207164,,2766.437736209497,1.145127680916662,1.0199166315916535,0.7114683515366338,,,0.7114683515366338,0.7114683515366338,0.7114683515366338,0.7114683515366338,1.0,1.0,5.613829824157331,-0.09763852737930301,5.0,5.613829824157331,5.613829824157331,0.0,0.0,0.0,1,functional_form,fSigPowExpQ,/Users/emryspeets/Desktop/gp_mods/funcform_studies/func_form_inputs/funcform_2021_dataset_mod_toys_2.root,fSigPowExpQ,fSigPowExpQ,1.0,1.0,0.0
2021,0.105,13645.487916612678,1,5.0,0.0,2729.0975833225357,43101066.66666671,146086142.21033266,0.98162209901169,0.0183779009883099,resolution_scaled_local,default,fixed_hist,profiled,none,,,0.0,0.0,0,1.0,1.0,1.1,12.0,0.0219936004687785,0.2399301869321295,0.0726424715423739,0.0889621211725511,20.541651690912516,0.0726424715423739,1.0,0.0726424715423739,1.0,1584,160,1424,16,15897.591002710473,,2780.2563434352473,1.1650437932201732,1.0187456690538814,0.8100343306168399,,,0.8100343306168399,0.8100343306168399,0.8100343306168399,0.8100343306168399,1.0,1.0,5.7180306557875245,-0.09200367482931548,5.0,5.7180306557875245,5.7180306557875245,0.0,0.0,0.0,1,functional_form,fSigPowExpQ,/Users/emryspeets/Desktop/gp_mods/funcform_studies/func_form_inputs/funcform_2021_dataset_mod_toys_2.root,fSigPowExpQ,fSigPowExpQ,1.0,1.0,0.0
2021,0.105,13756.98808981762,1,5.0,0.0,2751.397617963524,43060133.33333337,145947403.35264444,0.98162209901169,0.0183779009883099,resolution_scaled_local,default,fixed_hist,profiled,none,,,0.0,0.0,0,1.0,1.0,1.1,12.0,0.0219936004687785,0.2399301869321295,0.0726424715423739,0.0901081288459026,20.747501483409753,0.0726424715423739,1.0,0.0726424715423739,1.0,1584,160,1424,16,15689.159199234584,,2799.943826800708,1.1404501549904722,1.0176441996315733,0.690074954691043,,,0.690074954691043,0.690074954691043,0.690074954691043,0.690074954691043,1.0,1.0,5.603383556862798,-0.08669139782824531,4.999999999999999,5.603383556862798,5.603383556862798,0.0,0.0,0.0,1,functional_form,fSigPowExpQ,/Users/emryspeets/Desktop/gp_mods/funcform_studies/func_form_inputs/funcform_2021_dataset_mod_toys_2.root,fSigPowExpQ,fSigPowExpQ,1.0,1.0,0.0
2021,0.105,13784.152974666084,1,5.0,0.0,2756.8305949332166,43243200.000000045,146567886.908364,0.98162209901169,0.0183779009883099,resolution_scaled_local,default,fixed_hist,profiled,none,,,0.0,0.0,0,1.0,1.0,1.1,12.0,0.0219936004687785,0.2399301869321295,0.0726424715423739,0.0836471858811206,20.63271888753081,0.0726424715423739,1.0,0.0726424715423739,1.0,1584,160,1424,16,14011.856981862686,,2804.5594724590474,1.0165192600238186,1.0173129526397275,0.0811906502367555,,,0.0811906502367555,0.0811906502367555,0.0811906502367555,0.0811906502367555,1.0,1.0,4.996099073476606,-0.08509157676014929,5.0,4.996099073476606,4.996099073476606,0.0,0.0,0.0,1,functional_form,fSigPowExpQ,/Users/emryspeets/Desktop/gp_mods/funcform_studies/func_form_inputs/funcform_2021_dataset_mod_toys_2.root,fSigPowExpQ,fSigPowExpQ,1.0,1.0,0.0
2021,0.105,13868.447607284752,1,5.0,0.0,2773.6895214569504,43102000.000000045,146089305.63705522,0.98162209901169,0.0183779009883099,resolution_scaled_local,default,fixed_hist,profiled,none,,,0.0,0.0,0,1.0,1.0,1.1,12.0,0.0219936004687785,0.2399301869321295,0.0726424715423739,0.0827850265156976,20.736694724778676,0.0726424715423739,1.0,0.0726424715423739,1.0,1584,160,1424,16,15086.057188364832,,2821.655001981173,1.087797107185991,1.017293024382566,0.431523194800625,,,0.431523194800625,0.431523194800625,0.431523194800625,0.431523194800625,1.0,1.0,5.346527898617101,-0.08499529618352425,5.0,5.346527898617101,5.346527898617101,0.0,0.0,0.0,1,functional_form,fSigPowExpQ,/Users/emryspeets/Desktop/gp_mods/funcform_studies/func_form_inputs/funcform_2021_dataset_mod_toys_2.root,fSigPowExpQ,fSigPowExpQ,1.0,1.0,0.0
2021,0.105,13982.72604848396,1,5.0,0.0,2796.545209696792,43039866.66666671,145878711.8009552,0.98162209901169,0.0183779009883099,resolution_scaled_local,default,fixed_hist,profiled,none,,,0.0,0.0,0,1.0,1.0,1.1,12.0,0.0219936004687785,0.2399301869321295,0.0726424715423739,0.0902754206422901,20.265588502021927,0.0726424715423739,1.0,0.0726424715423739,1.0,1584,160,1424,16,12915.594160056526,,2838.040097275203,0.9236821285972963,1.0148379105170662,-0.3760101520242742,,,-0.3760101520242742,-0.3760101520242742,-0.3760101520242742,-0.3760101520242742,1.0,1.0,4.5508850183113205,-0.07310482966440529,5.0,4.5508850183113205,4.5508850183113205,0.1491541564464569,0.1491541564464569,0.1491541564464569,1,functional_form,fSigPowExpQ,/Users/emryspeets/Desktop/gp_mods/funcform_studies/func_form_inputs/funcform_2021_dataset_mod_toys_2.root,fSigPowExpQ,fSigPowExpQ,1.0,1.0,0.0
2021,0.105,14029.432921253272,1,5.0,0.0,2805.8865842506543,43074666.66666671,145996662.4258953,0.98162209901169,0.0183779009883099,resolution_scaled_local,default,fixed_hist,profiled,none,,,0.0,0.0,0,1.0,1.0,1.1,12.0,0.0219936004687785,0.2399301869321295,0.0726424715423739,0.0654353155249029,11.57463535975325,0.0726424715423739,1.0,0.0726424715423739,1.0,1584,160,1424,16,13915.451933054708,,2846.142273595217,0.9918755812271005,1.0143468697453832,-0.0400475370665796,,,-0.0400475370665796,-0.0400475370665796,-0.0400475370665796,-0.0400475370665796,1.0,1.0,4.889232721130576,-0.07071974180284402,5.0,4.889232721130576,4.889232721130576,0.000788684003055,0.000788684003055,0.000788684003055,1,functional_form,fSigPowExpQ,/Users/emryspeets/Desktop/gp_mods/funcform_studies/func_form_inputs/funcform_2021_dataset_mod_toys_2.root,fSigPowExpQ,fSigPowExpQ,1.0,1.0,0.0
2021,0.105,14163.922572438016,1,5.0,0.0,2832.7845144876032,43131466.66666671,146189179.53786656,0.98162209901169,0.0183779009883099,resolution_scaled_local,default,fixed_hist,profiled,none,,,0.0,0.0,0,1.0,1.0,1.1,12.0,0.0219936004687785,0.2399301869321295,0.0726424715423739,0.0899092339530444,20.570650593409376,0.0726424715423739,1.0,0.0726424715423739,1.0,1584,160,1424,16,12393.013183401035,,2869.841541109787,0.8749704130349425,1.0130814844661373,-0.6170756690462281,,,-0.6170756690462281,-0.6170756690462281,-0.6170756690462281,-0.6170756690462281,1.0,1.0,4.318361486470286,-0.06456284448348615,5.0,4.318361486470286,4.318361486470286,0.3823678819462657,0.3823678819462657,0.3823678819462657,1,functional_form,fSigPowExpQ,/Users/emryspeets/Desktop/gp_mods/funcform_studies/func_form_inputs/funcform_2021_dataset_mod_toys_2.root,fSigPowExpQ,fSigPowExpQ,1.0,1.0,0.0
2021,0.105,14296.078212021575,1,5.0,0.0,2859.2156424043155,43186666.66666671,146376273.6325992,0.98162209901169,0.0183779009883099,resolution_scaled_local,default,fixed_hist,profiled,none,,,0.0,0.0,0,1.0,1.0,1.1,12.0,0.0219936004687785,0.2399301869321295,0.0726424715423739,0.0837722282491617,20.21358456565899,0.0726424715423739,1.0,0.0726424715423739,1.0,1584,160,1424,16,12788.425302302749,,2896.3171067492312,0.894540804312959,1.0129760986875818,-0.5205413820902333,,,-0.5205413820902333,-0.5205413820902333,-0.5205413820902333,-0.5205413820902333,1.0,1.0,4.415409235577876,-0.06404938233189095,4.999999999999999,4.415409235577876,4.415409235577876,0.2742209956049919,0.2742209956049919,0.2742209956049919,1,functional_form,fSigPowExpQ,/Users/emryspeets/Desktop/gp_mods/funcform_studies/func_form_inputs/funcform_2021_dataset_mod_toys_2.root,fSigPowExpQ,fSigPowExpQ,1.0,1.0,0.0
2021,0.105,14374.765959014188,1,5.0,0.0,2874.9531918028374,43130666.66666671,146186468.02924725,0.98162209901169,0.0183779009883099,resolution_scaled_local,default,fixed_hist,profiled,none,,,0.0,0.0,0,1.0,1.0,1.1,12.0,0.0219936004687785,0.2399301869321295,0.0726424715423739,0.0813549190791905,20.254936257408453,0.0726424715423739,1.0,0.0726424715423739,1.0,1584,160,1424,16,14533.17027247424,,2905.9202574063725,1.0110196099130726,1.0107713286226119,0.0545108948039177,,,0.0545108948039177,0.0545108948039177,0.0545108948039177,0.0545108948039177,1.0,1.0,5.001228177350455,-0.05328271745346226,5.000000000000001,5.001228177350455,5.001228177350455,0.0,0.0,0.0,1,functional_form,fSigPowExpQ,/Users/emryspeets/Desktop/gp_mods/funcform_studies/func_form_inputs/funcform_2021_dataset_mod_toys_2.root,fSigPowExpQ,fSigPowExpQ,1.0,1.0,0.0
2021,0.22,0.0,10,0.0,0.0,190.14917871788376,261659.99999999977,1858196.8568154373,0.971633113592042,0.028366886407957804,resolution_scaled_local,default,fixed_hist,profiled,none,,,0.0,0.0,0,1.0,1.0,1.1,12.0,0.0225751536670429,0.2462744036404682,0.07456327853872122,0.08696965486831602,20.553444578663182,0.07456327853872122,1.0,0.07456327853872122,1.0,1568,336,1232,32,31.46118889175882,219.34484892468396,191.41161597647027,,1.006639193853472,0.18610542365419214,1.149713616947562,0.2709900983220446,-0.8951657326666437,1.4481254766300002,-1.3366377265918903,1.7296255381886205,0.4,1.0,0.18610542365419214,0.0,0.0,-0.8951657326666437,1.4481254766300002,0.0,0.0,0.0,10,functional_form,fSigPowExpQ,/Users/emryspeets/Desktop/gp_mods/funcform_studies/func_form_inputs/funcform_2021_dataset_mod_toys_2.root,fSigPowExpQ,fSigPowExpQ,1.0,1.0,0.0
2021,0.22,176.75747420674838,1,1.0,0.0,176.75747420674838,261599.99999999977,1857770.7626038308,0.9716331135920422,0.0283668864079578,resolution_scaled_local,default,fixed_hist,profiled,none,,,0.0,0.0,0,1.0,1.0,1.1,12.0,0.0225751536670429,0.2462744036404682,0.0745632785387212,0.0821402015212458,20.393083251520217,0.0745632785387212,1.0,0.0745632785387212,1.0,1568,336,1232,32,490.998484598758,,183.23354577791235,2.7778088977694404,1.0366381766894286,1.714975328659985,,,1.714975328659985,1.714975328659985,1.714975328659985,1.714975328659985,0.0,1.0,2.679632064719586,-0.035343263940398995,1.0,2.679632064719586,2.679632064719586,0.0,0.0,0.0,1,functional_form,fSigPowExpQ,/Users/emryspeets/Desktop/gp_mods/funcform_studies/func_form_inputs/funcform_2021_dataset_mod_toys_2.root,fSigPowExpQ,fSigPowExpQ,1.0,1.0,0.0
2021,0.22,178.23956405789818,1,1.0,0.0,178.23956405789818,265599.99999999977,1886177.0433775897,0.9716331135920422,0.0283668864079578,resolution_scaled_local,default,fixed_hist,profiled,none,,,0.0,0.0,0,1.0,1.0,1.1,12.0,0.0225751536670429,0.2462744036404682,0.0745632785387212,0.0829707299930681,20.763661251861652,0.0745632785387212,1.0,0.0745632785387212,1.0,1568,336,1232,32,381.2410163087982,,185.85078077443288,2.138924757384159,1.0427021730936366,1.092281944713931,,,1.092281944713931,1.092281944713931,1.092281944713931,1.092281944713931,0.0,1.0,2.051328569727724,-0.04095337498620699,1.0,2.051328569727724,2.051328569727724,0.0,0.0,0.0,1,functional_form,fSigPowExpQ,/Users/emryspeets/Desktop/gp_mods/funcform_studies/func_form_inputs/funcform_2021_dataset_mod_toys_2.root,fSigPowExpQ,fSigPowExpQ,1.0,1.0,0.0
2021,0.22,180.9778405730824,1,1.0,0.0,180.9778405730824,253866.66666666645,1802851.9531078972,0.9716331135920422,0.0283668864079578,resolution_scaled_local,default,fixed_hist,profiled,none,,,0.0,0.0,0,1.0,1.0,1.1,12.0,0.0225751536670429,0.2462744036404682,0.0745632785387212,0.090981927873067,20.440724613554114,0.0745632785387212,1.0,0.0745632785387212,1.0,1568,336,1232,32,28.89845647211801,,184.2916834313115,0.1596795297181604,1.0183107658248962,-0.8252102388420954,,,-0.8252102388420954,-0.8252102388420954,-0.8252102388420954,-0.8252102388420954,1.0,1.0,0.1568082505626952,-0.01798151059520936,1.0,0.1568082505626952,0.1568082505626952,0.6374556093069259,0.6374556093069259,0.6374556093069259,1,functional_form,fSigPowExpQ,/Users/emryspeets/Desktop/gp_mods/funcform_studies/func_form_inputs/funcform_2021_dataset_mod_toys_2.root,fSigPowExpQ,fSigPowExpQ,1.0,1.0,0.0
2021,0.22,188.8997247295985,1,1.0,0.0,188.8997247295985,259199.99999999977,1840726.9941395756,0.9716331135920422,0.0283668864079578,resolution_scaled_local,default,fixed_hist,profiled,none,,,0.0,0.0,0,1.0,1.0,1.1,12.0,0.0225751536670429,0.2462744036404682,0.0745632785387212,0.0896657520537888,20.62029803719201,0.0745632785387212,1.0,0.0745632785387212,1.0,1568,336,1232,32,-26.47995982019311,,192.87151439391832,-0.1401799809824921,1.021025915575077,-1.1167003340363828,,,-1.1167003340363828,-1.1167003340363828,-1.1167003340363828,-1.1167003340363828,0.0,1.0,-0.1372932643962694,-0.02059293035988663,1.0,-0.1372932643962694,-0.1372932643962694,1.1637693257798674,1.1637693257798674,1.1637693257798674,1,functional_form,fSigPowExpQ,/Users/emryspeets/Desktop/gp_mods/funcform_studies/func_form_inputs/funcform_2021_dataset_mod_toys_2.root,fSigPowExpQ,fSigPowExpQ,1.0,1.0,0.0
2021,0.22,189.70033432689712,1,1.0,0.0,189.70033432689712,263066.66666666645,1868186.3988875423,0.9716331135920422,0.0283668864079578,resolution_scaled_local,default,fixed_hist,profiled,none,,,0.0,0.0,0,1.0,1.0,1.1,12.0,0.0225751536670429,0.2462744036404682,0.0745632785387212,0.0848374440996422,20.30775303910063,0.0745632785387212,1.0,0.0745632785387212,1.0,1568,336,1232,32,428.6341501771816,,194.86655269376584,2.259532919106757,1.027233575445187,1.2261407232146742,,,1.2261407232146742,1.2261407232146742,1.2261407232146742,1.2261407232146742,0.0,1.0,2.1996291526272502,-0.026511570587423927,1.0,2.1996291526272502,2.1996291526272502,0.0,0.0,0.0,1,functional_form,fSigPowExpQ,/Users/emryspeets/Desktop/gp_mods/funcform_studies/func_form_inputs/funcform_2021_dataset_mod_toys_2.root,fSigPowExpQ,fSigPowExpQ,1.0,1.0,0.0
2021,0.22,190.095006837778,1,1.0,0.0,190.095006837778,265799.99999999977,1887597.3574162775,0.9716331135920422,0.0283668864079578,resolution_scaled_local,default,fixed_hist,profiled,none,,,0.0,0.0,0,1.0,1.0,1.1,12.0,0.0225751536670429,0.2462744036404682,0.0745632785387212,0.0851567289981109,20.638061787269255,0.0745632785387212,1.0,0.0745632785387212,1.0,1568,336,1232,32,473.6272774173406,,195.7197917915335,2.491529289990881,1.0295893356028838,1.448664276536532,,,1.448664276536532,1.448664276536532,1.448664276536532,1.448664276536532,0.0,1.0,2.419925307920897,-0.028738968615635185,1.0,2.419925307920897,2.419925307920897,0.0,0.0,0.0,1,functional_form,fSigPowExpQ,/Users/emryspeets/Desktop/gp_mods/funcform_studies/func_form_inputs/funcform_2021_dataset_mod_toys_2.root,fSigPowExpQ,fSigPowExpQ,1.0,1.0,0.0
2021,0.22,190.32137852032983,1,1.0,0.0,190.32137852032983,261799.99999999977,1859191.0766425189,0.9716331135920422,0.0283668864079578,resolution_scaled_local,default,fixed_hist,profiled,none,,,0.0,0.0,0,1.0,1.0,1.1,12.0,0.0225751536670429,0.2462744036404682,0.0745632785387212,0.0833269184347048,20.64587971885682,0.0745632785387212,1.0,0.0745632785387212,1.0,1568,336,1232,32,149.67169838092065,,193.85598636446517,0.7864155858083645,1.018571785637617,-0.2096900947024895,,,-0.2096900947024895,-0.2096900947024895,-0.2096900947024895,-0.2096900947024895,1.0,1.0,0.772076742059054,-0.01823316323845653,1.0,0.772076742059054,0.772076742059054,0.0403100280527723,0.0403100280527723,0.0403100280527723,1,functional_form,fSigPowExpQ,/Users/emryspeets/Desktop/gp_mods/funcform_studies/func_form_inputs/funcform_2021_dataset_mod_toys_2.root,fSigPowExpQ,fSigPowExpQ,1.0,1.0,0.0
2021,0.22,197.26808161966105,1,1.0,0.0,197.26808161966105,262466.66666666645,1863925.4567714788,0.9716331135920422,0.0283668864079578,resolution_scaled_local,default,fixed_hist,profiled,none,,,0.0,0.0,0,1.0,1.0,1.1,12.0,0.0225751536670429,0.2462744036404682,0.0745632785387212,0.0898329091398496,20.24555322846524,0.0745632785387212,1.0,0.0745632785387212,1.0,1568,336,1232,32,133.33676458870022,,201.2604575830731,0.6759165674139703,1.0202383271061026,-0.317654634192473,,,-0.317654634192473,-0.317654634192473,-0.317654634192473,-0.317654634192473,1.0,1.0,0.6625085036073893,-0.019836862200137695,1.0,0.6625085036073893,0.6625085036073893,0.0864975155200227,0.0864975155200227,0.0864975155200227,1,functional_form,fSigPowExpQ,/Users/emryspeets/Desktop/gp_mods/funcform_studies/func_form_inputs/funcform_2021_dataset_mod_toys_2.root,fSigPowExpQ,fSigPowExpQ,1.0,1.0,0.0
2021,0.22,200.8867440711412,1,1.0,0.0,200.8867440711412,264533.3333333331,1878602.035171254,0.9716331135920422,0.0283668864079578,resolution_scaled_local,default,fixed_hist,profiled,none,,,0.0,0.0,0,1.0,1.0,1.1,12.0,0.0225751536670429,0.2462744036404682,0.0745632785387212,0.0905871877545192,20.660393929257378,0.0745632785387212,1.0,0.0745632785387212,1.0,1568,336,1232,32,155.39321384219568,,203.6884842093012,0.7735364250174982,1.01394686419512,-0.2233485629074561,,,-0.2233485629074561,-0.2233485629074561,-0.2233485629074561,-0.2233485629074561,1.0,1.0,0.7628964123593779,-0.013755024733166005,1.0,0.7628964123593779,0.7628964123593779,0.0416060877032578,0.0416060877032578,0.0416060877032578,1,functional_form,fSigPowExpQ,/Users/emryspeets/Desktop/gp_mods/funcform_studies/func_form_inputs/funcform_2021_dataset_mod_toys_2.root,fSigPowExpQ,fSigPowExpQ,1.0,1.0,0.0
2021,0.22,208.345638235703,1,1.0,0.0,208.345638235703,258666.6666666664,1836939.4900364075,0.9716331135920422,0.0283668864079578,resolution_scaled_local,default,fixed_hist,profiled,none,,,0.0,0.0,0,1.0,1.0,1.1,12.0,0.0225751536670429,0.2462744036404682,0.0745632785387212,0.0901967488151638,20.8190369295545,0.0745632785387212,1.0,0.0745632785387212,1.0,1568,336,1232,32,-152.9111655807315,,208.3736099424436,-0.7339302462753837,1.0001342562627058,-1.7336974865301795,,,-1.7336974865301795,-1.7336974865301795,-1.7336974865301795,-1.7336974865301795,0.0,1.0,-0.733831724770561,-0.00013423824038150123,1.0,-0.733831724770561,-0.733831724770561,2.463609228398127,2.463609228398127,2.463609228398127,1,functional_form,fSigPowExpQ,/Users/emryspeets/Desktop/gp_mods/funcform_studies/func_form_inputs/funcform_2021_dataset_mod_toys_2.root,fSigPowExpQ,fSigPowExpQ,1.0,1.0,0.0
2021,0.22,353.51494841349677,1,2.0,0.0,176.75747420674838,261599.99999999977,1857770.7626038308,0.9716331135920422,0.0283668864079578,resolution_scaled_local,default,fixed_hist,profiled,none,,,0.0,0.0,0,1.0,1.0,1.1,12.0,0.0225751536670429,0.2462744036404682,0.0745632785387212,0.0821402015212458,20.393083251520217,0.0745632785387212,1.0,0.0745632785387212,1.0,1568,336,1232,32,718.1189871323586,,185.7898061230688,2.031368094489726,1.0511001413482268,1.962454487289496,,,1.962454487289496,1.962454487289496,1.962454487289496,1.962454487289496,0.0,1.0,3.8652227596204622,-0.09723172766903376,2.0,3.8652227596204622,3.8652227596204622,0.0,0.0,0.0,1,functional_form,fSigPowExpQ,/Users/emryspeets/Desktop/gp_mods/funcform_studies/func_form_inputs/funcform_2021_dataset_mod_toys_2.root,fSigPowExpQ,fSigPowExpQ,1.0,1.0,0.0
2021,0.22,356.47912811579636,1,2.0,0.0,178.23956405789818,265599.99999999977,1886177.0433775897,0.9716331135920422,0.0283668864079578,resolution_scaled_local,default,fixed_hist,profiled,none,,,0.0,0.0,0,1.0,1.0,1.1,12.0,0.0225751536670429,0.2462744036404682,0.0745632785387212,0.0829707299930681,20.763661251861652,0.0745632785387212,1.0,0.0745632785387212,1.0,1568,336,1232,32,510.6501909702776,,187.49129386758497,1.432482719729951,1.0519061514686017,0.8222838494216376,,,0.8222838494216376,0.8222838494216376,0.8222838494216376,0.8222838494216376,1.0,1.0,2.72359414902178,-0.09868970039985747,2.0,2.72359414902178,2.72359414902178,0.0,0.0,0.0,1,functional_form,fSigPowExpQ,/Users/emryspeets/Desktop/gp_mods/funcform_studies/func_form_inputs/funcform_2021_dataset_mod_toys_2.root,fSigPowExpQ,fSigPowExpQ,1.0,1.0,0.0
2021,0.22,361.9556811461648,1,2.0,0.0,180.9778405730824,253866.66666666645,1802851.9531078972,0.9716331135920422,0.0283668864079578,resolution_scaled_local,default,fixed_hist,profiled,none,,,0.0,0.0,0,1.0,1.0,1.1,12.0,0.0225751536670429,0.2462744036404682,0.0745632785387212,0.090981927873067,20.440724613554114,0.0745632785387212,1.0,0.0745632785387212,1.0,1568,336,1232,32,252.15559343367693,,188.1789488394982,0.6966477018269305,1.0397899999448155,-0.5834876238262905,,,-0.5834876238262905,-0.5834876238262905,-0.5834876238262905,-0.5834876238262905,1.0,1.0,1.3399776913874983,-0.07653468478621117,2.0,1.3399776913874983,1.3399776913874983,0.3399104426498525,0.3399104426498525,0.3399104426498525,1,functional_form,fSigPowExpQ,/Users/emryspeets/Desktop/gp_mods/funcform_studies/func_form_inputs/funcform_2021_dataset_mod_toys_2.root,fSigPowExpQ,fSigPowExpQ,1.0,1.0,0.0
2021,0.22,377.799449459197,1,2.0,0.0,188.8997247295985,259199.99999999977,1840726.9941395756,0.9716331135920422,0.0283668864079578,resolution_scaled_local,default,fixed_hist,profiled,none,,,0.0,0.0,0,1.0,1.0,1.1,12.0,0.0225751536670429,0.2462744036404682,0.0745632785387212,0.0896657520537888,20.62029803719201,0.0745632785387212,1.0,0.0745632785387212,1.0,1568,336,1232,32,185.2617984184603,,196.1556830632848,0.4903707474525288,1.038411693527203,-0.9815553035933152,,,-0.9815553035933152,-0.9815553035933152,-0.9815553035933152,-0.9815553035933152,1.0,1.0,0.9444630689526856,-0.07398162745399917,2.0,0.9444630689526856,0.9444630689526856,0.8758620957160019,0.8758620957160019,0.8758620957160019,1,functional_form,fSigPowExpQ,/Users/emryspeets/Desktop/gp_mods/funcform_studies/func_form_inputs/funcform_2021_dataset_mod_toys_2.root,fSigPowExpQ,fSigPowExpQ,1.0,1.0,0.0
2021,0.22,379.40066865379424,1,2.0,0.0,189.70033432689712,263066.66666666645,1868186.3988875423,0.9716331135920422,0.0283668864079578,resolution_scaled_local,default,fixed_hist,profiled,none,,,0.0,0.0,0,1.0,1.0,1.1,12.0,0.0225751536670429,0.2462744036404682,0.0745632785387212,0.0848374440996422,20.30775303910063,0.0745632785387212,1.0,0.0745632785387212,1.0,1568,336,1232,32,586.7663843871184,,197.77212648057568,1.5465612816896397,1.042550226294114,1.0485082980269755,,,1.0485082980269755,1.0485082980269755,1.0485082980269755,1.0485082980269755,0.0,1.0,2.966881101138122,-0.08162719688885334,2.0,2.966881101138122,2.966881101138122,0.0,0.0,0.0,1,functional_form,fSigPowExpQ,/Users/emryspeets/Desktop/gp_mods/funcform_studies/func_form_inputs/funcform_2021_dataset_mod_toys_2.root,fSigPowExpQ,fSigPowExpQ,1.0,1.0,0.0
2021,0.22,380.190013675556,1,2.0,0.0,190.095006837778,265799.99999999977,1887597.3574162775,0.9716331135920422,0.0283668864079578,resolution_scaled_local,default,fixed_hist,profiled,none,,,0.0,0.0,0,1.0,1.0,1.1,12.0,0.0225751536670429,0.2462744036404682,0.0745632785387212,0.0851567289981109,20.638061787269255,0.0745632785387212,1.0,0.0745632785387212,1.0,1568,336,1232,32,627.7481587007328,,198.26346071537952,1.651143207660463,1.0429703757793716,1.2486322196330626,,,1.2486322196330626,1.2486322196330626,1.2486322196330626,1.2486322196330626,0.0,1.0,3.1662322267334337,-0.08239999289962885,2.0,3.1662322267334337,3.1662322267334337,0.0,0.0,0.0,1,functional_form,fSigPowExpQ,/Users/emryspeets/Desktop/gp_mods/funcform_studies/func_form_inputs/funcform_2021_dataset_mod_toys_2.root,fSigPowExpQ,fSigPowExpQ,1.0,1.0,0.0
2021,0.22,380.6427570406597,1,2.0,0.0,190.32137852032983,261799.99999999977,1859191.0766425189,0.9716331135920422,0.0283668864079578,resolution_scaled_local,default,fixed_hist,profiled,none,,,0.0,0.0,0,1.0,1.0,1.1,12.0,0.0225751536670429,0.2462744036404682,0.0745632785387212,0.0833269184347048,20.64587971885682,0.0745632785387212,1.0,0.0745632785387212,1.0,1568,336,1232,32,392.9819320061384,,197.7613896538446,1.0324166813560585,1.0390918308355992,0.0623942569734002,,,0.0623942569734002,0.0623942569734002,0.0623942569734002,0.0623942569734002,1.0,1.0,1.9871519546560723,-0.0752423023173279,2.0000000000000004,1.9871519546560723,1.9871519546560723,0.0,0.0,0.0,1,functional_form,fSigPowExpQ,/Users/emryspeets/Desktop/gp_mods/funcform_studies/func_form_inputs/funcform_2021_dataset_mod_toys_2.root,fSigPowExpQ,fSigPowExpQ,1.0,1.0,0.0
2021,0.22,394.5361632393221,1,2.0,0.0,197.26808161966105,262466.66666666645,1863925.4567714788,0.9716331135920422,0.0283668864079578,resolution_scaled_local,default,fixed_hist,profiled,none,,,0.0,0.0,0,1.0,1.0,1.1,12.0,0.0225751536670429,0.2462744036404682,0.0745632785387212,0.0898329091398496,20.24555322846524,0.0745632785387212,1.0,0.0745632785387212,1.0,1568,336,1232,32,298.0088760041022,,204.41188247208527,0.7553398237497755,1.0362136681908718,-0.4722195503894044,,,-0.4722195503894044,-0.4722195503894044,-0.4722195503894044,-0.4722195503894044,1.0,1.0,1.4578843088771938,-0.06989614073340183,2.0,1.4578843088771938,1.4578843088771938,0.1904005449250689,0.1904005449250689,0.1904005449250689,1,functional_form,fSigPowExpQ,/Users/emryspeets/Desktop/gp_mods/funcform_studies/func_form_inputs/funcform_2021_dataset_mod_toys_2.root,fSigPowExpQ,fSigPowExpQ,1.0,1.0,0.0
2021,0.22,401.7734881422824,1,2.0,0.0,200.8867440711412,264533.3333333331,1878602.035171254,0.9716331135920422,0.0283668864079578,resolution_scaled_local,default,fixed_hist,profiled,none,,,0.0,0.0,0,1.0,1.0,1.1,12.0,0.0225751536670429,0.2462744036404682,0.0745632785387212,0.0905871877545192,20.660393929257378,0.0745632785387212,1.0,0.0745632785387212,1.0,1568,336,1232,32,274.48033684756615,,207.1412765425899,0.6831718491847396,1.0311346201580813,-0.6145233505333917,,,-0.6145233505333917,-0.6145233505333917,-0.6145233505333917,-0.6145233505333917,1.0,1.0,1.325087599289419,-0.06038905017718921,2.0,1.325087599289419,1.325087599289419,0.324500906492176,0.324500906492176,0.324500906492176,1,functional_form,fSigPowExpQ,/Users/emryspeets/Desktop/gp_mods/funcform_studies/func_form_inputs/funcform_2021_dataset_mod_toys_2.root,fSigPowExpQ,fSigPowExpQ,1.0,1.0,0.0
2021,0.22,416.691276471406,1,2.0,0.0,208.345638235703,258666.6666666664,1836939.4900364075,0.9716331135920422,0.0283668864079578,resolution_scaled_local,default,fixed_hist,profiled,none,,,0.0,0.0,0,1.0,1.0,1.1,12.0,0.0225751536670429,0.2462744036404682,0.0745632785387212,0.0901967488151638,20.8190369295545,0.0745632785387212,1.0,0.0745632785387212,1.0,1568,336,1232,32,89.59538481063159,,212.6690368098647,0.21501622392802783,1.020751087523467,-1.5380513146970811,,,-1.5380513146970811,-1.5380513146970811,-1.5380513146970811,-1.5380513146970811,0.0,1.0,0.4212902176762746,-0.04065846762664416,2.0,0.4212902176762746,0.4212902176762746,2.36120723708882,2.36120723708882,2.36120723708882,1,functional_form,fSigPowExpQ,/Users/emryspeets/Desktop/gp_mods/funcform_studies/func_form_inputs/funcform_2021_dataset_mod_toys_2.root,fSigPowExpQ,fSigPowExpQ,1.0,1.0,0.0
2021,0.22,530.2724226202452,1,3.0,0.0,176.75747420674838,261599.99999999977,1857770.7626038308,0.9716331135920422,0.0283668864079578,resolution_scaled_local,default,fixed_hist,profiled,none,,,0.0,0.0,0,1.0,1.0,1.1,12.0,0.0225751536670429,0.2462744036404682,0.0745632785387212,0.0821402015212458,20.393083251520217,0.0745632785387212,1.0,0.0745632785387212,1.0,1568,336,1232,32,880.5860802953273,,189.2038810919419,1.6606295985449717,1.070415165984072,1.851514121451084,,,1.851514121451084,1.851514121451084,1.851514121451084,1.851514121451084,0.0,1.0,4.654164994995079,-0.197349126456005,3.0,4.654164994995079,4.654164994995079,0.0,0.0,0.0,1,functional_form,fSigPowExpQ,/Users/emryspeets/Desktop/gp_mods/funcform_studies/func_form_inputs/funcform_2021_dataset_mod_toys_2.root,fSigPowExpQ,fSigPowExpQ,1.0,1.0,0.0
2021,0.22,534.7186921736945,1,3.0,0.0,178.23956405789818,265599.99999999977,1886177.0433775897,0.9716331135920422,0.0283668864079578,resolution_scaled_local,default,fixed_hist,profiled,none,,,0.0,0.0,0,1.0,1.0,1.1,12.0,0.0225751536670429,0.2462744036404682,0.0745632785387212,0.0829707299930681,20.763661251861652,0.0745632785387212,1.0,0.0745632785387212,1.0,1568,336,1232,32,653.692258694212,,189.6112378867891,1.2224974893562741,1.063799941887184,0.6274605231550296,,,0.6274605231550296,0.6274605231550296,0.6274605231550296,0.6274605231550296,1.0,1.0,3.4475396394200595,-0.17992088373497017,3.0,3.4475396394200595,3.4475396394200595,0.0,0.0,0.0,1,functional_form,fSigPowExpQ,/Users/emryspeets/Desktop/gp_mods/funcform_studies/func_form_inputs/funcform_2021_dataset_mod_toys_2.root,fSigPowExpQ,fSigPowExpQ,1.0,1.0,0.0
2021,0.22,542.9335217192472,1,3.0,0.0,180.9778405730824,253866.66666666645,1802851.9531078972,0.9716331135920422,0.0283668864079578,resolution_scaled_local,default,fixed_hist,profiled,none,,,0.0,0.0,0,1.0,1.0,1.1,12.0,0.0225751536670429,0.2462744036404682,0.0745632785387212,0.090981927873067,20.440724613554114,0.0745632785387212,1.0,0.0745632785387212,1.0,1568,336,1232,32,437.4016748159309,,189.23342616992545,0.805626577321768,1.0456165548815313,-0.5576807915983731,,,-0.5576807915983731,-0.5576807915983731,-0.5576807915983731,-0.5576807915983731,1.0,1.0,2.3114398109727112,-0.13087939742891563,3.0,2.3114398109727112,2.3114398109727112,0.335593456060451,0.335593456060451,0.335593456060451,1,functional_form,fSigPowExpQ,/Users/emryspeets/Desktop/gp_mods/funcform_studies/func_form_inputs/funcform_2021_dataset_mod_toys_2.root,fSigPowExpQ,fSigPowExpQ,1.0,1.0,0.0
2021,0.22,566.6991741887955,1,3.0,0.0,188.8997247295985,259199.99999999977,1840726.9941395756,0.9716331135920422,0.0283668864079578,resolution_scaled_local,default,fixed_hist,profiled,none,,,0.0,0.0,0,1.0,1.0,1.1,12.0,0.0225751536670429,0.2462744036404682,0.0745632785387212,0.0896657520537888,20.62029803719201,0.0745632785387212,1.0,0.0745632785387212,1.0,1568,336,1232,32,304.94858500044916,,197.83327552858853,0.5381136922194556,1.047292555940873,-1.323086768335498,,,-1.323086768335498,-1.323086768335498,-1.323086768335498,-1.323086768335498,0.0,1.0,1.541442329080689,-0.135470902583813,3.0,1.541442329080689,1.541442329080689,1.5717213615571382,1.5717213615571382,1.5717213615571382,1,functional_form,fSigPowExpQ,/Users/emryspeets/Desktop/gp_mods/funcform_studies/func_form_inputs/funcform_2021_dataset_mod_toys_2.root,fSigPowExpQ,fSigPowExpQ,1.0,1.0,0.0
2021,0.22,569.1010029806914,1,3.0,0.0,189.70033432689712,263066.66666666645,1868186.3988875423,0.9716331135920422,0.0283668864079578,resolution_scaled_local,default,fixed_hist,profiled,none,,,0.0,0.0,0,1.0,1.0,1.1,12.0,0.0225751536670429,0.2462744036404682,0.0745632785387212,0.0848374440996422,20.30775303910063,0.0745632785387212,1.0,0.0745632785387212,1.0,1568,336,1232,32,805.5428418293756,,200.79312498823504,1.4154655107095395,1.0584753353266236,1.177539514176782,,,1.177539514176782,1.177539514176782,1.177539514176782,1.177539514176782,0.0,1.0,4.011804895593783,-0.1657346185829991,3.0000000000000004,4.011804895593783,4.011804895593783,0.0,0.0,0.0,1,functional_form,fSigPowExpQ,/Users/emryspeets/Desktop/gp_mods/funcform_studies/func_form_inputs/funcform_2021_dataset_mod_toys_2.root,fSigPowExpQ,fSigPowExpQ,1.0,1.0,0.0
2021,0.22,570.285020513334,1,3.0,0.0,190.095006837778,265799.99999999977,1887597.3574162775,0.9716331135920422,0.0283668864079578,resolution_scaled_local,default,fixed_hist,profiled,none,,,0.0,0.0,0,1.0,1.0,1.1,12.0,0.0225751536670429,0.2462744036404682,0.0745632785387212,0.0851567289981109,20.638061787269255,0.0745632785387212,1.0,0.0745632785387212,1.0,1568,336,1232,32,900.400608751467,,200.0487327147052,1.5788607036197166,1.0523618481227204,1.6501758534452682,,,1.6501758534452682,1.6501758534452682,1.6501758534452682,1.6501758534452682,0.0,1.0,4.500906336835196,-0.14926951661007237,3.0,4.500906336835196,4.500906336835196,0.0,0.0,0.0,1,functional_form,fSigPowExpQ,/Users/emryspeets/Desktop/gp_mods/funcform_studies/func_form_inputs/funcform_2021_dataset_mod_toys_2.root,fSigPowExpQ,fSigPowExpQ,1.0,1.0,0.0
2021,0.22,570.9641355609896,1,3.0,0.0,190.32137852032983,261799.99999999977,1859191.0766425189,0.9716331135920422,0.0283668864079578,resolution_scaled_local,default,fixed_hist,profiled,none,,,0.0,0.0,0,1.0,1.0,1.1,12.0,0.0225751536670429,0.2462744036404682,0.0745632785387212,0.0833269184347048,20.64587971885682,0.0745632785387212,1.0,0.0745632785387212,1.0,1568,336,1232,32,512.1700849631262,,199.26871184791537,0.8970267186044945,1.0470117093368456,-0.2950490824808251,,,-0.2950490824808251,-0.2950490824808251,-0.2950490824808251,-0.2950490824808251,1.0,1.0,2.5702483857778007,-0.1347025317413742,3.0000000000000004,2.5702483857778007,2.5702483857778007,0.0886203014670172,0.0886203014670172,0.0886203014670172,1,functional_form,fSigPowExpQ,/Users/emryspeets/Desktop/gp_mods/funcform_studies/func_form_inputs/funcform_2021_dataset_mod_toys_2.root,fSigPowExpQ,fSigPowExpQ,1.0,1.0,0.0
2021,0.22,591.8042448589831,1,3.0,0.0,197.26808161966105,262466.66666666645,1863925.4567714788,0.9716331135920422,0.0283668864079578,resolution_scaled_local,default,fixed_hist,profiled,none,,,0.0,0.0,0,1.0,1.0,1.1,12.0,0.0225751536670429,0.2462744036404682,0.0745632785387212,0.0898329091398496,20.24555322846524,0.0745632785387212,1.0,0.0745632785387212,1.0,1568,336,1232,32,434.50904006350504,,206.546785680772,0.7342107526907671,1.0470360130484797,-0.7615475800169815,,,-0.7615475800169815,-0.7615475800169815,-0.7615475800169815,-0.7615475800169815,1.0,1.0,2.1036833791984524,-0.13476904078456609,3.0,2.1036833791984524,2.1036833791984524,0.4893519334291341,0.4893519334291341,0.4893519334291341,1,functional_form,fSigPowExpQ,/Users/emryspeets/Desktop/gp_mods/funcform_studies/func_form_inputs/funcform_2021_dataset_mod_toys_2.root,fSigPowExpQ,fSigPowExpQ,1.0,1.0,0.0
2021,0.22,602.6602322134236,1,3.0,0.0,200.8867440711412,264533.3333333331,1878602.035171254,0.9716331135920422,0.0283668864079578,resolution_scaled_local,default,fixed_hist,profiled,none,,,0.0,0.0,0,1.0,1.0,1.1,12.0,0.0225751536670429,0.2462744036404682,0.0745632785387212,0.0905871877545192,20.660393929257378,0.0745632785387212,1.0,0.0745632785387212,1.0,1568,336,1232,32,388.3109533871106,,211.00776318734788,0.64432815147092,1.050381717136211,-1.015835984366121,,,-1.015835984366121,-1.015835984366121,-1.015835984366121,-1.015835984366121,0.0,1.0,1.840268564158657,-0.14389545147522198,2.9999999999999996,1.840268564158657,1.840268564158657,0.8941215342783835,0.8941215342783835,0.8941215342783835,1,functional_form,fSigPowExpQ,/Users/emryspeets/Desktop/gp_mods/funcform_studies/func_form_inputs/funcform_2021_dataset_mod_toys_2.root,fSigPowExpQ,fSigPowExpQ,1.0,1.0,0.0
2021,0.22,625.036914707109,1,3.0,0.0,208.345638235703,258666.6666666664,1836939.4900364075,0.9716331135920422,0.0283668864079578,resolution_scaled_local,default,fixed_hist,profiled,none,,,0.0,0.0,0,1.0,1.0,1.1,12.0,0.0225751536670429,0.2462744036404682,0.0745632785387212,0.0901967488151638,20.8190369295545,0.0745632785387212,1.0,0.0745632785387212,1.0,1568,336,1232,32,214.74427179463677,,216.0509095889157,0.34357054238190954,1.036983118141862,-1.8990553832573265,,,-1.8990553832573265,-1.8990553832573265,-1.8990553832573265,-1.8990553832573265,0.0,1.0,0.9939521763793308,-0.10699244036334266,2.9999999999999996,0.9939521763793308,0.9939521763793308,3.6066169695550343,3.6066169695550343,3.6066169695550343,1,functional_form,fSigPowExpQ,/Users/emryspeets/Desktop/gp_mods/funcform_studies/func_form_inputs/funcform_2021_dataset_mod_toys_2.root,fSigPowExpQ,fSigPowExpQ,1.0,1.0,0.0
2021,0.22,883.7873710337419,1,5.0,0.0,176.75747420674838,261599.99999999977,1857770.7626038308,0.9716331135920422,0.0283668864079578,resolution_scaled_local,default,fixed_hist,profiled,none,,,0.0,0.0,0,1.0,1.0,1.1,12.0,0.0225751536670429,0.2462744036404682,0.0745632785387212,0.0821402015212458,20.393083251520217,0.0745632785387212,1.0,0.0745632785387212,1.0,1568,336,1232,32,1154.246346725032,,194.42713077472771,1.3060226753126623,1.0999655411873086,1.3910557369930867,,,1.3910557369930867,1.3910557369930867,1.3910557369930867,1.3910557369930867,0.0,1.0,5.936652678696346,-0.4544030582967409,5.0,5.936652678696346,5.936652678696346,0.0,0.0,0.0,1,functional_form,fSigPowExpQ,/Users/emryspeets/Desktop/gp_mods/funcform_studies/func_form_inputs/funcform_2021_dataset_mod_toys_2.root,fSigPowExpQ,fSigPowExpQ,1.0,1.0,0.0
2021,0.22,891.1978202894909,1,5.0,0.0,178.23956405789818,265599.99999999977,1886177.0433775897,0.9716331135920422,0.0283668864079578,resolution_scaled_local,default,fixed_hist,profiled,none,,,0.0,0.0,0,1.0,1.0,1.1,12.0,0.0225751536670429,0.2462744036404682,0.0745632785387212,0.0829707299930681,20.763661251861652,0.0745632785387212,1.0,0.0745632785387212,1.0,1568,336,1232,32,1090.7555131575527,,195.5326793592054,1.2239207595943613,1.0970217549213137,1.0205848634716566,,,1.0205848634716566,1.0205848634716566,1.0205848634716566,1.0205848634716566,0.0,1.0,5.578379617832417,-0.44220524563923935,5.0,5.578379617832417,5.578379617832417,0.0,0.0,0.0,1,functional_form,fSigPowExpQ,/Users/emryspeets/Desktop/gp_mods/funcform_studies/func_form_inputs/funcform_2021_dataset_mod_toys_2.root,fSigPowExpQ,fSigPowExpQ,1.0,1.0,0.0
2021,0.22,904.889202865412,1,5.0,0.0,180.9778405730824,253866.66666666645,1802851.9531078972,0.9716331135920422,0.0283668864079578,resolution_scaled_local,default,fixed_hist,profiled,none,,,0.0,0.0,0,1.0,1.0,1.1,12.0,0.0225751536670429,0.2462744036404682,0.0745632785387212,0.090981927873067,20.440724613554114,0.0745632785387212,1.0,0.0745632785387212,1.0,1568,336,1232,32,725.7756967229092,,194.98878571337633,0.8020602902815902,1.077418014801851,-0.9185836277055986,,,-0.9185836277055986,-0.9185836277055986,-0.9185836277055986,-0.9185836277055986,1.0,1.0,3.722140707054624,-0.35927566523977716,5.0,3.722140707054624,3.722140707054624,0.8676748857833445,0.8676748857833445,0.8676748857833445,1,functional_form,fSigPowExpQ,/Users/emryspeets/Desktop/gp_mods/funcform_studies/func_form_inputs/funcform_2021_dataset_mod_toys_2.root,fSigPowExpQ,fSigPowExpQ,1.0,1.0,0.0
2021,0.22,944.4986236479924,1,5.0,0.0,188.8997247295985,259199.99999999977,1840726.9941395756,0.9716331135920422,0.0283668864079578,resolution_scaled_local,default,fixed_hist,profiled,none,,,0.0,0.0,0,1.0,1.0,1.1,12.0,0.0225751536670429,0.2462744036404682,0.0745632785387212,0.0896657520537888,20.62029803719201,0.0745632785387212,1.0,0.0745632785387212,1.0,1568,336,1232,32,692.9269543544349,,202.65496287584787,0.733645276981032,1.072817671735305,-1.2413792671225004,,,-1.2413792671225004,-1.2413792671225004,-1.2413792671225004,-1.2413792671225004,0.0,1.0,3.419244930009148,-0.3393758028683518,5.0,3.419244930009148,3.419244930009148,1.4287313083259503,1.4287313083259503,1.4287313083259503,1,functional_form,fSigPowExpQ,/Users/emryspeets/Desktop/gp_mods/funcform_studies/func_form_inputs/funcform_2021_dataset_mod_toys_2.root,fSigPowExpQ,fSigPowExpQ,1.0,1.0,0.0
2021,0.22,948.5016716344855,1,5.0,0.0,189.70033432689712,263066.66666666645,1868186.3988875423,0.9716331135920422,0.0283668864079578,resolution_scaled_local,default,fixed_hist,profiled,none,,,0.0,0.0,0,1.0,1.0,1.1,12.0,0.0225751536670429,0.2462744036404682,0.0745632785387212,0.0848374440996422,20.30775303910063,0.0745632785387212,1.0,0.0745632785387212,1.0,1568,336,1232,32,1028.7341556903486,,205.63939093290057,1.084588658570948,1.084022290538175,0.3901610663787789,,,0.3901610663787789,0.3901610663787789,0.3901610663787789,0.3901610663787789,1.0,1.0,5.002612344956911,-0.3875487214218678,5.0,5.002612344956911,5.002612344956911,0.0,0.0,0.0,1,functional_form,fSigPowExpQ,/Users/emryspeets/Desktop/gp_mods/funcform_studies/func_form_inputs/funcform_2021_dataset_mod_toys_2.root,fSigPowExpQ,fSigPowExpQ,1.0,1.0,0.0
2021,0.22,950.47503418889,1,5.0,0.0,190.095006837778,265799.99999999977,1887597.3574162775,0.9716331135920422,0.0283668864079578,resolution_scaled_local,default,fixed_hist,profiled,none,,,0.0,0.0,0,1.0,1.0,1.1,12.0,0.0225751536670429,0.2462744036404682,0.0745632785387212,0.0851567289981109,20.638061787269255,0.0745632785387212,1.0,0.0745632785387212,1.0,1568,336,1232,32,1324.6405885319266,,205.8058638340383,1.393661633271977,1.0826473943614285,1.8180509892797003,,,1.8180509892797003,1.8180509892797003,1.8180509892797003,1.8180509892797003,0.0,1.0,6.436359799738825,-0.38169118954087544,5.000000000000001,6.436359799738825,6.436359799738825,0.0,0.0,0.0,1,functional_form,fSigPowExpQ,/Users/emryspeets/Desktop/gp_mods/funcform_studies/func_form_inputs/funcform_2021_dataset_mod_toys_2.root,fSigPowExpQ,fSigPowExpQ,1.0,1.0,0.0
2021,0.22,951.6068926016492,1,5.0,0.0,190.32137852032983,261799.99999999977,1859191.0766425189,0.9716331135920422,0.0283668864079578,resolution_scaled_local,default,fixed_hist,profiled,none,,,0.0,0.0,0,1.0,1.0,1.1,12.0,0.0225751536670429,0.2462744036404682,0.0745632785387212,0.0833269184347048,20.64587971885682,0.0745632785387212,1.0,0.0745632785387212,1.0,1568,336,1232,32,894.7996338796229,,203.275165385749,0.9403038595414984,1.0680626998718143,-0.2794599065469951,,,-0.2794599065469951,-0.2794599065469951,-0.2794599065469951,-0.2794599065469951,1.0,1.0,4.4019132006686075,-0.31862689278439743,5.0,4.4019132006686075,4.4019132006686075,0.0738273028109688,0.0738273028109688,0.0738273028109688,1,functional_form,fSigPowExpQ,/Users/emryspeets/Desktop/gp_mods/funcform_studies/func_form_inputs/funcform_2021_dataset_mod_toys_2.root,fSigPowExpQ,fSigPowExpQ,1.0,1.0,0.0
2021,0.22,986.3404080983051,1,5.0,0.0,197.26808161966105,262466.66666666645,1863925.4567714788,0.9716331135920422,0.0283668864079578,resolution_scaled_local,default,fixed_hist,profiled,none,,,0.0,0.0,0,1.0,1.0,1.1,12.0,0.0225751536670429,0.2462744036404682,0.0745632785387212,0.0898329091398496,20.24555322846524,0.0745632785387212,1.0,0.0745632785387212,1.0,1568,336,1232,32,908.4035369181069,,212.7481369597417,0.9209837997710517,1.0784721745808157,-0.3663339773214865,,,-0.3663339773214865,-0.3663339773214865,-0.3663339773214865,-0.3663339773214865,1.0,1.0,4.269854250662622,-0.3638117720158917,5.0,4.269854250662622,4.269854250662622,0.0920466571697034,0.0920466571697034,0.0920466571697034,1,functional_form,fSigPowExpQ,/Users/emryspeets/Desktop/gp_mods/funcform_studies/func_form_inputs/funcform_2021_dataset_mod_toys_2.root,fSigPowExpQ,fSigPowExpQ,1.0,1.0,0.0
2021,0.22,1004.433720355706,1,5.0,0.0,200.8867440711412,264533.3333333331,1878602.035171254,0.9716331135920422,0.0283668864079578,resolution_scaled_local,default,fixed_hist,profiled,none,,,0.0,0.0,0,1.0,1.0,1.1,12.0,0.0225751536670429,0.2462744036404682,0.0745632785387212,0.0905871877545192,20.660393929257378,0.0745632785387212,1.0,0.0745632785387212,1.0,1568,336,1232,32,790.1375768236838,,215.89012573797768,0.7866497916297233,1.0746857725043482,-0.9926166970327758,,,-0.9926166970327758,-0.9926166970327758,-0.9926166970327758,-0.9926166970327758,1.0,1.0,3.659906047684001,-0.34747725528322315,5.0,3.659906047684001,3.659906047684001,0.8366848101650248,0.8366848101650248,0.8366848101650248,1,functional_form,fSigPowExpQ,/Users/emryspeets/Desktop/gp_mods/funcform_studies/func_form_inputs/funcform_2021_dataset_mod_toys_2.root,fSigPowExpQ,fSigPowExpQ,1.0,1.0,0.0
2021,0.22,1041.728191178515,1,5.0,0.0,208.345638235703,258666.6666666664,1836939.4900364075,0.9716331135920422,0.0283668864079578,resolution_scaled_local,default,fixed_hist,profiled,none,,,0.0,0.0,0,1.0,1.0,1.1,12.0,0.0225751536670429,0.2462744036404682,0.0745632785387212,0.0901967488151638,20.8190369295545,0.0745632785387212,1.0,0.0745632785387212,1.0,1568,336,1232,32,762.9988532327095,,221.11667224714225,0.7324356388680651,1.0612973428173778,-1.260553241477285,,,-1.260553241477285,-1.260553241477285,-1.260553241477285,-1.260553241477285,0.0,1.0,3.450661795325434,-0.28878496319728075,5.0,3.450661795325434,3.450661795325434,1.632970966740686,1.632970966740686,1.632970966740686,1,functional_form,fSigPowExpQ,/Users/emryspeets/Desktop/gp_mods/funcform_studies/func_form_inputs/funcform_2021_dataset_mod_toys_2.root,fSigPowExpQ,fSigPowExpQ,1.0,1.0,0.0
