dataset,mass_GeV,sigma_val,blind_lo,blind_hi,integral_density,density_nsigma,density_window_lo,density_window_hi,density_window_width,density_source_lo,density_source_hi,density_source_n_bins,density_source_bin_width_median,density_window_fully_covered,A_up,eps2_up,p0_analytic,Z_analytic,A_hat,sigma_A,extract_success,cls_statistic,cls_calibration,signal_model,global_method,visibility,kernel_str,ls_lo,ls_hi,ls_init,ls_opt,sigma_x,const_opt,lml,n_train,n_train_low,n_train_high,n_full,n_blind,train_domain_lo,train_domain_hi,bin_width_median,const_init,const_lo,const_hi,const_at_lower,const_at_upper,ls_at_lower,ls_at_upper,optimizer_restarts,ls_lo_over_sigma_x,ls_hi_over_sigma_x,ls_opt_over_sigma_x,ls_lo_over_sigma,ls_hi_over_sigma,ls_opt_over_sigma
2021,0.05,0.0019941875000000003,0.045513078125,0.054486921875000004,432274745.5035101,1.64,0.046729532500000004,0.0532704675,0.006540934999999998,0.0,1.0,8000,0.0001250000000000001,True,22917.993891648453,3.4432349132582584e-05,0.00015110111249127563,3.6134049018115912,16888.146139985092,4682.260207892874,True,tilde_q_mu,asymptotic,default,sidak_approx,observed,7.31**2 * RBF(length_scale=0.328),0.04301982086534748,0.586633920891102,0.1588612167593829,0.3279652693186367,0.0391089280594068,53.505292409202255,1683.6256089168749,402,9,393,416,14,0.04,0.3,0.0006250000000000006,1.0,1e-08,1e+18,False,False,False,False,12,1.1,15.0,8.385943711381058,21.57260581833327,294.1718975227264,164.46059827304936
2021,0.051,0.002001485875,0.04649665678125,0.055503343218749994,505722115.71658146,1.64,0.047717563165,0.054282436834999996,0.006564873669999999,0.0,1.0,8000,0.0001250000000000001,True,17825.468968075078,2.2442889143061566e-05,0.009198308858277616,2.357537084259477,11501.395016603914,4896.907563879872,True,tilde_q_mu,asymptotic,default,sidak_approx,observed,7.32**2 * RBF(length_scale=0.328),0.042343747393388226,0.5774147371825666,0.15636465000913172,0.32835823259892205,0.03849431581217111,53.57937505410082,1677.5231959011946,401,10,391,416,15,0.04,0.3,0.0006250000000000006,1.0,1e-08,1e+18,False,False,False,False,12,1.1,15.0,8.530044648698548,21.15615599504954,288.4930362961301,164.05723202964
2021,0.052,0.002008956,0.047479849,0.056520151,582496150.2912881,1.64,0.04870531216,0.055294687839999995,0.006589375679999995,0.0,1.0,8000,0.0001250000000000001,True,7758.341274426561,8.31749212623879e-06,0.5,0.0,-537.0376570123466,4918.746252603691,True,tilde_q_mu,asymptotic,default,sidak_approx,observed,7.69**2 * RBF(length_scale=0.322),0.04169678269108093,0.5685924912420126,0.15397557451459154,0.3219790110947595,0.03790616608280084,59.083914777816126,1674.7373990883223,402,12,390,416,14,0.04,0.3,0.0006250000000000006,1.0,1e-08,1e+18,False,False,False,False,12,1.1,15.0,8.494106483663908,20.75544844739304,283.02884246445046,160.27180838941197
2021,0.053,0.002016597875,0.048462654781249996,0.05753734521875,661992830.0519445,1.64,0.049692779485,0.056307220515,0.006614441030000001,0.0,1.0,8000,0.0001250000000000001,True,5649.884622663312,5.229140921093139e-06,0.5,0.0,-7992.309592534484,5057.208786761304,True,tilde_q_mu,asymptotic,default,sidak_approx,observed,7.66**2 * RBF(length_scale=0.321),0.04107730626946746,0.5601450854927381,0.15168800622370326,0.3207594076676325,0.037343005699515874,58.60963059876016,1670.8646234098371,402,14,388,416,14,0.04,0.3,0.0006250000000000006,1.0,1e-08,1e+18,False,False,False,False,12,1.1,15.0,8.58954445843632,20.369607039017364,277.76736871387317,159.05967751137914
2021,0.054,0.0020244115,0.049445074125,0.058554925875,743432117.467634,1.64,0.05067996514,0.05732003486,0.0066400697200000025,0.0,1.0,8000,0.0001250000000000001,True,5242.802715780064,4.240805540036044e-06,0.4999311292015692,0.00017263349150062197,-15009.328940291825,5447.906475256706,True,tilde_q_mu,asymptotic,default,sidak_approx,observed,7.43**2 * RBF(length_scale=0.319),0.040483815711204366,0.552052032425514,0.14949639709274043,0.31893517772454577,0.0368034688283676,55.158268330079835,1665.4603607921442,401,15,386,416,15,0.04,0.3,0.0006250000000000006,1.0,1e-08,1e+18,False,False,False,False,12,1.1,15.0,8.6658999240505,19.99781947059892,272.6975382354398,157.54463839221708
2021,0.055,0.002032396875,0.05042710703125,0.05957289296875,825863093.242175,1.64,0.051666869125,0.058333130875,0.006666261749999999,0.0,1.0,8000,0.0001250000000000001,True,5338.889186129013,3.816805952172566e-06,0.5,0.0,-15307.975237167288,5553.479655685644,True,tilde_q_mu,asymptotic,default,sidak_approx,observed,7.53**2 * RBF(length_scale=0.32),0.03991491610836469,0.5442943105686093,0.14739559608280783,0.3201024921347493,0.03628628737124062,56.70662902485392,1669.8956321270532,402,17,385,416,14,0.04,0.3,0.0006250000000000006,1.0,1e-08,1e+18,False,False,False,False,12,1.1,15.0,8.821582898790922,19.639331569216612,267.8090668529538,157.4999922860781
2021,0.056,0.002040554,0.0514087535,0.0605912465,908527012.009006,1.64,0.05265349144,0.059346508560000004,0.0066930171200000055,0.0,1.0,8000,0.0001250000000000001,True,6217.718553957495,3.968488358622409e-06,0.5,0.0,-10889.607942827655,5816.06539133188,True,tilde_q_mu,asymptotic,default,sidak_approx,observed,7.57**2 * RBF(length_scale=0.321),0.03936931061422127,0.5368542356484718,0.14538081426998897,0.321070346782555,0.035790282376564786,57.264487735780996,1663.7513624893666,401,18,383,416,15,0.04,0.3,0.0006250000000000006,1.0,1e-08,1e+18,False,False,False,False,12,1.1,15.0,8.970880514560832,19.293442180026243,263.0923933639942,157.34469501054863
2021,0.057,0.002048882875,0.05239001353125,0.06160998646875,990697171.4243577,1.64,0.053639832085000005,0.060360167915,0.006720335829999993,0.0,1.0,8000,0.0001250000000000001,True,8336.678698651871,4.793990920433426e-06,0.4999311292015692,0.00017263349150062197,-2561.386365933715,5856.885560317341,True,tilde_q_mu,asymptotic,default,sidak_approx,observed,7.9**2 * RBF(length_scale=0.323),0.03884579197431144,0.5297153451042469,0.14344759357172976,0.3225029035244003,0.035314356340283126,62.37211433128432,1661.223812554964,401,20,381,416,15,0.04,0.3,0.0006250000000000006,1.0,1e-08,1e+18,False,False,False,False,12,1.1,15.0,9.132345508914765,18.959498587400432,258.53861710091496,157.40426525083836
2021,0.058,0.0020573835,0.053370887125,0.062629112875,1071511910.2598512,1.64,0.05462589106,0.061374108940000005,0.006748217880000004,0.0,1.0,8000,0.0001250000000000001,True,14483.199696524847,7.567622235154671e-06,0.1439714752230769,1.0626450467679487,6338.384626436117,5962.84793133359,True,tilde_q_mu,asymptotic,default,sidak_approx,observed,7.93**2 * RBF(length_scale=0.32),0.038343234920351146,0.5228622943684247,0.14159177865950517,0.3196044479109109,0.03485748629122831,62.878889664593835,1659.0967189866685,401,21,380,416,15,0.04,0.3,0.0006250000000000006,1.0,1e-08,1e+18,False,False,False,False,12,1.1,15.0,9.16888972545727,18.63689240258374,254.13944185341464,155.3451011495479
2021,0.059,0.002066055875,0.054351374281249996,0.06364862571874999,1150639439.2045214,1.64,0.055611668365,0.062388331634999995,0.006776663269999997,0.0,1.0,8000,0.0001250000000000001,True,18575.011750988626,8.885006539922955e-06,0.038153229792881826,1.7725309668123908,10704.000555248109,6039.848227460407,True,tilde_q_mu,asymptotic,default,sidak_approx,observed,7.78**2 * RBF(length_scale=0.318),0.03786058932616019,0.516280763538548,0.13980949168539802,0.31838744011154557,0.034418717569236534,60.46455437881152,1658.0327988941374,401,23,378,416,15,0.04,0.3,0.0006250000000000006,1.0,1e-08,1e+18,False,False,False,False,12,1.1,15.0,9.250415547037127,18.325055863341635,249.88712540920412,154.10398332598123
2021,0.06,0.0020749,0.055331475,0.064668525,1227129811.8816187,1.64,0.056597164,0.063402836,0.006805672000000006,0.0,1.0,8000,0.0001250000000000001,True,19067.998468932536,8.40975363129199e-06,0.031938104125861684,1.853042912072282,11200.388335164816,6055.788049651425,True,tilde_q_mu,asymptotic,default,sidak_approx,observed,7.76**2 * RBF(length_scale=0.317),0.03739687403797581,0.5099573732451246,0.13809710949902224,0.31745470118823066,0.03399715821634164,60.20529674949672,1662.5045329854777,402,25,377,416,14,0.04,0.3,0.0006250000000000006,1.0,1e-08,1e+18,False,False,False,False,12,1.1,15.0,9.337683437189101,18.023458498229218,245.77443406676204,152.9975908179819
2021,0.061,0.002083915875,0.05631118928125,0.06568881071875,1300223062.3842113,1.64,0.057582377965,0.064417622035,0.006835244069999996,0.0,1.0,8000,0.0001250000000000001,True,17440.85139234143,7.140685467327643e-06,0.07505448219643468,1.4391466950711573,9076.145725627111,6310.6961893411235,True,tilde_q_mu,asymptotic,default,sidak_approx,observed,7.7**2 * RBF(length_scale=0.317),0.03695117130287354,0.5038796086755482,0.13645124307310308,0.3167288223427129,0.03359197391170321,59.35018128384954,1656.3870090471203,401,26,375,416,15,0.04,0.3,0.0006250000000000006,1.0,1e-08,1e+18,False,False,False,False,12,1.1,15.0,9.428705296546052,17.731604114236877,241.79460155777554,151.9873360256027
2021,0.062,0.0020931035,0.057290517125,0.066709482875,1369521031.0053122,1.64,0.05856731026,0.06543268974,0.006865379479999996,0.0,1.0,8000,0.0001250000000000001,True,13376.367110581292,5.115613279038039e-06,0.2548729813053887,0.6592333058343619,4196.455587817406,6366.687434777518,True,tilde_q_mu,asymptotic,default,sidak_approx,observed,7.99**2 * RBF(length_scale=0.32),0.0365226217287332,0.49803575084636176,0.13486871889191832,0.3199544252950776,0.03320238338975745,63.87851499142001,1654.209305844853,401,28,373,416,15,0.04,0.3,0.0006250000000000006,1.0,1e-08,1e+18,False,False,False,False,12,1.1,15.0,9.636489692296603,17.449028071824063,237.94129188850994,152.86125377702422
2021,0.063,0.0021024628750000002,0.05826945853125,0.06773054146875,1434805820.2432122,1.64,0.059551960885,0.066448039115,0.006896078229999998,0.0,1.0,8000,0.0001250000000000001,True,10448.325431805606,3.753469868974617e-06,0.5,0.0,-272.27216513044925,6461.071356718222,True,tilde_q_mu,asymptotic,default,sidak_approx,observed,7.99**2 * RBF(length_scale=0.32),0.03611041971749458,0.49241481432947154,0.13334656208747708,0.31955920145353645,0.032827654288631436,63.77037651124502,1654.034665020152,401,29,372,416,15,0.04,0.3,0.0006250000000000006,1.0,1e-08,1e+18,False,False,False,False,12,1.1,15.0,9.734451284391744,17.17529481584524,234.20856567061688,151.9927915271923
2021,0.064,0.0021119940000000003,0.0592480135,0.0687519865,1495426122.7361658,1.64,0.06053632984,0.06746367016,0.006927340320000003,0.0,1.0,8000,0.0001250000000000001,True,9147.738120201371,3.10376412108762e-06,0.5,0.0,-2973.0053283749994,6463.895819564277,True,tilde_q_mu,asymptotic,default,sidak_approx,observed,8.36**2 * RBF(length_scale=0.323),0.035713809320656736,0.48700649073622815,0.13188198113493682,0.32296886876692815,0.03246709938241521,69.8924889134914,1653.4363102404125,401,31,370,416,15,0.04,0.3,0.0006250000000000006,1.0,1e-08,1e+18,False,False,False,False,12,1.1,15.0,9.94757384892394,16.909995634768247,230.59084956502153,152.92130032894417
2021,0.065,0.002121696875,0.060226182031250006,0.06977381796875,1551586298.2796452,1.64,0.061520417125000004,0.068479582875,0.006959165749999996,0.0,1.0,8000,0.0001250000000000001,True,8614.101711951229,2.77357954053372e-06,0.5,0.0,-5125.7728118575105,6602.76019131525,True,tilde_q_mu,asymptotic,default,sidak_approx,observed,8.14**2 * RBF(length_scale=0.319),0.03533208047215282,0.4818010973475384,0.1304723539415717,0.3194735135130751,0.03212007315650256,66.3396458864587,1648.8060872777844,400,32,368,416,16,0.04,0.3,0.0006250000000000006,1.0,1e-08,1e+18,False,False,False,False,12,1.1,15.0,9.94622621052154,16.652746623927047,227.08290850809607,150.57453177097935
2021,0.066,0.0021315715000000002,0.061203964125,0.070796035875,1602114726.6715486,1.64,0.06250422274,0.06949577726,0.0069915545199999984,0.0,1.0,8000,0.0001250000000000001,True,9568.177817392178,2.938404712111425e-06,0.5,0.0,-2026.5385975990039,6488.136722945293,True,tilde_q_mu,asymptotic,default,sidak_approx,observed,8.35**2 * RBF(length_scale=0.323),0.03496456555911767,0.47678953035160454,0.12911521518349262,0.3229842458709282,0.03178596869010697,69.76759289233088,1655.304942720981,401,34,367,416,15,0.04,0.3,0.0006250000000000006,1.0,1e-08,1e+18,False,False,False,False,12,1.1,15.0,10.161220789582337,16.403186831461046,223.67982042901423,151.5240027702229
2021,0.067,0.002141617875,0.06218135978125,0.07181864021875001,1647744838.0851672,1.64,0.063487746685,0.07051225331500001,0.00702450663000001,0.0,1.0,8000,0.0001250000000000001,True,10271.144134481205,3.0211617894045113e-06,0.5,0.0,-1022.7824805377622,6613.698222626604,True,tilde_q_mu,asymptotic,default,sidak_approx,observed,8.14**2 * RBF(length_scale=0.32),0.034610636295701006,0.4719632222141046,0.1278082447614374,0.32015795570525946,0.03146421481427364,66.26055570667431,1649.442068820422,400,35,365,416,16,0.04,0.3,0.0006250000000000006,1.0,1e-08,1e+18,False,False,False,False,12,1.1,15.0,10.175304154102738,16.16097656810088,220.37695320137564,149.49350182523082
2021,0.068,0.002151836,0.063158369,0.072841631,1687962304.903191,1.64,0.06447098896,0.07152901104,0.007058022080000004,0.0,1.0,8000,0.0001250000000000001,True,11323.651122721636,3.203573894126341e-06,0.4579048525283494,0.10571345445865803,670.5193408686341,6628.012820762745,True,tilde_q_mu,asymptotic,default,sidak_approx,observed,8.11**2 * RBF(length_scale=0.32),0.034269700869136305,0.46731410276094953,0.12654925726193167,0.3202457857530482,0.031154273517396636,65.77085925242635,1650.5854386405629,400,37,363,416,16,0.04,0.3,0.0006250000000000006,1.0,1e-08,1e+18,False,False,False,False,12,1.1,15.0,10.279353346956462,15.92579586415336,217.16994360209122,148.82443910830017
2021,0.069,0.0021622258750000002,0.06413499178125001,0.07386500821875,1723393676.2414908,1.64,0.065453949565,0.07254605043500001,0.0070921008700000066,0.0,1.0,8000,0.0001250000000000001,True,10950.985476774786,2.9904706149234594e-06,0.4774016991857444,0.05667586710047387,298.737166455091,6545.697647044553,True,tilde_q_mu,asymptotic,default,sidak_approx,observed,8.18**2 * RBF(length_scale=0.322),0.03394120133079781,0.4628345636017883,0.12533619232312843,0.32194666998763644,0.030855637573452555,66.92883624290464,1656.35694238176,401,39,362,416,15,0.04,0.3,0.0006250000000000006,1.0,1e-08,1e+18,False,False,False,False,12,1.1,15.0,10.433965891038063,15.697343058942815,214.05467807649293,148.89594732448404
2021,0.07,0.0021727875000000004,0.065111228125,0.07488877187500001,1753392412.517754,1.64,0.06643662850000001,0.0735633715,0.007126742999999991,0.0,1.0,8000,0.0001250000000000001,True,10238.83878362161,2.7089030612800126e-06,0.5,0.0,-1221.402264430142,6648.160393568005,True,tilde_q_mu,asymptotic,default,sidak_approx,observed,8.26**2 * RBF(length_scale=0.322),0.0336246112080568,0.4585174255644109,0.1241671058160028,0.3220376985843894,0.030567828370960726,68.20724392972151,1650.6807894855808,400,40,360,416,16,0.04,0.3,0.0006250000000000006,1.0,1e-08,1e+18,False,False,False,False,12,1.1,15.0,10.535184072491178,15.475333509630737,211.02727513132822,148.21407918831886
2021,0.071,0.002183520875,0.06608707803125,0.07591292196874999,1778998652.0555534,1.64,0.06741902576499999,0.074580974235,0.0071619484700000124,0.0,1.0,8000,0.0001250000000000001,True,8853.578853919495,2.276170623418669e-06,0.5,0.0,-4135.762537765119,6545.314565486076,True,tilde_q_mu,asymptotic,default,sidak_approx,observed,8.34**2 * RBF(length_scale=0.324),0.03331943331543279,0.45435590884681076,0.12304016176149221,0.32379092194777903,0.030290393923120718,69.54628344457714,1657.3807353013378,401,42,359,416,15,0.04,0.3,0.0006250000000000006,1.0,1e-08,1e+18,False,False,False,False,12,1.1,15.0,10.68955797569304,15.259498407787282,208.08406919709927,148.28844810003432
2021,0.072,0.002194426,0.06706254149999999,0.0769374585,1799490787.5505345,1.64,0.06840114136,0.07559885863999999,0.007197717279999988,0.0,1.0,8000,0.0001250000000000001,True,8516.92756523527,2.134620872415989e-06,0.5,0.0,-5595.391176761912,6621.6412535985,True,tilde_q_mu,asymptotic,default,sidak_approx,observed,8.34**2 * RBF(length_scale=0.323),0.03302519774590684,0.4503436056260024,0.12195362491292916,0.3232275046387396,0.030022907041733493,69.51004337326167,1651.61521224056,400,43,357,416,16,0.04,0.3,0.0006250000000000006,1.0,1e-08,1e+18,False,False,False,False,12,1.1,15.0,10.766029558344753,15.049583693369856,205.22159581867984,147.29478443963916
2021,0.073,0.002205502875,0.06803761853125,0.07796238146875,1816471316.4972901,1.64,0.069382975285,0.076617024715,0.00723404943,0.0,1.0,8000,0.0001250000000000001,True,8724.467177734794,2.1365223025731076e-06,0.5,0.0,-4737.464885195958,6606.8574871394685,True,tilde_q_mu,asymptotic,default,sidak_approx,observed,8.2**2 * RBF(length_scale=0.321),0.0327414600253253,0.4464744548907995,0.12090585394072537,0.32137136851258413,0.029764963659386634,67.22295087198113,1651.6377272562925,400,45,355,416,16,0.04,0.3,0.0006250000000000006,1.0,1e-08,1e+18,False,False,False,False,12,1.1,15.0,10.796968280901527,14.845349056879055,202.43657804835075,145.71342080548595
2021,0.074,0.0022167515,0.06901230912499999,0.078987690875,1829474701.9884825,1.64,0.07036452754,0.07763547246,0.007270944919999994,0.0,1.0,8000,0.0001250000000000001,True,8920.54535117452,2.1397015405482896e-06,0.5,0.0,-3953.372436260323,6541.732708598596,True,tilde_q_mu,asymptotic,default,sidak_approx,observed,8.33**2 * RBF(length_scale=0.324),0.03246779941465823,0.442742719290794,0.11989529516304563,0.3243400558734228,0.029516181286052934,69.34237075755962,1653.3122678709035,400,46,354,416,16,0.04,0.3,0.0006250000000000006,1.0,1e-08,1e+18,False,False,False,False,12,1.1,15.0,10.9885507454408,14.646567021453794,199.72591392891536,146.3132226924952
2021,0.075,0.002228171875,0.06998661328125,0.08001338671875,1838368958.6354597,1.64,0.071345798125,0.078654201875,0.007308403749999998,0.0,1.0,8000,0.0001250000000000001,True,10469.994021877777,2.465882702398576e-06,0.5,0.0,-422.36816901564714,6527.134858897626,True,tilde_q_mu,asymptotic,default,sidak_approx,observed,8.32**2 * RBF(length_scale=0.322),0.03220381734646103,0.43914296381537765,0.11892047677205961,0.32229653193461505,0.029276197587691843,69.2496201832534,1651.6896590457288,400,48,352,416,16,0.04,0.3,0.0006250000000000006,1.0,1e-08,1e+18,False,False,False,False,12,1.1,15.0,11.00882486426835,14.45302209752604,197.08666496626415,144.64617184642233
2021,0.076,0.002239764,0.070960531,0.081039469,1844398591.748667,1.64,0.07232678703999999,0.07967321296,0.00734642592000001,0.0,1.0,8000,0.0001250000000000001,True,11466.21105051426,2.6562654844963325e-06,0.41848280003804167,0.2057763701420053,1332.5595777683757,6476.284237476759,True,tilde_q_mu,asymptotic,default,sidak_approx,observed,8.29**2 * RBF(length_scale=0.323),0.031949135983339885,0.43567003613645294,0.11798000351072269,0.32267564359154477,0.02904466907576353,68.65182691947983,1650.0970368677456,400,50,350,416,16,0.04,0.3,0.0006250000000000006,1.0,1e-08,1e+18,False,False,False,False,12,1.1,15.0,11.109634017514184,14.264510003437811,194.51604550142468,144.06680507033096
2021,0.077,0.002251527875,0.07193406228125,0.08206593771875,1847461207.5520144,1.64,0.073307494285,0.080692505715,0.007385011430000005,0.0,1.0,8000,0.0001250000000000001,True,13194.89582249385,3.0120337551817664e-06,0.2912574435903927,0.5497149704254646,3723.1166996588163,6469.729908381325,True,tilde_q_mu,asymptotic,default,sidak_approx,observed,8.1**2 * RBF(length_scale=0.32),0.03170339688744357,0.4323190484651396,0.11707255175954898,0.32045365007621446,0.028821269897675972,65.59239695407125,1650.764275864615,400,51,349,416,16,0.04,0.3,0.0006250000000000006,1.0,1e-08,1e+18,False,False,False,False,12,1.1,15.0,11.118651302108466,14.080836946086475,192.0114129011792,142.32719640489213
2021,0.078,0.0022634635,0.072907207125,0.083092792875,1847769944.3645077,1.64,0.07428791986,0.08171208014,0.007424160280000008,0.0,1.0,8000,0.0001250000000000001,True,13980.504907102943,3.149925461829297e-06,0.22712465735403298,0.7483495991163212,4816.195441889317,6440.550856002827,True,tilde_q_mu,asymptotic,default,sidak_approx,observed,8.08**2 * RBF(length_scale=0.32),0.03146625979113593,0.42908536078821724,0.11619686499701846,0.3203649042535068,0.028605690719214483,65.31562581965966,1650.2319914929578,400,53,347,416,16,0.04,0.3,0.0006250000000000006,1.0,1e-08,1e+18,False,False,False,False,12,1.1,15.0,11.199341676385993,13.901818956274722,189.57025849465532,141.53747310416395
2021,0.079,0.002275570875,0.07387996553125,0.08412003446875001,1845689661.7151535,1.64,0.075268063765,0.082731936235,0.007463872469999994,0.0,1.0,8000,0.0001250000000000001,True,14528.920190989367,3.2356943405092426e-06,0.20481296324015102,0.8245520979786761,5439.263965095592,6482.673039905549,True,tilde_q_mu,asymptotic,default,sidak_approx,observed,8.05**2 * RBF(length_scale=0.32),0.03123740145998717,0.4259645653634614,0.11535174960089417,0.3197748920386652,0.028397637690897426,64.79194574055143,1644.1569544254219,399,54,345,416,17,0.04,0.3,0.0006250000000000006,1.0,1e-08,1e+18,False,False,False,False,12,1.1,15.0,11.260615954022324,13.727281273973578,187.19019919054878,140.52512956278068
2021,0.08,0.00228785,0.0748523375,0.0851476625,1840971776.2432175,1.64,0.07624792600000001,0.083752074,0.007504147999999988,0.0,1.0,8000,0.0001250000000000001,True,14211.947193631333,3.1335482750548026e-06,0.20549981985379123,0.8221357519378478,5233.835472800752,6372.478156768548,True,tilde_q_mu,asymptotic,default,sidak_approx,observed,8.22**2 * RBF(length_scale=0.322),0.031016514640084793,0.4229524723647926,0.11453607096091016,0.32173709533780365,0.028196831490986174,67.5216366278992,1648.97623829784,400,56,344,416,16,0.04,0.3,0.0006250000000000006,1.0,1e-08,1e+18,False,False,False,False,12,1.1,15.0,11.41039891097888,13.557057779174679,184.86896971601834,140.62857938142957
2021,0.081,0.0023003008750000003,0.07582432303125,0.08617567696875,1834117166.8439004,1.64,0.077227506565,0.084772493435,0.007544986869999992,0.0,1.0,8000,0.0001250000000000001,True,4264.968147103339,9.322311689833397e-07,0.5,0.0,-31714.363825822464,5533.992306986633,True,tilde_q_mu,asymptotic,default,sidak_approx,observed,2.25**2 * RBF(length_scale=0.416),0.030803307082474033,0.4200450965791913,0.11374874987627905,0.41598438572322666,0.028003006438612754,5.050138977484689,1422.4652674542237,399,57,342,416,17,0.04,0.3,0.0006250000000000006,1.0,1e-08,1e+18,False,False,False,False,12,1.1,15.0,14.854990182398222,13.390990464442625,182.6044154242176,180.83911989262126
2021,0.082,0.0023129235000000003,0.076795922125,0.08720407787500001,1825600864.265104,1.64,0.07820680546,0.08579319454,0.0075863890800000056,0.0,1.0,8000,0.0001250000000000001,True,12746.68169313989,2.7650142753873647e-06,0.29699994484214226,0.5330486702696586,3395.140533816008,6351.04468261995,True,tilde_q_mu,asymptotic,default,sidak_approx,observed,8.27**2 * RBF(length_scale=0.323),0.030597500638200884,0.41723864506637565,0.11298875921391695,0.322651677578215,0.02781590967109171,68.41264681996881,1641.8433033924814,399,59,340,416,17,0.04,0.3,0.0006250000000000006,1.0,1e-08,1e+18,False,False,False,False,12,1.1,15.0,11.599537149544952,13.228928945639957,180.39448562236302,139.4995025033102
2021,0.083,0.002325717875,0.07776713478125,0.08823286521875001,1815668681.2943528,1.64,0.079185822685,0.086814177315,0.0076283546300000005,0.0,1.0,8000,0.0001250000000000001,True,10345.863771902537,2.2293177956726656e-06,0.5,0.0,-86.86596349591646,6331.44643883518,True,tilde_q_mu,asymptotic,default,sidak_approx,observed,8.18**2 * RBF(length_scale=0.32),0.03039883041806504,0.41452950570088687,0.11225512080562555,0.3202008133351842,0.027635300380059125,66.91069287951892,1644.9928999474353,399,60,339,416,17,0.04,0.3,0.0006250000000000006,1.0,1e-08,1e+18,False,False,False,False,12,1.1,15.0,11.586659415007926,13.070730007639055,178.2372273768962,137.67826991276152
2021,0.084,0.002338684,0.07873796100000001,0.089262039,1803665927.1918254,1.64,0.08016455824,0.08783544176000001,0.007670883520000005,0.0,1.0,8000,0.0001250000000000001,True,9582.783115433092,2.0538853341558823e-06,0.5,0.0,-1336.5905369019627,6276.041161464211,True,tilde_q_mu,asymptotic,default,sidak_approx,observed,8.2**2 * RBF(length_scale=0.321),0.03020704401176735,0.4119142365241002,0.11154690256460302,0.3213752575466906,0.02746094910160668,67.25059680728883,1644.8490776419678,399,62,337,416,17,0.04,0.3,0.0006250000000000006,1.0,1e-08,1e+18,False,False,False,False,12,1.1,15.0,11.702991632138732,12.916257182144893,176.13077975652126,137.41713611017587
2021,0.085,0.002351821875,0.07970840078125001,0.09029159921875,1790440672.4133158,1.64,0.08114301212500001,0.088856987875,0.007713975749999991,0.0,1.0,8000,0.0001250000000000001,True,8491.696597562513,1.8119054452139634e-06,0.5,0.0,-3480.630249431994,6171.216630253782,True,tilde_q_mu,asymptotic,default,sidak_approx,observed,8.16**2 * RBF(length_scale=0.321),0.030021900761583443,0.4093895558397742,0.11086321580330612,0.3206204630883798,0.027292637055984947,66.62720231710502,1650.55588046851,400,64,336,416,16,0.04,0.3,0.0006250000000000006,1.0,1e-08,1e+18,False,False,False,False,12,1.1,15.0,11.74750766775289,12.76538035499965,174.07336847726796,136.32854872921862
2021,0.086,0.0023651315,0.080678454125,0.091321545875,1775696555.8627672,1.64,0.08212118433999999,0.08987881566,0.0077576313200000135,0.0,1.0,8000,0.0001250000000000001,True,8116.220100651497,1.7258638594034464e-06,0.5,0.0,-4747.2284986638315,6188.25538966582,True,tilde_q_mu,asymptotic,default,sidak_approx,observed,8.15**2 * RBF(length_scale=0.32),0.029843171086194876,0.4069523329935665,0.11020321273653119,0.32038636098969797,0.027130155532904432,66.3886026578216,1644.8337904735874,399,65,334,416,17,0.04,0.3,0.0006250000000000006,1.0,1e-08,1e+18,False,False,False,False,12,1.1,15.0,11.809234215451578,12.617975400604521,172.0633009173344,135.4623880277684
2021,0.087,0.002378612875,0.08164812103124999,0.09235187896875,1760136602.064715,1.64,0.083099074885,0.09090092511499999,0.00780185022999999,0.0,1.0,8000,0.0001250000000000001,True,7735.874438324983,1.6404526797309805e-06,0.5,0.0,-5884.857234900589,6153.067467722588,True,tilde_q_mu,asymptotic,default,sidak_approx,observed,8.08**2 * RBF(length_scale=0.319),0.029670635850672603,0.4045995797818991,0.10956608415492398,0.3189297916865887,0.026973305318793273,65.30251356877086,1644.2880111061093,399,67,332,416,17,0.04,0.3,0.0006250000000000006,1.0,1e-08,1e+18,False,False,False,False,12,1.1,15.0,11.823904705678723,12.473923841294521,170.098961472198,134.0822607321457
2021,0.088,0.002392266,0.08261740149999999,0.0933825985,1743632625.119082,1.64,0.08407668375999999,0.09192331624,0.007846632480000004,0.0,1.0,8000,0.0001250000000000001,True,7733.783607521025,1.636719586724865e-06,0.5,0.0,-5629.416758006987,6112.5739930977425,True,tilde_q_mu,asymptotic,default,sidak_approx,observed,8.05**2 * RBF(length_scale=0.319),0.029504085778974922,0.4023284424405671,0.10895105725548453,0.31856724597289904,0.026821896162704473,64.83719570225028,1644.3409038587986,399,68,331,416,17,0.04,0.3,0.0006250000000000006,1.0,1e-08,1e+18,False,False,False,False,12,1.1,15.0,11.87713366871739,12.333112529699841,168.17880722317963,133.16547824234388
2021,0.089,0.002406090875,0.08358629553125,0.09441370446875,1725874782.225614,1.64,0.085054010965,0.092945989035,0.00789197807,0.0,1.0,8000,0.0001250000000000001,True,8375.32296589276,1.7706070759416177e-06,0.49990260198329145,0.000244140625,-3285.8782190314214,6051.311123345072,True,tilde_q_mu,asymptotic,default,sidak_approx,observed,8.26**2 * RBF(length_scale=0.321),0.029343320905661587,0.4001361941681125,0.10835739361688726,0.32129089178471815,0.02667574627787417,68.16184545910703,1643.2331105814771,399,70,329,416,17,0.04,0.3,0.0006250000000000006,1.0,1e-08,1e+18,False,False,False,False,12,1.1,15.0,12.044307530815303,12.1954333523091,166.3013638951241,133.53231796979327
2021,0.09,0.0024200875,0.084554803125,0.095445196875,1707421799.183081,1.64,0.0860310565,0.0939689435,0.007937887000000005,0.0,1.0,8000,0.0001250000000000001,True,9683.307060875974,2.046257548075674e-06,0.49990260198329145,0.000244140625,-486.0830702632302,6055.446815367871,True,tilde_q_mu,asymptotic,default,sidak_approx,observed,8.33**2 * RBF(length_scale=0.322),0.02918815006379436,0.39802022814265037,0.10778438730842861,0.3218855476397026,0.02653468187617669,69.30630699163156,1638.3889087656603,398,71,327,416,18,0.04,0.3,0.0006250000000000006,1.0,1e-08,1e+18,False,False,False,False,12,1.1,15.0,12.13074832182922,12.060782952597524,164.46522208087532,133.00574778378987
2021,0.091,0.002434255875,0.08552292428125,0.09647707571875,1688209960.037576,1.64,0.087007820365,0.094992179635,0.007984359269999991,0.0,1.0,8000,0.0001250000000000001,True,11916.422555412239,2.518824833448481e-06,0.3099806478817971,0.4959052020434524,3062.443946717927,5969.252492826004,True,tilde_q_mu,asymptotic,default,sidak_approx,observed,8.32**2 * RBF(length_scale=0.321),0.029038390406266993,0.39597805099454986,0.10723136312242067,0.32142916629391727,0.02639853673296999,69.26008690012016,1645.198211133121,399,73,326,416,17,0.04,0.3,0.0006250000000000006,1.0,1e-08,1e+18,False,False,False,False,12,1.1,15.0,12.176022085817882,11.929062472229626,162.66903371222216,132.0441164772447
2021,0.092,0.002448596,0.086490659,0.097509341,1668257878.789034,1.64,0.08798430256,0.09601569743999999,0.008031394879999987,0.0,1.0,8000,0.0001250000000000001,True,12986.556900928092,2.747659629566985e-06,0.22526418524664876,0.7545344448278698,4491.80128477458,5970.752648025848,True,tilde_q_mu,asymptotic,default,sidak_approx,observed,8.28**2 * RBF(length_scale=0.322),0.028893866958057582,0.39400727670078517,0.10669767492077355,0.32204800055476207,0.026267151780052345,68.48997473324484,1641.874837600968,398,74,324,416,18,0.04,0.3,0.0006250000000000006,1.0,1e-08,1e+18,False,False,False,False,12,1.1,15.0,12.260484244787056,11.800177308979343,160.9115087588092,131.5235345294863
2021,0.093,0.0024631078750000004,0.08745800728125,0.09854199271875,1647188801.3305027,1.64,0.088960503085,0.097039496915,0.008078993829999992,0.0,1.0,8000,0.0001250000000000001,True,12934.977811339537,2.7419484183418464e-06,0.2226086294243732,0.7634127828599654,4516.1729239018205,5923.216576346159,True,tilde_q_mu,asymptotic,default,sidak_approx,observed,8.29**2 * RBF(length_scale=0.323),0.028754412197080106,0.39210562086927414,0.10618270408718702,0.3227177690492213,0.026140374724618276,68.79125023645359,1642.5453388333258,398,76,322,416,18,0.04,0.3,0.0006250000000000006,1.0,1e-08,1e+18,False,False,False,False,12,1.1,15.0,12.345567821768626,11.674036890113918,159.19141213791704,131.0205583461184
2021,0.094,0.0024777915,0.088424969125,0.099575030875,1625450307.8031468,1.64,0.08993642194,0.09806357806,0.008127156120000006,0.0,1.0,8000,0.0001250000000000001,True,11539.758471633375,2.452534303020522e-06,0.3083204721670083,0.5006166470291563,2811.7500527785037,5866.949176834834,True,tilde_q_mu,asymptotic,default,sidak_approx,observed,8.45**2 * RBF(length_scale=0.324),0.028619865661544754,0.39027089538470117,0.10568585807723252,0.3238811284487401,0.02601805969231341,71.4376193954296,1639.0124933580169,398,77,321,416,18,0.04,0.3,0.0006250000000000006,1.0,1e-08,1e+18,False,False,False,False,12,1.1,15.0,12.44831983164468,11.550554460108831,157.50756081966588,130.71363286569516
2021,0.095,0.002492646875,0.08939154453125,0.10060845546875,1603496027.5520115,1.64,0.090912059125,0.099087940875,0.008175881750000003,0.0,1.0,8000,0.0001250000000000001,True,9900.603289016162,2.1105229902753943e-06,0.4679276831372356,0.08048017105975466,472.77201153370896,5841.307138900476,True,tilde_q_mu,asymptotic,default,sidak_approx,observed,8.29**2 * RBF(length_scale=0.321),0.028490073581875566,0.38850100338921223,0.10520656905911886,0.3214667902579245,0.02590006689261415,68.68440608671885,1639.4571039769635,398,79,319,416,18,0.04,0.3,0.0006250000000000006,1.0,1e-08,1e+18,False,False,False,False,12,1.1,15.0,12.411813127386027,11.429646881640853,155.85882111328436,128.96603746085154
2021,0.096,0.002507674,0.0903577335,0.10164226650000001,1581239228.7143855,1.64,0.09188741464,0.10011258536,0.008225170720000008,0.0,1.0,8000,0.0001250000000000001,True,8206.74740447594,1.7555862686457143e-06,0.5,0.0,-2662.0076147670648,5785.4193360837135,True,tilde_q_mu,asymptotic,default,sidak_approx,observed,8.34**2 * RBF(length_scale=0.322),0.028364888535421875,0.38679393457393463,0.1047442926386298,0.3221561348571752,0.025786262304928975,69.59183446889861,1639.7878925781051,398,81,317,416,18,0.04,0.3,0.0006250000000000006,1.0,1e-08,1e+18,False,False,False,False,12,1.1,15.0,12.493324199048264,11.311234448904392,154.24410612142353,128.46810823782326
2021,0.097,0.002522872875,0.09132353603125,0.10267646396875,1558363770.3660083,1.64,0.092862488485,0.101137511515,0.008275023029999995,0.0,1.0,8000,0.0001250000000000001,True,7467.260152111632,1.6041339369628311e-06,0.5,0.0,-4537.901232916692,5734.1611947763695,True,tilde_q_mu,asymptotic,default,sidak_approx,observed,8.37**2 * RBF(length_scale=0.323),0.028244169122330035,0.3851477607590459,0.10429850666220107,0.3227690874639612,0.025676517383936392,70.05233491255152,1639.707805690543,398,82,316,416,18,0.04,0.3,0.0006250000000000006,1.0,1e-08,1e+18,False,False,False,False,12,1.1,15.0,12.570594471113528,11.195240712368447,152.66237335047882,127.93711909243987
2021,0.098,0.0025382435000000005,0.092288952125,0.103711047875,1534811175.2125387,1.64,0.09383728066000001,0.10216271934,0.008325438679999991,0.0,1.0,8000,0.0001250000000000001,True,7377.025786432567,1.5926494471824697e-06,0.5,0.0,-4588.61639772234,5681.147615182831,True,tilde_q_mu,asymptotic,default,sidak_approx,observed,8.4**2 * RBF(length_scale=0.323),0.028127779661078645,0.3835606317419815,0.10386871009260962,0.32333519201258387,0.025570708782798768,70.49383461101861,1639.9675762657562,398,84,314,416,18,0.04,0.3,0.0006250000000000006,1.0,1e-08,1e+18,False,False,False,False,12,1.1,15.0,12.644748910131469,11.081592314164752,151.11262246588296,127.38541121550544
2021,0.099,0.0025537858750000002,0.09325398178125001,0.10474601821875,1511028905.8514876,1.64,0.094811791165,0.103188208835,0.008376417669999997,0.0,1.0,8000,0.0001250000000000001,True,7885.210440540282,1.7116905117657233e-06,0.5,0.0,-3013.3630091537166,5673.5464790675205,True,tilde_q_mu,asymptotic,default,sidak_approx,observed,8.38**2 * RBF(length_scale=0.323),0.028015589902298778,0.3820307713949833,0.10345442195218485,0.3231086024635957,0.025468718092998888,70.21235756176483,1634.554763073807,397,85,312,416,19,0.04,0.3,0.0006250000000000006,1.0,1e-08,1e+18,False,False,False,False,12,1.1,15.0,12.686488628275924,10.970218833361969,149.59389318220866,126.5214149810409
2021,0.1,0.0025695,0.094218625,0.10578137500000001,1487397833.440122,1.64,0.09578602,0.10421398000000001,0.008427960000000012,0.0,1.0,8000,0.0001250000000000001,True,8554.804945029413,1.8676818110295175e-06,0.5,0.0,-1149.4547538485572,5585.592877770224,True,tilde_q_mu,asymptotic,default,sidak_approx,observed,8.35**2 * RBF(length_scale=0.323),0.02790747475960709,0.3805564739946421,0.10305518032884395,0.3230256840652114,0.025370431599642806,69.69811571531719,1640.9401528491858,398,87,311,416,18,0.04,0.3,0.0006250000000000006,1.0,1e-08,1e+18,False,False,False,False,12,1.1,15.0,12.732368497418836,10.861052640438642,148.10526327870872,125.7153858981169
2021,0.101,0.0025853858750000003,0.09518288178125,0.10681711821875,1463545807.7925766,1.64,0.096759967165,0.10524003283500001,0.008480065670000009,0.0,1.0,8000,0.0001250000000000001,True,9499.539343435277,2.0868670118076215e-06,0.4600170401783352,0.10039079124347859,559.4558433227846,5575.922658233678,True,tilde_q_mu,asymptotic,default,sidak_approx,observed,8.37**2 * RBF(length_scale=0.324),0.02780331405629757,0.3791361007676941,0.10267054144068921,0.32351131452279047,0.025275740051179607,69.98445445621671,1635.231498557111,397,88,309,416,19,0.04,0.3,0.0006250000000000006,1.0,1e-08,1e+18,False,False,False,False,12,1.1,15.0,12.799281598391511,10.754028760328694,146.64584673175492,125.13076583695285
2021,0.102,0.0026014435,0.096146752125,0.10785324787499999,1439773239.9828668,1.64,0.09773363266,0.10626636733999999,0.008532734679999987,0.0,1.0,8000,0.0001250000000000001,True,33002.90939038352,7.297563453683421e-06,0.4298611686085651,0.176727629555682,3417.9552395176456,18744.992198709802,True,tilde_q_mu,asymptotic,default,sidak_approx,observed,1**2 * RBF(length_scale=0.102),0.027702992286787877,0.3777680766380165,0.10230007875509022,0.1023000787550902,0.025184538442534432,1.0,919.1396654111613,397,90,307,416,19,0.04,0.3,0.0006250000000000006,1.0,1e-08,1e+18,False,False,False,False,12,1.1,15.0,4.0620192023179795,10.649084743446428,145.21479195608765,39.324351559082565
2021,0.103,0.002617672875,0.09711023603124999,0.10888976396875,1415306075.6792226,1.64,0.098707016485,0.107292983515,0.008585967030000002,0.0,1.0,8000,0.0001250000000000001,True,11040.055825700247,2.45925518546026e-06,0.2953934546117803,0.5376960463402809,2947.001057204853,5492.566472445995,True,tilde_q_mu,asymptotic,default,sidak_approx,observed,8.28**2 * RBF(length_scale=0.322),0.027606398391854504,0.3764508871616523,0.10194338215868473,0.322106749372008,0.02509672581077682,68.4904735095874,1633.8156260508804,397,91,306,416,19,0.04,0.3,0.0006250000000000006,1.0,1e-08,1e+18,False,False,False,False,12,1.1,15.0,12.834612443097724,10.546160544164444,143.81128014769695,123.05080304276294
2021,0.104,0.002634074,0.0980733335,0.10992666649999999,1390650623.4117515,1.64,0.09968011864,0.10831988136,0.00863976272,0.0,1.0,8000,0.0001250000000000001,True,11729.581378640953,2.6336075625211347e-06,0.23605109436569327,0.7190628614760464,3930.113084949546,5458.505076020878,True,tilde_q_mu,asymptotic,default,sidak_approx,observed,8.15**2 * RBF(length_scale=0.321),0.02751342554671399,0.3751830756370089,0.10160005717481663,0.3206592669151643,0.02501220504246726,66.39137466712931,1634.117672792654,397,93,304,416,19,0.04,0.3,0.0006250000000000006,1.0,1e-08,1e+18,False,False,False,False,12,1.1,15.0,12.820111876211204,10.445198406238394,142.4345237214326,121.73510194290832
2021,0.105,0.002650646875,0.09903604453124999,0.11096395546875,1366191403.4118524,1.64,0.100652939125,0.109347060875,0.008694121750000006,0.0,1.0,8000,0.0001250000000000001,True,11557.21176930966,2.616207256352635e-06,0.24890798786365192,0.6779301605178998,3740.340820918559,5447.716629757693,True,tilde_q_mu,asymptotic,default,sidak_approx,observed,8.14**2 * RBF(length_scale=0.321),0.027423970961116286,0.3739632403788584,0.10126972422533184,0.3205300891732738,0.024930882691923895,66.23723930567859,1628.7743531294718,396,94,302,416,20,0.04,0.3,0.0006250000000000006,1.0,1e-08,1e+18,False,False,False,False,12,1.1,15.0,12.8567485208659,10.346142754725216,141.08376483716202,120.9252323258917
2021,0.106,0.0026673915,0.099998369125,0.112001630875,1341676381.151068,1.64,0.10162547794,0.11037452206,0.008749044119999994,0.0,1.0,8000,0.0001250000000000001,True,10801.564469563691,2.4663399876166365e-06,0.2923783101002198,0.5464500411007175,2926.782105248978,5357.175364739101,True,tilde_q_mu,asymptotic,default,sidak_approx,observed,8.31**2 * RBF(length_scale=0.323),0.027337935690652106,0.37279003214525597,0.10095201793378446,0.32259518558746453,0.02485266880968373,69.09794509508923,1632.0428996932355,397,96,301,416,19,0.04,0.3,0.0006250000000000006,1.0,1e-08,1e+18,False,False,False,False,12,1.1,15.0,12.980303566503359,10.248940093965249,139.758274008617,120.94032150416035
2021,0.107,0.002684307875,0.10096030728125,0.11303969271875,1317225676.2626097,1.64,0.102597735085,0.111402264915,0.00880452982999999,0.0,1.0,8000,0.0001250000000000001,True,10292.742007164708,2.3714121670568216e-06,0.3305983804161435,0.43826145936614946,2327.9310826206624,5313.382417543678,True,tilde_q_mu,asymptotic,default,sidak_approx,observed,8.29**2 * RBF(length_scale=0.322),0.02725522445855613,0.37166215170758354,0.10064658646740152,0.3222444622222455,0.02477747678050557,68.71775184014822,1632.3325777762757,397,98,299,416,19,0.04,0.3,0.0006250000000000006,1.0,1e-08,1e+18,False,False,False,False,12,1.1,15.0,13.005539873042324,10.153538911238387,138.45734878961437,120.04750469327053
2021,0.108,0.002701396,0.101921859,0.114078141,1292640439.8447058,1.64,0.10356971056,0.11243028944,0.008860578879999997,0.0,1.0,8000,0.0001250000000000001,True,9438.955458014392,2.1955451103564623e-06,0.42460538605104986,0.1901255208045302,1112.0012350247866,5304.885085866722,True,tilde_q_mu,asymptotic,default,sidak_approx,observed,8.26**2 * RBF(length_scale=0.322),0.027175745487327554,0.3705783475544666,0.10035309091530065,0.32172918661120276,0.024705223170297774,68.19285001934712,1628.2856669145694,396,99,297,416,20,0.04,0.3,0.0006250000000000006,1.0,1e-08,1e+18,False,False,False,False,12,1.1,15.0,13.022719300832161,10.059889585728103,137.18031253265593,119.09738024754711
2021,0.109,0.002718655875,0.10288302428125,0.11511697571875,1268214292.8765628,1.64,0.104541404365,0.11345859563499999,0.008917191269999986,0.0,1.0,8000,0.0001250000000000001,True,8822.713902382697,2.072540266936729e-06,0.4716324672614481,0.07116688749590284,371.13280999161606,5220.6670654166055,True,tilde_q_mu,asymptotic,default,sidak_approx,observed,8.26**2 * RBF(length_scale=0.322),0.02709941033954029,0.3695374137210039,0.10007120470064278,0.3220406284861135,0.02463582758140026,68.2791740453402,1634.3608067453206,397,101,296,416,19,0.04,0.3,0.0006250000000000006,1.0,1e-08,1e+18,False,False,False,False,12,1.1,15.0,13.07204425838936,9.967944302454349,135.92651321528655,118.4558264425848
2021,0.11,0.0027360875000000005,0.103843803125,0.116156196875,1243647528.4440663,1.64,0.1055128165,0.1144871835,0.00897436700000001,0.0,1.0,8000,0.0001250000000000001,True,8069.433067810589,1.9154593926375284e-06,0.49990260198329145,0.000244140625,-885.9799135534734,5210.343398410768,True,tilde_q_mu,asymptotic,default,sidak_approx,observed,8.24**2 * RBF(length_scale=0.322),0.027026133767267792,0.36853818773546987,0.09980061302459649,0.32153007180169657,0.02456921251569799,67.91204828810558,1628.7982056076198,396,102,294,416,20,0.04,0.3,0.0006250000000000006,1.0,1e-08,1e+18,False,False,False,False,12,1.1,15.0,13.086706445974269,9.87765697086361,134.69532232995832,117.51454286520314
2021,0.111,0.002753690875,0.10480419553125,0.11719580446875,1219296431.1209323,1.64,0.106483946965,0.115516053035,0.00903210606999999,0.0,1.0,8000,0.0001250000000000001,True,7554.92277456262,1.8126655042894788e-06,0.5,0.0,-1814.9469627312926,5162.066370607494,True,tilde_q_mu,asymptotic,default,sidak_approx,observed,8.22**2 * RBF(length_scale=0.321),0.026955833569579382,0.36757954867608245,0.09954101234010825,0.32119939257958163,0.024505303245072163,67.62167891123646,1628.6747738955473,396,104,292,416,20,0.04,0.3,0.0006250000000000006,1.0,1e-08,1e+18,False,False,False,False,12,1.1,15.0,13.10734208703059,9.788983147783203,133.4861338334073,116.64322800197449
2021,0.112,0.002771466,0.1057642015,0.1182357985,1195083180.8359652,1.64,0.10745479576,0.11654520424,0.009090408480000006,0.0,1.0,8000,0.0001250000000000001,True,6936.151267612487,1.6827605458640487e-06,0.5,0.0,-3237.6537171160267,5123.083325246409,True,tilde_q_mu,asymptotic,default,sidak_approx,observed,8.12**2 * RBF(length_scale=0.32),0.026888430457610205,0.3666604153310482,0.09929210985364025,0.3196186938980014,0.024444027688736547,66.00137808632051,1629.4359834647212,396,105,291,416,20,0.04,0.3,0.0006250000000000006,1.0,1e-08,1e+18,False,False,False,False,12,1.1,15.0,13.075533130952763,9.701879964470141,132.29836315186554,115.3247753708692
2021,0.113,0.002789412875,0.10672382103125,0.11927617896875001,1171074447.656905,1.64,0.108425362885,0.117574637115,0.009149274230000004,0.0,1.0,8000,0.0001250000000000001,True,6784.041131397943,1.6647362863509707e-06,0.5,0.0,-3450.4326408446036,5069.668903022816,True,tilde_q_mu,asymptotic,default,sidak_approx,observed,8.2**2 * RBF(length_scale=0.321),0.02682384792673691,0.3657797444555033,0.09905362305314788,0.32054849190872864,0.024385316297033555,67.21123130176404,1629.7474727202125,396,107,289,416,20,0.04,0.3,0.0006250000000000006,1.0,1e-08,1e+18,False,False,False,False,12,1.1,15.0,13.145143905626641,9.616306057502122,131.1314462386653,114.91611542401324
2021,0.114,0.0028075315,0.10768305412500001,0.120316945875,1146935681.7505817,1.64,0.10939564834,0.11860435166000001,0.009208703320000011,0.0,1.0,8000,0.0001250000000000001,True,6664.132794408593,1.6550825095654218e-06,0.5,0.0,-3726.8735247049235,5050.017351673548,True,tilde_q_mu,asymptotic,default,sidak_approx,observed,8.18**2 * RBF(length_scale=0.321),0.026762012135433545,0.3649365291195483,0.09882527926072533,0.320530585506779,0.02432910194130322,66.89873430299315,1624.5611331000682,395,108,287,416,21,0.04,0.3,0.0006250000000000006,1.0,1e-08,1e+18,False,False,False,False,12,1.1,15.0,13.174780815177485,9.532221503279143,129.9848386810792,114.16811726129484
2021,0.115,0.0028258218750000005,0.10864190078125001,0.12135809921875,1123372222.1676126,1.64,0.110365652125,0.119634347875,0.00926869575,0.0,1.0,8000,0.0001250000000000001,True,6572.08292509303,1.651967258707231e-06,0.5,0.0,-3627.739329187338,4970.269279140286,True,tilde_q_mu,asymptotic,default,sidak_approx,observed,8.21**2 * RBF(length_scale=0.321),0.026702851790388008,0.3641297971416546,0.09860681520837013,0.32095173394908727,0.02427531980944364,67.43070683732357,1629.6275655067302,396,110,286,416,20,0.04,0.3,0.0006250000000000006,1.0,1e-08,1e+18,False,False,False,False,12,1.1,15.0,13.221318461239381,9.4495877559119,128.85801485334406,113.57819004394509
2021,0.116,0.0028442840000000003,0.10960036100000001,0.122399639,1099793946.7025201,1.64,0.11133537424,0.12066462576,0.009329251519999998,0.0,1.0,8000,0.0001250000000000001,True,6567.037773989069,1.6715528879430506e-06,0.5,0.0,-3584.8437083234844,4958.016344495823,True,tilde_q_mu,asymptotic,default,sidak_approx,observed,8.14**2 * RBF(length_scale=0.32),0.026646298037524965,0.3633586096026131,0.09839797663555847,0.31992932789173184,0.024223907306840875,66.21241652922163,1624.0859626342508,395,111,284,416,21,0.04,0.3,0.0006250000000000006,1.0,1e-08,1e+18,False,False,False,False,12,1.1,15.0,13.207172725656163,9.368367588301647,127.75046711320427,112.48149899648973
2021,0.117,0.0028629178750000004,0.11055843478125,0.12344156521875001,1076409135.4855719,1.64,0.112304814685,0.12169518531500001,0.009390370630000006,0.0,1.0,8000,0.0001250000000000001,True,6932.676141972204,1.7875475290480846e-06,0.49990260198329145,0.000244140625,-2290.3815502504067,4901.496007217301,True,tilde_q_mu,asymptotic,default,sidak_approx,observed,8.27**2 * RBF(length_scale=0.322),0.026592284358569796,0.36262205943504267,0.09819851790728235,0.32170565464682194,0.024174803962336178,68.4648295848807,1624.9779617378713,395,113,282,416,21,0.04,0.3,0.0006250000000000006,1.0,1e-08,1e+18,False,False,False,False,12,1.1,15.0,13.307477287014711,9.288525036216694,126.66170503931853,112.36985086301922
2021,0.118,0.0028817235,0.11151612212499999,0.124483877875,1053178929.4199272,1.64,0.11327397346,0.12272602653999999,0.009452053079999995,0.0,1.0,8000,0.0001250000000000001,True,7471.361200796015,1.952250243911828e-06,0.5,0.0,-902.4584354605558,4853.753846865442,True,tilde_q_mu,asymptotic,default,sidak_approx,observed,8.3**2 * RBF(length_scale=0.322),0.026540746472829693,0.36191927008404123,0.0980082016513522,0.3217863244741642,0.024127951338936082,68.8550308271701,1626.2369677650177,395,114,281,416,21,0.04,0.3,0.0006250000000000006,1.0,1e-08,1e+18,False,False,False,False,12,1.1,15.0,13.336661698040102,9.21002534519002,125.59125470713663,111.66453841743117
2021,0.119,0.0029007008750000004,0.11247342303124999,0.12552657696875,1030627124.242168,1.64,0.114242850565,0.12375714943499999,0.009514298869999993,0.0,1.0,8000,0.0001250000000000001,True,8138.167926987055,2.1547557067875693e-06,0.4754126080083575,0.061670521108777125,356.55939616430237,4811.267895398772,True,tilde_q_mu,asymptotic,default,sidak_approx,observed,8.27**2 * RBF(length_scale=0.322),0.0264916222438949,0.3612493942349304,0.09782679841386838,0.3216808365975991,0.02408329294899536,68.4341852808149,1628.6422432899262,395,116,279,416,21,0.04,0.3,0.0006250000000000006,1.0,1e-08,1e+18,False,False,False,False,12,1.1,15.0,13.357012152734624,9.132834920075961,124.53865800103583,110.89762456033976
2021,0.12,0.00291985,0.11343033749999999,0.12656966249999999,1008026180.837055,1.64,0.115211446,0.124788554,0.009577108,0.0,1.0,8000,0.0001250000000000001,True,8783.929268671312,2.3580645758125353e-06,0.38570747684539847,0.2905245740742454,1387.150194873184,4791.4438294474,True,tilde_q_mu,asymptotic,default,sidak_approx,observed,8.25**2 * RBF(length_scale=0.322),0.026444851590963617,0.3606116126040493,0.09765408633176671,0.3216030216818017,0.024040774173603285,68.14270163165054,1623.4225596147235,394,117,277,416,22,0.04,0.3,0.0006250000000000006,1.0,1e-08,1e+18,False,False,False,False,12,1.1,15.0,13.377398720999638,9.05692127710794,123.5034719605628,110.14367918961649
2021,0.121,0.002939170875,0.11438686553124999,0.12761313446875,985440224.1699862,1.64,0.116179759765,0.125820240235,0.00964048046999999,0.0,1.0,8000,0.0001250000000000001,True,9342.091137279045,2.544183114686219e-06,0.30940207330232566,0.4975458954003994,2345.0902911436456,4718.129539946901,True,tilde_q_mu,asymptotic,default,sidak_approx,observed,8.31**2 * RBF(length_scale=0.322),0.026400376404536987,0.3600051327891407,0.09748985082150159,0.3221945113954825,0.024000342185942714,69.0613563386452,1627.7370030514394,395,119,276,416,21,0.04,0.3,0.0006250000000000006,1.0,1e-08,1e+18,False,False,False,False,12,1.1,15.0,13.424579903873024,8.982252998317762,122.48526815887854,109.62088462974528
2021,0.122,0.0029586635,0.115343007125,0.128656992875,963312661.4875358,1.64,0.11714779186,0.12685220814,0.009704416280000003,0.0,1.0,8000,0.0001250000000000001,True,9809.337427751198,2.710394433697728e-06,0.2527526200105298,0.6658527253358345,3073.942105647806,4676.69758855292,True,tilde_q_mu,asymptotic,default,sidak_approx,observed,8.27**2 * RBF(length_scale=0.321),0.026358140466226268,0.3594291881758127,0.09733388428291427,0.3214349445019661,0.023961945878387514,68.32972776492583,1628.6821990721755,395,121,274,416,21,0.04,0.3,0.0006250000000000006,1.0,1e-08,1e+18,False,False,False,False,12,1.1,15.0,13.41439239255959,8.908799688178892,121.48363211153033,108.64194069449469
2021,0.123,0.002978327875,0.11629876228125,0.12970123771875,941612336.1342889,1.64,0.118115542285,0.127884457715,0.00976891543000001,0.0,1.0,8000,0.0001250000000000001,True,9637.604286295074,2.7021643594613256e-06,0.2674042761715518,0.6206824902416911,2878.3915042617646,4652.68386398332,True,tilde_q_mu,asymptotic,default,sidak_approx,observed,8.33**2 * RBF(length_scale=0.322),0.02631808937244307,0.3588830368969509,0.09718598581744045,0.32243693118301753,0.02392553579313006,69.43650649092882,1624.3008026437665,394,122,272,416,22,0.04,0.3,0.0006250000000000006,1.0,1e-08,1e+18,False,False,False,False,12,1.1,15.0,13.476685912948355,8.836531932349143,120.49816271385194,108.26105946546181
2021,0.124,0.002998164,0.117254131,0.130745869,920037116.6687021,1.64,0.11908301103999999,0.12891698896,0.009833977920000014,0.0,1.0,8000,0.0001250000000000001,True,9185.52085366796,2.6145483415752006e-06,0.29822273039637504,0.5295190098693807,2429.9996734935353,4582.48408016359,True,tilde_q_mu,asymptotic,default,sidak_approx,observed,8.32**2 * RBF(length_scale=0.322),0.02628017046175626,0.3583659608421308,0.09704596095985792,0.3221191980391207,0.023891064056142053,69.18444945826188,1630.5724750749014,395,124,271,416,21,0.04,0.3,0.0006250000000000006,1.0,1e-08,1e+18,False,False,False,False,12,1.1,15.0,13.482831793601441,8.765421258395557,119.52847170539395,107.43881857000507
2021,0.125,0.0030181718750000005,0.11820911328125,0.13179088671875,898531012.9433209,1.64,0.120050198125,0.129949801875,0.00989960375,0.0,1.0,8000,0.0001250000000000001,True,9112.58190344217,2.634621807980895e-06,0.30243239014914636,0.5174174509229393,2363.714749223975,4568.258256396801,True,tilde_q_mu,asymptotic,default,sidak_approx,observed,8.25**2 * RBF(length_scale=0.321),0.026244332745710877,0.3578772647142392,0.09691362142281831,0.3208686920402283,0.023858484314282613,68.0886953533687,1626.0913602181804,394,125,269,416,22,0.04,0.3,0.0006250000000000006,1.0,1e-08,1e+18,False,False,False,False,12,1.1,15.0,13.448829683122153,8.695440098390975,118.57418315987692,106.31226627550103
2021,0.126,0.0030383515000000005,0.119163709125,0.132836290875,877660484.0400469,1.64,0.12101710354,0.13098289646,0.009965792919999994,0.0,1.0,8000,0.0001250000000000001,True,8609.779986916772,2.528220133987766e-06,0.348701425018114,0.38882872517244155,1772.0376094606538,4522.058087695679,True,tilde_q_mu,asymptotic,default,sidak_approx,observed,8.21**2 * RBF(length_scale=0.321),0.026210526842917494,0.3574162751306931,0.09678878485345611,0.3206536480987526,0.023827751675379538,67.41550730439826,1625.069649482959,394,127,267,416,22,0.04,0.3,0.0006250000000000006,1.0,1e-08,1e+18,False,False,False,False,12,1.1,15.0,13.457150824266556,8.626561753278871,117.63493299925733,105.53540237156646
2021,0.127,0.0030587028750000004,0.12011791853125,0.13388208146875,857126402.643784,1.64,0.121983727285,0.132016272715,0.010032545429999998,0.0,1.0,8000,0.0001250000000000001,True,8626.257149719037,2.573319602499149e-06,0.33662141546389324,0.42170160756952446,1897.3694755821634,4474.647225378781,True,tilde_q_mu,asymptotic,default,sidak_approx,observed,8.21**2 * RBF(length_scale=0.321),0.0261787049162304,0.3569823397667782,0.09667127460140364,0.3206701704321151,0.023798822651118545,67.32410655682901,1625.0756336645254,394,128,266,416,22,0.04,0.3,0.0006250000000000006,1.0,1e-08,1e+18,False,False,False,False,12,1.1,15.0,13.474203120591916,8.558760358908806,116.71036853057463,104.83861412400675
2021,0.128,0.003079226,0.1210717415,0.1349282585,836870911.2847852,1.64,0.12295006936,0.13304993064,0.010099861280000011,0.0,1.0,8000,0.0001250000000000001,True,8469.775498190598,2.5675764216784515e-06,0.3401485786213993,0.41205766543273553,1807.582253799268,4423.439378425595,True,tilde_q_mu,asymptotic,default,sidak_approx,observed,8.29**2 * RBF(length_scale=0.322),0.026148820612855773,0.35657482653894235,0.09656091949762578,0.321790744495398,0.023771655102596156,68.72373770737208,1625.1901750422903,394,130,264,416,22,0.04,0.3,0.0006250000000000006,1.0,1e-08,1e+18,False,False,False,False,12,1.1,15.0,13.536741262086313,8.492010853654708,115.80014800438238,104.50377610977499
2021,0.129,0.0030999208750000003,0.12202517803125,0.13597482196875,816661383.882061,1.64,0.12391612976500001,0.134083870235,0.010167740470000006,0.0,1.0,8000,0.0001250000000000001,True,8634.785329881406,2.6615812993259617e-06,0.3117531973308687,0.4908869681768073,2089.3740916990273,4399.210589170933,True,tilde_q_mu,asymptotic,default,sidak_approx,observed,8.29**2 * RBF(length_scale=0.322),0.026120829007219373,0.3561931228257187,0.09645755364344508,0.3216867497970955,0.023746208188381246,68.68588093733986,1620.1708712786149,393,131,262,416,23,0.04,0.3,0.0006250000000000006,1.0,1e-08,1e+18,False,False,False,False,12,1.1,15.0,13.54686808290063,8.426288947526562,114.90394019354402,103.77256800049629
2021,0.13,0.0031207875000000005,0.122978228125,0.137021771875,796778619.4646972,1.64,0.1248819085,0.1351180915,0.01023618300000001,0.0,1.0,8000,0.0001250000000000001,True,8370.75173833926,2.62423884396402e-06,0.33482732349846833,0.4266220330694862,1876.1474609172167,4328.4894228922985,True,tilde_q_mu,asymptotic,default,sidak_approx,observed,8.3**2 * RBF(length_scale=0.322),0.026094686546458946,0.35583663472444016,0.09636101620925899,0.32190436136997913,0.023722442314962677,68.95807283830887,1625.8293794474766,394,133,261,416,22,0.04,0.3,0.0006250000000000006,1.0,1e-08,1e+18,False,False,False,False,12,1.1,15.0,13.56961298908677,8.36157109269982,114.02142399136119,103.1484397351563
2021,0.131,0.0031418258750000004,0.12393089178125001,0.13806910821875001,777717056.7816086,1.64,0.12584740556500001,0.136152594435,0.010305188869999982,0.0,1.0,8000,0.0001250000000000001,True,7718.7525864962845,2.4602210095387524e-06,0.4082597720805104,0.23202377975203828,1002.0804058780742,4300.58209836674,True,tilde_q_mu,asymptotic,default,sidak_approx,observed,8.36**2 * RBF(length_scale=0.323),0.026070350998390394,0.35550478634168714,0.09627115124239227,0.32278959933923074,0.02370031908944581,69.8601293658118,1619.225368761935,393,134,259,416,23,0.04,0.3,0.0006250000000000006,1.0,1e-08,1e+18,False,False,False,False,12,1.1,15.0,13.61963094762614,8.297834455383493,113.1522880279567,102.73949358801774
2021,0.132,0.003163036,0.124883169,0.139116831,758729637.4451472,1.64,0.12681262096,0.13718737904,0.01037475807999999,0.0,1.0,8000,0.0001250000000000001,True,6821.264053629264,2.211687704833456e-06,0.5,0.0,-289.22736233242176,4250.218976645225,True,tilde_q_mu,asymptotic,default,sidak_approx,observed,8.45**2 * RBF(length_scale=0.324),0.026047781401827487,0.35519701911582935,0.09618780748364036,0.3240364006794693,0.023679801274388623,71.35997606304198,1618.6870232899855,393,136,257,416,23,0.04,0.3,0.0006250000000000006,1.0,1e-08,1e+18,False,False,False,False,12,1.1,15.0,13.684084461888519,8.235056888959685,112.2962303039957,102.44474001543747
2021,0.133,0.0031844178750000006,0.12583505978125,0.14016494021875,740120080.2932594,1.64,0.12777755468500002,0.138222445315,0.010444890629999981,0.0,1.0,8000,0.0001250000000000001,True,6334.814963007964,2.089777397665319e-06,0.49990260198329145,0.000244140625,-1093.3803286359123,4209.7410176211315,True,tilde_q_mu,asymptotic,default,sidak_approx,observed,8.35**2 * RBF(length_scale=0.323),0.026026938019123327,0.3549127911698635,0.09611083819201713,0.32265234901925516,0.023660852744657568,69.75072807339637,1615.6245420630967,393,137,256,416,23,0.04,0.3,0.0006250000000000006,1.0,1e-08,1e+18,False,False,False,False,12,1.1,15.0,13.636547782163408,8.173216908325301,111.45295784079954,101.32223900396713
2021,0.134,0.0032059715000000008,0.126786564125,0.14121343587500002,721731213.3148873,1.64,0.12874220674,0.13925779326,0.010515586520000009,0.0,1.0,8000,0.0001250000000000001,True,5937.141394101629,1.9935036149729366e-06,0.5,0.0,-1863.318292374268,4171.56682889458,True,tilde_q_mu,asymptotic,default,sidak_approx,observed,8.27**2 * RBF(length_scale=0.322),0.026007782290828164,0.3546515766931113,0.09604010097731773,0.32167161454802257,0.02364343844620742,68.44543835094713,1617.3040427602637,393,139,254,416,23,0.04,0.3,0.0006250000000000006,1.0,1e-08,1e+18,False,False,False,False,12,1.1,15.0,13.60511142572924,8.112293665376676,110.62218634604557,100.33514475971558
2021,0.135,0.0032276968750000004,0.12773768203125002,0.14226231796875,703839749.1336825,1.64,0.129706577125,0.14029342287500002,0.010586845750000018,0.0,1.0,8000,0.0001250000000000001,True,5520.879684466896,1.886777316922971e-06,0.5,0.0,-2890.6560135048403,4145.356079151693,True,tilde_q_mu,asymptotic,default,sidak_approx,observed,8.33**2 * RBF(length_scale=0.322),0.02599027679234205,0.35441286535011884,0.09597545764004796,0.3223472177562222,0.02362752435667459,69.41053211999244,1612.1391145084376,392,140,252,416,24,0.04,0.3,0.0006250000000000006,1.0,1e-08,1e+18,False,False,False,False,12,1.1,15.0,13.642868922285617,8.052266925574306,109.80363989419509,99.86911108442368
2021,0.136,0.003249594,0.12868841350000002,0.1433115865,686424779.2721932,1.64,0.13067066584,0.14132933416000001,0.010658668320000009,0.0,1.0,8000,0.0001250000000000001,True,5252.274831590219,1.8269871969495707e-06,0.5,0.0,-3441.657154224053,4078.3359523489926,True,tilde_q_mu,asymptotic,default,sidak_approx,observed,8.43**2 * RBF(length_scale=0.323),0.025974385192471375,0.3541961617155187,0.09591677401838411,0.32349647005017756,0.023613077447701247,70.99257389876142,1617.501738395088,393,142,251,416,23,0.04,0.3,0.0006250000000000006,1.0,1e-08,1e+18,False,False,False,False,12,1.1,15.0,13.699886038432073,7.993117045535957,108.99705062094486,99.54981146881043
2021,0.137,0.0032716628750000007,0.12963875853125,0.14436124146875,669116428.5880822,1.64,0.13163447288500002,0.142365527115,0.010731054229999981,0.0,1.0,8000,0.0001250000000000001,True,5260.8617406604135,1.863607931650808e-06,0.5,0.0,-3302.3684097622818,4057.4864586134076,True,tilde_q_mu,asymptotic,default,sidak_approx,observed,8.41**2 * RBF(length_scale=0.323),0.025960072213789688,0.3540009847334957,0.09586391984179558,0.32319964818700436,0.023600065648899715,70.71791040757363,1613.5099702485363,392,143,249,416,24,0.04,0.3,0.0006250000000000006,1.0,1e-08,1e+18,False,False,False,False,12,1.1,15.0,13.694862251456177,7.93482495160498,108.20215843097698,98.78757700149784
2021,0.138,0.0032939035000000005,0.130588717125,0.14541128287500002,652262296.7982231,1.64,0.13259799826000002,0.14340200174,0.01080400347999999,0.0,1.0,8000,0.0001250000000000001,True,5417.773879052576,1.9545169236737768e-06,0.5,0.0,-2617.4675719469797,4019.6686279781284,True,tilde_q_mu,asymptotic,default,sidak_approx,observed,8.34**2 * RBF(length_scale=0.323),0.02594730359470632,0.3538268672005407,0.09581676859097402,0.3225157578098967,0.02358845781336938,69.58481408525816,1612.6165425623308,392,145,247,416,24,0.04,0.3,0.0006250000000000006,1.0,1e-08,1e+18,False,False,False,False,12,1.1,15.0,13.672608881921159,7.877372119342997,107.41871071831358,97.9129345501156
2021,0.139,0.0033163158750000006,0.13153828928125,0.14646171071875003,635785521.2448627,1.64,0.13356124196500002,0.144438758035,0.010877516069999982,0.0,1.0,8000,0.0001250000000000001,True,5510.174116835491,2.024695934000745e-06,0.5,0.0,-2160.7474733515896,3975.888268553165,True,tilde_q_mu,asymptotic,default,sidak_approx,observed,8.36**2 * RBF(length_scale=0.323),0.02593604605316484,0.35367335527042965,0.09577519736378094,0.32269101027214364,0.02357822368469531,69.85547677796322,1612.7644611590904,392,146,246,416,24,0.04,0.3,0.0006250000000000006,1.0,1e-08,1e+18,False,False,False,False,12,1.1,15.0,13.685976288434453,7.820740553903008,106.64646209867738,97.3040634351948
2021,0.14,0.0033389000000000005,0.13248747500000002,0.147512525,619834689.867921,1.64,0.134524204,0.14547579600000002,0.01095159200000001,0.0,1.0,8000,0.0001250000000000001,True,5675.823163209874,2.1239528130391932e-06,0.4999311292015692,0.00017263349150062197,-1573.6893594721241,3935.179151620707,True,tilde_q_mu,asymptotic,default,sidak_approx,observed,8.43**2 * RBF(length_scale=0.324),0.025926267251886938,0.3535400079802764,0.09573908674690232,0.32353950588250746,0.02356933386535176,71.04348174930124,1612.519745852238,392,148,244,416,24,0.04,0.3,0.0006250000000000006,1.0,1e-08,1e+18,False,False,False,False,12,1.1,15.0,13.727138311623165,7.764912771238112,105.88517415324698,96.90002871679518
2021,0.141,0.003361655875,0.13343627428125,0.14856372571874998,604132627.2786524,1.64,0.13548688436499998,0.146513115635,0.01102623127000002,0.0,1.0,8000,0.0001250000000000001,True,5718.968239698587,2.1801491347947213e-06,0.5,0.0,-1402.7998848744317,3915.7948437805644,True,tilde_q_mu,asymptotic,default,sidak_approx,observed,8.38**2 * RBF(length_scale=0.323),0.02591793576508319,0.35342639679658894,0.09570832069291987,0.32278478841881975,0.023561759786439262,70.28548102660278,1609.753009377384,391,149,242,416,25,0.04,0.3,0.0006250000000000006,1.0,1e-08,1e+18,False,False,False,False,12,1.1,15.0,13.69951953268768,7.7098717801039625,105.13461518323584,96.01958095095613
2021,0.142,0.0033845835,0.13438468712499999,0.149615312875,588792286.6909375,1.64,0.13644928305999998,0.14755071694,0.011101433880000011,0.0,1.0,8000,0.0001250000000000001,True,5849.081938170744,2.2717323941754453e-06,0.5,0.0,-910.7992759616142,3858.1148947613733,True,tilde_q_mu,asymptotic,default,sidak_approx,observed,8.34**2 * RBF(length_scale=0.322),0.025911021046567107,0.35333210518046054,0.09568278640256447,0.32243690049077656,0.02355547367869737,69.60628165777635,1614.7561886700846,392,151,241,416,24,0.04,0.3,0.0006250000000000006,1.0,1e-08,1e+18,False,False,False,False,12,1.1,15.0,13.688406562691016,7.6556010648184945,104.39455997479764,95.26634532455073
2021,0.143,0.003407682875,0.13533271353124998,0.15066728646875,573696429.0826498,1.64,0.137411400085,0.14858859991499998,0.011177199829999984,0.0,1.0,8000,0.0001250000000000001,True,6066.541970465598,2.4012807783763915e-06,0.5,0.0,-366.3462160683075,3817.405899057516,True,tilde_q_mu,asymptotic,default,sidak_approx,observed,8.36**2 * RBF(length_scale=0.323),0.02590549339919102,0.35325672817078657,0.09566237421185053,0.32275013416019477,0.023550448544719105,69.83765106403358,1615.370208570268,392,153,239,416,24,0.04,0.3,0.0006250000000000006,1.0,1e-08,1e+18,False,False,False,False,12,1.1,15.0,13.704627899011609,7.602084568738228,103.66478957370309,94.71249115579593
2021,0.144,0.003430954,0.13628035349999998,0.1517196465,559083772.4170778,1.64,0.13837323544,0.14962676456,0.011253529119999994,0.0,1.0,8000,0.0001250000000000001,True,6162.130948947712,2.4854868293570186e-06,0.5,0.0,-139.29369213394227,3796.8537199738585,True,tilde_q_mu,asymptotic,default,sidak_approx,observed,8.32**2 * RBF(length_scale=0.322),0.02590132394555449,0.35319987198483394,0.09564697748390985,0.3223232641441001,0.023546658132322262,69.22471730982522,1610.1782410736773,391,154,237,416,25,0.04,0.3,0.0006250000000000006,1.0,1e-08,1e+18,False,False,False,False,12,1.1,15.0,13.688705307257601,7.5493066784207805,102.94509106937427,93.94566763183072
2021,0.145,0.003454396875,0.13722760703124998,0.15277239296875,544779001.7566646,1.64,0.139334789125,0.15066521087499998,0.011330421749999986,0.0,1.0,8000,0.0001250000000000001,True,6301.537530907481,2.5904671388306027e-06,0.4732699535201937,0.06705250151972326,250.18907943690195,3736.175578095742,True,tilde_q_mu,asymptotic,default,sidak_approx,observed,8.33**2 * RBF(length_scale=0.323),0.025898484599911554,0.35316115363515754,0.09563649250525202,0.32260087289003925,0.023544076909010503,69.47008833037324,1616.0840658709285,392,156,236,416,24,0.04,0.3,0.0006250000000000006,1.0,1e-08,1e+18,False,False,False,False,12,1.1,15.0,13.701997072842442,7.49725220843698,102.235257387777,93.38847983124094
2021,0.146,0.0034780115,0.138174474125,0.15382552587499998,530723198.11642635,1.64,0.14029606113999998,0.15170393886,0.011407877720000015,0.0,1.0,8000,0.0001250000000000001,True,6266.103128534673,2.6260109539295028e-06,0.4734709837042597,0.0665474680372345,248.57294340259367,3715.5973961780815,True,tilde_q_mu,asymptotic,default,sidak_approx,observed,8.31**2 * RBF(length_scale=0.322),0.02589694804123124,0.35314020056224416,0.0956308183862839,0.3222803521791595,0.023542680037482944,69.13392119393568,1610.9918143363157,391,157,234,416,25,0.04,0.3,0.0006250000000000006,1.0,1e-08,1e+18,False,False,False,False,12,1.1,15.0,13.689195608403468,7.445906386805,101.53508709279545,92.66224455530394
2021,0.147,0.0035017978749999996,0.13912095478125,0.15487904521874998,517058895.8195766,1.64,0.141257051485,0.15274294851499998,0.01148589702999997,0.0,1.0,8000,0.0001250000000000001,True,6197.6941760519885,2.647845953817734e-06,0.47065467222495916,0.07362428813130342,240.92525519983076,3676.576170834502,True,tilde_q_mu,asymptotic,default,sidak_approx,observed,8.29**2 * RBF(length_scale=0.322),0.02589668768734308,0.35313665028195107,0.09562985696583563,0.32204111404912106,0.02354244335213007,68.79426177180432,1612.138450663283,391,159,232,416,25,0.04,0.3,0.0006250000000000006,1.0,1e-08,1e+18,False,False,False,False,12,1.1,15.0,13.67917124116106,7.3952548410130845,100.84438419563297,91.96450667476662
2021,0.148,0.0035257559999999997,0.140067049,0.155932951,503681799.08701915,1.64,0.14221776015999998,0.15378223984,0.011564479680000017,0.0,1.0,8000,0.0001250000000000001,True,5987.7817659550365,2.6083622879205126e-06,0.5,0.0,8.477884110240828,3636.4748023474053,True,tilde_q_mu,asymptotic,default,sidak_approx,observed,8.26**2 * RBF(length_scale=0.322),0.02589767767013289,0.3531501500472667,0.09563351271956488,0.32159097052652913,0.023543343336484446,68.21339564284366,1612.7280741878376,391,160,231,416,25,0.04,0.3,0.0006250000000000006,1.0,1e-08,1e+18,False,False,False,False,12,1.1,15.0,13.65952855252163,7.345283584607923,100.16295797192622,91.21191895483668
2021,0.149,0.0035498858750000004,0.14101275678125,0.15698724321875,490644352.2917579,1.64,0.143178187165,0.154821812835,0.01164362566999999,0.0,1.0,8000,0.0001250000000000001,True,5774.7729172420395,2.5650849971026637e-06,0.5,0.0,-245.7651590219269,3598.8226197766576,True,tilde_q_mu,asymptotic,default,sidak_approx,observed,8.25**2 * RBF(length_scale=0.321),0.02589989281172458,0.353180356523517,0.09564169267200243,0.32139694588158385,0.0235453571015678,68.05397689920369,1611.6759406362398,391,162,229,416,25,0.04,0.3,0.0006250000000000006,1.0,1e-08,1e+18,False,False,False,False,12,1.1,15.0,13.650119830214136,7.295979004317872,99.49062278615278,90.53726153424124
2021,0.15,0.0035741875,0.141958078125,0.158041921875,477946931.25121796,1.64,0.1441383325,0.1558616675,0.011723335000000001,0.0,1.0,8000,0.0001250000000000001,True,5678.922939779885,2.5722605733311856e-06,0.49990260198329145,0.000244140625,-342.36025320199053,3573.999291802005,True,tilde_q_mu,asymptotic,default,sidak_approx,observed,8.28**2 * RBF(length_scale=0.322),0.025903308601612565,0.35322693547653494,0.09565430631210795,0.32182133715561406,0.02354846236510233,68.54598135580059,1606.826755424361,390,163,227,416,26,0.04,0.3,0.0006250000000000006,1.0,1e-08,1e+18,False,False,False,False,12,1.1,15.0,13.666341868356447,7.247327847689178,98.82719792303423,90.04041818052748
2021,0.151,0.003598660875,0.14290301303125,0.15909698696875,465470649.96646106,1.64,0.145098196165,0.156901803835,0.011803607669999994,0.0,1.0,8000,0.0001250000000000001,True,5682.155813802237,2.625208558343962e-06,0.5,0.0,-211.06001044852587,3530.395187542544,True,tilde_q_mu,asymptotic,default,sidak_approx,observed,8.37**2 * RBF(length_scale=0.323),0.02590790117469695,0.35328956147314017,0.0956712655121596,0.32306049271820686,0.023552637431542678,70.13892039339932,1608.022377876099,390,165,225,416,26,0.04,0.3,0.0006250000000000006,1.0,1e-08,1e+18,False,False,False,False,12,1.1,15.0,13.716531477937615,7.199317211210392,98.17250742559624,89.77241922475034
2021,0.152,0.003623306,0.1438475615,0.1601524385,453362715.5960102,1.64,0.14605777815999998,0.15794222184,0.011884443680000023,0.0,1.0,8000,0.0001250000000000001,True,5410.557532246881,2.5496029471849313e-06,0.5,0.0,-600.3417990297636,3494.745273722297,True,tilde_q_mu,asymptotic,default,sidak_approx,observed,8.31**2 * RBF(length_scale=0.322),0.025913647290178688,0.35336791759334574,0.0956924844498192,0.32226942830481226,0.023557861172889716,69.13057062940327,1608.3473228241503,390,166,224,416,26,0.04,0.3,0.0006250000000000006,1.0,1e-08,1e+18,False,False,False,False,12,1.1,15.0,13.679910325461911,7.151934528902247,97.5263799395761,88.94347546268857
2021,0.153,0.003648122875,0.14479172353125,0.16120827646875,441644549.5313737,1.64,0.147017078485,0.158982921515,0.011965843029999979,0.0,1.0,8000,0.0001250000000000001,True,5453.202818433642,2.620639403349738e-06,0.5,0.0,-403.2540629646843,3456.6951629509767,True,tilde_q_mu,asymptotic,default,sidak_approx,observed,8.35**2 * RBF(length_scale=0.323),0.02592052431127936,0.35346169515380943,0.09571787953324254,0.32277867550560807,0.023564113010253962,69.79441975174261,1607.4776584699782,390,168,222,416,26,0.04,0.3,0.0006250000000000006,1.0,1e-08,1e+18,False,False,False,False,12,1.1,15.0,13.697892017626566,7.105167561352867,96.88864856390272,88.47801638414059
2021,0.154,0.0036731115000000003,0.145735499125,0.162264500875,430164399.9517347,1.64,0.14797609713999998,0.16002390286,0.012047805720000027,0.0,1.0,8000,0.0001250000000000001,True,5723.942701635104,2.805821335128544e-06,0.4865070597348192,0.03382823635726114,115.41684379309923,3433.734558763896,True,tilde_q_mu,asymptotic,default,sidak_approx,observed,8.4**2 * RBF(length_scale=0.323),0.025928510185746403,0.3535705934419964,0.0957473693290902,0.3231992528945396,0.02357137289613309,70.54401665859668,1604.5095947691336,389,169,220,416,27,0.04,0.3,0.0006250000000000006,1.0,1e-08,1e+18,False,False,False,False,12,1.1,15.0,13.711515842488783,7.0590043851776345,96.25915070696774,87.99059132687357
2021,0.155,0.0036982718750000008,0.14667888828125,0.16332111171875,419006242.6242384,1.64,0.148934834125,0.161065165875,0.01213033175,0.0,1.0,8000,0.0001250000000000001,True,6063.571661779577,3.0317699572024202e-06,0.4087151282532454,0.23085138917074946,780.8222144863804,3384.5453747093693,True,tilde_q_mu,asymptotic,default,sidak_approx,observed,8.37**2 * RBF(length_scale=0.323),0.025937583427106527,0.3536943194605435,0.0957808744933012,0.3228309095584031,0.02357962129736957,70.11142964614963,1609.8549582563844,390,171,219,416,26,0.04,0.3,0.0006250000000000006,1.0,1e-08,1e+18,False,False,False,False,12,1.1,15.0,13.69109815153887,7.01343338288414,95.63772794842008,87.29236802213278
2021,0.156,0.003723604,0.147621891,0.164378109,408018948.64312065,1.64,0.14989328944,0.16210671056,0.012213421120000012,0.0,1.0,8000,0.0001250000000000001,True,6725.997912131428,3.4314029430158777e-06,0.2976008051866481,0.5313134155570689,1764.594284302094,3364.6910182901665,True,tilde_q_mu,asymptotic,default,sidak_approx,observed,8.38**2 * RBF(length_scale=0.323),0.025947723096639154,0.353832587681443,0.09581831770452545,0.32288998000570324,0.023588839178762866,70.19094344563806,1605.8495186342968,389,172,217,416,27,0.04,0.3,0.0006250000000000006,1.0,1e-08,1e+18,False,False,False,False,12,1.1,15.0,13.688252209392418,6.968443233125529,95.02422590625721,86.71437134714196
2021,0.157,0.003749107875,0.14856450728125,0.16543549271875,397354285.67265946,1.64,0.150851463085,0.163148536915,0.012297073830000005,0.0,1.0,8000,0.0001250000000000001,True,7482.816043135308,3.894999774568408e-06,0.19949987218249032,0.8434089925216031,2807.1487489023643,3328.6918194441078,True,tilde_q_mu,asymptotic,default,sidak_approx,observed,8.45**2 * RBF(length_scale=0.324),0.025958908786032287,0.3539851198095312,0.09585962360007644,0.3237848970159821,0.02359900798730208,71.38599327985906,1604.5487580094657,389,174,215,416,27,0.04,0.3,0.0006250000000000006,1.0,1e-08,1e+18,False,False,False,False,12,1.1,15.0,13.720275750158697,6.924022901323501,94.41849410895684,86.36318500597481
2021,0.158,0.0037747835,0.149506737125,0.166493262875,387039666.85970527,1.64,0.15180935506,0.16419064494,0.01238128987999998,0.0,1.0,8000,0.0001250000000000001,True,8041.803711892101,4.270323990775084e-06,0.1414319599472768,1.0739079944913348,3538.405688440291,3295.113564989538,True,tilde_q_mu,asymptotic,default,sidak_approx,observed,8.42**2 * RBF(length_scale=0.323),0.025971120600693468,0.3541516445549109,0.09590471871430267,0.32344856451499976,0.02361010963699406,70.90900790417672,1604.5631204778222,389,175,214,416,27,0.04,0.3,0.0006250000000000006,1.0,1e-08,1e+18,False,False,False,False,12,1.1,15.0,13.699579099293835,6.880161630645431,93.82038587243768,85.68665315904866
2021,0.159,0.003800630875,0.15044858053125001,0.16755141946875,376812670.72105056,1.64,0.152766965365,0.165233034635,0.012466069269999991,0.0,1.0,8000,0.0001250000000000001,True,8517.26965837575,4.616339036299825e-06,0.10310211051371582,1.26407190090687,4130.946807368146,3266.617139875436,True,tilde_q_mu,asymptotic,default,sidak_approx,observed,8.35**2 * RBF(length_scale=0.323),0.02598433914368892,0.3543318974139398,0.09595353141927922,0.3226107785164418,0.023622126494262652,69.7996936423577,1604.2563090730607,389,177,212,416,27,0.04,0.3,0.0006250000000000006,1.0,1e-08,1e+18,False,False,False,False,12,1.1,15.0,13.657143805186108,6.836848933320556,93.22975818164393,84.88348096062916
2021,0.16,0.00382665,0.1513900375,0.16860996250000002,367005424.05651236,1.64,0.153724294,0.166275706,0.012551411999999984,0.0,1.0,8000,0.0001250000000000001,True,8699.225529275227,4.810697474582852e-06,0.08937535102177269,1.3446115792287272,4366.35233698594,3247.0499016510316,True,tilde_q_mu,asymptotic,default,sidak_approx,observed,8.38**2 * RBF(length_scale=0.323),0.025998545500278206,0.35452562045833913,0.09600599186769798,0.3229809323574914,0.023635041363889275,70.2419384078753,1599.5059866547979,388,178,210,416,28,0.04,0.3,0.0006250000000000006,1.0,1e-08,1e+18,False,False,False,False,12,1.1,15.0,13.665342378074143,6.7940745822790705,92.64647157653278,84.40305028092233
2021,0.161,0.003852840875,0.15233110803125,0.16966889196875,357410945.39902496,1.64,0.154681340965,0.167318659035,0.012637318070000014,0.0,1.0,8000,0.0001250000000000001,True,8303.576878504475,4.685882654942012e-06,0.1058069009594183,1.2491401933944504,3998.766555069478,3202.193560806763,True,tilde_q_mu,asymptotic,default,sidak_approx,observed,8.34**2 * RBF(length_scale=0.323),0.02601372122302552,0.3547325621321662,0.09606203193788768,0.32256061530088315,0.023648837475477746,69.60595365413907,1604.7494279166378,389,180,209,416,27,0.04,0.3,0.0006250000000000006,1.0,1e-08,1e+18,False,False,False,False,12,1.1,15.0,13.639597110655304,6.751828603101996,92.07039004229993,83.72020173319075
2021,0.162,0.0038792035,0.153271792125,0.170728207875,348034765.9525295,1.64,0.15563810626,0.16836189374000002,0.012723787480000026,0.0,1.0,8000,0.0001250000000000001,True,7855.350336158355,4.5242629422868575e-06,0.13479297858284794,1.104016553223427,3515.9837949464613,3184.1716140090907,True,tilde_q_mu,asymptotic,default,sidak_approx,observed,8.35**2 * RBF(length_scale=0.323),0.026029848317456673,0.35495247705622734,0.09612158518084851,0.3226297902085004,0.023663498470415156,69.72485747190194,1600.0031886694871,388,181,207,416,28,0.04,0.3,0.0006250000000000006,1.0,1e-08,1e+18,False,False,False,False,12,1.1,15.0,13.634069814818897,6.710101266266818,91.50138090363842,83.16908102616952
2021,0.163,0.0039057378750000007,0.15421208978125,0.17178791021875,338899709.6922806,1.64,0.156594589885,0.16940541011500002,0.01281082023000002,0.0,1.0,8000,0.0001250000000000001,True,7161.0893312053895,4.209594004653353e-06,0.19056218169171957,0.875826496381295,2754.195974856793,3152.5377220423647,True,tilde_q_mu,asymptotic,default,sidak_approx,observed,8.38**2 * RBF(length_scale=0.323),0.026046909228243112,0.35518512583967876,0.09618458676923355,0.32297430562490403,0.023679008389311917,70.28733567228338,1600.3109390433967,388,183,205,416,28,0.04,0.3,0.0006250000000000006,1.0,1e-08,1e+18,False,False,False,False,12,1.1,15.0,13.639688804311845,6.668883079677514,90.93931472287518,82.6922635264928
2021,0.164,0.003932444,0.155152001,0.172847999,329984866.4340829,1.64,0.15755079184,0.17044920816,0.012898416319999995,0.0,1.0,8000,0.0001250000000000001,True,6315.965345584338,3.7898479779689654e-06,0.2946153435399259,0.5399512000462602,1702.888983642825,3134.6197033132403,True,tilde_q_mu,asymptotic,default,sidak_approx,observed,8.35**2 * RBF(length_scale=0.323),0.026064886825886216,0.35543027489844836,0.09625097344817704,0.32259953188119705,0.023695351659896557,69.77014154422562,1595.4355256298797,387,184,203,416,29,0.04,0.3,0.0006250000000000006,1.0,1e-08,1e+18,False,False,False,False,12,1.1,15.0,13.614464833083021,6.6281647814657285,90.38406520180537,82.03537847740414
2021,0.165,0.003959321875,0.15609152578125002,0.17390847421875,321257494.71634173,1.64,0.158506712125,0.171493287875,0.012986575750000007,0.0,1.0,8000,0.0001250000000000001,True,5597.803704807895,3.429259692576704e-06,0.3987573004262468,0.2565649945954423,793.8338007140604,3090.507649381647,True,tilde_q_mu,asymptotic,default,sidak_approx,observed,8.34**2 * RBF(length_scale=0.322),0.026083764393885912,0.3556876962802624,0.09632068348791145,0.32240165644106744,0.023712513085350828,69.55277694383133,1600.8567869834267,388,186,202,416,28,0.04,0.3,0.0006250000000000006,1.0,1e-08,1e+18,False,False,False,False,12,1.1,15.0,13.59626688578367,6.587937333053001,89.83550908708638,81.42850382455137
2021,0.166,0.0039863715000000004,0.157030664125,0.17496933587500002,312800005.7109213,1.64,0.15946235074,0.17253764926,0.01307529852,0.0,1.0,8000,0.0001250000000000001,True,4875.833459953669,3.049256407155483e-06,0.5,0.0,-298.3681991528494,3070.1792589908987,True,tilde_q_mu,asymptotic,default,sidak_approx,observed,8.37**2 * RBF(length_scale=0.323),0.026103525616368486,0.35595716749593387,0.09639365663808007,0.32283232831242564,0.023730477833062258,70.09027473476401,1597.9948049729671,387,187,200,416,29,0.04,0.3,0.0006250000000000006,1.0,1e-08,1e+18,False,False,False,False,12,1.1,15.0,13.60412253741653,6.548191912461868,89.29352607902545,80.9840047051374
2021,0.167,0.004013592875,0.15796941603125,0.17603058396875002,304614329.32244956,1.64,0.16041770768500002,0.173582292315,0.013164584629999976,0.0,1.0,8000,0.0001250000000000001,True,4224.907836360135,2.6969342666812664e-06,0.5,0.0,-1601.8088955289345,3035.6076102411575,True,tilde_q_mu,asymptotic,default,sidak_approx,observed,8.46**2 * RBF(length_scale=0.324),0.02612415456615647,0.3562384713566791,0.09646983408368229,0.3239943215947967,0.023749231423778605,71.6169113323026,1601.6706681512576,387,189,198,416,29,0.04,0.3,0.0006250000000000006,1.0,1e-08,1e+18,False,False,False,False,12,1.1,15.0,13.642307652550038,6.508919907865958,88.7579987436267,80.72426169901367
2021,0.168,0.004040986000000001,0.1589077815,0.1770922185,296547392.151297,1.64,0.16137278296000002,0.17462721704,0.013254434079999988,0.0,1.0,8000,0.0001250000000000001,True,3874.4047785470284,2.525349681968726e-06,0.5,0.0,-2505.1949137197303,3001.6977973527573,True,tilde_q_mu,asymptotic,default,sidak_approx,observed,8.47**2 * RBF(length_scale=0.324),0.026145635693264516,0.35653139581724336,0.09654915840259166,0.32409744309056576,0.023768759721149557,71.74854700119621,1601.8001912872403,387,190,197,416,29,0.04,0.3,0.0006250000000000006,1.0,1e-08,1e+18,False,False,False,False,12,1.1,15.0,13.635437729726481,6.470112911369777,88.22881242776968,80.2025651884381
2021,0.169,0.004068550875,0.15984576053125002,0.17815423946875,288615660.9608933,1.64,0.16232757656500002,0.175672423435,0.013344846869999982,0.0,1.0,8000,0.0001250000000000001,True,3584.3355076940124,2.3862831726931617e-06,0.5,0.0,-3434.846883135756,2968.722490631023,True,tilde_q_mu,asymptotic,default,sidak_approx,observed,8.53**2 * RBF(length_scale=0.325),0.02616795381379902,0.35683573382453204,0.09663157352456513,0.32476366173109916,0.02378904892163547,72.7939269532294,1602.5651033078914,387,192,195,416,29,0.04,0.3,0.0006250000000000006,1.0,1e-08,1e+18,False,False,False,False,12,1.1,15.0,13.65181360553409,6.431762713007495,87.70585517737493,79.82293246636597
2021,0.17,0.0040962875,0.160783353125,0.17921664687500002,280901072.63455325,1.64,0.1632820885,0.17671791150000002,0.013435823000000013,0.0,1.0,8000,0.0001250000000000001,True,3465.4616811003198,2.356561098315909e-06,0.5,0.0,-3851.0265666271544,2950.111427863097,True,tilde_q_mu,asymptotic,default,sidak_approx,observed,8.46**2 * RBF(length_scale=0.324),0.026191094099248028,0.35715128317156397,0.0967170246916933,0.32398498338726145,0.02381008554477093,71.57478957161071,1599.0823192944704,386,193,193,416,30,0.04,0.3,0.0006250000000000006,1.0,1e-08,1e+18,False,False,False,False,12,1.1,15.0,13.607048272802768,6.39386129495257,87.18901765844413,79.09234480911348
2021,0.171,0.004124195875,0.16172055928125,0.18027944071875002,273501986.67337126,1.64,0.164236318765,0.17776368123500003,0.013527362470000026,0.0,1.0,8000,0.0001250000000000001,True,3334.347659440564,2.3151237293397835e-06,0.5,0.0,-4191.262582054149,2906.710513552363,True,tilde_q_mu,asymptotic,default,sidak_approx,observed,8.44**2 * RBF(length_scale=0.324),0.026215042066146336,0.3574778463565409,0.09680545842023638,0.32376457094926725,0.023831856423769393,71.24160650247067,1604.6676046405016,387,195,192,416,29,0.04,0.3,0.0006250000000000006,1.0,1e-08,1e+18,False,False,False,False,12,1.1,15.0,13.585369313753974,6.356400825929815,86.67819308086109,78.50368429682483
2021,0.172,0.004152276,0.162657379,0.18134262099999998,266350991.61926582,1.64,0.16519026735999998,0.17880973264,0.01361946528000002,0.0,1.0,8000,0.0001250000000000001,True,3195.9576965488072,2.2653649630544274e-06,0.5,0.0,-4796.500141283685,2885.9477271558594,True,tilde_q_mu,asymptotic,default,sidak_approx,observed,8.48**2 * RBF(length_scale=0.324),0.026239783566097175,0.35781523044677965,0.09689682246377682,0.3242371934498684,0.023854348696451977,71.93468259282066,1600.5934988271306,386,196,190,416,30,0.04,0.3,0.0006250000000000006,1.0,1e-08,1e+18,False,False,False,False,12,1.1,15.0,13.592372509340171,6.31937365582085,86.17327712482977,78.08661886875257
2021,0.173,0.004180527875,0.16359381228124997,0.18240618771875,259386988.21142492,1.64,0.166143934285,0.17985606571499999,0.013712131429999996,0.0,1.0,8000,0.0001250000000000001,True,3159.726169642313,2.2865203951977754e-06,0.5,0.0,-4770.361579863695,2856.817677515205,True,tilde_q_mu,asymptotic,default,sidak_approx,observed,8.46**2 * RBF(length_scale=0.324),0.026265304776139288,0.3581632469473539,0.09699106577764723,0.3240179858740066,0.02387754979649026,71.5810394135086,1601.5312116115988,386,198,188,416,30,0.04,0.3,0.0006250000000000006,1.0,1e-08,1e+18,False,False,False,False,12,1.1,15.0,13.569984719354819,6.282772310455958,85.67416786985397,77.5064765891572
2021,0.174,0.0042089515000000004,0.16452985912499998,0.183470140875,252502277.02987134,1.64,0.16709731953999998,0.18090268046,0.01380536092000001,0.0,1.0,8000,0.0001250000000000001,True,3244.172488739138,2.397779881598719e-06,0.5,0.0,-4162.223981674818,2839.8593399612955,True,tilde_q_mu,asymptotic,default,sidak_approx,observed,8.37**2 * RBF(length_scale=0.323),0.026291592189445413,0.3585217116742556,0.09708813848458245,0.3230379832745045,0.023901447444950374,70.11249251354816,1596.9905529195935,385,199,186,416,31,0.04,0.3,0.0006250000000000006,1.0,1e-08,1e+18,False,False,False,False,12,1.1,15.0,13.515415081807202,6.246589486584821,85.18076572615664,76.75022705167889
2021,0.175,0.0042375468749999996,0.16546551953125,0.18453448046874998,245918579.94160274,1.64,0.168050423125,0.181949576875,0.013899153750000004,0.0,1.0,8000,0.0001250000000000001,True,3379.9716372220437,2.5503723245708216e-06,0.5,0.0,-3243.7090520839265,2801.0339740599798,True,tilde_q_mu,asymptotic,default,sidak_approx,observed,8.32**2 * RBF(length_scale=0.322),0.02631863260633516,0.35889044463184305,0.0971879918415323,0.32236682285745477,0.02392602964212287,69.18435312255151,1602.564257643748,386,201,185,416,30,0.04,0.3,0.0006250000000000006,1.0,1e-08,1e+18,False,False,False,False,12,1.1,15.0,13.473477533853474,6.210818047018103,84.69297336842865,76.07392493031827
2021,0.176,0.004266314,0.16640079349999998,0.1855992065,239463041.25493088,1.64,0.16900324504,0.18299675495999998,0.01399350991999998,0.0,1.0,8000,0.0001250000000000001,True,3550.9396528660727,2.735974542183894e-06,0.5,0.0,-2456.2543113610445,2781.4854323191234,True,tilde_q_mu,asymptotic,default,sidak_approx,observed,8.37**2 * RBF(length_scale=0.323),0.026346413125595606,0.3592692698944855,0.09729057820761074,0.32294805994271936,0.023951284659632366,70.01318401029094,1598.8440997723433,385,202,183,416,31,0.04,0.3,0.0006250000000000006,1.0,1e-08,1e+18,False,False,False,False,12,1.1,15.0,13.483538128834395,6.175451015934506,84.21069567183416,75.69720839645636
2021,0.177,0.004295252875,0.16733568103125,0.18666431896875,233151670.99112496,1.64,0.169955785285,0.184044214715,0.014088429429999993,0.0,1.0,8000,0.0001250000000000001,True,3931.267847671552,3.0934333106060595e-06,0.5,0.0,-1200.1204963709265,2754.1189806258412,True,tilde_q_mu,asymptotic,default,sidak_approx,observed,8.36**2 * RBF(length_scale=0.323),0.026374921136093056,0.359658015492178,0.09739585101312032,0.32285845063021495,0.023977201032811868,69.87258293598462,1599.2077897532567,385,204,181,416,31,0.04,0.3,0.0006250000000000006,1.0,1e-08,1e+18,False,False,False,False,12,1.1,15.0,13.465226828952876,6.140481574345738,83.73383965016914,75.16634294324638
2021,0.178,0.0043243635,0.168270182125,0.18772981787499998,227019370.79188982,1.64,0.17090804386,0.18509195613999999,0.014183912279999988,0.0,1.0,8000,0.0001250000000000001,True,4643.506421872684,3.731496637447767e-06,0.464877627595201,0.08815277000246771,254.03466169404257,2726.300052105392,True,tilde_q_mu,asymptotic,default,sidak_approx,observed,8.32**2 * RBF(length_scale=0.322),0.02640414430866618,0.36005651329999333,0.09750376472961549,0.3223647022734886,0.02400376755333289,69.16788400388542,1598.9616974046571,385,205,180,416,31,0.04,0.3,0.0006250000000000006,1.0,1e-08,1e+18,False,False,False,False,12,1.1,15.0,13.429754373234994,6.105903055713559,83.26231439609397,74.54616205910735
2021,0.179,0.004353645875,0.16920429678124999,0.18879570321875,220993245.42708978,1.64,0.17186002076499998,0.186139979235,0.01427995847000002,0.0,1.0,8000,0.0001250000000000001,True,5420.985862703403,4.450063067065435e-06,0.29657931933311377,0.5342643712511314,1443.2660894905316,2700.821499157202,True,tilde_q_mu,asymptotic,default,sidak_approx,observed,8.31**2 * RBF(length_scale=0.322),0.026434070588289994,0.3604645989312272,0.09761427484096627,0.3222891188809295,0.02403097326208181,69.09146574536905,1599.5249684693836,385,207,178,416,31,0.04,0.3,0.0006250000000000006,1.0,1e-08,1e+18,False,False,False,False,12,1.1,15.0,13.411405163080335,6.0717089417131325,82.79603102336088,74.02740786328413
2021,0.18,0.004383100000000001,0.170138025,0.189861975,215155115.99486038,1.64,0.172811716,0.18718828399999998,0.014376567999999978,0.0,1.0,8000,0.0001250000000000001,True,6228.065469564077,5.222144789329253e-06,0.17609257694112457,0.9303591650066674,2498.7217051000566,2684.8869232941265,True,tilde_q_mu,asymptotic,default,sidak_approx,observed,8.31**2 * RBF(length_scale=0.322),0.02646468818650001,0.360882111634091,0.09772733781538258,0.322266082845018,0.024058807442272734,69.05746903461024,1595.921219681817,384,208,176,416,32,0.04,0.3,0.0006250000000000006,1.0,1e-08,1e+18,False,False,False,False,12,1.1,15.0,13.39493171547554,6.037892858136936,82.33490261095821,73.52469321827427
2021,0.181,0.0044127258750000006,0.17107136678124998,0.19092863321875,209423665.4643851,1.64,0.173763129565,0.18823687043499998,0.014473740869999974,0.0,1.0,8000,0.0001250000000000001,True,6897.542579738531,5.908945450140603e-06,0.1036859602194436,1.2608249557357145,3342.0735962184945,2649.76841522633,True,tilde_q_mu,asymptotic,default,sidak_approx,observed,8.27**2 * RBF(length_scale=0.322),0.026495985574064743,0.3613088941917919,0.0978429110783556,0.32182551320740826,0.024087259612786127,68.44763847782224,1601.2131484972938,385,210,175,416,31,0.04,0.3,0.0006250000000000006,1.0,1e-08,1e+18,False,False,False,False,12,1.1,15.0,13.360818888528737,6.004448570933435,81.87884414909227,72.93122716520618
2021,0.182,0.0044425235,0.172004322125,0.191995677875,203890389.41582435,1.64,0.17471426146,0.18928573854,0.014571477080000006,0.0,1.0,8000,0.0001250000000000001,True,7068.380700129896,6.185455846295299e-06,0.0888778388124159,1.3476975586683027,3553.892889980471,2634.7120789576497,True,tilde_q_mu,asymptotic,default,sidak_approx,observed,8.31**2 * RBF(length_scale=0.322),0.02652795147390006,0.3617447928259099,0.09796095298649236,0.3222612860637392,0.024116319521727325,69.04391480639693,1596.8114030852125,384,211,173,416,32,0.04,0.3,0.0006250000000000006,1.0,1e-08,1e+18,False,False,False,False,12,1.1,15.0,13.362788868898571,5.971369982376021,81.42777248694574,72.54014212051759
2021,0.183,0.004472492875,0.17293689103124998,0.19306310896875,198621214.40460414,1.64,0.17566511168499999,0.190334888315,0.01466977663000002,0.0,1.0,8000,0.0001250000000000001,True,6894.068050272469,6.1591214138113895e-06,0.0970241676159479,1.2986958314450403,3395.0396031116993,2611.303836138009,True,tilde_q_mu,asymptotic,default,sidak_approx,observed,8.33**2 * RBF(length_scale=0.323),0.026560574854215303,0.36218965710293594,0.09808142280220604,0.3225317295067307,0.02414597714019573,69.4203187818696,1597.5739871391834,384,213,171,416,32,0.04,0.3,0.0006250000000000006,1.0,1e-08,1e+18,False,False,False,False,12,1.1,15.0,13.35757619722969,5.938651127357089,80.98160628214212,72.11453176585121
2021,0.184,0.004502634,0.1738690735,0.1941309265,193360941.65798712,1.64,0.17661568024,0.19138431976,0.014768639520000015,0.0,1.0,8000,0.0001250000000000001,True,6388.0103799466415,5.830408173774117e-06,0.13642837750668402,1.0965074724972543,2844.4148074787845,2596.8310224421048,True,tilde_q_mu,asymptotic,default,sidak_approx,observed,8.36**2 * RBF(length_scale=0.323),0.02659384492187802,0.36264333984379116,0.09820428066921366,0.32279954448673603,0.024176222656252744,69.83893272007866,1595.9120573974224,383,214,169,416,33,0.04,0.3,0.0006250000000000006,1.0,1e-08,1e+18,False,False,False,False,12,1.1,15.0,13.351942901768806,5.906286169801502,80.54026595183866,71.69126881881495
2021,0.185,0.004532946875,0.17480086953124999,0.19519913046875,188216407.43907794,1.64,0.177565967125,0.192434032875,0.014868065749999992,0.0,1.0,8000,0.0001250000000000001,True,5850.772498400409,5.456371418731007e-06,0.18800510290842676,0.8852715214335445,2266.635993986706,2564.2842810995544,True,tilde_q_mu,asymptotic,default,sidak_approx,observed,8.31**2 * RBF(length_scale=0.322),0.02662775111599851,0.3631056970363433,0.09832948758884544,0.3222253329972473,0.024207046469089555,69.02264629020547,1599.0676767586415,384,216,168,416,32,0.04,0.3,0.0006250000000000006,1.0,1e-08,1e+18,False,False,False,False,12,1.1,15.0,13.311220491467353,5.874269399197075,80.10367362541467,71.08517745362884
2021,0.186,0.0045634315,0.175732279125,0.196267720875,183203373.0638776,1.64,0.17851597234,0.19348402766,0.014968055320000007,0.0,1.0,8000,0.0001250000000000001,True,5119.562753879658,4.878725498106004e-06,0.2975840803543788,0.5313616943748476,1356.1187431385067,2552.794522677138,True,tilde_q_mu,asymptotic,default,sidak_approx,observed,8.22**2 * RBF(length_scale=0.321),0.026662283101715412,0.3635765877506647,0.09845700539709655,0.3211381096587519,0.024238439183377647,67.59915313377718,1593.002954045739,383,217,166,416,33,0.04,0.3,0.0006250000000000006,1.0,1e-08,1e+18,False,False,False,False,12,1.1,15.0,13.249124963416932,5.84259522723534,79.67175309866373,70.37206752391306
2021,0.187,0.004594087875,0.17666330228125,0.19733669771875,178278504.14348978,1.64,0.179465695885,0.194534304115,0.015068608230000002,0.0,1.0,8000,0.0001250000000000001,True,4389.6860342392265,4.275754811905006e-06,0.44346808488510386,0.1421821006336613,359.74888417139783,2530.520794733827,True,tilde_q_mu,asymptotic,default,sidak_approx,observed,8.19**2 * RBF(length_scale=0.321),0.02669743076418252,0.3640558740570343,0.09858679674242199,0.3207759918365821,0.024270391603802288,67.12711063231717,1593.1771498232242,383,219,164,416,33,0.04,0.3,0.0006250000000000006,1.0,1e-08,1e+18,False,False,False,False,12,1.1,15.0,13.216762097333781,5.811258184560199,79.24442978945724,69.82365173774177
2021,0.188,0.004624916,0.177593939,0.198406061,173567784.67781383,1.64,0.18041513776,0.19558486224,0.01516972447999998,0.0,1.0,8000,0.0001250000000000001,True,3800.3969793027627,3.782003414544281e-06,0.5,0.0,-585.6085723005103,2504.9735520561144,True,tilde_q_mu,asymptotic,default,sidak_approx,observed,8.2**2 * RBF(length_scale=0.321),0.026733184202745154,0.3645434209465248,0.09871882506423137,0.32084063643322436,0.02430289472976832,67.18808724012497,1593.735314687142,383,220,163,416,33,0.04,0.3,0.0006250000000000006,1.0,1e-08,1e+18,False,False,False,False,12,1.1,15.0,13.201745717979454,5.78025291761951,78.8216306948115,69.37220836729237
2021,0.189,0.0046559158750000005,0.17852418928125,0.19947581071875,168874228.16818193,1.64,0.181364297965,0.196635702035,0.015271404069999994,0.0,1.0,8000,0.0001250000000000001,True,3455.127360059051,3.515270919160888e-06,0.5,0.0,-1304.103316483679,2481.0793035303427,True,tilde_q_mu,asymptotic,default,sidak_approx,observed,8.23**2 * RBF(length_scale=0.321),0.0267695337253012,0.36503909625410724,0.09885305457206568,0.32129037684139566,0.024335939750273816,67.76645670730622,1594.9998802791583,383,222,161,416,33,0.04,0.3,0.0006250000000000006,1.0,1e-08,1e+18,False,False,False,False,12,1.1,15.0,13.202299978482674,5.749574185616315,78.40328434931338,69.00691195186073
2021,0.19,0.0046870875,0.179454053125,0.200545946875,164378838.92039412,1.64,0.1823131765,0.1976868235,0.01537364699999999,0.0,1.0,8000,0.0001250000000000001,True,3288.5610295418905,3.419214279553402e-06,0.5,0.0,-1707.4094249828097,2464.2190816481243,True,tilde_q_mu,asymptotic,default,sidak_approx,observed,8.3**2 * RBF(length_scale=0.322),0.026806469842839676,0.3655427705841774,0.09898945022542965,0.3221383780702137,0.02436951803894516,68.95171643479472,1591.6651289788974,382,223,159,416,34,0.04,0.3,0.0006250000000000006,1.0,1e-08,1e+18,False,False,False,False,12,1.1,15.0,13.218906404115227,5.719216857555929,77.98932078485358,68.72890213169985
2021,0.191,0.004718430875,0.18038353053125,0.20161646946875,160024504.07567304,1.64,0.183261773365,0.19873822663500001,0.015476453270000023,0.0,1.0,8000,0.0001250000000000001,True,3114.4872213496383,3.3089226730462537e-06,0.5,0.0,-2171.4574521894688,2442.525471818759,True,tilde_q_mu,asymptotic,default,sidak_approx,observed,8.24**2 * RBF(length_scale=0.321),0.026843983264149097,0.36605431723839676,0.09912797771425101,0.3213425959075042,0.02440362114922645,67.86363217201642,1592.9719689572007,382,225,157,416,34,0.04,0.3,0.0006250000000000006,1.0,1e-08,1e+18,False,False,False,False,12,1.1,15.0,13.167824313552341,5.68917590938515,77.57967149161568,68.10369896698003
2021,0.192,0.0047499460000000005,0.1813126215,0.20268737850000001,155718995.1526329,1.64,0.18421008856,0.19978991144,0.015579822879999983,0.0,1.0,8000,0.0001250000000000001,True,3019.090776250224,3.2790895118758645e-06,0.5,0.0,-2380.368252620709,2416.7977019516675,True,tilde_q_mu,asymptotic,default,sidak_approx,observed,8.25**2 * RBF(length_scale=0.321),0.026882064890690675,0.3665736121457819,0.09926860343994864,0.3214500598087543,0.024438240809718792,68.04509690074475,1592.4213570918369,382,226,156,416,34,0.04,0.3,0.0006250000000000006,1.0,1e-08,1e+18,False,False,False,False,12,1.1,15.0,13.15356789842735,5.659446421220509,77.17426938027965,67.67446615366875
2021,0.193,0.0047816328750000005,0.18224132603125,0.20375867396875,151601184.85939226,1.64,0.18515812208500002,0.200841877915,0.01568375582999998,0.0,1.0,8000,0.0001250000000000001,True,3019.5489578443703,3.351213469717908e-06,0.4999311292015692,0.00017263349150062197,-2239.8582465784657,2392.046870782748,True,tilde_q_mu,asymptotic,default,sidak_approx,observed,8.28**2 * RBF(length_scale=0.322),0.026920705811631265,0.36710053379497176,0.09941129449709041,0.3217561573439579,0.024473368919664784,68.48569289845885,1592.3175961085249,382,228,154,416,34,0.04,0.3,0.0006250000000000006,1.0,1e-08,1e+18,False,False,False,False,12,1.1,15.0,13.147195157321441,5.630023574662507,76.77304874539782,67.29001697855314
2021,0.194,0.004813491500000001,0.183169644125,0.204830355875,147523768.56605715,1.64,0.18610587394,0.20189412606,0.015788252120000013,0.0,1.0,8000,0.0001250000000000001,True,3033.086145631407,3.441445840891274e-06,0.5,0.0,-2106.768678933384,2377.3462344564678,True,tilde_q_mu,asymptotic,default,sidak_approx,observed,8.23**2 * RBF(length_scale=0.321),0.026959897299027525,0.36763496316855715,0.09955601865560951,0.3211701092847443,0.024508997544570477,67.78149749772145,1588.4797148818166,381,229,152,416,35,0.04,0.3,0.0006250000000000006,1.0,1e-08,1e+18,False,False,False,False,12,1.1,15.0,13.104171588441558,5.600902650192177,76.37594522989332,66.72289943479578
2021,0.195,0.004845521875000001,0.18409757578125,0.20590242421875002,143578408.5209931,1.64,0.18705334412500002,0.202946655875,0.015893311749999972,0.0,1.0,8000,0.0001250000000000001,True,3056.5273844753656,3.54506715629192e-06,0.4999655646006563,8.631674575031098e-05,-1853.2996440512927,2343.9104854990114,True,tilde_q_mu,asymptotic,default,sidak_approx,observed,8.21**2 * RBF(length_scale=0.321),0.026999630803158793,0.36817678367943807,0.09970274434357004,0.32083709944408106,0.024545118911962538,67.46747798845611,1592.539940572697,382,231,151,416,34,0.04,0.3,0.0006250000000000006,1.0,1e-08,1e+18,False,False,False,False,12,1.1,15.0,13.071319825128853,5.572079024647637,75.9828957906496,66.21311547460118
2021,0.196,0.004877724000000001,0.18502512100000001,0.206974879,139755894.5302579,1.64,0.18800053264,0.20399946736000002,0.015998934720000024,0.0,1.0,8000,0.0001250000000000001,True,3198.5750624183884,3.791842267566995e-06,0.5,0.0,-1338.5936494563284,2326.5677438116345,True,tilde_q_mu,asymptotic,default,sidak_approx,observed,8.23**2 * RBF(length_scale=0.321),0.027039897948001393,0.36872588110910987,0.09985144063045473,0.32106325739284214,0.02458172540727399,67.73608097535983,1588.1463107890972,381,232,149,416,35,0.04,0.3,0.0006250000000000006,1.0,1e-08,1e+18,False,False,False,False,12,1.1,15.0,13.061054587235612,5.543548168777362,75.59383866514584,65.82235021761012
2021,0.197,0.004910097875000001,0.18595227978125,0.20804772021875,136004179.86803293,1.64,0.188947439485,0.205052560515,0.016105121030000003,0.0,1.0,8000,0.0001250000000000001,True,3346.5935438530983,4.056060356010594e-06,0.5,0.0,-855.205715208126,2300.7171815490415,True,tilde_q_mu,asymptotic,default,sidak_approx,observed,8.25**2 * RBF(length_scale=0.321),0.02708069052684119,0.3692821435478344,0.10000207721096321,0.32138495687803925,0.024618809569855626,68.08040575842314,1587.5918825216709,381,234,147,416,35,0.04,0.3,0.0006250000000000006,1.0,1e-08,1e+18,False,False,False,False,12,1.1,15.0,13.054447493332797,5.51530564486786,75.20871333910718,65.45387995509951
2021,0.198,0.004942643500000001,0.186879052125,0.20912094787500002,132354320.73115931,1.64,0.18989406466,0.20610593534000002,0.016211870680000018,0.0,1.0,8000,0.0001250000000000001,True,3569.459206576903,4.423021305027471e-06,0.4999655646006563,8.631674575031098e-05,-322.62450458323747,2281.7009217097248,True,tilde_q_mu,asymptotic,default,sidak_approx,observed,8.31**2 * RBF(length_scale=0.322),0.027122000498016587,0.3698454613365898,0.10015462438929199,0.3221289815750249,0.024656364089105987,69.05590384152418,1584.2164548106548,380,235,145,416,36,0.04,0.3,0.0006250000000000006,1.0,1e-08,1e+18,False,False,False,False,12,1.1,15.0,13.0647398136594,5.487347104442508,74.82746051512511,65.17342016979879
2021,0.199,0.004975360875000001,0.18780543803125,0.21019456196875003,128788002.15036236,1.64,0.190840408165,0.20715959183500002,0.016319183670000015,0.0,1.0,8000,0.0001250000000000001,True,3873.215135400388,4.907531091668348e-06,0.4533561895419157,0.11718635558523233,263.8553902973306,2253.6008630606893,True,tilde_q_mu,asymptotic,default,sidak_approx,observed,8.38**2 * RBF(length_scale=0.323),0.027163819980791672,0.3704157270107955,0.10030905306389509,0.32293912543583597,0.0246943818007197,70.19723982004622,1587.1675601595052,380,236,144,416,36,0.04,0.3,0.0006250000000000006,1.0,1e-08,1e+18,False,False,False,False,12,1.1,15.0,13.077433079390719,5.459668286029939,74.45002208222643,64.9076787692985
2021,0.2,0.0050082500000000005,0.18873143750000002,0.2112685625,125353032.55969113,1.64,0.19178647000000001,0.20821353,0.016427059999999993,0.0,1.0,8000,0.0001250000000000001,True,4013.3308333786235,5.1982844826270704e-06,0.4056197325777261,0.2388273453879118,532.9003447951237,2231.406261968778,True,tilde_q_mu,asymptotic,default,sidak_approx,observed,8.36**2 * RBF(length_scale=0.323),0.027206141251351037,0.37099283524569593,0.10046533471269384,0.32273730881782076,0.024732855683046395,69.87321382814206,1588.0862134509139,380,238,142,416,36,0.04,0.3,0.0006250000000000006,1.0,1e-08,1e+18,False,False,False,False,12,1.1,15.0,13.048930255111914,5.432265012998759,74.0763410863467,64.44113389264129
2021,0.201,0.005041310875000001,0.18965705053125,0.21234294946875001,122019355.53382406,1.64,0.192732250165,0.20926774983500002,0.01653549967000001,0.0,1.0,8000,0.0001250000000000001,True,4183.105624189853,5.538523063082816e-06,0.35590622612053946,0.3694230064268598,818.1582567332662,2215.281726600759,True,tilde_q_mu,asymptotic,default,sidak_approx,observed,8.37**2 * RBF(length_scale=0.323),0.02724895673891401,0.37157668280337286,0.10062344137872785,0.32284978371801404,0.02477177885355819,70.02705324676668,1584.2072730580421,379,239,140,416,37,0.04,0.3,0.0006250000000000006,1.0,1e-08,1e+18,False,False,False,False,12,1.1,15.0,13.03296729825441,5.405133191456678,73.70636170168197,64.04084011542216
2021,0.202,0.0050745435000000005,0.190582277125,0.21341772287500002,118808713.66471365,1.64,0.19367774866,0.21032225134000002,0.016644502680000006,0.0,1.0,8000,0.0001250000000000001,True,4197.9008103804845,5.68005356741928e-06,0.33953507543794137,0.4137323250697635,904.2176724796468,2186.6818338294347,True,tilde_q_mu,asymptotic,default,sidak_approx,observed,8.31**2 * RBF(length_scale=0.322),0.027292259021962976,0.37216716848131326,0.10078334565622704,0.3221061530357431,0.024811144565420884,69.0002169383402,1588.6863961666645,380,241,139,416,36,0.04,0.3,0.0006250000000000006,1.0,1e-08,1e+18,False,False,False,False,12,1.1,15.0,12.982317368972174,5.37826880821161,73.34002920288559,63.47490233076986
2021,0.203,0.005107947875,0.19150711728125003,0.21449288271875,115574322.00533302,1.64,0.19462296548500002,0.211377034515,0.016754069029999985,0.0,1.0,8000,0.0001250000000000001,True,4503.403726948587,6.2330902136284346e-06,0.26936089287765796,0.6147470451511236,1353.0814070540055,2170.3109866314016,True,tilde_q_mu,asymptotic,default,sidak_approx,observed,8.37**2 * RBF(length_scale=0.323),0.02733604082458523,0.37276419306252584,0.10094502067710312,0.3228759619943802,0.02485094620416839,70.0651806434452,1584.5543891306766,379,242,137,416,37,0.04,0.3,0.0006250000000000006,1.0,1e-08,1e+18,False,False,False,False,12,1.1,15.0,12.992501747890081,5.351667928793269,72.97728993809002,63.210504471794394
2021,0.204,0.005141524,0.192431571,0.21556842899999998,112452833.18684237,1.64,0.19556790064,0.21243209936,0.01686419872,0.0,1.0,8000,0.0001250000000000001,True,4876.149702367486,6.902340557260489e-06,0.19218943884150708,0.8698564132226407,1867.2963594150099,2148.4335656935204,True,tilde_q_mu,asymptotic,default,sidak_approx,observed,8.43**2 * RBF(length_scale=0.324),0.027380295012918457,0.37336765926706983,0.10110844009782363,0.32358782315060564,0.024891177284471322,71.10922925038213,1586.8761646202515,379,244,135,416,37,0.04,0.3,0.0006250000000000006,1.0,1e-08,1e+18,False,False,False,False,12,1.1,15.0,13.00010117851999,5.325326695531998,72.61809130270905,62.93616895508134
2021,0.205,0.005175271875,0.19335563828125,0.21664436171874998,109447447.25856656,1.64,0.196512554125,0.213487445875,0.01697489175,0.0,1.0,8000,0.0001250000000000001,True,5125.482431853999,7.418142533489949e-06,0.15214901558872784,1.0272600444445135,2191.804201111207,2134.9438422795724,True,tilde_q_mu,asymptotic,default,sidak_approx,observed,8.44**2 * RBF(length_scale=0.324),0.027425014591702393,0.3739774717050326,0.10127357808667811,0.32370178432668906,0.024931831447002173,71.27496519558758,1585.6215463230685,378,245,133,416,38,0.04,0.3,0.0006250000000000006,1.0,1e-08,1e+18,False,False,False,False,12,1.1,15.0,12.983473958372652,5.2992413256941004,72.26238171401046,62.547783410255924
2021,0.206,0.0052091915,0.194279319125,0.217720680875,106491864.68179588,1.64,0.19745692594,0.21454307405999998,0.017086148119999978,0.0,1.0,8000,0.0001250000000000001,True,5358.464350118226,7.931888776225267e-06,0.11671879792656703,1.1915503680504225,2510.257586643019,2107.0209973653486,True,tilde_q_mu,asymptotic,default,sidak_approx,observed,8.47**2 * RBF(length_scale=0.324),0.027470192700929454,0.37459353683085617,0.10144040931140968,0.32401876614759123,0.02497290245539041,71.74805736702726,1588.095723905968,379,247,132,416,37,0.04,0.3,0.0006250000000000006,1.0,1e-08,1e+18,False,False,False,False,12,1.1,15.0,12.974814070026195,5.273408109671041,71.91011058642329,62.20135430759096
2021,0.207,0.0052432828750000006,0.19520261353124999,0.21879738646875,103594993.30477582,1.64,0.198401016085,0.215598983915,0.017197967829999994,0.0,1.0,8000,0.0001250000000000001,True,5479.422826391879,8.297468732318652e-06,0.10154535635839218,1.2727952343832487,2666.738464653824,2096.049024013991,True,tilde_q_mu,asymptotic,default,sidak_approx,observed,8.45**2 * RBF(length_scale=0.324),0.027515822612592312,0.37521576289898606,0.10160890892720478,0.3237391228624743,0.025014384193265737,71.31932524644336,1583.8833368776498,378,248,130,416,38,0.04,0.3,0.0006250000000000006,1.0,1e-08,1e+18,False,False,False,False,12,1.1,15.0,12.94211843718423,5.247823409220947,71.56122830755837,61.74359281778675
2021,0.208,0.005277546,0.19612552149999998,0.2198744785,100755569.91566654,1.64,0.19934482456,0.21665517544,0.01731035087999999,0.0,1.0,8000,0.0001250000000000001,True,5560.350837926171,8.615683130954048e-06,0.08993171391200733,1.3411756573913325,2786.6267485767025,2078.1178843008415,True,tilde_q_mu,asymptotic,default,sidak_approx,observed,8.48**2 * RBF(length_scale=0.324),0.02756189772752429,0.37584405992078573,0.10177905256502541,0.3241514612637337,0.025056270661385716,71.99479421057754,1584.5725992425525,378,250,128,416,38,0.04,0.3,0.0006250000000000006,1.0,1e-08,1e+18,False,False,False,False,12,1.1,15.0,12.936939644545122,5.222483655760516,71.21568621491612,61.42086895381559
2021,0.209,0.005311980875,0.19704804303124998,0.22095195696875,97975291.24730825,1.64,0.200288351365,0.21771164863499998,0.01742329726999997,0.0,1.0,8000,0.0001250000000000001,True,5597.226551361109,8.876258844397779e-06,0.08431728549559775,1.3766044608138923,2845.368969005508,2067.1873590320124,True,tilde_q_mu,asymptotic,default,sidak_approx,observed,8.49**2 * RBF(length_scale=0.324),0.027608411572330852,0.3764783396226934,0.10195081632027805,0.324223706794711,0.025098555974846226,72.07702752115168,1580.806829274807,377,251,126,416,39,0.04,0.3,0.0006250000000000006,1.0,1e-08,1e+18,False,False,False,False,12,1.1,15.0,12.918022340394723,5.197385348705882,70.87343657326201,61.03630913292981
2021,0.21,0.0053465875,0.197970178125,0.22202982187499998,95309478.67396851,1.64,0.2012315965,0.21876840349999999,0.017536806999999988,0.0,1.0,8000,0.0001250000000000001,True,5300.425711013919,8.599541273732905e-06,0.10586076474080586,1.2488456611487904,2552.725703859342,2043.9742250772258,True,tilde_q_mu,asymptotic,default,sidak_approx,observed,8.44**2 * RBF(length_scale=0.324),0.027655357796407824,0.3771185154055612,0.10212417674180257,0.3236394007382063,0.025141234360370746,71.18262442842529,1585.6797143294855,378,253,125,416,38,0.04,0.3,0.0006250000000000006,1.0,1e-08,1e+18,False,False,False,False,12,1.1,15.0,12.872852466160047,5.172525053860584,70.53443255264432,60.531956268967136
2021,0.211,0.005381365875,0.19889192678125,0.22310807321874998,92716703.49811862,1.64,0.202174559965,0.21982544003499999,0.017650880069999986,0.0,1.0,8000,0.0001250000000000001,True,4906.922124544761,8.144954268718426e-06,0.14962391164630312,1.0380477539389519,2113.328617042549,2036.0206321303197,True,tilde_q_mu,asymptotic,default,sidak_approx,observed,8.36**2 * RBF(length_scale=0.323),0.027702730169044832,0.3777645023051568,0.10229911082117613,0.3227905116838119,0.02518430015367712,69.94333618114032,1579.5222605034517,377,254,123,416,39,0.04,0.3,0.0006250000000000006,1.0,1e-08,1e+18,False,False,False,False,12,1.1,15.0,12.817132487863942,5.147899401849318,70.19862820703615,59.98300787972568
2021,0.212,0.005416316,0.199813289,0.22418671099999998,90185144.73372863,1.64,0.20311724175999998,0.22088275824,0.01776551648000002,0.0,1.0,8000,0.0001250000000000001,True,4579.176772871679,7.777436317203691e-06,0.1932344992435157,0.8660385923734059,1749.5922678481709,2020.1951872256782,True,tilde_q_mu,asymptotic,default,sidak_approx,observed,8.36**2 * RBF(length_scale=0.323),0.027750522576609375,0.37841621695376415,0.10247559598231445,0.32278143168618695,0.02522774779691761,69.92873757857213,1579.8903083236798,377,256,121,416,39,0.04,0.3,0.0006250000000000006,1.0,1e-08,1e+18,False,False,False,False,12,1.1,15.0,12.794698689893563,5.123505086595644,69.86597845357696,59.594276199207535
2021,0.213,0.005451437875,0.20073426478125,0.22526573521874999,87692400.078589,1.64,0.204059641885,0.22194035811499999,0.017880716229999982,0.0,1.0,8000,0.0001250000000000001,True,4157.192469421214,7.227340132867725e-06,0.2658243456313613,0.6254912472370947,1249.7787483371624,2003.1401509875916,True,tilde_q_mu,asymptotic,default,sidak_approx,observed,8.31**2 * RBF(length_scale=0.322),0.027798729019809246,0.3790735775428533,0.10265361007136294,0.32220544104737003,0.02527157183619022,69.10097791023226,1578.9322920735287,377,257,120,416,39,0.04,0.3,0.0006250000000000006,1.0,1e-08,1e+18,False,False,False,False,12,1.1,15.0,12.74971905728297,5.0993388638422745,69.53643905239464,59.10467081079412
2021,0.214,0.0054867315,0.201654854125,0.226345145875,85297275.72952412,1.64,0.20500176034,0.22299823965999999,0.01799647931999998,0.0,1.0,8000,0.0001250000000000001,True,3800.8507424945583,6.761636246441406e-06,0.3424193329560663,0.40586925968179344,806.0286338781012,1985.593573683308,True,tilde_q_mu,asymptotic,default,sidak_approx,observed,8.4**2 * RBF(length_scale=0.323),0.02784734361103514,0.37973650378684276,0.10283313134688332,0.32314714357510166,0.02531576691912285,70.48275636156701,1578.0093527299498,377,259,118,416,39,0.04,0.3,0.0006250000000000006,1.0,1e-08,1e+18,False,False,False,False,12,1.1,15.0,12.764659455408596,5.075397549713366,69.20996658700044,58.89611029355121
2021,0.215,0.0055221968750000005,0.20257505703125,0.22742494296875,82936171.06195708,1.64,0.205943597125,0.224056402875,0.018112805750000016,0.0,1.0,8000,0.0001250000000000001,True,3266.627849634032,5.948906473586292e-06,0.49455393014677895,0.013651696709620114,26.966317171327937,1975.5485834412013,True,tilde_q_mu,asymptotic,default,sidak_approx,observed,8.41**2 * RBF(length_scale=0.323),0.02789636057177134,0.380404916887791,0.10301413847029216,0.3232691264948517,0.0253603277925194,70.79026155541817,1575.2679448377428,376,260,116,416,40,0.04,0.3,0.0006250000000000006,1.0,1e-08,1e+18,False,False,False,False,12,1.1,15.0,12.747040540627681,5.051678019315698,68.88651844521407,58.53994955492268
2021,0.216,0.005557833999999999,0.2034948735,0.2285051265,80666190.61149085,1.64,0.20688515224,0.22511484776,0.018229695519999978,0.0,1.0,8000,0.0001250000000000001,True,2869.2685191261357,5.34743871558836e-06,0.5,0.0,-681.9786913257011,1959.2296010478399,True,tilde_q_mu,asymptotic,default,sidak_approx,observed,8.4**2 * RBF(length_scale=0.323),0.027945774230083157,0.3810787395011339,0.10319661049658249,0.32311197922078966,0.025405249300075594,70.61514324419765,1576.290731811681,376,262,114,416,40,0.04,0.3,0.0006250000000000006,1.0,1e-08,1e+18,False,False,False,False,12,1.1,15.0,12.718315628566897,5.028177205379499,68.56605280062952,58.13631339489263
2021,0.217,0.005593642875000001,0.20441430353125,0.22958569646875,78431109.94118327,1.64,0.207826425685,0.226173574315,0.018347148629999976,0.0,1.0,8000,0.0001250000000000001,True,6997.6434935562975,1.335130262782626e-05,0.5,0.0,-4054.496454550745,5330.160525779874,True,tilde_q_mu,asymptotic,default,sidak_approx,observed,1**2 * RBF(length_scale=0.103),0.027995579018170492,0.3817578957023249,0.1033805268652899,0.10338052686528991,0.025450526380154992,1.0,867.6881178497531,376,263,113,416,40,0.04,0.3,0.0006250000000000006,1.0,1e-08,1e+18,False,False,False,False,12,1.1,15.0,4.062019202317981,5.0048920969361115,68.24852859458333,18.481788912076354
2021,0.218,0.0056296235,0.205333347125,0.230666652875,76236851.52538474,1.64,0.20876741746,0.22723258254,0.018465165080000012,0.0,1.0,8000,0.0001250000000000001,True,2484.777578964533,4.854963797482952e-06,0.5,0.0,-1589.490532525961,1921.9621890898331,True,tilde_q_mu,asymptotic,default,sidak_approx,observed,8.39**2 * RBF(length_scale=0.323),0.028045769469989868,0.3824423109544073,0.10356586739171109,0.32305212211645296,0.025496154063627152,70.38805917042342,1577.9875742138477,376,265,111,416,40,0.04,0.3,0.0006250000000000006,1.0,1e-08,1e+18,False,False,False,False,12,1.1,15.0,12.67062166749767,4.981819738032192,67.93390551862079,57.38432101479841
2021,0.219,0.005665775875,0.20625200428125,0.23174799571875,74103158.47642389,1.64,0.209708127565,0.228291872435,0.018583744869999974,0.0,1.0,8000,0.0001250000000000001,True,2323.66612498385,4.649570260648573e-06,0.5,0.0,-2127.479316476703,1909.2755886010887,True,tilde_q_mu,asymptotic,default,sidak_approx,observed,8.43**2 * RBF(length_scale=0.323),0.028096340218941366,0.3831319120764731,0.10375261225836253,0.3233785351203809,0.025542127471764875,71.02726024008815,1575.185441591788,375,266,109,416,41,0.04,0.3,0.0006250000000000006,1.0,1e-08,1e+18,False,False,False,False,12,1.1,15.0,12.660595147285768,4.958957226478954,67.62214399744026,57.07577254287011
2021,0.22,0.005702100000000001,0.207170275,0.23282972500000002,72056230.15568508,1.64,0.210648556,0.22935144400000002,0.01870288800000003,0.0,1.0,8000,0.0001250000000000001,True,2276.8489079384985,4.664014758732901e-06,0.5,0.0,-2248.7861284043543,1896.7145717448554,True,tilde_q_mu,asymptotic,default,sidak_approx,observed,8.36**2 * RBF(length_scale=0.323),0.028147285995616157,0.3838266272129476,0.10394074200666255,0.32266138591989296,0.025588441814196505,69.80960683856573,1573.450120132158,374,267,107,416,42,0.04,0.3,0.0006250000000000006,1.0,1e-08,1e+18,False,False,False,False,12,1.1,15.0,12.60965354056377,4.936301712635021,67.31320517229574,56.58641306183563
2021,0.221,0.005738595875,0.20808815928125,0.23391184071875,70072537.02592257,1.64,0.211588702765,0.230411297235,0.01882259447000001,0.0,1.0,8000,0.0001250000000000001,True,2199.4746816184343,4.612100622777799e-06,0.5,0.0,-2421.8505213960198,1869.517235284994,True,tilde_q_mu,asymptotic,default,sidak_approx,observed,8.38**2 * RBF(length_scale=0.323),0.028198601625608544,0.38452638580375287,0.10413023752885174,0.3228992435850657,0.025635092386916858,70.23850443476523,1578.895149728134,375,269,106,416,41,0.04,0.3,0.0006250000000000006,1.0,1e-08,1e+18,False,False,False,False,12,1.1,15.0,12.595985171867794,4.913850398222813,67.00705088485654,56.267987957082916
2021,0.222,0.005775263500000001,0.209005657125,0.234994342875,68109664.16035153,1.64,0.21252856786,0.23147143214000002,0.018942864280000027,0.0,1.0,8000,0.0001250000000000001,True,2143.2945404549237,4.602990371714311e-06,0.5,0.0,-2593.063230978874,1854.680455828414,True,tilde_q_mu,asymptotic,default,sidak_approx,observed,8.43**2 * RBF(length_scale=0.323),0.028250282027384624,0.38523111855524483,0.1043210800601226,0.32333933291419675,0.025682074570349656,71.14386772199546,1577.2465431273356,374,270,104,416,42,0.04,0.3,0.0006250000000000006,1.0,1e-08,1e+18,False,False,False,False,12,1.1,15.0,12.590078423317753,4.891600535176381,66.7036436614961,55.9869403212852
2021,0.223,0.005812102875000001,0.20992276853125,0.23607723146875,66214738.059975564,1.64,0.213468151285,0.23253184871500002,0.019063697430000026,0.0,1.0,8000,0.0001250000000000001,True,2132.6954265852096,4.690176985521334e-06,0.5,0.0,-2512.955361386883,1835.8692181324127,True,tilde_q_mu,asymptotic,default,sidak_approx,observed,8.4**2 * RBF(length_scale=0.323),0.028302322210207634,0.38594075741192224,0.10451325117095824,0.322851028350764,0.025729383827461483,70.60298541778296,1575.763972754113,374,272,102,416,42,0.04,0.3,0.0006250000000000006,1.0,1e-08,1e+18,False,False,False,False,12,1.1,15.0,12.547950254688132,4.869549424520059,66.40294669800079,55.5480581287481
2021,0.224,0.005849114000000001,0.2108394935,0.2371605065,64362913.74671155,1.64,0.21440745304,0.23359254696,0.019185093920000007,0.0,1.0,8000,0.0001250000000000001,True,2151.75671904539,4.84651292013662e-06,0.5,0.0,-2259.4488205711987,1812.4987397965047,True,tilde_q_mu,asymptotic,default,sidak_approx,observed,8.42**2 * RBF(length_scale=0.323),0.028354717272120713,0.3866552355289188,0.1047067327596833,0.323056491162821,0.02577701570192792,70.81555050044328,1575.4876866538686,374,273,101,416,42,0.04,0.3,0.0006250000000000006,1.0,1e-08,1e+18,False,False,False,False,12,1.1,15.0,12.532734390143498,4.847694415277375,66.10492384469147,55.23169682841212
2021,0.225,0.005886296875000001,0.21175583203125,0.23824416796875,62544678.25081808,1.64,0.215346473125,0.23465352687500002,0.019307053750000025,0.0,1.0,8000,0.0001250000000000001,True,2222.8286475554482,5.129240071920608e-06,0.5,0.0,-1829.5437736210595,1792.1429887967047,True,tilde_q_mu,asymptotic,default,sidak_approx,observed,8.38**2 * RBF(length_scale=0.323),0.028407462397980934,0.3873744872451945,0.10490150704520411,0.3227756747977541,0.0258249658163463,70.15594764381716,1575.8473905234139,374,275,99,416,42,0.04,0.3,0.0006250000000000006,1.0,1e-08,1e+18,False,False,False,False,12,1.1,15.0,12.498590592265115,4.82603290340855,65.80953959193478,54.83509949500365
2021,0.226,0.005923651500000001,0.212671784125,0.239328215875,60771554.15297639,1.64,0.21628521154,0.23571478846000002,0.019429576920000025,0.0,1.0,8000,0.0001250000000000001,True,2262.9559548579036,5.350412191742017e-06,0.5,0.0,-1589.9919792333878,1776.6627613927444,True,tilde_q_mu,asymptotic,default,sidak_approx,observed,8.41**2 * RBF(length_scale=0.323),0.028460552857546586,0.3880984480574534,0.10509755655994553,0.3230331064460634,0.025873229870496894,70.64414027229155,1572.9086969409223,373,276,97,416,43,0.04,0.3,0.0006250000000000006,1.0,1e-08,1e+18,False,False,False,False,12,1.1,15.0,12.485225387898568,4.804562330776309,65.51675905604058,54.53276689995408
2021,0.227,0.005961177875000001,0.21358734978125,0.24041265021875002,59077484.039820164,1.64,0.217223668285,0.236776331715,0.019552663430000006,0.0,1.0,8000,0.0001250000000000001,True,2291.7880143890616,5.549406226919594e-06,0.5,0.0,-1380.9671267226602,1755.8161374031486,True,tilde_q_mu,asymptotic,default,sidak_approx,observed,8.45**2 * RBF(length_scale=0.323),0.02851398400361649,0.3888270545947703,0.10529486414297991,0.32344687306235287,0.025921803639651353,71.32779700857863,1573.9837472143877,373,278,95,416,43,0.04,0.3,0.0006250000000000006,1.0,1e-08,1e+18,False,False,False,False,12,1.1,15.0,12.477791960725739,4.783280184139193,65.22654796553445,54.258886388682505
2021,0.228,0.005998876,0.214502529,0.24149747100000002,57436780.43420136,1.64,0.21816184336,0.23783815664000002,0.019676313280000024,0.0,1.0,8000,0.0001250000000000001,True,2351.789991337265,5.831677849367186e-06,0.49997565049559606,6.103515625e-05,-1092.283111214098,1734.5208568192522,True,tilde_q_mu,asymptotic,default,sidak_approx,observed,8.44**2 * RBF(length_scale=0.323),0.028567751270212785,0.38956024459381067,0.10549341293331654,0.32339737912051797,0.02597068297292071,71.2918975852386,1574.2785002720384,373,279,94,416,43,0.04,0.3,0.0006250000000000006,1.0,1e-08,1e+18,False,False,False,False,12,1.1,15.0,12.452401789268313,4.762183994170372,64.9388726477778,53.90966226348369
2021,0.229,0.006036745875000001,0.21541732178125,0.24258267821875001,55831675.293223605,1.64,0.219099736765,0.23890026323500002,0.019800526470000024,0.0,1.0,8000,0.0001250000000000001,True,2434.299593464349,6.182694771933192e-06,0.5,0.0,-790.0171976537414,1716.2058380907483,True,tilde_q_mu,asymptotic,default,sidak_approx,observed,8.44**2 * RBF(length_scale=0.323),0.028621850170817444,0.3902979568747833,0.10569318636338966,0.3233203040234483,0.02601986379165222,71.29934192447645,1574.3377239816737,373,281,92,416,43,0.04,0.3,0.0006250000000000006,1.0,1e-08,1e+18,False,False,False,False,12,1.1,15.0,12.425903018261648,4.741271334503118,64.6537000159516,53.55870707799974
2021,0.23,0.006074787500000001,0.216331728125,0.243668271875,54262302.35414737,1.64,0.2200373485,0.2399626515,0.019925303000000005,0.0,1.0,8000,0.0001250000000000001,True,2435.2270526214515,6.336264946846216e-06,0.5,0.0,-735.8792892501363,1702.6309016507003,True,tilde_q_mu,asymptotic,default,sidak_approx,observed,8.52**2 * RBF(length_scale=0.324),0.02867627629665082,0.39104013131796567,0.1058941681527014,0.3240069567259411,0.026069342087864378,72.67091669274988,1572.1670234250555,372,282,90,416,44,0.04,0.3,0.0006250000000000006,1.0,1e-08,1e+18,False,False,False,False,12,1.1,15.0,12.428658753025095,4.720539820800449,64.37099755636976,53.33634414799547
2021,0.231,0.006113000875000001,0.21724574803125002,0.24475425196875,52721717.822498925,1.64,0.220974678565,0.24102532143500002,0.020050642870000024,0.0,1.0,8000,0.0001250000000000001,True,2552.151496563158,6.80494846367675e-06,0.5,0.0,-407.7130557620858,1685.6415597571884,True,tilde_q_mu,asymptotic,default,sidak_approx,observed,8.45**2 * RBF(length_scale=0.324),0.02873102531499461,0.39178670884083555,0.10609634230162918,0.3235052518075737,0.02611911392272237,71.41330897327202,1569.7460430528126,372,284,88,416,44,0.04,0.3,0.0006250000000000006,1.0,1e-08,1e+18,False,False,False,False,12,1.1,15.0,12.385766713400631,4.699987109848828,64.09073331612038,52.92085808961604
2021,0.232,0.006151386000000001,0.2181593815,0.24584061850000002,51251552.38699205,1.64,0.22191172696,0.24208827304000002,0.020176546080000024,0.0,1.0,8000,0.0001250000000000001,True,2558.8191657960892,6.988186833711298e-06,0.5,0.0,-335.09317164226235,1667.662025044667,True,tilde_q_mu,asymptotic,default,sidak_approx,observed,8.46**2 * RBF(length_scale=0.324),0.028786092967561763,0.3925376313758422,0.10629969308540586,0.3236367689135417,0.026169175425056146,71.54470378698053,1570.5573637049024,372,285,87,416,44,0.04,0.3,0.0006250000000000006,1.0,1e-08,1e+18,False,False,False,False,12,1.1,15.0,12.367098452925264,4.679610898675804,63.812875891033684,52.612007913914304
2021,0.233,0.006189942875000002,0.21907262853125,0.24692737146875002,49805482.399550624,1.64,0.222848493685,0.24315150631500002,0.020303012630000006,0.0,1.0,8000,0.0001250000000000001,True,2567.5939144029003,7.184775257840929e-06,0.5,0.0,-269.930614525523,1653.0509973521794,True,tilde_q_mu,asymptotic,default,sidak_approx,observed,8.44**2 * RBF(length_scale=0.323),0.028841475068901758,0.3932928418486603,0.10650420504823112,0.3234798039110004,0.026219522789910688,71.15471956315412,1571.5653652111769,372,287,85,416,44,0.04,0.3,0.0006250000000000006,1.0,1e-08,1e+18,False,False,False,False,12,1.1,15.0,12.337364280156766,4.659408923689259,63.53739441394444,52.25893201978868
2021,0.234,0.006228671500000001,0.21998548912500002,0.248014510875,48395595.20414742,1.64,0.22378497874,0.24421502126000003,0.020430042520000025,0.0,1.0,8000,0.0001250000000000001,True,2643.2592215489735,7.579455110006325e-06,0.5,0.0,-106.06190311801997,1644.7286508079117,True,tilde_q_mu,asymptotic,default,sidak_approx,observed,8.37**2 * RBF(length_scale=0.323),0.028897167504853785,0.39405228415709703,0.10670986299755929,0.3227853153677677,0.026270152277139802,70.0413173521682,1567.7603486105677,371,288,83,416,45,0.04,0.3,0.0006250000000000006,1.0,1e-08,1e+18,False,False,False,False,12,1.1,15.0,12.287150525908995,4.639378959839796,63.26425854326993,51.82249784207879
2021,0.235,0.006267571875000001,0.22089796328125,0.24910203671874998,47012739.219878465,1.64,0.22472118212499997,0.245278817875,0.020557635750000025,0.0,1.0,8000,0.0001250000000000001,True,2572.6868834608213,7.561769514948181e-06,0.5,0.0,-208.90264241936393,1636.6366629491458,True,tilde_q_mu,asymptotic,default,sidak_approx,observed,8.39**2 * RBF(length_scale=0.323),0.0289531662310341,0.394815903150465,0.10691665199851365,0.3230829119001555,0.026321060210031,70.43208693287167,1565.0120004340806,370,289,81,416,46,0.04,0.3,0.0006250000000000006,1.0,1e-08,1e+18,False,False,False,False,12,1.1,15.0,12.274692178889817,4.619518819803578,62.993438451866965,51.5483377524339
2021,0.236,0.006306644,0.22181005099999998,0.25018994899999997,45679826.44124699,1.64,0.22565710383999998,0.24634289616,0.020685792320000007,0.0,1.0,8000,0.0001250000000000001,True,2574.1232595250294,7.753768186001355e-06,0.5,0.0,-153.8113952754919,1619.095270666239,True,tilde_q_mu,asymptotic,default,sidak_approx,observed,8.36**2 * RBF(length_scale=0.323),0.029009467271363467,0.3955836446095018,0.10712455736844853,0.3226677524468358,0.026372242973966786,69.81053933512473,1569.380283526646,371,291,80,416,45,0.04,0.3,0.0006250000000000006,1.0,1e-08,1e+18,False,False,False,False,12,1.1,15.0,12.235127393803989,4.599826353186174,62.7249048161751,51.163146746008785
2021,0.237,0.006345887875,0.22272175228125,0.25127824771875,44384391.87212218,1.64,0.226592743885,0.24740725611499997,0.02081451222999997,0.0,1.0,8000,0.0001250000000000001,True,2662.5591268201038,8.219408459818229e-06,0.49698304753286693,0.00756245044029958,11.785963328916564,1613.8521058423858,True,tilde_q_mu,asymptotic,default,sidak_approx,observed,8.3**2 * RBF(length_scale=0.322),0.02906606671663241,0.3963554552268056,0.10733356467165125,0.3220268808693476,0.026423697015120373,68.93292889834198,1567.6618664253128,370,292,78,416,46,0.04,0.3,0.0006250000000000006,1.0,1e-08,1e+18,False,False,False,False,12,1.1,15.0,12.187048643688083,4.580299445746575,62.458628805635115,50.74575649815552
2021,0.238,0.0063853035,0.223633067125,0.252366932875,43150069.97440755,1.64,0.22752810225999998,0.24847189774,0.020943795480000027,0.0,1.0,8000,0.0001250000000000001,True,2688.7665526464084,8.501871912528713e-06,0.48045235657227,0.04901829878786536,77.89435623100991,1605.0362142102442,True,tilde_q_mu,asymptotic,default,sidak_approx,observed,8.3**2 * RBF(length_scale=0.322),0.02912296072310048,0.3971312825877338,0.10754365971416951,0.3219129686895345,0.026475418839182252,68.83201553770252,1568.6178928107697,370,294,76,416,46,0.04,0.3,0.0006250000000000006,1.0,1e-08,1e+18,False,False,False,False,12,1.1,15.0,12.15893771671404,4.560936018640379,62.1945820723688,50.41466998233279
2021,0.239,0.006424890875,0.22454399553124998,0.25345600446875,41910564.95451811,1.64,0.22846317896499999,0.249536821035,0.02107364207000001,0.0,1.0,8000,0.0001250000000000001,True,2653.4374319820135,8.60215685477732e-06,0.4922863363368164,0.01933649235709583,30.73397136730202,1601.352278981821,True,tilde_q_mu,asymptotic,default,sidak_approx,observed,8.32**2 * RBF(length_scale=0.322),0.029180145511133307,0.3979110751518178,0.10775482853877846,0.322201910922668,0.026527405010121186,69.19385091545806,1565.138602216045,369,295,74,416,47,0.04,0.3,0.0006250000000000006,1.0,1e-08,1e+18,False,False,False,False,12,1.1,15.0,12.146001872393324,4.541734027682346,61.9327367411229,50.149009094674774
2021,0.24,0.006464650000000001,0.2254545375,0.2545454625,40722504.22475857,1.64,0.229397974,0.250602026,0.021204051999999973,0.0,1.0,8000,0.0001250000000000001,True,2637.219898347549,8.762349006365242e-06,0.48889261614978935,0.0278456805038387,43.46017996555922,1587.2274224785822,True,tilde_q_mu,asymptotic,default,sidak_approx,observed,8.3**2 * RBF(length_scale=0.322),0.029237617363871718,0.3986947822346143,0.10796705742006593,0.32207254612566394,0.026579652148974287,68.9363799947908,1569.6461743021405,370,297,73,416,46,0.04,0.3,0.0006250000000000006,1.0,1e-08,1e+18,False,False,False,False,12,1.1,15.0,12.117259636074387,4.522691462627012,61.673065399459254,49.820569733189565
2021,0.241,0.006504580875,0.22636469303124998,0.25563530696875,39555789.66735767,1.64,0.230332487365,0.251667512635,0.021335025269999974,0.0,1.0,8000,0.0001250000000000001,True,2710.3920004919078,9.232619284993438e-06,0.45835125854054604,0.1045882772547419,165.444965194312,1584.5553267400765,True,tilde_q_mu,asymptotic,default,sidak_approx,observed,8.32**2 * RBF(length_scale=0.322),0.029295372625933538,0.39948235399000276,0.10818033285963867,0.3222039237363826,0.02663215693266685,69.22522907761109,1566.5856424789426,369,298,71,416,47,0.04,0.3,0.0006250000000000006,1.0,1e-08,1e+18,False,False,False,False,12,1.1,15.0,12.098303736757016,4.503806346467102,61.41554108818776,49.534924682811734
2021,0.242,0.0065446835000000005,0.227274462125,0.256725537875,38433549.77614895,1.64,0.23126671906,0.25273328093999997,0.021466561879999985,0.0,1.0,8000,0.0001250000000000001,True,2840.7144103823007,9.917943549871761e-06,0.40494050335668325,0.2405795432168685,380.0240069432481,1577.8609100426454,True,tilde_q_mu,asymptotic,default,sidak_approx,observed,8.29**2 * RBF(length_scale=0.322),0.02935340770214936,0.4002737413929458,0.10839464158145382,0.321780807863135,0.026684916092863054,68.71330433499264,1568.09290680201,369,300,69,416,47,0.04,0.3,0.0006250000000000006,1.0,1e-08,1e+18,False,False,False,False,12,1.1,15.0,12.058527999239093,4.4850767347495655,61.16013729203953,49.16674853155771
2021,0.243,0.006584957875,0.22818384478125,0.25781615521875,37332878.58161166,1.64,0.232200669085,0.253799330915,0.021598661830000004,0.0,1.0,8000,0.0001250000000000001,True,2890.342997411094,1.034597808666406e-05,0.38550102130427,0.291064431110977,459.36538568965443,1575.4581982678224,True,tilde_q_mu,asymptotic,default,sidak_approx,observed,8.31**2 * RBF(length_scale=0.322),0.029411719056326648,0.4010688962226361,0.108609970527255,0.32199234368540913,0.026737926414842406,69.02463996786419,1564.4266864467963,368,301,67,416,48,0.04,0.3,0.0006250000000000006,1.0,1e-08,1e+18,False,False,False,False,12,1.1,15.0,12.04253234486684,4.466500714908013,60.90682793056381,48.89816302513691
2021,0.244,0.0066254040000000005,0.229092841,0.258907159,36240747.78783116,1.64,0.23313433744,0.25486566256,0.021731325119999978,0.0,1.0,8000,0.0001250000000000001,True,3027.9972284551136,1.1119580896612359e-05,0.32898874577723203,0.44270725857847315,689.8997859236853,1560.4144769202026,True,tilde_q_mu,asymptotic,default,sidak_approx,observed,8.36**2 * RBF(length_scale=0.322),0.029470303210048024,0.4018677710461094,0.10882630685213479,0.3223872144059476,0.026791184736407292,69.85960741493588,1569.5222371824266,369,303,66,416,47,0.04,0.3,0.0006250000000000006,1.0,1e-08,1e+18,False,False,False,False,12,1.1,15.0,12.033331768559178,4.448076405612099,60.65558734925589,48.6592537460278
2021,0.245,0.006666021875000001,0.23000145078125,0.25999854921875,35231160.94273463,1.64,0.234067724125,0.255932275875,0.021864551750000016,0.0,1.0,8000,0.0001250000000000001,True,3546.5078195937913,1.3342211017613434e-05,0.49997565049559606,6.103515625e-05,-425.5578359442548,2300.72509087644,True,tilde_q_mu,asymptotic,default,sidak_approx,observed,1.89**2 * RBF(length_scale=0.165),0.02952915674149448,0.4026703192021974,0.1090436379201891,0.16492576986063529,0.02684468794681316,3.560868872711161,1428.7427818559277,368,304,64,416,48,0.04,0.3,0.0006250000000000006,1.0,1e-08,1e+18,False,False,False,False,12,1.1,15.0,6.143702254516774,4.429801956132116,60.40639031089249,24.74125842268336
2021,0.246,0.006706811500000001,0.230909674125,0.261090325875,34231611.46534635,1.64,0.23500082914,0.25699917086,0.02199834172000001,0.0,1.0,8000,0.0001250000000000001,True,3371.176659775591,1.2999869188046428e-05,0.22749873741699783,0.7471094856712884,1159.3159032088179,1552.866663321651,True,tilde_q_mu,asymptotic,default,sidak_approx,observed,8.39**2 * RBF(length_scale=0.323),0.029588276284300344,0.40347649478591374,0.1092619513002888,0.3225832782272829,0.026898432985727583,70.46959512526544,1565.4124761755347,367,305,62,416,49,0.04,0.3,0.0006250000000000006,1.0,1e-08,1e+18,False,False,False,False,12,1.1,15.0,11.99264203972205,4.411675545719503,60.159211987084134,48.09785965019039
2021,0.247,0.006747772875,0.23181751103125,0.26218248896875,33240766.184267055,1.64,0.235933652485,0.258066347515,0.02213269503000001,0.0,1.0,8000,0.0001250000000000001,True,3602.9564760668513,1.4249871863324204e-05,0.16794604119720957,0.9623136339184039,1476.0250960533365,1535.760157176836,True,tilde_q_mu,asymptotic,default,sidak_approx,observed,8.4**2 * RBF(length_scale=0.322),0.02964765852643363,0.40428625263318585,0.10948123476194527,0.32240404240129583,0.02695241684221239,70.62769759474746,1570.0502254952853,368,307,61,416,48,0.04,0.3,0.0006250000000000006,1.0,1e-08,1e+18,False,False,False,False,12,1.1,15.0,11.961971510337895,4.393695383001999,59.91402795002726,47.77932636052096
2021,0.248,0.006788906,0.2327249615,0.2632750385,32306957.309929177,1.64,0.23686619416,0.25913380584,0.02226761168000002,0.0,1.0,8000,0.0001250000000000001,True,3751.0066346448766,1.5202675153999972e-05,0.13827732662077913,1.0880916416591826,1662.5725117835177,1529.3489882023196,True,tilde_q_mu,asymptotic,default,sidak_approx,observed,8.44**2 * RBF(length_scale=0.323),0.029707300209107435,0.40509954830601047,0.10970147627129032,0.32268696777086253,0.02700663655373403,71.19544852614789,1566.4232410937148,367,308,59,416,49,0.04,0.3,0.0006250000000000006,1.0,1e-08,1e+18,False,False,False,False,12,1.1,15.0,11.948432272520316,4.375859705393982,59.67081416446339,47.53151211268245
2021,0.249,0.006830210875000001,0.23363202553125,0.26436797446875,31367919.80580777,1.64,0.237798454165,0.260201545835,0.022403091669999986,0.0,1.0,8000,0.0001250000000000001,True,3827.9099082643784,1.591463064926954e-05,0.12115730549449016,1.169220978715509,1773.042329100968,1517.1957401897605,True,tilde_q_mu,asymptotic,default,sidak_approx,observed,8.45**2 * RBF(length_scale=0.323),0.02976719812571207,0.40591633807789185,0.10992266398713292,0.3229217450401284,0.02706108920519279,71.37786917312815,1564.8940294772738,367,310,57,416,49,0.04,0.3,0.0006250000000000006,1.0,1e-08,1e+18,False,False,False,False,12,1.1,15.0,11.93306531719952,4.358166778520153,59.429546979820266,47.278444392118175
2021,0.25,0.006871687500000001,0.234538703125,0.265461296875,30463229.356406078,1.64,0.2387304325,0.2612695675,0.022539135000000016,0.0,1.0,8000,0.0001250000000000001,True,3843.348293002655,1.638753816425011e-05,0.11583041875653122,1.1960915429676109,1804.8050383706543,1508.6553923096794,True,tilde_q_mu,asymptotic,default,sidak_approx,observed,8.4**2 * RBF(length_scale=0.323),0.029827349120775296,0.4067365789196631,0.1101447862571196,0.32271248119867696,0.02711577192797754,70.63719504813636,1563.6532891566642,366,311,55,416,50,0.04,0.3,0.0006250000000000006,1.0,1e-08,1e+18,False,False,False,False,12,1.1,15.0,11.901283210960642,4.3406148956534025,59.19020312254639,46.962624711714106
