cohort,source,policy,mass_MeV,toy,z,shape,A_expected,s0,Ahat,sigma_postfit,pull,q_true,profile_contains68,profile_contains95,fit_valid,profile_valid,failure_reason,native_cls90_valid,native_cls90,native_cls90_failure,actual_full,actual_support,actual_window,actual_training,actual_outside_support,background_hash,signal_hash,counts_hash,fit_mask_hash,fit_template_hash,center_MeV,nominal_sigma_MeV,fit_bins,kernel_const,kernel_ls,sigma_method,gp_mean_hash,gp_covariance_hash,nuisance_rank,covariance_load,attempts_json,attempt_count,free_nll,fit_score,min_lambda
calibration,nominal,pole,120,40,0,mc,0,5348.841942379795,9829.2100772832546,5116.4990333339847,1.9210811950214324,,,,True,False,,False,,,0,0,0,0,0,3bff7330116795ffa638bd963da2544e9e0ec0a1a4821e333b3a0419e4f6c8df,d3bb56f8ed6d718b0d014fd9eec6c619f30907068e2667d838febcc69349baac,3bff7330116795ffa638bd963da2544e9e0ec0a1a4821e333b3a0419e4f6c8df,8da749bf4a57dc6ecf7f525907bdbb4ad3698a5a56a6722a3cb9f5f7688d2588,6070fb0c9d344168af48519d545e96dc4c6f2f1e40c880094ff44ed2d315d894,120,2.9198499999999998,21,50.23390642212032,0.2728774442738286,observed_profile_hessian,61daa1732c04eb8c50f698ed484a53ea1378251be274b5f0a05f4b41765a8f4e,c022c647d4cc2799c36dcf43aab5bf77a201c500d5d5d81398e8c7c0ea109d5a,20,9.9999999999999995e-07,"[{""attempt"": 0, ""tolerance"": 2e-07, ""free_valid"": true, ""nll"": 10.817541714255551, ""score"": 1.5870191383271504e-08}]",1,10.817541714255551,1.5870191383271504e-08,543407.21202332643
calibration,nominal,logshift,120,40,0,mc,0,5348.841942379795,9215.6134275040404,5347.5819766485447,1.7233234511871256,,,,True,False,,False,,,0,0,0,0,0,3bff7330116795ffa638bd963da2544e9e0ec0a1a4821e333b3a0419e4f6c8df,d3bb56f8ed6d718b0d014fd9eec6c619f30907068e2667d838febcc69349baac,3bff7330116795ffa638bd963da2544e9e0ec0a1a4821e333b3a0419e4f6c8df,cd14350ed60c62aaeb3f4a0c9100d6b9af11b295933e7670441a0c0aaffaa2e5,406a61a91866b7c12fa280a9fc06f77f422cc8e408f2eb57c806b8e210c71cb3,117.2697073492393,2.9198499999999998,21,50.23390642212032,0.2728774442738286,observed_profile_hessian,e4e91e8b0527a61315cb428c0b7b7777b6e5d76dc2478e4e3f904c359b0c01db,8e6f809df81a2abb510bbf207bb19ea8cd3a47b53693ae95f2b629161375e936,20,9.9999999999999995e-07,"[{""attempt"": 0, ""tolerance"": 2e-07, ""free_valid"": true, ""nll"": 11.14363526871781, ""score"": 3.978841311980119e-09}]",1,11.14363526871781,3.9788413119801191e-09,576406.77493012871
calibration,nominal,pole,120,40,1,mc,5348.841942379795,5348.841942379795,11787.113593583128,5117.2084272326902,1.2581609177652853,,,,True,False,,False,,,5317,5308,3919,1389,9,3bff7330116795ffa638bd963da2544e9e0ec0a1a4821e333b3a0419e4f6c8df,c61e668e0860ae9a36882abe824f11d0b0edb560fd227b4b2f94a10be9fc833e,61850c17e1f25b2315028c39c6c95292893ebf414a3a305a63baba11b92bf224,8da749bf4a57dc6ecf7f525907bdbb4ad3698a5a56a6722a3cb9f5f7688d2588,6070fb0c9d344168af48519d545e96dc4c6f2f1e40c880094ff44ed2d315d894,120,2.9198499999999998,21,50.23390642212032,0.2728774442738286,observed_profile_hessian,41189525e11a9f367f8ff9dfa660d762cd07eb449b604e708ef100d599713ae6,d9502c27e5d1a541e2d2af1f4085f7ec96cdc28f0027b3f2aaa28b48a4a10dbd,21,9.9999999999999995e-07,"[{""attempt"": 0, ""tolerance"": 2e-07, ""free_valid"": true, ""nll"": 11.540733899419154, ""score"": 3.184427710412052e-08}]",1,11.540733899419154,3.1844277104120522e-08,543451.62655384664
calibration,nominal,logshift,120,40,1,mc,5348.841942379795,5348.841942379795,13541.168586412407,5348.3352486320764,1.5317526413715243,,,,True,False,,False,,,5317,5308,4225,1083,9,3bff7330116795ffa638bd963da2544e9e0ec0a1a4821e333b3a0419e4f6c8df,c61e668e0860ae9a36882abe824f11d0b0edb560fd227b4b2f94a10be9fc833e,61850c17e1f25b2315028c39c6c95292893ebf414a3a305a63baba11b92bf224,cd14350ed60c62aaeb3f4a0c9100d6b9af11b295933e7670441a0c0aaffaa2e5,406a61a91866b7c12fa280a9fc06f77f422cc8e408f2eb57c806b8e210c71cb3,117.2697073492393,2.9198499999999998,21,50.23390642212032,0.2728774442738286,observed_profile_hessian,15c0d492a8ce6903014888614615f9aec57a8d7cb0b5a80ab40637d6b4f70b25,31bc8702e78eabbc50b22bff824a4645d6d8290882d99e738435f9cb439fb786,21,9.9999999999999995e-07,"[{""attempt"": 0, ""tolerance"": 2e-07, ""free_valid"": true, ""nll"": 10.970104452125858, ""score"": 1.6006773610570402e-08}]",1,10.970104452125858,1.6006773610570402e-08,576439.14881248912
calibration,nominal,pole,120,40,2,mc,10697.68388475959,5348.841942379795,13756.142623301388,5117.9248268551846,0.59759743294649592,,,,True,False,,False,,,10593,10579,7834,2745,14,3bff7330116795ffa638bd963da2544e9e0ec0a1a4821e333b3a0419e4f6c8df,3038d4148c42b331ba29753627cfc656374d862245f92d5b1133158b36f6a8c2,d96ba8888298f3d427dc3cc553e99c6283f27b4834e21472ea4da085828272da,8da749bf4a57dc6ecf7f525907bdbb4ad3698a5a56a6722a3cb9f5f7688d2588,6070fb0c9d344168af48519d545e96dc4c6f2f1e40c880094ff44ed2d315d894,120,2.9198499999999998,21,50.23390642212032,0.2728774442738286,observed_profile_hessian,e9f58853a220388f3627e8d92acab9d3c9b7c66b1fa7ffa4956650547233095b,1d8557013f08a9bb2c1040e79772521f0b170ff6da695aff4f9ccd3f5ba7df54,21,9.9999999999999995e-07,"[{""attempt"": 0, ""tolerance"": 2e-07, ""free_valid"": true, ""nll"": 12.603748682713949, ""score"": 5.7350707072245655e-08}]",1,12.603748682713949,5.7350707072245655e-08,543495.71212002414
calibration,nominal,logshift,120,40,2,mc,10697.68388475959,5348.841942379795,17915.113021151599,5349.0783021565658,1.3492846297430696,,,,True,False,,False,,,10593,10579,8500,2079,14,3bff7330116795ffa638bd963da2544e9e0ec0a1a4821e333b3a0419e4f6c8df,3038d4148c42b331ba29753627cfc656374d862245f92d5b1133158b36f6a8c2,d96ba8888298f3d427dc3cc553e99c6283f27b4834e21472ea4da085828272da,cd14350ed60c62aaeb3f4a0c9100d6b9af11b295933e7670441a0c0aaffaa2e5,406a61a91866b7c12fa280a9fc06f77f422cc8e408f2eb57c806b8e210c71cb3,117.2697073492393,2.9198499999999998,21,50.23390642212032,0.2728774442738286,observed_profile_hessian,7b033dc888b4b569457054fa23fded7dd3d8ec6c272fceb8a85640d047c6c225,b2e4fc9640a217a6c9aef9933c7404f0e50ebcb25d3b3f68112ee42e239a598f,21,9.9999999999999995e-07,"[{""attempt"": 0, ""tolerance"": 2e-07, ""free_valid"": true, ""nll"": 10.589491102327536, ""score"": 4.5803588769044445e-08}]",1,10.589491102327536,4.5803588769044445e-08,576470.72677449428
calibration,nominal,pole,120,40,3,mc,16046.525827139385,5348.841942379795,16045.268378231722,5118.6245961838749,-0.00024566148269610346,,,,True,False,,False,,,15949,15930,11899,4031,19,3bff7330116795ffa638bd963da2544e9e0ec0a1a4821e333b3a0419e4f6c8df,87863efaaf5ed42687a08c82bdb0079165797d14a2484a04a57f21a4673765ff,dc7b0571bdb4770982cbc0f654ed67a3da73ff93957ebae59bec284c2885d923,8da749bf4a57dc6ecf7f525907bdbb4ad3698a5a56a6722a3cb9f5f7688d2588,6070fb0c9d344168af48519d545e96dc4c6f2f1e40c880094ff44ed2d315d894,120,2.9198499999999998,21,50.23390642212032,0.2728774442738286,observed_profile_hessian,53ed0fb1b8915bc26b4a32cad09d9e8428e85ed4d04ac6d6606475e8cabbb82f,18fe4f5f83648d721d4c5ae996fc932f779879ccbefae30b3d4bb2b142144f70,21,9.9999999999999995e-07,"[{""attempt"": 0, ""tolerance"": 2e-07, ""free_valid"": true, ""nll"": 14.339721404759638, ""score"": 1.0250405835243726e-07}]",1,14.339721404759638,1.0250405835243726e-07,543538.21851387934
calibration,nominal,logshift,120,40,3,mc,16046.525827139385,5348.841942379795,22410.640174120468,5349.8706770338813,1.1895828387592964,,,,True,False,,False,,,15949,15930,12743,3187,19,3bff7330116795ffa638bd963da2544e9e0ec0a1a4821e333b3a0419e4f6c8df,87863efaaf5ed42687a08c82bdb0079165797d14a2484a04a57f21a4673765ff,dc7b0571bdb4770982cbc0f654ed67a3da73ff93957ebae59bec284c2885d923,cd14350ed60c62aaeb3f4a0c9100d6b9af11b295933e7670441a0c0aaffaa2e5,406a61a91866b7c12fa280a9fc06f77f422cc8e408f2eb57c806b8e210c71cb3,117.2697073492393,2.9198499999999998,21,50.23390642212032,0.2728774442738286,observed_profile_hessian,688ba0f8d0183e46240c0c700a73e8562554a89aac6dcb470b7a107523214cd0,2bf25b836fdf7500dd055c0fc97cc42e689406dc260aa49e9a8208718ee09b00,20,9.9999999999999995e-07,"[{""attempt"": 0, ""tolerance"": 2e-07, ""free_valid"": true, ""nll"": 10.591137500068166, ""score"": 1.0516908324764707e-07}]",1,10.591137500068166,1.0516908324764707e-07,576504.39894826058
calibration,nominal,pole,120,40,4,mc,21395.36776951918,5348.841942379795,18292.352542444856,5119.4058526211229,-0.60612799930397931,,,,True,False,,False,,,21588,21571,16098,5473,17,3bff7330116795ffa638bd963da2544e9e0ec0a1a4821e333b3a0419e4f6c8df,b44619488d6d39c674dfb5c9ba5d03ef56f84a69589e3e269fac110e8bf4277c,797140b4ae5c4b56a190170e006529fa8aa916a0bf4a94bc41e2752ce631dc82,8da749bf4a57dc6ecf7f525907bdbb4ad3698a5a56a6722a3cb9f5f7688d2588,6070fb0c9d344168af48519d545e96dc4c6f2f1e40c880094ff44ed2d315d894,120,2.9198499999999998,21,50.23390642212032,0.2728774442738286,observed_profile_hessian,1fa52e463623026cc1d6d704455900622bd902ec716b1dc00174f0c5108f6af2,dcec423ef37498feb9ad099d3583cc7d4248122f6f5608a47f070b213bbedfab,20,9.9999999999999995e-07,"[{""attempt"": 0, ""tolerance"": 2e-07, ""free_valid"": true, ""nll"": 16.564062783814222, ""score"": 1.6668618774140498e-07}]",1,16.564062783814222,1.6668618774140498e-07,543583.59211639548
calibration,nominal,logshift,120,40,4,mc,21395.36776951918,5348.841942379795,26978.656725783443,5350.6719833702919,1.0434743474496169,,,,True,False,,False,,,21588,21571,17351,4220,17,3bff7330116795ffa638bd963da2544e9e0ec0a1a4821e333b3a0419e4f6c8df,b44619488d6d39c674dfb5c9ba5d03ef56f84a69589e3e269fac110e8bf4277c,797140b4ae5c4b56a190170e006529fa8aa916a0bf4a94bc41e2752ce631dc82,cd14350ed60c62aaeb3f4a0c9100d6b9af11b295933e7670441a0c0aaffaa2e5,406a61a91866b7c12fa280a9fc06f77f422cc8e408f2eb57c806b8e210c71cb3,117.2697073492393,2.9198499999999998,21,50.23390642212032,0.2728774442738286,observed_profile_hessian,2852698d4dd9c9fe5aba90e869c7ae3cc2d8eaf1fac9c8d73dc297f318d8af3e,5e3ec5e84309e843b2919406cbdfc3952b906f60f26fcaa7deadc8ce85fc56eb,21,9.9999999999999995e-07,"[{""attempt"": 0, ""tolerance"": 2e-07, ""free_valid"": true, ""nll"": 10.344378430113975, ""score"": 6.265821195228227e-14}]",1,10.344378430113975,6.2658211952282272e-14,576541.32670473645
calibration,nominal,pole,120,40,5,mc,26744.209711898977,5348.841942379795,20287.848178868411,5120.0652185472391,-1.2609920494064499,,,,True,False,,False,,,26727,26698,19842,6856,29,3bff7330116795ffa638bd963da2544e9e0ec0a1a4821e333b3a0419e4f6c8df,221d74e01be718526b1fa8179c672eafc82134cc09f31476ce27e819f0ad1cd2,79812fbb5a984eac49acfadfee1078c1f032d1d112ecc12657dcd02de5010db6,8da749bf4a57dc6ecf7f525907bdbb4ad3698a5a56a6722a3cb9f5f7688d2588,6070fb0c9d344168af48519d545e96dc4c6f2f1e40c880094ff44ed2d315d894,120,2.9198499999999998,21,50.23390642212032,0.2728774442738286,observed_profile_hessian,61cb3cb1c87195e8c99f734b3239cf6508557157a9ea52ea1850f2af1ce4bae6,e80ed3b947be7226045f3ffc55750a76dac76971b047be3d04fab2bb754f0748,21,9.9999999999999995e-07,"[{""attempt"": 0, ""tolerance"": 2e-07, ""free_valid"": true, ""nll"": 19.007427102841216, ""score"": 1.27675647831893e-13}]",1,19.007427102841216,1.27675647831893e-13,543624.47246501804
calibration,nominal,logshift,120,40,5,mc,26744.209711898977,5348.841942379795,31087.265979957832,5351.38851226937,0.81157558605609259,,,,True,False,,False,,,26727,26698,21428,5270,29,3bff7330116795ffa638bd963da2544e9e0ec0a1a4821e333b3a0419e4f6c8df,221d74e01be718526b1fa8179c672eafc82134cc09f31476ce27e819f0ad1cd2,79812fbb5a984eac49acfadfee1078c1f032d1d112ecc12657dcd02de5010db6,cd14350ed60c62aaeb3f4a0c9100d6b9af11b295933e7670441a0c0aaffaa2e5,406a61a91866b7c12fa280a9fc06f77f422cc8e408f2eb57c806b8e210c71cb3,117.2697073492393,2.9198499999999998,21,50.23390642212032,0.2728774442738286,observed_profile_hessian,f8134685bf0c5bddf4f79d63fb1aa0f689d97b13d4b4ebf616d117061cda954a,8b097830791e7f7d3d04811f9291ff8d74ee5e7bc44bd88993a960cbc6fa71c2,21,9.9999999999999995e-07,"[{""attempt"": 0, ""tolerance"": 2e-07, ""free_valid"": true, ""nll"": 10.151616399339968, ""score"": 2.7977620220553945e-14}]",1,10.151616399339968,2.7977620220553945e-14,576573.24820177408
calibration,nominal,pole,120,40,6,mc,32093.05165427877,5348.841942379795,21939.84037458598,5120.7676177483436,-1.982751813322329,,,,True,False,,False,,,31947,31914,23826,8088,33,3bff7330116795ffa638bd963da2544e9e0ec0a1a4821e333b3a0419e4f6c8df,5cf87d06fb9679440dc7992ecd90903118ef8c21fa674eab5c12437cde1ca5be,e6bc80824bb5e4c7585fe61d779388d9523452eea2c293369c2760b5b99f2e58,8da749bf4a57dc6ecf7f525907bdbb4ad3698a5a56a6722a3cb9f5f7688d2588,6070fb0c9d344168af48519d545e96dc4c6f2f1e40c880094ff44ed2d315d894,120,2.9198499999999998,21,50.23390642212032,0.2728774442738286,observed_profile_hessian,b1368b35e37b129fe1aafeaa48f096617b827808cc353f0aeb6f3e2b090de52a,876f090f62707d33f888179231c9711e240bde1673e6ac2ee9a342eb1a821a19,21,9.9999999999999995e-07,"[{""attempt"": 0, ""tolerance"": 2e-07, ""free_valid"": true, ""nll"": 22.434558233869247, ""score"": 7.605027718682322e-14}]",1,22.434558233869247,7.6050277186823223e-14,543675.07249219215
calibration,nominal,logshift,120,40,6,mc,32093.05165427877,5348.841942379795,35436.230321542585,5352.1657916227978,0.62464034139162017,,,,True,False,,False,,,31947,31914,25661,6253,33,3bff7330116795ffa638bd963da2544e9e0ec0a1a4821e333b3a0419e4f6c8df,5cf87d06fb9679440dc7992ecd90903118ef8c21fa674eab5c12437cde1ca5be,e6bc80824bb5e4c7585fe61d779388d9523452eea2c293369c2760b5b99f2e58,cd14350ed60c62aaeb3f4a0c9100d6b9af11b295933e7670441a0c0aaffaa2e5,406a61a91866b7c12fa280a9fc06f77f422cc8e408f2eb57c806b8e210c71cb3,117.2697073492393,2.9198499999999998,21,50.23390642212032,0.2728774442738286,observed_profile_hessian,144151407d9bd1dc2d6a1cd8e695d8a22e03a0c9a5bc4f4074f86c71d8385c4e,b4403d769848d708d0d29310e9b97171e123e0d7a1974e59a71f3579c6d97ef2,21,9.9999999999999995e-07,"[{""attempt"": 0, ""tolerance"": 2e-07, ""free_valid"": true, ""nll"": 9.905608869015332, ""score"": 6.42264019745653e-14}]",1,9.9056088690153317,6.4226401974565306e-14,576606.60722093948
calibration,nominal,pole,120,40,8,mc,42790.73553903836,5348.841942379795,26471.576257562807,5122.2348712374533,-3.1859451375631855,,,,True,False,,False,,,42896,42833,31967,10866,63,3bff7330116795ffa638bd963da2544e9e0ec0a1a4821e333b3a0419e4f6c8df,75df44500c8c166bfa4965b3e7e6052e1f1962fcf2a4de6299f4784718f8322b,7a07d01cdb6bb94d7b4b94998ea33020c4fa50f5a21a084b2d35cd92af8da7df,8da749bf4a57dc6ecf7f525907bdbb4ad3698a5a56a6722a3cb9f5f7688d2588,6070fb0c9d344168af48519d545e96dc4c6f2f1e40c880094ff44ed2d315d894,120,2.9198499999999998,21,50.23390642212032,0.2728774442738286,observed_profile_hessian,efe073628550104fbaf42003e85f3d854ec26c70fc3d71beb44b2d9916535376,831dcdb2ba1f18e01ca7e1d87688203eaf0f48823b66596779cd70d58c1e3a8f,20,9.9999999999999995e-07,"[{""attempt"": 0, ""tolerance"": 2e-07, ""free_valid"": true, ""nll"": 30.460190125055163, ""score"": 1.425526363618701e-13}]",1,30.460190125055163,1.425526363618701e-13,543761.25252283376
calibration,nominal,logshift,120,40,8,mc,42790.73553903836,5348.841942379795,44532.915049779127,5353.7340943588124,0.32541390364838774,,,,True,False,,False,,,42896,42833,34463,8370,63,3bff7330116795ffa638bd963da2544e9e0ec0a1a4821e333b3a0419e4f6c8df,75df44500c8c166bfa4965b3e7e6052e1f1962fcf2a4de6299f4784718f8322b,7a07d01cdb6bb94d7b4b94998ea33020c4fa50f5a21a084b2d35cd92af8da7df,cd14350ed60c62aaeb3f4a0c9100d6b9af11b295933e7670441a0c0aaffaa2e5,406a61a91866b7c12fa280a9fc06f77f422cc8e408f2eb57c806b8e210c71cb3,117.2697073492393,2.9198499999999998,21,50.23390642212032,0.2728774442738286,observed_profile_hessian,b14238b70b1b0162d361a51c65aa2da58d04958b3a4897f88dc347ca4be7dfd4,fb71ffe28b16b8af743a799c2ad5c53a869bbe123c55b03a17f5aa78ee9b3f9b,21,9.9999999999999995e-07,"[{""attempt"": 0, ""tolerance"": 2e-07, ""free_valid"": true, ""nll"": 9.730584663494401, ""score"": 1.18849374786123e-13}]",1,9.7305846634944011,1.1884937478612301e-13,576673.60496456653
calibration,nominal,pole,120,40,10,mc,53488.419423797954,5348.841942379795,30719.385201020235,5123.6186653231443,-4.4439361533440129,,,,True,False,,False,,,53432,53374,39683,13691,58,3bff7330116795ffa638bd963da2544e9e0ec0a1a4821e333b3a0419e4f6c8df,fa4401e31dbd08478f93151a3716c84eb6f5ae67c41b65ecb05f5070a2949007,724787ad86f591d2f478edf1c55ace40fb2007a4c06cf98f7b6b35b5fa9ef210,8da749bf4a57dc6ecf7f525907bdbb4ad3698a5a56a6722a3cb9f5f7688d2588,6070fb0c9d344168af48519d545e96dc4c6f2f1e40c880094ff44ed2d315d894,120,2.9198499999999998,21,50.23390642212032,0.2728774442738286,observed_profile_hessian,dd022bb08df2ab1b8a8105dbfc23dd86c1fcd3a546902f6331af625c758982ac,46c45dc48072456e9037f7818d029bda8120dd961368a5511ca91ab1127de264,21,9.9999999999999995e-07,"[{""attempt"": 0, ""tolerance"": 2e-07, ""free_valid"": true, ""nll"": 40.031073656308635, ""score"": 9.459100169806334e-14}]",1,40.031073656308635,9.4591001698063337e-14,543844.80170656601
calibration,nominal,logshift,120,40,10,mc,53488.419423797954,5348.841942379795,52714.112950411109,5355.1861920824631,-0.1445900190233613,,,,True,False,,False,,,53432,53374,42784,10590,58,3bff7330116795ffa638bd963da2544e9e0ec0a1a4821e333b3a0419e4f6c8df,fa4401e31dbd08478f93151a3716c84eb6f5ae67c41b65ecb05f5070a2949007,724787ad86f591d2f478edf1c55ace40fb2007a4c06cf98f7b6b35b5fa9ef210,cd14350ed60c62aaeb3f4a0c9100d6b9af11b295933e7670441a0c0aaffaa2e5,406a61a91866b7c12fa280a9fc06f77f422cc8e408f2eb57c806b8e210c71cb3,117.2697073492393,2.9198499999999998,21,50.23390642212032,0.2728774442738286,observed_profile_hessian,211c0701b65f9a2756774e38540cdda5e404bd028f6ea3d5bfd0db6fb2e9dc7b,86331cf8205e29519f75deeb0b4511a375766c40c9e7e61d5627108d8df2214d,21,9.9999999999999995e-07,"[{""attempt"": 0, ""tolerance"": 2e-07, ""free_valid"": true, ""nll"": 10.2695500471364, ""score"": 2.8199664825478976e-14}]",1,10.2695500471364,2.8199664825478976e-14,576745.92229457316
calibration,nominal,pole,120,40,12,mc,64186.10330855754,5348.841942379795,34863.521937530095,5125.0770383387871,-5.7213932886620364,,,,True,False,,False,,,64317,64250,47949,16301,67,3bff7330116795ffa638bd963da2544e9e0ec0a1a4821e333b3a0419e4f6c8df,dafd28269172ea9e1c75ebdb15d4016c39f7820d52f0868a1a85b37044bdec52,c76c7825e823e516ef6d25646c694d6fa133c8fd6cc20299763f5de4d8e3c8af,8da749bf4a57dc6ecf7f525907bdbb4ad3698a5a56a6722a3cb9f5f7688d2588,6070fb0c9d344168af48519d545e96dc4c6f2f1e40c880094ff44ed2d315d894,120,2.9198499999999998,21,50.23390642212032,0.2728774442738286,observed_profile_hessian,7e7f5c4c5d6cf6bc0d2d669fcc3f325ec508c569cc768563102120a9bea0bdbc,35a9d5a0b0ab64962779ecb529e0cd98dfdd87c43a79ab828350630d178f58a9,21,9.9999999999999995e-07,"[{""attempt"": 0, ""tolerance"": 2e-07, ""free_valid"": true, ""nll"": 53.77994640385144, ""score"": 1.4166445794216997e-13}]",1,53.77994640385144,1.4166445794216997e-13,543934.42152909457
calibration,nominal,logshift,120,40,12,mc,64186.10330855754,5348.841942379795,62299.397438787026,5356.7895312261326,-0.35220832529865331,,,,True,False,,False,,,64317,64250,51582,12668,67,3bff7330116795ffa638bd963da2544e9e0ec0a1a4821e333b3a0419e4f6c8df,dafd28269172ea9e1c75ebdb15d4016c39f7820d52f0868a1a85b37044bdec52,c76c7825e823e516ef6d25646c694d6fa133c8fd6cc20299763f5de4d8e3c8af,cd14350ed60c62aaeb3f4a0c9100d6b9af11b295933e7670441a0c0aaffaa2e5,406a61a91866b7c12fa280a9fc06f77f422cc8e408f2eb57c806b8e210c71cb3,117.2697073492393,2.9198499999999998,21,50.23390642212032,0.2728774442738286,observed_profile_hessian,cc986dca6d165941c94afcfe930a883de8f2b4859d0097f971740105be84788b,c09e82ab8c3cfb863c0b8b18761ec6b201540abffff6d7b74ddd606f9fa647f4,21,9.9999999999999995e-07,"[{""attempt"": 0, ""tolerance"": 2e-07, ""free_valid"": true, ""nll"": 10.235229954783394, ""score"": 1.283417816466681e-13}]",1,10.235229954783394,1.283417816466681e-13,576801.34082275035
calibration,nominal,pole,120,40,16,mc,85581.47107807672,5348.841942379795,43279.765464376615,5127.911299868585,-8.2493052512012426,,,,True,False,,False,,,85383,85292,63734,21558,91,3bff7330116795ffa638bd963da2544e9e0ec0a1a4821e333b3a0419e4f6c8df,6654a5f51d286c9c590f5c0e60ed8e2fcac411773437b3de40f2f89b86dd38f2,22f8cde52d960e8c45087b434c56dd96b8b02d97482d1431881b1a9f1544e3af,8da749bf4a57dc6ecf7f525907bdbb4ad3698a5a56a6722a3cb9f5f7688d2588,6070fb0c9d344168af48519d545e96dc4c6f2f1e40c880094ff44ed2d315d894,120,2.9198499999999998,21,50.23390642212032,0.2728774442738286,observed_profile_hessian,592c342f5bfe833d19f96100a543de22b6ac165030ae03cb8b6e4ed3f97d75c5,19ae662b1a2f3d735eeefe7257fc1e0f41f221ea7452348cf306a5a38d8e543f,21,1.0000000000000001e-05,"[{""attempt"": 0, ""tolerance"": 2e-07, ""free_valid"": true, ""nll"": 82.85518605692583, ""score"": 3.552713678800501e-14}]",1,82.855186056925831,3.5527136788005009e-14,544108.60169600358
calibration,nominal,logshift,120,40,16,mc,85581.47107807672,5348.841942379795,79422.660717004823,5359.8319610484386,-1.1490678076905922,,,,True,False,,False,,,85383,85292,68590,16702,91,3bff7330116795ffa638bd963da2544e9e0ec0a1a4821e333b3a0419e4f6c8df,6654a5f51d286c9c590f5c0e60ed8e2fcac411773437b3de40f2f89b86dd38f2,22f8cde52d960e8c45087b434c56dd96b8b02d97482d1431881b1a9f1544e3af,cd14350ed60c62aaeb3f4a0c9100d6b9af11b295933e7670441a0c0aaffaa2e5,406a61a91866b7c12fa280a9fc06f77f422cc8e408f2eb57c806b8e210c71cb3,117.2697073492393,2.9198499999999998,21,50.23390642212032,0.2728774442738286,observed_profile_hessian,943122756a8a2e1efb8a5c61eec6766d72d8818fcdf4e9b22e2a924bc07b4464,f2ecbd684c13ea045e41a36b52281c7e05f421e8411ced0c9f5d9622b78b4589,21,9.9999999999999995e-07,"[{""attempt"": 0, ""tolerance"": 2e-07, ""free_valid"": true, ""nll"": 10.557373136378455, ""score"": 9.969802761133906e-14}]",1,10.557373136378455,9.9698027611339057e-14,576941.96213763161
calibration,nominal,pole,120,40,20,mc,106976.83884759591,5348.841942379795,51115.590376189706,5130.7662676351556,-10.887505989851581,,,,True,False,,False,,,106781,106679,79354,27325,102,3bff7330116795ffa638bd963da2544e9e0ec0a1a4821e333b3a0419e4f6c8df,d260ec043221698f3a71ea87fcc182dd8c028da267ffd72d0917c554e8f90728,6f2634091243afef7044f8433dfae0c6a2c64f1e2098e2a49f20e21ff603fd76,8da749bf4a57dc6ecf7f525907bdbb4ad3698a5a56a6722a3cb9f5f7688d2588,6070fb0c9d344168af48519d545e96dc4c6f2f1e40c880094ff44ed2d315d894,120,2.9198499999999998,21,50.23390642212032,0.2728774442738286,observed_profile_hessian,466932027002e1421b9f313041ce231adbbdc62d5d9a50a5aa221d653d10072b,5ba500e3a1d12a6e3cf2cacb3471355ab96acea018dbf98ef0b27ef53f5aeaf1,20,9.9999999999999995e-07,"[{""attempt"": 0, ""tolerance"": 2e-07, ""free_valid"": true, ""nll"": 121.90358365476749, ""score"": 7.638334409421077e-14}]",1,121.90358365476749,7.638334409421077e-14,544287.67241408303
calibration,nominal,logshift,120,40,20,mc,106976.83884759591,5348.841942379795,96767.431760611813,5362.8211819549142,-1.90373811480741,,,,True,False,,False,,,106781,106679,85588,21091,102,3bff7330116795ffa638bd963da2544e9e0ec0a1a4821e333b3a0419e4f6c8df,d260ec043221698f3a71ea87fcc182dd8c028da267ffd72d0917c554e8f90728,6f2634091243afef7044f8433dfae0c6a2c64f1e2098e2a49f20e21ff603fd76,cd14350ed60c62aaeb3f4a0c9100d6b9af11b295933e7670441a0c0aaffaa2e5,406a61a91866b7c12fa280a9fc06f77f422cc8e408f2eb57c806b8e210c71cb3,117.2697073492393,2.9198499999999998,21,50.23390642212032,0.2728774442738286,observed_profile_hessian,c88f57c77edaa334ed36d9bf2c1bd02764eb9d6df9da41244a884e1530f3469b,0e4bbbedeb66c49daa48ccde2091b5d068a4fd8674365b24b79d26d45bac15ae,21,9.9999999999999995e-07,"[{""attempt"": 0, ""tolerance"": 2e-07, ""free_valid"": true, ""nll"": 11.827924680792522, ""score"": 3.601563491884008e-13}]",1,11.827924680792522,3.6015634918840078e-13,577072.64634353796
calibration,nominal,pole,120,40,24,mc,128372.20661711508,5348.841942379795,59814.256556159984,5133.6771914741967,-13.354550257817802,,,,True,False,,False,,,128523,128411,95891,32520,112,3bff7330116795ffa638bd963da2544e9e0ec0a1a4821e333b3a0419e4f6c8df,bad28ebf86fb89fe33543eb62b8225e5eaad5766de7d0c226da42d699721a50b,a06c9f2a680e7af46df807f82a896d763740fdc6464af0088786beb4ac262335,8da749bf4a57dc6ecf7f525907bdbb4ad3698a5a56a6722a3cb9f5f7688d2588,6070fb0c9d344168af48519d545e96dc4c6f2f1e40c880094ff44ed2d315d894,120,2.9198499999999998,21,50.23390642212032,0.2728774442738286,observed_profile_hessian,3cf7086abb2e6ac48b42e6d3d2d16f1e0c32e46202d21319c1db3713c7268698,a7141a38b9e7e3afd6d9dac1ffe88405de4d6927d15c04a51e2180666ef03065,21,9.9999999999999995e-07,"[{""attempt"": 0, ""tolerance"": 2e-07, ""free_valid"": true, ""nll"": 171.95437661662146, ""score"": 8.704148513061227e-14}]",1,171.95437661662146,8.7041485130612273e-14,544465.5928012433
calibration,nominal,logshift,120,40,24,mc,128372.20661711508,5348.841942379795,115258.80834810394,5365.9611185418844,-2.4438116451679592,,,,True,False,,False,,,128523,128411,103150,25261,112,3bff7330116795ffa638bd963da2544e9e0ec0a1a4821e333b3a0419e4f6c8df,bad28ebf86fb89fe33543eb62b8225e5eaad5766de7d0c226da42d699721a50b,a06c9f2a680e7af46df807f82a896d763740fdc6464af0088786beb4ac262335,cd14350ed60c62aaeb3f4a0c9100d6b9af11b295933e7670441a0c0aaffaa2e5,406a61a91866b7c12fa280a9fc06f77f422cc8e408f2eb57c806b8e210c71cb3,117.2697073492393,2.9198499999999998,21,50.23390642212032,0.2728774442738286,observed_profile_hessian,e601e3162185931256b1ef681c0655df07c19b9fe47a2b703894a08b8b5de02e,911eb11329f5ff1f4424e402b6564f77b23f9e4d7c452da8ec0a029d952565c6,21,9.9999999999999995e-07,"[{""attempt"": 0, ""tolerance"": 2e-07, ""free_valid"": true, ""nll"": 13.143911361671105, ""score"": 9.585665594613602e-13}]",1,13.143911361671105,9.5856655946136016e-13,577201.18600992474
calibration,nominal,pole,120,41,0,mc,0,5348.841942379795,681.59319744281299,5119.4572751827418,0.13313778410593008,,,,True,False,,False,,,0,0,0,0,0,617d7f596599ea5293f7d77939cf715311d0d92cf7496348f6c310121d9409bb,d3bb56f8ed6d718b0d014fd9eec6c619f30907068e2667d838febcc69349baac,617d7f596599ea5293f7d77939cf715311d0d92cf7496348f6c310121d9409bb,8da749bf4a57dc6ecf7f525907bdbb4ad3698a5a56a6722a3cb9f5f7688d2588,6070fb0c9d344168af48519d545e96dc4c6f2f1e40c880094ff44ed2d315d894,120,2.9198499999999998,21,50.23390642212032,0.2728774442738286,observed_profile_hessian,6ec93a7d1b7a7dcab6ff2b1b8be075dd44e738b1012f49b5e5379cae72b6208f,b98374eae33bdd62cd068747ef9e09740459fe8afcd307355452d210d2c6d115,21,9.9999999999999995e-07,"[{""attempt"": 0, ""tolerance"": 2e-07, ""free_valid"": true, ""nll"": 9.636014550374425, ""score"": 6.466671642613164e-11}]",1,9.6360145503744246,6.4666716426131643e-11,543829.97297844058
calibration,nominal,logshift,120,41,0,mc,0,5348.841942379795,-5208.4678189415208,5349.969440031392,-0.97355094778092022,,,,True,False,,False,,,0,0,0,0,0,617d7f596599ea5293f7d77939cf715311d0d92cf7496348f6c310121d9409bb,d3bb56f8ed6d718b0d014fd9eec6c619f30907068e2667d838febcc69349baac,617d7f596599ea5293f7d77939cf715311d0d92cf7496348f6c310121d9409bb,cd14350ed60c62aaeb3f4a0c9100d6b9af11b295933e7670441a0c0aaffaa2e5,406a61a91866b7c12fa280a9fc06f77f422cc8e408f2eb57c806b8e210c71cb3,117.2697073492393,2.9198499999999998,21,50.23390642212032,0.2728774442738286,observed_profile_hessian,6abc9ba6f05accedbb932c66990197d81cfb663c72cb31d00e3c3c62f96ec07e,9ede9655414a750cd2cbe45b011223b4d9ba10bacc59c63c648f9a5fc9423e86,21,9.9999999999999995e-07,"[{""attempt"": 0, ""tolerance"": 2e-07, ""free_valid"": true, ""nll"": 7.051329153083631, ""score"": 2.9658608902138894e-11}]",1,7.0513291530836311,2.9658608902138894e-11,577013.25292069244
calibration,nominal,pole,120,41,1,mc,5348.841942379795,5348.841942379795,2709.2676538798014,5120.1647260751934,-0.51552526719649716,,,,True,False,,False,,,5233,5228,3894,1334,5,617d7f596599ea5293f7d77939cf715311d0d92cf7496348f6c310121d9409bb,c4730ee2ca3e8e62b3297a95386748968fd7c8d865531c231cc23560c8ab39c8,649969a9ae80eb8a7fb509900c13e1b78ce85d6424af1678a0a09cbd08604c06,8da749bf4a57dc6ecf7f525907bdbb4ad3698a5a56a6722a3cb9f5f7688d2588,6070fb0c9d344168af48519d545e96dc4c6f2f1e40c880094ff44ed2d315d894,120,2.9198499999999998,21,50.23390642212032,0.2728774442738286,observed_profile_hessian,f0e79d732b4c519c2f58014879ee2e2401ac2ca82807feaa4827c6acad2b4bc2,7c5be3861b9aab81775cb5fd8bfa778be3e8009f262ca4607d15c56f10966598,21,9.9999999999999995e-07,"[{""attempt"": 0, ""tolerance"": 2e-07, ""free_valid"": true, ""nll"": 8.941133821985995, ""score"": 6.037690347682201e-10}]",1,8.9411338219859946,6.0376903476822008e-10,543873.55085498386
calibration,nominal,logshift,120,41,1,mc,5348.841942379795,5348.841942379795,-942.47113658000558,5350.7172674914918,-1.1757887334438204,,,,True,False,,False,,,5233,5228,4221,1007,5,617d7f596599ea5293f7d77939cf715311d0d92cf7496348f6c310121d9409bb,c4730ee2ca3e8e62b3297a95386748968fd7c8d865531c231cc23560c8ab39c8,649969a9ae80eb8a7fb509900c13e1b78ce85d6424af1678a0a09cbd08604c06,cd14350ed60c62aaeb3f4a0c9100d6b9af11b295933e7670441a0c0aaffaa2e5,406a61a91866b7c12fa280a9fc06f77f422cc8e408f2eb57c806b8e210c71cb3,117.2697073492393,2.9198499999999998,21,50.23390642212032,0.2728774442738286,observed_profile_hessian,2d0b381cbfa7d52915db2b22d9c6433f2166c84f66bc4f1fae81ee87d835a73f,001a0d1ff4edc91b53d9d3203530578de572b43207199180558d8fc9d367de7d,20,9.9999999999999995e-07,"[{""attempt"": 0, ""tolerance"": 2e-07, ""free_valid"": true, ""nll"": 6.921595712750849, ""score"": 2.6875168757101164e-12}]",1,6.9215957127508494,2.6875168757101164e-12,577047.0643835481
calibration,nominal,pole,120,41,2,mc,10697.68388475959,5348.841942379795,4833.2175166644856,5120.8901071869286,-1.1452044947937081,,,,True,False,,False,,,10711,10699,7959,2740,12,617d7f596599ea5293f7d77939cf715311d0d92cf7496348f6c310121d9409bb,94095b29869e9fa4a7fc8d92c1dc42fbf8476357564be7960c9d26e87a3c1bb9,1989b2e8615452a7887005e5a4f166896c0d929fba987dadccd24306680b36df,8da749bf4a57dc6ecf7f525907bdbb4ad3698a5a56a6722a3cb9f5f7688d2588,6070fb0c9d344168af48519d545e96dc4c6f2f1e40c880094ff44ed2d315d894,120,2.9198499999999998,21,50.23390642212032,0.2728774442738286,observed_profile_hessian,403640737e8347cb9d25cce134b3288c52ce2ddaff0a8098c5c0863a611f0aba,3e7128d52e4889b7cc1346e877b75b8bc75a1839a05403f7fe0a1e12086404d5,21,9.9999999999999995e-07,"[{""attempt"": 0, ""tolerance"": 2e-07, ""free_valid"": true, ""nll"": 8.618102275483519, ""score"": 2.706288637632781e-09}]",1,8.618102275483519,2.706288637632781e-09,543916.84225205635
calibration,nominal,logshift,120,41,2,mc,10697.68388475959,5348.841942379795,3623.9691428109531,5351.5095244623035,-1.3218167153798299,,,,True,False,,False,,,10711,10699,8610,2089,12,617d7f596599ea5293f7d77939cf715311d0d92cf7496348f6c310121d9409bb,94095b29869e9fa4a7fc8d92c1dc42fbf8476357564be7960c9d26e87a3c1bb9,1989b2e8615452a7887005e5a4f166896c0d929fba987dadccd24306680b36df,cd14350ed60c62aaeb3f4a0c9100d6b9af11b295933e7670441a0c0aaffaa2e5,406a61a91866b7c12fa280a9fc06f77f422cc8e408f2eb57c806b8e210c71cb3,117.2697073492393,2.9198499999999998,21,50.23390642212032,0.2728774442738286,observed_profile_hessian,23ba5e4a8a0af48700e1ba29e1929b74538b3baad0ec7f3b2f470998f46b9b70,8fa4ebeaffe76ce3bbdd9556e35c2810f46d056aaacf5a4844a9fb2747731b02,21,9.9999999999999995e-07,"[{""attempt"": 0, ""tolerance"": 2e-07, ""free_valid"": true, ""nll"": 6.71385203136306, ""score"": 4.4142395294599623e-10}]",1,6.7138520313630599,4.4142395294599623e-10,577078.40288477007
calibration,nominal,pole,120,41,3,mc,16046.525827139385,5348.841942379795,6917.8880542906754,5121.6010963969675,-1.7823796896776443,,,,True,False,,False,,,15990,15972,11857,4115,18,617d7f596599ea5293f7d77939cf715311d0d92cf7496348f6c310121d9409bb,3b6aa60e190f6d36220f95a6505678e27621885b4a2f777a0e91d67b1e75460e,9d05368fecadf246f05e3ebc6bdf1a636882cf4dff81037047c5e76aaef31ef7,8da749bf4a57dc6ecf7f525907bdbb4ad3698a5a56a6722a3cb9f5f7688d2588,6070fb0c9d344168af48519d545e96dc4c6f2f1e40c880094ff44ed2d315d894,120,2.9198499999999998,21,50.23390642212032,0.2728774442738286,observed_profile_hessian,cf9cfa1a2d0b9a8e4a998b8e265ece9bfa55017312e5b8408bccb887cdcea299,83f1e9200c72aaf194e7037b141b296a3d3480fc50adc6525c4cb1cd76711708,21,9.9999999999999995e-07,"[{""attempt"": 0, ""tolerance"": 2e-07, ""free_valid"": true, ""nll"": 8.926605434036885, ""score"": 7.69253971633077e-09}]",1,8.926605434036885,7.6925397163307707e-09,543960.92088342656
calibration,nominal,logshift,120,41,3,mc,16046.525827139385,5348.841942379795,7975.6843784804696,5352.2661054540413,-1.507929779581513,,,,True,False,,False,,,15990,15972,12811,3161,18,617d7f596599ea5293f7d77939cf715311d0d92cf7496348f6c310121d9409bb,3b6aa60e190f6d36220f95a6505678e27621885b4a2f777a0e91d67b1e75460e,9d05368fecadf246f05e3ebc6bdf1a636882cf4dff81037047c5e76aaef31ef7,cd14350ed60c62aaeb3f4a0c9100d6b9af11b295933e7670441a0c0aaffaa2e5,406a61a91866b7c12fa280a9fc06f77f422cc8e408f2eb57c806b8e210c71cb3,117.2697073492393,2.9198499999999998,21,50.23390642212032,0.2728774442738286,observed_profile_hessian,76e6bd10d16ece3013ac1c71208b8db5fca09b96b9a80c179cf47c379477033c,8eefa463153cd85b692abf3e7f5d069f51eda415853aac1c6bdac6c46c507e01,20,9.9999999999999995e-07,"[{""attempt"": 0, ""tolerance"": 2e-07, ""free_valid"": true, ""nll"": 6.636187246097668, ""score"": 3.85287185489247e-09}]",1,6.6361872460976681,3.8528718548924701e-09,577111.69552413712
calibration,nominal,pole,120,41,4,mc,21395.36776951918,5348.841942379795,8847.0203415115957,5122.2719559947636,-2.4497620461798868,,,,True,False,,False,,,21097,21065,15702,5363,32,617d7f596599ea5293f7d77939cf715311d0d92cf7496348f6c310121d9409bb,90f516f735455f2e2b60c410320ffff62bb958f82afbaf9b5ec3ddbfa86cfa9f,12013f0fb8608d14dea73a4906f2c612bb9084e3a111463ce5423e875d98afd6,8da749bf4a57dc6ecf7f525907bdbb4ad3698a5a56a6722a3cb9f5f7688d2588,6070fb0c9d344168af48519d545e96dc4c6f2f1e40c880094ff44ed2d315d894,120,2.9198499999999998,21,50.23390642212032,0.2728774442738286,observed_profile_hessian,d9314144035eea3b8ba275606ba93f3d908416dcba1aba8ea83162cb9cf0d7d8,b02fe6e2d058ccac24632450a1690e1d1a41751e8700be02ec86789ca92efb57,21,9.9999999999999995e-07,"[{""attempt"": 0, ""tolerance"": 2e-07, ""free_valid"": true, ""nll"": 9.774218710417518, ""score"": 1.7681363706500974e-08}]",1,9.774218710417518,1.7681363706500974e-08,544005.07824597601
calibration,nominal,logshift,120,41,4,mc,21395.36776951918,5348.841942379795,12152.379651643923,5352.9788817841045,-1.7266999033619657,,,,True,False,,False,,,21097,21065,16893,4172,32,617d7f596599ea5293f7d77939cf715311d0d92cf7496348f6c310121d9409bb,90f516f735455f2e2b60c410320ffff62bb958f82afbaf9b5ec3ddbfa86cfa9f,12013f0fb8608d14dea73a4906f2c612bb9084e3a111463ce5423e875d98afd6,cd14350ed60c62aaeb3f4a0c9100d6b9af11b295933e7670441a0c0aaffaa2e5,406a61a91866b7c12fa280a9fc06f77f422cc8e408f2eb57c806b8e210c71cb3,117.2697073492393,2.9198499999999998,21,50.23390642212032,0.2728774442738286,observed_profile_hessian,364c55b504bcd58b31d12210b9e03570649d7eb012e31ad0b3445cfd70150a52,f94e37cb29a3a73039f802e6bfb8ca109d9580d52c04fc371af760088ac74924,21,9.9999999999999995e-07,"[{""attempt"": 0, ""tolerance"": 2e-07, ""free_valid"": true, ""nll"": 6.621029984546673, ""score"": 1.5157023358636224e-08}]",1,6.6210299845466727,1.5157023358636224e-08,577144.65470280941
calibration,nominal,pole,120,41,5,mc,26744.209711898977,5348.841942379795,10793.25911371978,5123.0245400346594,-3.1135807516688732,,,,True,False,,False,,,26632,26609,19855,6754,23,617d7f596599ea5293f7d77939cf715311d0d92cf7496348f6c310121d9409bb,bdb217876f8d3618d3d8c870a51ac54eee6474257a60e70c133c69d8089d91e8,ff368d5af34d1fec115d85eb2a6665f8d7365e29cbdf77ccd69a2a30e692a6c2,8da749bf4a57dc6ecf7f525907bdbb4ad3698a5a56a6722a3cb9f5f7688d2588,6070fb0c9d344168af48519d545e96dc4c6f2f1e40c880094ff44ed2d315d894,120,2.9198499999999998,21,50.23390642212032,0.2728774442738286,observed_profile_hessian,af75425232ec376a7ff0adaa15939a66331bff699d28413159235a3d1b4cb518,7571e167bcc955d846f3668e8dd45df358cb3a6bb28256ba88102f50fff12374,21,9.9999999999999995e-07,"[{""attempt"": 0, ""tolerance"": 2e-07, ""free_valid"": true, ""nll"": 10.991890451334154, ""score"": 3.526783776131026e-08}]",1,10.991890451334154,3.5267837761310261e-08,544051.52916939522
calibration,nominal,logshift,120,41,5,mc,26744.209711898977,5348.841942379795,16676.533372534148,5353.7999101588011,-1.8804730300550601,,,,True,False,,False,,,26632,26609,21436,5173,23,617d7f596599ea5293f7d77939cf715311d0d92cf7496348f6c310121d9409bb,bdb217876f8d3618d3d8c870a51ac54eee6474257a60e70c133c69d8089d91e8,ff368d5af34d1fec115d85eb2a6665f8d7365e29cbdf77ccd69a2a30e692a6c2,cd14350ed60c62aaeb3f4a0c9100d6b9af11b295933e7670441a0c0aaffaa2e5,406a61a91866b7c12fa280a9fc06f77f422cc8e408f2eb57c806b8e210c71cb3,117.2697073492393,2.9198499999999998,21,50.23390642212032,0.2728774442738286,observed_profile_hessian,56e64dc5ed16e6a8f771e0881021bc1a58f017d610de455b2c0a0d992f83b6aa,5965fd3ff66b8725ea1e55416a9ecb1a2e7f71526386708f242f8e6fab42d719,21,9.9999999999999995e-07,"[{""attempt"": 0, ""tolerance"": 2e-07, ""free_valid"": true, ""nll"": 6.3085437310895145, ""score"": 4.541742140706795e-08}]",1,6.3085437310895145,4.5417421407067948e-08,577178.27988571604
calibration,nominal,pole,120,41,6,mc,32093.05165427877,5348.841942379795,13234.314197375812,5123.7527870102795,-3.6806493679229728,,,,True,False,,False,,,31877,31841,23848,7993,36,617d7f596599ea5293f7d77939cf715311d0d92cf7496348f6c310121d9409bb,f2171ac34093be77740fee9413568e975383d4959d9d31c517c5bc95fb712f25,fa6091d9c1cebd39daf83c568d119f92ec4ab9a99d8f5a51ce3b3709ee193731,8da749bf4a57dc6ecf7f525907bdbb4ad3698a5a56a6722a3cb9f5f7688d2588,6070fb0c9d344168af48519d545e96dc4c6f2f1e40c880094ff44ed2d315d894,120,2.9198499999999998,21,50.23390642212032,0.2728774442738286,observed_profile_hessian,424ffe09a8ba44fb4c6f15bdcb19aea825fb5f9eb6397a2242fef4f0a87279ce,a0f6c28430d78017e85ec0d06b0a40f308f46dcc227c6056ae443176edacf553,20,9.9999999999999995e-07,"[{""attempt"": 0, ""tolerance"": 2e-07, ""free_valid"": true, ""nll"": 13.10746732418831, ""score"": 6.796802654029932e-08}]",1,13.10746732418831,6.796802654029932e-08,544091.46854258038
calibration,nominal,logshift,120,41,6,mc,32093.05165427877,5348.841942379795,21197.162552191716,5354.5556341639021,-2.034882041857506,,,,True,False,,False,,,31877,31841,25614,6227,36,617d7f596599ea5293f7d77939cf715311d0d92cf7496348f6c310121d9409bb,f2171ac34093be77740fee9413568e975383d4959d9d31c517c5bc95fb712f25,fa6091d9c1cebd39daf83c568d119f92ec4ab9a99d8f5a51ce3b3709ee193731,cd14350ed60c62aaeb3f4a0c9100d6b9af11b295933e7670441a0c0aaffaa2e5,406a61a91866b7c12fa280a9fc06f77f422cc8e408f2eb57c806b8e210c71cb3,117.2697073492393,2.9198499999999998,21,50.23390642212032,0.2728774442738286,observed_profile_hessian,86a565ec619a3b9758e53bec2a08d5742e14efd64833e2a32f1c797c2828f604,132e6c26618a1db0f505c15c60e37f8044fb419f2c791772aa7eab27c486ca79,21,9.9999999999999995e-07,"[{""attempt"": 0, ""tolerance"": 2e-07, ""free_valid"": true, ""nll"": 6.639371265728737, ""score"": 1.0361126230595818e-07}]",1,6.6393712657287374,1.0361126230595818e-07,577210.88672633609
calibration,nominal,pole,120,41,8,mc,42790.73553903836,5348.841942379795,17031.854996291884,5125.2088212333492,-5.0259182486437233,,,,True,False,,False,,,42952,42900,31988,10912,52,617d7f596599ea5293f7d77939cf715311d0d92cf7496348f6c310121d9409bb,2d549bfcefef067e7d6d3bbae0bcb04210246c59ebafa01d09bff668bfeeca48,054d4dd4046f2b5493eff72bbccdb0b402d3fde306bfe0d5bfc5fd0000f7bbf8,8da749bf4a57dc6ecf7f525907bdbb4ad3698a5a56a6722a3cb9f5f7688d2588,6070fb0c9d344168af48519d545e96dc4c6f2f1e40c880094ff44ed2d315d894,120,2.9198499999999998,21,50.23390642212032,0.2728774442738286,observed_profile_hessian,cdd02fb441ead32dce034a6b2381e67ca77af7e2a4532ccca942e1d35b072fba,57e3bf31ce840571cd5c914d0d450255e0b5be1c81142636b3a5024e5e6ef476,21,9.9999999999999995e-07,"[{""attempt"": 0, ""tolerance"": 2e-07, ""free_valid"": true, ""nll"": 18.863727469273925, ""score"": 1.7218283110409516e-07}]",1,18.863727469273925,1.7218283110409516e-07,544186.03652694973
calibration,nominal,logshift,120,41,8,mc,42790.73553903836,5348.841942379795,30138.97623486253,5356.1370350084908,-2.3621052302213501,,,,True,False,,False,,,42952,42900,34488,8412,52,617d7f596599ea5293f7d77939cf715311d0d92cf7496348f6c310121d9409bb,2d549bfcefef067e7d6d3bbae0bcb04210246c59ebafa01d09bff668bfeeca48,054d4dd4046f2b5493eff72bbccdb0b402d3fde306bfe0d5bfc5fd0000f7bbf8,cd14350ed60c62aaeb3f4a0c9100d6b9af11b295933e7670441a0c0aaffaa2e5,406a61a91866b7c12fa280a9fc06f77f422cc8e408f2eb57c806b8e210c71cb3,117.2697073492393,2.9198499999999998,21,50.23390642212032,0.2728774442738286,observed_profile_hessian,e1f886aa1b5d1750e880bc99388386ed6065a282000bc1681e5b48385e8b2fa2,a0f7115de51ca4aec5c9cba44a43117eebd940ae48707ebb81b41f65354009e7,21,9.9999999999999995e-07,"[{""attempt"": 0, ""tolerance"": 2e-07, ""free_valid"": true, ""nll"": 6.766002922430398, ""score"": 1.2706502516834917e-13}]",1,6.7660029224303981,1.2706502516834917e-13,577277.57232103648
calibration,nominal,pole,120,41,10,mc,53488.419423797954,5348.841942379795,21649.91835637741,5126.6088795709748,-6.2104408226447303,,,,True,False,,False,,,53875,53819,40129,13690,56,617d7f596599ea5293f7d77939cf715311d0d92cf7496348f6c310121d9409bb,4f16c3e45665cd74de29f78c4bd9dd3d32debd35cb902a4db3700f58f4181e18,225d19ce80751bd4e1571a3f4b07e270e6d0992231e862aa0fd0dfb981761df2,8da749bf4a57dc6ecf7f525907bdbb4ad3698a5a56a6722a3cb9f5f7688d2588,6070fb0c9d344168af48519d545e96dc4c6f2f1e40c880094ff44ed2d315d894,120,2.9198499999999998,21,50.23390642212032,0.2728774442738286,observed_profile_hessian,c24c6f0fe7e85b115af6a81f47f7eae04dda18f6143e4dcd85221f43b84339c4,3e75678dabe5c6983ae7988003a266ad2f890381b952bd5428a23c7b347e64ac,21,9.9999999999999995e-07,"[{""attempt"": 0, ""tolerance"": 2e-07, ""free_valid"": true, ""nll"": 25.608001101696942, ""score"": 2.3803181647963356e-13}]",1,25.608001101696942,2.3803181647963356e-13,544272.17335964146
calibration,nominal,logshift,120,41,10,mc,53488.419423797954,5348.841942379795,38927.8044855634,5357.6785245458796,-2.717709707950184,,,,True,False,,False,,,53875,53819,43184,10635,56,617d7f596599ea5293f7d77939cf715311d0d92cf7496348f6c310121d9409bb,4f16c3e45665cd74de29f78c4bd9dd3d32debd35cb902a4db3700f58f4181e18,225d19ce80751bd4e1571a3f4b07e270e6d0992231e862aa0fd0dfb981761df2,cd14350ed60c62aaeb3f4a0c9100d6b9af11b295933e7670441a0c0aaffaa2e5,406a61a91866b7c12fa280a9fc06f77f422cc8e408f2eb57c806b8e210c71cb3,117.2697073492393,2.9198499999999998,21,50.23390642212032,0.2728774442738286,observed_profile_hessian,c65552d92bf22242de02627c8042f8968afe69872a6cdf300597721d2b6e6fd4,a9ee96fe6fe2e5f1e19e30832a80c6a5d826a09657cd22d648f3793aa79139f7,21,9.9999999999999995e-07,"[{""attempt"": 0, ""tolerance"": 2e-07, ""free_valid"": true, ""nll"": 6.578229757476092, ""score"": 7.846501226538294e-14}]",1,6.578229757476092,7.8465012265382938e-14,577350.09613497637
calibration,nominal,pole,120,41,12,mc,64186.10330855754,5348.841942379795,25805.795940902852,5128.054882019178,-7.4843792140817333,,,,True,False,,False,,,64317,64253,47982,16271,64,617d7f596599ea5293f7d77939cf715311d0d92cf7496348f6c310121d9409bb,7238624f08ac6cc1990e55c7c3ebe292bb66f5c8b3adeb52c0a79a7f21087ec8,4914ed79146063195f0abe3fe5e333225cb6297d395119b02a9317bd887a78af,8da749bf4a57dc6ecf7f525907bdbb4ad3698a5a56a6722a3cb9f5f7688d2588,6070fb0c9d344168af48519d545e96dc4c6f2f1e40c880094ff44ed2d315d894,120,2.9198499999999998,21,50.23390642212032,0.2728774442738286,observed_profile_hessian,49573fbfffe9da4e056a1012830e9bbfe1dd0be0f018a0bd52a5e7b37372221f,ecaf4823fc152e498a2e554a47d76201f86995c5f95a9f97cb661075d5133d4d,21,1.0000000000000001e-05,"[{""attempt"": 0, ""tolerance"": 2e-07, ""free_valid"": true, ""nll"": 35.43040375068092, ""score"": 2.708944180085382e-14}]",1,35.430403750680917,2.708944180085382e-14,544355.98356355168
calibration,nominal,logshift,120,41,12,mc,64186.10330855754,5348.841942379795,47911.085612980656,5359.1713309528996,-3.0368534033568708,,,,True,False,,False,,,64317,64253,51570,12683,64,617d7f596599ea5293f7d77939cf715311d0d92cf7496348f6c310121d9409bb,7238624f08ac6cc1990e55c7c3ebe292bb66f5c8b3adeb52c0a79a7f21087ec8,4914ed79146063195f0abe3fe5e333225cb6297d395119b02a9317bd887a78af,cd14350ed60c62aaeb3f4a0c9100d6b9af11b295933e7670441a0c0aaffaa2e5,406a61a91866b7c12fa280a9fc06f77f422cc8e408f2eb57c806b8e210c71cb3,117.2697073492393,2.9198499999999998,21,50.23390642212032,0.2728774442738286,observed_profile_hessian,d0829a58bd4e43ddca13fc2f99e90ffbd7266c0322f692fc248ee192ce463bb7,baba21cbe354e0ade02a9d564d512a37fcd64d6f3feee8eaaa24757f728676ff,21,1.0000000000000001e-05,"[{""attempt"": 0, ""tolerance"": 2e-07, ""free_valid"": true, ""nll"": 6.801396597791913, ""score"": 1.2301271112846734e-13}]",1,6.8013965977919133,1.2301271112846734e-13,577408.23792411853
calibration,nominal,pole,120,41,16,mc,85581.47107807672,5348.841942379795,33592.193594198987,5130.917686905439,-10.132549507967944,,,,True,False,,False,,,85668,85586,63917,21669,82,617d7f596599ea5293f7d77939cf715311d0d92cf7496348f6c310121d9409bb,de93248cde24940d7c4098ebd321a4425a4069e8f023db5203090de8661052f7,4cc8f16c79dcbc6360586951ee6516b48d24ea55a8091541b676c33a5ba8eaa9,8da749bf4a57dc6ecf7f525907bdbb4ad3698a5a56a6722a3cb9f5f7688d2588,6070fb0c9d344168af48519d545e96dc4c6f2f1e40c880094ff44ed2d315d894,120,2.9198499999999998,21,50.23390642212032,0.2728774442738286,observed_profile_hessian,f4d70967c2d0eb9027919243524ff07100f5d902e7d11f0fdd0281430a68a150,8acb68aab6d8c1d37aff2b00b4374718adc5429a9d41d2859772e1c1fc992e19,20,9.9999999999999995e-07,"[{""attempt"": 0, ""tolerance"": 2e-07, ""free_valid"": true, ""nll"": 60.49154865810375, ""score"": 1.1812772982011666e-13}]",1,60.491548658103753,1.1812772982011666e-13,544540.96143302228
calibration,nominal,logshift,120,41,16,mc,85581.47107807672,5348.841942379795,65186.859313923087,5362.2514453768263,-3.803367292993554,,,,True,False,,False,,,85668,85586,68850,16736,82,617d7f596599ea5293f7d77939cf715311d0d92cf7496348f6c310121d9409bb,de93248cde24940d7c4098ebd321a4425a4069e8f023db5203090de8661052f7,4cc8f16c79dcbc6360586951ee6516b48d24ea55a8091541b676c33a5ba8eaa9,cd14350ed60c62aaeb3f4a0c9100d6b9af11b295933e7670441a0c0aaffaa2e5,406a61a91866b7c12fa280a9fc06f77f422cc8e408f2eb57c806b8e210c71cb3,117.2697073492393,2.9198499999999998,21,50.23390642212032,0.2728774442738286,observed_profile_hessian,ce61ee6e1f869f905f85a2c28dc3fae4d7e28c60ed734d65cdec94fd343e3fa2,984f22d7c0225fc31892b47238231a2b159e8eb493201a7115ba40e040afbf14,21,9.9999999999999995e-07,"[{""attempt"": 0, ""tolerance"": 2e-07, ""free_valid"": true, ""nll"": 7.454539132403458, ""score"": 1.7641443861293737e-13}]",1,7.4545391324034576,1.7641443861293737e-13,577547.83268696174
calibration,nominal,pole,120,41,20,mc,106976.83884759591,5348.841942379795,42580.671449742083,5133.6734384523952,-12.543876849569688,,,,True,False,,False,,,106784,106674,79532,27142,110,617d7f596599ea5293f7d77939cf715311d0d92cf7496348f6c310121d9409bb,3579e676e7e6a550591693b6ac38266333573a903e646c25b5d520910823bf3f,9fc1860327ff36c0986d6884db3ee043e0e1c75d5dce30a3fbde0e1ff64d3440,8da749bf4a57dc6ecf7f525907bdbb4ad3698a5a56a6722a3cb9f5f7688d2588,6070fb0c9d344168af48519d545e96dc4c6f2f1e40c880094ff44ed2d315d894,120,2.9198499999999998,21,50.23390642212032,0.2728774442738286,observed_profile_hessian,86db4495ab31409dd9e7bb8353ea86ae5c30a0fafdc5d6102f3eb907613268ec,a22c069bea074c91e50fd22d175535189b17dd7e60d675e31eb6a06eeedc6fb5,21,9.9999999999999995e-07,"[{""attempt"": 0, ""tolerance"": 2e-07, ""free_valid"": true, ""nll"": 92.05449560253933, ""score"": 9.592326932761353e-14}]",1,92.054495602539333,9.5923269327613525e-14,544699.68349578662
calibration,nominal,logshift,120,41,20,mc,106976.83884759591,5348.841942379795,82404.826161241232,5365.233755951188,-4.5798587357166083,,,,True,False,,False,,,106784,106674,85562,21112,110,617d7f596599ea5293f7d77939cf715311d0d92cf7496348f6c310121d9409bb,3579e676e7e6a550591693b6ac38266333573a903e646c25b5d520910823bf3f,9fc1860327ff36c0986d6884db3ee043e0e1c75d5dce30a3fbde0e1ff64d3440,cd14350ed60c62aaeb3f4a0c9100d6b9af11b295933e7670441a0c0aaffaa2e5,406a61a91866b7c12fa280a9fc06f77f422cc8e408f2eb57c806b8e210c71cb3,117.2697073492393,2.9198499999999998,21,50.23390642212032,0.2728774442738286,observed_profile_hessian,3ec65ea6cf441816a92c09ec270acf36ffd4ce277968f3705aaf13d9d9d3711c,41888d22ff88644e934c5aa1cd06e4997bd2d1943f8331a14f839f7f31e99490,21,9.9999999999999995e-07,"[{""attempt"": 0, ""tolerance"": 2e-07, ""free_valid"": true, ""nll"": 8.611075754060002, ""score"": 5.340172748447003e-14}]",1,8.6110757540600016,5.340172748447003e-14,577678.88869785063
calibration,nominal,pole,120,41,24,mc,128372.20661711508,5348.841942379795,49998.82846302176,5136.6127102555283,-15.257793914969795,,,,True,False,,False,,,128312,128162,95559,32603,150,617d7f596599ea5293f7d77939cf715311d0d92cf7496348f6c310121d9409bb,2137fe179d348ca5f6b9faed729a09b8b1da747a8d95262d007bf00d9a642e42,910e89eca30817f768164ec7f340bad0962bb71347c3531fbc583cfa6322c5df,8da749bf4a57dc6ecf7f525907bdbb4ad3698a5a56a6722a3cb9f5f7688d2588,6070fb0c9d344168af48519d545e96dc4c6f2f1e40c880094ff44ed2d315d894,120,2.9198499999999998,21,50.23390642212032,0.2728774442738286,observed_profile_hessian,af9c6ca3538094f306a438b53cc6a9075017c62f3f9442188a6877edc1a5a519,312f4ce96f31f3df59386d9aa0752fdbde0045510ebedcd48838c9c2d91c7414,21,9.9999999999999995e-07,"[{""attempt"": 0, ""tolerance"": 2e-07, ""free_valid"": true, ""nll"": 137.15633146791663, ""score"": 2.62456723021387e-13}]",1,137.15633146791663,2.6245672302138701e-13,544891.7124913655
calibration,nominal,logshift,120,41,24,mc,128372.20661711508,5348.841942379795,100440.89686048588,5368.3190119232013,-5.2029899293601778,,,,True,False,,False,,,128312,128162,102894,25268,150,617d7f596599ea5293f7d77939cf715311d0d92cf7496348f6c310121d9409bb,2137fe179d348ca5f6b9faed729a09b8b1da747a8d95262d007bf00d9a642e42,910e89eca30817f768164ec7f340bad0962bb71347c3531fbc583cfa6322c5df,cd14350ed60c62aaeb3f4a0c9100d6b9af11b295933e7670441a0c0aaffaa2e5,406a61a91866b7c12fa280a9fc06f77f422cc8e408f2eb57c806b8e210c71cb3,117.2697073492393,2.9198499999999998,21,50.23390642212032,0.2728774442738286,observed_profile_hessian,5feeed5ad8acabbb5c5ee4665de5278cae6dfea8efadea7523813c2b71e5f1e7,0db7e4affbf29328e92d86854620aafe5c89cd99855483faaae03b27678b3a39,21,9.9999999999999995e-07,"[{""attempt"": 0, ""tolerance"": 2e-07, ""free_valid"": true, ""nll"": 11.007564564102159, ""score"": 3.2307490016592055e-13}]",1,11.007564564102159,3.2307490016592055e-13,577805.18827683688
calibration,nominal,pole,120,42,0,mc,0,5348.841942379795,5676.7831861869154,5117.879919623676,1.1092060140802085,,,,True,False,,False,,,0,0,0,0,0,e2ba5d925e90053873a641719b7eea6b7f0c26ca9a807725c024efd2746e1aaa,d3bb56f8ed6d718b0d014fd9eec6c619f30907068e2667d838febcc69349baac,e2ba5d925e90053873a641719b7eea6b7f0c26ca9a807725c024efd2746e1aaa,8da749bf4a57dc6ecf7f525907bdbb4ad3698a5a56a6722a3cb9f5f7688d2588,6070fb0c9d344168af48519d545e96dc4c6f2f1e40c880094ff44ed2d315d894,120,2.9198499999999998,21,50.23390642212032,0.2728774442738286,observed_profile_hessian,3d16bae49f582df118e43187e7a66e18646d93656ffb5458b4afd5aed93892e7,0f777e68119b037c2d3e6f01176404b9b78b648f38903be1a8c68b0f8bf18070,21,9.9999999999999995e-07,"[{""attempt"": 0, ""tolerance"": 2e-07, ""free_valid"": true, ""nll"": 10.307891046748479, ""score"": 2.35545583038288e-10}]",1,10.307891046748479,2.3554558303828799e-10,543337.05054093373
calibration,nominal,logshift,120,42,0,mc,0,5348.841942379795,972.64607905017431,5347.8967285990939,0.18187450663524002,,,,True,False,,False,,,0,0,0,0,0,e2ba5d925e90053873a641719b7eea6b7f0c26ca9a807725c024efd2746e1aaa,d3bb56f8ed6d718b0d014fd9eec6c619f30907068e2667d838febcc69349baac,e2ba5d925e90053873a641719b7eea6b7f0c26ca9a807725c024efd2746e1aaa,cd14350ed60c62aaeb3f4a0c9100d6b9af11b295933e7670441a0c0aaffaa2e5,406a61a91866b7c12fa280a9fc06f77f422cc8e408f2eb57c806b8e210c71cb3,117.2697073492393,2.9198499999999998,21,50.23390642212032,0.2728774442738286,observed_profile_hessian,51909949e4cb6bd95a764a1143eef54ab7dd7cb780462d60618ad2060cd6ce6a,3a87248006314b9a99a36eb72e91d1e6a77b59924372659a7867c9daac0dc04e,21,9.9999999999999995e-07,"[{""attempt"": 0, ""tolerance"": 2e-07, ""free_valid"": true, ""nll"": 10.757712842349514, ""score"": 3.535316484004625e-11}]",1,10.757712842349514,3.5353164840046247e-11,576476.50604199641
calibration,nominal,pole,120,42,1,mc,5348.841942379795,5348.841942379795,7807.2671489812983,5118.6072648688732,0.48029182146375954,,,,True,False,,False,,,5406,5400,4078,1322,6,e2ba5d925e90053873a641719b7eea6b7f0c26ca9a807725c024efd2746e1aaa,3f92d7238bfb558d7ce2c7853f241de29e89f7925e5fb926bdb7bb9800b429c3,58ebb68181e78e16fe2e3482f905fce1ce96529fb5f2afddfe58c56c60bd6b46,8da749bf4a57dc6ecf7f525907bdbb4ad3698a5a56a6722a3cb9f5f7688d2588,6070fb0c9d344168af48519d545e96dc4c6f2f1e40c880094ff44ed2d315d894,120,2.9198499999999998,21,50.23390642212032,0.2728774442738286,observed_profile_hessian,d92a9822518ddd949d568fe40b2087103428d25f2aeb3d4217a53e8d45c57b09,f73b528182f4abc176229553ee42b1a9e042d555bbba4aa654f963402c093d7b,21,9.9999999999999995e-07,"[{""attempt"": 0, ""tolerance"": 2e-07, ""free_valid"": true, ""nll"": 9.955543728929912, ""score"": 1.4622791866258922e-09}]",1,9.9555437289299125,1.4622791866258922e-09,543382.11991722661
calibration,nominal,logshift,120,42,1,mc,5348.841942379795,5348.841942379795,5525.3085737161509,5348.6762342563097,0.03299258052041959,,,,True,False,,False,,,5406,5400,4373,1027,6,e2ba5d925e90053873a641719b7eea6b7f0c26ca9a807725c024efd2746e1aaa,3f92d7238bfb558d7ce2c7853f241de29e89f7925e5fb926bdb7bb9800b429c3,58ebb68181e78e16fe2e3482f905fce1ce96529fb5f2afddfe58c56c60bd6b46,cd14350ed60c62aaeb3f4a0c9100d6b9af11b295933e7670441a0c0aaffaa2e5,406a61a91866b7c12fa280a9fc06f77f422cc8e408f2eb57c806b8e210c71cb3,117.2697073492393,2.9198499999999998,21,50.23390642212032,0.2728774442738286,observed_profile_hessian,bb18c49feab25cac5c16f1c3496bde2d37915a6463300242c9eac92266e69196,a3cfe96418c9112b0e9ad55137e1f6942c0f3a8f8a24fbe178e712f3fbfe31be,21,9.9999999999999995e-07,"[{""attempt"": 0, ""tolerance"": 2e-07, ""free_valid"": true, ""nll"": 10.593352221620252, ""score"": 1.1984260805952829e-09}]",1,10.593352221620252,1.1984260805952829e-09,576509.46802327293
calibration,nominal,pole,120,42,2,mc,10697.68388475959,5348.841942379795,9848.9973872389091,5119.3131044385336,-0.16578132265144221,,,,True,False,,False,,,10649,10636,7993,2643,13,e2ba5d925e90053873a641719b7eea6b7f0c26ca9a807725c024efd2746e1aaa,4ff0ca630adb8333d490df0dbea44f0860da2b2adc5bd04b8066cfdfdef13dae,10cc711a7670bdeaab2fb00c016ab81fe94b68a913d15e5f0a42d9f9384767ef,8da749bf4a57dc6ecf7f525907bdbb4ad3698a5a56a6722a3cb9f5f7688d2588,6070fb0c9d344168af48519d545e96dc4c6f2f1e40c880094ff44ed2d315d894,120,2.9198499999999998,21,50.23390642212032,0.2728774442738286,observed_profile_hessian,97c92b36010d22e2c5dafde63aef8471066591e436071a322fff96280c8087ae,b616285d1bb17955cadf671f0f375caafe427ac29e342b7f14a8bcbf4d7a1d16,21,9.9999999999999995e-07,"[{""attempt"": 0, ""tolerance"": 2e-07, ""free_valid"": true, ""nll"": 10.360810052714456, ""score"": 4.8228555732388045e-09}]",1,10.360810052714456,4.8228555732388045e-09,543425.43741554883
calibration,nominal,logshift,120,42,2,mc,10697.68388475959,5348.841942379795,9689.852976570668,5349.4388715105752,-0.18839936905463331,,,,True,False,,False,,,10649,10636,8591,2045,13,e2ba5d925e90053873a641719b7eea6b7f0c26ca9a807725c024efd2746e1aaa,4ff0ca630adb8333d490df0dbea44f0860da2b2adc5bd04b8066cfdfdef13dae,10cc711a7670bdeaab2fb00c016ab81fe94b68a913d15e5f0a42d9f9384767ef,cd14350ed60c62aaeb3f4a0c9100d6b9af11b295933e7670441a0c0aaffaa2e5,406a61a91866b7c12fa280a9fc06f77f422cc8e408f2eb57c806b8e210c71cb3,117.2697073492393,2.9198499999999998,21,50.23390642212032,0.2728774442738286,observed_profile_hessian,e4c38484b8bbc4fea9a6e7f17f514f4988b2f2bae418ee37cc11781d4a448923,619a10ee2a90322539cb24cbed2fcfac1c037c16eda213552f8d61a69f1fa385,21,9.9999999999999995e-07,"[{""attempt"": 0, ""tolerance"": 2e-07, ""free_valid"": true, ""nll"": 10.724470916870812, ""score"": 6.870405355741127e-09}]",1,10.724470916870812,6.8704053557411271e-09,576545.4405185834
calibration,nominal,pole,120,42,3,mc,16046.525827139385,5348.841942379795,11910.366256513093,5120.068736784734,-0.80783282085851249,,,,True,False,,False,,,16394,16388,12147,4241,6,e2ba5d925e90053873a641719b7eea6b7f0c26ca9a807725c024efd2746e1aaa,2c2673dbf9148630bd8fd576b9826cfb24cdb67681a0fb0aa0c8a91264405161,01ddc5cf6417888f3389a6036d281631e69ab932505f765c3e202aa3bf9af844,8da749bf4a57dc6ecf7f525907bdbb4ad3698a5a56a6722a3cb9f5f7688d2588,6070fb0c9d344168af48519d545e96dc4c6f2f1e40c880094ff44ed2d315d894,120,2.9198499999999998,21,50.23390642212032,0.2728774442738286,observed_profile_hessian,42bfbe5ea8145319668359e2300d684544ae6cbb59f1fbc62b25637ddfd0b3d6,6a972a97041a95d64a51ec071f99dfe96670a2bb87ef5a287e3b38730ad94159,21,9.9999999999999995e-07,"[{""attempt"": 0, ""tolerance"": 2e-07, ""free_valid"": true, ""nll"": 11.202619185366737, ""score"": 1.2356580710026766e-08}]",1,11.202619185366737,1.2356580710026766e-08,543472.50246083201
calibration,nominal,logshift,120,42,3,mc,16046.525827139385,5348.841942379795,14422.523610146391,5350.2424938405566,-0.30353805810907075,,,,True,False,,False,,,16394,16388,13159,3229,6,e2ba5d925e90053873a641719b7eea6b7f0c26ca9a807725c024efd2746e1aaa,2c2673dbf9148630bd8fd576b9826cfb24cdb67681a0fb0aa0c8a91264405161,01ddc5cf6417888f3389a6036d281631e69ab932505f765c3e202aa3bf9af844,cd14350ed60c62aaeb3f4a0c9100d6b9af11b295933e7670441a0c0aaffaa2e5,406a61a91866b7c12fa280a9fc06f77f422cc8e408f2eb57c806b8e210c71cb3,117.2697073492393,2.9198499999999998,21,50.23390642212032,0.2728774442738286,observed_profile_hessian,6a55a665da319527861ac37e75c4d770de5cc52cda291982c6661bbfc56f8979,ef2308989114cf36d56cafab230ce61ad17ef3285bbcdd840bc8a3f849e39c01,21,9.9999999999999995e-07,"[{""attempt"": 0, ""tolerance"": 2e-07, ""free_valid"": true, ""nll"": 10.726505782704404, ""score"": 2.6491414478746478e-08}]",1,10.726505782704404,2.6491414478746478e-08,576577.04513271141
calibration,nominal,pole,120,42,4,mc,21395.36776951918,5348.841942379795,13912.159425819473,5120.7649687126668,-1.46134579294721,,,,True,False,,False,,,21257,21235,15879,5356,22,e2ba5d925e90053873a641719b7eea6b7f0c26ca9a807725c024efd2746e1aaa,3f49200304c5c9fd72e5e16a076d65bdc0d98bd4b5716886ec02fe05a6dfef14,7fa39c48310b67f76e403402a19480d3a14fda9433df925b25cad5680f7d3802,8da749bf4a57dc6ecf7f525907bdbb4ad3698a5a56a6722a3cb9f5f7688d2588,6070fb0c9d344168af48519d545e96dc4c6f2f1e40c880094ff44ed2d315d894,120,2.9198499999999998,21,50.23390642212032,0.2728774442738286,observed_profile_hessian,30ba9233337783f7fdbde6a91f633b4939fdaa4bca9423654653881f352f7d1b,3b7262d85e4d068a84cb1b4630f2caa9f89fbe81170c719675144a23d68e1ef0,20,9.9999999999999995e-07,"[{""attempt"": 0, ""tolerance"": 2e-07, ""free_valid"": true, ""nll"": 12.692041913233753, ""score"": 2.558535880381463e-08}]",1,12.692041913233753,2.5585358803814628e-08,543512.74225330714
calibration,nominal,logshift,120,42,4,mc,21395.36776951918,5348.841942379795,18683.13552070174,5350.9534140358437,-0.50686897062177849,,,,True,False,,False,,,21257,21235,17147,4088,22,e2ba5d925e90053873a641719b7eea6b7f0c26ca9a807725c024efd2746e1aaa,3f49200304c5c9fd72e5e16a076d65bdc0d98bd4b5716886ec02fe05a6dfef14,7fa39c48310b67f76e403402a19480d3a14fda9433df925b25cad5680f7d3802,cd14350ed60c62aaeb3f4a0c9100d6b9af11b295933e7670441a0c0aaffaa2e5,406a61a91866b7c12fa280a9fc06f77f422cc8e408f2eb57c806b8e210c71cb3,117.2697073492393,2.9198499999999998,21,50.23390642212032,0.2728774442738286,observed_profile_hessian,8c6361d8ab6f35f562e214aebab1d9b7c5e06f72b9c2f8aa53ce1f31789ebed0,54325b9ec054479e4dc3aa00d204d0480641c0dd03c7cc6bb78d18a78d5b25eb,21,9.9999999999999995e-07,"[{""attempt"": 0, ""tolerance"": 2e-07, ""free_valid"": true, ""nll"": 10.791927978308651, ""score"": 6.446100543622268e-08}]",1,10.791927978308651,6.4461005436222685e-08,576605.98682627734
calibration,nominal,pole,120,42,5,mc,26744.209711898977,5348.841942379795,15961.991685739064,5121.4509239628642,-2.1053053492538152,,,,True,False,,False,,,26718,26688,19941,6747,30,e2ba5d925e90053873a641719b7eea6b7f0c26ca9a807725c024efd2746e1aaa,90d84a2828f13188203e10eab8392953dc36cde011f044070363aecb5e10db1e,77190918d4ffce89cc446b39c23bcf2001bfcc8c5991e36bf92d5d38fed43ecb,8da749bf4a57dc6ecf7f525907bdbb4ad3698a5a56a6722a3cb9f5f7688d2588,6070fb0c9d344168af48519d545e96dc4c6f2f1e40c880094ff44ed2d315d894,120,2.9198499999999998,21,50.23390642212032,0.2728774442738286,observed_profile_hessian,32e99ab7248d1efcecb059afed45996b11d1fec91c4479d54c7bf86053db01ee,ab92a532456119d87ea4a3a446d21963c70f8247d61fe62b581ac186603d4824,21,9.9999999999999995e-07,"[{""attempt"": 0, ""tolerance"": 2e-07, ""free_valid"": true, ""nll"": 14.32576542138807, ""score"": 4.988430196695148e-08}]",1,14.32576542138807,4.9884301966951483e-08,543558.05390093394
calibration,nominal,logshift,120,42,5,mc,26744.209711898977,5348.841942379795,22926.909430807031,5351.7250888201479,-0.71328407527254278,,,,True,False,,False,,,26718,26688,21452,5236,30,e2ba5d925e90053873a641719b7eea6b7f0c26ca9a807725c024efd2746e1aaa,90d84a2828f13188203e10eab8392953dc36cde011f044070363aecb5e10db1e,77190918d4ffce89cc446b39c23bcf2001bfcc8c5991e36bf92d5d38fed43ecb,cd14350ed60c62aaeb3f4a0c9100d6b9af11b295933e7670441a0c0aaffaa2e5,406a61a91866b7c12fa280a9fc06f77f422cc8e408f2eb57c806b8e210c71cb3,117.2697073492393,2.9198499999999998,21,50.23390642212032,0.2728774442738286,observed_profile_hessian,64a1ee4e8620a61270f4685ea8b2ceabc75b5a348963296450b61a61849eb7f8,f0bb79eb1a3788cb652a45539a10dc26dfb501cc5e121d0555fd56eeb52432a2,20,9.9999999999999995e-07,"[{""attempt"": 0, ""tolerance"": 2e-07, ""free_valid"": true, ""nll"": 10.82157045009199, ""score"": 1.3748010364161845e-07}]",1,10.82157045009199,1.3748010364161845e-07,576642.68501349306
calibration,nominal,pole,120,42,6,mc,32093.05165427877,5348.841942379795,17944.892367471708,5122.165173953239,-2.7621442898311779,,,,True,False,,False,,,31995,31977,23740,8237,18,e2ba5d925e90053873a641719b7eea6b7f0c26ca9a807725c024efd2746e1aaa,ba86f6b3db4315153157841f1e5f613d9655713c04c27eb6ee0c10db56df75c3,38c85febdda5235756346cedbc5ce52449e9f4d1d8cd71773bc6e219f963d49e,8da749bf4a57dc6ecf7f525907bdbb4ad3698a5a56a6722a3cb9f5f7688d2588,6070fb0c9d344168af48519d545e96dc4c6f2f1e40c880094ff44ed2d315d894,120,2.9198499999999998,21,50.23390642212032,0.2728774442738286,observed_profile_hessian,a97e972afe2fc1d26fd5498cf464847f19e6cbcc03536ed50e0423f0cd3f6b6a,237179ce3914b574c4e22d6716fdf02c36c16985ead5aeec8c3efed2fbdb15c7,21,9.9999999999999995e-07,"[{""attempt"": 0, ""tolerance"": 2e-07, ""free_valid"": true, ""nll"": 16.682193467944888, ""score"": 8.25452697861273e-08}]",1,16.682193467944888,8.2545269786127307e-08,543598.30346774927
calibration,nominal,logshift,120,42,6,mc,32093.05165427877,5348.841942379795,27320.635320524285,5352.4876800786124,-0.89162584185236127,,,,True,False,,False,,,31995,31977,25669,6308,18,e2ba5d925e90053873a641719b7eea6b7f0c26ca9a807725c024efd2746e1aaa,ba86f6b3db4315153157841f1e5f613d9655713c04c27eb6ee0c10db56df75c3,38c85febdda5235756346cedbc5ce52449e9f4d1d8cd71773bc6e219f963d49e,cd14350ed60c62aaeb3f4a0c9100d6b9af11b295933e7670441a0c0aaffaa2e5,406a61a91866b7c12fa280a9fc06f77f422cc8e408f2eb57c806b8e210c71cb3,117.2697073492393,2.9198499999999998,21,50.23390642212032,0.2728774442738286,observed_profile_hessian,b7162c21dc7d2260b41b8821c89d86499b4b286427736936bd8239b0c8a94324,418ee37c97dda2d00912aee1918a34f34e9909ab9abdbd348b5b83af36de44a7,20,9.9999999999999995e-07,"[{""attempt"": 0, ""tolerance"": 2e-07, ""free_valid"": true, ""nll"": 10.829851084880428, ""score"": 5.134781488891349e-14}]",1,10.829851084880428,5.134781488891349e-14,576670.48877160507
calibration,nominal,pole,120,42,8,mc,42790.73553903836,5348.841942379795,22184.300874607688,5123.6249585163878,-4.0218468040247686,,,,True,False,,False,,,42908,42862,32009,10853,46,e2ba5d925e90053873a641719b7eea6b7f0c26ca9a807725c024efd2746e1aaa,ed96269768d826b30377ce81e7fd4bd0c10784c105140a24d780e3a07e5d52dc,d3f1855cba1195acc68c46f4ab58baf4995664fb524c204a39f104e59e362e01,8da749bf4a57dc6ecf7f525907bdbb4ad3698a5a56a6722a3cb9f5f7688d2588,6070fb0c9d344168af48519d545e96dc4c6f2f1e40c880094ff44ed2d315d894,120,2.9198499999999998,21,50.23390642212032,0.2728774442738286,observed_profile_hessian,d3aca163a1bd994b5d48d87220dc0444e053d2dc45085ace530e3ad5dbe803a6,326e6cccfe01fa630046d28a1824ce2e101174910fc79d1ca69781dbe41ed59e,21,9.9999999999999995e-07,"[{""attempt"": 0, ""tolerance"": 2e-07, ""free_valid"": true, ""nll"": 23.55912636016393, ""score"": 8.537615059367454e-14}]",1,23.55912636016393,8.5376150593674538e-14,543693.05947970133
calibration,nominal,logshift,120,42,8,mc,42790.73553903836,5348.841942379795,36599.429304767364,5354.041880404282,-1.1563798663830198,,,,True,False,,False,,,42908,42862,34447,8415,46,e2ba5d925e90053873a641719b7eea6b7f0c26ca9a807725c024efd2746e1aaa,ed96269768d826b30377ce81e7fd4bd0c10784c105140a24d780e3a07e5d52dc,d3f1855cba1195acc68c46f4ab58baf4995664fb524c204a39f104e59e362e01,cd14350ed60c62aaeb3f4a0c9100d6b9af11b295933e7670441a0c0aaffaa2e5,406a61a91866b7c12fa280a9fc06f77f422cc8e408f2eb57c806b8e210c71cb3,117.2697073492393,2.9198499999999998,21,50.23390642212032,0.2728774442738286,observed_profile_hessian,d6a11cfee86a1acd69263d92a4a5265a9a67f1353ff64a695d4aeed6fb771de5,c538b7e432881716c0cb3c5805e27d3f82dcbb8c42f469baec836074a9a41a9e,21,9.9999999999999995e-07,"[{""attempt"": 0, ""tolerance"": 2e-07, ""free_valid"": true, ""nll"": 11.054827166203241, ""score"": 8.501532811067136e-14}]",1,11.054827166203241,8.5015328110671362e-14,576737.01088551513
calibration,nominal,pole,120,42,10,mc,53488.419423797954,5348.841942379795,26133.327497407459,5125.0287527378923,-5.3375489672671321,,,,True,False,,False,,,53497,53455,39820,13635,42,e2ba5d925e90053873a641719b7eea6b7f0c26ca9a807725c024efd2746e1aaa,ff0631b073e03fc412c8c1aa8d2e4c0523948b66aff10e89af2b6b798fd90f15,88e49b56eb37c2fd4372aa0de9e9482295618c5030082ed714f1b603a7307d15,8da749bf4a57dc6ecf7f525907bdbb4ad3698a5a56a6722a3cb9f5f7688d2588,6070fb0c9d344168af48519d545e96dc4c6f2f1e40c880094ff44ed2d315d894,120,2.9198499999999998,21,50.23390642212032,0.2728774442738286,observed_profile_hessian,95de413b688ddc12346ec09896304864b1025182674c200964cdc7264f807b9d,aaf0d16136cfeee4aa5727bd1442a7a53875bd7f508e465a6b114b054689328b,21,9.9999999999999995e-07,"[{""attempt"": 0, ""tolerance"": 2e-07, ""free_valid"": true, ""nll"": 31.751630033502686, ""score"": 7.782663402622347e-14}]",1,31.751630033502686,7.7826634026223473e-14,543779.46954534389
calibration,nominal,logshift,120,42,10,mc,53488.419423797954,5348.841942379795,45264.562525847374,5355.5284800587124,-1.5355827027289792,,,,True,False,,False,,,53497,53455,43004,10451,42,e2ba5d925e90053873a641719b7eea6b7f0c26ca9a807725c024efd2746e1aaa,ff0631b073e03fc412c8c1aa8d2e4c0523948b66aff10e89af2b6b798fd90f15,88e49b56eb37c2fd4372aa0de9e9482295618c5030082ed714f1b603a7307d15,cd14350ed60c62aaeb3f4a0c9100d6b9af11b295933e7670441a0c0aaffaa2e5,406a61a91866b7c12fa280a9fc06f77f422cc8e408f2eb57c806b8e210c71cb3,117.2697073492393,2.9198499999999998,21,50.23390642212032,0.2728774442738286,observed_profile_hessian,490d8ee20de2d0261dcfc34614a00cdb51da8509e0d8c0eb1ef63f9b1f8111d5,b6ccf8d4f81881b324b81c8b635af28cc206a4626f6f561695ec900d4f0274d9,21,9.9999999999999995e-07,"[{""attempt"": 0, ""tolerance"": 2e-07, ""free_valid"": true, ""nll"": 11.294992010909464, ""score"": 7.616129948928574e-14}]",1,11.294992010909464,7.6161299489285739e-14,576799.86709598498
calibration,nominal,pole,120,42,12,mc,64186.10330855754,5348.841942379795,30671.129604059835,5126.4343358327778,-6.5376773618720847,,,,True,False,,False,,,63973,63905,47700,16205,68,e2ba5d925e90053873a641719b7eea6b7f0c26ca9a807725c024efd2746e1aaa,4a8e9e86b7d1a2c52e63949a925040b22c3bca09fca6b105f54c237870d8833e,68b1c682ffe1ce2cd918f0aa76a8e8f95ed24fa62132b4749a29b21867e09b62,8da749bf4a57dc6ecf7f525907bdbb4ad3698a5a56a6722a3cb9f5f7688d2588,6070fb0c9d344168af48519d545e96dc4c6f2f1e40c880094ff44ed2d315d894,120,2.9198499999999998,21,50.23390642212032,0.2728774442738286,observed_profile_hessian,a1c16537e11bddcc361d41c3858d29b5e2f15cd8574ca3a2c2fc746eb17b89b8,2304045de196e25f9bb5b47b3905634368e92f7f9acc93fa59ee727e21da6701,21,9.9999999999999995e-07,"[{""attempt"": 0, ""tolerance"": 2e-07, ""free_valid"": true, ""nll"": 41.988963395545916, ""score"": 3.241851231905457e-14}]",1,41.988963395545916,3.2418512319054571e-14,543860.42821387423
calibration,nominal,logshift,120,42,12,mc,64186.10330855754,5348.841942379795,53811.937602870858,5357.0730248927257,-1.9365361751615142,,,,True,False,,False,,,63973,63905,51315,12590,68,e2ba5d925e90053873a641719b7eea6b7f0c26ca9a807725c024efd2746e1aaa,4a8e9e86b7d1a2c52e63949a925040b22c3bca09fca6b105f54c237870d8833e,68b1c682ffe1ce2cd918f0aa76a8e8f95ed24fa62132b4749a29b21867e09b62,cd14350ed60c62aaeb3f4a0c9100d6b9af11b295933e7670441a0c0aaffaa2e5,406a61a91866b7c12fa280a9fc06f77f422cc8e408f2eb57c806b8e210c71cb3,117.2697073492393,2.9198499999999998,21,50.23390642212032,0.2728774442738286,observed_profile_hessian,45863d56f35258c983c123812a596de6103e0d1784f04e19e298964c71f1a8f3,2f89163fdde563ca58594d8ff20ab561051469e545595301d33251eadbb89686,21,1.0000000000000001e-05,"[{""attempt"": 0, ""tolerance"": 2e-07, ""free_valid"": true, ""nll"": 11.99249276745737, ""score"": 6.100675520315235e-14}]",1,11.992492767457369,6.1006755203152352e-14,576869.8169625958
calibration,nominal,pole,120,42,16,mc,85581.47107807672,5348.841942379795,38977.413191348314,5129.3184786501934,-9.0858187263490997,,,,True,False,,False,,,85723,85641,63859,21782,82,e2ba5d925e90053873a641719b7eea6b7f0c26ca9a807725c024efd2746e1aaa,a2d43a28c23558d1f4a1c4e6270828302ac8c1fdd8fd036daf3475bf87aabf5d,133935b7d3c02a42b257d66cd357aa2f4c2eb49132b8454d0bdf4126692dc91d,8da749bf4a57dc6ecf7f525907bdbb4ad3698a5a56a6722a3cb9f5f7688d2588,6070fb0c9d344168af48519d545e96dc4c6f2f1e40c880094ff44ed2d315d894,120,2.9198499999999998,21,50.23390642212032,0.2728774442738286,observed_profile_hessian,78501bde67c677bd1e9a4786184749891e6db01ffa1449799fa9343c70bb1486,91af109b416f588e87d45f3598170840370364c65030fbcd1c8890ee869ee31a,20,9.9999999999999995e-07,"[{""attempt"": 0, ""tolerance"": 2e-07, ""free_valid"": true, ""nll"": 69.90637456869862, ""score"": 2.760014439218139e-13}]",1,69.906374568698624,2.7600144392181392e-13,544036.82413384481
calibration,nominal,logshift,120,42,16,mc,85581.47107807672,5348.841942379795,71685.460601098428,5360.169548999198,-2.5924572627693889,,,,True,False,,False,,,85723,85641,68806,16835,82,e2ba5d925e90053873a641719b7eea6b7f0c26ca9a807725c024efd2746e1aaa,a2d43a28c23558d1f4a1c4e6270828302ac8c1fdd8fd036daf3475bf87aabf5d,133935b7d3c02a42b257d66cd357aa2f4c2eb49132b8454d0bdf4126692dc91d,cd14350ed60c62aaeb3f4a0c9100d6b9af11b295933e7670441a0c0aaffaa2e5,406a61a91866b7c12fa280a9fc06f77f422cc8e408f2eb57c806b8e210c71cb3,117.2697073492393,2.9198499999999998,21,50.23390642212032,0.2728774442738286,observed_profile_hessian,0f6648074549240b72643663acb7c518030913d4b1ae65e88f304aa19eb45c02,3b4b8057f03a5d432ea409ecf9059c7191d14b07f4a9dfec0e47948c14189a54,21,9.9999999999999995e-07,"[{""attempt"": 0, ""tolerance"": 2e-07, ""free_valid"": true, ""nll"": 13.145967981952746, ""score"": 8.359979375427429e-14}]",1,13.145967981952746,8.3599793754274287e-14,577000.56649148243
calibration,nominal,pole,120,42,20,mc,106976.83884759591,5348.841942379795,47546.141003167824,5132.1552275648228,-11.580066309223385,,,,True,False,,False,,,107120,107005,79767,27238,115,e2ba5d925e90053873a641719b7eea6b7f0c26ca9a807725c024efd2746e1aaa,4d3c7bfe4b5055ff68b11405c3b5c43ec04683fe9efc6c8c785f1e283ea7858b,782976afe969b7218417b2cc214bae11aa35cd833c5c9871dc2c7fc6b2dea2d4,8da749bf4a57dc6ecf7f525907bdbb4ad3698a5a56a6722a3cb9f5f7688d2588,6070fb0c9d344168af48519d545e96dc4c6f2f1e40c880094ff44ed2d315d894,120,2.9198499999999998,21,50.23390642212032,0.2728774442738286,observed_profile_hessian,ec7cb25f4a73ae1054104eb30c8bb3933413f527d9968c9a802fee72cd6a2078,270ab94bb3a113c0081bbd67006cd4104142772fdb6042b2d5134d80918161f2,21,9.9999999999999995e-07,"[{""attempt"": 0, ""tolerance"": 2e-07, ""free_valid"": true, ""nll"": 105.19132942187876, ""score"": 4.440892098500626e-15}]",1,105.19132942187876,4.4408920985006262e-15,544212.37857128191
calibration,nominal,logshift,120,42,20,mc,106976.83884759591,5348.841942379795,89263.428562169356,5363.1580092975955,-3.3027947814922665,,,,True,False,,False,,,107120,107005,85861,21144,115,e2ba5d925e90053873a641719b7eea6b7f0c26ca9a807725c024efd2746e1aaa,4d3c7bfe4b5055ff68b11405c3b5c43ec04683fe9efc6c8c785f1e283ea7858b,782976afe969b7218417b2cc214bae11aa35cd833c5c9871dc2c7fc6b2dea2d4,cd14350ed60c62aaeb3f4a0c9100d6b9af11b295933e7670441a0c0aaffaa2e5,406a61a91866b7c12fa280a9fc06f77f422cc8e408f2eb57c806b8e210c71cb3,117.2697073492393,2.9198499999999998,21,50.23390642212032,0.2728774442738286,observed_profile_hessian,2168b0fef319d57296d985beab21e7bceebb2cd3f7756df13cd527b227192082,00d53a2d50dd7b0344f189373e057c1620229c3728a7415eb000a21317316d01,21,9.9999999999999995e-07,"[{""attempt"": 0, ""tolerance"": 2e-07, ""free_valid"": true, ""nll"": 14.810862147797474, ""score"": 2.1538326677728037e-13}]",1,14.810862147797474,2.1538326677728037e-13,577135.55354940647
calibration,nominal,pole,120,42,24,mc,128372.20661711508,5348.841942379795,55380.505585308376,5134.9940016479395,-14.214564030334206,,,,True,False,,False,,,128185,128065,95615,32450,120,e2ba5d925e90053873a641719b7eea6b7f0c26ca9a807725c024efd2746e1aaa,ec2007260a5acf0324c0c2602db43f256a5848be08dca84cf507eec449e7b60c,84bb43f4903770f4053e26a8387612331a1c37c872a5b9fb4d98be4d5241de05,8da749bf4a57dc6ecf7f525907bdbb4ad3698a5a56a6722a3cb9f5f7688d2588,6070fb0c9d344168af48519d545e96dc4c6f2f1e40c880094ff44ed2d315d894,120,2.9198499999999998,21,50.23390642212032,0.2728774442738286,observed_profile_hessian,2991af0b9757e71a03324b751e5980a8616ce6fac1de848074b1b22d2ad07f07,cf8b70e5f074d3b47e8dc4283d2645d68df321e6597558748b29ff22660f28f4,21,9.9999999999999995e-07,"[{""attempt"": 0, ""tolerance"": 2e-07, ""free_valid"": true, ""nll"": 149.74099677101174, ""score"": 9.414691248821327e-14}]",1,149.74099677101174,9.4146912488213275e-14,544390.50947369251
calibration,nominal,logshift,120,42,24,mc,128372.20661711508,5348.841942379795,106673.09055661403,5366.2094975116634,-4.0436580179292356,,,,True,False,,False,,,128185,128065,103006,25059,120,e2ba5d925e90053873a641719b7eea6b7f0c26ca9a807725c024efd2746e1aaa,ec2007260a5acf0324c0c2602db43f256a5848be08dca84cf507eec449e7b60c,84bb43f4903770f4053e26a8387612331a1c37c872a5b9fb4d98be4d5241de05,cd14350ed60c62aaeb3f4a0c9100d6b9af11b295933e7670441a0c0aaffaa2e5,406a61a91866b7c12fa280a9fc06f77f422cc8e408f2eb57c806b8e210c71cb3,117.2697073492393,2.9198499999999998,21,50.23390642212032,0.2728774442738286,observed_profile_hessian,70b093f64d73ed22ca507ccf5e34b1bc6bdc7c6182f92543aa399fa99bd44501,4e81cd87d983f9e65b1c7007a31c2fae924fd01a4603862726c2fafd8536fd94,21,9.9999999999999995e-07,"[{""attempt"": 0, ""tolerance"": 2e-07, ""free_valid"": true, ""nll"": 17.622324684014867, ""score"": 5.24913446042774e-13}]",1,17.622324684014867,5.2491344604277401e-13,577265.91477473092
calibration,nominal,pole,120,43,0,mc,0,5348.841942379795,1760.3728918460736,5118.9041788655613,0.34389643375512507,,,,True,False,,False,,,0,0,0,0,0,5aaa104d2cd4d9b8b15a716bb34801e8621fb0478aee104fd8175965a00e823f,d3bb56f8ed6d718b0d014fd9eec6c619f30907068e2667d838febcc69349baac,5aaa104d2cd4d9b8b15a716bb34801e8621fb0478aee104fd8175965a00e823f,8da749bf4a57dc6ecf7f525907bdbb4ad3698a5a56a6722a3cb9f5f7688d2588,6070fb0c9d344168af48519d545e96dc4c6f2f1e40c880094ff44ed2d315d894,120,2.9198499999999998,21,50.23390642212032,0.2728774442738286,observed_profile_hessian,9fa259f3603e48db74cf12fe4160152cc970e0fd5b2cd34891dc41860fadbcf7,499fa9f0f9b4ba05d0df9fba3579c3e2df868c398038875efa3af1888aee3cf8,21,9.9999999999999995e-07,"[{""attempt"": 0, ""tolerance"": 2e-07, ""free_valid"": true, ""nll"": 8.694087091019531, ""score"": 3.0236618764334366e-11}]",1,8.6940870910195311,3.0236618764334366e-11,543616.49319023662
calibration,nominal,logshift,120,43,0,mc,0,5348.841942379795,1840.0160578997741,5349.0719199624518,0.34398790770281701,,,,True,False,,False,,,0,0,0,0,0,5aaa104d2cd4d9b8b15a716bb34801e8621fb0478aee104fd8175965a00e823f,d3bb56f8ed6d718b0d014fd9eec6c619f30907068e2667d838febcc69349baac,5aaa104d2cd4d9b8b15a716bb34801e8621fb0478aee104fd8175965a00e823f,cd14350ed60c62aaeb3f4a0c9100d6b9af11b295933e7670441a0c0aaffaa2e5,406a61a91866b7c12fa280a9fc06f77f422cc8e408f2eb57c806b8e210c71cb3,117.2697073492393,2.9198499999999998,21,50.23390642212032,0.2728774442738286,observed_profile_hessian,f7dcfdac16d898e36fe0ef8d4d1d5e7ff52a81cc71c6c8ed6e21f683586f80f0,1338ca724ad6119c9454faf634d369777f90585d5cc0325ecb5c187cc6549020,21,9.9999999999999995e-07,"[{""attempt"": 0, ""tolerance"": 2e-07, ""free_valid"": true, ""nll"": 7.465563565789223, ""score"": 4.3182124542795464e-13}]",1,7.465563565789223,4.3182124542795464e-13,576658.86147033819
calibration,nominal,pole,120,43,1,mc,5348.841942379795,5348.841942379795,3802.0457842857982,5119.6150405509979,-0.30213134109542794,,,,True,False,,False,,,5274,5269,3948,1321,5,5aaa104d2cd4d9b8b15a716bb34801e8621fb0478aee104fd8175965a00e823f,eeb9a1f7f0b6bbe6f6fe57a9803e63aa0b026f4af391dcbbc489f77e9e890e42,11360116ce52b2a5c7c21216004ab8e786aa5c6c6b4134e7113b2faf48963170,8da749bf4a57dc6ecf7f525907bdbb4ad3698a5a56a6722a3cb9f5f7688d2588,6070fb0c9d344168af48519d545e96dc4c6f2f1e40c880094ff44ed2d315d894,120,2.9198499999999998,21,50.23390642212032,0.2728774442738286,observed_profile_hessian,83bc245a875ba3ca5c4edb7f5f32710ed7117b390830cc2185b0e21e344667c3,3eddedb948572b06274f91e2416fd116b7417b204e3fa7873af02125739f6c6f,21,9.9999999999999995e-07,"[{""attempt"": 0, ""tolerance"": 2e-07, ""free_valid"": true, ""nll"": 9.390359173823422, ""score"": 4.3059628085373447e-10}]",1,9.3903591738234216,4.3059628085373447e-10,543659.40686396998
calibration,nominal,logshift,120,43,1,mc,5348.841942379795,5348.841942379795,6263.5269724659138,5349.8257338637632,0.17097473368081337,,,,True,False,,False,,,5274,5269,4257,1012,5,5aaa104d2cd4d9b8b15a716bb34801e8621fb0478aee104fd8175965a00e823f,eeb9a1f7f0b6bbe6f6fe57a9803e63aa0b026f4af391dcbbc489f77e9e890e42,11360116ce52b2a5c7c21216004ab8e786aa5c6c6b4134e7113b2faf48963170,cd14350ed60c62aaeb3f4a0c9100d6b9af11b295933e7670441a0c0aaffaa2e5,406a61a91866b7c12fa280a9fc06f77f422cc8e408f2eb57c806b8e210c71cb3,117.2697073492393,2.9198499999999998,21,50.23390642212032,0.2728774442738286,observed_profile_hessian,5ccec9ad279df919d75b87180d3ea33d1c06f41151346b40f32d0fe6bd3f21ed,5f4b115bd51cd164bc94886534009f5f2b6120d7ffa559aa250136473ae3d989,20,9.9999999999999995e-07,"[{""attempt"": 0, ""tolerance"": 2e-07, ""free_valid"": true, ""nll"": 7.6641478934269145, ""score"": 3.00928670871059e-10}]",1,7.6641478934269145,3.0092867087105901e-10,576689.72716789681
calibration,nominal,pole,120,43,2,mc,10697.68388475959,5348.841942379795,6030.9457283782613,5120.3325886509037,-0.91141309193958286,,,,True,False,,False,,,10571,10555,7840,2715,16,5aaa104d2cd4d9b8b15a716bb34801e8621fb0478aee104fd8175965a00e823f,bcb08ee5dc491e3d49c24180085c3680d0fa01bc4675176ff02a3703643889f0,9f4fb57ad1aca65388569b65952481fe3a46bd69366eb372c01220bda0f19e11,8da749bf4a57dc6ecf7f525907bdbb4ad3698a5a56a6722a3cb9f5f7688d2588,6070fb0c9d344168af48519d545e96dc4c6f2f1e40c880094ff44ed2d315d894,120,2.9198499999999998,21,50.23390642212032,0.2728774442738286,observed_profile_hessian,e184060277efcb987f0560910fbe32d9274031d8b883e52b3ad29853be434928,b7d2d4922831ee3287e1e541ac660bbbee19c22d092eee94b19d20ddfd313cb1,21,9.9999999999999995e-07,"[{""attempt"": 0, ""tolerance"": 2e-07, ""free_valid"": true, ""nll"": 10.337204221927939, ""score"": 2.1126292937267976e-09}]",1,10.337204221927939,2.1126292937267976e-09,543702.03190159064
calibration,nominal,logshift,120,43,2,mc,10697.68388475959,5348.841942379795,10488.115498089071,5350.5856360339621,-0.039167373615920258,,,,True,False,,False,,,10571,10555,8434,2121,16,5aaa104d2cd4d9b8b15a716bb34801e8621fb0478aee104fd8175965a00e823f,bcb08ee5dc491e3d49c24180085c3680d0fa01bc4675176ff02a3703643889f0,9f4fb57ad1aca65388569b65952481fe3a46bd69366eb372c01220bda0f19e11,cd14350ed60c62aaeb3f4a0c9100d6b9af11b295933e7670441a0c0aaffaa2e5,406a61a91866b7c12fa280a9fc06f77f422cc8e408f2eb57c806b8e210c71cb3,117.2697073492393,2.9198499999999998,21,50.23390642212032,0.2728774442738286,observed_profile_hessian,5dd498353cf2e4ce987f897c7b91678be03576229d3b45a5d80ac391076d7dd8,36ff7f12b50852f31a3ee9b58fdb55fba12fa69d229998eef2e93ccf70185e56,21,9.9999999999999995e-07,"[{""attempt"": 0, ""tolerance"": 2e-07, ""free_valid"": true, ""nll"": 7.791802453426946, ""score"": 2.9917024413350646e-09}]",1,7.7918024534269463,2.9917024413350646e-09,576726.6033119309
calibration,nominal,pole,120,43,3,mc,16046.525827139385,5348.841942379795,8283.8888537815583,5121.0828741217256,-1.5158194397877485,,,,True,False,,False,,,16322,16306,12248,4058,16,5aaa104d2cd4d9b8b15a716bb34801e8621fb0478aee104fd8175965a00e823f,fb8120f1acd7926367313a4c6b3e824c9c85f8ecc09219ebf7124881782c0502,7c7412f62f3506e88a85879f319aabd2d432a6e3bacd258aeb5508a75c554305,8da749bf4a57dc6ecf7f525907bdbb4ad3698a5a56a6722a3cb9f5f7688d2588,6070fb0c9d344168af48519d545e96dc4c6f2f1e40c880094ff44ed2d315d894,120,2.9198499999999998,21,50.23390642212032,0.2728774442738286,observed_profile_hessian,582c44abfb4b445ac03073ac40aa42738e7ae4483c574cdea74be5aa44c451fb,defc580d12dd5a04fc6a6ee35803546aa1402f5b531ea16049dee92c4006b35c,21,9.9999999999999995e-07,"[{""attempt"": 0, ""tolerance"": 2e-07, ""free_valid"": true, ""nll"": 12.220168175974365, ""score"": 7.494256548667977e-09}]",1,12.220168175974365,7.4942565486679769e-09,543748.47991885967
calibration,nominal,logshift,120,43,3,mc,16046.525827139385,5348.841942379795,15535.770899816147,5351.4265299699755,-0.095442761750127891,,,,True,False,,False,,,16322,16306,13118,3188,16,5aaa104d2cd4d9b8b15a716bb34801e8621fb0478aee104fd8175965a00e823f,fb8120f1acd7926367313a4c6b3e824c9c85f8ecc09219ebf7124881782c0502,7c7412f62f3506e88a85879f319aabd2d432a6e3bacd258aeb5508a75c554305,cd14350ed60c62aaeb3f4a0c9100d6b9af11b295933e7670441a0c0aaffaa2e5,406a61a91866b7c12fa280a9fc06f77f422cc8e408f2eb57c806b8e210c71cb3,117.2697073492393,2.9198499999999998,21,50.23390642212032,0.2728774442738286,observed_profile_hessian,bd61b9aff0a057fe79e67ca85c87b55f856853e4543732abf4e56e34b1916723,7a74011a950b73a43bcc75c0e7af356314b3ba7a2fe084e434323da9a11d68f5,21,9.9999999999999995e-07,"[{""attempt"": 0, ""tolerance"": 2e-07, ""free_valid"": true, ""nll"": 7.982322375654222, ""score"": 1.5896291449823963e-08}]",1,7.9823223756542223,1.5896291449823963e-08,576756.52508322359
calibration,nominal,pole,120,43,4,mc,21395.36776951918,5348.841942379795,9905.5668038495132,5121.7527548850167,-2.243333779575936,,,,True,False,,False,,,21396,21378,15867,5511,18,5aaa104d2cd4d9b8b15a716bb34801e8621fb0478aee104fd8175965a00e823f,c6d5be1d49d01227e9dfc1f28b72581cd1b5178c810b51d0faa90e5335380e58,d1b54650757fb41e04022beb8c2f410780f64c730c23234854ee05b496b92ce7,8da749bf4a57dc6ecf7f525907bdbb4ad3698a5a56a6722a3cb9f5f7688d2588,6070fb0c9d344168af48519d545e96dc4c6f2f1e40c880094ff44ed2d315d894,120,2.9198499999999998,21,50.23390642212032,0.2728774442738286,observed_profile_hessian,9d49cd93335cc550cb2e21ceeae77a8f3177b48755f8d5033c17e3c8cb28c9d1,6634593231e3641f7a4c5802366686ae06f47bdaab2d90303633eb86f1b2e0cb,21,9.9999999999999995e-07,"[{""attempt"": 0, ""tolerance"": 2e-07, ""free_valid"": true, ""nll"": 14.272693583113492, ""score"": 1.5260800845240396e-08}]",1,14.272693583113492,1.5260800845240396e-08,543795.25373701192
calibration,nominal,logshift,120,43,4,mc,21395.36776951918,5348.841942379795,19168.637453884701,5352.1245624178782,-0.41604605604106681,,,,True,False,,False,,,21396,21378,17082,4296,18,5aaa104d2cd4d9b8b15a716bb34801e8621fb0478aee104fd8175965a00e823f,c6d5be1d49d01227e9dfc1f28b72581cd1b5178c810b51d0faa90e5335380e58,d1b54650757fb41e04022beb8c2f410780f64c730c23234854ee05b496b92ce7,cd14350ed60c62aaeb3f4a0c9100d6b9af11b295933e7670441a0c0aaffaa2e5,406a61a91866b7c12fa280a9fc06f77f422cc8e408f2eb57c806b8e210c71cb3,117.2697073492393,2.9198499999999998,21,50.23390642212032,0.2728774442738286,observed_profile_hessian,1b0b44a0a7f5e603aeb5abc6aad7b5df2c29d35b72730c97df741147e9ecfe09,70ff6070a5f3580ec00c91c3086ea3d561900207de4b3db710d9320a757daefe,21,9.9999999999999995e-07,"[{""attempt"": 0, ""tolerance"": 2e-07, ""free_valid"": true, ""nll"": 8.37058282852238, ""score"": 3.97756478309752e-08}]",1,8.3705828285223802,3.9775647830975203e-08,576795.69855462387
calibration,nominal,pole,120,43,5,mc,26744.209711898977,5348.841942379795,12272.752343281776,5122.4563886725318,-2.825101137145539,,,,True,False,,False,,,26562,26539,19746,6793,23,5aaa104d2cd4d9b8b15a716bb34801e8621fb0478aee104fd8175965a00e823f,3ab582e236711b5f4782c42770be7697db9dc38babaacb6d1e11821f0e7ac2f1,e5700a6a82811d12df6eb3039a0442cdd33ddc19ef7020e306ff1460b0d4412d,8da749bf4a57dc6ecf7f525907bdbb4ad3698a5a56a6722a3cb9f5f7688d2588,6070fb0c9d344168af48519d545e96dc4c6f2f1e40c880094ff44ed2d315d894,120,2.9198499999999998,21,50.23390642212032,0.2728774442738286,observed_profile_hessian,5ad72d4332e9b742b247ccb4981d8d00fd856e4135eef745bfaed764cdf44194,056062fc4021ef8eaf2153a358dfa8d776a5e838bf7aac7e63cfde4469b52952,21,9.9999999999999995e-07,"[{""attempt"": 0, ""tolerance"": 2e-07, ""free_valid"": true, ""nll"": 16.559560738329523, ""score"": 3.235623302622059e-08}]",1,16.559560738329523,3.2356233026220593e-08,543830.09500975185
calibration,nominal,logshift,120,43,5,mc,26744.209711898977,5348.841942379795,23656.854396224331,5352.881004059017,-0.57676516876305417,,,,True,False,,False,,,26562,26539,21337,5202,23,5aaa104d2cd4d9b8b15a716bb34801e8621fb0478aee104fd8175965a00e823f,3ab582e236711b5f4782c42770be7697db9dc38babaacb6d1e11821f0e7ac2f1,e5700a6a82811d12df6eb3039a0442cdd33ddc19ef7020e306ff1460b0d4412d,cd14350ed60c62aaeb3f4a0c9100d6b9af11b295933e7670441a0c0aaffaa2e5,406a61a91866b7c12fa280a9fc06f77f422cc8e408f2eb57c806b8e210c71cb3,117.2697073492393,2.9198499999999998,21,50.23390642212032,0.2728774442738286,observed_profile_hessian,d9f9f5978cfd586725b38dccd5461dbc62e0852328d4288ef117304112401da3,692d0b9eb01fa8828740b5155535a74d9abe6d7883f7d21fc144c241387d12a1,21,9.9999999999999995e-07,"[{""attempt"": 0, ""tolerance"": 2e-07, ""free_valid"": true, ""nll"": 8.295174098900034, ""score"": 9.534228551100199e-08}]",1,8.2951740989000342,9.534228551100199e-08,576823.7192619855
calibration,nominal,pole,120,43,6,mc,32093.05165427877,5348.841942379795,14348.728212475155,5123.1482577060278,-3.4635584506291299,,,,True,False,,False,,,31819,31791,23670,8121,28,5aaa104d2cd4d9b8b15a716bb34801e8621fb0478aee104fd8175965a00e823f,5a965b9c70554cfddb66ad4d7f60ac3285f4dbf29cbfb295ec9f5a7c0565d6a0,df0bcc477151dade691069e63a2bc82cf67a21d10e93a3fd8e4f3457bf02a623,8da749bf4a57dc6ecf7f525907bdbb4ad3698a5a56a6722a3cb9f5f7688d2588,6070fb0c9d344168af48519d545e96dc4c6f2f1e40c880094ff44ed2d315d894,120,2.9198499999999998,21,50.23390642212032,0.2728774442738286,observed_profile_hessian,c4387d466b3e32b007a3318da7a12914c50547f5b7de33225032db12ded73c28,ba41d5dcafa47ebae31113e783afc3dc929fdb00adc22acf9fd8c60fdcb8286b,21,9.9999999999999995e-07,"[{""attempt"": 0, ""tolerance"": 2e-07, ""free_valid"": true, ""nll"": 19.895572661549842, ""score"": 6.048414047388206e-08}]",1,19.895572661549842,6.0484140473882064e-08,543872.71334677399
calibration,nominal,logshift,120,43,6,mc,32093.05165427877,5348.841942379795,28003.975260082323,5353.6188522585317,-0.76379669659736571,,,,True,False,,False,,,31819,31791,25480,6311,28,5aaa104d2cd4d9b8b15a716bb34801e8621fb0478aee104fd8175965a00e823f,5a965b9c70554cfddb66ad4d7f60ac3285f4dbf29cbfb295ec9f5a7c0565d6a0,df0bcc477151dade691069e63a2bc82cf67a21d10e93a3fd8e4f3457bf02a623,cd14350ed60c62aaeb3f4a0c9100d6b9af11b295933e7670441a0c0aaffaa2e5,406a61a91866b7c12fa280a9fc06f77f422cc8e408f2eb57c806b8e210c71cb3,117.2697073492393,2.9198499999999998,21,50.23390642212032,0.2728774442738286,observed_profile_hessian,1146d3ee01f6b347480cf259265603592598d213fb2b40c749d76a9b9878068d,d6e1b5bf93f77bc3732ffb89b2d224c94d4cc0034c4d3aecc902bc8f006e9f57,21,9.9999999999999995e-07,"[{""attempt"": 0, ""tolerance"": 2e-07, ""free_valid"": true, ""nll"": 8.823661679829934, ""score"": 1.8950040681087188e-07}]",1,8.8236616798299341,1.8950040681087188e-07,576854.89288823539
calibration,nominal,pole,120,43,8,mc,42790.73553903836,5348.841942379795,18453.121590988892,5124.6462260320186,-4.7491305496211647,,,,True,False,,False,,,43085,43054,32113,10941,31,5aaa104d2cd4d9b8b15a716bb34801e8621fb0478aee104fd8175965a00e823f,3fa3f07cca6321a9c6cb52bed0b8741d18c6757961a35c8f1c13193fb5530381,a92bf335ca4414d0044ef66bfcd255896f783a09374d1fc683689247c3457412,8da749bf4a57dc6ecf7f525907bdbb4ad3698a5a56a6722a3cb9f5f7688d2588,6070fb0c9d344168af48519d545e96dc4c6f2f1e40c880094ff44ed2d315d894,120,2.9198499999999998,21,50.23390642212032,0.2728774442738286,observed_profile_hessian,5b66ab2f95fa795e0097f86f45fa2628a397c8cc31e5167647922a618afa95b6,dea7152f9b17892aa3623beb3d87d0e144c4db9b0d4d543907f29ab427bcce3a,20,9.9999999999999995e-07,"[{""attempt"": 0, ""tolerance"": 2e-07, ""free_valid"": true, ""nll"": 29.099628353107377, ""score"": 1.6891774179406127e-07}]",1,29.099628353107377,1.6891774179406127e-07,543969.04275241448
calibration,nominal,logshift,120,43,8,mc,42790.73553903836,5348.841942379795,37726.76924232702,5355.2460332823948,-0.94560852391080141,,,,True,False,,False,,,43085,43054,34509,8545,31,5aaa104d2cd4d9b8b15a716bb34801e8621fb0478aee104fd8175965a00e823f,3fa3f07cca6321a9c6cb52bed0b8741d18c6757961a35c8f1c13193fb5530381,a92bf335ca4414d0044ef66bfcd255896f783a09374d1fc683689247c3457412,cd14350ed60c62aaeb3f4a0c9100d6b9af11b295933e7670441a0c0aaffaa2e5,406a61a91866b7c12fa280a9fc06f77f422cc8e408f2eb57c806b8e210c71cb3,117.2697073492393,2.9198499999999998,21,50.23390642212032,0.2728774442738286,observed_profile_hessian,f717f1102682f98cf7cfa44ead808c37c80da54a4135d46e4a110e932cd88c70,10d1772821921e6dad1b401847b25e6e4803df32997a55b44279ad12a87052c4,21,9.9999999999999995e-07,"[{""attempt"": 0, ""tolerance"": 2e-07, ""free_valid"": true, ""nll"": 9.419326126001756, ""score"": 1.028066520802895e-13}]",1,9.4193261260017564,1.028066520802895e-13,576915.38126688532
calibration,nominal,pole,120,43,10,mc,53488.419423797954,5348.841942379795,22110.466735286955,5126.0545344029479,-6.1212678245854271,,,,True,False,,False,,,53596,53553,39827,13726,43,5aaa104d2cd4d9b8b15a716bb34801e8621fb0478aee104fd8175965a00e823f,e8db340dd8938577446bf917890bd9854e0d7ffbcff83eaf2178d4c5c3081d58,bc2692bb6874869b3fcc7a27c19c6c4755c85c5452b41e540f7c29b37a613943,8da749bf4a57dc6ecf7f525907bdbb4ad3698a5a56a6722a3cb9f5f7688d2588,6070fb0c9d344168af48519d545e96dc4c6f2f1e40c880094ff44ed2d315d894,120,2.9198499999999998,21,50.23390642212032,0.2728774442738286,observed_profile_hessian,436c070753ad501e4965b1267ff7fb3b1dc48f0e51be2a65b8a5cdf869d36ba4,05bdbbb70d05972061a50523954cfad539c87b1294ec9d943cb1ae6dba96c417,21,9.9999999999999995e-07,"[{""attempt"": 0, ""tolerance"": 2e-07, ""free_valid"": true, ""nll"": 38.08357773657959, ""score"": 2.362554596402333e-13}]",1,38.083577736579592,2.3625545964023331e-13,544065.27165975585
calibration,nominal,logshift,120,43,10,mc,53488.419423797954,5348.841942379795,45728.221534965814,5356.7426012308952,-1.4486785097811061,,,,True,False,,False,,,53596,53553,43034,10519,43,5aaa104d2cd4d9b8b15a716bb34801e8621fb0478aee104fd8175965a00e823f,e8db340dd8938577446bf917890bd9854e0d7ffbcff83eaf2178d4c5c3081d58,bc2692bb6874869b3fcc7a27c19c6c4755c85c5452b41e540f7c29b37a613943,cd14350ed60c62aaeb3f4a0c9100d6b9af11b295933e7670441a0c0aaffaa2e5,406a61a91866b7c12fa280a9fc06f77f422cc8e408f2eb57c806b8e210c71cb3,117.2697073492393,2.9198499999999998,21,50.23390642212032,0.2728774442738286,observed_profile_hessian,62cf971b2df2d3afd2b21c17d555279999c334aaa3ca98a4a17aebf150551f13,778d0c71678760754672129ad91a51bfb27401aa9f9bf84e1fc61f0d428a6aef,21,9.9999999999999995e-07,"[{""attempt"": 0, ""tolerance"": 2e-07, ""free_valid"": true, ""nll"": 9.939100390338696, ""score"": 4.0580603113959945e-14}]",1,9.9391003903386963,4.0580603113959945e-14,576994.62141718389
calibration,nominal,pole,120,43,12,mc,64186.10330855754,5348.841942379795,26553.518914548149,5127.5059549757216,-7.3393545954814163,,,,True,False,,False,,,64103,64041,47706,16335,62,5aaa104d2cd4d9b8b15a716bb34801e8621fb0478aee104fd8175965a00e823f,86a22789d898fe32cd7b9e277566c84e8cf87aaa4e6ad2e3e43c278cc7d2b18a,79fc6498667a91b0b6393df70687580f44f34c3acfefbb794ffa64498a4d457a,8da749bf4a57dc6ecf7f525907bdbb4ad3698a5a56a6722a3cb9f5f7688d2588,6070fb0c9d344168af48519d545e96dc4c6f2f1e40c880094ff44ed2d315d894,120,2.9198499999999998,21,50.23390642212032,0.2728774442738286,observed_profile_hessian,356c98a4b5265eea89a7618c4e3a53645e887aa32f1fc5ba9481e2ef264e772b,a9da9d357721dbfaaeccd70c8e5933c2b31bb2f74bb84cdf96870b2b45cb777f,21,9.9999999999999995e-07,"[{""attempt"": 0, ""tolerance"": 2e-07, ""free_valid"": true, ""nll"": 49.802399383972045, ""score"": 2.653433028854124e-13}]",1,49.802399383972045,2.6534330288541241e-13,544142.86115362123
calibration,nominal,logshift,120,43,12,mc,64186.10330855754,5348.841942379795,54507.878950025224,5358.2574856133506,-1.8062260696724368,,,,True,False,,False,,,64103,64041,51602,12439,62,5aaa104d2cd4d9b8b15a716bb34801e8621fb0478aee104fd8175965a00e823f,86a22789d898fe32cd7b9e277566c84e8cf87aaa4e6ad2e3e43c278cc7d2b18a,79fc6498667a91b0b6393df70687580f44f34c3acfefbb794ffa64498a4d457a,cd14350ed60c62aaeb3f4a0c9100d6b9af11b295933e7670441a0c0aaffaa2e5,406a61a91866b7c12fa280a9fc06f77f422cc8e408f2eb57c806b8e210c71cb3,117.2697073492393,2.9198499999999998,21,50.23390642212032,0.2728774442738286,observed_profile_hessian,564c45ba2c971bbe4f9d3c2f7133b18ed90bd3d4230b7a133751518cafadce13,d1be524862d57c9d74dcded3cbb27bfb398f7e95f406a3776bca30d4f7540165,21,9.9999999999999995e-07,"[{""attempt"": 0, ""tolerance"": 2e-07, ""free_valid"": true, ""nll"": 10.501636953674396, ""score"": 1.3655743202889425e-13}]",1,10.501636953674396,1.3655743202889425e-13,577057.26387542556
calibration,nominal,pole,120,43,16,mc,85581.47107807672,5348.841942379795,34399.224545460689,5130.2061903129643,-9.9766451159916638,,,,True,False,,False,,,84713,84636,63163,21473,77,5aaa104d2cd4d9b8b15a716bb34801e8621fb0478aee104fd8175965a00e823f,726a5824ea88eb128ce0534a7db560dd7442fe65141ddbe3e08e504c1fd2dd6f,f7b5fe3f916852733b432f05e693bf29b282fc10e3b276ebfa96f8d0eccd904a,8da749bf4a57dc6ecf7f525907bdbb4ad3698a5a56a6722a3cb9f5f7688d2588,6070fb0c9d344168af48519d545e96dc4c6f2f1e40c880094ff44ed2d315d894,120,2.9198499999999998,21,50.23390642212032,0.2728774442738286,observed_profile_hessian,33547970e279fed8ef955f19b07ee916b1bfab0b65b7af6bf719975bbf72e2b4,e46dcde95a281f2e45ba7905c5a57088cea6ff2a05f89e8244ab81c893c91fbb,21,9.9999999999999995e-07,"[{""attempt"": 0, ""tolerance"": 2e-07, ""free_valid"": true, ""nll"": 81.07018067181305, ""score"": 5.81756864903582e-14}]",1,81.070180671813048,5.8175686490358203e-14,544316.98623436992
calibration,nominal,logshift,120,43,16,mc,85581.47107807672,5348.841942379795,71756.139685490693,5361.1875473894888,-2.5787815237536251,,,,True,False,,False,,,84713,84636,67931,16705,77,5aaa104d2cd4d9b8b15a716bb34801e8621fb0478aee104fd8175965a00e823f,726a5824ea88eb128ce0534a7db560dd7442fe65141ddbe3e08e504c1fd2dd6f,f7b5fe3f916852733b432f05e693bf29b282fc10e3b276ebfa96f8d0eccd904a,cd14350ed60c62aaeb3f4a0c9100d6b9af11b295933e7670441a0c0aaffaa2e5,406a61a91866b7c12fa280a9fc06f77f422cc8e408f2eb57c806b8e210c71cb3,117.2697073492393,2.9198499999999998,21,50.23390642212032,0.2728774442738286,observed_profile_hessian,839058c01f2ff526d3494b9363fe2f874f6516839d3fa22414da38890ae5caf2,b6d0e85838e675b9370f4b6cdfd650f636c55ad4f84005b05e968aea0b9abff9,21,9.9999999999999995e-07,"[{""attempt"": 0, ""tolerance"": 2e-07, ""free_valid"": true, ""nll"": 13.429112606407339, ""score"": 1.8429702208777599e-13}]",1,13.429112606407339,1.8429702208777599e-13,577179.18917378585
calibration,nominal,pole,120,43,20,mc,106976.83884759591,5348.841942379795,43063.478185813161,5133.1278553729135,-12.451153071296243,,,,True,False,,False,,,106714,106611,79481,27130,103,5aaa104d2cd4d9b8b15a716bb34801e8621fb0478aee104fd8175965a00e823f,438f1e8f371b3f47a8b5eb56656fa1833a3f339398239e29337a97b84145b1a0,dc51c77445287734ff326302c69e7f2bffc7221d7e5376da9522773fcf712705,8da749bf4a57dc6ecf7f525907bdbb4ad3698a5a56a6722a3cb9f5f7688d2588,6070fb0c9d344168af48519d545e96dc4c6f2f1e40c880094ff44ed2d315d894,120,2.9198499999999998,21,50.23390642212032,0.2728774442738286,observed_profile_hessian,46c0f7025d567a08b81729c68a7067497c35e0e992493c59b3f2b0d5f2bf57ca,f3de91ed01ac593b8697ad2589cc123803d3e7782fdc0702af20d28885c7a795,21,9.9999999999999995e-07,"[{""attempt"": 0, ""tolerance"": 2e-07, ""free_valid"": true, ""nll"": 117.36544713182525, ""score"": 6.661338147750939e-14}]",1,117.36544713182525,6.6613381477509392e-14,544495.35430836282
calibration,nominal,logshift,120,43,20,mc,106976.83884759591,5348.841942379795,89140.441801628695,5364.3663005208118,-3.3249774617806254,,,,True,False,,False,,,106714,106611,85683,20928,103,5aaa104d2cd4d9b8b15a716bb34801e8621fb0478aee104fd8175965a00e823f,438f1e8f371b3f47a8b5eb56656fa1833a3f339398239e29337a97b84145b1a0,dc51c77445287734ff326302c69e7f2bffc7221d7e5376da9522773fcf712705,cd14350ed60c62aaeb3f4a0c9100d6b9af11b295933e7670441a0c0aaffaa2e5,406a61a91866b7c12fa280a9fc06f77f422cc8e408f2eb57c806b8e210c71cb3,117.2697073492393,2.9198499999999998,21,50.23390642212032,0.2728774442738286,observed_profile_hessian,dfa8818d92e98d72ff3110e37a15a91e80231d598f5c4fe8d147fe23916c8534,0ae321c3d717fac939dbef1ebc87dd1383121a5b2d59b3d9240aadef306f6983,21,9.9999999999999995e-07,"[{""attempt"": 0, ""tolerance"": 2e-07, ""free_valid"": true, ""nll"": 14.736899315780983, ""score"": 7.821521208484228e-14}]",1,14.736899315780983,7.8215212084842278e-14,577330.32835472457
calibration,nominal,pole,120,43,24,mc,128372.20661711508,5348.841942379795,51110.3422461433,5135.9654195949333,-15.043299177248999,,,,True,False,,False,,,128379,128264,95495,32769,115,5aaa104d2cd4d9b8b15a716bb34801e8621fb0478aee104fd8175965a00e823f,a6660205699666600f461be150a63c322a02e9a2630ca4ad2361b4ca2ddcc9b3,67a96889f4f34b4ad8bbded80b0539acf9b6f90dbcd0ad6deb3087358e439a36,8da749bf4a57dc6ecf7f525907bdbb4ad3698a5a56a6722a3cb9f5f7688d2588,6070fb0c9d344168af48519d545e96dc4c6f2f1e40c880094ff44ed2d315d894,120,2.9198499999999998,21,50.23390642212032,0.2728774442738286,observed_profile_hessian,513514971bcba2b2b046b844a25cf6d0667ae23d7f04c8ef546e994e6121d9b2,e7f1d8efb82e795314a4a588478a5c76a3b5bc16b0085f31cdcd3e5db3da5b8d,21,9.9999999999999995e-07,"[{""attempt"": 0, ""tolerance"": 2e-07, ""free_valid"": true, ""nll"": 170.36295734846192, ""score"": 5.81756864903582e-14}]",1,170.36295734846192,5.8175686490358203e-14,544672.24604357663
calibration,nominal,logshift,120,43,24,mc,128372.20661711508,5348.841942379795,107614.28205654639,5367.3304273454023,-3.8674579181507989,,,,True,False,,False,,,128379,128264,102823,25441,115,5aaa104d2cd4d9b8b15a716bb34801e8621fb0478aee104fd8175965a00e823f,a6660205699666600f461be150a63c322a02e9a2630ca4ad2361b4ca2ddcc9b3,67a96889f4f34b4ad8bbded80b0539acf9b6f90dbcd0ad6deb3087358e439a36,cd14350ed60c62aaeb3f4a0c9100d6b9af11b295933e7670441a0c0aaffaa2e5,406a61a91866b7c12fa280a9fc06f77f422cc8e408f2eb57c806b8e210c71cb3,117.2697073492393,2.9198499999999998,21,50.23390642212032,0.2728774442738286,observed_profile_hessian,a05acc417843db15072a30b11fd5ccbe4dded19ff741a139c29a42b1c5b0174d,514c7bd982886ea14fd036e9a5a11c76cf1422b1bf7cb4ebcb96fe074a13cc88,21,9.9999999999999995e-07,"[{""attempt"": 0, ""tolerance"": 2e-07, ""free_valid"": true, ""nll"": 19.9183156067059, ""score"": 4.634070904785403e-13}]",1,19.9183156067059,4.6340709047854034e-13,577440.86460213421
calibration,nominal,pole,120,44,0,mc,0,5348.841942379795,3178.2119455871793,5119.9385073745098,0.62075197602655541,,,,True,False,,False,,,0,0,0,0,0,0a2a67f23a63b023c6bb1e8b5ccdb716aa732c130c335d0dc1ebb37fe88fb8cc,d3bb56f8ed6d718b0d014fd9eec6c619f30907068e2667d838febcc69349baac,0a2a67f23a63b023c6bb1e8b5ccdb716aa732c130c335d0dc1ebb37fe88fb8cc,8da749bf4a57dc6ecf7f525907bdbb4ad3698a5a56a6722a3cb9f5f7688d2588,6070fb0c9d344168af48519d545e96dc4c6f2f1e40c880094ff44ed2d315d894,120,2.9198499999999998,21,50.23390642212032,0.2728774442738286,observed_profile_hessian,407f59a657f0167fcc5225716a5fec418b16a95fd5349dcf580c840f9a7f94d9,243c145fb160fd4c71dde225359e27f9b4c9e3505a0c0ce9644634e61132d4be,21,9.9999999999999995e-07,"[{""attempt"": 0, ""tolerance"": 2e-07, ""free_valid"": true, ""nll"": 13.565958892973976, ""score"": 7.363065712695516e-11}]",1,13.565958892973976,7.3630657126955157e-11,543495.87004105095
calibration,nominal,logshift,120,44,0,mc,0,5348.841942379795,7343.0000879445879,5350.7221328573169,1.3723381453230843,,,,True,False,,False,,,0,0,0,0,0,0a2a67f23a63b023c6bb1e8b5ccdb716aa732c130c335d0dc1ebb37fe88fb8cc,d3bb56f8ed6d718b0d014fd9eec6c619f30907068e2667d838febcc69349baac,0a2a67f23a63b023c6bb1e8b5ccdb716aa732c130c335d0dc1ebb37fe88fb8cc,cd14350ed60c62aaeb3f4a0c9100d6b9af11b295933e7670441a0c0aaffaa2e5,406a61a91866b7c12fa280a9fc06f77f422cc8e408f2eb57c806b8e210c71cb3,117.2697073492393,2.9198499999999998,21,50.23390642212032,0.2728774442738286,observed_profile_hessian,32bc9d86c115fb68ca756cdf576d1d123fa6a38824de105d542c53c451e267c0,ef29944a690bd448fd90b386e1037d58d089662e045ea4dc6074d26cdaf368ff,21,9.9999999999999995e-07,"[{""attempt"": 0, ""tolerance"": 2e-07, ""free_valid"": true, ""nll"": 15.7156672835052, ""score"": 2.559519263201082e-10}]",1,15.7156672835052,2.5595192632010821e-10,576554.46625107503
calibration,nominal,pole,120,44,1,mc,5348.841942379795,5348.841942379795,5232.6695311291933,5120.6600465855627,-0.022686999369947447,,,,True,False,,False,,,5386,5382,4027,1355,4,0a2a67f23a63b023c6bb1e8b5ccdb716aa732c130c335d0dc1ebb37fe88fb8cc,3ba304ba91d22fab5be240df83af21d7ae6d460822346880046da48f81038c65,bc10534fc1455b8c8f295768c5946a3ef8223c327403e28cf93961bedf961af1,8da749bf4a57dc6ecf7f525907bdbb4ad3698a5a56a6722a3cb9f5f7688d2588,6070fb0c9d344168af48519d545e96dc4c6f2f1e40c880094ff44ed2d315d894,120,2.9198499999999998,21,50.23390642212032,0.2728774442738286,observed_profile_hessian,244670a40293dc8727bad1d9b19e25a02ad80011edc1458c1c166ab5d7049f20,778335ebf06dae537617321afb85161cdb6b08dd53bdf4573bdf1349147e4c35,21,9.9999999999999995e-07,"[{""attempt"": 0, ""tolerance"": 2e-07, ""free_valid"": true, ""nll"": 14.685738955077868, ""score"": 6.99646202084736e-10}]",1,14.685738955077868,6.9964620208473605e-10,543540.89529494476
calibration,nominal,logshift,120,44,1,mc,5348.841942379795,5348.841942379795,11728.467641084619,5351.4995933199489,1.1921192532030165,,,,True,False,,False,,,5386,5382,4339,1043,4,0a2a67f23a63b023c6bb1e8b5ccdb716aa732c130c335d0dc1ebb37fe88fb8cc,3ba304ba91d22fab5be240df83af21d7ae6d460822346880046da48f81038c65,bc10534fc1455b8c8f295768c5946a3ef8223c327403e28cf93961bedf961af1,cd14350ed60c62aaeb3f4a0c9100d6b9af11b295933e7670441a0c0aaffaa2e5,406a61a91866b7c12fa280a9fc06f77f422cc8e408f2eb57c806b8e210c71cb3,117.2697073492393,2.9198499999999998,21,50.23390642212032,0.2728774442738286,observed_profile_hessian,2b12865da293bccd7ec8caa7e8f00b28ba73c1197c61a10293ecc6449aa5b564,deaa298f3a122246ef7ca35168202c627d5d7fa0cb7d39965bf8e6498dc26df6,21,9.9999999999999995e-07,"[{""attempt"": 0, ""tolerance"": 2e-07, ""free_valid"": true, ""nll"": 15.646350401148496, ""score"": 2.9259573652851145e-09}]",1,15.646350401148496,2.9259573652851145e-09,576589.12456404534
calibration,nominal,pole,120,44,2,mc,10697.68388475959,5348.841942379795,7121.5037042998983,5121.3625586528569,-0.69828686008912122,,,,True,False,,False,,,10712,10698,7943,2755,14,0a2a67f23a63b023c6bb1e8b5ccdb716aa732c130c335d0dc1ebb37fe88fb8cc,01f36c647e1347a21923538a7a4690d94b54a19d6c8dc7adde09c9a590728b2e,cd4a6770343da82ca18217e9495c9473a3dc9f88f2ec5a8924ae2765b5119abe,8da749bf4a57dc6ecf7f525907bdbb4ad3698a5a56a6722a3cb9f5f7688d2588,6070fb0c9d344168af48519d545e96dc4c6f2f1e40c880094ff44ed2d315d894,120,2.9198499999999998,21,50.23390642212032,0.2728774442738286,observed_profile_hessian,79afe27b24e7d9bea3e426b081299714bcee84603c4c06e4ad51331a3b3496b6,d2dc9e95d47acb1526e2fa11cf6c6a77f122dce7a0630d3dbffe9eec35051285,21,9.9999999999999995e-07,"[{""attempt"": 0, ""tolerance"": 2e-07, ""free_valid"": true, ""nll"": 16.650616220147803, ""score"": 2.7689375237116565e-09}]",1,16.650616220147803,2.7689375237116565e-09,543584.62128609698
calibration,nominal,logshift,120,44,2,mc,10697.68388475959,5348.841942379795,16157.542978456451,5352.2534854877194,1.0201047294379662,,,,True,False,,False,,,10712,10698,8607,2091,14,0a2a67f23a63b023c6bb1e8b5ccdb716aa732c130c335d0dc1ebb37fe88fb8cc,01f36c647e1347a21923538a7a4690d94b54a19d6c8dc7adde09c9a590728b2e,cd4a6770343da82ca18217e9495c9473a3dc9f88f2ec5a8924ae2765b5119abe,cd14350ed60c62aaeb3f4a0c9100d6b9af11b295933e7670441a0c0aaffaa2e5,406a61a91866b7c12fa280a9fc06f77f422cc8e408f2eb57c806b8e210c71cb3,117.2697073492393,2.9198499999999998,21,50.23390642212032,0.2728774442738286,observed_profile_hessian,19afd074337c4651e89fffb189c668a9a6588548460021f9c94c6221cb6bc90f,409e38467d164646cfa85b1934ecb9617cdf47e44f95d2a9fdeb6829e3d7b57e,21,9.9999999999999995e-07,"[{""attempt"": 0, ""tolerance"": 2e-07, ""free_valid"": true, ""nll"": 15.880521677560555, ""score"": 1.3435296097874527e-08}]",1,15.880521677560555,1.3435296097874527e-08,576617.92625990242
calibration,nominal,pole,120,44,3,mc,16046.525827139385,5348.841942379795,9439.92787375226,5122.0991515112573,-1.2898223478235229,,,,True,False,,False,,,16035,16017,11977,4040,18,0a2a67f23a63b023c6bb1e8b5ccdb716aa732c130c335d0dc1ebb37fe88fb8cc,74afb435171fd70dfd3c61d77fe99785b3f425e838185622ea6198f611c71383,bf63becc7e2f1f876b1a18ea09df72e4c72351e76b065fdda19d7ddc5403d565,8da749bf4a57dc6ecf7f525907bdbb4ad3698a5a56a6722a3cb9f5f7688d2588,6070fb0c9d344168af48519d545e96dc4c6f2f1e40c880094ff44ed2d315d894,120,2.9198499999999998,21,50.23390642212032,0.2728774442738286,observed_profile_hessian,2694c3233d5dbb5dce1460256f1f547b8f3744fb2b6ab82ee81a5d595b1dd9cf,c1f5fdf64ee0788397873fd91747b8a74228768670a0a612ab70ddc52f2c92eb,21,9.9999999999999995e-07,"[{""attempt"": 0, ""tolerance"": 2e-07, ""free_valid"": true, ""nll"": 18.986608793352378, ""score"": 8.645711535582024e-09}]",1,18.986608793352378,8.6457115355820235e-09,543629.39646132209
calibration,nominal,logshift,120,44,3,mc,16046.525827139385,5348.841942379795,20636.555155780985,5352.9977393154822,0.85746894584501587,,,,True,False,,False,,,16035,16017,12889,3128,18,0a2a67f23a63b023c6bb1e8b5ccdb716aa732c130c335d0dc1ebb37fe88fb8cc,74afb435171fd70dfd3c61d77fe99785b3f425e838185622ea6198f611c71383,bf63becc7e2f1f876b1a18ea09df72e4c72351e76b065fdda19d7ddc5403d565,cd14350ed60c62aaeb3f4a0c9100d6b9af11b295933e7670441a0c0aaffaa2e5,406a61a91866b7c12fa280a9fc06f77f422cc8e408f2eb57c806b8e210c71cb3,117.2697073492393,2.9198499999999998,21,50.23390642212032,0.2728774442738286,observed_profile_hessian,8e6e5f661d1ccd7bae617edc5aebbd9e5ce706b48729314d7f2a3370d5498c7e,8fa5807aaef3d5fabdac07d92a33114fc6ee64a6fc209f1e444c9d3725bf4635,21,1.0000000000000001e-05,"[{""attempt"": 0, ""tolerance"": 2e-07, ""free_valid"": true, ""nll"": 16.045591648081796, ""score"": 4.043486134808205e-08}]",1,16.045591648081796,4.0434861348082052e-08,576654.01592889952
calibration,nominal,pole,120,44,4,mc,21395.36776951918,5348.841942379795,11443.073378248664,5122.8108894333582,-1.9427409299450744,,,,True,False,,False,,,21564,21543,16124,5419,21,0a2a67f23a63b023c6bb1e8b5ccdb716aa732c130c335d0dc1ebb37fe88fb8cc,91a233286b532746fcea1492c7c0bd02222772d0788425b7948d7ec02c8fe58f,4f1880ff3e834d4168ef9a8ad1e5f816d5108f4e6348308eb358ae06efe30bc9,8da749bf4a57dc6ecf7f525907bdbb4ad3698a5a56a6722a3cb9f5f7688d2588,6070fb0c9d344168af48519d545e96dc4c6f2f1e40c880094ff44ed2d315d894,120,2.9198499999999998,21,50.23390642212032,0.2728774442738286,observed_profile_hessian,9760a847234ee9eb5e9f0d75de7530dd1f144f4d76c0e48c30807351e5837a83,098bbfb947804ed904a3ca83d54b5350d10462f9820b9710b3e9ae24fb2c050a,21,1.0000000000000001e-05,"[{""attempt"": 0, ""tolerance"": 2e-07, ""free_valid"": true, ""nll"": 21.99499488265643, ""score"": 2.0094727215536068e-08}]",1,21.994994882656432,2.0094727215536068e-08,543673.04603267543
calibration,nominal,logshift,120,44,4,mc,21395.36776951918,5348.841942379795,25131.401048595948,5353.8202783708484,0.69782568050895266,,,,True,False,,False,,,21564,21543,17336,4207,21,0a2a67f23a63b023c6bb1e8b5ccdb716aa732c130c335d0dc1ebb37fe88fb8cc,91a233286b532746fcea1492c7c0bd02222772d0788425b7948d7ec02c8fe58f,4f1880ff3e834d4168ef9a8ad1e5f816d5108f4e6348308eb358ae06efe30bc9,cd14350ed60c62aaeb3f4a0c9100d6b9af11b295933e7670441a0c0aaffaa2e5,406a61a91866b7c12fa280a9fc06f77f422cc8e408f2eb57c806b8e210c71cb3,117.2697073492393,2.9198499999999998,21,50.23390642212032,0.2728774442738286,observed_profile_hessian,daae0d3deb1e8c274f74bce8ef374ed9a8f174cf26288cf2f7be30b60f522e87,dc688fc1c64889049ce7cb4a286b837166fdf9996c31c55bcec498238bf516d6,21,1.0000000000000001e-05,"[{""attempt"": 0, ""tolerance"": 2e-07, ""free_valid"": true, ""nll"": 16.471402512268565, ""score"": 9.667415079572805e-08}]",1,16.471402512268565,9.6674150795728053e-08,576685.93015755189
calibration,nominal,pole,120,44,5,mc,26744.209711898977,5348.841942379795,13939.018279893919,5123.5076287651518,-2.4993017205853789,,,,True,False,,False,,,26843,26813,20062,6751,30,0a2a67f23a63b023c6bb1e8b5ccdb716aa732c130c335d0dc1ebb37fe88fb8cc,70c582fd859362677c7f2ed8e54857028804c0321fc2fa9e6bcaa9369981beff,e971c5cd9306cc44fe326305ea75d0ac2a1910850c0cfb3e0fd2b7e30ee38bf7,8da749bf4a57dc6ecf7f525907bdbb4ad3698a5a56a6722a3cb9f5f7688d2588,6070fb0c9d344168af48519d545e96dc4c6f2f1e40c880094ff44ed2d315d894,120,2.9198499999999998,21,50.23390642212032,0.2728774442738286,observed_profile_hessian,1a26df475ae5d93e55dce2985cbbb13b1745503b960ab722e8bc2e55bd424b5b,7fd4cae0b2ffe2820d11190a5571f8af91d0e858f2ca73c402c8623975ca46ab,21,9.9999999999999995e-07,"[{""attempt"": 0, ""tolerance"": 2e-07, ""free_valid"": true, ""nll"": 24.99336586481644, ""score"": 4.2341490646968793e-08}]",1,24.99336586481644,4.2341490646968793e-08,543710.76526979916
calibration,nominal,logshift,120,44,5,mc,26744.209711898977,5348.841942379795,29533.420845442572,5354.5748509570531,0.52090244532580654,,,,True,False,,False,,,26843,26813,21528,5285,30,0a2a67f23a63b023c6bb1e8b5ccdb716aa732c130c335d0dc1ebb37fe88fb8cc,70c582fd859362677c7f2ed8e54857028804c0321fc2fa9e6bcaa9369981beff,e971c5cd9306cc44fe326305ea75d0ac2a1910850c0cfb3e0fd2b7e30ee38bf7,cd14350ed60c62aaeb3f4a0c9100d6b9af11b295933e7670441a0c0aaffaa2e5,406a61a91866b7c12fa280a9fc06f77f422cc8e408f2eb57c806b8e210c71cb3,117.2697073492393,2.9198499999999998,21,50.23390642212032,0.2728774442738286,observed_profile_hessian,7273ec242b8eb917574296d8e8ed69c95989ba4ecb17ce24f0e46571a99b950c,a2eb823039edd0a3f3a3e5d0692084ce6ba32490185dbf599ceeb6c6f0b877b6,21,9.9999999999999995e-07,"[{""attempt"": 0, ""tolerance"": 2e-07, ""free_valid"": true, ""nll"": 16.40983747889125, ""score"": 1.9327990419260033e-07}]",1,16.409837478891252,1.9327990419260033e-07,576719.12366038316
calibration,nominal,pole,120,44,6,mc,32093.05165427877,5348.841942379795,15668.497000463809,5124.2276191151841,-3.2052742139216366,,,,True,False,,False,,,32095,32058,24007,8051,37,0a2a67f23a63b023c6bb1e8b5ccdb716aa732c130c335d0dc1ebb37fe88fb8cc,6a64af8b0e636c95e6e7ad8ee0fae016b440369204fd310916a6073815f98080,89410fbf509efedb5807d9cc6a8229b1e8909a022bbc91c146767bf5d00d7eea,8da749bf4a57dc6ecf7f525907bdbb4ad3698a5a56a6722a3cb9f5f7688d2588,6070fb0c9d344168af48519d545e96dc4c6f2f1e40c880094ff44ed2d315d894,120,2.9198499999999998,21,50.23390642212032,0.2728774442738286,observed_profile_hessian,469a996a1ff305c3d733e2fcac5b405ae4e4d681acc721e8e51dce6fad299609,9374f6d7e48dc687660ef65856a29127fdcd9adf2ac4631696c11fc49657bb3e,21,9.9999999999999995e-07,"[{""attempt"": 0, ""tolerance"": 2e-07, ""free_valid"": true, ""nll"": 29.17942825355876, ""score"": 7.141141555866426e-08}]",1,29.179428253558761,7.141141555866426e-08,543759.6475406778
calibration,nominal,logshift,120,44,6,mc,32093.05165427877,5348.841942379795,33920.194531451343,5355.3336082567066,0.3411818965592609,,,,True,False,,False,,,32095,32058,25807,6251,37,0a2a67f23a63b023c6bb1e8b5ccdb716aa732c130c335d0dc1ebb37fe88fb8cc,6a64af8b0e636c95e6e7ad8ee0fae016b440369204fd310916a6073815f98080,89410fbf509efedb5807d9cc6a8229b1e8909a022bbc91c146767bf5d00d7eea,cd14350ed60c62aaeb3f4a0c9100d6b9af11b295933e7670441a0c0aaffaa2e5,406a61a91866b7c12fa280a9fc06f77f422cc8e408f2eb57c806b8e210c71cb3,117.2697073492393,2.9198499999999998,21,50.23390642212032,0.2728774442738286,observed_profile_hessian,e34a1b6ea57e3f7fb3056746facbb3608f64aaccedea2a6363b965c3b56634e2,46ef07089adc8453c370392271e08c96a6f24feaa64a18de7a14ae487b86a157,21,9.9999999999999995e-07,"[{""attempt"": 0, ""tolerance"": 2e-07, ""free_valid"": true, ""nll"": 16.78422170215145, ""score"": 1.6564527527407336e-13}]",1,16.784221702151449,1.6564527527407336e-13,576751.41451364465
calibration,nominal,pole,120,44,8,mc,42790.73553903836,5348.841942379795,19999.63894598556,5125.6353075817569,-4.4464920395995744,,,,True,False,,False,,,42644,42605,31767,10838,39,0a2a67f23a63b023c6bb1e8b5ccdb716aa732c130c335d0dc1ebb37fe88fb8cc,18cba19433a33b987d8a2658dd1696b9140e5b6a3f3dddf96b266c0bb664c177,27a60a652f891b4597aa5737822efd0bbe9af6b671ad2825b6707fd662a12d39,8da749bf4a57dc6ecf7f525907bdbb4ad3698a5a56a6722a3cb9f5f7688d2588,6070fb0c9d344168af48519d545e96dc4c6f2f1e40c880094ff44ed2d315d894,120,2.9198499999999998,21,50.23390642212032,0.2728774442738286,observed_profile_hessian,204f8296321cd3d17bb0a3ff27fc9edd8afd4d14107f7f0449c5deb0556f3367,e86ab08417f3111f300087182f3b9572f1d2c2087d6fd87cd791f6432f34b11c,21,9.9999999999999995e-07,"[{""attempt"": 0, ""tolerance"": 2e-07, ""free_valid"": true, ""nll"": 37.773975970286635, ""score"": 1.8673949619962826e-07}]",1,37.773975970286635,1.8673949619962826e-07,543841.50581075507
calibration,nominal,logshift,120,44,8,mc,42790.73553903836,5348.841942379795,42520.364437445984,5356.8062166173286,-0.050472443963654905,,,,True,False,,False,,,42644,42605,34214,8391,39,0a2a67f23a63b023c6bb1e8b5ccdb716aa732c130c335d0dc1ebb37fe88fb8cc,18cba19433a33b987d8a2658dd1696b9140e5b6a3f3dddf96b266c0bb664c177,27a60a652f891b4597aa5737822efd0bbe9af6b671ad2825b6707fd662a12d39,cd14350ed60c62aaeb3f4a0c9100d6b9af11b295933e7670441a0c0aaffaa2e5,406a61a91866b7c12fa280a9fc06f77f422cc8e408f2eb57c806b8e210c71cb3,117.2697073492393,2.9198499999999998,21,50.23390642212032,0.2728774442738286,observed_profile_hessian,d4f4f3dbc7fc7904fb384918e7eebb00c696dd8aa86f409635d6fd8b82674851,164a02c4ca62610b4033e0c2194611575d52b002fbd20da95805a8cac4d99308,21,9.9999999999999995e-07,"[{""attempt"": 0, ""tolerance"": 2e-07, ""free_valid"": true, ""nll"": 16.92713549627931, ""score"": 6.161737786669619e-14}]",1,16.927135496279309,6.1617377866696188e-14,576816.52645342587
calibration,nominal,pole,120,44,10,mc,53488.419423797954,5348.841942379795,24063.347800985466,5127.1070999978965,-5.7391178005282084,,,,True,False,,False,,,53582,53507,39951,13556,75,0a2a67f23a63b023c6bb1e8b5ccdb716aa732c130c335d0dc1ebb37fe88fb8cc,3e0376d5bc87e52b5d4fe8a86a26bf1d0a5bcfd59b24fbb7ad1ac88cc904755e,cbc89d6b06176d605bf041900877011ebae33b372bf870d41862f08ecee4b8bc,8da749bf4a57dc6ecf7f525907bdbb4ad3698a5a56a6722a3cb9f5f7688d2588,6070fb0c9d344168af48519d545e96dc4c6f2f1e40c880094ff44ed2d315d894,120,2.9198499999999998,21,50.23390642212032,0.2728774442738286,observed_profile_hessian,5a3a509442782de4eab485a8301ceabb3671622a0afffa4a11e8eb9b2199e2b8,b6bc8e2d8546d6ca7fd4f976964c59c5efadfedebb37cf2112203cf0f65af256,21,9.9999999999999995e-07,"[{""attempt"": 0, ""tolerance"": 2e-07, ""free_valid"": true, ""nll"": 49.433700174200816, ""score"": 2.631228568361621e-13}]",1,49.433700174200816,2.631228568361621e-13,543939.92562518001
calibration,nominal,logshift,120,44,10,mc,53488.419423797954,5348.841942379795,51256.203569768339,5358.3841453400546,-0.41658376732300401,,,,True,False,,False,,,53582,53507,42918,10589,75,0a2a67f23a63b023c6bb1e8b5ccdb716aa732c130c335d0dc1ebb37fe88fb8cc,3e0376d5bc87e52b5d4fe8a86a26bf1d0a5bcfd59b24fbb7ad1ac88cc904755e,cbc89d6b06176d605bf041900877011ebae33b372bf870d41862f08ecee4b8bc,cd14350ed60c62aaeb3f4a0c9100d6b9af11b295933e7670441a0c0aaffaa2e5,406a61a91866b7c12fa280a9fc06f77f422cc8e408f2eb57c806b8e210c71cb3,117.2697073492393,2.9198499999999998,21,50.23390642212032,0.2728774442738286,observed_profile_hessian,6ed486366e3caa962a2f5985e82ddc8f259778853d109989668a6f588d947809,b51ab0ba87224cc7869f7a385700a2fe1df1f9492b267c2ac65b92897f82d069,21,9.9999999999999995e-07,"[{""attempt"": 0, ""tolerance"": 2e-07, ""free_valid"": true, ""nll"": 17.861807806028924, ""score"": 7.016609515630989e-14}]",1,17.861807806028924,7.0166095156309893e-14,576894.18519432517
calibration,nominal,pole,120,44,12,mc,64186.10330855754,5348.841942379795,27920.349497393316,5128.4536404096179,-7.0714793101391118,,,,True,False,,False,,,63763,63680,47421,16259,83,0a2a67f23a63b023c6bb1e8b5ccdb716aa732c130c335d0dc1ebb37fe88fb8cc,23f6ed01535bbff120f97ccf873bbd1adc87942fa1f20f7344e3c8110a33a531,0f74e86976a4f45e4e71eb8a0fc6cbdafb7aff82ae839dbdb36357c6a9cc76bf,8da749bf4a57dc6ecf7f525907bdbb4ad3698a5a56a6722a3cb9f5f7688d2588,6070fb0c9d344168af48519d545e96dc4c6f2f1e40c880094ff44ed2d315d894,120,2.9198499999999998,21,50.23390642212032,0.2728774442738286,observed_profile_hessian,fe921a4e8205dfdcae027a67560ab67024ae2ac754caf45ff0f72abc7102607d,178aa08e5b291f3e1a17e773cdd04065456f643c373cb641c1ff34d6f3985e95,21,9.9999999999999995e-07,"[{""attempt"": 0, ""tolerance"": 2e-07, ""free_valid"": true, ""nll"": 61.83627890870113, ""score"": 9.547918011776346e-14}]",1,61.836278908701132,9.5479180117763462e-14,544020.13992512471
calibration,nominal,logshift,120,44,12,mc,64186.10330855754,5348.841942379795,59806.773879522421,5359.8403645970802,-0.8170634069554662,,,,True,False,,False,,,63763,63680,51158,12522,83,0a2a67f23a63b023c6bb1e8b5ccdb716aa732c130c335d0dc1ebb37fe88fb8cc,23f6ed01535bbff120f97ccf873bbd1adc87942fa1f20f7344e3c8110a33a531,0f74e86976a4f45e4e71eb8a0fc6cbdafb7aff82ae839dbdb36357c6a9cc76bf,cd14350ed60c62aaeb3f4a0c9100d6b9af11b295933e7670441a0c0aaffaa2e5,406a61a91866b7c12fa280a9fc06f77f422cc8e408f2eb57c806b8e210c71cb3,117.2697073492393,2.9198499999999998,21,50.23390642212032,0.2728774442738286,observed_profile_hessian,a11907efd4e10a99602cae152d3309dafb946aba85379a262d4559a124782ddc,0a3d17a4556c09baf346cc57928e877b7da515d451d26a2bd1b4ba85e3bbe712,21,9.9999999999999995e-07,"[{""attempt"": 0, ""tolerance"": 2e-07, ""free_valid"": true, ""nll"": 17.98452728616701, ""score"": 1.0458300891968975e-13}]",1,17.984527286167008,1.0458300891968975e-13,576949.29924825765
calibration,nominal,pole,120,44,16,mc,85581.47107807672,5348.841942379795,36281.685678486407,5131.3013057370308,-9.6076574853382493,,,,True,False,,False,,,85159,85065,63547,21518,94,0a2a67f23a63b023c6bb1e8b5ccdb716aa732c130c335d0dc1ebb37fe88fb8cc,a9049fdc0342b6652883868cdafa8a59f95c5589b206cdccf173d54e8d555833,1844b639fe8b1fa416bdf58396475281007057e4ed9df66f84ae42a609ec6617,8da749bf4a57dc6ecf7f525907bdbb4ad3698a5a56a6722a3cb9f5f7688d2588,6070fb0c9d344168af48519d545e96dc4c6f2f1e40c880094ff44ed2d315d894,120,2.9198499999999998,21,50.23390642212032,0.2728774442738286,observed_profile_hessian,b362369d7e59cacd8d39a02fc36ca0a782e9f0598231aa377d39284df170c0e9,692f7f590b3f6dd28b3d3072be68827968d5c2fa73e5ceaaba480a7d7bee243c,21,9.9999999999999995e-07,"[{""attempt"": 0, ""tolerance"": 2e-07, ""free_valid"": true, ""nll"": 94.58550198267224, ""score"": 4.9960036108132044e-14}]",1,94.585501982672241,4.9960036108132044e-14,544195.87585472164
calibration,nominal,logshift,120,44,16,mc,85581.47107807672,5348.841942379795,77301.480903990145,5362.9184699404523,-1.5439336287688359,,,,True,False,,False,,,85159,85065,68414,16651,94,0a2a67f23a63b023c6bb1e8b5ccdb716aa732c130c335d0dc1ebb37fe88fb8cc,a9049fdc0342b6652883868cdafa8a59f95c5589b206cdccf173d54e8d555833,1844b639fe8b1fa416bdf58396475281007057e4ed9df66f84ae42a609ec6617,cd14350ed60c62aaeb3f4a0c9100d6b9af11b295933e7670441a0c0aaffaa2e5,406a61a91866b7c12fa280a9fc06f77f422cc8e408f2eb57c806b8e210c71cb3,117.2697073492393,2.9198499999999998,21,50.23390642212032,0.2728774442738286,observed_profile_hessian,8fb1e3ea52950d69568466c7f455eaf7501e1712ec51d829698e4ace92e7cba4,9ee8550dbc4b59ca490daf20e6b28447c1c15f556e249b645d2a49a1794a85f0,21,9.9999999999999995e-07,"[{""attempt"": 0, ""tolerance"": 2e-07, ""free_valid"": true, ""nll"": 19.793090297710044, ""score"": 1.6586731987899839e-13}]",1,19.793090297710044,1.6586731987899839e-13,577086.17617959448
calibration,nominal,pole,120,44,20,mc,106976.83884759591,5348.841942379795,44247.639998049344,5134.1699909729059,-12.217982450880948,,,,True,False,,False,,,106766,106664,79494,27170,102,0a2a67f23a63b023c6bb1e8b5ccdb716aa732c130c335d0dc1ebb37fe88fb8cc,72b1cb3e0b8c25ab884231138c56a395da4f221b88bd30c624a66e432c351e5c,d6c4e1f2350d03c7e17a77ee0a9d2159b8c96112c6a6acf3299980bb1b871d6a,8da749bf4a57dc6ecf7f525907bdbb4ad3698a5a56a6722a3cb9f5f7688d2588,6070fb0c9d344168af48519d545e96dc4c6f2f1e40c880094ff44ed2d315d894,120,2.9198499999999998,21,50.23390642212032,0.2728774442738286,observed_profile_hessian,78e29c1a38e0b08ec8e2f67f369fca47b0aaa4e5bd423665589096517a622f5c,59ee7f1bfe30fe0c8ee7777880bb7bc38b5cf288dab953e5966652da2321058a,21,9.9999999999999995e-07,"[{""attempt"": 0, ""tolerance"": 2e-07, ""free_valid"": true, ""nll"": 136.87802917689982, ""score"": 4.085620730620576e-14}]",1,136.87802917689982,4.0856207306205761e-14,544375.16849881026
calibration,nominal,logshift,120,44,20,mc,106976.83884759591,5348.841942379795,94900.768861163509,5365.9832185164078,-2.2504859770640882,,,,True,False,,False,,,106766,106664,85667,20997,102,0a2a67f23a63b023c6bb1e8b5ccdb716aa732c130c335d0dc1ebb37fe88fb8cc,72b1cb3e0b8c25ab884231138c56a395da4f221b88bd30c624a66e432c351e5c,d6c4e1f2350d03c7e17a77ee0a9d2159b8c96112c6a6acf3299980bb1b871d6a,cd14350ed60c62aaeb3f4a0c9100d6b9af11b295933e7670441a0c0aaffaa2e5,406a61a91866b7c12fa280a9fc06f77f422cc8e408f2eb57c806b8e210c71cb3,117.2697073492393,2.9198499999999998,21,50.23390642212032,0.2728774442738286,observed_profile_hessian,830663c8b94dada581d1a8e298fc5859fffd0cc428ba2ae04e7ad75dacbdb8e0,d6461959edbaffc4b0b6eaebeec80f8d7e1d68ee8f79afd016758ca04b34fa50,21,9.9999999999999995e-07,"[{""attempt"": 0, ""tolerance"": 2e-07, ""free_valid"": true, ""nll"": 22.564051084513963, ""score"": 4.0611958240788226e-13}]",1,22.564051084513963,4.0611958240788226e-13,577217.24337170657
calibration,nominal,pole,120,44,24,mc,128372.20661711508,5348.841942379795,53664.977371384703,5137.148208229074,-14.542548943022254,,,,True,False,,False,,,128366,128217,95619,32598,149,0a2a67f23a63b023c6bb1e8b5ccdb716aa732c130c335d0dc1ebb37fe88fb8cc,77c4113af12ac4ebd0697bd2c2dc498311840dd4e667bb428ca28663dfed70db,0a97d1ae68052598c2a162d2440f55e3f2eab3711a66c932578d49d07da347df,8da749bf4a57dc6ecf7f525907bdbb4ad3698a5a56a6722a3cb9f5f7688d2588,6070fb0c9d344168af48519d545e96dc4c6f2f1e40c880094ff44ed2d315d894,120,2.9198499999999998,21,50.23390642212032,0.2728774442738286,observed_profile_hessian,9fb6756fc92e19e7b36189d0cfb2e1c7e7f21315a199239314e481737e23bb8e,7f8697f02f005a7b631aebec8675b99e951cb808ad75acb72f440fa572fceee0,21,9.9999999999999995e-07,"[{""attempt"": 0, ""tolerance"": 2e-07, ""free_valid"": true, ""nll"": 187.65135206786837, ""score"": 8.704148513061227e-14}]",1,187.65135206786837,8.7041485130612273e-14,544545.20426255523
calibration,nominal,logshift,120,44,24,mc,128372.20661711508,5348.841942379795,113004.79148433438,5369.0470650390007,-2.8622239564348235,,,,True,False,,False,,,128366,128217,102916,25301,149,0a2a67f23a63b023c6bb1e8b5ccdb716aa732c130c335d0dc1ebb37fe88fb8cc,77c4113af12ac4ebd0697bd2c2dc498311840dd4e667bb428ca28663dfed70db,0a97d1ae68052598c2a162d2440f55e3f2eab3711a66c932578d49d07da347df,cd14350ed60c62aaeb3f4a0c9100d6b9af11b295933e7670441a0c0aaffaa2e5,406a61a91866b7c12fa280a9fc06f77f422cc8e408f2eb57c806b8e210c71cb3,117.2697073492393,2.9198499999999998,21,50.23390642212032,0.2728774442738286,observed_profile_hessian,da7562072e198522f217c8a22861df16b183b77096159b81bf304cf5d04fdecd,2d6874878d520e74bc8147a44f45681081b79ac6808e3d407de62f1b95d1a243,21,9.9999999999999995e-07,"[{""attempt"": 0, ""tolerance"": 2e-07, ""free_valid"": true, ""nll"": 26.65996556141134, ""score"": 5.018208071305708e-13}]",1,26.65996556141134,5.0182080713057076e-13,577354.78259445447
calibration,nominal,pole,120,45,0,mc,0,5348.841942379795,-10392.365948486064,5118.5138952549851,-2.0303482927183407,,,,True,False,,False,,,0,0,0,0,0,f5aee22b45dd84e4224b08918ff1c78f55768dea32c26d5debea999970511cd1,d3bb56f8ed6d718b0d014fd9eec6c619f30907068e2667d838febcc69349baac,f5aee22b45dd84e4224b08918ff1c78f55768dea32c26d5debea999970511cd1,8da749bf4a57dc6ecf7f525907bdbb4ad3698a5a56a6722a3cb9f5f7688d2588,6070fb0c9d344168af48519d545e96dc4c6f2f1e40c880094ff44ed2d315d894,120,2.9198499999999998,21,50.23390642212032,0.2728774442738286,observed_profile_hessian,3f18cf8692e3a2ab8fad7a0bfea7bed35be79e75cf6fd79ba6c5abf869159963,87ab7b430a60f11f039d6c045d652ec7b567659854c7de423b7a1f38e735d4b1,21,9.9999999999999995e-07,"[{""attempt"": 0, ""tolerance"": 2e-07, ""free_valid"": true, ""nll"": 5.184401046881311, ""score"": 8.94292145892095e-09}]",1,5.1844010468813106,8.9429214589209494e-09,543740.5497059864
calibration,nominal,logshift,120,45,0,mc,0,5348.841942379795,114.5095728081298,5348.1523482507901,0.02141105289298317,,,,True,False,,False,,,0,0,0,0,0,f5aee22b45dd84e4224b08918ff1c78f55768dea32c26d5debea999970511cd1,d3bb56f8ed6d718b0d014fd9eec6c619f30907068e2667d838febcc69349baac,f5aee22b45dd84e4224b08918ff1c78f55768dea32c26d5debea999970511cd1,cd14350ed60c62aaeb3f4a0c9100d6b9af11b295933e7670441a0c0aaffaa2e5,406a61a91866b7c12fa280a9fc06f77f422cc8e408f2eb57c806b8e210c71cb3,117.2697073492393,2.9198499999999998,21,50.23390642212032,0.2728774442738286,observed_profile_hessian,4f4b773060bb8e09f28aaedc9965f596c03602850b4ad45be21fddd0f4b6c2ca,c4b563828c519507dbb633970e768ecf1e0e1f0c1bfe525441eb59835c400466,21,9.9999999999999995e-07,"[{""attempt"": 0, ""tolerance"": 2e-07, ""free_valid"": true, ""nll"": 7.514302702218635, ""score"": 2.5385249458054204e-12}]",1,7.5143027022186351,2.5385249458054204e-12,576571.62860063906
calibration,nominal,pole,120,45,1,mc,5348.841942379795,5348.841942379795,-8238.7548168925987,5119.2357729233754,-2.6542236697008197,,,,True,False,,False,,,5326,5321,4009,1312,5,f5aee22b45dd84e4224b08918ff1c78f55768dea32c26d5debea999970511cd1,6baf573457ae8e063a5ee855e62322cb1fb72b8f0ccd814f47df45cb48aa4b6d,8c7a65bd0596ad255bf436adebeb0029c0552162bf943750e2bae9088e2fb29a,8da749bf4a57dc6ecf7f525907bdbb4ad3698a5a56a6722a3cb9f5f7688d2588,6070fb0c9d344168af48519d545e96dc4c6f2f1e40c880094ff44ed2d315d894,120,2.9198499999999998,21,50.23390642212032,0.2728774442738286,observed_profile_hessian,feee5e27c4cb516d5f99030815eff8fe59ff41c60a992f6e4fa3ab359b4c0c65,13a88dcd09660ee23df494c6958aa4fa9e78339f54df5bbc26533794401b16ed,21,9.9999999999999995e-07,"[{""attempt"": 0, ""tolerance"": 2e-07, ""free_valid"": true, ""nll"": 6.503360046515562, ""score"": 3.0877732593026508e-09}]",1,6.5033600465155619,3.0877732593026508e-09,543784.38644886692
calibration,nominal,logshift,120,45,1,mc,5348.841942379795,5348.841942379795,4577.5976886648778,5348.9233598366836,-0.14418682075460981,,,,True,False,,False,,,5326,5321,4293,1028,5,f5aee22b45dd84e4224b08918ff1c78f55768dea32c26d5debea999970511cd1,6baf573457ae8e063a5ee855e62322cb1fb72b8f0ccd814f47df45cb48aa4b6d,8c7a65bd0596ad255bf436adebeb0029c0552162bf943750e2bae9088e2fb29a,cd14350ed60c62aaeb3f4a0c9100d6b9af11b295933e7670441a0c0aaffaa2e5,406a61a91866b7c12fa280a9fc06f77f422cc8e408f2eb57c806b8e210c71cb3,117.2697073492393,2.9198499999999998,21,50.23390642212032,0.2728774442738286,observed_profile_hessian,b78db275e6945e87e9431ec274e4b8164a0ac75d4254f63b90969169b4a4bed9,6a4bd24427a789685e68dc8cded843a4222c7cb1e434f471daeb79ffd41b7c13,21,9.9999999999999995e-07,"[{""attempt"": 0, ""tolerance"": 2e-07, ""free_valid"": true, ""nll"": 7.783241518843872, ""score"": 4.92320073597341e-11}]",1,7.7832415188438722,4.9232007359734098e-11,576604.95422130963
calibration,nominal,pole,120,45,2,mc,10697.68388475959,5348.841942379795,-6145.995742988619,5119.9251478126098,-3.2898292731768453,,,,True,False,,False,,,10470,10457,7841,2616,13,f5aee22b45dd84e4224b08918ff1c78f55768dea32c26d5debea999970511cd1,2736b00db164fd77de3f2bf39b30024803f5f46ee93fb559e1914bb2e02dc9b7,43c2ba402ff187bdd74b8b82b81470051759638d75237dd346d3352e5f2db6ee,8da749bf4a57dc6ecf7f525907bdbb4ad3698a5a56a6722a3cb9f5f7688d2588,6070fb0c9d344168af48519d545e96dc4c6f2f1e40c880094ff44ed2d315d894,120,2.9198499999999998,21,50.23390642212032,0.2728774442738286,observed_profile_hessian,98a635db8143f431338cd62640539eb97ad41de7d104069cde1bd72160f1569e,125e1d53f63e3bd7b435a6d6d45fef7caa0e5124f513169d87305a2ff474c821,21,9.9999999999999995e-07,"[{""attempt"": 0, ""tolerance"": 2e-07, ""free_valid"": true, ""nll"": 8.272869257257154, ""score"": 7.874901286619718e-10}]",1,8.2728692572571543,7.8749012866197177e-10,543825.04562315426
calibration,nominal,logshift,120,45,2,mc,10697.68388475959,5348.841942379795,8806.0692669527816,5349.6623298175509,-0.35359514324174579,,,,True,False,,False,,,10470,10457,8432,2025,13,f5aee22b45dd84e4224b08918ff1c78f55768dea32c26d5debea999970511cd1,2736b00db164fd77de3f2bf39b30024803f5f46ee93fb559e1914bb2e02dc9b7,43c2ba402ff187bdd74b8b82b81470051759638d75237dd346d3352e5f2db6ee,cd14350ed60c62aaeb3f4a0c9100d6b9af11b295933e7670441a0c0aaffaa2e5,406a61a91866b7c12fa280a9fc06f77f422cc8e408f2eb57c806b8e210c71cb3,117.2697073492393,2.9198499999999998,21,50.23390642212032,0.2728774442738286,observed_profile_hessian,b35a83bfe9f6761ee07e92ab8a35942efeaf0e46f6c7fa364f881c9d54b6c4fc,216c6163373af8ed99e7fd6fcc6bd32caf4ca7b9f28a4725b27c09a7b2fc9059,21,9.9999999999999995e-07,"[{""attempt"": 0, ""tolerance"": 2e-07, ""free_valid"": true, ""nll"": 8.082560548309106, ""score"": 1.1611266947930687e-09}]",1,8.0825605483091056,1.1611266947930687e-09,576637.13239777333
calibration,nominal,pole,120,45,3,mc,16046.525827139385,5348.841942379795,-4138.246247026188,5120.6935247036299,-3.9418043623951906,,,,True,False,,False,,,16071,16056,12000,4056,15,f5aee22b45dd84e4224b08918ff1c78f55768dea32c26d5debea999970511cd1,b8401865ff77414a516d62f6c1726da077e22be6c9de7c6b26e2364b2e0d1faf,731204dbf7cdb311f78bac520f73e7a9514f7a4c72f154e50ee36ed3699eed0b,8da749bf4a57dc6ecf7f525907bdbb4ad3698a5a56a6722a3cb9f5f7688d2588,6070fb0c9d344168af48519d545e96dc4c6f2f1e40c880094ff44ed2d315d894,120,2.9198499999999998,21,50.23390642212032,0.2728774442738286,observed_profile_hessian,3346182bc2922bea1da0a1de19269dee948a8c52dae0a2c08b33dcd4ecd0871a,a312c7ac6cf7458878d6e00ec451dcfdc5d9bcdf19026b5001e26abc00f1c3f9,21,9.9999999999999995e-07,"[{""attempt"": 0, ""tolerance"": 2e-07, ""free_valid"": true, ""nll"": 11.07735424778112, ""score"": 9.70883928808064e-11}]",1,11.07735424778112,9.7088392880806396e-11,543874.70719509607
calibration,nominal,logshift,120,45,3,mc,16046.525827139385,5348.841942379795,13462.362093333899,5350.454525303051,-0.48298022562094733,,,,True,False,,False,,,16071,16056,12943,3113,15,f5aee22b45dd84e4224b08918ff1c78f55768dea32c26d5debea999970511cd1,b8401865ff77414a516d62f6c1726da077e22be6c9de7c6b26e2364b2e0d1faf,731204dbf7cdb311f78bac520f73e7a9514f7a4c72f154e50ee36ed3699eed0b,cd14350ed60c62aaeb3f4a0c9100d6b9af11b295933e7670441a0c0aaffaa2e5,406a61a91866b7c12fa280a9fc06f77f422cc8e408f2eb57c806b8e210c71cb3,117.2697073492393,2.9198499999999998,21,50.23390642212032,0.2728774442738286,observed_profile_hessian,8f45b034f1b383ec12344b5035c0bc2d11779a8b32381abe2b7910c69b8995ef,77fba4b8732d479b35498ab705cf981294bc0ecffbf1e96f18f007ce5d2484eb,21,9.9999999999999995e-07,"[{""attempt"": 0, ""tolerance"": 2e-07, ""free_valid"": true, ""nll"": 8.805402525670203, ""score"": 7.807533952686185e-09}]",1,8.8054025256702033,7.8075339526861853e-09,576671.56920109363
calibration,nominal,pole,120,45,4,mc,21395.36776951918,5348.841942379795,-2058.1801051401326,5121.3420719854867,-4.5795706564796284,,,,True,False,,False,,,21286,21263,15893,5370,23,f5aee22b45dd84e4224b08918ff1c78f55768dea32c26d5debea999970511cd1,10018b44b854b9691cbb528a8065017b3c9c4d2937e6c3b4be4d7d7a07e97d28,36ab5be001836ed95fed6c9a5b8e0bfd0de97b841795429157ae951d6fb6c79e,8da749bf4a57dc6ecf7f525907bdbb4ad3698a5a56a6722a3cb9f5f7688d2588,6070fb0c9d344168af48519d545e96dc4c6f2f1e40c880094ff44ed2d315d894,120,2.9198499999999998,21,50.23390642212032,0.2728774442738286,observed_profile_hessian,8e6c77e47f322e687286fcf99fb91939fa44a1e69c79aed221e27ca2b09f51b8,d46365670fa3732042f8af40be701832af0687b82ec7e3087acaf99936bcf3e8,21,9.9999999999999995e-07,"[{""attempt"": 0, ""tolerance"": 2e-07, ""free_valid"": true, ""nll"": 13.478644926330912, ""score"": 2.6449398227157417e-12}]",1,13.478644926330912,2.6449398227157417e-12,543912.92769933562
calibration,nominal,logshift,120,45,4,mc,21395.36776951918,5348.841942379795,17720.702402549647,5351.2067276509088,-0.68669845027322474,,,,True,False,,False,,,21286,21263,17087,4176,23,f5aee22b45dd84e4224b08918ff1c78f55768dea32c26d5debea999970511cd1,10018b44b854b9691cbb528a8065017b3c9c4d2937e6c3b4be4d7d7a07e97d28,36ab5be001836ed95fed6c9a5b8e0bfd0de97b841795429157ae951d6fb6c79e,cd14350ed60c62aaeb3f4a0c9100d6b9af11b295933e7670441a0c0aaffaa2e5,406a61a91866b7c12fa280a9fc06f77f422cc8e408f2eb57c806b8e210c71cb3,117.2697073492393,2.9198499999999998,21,50.23390642212032,0.2728774442738286,observed_profile_hessian,40d51af45dda3abe3f0a50d4ca4b9f1b4bd37cd0cd3f5761f298b0bf9279e115,ca6e014cab2b9d082c3d7667c4e221c08605c60d8a23c9bc28654ec17e2d898b,21,9.9999999999999995e-07,"[{""attempt"": 0, ""tolerance"": 2e-07, ""free_valid"": true, ""nll"": 8.753073430086378, ""score"": 2.5813031268029363e-08}]",1,8.7530734300863777,2.5813031268029363e-08,576700.75967304781
calibration,nominal,pole,120,45,5,mc,26744.209711898977,5348.841942379795,121.12339875384181,5122.1166650734003,-5.1976727696739458,,,,True,False,,False,,,26890,26868,20112,6756,22,f5aee22b45dd84e4224b08918ff1c78f55768dea32c26d5debea999970511cd1,63ce5b6d3044fdd2a334ca9d31e3e1eaee3799d7fe018c5e0c5c76eb0d05f97d,bdc8c4f5ba0275d9991b39894ce5baab8517d1a54d599552eb6c3c0585b0c1b4,8da749bf4a57dc6ecf7f525907bdbb4ad3698a5a56a6722a3cb9f5f7688d2588,6070fb0c9d344168af48519d545e96dc4c6f2f1e40c880094ff44ed2d315d894,120,2.9198499999999998,21,50.23390642212032,0.2728774442738286,observed_profile_hessian,c0211e6ec7e31c3f4d4f0c94669629499eb1a1f780f4eb668276a97a8c54f668,1a4ca9d688e621c0246a952bfeecf99cb0e5eaabd15e13ff452d293a3099516e,20,9.9999999999999995e-07,"[{""attempt"": 0, ""tolerance"": 2e-07, ""free_valid"": true, ""nll"": 17.20151157834367, ""score"": 1.4800993763941506e-11}]",1,17.20151157834367,1.4800993763941506e-11,543959.81439006585
calibration,nominal,logshift,120,45,5,mc,26744.209711898977,5348.841942379795,22389.938471863716,5352.0123711928309,-0.81357645275113633,,,,True,False,,False,,,26890,26868,21644,5224,22,f5aee22b45dd84e4224b08918ff1c78f55768dea32c26d5debea999970511cd1,63ce5b6d3044fdd2a334ca9d31e3e1eaee3799d7fe018c5e0c5c76eb0d05f97d,bdc8c4f5ba0275d9991b39894ce5baab8517d1a54d599552eb6c3c0585b0c1b4,cd14350ed60c62aaeb3f4a0c9100d6b9af11b295933e7670441a0c0aaffaa2e5,406a61a91866b7c12fa280a9fc06f77f422cc8e408f2eb57c806b8e210c71cb3,117.2697073492393,2.9198499999999998,21,50.23390642212032,0.2728774442738286,observed_profile_hessian,06cc19888480672a5b7bfc71301fb85a74c82db6d7b04a0e98e2376aa92162b7,055b9c81327ae89663815643b8ba6eda635f3e2363f7ee7f0f731655cd40799b,21,9.9999999999999995e-07,"[{""attempt"": 0, ""tolerance"": 2e-07, ""free_valid"": true, ""nll"": 9.243494633430899, ""score"": 6.964966547950979e-08}]",1,9.2434946334308989,6.9649665479509792e-08,576736.18226912257
calibration,nominal,pole,120,45,6,mc,32093.05165427877,5348.841942379795,2070.0639294795542,5122.819860037328,-5.8606370212245666,,,,True,False,,False,,,32008,31981,23889,8092,27,f5aee22b45dd84e4224b08918ff1c78f55768dea32c26d5debea999970511cd1,88fdbcc7be0cb2b94040f6631e30c27101c8e3a03ddf4b24d2496c80caf0c0c3,3f54315df46e234a8ca97c406cae122ecabde8d1341217c4603df264db244fc6,8da749bf4a57dc6ecf7f525907bdbb4ad3698a5a56a6722a3cb9f5f7688d2588,6070fb0c9d344168af48519d545e96dc4c6f2f1e40c880094ff44ed2d315d894,120,2.9198499999999998,21,50.23390642212032,0.2728774442738286,observed_profile_hessian,d452cec25469f72cd07e3ccfbccb5e60b52cc23dfa8ede3e2d3fb44627ece990,d7da509f12be0b4c394d03dfcf8e4dad412edcfce97de35d4ad89039fd52a2c8,21,9.9999999999999995e-07,"[{""attempt"": 0, ""tolerance"": 2e-07, ""free_valid"": true, ""nll"": 21.197158614414583, ""score"": 2.0764012731433468e-10}]",1,21.197158614414583,2.0764012731433468e-10,544002.78383585438
calibration,nominal,logshift,120,45,6,mc,32093.05165427877,5348.841942379795,26654.590222652343,5352.7629222017313,-1.0160101447925598,,,,True,False,,False,,,32008,31981,25753,6228,27,f5aee22b45dd84e4224b08918ff1c78f55768dea32c26d5debea999970511cd1,88fdbcc7be0cb2b94040f6631e30c27101c8e3a03ddf4b24d2496c80caf0c0c3,3f54315df46e234a8ca97c406cae122ecabde8d1341217c4603df264db244fc6,cd14350ed60c62aaeb3f4a0c9100d6b9af11b295933e7670441a0c0aaffaa2e5,406a61a91866b7c12fa280a9fc06f77f422cc8e408f2eb57c806b8e210c71cb3,117.2697073492393,2.9198499999999998,21,50.23390642212032,0.2728774442738286,observed_profile_hessian,950d315a08ea63d3ca1644ed1e68906d108379a25d289244fc7bfea8895e3320,75ef1bf9a7a9a4699945aa1ffe6910617c10ea9883e75824a42b45123b69a13d,21,9.9999999999999995e-07,"[{""attempt"": 0, ""tolerance"": 2e-07, ""free_valid"": true, ""nll"": 9.897403499988652, ""score"": 1.4312898255486317e-07}]",1,9.897403499988652,1.4312898255486317e-07,576767.25537510647
calibration,nominal,pole,120,45,8,mc,42790.73553903836,5348.841942379795,6050.7808306481675,5124.2271018194351,-7.1698529316440931,,,,True,False,,False,,,42870,42825,31788,11037,45,f5aee22b45dd84e4224b08918ff1c78f55768dea32c26d5debea999970511cd1,47603599e60b046406fbff7db0d78f2462b25ba1a3902526879682ef3796c57f,c8b214ac498a614e8789fdcd547359978350dacd1bf448ec7ae4e71397c1f2ee,8da749bf4a57dc6ecf7f525907bdbb4ad3698a5a56a6722a3cb9f5f7688d2588,6070fb0c9d344168af48519d545e96dc4c6f2f1e40c880094ff44ed2d315d894,120,2.9198499999999998,21,50.23390642212032,0.2728774442738286,observed_profile_hessian,6d52d6b4e4b1dbb6ba728de79e7b6aa3a50bd7f64ca24994e31b4aeaa126a22d,cdbf57a8836173fe5bbd851288f46f0f51663630505cc8da936f31841b00fb24,21,9.9999999999999995e-07,"[{""attempt"": 0, ""tolerance"": 2e-07, ""free_valid"": true, ""nll"": 29.722745549755803, ""score"": 4.1068437539593106e-09}]",1,29.722745549755803,4.1068437539593106e-09,544094.42081587319
calibration,nominal,logshift,120,45,8,mc,42790.73553903836,5348.841942379795,35058.430528921024,5354.2662396203341,-1.4441390592234775,,,,True,False,,False,,,42870,42825,34343,8482,45,f5aee22b45dd84e4224b08918ff1c78f55768dea32c26d5debea999970511cd1,47603599e60b046406fbff7db0d78f2462b25ba1a3902526879682ef3796c57f,c8b214ac498a614e8789fdcd547359978350dacd1bf448ec7ae4e71397c1f2ee,cd14350ed60c62aaeb3f4a0c9100d6b9af11b295933e7670441a0c0aaffaa2e5,406a61a91866b7c12fa280a9fc06f77f422cc8e408f2eb57c806b8e210c71cb3,117.2697073492393,2.9198499999999998,21,50.23390642212032,0.2728774442738286,observed_profile_hessian,211484d20acb7e0a7f8dfa21e27ea111209ef84f967a9ea60db27ede7e86d63e,787ef3e90db419f089a8d86606a16c9a4bb5c47d96a834a5966addb377a6b94d,21,9.9999999999999995e-07,"[{""attempt"": 0, ""tolerance"": 2e-07, ""free_valid"": true, ""nll"": 10.385131223225201, ""score"": 2.9504176879413535e-14}]",1,10.385131223225201,2.9504176879413535e-14,576840.85993020819
calibration,nominal,pole,120,45,10,mc,53488.419423797954,5348.841942379795,10507.946213657888,5125.6630589832521,-8.3853489227725113,,,,True,False,,False,,,53452,53389,39824,13565,63,f5aee22b45dd84e4224b08918ff1c78f55768dea32c26d5debea999970511cd1,c96118156802bfc47b01ae4ccbffef6cb37c02879923def6e0ff4036ff2315aa,622df786dfa29bd91af16886b5884d0a51bf7419207ce30bbad312bc2ae65bef,8da749bf4a57dc6ecf7f525907bdbb4ad3698a5a56a6722a3cb9f5f7688d2588,6070fb0c9d344168af48519d545e96dc4c6f2f1e40c880094ff44ed2d315d894,120,2.9198499999999998,21,50.23390642212032,0.2728774442738286,observed_profile_hessian,1999b728dd0bd853e06de18c4f66f670ab9048b63a04a5e748d5033253442a86,b6399723b6508c441100b47aded9827579b2c5ecd874a79283f1a5d2b591d547,21,9.9999999999999995e-07,"[{""attempt"": 0, ""tolerance"": 2e-07, ""free_valid"": true, ""nll"": 41.22584223995153, ""score"": 2.57751391341543e-08}]",1,41.225842239951533,2.5775139134154301e-08,544178.25277301518
calibration,nominal,logshift,120,45,10,mc,53488.419423797954,5348.841942379795,43943.717378502741,5355.7864066354859,-1.7821289574711048,,,,True,False,,False,,,53452,53389,42894,10495,63,f5aee22b45dd84e4224b08918ff1c78f55768dea32c26d5debea999970511cd1,c96118156802bfc47b01ae4ccbffef6cb37c02879923def6e0ff4036ff2315aa,622df786dfa29bd91af16886b5884d0a51bf7419207ce30bbad312bc2ae65bef,cd14350ed60c62aaeb3f4a0c9100d6b9af11b295933e7670441a0c0aaffaa2e5,406a61a91866b7c12fa280a9fc06f77f422cc8e408f2eb57c806b8e210c71cb3,117.2697073492393,2.9198499999999998,21,50.23390642212032,0.2728774442738286,observed_profile_hessian,2167dae0d4e199080a74cec6fc3b6632fe9098b225c681c46cd6babe6aebd869,81360ecaaf075c00ccb47af9f38687b8695552926c2bc0602b71fb9514308068,21,9.9999999999999995e-07,"[{""attempt"": 0, ""tolerance"": 2e-07, ""free_valid"": true, ""nll"": 11.487451768247114, ""score"": 1.723066134218243e-13}]",1,11.487451768247114,1.723066134218243e-13,576906.97690523777
calibration,nominal,pole,120,45,12,mc,64186.10330855754,5348.841942379795,14529.199892530969,5127.1538633033442,-9.6850815754597654,,,,True,False,,False,,,64358,64282,48174,16108,76,f5aee22b45dd84e4224b08918ff1c78f55768dea32c26d5debea999970511cd1,dcbab8f4b834d21ba11e9800d94e02f5ff3cc98105102ab8f7db92aba9c9caf7,c8cad13e361dcb40c704447dd3c041d95ade448265ca56d334b8553dcab49fce,8da749bf4a57dc6ecf7f525907bdbb4ad3698a5a56a6722a3cb9f5f7688d2588,6070fb0c9d344168af48519d545e96dc4c6f2f1e40c880094ff44ed2d315d894,120,2.9198499999999998,21,50.23390642212032,0.2728774442738286,observed_profile_hessian,4adc2f0d84c1b9c2f2e1e85b3697c38690a24891e4b3b19ccaa2ac380a400fe0,b02919004c3cf470e2de0b591b699e6c21fd00429c5193bbef0988debc6c78c3,20,9.9999999999999995e-07,"[{""attempt"": 0, ""tolerance"": 2e-07, ""free_valid"": true, ""nll"": 56.15673874260095, ""score"": 8.681809027244469e-08}]",1,56.15673874260095,8.6818090272444692e-08,544273.00349819544
calibration,nominal,logshift,120,45,12,mc,64186.10330855754,5348.841942379795,53464.784483027768,5357.3933719657034,-2.0012192648821618,,,,True,False,,False,,,64358,64282,51903,12379,76,f5aee22b45dd84e4224b08918ff1c78f55768dea32c26d5debea999970511cd1,dcbab8f4b834d21ba11e9800d94e02f5ff3cc98105102ab8f7db92aba9c9caf7,c8cad13e361dcb40c704447dd3c041d95ade448265ca56d334b8553dcab49fce,cd14350ed60c62aaeb3f4a0c9100d6b9af11b295933e7670441a0c0aaffaa2e5,406a61a91866b7c12fa280a9fc06f77f422cc8e408f2eb57c806b8e210c71cb3,117.2697073492393,2.9198499999999998,21,50.23390642212032,0.2728774442738286,observed_profile_hessian,a63387fd4685ff9986288de37859d97eaef6eb7ec8906a4f1abb99bdd1a16a8d,bed18f6ef76501f57e362a45071f761987479929c6926eb1c9ff29bbc5414497,21,9.9999999999999995e-07,"[{""attempt"": 0, ""tolerance"": 2e-07, ""free_valid"": true, ""nll"": 12.766613995219963, ""score"": 2.6134649999676185e-13}]",1,12.766613995219963,2.6134649999676185e-13,576968.3183354811
calibration,nominal,pole,120,45,16,mc,85581.47107807672,5348.841942379795,22132.213764379281,5129.9774545852515,-12.368330636031457,,,,True,False,,False,,,85848,85770,63772,21998,78,f5aee22b45dd84e4224b08918ff1c78f55768dea32c26d5debea999970511cd1,206d4f60541c751dcbe2627ebe8a47ef44d98a8d88dee710b4dfb475d542f7f0,479b4d40dc460b05a99415f1f2a9caf4e04990f9eb537a960ad416e8d4ef9710,8da749bf4a57dc6ecf7f525907bdbb4ad3698a5a56a6722a3cb9f5f7688d2588,6070fb0c9d344168af48519d545e96dc4c6f2f1e40c880094ff44ed2d315d894,120,2.9198499999999998,21,50.23390642212032,0.2728774442738286,observed_profile_hessian,2e60b9d180ba14d3617e98b3b7a2fabcf89b3242630608091ded38a39450879a,5965f30f231e7a3a8e3997cf0ae15cf0e1c2a9e4e84600d07a087eaf97056ec3,21,9.9999999999999995e-07,"[{""attempt"": 0, ""tolerance"": 2e-07, ""free_valid"": true, ""nll"": 88.68155308333799, ""score"": 2.1027624086400465e-13}]",1,88.681553083337988,2.1027624086400465e-13,544453.35092217545
calibration,nominal,logshift,120,45,16,mc,85581.47107807672,5348.841942379795,70225.189938629468,5360.4191813895541,-2.8647537850699432,,,,True,False,,False,,,85848,85770,68835,16935,78,f5aee22b45dd84e4224b08918ff1c78f55768dea32c26d5debea999970511cd1,206d4f60541c751dcbe2627ebe8a47ef44d98a8d88dee710b4dfb475d542f7f0,479b4d40dc460b05a99415f1f2a9caf4e04990f9eb537a960ad416e8d4ef9710,cd14350ed60c62aaeb3f4a0c9100d6b9af11b295933e7670441a0c0aaffaa2e5,406a61a91866b7c12fa280a9fc06f77f422cc8e408f2eb57c806b8e210c71cb3,117.2697073492393,2.9198499999999998,21,50.23390642212032,0.2728774442738286,observed_profile_hessian,b3e77741537796f667e32a3a86aecf72bcc4a75411d432577e09c33340828e65,8785fb659e8ab33d8e8f8687dffb263266b5515e5271f1f9e97477e4a8f86eca,21,1.0000000000000001e-05,"[{""attempt"": 0, ""tolerance"": 2e-07, ""free_valid"": true, ""nll"": 15.701503961201398, ""score"": 2.6645352591003757e-14}]",1,15.701503961201398,2.6645352591003757e-14,577107.12025916122
calibration,nominal,pole,120,45,20,mc,106976.83884759591,5348.841942379795,30890.46796532482,5132.8172089459067,-14.823510712530606,,,,True,False,,False,,,107100,106997,79837,27160,103,f5aee22b45dd84e4224b08918ff1c78f55768dea32c26d5debea999970511cd1,a62ba2dcb6227d82f317aeea8a2188cd6b0ccaa676830bcb6d80d7fe71479e97,89265b5a75f8569a627f367ec542e611d235eb49f62dbdb8460dec9ffc0d308e,8da749bf4a57dc6ecf7f525907bdbb4ad3698a5a56a6722a3cb9f5f7688d2588,6070fb0c9d344168af48519d545e96dc4c6f2f1e40c880094ff44ed2d315d894,120,2.9198499999999998,21,50.23390642212032,0.2728774442738286,observed_profile_hessian,708778e2e495d8d4c696418083ce38a23b213422b7dfe8f5c97ec7cd427d73a5,13ee769e62712229e4ebf0bebc07208cc252ddedcac92b2e1376479fc43b4d6e,21,9.9999999999999995e-07,"[{""attempt"": 0, ""tolerance"": 2e-07, ""free_valid"": true, ""nll"": 129.51466581059154, ""score"": 6.439293542825908e-14}]",1,129.51466581059154,6.4392935428259079e-14,544624.62748795049
calibration,nominal,logshift,120,45,20,mc,106976.83884759591,5348.841942379795,87912.204243375454,5363.4896907407829,-3.554520601975339,,,,True,False,,False,,,107100,106997,86103,20894,103,f5aee22b45dd84e4224b08918ff1c78f55768dea32c26d5debea999970511cd1,a62ba2dcb6227d82f317aeea8a2188cd6b0ccaa676830bcb6d80d7fe71479e97,89265b5a75f8569a627f367ec542e611d235eb49f62dbdb8460dec9ffc0d308e,cd14350ed60c62aaeb3f4a0c9100d6b9af11b295933e7670441a0c0aaffaa2e5,406a61a91866b7c12fa280a9fc06f77f422cc8e408f2eb57c806b8e210c71cb3,117.2697073492393,2.9198499999999998,21,50.23390642212032,0.2728774442738286,observed_profile_hessian,11ead057e6b6fcd07f3bdc4a41c5fca54b84349f09edd93b9fafcffcb09c6b39,dda0834a298a4b4638a6041bdf09859997ffd0e06e3384ccb2173ddbd8c6613f,21,9.9999999999999995e-07,"[{""attempt"": 0, ""tolerance"": 2e-07, ""free_valid"": true, ""nll"": 18.266358832669535, ""score"": 4.376499163072367e-13}]",1,18.266358832669535,4.3764991630723671e-13,577242.40803773794
calibration,nominal,pole,120,45,24,mc,128372.20661711508,5348.841942379795,39471.050516857082,5135.7195230823136,-17.310360447196313,,,,True,False,,False,,,128237,128103,95841,32262,134,f5aee22b45dd84e4224b08918ff1c78f55768dea32c26d5debea999970511cd1,8a41ae4ccd64147926a4163eaeffe703fdea5dbd21df08093d7239bba8764474,6d03f3e24b54ebf3b43ca377fdd9d821dcc744e86c9509497f04563968a3c0e8,8da749bf4a57dc6ecf7f525907bdbb4ad3698a5a56a6722a3cb9f5f7688d2588,6070fb0c9d344168af48519d545e96dc4c6f2f1e40c880094ff44ed2d315d894,120,2.9198499999999998,21,50.23390642212032,0.2728774442738286,observed_profile_hessian,edddfec0d581466089698bac236f70fea0130e5f1657a2e6ae39ca0c1aaa09df,a500e8a902520c91dacb822a8f777f4455f6598a305850ac2f7b9329d3c4ea0b,21,1.0000000000000001e-05,"[{""attempt"": 0, ""tolerance"": 2e-07, ""free_valid"": true, ""nll"": 180.69306746037321, ""score"": 1.1546319456101628e-14}]",1,180.69306746037321,1.1546319456101628e-14,544804.25428425253
calibration,nominal,logshift,120,45,24,mc,128372.20661711508,5348.841942379795,105632.52443042106,5366.50046508382,-4.2373390880417716,,,,True,False,,False,,,128237,128103,103124,24979,134,f5aee22b45dd84e4224b08918ff1c78f55768dea32c26d5debea999970511cd1,8a41ae4ccd64147926a4163eaeffe703fdea5dbd21df08093d7239bba8764474,6d03f3e24b54ebf3b43ca377fdd9d821dcc744e86c9509497f04563968a3c0e8,cd14350ed60c62aaeb3f4a0c9100d6b9af11b295933e7670441a0c0aaffaa2e5,406a61a91866b7c12fa280a9fc06f77f422cc8e408f2eb57c806b8e210c71cb3,117.2697073492393,2.9198499999999998,21,50.23390642212032,0.2728774442738286,observed_profile_hessian,908984e64de9fd4593af070805a027f2a04d4c02b0500cebc6cc36b83a120014,a60cfceeccdf4d4b42612a520f8cbfffef25b184a4902792c388cd8d15133f91,21,9.9999999999999995e-07,"[{""attempt"": 0, ""tolerance"": 2e-07, ""free_valid"": true, ""nll"": 22.738932933159614, ""score"": 2.6911806116913795e-13}]",1,22.738932933159614,2.6911806116913795e-13,577379.69789863087
calibration,nominal,pole,120,46,0,mc,0,5348.841942379795,-121.67434221111188,5118.309844942075,-0.02377236742151332,,,,True,False,,False,,,0,0,0,0,0,c73d9498c0f71c1d2584799000b443532fc7d66d6fbd57d9d6a7eed362923cce,d3bb56f8ed6d718b0d014fd9eec6c619f30907068e2667d838febcc69349baac,c73d9498c0f71c1d2584799000b443532fc7d66d6fbd57d9d6a7eed362923cce,8da749bf4a57dc6ecf7f525907bdbb4ad3698a5a56a6722a3cb9f5f7688d2588,6070fb0c9d344168af48519d545e96dc4c6f2f1e40c880094ff44ed2d315d894,120,2.9198499999999998,21,50.23390642212032,0.2728774442738286,observed_profile_hessian,dca3f5e992a193276abbcfeed8ddddb1a9f424f054c637f94671736e81f2618f,7c7a5cc27f7f74bd1786ec2745c4ba0c327ea609f5ba5e8aa308efca2acebdb6,21,9.9999999999999995e-07,"[{""attempt"": 0, ""tolerance"": 2e-07, ""free_valid"": true, ""nll"": 7.772854303718524, ""score"": 2.059097337081539e-11}]",1,7.7728543037185238,2.0590973370815391e-11,543441.86338212201
calibration,nominal,logshift,120,46,0,mc,0,5348.841942379795,3808.7252999209686,5348.9423984220512,0.71205203126594718,,,,True,False,,False,,,0,0,0,0,0,c73d9498c0f71c1d2584799000b443532fc7d66d6fbd57d9d6a7eed362923cce,d3bb56f8ed6d718b0d014fd9eec6c619f30907068e2667d838febcc69349baac,c73d9498c0f71c1d2584799000b443532fc7d66d6fbd57d9d6a7eed362923cce,cd14350ed60c62aaeb3f4a0c9100d6b9af11b295933e7670441a0c0aaffaa2e5,406a61a91866b7c12fa280a9fc06f77f422cc8e408f2eb57c806b8e210c71cb3,117.2697073492393,2.9198499999999998,21,50.23390642212032,0.2728774442738286,observed_profile_hessian,39aa6e68c05787d5d8b1e97890f0f1a7c7fce8d36b9fe053bde9c8e8e07835ea,30382f5ac4b8fd094121e3fbc1f409cabd0137852187aff7433d62046d929d54,21,9.9999999999999995e-07,"[{""attempt"": 0, ""tolerance"": 2e-07, ""free_valid"": true, ""nll"": 5.875058607691088, ""score"": 1.8388623956866468e-12}]",1,5.8750586076910878,1.8388623956866468e-12,576458.24677223153
calibration,nominal,pole,120,46,1,mc,5348.841942379795,5348.841942379795,1958.4480554502093,5119.0176038755826,-0.66231338692071218,,,,True,False,,False,,,5343,5338,3991,1347,5,c73d9498c0f71c1d2584799000b443532fc7d66d6fbd57d9d6a7eed362923cce,3649606adf84c8622ec4ccdfb73d6bc0f8c2ad47598a1f9c16f386814f614919,9803b508f64e1902b77945a284e1f1783155f889c815adbe0a7ff373ac93e0e1,8da749bf4a57dc6ecf7f525907bdbb4ad3698a5a56a6722a3cb9f5f7688d2588,6070fb0c9d344168af48519d545e96dc4c6f2f1e40c880094ff44ed2d315d894,120,2.9198499999999998,21,50.23390642212032,0.2728774442738286,observed_profile_hessian,7be67c7e96c1590c81396f691dfa19f4dd63df1c5dd0a5d4df4f577788251b46,2ae166056516617c7c640bd3bfa70b137747fc842ad966f75fdad2a24952e7a1,21,9.9999999999999995e-07,"[{""attempt"": 0, ""tolerance"": 2e-07, ""free_valid"": true, ""nll"": 9.133066208258004, ""score"": 3.559279537768134e-10}]",1,9.1330662082580041,3.5592795377681341e-10,543484.75269042247
calibration,nominal,logshift,120,46,1,mc,5348.841942379795,5348.841942379795,8307.0949270459241,5349.7069341701726,0.55297477433219488,,,,True,False,,False,,,5343,5338,4289,1049,5,c73d9498c0f71c1d2584799000b443532fc7d66d6fbd57d9d6a7eed362923cce,3649606adf84c8622ec4ccdfb73d6bc0f8c2ad47598a1f9c16f386814f614919,9803b508f64e1902b77945a284e1f1783155f889c815adbe0a7ff373ac93e0e1,cd14350ed60c62aaeb3f4a0c9100d6b9af11b295933e7670441a0c0aaffaa2e5,406a61a91866b7c12fa280a9fc06f77f422cc8e408f2eb57c806b8e210c71cb3,117.2697073492393,2.9198499999999998,21,50.23390642212032,0.2728774442738286,observed_profile_hessian,071d72f5a4b93c7157fb28fe2dc9440d2d8cacc9471592b9376f1dcf3bb352e8,f944b9d0f63ae347ad93616b964c8c240516250dd4ddebc8d3630352e2ac2bb6,21,9.9999999999999995e-07,"[{""attempt"": 0, ""tolerance"": 2e-07, ""free_valid"": true, ""nll"": 6.277939491966065, ""score"": 4.135376485692177e-10}]",1,6.2779394919660652,4.1353764856921771e-10,576488.5195656881
calibration,nominal,pole,120,46,2,mc,10697.68388475959,5348.841942379795,4052.9054447767753,5119.7554425907738,-1.2978702819875956,,,,True,False,,False,,,10797,10779,8098,2681,18,c73d9498c0f71c1d2584799000b443532fc7d66d6fbd57d9d6a7eed362923cce,215488c140b56e8c65347a93ddd4d648ebac01974bdeaeaba9241e525cb849d4,fd63781d60844c68f16b6943c519daf7b7c5d45dcc9de24808d687059d96fb44,8da749bf4a57dc6ecf7f525907bdbb4ad3698a5a56a6722a3cb9f5f7688d2588,6070fb0c9d344168af48519d545e96dc4c6f2f1e40c880094ff44ed2d315d894,120,2.9198499999999998,21,50.23390642212032,0.2728774442738286,observed_profile_hessian,a302daad583d0a57a93253a9c6d1bc733b3d0e8ef6ce3990600244ea3cec3ed4,373369a1a6c579a5cbc51a2a881fe66f5ad8f7f888eb2f575ce7b906b185e5aa,21,9.9999999999999995e-07,"[{""attempt"": 0, ""tolerance"": 2e-07, ""free_valid"": true, ""nll"": 10.924918660948196, ""score"": 1.8941942458994276e-09}]",1,10.924918660948196,1.8941942458994276e-09,543531.85401306674
calibration,nominal,logshift,120,46,2,mc,10697.68388475959,5348.841942379795,12723.945709076583,5350.4956489066553,0.3787054428744463,,,,True,False,,False,,,10797,10779,8702,2077,18,c73d9498c0f71c1d2584799000b443532fc7d66d6fbd57d9d6a7eed362923cce,215488c140b56e8c65347a93ddd4d648ebac01974bdeaeaba9241e525cb849d4,fd63781d60844c68f16b6943c519daf7b7c5d45dcc9de24808d687059d96fb44,cd14350ed60c62aaeb3f4a0c9100d6b9af11b295933e7670441a0c0aaffaa2e5,406a61a91866b7c12fa280a9fc06f77f422cc8e408f2eb57c806b8e210c71cb3,117.2697073492393,2.9198499999999998,21,50.23390642212032,0.2728774442738286,observed_profile_hessian,afcbbafd042f580cf9456e1a3ca5ede5713e5c360817eb1b28b42df9e7e8e07e,a5632dc7f491f1491883ca6b93ea0f2f6776ba1be7daf4eb36a4a3f733d62b8f,21,1.0000000000000001e-05,"[{""attempt"": 0, ""tolerance"": 2e-07, ""free_valid"": true, ""nll"": 6.526539366132475, ""score"": 3.939703008271067e-09}]",1,6.5265393661324751,3.9397030082710671e-09,576525.70965873986
calibration,nominal,pole,120,46,3,mc,16046.525827139385,5348.841942379795,5906.5314555146615,5120.4348594422427,-1.9802994569740997,,,,True,False,,False,,,15883,15867,11836,4031,16,c73d9498c0f71c1d2584799000b443532fc7d66d6fbd57d9d6a7eed362923cce,35dc24d3f5a8782fd7b29a49dbecd392d93f571a6fcf7f61d490efc87b17d341,92fa9733864ae68aad85b6d473f061743be9c11e8152270e6a403393eff8dd51,8da749bf4a57dc6ecf7f525907bdbb4ad3698a5a56a6722a3cb9f5f7688d2588,6070fb0c9d344168af48519d545e96dc4c6f2f1e40c880094ff44ed2d315d894,120,2.9198499999999998,21,50.23390642212032,0.2728774442738286,observed_profile_hessian,2177859a4d14135faf5c062099a58b1b0c10337d68c5164397a5d328e59d27dd,3266dc4fd45b5121613102e4188226e3e67ac8ad6959bca0571b6e18a9650af3,21,9.9999999999999995e-07,"[{""attempt"": 0, ""tolerance"": 2e-07, ""free_valid"": true, ""nll"": 13.417126974869387, ""score"": 5.50713918912038e-09}]",1,13.417126974869387,5.5071391891203803e-09,543573.85062756191
calibration,nominal,logshift,120,46,3,mc,16046.525827139385,5348.841942379795,16845.63962743901,5351.2052612622438,0.14933342327278429,,,,True,False,,False,,,15883,15867,12755,3112,16,c73d9498c0f71c1d2584799000b443532fc7d66d6fbd57d9d6a7eed362923cce,35dc24d3f5a8782fd7b29a49dbecd392d93f571a6fcf7f61d490efc87b17d341,92fa9733864ae68aad85b6d473f061743be9c11e8152270e6a403393eff8dd51,cd14350ed60c62aaeb3f4a0c9100d6b9af11b295933e7670441a0c0aaffaa2e5,406a61a91866b7c12fa280a9fc06f77f422cc8e408f2eb57c806b8e210c71cb3,117.2697073492393,2.9198499999999998,21,50.23390642212032,0.2728774442738286,observed_profile_hessian,d5514c586e7685eaf406cb10b323b41ebfa04bb60f5421347b4ac4883495c679,12937aa72cd6b77436bfc0c1c6f04b3785bd401391533853b77d70ff11a19c8d,21,9.9999999999999995e-07,"[{""attempt"": 0, ""tolerance"": 2e-07, ""free_valid"": true, ""nll"": 7.169234409837365, ""score"": 1.5050207302635954e-08}]",1,7.1692344098373653,1.5050207302635954e-08,576556.40724298963
calibration,nominal,pole,120,46,4,mc,21395.36776951918,5348.841942379795,8323.8604012069281,5121.1878132819693,-2.552436630894666,,,,True,False,,False,,,21469,21453,15939,5514,16,c73d9498c0f71c1d2584799000b443532fc7d66d6fbd57d9d6a7eed362923cce,92bd444c93640391abf524f6eecf5b1409f2e0a4d1321176740b0691641a1377,ec8ca2df890a93f100510d3a3201ff159ebf46c508d6b923e39e1099c8b8fa1c,8da749bf4a57dc6ecf7f525907bdbb4ad3698a5a56a6722a3cb9f5f7688d2588,6070fb0c9d344168af48519d545e96dc4c6f2f1e40c880094ff44ed2d315d894,120,2.9198499999999998,21,50.23390642212032,0.2728774442738286,observed_profile_hessian,f655c79c5bf36c95d6711a911d44c691f422c353e29ec93334429ec1254877d6,b0ec1070a6ba0ea8a2af86c5ff6746241ad9dd564f99d4d35ecdc0d8c86d0b97,21,9.9999999999999995e-07,"[{""attempt"": 0, ""tolerance"": 2e-07, ""free_valid"": true, ""nll"": 16.228269326582666, ""score"": 1.4768436917833583e-08}]",1,16.228269326582666,1.4768436917833583e-08,543615.7438122154
calibration,nominal,logshift,120,46,4,mc,21395.36776951918,5348.841942379795,21542.047884687479,5351.9966126742474,0.027406615845185917,,,,True,False,,False,,,21469,21453,17154,4299,16,c73d9498c0f71c1d2584799000b443532fc7d66d6fbd57d9d6a7eed362923cce,92bd444c93640391abf524f6eecf5b1409f2e0a4d1321176740b0691641a1377,ec8ca2df890a93f100510d3a3201ff159ebf46c508d6b923e39e1099c8b8fa1c,cd14350ed60c62aaeb3f4a0c9100d6b9af11b295933e7670441a0c0aaffaa2e5,406a61a91866b7c12fa280a9fc06f77f422cc8e408f2eb57c806b8e210c71cb3,117.2697073492393,2.9198499999999998,21,50.23390642212032,0.2728774442738286,observed_profile_hessian,8a4449a7ce3c3e400bd957f4ce4b0b212175e1fb912b95d203ecb7e3a19f0ea2,0c3a2c3b21c47aa9876157d2f878fe974ffbd38ed2808cede2c0a33c4c9591cf,21,9.9999999999999995e-07,"[{""attempt"": 0, ""tolerance"": 2e-07, ""free_valid"": true, ""nll"": 7.382113673496125, ""score"": 4.550471777164944e-08}]",1,7.382113673496125,4.5504717771649439e-08,576588.7081764848
calibration,nominal,pole,120,46,5,mc,26744.209711898977,5348.841942379795,9972.3900610201672,5121.833148192376,-3.2745736078493706,,,,True,False,,False,,,26416,26392,19641,6751,24,c73d9498c0f71c1d2584799000b443532fc7d66d6fbd57d9d6a7eed362923cce,8ec0b457022e75cdc42edba2982b19db8ef88407f056afaab9ff28ea62b9e374,cdb29c4e0bf6c880f6e8157105fe088ba3a9310e50043b9251e1c0f659ac650d,8da749bf4a57dc6ecf7f525907bdbb4ad3698a5a56a6722a3cb9f5f7688d2588,6070fb0c9d344168af48519d545e96dc4c6f2f1e40c880094ff44ed2d315d894,120,2.9198499999999998,21,50.23390642212032,0.2728774442738286,observed_profile_hessian,a480bd5ebaac4701ce17da09f36a83717c50c5b93de3e6414c13a9110cbe3106,21350033c17be6e2e877293d5c25c05f6619dbf7397639ac3535c53bcb458185,21,9.9999999999999995e-07,"[{""attempt"": 0, ""tolerance"": 2e-07, ""free_valid"": true, ""nll"": 19.14126304080913, ""score"": 2.7910665556518666e-08}]",1,19.141263040809129,2.7910665556518666e-08,543660.36696711346
calibration,nominal,logshift,120,46,5,mc,26744.209711898977,5348.841942379795,25333.18758862924,5352.7158150879377,-0.26360863756159558,,,,True,False,,False,,,26416,26392,21215,5177,24,c73d9498c0f71c1d2584799000b443532fc7d66d6fbd57d9d6a7eed362923cce,8ec0b457022e75cdc42edba2982b19db8ef88407f056afaab9ff28ea62b9e374,cdb29c4e0bf6c880f6e8157105fe088ba3a9310e50043b9251e1c0f659ac650d,cd14350ed60c62aaeb3f4a0c9100d6b9af11b295933e7670441a0c0aaffaa2e5,406a61a91866b7c12fa280a9fc06f77f422cc8e408f2eb57c806b8e210c71cb3,117.2697073492393,2.9198499999999998,21,50.23390642212032,0.2728774442738286,observed_profile_hessian,ab1ecd7733da4794159dda47dee03235460eb96188ca09ef9c3332f7aebb1820,57d8b2e8eb5c5fcfff7ce68b5f986d5eeb66d95d45e5fb6aa9e47afd824ae6ca,21,9.9999999999999995e-07,"[{""attempt"": 0, ""tolerance"": 2e-07, ""free_valid"": true, ""nll"": 7.738814022727938, ""score"": 9.742778983579115e-08}]",1,7.7388140227279383,9.7427789835791145e-08,576624.4452625874
calibration,nominal,pole,120,46,6,mc,32093.05165427877,5348.841942379795,12304.98452114278,5122.5808179079631,-3.8629097005086082,,,,True,False,,False,,,32085,32048,23860,8188,37,c73d9498c0f71c1d2584799000b443532fc7d66d6fbd57d9d6a7eed362923cce,905832102154f1fa2c2410cab0228f55123f80ab7a3ee564ac97906e0dd15b1b,7c0ad81b7d8ad9645c37a1e9c57d236096db9c894dc94f013bd43e167f251917,8da749bf4a57dc6ecf7f525907bdbb4ad3698a5a56a6722a3cb9f5f7688d2588,6070fb0c9d344168af48519d545e96dc4c6f2f1e40c880094ff44ed2d315d894,120,2.9198499999999998,21,50.23390642212032,0.2728774442738286,observed_profile_hessian,3eb2b1a226c6f2554dee46879aacf5c715b7daab50655a52ed7c8c4effa0facf,ef606f941d76f653d9c420d765be143bd22a591c425ed037892e20e2682ba66c,21,9.9999999999999995e-07,"[{""attempt"": 0, ""tolerance"": 2e-07, ""free_valid"": true, ""nll"": 23.36682039319584, ""score"": 5.5307484592148626e-08}]",1,23.366820393195841,5.5307484592148626e-08,543705.82217065128
calibration,nominal,logshift,120,46,6,mc,32093.05165427877,5348.841942379795,30079.319619335482,5353.5311647932076,-0.37615024045929385,,,,True,False,,False,,,32085,32048,25758,6290,37,c73d9498c0f71c1d2584799000b443532fc7d66d6fbd57d9d6a7eed362923cce,905832102154f1fa2c2410cab0228f55123f80ab7a3ee564ac97906e0dd15b1b,7c0ad81b7d8ad9645c37a1e9c57d236096db9c894dc94f013bd43e167f251917,cd14350ed60c62aaeb3f4a0c9100d6b9af11b295933e7670441a0c0aaffaa2e5,406a61a91866b7c12fa280a9fc06f77f422cc8e408f2eb57c806b8e210c71cb3,117.2697073492393,2.9198499999999998,21,50.23390642212032,0.2728774442738286,observed_profile_hessian,1935156e578e5e095169abd9b52cc6c4ed7f77706f350ac0445645e09700b237,5fbd0eed47de9f97e35768c3a72b1a157f773a6544c3427a856d870f1d21b0ea,21,9.9999999999999995e-07,"[{""attempt"": 0, ""tolerance"": 2e-07, ""free_valid"": true, ""nll"": 8.27478508324945, ""score"": 3.629735401133871e-14}]",1,8.2747850832494496,3.6297354011338712e-14,576658.77730848093
calibration,nominal,pole,120,46,8,mc,42790.73553903836,5348.841942379795,16593.396719755874,5123.9959965160915,-5.1126774566363027,,,,True,False,,False,,,42478,42437,31703,10734,41,c73d9498c0f71c1d2584799000b443532fc7d66d6fbd57d9d6a7eed362923cce,ee4e3c786fd0a8bc1ee5ea7834fe6067ff279f4f8e37519bc802dcb7751a958a,5c16d2202891ac76ff4bb12109028f220c5aa7f57369a101ab728411ef36f9d8,8da749bf4a57dc6ecf7f525907bdbb4ad3698a5a56a6722a3cb9f5f7688d2588,6070fb0c9d344168af48519d545e96dc4c6f2f1e40c880094ff44ed2d315d894,120,2.9198499999999998,21,50.23390642212032,0.2728774442738286,observed_profile_hessian,8a540d0647653a2d9eb19342054c673036f9be78c181194c2cd0e143e84f2230,7b732c4b5de999ba0a92edde54cb8fcccb8eaae0bf6dfc359d9c9cd86d06d292,21,1.0000000000000001e-05,"[{""attempt"": 0, ""tolerance"": 2e-07, ""free_valid"": true, ""nll"": 32.70054023288914, ""score"": 1.553837529755242e-07}]",1,32.700540232889139,1.553837529755242e-07,543786.81360099523
calibration,nominal,logshift,120,46,8,mc,42790.73553903836,5348.841942379795,38970.808819745827,5355.0125653826126,-0.71333664910263406,,,,True,False,,False,,,42478,42437,34164,8273,41,c73d9498c0f71c1d2584799000b443532fc7d66d6fbd57d9d6a7eed362923cce,ee4e3c786fd0a8bc1ee5ea7834fe6067ff279f4f8e37519bc802dcb7751a958a,5c16d2202891ac76ff4bb12109028f220c5aa7f57369a101ab728411ef36f9d8,cd14350ed60c62aaeb3f4a0c9100d6b9af11b295933e7670441a0c0aaffaa2e5,406a61a91866b7c12fa280a9fc06f77f422cc8e408f2eb57c806b8e210c71cb3,117.2697073492393,2.9198499999999998,21,50.23390642212032,0.2728774442738286,observed_profile_hessian,a0090197a8d7da5914bb248d1eba681b00b12c88e9598a24dec82d2db6b1db0a,c97f35203b693430909c8355014fb7c00c53e2211ea27c40956a5c59c50cbc92,21,1.0000000000000001e-05,"[{""attempt"": 0, ""tolerance"": 2e-07, ""free_valid"": true, ""nll"": 9.172951956385571, ""score"": 1.7630341631047486e-13}]",1,9.172951956385571,1.7630341631047486e-13,576717.79832487844
calibration,nominal,pole,120,46,10,mc,53488.419423797954,5348.841942379795,20662.796533090819,5125.4830299911018,-6.4043959756831192,,,,True,False,,False,,,53664,53613,39817,13796,51,c73d9498c0f71c1d2584799000b443532fc7d66d6fbd57d9d6a7eed362923cce,678774e4596aa9bbe154ce938a3634faa48c149595a3cf874d4c3e0c563207f9,6398a8fa4d16cd61c8ea25fc8454e345c76db58444aba6f8d2a384e4288a5267,8da749bf4a57dc6ecf7f525907bdbb4ad3698a5a56a6722a3cb9f5f7688d2588,6070fb0c9d344168af48519d545e96dc4c6f2f1e40c880094ff44ed2d315d894,120,2.9198499999999998,21,50.23390642212032,0.2728774442738286,observed_profile_hessian,0793f90edbe3f2dc5e0ddab591d84ccbc273bcc99b7d4e7a037355efb902cc4d,a5edc583ed98205bd101bd41a77c78cfe4b49b3f19ac8508f2993015324904cd,21,9.9999999999999995e-07,"[{""attempt"": 0, ""tolerance"": 2e-07, ""free_valid"": true, ""nll"": 44.07396540180046, ""score"": 4.796163466380676e-14}]",1,44.073965401800457,4.7961634663806763e-14,543881.77489516651
calibration,nominal,logshift,120,46,10,mc,53488.419423797954,5348.841942379795,47615.301891964751,5356.5938680772615,-1.0964276322747137,,,,True,False,,False,,,53664,53613,42986,10627,51,c73d9498c0f71c1d2584799000b443532fc7d66d6fbd57d9d6a7eed362923cce,678774e4596aa9bbe154ce938a3634faa48c149595a3cf874d4c3e0c563207f9,6398a8fa4d16cd61c8ea25fc8454e345c76db58444aba6f8d2a384e4288a5267,cd14350ed60c62aaeb3f4a0c9100d6b9af11b295933e7670441a0c0aaffaa2e5,406a61a91866b7c12fa280a9fc06f77f422cc8e408f2eb57c806b8e210c71cb3,117.2697073492393,2.9198499999999998,21,50.23390642212032,0.2728774442738286,observed_profile_hessian,b532860fe82919d91dd0bb13cb73a756b89f69895051ef39686914faffa80d49,13d47ef819970280e9a9aa3ca5ac42a490c67e30efa27b670a575105c97b8f5d,21,9.9999999999999995e-07,"[{""attempt"": 0, ""tolerance"": 2e-07, ""free_valid"": true, ""nll"": 10.37749389538228, ""score"": 8.141404217454351e-14}]",1,10.37749389538228,8.1414042174543511e-14,576794.81423156115
calibration,nominal,pole,120,46,12,mc,64186.10330855754,5348.841942379795,24374.572640675284,5126.8313598266041,-7.7653286940237347,,,,True,False,,False,,,63945,63881,47448,16433,64,c73d9498c0f71c1d2584799000b443532fc7d66d6fbd57d9d6a7eed362923cce,79444f857e5a006410c62bfd3259455837241d7935abeb944db79fefd57d7366,ec62bb77a8909364bf4bded9ba9bbafe2a2bd6aedcc7c1678dda94182aa5c1ea,8da749bf4a57dc6ecf7f525907bdbb4ad3698a5a56a6722a3cb9f5f7688d2588,6070fb0c9d344168af48519d545e96dc4c6f2f1e40c880094ff44ed2d315d894,120,2.9198499999999998,21,50.23390642212032,0.2728774442738286,observed_profile_hessian,aca66b71b7fb8756968b46334826b867216158ef705fa9f011c5c843314ae59c,347ac236bcf8082c4b2c6735f9eaee45e30e44eb745320d0b7cffb74d9fb9c37,21,9.9999999999999995e-07,"[{""attempt"": 0, ""tolerance"": 2e-07, ""free_valid"": true, ""nll"": 56.44652981065239, ""score"": 4.929390229335695e-14}]",1,56.446529810652393,4.929390229335695e-14,543969.27836218872
calibration,nominal,logshift,120,46,12,mc,64186.10330855754,5348.841942379795,55721.59191565535,5358.1027998289292,-1.5797590507543904,,,,True,False,,False,,,63945,63881,51214,12667,64,c73d9498c0f71c1d2584799000b443532fc7d66d6fbd57d9d6a7eed362923cce,79444f857e5a006410c62bfd3259455837241d7935abeb944db79fefd57d7366,ec62bb77a8909364bf4bded9ba9bbafe2a2bd6aedcc7c1678dda94182aa5c1ea,cd14350ed60c62aaeb3f4a0c9100d6b9af11b295933e7670441a0c0aaffaa2e5,406a61a91866b7c12fa280a9fc06f77f422cc8e408f2eb57c806b8e210c71cb3,117.2697073492393,2.9198499999999998,21,50.23390642212032,0.2728774442738286,observed_profile_hessian,b053dc4a6de5dd32a0d4e02b3024a100f1a71f7d95a915f901f5d58f583e35d7,39f0a2a67cc1790c03471df9c87a508cd1f598c20077afca13818db943a825b2,21,9.9999999999999995e-07,"[{""attempt"": 0, ""tolerance"": 2e-07, ""free_valid"": true, ""nll"": 11.41498638516171, ""score"": 4.241051954068098e-14}]",1,11.414986385161709,4.241051954068098e-14,576863.53158481407
calibration,nominal,pole,120,46,16,mc,85581.47107807672,5348.841942379795,33106.956715945758,5129.771947099438,-10.229404913760735,,,,True,False,,False,,,86066,85972,63989,21983,94,c73d9498c0f71c1d2584799000b443532fc7d66d6fbd57d9d6a7eed362923cce,b86f2281b95b4c712e4a9a31d6467f78da6c97c7edd1c7783b5fbcacb484bb76,3731e1ca7e0cf43b72b9c1bbaa88fc223b7c99a563e9b76f28f2323f1e6b9515,8da749bf4a57dc6ecf7f525907bdbb4ad3698a5a56a6722a3cb9f5f7688d2588,6070fb0c9d344168af48519d545e96dc4c6f2f1e40c880094ff44ed2d315d894,120,2.9198499999999998,21,50.23390642212032,0.2728774442738286,observed_profile_hessian,9334788036dfcdf23c6423147358dfb92e766a4f6ec00b7893a98fcca3ed425a,4b3933d87b8e87c3d7cef2d9eb9b0c198078622cd937796685f8543c254feb91,21,9.9999999999999995e-07,"[{""attempt"": 0, ""tolerance"": 2e-07, ""free_valid"": true, ""nll"": 92.89673815750598, ""score"": 1.5365486660812167e-13}]",1,92.896738157505979,1.5365486660812167e-13,544146.53005686309
calibration,nominal,logshift,120,46,16,mc,85581.47107807672,5348.841942379795,74617.836407755589,5361.2197158762647,-2.044988874053109,,,,True,False,,False,,,86066,85972,68905,17067,94,c73d9498c0f71c1d2584799000b443532fc7d66d6fbd57d9d6a7eed362923cce,b86f2281b95b4c712e4a9a31d6467f78da6c97c7edd1c7783b5fbcacb484bb76,3731e1ca7e0cf43b72b9c1bbaa88fc223b7c99a563e9b76f28f2323f1e6b9515,cd14350ed60c62aaeb3f4a0c9100d6b9af11b295933e7670441a0c0aaffaa2e5,406a61a91866b7c12fa280a9fc06f77f422cc8e408f2eb57c806b8e210c71cb3,117.2697073492393,2.9198499999999998,21,50.23390642212032,0.2728774442738286,observed_profile_hessian,c94ec31db15917248a5a9f4a498f384401a6fa773f33b0dae4b31dd24654d731,c8a35032d4a1d4bd88483ca233db24b7e239ffc47112d787f268b59b46fca4e7,21,9.9999999999999995e-07,"[{""attempt"": 0, ""tolerance"": 2e-07, ""free_valid"": true, ""nll"": 14.823465396671578, ""score"": 1.1457501614131615e-13}]",1,14.823465396671578,1.1457501614131615e-13,576984.7123512855
calibration,nominal,pole,120,46,20,mc,106976.83884759591,5348.841942379795,41766.38171822032,5132.7156231061199,-12.70486462094558,,,,True,False,,False,,,107475,107377,80330,27047,98,c73d9498c0f71c1d2584799000b443532fc7d66d6fbd57d9d6a7eed362923cce,676dd6f117be9ae7c58c6db04d91c6e6fedaf82b6c29f57474138e6f6af8b473,de61902833a5e86b27408d32e871c0bfd02f645c91cb6cc3e25b11c786438235,8da749bf4a57dc6ecf7f525907bdbb4ad3698a5a56a6722a3cb9f5f7688d2588,6070fb0c9d344168af48519d545e96dc4c6f2f1e40c880094ff44ed2d315d894,120,2.9198499999999998,21,50.23390642212032,0.2728774442738286,observed_profile_hessian,0614b05ede69f3d0b030a37c2d1d43e05874f747d8fce06e700f368b5997ff01,c40387bd6b806d620e29dedce2bc368cce3843ec4264d4439a1cf96808e498c1,21,9.9999999999999995e-07,"[{""attempt"": 0, ""tolerance"": 2e-07, ""free_valid"": true, ""nll"": 136.34677037276327, ""score"": 1.6475709685437323e-13}]",1,136.34677037276327,1.6475709685437323e-13,544324.9783664085
calibration,nominal,logshift,120,46,20,mc,106976.83884759591,5348.841942379795,92813.719389174337,5364.3269896947995,-2.640241634342908,,,,True,False,,False,,,107475,107377,86591,20786,98,c73d9498c0f71c1d2584799000b443532fc7d66d6fbd57d9d6a7eed362923cce,676dd6f117be9ae7c58c6db04d91c6e6fedaf82b6c29f57474138e6f6af8b473,de61902833a5e86b27408d32e871c0bfd02f645c91cb6cc3e25b11c786438235,cd14350ed60c62aaeb3f4a0c9100d6b9af11b295933e7670441a0c0aaffaa2e5,406a61a91866b7c12fa280a9fc06f77f422cc8e408f2eb57c806b8e210c71cb3,117.2697073492393,2.9198499999999998,21,50.23390642212032,0.2728774442738286,observed_profile_hessian,7edc23071a01957d5465975b299c8e25342f9eed6682e7eb4c3eb17b9d8dcb0f,b049b32c6642bc0d1f31d3f8148cd2389c53e6490b60dccbe6fdb54009995284,21,9.9999999999999995e-07,"[{""attempt"": 0, ""tolerance"": 2e-07, ""free_valid"": true, ""nll"": 18.205487134417417, ""score"": 1.496580637194711e-13}]",1,18.205487134417417,1.496580637194711e-13,577119.14586315269
calibration,nominal,pole,120,46,24,mc,128372.20661711508,5348.841942379795,49599.070571617311,5135.4959328594787,-15.338954031969481,,,,True,False,,False,,,128793,128682,95857,32825,111,c73d9498c0f71c1d2584799000b443532fc7d66d6fbd57d9d6a7eed362923cce,e958947f89614a504560cff69855b5426340daaa7ed7c497531073fd4b7139b0,b81261fb2971dba3b273c3ea47b03dbf787f4876aced2d69fc2d2e984d2102a7,8da749bf4a57dc6ecf7f525907bdbb4ad3698a5a56a6722a3cb9f5f7688d2588,6070fb0c9d344168af48519d545e96dc4c6f2f1e40c880094ff44ed2d315d894,120,2.9198499999999998,21,50.23390642212032,0.2728774442738286,observed_profile_hessian,409ed91deb1e3d03bd2f1bd79b9166950091aafb1f8a8ecda34364133fabf825,02776ac0dd287f2ab1d064b0e0dbd74f1b59fed7fa52fe79e8cc0b14fafc275f,21,9.9999999999999995e-07,"[{""attempt"": 0, ""tolerance"": 2e-07, ""free_valid"": true, ""nll"": 184.7878680503368, ""score"": 5.1958437552457326e-14}]",1,184.78786805033681,5.1958437552457326e-14,544500.65961309115
calibration,nominal,logshift,120,46,24,mc,128372.20661711508,5348.841942379795,109667.48967419768,5367.3139289299243,-3.4849306730688165,,,,True,False,,False,,,128793,128682,103398,25284,111,c73d9498c0f71c1d2584799000b443532fc7d66d6fbd57d9d6a7eed362923cce,e958947f89614a504560cff69855b5426340daaa7ed7c497531073fd4b7139b0,b81261fb2971dba3b273c3ea47b03dbf787f4876aced2d69fc2d2e984d2102a7,cd14350ed60c62aaeb3f4a0c9100d6b9af11b295933e7670441a0c0aaffaa2e5,406a61a91866b7c12fa280a9fc06f77f422cc8e408f2eb57c806b8e210c71cb3,117.2697073492393,2.9198499999999998,21,50.23390642212032,0.2728774442738286,observed_profile_hessian,ca2b9e07ea7d2c8555db6250f9dc2c872b41e0cde1377dd101de320a304d6562,ef1382b0eb6b4003556b9b7703f7fbd5b1f231bf34927e8b912f56be9094bfe4,21,9.9999999999999995e-07,"[{""attempt"": 0, ""tolerance"": 2e-07, ""free_valid"": true, ""nll"": 21.7243508386956, ""score"": 4.4941828036826337e-13}]",1,21.724350838695599,4.4941828036826337e-13,577253.8642606003
calibration,nominal,pole,120,47,0,mc,0,5348.841942379795,-499.23329873577535,5117.0854999649391,-0.097562039707797726,,,,True,False,,False,,,0,0,0,0,0,1cb255fad7c6ca244dad18e67ca67dc6b44269fe11f4dd4a90d886482b8c5c9d,d3bb56f8ed6d718b0d014fd9eec6c619f30907068e2667d838febcc69349baac,1cb255fad7c6ca244dad18e67ca67dc6b44269fe11f4dd4a90d886482b8c5c9d,8da749bf4a57dc6ecf7f525907bdbb4ad3698a5a56a6722a3cb9f5f7688d2588,6070fb0c9d344168af48519d545e96dc4c6f2f1e40c880094ff44ed2d315d894,120,2.9198499999999998,21,50.23390642212032,0.2728774442738286,observed_profile_hessian,41c40cff3f880adf4dd1fb13afb62bac33beaa5e34338f786f492efd0e21566b,02edbfca81bc9f1557dacb4130c05b0f6bcfcb83e60361d40a80ee4142cfad3d,20,9.9999999999999995e-07,"[{""attempt"": 0, ""tolerance"": 2e-07, ""free_valid"": true, ""nll"": 13.010776704251409, ""score"": 3.076705556992465e-13}]",1,13.010776704251409,3.0767055569924651e-13,543446.66463128652
calibration,nominal,logshift,120,47,0,mc,0,5348.841942379795,-6566.46417083914,5348.404970913055,-1.2277425151143975,,,,True,False,,False,,,0,0,0,0,0,1cb255fad7c6ca244dad18e67ca67dc6b44269fe11f4dd4a90d886482b8c5c9d,d3bb56f8ed6d718b0d014fd9eec6c619f30907068e2667d838febcc69349baac,1cb255fad7c6ca244dad18e67ca67dc6b44269fe11f4dd4a90d886482b8c5c9d,cd14350ed60c62aaeb3f4a0c9100d6b9af11b295933e7670441a0c0aaffaa2e5,406a61a91866b7c12fa280a9fc06f77f422cc8e408f2eb57c806b8e210c71cb3,117.2697073492393,2.9198499999999998,21,50.23390642212032,0.2728774442738286,observed_profile_hessian,dcdc71490c7e079397e64512d6f406e35ad569bf749d884e320fefb40a998d7d,ac7edd4819ddb7b97ec1c91a23735ffd890c5cca01b86270b626bd64a1af78a7,21,9.9999999999999995e-07,"[{""attempt"": 0, ""tolerance"": 2e-07, ""free_valid"": true, ""nll"": 12.506187099098476, ""score"": 4.22077239825569e-09}]",1,12.506187099098476,4.22077239825569e-09,576558.48358208989
calibration,nominal,pole,120,47,1,mc,5348.841942379795,5348.841942379795,1620.471945452972,5117.8077088463342,-0.72850919945315395,,,,True,False,,False,,,5430,5423,4045,1378,7,1cb255fad7c6ca244dad18e67ca67dc6b44269fe11f4dd4a90d886482b8c5c9d,f4ef1f0990b12d6a74e0f2caee2d68dcd8ca1e70d5a3114fef56ae2ab7b19f6b,de3e95a3efffd7e2df5612fa1c1b424c4d86e7a09f0671cdcf1db9b4b8dfe7fe,8da749bf4a57dc6ecf7f525907bdbb4ad3698a5a56a6722a3cb9f5f7688d2588,6070fb0c9d344168af48519d545e96dc4c6f2f1e40c880094ff44ed2d315d894,120,2.9198499999999998,21,50.23390642212032,0.2728774442738286,observed_profile_hessian,e74e60b493a7207ed1bf7e2849c1bd510e3fa27da08d20c535db62685b19866b,c42947ba1049584bbf0ee055d9e5ba11a5e47b7966feb278f5574a9c8be71b7c,21,9.9999999999999995e-07,"[{""attempt"": 0, ""tolerance"": 2e-07, ""free_valid"": true, ""nll"": 12.450399164878984, ""score"": 5.678929548835754e-11}]",1,12.450399164878984,5.6789295488357538e-11,543489.93919233256
calibration,nominal,logshift,120,47,1,mc,5348.841942379795,5348.841942379795,-2064.9963073091885,5349.1908234850098,-1.3859737845094955,,,,True,False,,False,,,5430,5423,4334,1089,7,1cb255fad7c6ca244dad18e67ca67dc6b44269fe11f4dd4a90d886482b8c5c9d,f4ef1f0990b12d6a74e0f2caee2d68dcd8ca1e70d5a3114fef56ae2ab7b19f6b,de3e95a3efffd7e2df5612fa1c1b424c4d86e7a09f0671cdcf1db9b4b8dfe7fe,cd14350ed60c62aaeb3f4a0c9100d6b9af11b295933e7670441a0c0aaffaa2e5,406a61a91866b7c12fa280a9fc06f77f422cc8e408f2eb57c806b8e210c71cb3,117.2697073492393,2.9198499999999998,21,50.23390642212032,0.2728774442738286,observed_profile_hessian,e8faa7bdcb2148b8f1ee296a353c1a27116e5f854dfb7c2587f14a9ebe8ea744,0ac7e01dfae7b41304a3605297210a654ce94c6649cf8a3bc21b0729bb7dbd95,21,9.9999999999999995e-07,"[{""attempt"": 0, ""tolerance"": 2e-07, ""free_valid"": true, ""nll"": 12.602509563110754, ""score"": 4.788481833273295e-10}]",1,12.602509563110754,4.7884818332732948e-10,576590.46850662527
calibration,nominal,pole,120,47,2,mc,10697.68388475959,5348.841942379795,3503.7946394291916,5118.5017865299596,-1.4054677609495234,,,,True,False,,False,,,10598,10590,7870,2720,8,1cb255fad7c6ca244dad18e67ca67dc6b44269fe11f4dd4a90d886482b8c5c9d,386b45215b701d8fe6c6f69654510d819308c156805667a96ebf247ccac132cb,c03cf20723857f716848d519f8d1368a87ff61f191457e23469d544b49c1cafd,8da749bf4a57dc6ecf7f525907bdbb4ad3698a5a56a6722a3cb9f5f7688d2588,6070fb0c9d344168af48519d545e96dc4c6f2f1e40c880094ff44ed2d315d894,120,2.9198499999999998,21,50.23390642212032,0.2728774442738286,observed_profile_hessian,8550dcd8b899a77c648f7f32fae8bfd473c2fcfcc1a937f4b1463153c3d6a504,e4f319dc1d0c7fe97a211488d8cbb5335854c827a44524f7f8a50a6ffd74ee0f,21,9.9999999999999995e-07,"[{""attempt"": 0, ""tolerance"": 2e-07, ""free_valid"": true, ""nll"": 12.136824013708555, ""score"": 5.110153966647601e-10}]",1,12.136824013708555,5.1101539666476015e-10,543534.5969934708
calibration,nominal,logshift,120,47,2,mc,10697.68388475959,5348.841942379795,2088.9252293513237,5349.9243422897771,-1.6091365231762702,,,,True,False,,False,,,10598,10590,8536,2054,8,1cb255fad7c6ca244dad18e67ca67dc6b44269fe11f4dd4a90d886482b8c5c9d,386b45215b701d8fe6c6f69654510d819308c156805667a96ebf247ccac132cb,c03cf20723857f716848d519f8d1368a87ff61f191457e23469d544b49c1cafd,cd14350ed60c62aaeb3f4a0c9100d6b9af11b295933e7670441a0c0aaffaa2e5,406a61a91866b7c12fa280a9fc06f77f422cc8e408f2eb57c806b8e210c71cb3,117.2697073492393,2.9198499999999998,21,50.23390642212032,0.2728774442738286,observed_profile_hessian,a103da2ded5418278764f9772ed8125590e24bcb29735bde853ff3c4b60cb7f8,aca88a3f8a158ae8878a1810167cd77de30a7a63dcf4153680984cfbdcfde5e8,21,9.9999999999999995e-07,"[{""attempt"": 0, ""tolerance"": 2e-07, ""free_valid"": true, ""nll"": 12.411415737391312, ""score"": 7.909339849732078e-12}]",1,12.411415737391312,7.9093398497320777e-12,576624.56458923442
calibration,nominal,pole,120,47,3,mc,16046.525827139385,5348.841942379795,5809.3079751386285,5119.2032307313975,-1.999767813581828,,,,True,False,,False,,,15978,15955,11875,4080,23,1cb255fad7c6ca244dad18e67ca67dc6b44269fe11f4dd4a90d886482b8c5c9d,fcf8bf775c9b96ccb19bd7c434275a5fcc2e1ef07fbbdc82f4d713c1716f3c29,578929059e1ee252124b08c3cc54d7002e52ee697a4dfee60e0b0571a49551fc,8da749bf4a57dc6ecf7f525907bdbb4ad3698a5a56a6722a3cb9f5f7688d2588,6070fb0c9d344168af48519d545e96dc4c6f2f1e40c880094ff44ed2d315d894,120,2.9198499999999998,21,50.23390642212032,0.2728774442738286,observed_profile_hessian,038917d02c01aea167526b0683b71f3f4b0b6b6bdc5ac7e188c7c9932344c54a,8ed37239f3cb2abeb27b0b8bbce5597449828b3ed136e357558ebaec14c0bec7,21,9.9999999999999995e-07,"[{""attempt"": 0, ""tolerance"": 2e-07, ""free_valid"": true, ""nll"": 12.853681133293037, ""score"": 2.6067203950930207e-09}]",1,12.853681133293037,2.6067203950930207e-09,543575.60217960633
calibration,nominal,logshift,120,47,3,mc,16046.525827139385,5348.841942379795,6630.3970965461122,5350.6930522414968,-1.7597960934516128,,,,True,False,,False,,,15978,15955,12770,3185,23,1cb255fad7c6ca244dad18e67ca67dc6b44269fe11f4dd4a90d886482b8c5c9d,fcf8bf775c9b96ccb19bd7c434275a5fcc2e1ef07fbbdc82f4d713c1716f3c29,578929059e1ee252124b08c3cc54d7002e52ee697a4dfee60e0b0571a49551fc,cd14350ed60c62aaeb3f4a0c9100d6b9af11b295933e7670441a0c0aaffaa2e5,406a61a91866b7c12fa280a9fc06f77f422cc8e408f2eb57c806b8e210c71cb3,117.2697073492393,2.9198499999999998,21,50.23390642212032,0.2728774442738286,observed_profile_hessian,f95bef0ed76f6435b2bd9bda5b611589623e0c71480eb02b104fc9f721793a4e,5b8602bc713da34f92af5da25f46eef63b7b095bccc44247ebbbe67b613bbf54,21,9.9999999999999995e-07,"[{""attempt"": 0, ""tolerance"": 2e-07, ""free_valid"": true, ""nll"": 12.871883929339294, ""score"": 3.11178860457062e-11}]",1,12.871883929339294,3.11178860457062e-11,576655.48875326652
calibration,nominal,pole,120,47,4,mc,21395.36776951918,5348.841942379795,7788.8747106469273,5119.9643650821972,-2.6575366718697486,,,,True,False,,False,,,21518,21481,16021,5460,37,1cb255fad7c6ca244dad18e67ca67dc6b44269fe11f4dd4a90d886482b8c5c9d,a1e39ceb71f3c73a383f08bbdf88921480d3e36a0eca05bf763b2af0d64f0754,3476129ac12959392889c6af055834f99d1ae0b7203a3df93c2a2bf575ec8bcc,8da749bf4a57dc6ecf7f525907bdbb4ad3698a5a56a6722a3cb9f5f7688d2588,6070fb0c9d344168af48519d545e96dc4c6f2f1e40c880094ff44ed2d315d894,120,2.9198499999999998,21,50.23390642212032,0.2728774442738286,observed_profile_hessian,a60dae71b698ddba77b3c317a58ffe2fee04f71c50959dc5f04bf4af11d859b1,04f473d0c2377a122f2ed83929a248e9168ed0846b9a293a9f318b762f7998a3,21,9.9999999999999995e-07,"[{""attempt"": 0, ""tolerance"": 2e-07, ""free_valid"": true, ""nll"": 13.940621619151846, ""score"": 7.532777734908791e-09}]",1,13.940621619151846,7.532777734908791e-09,543624.0709473259
calibration,nominal,logshift,120,47,4,mc,21395.36776951918,5348.841942379795,11108.858602356895,5351.502173491037,-1.9221722861511819,,,,True,False,,False,,,21518,21481,17266,4215,37,1cb255fad7c6ca244dad18e67ca67dc6b44269fe11f4dd4a90d886482b8c5c9d,a1e39ceb71f3c73a383f08bbdf88921480d3e36a0eca05bf763b2af0d64f0754,3476129ac12959392889c6af055834f99d1ae0b7203a3df93c2a2bf575ec8bcc,cd14350ed60c62aaeb3f4a0c9100d6b9af11b295933e7670441a0c0aaffaa2e5,406a61a91866b7c12fa280a9fc06f77f422cc8e408f2eb57c806b8e210c71cb3,117.2697073492393,2.9198499999999998,21,50.23390642212032,0.2728774442738286,observed_profile_hessian,21163551b8aaef24a5f3f38276b8fadcb9f96c4b84c0951f43d57c81fed3cddb,74d885cc79011073d5286e839602ccc3a95fad3355e03f8d492848db23f5fc24,21,9.9999999999999995e-07,"[{""attempt"": 0, ""tolerance"": 2e-07, ""free_valid"": true, ""nll"": 13.037760072114335, ""score"": 1.0448566456489061e-09}]",1,13.037760072114335,1.0448566456489061e-09,576692.15387327317
calibration,nominal,pole,120,47,5,mc,26744.209711898977,5348.841942379795,9804.7601056895037,5120.6210130217623,-3.3080850082699689,,,,True,False,,False,,,26540,26499,19712,6787,41,1cb255fad7c6ca244dad18e67ca67dc6b44269fe11f4dd4a90d886482b8c5c9d,0046e3e85abad8b136c4b1053e64b75f644b855f8229453bcef210fdda4a690e,7cac49c30d08dfcb0e5aac7a0d28b2fe5cd68b08537fd36a1770723415503cbf,8da749bf4a57dc6ecf7f525907bdbb4ad3698a5a56a6722a3cb9f5f7688d2588,6070fb0c9d344168af48519d545e96dc4c6f2f1e40c880094ff44ed2d315d894,120,2.9198499999999998,21,50.23390642212032,0.2728774442738286,observed_profile_hessian,9f6993ab19eca6fdda38984158f99a6ac213466c83a995bd74fb34bcab100314,43de638a875404df1659a756541e77e2fe211c9589c5fed56161eef2ad9a49c1,20,9.9999999999999995e-07,"[{""attempt"": 0, ""tolerance"": 2e-07, ""free_valid"": true, ""nll"": 15.510169246851556, ""score"": 1.6986382411765533e-08}]",1,15.510169246851556,1.6986382411765533e-08,543663.7044247369
calibration,nominal,logshift,120,47,5,mc,26744.209711898977,5348.841942379795,15208.672435766064,5352.2068532560897,-2.1552861450254128,,,,True,False,,False,,,26540,26499,21253,5246,41,1cb255fad7c6ca244dad18e67ca67dc6b44269fe11f4dd4a90d886482b8c5c9d,0046e3e85abad8b136c4b1053e64b75f644b855f8229453bcef210fdda4a690e,7cac49c30d08dfcb0e5aac7a0d28b2fe5cd68b08537fd36a1770723415503cbf,cd14350ed60c62aaeb3f4a0c9100d6b9af11b295933e7670441a0c0aaffaa2e5,406a61a91866b7c12fa280a9fc06f77f422cc8e408f2eb57c806b8e210c71cb3,117.2697073492393,2.9198499999999998,21,50.23390642212032,0.2728774442738286,observed_profile_hessian,967bebec24bc36303b20580614cc20bd6eb99bc96174855a55bb2dc9d721ec4d,07dbc08ee1103a39a9f606d021ccf95bfa0d64febae5c35f4197015d87f5a595,21,9.9999999999999995e-07,"[{""attempt"": 0, ""tolerance"": 2e-07, ""free_valid"": true, ""nll"": 13.44333952791461, ""score"": 6.084211134904649e-09}]",1,13.44333952791461,6.084211134904649e-09,576722.60166352137
calibration,nominal,pole,120,47,6,mc,32093.05165427877,5348.841942379795,11592.225923884254,5121.3399602210939,-4.00301989120626,,,,True,False,,False,,,31867,31831,23636,8195,36,1cb255fad7c6ca244dad18e67ca67dc6b44269fe11f4dd4a90d886482b8c5c9d,869cc040e1990e9ef9dcf62c79b5bc2910f9e2e1db296110fb5fa972e9126845,2861dddd85d939ac72dc146ab9f2c5a381cc9a9ecd0b3e83705c31c567046e9b,8da749bf4a57dc6ecf7f525907bdbb4ad3698a5a56a6722a3cb9f5f7688d2588,6070fb0c9d344168af48519d545e96dc4c6f2f1e40c880094ff44ed2d315d894,120,2.9198499999999998,21,50.23390642212032,0.2728774442738286,observed_profile_hessian,1d66e2b6b54d243ae8da53be4584f6d00179a5404c4ae8f25f6c8776ada4f0bb,c6ee9022ea6fa346308b6ce9e90994beff4fe0121fb398d0bd5359c686bfa950,21,9.9999999999999995e-07,"[{""attempt"": 0, ""tolerance"": 2e-07, ""free_valid"": true, ""nll"": 17.970245303584488, ""score"": 3.278620464008952e-08}]",1,17.970245303584488,3.2786204640089522e-08,543710.1654626698
calibration,nominal,logshift,120,47,6,mc,32093.05165427877,5348.841942379795,19565.18500880295,5352.9561580373747,-2.3403641419079131,,,,True,False,,False,,,31867,31831,25500,6331,36,1cb255fad7c6ca244dad18e67ca67dc6b44269fe11f4dd4a90d886482b8c5c9d,869cc040e1990e9ef9dcf62c79b5bc2910f9e2e1db296110fb5fa972e9126845,2861dddd85d939ac72dc146ab9f2c5a381cc9a9ecd0b3e83705c31c567046e9b,cd14350ed60c62aaeb3f4a0c9100d6b9af11b295933e7670441a0c0aaffaa2e5,406a61a91866b7c12fa280a9fc06f77f422cc8e408f2eb57c806b8e210c71cb3,117.2697073492393,2.9198499999999998,21,50.23390642212032,0.2728774442738286,observed_profile_hessian,0dde2b5cfcf92ce07264d2d5021afea770d9eb14ecf78b7ef9dc07fb29f87b51,1d7e97a5abb74ea1480e543cc3f7e810c69408c913e5e96e48fe0daefd1ddd9b,21,9.9999999999999995e-07,"[{""attempt"": 0, ""tolerance"": 2e-07, ""free_valid"": true, ""nll"": 13.834091869515781, ""score"": 2.1576965325564856e-08}]",1,13.834091869515781,2.1576965325564856e-08,576753.91029004159
calibration,nominal,pole,120,47,8,mc,42790.73553903836,5348.841942379795,16083.39181393851,5122.8540059894303,-5.2133720176047804,,,,True,False,,False,,,43267,43226,32179,11047,41,1cb255fad7c6ca244dad18e67ca67dc6b44269fe11f4dd4a90d886482b8c5c9d,3c39bd584f89bcbd766c158a164faca80007216485870d73a29450fcca184b8e,42ce9c59c5218b9428bc759623c5e327e4ff5d28dddcf8512da5d000ec5dc3fb,8da749bf4a57dc6ecf7f525907bdbb4ad3698a5a56a6722a3cb9f5f7688d2588,6070fb0c9d344168af48519d545e96dc4c6f2f1e40c880094ff44ed2d315d894,120,2.9198499999999998,21,50.23390642212032,0.2728774442738286,observed_profile_hessian,ebe774290d314a9bfa536354fbb961dc8b493718fbb275989bf39c16cadf164e,0a64867d762d679d49dd2ab1ec28cba96250c6e4101518a8aca04bfe1719a16d,21,9.9999999999999995e-07,"[{""attempt"": 0, ""tolerance"": 2e-07, ""free_valid"": true, ""nll"": 23.744358233458783, ""score"": 1.1046761860811216e-07}]",1,23.744358233458783,1.1046761860811216e-07,543804.99217737676
calibration,nominal,logshift,120,47,8,mc,42790.73553903836,5348.841942379795,28696.817536690596,5354.6112467954254,-2.6321085421061245,,,,True,False,,False,,,43267,43226,34633,8593,41,1cb255fad7c6ca244dad18e67ca67dc6b44269fe11f4dd4a90d886482b8c5c9d,3c39bd584f89bcbd766c158a164faca80007216485870d73a29450fcca184b8e,42ce9c59c5218b9428bc759623c5e327e4ff5d28dddcf8512da5d000ec5dc3fb,cd14350ed60c62aaeb3f4a0c9100d6b9af11b295933e7670441a0c0aaffaa2e5,406a61a91866b7c12fa280a9fc06f77f422cc8e408f2eb57c806b8e210c71cb3,117.2697073492393,2.9198499999999998,21,50.23390642212032,0.2728774442738286,observed_profile_hessian,8816621d9c5a25c2282cb9c9e0f2432078ea0034978df509c8a9c2d2a910d75f,ac39ede267d0e1c7c60c0eaf3875d9c034c2c89df122d73bb9f9087e45a359a1,21,9.9999999999999995e-07,"[{""attempt"": 0, ""tolerance"": 2e-07, ""free_valid"": true, ""nll"": 14.354076394069413, ""score"": 1.3402749621249654e-07}]",1,14.354076394069413,1.3402749621249654e-07,576831.44912540982
calibration,nominal,pole,120,47,10,mc,53488.419423797954,5348.841942379795,20407.772513974396,5124.2059583473738,-6.455760595636268,,,,True,False,,False,,,53512,53455,39940,13515,57,1cb255fad7c6ca244dad18e67ca67dc6b44269fe11f4dd4a90d886482b8c5c9d,04fb7fa0dad854b2a31d53167b93edfb2fd6ac89ef033f1035ec2543b44b7417,e78576bb00e8cb49f156f4490cb1de85eccd9cb8ae4fe423dfebdb23f637c3f0,8da749bf4a57dc6ecf7f525907bdbb4ad3698a5a56a6722a3cb9f5f7688d2588,6070fb0c9d344168af48519d545e96dc4c6f2f1e40c880094ff44ed2d315d894,120,2.9198499999999998,21,50.23390642212032,0.2728774442738286,observed_profile_hessian,6326421d3954c4840ae597f1b08b3881bf27d9d36886edb2d4e7b898832c41c6,4910f6f608c5c312293252c30d3159c62eea8c5381447bc86fd80cb558cf35de,21,9.9999999999999995e-07,"[{""attempt"": 0, ""tolerance"": 2e-07, ""free_valid"": true, ""nll"": 31.058752653073718, ""score"": 8.903988657493755e-14}]",1,31.058752653073718,8.9039886574937555e-14,543885.42148594616
calibration,nominal,logshift,120,47,10,mc,53488.419423797954,5348.841942379795,37282.19657026865,5356.0978257882662,-3.0257518403604222,,,,True,False,,False,,,53512,53455,42938,10517,57,1cb255fad7c6ca244dad18e67ca67dc6b44269fe11f4dd4a90d886482b8c5c9d,04fb7fa0dad854b2a31d53167b93edfb2fd6ac89ef033f1035ec2543b44b7417,e78576bb00e8cb49f156f4490cb1de85eccd9cb8ae4fe423dfebdb23f637c3f0,cd14350ed60c62aaeb3f4a0c9100d6b9af11b295933e7670441a0c0aaffaa2e5,406a61a91866b7c12fa280a9fc06f77f422cc8e408f2eb57c806b8e210c71cb3,117.2697073492393,2.9198499999999998,21,50.23390642212032,0.2728774442738286,observed_profile_hessian,608633431568d172157ca15bdc518d9947003213a63b26c6894014da6716d411,91c7500b121f2aeea7dc8f7db8e7f7bc6066a2c22bfa6667c2b91a9769aca464,21,9.9999999999999995e-07,"[{""attempt"": 0, ""tolerance"": 2e-07, ""free_valid"": true, ""nll"": 14.74570169687446, ""score"": 3.419486915845482e-14}]",1,14.745701696874461,3.4194869158454821e-14,576895.11560038896
calibration,nominal,pole,120,47,12,mc,64186.10330855754,5348.841942379795,24442.583680532698,5125.6821401353291,-7.7538010632425847,,,,True,False,,False,,,64295,64232,47839,16393,63,1cb255fad7c6ca244dad18e67ca67dc6b44269fe11f4dd4a90d886482b8c5c9d,a19ac0b948fcbce23de206d14d3a92f427fc03aa6e3268aabdb95deb8537c224,793b442f0ad884ffad75503b2f1fde27a4b32f897d557d48b86d8a824645c1fb,8da749bf4a57dc6ecf7f525907bdbb4ad3698a5a56a6722a3cb9f5f7688d2588,6070fb0c9d344168af48519d545e96dc4c6f2f1e40c880094ff44ed2d315d894,120,2.9198499999999998,21,50.23390642212032,0.2728774442738286,observed_profile_hessian,3902791852bc0650ed7fca94f2478d48b382e18ed5e0fb7d72443071a30fbc17,688c99ce04b39fa311105e3d6b1c37c5bfaa93daa8d9b3ad29a2d664681b96f5,21,1.0000000000000001e-05,"[{""attempt"": 0, ""tolerance"": 2e-07, ""free_valid"": true, ""nll"": 41.242853440874434, ""score"": 8.526512829121202e-14}]",1,41.242853440874434,8.5265128291212022e-14,543975.54658996325
calibration,nominal,logshift,120,47,12,mc,64186.10330855754,5348.841942379795,46354.047116947353,5357.6042908078762,-3.3283638028670612,,,,True,False,,False,,,64295,64232,51642,12590,63,1cb255fad7c6ca244dad18e67ca67dc6b44269fe11f4dd4a90d886482b8c5c9d,a19ac0b948fcbce23de206d14d3a92f427fc03aa6e3268aabdb95deb8537c224,793b442f0ad884ffad75503b2f1fde27a4b32f897d557d48b86d8a824645c1fb,cd14350ed60c62aaeb3f4a0c9100d6b9af11b295933e7670441a0c0aaffaa2e5,406a61a91866b7c12fa280a9fc06f77f422cc8e408f2eb57c806b8e210c71cb3,117.2697073492393,2.9198499999999998,21,50.23390642212032,0.2728774442738286,observed_profile_hessian,0a41d97a5cbc00552282869cf7eccb420c92a40b1b0cf3f83aaa42e2fdee5217,8fd7832762f276f1a9ea01a19f57152c723014837a3a1eb0af37e350802d89d8,21,9.9999999999999995e-07,"[{""attempt"": 0, ""tolerance"": 2e-07, ""free_valid"": true, ""nll"": 15.48421577051672, ""score"": 1.2501111257279263e-13}]",1,15.48421577051672,1.2501111257279263e-13,576956.53241923277
calibration,nominal,pole,120,47,16,mc,85581.47107807672,5348.841942379795,32386.747166760237,5128.4936100429004,-10.372387674842303,,,,True,False,,False,,,85409,85317,63456,21861,92,1cb255fad7c6ca244dad18e67ca67dc6b44269fe11f4dd4a90d886482b8c5c9d,e911c07c40f57dc6b1f72eade2416cf8eb130a69e4cc394dd3505e7d37055121,300992d361226cb5b9d75e3a17f6e7a79d8fd34b5ee9ef718658907396c4a424,8da749bf4a57dc6ecf7f525907bdbb4ad3698a5a56a6722a3cb9f5f7688d2588,6070fb0c9d344168af48519d545e96dc4c6f2f1e40c880094ff44ed2d315d894,120,2.9198499999999998,21,50.23390642212032,0.2728774442738286,observed_profile_hessian,9426c54eb5257139956592551a37b1305195a604b0569997d560ad805cde33a6,2afd9b7e7726ad0e7f83c47691e12488ab21dd00b9cd5be281451fee97dc2bb5,21,9.9999999999999995e-07,"[{""attempt"": 0, ""tolerance"": 2e-07, ""free_valid"": true, ""nll"": 67.43720188907385, ""score"": 1.1146639167236572e-13}]",1,67.437201889073847,1.1146639167236572e-13,544149.72184335347
calibration,nominal,logshift,120,47,16,mc,85581.47107807672,5348.841942379795,63397.38509867603,5360.5720206557435,-4.1383803620060258,,,,True,False,,False,,,85409,85317,68485,16832,92,1cb255fad7c6ca244dad18e67ca67dc6b44269fe11f4dd4a90d886482b8c5c9d,e911c07c40f57dc6b1f72eade2416cf8eb130a69e4cc394dd3505e7d37055121,300992d361226cb5b9d75e3a17f6e7a79d8fd34b5ee9ef718658907396c4a424,cd14350ed60c62aaeb3f4a0c9100d6b9af11b295933e7670441a0c0aaffaa2e5,406a61a91866b7c12fa280a9fc06f77f422cc8e408f2eb57c806b8e210c71cb3,117.2697073492393,2.9198499999999998,21,50.23390642212032,0.2728774442738286,observed_profile_hessian,809c0795ea3044cec2c354c56b537a4b78246ccfded029108da5e8acaab2f948,51a05107ffba1925d85d95a27aec5ea371419549fcea2e8985e514d9a8426a92,21,9.9999999999999995e-07,"[{""attempt"": 0, ""tolerance"": 2e-07, ""free_valid"": true, ""nll"": 18.383869983916888, ""score"": 1.0746958878371515e-13}]",1,18.383869983916888,1.0746958878371515e-13,577089.03725837183
calibration,nominal,pole,120,47,20,mc,106976.83884759591,5348.841942379795,41750.899979931943,5131.3684669297218,-12.711217151531303,,,,True,False,,False,,,106948,106854,79680,27174,94,1cb255fad7c6ca244dad18e67ca67dc6b44269fe11f4dd4a90d886482b8c5c9d,1cedc7aa7eccf86e744c27abd09ffb69838179697a727107f497521448b15968,b8948488c3d7073cbee5e6b4e754968d62f887f47252fd1a10af50ec4f4b3a56,8da749bf4a57dc6ecf7f525907bdbb4ad3698a5a56a6722a3cb9f5f7688d2588,6070fb0c9d344168af48519d545e96dc4c6f2f1e40c880094ff44ed2d315d894,120,2.9198499999999998,21,50.23390642212032,0.2728774442738286,observed_profile_hessian,a1d61329c16a38a503bf555382d4b0bb5f469c6c17678c73aa15e555acd43da2,a1497fdcd555701087eb3c12bb2faedf66b8a2a734025bb65657da143a405098,20,9.9999999999999995e-07,"[{""attempt"": 0, ""tolerance"": 2e-07, ""free_valid"": true, ""nll"": 102.37817632893479, ""score"": 2.8199664825478976e-14}]",1,102.37817632893479,2.8199664825478976e-14,544313.86618683476
calibration,nominal,logshift,120,47,20,mc,106976.83884759591,5348.841942379795,81659.85728537738,5363.6644969131867,-4.7200904487572934,,,,True,False,,False,,,106948,106854,85771,21083,94,1cb255fad7c6ca244dad18e67ca67dc6b44269fe11f4dd4a90d886482b8c5c9d,1cedc7aa7eccf86e744c27abd09ffb69838179697a727107f497521448b15968,b8948488c3d7073cbee5e6b4e754968d62f887f47252fd1a10af50ec4f4b3a56,cd14350ed60c62aaeb3f4a0c9100d6b9af11b295933e7670441a0c0aaffaa2e5,406a61a91866b7c12fa280a9fc06f77f422cc8e408f2eb57c806b8e210c71cb3,117.2697073492393,2.9198499999999998,21,50.23390642212032,0.2728774442738286,observed_profile_hessian,3c8fb3d543bc81481cc7abf03b64a01f3e917e119797f17a8e39b28667e223df,0c7c6801545d8ac9c4f268687ad96bd89967f6ff0d8459afd4df94faa46c85f8,21,9.9999999999999995e-07,"[{""attempt"": 0, ""tolerance"": 2e-07, ""free_valid"": true, ""nll"": 20.94389371776493, ""score"": 6.217248937900877e-15}]",1,20.943893717764929,6.2172489379008766e-15,577217.29586247005
calibration,nominal,pole,120,47,24,mc,128372.20661711508,5348.841942379795,49214.798899580877,5134.3957172008513,-15.4170835435117,,,,True,False,,False,,,129284,129164,96067,33097,120,1cb255fad7c6ca244dad18e67ca67dc6b44269fe11f4dd4a90d886482b8c5c9d,52d79b6933c0dbee4c65c1ffd5224bb2e24445d8f8f1b822cdd4069162f2e939,4d9e406bee5006f0d6dc38349c72c513d1dc4222296b4682c4b13987ede9dd28,8da749bf4a57dc6ecf7f525907bdbb4ad3698a5a56a6722a3cb9f5f7688d2588,6070fb0c9d344168af48519d545e96dc4c6f2f1e40c880094ff44ed2d315d894,120,2.9198499999999998,21,50.23390642212032,0.2728774442738286,observed_profile_hessian,f4e49f2c4d3d3d8b7c9acf1247a0cf205d3dca5a699e31edef4152d0070cf110,339c87888e095d14447fd8ed3d9e4585c8052bd503ce7213b38ac02b3b489eaa,21,9.9999999999999995e-07,"[{""attempt"": 0, ""tolerance"": 2e-07, ""free_valid"": true, ""nll"": 145.13465979759133, ""score"": 3.064215547965432e-14}]",1,145.13465979759133,3.0642155479654321e-14,544520.4345813921
calibration,nominal,logshift,120,47,24,mc,128372.20661711508,5348.841942379795,99139.598362326287,5366.8691052931772,-5.446864397336908,,,,True,False,,False,,,129284,129164,103630,25534,120,1cb255fad7c6ca244dad18e67ca67dc6b44269fe11f4dd4a90d886482b8c5c9d,52d79b6933c0dbee4c65c1ffd5224bb2e24445d8f8f1b822cdd4069162f2e939,4d9e406bee5006f0d6dc38349c72c513d1dc4222296b4682c4b13987ede9dd28,cd14350ed60c62aaeb3f4a0c9100d6b9af11b295933e7670441a0c0aaffaa2e5,406a61a91866b7c12fa280a9fc06f77f422cc8e408f2eb57c806b8e210c71cb3,117.2697073492393,2.9198499999999998,21,50.23390642212032,0.2728774442738286,observed_profile_hessian,06eede8f0e2f3ef170cea8b5095e96468ae7bcffb9d068020f47cc3e3a9d3f5f,549c6d9d4ad37b938d18ed13c1747597e10b03168f1dc19537c24d00cbf19f3c,21,1.0000000000000001e-05,"[{""attempt"": 0, ""tolerance"": 2e-07, ""free_valid"": true, ""nll"": 22.985394236593983, ""score"": 2.1271873151818e-13}]",1,22.985394236593983,2.1271873151817999e-13,577373.45945201372
calibration,nominal,pole,120,48,0,mc,0,5348.841942379795,-2464.1628506838606,5117.2352759689984,-0.48154183221861874,,,,True,False,,False,,,0,0,0,0,0,96ad0f99a55b72bd587a04c96de999ff3b457a15fde51e15a0fca3cfd79297fe,d3bb56f8ed6d718b0d014fd9eec6c619f30907068e2667d838febcc69349baac,96ad0f99a55b72bd587a04c96de999ff3b457a15fde51e15a0fca3cfd79297fe,8da749bf4a57dc6ecf7f525907bdbb4ad3698a5a56a6722a3cb9f5f7688d2588,6070fb0c9d344168af48519d545e96dc4c6f2f1e40c880094ff44ed2d315d894,120,2.9198499999999998,21,50.23390642212032,0.2728774442738286,observed_profile_hessian,808806d436a980532a36becfcbe6ef5c86f4efb32db43efea6bf6cc8628e5ed7,dcb14d6e0ffe9236a6c8f9af1f8d4213607d08963d0c19f4eba7699302ef6245,21,9.9999999999999995e-07,"[{""attempt"": 0, ""tolerance"": 2e-07, ""free_valid"": true, ""nll"": 5.972205913502129, ""score"": 2.1337981381819304e-10}]",1,5.9722059135021288,2.1337981381819304e-10,543250.1118411232
calibration,nominal,logshift,120,48,0,mc,0,5348.841942379795,-1659.1056499076267,5348.5151899765224,-0.31019929662290247,,,,True,False,,False,,,0,0,0,0,0,96ad0f99a55b72bd587a04c96de999ff3b457a15fde51e15a0fca3cfd79297fe,d3bb56f8ed6d718b0d014fd9eec6c619f30907068e2667d838febcc69349baac,96ad0f99a55b72bd587a04c96de999ff3b457a15fde51e15a0fca3cfd79297fe,cd14350ed60c62aaeb3f4a0c9100d6b9af11b295933e7670441a0c0aaffaa2e5,406a61a91866b7c12fa280a9fc06f77f422cc8e408f2eb57c806b8e210c71cb3,117.2697073492393,2.9198499999999998,21,50.23390642212032,0.2728774442738286,observed_profile_hessian,dc0a30ec758ec86c9e4ae7e7542b37c146556f02f3b0355efee6ac3bfaca2c7f,152ffe59dcd9ef74f9073b320642303e2a8224c7a36b7f2dadec67988549a951,21,9.9999999999999995e-07,"[{""attempt"": 0, ""tolerance"": 2e-07, ""free_valid"": true, ""nll"": 5.151766220496441, ""score"": 5.428067995083552e-10}]",1,5.151766220496441,5.428067995083552e-10,576301.02835368179
calibration,nominal,pole,120,48,1,mc,5348.841942379795,5348.841942379795,-404.31975227855423,5117.9471763332531,-1.1241150985814188,,,,True,False,,False,,,5442,5435,4072,1363,7,96ad0f99a55b72bd587a04c96de999ff3b457a15fde51e15a0fca3cfd79297fe,7921d44f08868d676ae2290722e42ad42417d3cc6ffdd02bb50e4afc20fd9ed9,2d67a247482a34587d3c595d51892c3308c44a3e5269b0f9c8da39de376f6772,8da749bf4a57dc6ecf7f525907bdbb4ad3698a5a56a6722a3cb9f5f7688d2588,6070fb0c9d344168af48519d545e96dc4c6f2f1e40c880094ff44ed2d315d894,120,2.9198499999999998,21,50.23390642212032,0.2728774442738286,observed_profile_hessian,fa5a14edd915cb38315042f46015180b2384fd24df628e87167d6b96b2b22274,882a1f88d33e66b7baa737f4a1f9a02b23917ed0890b9035c492c495daf33882,21,9.9999999999999995e-07,"[{""attempt"": 0, ""tolerance"": 2e-07, ""free_valid"": true, ""nll"": 6.476103082735046, ""score"": 6.348199743655414e-12}]",1,6.4761030827350456,6.3481997436554138e-12,543296.39981987828
calibration,nominal,logshift,120,48,1,mc,5348.841942379795,5348.841942379795,2781.5870696868442,5349.2936734952918,-0.4799240851952471,,,,True,False,,False,,,5442,5435,4353,1082,7,96ad0f99a55b72bd587a04c96de999ff3b457a15fde51e15a0fca3cfd79297fe,7921d44f08868d676ae2290722e42ad42417d3cc6ffdd02bb50e4afc20fd9ed9,2d67a247482a34587d3c595d51892c3308c44a3e5269b0f9c8da39de376f6772,cd14350ed60c62aaeb3f4a0c9100d6b9af11b295933e7670441a0c0aaffaa2e5,406a61a91866b7c12fa280a9fc06f77f422cc8e408f2eb57c806b8e210c71cb3,117.2697073492393,2.9198499999999998,21,50.23390642212032,0.2728774442738286,observed_profile_hessian,c164b205a387653e8e81f2fe1192f7cdc07d80d845bf5565af0b9d82cf12b3d8,9d5c1cb01031c2ce9746a2bf95940d35a62ba41d5da871ca335af37c5aaf04de,21,9.9999999999999995e-07,"[{""attempt"": 0, ""tolerance"": 2e-07, ""free_valid"": true, ""nll"": 5.372675992105984, ""score"": 9.551692770060072e-12}]",1,5.3726759921059841,9.5516927700600718e-12,576335.72843760252
calibration,nominal,pole,120,48,2,mc,10697.68388475959,5348.841942379795,1635.8641564849195,5118.6396476871405,-1.7703570385872458,,,,True,False,,False,,,10653,10644,7895,2749,9,96ad0f99a55b72bd587a04c96de999ff3b457a15fde51e15a0fca3cfd79297fe,22567118e8b4294c879729b7c963dab6a045ba7aef806f6215763d6558ffc43b,380c0b2bb52c0cf48f4e35bf21c418d9f23dad8012ca3316567a4ab31dac0a8e,8da749bf4a57dc6ecf7f525907bdbb4ad3698a5a56a6722a3cb9f5f7688d2588,6070fb0c9d344168af48519d545e96dc4c6f2f1e40c880094ff44ed2d315d894,120,2.9198499999999998,21,50.23390642212032,0.2728774442738286,observed_profile_hessian,bb6f92c2805e4cde315d80bd0e6c0320045bbdec912aa77799802e6ec831a280,303136d980aa4c9b98fa7ec0cf78dee370140ec2192c230ed67208442cfd83e7,21,9.9999999999999995e-07,"[{""attempt"": 0, ""tolerance"": 2e-07, ""free_valid"": true, ""nll"": 7.395530318033525, ""score"": 1.145195049900849e-13}]",1,7.3955303180335248,1.145195049900849e-13,543338.50363038981
calibration,nominal,logshift,120,48,2,mc,10697.68388475959,5348.841942379795,6922.721805566749,5350.0402117313934,-0.7055950852322993,,,,True,False,,False,,,10653,10644,8495,2149,9,96ad0f99a55b72bd587a04c96de999ff3b457a15fde51e15a0fca3cfd79297fe,22567118e8b4294c879729b7c963dab6a045ba7aef806f6215763d6558ffc43b,380c0b2bb52c0cf48f4e35bf21c418d9f23dad8012ca3316567a4ab31dac0a8e,cd14350ed60c62aaeb3f4a0c9100d6b9af11b295933e7670441a0c0aaffaa2e5,406a61a91866b7c12fa280a9fc06f77f422cc8e408f2eb57c806b8e210c71cb3,117.2697073492393,2.9198499999999998,21,50.23390642212032,0.2728774442738286,observed_profile_hessian,0f46327a755be3ab1bc274093861fec42996c4f878e9e9b786fdc07fd5274b97,a0a11e82ba0fecf85c66ee657ff86e5437493f62c44501fc38a8b0862cc89939,21,9.9999999999999995e-07,"[{""attempt"": 0, ""tolerance"": 2e-07, ""free_valid"": true, ""nll"": 5.505440818921221, ""score"": 2.4242607921109993e-11}]",1,5.5054408189212207,2.4242607921109993e-11,576370.06550074636
calibration,nominal,pole,120,48,3,mc,16046.525827139385,5348.841942379795,3799.9647592271831,5119.3930127351196,-2.3921900579712041,,,,True,False,,False,,,16029,16009,11916,4093,20,96ad0f99a55b72bd587a04c96de999ff3b457a15fde51e15a0fca3cfd79297fe,8ddfd410e83fac87e616c69496287d6f1775f9844987e82871343a565d861444,180e2bdca41f8814473f1747e9c192b6728830f8f4981161f5b01e88c59fbb6e,8da749bf4a57dc6ecf7f525907bdbb4ad3698a5a56a6722a3cb9f5f7688d2588,6070fb0c9d344168af48519d545e96dc4c6f2f1e40c880094ff44ed2d315d894,120,2.9198499999999998,21,50.23390642212032,0.2728774442738286,observed_profile_hessian,ab61a25de4f897cdf8b3823462deee2b6a29122995a0a0775b5a7a04eb302b66,9c8fac12d7bd8d2d97c39fde04e2c2cf210542d5467e003945439d1460c79a96,21,9.9999999999999995e-07,"[{""attempt"": 0, ""tolerance"": 2e-07, ""free_valid"": true, ""nll"": 9.007082872979273, ""score"": 7.155405434833284e-11}]",1,9.0070828729792733,7.1554054348332841e-11,543381.1216284351
calibration,nominal,logshift,120,48,3,mc,16046.525827139385,5348.841942379795,11611.334419179539,5350.7927588165931,-0.82888491628682603,,,,True,False,,False,,,16029,16009,12850,3159,20,96ad0f99a55b72bd587a04c96de999ff3b457a15fde51e15a0fca3cfd79297fe,8ddfd410e83fac87e616c69496287d6f1775f9844987e82871343a565d861444,180e2bdca41f8814473f1747e9c192b6728830f8f4981161f5b01e88c59fbb6e,cd14350ed60c62aaeb3f4a0c9100d6b9af11b295933e7670441a0c0aaffaa2e5,406a61a91866b7c12fa280a9fc06f77f422cc8e408f2eb57c806b8e210c71cb3,117.2697073492393,2.9198499999999998,21,50.23390642212032,0.2728774442738286,observed_profile_hessian,2612e1619ca1bde8676db128796f75b55aa55eff920117755e1db8bd17d93bcc,88fd5de34b573139257bf2746fed6b2bb575fb291418d827bbbaad512299c694,21,9.9999999999999995e-07,"[{""attempt"": 0, ""tolerance"": 2e-07, ""free_valid"": true, ""nll"": 5.7443012054994345, ""score"": 9.853489135736027e-10}]",1,5.7443012054994345,9.8534891357360266e-10,576398.66405050899
calibration,nominal,pole,120,48,4,mc,21395.36776951918,5348.841942379795,5697.9713445092111,5120.0370509622308,-3.0658755530020803,,,,True,False,,False,,,21089,21068,15705,5363,21,96ad0f99a55b72bd587a04c96de999ff3b457a15fde51e15a0fca3cfd79297fe,101f1bc1a173abffd32189877bb990343fb2faf3a43717c1abda281d1ba6dbe2,474cb58217f27fd6f003e9f2bd49530f68d287e0b0c61d247e39aab9c9333bad,8da749bf4a57dc6ecf7f525907bdbb4ad3698a5a56a6722a3cb9f5f7688d2588,6070fb0c9d344168af48519d545e96dc4c6f2f1e40c880094ff44ed2d315d894,120,2.9198499999999998,21,50.23390642212032,0.2728774442738286,observed_profile_hessian,bc828a9723e7c32b5e1c5dbe05e116be1ac95f9a4678496fb6856c45604e9f38,7740bb73d8d3c5b9b7e0992e694fcadd9798e9470b55b933b08f4b48b5a62aa5,21,9.9999999999999995e-07,"[{""attempt"": 0, ""tolerance"": 2e-07, ""free_valid"": true, ""nll"": 11.02769896272743, ""score"": 6.223666824956009e-10}]",1,11.027698962727429,6.223666824956009e-10,543422.56900669844
calibration,nominal,logshift,120,48,4,mc,21395.36776951918,5348.841942379795,15589.98705287208,5351.5388574635654,-1.0848058607573372,,,,True,False,,False,,,21089,21068,16865,4203,21,96ad0f99a55b72bd587a04c96de999ff3b457a15fde51e15a0fca3cfd79297fe,101f1bc1a173abffd32189877bb990343fb2faf3a43717c1abda281d1ba6dbe2,474cb58217f27fd6f003e9f2bd49530f68d287e0b0c61d247e39aab9c9333bad,cd14350ed60c62aaeb3f4a0c9100d6b9af11b295933e7670441a0c0aaffaa2e5,406a61a91866b7c12fa280a9fc06f77f422cc8e408f2eb57c806b8e210c71cb3,117.2697073492393,2.9198499999999998,21,50.23390642212032,0.2728774442738286,observed_profile_hessian,4e7e0330ab19a9b0f8a8f60bd8250f2ed1eaa851ff967808b0866019511c515a,2e2438c5265313a56799e541087ad1cd042af9ebdb9c0ae6b7a9a2faaa6d2744,21,9.9999999999999995e-07,"[{""attempt"": 0, ""tolerance"": 2e-07, ""free_valid"": true, ""nll"": 6.113878857961589, ""score"": 5.512992284906204e-09}]",1,6.1138788579615886,5.5129922849062041e-09,576432.44527398783
calibration,nominal,pole,120,48,5,mc,26744.209711898977,5348.841942379795,7994.5252288500615,5120.8221021110257,-3.6614598416374351,,,,True,False,,False,,,26888,26864,19997,6867,24,96ad0f99a55b72bd587a04c96de999ff3b457a15fde51e15a0fca3cfd79297fe,8ccbff5fc8ccbcd329afde1f5edf7dc734d1fa577c7816d4dad12bdfa381a390,9215369ca389c83e620911e6b479e1a7c5466fc96cdb9f4e714ecab4dcead330,8da749bf4a57dc6ecf7f525907bdbb4ad3698a5a56a6722a3cb9f5f7688d2588,6070fb0c9d344168af48519d545e96dc4c6f2f1e40c880094ff44ed2d315d894,120,2.9198499999999998,21,50.23390642212032,0.2728774442738286,observed_profile_hessian,ce2d4ccd0aa165696e3a116cbf966e4d2e5fc3068e9714e16ac9e03142da61ca,0c81666543b9703c2a9e80c7a7e81c0597f4eac9db4a89c4c1938a39933448e2,21,9.9999999999999995e-07,"[{""attempt"": 0, ""tolerance"": 2e-07, ""free_valid"": true, ""nll"": 13.91662739666043, ""score"": 3.0418881302729517e-09}]",1,13.916627396660431,3.0418881302729517e-09,543469.06296232506
calibration,nominal,logshift,120,48,5,mc,26744.209711898977,5348.841942379795,20543.930363902469,5352.3544511644495,-1.1584209163590773,,,,True,False,,False,,,26888,26864,21519,5345,24,96ad0f99a55b72bd587a04c96de999ff3b457a15fde51e15a0fca3cfd79297fe,8ccbff5fc8ccbcd329afde1f5edf7dc734d1fa577c7816d4dad12bdfa381a390,9215369ca389c83e620911e6b479e1a7c5466fc96cdb9f4e714ecab4dcead330,cd14350ed60c62aaeb3f4a0c9100d6b9af11b295933e7670441a0c0aaffaa2e5,406a61a91866b7c12fa280a9fc06f77f422cc8e408f2eb57c806b8e210c71cb3,117.2697073492393,2.9198499999999998,21,50.23390642212032,0.2728774442738286,observed_profile_hessian,82c82b70cbeddd18b1573566f203dd472e25afcfe34f137c866c42eae4ca30d9,123b65256d9ef2f93e628cc43e28e8bb719a15f8e4a8e91514ee5af2accbd020,21,9.9999999999999995e-07,"[{""attempt"": 0, ""tolerance"": 2e-07, ""free_valid"": true, ""nll"": 6.4088055678522755, ""score"": 2.3641604895985324e-08}]",1,6.4088055678522755,2.3641604895985324e-08,576464.22885389999
calibration,nominal,pole,120,48,6,mc,32093.05165427877,5348.841942379795,10050.908150980209,5121.4854451571946,-4.303857491998011,,,,True,False,,False,,,32007,31976,23900,8076,31,96ad0f99a55b72bd587a04c96de999ff3b457a15fde51e15a0fca3cfd79297fe,2c54cd590dc30ec44afd932113b2f9bb3166d4d9343bd9464089f9ccfb9901f6,a07b4886dff5b39617185391eba37d451423e48bae444d35217ee0b462de277e,8da749bf4a57dc6ecf7f525907bdbb4ad3698a5a56a6722a3cb9f5f7688d2588,6070fb0c9d344168af48519d545e96dc4c6f2f1e40c880094ff44ed2d315d894,120,2.9198499999999998,21,50.23390642212032,0.2728774442738286,observed_profile_hessian,400865b7d72f44943451433f010a9d040e940c7a3b0b25ed24a15dedd3833827,ce8aa4dae00739593b3e980e4f7c73a14cd74a1d758299d6eaf739794887746c,21,9.9999999999999995e-07,"[{""attempt"": 0, ""tolerance"": 2e-07, ""free_valid"": true, ""nll"": 16.63655086967631, ""score"": 8.573728116356705e-09}]",1,16.636550869676309,8.5737281163567047e-09,543511.35772428289
calibration,nominal,logshift,120,48,6,mc,32093.05165427877,5348.841942379795,24653.631558403289,5353.1220446798216,-1.3897348190051295,,,,True,False,,False,,,32007,31976,25679,6297,31,96ad0f99a55b72bd587a04c96de999ff3b457a15fde51e15a0fca3cfd79297fe,2c54cd590dc30ec44afd932113b2f9bb3166d4d9343bd9464089f9ccfb9901f6,a07b4886dff5b39617185391eba37d451423e48bae444d35217ee0b462de277e,cd14350ed60c62aaeb3f4a0c9100d6b9af11b295933e7670441a0c0aaffaa2e5,406a61a91866b7c12fa280a9fc06f77f422cc8e408f2eb57c806b8e210c71cb3,117.2697073492393,2.9198499999999998,21,50.23390642212032,0.2728774442738286,observed_profile_hessian,9812e95812dc44926c5ab6d4c17fa83d0ccb1dbe1e3823c0ba337a186d46fcb6,e9ae9817db168525077b68b53fb7ec580e217d966c1dd07339861f92c1d005c8,21,1.0000000000000001e-05,"[{""attempt"": 0, ""tolerance"": 2e-07, ""free_valid"": true, ""nll"": 6.552178896893055, ""score"": 5.895635046826442e-08}]",1,6.5521788968930554,5.8956350468264418e-08,576499.96951114119
calibration,nominal,pole,120,48,8,mc,42790.73553903836,5348.841942379795,14385.009471382718,5122.9682068723396,-5.5447789095294473,,,,True,False,,False,,,42939,42888,31953,10935,51,96ad0f99a55b72bd587a04c96de999ff3b457a15fde51e15a0fca3cfd79297fe,8cd1d3995932c4269c2922ac9347bdcbb19ddf7bdce9b583fb3a6171a68c765f,77e3a7d7925f6039b41c910548239680c7c7ab5eb6907c7b2fd087441a8f53a8,8da749bf4a57dc6ecf7f525907bdbb4ad3698a5a56a6722a3cb9f5f7688d2588,6070fb0c9d344168af48519d545e96dc4c6f2f1e40c880094ff44ed2d315d894,120,2.9198499999999998,21,50.23390642212032,0.2728774442738286,observed_profile_hessian,2c7f22c4aa204f71ce995bb52a5c8da1bf53c1d65d47bd2e005e939e3251c647,eb86dab5e8f130ac9921f92aaf4f310c55262c8a6d232d51d9eed7f5224cb6ae,21,9.9999999999999995e-07,"[{""attempt"": 0, ""tolerance"": 2e-07, ""free_valid"": true, ""nll"": 24.85345358063188, ""score"": 4.020348914890448e-08}]",1,24.853453580631879,4.0203489148904481e-08,543597.40293214226
calibration,nominal,logshift,120,48,8,mc,42790.73553903836,5348.841942379795,33785.52104156046,5354.6568551259106,-1.6817537969510372,,,,True,False,,False,,,42939,42888,34392,8496,51,96ad0f99a55b72bd587a04c96de999ff3b457a15fde51e15a0fca3cfd79297fe,8cd1d3995932c4269c2922ac9347bdcbb19ddf7bdce9b583fb3a6171a68c765f,77e3a7d7925f6039b41c910548239680c7c7ab5eb6907c7b2fd087441a8f53a8,cd14350ed60c62aaeb3f4a0c9100d6b9af11b295933e7670441a0c0aaffaa2e5,406a61a91866b7c12fa280a9fc06f77f422cc8e408f2eb57c806b8e210c71cb3,117.2697073492393,2.9198499999999998,21,50.23390642212032,0.2728774442738286,observed_profile_hessian,10b42667c70169a46faac713e492d86518ff48d86498834d013cfeba100f5b94,cc65cf7c6064188faa6f1287a26d22887de5ca16999c5e37f29fc9bf6dd8aa98,21,9.9999999999999995e-07,"[{""attempt"": 0, ""tolerance"": 2e-07, ""free_valid"": true, ""nll"": 7.4813109356951575, ""score"": 1.8207657603852567e-13}]",1,7.4813109356951575,1.8207657603852567e-13,576562.42693025433
calibration,nominal,pole,120,48,10,mc,53488.419423797954,5348.841942379795,18449.065835656242,5124.4077443466658,-6.8377372247159149,,,,True,False,,False,,,53502,53445,39893,13552,57,96ad0f99a55b72bd587a04c96de999ff3b457a15fde51e15a0fca3cfd79297fe,7e55b13f72644284a7f5e37a491f4b32356e1d739cb7c7b90a6e7890a29d3584,d61f864dbceee8cd0be264bcc9e88e081eeb68ae5b51cb93d16f4019459553d0,8da749bf4a57dc6ecf7f525907bdbb4ad3698a5a56a6722a3cb9f5f7688d2588,6070fb0c9d344168af48519d545e96dc4c6f2f1e40c880094ff44ed2d315d894,120,2.9198499999999998,21,50.23390642212032,0.2728774442738286,observed_profile_hessian,c5825c31ef0fc88ea5714dccadca7241dfef4f42e4e59bde397a0dc36e197a61,0198e68701a96346720c021bc1ce88d7f8f08d35cbb6cfaf7925073655bf303e,21,9.9999999999999995e-07,"[{""attempt"": 0, ""tolerance"": 2e-07, ""free_valid"": true, ""nll"": 34.73504571952927, ""score"": 1.1780767172897555e-07}]",1,34.735045719529268,1.1780767172897555e-07,543687.4098490061
calibration,nominal,logshift,120,48,10,mc,53488.419423797954,5348.841942379795,42468.82089644888,5356.1614506320657,-2.0573686265653328,,,,True,False,,False,,,53502,53445,42942,10503,57,96ad0f99a55b72bd587a04c96de999ff3b457a15fde51e15a0fca3cfd79297fe,7e55b13f72644284a7f5e37a491f4b32356e1d739cb7c7b90a6e7890a29d3584,d61f864dbceee8cd0be264bcc9e88e081eeb68ae5b51cb93d16f4019459553d0,cd14350ed60c62aaeb3f4a0c9100d6b9af11b295933e7670441a0c0aaffaa2e5,406a61a91866b7c12fa280a9fc06f77f422cc8e408f2eb57c806b8e210c71cb3,117.2697073492393,2.9198499999999998,21,50.23390642212032,0.2728774442738286,observed_profile_hessian,a509a5bc8d4622d997b9648a4c147ea08ed0ee7bead977f609d009b90f323f0b,57bcbace4d36065c490f1959efb1c28a7be115c2a191519091fffdcd6fd647a3,21,9.9999999999999995e-07,"[{""attempt"": 0, ""tolerance"": 2e-07, ""free_valid"": true, ""nll"": 8.47579924947225, ""score"": 2.375877272697835e-13}]",1,8.4757992494722494,2.375877272697835e-13,576630.95369033527
calibration,nominal,pole,120,48,12,mc,64186.10330855754,5348.841942379795,22627.976902459213,5125.8158779466194,-8.1076120164398766,,,,True,False,,False,,,64195,64130,47906,16224,65,96ad0f99a55b72bd587a04c96de999ff3b457a15fde51e15a0fca3cfd79297fe,41648f1ee9df07950d09de22153bb269af886625b89648da13c6be51c76006ef,8f3eb9b8a370d77698b9f6f198331b1fd00721acc1e8d3fab2d1ae180006029d,8da749bf4a57dc6ecf7f525907bdbb4ad3698a5a56a6722a3cb9f5f7688d2588,6070fb0c9d344168af48519d545e96dc4c6f2f1e40c880094ff44ed2d315d894,120,2.9198499999999998,21,50.23390642212032,0.2728774442738286,observed_profile_hessian,2de58c1a2b9262c046dfcab5c0e3234a9866e535f47f319b4f0d34d5cec9ab3d,b281b7cd48c3905350df8ec79904de32b843ed66ee12ba7a275101e211e98537,21,9.9999999999999995e-07,"[{""attempt"": 0, ""tolerance"": 2e-07, ""free_valid"": true, ""nll"": 47.33422652394643, ""score"": 1.2789769243681803e-13}]",1,47.334226523946427,1.2789769243681803e-13,543778.936202229
calibration,nominal,logshift,120,48,12,mc,64186.10330855754,5348.841942379795,51408.815990642725,5357.699852236573,-2.3848456745073046,,,,True,False,,False,,,64195,64130,51370,12760,65,96ad0f99a55b72bd587a04c96de999ff3b457a15fde51e15a0fca3cfd79297fe,41648f1ee9df07950d09de22153bb269af886625b89648da13c6be51c76006ef,8f3eb9b8a370d77698b9f6f198331b1fd00721acc1e8d3fab2d1ae180006029d,cd14350ed60c62aaeb3f4a0c9100d6b9af11b295933e7670441a0c0aaffaa2e5,406a61a91866b7c12fa280a9fc06f77f422cc8e408f2eb57c806b8e210c71cb3,117.2697073492393,2.9198499999999998,21,50.23390642212032,0.2728774442738286,observed_profile_hessian,b4ae9852e9c6202043955a15c45a86993bad506370f83852180906588781cc73,ff461af0dd4382acf550dbd386831f6db880d22d3d77451cf38f11df8da80c4e,21,9.9999999999999995e-07,"[{""attempt"": 0, ""tolerance"": 2e-07, ""free_valid"": true, ""nll"": 9.668760442618156, ""score"": 1.0413891970983968e-13}]",1,9.6687604426181561,1.0413891970983968e-13,576697.17682067014
calibration,nominal,pole,120,48,16,mc,85581.47107807672,5348.841942379795,30963.255700072106,5128.6574845059731,-10.649612601935301,,,,True,False,,False,,,85699,85622,63935,21687,77,96ad0f99a55b72bd587a04c96de999ff3b457a15fde51e15a0fca3cfd79297fe,553894350e4b0b01579a007350c8a2c7dd2e5865c59195c107d93ff7ab198585,dbd33da18670e65ba6cb7c27cfde275dc7650f5ca94a94b653a6b0c2044d1aec,8da749bf4a57dc6ecf7f525907bdbb4ad3698a5a56a6722a3cb9f5f7688d2588,6070fb0c9d344168af48519d545e96dc4c6f2f1e40c880094ff44ed2d315d894,120,2.9198499999999998,21,50.23390642212032,0.2728774442738286,observed_profile_hessian,e2162f6551f075a3e680d09cf5a5639e62e2299ab8723c9ea30316cee0eacebf,c1d4da24271b080a25c4dfac72dfdff7b4e3a28b6ea8068de0c2e0f7449ae214,21,9.9999999999999995e-07,"[{""attempt"": 0, ""tolerance"": 2e-07, ""free_valid"": true, ""nll"": 76.72111440705768, ""score"": 8.992806499463768e-14}]",1,76.721114407057684,8.992806499463768e-14,543954.177365485
calibration,nominal,logshift,120,48,16,mc,85581.47107807672,5348.841942379795,68742.197933075789,5360.746658431045,-3.1412178597392177,,,,True,False,,False,,,85699,85622,68847,16775,77,96ad0f99a55b72bd587a04c96de999ff3b457a15fde51e15a0fca3cfd79297fe,553894350e4b0b01579a007350c8a2c7dd2e5865c59195c107d93ff7ab198585,dbd33da18670e65ba6cb7c27cfde275dc7650f5ca94a94b653a6b0c2044d1aec,cd14350ed60c62aaeb3f4a0c9100d6b9af11b295933e7670441a0c0aaffaa2e5,406a61a91866b7c12fa280a9fc06f77f422cc8e408f2eb57c806b8e210c71cb3,117.2697073492393,2.9198499999999998,21,50.23390642212032,0.2728774442738286,observed_profile_hessian,9949b70d7b8f620bd4676e7ddcd589ef99568cea6165a031e0a076c70e8164d3,a8bc219c8ae78c9fdf103019bb2e9db08d0a0ff7b3f8401e33502a8fe07c0e11,20,9.9999999999999995e-07,"[{""attempt"": 0, ""tolerance"": 2e-07, ""free_valid"": true, ""nll"": 11.644306735584571, ""score"": 2.799982468104645e-13}]",1,11.644306735584571,2.7999824681046448e-13,576836.30306170741
calibration,nominal,pole,120,48,20,mc,106976.83884759591,5348.841942379795,38851.452751931356,5131.4473356850776,-13.276056761200186,,,,True,False,,False,,,106149,106033,79222,26811,116,96ad0f99a55b72bd587a04c96de999ff3b457a15fde51e15a0fca3cfd79297fe,76d50f6f94ca0c01703e4689b7ce2e695e4cc4ac7c2c29b9a5315be40f785ccb,d95c3ffb7657b448b3977744a1726dcaf10f7630a0fec64f91af59bf6bf854ad,8da749bf4a57dc6ecf7f525907bdbb4ad3698a5a56a6722a3cb9f5f7688d2588,6070fb0c9d344168af48519d545e96dc4c6f2f1e40c880094ff44ed2d315d894,120,2.9198499999999998,21,50.23390642212032,0.2728774442738286,observed_profile_hessian,08e0bc6175010c0239379f3bdc0aae1acc990c8c41ca7170fbf8aababf5c13bb,d619570ca9c228898128f338d31cc5c173caad87ca36e7aa0bc2174b83036861,21,1.0000000000000001e-05,"[{""attempt"": 0, ""tolerance"": 2e-07, ""free_valid"": true, ""nll"": 115.20473290854409, ""score"": 3.9968028886505635e-14}]",1,115.20473290854409,3.9968028886505635e-14,544127.54890546191
calibration,nominal,logshift,120,48,20,mc,106976.83884759591,5348.841942379795,85894.069050150851,5363.6968233985872,-3.9306415876217309,,,,True,False,,False,,,106149,106033,85113,20920,116,96ad0f99a55b72bd587a04c96de999ff3b457a15fde51e15a0fca3cfd79297fe,76d50f6f94ca0c01703e4689b7ce2e695e4cc4ac7c2c29b9a5315be40f785ccb,d95c3ffb7657b448b3977744a1726dcaf10f7630a0fec64f91af59bf6bf854ad,cd14350ed60c62aaeb3f4a0c9100d6b9af11b295933e7670441a0c0aaffaa2e5,406a61a91866b7c12fa280a9fc06f77f422cc8e408f2eb57c806b8e210c71cb3,117.2697073492393,2.9198499999999998,21,50.23390642212032,0.2728774442738286,observed_profile_hessian,ce9fbd7f21ce595e0651c82874aa10b71186fc91fee568936a3e51a074adcf73,d46bb4a9f0b05412c86aaa647d11a1707cddbe2c044cc607f5b15f0ed04b5f7e,21,9.9999999999999995e-07,"[{""attempt"": 0, ""tolerance"": 2e-07, ""free_valid"": true, ""nll"": 14.921012715864183, ""score"": 5.3290705182007514e-14}]",1,14.921012715864183,5.3290705182007514e-14,576961.3402905697
calibration,nominal,pole,120,48,24,mc,128372.20661711508,5348.841942379795,47140.302550704801,5134.457466902616,-15.820932316616069,,,,True,False,,False,,,128976,128845,96168,32677,131,96ad0f99a55b72bd587a04c96de999ff3b457a15fde51e15a0fca3cfd79297fe,42bf2dd30402ad89b46c924ffda6fe2942ae9b25fdc94a757e3b2313853d9296,fa4785b1043cb91cc575f073e0da7fbe20c2106aaad082f2a10329e5a7464ba1,8da749bf4a57dc6ecf7f525907bdbb4ad3698a5a56a6722a3cb9f5f7688d2588,6070fb0c9d344168af48519d545e96dc4c6f2f1e40c880094ff44ed2d315d894,120,2.9198499999999998,21,50.23390642212032,0.2728774442738286,observed_profile_hessian,d70112a37c069a9dad5e6723cf7f61f688994c1050678b375c2607118eb12255,e5d5ab71b3dfa25b9a1deca0b3a4a4a75af070114f0e669505522059016a536c,21,9.9999999999999995e-07,"[{""attempt"": 0, ""tolerance"": 2e-07, ""free_valid"": true, ""nll"": 164.6629922206388, ""score"": 2.0827783941967937e-13}]",1,164.66299222063881,2.0827783941967937e-13,544314.16512333474
calibration,nominal,logshift,120,48,24,mc,128372.20661711508,5348.841942379795,104463.57233610173,5366.9529072937394,-4.454787417366993,,,,True,False,,False,,,128976,128845,103780,25065,131,96ad0f99a55b72bd587a04c96de999ff3b457a15fde51e15a0fca3cfd79297fe,42bf2dd30402ad89b46c924ffda6fe2942ae9b25fdc94a757e3b2313853d9296,fa4785b1043cb91cc575f073e0da7fbe20c2106aaad082f2a10329e5a7464ba1,cd14350ed60c62aaeb3f4a0c9100d6b9af11b295933e7670441a0c0aaffaa2e5,406a61a91866b7c12fa280a9fc06f77f422cc8e408f2eb57c806b8e210c71cb3,117.2697073492393,2.9198499999999998,21,50.23390642212032,0.2728774442738286,observed_profile_hessian,5693b6faf7f4a6a94a577cf5481e7b75e0782a4567f986e96c315f447ed238c4,619c60662578f4617749d9346e715836324b35c8de98e5209d138d24d9f5bbf2,21,9.9999999999999995e-07,"[{""attempt"": 0, ""tolerance"": 2e-07, ""free_valid"": true, ""nll"": 17.606288842858177, ""score"": 1.9406698470447736e-13}]",1,17.606288842858177,1.9406698470447736e-13,577099.06404098053
calibration,nominal,pole,120,49,0,mc,0,5348.841942379795,-435.60488740213253,5120.3240156811353,-0.085073695740363386,,,,True,False,,False,,,0,0,0,0,0,d57566edb6da30b46d6f84925b9a8bb43b0c936effabf3f4a89d10a1487f1d44,d3bb56f8ed6d718b0d014fd9eec6c619f30907068e2667d838febcc69349baac,d57566edb6da30b46d6f84925b9a8bb43b0c936effabf3f4a89d10a1487f1d44,8da749bf4a57dc6ecf7f525907bdbb4ad3698a5a56a6722a3cb9f5f7688d2588,6070fb0c9d344168af48519d545e96dc4c6f2f1e40c880094ff44ed2d315d894,120,2.9198499999999998,21,50.23390642212032,0.2728774442738286,observed_profile_hessian,0df1c3dfc4c0f97d35ce986d1fbad67bf3a152e0d913b9671a0c17aebcee2a7b,0cafcf37be1ef4fa0e706852b7483629ff84a51178f834dd66a6afc1c3d87715,21,9.9999999999999995e-07,"[{""attempt"": 0, ""tolerance"": 2e-07, ""free_valid"": true, ""nll"": 8.665430236008072, ""score"": 2.1132939842516407e-10}]",1,8.6654302360080724,2.1132939842516407e-10,543718.22853315901
calibration,nominal,logshift,120,49,0,mc,0,5348.841942379795,-2722.7546088442482,5350.5554597952951,-0.50887326172083391,,,,True,False,,False,,,0,0,0,0,0,d57566edb6da30b46d6f84925b9a8bb43b0c936effabf3f4a89d10a1487f1d44,d3bb56f8ed6d718b0d014fd9eec6c619f30907068e2667d838febcc69349baac,d57566edb6da30b46d6f84925b9a8bb43b0c936effabf3f4a89d10a1487f1d44,cd14350ed60c62aaeb3f4a0c9100d6b9af11b295933e7670441a0c0aaffaa2e5,406a61a91866b7c12fa280a9fc06f77f422cc8e408f2eb57c806b8e210c71cb3,117.2697073492393,2.9198499999999998,21,50.23390642212032,0.2728774442738286,observed_profile_hessian,d586316e963f9a09dd1e8bc52a077652b07868c1e019072ddf1753187a793665,71646162779273a63757e0d1ea60252da7e8d44e5b66b558eb8af1b111f746bc,21,9.9999999999999995e-07,"[{""attempt"": 0, ""tolerance"": 2e-07, ""free_valid"": true, ""nll"": 7.048730166605228, ""score"": 2.9235519560799617e-10}]",1,7.0487301666052282,2.9235519560799617e-10,576850.99418233894
calibration,nominal,pole,120,49,1,mc,5348.841942379795,5348.841942379795,1693.6164582634885,5121.0517649679232,-0.71376460381067874,,,,True,False,,False,,,5411,5407,4066,1341,4,d57566edb6da30b46d6f84925b9a8bb43b0c936effabf3f4a89d10a1487f1d44,5da94053a0f2279d78bad7198f24c4ba8c800e3083fdc85a31c57deb0b1754df,b63b2f9d878e9f69c27ac1d9d68038300c996d7e2406e6b75290759feccb18b1,8da749bf4a57dc6ecf7f525907bdbb4ad3698a5a56a6722a3cb9f5f7688d2588,6070fb0c9d344168af48519d545e96dc4c6f2f1e40c880094ff44ed2d315d894,120,2.9198499999999998,21,50.23390642212032,0.2728774442738286,observed_profile_hessian,9c4632c7725a494512fa635f698b2c06f2de2d065402cda1fefcd4e664c41520,a5c90f43475ebc0d0ae229f734dd286dab058ebbd8dfd75e73ca73fe78830fee,21,9.9999999999999995e-07,"[{""attempt"": 0, ""tolerance"": 2e-07, ""free_valid"": true, ""nll"": 8.614833397809605, ""score"": 8.659517547471296e-12}]",1,8.6148333978096048,8.659517547471296e-12,543762.98838820355
calibration,nominal,logshift,120,49,1,mc,5348.841942379795,5348.841942379795,1753.5553620076894,5351.3381326012041,-0.67184814177019525,,,,True,False,,False,,,5411,5407,4373,1034,4,d57566edb6da30b46d6f84925b9a8bb43b0c936effabf3f4a89d10a1487f1d44,5da94053a0f2279d78bad7198f24c4ba8c800e3083fdc85a31c57deb0b1754df,b63b2f9d878e9f69c27ac1d9d68038300c996d7e2406e6b75290759feccb18b1,cd14350ed60c62aaeb3f4a0c9100d6b9af11b295933e7670441a0c0aaffaa2e5,406a61a91866b7c12fa280a9fc06f77f422cc8e408f2eb57c806b8e210c71cb3,117.2697073492393,2.9198499999999998,21,50.23390642212032,0.2728774442738286,observed_profile_hessian,628a87bafcbe656a8504e58ffd8d9cf961a4e01db9f796a75b036be5e723dafd,cd29478061387b4ccda11069d00f9907911e316737c7418fedc49d16911d3579,21,9.9999999999999995e-07,"[{""attempt"": 0, ""tolerance"": 2e-07, ""free_valid"": true, ""nll"": 7.039527332978164, ""score"": 9.865441796819141e-13}]",1,7.0395273329781638,9.865441796819141e-13,576885.15887888288
calibration,nominal,pole,120,49,2,mc,10697.68388475959,5348.841942379795,3702.8477132080438,5121.766572696848,-1.3657077245260789,,,,True,False,,False,,,10676,10661,8008,2653,15,d57566edb6da30b46d6f84925b9a8bb43b0c936effabf3f4a89d10a1487f1d44,c6cfb2138d3bb16e029989934fbc85106162bc410717ea188e64a10958532344,fad519db910cd09b7837e7a1faac667c63b5394e137faee0557a67155afe9019,8da749bf4a57dc6ecf7f525907bdbb4ad3698a5a56a6722a3cb9f5f7688d2588,6070fb0c9d344168af48519d545e96dc4c6f2f1e40c880094ff44ed2d315d894,120,2.9198499999999998,21,50.23390642212032,0.2728774442738286,observed_profile_hessian,9e6e5561549d0d2b4a002b218a0cfcf5a29ed0f809207fa9584b553e2e404e3e,150e9b20deeb42bcea13e511af04de4c5a9f963ceeb65a1cb7aacb0d43ed05ef,21,1.0000000000000001e-05,"[{""attempt"": 0, ""tolerance"": 2e-07, ""free_valid"": true, ""nll"": 9.175324808502163, ""score"": 1.7383872119580701e-12}]",1,9.1753248085021628,1.7383872119580701e-12,543806.86832645827
calibration,nominal,logshift,120,49,2,mc,10697.68388475959,5348.841942379795,6236.4844251822751,5352.0939108690536,-0.83354282153336157,,,,True,False,,False,,,10676,10661,8631,2030,15,d57566edb6da30b46d6f84925b9a8bb43b0c936effabf3f4a89d10a1487f1d44,c6cfb2138d3bb16e029989934fbc85106162bc410717ea188e64a10958532344,fad519db910cd09b7837e7a1faac667c63b5394e137faee0557a67155afe9019,cd14350ed60c62aaeb3f4a0c9100d6b9af11b295933e7670441a0c0aaffaa2e5,406a61a91866b7c12fa280a9fc06f77f422cc8e408f2eb57c806b8e210c71cb3,117.2697073492393,2.9198499999999998,21,50.23390642212032,0.2728774442738286,observed_profile_hessian,56cb31990747fe559cc5feb3d53c73027e856bb23ae59aa61d3257a959227dbd,22470a8c915763ee56b0e2d0d52a7d58176183be7157f38062aed0ed6f295854,21,9.9999999999999995e-07,"[{""attempt"": 0, ""tolerance"": 2e-07, ""free_valid"": true, ""nll"": 7.157908047082676, ""score"": 6.666567298196924e-11}]",1,7.1579080470826764,6.6665672981969237e-11,576915.3349980457
calibration,nominal,pole,120,49,3,mc,16046.525827139385,5348.841942379795,5739.7511906206291,5122.4778436181759,-2.0120681730931098,,,,True,False,,False,,,16113,16099,11980,4119,14,d57566edb6da30b46d6f84925b9a8bb43b0c936effabf3f4a89d10a1487f1d44,720602e172d60ad641a496a89beb963a7e36c5032d64a328abb5f59f0b3b0431,8b3b302b3bca2ed966ea90deb723a1181ab889af04c13d4a76fc7bf1d56b0292,8da749bf4a57dc6ecf7f525907bdbb4ad3698a5a56a6722a3cb9f5f7688d2588,6070fb0c9d344168af48519d545e96dc4c6f2f1e40c880094ff44ed2d315d894,120,2.9198499999999998,21,50.23390642212032,0.2728774442738286,observed_profile_hessian,3bce3f2fe7d0618fdbe4ce8e2244fae4d45f7024f034710ee4855dc84bad6f26,2a29e4fe784b184dc01f57eed67200c2a369cbeb4752893751e89b584a32bb21,21,9.9999999999999995e-07,"[{""attempt"": 0, ""tolerance"": 2e-07, ""free_valid"": true, ""nll"": 10.293655660069364, ""score"": 8.785705496450191e-11}]",1,10.293655660069364,8.7857054964501913e-11,543851.53994699207
calibration,nominal,logshift,120,49,3,mc,16046.525827139385,5348.841942379795,10411.4957323691,5352.8487153649512,-1.0527161133090412,,,,True,False,,False,,,16113,16099,12879,3220,14,d57566edb6da30b46d6f84925b9a8bb43b0c936effabf3f4a89d10a1487f1d44,720602e172d60ad641a496a89beb963a7e36c5032d64a328abb5f59f0b3b0431,8b3b302b3bca2ed966ea90deb723a1181ab889af04c13d4a76fc7bf1d56b0292,cd14350ed60c62aaeb3f4a0c9100d6b9af11b295933e7670441a0c0aaffaa2e5,406a61a91866b7c12fa280a9fc06f77f422cc8e408f2eb57c806b8e210c71cb3,117.2697073492393,2.9198499999999998,21,50.23390642212032,0.2728774442738286,observed_profile_hessian,d8e08cae1224aff6b8ae323bda0d7b9a92c0694875600c1a434445b5da0477c8,219d1ffc04bacb340f32c43627659e835e05d91d1a9cbe3de54b7637188af695,21,9.9999999999999995e-07,"[{""attempt"": 0, ""tolerance"": 2e-07, ""free_valid"": true, ""nll"": 7.248760466038787, ""score"": 1.3457008840589424e-09}]",1,7.248760466038787,1.3457008840589424e-09,576952.25837864436
calibration,nominal,pole,120,49,4,mc,21395.36776951918,5348.841942379795,7968.2006921353659,5123.2186681381554,-2.6208459851399279,,,,True,False,,False,,,21568,21542,16079,5463,26,d57566edb6da30b46d6f84925b9a8bb43b0c936effabf3f4a89d10a1487f1d44,524b2ab8fab0803af18e5a6306ed335de5697e3b8b74b4e0239155570b1a7670,d6c6f4bc233b513926a9883dcc6a71c117496ec688b808a2aa15e15c6e356d1c,8da749bf4a57dc6ecf7f525907bdbb4ad3698a5a56a6722a3cb9f5f7688d2588,6070fb0c9d344168af48519d545e96dc4c6f2f1e40c880094ff44ed2d315d894,120,2.9198499999999998,21,50.23390642212032,0.2728774442738286,observed_profile_hessian,ef960f61ec67661f7d24d304274463a7aba9e731993bb3f20383c7b83c56a4b3,f22a2decc174b6ab1f42254c31304bc5fee139ecb94fd4f29977335ab1d04920,21,9.9999999999999995e-07,"[{""attempt"": 0, ""tolerance"": 2e-07, ""free_valid"": true, ""nll"": 11.845273376461815, ""score"": 7.912097643725247e-10}]",1,11.845273376461815,7.9120976437252466e-10,543893.28917332471
calibration,nominal,logshift,120,49,4,mc,21395.36776951918,5348.841942379795,15132.580812048567,5353.6641247223852,-1.1698131992535805,,,,True,False,,False,,,21568,21542,17338,4204,26,d57566edb6da30b46d6f84925b9a8bb43b0c936effabf3f4a89d10a1487f1d44,524b2ab8fab0803af18e5a6306ed335de5697e3b8b74b4e0239155570b1a7670,d6c6f4bc233b513926a9883dcc6a71c117496ec688b808a2aa15e15c6e356d1c,cd14350ed60c62aaeb3f4a0c9100d6b9af11b295933e7670441a0c0aaffaa2e5,406a61a91866b7c12fa280a9fc06f77f422cc8e408f2eb57c806b8e210c71cb3,117.2697073492393,2.9198499999999998,21,50.23390642212032,0.2728774442738286,observed_profile_hessian,63973d06aecb04eeb0f0e314447e4520b3e23e6cda84863ad5489f3f273ee303,fa7505b311d84922f14444ce35bc33d19ab84f6927cee6b5a943dfc72ebcc821,21,9.9999999999999995e-07,"[{""attempt"": 0, ""tolerance"": 2e-07, ""free_valid"": true, ""nll"": 7.396863074486972, ""score"": 8.535980700052903e-09}]",1,7.3968630744869719,8.5359807000529031e-09,576981.9883904357
calibration,nominal,pole,120,49,5,mc,26744.209711898977,5348.841942379795,10063.924543085792,5123.9540816845893,-3.2553541469929117,,,,True,False,,False,,,26993,26963,19986,6977,30,d57566edb6da30b46d6f84925b9a8bb43b0c936effabf3f4a89d10a1487f1d44,e981e71ed6b1a8c97aca06e89631267f5365dcb37013c8b9ea665bc79db31255,d58388656cab3eec7fd99c9573868684f8dc94d043e602b0fd46c1b783912761,8da749bf4a57dc6ecf7f525907bdbb4ad3698a5a56a6722a3cb9f5f7688d2588,6070fb0c9d344168af48519d545e96dc4c6f2f1e40c880094ff44ed2d315d894,120,2.9198499999999998,21,50.23390642212032,0.2728774442738286,observed_profile_hessian,aa956eb3b1145ed20ba9ec8b4dfcce921c5d058ab560d87d0130e96d6facea76,1154ea66ba84c7255c30155a90f48c48ed0120622e082816dcaa352c152d341a,21,9.9999999999999995e-07,"[{""attempt"": 0, ""tolerance"": 2e-07, ""free_valid"": true, ""nll"": 13.930395406902402, ""score"": 3.0270473350135774e-09}]",1,13.930395406902402,3.0270473350135774e-09,543938.91126345645
calibration,nominal,logshift,120,49,5,mc,26744.209711898977,5348.841942379795,19270.045639444284,5354.4154289010903,-1.3958879679212053,,,,True,False,,False,,,26993,26963,21615,5348,30,d57566edb6da30b46d6f84925b9a8bb43b0c936effabf3f4a89d10a1487f1d44,e981e71ed6b1a8c97aca06e89631267f5365dcb37013c8b9ea665bc79db31255,d58388656cab3eec7fd99c9573868684f8dc94d043e602b0fd46c1b783912761,cd14350ed60c62aaeb3f4a0c9100d6b9af11b295933e7670441a0c0aaffaa2e5,406a61a91866b7c12fa280a9fc06f77f422cc8e408f2eb57c806b8e210c71cb3,117.2697073492393,2.9198499999999998,21,50.23390642212032,0.2728774442738286,observed_profile_hessian,940020bb26de0eedf06d515ab3eabc094105b38aea5c349cfc61b0647c5583eb,f55974680e20cf9b6d8be5e19a3b397c6a477841305eda34ef459a2286a902f0,21,9.9999999999999995e-07,"[{""attempt"": 0, ""tolerance"": 2e-07, ""free_valid"": true, ""nll"": 7.661214006755263, ""score"": 2.7321891415965638e-08}]",1,7.6612140067552632,2.7321891415965638e-08,577021.59052218171
calibration,nominal,pole,120,49,6,mc,32093.05165427877,5348.841942379795,11892.780024983314,5124.6413851540956,-3.9417922369777774,,,,True,False,,False,,,32245,32209,24097,8112,36,d57566edb6da30b46d6f84925b9a8bb43b0c936effabf3f4a89d10a1487f1d44,29d566258e9938fcaadc7fe9303f17178c89cb0cec21b12630df55f174fe0898,2ac142c7f9426e5c38031c06651c2ee4a6b353ff4a493ea81a409f613c9953e0,8da749bf4a57dc6ecf7f525907bdbb4ad3698a5a56a6722a3cb9f5f7688d2588,6070fb0c9d344168af48519d545e96dc4c6f2f1e40c880094ff44ed2d315d894,120,2.9198499999999998,21,50.23390642212032,0.2728774442738286,observed_profile_hessian,5ae60bbe89aa9dcc555180e0fde6f8593570adaeb024fbb42767d12f94514d1c,f608d24b94f12e5d2841ae83509b2ab376dd00ef1d235898e918968370940ca8,21,1.0000000000000001e-05,"[{""attempt"": 0, ""tolerance"": 2e-07, ""free_valid"": true, ""nll"": 17.064963859794375, ""score"": 8.800773387829253e-09}]",1,17.064963859794375,8.8007733878292527e-09,543984.69252201717
calibration,nominal,logshift,120,49,6,mc,32093.05165427877,5348.841942379795,24138.056965546133,5355.1921667590796,-1.485473245593526,,,,True,False,,False,,,32245,32209,25923,6286,36,d57566edb6da30b46d6f84925b9a8bb43b0c936effabf3f4a89d10a1487f1d44,29d566258e9938fcaadc7fe9303f17178c89cb0cec21b12630df55f174fe0898,2ac142c7f9426e5c38031c06651c2ee4a6b353ff4a493ea81a409f613c9953e0,cd14350ed60c62aaeb3f4a0c9100d6b9af11b295933e7670441a0c0aaffaa2e5,406a61a91866b7c12fa280a9fc06f77f422cc8e408f2eb57c806b8e210c71cb3,117.2697073492393,2.9198499999999998,21,50.23390642212032,0.2728774442738286,observed_profile_hessian,ce18349078431b4cca3de238f5bc4e1d2d98ebb8a7db583f107e0c7f597bf359,5ece842f5a3cd6f9156143e68894bb318c539b86b52b6c912b1319311f5ccd44,20,9.9999999999999995e-07,"[{""attempt"": 0, ""tolerance"": 2e-07, ""free_valid"": true, ""nll"": 7.872553472006783, ""score"": 7.348610486790363e-08}]",1,7.8725534720067829,7.3486104867903634e-08,577043.72659952031
calibration,nominal,pole,120,49,8,mc,42790.73553903836,5348.841942379795,16464.207297887246,5126.0744961347164,-5.1358067973851069,,,,True,False,,False,,,43132,43081,32147,10934,51,d57566edb6da30b46d6f84925b9a8bb43b0c936effabf3f4a89d10a1487f1d44,bf781f9a2c2fd8fbbb661855d75695c7bd6f39652dc1a61759661626462e049d,81204e18e63c01e64931daf202327d1b94bfa0a17d894dc7f5dfe4afbc75d2d7,8da749bf4a57dc6ecf7f525907bdbb4ad3698a5a56a6722a3cb9f5f7688d2588,6070fb0c9d344168af48519d545e96dc4c6f2f1e40c880094ff44ed2d315d894,120,2.9198499999999998,21,50.23390642212032,0.2728774442738286,observed_profile_hessian,b0ff2216673d4695b889993e6650f97ecf50e625be072aee965d9c2525f13a76,4b0d25cacf31075a22240165d0ff3a8ad1902da8cb03af8513e950a8179e8c4e,21,9.9999999999999995e-07,"[{""attempt"": 0, ""tolerance"": 2e-07, ""free_valid"": true, ""nll"": 23.072412485067158, ""score"": 4.2720889326108846e-08}]",1,23.072412485067158,4.2720889326108846e-08,544069.53342253948
calibration,nominal,logshift,120,49,8,mc,42790.73553903836,5348.841942379795,32622.551291126365,5356.6949305493727,-1.8982197753922052,,,,True,False,,False,,,43132,43081,34607,8474,51,d57566edb6da30b46d6f84925b9a8bb43b0c936effabf3f4a89d10a1487f1d44,bf781f9a2c2fd8fbbb661855d75695c7bd6f39652dc1a61759661626462e049d,81204e18e63c01e64931daf202327d1b94bfa0a17d894dc7f5dfe4afbc75d2d7,cd14350ed60c62aaeb3f4a0c9100d6b9af11b295933e7670441a0c0aaffaa2e5,406a61a91866b7c12fa280a9fc06f77f422cc8e408f2eb57c806b8e210c71cb3,117.2697073492393,2.9198499999999998,21,50.23390642212032,0.2728774442738286,observed_profile_hessian,a793f1075610508c9c2bf7a7e6cee1553efc823551ecc717baee85a8e18d30f0,c8bf332622d2ece26cbfd03d1db2b12c70c74b12c96ae65f2b127e478acbf49b,21,9.9999999999999995e-07,"[{""attempt"": 0, ""tolerance"": 2e-07, ""free_valid"": true, ""nll"": 7.9986082629090705, ""score"": 3.7325698087897763e-13}]",1,7.9986082629090705,3.7325698087897763e-13,577120.32867319416
calibration,nominal,pole,120,49,10,mc,53488.419423797954,5348.841942379795,20054.972070139054,5127.4075156504123,-6.5205364019945398,,,,True,False,,False,,,53121,53074,39442,13632,47,d57566edb6da30b46d6f84925b9a8bb43b0c936effabf3f4a89d10a1487f1d44,63988123153710775c1f300236c4e928039ccb75b26f4f3aa58b78af2dcec79f,aa7c81c1311966ab263019d944c70a5a99655ad9c08ba920a5134e8e0967df45,8da749bf4a57dc6ecf7f525907bdbb4ad3698a5a56a6722a3cb9f5f7688d2588,6070fb0c9d344168af48519d545e96dc4c6f2f1e40c880094ff44ed2d315d894,120,2.9198499999999998,21,50.23390642212032,0.2728774442738286,observed_profile_hessian,ee55d2f7e1f94840975a34c6de9985a88c8c4e430aed0dabac12a6df024ec242,a2696b181d7a55316904d894a9b5bbdaeceed770524b8f29dee3e26be1f8047f,21,9.9999999999999995e-07,"[{""attempt"": 0, ""tolerance"": 2e-07, ""free_valid"": true, ""nll"": 31.1009620633409, ""score"": 1.0949508003066377e-07}]",1,31.100962063340901,1.0949508003066377e-07,544153.10044130974
calibration,nominal,logshift,120,49,10,mc,53488.419423797954,5348.841942379795,40684.404980776038,5358.1613203563211,-2.3896283962892033,,,,True,False,,False,,,53121,53074,42507,10567,47,d57566edb6da30b46d6f84925b9a8bb43b0c936effabf3f4a89d10a1487f1d44,63988123153710775c1f300236c4e928039ccb75b26f4f3aa58b78af2dcec79f,aa7c81c1311966ab263019d944c70a5a99655ad9c08ba920a5134e8e0967df45,cd14350ed60c62aaeb3f4a0c9100d6b9af11b295933e7670441a0c0aaffaa2e5,406a61a91866b7c12fa280a9fc06f77f422cc8e408f2eb57c806b8e210c71cb3,117.2697073492393,2.9198499999999998,21,50.23390642212032,0.2728774442738286,observed_profile_hessian,122ea5db14921c4e8e8e06466bfdc0c0649bbf7a7faa55d2e74e382944904e47,7d2d100aa6202f374165ce95d668e3b7609f89e9a02b7c16a282f3ea3de6e667,21,9.9999999999999995e-07,"[{""attempt"": 0, ""tolerance"": 2e-07, ""free_valid"": true, ""nll"": 8.33106021112749, ""score"": 6.846606614985262e-14}]",1,8.3310602111274896,6.8466066149852622e-14,577181.74820587423
calibration,nominal,pole,120,49,12,mc,64186.10330855754,5348.841942379795,24494.20320840368,5128.8722053238016,-7.7389138413223506,,,,True,False,,False,,,63984,63919,47811,16108,65,d57566edb6da30b46d6f84925b9a8bb43b0c936effabf3f4a89d10a1487f1d44,8f207ee36f4897a42c0a687c7a317fa0072c5a016be2b03c7fc3bb2cecf7396d,35a9bb0fcf9867400e761884f04a23ec6f6e29ca36602359b7cb211aa7ce89e6,8da749bf4a57dc6ecf7f525907bdbb4ad3698a5a56a6722a3cb9f5f7688d2588,6070fb0c9d344168af48519d545e96dc4c6f2f1e40c880094ff44ed2d315d894,120,2.9198499999999998,21,50.23390642212032,0.2728774442738286,observed_profile_hessian,99deb3ff3ea5e0f24b6916a7e47a1992357a25db040e1a5a0499499d69a03fe9,0443489180de2c89827ef1429ff87828e9a0f5d2141d9dd97a1b2cc315129bf6,21,9.9999999999999995e-07,"[{""attempt"": 0, ""tolerance"": 2e-07, ""free_valid"": true, ""nll"": 43.713709583410406, ""score"": 5.3290705182007514e-14}]",1,43.713709583410406,5.3290705182007514e-14,544245.57846533519
calibration,nominal,logshift,120,49,12,mc,64186.10330855754,5348.841942379795,50295.75732506506,5359.7342264223225,-2.5916109636586269,,,,True,False,,False,,,63984,63919,51389,12530,65,d57566edb6da30b46d6f84925b9a8bb43b0c936effabf3f4a89d10a1487f1d44,8f207ee36f4897a42c0a687c7a317fa0072c5a016be2b03c7fc3bb2cecf7396d,35a9bb0fcf9867400e761884f04a23ec6f6e29ca36602359b7cb211aa7ce89e6,cd14350ed60c62aaeb3f4a0c9100d6b9af11b295933e7670441a0c0aaffaa2e5,406a61a91866b7c12fa280a9fc06f77f422cc8e408f2eb57c806b8e210c71cb3,117.2697073492393,2.9198499999999998,21,50.23390642212032,0.2728774442738286,observed_profile_hessian,38f2f05dc643329f15d1eabf4ed4d948604736722031fa15898156cdfbb8a4bd,2d68efc7a4267d0d47ab7b2dd5ba68b1d7622143ccb400a3ae7f13ab17584774,21,9.9999999999999995e-07,"[{""attempt"": 0, ""tolerance"": 2e-07, ""free_valid"": true, ""nll"": 9.630023745263166, ""score"": 2.930988785010413e-14}]",1,9.6300237452631663,2.9309887850104133e-14,577243.97957500059
calibration,nominal,pole,120,49,16,mc,85581.47107807672,5348.841942379795,32846.6849313395,5131.825036418426,-10.276029633220228,,,,True,False,,False,,,86135,86056,64159,21897,79,d57566edb6da30b46d6f84925b9a8bb43b0c936effabf3f4a89d10a1487f1d44,405b96b99f1497d5e35503cd93eae22978e38aab7c5ad4afe23e5687082a9a8c,178cae4f4ac484dc3341f4944ce19b9d1a2ca92d8e78d3777e6c98a933492bd1,8da749bf4a57dc6ecf7f525907bdbb4ad3698a5a56a6722a3cb9f5f7688d2588,6070fb0c9d344168af48519d545e96dc4c6f2f1e40c880094ff44ed2d315d894,120,2.9198499999999998,21,50.23390642212032,0.2728774442738286,observed_profile_hessian,3d6b2de6ccf919bf0a33f6c1080c3036a3b5f4fed203b41bd4685fa5ee803dd6,d70530ba49d0327d61e23fef568021122aa001a8b69ce58a1e6c80b40d9fc2df,21,9.9999999999999995e-07,"[{""attempt"": 0, ""tolerance"": 2e-07, ""free_valid"": true, ""nll"": 71.38986499844215, ""score"": 9.481304630298837e-14}]",1,71.38986499844215,9.4813046302988369e-14,544427.06014692527
calibration,nominal,logshift,120,49,16,mc,85581.47107807672,5348.841942379795,68028.791537975776,5362.8774833250127,-3.2729965572918869,,,,True,False,,False,,,86135,86056,69218,16838,79,d57566edb6da30b46d6f84925b9a8bb43b0c936effabf3f4a89d10a1487f1d44,405b96b99f1497d5e35503cd93eae22978e38aab7c5ad4afe23e5687082a9a8c,178cae4f4ac484dc3341f4944ce19b9d1a2ca92d8e78d3777e6c98a933492bd1,cd14350ed60c62aaeb3f4a0c9100d6b9af11b295933e7670441a0c0aaffaa2e5,406a61a91866b7c12fa280a9fc06f77f422cc8e408f2eb57c806b8e210c71cb3,117.2697073492393,2.9198499999999998,21,50.23390642212032,0.2728774442738286,observed_profile_hessian,3b9165a0d0053651dc1fddaa3541b48b9a4c7444fe45e33a7bbbd15cc07dd1ff,0bf5d52173b388f5645bb362a5f02c8c48588b166749fdfa1ae19e1ecb474f05,21,9.9999999999999995e-07,"[{""attempt"": 0, ""tolerance"": 2e-07, ""free_valid"": true, ""nll"": 10.688540477865594, ""score"": 4.973799150320701e-14}]",1,10.688540477865594,4.9737991503207013e-14,577386.34501610405
calibration,nominal,pole,120,49,20,mc,106976.83884759591,5348.841942379795,40888.637617912937,5134.5543233835569,-12.871263417879728,,,,True,False,,False,,,106532,106428,79473,26955,104,d57566edb6da30b46d6f84925b9a8bb43b0c936effabf3f4a89d10a1487f1d44,c8f6b1667ad34e50c91196644b9a78281a7144f81be44e0441e9fe180dd7c939,697c7e09af9f21cb7d5e2715a77a8f16d1e98d9ece41c3d343444112a0906547,8da749bf4a57dc6ecf7f525907bdbb4ad3698a5a56a6722a3cb9f5f7688d2588,6070fb0c9d344168af48519d545e96dc4c6f2f1e40c880094ff44ed2d315d894,120,2.9198499999999998,21,50.23390642212032,0.2728774442738286,observed_profile_hessian,3d281f1670c729a5d5c82f029538b8c9eebcc895550f372b8b79fc57aa450355,039d254e281b49583b107752223bdb1476af145bc1e45d7395e426db08f6881c,21,9.9999999999999995e-07,"[{""attempt"": 0, ""tolerance"": 2e-07, ""free_valid"": true, ""nll"": 107.86025767573636, ""score"": 1.900701818158268e-13}]",1,107.86025767573636,1.900701818158268e-13,544594.15005184885
calibration,nominal,logshift,120,49,20,mc,106976.83884759591,5348.841942379795,85324.220631259333,5365.7747899174174,-4.0353199797022832,,,,True,False,,False,,,106532,106428,85693,20735,104,d57566edb6da30b46d6f84925b9a8bb43b0c936effabf3f4a89d10a1487f1d44,c8f6b1667ad34e50c91196644b9a78281a7144f81be44e0441e9fe180dd7c939,697c7e09af9f21cb7d5e2715a77a8f16d1e98d9ece41c3d343444112a0906547,cd14350ed60c62aaeb3f4a0c9100d6b9af11b295933e7670441a0c0aaffaa2e5,406a61a91866b7c12fa280a9fc06f77f422cc8e408f2eb57c806b8e210c71cb3,117.2697073492393,2.9198499999999998,21,50.23390642212032,0.2728774442738286,observed_profile_hessian,74917da1e86d0dfefd56d58efdbedfe0d11685c0c97b43b049ae1ccd5304fc6d,3fc8f5e98025d464f287bf280d9c65a28ddcbbdbfd480bc38e23a2def240c09c,21,9.9999999999999995e-07,"[{""attempt"": 0, ""tolerance"": 2e-07, ""free_valid"": true, ""nll"": 13.00034657756991, ""score"": 1.91402449445377e-13}]",1,13.000346577569911,1.9140244944537699e-13,577504.98947375768
calibration,nominal,pole,120,49,24,mc,128372.20661711508,5348.841942379795,49333.485514584761,5137.3952645495629,-15.384979553341859,,,,True,False,,False,,,127993,127855,95468,32387,138,d57566edb6da30b46d6f84925b9a8bb43b0c936effabf3f4a89d10a1487f1d44,c2c22ed3b3767278b0396ce469e6ad8438aab616d03a9c73fe8d2cc1573a6217,90b738c7921544602eb128e7c2292f6986f5bfaedd142acfd917206a5dd279df,8da749bf4a57dc6ecf7f525907bdbb4ad3698a5a56a6722a3cb9f5f7688d2588,6070fb0c9d344168af48519d545e96dc4c6f2f1e40c880094ff44ed2d315d894,120,2.9198499999999998,21,50.23390642212032,0.2728774442738286,observed_profile_hessian,885b1a107478bf551c66bbeb1cd316345c25c52808387b8acb1b7f575d8d9919,881e88d3f0cdebc8ae6acdb2a5990c6fa2e885c588c961b7a67a97a1afcd97a2,21,9.9999999999999995e-07,"[{""attempt"": 0, ""tolerance"": 2e-07, ""free_valid"": true, ""nll"": 149.38387130472108, ""score"": 1.4854784069484595e-13}]",1,149.38387130472108,1.4854784069484595e-13,544771.68585716421
calibration,nominal,logshift,120,49,24,mc,128372.20661711508,5348.841942379795,102180.57172211121,5368.8602528988904,-4.8784348374241659,,,,True,False,,False,,,127993,127855,102789,25066,138,d57566edb6da30b46d6f84925b9a8bb43b0c936effabf3f4a89d10a1487f1d44,c2c22ed3b3767278b0396ce469e6ad8438aab616d03a9c73fe8d2cc1573a6217,90b738c7921544602eb128e7c2292f6986f5bfaedd142acfd917206a5dd279df,cd14350ed60c62aaeb3f4a0c9100d6b9af11b295933e7670441a0c0aaffaa2e5,406a61a91866b7c12fa280a9fc06f77f422cc8e408f2eb57c806b8e210c71cb3,117.2697073492393,2.9198499999999998,21,50.23390642212032,0.2728774442738286,observed_profile_hessian,e188662d5256beaa4a22be21c7b77f71638d43776a112e6349bc80bfb45a94f9,fb90f9cf2702317934734f2048a53ceddf373031e2ab9005a7cc870b02452c0b,21,9.9999999999999995e-07,"[{""attempt"": 0, ""tolerance"": 2e-07, ""free_valid"": true, ""nll"": 15.026914046739346, ""score"": 4.440892098500626e-13}]",1,15.026914046739346,4.4408920985006262e-13,577655.72847788362
