cohort,source,exposure,mass_MeV,toy,z,A_expected,s0,Ahat,sigma_postfit,pull,q_true,profile_contains68,profile_contains95,actual_full,actual_support,actual_window,actual_training,actual_outside_support,background_hash,counts_hash,signal_hash,template_hash,mask_hash,window_fraction,training_fraction,kernel_const,kernel_ls,fit_valid,profile_valid,failure_reason,native_cls90,native_cls90_valid,native_cls90_failure,sigma_method,fit_bins,nominal_sigma_MeV,nuisance_rank,covariance_load,max_omitted_covariance_mode,gp_mean_hash,gp_covariance_factor_hash,attempts_json,attempt_count,free_nll,fit_score,min_lambda,min_background,fit_method
calibration,nominal,0.10000000000000001,44,90,0,0,1645.3880390170264,121.11210888833568,1650.2899598930212,0.073388381334021258,,,,0,0,0,0,0,a639b40905ea7e48602599babee48fe31ea6c8896ff91a6833984b51297b90a6,a639b40905ea7e48602599babee48fe31ea6c8896ff91a6833984b51297b90a6,f440d6087e5a50c4aef861dbe0f0dd7752e43e8d6fb7b0a6393f704d359bba12,8f5f83da7c55e8c34a1ed4f5edebb52a900851fee291f6b040745a36665752bd,d04812a498535f8eaef9c9bf0960886190bb4ed5326d7ad247f949302122e814,0.97338276797150047,0.02661723202835916,82.394869719997601,0.3927842696321498,True,False,,,False,,observed_profile_hessian,34,1.91693081344,34,9.9999999999999995e-08,0,0ea4d99fb4963342fb6f2b68fe75829afbe17e26acec30bee3202e0bdb8ef607,aa5040d5789f62c08f32129d884c8502547164f141157f99c6037924772aad23,"[{""attempt"": 0, ""tolerance"": 2e-07, ""free_valid"": true, ""free_nll"": 21.885802914370597, ""free_score"": 2.865904735749325e-10, ""sigma"": 1650.2899598930212}]",1,21.885802914370597,2.865904735749325e-10,12579.104534111153,12578.480755992259,newton
calibration,nominal,1,44,90,0,0,5692.1085124485417,6583.5976842354485,5698.7598991880859,1.1552684795815713,,,,0,0,0,0,0,34756dbc2671beaf84ffcef3ca639b2b07132358f0bc64dd50e8149282aebec5,34756dbc2671beaf84ffcef3ca639b2b07132358f0bc64dd50e8149282aebec5,f440d6087e5a50c4aef861dbe0f0dd7752e43e8d6fb7b0a6393f704d359bba12,8f5f83da7c55e8c34a1ed4f5edebb52a900851fee291f6b040745a36665752bd,d04812a498535f8eaef9c9bf0960886190bb4ed5326d7ad247f949302122e814,0.97338276797150047,0.02661723202835916,82.394869719997601,0.3927842696321498,True,False,,,False,,observed_profile_hessian,34,1.91693081344,34,9.9999999999999995e-07,0,9945a00f6d9e65ed49a401173bf77df9700911e1e172aafa99ec6c65c0ecfd35,e8a81b40291de62bae9e3a6280096ae2e4af1d908e80e594ce09741cf66dd30c,"[{""attempt"": 0, ""tolerance"": 2e-07, ""free_valid"": true, ""free_nll"": 20.366070811757027, ""free_score"": 9.872740402983027e-10, ""sigma"": 5698.759899188086}]",1,20.366070811757027,9.8727404029830268e-10,125291.01760255077,125257.10931528933,newton
calibration,nominal,0.10000000000000001,44,90,1,1645.3880390170264,1645.3880390170264,1593.4320741662168,1651.7462944667977,-0.031455172640530438,,,,1600,1600,1554,46,0,a639b40905ea7e48602599babee48fe31ea6c8896ff91a6833984b51297b90a6,b767692bb15efa9523bcabf7171cec919145c97fc12797a443b3ba0c9dd8a1af,ee0a9ccc992465512fdd6fa16ecfa188a842df3fdaaf64e3a164f0e119abc09c,8f5f83da7c55e8c34a1ed4f5edebb52a900851fee291f6b040745a36665752bd,d04812a498535f8eaef9c9bf0960886190bb4ed5326d7ad247f949302122e814,0.97338276797150047,0.02661723202835916,82.394869719997601,0.3927842696321498,True,False,,,False,,observed_profile_hessian,34,1.91693081344,34,9.9999999999999995e-08,0,41c9ef8182627dfee58884073b014721beaecd746f496d03d4ece9be09d85e8f,df20214639bf80c414f547394b72bc1b6195fe4d16bf1e373292c137b0aca41a,"[{""attempt"": 0, ""tolerance"": 2e-07, ""free_valid"": true, ""free_nll"": 21.74977735775156, ""free_score"": 1.0606398762047498e-07, ""sigma"": 1651.7462944667977}]",1,21.749777357751562,1.0606398762047498e-07,12590.334674602589,12582.127831612806,newton
calibration,nominal,1,44,90,1,5692.1085124485417,5692.1085124485417,11764.305396021056,5700.4438115142939,1.0652147594731693,,,,5540,5540,5401,139,0,34756dbc2671beaf84ffcef3ca639b2b07132358f0bc64dd50e8149282aebec5,fd1c732fc6049b3efa67f344e8365f208110c75b28b54947a007a5b6f2c937ff,bf05716c16a4b4fc0e9988090e11aeb6ebbf7c2a5986bd065ae833c191fd16d3,8f5f83da7c55e8c34a1ed4f5edebb52a900851fee291f6b040745a36665752bd,d04812a498535f8eaef9c9bf0960886190bb4ed5326d7ad247f949302122e814,0.97338276797150047,0.02661723202835916,82.394869719997601,0.3927842696321498,True,False,,,False,,observed_profile_hessian,34,1.91693081344,34,9.9999999999999995e-07,0,61150adffe44a41f928dead9c2b82ee35c26dd20e4efc678208a318ad38b5b95,1b61dd83013bfcd5a25f833b91e90cc146d78cf849a2c65b4b47f87751520bf0,"[{""attempt"": 0, ""tolerance"": 2e-07, ""free_valid"": true, ""free_nll"": 20.62178589592827, ""free_score"": 2.554475297955605e-09, ""sigma"": 5700.443811514294}]",1,20.621785895928269,2.5544752979556051e-09,125326.34956202235,125265.75845880918,newton
calibration,nominal,0.10000000000000001,44,90,2,3290.7760780340527,1645.3880390170264,3210.4994950598793,1653.2035331227969,-0.048558197079663863,,,,3278,3278,3192,86,0,a639b40905ea7e48602599babee48fe31ea6c8896ff91a6833984b51297b90a6,f80798836f7530feeb39b56545d60498dd55e66cf676d0d2eeba1fad3ee1cf69,9d445bc5b49f5f44f1ca02506af7b7ef60bae14f6a0c1d8d58d7de4d21730338,8f5f83da7c55e8c34a1ed4f5edebb52a900851fee291f6b040745a36665752bd,d04812a498535f8eaef9c9bf0960886190bb4ed5326d7ad247f949302122e814,0.97338276797150047,0.02661723202835916,82.394869719997601,0.3927842696321498,True,False,,,False,,observed_profile_hessian,34,1.91693081344,34,9.9999999999999995e-08,0,d5813fd7a3d97351cf3094643a039caad01fce018ba97f60bfe789065d956cca,3a7cd01e6e9a4c854cbca285b8e97188e588056a4488edaf234c65a206e2f7e1,"[{""attempt"": 0, ""tolerance"": 2e-07, ""free_valid"": true, ""free_nll"": 22.103389331680237, ""free_score"": 1.965094753586527e-14, ""sigma"": 1653.203533122797}]",1,22.103389331680237,1.9650947535865271e-14,12598.741760068697,12582.206342147909,newton
calibration,nominal,1,44,90,2,11384.217024897083,5692.1085124485417,17562.319854860107,5702.2079195992173,1.0834580073322291,,,,11416,11416,11119,297,0,34756dbc2671beaf84ffcef3ca639b2b07132358f0bc64dd50e8149282aebec5,19fe25da9bc13c66876a87d981cc7829818645f73b90ae0c2f70cd7002d8dffa,4351af330e3cb51f59690cbf358fa922b0033d943dcb72c6cf6a9de3e5726ff1,8f5f83da7c55e8c34a1ed4f5edebb52a900851fee291f6b040745a36665752bd,d04812a498535f8eaef9c9bf0960886190bb4ed5326d7ad247f949302122e814,0.97338276797150047,0.02661723202835916,82.394869719997601,0.3927842696321498,True,False,,,False,,observed_profile_hessian,34,1.91693081344,34,9.9999999999999995e-07,0,96698beb6b38fbbaf058e4b60a8269e3b714a823f7cc5256db0f26082f67a3ea,13f6341d3eb225be6c507efafe0c6bcf4591edf3242f3c6462a79ffbe4874dbd,"[{""attempt"": 0, ""tolerance"": 2e-07, ""free_valid"": true, ""free_nll"": 20.76314070407357, ""free_score"": 6.206857072754701e-08, ""sigma"": 5702.207919599217}]",1,20.763140704073571,6.2068570727547012e-08,125358.62267775342,125268.16937012774,newton
calibration,nominal,0.10000000000000001,44,90,3,4936.1641170510793,1645.3880390170264,4901.465797199573,1654.5962058446241,-0.020970868740626546,,,,5020,5020,4894,126,0,a639b40905ea7e48602599babee48fe31ea6c8896ff91a6833984b51297b90a6,0e1d81f6666b5a2500b2ed350aecbca397ec567b86f3c7ca2b9f0bbf3fd3f034,d6bd9677a518785a34f3cbca70bd254767a5ab43a535ed45ab935770954954b4,8f5f83da7c55e8c34a1ed4f5edebb52a900851fee291f6b040745a36665752bd,d04812a498535f8eaef9c9bf0960886190bb4ed5326d7ad247f949302122e814,0.97338276797150047,0.02661723202835916,82.394869719997601,0.3927842696321498,True,False,,,False,,observed_profile_hessian,34,1.91693081344,34,9.9999999999999995e-08,0,580e38183e9206e9dc9d6dafb05b6dfee40fe9b60f3d2b8d153c4aea9549992e,505c44f271d769420bcc058dfa714f4542abaa356daebe6f624832fce1573f35,"[{""attempt"": 0, ""tolerance"": 2e-07, ""free_valid"": true, ""free_nll"": 21.081101818175497, ""free_score"": 9.836575998178887e-14, ""sigma"": 1654.5962058446241}]",1,21.081101818175497,9.8365759981788869e-14,12609.889437711799,12584.644834650544,newton
calibration,nominal,1,44,90,3,17076.325537345627,5692.1085124485417,22368.605868705563,5703.9088011361946,0.92783396717453415,,,,17024,17024,16577,447,0,34756dbc2671beaf84ffcef3ca639b2b07132358f0bc64dd50e8149282aebec5,0246b7eaa5afd260c83955d132b140659ba3ad374d362ad4ed9100dc74b2e9d4,013f6eb110cda72175f770a6ac09633c34f0ca271f73132b16bb598d4367144a,8f5f83da7c55e8c34a1ed4f5edebb52a900851fee291f6b040745a36665752bd,d04812a498535f8eaef9c9bf0960886190bb4ed5326d7ad247f949302122e814,0.97338276797150047,0.02661723202835916,82.394869719997601,0.3927842696321498,True,False,,,False,,observed_profile_hessian,34,1.91693081344,34,9.9999999999999995e-07,0,9f8eb806de2cebac9b3311d0212a3f68578ba3b583012b6d0fa5bdb91d4b1b22,2ee9fa053a4c72c405cd5f77259434d011248261d7049d14d64353c050989a2a,"[{""attempt"": 0, ""tolerance"": 2e-07, ""free_valid"": true, ""free_nll"": 20.953339301345537, ""free_score"": 1.7208456881689926e-13, ""sigma"": 5703.908801136195}]",1,20.953339301345537,1.7208456881689926e-13,125400.48638643954,125285.27869152678,newton
calibration,nominal,0.10000000000000001,44,90,4,6581.5521560681054,1645.3880390170264,6336.0023851433425,1655.8383617103525,-0.14829332174133777,,,,6526,6526,6385,141,0,a639b40905ea7e48602599babee48fe31ea6c8896ff91a6833984b51297b90a6,2cc59b922570834211f0527e3645aff3f6bc9dcc7bae3155031ccf43c72824c0,5e09bde8a91b527e3a5af93cc8b2deb2717e51d2f27a7f22a7b7a71ba75495c3,8f5f83da7c55e8c34a1ed4f5edebb52a900851fee291f6b040745a36665752bd,d04812a498535f8eaef9c9bf0960886190bb4ed5326d7ad247f949302122e814,0.97338276797150047,0.02661723202835916,82.394869719997601,0.3927842696321498,True,False,,,False,,observed_profile_hessian,34,1.91693081344,34,9.9999999999999995e-08,0,8690792524a438e733bbbcd10b4e6c2a73bed0251d595230d9ad06bad2db6736,fbbc8a2d540177eb3e42778516815a4bc9c2c1b87f447b2ff1f4f9e8e14d2464,"[{""attempt"": 0, ""tolerance"": 2e-07, ""free_valid"": true, ""free_nll"": 21.62378982113644, ""free_score"": 7.098488463697095e-13, ""sigma"": 1655.8383617103525}]",1,21.623789821136441,7.0984884636970946e-13,12619.731472531119,12587.098404827269,newton
calibration,nominal,1,44,90,4,22768.434049794167,5692.1085124485417,28428.051837225164,5705.4867157914668,0.99196055820557527,,,,22673,22673,22137,536,0,34756dbc2671beaf84ffcef3ca639b2b07132358f0bc64dd50e8149282aebec5,37adfa096ce56dc8e734147d5003dd39e3a49db13d4359eecb6099993f383590,2fb9ea4ef8736c83637fbaac802eeae083bf1e5f47d12e700a692bc52bf6bb51,8f5f83da7c55e8c34a1ed4f5edebb52a900851fee291f6b040745a36665752bd,d04812a498535f8eaef9c9bf0960886190bb4ed5326d7ad247f949302122e814,0.97338276797150047,0.02661723202835916,82.394869719997601,0.3927842696321498,True,False,,,False,,observed_profile_hessian,34,1.91693081344,34,9.9999999999999995e-07,0,fab91f02f0aa14657f85714a335bbc797e7d8e1465f031bfca9243d3f5019d38,5e8d9b1313eaccdd65f7be4ce132db5a2a53118b4c090c5ffcde2642cd9a194d,"[{""attempt"": 0, ""tolerance"": 2e-07, ""free_valid"": true, ""free_nll"": 20.608909233884063, ""free_score"": 2.34035013590983e-13, ""sigma"": 5705.486715791467}]",1,20.608909233884063,2.34035013590983e-13,125430.01425520499,125283.59787403887,newton
calibration,nominal,0.10000000000000001,44,90,5,8226.9401950851316,1645.3880390170264,8108.4251402644832,1657.5802653211897,-0.071498833148622043,,,,8227,8227,8005,222,0,a639b40905ea7e48602599babee48fe31ea6c8896ff91a6833984b51297b90a6,aafb0c2e4ab728799da4193d8ed78ebb36d48899efc8bb765ed8e3e9e2ca0117,5ee82b241d98900993fc9ae77a266a45f7bea489b83f39bf68ee605e2ee37b98,8f5f83da7c55e8c34a1ed4f5edebb52a900851fee291f6b040745a36665752bd,d04812a498535f8eaef9c9bf0960886190bb4ed5326d7ad247f949302122e814,0.97338276797150047,0.02661723202835916,82.394869719997601,0.3927842696321498,True,False,,,False,,observed_profile_hessian,34,1.91693081344,34,9.9999999999999995e-08,0,8fab03e888e79556f165645ccb4035699140c8075e30b993e47ec82f57376088,e6bf12c991967b96c46c43e5dbed3309740a4e1e3a907f301a1e3118d290041c,"[{""attempt"": 0, ""tolerance"": 2e-07, ""free_valid"": true, ""free_nll"": 23.136355393577126, ""free_score"": 3.749167643007922e-12, ""sigma"": 1657.5802653211897}]",1,23.136355393577126,3.7491676430079224e-12,12627.953169812765,12586.191382097171,newton
calibration,nominal,1,44,90,5,28460.542562242706,5692.1085124485417,33814.696515693729,5707.5065113174605,0.93808985462114292,,,,28430,28430,27672,758,0,34756dbc2671beaf84ffcef3ca639b2b07132358f0bc64dd50e8149282aebec5,c42d913454a316c9dc23999f191759ce38df90d7f004e82148815699c48b313b,b0800ae662a3065a5d54289052f262152895d2238adf373b311cb125e62f6c9c,8f5f83da7c55e8c34a1ed4f5edebb52a900851fee291f6b040745a36665752bd,d04812a498535f8eaef9c9bf0960886190bb4ed5326d7ad247f949302122e814,0.97338276797150047,0.02661723202835916,82.394869719997601,0.3927842696321498,True,False,,,False,,observed_profile_hessian,34,1.91693081344,34,9.9999999999999995e-07,0,930166ab040bded43269474fc5770c17985d018b5cdb572adce2b98604356512,f9b5f37431691b808df08178a82d52b2af8d89b5b4c1c389a92d966d873d6081,"[{""attempt"": 0, ""tolerance"": 2e-07, ""free_valid"": true, ""free_nll"": 21.392302170504983, ""free_score"": 1.1590728377086634e-13, ""sigma"": 5707.5065113174605}]",1,21.392302170504983,1.1590728377086634e-13,125463.79569472525,125289.63583592072,newton
calibration,nominal,0.10000000000000001,44,90,6,9872.3282341021586,1645.3880390170264,9507.6998448234135,1658.9420273202591,-0.21979573925662774,,,,9895,9895,9646,249,0,a639b40905ea7e48602599babee48fe31ea6c8896ff91a6833984b51297b90a6,417abbe37cbf6f23ec76529c7326e25f192633b436fb027a6739a397e80313b8,5ae1a450e5ea71526f46fb4e31fdd967d4d549e1bde7e9000c22cec2b20dfacf,8f5f83da7c55e8c34a1ed4f5edebb52a900851fee291f6b040745a36665752bd,d04812a498535f8eaef9c9bf0960886190bb4ed5326d7ad247f949302122e814,0.97338276797150047,0.02661723202835916,82.394869719997601,0.3927842696321498,True,False,,,False,,observed_profile_hessian,34,1.91693081344,34,9.9999999999999995e-08,0,bcb4620825a7ad2fe14993eb049b4823d6f916f39086810da43e16cf96d69587,ef3735c75e1f30395497c23d8a1b4a1f395092698886d8638ee110befc5645aa,"[{""attempt"": 0, ""tolerance"": 2e-07, ""free_valid"": true, ""free_nll"": 21.851556920189203, ""free_score"": 1.642175284644054e-11, ""sigma"": 1658.942027320259}]",1,21.851556920189203,1.642175284644054e-11,12641.315321850783,12592.346682970294,newton
calibration,nominal,1,44,90,6,34152.651074691254,5692.1085124485417,38615.338738027982,5709.1338232069184,0.78167508444038536,,,,34146,34146,33204,942,0,34756dbc2671beaf84ffcef3ca639b2b07132358f0bc64dd50e8149282aebec5,599070d060ad558e83e6f327d37db7ba7b72c0b3adef8e10c0da0ef0a9adcc2f,da6f99a2fe8df07b41f7de4f2a1b47df23ee448f9362162a7c934dc87aed0fb5,8f5f83da7c55e8c34a1ed4f5edebb52a900851fee291f6b040745a36665752bd,d04812a498535f8eaef9c9bf0960886190bb4ed5326d7ad247f949302122e814,0.97338276797150047,0.02661723202835916,82.394869719997601,0.3927842696321498,True,False,,,False,,observed_profile_hessian,34,1.91693081344,34,9.9999999999999995e-07,0,d8e7e34a4cf9584529bc391eabf831b447efa1b3ba95ec17c73573318f8f7634,8eb0fa6397db642eb80454e10caa8b6c628c1c9e76a69197e9f35ec7f0966f80,"[{""attempt"": 0, ""tolerance"": 2e-07, ""free_valid"": true, ""free_nll"": 20.807309381499458, ""free_score"": 5.81756864903582e-14, ""sigma"": 5709.133823206918}]",1,20.807309381499458,5.8175686490358203e-14,125500.09251823435,125301.20734003431,newton
calibration,nominal,0.10000000000000001,44,90,7,11517.716273119184,1645.3880390170264,11034.76421114434,1660.4144042036992,-0.29086236589621589,,,,11559,11559,11252,307,0,a639b40905ea7e48602599babee48fe31ea6c8896ff91a6833984b51297b90a6,d431cb510a58a233112dd0dabd81991ce0d116a8efce746be4bd1315b3ae7ee8,b283f7175117b1ff275682cb006e9b853b01987e7f9ae61e1452fe3151c534fc,8f5f83da7c55e8c34a1ed4f5edebb52a900851fee291f6b040745a36665752bd,d04812a498535f8eaef9c9bf0960886190bb4ed5326d7ad247f949302122e814,0.97338276797150047,0.02661723202835916,82.394869719997601,0.3927842696321498,True,False,,,False,,observed_profile_hessian,34,1.91693081344,34,9.9999999999999995e-08,0,0927572ceb23b74d55a307305c8d32cb67e15cbac1138332b9e0af46b4825cff,e5e7f8734b80ffdc14c7a75a5ae9f3de01bad253fce9434ca4f413e9a8a71713,"[{""attempt"": 0, ""tolerance"": 2e-07, ""free_valid"": true, ""free_nll"": 22.291669188394778, ""free_score"": 5.2609361311795055e-11, ""sigma"": 1660.4144042036992}]",1,22.291669188394778,5.2609361311795055e-11,12649.823073114327,12592.989412754185,newton
calibration,nominal,1,44,90,7,39844.759587139793,5692.1085124485417,44392.055529433208,5710.8533154206616,0.7962550762798678,,,,39971,39971,38919,1052,0,34756dbc2671beaf84ffcef3ca639b2b07132358f0bc64dd50e8149282aebec5,d488273e0aede91af4eaf423a7d43b933ced917ef108a58aa5a90fad94413f03,16d86a8fea8d4b70d92ff2e40796e6fe719e05b37d0bdc5b05ed4d12f59db37a,8f5f83da7c55e8c34a1ed4f5edebb52a900851fee291f6b040745a36665752bd,d04812a498535f8eaef9c9bf0960886190bb4ed5326d7ad247f949302122e814,0.97338276797150047,0.02661723202835916,82.394869719997601,0.3927842696321498,True,False,,,False,,observed_profile_hessian,34,1.91693081344,34,9.9999999999999995e-07,0,f59db4395ad0120bdf54cfee74ce983db44737363b752b6fb73db5e71ba23206,efde2f8d4a3adbad9feddec010048643cb30bac249873678663834d69768ba40,"[{""attempt"": 0, ""tolerance"": 2e-07, ""free_valid"": true, ""free_nll"": 21.18271410752127, ""free_score"": 3.3306690738754696e-14, ""sigma"": 5710.853315420662}]",1,21.182714107521271,3.3306690738754696e-14,125538.05135984537,125309.41366914597,newton
calibration,nominal,0.10000000000000001,44,90,8,13163.104312136211,1645.3880390170264,12625.390659663319,1662.0611356087809,-0.32352218637008079,,,,13168,13168,12788,380,0,a639b40905ea7e48602599babee48fe31ea6c8896ff91a6833984b51297b90a6,e3f697ba4c29074e76ca0e8c245a3a77223f4d4cb6c2c79eba70f813486d6347,c0d1bf024ae9dc765d1e42ea75448a28c6359a6fc707ab22c3bcd2e01a2f6d16,8f5f83da7c55e8c34a1ed4f5edebb52a900851fee291f6b040745a36665752bd,d04812a498535f8eaef9c9bf0960886190bb4ed5326d7ad247f949302122e814,0.97338276797150047,0.02661723202835916,82.394869719997601,0.3927842696321498,True,False,,,False,,observed_profile_hessian,34,1.91693081344,34,9.9999999999999995e-08,0,486df5442466739a10f15ea38e3a8c796c5b84fc4fead2db4497629cc13dc01e,18aa14793018ed6fbc7dec122eeea8a562df31ccef6227b91ae0ab1149c847e5,"[{""attempt"": 0, ""tolerance"": 2e-07, ""free_valid"": true, ""free_nll"": 22.28044413924183, ""free_score"": 1.3428125278380776e-10, ""sigma"": 1662.061135608781}]",1,22.28044413924183,1.3428125278380776e-10,12658.391499560679,12593.365446358679,newton
calibration,nominal,1,44,90,8,45536.868099588333,5692.1085124485417,50071.248253055128,5712.7358553497215,0.79373180701511881,,,,45685,45685,44405,1280,0,34756dbc2671beaf84ffcef3ca639b2b07132358f0bc64dd50e8149282aebec5,c823d75f55c5e7939b9e91f394d88f995912d1ed7cb6fe73025739a4e5456648,7bca9821d00a332d6f13db9cc575f4d14f6d2095c81b30ad20697e7f7218e77c,8f5f83da7c55e8c34a1ed4f5edebb52a900851fee291f6b040745a36665752bd,d04812a498535f8eaef9c9bf0960886190bb4ed5326d7ad247f949302122e814,0.97338276797150047,0.02661723202835916,82.394869719997601,0.3927842696321498,True,False,,,False,,observed_profile_hessian,34,1.91693081344,34,9.9999999999999995e-07,0,247c985c3a0c9a350ed9450d71100ba8a8de4d38fc18b38fdf70fadb6148678b,b3187381019c14c96ac4e28b1d9e2b8ac88a79f7d12ca16bfc9c3fb73cbec3c3,"[{""attempt"": 0, ""tolerance"": 2e-07, ""free_valid"": true, ""free_nll"": 21.40576164643878, ""free_score"": 2.4202861936828413e-14, ""sigma"": 5712.7358553497215}]",1,21.40576164643878,2.4202861936828413e-14,125568.60558072732,125310.71766735002,newton
calibration,nominal,0.10000000000000001,44,91,0,0,1645.3880390170264,679.07087982989367,1644.2646750138379,0.41299365616072653,,,,0,0,0,0,0,087e0df6b94e2fb6091b8c51ff8a930200b6c6c0db6c702e463ccf00523a0a19,087e0df6b94e2fb6091b8c51ff8a930200b6c6c0db6c702e463ccf00523a0a19,f440d6087e5a50c4aef861dbe0f0dd7752e43e8d6fb7b0a6393f704d359bba12,8f5f83da7c55e8c34a1ed4f5edebb52a900851fee291f6b040745a36665752bd,d04812a498535f8eaef9c9bf0960886190bb4ed5326d7ad247f949302122e814,0.97338276797150047,0.02661723202835916,82.394869719997601,0.3927842696321498,True,False,,,False,,observed_profile_hessian,34,1.91693081344,34,9.9999999999999995e-08,0,c3376b00e4b5ce307f5596747871ce799daa0e8097ef837c8069859d8115559b,c1e43fea7633bf9c58cb0d2c76cf905b71bca115110de3d7d4b91dfc4129041b,"[{""attempt"": 0, ""tolerance"": 2e-07, ""free_valid"": true, ""free_nll"": 19.441325932510367, ""free_score"": 2.460406864357445e-09, ""sigma"": 1644.2646750138379}]",1,19.441325932510367,2.460406864357445e-09,12462.040656556092,12458.543156926175,newton
calibration,nominal,1,44,91,0,0,5692.1085124485417,4795.7047058142325,5691.0850229184134,0.84266966430857748,,,,0,0,0,0,0,2087fe5c4fa6df96a62e98f251ad1af7644cb5540b5be5b191724ff5dfbfd686,2087fe5c4fa6df96a62e98f251ad1af7644cb5540b5be5b191724ff5dfbfd686,f440d6087e5a50c4aef861dbe0f0dd7752e43e8d6fb7b0a6393f704d359bba12,8f5f83da7c55e8c34a1ed4f5edebb52a900851fee291f6b040745a36665752bd,d04812a498535f8eaef9c9bf0960886190bb4ed5326d7ad247f949302122e814,0.97338276797150047,0.02661723202835916,82.394869719997601,0.3927842696321498,True,False,,,False,,observed_profile_hessian,34,1.91693081344,34,9.9999999999999995e-07,0,864c3b7c29655dacc2d8f8ea4bbad0c87b04fe23ded458bc706c5566cff723de,c80d27322a6b220efc7bb736e6d2572ef1626ca7de9b133b63474d918a425162,"[{""attempt"": 0, ""tolerance"": 2e-07, ""free_valid"": true, ""free_nll"": 24.987650729600766, ""free_score"": 4.48972103939127e-09, ""sigma"": 5691.085022918413}]",1,24.987650729600766,4.4897210393912701e-09,125254.81356441222,125230.1136752961,newton
calibration,nominal,0.10000000000000001,44,91,1,1645.3880390170264,1645.3880390170264,2312.7572630594582,1645.7170899361504,0.40551880279029251,,,,1691,1691,1655,36,0,087e0df6b94e2fb6091b8c51ff8a930200b6c6c0db6c702e463ccf00523a0a19,7a85ae32dd86bde33d83dd7fce2ab1e369db8cadfd89d235c04f8c20f86ec953,6a9b1d24ac24d78204c968d9d84c018a2eddd9ba3c57de56a6ac0f82b5e472ec,8f5f83da7c55e8c34a1ed4f5edebb52a900851fee291f6b040745a36665752bd,d04812a498535f8eaef9c9bf0960886190bb4ed5326d7ad247f949302122e814,0.97338276797150047,0.02661723202835916,82.394869719997601,0.3927842696321498,True,False,,,False,,observed_profile_hessian,34,1.91693081344,34,9.9999999999999995e-08,0,4f8df4ab6cf40ad0ef17566590e4e1c488d54dd97e7c57cabf4547ced276c2de,52de0c3b400676cf0673cf139a4543735b9647a1bb483a8be88af887e135c717,"[{""attempt"": 0, ""tolerance"": 2e-07, ""free_valid"": true, ""free_nll"": 19.038153127760165, ""free_score"": 1.8235413179468196e-14, ""sigma"": 1645.7170899361504}]",1,19.038153127760165,1.8235413179468196e-14,12472.366476352796,12460.454807170827,newton
calibration,nominal,1,44,91,1,5692.1085124485417,5692.1085124485417,10313.804021547516,5692.7925464678519,0.81185033028588927,,,,5708,5708,5578,130,0,2087fe5c4fa6df96a62e98f251ad1af7644cb5540b5be5b191724ff5dfbfd686,1f715de7098e73c39a176157a9f6b41e8e687df1e626c4d937515847fa2e8ceb,d7b122e1127cabd115e0230abc9761115654d832ff584874bb3dde835cce3771,8f5f83da7c55e8c34a1ed4f5edebb52a900851fee291f6b040745a36665752bd,d04812a498535f8eaef9c9bf0960886190bb4ed5326d7ad247f949302122e814,0.97338276797150047,0.02661723202835916,82.394869719997601,0.3927842696321498,True,False,,,False,,observed_profile_hessian,34,1.91693081344,34,9.9999999999999995e-07,0,9d58136284fc0e548c562613ffcd60ef48303969b6c208e40e5e264e37ecfac7,58d9ccd33156271270aada35900baee8f5ed8d982d4aa37aa912c2bff8c6426e,"[{""attempt"": 0, ""tolerance"": 2e-07, ""free_valid"": true, ""free_nll"": 24.879781520455815, ""free_score"": 8.144024986334042e-08, ""sigma"": 5692.792546467852}]",1,24.879781520455815,8.1440249863340419e-08,125288.57982604386,125235.45941281476,newton
calibration,nominal,0.10000000000000001,44,91,2,3290.7760780340527,1645.3880390170264,3721.575232841124,1647.2595184863876,0.26152476277867764,,,,3285,3285,3179,106,0,087e0df6b94e2fb6091b8c51ff8a930200b6c6c0db6c702e463ccf00523a0a19,6a73b3b2f8a1df9422bb2c609794b7c82feb80387e26a130580eacf036fd7406,b4e6eb1e6d58c74b112107e95554f7cf99abb640fd602cd4f50e1e73d4c1a81c,8f5f83da7c55e8c34a1ed4f5edebb52a900851fee291f6b040745a36665752bd,d04812a498535f8eaef9c9bf0960886190bb4ed5326d7ad247f949302122e814,0.97338276797150047,0.02661723202835916,82.394869719997601,0.3927842696321498,True,False,,,False,,observed_profile_hessian,34,1.91693081344,34,9.9999999999999995e-08,0,33881d863e6b450d2eb45933107f7e3deb3f3580602cd75fdd220c3e66445aad,f2af8d6f94c0d69d65b6e0db2dee738b42ac27e43cd4a67d05c440f53e9a20d5,"[{""attempt"": 0, ""tolerance"": 2e-07, ""free_valid"": true, ""free_nll"": 19.2326404758028, ""free_score"": 1.9872992140790302e-14, ""sigma"": 1647.2595184863876}]",1,19.2326404758028,1.9872992140790302e-14,12482.951516296882,12463.783844134536,newton
calibration,nominal,1,44,91,2,11384.217024897083,5692.1085124485417,15445.268067429324,5694.6062101361485,0.71313992446110652,,,,11425,11425,11106,319,0,2087fe5c4fa6df96a62e98f251ad1af7644cb5540b5be5b191724ff5dfbfd686,4a056e95df5a3d3d3466528303ed79d99c9434dd1b8bdfbb1332e8d602047479,563d37ebf0f713b04cd0d8fd2ee7afad32412a34f59061eb5fb6ff21b8d18ca5,8f5f83da7c55e8c34a1ed4f5edebb52a900851fee291f6b040745a36665752bd,d04812a498535f8eaef9c9bf0960886190bb4ed5326d7ad247f949302122e814,0.97338276797150047,0.02661723202835916,82.394869719997601,0.3927842696321498,True,False,,,False,,observed_profile_hessian,34,1.91693081344,34,9.9999999999999995e-07,0,1952dd8c5e7f3f7579b1f7cce991f358097cc67b21e361435a47538e5d2359f1,f979b82cd2ac1c4ce45cc79f02e274d1624c19c34d6e6567afc666234c252071,"[{""attempt"": 0, ""tolerance"": 2e-07, ""free_valid"": true, ""free_nll"": 24.549095464549648, ""free_score"": 2.0702883851697607e-13, ""sigma"": 5694.606210136149}]",1,24.549095464549648,2.0702883851697607e-13,125326.8675039729,125247.3179003095,newton
calibration,nominal,0.10000000000000001,44,91,3,4936.1641170510793,1645.3880390170264,5332.8585692159213,1648.7042453542476,0.2406098324078777,,,,4990,4990,4860,130,0,087e0df6b94e2fb6091b8c51ff8a930200b6c6c0db6c702e463ccf00523a0a19,4cef25f11d943d50564cf1d302e8cfc5c952d12e442f2991df9ce884da73c1e3,c5f86ee4abd7be43ac522c3a7b1f87f6125d68f475a177a562eeee9cc5fc4751,8f5f83da7c55e8c34a1ed4f5edebb52a900851fee291f6b040745a36665752bd,d04812a498535f8eaef9c9bf0960886190bb4ed5326d7ad247f949302122e814,0.97338276797150047,0.02661723202835916,82.394869719997601,0.3927842696321498,True,False,,,False,,observed_profile_hessian,34,1.91693081344,34,9.9999999999999995e-08,0,2e100f38fd550c97f22bc2ab5f50752143231561b968aa6be49344d1604652bd,47c01c7cdd1de658965331c9952314a199de9efeb8eb4d8bc8d0f0bfe3587693,"[{""attempt"": 0, ""tolerance"": 2e-07, ""free_valid"": true, ""free_nll"": 19.22482763163157, ""free_score"": 2.169375790117556e-13, ""sigma"": 1648.7042453542476}]",1,19.22482763163157,2.1693757901175559e-13,12494.508562515728,12467.042105881757,newton
calibration,nominal,1,44,91,3,17076.325537345627,5692.1085124485417,20810.945528350287,5696.223185305269,0.65563091008073204,,,,16994,16994,16571,423,0,2087fe5c4fa6df96a62e98f251ad1af7644cb5540b5be5b191724ff5dfbfd686,65c72ad71de81be6bec7f024dbe4d6e0bbd3f8e376060721a9d1be53588c1f1a,8a84ecab47d140444fa4981a32d6daac3cd919ecc3a87a430ffe0aa1d7965c4b,8f5f83da7c55e8c34a1ed4f5edebb52a900851fee291f6b040745a36665752bd,d04812a498535f8eaef9c9bf0960886190bb4ed5326d7ad247f949302122e814,0.97338276797150047,0.02661723202835916,82.394869719997601,0.3927842696321498,True,False,,,False,,observed_profile_hessian,34,1.91693081344,34,9.9999999999999995e-07,0,54b6846bb39dfb60957d6232f7aa16c9cc5fcfbecde3c260c8f4212141e49610,5c3275e4503182243f2c50fb4ed1f4616317c210ac06bb4ced88ea163002f7e6,"[{""attempt"": 0, ""tolerance"": 2e-07, ""free_valid"": true, ""free_nll"": 25.430406251207625, ""free_score"": 6.178391132038996e-14, ""sigma"": 5696.223185305269}]",1,25.430406251207625,6.1783911320389961e-14,125360.74107623663,125253.55598489258,newton
calibration,nominal,0.10000000000000001,44,91,4,6581.5521560681054,1645.3880390170264,7025.3749935176429,1650.2293859988149,0.26894614846584497,,,,6652,6652,6472,180,0,087e0df6b94e2fb6091b8c51ff8a930200b6c6c0db6c702e463ccf00523a0a19,0d8a17bda0e10597d2606d0eae20f5edd34f965f1e4fd745f25cc4780943d961,e3c40311b59984df2ac0031df191c9712f23d57d5b2d2ebc85de9cffd7b8ce59,8f5f83da7c55e8c34a1ed4f5edebb52a900851fee291f6b040745a36665752bd,d04812a498535f8eaef9c9bf0960886190bb4ed5326d7ad247f949302122e814,0.97338276797150047,0.02661723202835916,82.394869719997601,0.3927842696321498,True,False,,,False,,observed_profile_hessian,34,1.91693081344,34,9.9999999999999995e-08,0,ac525b7d0065cb49b81fffbf1e4a0aa5ba06ce00a94954a87ef205b481887a32,f3608c0006f7048e12dc795ae41ab10f270c84734ac9d105cd25dfc66b66dae0,"[{""attempt"": 0, ""tolerance"": 2e-07, ""free_valid"": true, ""free_nll"": 19.444283728547457, ""free_score"": 1.3531675779887564e-12, ""sigma"": 1650.229385998815}]",1,19.444283728547457,1.3531675779887564e-12,12503.588145721502,12467.404520168273,newton
calibration,nominal,1,44,91,4,22768.434049794167,5692.1085124485417,26195.635487971504,5698.0253662840623,0.6014717762501588,,,,22754,22754,22121,633,0,2087fe5c4fa6df96a62e98f251ad1af7644cb5540b5be5b191724ff5dfbfd686,8e470bba2ec4b7f8376ee7f8c61a04533a80d751e6053d8ee219c70858d76cd0,c4a39503185cc8863494babfba4cd50722e9f7e85844846e613ef320eb8f9127,8f5f83da7c55e8c34a1ed4f5edebb52a900851fee291f6b040745a36665752bd,d04812a498535f8eaef9c9bf0960886190bb4ed5326d7ad247f949302122e814,0.97338276797150047,0.02661723202835916,82.394869719997601,0.3927842696321498,True,False,,,False,,observed_profile_hessian,34,1.91693081344,34,9.9999999999999995e-07,0,ce2721f88b25f57d94564298d3edc753bfb04b2fe2732f83b7e8f7b9a958b5d4,a7deaaf186e8e4e7b23cf9ea28bd77e82cbfb67eb36ce8803312413051bf6965,"[{""attempt"": 0, ""tolerance"": 2e-07, ""free_valid"": true, ""free_nll"": 25.088482671554882, ""free_score"": 1.587618925213974e-14, ""sigma"": 5698.025366284062}]",1,25.088482671554882,1.5876189252139739e-14,125397.24292262744,125262.32442126628,newton
calibration,nominal,0.10000000000000001,44,91,5,8226.9401950851316,1645.3880390170264,8708.5749853469952,1651.3594739930377,0.29165956767562906,,,,8209,8209,8018,191,0,087e0df6b94e2fb6091b8c51ff8a930200b6c6c0db6c702e463ccf00523a0a19,5033089c8316feb8222730c45623f4f960dffe545217856090ddfa487d1f25a5,85557806bc3335150d9d29b4d3198358191aacf42ac396835b6f6a12c24b64d1,8f5f83da7c55e8c34a1ed4f5edebb52a900851fee291f6b040745a36665752bd,d04812a498535f8eaef9c9bf0960886190bb4ed5326d7ad247f949302122e814,0.97338276797150047,0.02661723202835916,82.394869719997601,0.3927842696321498,True,False,,,False,,observed_profile_hessian,34,1.91693081344,34,9.9999999999999995e-08,0,1f9a6b1e3194d185b6b80e8cb01c6232aac97bcbcd0066311f5e70e105fc35b9,068e93898833f79edf211d6722804eee50543a95dbda86dd2c6eb9f4d261fffb,"[{""attempt"": 0, ""tolerance"": 2e-07, ""free_valid"": true, ""free_nll"": 19.379959928916445, ""free_score"": 7.386091738226241e-12, ""sigma"": 1651.3594739930377}]",1,19.379959928916445,7.3860917382262414e-12,12509.176255060627,12464.323444119893,newton
calibration,nominal,1,44,91,5,28460.542562242706,5692.1085124485417,32251.657212270595,5699.613836577214,0.66515289609595096,,,,28285,28285,27553,732,0,2087fe5c4fa6df96a62e98f251ad1af7644cb5540b5be5b191724ff5dfbfd686,9a9d73f5b42a177bb5c24ef9a6c1a54d38134a12b1d6ae69305e13908e3d0336,53c6aa1021d40187dfd959b21e0647a2eed821bc128f6074179e1b93349c8c91,8f5f83da7c55e8c34a1ed4f5edebb52a900851fee291f6b040745a36665752bd,d04812a498535f8eaef9c9bf0960886190bb4ed5326d7ad247f949302122e814,0.97338276797150047,0.02661723202835916,82.394869719997601,0.3927842696321498,True,False,,,False,,observed_profile_hessian,34,1.91693081344,34,9.9999999999999995e-07,0,5544838b5e5d5e2b2ea91600c16dc8e18c27a7e0b4bcb4f8180f04f470de6747,1b114d16365b0be5483ea90bdbeedbc65f04444fe0b70c56e7ed3bbb13c2efcb,"[{""attempt"": 0, ""tolerance"": 2e-07, ""free_valid"": true, ""free_nll"": 25.175392838798437, ""free_score"": 7.172040739078511e-14, ""sigma"": 5699.613836577214}]",1,25.175392838798437,7.1720407390785113e-14,125421.73041857878,125255.62086725709,newton
calibration,nominal,0.10000000000000001,44,91,6,9872.3282341021586,1645.3880390170264,10036.29950993897,1653.0692617246207,0.099192017922916792,,,,9957,9957,9677,280,0,087e0df6b94e2fb6091b8c51ff8a930200b6c6c0db6c702e463ccf00523a0a19,a8c67bd77e30bb19330f4341fa6045b7ec63010820df43a775342bfa80ecb68a,3125923fa18986c7bfe0a5c56af57f55c20039a82c9a8e00355d8aa8b5df4f24,8f5f83da7c55e8c34a1ed4f5edebb52a900851fee291f6b040745a36665752bd,d04812a498535f8eaef9c9bf0960886190bb4ed5326d7ad247f949302122e814,0.97338276797150047,0.02661723202835916,82.394869719997601,0.3927842696321498,True,False,,,False,,observed_profile_hessian,34,1.91693081344,34,9.9999999999999995e-08,0,d3ca13758bac599a8164156fac9c19fb8dc98edca9cb10ca0c9a45a61f44da73,5867121d31314de69d12d48c0d8776a13b6d10882ffa428a7c481f59012312cf,"[{""attempt"": 0, ""tolerance"": 2e-07, ""free_valid"": true, ""free_nll"": 20.00761307080229, ""free_score"": 2.502498208656334e-11, ""sigma"": 1653.0692617246207}]",1,20.007613070802289,2.5024982086563341e-11,12525.067939354627,12473.376790662525,newton
calibration,nominal,1,44,91,6,34152.651074691254,5692.1085124485417,37276.825303214209,5701.5708792500363,0.54794973081767562,,,,34438,34438,33514,924,0,2087fe5c4fa6df96a62e98f251ad1af7644cb5540b5be5b191724ff5dfbfd686,1a555adb07f879ede903e981091065623a54bc3fa7592b6c07eb91ca4342761b,4d3150898424707c90fdca19bad2ec3a24450d1d966c056f77f66b6c08354a10,8f5f83da7c55e8c34a1ed4f5edebb52a900851fee291f6b040745a36665752bd,d04812a498535f8eaef9c9bf0960886190bb4ed5326d7ad247f949302122e814,0.97338276797150047,0.02661723202835916,82.394869719997601,0.3927842696321498,True,False,,,False,,observed_profile_hessian,34,1.91693081344,34,9.9999999999999995e-07,0,6beaeea11f874ac56d11473218b3c153c8d1a2f735e3184d7c017ecf4f7111c3,91db13a09c69a387f7640221f662aefb65f613092a1b213cd936b8344a70b20a,"[{""attempt"": 0, ""tolerance"": 2e-07, ""free_valid"": true, ""free_nll"": 25.083268375887453, ""free_score"": 5.639932965095795e-14, ""sigma"": 5701.570879250036}]",1,25.083268375887453,5.6399329650957952e-14,125467.4417416595,125275.4504686201,newton
calibration,nominal,0.10000000000000001,44,91,7,11517.716273119184,1645.3880390170264,11920.787732168093,1654.2497129559199,0.2436581707659333,,,,11555,11555,11282,273,0,087e0df6b94e2fb6091b8c51ff8a930200b6c6c0db6c702e463ccf00523a0a19,30d69a38d4a0b1fccfc1c5ab7b5ef161a0daf85d1bb2ec7716680c7e3a79f0d1,bfb7e7071de523e43ba0fd67dddde2a6ecf701c7996d8c77baf58d15d583b67c,8f5f83da7c55e8c34a1ed4f5edebb52a900851fee291f6b040745a36665752bd,d04812a498535f8eaef9c9bf0960886190bb4ed5326d7ad247f949302122e814,0.97338276797150047,0.02661723202835916,82.394869719997601,0.3927842696321498,True,False,,,False,,observed_profile_hessian,34,1.91693081344,34,9.9999999999999995e-08,0,485119ba8649db55d5a39546543475959ed62a628dd5241caf653544b3ac99a0,391f648e52d2d99e4def2bf77bf141ad67628254b7b4c9af9327b740956de29f,"[{""attempt"": 0, ""tolerance"": 2e-07, ""free_valid"": true, ""free_nll"": 19.638773357417072, ""free_score"": 9.507783449436147e-11, ""sigma"": 1654.24971295592}]",1,19.638773357417072,9.5077834494361468e-11,12528.807166390276,12467.410113564158,newton
calibration,nominal,1,44,91,7,39844.759587139793,5692.1085124485417,43151.786714416572,5703.1778057092715,0.57985692186665094,,,,40015,40015,38963,1052,0,2087fe5c4fa6df96a62e98f251ad1af7644cb5540b5be5b191724ff5dfbfd686,dcdda51284c1454548e607c878cf4343187162ba332434541e8fc21d718fbf5e,1336641b9ccb7e2b6f13262e4b6b238bc1bd7c111bd421d177c4d6ab43abe7e3,8f5f83da7c55e8c34a1ed4f5edebb52a900851fee291f6b040745a36665752bd,d04812a498535f8eaef9c9bf0960886190bb4ed5326d7ad247f949302122e814,0.97338276797150047,0.02661723202835916,82.394869719997601,0.3927842696321498,True,False,,,False,,observed_profile_hessian,34,1.91693081344,34,9.9999999999999995e-07,0,52c1760831b782cdd43ba5544eeb5e1681c2d472e023b8aa7adf00cbec759b5a,4d3600458b590b1fb9c075eb96444142bfc5b14c104575b5b8bae1da56925cc1,"[{""attempt"": 0, ""tolerance"": 2e-07, ""free_valid"": true, ""free_nll"": 26.067215496464165, ""free_score"": 1.486033518460772e-13, ""sigma"": 5703.1778057092715}]",1,26.067215496464165,1.486033518460772e-13,125493.84867120767,125271.59888470262,newton
calibration,nominal,0.10000000000000001,44,91,8,13163.104312136211,1645.3880390170264,13183.337862099101,1655.8790464482809,0.012219219759008998,,,,13159,13159,12781,378,0,087e0df6b94e2fb6091b8c51ff8a930200b6c6c0db6c702e463ccf00523a0a19,353704ae90ebc5f049261034a6702af9eb8967385aa387ead40dc65ad7b37d75,5992eb3ad55b33bcd2e5ecf821b634e9afff35ebdfe3836f32872df77a81bf75,8f5f83da7c55e8c34a1ed4f5edebb52a900851fee291f6b040745a36665752bd,d04812a498535f8eaef9c9bf0960886190bb4ed5326d7ad247f949302122e814,0.97338276797150047,0.02661723202835916,82.394869719997601,0.3927842696321498,True,False,,,False,,observed_profile_hessian,34,1.91693081344,34,9.9999999999999995e-08,0,cc7a4b80b2caea2c803fb5b92393b106c159160f6a36f89f1861ca2924c5186c,c4b97bbd37305f4a731aa2caa890ae1e31a562bad268e99de3f58527cb4047fa,"[{""attempt"": 0, ""tolerance"": 2e-07, ""free_valid"": true, ""free_nll"": 19.454804638845953, ""free_score"": 1.973384788911403e-10, ""sigma"": 1655.8790464482809}]",1,19.454804638845953,1.9733847889114031e-10,12541.640056384624,12473.74034125425,newton
calibration,nominal,1,44,91,8,45536.868099588333,5692.1085124485417,48415.228238918942,5704.8746844531952,0.50454397309982213,,,,45547,45547,44325,1222,0,2087fe5c4fa6df96a62e98f251ad1af7644cb5540b5be5b191724ff5dfbfd686,08a383af85c252d1e53ce61c2b055d299d0ed92f7d753cd3e4dedf9b1af8a497,7f17351cd3690492fca4c88e1646a40cfbb03140f4a64c0d30268b6e0d44939e,8f5f83da7c55e8c34a1ed4f5edebb52a900851fee291f6b040745a36665752bd,d04812a498535f8eaef9c9bf0960886190bb4ed5326d7ad247f949302122e814,0.97338276797150047,0.02661723202835916,82.394869719997601,0.3927842696321498,True,False,,,False,,observed_profile_hessian,34,1.91693081344,34,9.9999999999999995e-07,0,c431880c381fcce715c149baba92c6ca2f7ea4687dedecfb834557edb8f089f8,03d585e1e140608e15024b8e9a23e173cecf928665011406323aaf3ffb3bd78c,"[{""attempt"": 0, ""tolerance"": 2e-07, ""free_valid"": true, ""free_nll"": 25.610894800329326, ""free_score"": 3.789746294557972e-13, ""sigma"": 5704.874684453195}]",1,25.610894800329326,3.7897462945579719e-13,125531.06118617888,125281.70246991282,newton
calibration,nominal,0.10000000000000001,44,92,0,0,1645.3880390170264,-864.2211479749194,1650.1017484285705,-0.52373809602828247,,,,0,0,0,0,0,8243607685ca51e784f5e7dca695ad156847f7faac39eaecac81754654ebc16b,8243607685ca51e784f5e7dca695ad156847f7faac39eaecac81754654ebc16b,f440d6087e5a50c4aef861dbe0f0dd7752e43e8d6fb7b0a6393f704d359bba12,8f5f83da7c55e8c34a1ed4f5edebb52a900851fee291f6b040745a36665752bd,d04812a498535f8eaef9c9bf0960886190bb4ed5326d7ad247f949302122e814,0.97338276797150047,0.02661723202835916,82.394869719997601,0.3927842696321498,True,False,,,False,,observed_profile_hessian,34,1.91693081344,34,9.9999999999999995e-08,0,59c0d70de68ac58347a74c86634663cb6461665eca763a37bc1510760993b0dd,43f2f43b7d36b2e7e76016db3cd093dad61b03939bca1d8395fc96ba6fb119f9,"[{""attempt"": 0, ""tolerance"": 2e-07, ""free_valid"": true, ""free_nll"": 18.04765795502527, ""free_score"": 2.6067522709838364e-08, ""sigma"": 1650.1017484285705}]",1,18.047657955025269,2.6067522709838364e-08,12576.7357059971,12581.186807104494,newton
calibration,nominal,1,44,92,0,0,5692.1085124485417,906.84870643848058,5690.8018335492325,0.1593534150306018,,,,0,0,0,0,0,0acf4cd9d6c066caa2ede7d48a4eab47c4547a76a5a944efd34ff0a0f6c6bbe6,0acf4cd9d6c066caa2ede7d48a4eab47c4547a76a5a944efd34ff0a0f6c6bbe6,f440d6087e5a50c4aef861dbe0f0dd7752e43e8d6fb7b0a6393f704d359bba12,8f5f83da7c55e8c34a1ed4f5edebb52a900851fee291f6b040745a36665752bd,d04812a498535f8eaef9c9bf0960886190bb4ed5326d7ad247f949302122e814,0.97338276797150047,0.02661723202835916,82.394869719997601,0.3927842696321498,True,False,,,False,,observed_profile_hessian,34,1.91693081344,34,9.9999999999999995e-07,0,9eff92d10f49c73372cc14070a728cc6a681d98b44c3a1043052019ce892bfd3,5ec6b619840b1d298c085eb275593d17610332b5d8b4427de12c08aa0744a330,"[{""attempt"": 0, ""tolerance"": 2e-07, ""free_valid"": true, ""free_nll"": 19.840562054344097, ""free_score"": 2.056631775992912e-08, ""sigma"": 5690.8018335492325}]",1,19.840562054344097,2.056631775992912e-08,125153.24780342734,125148.57715252864,newton
calibration,nominal,0.10000000000000001,44,92,1,1645.3880390170264,1645.3880390170264,809.81759828500253,1651.576127242507,-0.50592305552823846,,,,1663,1663,1622,41,0,8243607685ca51e784f5e7dca695ad156847f7faac39eaecac81754654ebc16b,3749bbbfa5a6e7bc83a459fa3ea7f76c2f99325f8175cff540de47360393456f,297733497399472eb3bdac0aba3ce597065293fd534e3cf5675fdcbb845add43,8f5f83da7c55e8c34a1ed4f5edebb52a900851fee291f6b040745a36665752bd,d04812a498535f8eaef9c9bf0960886190bb4ed5326d7ad247f949302122e814,0.97338276797150047,0.02661723202835916,82.394869719997601,0.3927842696321498,True,False,,,False,,observed_profile_hessian,34,1.91693081344,34,9.9999999999999995e-08,0,8b23b4c2f6ff75588b076415191cf321ab5dbd7c6dff9265ac6fb64538b59e43,996c895f4fe2f0b22768397d50f2a029bca21f6e360b1ad8a304f7568ceb9c34,"[{""attempt"": 0, ""tolerance"": 2e-07, ""free_valid"": true, ""free_nll"": 17.74063000437582, ""free_score"": 2.8821819098023838e-09, ""sigma"": 1651.576127242507}]",1,17.74063000437582,2.8821819098023838e-09,12585.70432895199,12581.533428926041,newton
calibration,nominal,1,44,92,1,5692.1085124485417,5692.1085124485417,6572.2668377016971,5692.5354485367006,0.15461622210528445,,,,5733,5733,5584,149,0,0acf4cd9d6c066caa2ede7d48a4eab47c4547a76a5a944efd34ff0a0f6c6bbe6,77d6872b3bae10d65eefd4e332a17ed0d3a0a0e7a0df27419e575336d66594c6,5ce2afb8005a9c80d970d9f07f63008b87de5ad1c597ba3de7a509c6272ea204,8f5f83da7c55e8c34a1ed4f5edebb52a900851fee291f6b040745a36665752bd,d04812a498535f8eaef9c9bf0960886190bb4ed5326d7ad247f949302122e814,0.97338276797150047,0.02661723202835916,82.394869719997601,0.3927842696321498,True,False,,,False,,observed_profile_hessian,34,1.91693081344,34,9.9999999999999995e-07,0,b186d056bf1541a3ac0d69410932542e5c9e4b32683460a4e22c5ae600f11ee4,2ddb83a74be135e4260efc0423c15dd8f9171f38461756a79481d69eb9fc5f6b,"[{""attempt"": 0, ""tolerance"": 2e-07, ""free_valid"": true, ""free_nll"": 19.447616223217096, ""free_score"": 1.8700578185981698e-07, ""sigma"": 5692.535448536701}]",1,19.447616223217096,1.8700578185981698e-07,125185.49072894909,125151.64080029608,newton
calibration,nominal,0.10000000000000001,44,92,2,3290.7760780340527,1645.3880390170264,2333.9501959727163,1653.1303436694091,-0.57879639420173956,,,,3350,3350,3252,98,0,8243607685ca51e784f5e7dca695ad156847f7faac39eaecac81754654ebc16b,85c661cf2fe723ee52f50ba077eeeb98e3b40fa59c6740be7afc7bc32045d454,2d6d200c973d7d0ed66e20fc3be11316c12213ccca7dd1fd9775b05878c75271,8f5f83da7c55e8c34a1ed4f5edebb52a900851fee291f6b040745a36665752bd,d04812a498535f8eaef9c9bf0960886190bb4ed5326d7ad247f949302122e814,0.97338276797150047,0.02661723202835916,82.394869719997601,0.3927842696321498,True,False,,,False,,observed_profile_hessian,34,1.91693081344,34,9.9999999999999995e-08,0,05bdfbedb4b1b7348b7169c2af139c60b1d57190810bfd47cfbf207a4a8fa882,b3711b632777ea99bd91079016d0dcbec265f3ae615d31c36af741d7eee99606,"[{""attempt"": 0, ""tolerance"": 2e-07, ""free_valid"": true, ""free_nll"": 18.308430443546392, ""free_score"": 4.2549297418759124e-14, ""sigma"": 1653.130343669409}]",1,18.308430443546392,4.2549297418759124e-14,12597.60160193706,12585.580780268625,newton
calibration,nominal,1,44,92,2,11384.217024897083,5692.1085124485417,12042.046490527786,5694.3129695788566,0.11552393926099125,,,,11489,11489,11182,307,0,0acf4cd9d6c066caa2ede7d48a4eab47c4547a76a5a944efd34ff0a0f6c6bbe6,4cfc90b6167956ba636ea14b29051d1abf38afe27aa3986659cc5af5e9be6501,3d9067f04d906335f3c0725091f9f15a78e6f9dd239717d0828b6967e1bfbe80,8f5f83da7c55e8c34a1ed4f5edebb52a900851fee291f6b040745a36665752bd,d04812a498535f8eaef9c9bf0960886190bb4ed5326d7ad247f949302122e814,0.97338276797150047,0.02661723202835916,82.394869719997601,0.3927842696321498,True,False,,,False,,observed_profile_hessian,34,1.91693081344,34,9.9999999999999995e-07,0,0747915d0267cd1cec37fab5d32d3106388eb2a84f6111457206a9c9f220034b,ea39af303cba8395af99b4931416540d6e555bcfa6ce8718a7127dd8607f1ffd,"[{""attempt"": 0, ""tolerance"": 2e-07, ""free_valid"": true, ""free_nll"": 19.87846476669953, ""free_score"": 9.892087149410145e-14, ""sigma"": 5694.312969578857}]",1,19.87846476669953,9.8920871494101448e-14,125223.18414713265,125161.16256088139,newton
calibration,nominal,0.10000000000000001,44,92,3,4936.1641170510793,1645.3880390170264,4111.5497738327904,1654.5644834633313,-0.49838755241029215,,,,5065,5065,4937,128,0,8243607685ca51e784f5e7dca695ad156847f7faac39eaecac81754654ebc16b,24ddbd94af47259e8c4878c4d00352fb44b1bfdf7a276a2a4759f39953f62a6e,523c1d08cd1fe246bb12574448fe77701e9549b64973ffeacb7da7e082d85bcb,8f5f83da7c55e8c34a1ed4f5edebb52a900851fee291f6b040745a36665752bd,d04812a498535f8eaef9c9bf0960886190bb4ed5326d7ad247f949302122e814,0.97338276797150047,0.02661723202835916,82.394869719997601,0.3927842696321498,True,False,,,False,,observed_profile_hessian,34,1.91693081344,34,9.9999999999999995e-08,0,1ce0a5165ab3346bad4d8bf020f6a2bf5f19c37ffa0b75a1569b931e19b5099b,0b8d548fa3ae69b9da49f9751517761e52a41915faddf7c072466162c64b262a,"[{""attempt"": 0, ""tolerance"": 2e-07, ""free_valid"": true, ""free_nll"": 19.58573271360344, ""free_score"": 7.66053886991358e-15, ""sigma"": 1654.5644834633313}]",1,19.585732713603441,7.6605388699135801e-15,12607.133659604646,12585.957455117754,newton
calibration,nominal,1,44,92,3,17076.325537345627,5692.1085124485417,17414.522809902399,5696.0044530863515,0.059374474746683455,,,,17285,17285,16858,427,0,0acf4cd9d6c066caa2ede7d48a4eab47c4547a76a5a944efd34ff0a0f6c6bbe6,533e429e270a287febe4535ccfb08f1163e7b94e2a8a1b60b1a5f11dce5d7a1a,b8196c87104e1d409b56c4704c6ad4e6561aabe800237d50c05f4fe923b24079,8f5f83da7c55e8c34a1ed4f5edebb52a900851fee291f6b040745a36665752bd,d04812a498535f8eaef9c9bf0960886190bb4ed5326d7ad247f949302122e814,0.97338276797150047,0.02661723202835916,82.394869719997601,0.3927842696321498,True,False,,,False,,observed_profile_hessian,34,1.91693081344,34,9.9999999999999995e-07,0,7fdffb09d3b5f396f36d1af21b440e67aa9446b268f6069251b64944a4073347,254efc1f9a9dc3eb1fa02d7c227e9b0ef9f7c9c8b0b32ae70c64573fce3bf040,"[{""attempt"": 0, ""tolerance"": 2e-07, ""free_valid"": true, ""free_nll"": 19.980284868102157, ""free_score"": 7.582823258189819e-14, ""sigma"": 5696.0044530863515}]",1,19.980284868102157,7.5828232581898192e-14,125259.47916049798,125169.78706959564,newton
calibration,nominal,0.10000000000000001,44,92,4,6581.5521560681054,1645.3880390170264,5475.5486372681107,1656.0110051471609,-0.66787208259024222,,,,6655,6655,6473,182,0,8243607685ca51e784f5e7dca695ad156847f7faac39eaecac81754654ebc16b,dfddf7854ba2f05d57a0fcdb7aa0db54fce522724527c3eacfad419a6f7ab641,cfdc904b996d06009f0ce41157b66ac06644d33626bfc9178c13b1c0d987a8b8,8f5f83da7c55e8c34a1ed4f5edebb52a900851fee291f6b040745a36665752bd,d04812a498535f8eaef9c9bf0960886190bb4ed5326d7ad247f949302122e814,0.97338276797150047,0.02661723202835916,82.394869719997601,0.3927842696321498,True,False,,,False,,observed_profile_hessian,34,1.91693081344,34,9.9999999999999995e-08,0,5dcdf8d50c6fbff14cd921a3cb1e162e39992182834088bf34039c192a55dd9a,9b08aafc249a63a04500374fd57283c91b2420f1315828b329813a86c0e35ed5,"[{""attempt"": 0, ""tolerance"": 2e-07, ""free_valid"": true, ""free_nll"": 17.76250246632277, ""free_score"": 1.7075230118734908e-13, ""sigma"": 1656.0110051471609}]",1,17.762502466322768,1.7075230118734908e-13,12619.541940271243,12591.340569985356,newton
calibration,nominal,1,44,92,4,22768.434049794167,5692.1085124485417,22603.504503624634,5697.778715776938,-0.028946288439185789,,,,22825,22825,22201,624,0,0acf4cd9d6c066caa2ede7d48a4eab47c4547a76a5a944efd34ff0a0f6c6bbe6,48dbbb5ecea1e4ffd1c6dc28babad06f2a16809810a015f7bfbecafd81c714b4,5c4007460befd29fef2d854949d38610845cccf6517e59d9767855e7501a3fd7,8f5f83da7c55e8c34a1ed4f5edebb52a900851fee291f6b040745a36665752bd,d04812a498535f8eaef9c9bf0960886190bb4ed5326d7ad247f949302122e814,0.97338276797150047,0.02661723202835916,82.394869719997601,0.3927842696321498,True,False,,,False,,observed_profile_hessian,34,1.91693081344,34,9.9999999999999995e-07,0,30931c7e4401afee60dceba0c4be371acf107061385a841d4ef84c4b32c203a8,1860943166ea2b8bc5bc7c12c9fe136ba8b216cfdcc4013563597aa08627a7e6,"[{""attempt"": 0, ""tolerance"": 2e-07, ""free_valid"": true, ""free_nll"": 19.883635807113066, ""free_score"": 1.1834977442504169e-13, ""sigma"": 5697.778715776938}]",1,19.883635807113066,1.1834977442504169e-13,125294.1166188761,125177.6990975474,newton
calibration,nominal,0.10000000000000001,44,92,5,8226.9401950851316,1645.3880390170264,6935.5578824905851,1657.2845600706346,-0.77921579896907189,,,,8124,8124,7912,212,0,8243607685ca51e784f5e7dca695ad156847f7faac39eaecac81754654ebc16b,3ce303bc59c2623e6548a374e67727d0b83536d1161384c2f5ec2d27cfdccc9e,0f9e41da92042ea952838c959a598931ee454f9850544470b46bc2d7be79a95b,8f5f83da7c55e8c34a1ed4f5edebb52a900851fee291f6b040745a36665752bd,d04812a498535f8eaef9c9bf0960886190bb4ed5326d7ad247f949302122e814,0.97338276797150047,0.02661723202835916,82.394869719997601,0.3927842696321498,True,False,,,False,,observed_profile_hessian,34,1.91693081344,34,9.9999999999999995e-08,0,2b0db687c306a54fd7c69e1283602b855c4ccf6db7b3da3ff5c4843b3c8f7ec2,085c29f33c2d2d1ee7e27156de65f1d60c2ad0b7593869c533b5dd682548b41a,"[{""attempt"": 0, ""tolerance"": 2e-07, ""free_valid"": true, ""free_nll"": 18.359570779506303, ""free_score"": 1.1586842596500446e-12, ""sigma"": 1657.2845600706346}]",1,18.359570779506303,1.1586842596500446e-12,12626.170388404307,12590.449358615244,newton
calibration,nominal,1,44,92,5,28460.542562242706,5692.1085124485417,28113.925013345506,5699.4831245653922,-0.06081561105133218,,,,28420,28420,27642,778,0,0acf4cd9d6c066caa2ede7d48a4eab47c4547a76a5a944efd34ff0a0f6c6bbe6,0dea059f54f37c3e01ea823ba32802c9ddf0697e95969fcffa6d44bac9b9ef6d,5e16fc62b8c41e9c8bf4c12846e4d9ae7dad45eb186920c744c4691df028540b,8f5f83da7c55e8c34a1ed4f5edebb52a900851fee291f6b040745a36665752bd,d04812a498535f8eaef9c9bf0960886190bb4ed5326d7ad247f949302122e814,0.97338276797150047,0.02661723202835916,82.394869719997601,0.3927842696321498,True,False,,,False,,observed_profile_hessian,34,1.91693081344,34,9.9999999999999995e-07,0,da34cec4367360ba40bcaddf58d01271b1109122646970ce1f23a3e72ac936bc,e1248f271d5eb7682fa68d3446390bce39b8c6d8cdc1809fa7b1b3d1c60b19a5,"[{""attempt"": 0, ""tolerance"": 2e-07, ""free_valid"": true, ""free_nll"": 19.209587612761446, ""free_score"": 1.249000902703301e-13, ""sigma"": 5699.483124565392}]",1,19.209587612761446,1.2490009027033011e-13,125322.35452068172,125177.5560243092,newton
calibration,nominal,0.10000000000000001,44,92,6,9872.3282341021586,1645.3880390170264,8656.0580641833476,1658.7969362049892,-0.73322426836729337,,,,9944,9944,9682,262,0,8243607685ca51e784f5e7dca695ad156847f7faac39eaecac81754654ebc16b,dbf87dff11ae4109e58ce8b190e8e13418bb5b9abb5c7732c47210556c22578b,40d0b403a207867f34500e16458e1050875a2f4bea4f9198ee3bd3b13ba214db,8f5f83da7c55e8c34a1ed4f5edebb52a900851fee291f6b040745a36665752bd,d04812a498535f8eaef9c9bf0960886190bb4ed5326d7ad247f949302122e814,0.97338276797150047,0.02661723202835916,82.394869719997601,0.3927842696321498,True,False,,,False,,observed_profile_hessian,34,1.91693081344,34,9.9999999999999995e-08,0,92a808aac37961a6ae8a29243bfa07dac2c2bc1b0e9aaed7ba0ee0a39cdae987,eb95eb44131c089b6e60120020bb6a45f20f589c216d9c0feff5468ba5d29809,"[{""attempt"": 0, ""tolerance"": 2e-07, ""free_valid"": true, ""free_nll"": 18.97346761710762, ""free_score"": 6.886546888296152e-12, ""sigma"": 1658.7969362049892}]",1,18.97346761710762,6.8865468882961522e-12,12635.409507043158,12590.827180256274,newton
calibration,nominal,1,44,92,6,34152.651074691254,5692.1085124485417,33753.666844629974,5701.2005694269665,-0.06998249319640798,,,,34422,34422,33524,898,0,0acf4cd9d6c066caa2ede7d48a4eab47c4547a76a5a944efd34ff0a0f6c6bbe6,e4e44bbe7fbf11f80a6e2bd16deb6653de8260c6a74d1bea936cb019967e019d,d1bc5a2ce4d026b2c89b95d7b6f23746e9d5bf08af23305d96eb9463e2e203b0,8f5f83da7c55e8c34a1ed4f5edebb52a900851fee291f6b040745a36665752bd,d04812a498535f8eaef9c9bf0960886190bb4ed5326d7ad247f949302122e814,0.97338276797150047,0.02661723202835916,82.394869719997601,0.3927842696321498,True,False,,,False,,observed_profile_hessian,34,1.91693081344,34,9.9999999999999995e-07,0,bafb6a0604324b2681b80d5cae9415d2c42b568345197193bd56b2b553a9c0d8,783659db84f6f99365872835ec7a42215957b492a83a4010d583a780776bf0c7,"[{""attempt"": 0, ""tolerance"": 2e-07, ""free_valid"": true, ""free_nll"": 19.582267563108285, ""free_score"": 5.395683899678261e-14, ""sigma"": 5701.2005694269665}]",1,19.582267563108285,5.3956838996782608e-14,125362.2931188174,125188.44758839639,newton
calibration,nominal,0.10000000000000001,44,92,7,11517.716273119184,1645.3880390170264,10020.9923778756,1660.0855668745189,-0.90159442688336844,,,,11346,11346,11056,290,0,8243607685ca51e784f5e7dca695ad156847f7faac39eaecac81754654ebc16b,0eeddfc9df576bd3f94931cc920c5e5f9794c35135f5a1899257b5ee9081eaa6,e9a73bd8624ed688d964498e0adfafd1151f097267fa49969b9b4ac711062be2,8f5f83da7c55e8c34a1ed4f5edebb52a900851fee291f6b040745a36665752bd,d04812a498535f8eaef9c9bf0960886190bb4ed5326d7ad247f949302122e814,0.97338276797150047,0.02661723202835916,82.394869719997601,0.3927842696321498,True,False,,,False,,observed_profile_hessian,34,1.91693081344,34,9.9999999999999995e-08,0,9743b4869cdb6bf500f05c46db6b1c1055226856e7dabd8fd0bfab13205c5426,c1f6dd59ed69064a5879b58c277d1e72921eb399d517adf0340736073ff6f9a4,"[{""attempt"": 0, ""tolerance"": 2e-07, ""free_valid"": true, ""free_nll"": 18.60052772982123, ""free_score"": 2.2841450952881814e-11, ""sigma"": 1660.085566874519}]",1,18.600527729821231,2.2841450952881814e-11,12645.307982311582,12593.695671764832,newton
calibration,nominal,1,44,92,7,39844.759587139793,5692.1085124485417,38517.024822648636,5702.8069556118735,-0.23282127114343112,,,,39513,39513,38452,1061,0,0acf4cd9d6c066caa2ede7d48a4eab47c4547a76a5a944efd34ff0a0f6c6bbe6,78ac5cbc459241648eff0fb2ec9c38170d4777477f89668b705ab82b712b9e60,d6bc1b665abab016666b8fc1314c8583fdd7713bfd3488c84aede291dea6db6d,8f5f83da7c55e8c34a1ed4f5edebb52a900851fee291f6b040745a36665752bd,d04812a498535f8eaef9c9bf0960886190bb4ed5326d7ad247f949302122e814,0.97338276797150047,0.02661723202835916,82.394869719997601,0.3927842696321498,True,False,,,False,,observed_profile_hessian,34,1.91693081344,34,9.9999999999999995e-07,0,b96f48ec4d7d028c52d49da08a9e5e287ab7079011e3f89270253e88f2a09a22,e22bc83462bc9522de7be84efe197ae51c016126e02fd8b06ead401c2567e4e4,"[{""attempt"": 0, ""tolerance"": 2e-07, ""free_valid"": true, ""free_nll"": 19.933076936613592, ""free_score"": 4.973799150320701e-14, ""sigma"": 5702.8069556118735}]",1,19.933076936613592,4.9737991503207013e-14,125394.6986611383,125196.31984080585,newton
calibration,nominal,0.10000000000000001,44,92,8,13163.104312136211,1645.3880390170264,11689.85625341334,1661.6472644176106,-0.88661901371662566,,,,13122,13122,12765,357,0,8243607685ca51e784f5e7dca695ad156847f7faac39eaecac81754654ebc16b,eed25acc0621913da0c7521d54041f5ce78ed627fc7d506e9a2e475520155066,f4f6d8b83bd64a10d5e20c545346d175e9442f17032a2ea246bd5eef659532ad,8f5f83da7c55e8c34a1ed4f5edebb52a900851fee291f6b040745a36665752bd,d04812a498535f8eaef9c9bf0960886190bb4ed5326d7ad247f949302122e814,0.97338276797150047,0.02661723202835916,82.394869719997601,0.3927842696321498,True,False,,,False,,observed_profile_hessian,34,1.91693081344,34,9.9999999999999995e-08,0,373cb527f5f07e30322b510cf01e641a213fb2b05d216fc8ae1c62cb20e60ad3,1fb6552d00291e4b7477ed4044c1ea88a0acf5a59151c63a0a6b0d9835104ac0,"[{""attempt"": 0, ""tolerance"": 2e-07, ""free_valid"": true, ""free_nll"": 17.59726605369667, ""free_score"": 7.230904763844137e-11, ""sigma"": 1661.6472644176106}]",1,17.597266053696671,7.2309047638441371e-11,12655.958291974404,12595.750633047321,newton
calibration,nominal,1,44,92,8,45536.868099588333,5692.1085124485417,44248.444221089063,5704.6791655141351,-0.22585387207891314,,,,45428,45428,44193,1235,0,0acf4cd9d6c066caa2ede7d48a4eab47c4547a76a5a944efd34ff0a0f6c6bbe6,d19f9269116bda5a44562710aa2c598d5af73713dd9b06e6931d517fe0eeb5b9,c3787d232a248fb0734d361b573a3f4703c22e2bf1c3f2e70b7926801c6ccb83,8f5f83da7c55e8c34a1ed4f5edebb52a900851fee291f6b040745a36665752bd,d04812a498535f8eaef9c9bf0960886190bb4ed5326d7ad247f949302122e814,0.97338276797150047,0.02661723202835916,82.394869719997601,0.3927842696321498,True,False,,,False,,observed_profile_hessian,34,1.91693081344,34,9.9999999999999995e-07,0,061511f074b5e9e789a40475bce69f7c4f078b8e135463048ca81aebcf029809,0530bababe535e8fb3dbe0fd491cc6f92072a08647000ece906ec9a3c785d439,"[{""attempt"": 0, ""tolerance"": 2e-07, ""free_valid"": true, ""free_nll"": 19.61532171716006, ""free_score"": 5.508926648190027e-13, ""sigma"": 5704.679165514135}]",1,19.615321717160061,5.5089266481900268e-13,125431.29661901918,125203.39858674529,newton
calibration,nominal,0.10000000000000001,44,93,0,0,1645.3880390170264,4131.0438630880599,1642.2093108992417,2.5155403977255379,,,,0,0,0,0,0,d605e62a570986d99348ae61e83a3c2dcee622a092f7f941d0133180e05566ce,d605e62a570986d99348ae61e83a3c2dcee622a092f7f941d0133180e05566ce,f440d6087e5a50c4aef861dbe0f0dd7752e43e8d6fb7b0a6393f704d359bba12,8f5f83da7c55e8c34a1ed4f5edebb52a900851fee291f6b040745a36665752bd,d04812a498535f8eaef9c9bf0960886190bb4ed5326d7ad247f949302122e814,0.97338276797150047,0.02661723202835916,82.394869719997601,0.3927842696321498,True,False,,,False,,observed_profile_hessian,34,1.91693081344,34,9.9999999999999995e-08,0,0de8544b4673745c895ac514f3a94a23b8b8f53c778fe678e9a8cfd8ca6161f3,f7ea61b62431b5f2d83f6ac5acb2701d3211c904ab29b52a32413d6cf8e5430f,"[{""attempt"": 0, ""tolerance"": 2e-07, ""free_valid"": true, ""free_nll"": 25.149802582851184, ""free_score"": 5.280498260873401e-14, ""sigma"": 1642.2093108992417}]",1,25.149802582851184,5.2804982608734008e-14,12446.251483517772,12424.974876301236,newton
calibration,nominal,1,44,93,0,0,5692.1085124485417,6675.1838424488551,5686.4872303853272,1.173867727475145,,,,0,0,0,0,0,565e94e6de28b132aad667ef4c256d06b04ccb46223d5da3e953366e6f652d91,565e94e6de28b132aad667ef4c256d06b04ccb46223d5da3e953366e6f652d91,f440d6087e5a50c4aef861dbe0f0dd7752e43e8d6fb7b0a6393f704d359bba12,8f5f83da7c55e8c34a1ed4f5edebb52a900851fee291f6b040745a36665752bd,d04812a498535f8eaef9c9bf0960886190bb4ed5326d7ad247f949302122e814,0.97338276797150047,0.02661723202835916,82.394869719997601,0.3927842696321498,True,False,,,False,,observed_profile_hessian,34,1.91693081344,34,9.9999999999999995e-07,0,1c7ddb252aebbe843185bd99606a007536e62b224f92ee67ec83b901263b786a,18c969d6e6ff3271b95f0a331e150ff019ed5445a7f9c3b0cc38475340ac8733,"[{""attempt"": 0, ""tolerance"": 2e-07, ""free_valid"": true, ""free_nll"": 19.207184674966047, ""free_score"": 1.9065646494897948e-07, ""sigma"": 5686.487230385327}]",1,19.207184674966047,1.9065646494897948e-07,125117.17158619878,125082.79159183877,newton
calibration,nominal,0.10000000000000001,44,93,1,1645.3880390170264,1645.3880390170264,5785.6305637631667,1643.6438701461364,2.5189413594673837,,,,1667,1667,1632,35,0,d605e62a570986d99348ae61e83a3c2dcee622a092f7f941d0133180e05566ce,be1c5bfb0149520f01691234ba54cfb2994c560627b3029566ab9d09641d0f4b,b2977cf2057d0ce00c9b33ae57305c7d92a17f4da3bcfa07d08454e705a22be8,8f5f83da7c55e8c34a1ed4f5edebb52a900851fee291f6b040745a36665752bd,d04812a498535f8eaef9c9bf0960886190bb4ed5326d7ad247f949302122e814,0.97338276797150047,0.02661723202835916,82.394869719997601,0.3927842696321498,True,False,,,False,,observed_profile_hessian,34,1.91693081344,34,9.9999999999999995e-08,0,412324c06c54d91cf50ec1cf04441f405465a70a4a40f737127fafaa520648fa,206ab0a6280b53f9ed343f85c73a8f8b6b712ccabcf2663b74be8e123adac079,"[{""attempt"": 0, ""tolerance"": 2e-07, ""free_valid"": true, ""free_nll"": 25.224205887343008, ""free_score"": 5.839634331650245e-13, ""sigma"": 1643.6438701461364}]",1,25.224205887343008,5.8396343316502453e-13,12455.839453913452,12426.041031750694,newton
calibration,nominal,1,44,93,1,5692.1085124485417,5692.1085124485417,12163.307703298648,5688.2057662584721,1.1376520922003606,,,,5721,5721,5577,144,0,565e94e6de28b132aad667ef4c256d06b04ccb46223d5da3e953366e6f652d91,7970a0724724dc0d67b925bcdf345abf7c3472ee699db75f5dea0d3cf0e9ab26,2d2fb8063fc429986b35824c9e83381b8e9feaa3ce738fe1d75c53308752e5f5,8f5f83da7c55e8c34a1ed4f5edebb52a900851fee291f6b040745a36665752bd,d04812a498535f8eaef9c9bf0960886190bb4ed5326d7ad247f949302122e814,0.97338276797150047,0.02661723202835916,82.394869719997601,0.3927842696321498,True,False,,,False,,observed_profile_hessian,34,1.91693081344,34,9.9999999999999995e-07,0,bc192787ab05f2a8eb2453e079914958fb59000ebcee25a3b17bb6a8e1df4795,f5063aea186d7e994f2083c83123d50503f57dc247401305fa081debcbf80cb5,"[{""attempt"": 0, ""tolerance"": 2e-07, ""free_valid"": true, ""free_nll"": 19.21706353345171, ""free_score"": 2.0172752357439094e-13, ""sigma"": 5688.205766258472}]",1,19.217063533451711,2.0172752357439094e-13,125151.25234627546,125088.60621395784,newton
calibration,nominal,0.10000000000000001,44,93,2,3290.7760780340527,1645.3880390170264,7169.5851494597237,1645.1641707628246,2.3577033467894921,,,,3314,3314,3231,83,0,d605e62a570986d99348ae61e83a3c2dcee622a092f7f941d0133180e05566ce,aa15ed6baf291c30c1984569ab0c3ab55b32df2265d0fde96cd0d79d850aefec,59f2cfd0449e5e5f275f9cb8c783367513d4d032883c8e90426122c028a4fad4,8f5f83da7c55e8c34a1ed4f5edebb52a900851fee291f6b040745a36665752bd,d04812a498535f8eaef9c9bf0960886190bb4ed5326d7ad247f949302122e814,0.97338276797150047,0.02661723202835916,82.394869719997601,0.3927842696321498,True,False,,,False,,observed_profile_hessian,34,1.91693081344,34,9.9999999999999995e-08,0,34db31b3f513d4f92148b1651464b5ef4f94aaa5c3fe3f12f0ede3f652922b3b,5d9d84fd0b6ff2bf67137e37e1835f1d4d071b3bfe979df0902064452f236dac,"[{""attempt"": 0, ""tolerance"": 2e-07, ""free_valid"": true, ""free_nll"": 25.41956370265228, ""free_score"": 3.1023100754978827e-12, ""sigma"": 1645.1641707628246}]",1,25.41956370265228,3.1023100754978827e-12,12467.717536595432,12430.791168300584,newton
calibration,nominal,1,44,93,2,11384.217024897083,5692.1085124485417,17508.207255868147,5689.885337608288,1.0762941373341011,,,,11400,11400,11116,284,0,565e94e6de28b132aad667ef4c256d06b04ccb46223d5da3e953366e6f652d91,a24587b3a5f31fbc7415656ee2688804daaa28d1f6dcd93b75974c865c3804c2,b084d1dd202264de05a3b993fa9b26a374a4a0357ed3ee7a6207abf2c07ff2c3,8f5f83da7c55e8c34a1ed4f5edebb52a900851fee291f6b040745a36665752bd,d04812a498535f8eaef9c9bf0960886190bb4ed5326d7ad247f949302122e814,0.97338276797150047,0.02661723202835916,82.394869719997601,0.3927842696321498,True,False,,,False,,observed_profile_hessian,34,1.91693081344,34,9.9999999999999995e-07,0,96c7a2eae3a956291d792927f77b5eb94d3a54c5e9c44270394d6ea2b55eb81b,4aad887eece6af98a8297474765838811abd1fb442db97bac86430bd819ebd28,"[{""attempt"": 0, ""tolerance"": 2e-07, ""free_valid"": true, ""free_nll"": 19.476279431917348, ""free_score"": 1.7064127888488656e-13, ""sigma"": 5689.885337608288}]",1,19.476279431917348,1.7064127888488656e-13,125186.01467294891,125095.84006788666,newton
calibration,nominal,0.10000000000000001,44,93,3,4936.1641170510793,1645.3880390170264,8846.2201074713394,1646.5019292341585,2.3747655080118575,,,,4830,4830,4707,123,0,d605e62a570986d99348ae61e83a3c2dcee622a092f7f941d0133180e05566ce,4f110f0484403bb69033e0210c0edf45ea9fc47abe9854b7b4674215632dcce6,e1ffc74eec90173e0ac58ff4fce3a25cc1dc76b2a537299445de57ac7b1ea9ee,8f5f83da7c55e8c34a1ed4f5edebb52a900851fee291f6b040745a36665752bd,d04812a498535f8eaef9c9bf0960886190bb4ed5326d7ad247f949302122e814,0.97338276797150047,0.02661723202835916,82.394869719997601,0.3927842696321498,True,False,,,False,,observed_profile_hessian,34,1.91693081344,34,9.9999999999999995e-08,0,add9a63ca835ca81d80faf9029ffad0160d93b98e9f869d87c53f39064ea31e4,c63ee6b7b8ad6be63848a2307e66e4b36364c77a4b391b161172d67de266195f,"[{""attempt"": 0, ""tolerance"": 2e-07, ""free_valid"": true, ""free_nll"": 25.005071372301895, ""free_score"": 1.3159889844516215e-11, ""sigma"": 1646.5019292341585}]",1,25.005071372301895,1.3159889844516215e-11,12474.298314954203,12428.736573947419,newton
calibration,nominal,1,44,93,3,17076.325537345627,5692.1085124485417,22641.362378432823,5691.6832900345253,0.97774885873058459,,,,17010,17010,16558,452,0,565e94e6de28b132aad667ef4c256d06b04ccb46223d5da3e953366e6f652d91,df9b446a90e17fe0f6e4fd4090b062a0f8b78052be24be84cfc2773a22dab926,e5a1bd9df5e1c1d03cb449694eb6dab5bdd006854c4c14d4f8ce045734b66cee,8f5f83da7c55e8c34a1ed4f5edebb52a900851fee291f6b040745a36665752bd,d04812a498535f8eaef9c9bf0960886190bb4ed5326d7ad247f949302122e814,0.97338276797150047,0.02661723202835916,82.394869719997601,0.3927842696321498,True,False,,,False,,observed_profile_hessian,34,1.91693081344,34,9.9999999999999995e-07,0,b911f2ad528ae0e8e990515c1e1f2556db9047bbcdab53ee1ff18b8123f2039a,d229e55a6ae622ef51bea63bcf9d1a544c621a368bbdfd38b0cf44c13c8acece,"[{""attempt"": 0, ""tolerance"": 2e-07, ""free_valid"": true, ""free_nll"": 18.594025259089392, ""free_score"": 7.349676423018536e-14, ""sigma"": 5691.683290034525}]",1,18.594025259089392,7.3496764230185363e-14,125222.22435551716,125105.61185026697,newton
calibration,nominal,0.10000000000000001,44,93,4,6581.5521560681054,1645.3880390170264,10302.376265594909,1647.9628254823633,2.2578325505842085,,,,6573,6573,6421,152,0,d605e62a570986d99348ae61e83a3c2dcee622a092f7f941d0133180e05566ce,e1222076c64bbb8c2ee63e17e7cc1f08819bc916aafbcf2b67c24fa55ab494e7,0ad15971d09050a8d19c576fa3be7fb92ae63a035684c5d953fd2760991f9791,8f5f83da7c55e8c34a1ed4f5edebb52a900851fee291f6b040745a36665752bd,d04812a498535f8eaef9c9bf0960886190bb4ed5326d7ad247f949302122e814,0.97338276797150047,0.02661723202835916,82.394869719997601,0.3927842696321498,True,False,,,False,,observed_profile_hessian,34,1.91693081344,34,9.9999999999999995e-08,0,9bb815cf19f342367440f92e27b600b36cb5aaa0bc3840580d8cd5ced65188b9,b87165e026cab169e3b2c95a4cb4aae660b9bc1ab33cc81f2dc931e4947a150c,"[{""attempt"": 0, ""tolerance"": 2e-07, ""free_valid"": true, ""free_nll"": 25.00457032433812, ""free_score"": 4.799973439550964e-11, ""sigma"": 1647.9628254823633}]",1,25.004570324338118,4.7999734395509641e-11,12488.442399575768,12435.380844079198,newton
calibration,nominal,1,44,93,4,22768.434049794167,5692.1085124485417,28158.641671389458,5693.4284164781875,0.94674196763319263,,,,22748,22748,22154,594,0,565e94e6de28b132aad667ef4c256d06b04ccb46223d5da3e953366e6f652d91,717928fed17380ba7885a8abcaf61aaa82f532516c2181a9688d1c0c60cf1fb9,e79443cf52f45a346adeaae3fd2b814e7e79d361564736601f3c2e36130bbc69,8f5f83da7c55e8c34a1ed4f5edebb52a900851fee291f6b040745a36665752bd,d04812a498535f8eaef9c9bf0960886190bb4ed5326d7ad247f949302122e814,0.97338276797150047,0.02661723202835916,82.394869719997601,0.3927842696321498,True,False,,,False,,observed_profile_hessian,34,1.91693081344,34,9.9999999999999995e-07,0,661102dc7ff733e1d0b72941e6322eda880064c9fe2969a8c285f4e67e797363,c6a109cd453a7bf30074cfc51dd3796ed9059f3a3876235e8b33faef78b1f464,"[{""attempt"": 0, ""tolerance"": 2e-07, ""free_valid"": true, ""free_nll"": 18.87244957132139, ""free_score"": 5.051514762044462e-14, ""sigma"": 5693.4284164781875}]",1,18.87244957132139,5.0515147620444623e-14,125256.85923258826,125111.83042668605,newton
calibration,nominal,0.10000000000000001,44,93,5,8226.9401950851316,1645.3880390170264,12095.78925129987,1649.4948161522113,2.3454751226436894,,,,8317,8317,8093,224,0,d605e62a570986d99348ae61e83a3c2dcee622a092f7f941d0133180e05566ce,c76c6163932254f493ddd11cd6461a3050ecc8aad747abb8a0afabacf5e8503a,d4a5df2952a16205a5e05f1a73255953e4b16404c5c61a0974527eded09a455e,8f5f83da7c55e8c34a1ed4f5edebb52a900851fee291f6b040745a36665752bd,d04812a498535f8eaef9c9bf0960886190bb4ed5326d7ad247f949302122e814,0.97338276797150047,0.02661723202835916,82.394869719997601,0.3927842696321498,True,False,,,False,,observed_profile_hessian,34,1.91693081344,34,9.9999999999999995e-08,0,9716206cdf2bed6b63fb6886a264c3e3bc5d933f8bbfa93ad320284fec00c384,cd765cd5ed46430a1e92b3b68b5c6e3afd799e5e2c78b27d731cd21ed6e77d5f,"[{""attempt"": 0, ""tolerance"": 2e-07, ""free_valid"": true, ""free_nll"": 24.05026177647291, ""free_score"": 1.4737649989271517e-10, ""sigma"": 1649.4948161522113}]",1,24.050261776472912,1.4737649989271517e-10,12497.197836420764,12434.899452427931,newton
calibration,nominal,1,44,93,5,28460.542562242706,5692.1085124485417,33827.796247092323,5695.1352854194338,0.94242777666594635,,,,28593,28593,27851,742,0,565e94e6de28b132aad667ef4c256d06b04ccb46223d5da3e953366e6f652d91,26a43fa10048483b8f58ddbc521be82699a1064e1704402fab074fb830db00a8,edecdc4dfda823e1eb2b324023bab471f59ca00c5b1481d3f61dea5d1ccd9fb0,8f5f83da7c55e8c34a1ed4f5edebb52a900851fee291f6b040745a36665752bd,d04812a498535f8eaef9c9bf0960886190bb4ed5326d7ad247f949302122e814,0.97338276797150047,0.02661723202835916,82.394869719997601,0.3927842696321498,True,False,,,False,,observed_profile_hessian,34,1.91693081344,34,9.9999999999999995e-07,0,d965b5a853a9f05578d6a0db809263327ee841fbaf4cf11bb7499340b9277627,44e92d12453ec071ecf27842e5dda87de0cc332c4732494b03ea56dfa2d995ce,"[{""attempt"": 0, ""tolerance"": 2e-07, ""free_valid"": true, ""free_nll"": 18.73929398338552, ""free_score"": 3.197442310920451e-14, ""sigma"": 5695.135285419434}]",1,18.739293983385519,3.1974423109204508e-14,125292.55899015944,125118.33166224811,newton
calibration,nominal,0.10000000000000001,44,93,6,9872.3282341021586,1645.3880390170264,13448.67931419969,1650.7500496642213,2.1665006648492882,,,,9895,9895,9655,240,0,d605e62a570986d99348ae61e83a3c2dcee622a092f7f941d0133180e05566ce,424436c781cc67181d4da3d4554ce44fd314f3d13dbd274fbdbbef25e709d429,d36d503d89f6827acb0a95ce71224c5e180bcbbc9f51bb9bf8471bccecf6acf8,8f5f83da7c55e8c34a1ed4f5edebb52a900851fee291f6b040745a36665752bd,d04812a498535f8eaef9c9bf0960886190bb4ed5326d7ad247f949302122e814,0.97338276797150047,0.02661723202835916,82.394869719997601,0.3927842696321498,True,False,,,False,,observed_profile_hessian,34,1.91693081344,34,9.9999999999999995e-08,0,b079dc417f698558e8fb178c61bcb8968da58188cccfcd792e4ddd1dd1ea9b0f,16a1412a424840b8b63c8eb39d109d94d97034a47f2270427fbfc70302fb6856,"[{""attempt"": 0, ""tolerance"": 2e-07, ""free_valid"": true, ""free_nll"": 24.41513013063541, ""free_score"": 3.5784248481052217e-10, ""sigma"": 1650.7500496642213}]",1,24.415130130635411,3.5784248481052217e-10,12505.915554915824,12436.649220102456,newton
calibration,nominal,1,44,93,6,34152.651074691254,5692.1085124485417,39060.976574745771,5696.8309248111082,0.86158876133703488,,,,34288,34288,33388,900,0,565e94e6de28b132aad667ef4c256d06b04ccb46223d5da3e953366e6f652d91,67e2a8094c53ee65bc3b240a5ef6e3f53aa5479ab730d1ba6de825f08a151ba4,07f2f4708a34119f6abede871917265183c6ccb11fd2adb959be0101fa61340e,8f5f83da7c55e8c34a1ed4f5edebb52a900851fee291f6b040745a36665752bd,d04812a498535f8eaef9c9bf0960886190bb4ed5326d7ad247f949302122e814,0.97338276797150047,0.02661723202835916,82.394869719997601,0.3927842696321498,True,False,,,False,,observed_profile_hessian,34,1.91693081344,34,9.9999999999999995e-07,0,c6fa348e00e7542e79e164c04dccb78d08f54ea796f8549942aaf9515eb9ac4f,5426d896834a5768b078660423dd0c3c4c30086785853d6a26ab0b6bfd7f7525,"[{""attempt"": 0, ""tolerance"": 2e-07, ""free_valid"": true, ""free_nll"": 19.055544769804403, ""free_score"": 8.379408278358369e-14, ""sigma"": 5696.830924811108}]",1,19.055544769804403,8.379408278358369e-14,125328.2688836749,125127.08848384881,newton
calibration,nominal,0.10000000000000001,44,93,7,11517.716273119184,1645.3880390170264,15028.949781763051,1652.2960259471135,2.1250632171866362,,,,11388,11388,11074,314,0,d605e62a570986d99348ae61e83a3c2dcee622a092f7f941d0133180e05566ce,1f663c1b29682adf520d3e06e5590446cbebc0655711c9b9415dbcd972b91982,e4390d8649cf9ba3bee7cea2e17c49a2c1224f8adc3e3f47ba9735fed8a752b3,8f5f83da7c55e8c34a1ed4f5edebb52a900851fee291f6b040745a36665752bd,d04812a498535f8eaef9c9bf0960886190bb4ed5326d7ad247f949302122e814,0.97338276797150047,0.02661723202835916,82.394869719997601,0.3927842696321498,True,False,,,False,,observed_profile_hessian,34,1.91693081344,34,9.9999999999999995e-08,0,b7d1bf37cd29cfbcf8738dca0ab64a761712955ed9f0f3960fbe3453ecb78fb4,489cff3a643e864fc8b5f4f084f7d52bf9b3dab07e7c151b2c97c98e7d797399,"[{""attempt"": 0, ""tolerance"": 2e-07, ""free_valid"": true, ""free_nll"": 24.173411669522807, ""free_score"": 7.313841199341198e-10, ""sigma"": 1652.2960259471135}]",1,24.173411669522807,7.3138411993411978e-10,12515.102256303329,12437.696866290218,newton
calibration,nominal,1,44,93,7,39844.759587139793,5692.1085124485417,44518.405630201712,5698.6740435618358,0.82012868385445592,,,,39827,39827,38713,1114,0,565e94e6de28b132aad667ef4c256d06b04ccb46223d5da3e953366e6f652d91,fdcb59b97fb5755e53d939e41010db4b10de5a5a653aae6331fb0ea31b6e75a0,7805a545b69b58848553a98a2aceca68188f921a8288858497837ffd4616deb6,8f5f83da7c55e8c34a1ed4f5edebb52a900851fee291f6b040745a36665752bd,d04812a498535f8eaef9c9bf0960886190bb4ed5326d7ad247f949302122e814,0.97338276797150047,0.02661723202835916,82.394869719997601,0.3927842696321498,True,False,,,False,,observed_profile_hessian,34,1.91693081344,34,9.9999999999999995e-07,0,f71947289aed3784905a7870f604937f71c8223c8b26e0fa1b08bc1587909a7b,9beaee8ec53ea928909c70a2c55ca665147a6f9e9bc2df53dfff81aef95756f7,"[{""attempt"": 0, ""tolerance"": 2e-07, ""free_valid"": true, ""free_nll"": 19.66958410934151, ""free_score"": 4.924949337237194e-13, ""sigma"": 5698.674043561836}]",1,19.66958410934151,4.9249493372371944e-13,125362.37128557709,125133.08283890538,newton
calibration,nominal,0.10000000000000001,44,93,8,13163.104312136211,1645.3880390170264,16730.067072261452,1653.8273673822066,2.1567926801037758,,,,13221,13221,12859,362,0,d605e62a570986d99348ae61e83a3c2dcee622a092f7f941d0133180e05566ce,56433b65cfbd1928204ec113ff49b92fde0493f42a8dc7ae6d9e88a816fd367e,09bf0eb3fcc8adaa0e1b3008f9d2214873242adcf60f7eef2ae07fb78ac1afff,8f5f83da7c55e8c34a1ed4f5edebb52a900851fee291f6b040745a36665752bd,d04812a498535f8eaef9c9bf0960886190bb4ed5326d7ad247f949302122e814,0.97338276797150047,0.02661723202835916,82.394869719997601,0.3927842696321498,True,False,,,False,,observed_profile_hessian,34,1.91693081344,34,9.9999999999999995e-08,0,de01c77530a146f7b60bfec67650822d6db65798fefb20c5cc3e11070a057904,b659036cad2dc9fd513121225b2c92a69d277972f60aa4574afac097dd26633f,"[{""attempt"": 0, ""tolerance"": 2e-07, ""free_valid"": true, ""free_nll"": 25.279009765428935, ""free_score"": 1.691183082463965e-09, ""sigma"": 1653.8273673822066}]",1,25.279009765428935,1.6911830824639651e-09,12526.06943500558,12439.902578007674,newton
calibration,nominal,1,44,93,8,45536.868099588333,5692.1085124485417,50339.066931077097,5700.1843492805574,0.84246377612241052,,,,45417,45417,44245,1172,0,565e94e6de28b132aad667ef4c256d06b04ccb46223d5da3e953366e6f652d91,36e46f45650286db1c50dd02733795aabf6ad471f44cb7eafbf4b3d414c4ff8a,fc351940b1960113b106bb432c0cad022fae71c4568597e32ae566f7d87a3237,8f5f83da7c55e8c34a1ed4f5edebb52a900851fee291f6b040745a36665752bd,d04812a498535f8eaef9c9bf0960886190bb4ed5326d7ad247f949302122e814,0.97338276797150047,0.02661723202835916,82.394869719997601,0.3927842696321498,True,False,,,False,,observed_profile_hessian,34,1.91693081344,34,9.9999999999999995e-07,0,589ceb760beab2586b70e6a58d69df23e83c2dbcb512c59511af7a5332622a3b,2ee94c3d82d4aba88ac42d23141781d4a7e90a43068467c57cf5ec5eb0464669,"[{""attempt"": 0, ""tolerance"": 2e-07, ""free_valid"": true, ""free_nll"": 18.593061965202978, ""free_score"": 9.854894678085202e-13, ""sigma"": 5700.184349280557}]",1,18.593061965202978,9.854894678085202e-13,125391.29082443383,125132.02353262184,newton
calibration,nominal,0.10000000000000001,44,94,0,0,1645.3880390170264,-658.93558308346974,1649.4497300482383,-0.39948812690654062,,,,0,0,0,0,0,6950ca37571fbbc4db50b9572da8f2849bbf1562fea0a26029c86a2c55e41eac,6950ca37571fbbc4db50b9572da8f2849bbf1562fea0a26029c86a2c55e41eac,f440d6087e5a50c4aef861dbe0f0dd7752e43e8d6fb7b0a6393f704d359bba12,8f5f83da7c55e8c34a1ed4f5edebb52a900851fee291f6b040745a36665752bd,d04812a498535f8eaef9c9bf0960886190bb4ed5326d7ad247f949302122e814,0.97338276797150047,0.02661723202835916,82.394869719997601,0.3927842696321498,True,False,,,False,,observed_profile_hessian,34,1.91693081344,34,9.9999999999999995e-08,0,50ae497e31eab31e8cc72ab8bdd77965f64613212978a95e113fa8e199a65654,443d17403ac7a2a0256a93f06313485d57f04fa31485457227ca12f4022b0e15,"[{""attempt"": 0, ""tolerance"": 2e-07, ""free_valid"": true, ""free_nll"": 24.947184816753886, ""free_score"": 5.750955267558311e-14, ""sigma"": 1649.4497300482383}]",1,24.947184816753886,5.7509552675583109e-14,12515.467898171433,12518.8616925844,newton
calibration,nominal,1,44,94,0,0,5692.1085124485417,18.576370621743386,5693.2011460542135,0.0032629043213444355,,,,0,0,0,0,0,5ae636509fa6cbec063487ad7b536740110a9eb11a2bab039f80e7163d4d71fd,5ae636509fa6cbec063487ad7b536740110a9eb11a2bab039f80e7163d4d71fd,f440d6087e5a50c4aef861dbe0f0dd7752e43e8d6fb7b0a6393f704d359bba12,8f5f83da7c55e8c34a1ed4f5edebb52a900851fee291f6b040745a36665752bd,d04812a498535f8eaef9c9bf0960886190bb4ed5326d7ad247f949302122e814,0.97338276797150047,0.02661723202835916,82.394869719997601,0.3927842696321498,True,False,,,False,,observed_profile_hessian,34,1.91693081344,34,9.9999999999999995e-07,0,28170ea7169c5f6c707ed5557c745028cf8cb27bc4fd96616db2272285ba3a2c,f23b7fefa243d3c847499fc06ae29cd136d40cb2de0d9a6136adc7abb8206b69,"[{""attempt"": 0, ""tolerance"": 2e-07, ""free_valid"": true, ""free_nll"": 12.268825763462747, ""free_score"": 7.027008863680351e-09, ""sigma"": 5693.2011460542135}]",1,12.268825763462747,7.0270088636803507e-09,125260.67651485826,125260.5808387642,newton
calibration,nominal,0.10000000000000001,44,94,1,1645.3880390170264,1645.3880390170264,923.18685973717425,1650.9662003319729,-0.43744152916918189,,,,1671,1671,1627,44,0,6950ca37571fbbc4db50b9572da8f2849bbf1562fea0a26029c86a2c55e41eac,04466f0e205878784ee98eef393b55923358ee54113cea7e4bf0af19c03fcf15,f254140676507c43edd361ee970ef892dcfc15abe9849e2759de2ab75178f512,8f5f83da7c55e8c34a1ed4f5edebb52a900851fee291f6b040745a36665752bd,d04812a498535f8eaef9c9bf0960886190bb4ed5326d7ad247f949302122e814,0.97338276797150047,0.02661723202835916,82.394869719997601,0.3927842696321498,True,False,,,False,,observed_profile_hessian,34,1.91693081344,34,9.9999999999999995e-08,0,1c866b77295f86d4d2d183f1347f84d3f041398a487ee3c29caa95ddf4437e86,5f6ecebd518448a14779123815881533f48fc6d5e950b99d18f17aca4883fdc2,"[{""attempt"": 0, ""tolerance"": 2e-07, ""free_valid"": true, ""free_nll"": 25.146791558391172, ""free_score"": 1.5874945535898632e-07, ""sigma"": 1650.966200331973}]",1,25.146791558391172,1.5874945535898632e-07,12525.599880933241,12520.845081697726,newton
calibration,nominal,1,44,94,1,5692.1085124485417,5692.1085124485417,5409.8460838973924,5694.9363702233231,-0.049563754570989264,,,,5689,5689,5543,146,0,5ae636509fa6cbec063487ad7b536740110a9eb11a2bab039f80e7163d4d71fd,e141d6b87abce9340be000a6c2613e962aa4b7010cfccf63c6ec01f89bbcddc5,a91690d387e1206f84de4a26e9038c4aeaf028bf639dac07cfcc3bc749860092,8f5f83da7c55e8c34a1ed4f5edebb52a900851fee291f6b040745a36665752bd,d04812a498535f8eaef9c9bf0960886190bb4ed5326d7ad247f949302122e814,0.97338276797150047,0.02661723202835916,82.394869719997601,0.3927842696321498,True,False,,,False,,observed_profile_hessian,34,1.91693081344,34,9.9999999999999995e-07,0,48577524b17d4156a1b2224e565cd5b0484d5f13a516a7a7cbb279ce5ed6c80b,ff4b074065ea995201969470a195415e428e83a1ac36d47418921c1c198515cc,"[{""attempt"": 0, ""tolerance"": 2e-07, ""free_valid"": true, ""free_nll"": 12.362672408919885, ""free_score"": 1.526284654218557e-10, ""sigma"": 5694.936370223323}]",1,12.362672408919885,1.5262846542185571e-10,125295.36755666882,125267.50458206875,newton
calibration,nominal,0.10000000000000001,44,94,2,3290.7760780340527,1645.3880390170264,2413.5251244057722,1652.3441638672891,-0.53091297370826585,,,,3205,3205,3109,96,0,6950ca37571fbbc4db50b9572da8f2849bbf1562fea0a26029c86a2c55e41eac,dbe89878e6bb542721a2bb9c142b138fa41eb7533249e4cb1a9820b3e2f35d97,478f1a701c5a69dc3dbd276bdaf7a29ba2ce9d6f301958ce8f94fe357cd27a12,8f5f83da7c55e8c34a1ed4f5edebb52a900851fee291f6b040745a36665752bd,d04812a498535f8eaef9c9bf0960886190bb4ed5326d7ad247f949302122e814,0.97338276797150047,0.02661723202835916,82.394869719997601,0.3927842696321498,True,False,,,False,,observed_profile_hessian,34,1.91693081344,34,9.9999999999999995e-08,0,5d4705d267326133d7c4a285971d8cb997289e959205a6177b6c824afd412e67,4d33bebd0d7529252870c4d613a7a0f6b29a14674256bdb79a9e19f7928a81c2,"[{""attempt"": 0, ""tolerance"": 2e-07, ""free_valid"": true, ""free_nll"": 25.107631601436626, ""free_score"": 3.815204951962414e-08, ""sigma"": 1652.3441638672891}]",1,25.107631601436626,3.8152049519624143e-08,12534.533418163672,12522.102752263931,newton
calibration,nominal,1,44,94,2,11384.217024897083,5692.1085124485417,10818.202935084581,5696.6360600678181,-0.099359355915351277,,,,11290,11290,10995,295,0,5ae636509fa6cbec063487ad7b536740110a9eb11a2bab039f80e7163d4d71fd,6f28465eb18c7224e7b8532aebf6e79b66a034eef19d2e08dad8ade238dfad86,8e68a77e9f51c42e91c00a330e5bd968d49f1996282d8d8998a699fe1ef034b9,8f5f83da7c55e8c34a1ed4f5edebb52a900851fee291f6b040745a36665752bd,d04812a498535f8eaef9c9bf0960886190bb4ed5326d7ad247f949302122e814,0.97338276797150047,0.02661723202835916,82.394869719997601,0.3927842696321498,True,False,,,False,,observed_profile_hessian,34,1.91693081344,34,9.9999999999999995e-07,0,05b9fefc9209d1df4eda0b8bfc3f2fb18a394dedf95ee3e5093045a06d77d71d,4af65c2600fd4408cb9167b8bd3869bb5fcd846416a164746a16783ed540e488,"[{""attempt"": 0, ""tolerance"": 2e-07, ""free_valid"": true, ""free_nll"": 12.419464348918341, ""free_score"": 8.205721102605423e-09, ""sigma"": 5696.636060067818}]",1,12.419464348918341,8.2057211026054233e-09,125326.83254873849,125271.11426971095,newton
calibration,nominal,0.10000000000000001,44,94,3,4936.1641170510793,1645.3880390170264,4316.2796664727921,1653.9560168012979,-0.37478895707101417,,,,5094,5094,4971,123,0,6950ca37571fbbc4db50b9572da8f2849bbf1562fea0a26029c86a2c55e41eac,323141a860afb594a18a164cc7ca0d132d63a5e1d4ca1cdca9d8634e2273a189,e0ee60b09ad16055664068c0f3f9516a57c55da063a34eac77e0f406426df807,8f5f83da7c55e8c34a1ed4f5edebb52a900851fee291f6b040745a36665752bd,d04812a498535f8eaef9c9bf0960886190bb4ed5326d7ad247f949302122e814,0.97338276797150047,0.02661723202835916,82.394869719997601,0.3927842696321498,True,False,,,False,,observed_profile_hessian,34,1.91693081344,34,9.9999999999999995e-08,0,4c41c7e63f73194c8b12f79f25bbb8577fad2fd5eef334f10f3f57343ead3117,cd7265d558ba8930dd7dc82c634c13260ebd733b90456b387b9344cd827560d9,"[{""attempt"": 0, ""tolerance"": 2e-07, ""free_valid"": true, ""free_nll"": 24.763026709402588, ""free_score"": 9.547918011776346e-15, ""sigma"": 1653.956016801298}]",1,24.763026709402588,9.5479180117763462e-15,12546.538544113117,12524.307894876774,newton
calibration,nominal,1,44,94,3,17076.325537345627,5692.1085124485417,16469.103589841565,5698.4638569137469,-0.10655888371869567,,,,17307,17307,16839,468,0,5ae636509fa6cbec063487ad7b536740110a9eb11a2bab039f80e7163d4d71fd,01815288113ee61a1502c2d96a061e3a7f8b2b8bec4744b520311d637b4313d1,c08a3ddb932902e38a5d9568d3a8a3a40c03b4f14b649052850d48c9e7ccf21e,8f5f83da7c55e8c34a1ed4f5edebb52a900851fee291f6b040745a36665752bd,d04812a498535f8eaef9c9bf0960886190bb4ed5326d7ad247f949302122e814,0.97338276797150047,0.02661723202835916,82.394869719997601,0.3927842696321498,True,False,,,False,,observed_profile_hessian,34,1.91693081344,34,9.9999999999999995e-07,0,744e095b80460a41fca4b3f71fa1fff335f3b8f4c8b2a9c815b53a3b4a5bf741,4fe17f84a4c856a97f1a4143853a8590f5fe1e7e9bf2f8d4f9cdb10cee1020e7,"[{""attempt"": 0, ""tolerance"": 2e-07, ""free_valid"": true, ""free_nll"": 12.220111381436034, ""free_score"": 1.2084680012236504e-07, ""sigma"": 5698.463856913747}]",1,12.220111381436034,1.2084680012236504e-07,125369.73901308923,125284.91622739566,newton
calibration,nominal,0.10000000000000001,44,94,4,6581.5521560681054,1645.3880390170264,5752.6371013982989,1655.3994390698147,-0.50073416427855144,,,,6727,6727,6545,182,0,6950ca37571fbbc4db50b9572da8f2849bbf1562fea0a26029c86a2c55e41eac,5027b7993749afcf3ae2aeed17e987e70379acbb2a3bc16fa88c501b3c83ae4d,5773991a73a5b7156c585a402dcd452382a430f196fb335500ace8a96303f56e,8f5f83da7c55e8c34a1ed4f5edebb52a900851fee291f6b040745a36665752bd,d04812a498535f8eaef9c9bf0960886190bb4ed5326d7ad247f949302122e814,0.97338276797150047,0.02661723202835916,82.394869719997601,0.3927842696321498,True,False,,,False,,observed_profile_hessian,34,1.91693081344,34,9.9999999999999995e-08,0,c784b803473ebeb9151320ed369362f775324f01b46be83edd3f8b825f060114,27ad2f0d968d0b6f6cf67842f4d9b74d1d52cafb79c8de0b893f24680529c1aa,"[{""attempt"": 0, ""tolerance"": 2e-07, ""free_valid"": true, ""free_nll"": 25.010381018007536, ""free_score"": 3.197442310920451e-14, ""sigma"": 1655.3994390698147}]",1,25.010381018007536,3.1974423109204508e-14,12558.08681778625,12528.45832578224,newton
calibration,nominal,1,44,94,4,22768.434049794167,5692.1085124485417,21973.300877180685,5700.0313100824669,-0.13949628157428096,,,,22780,22780,22204,576,0,5ae636509fa6cbec063487ad7b536740110a9eb11a2bab039f80e7163d4d71fd,97be94888424f7e8dd0275c7a49475d6ac353efee549fcfd821430ddc58ec23c,27a50964b144df7eb4a9e76f04aec58d186c096188048bc26d16fc6c1f3b499a,8f5f83da7c55e8c34a1ed4f5edebb52a900851fee291f6b040745a36665752bd,d04812a498535f8eaef9c9bf0960886190bb4ed5326d7ad247f949302122e814,0.97338276797150047,0.02661723202835916,82.394869719997601,0.3927842696321498,True,False,,,False,,observed_profile_hessian,34,1.91693081344,34,9.9999999999999995e-07,0,a9ac8f30fce9b05796da504585b53e1e43a581749be7f9bb58a21ad557fcc672,f5803abd65c110cbc39ed01a94468a0ac5f3f99f30c1940f6c8fd648c164f2f4,"[{""attempt"": 0, ""tolerance"": 2e-07, ""free_valid"": true, ""free_nll"": 12.447802652853284, ""free_score"": 7.083222897108499e-14, ""sigma"": 5700.031310082467}]",1,12.447802652853284,7.0832228971084987e-14,125397.34631142838,125284.17460289439,newton
calibration,nominal,0.10000000000000001,44,94,5,8226.9401950851316,1645.3880390170264,7352.5498760823502,1656.8054812152513,-0.52775677586570047,,,,8368,8368,8163,205,0,6950ca37571fbbc4db50b9572da8f2849bbf1562fea0a26029c86a2c55e41eac,f888cf44f27b8b1b47cf2e000c66e99f214b4098c13036e0afad340d1e1bece0,da6427d343681d445238e6384a6d353616d9cec1693f055749a20220891cc7bd,8f5f83da7c55e8c34a1ed4f5edebb52a900851fee291f6b040745a36665752bd,d04812a498535f8eaef9c9bf0960886190bb4ed5326d7ad247f949302122e814,0.97338276797150047,0.02661723202835916,82.394869719997601,0.3927842696321498,True,False,,,False,,observed_profile_hessian,34,1.91693081344,34,9.9999999999999995e-08,0,515053d6ab36c7251bf837bd6547f6323b4b6dce4f798ffa09853bf34ff8467c,ba7a97c51f7887937415b19aa05678b1d583be52c32de51b2113afba49773e99,"[{""attempt"": 0, ""tolerance"": 2e-07, ""free_valid"": true, ""free_nll"": 25.098852943667392, ""free_score"": 1.4810375148499588e-13, ""sigma"": 1656.8054812152513}]",1,25.098852943667392,1.4810375148499588e-13,12566.189540038209,12528.320826720686,newton
calibration,nominal,1,44,94,5,28460.542562242706,5692.1085124485417,27308.137183035458,5701.9059909678172,-0.20210880029111877,,,,28728,28728,27981,747,0,5ae636509fa6cbec063487ad7b536740110a9eb11a2bab039f80e7163d4d71fd,a791800e8292bb78794933b52cdf5e3b7e35c546399e187363501269dc4f05d6,f91e8c56b2f4e1ac177f0f1fe63826eb9dbe588c0a6d6c25150e7df92d8b171f,8f5f83da7c55e8c34a1ed4f5edebb52a900851fee291f6b040745a36665752bd,d04812a498535f8eaef9c9bf0960886190bb4ed5326d7ad247f949302122e814,0.97338276797150047,0.02661723202835916,82.394869719997601,0.3927842696321498,True,False,,,False,,observed_profile_hessian,34,1.91693081344,34,9.9999999999999995e-07,0,0cca29418183da19446e48621fb663a33dbbd99a529cb150212c55d1a001d663,993ddd727e3350732374c11ce1b0ff79f46f50c9cfdd30737144b35eb3fd8f18,"[{""attempt"": 0, ""tolerance"": 2e-07, ""free_valid"": true, ""free_nll"": 12.946101314725963, ""free_score"": 2.7333690866271354e-13, ""sigma"": 5701.905990967817}]",1,12.946101314725963,2.7333690866271354e-13,125437.06660836586,125296.41825702533,newton
calibration,nominal,0.10000000000000001,44,94,6,9872.3282341021586,1645.3880390170264,8787.8598904438913,1657.9928246001009,-0.6540850645236268,,,,9749,9749,9506,243,0,6950ca37571fbbc4db50b9572da8f2849bbf1562fea0a26029c86a2c55e41eac,871d65e7fbf6181bef929738555cd8b4caf404676deefc6495da17291f13cfa2,2010235ce6a35782ad70ab0a1a7253af5982053309b5c2109d5893bab99c907b,8f5f83da7c55e8c34a1ed4f5edebb52a900851fee291f6b040745a36665752bd,d04812a498535f8eaef9c9bf0960886190bb4ed5326d7ad247f949302122e814,0.97338276797150047,0.02661723202835916,82.394869719997601,0.3927842696321498,True,False,,,False,,observed_profile_hessian,34,1.91693081344,34,9.9999999999999995e-08,0,0d59f85024399131cb36d4bef4ca6fd65d81c0983cb07d74a1fb50951254cc02,7b1c750c7fa8b618578a68d684b438bb15ff34cfbbeff1a4702aaa1b8c973350,"[{""attempt"": 0, ""tolerance"": 2e-07, ""free_valid"": true, ""free_nll"": 23.943395348899344, ""free_score"": 1.1002310174035301e-12, ""sigma"": 1657.992824600101}]",1,23.943395348899344,1.1002310174035301e-12,12572.750589080113,12527.489427649803,newton
calibration,nominal,1,44,94,6,34152.651074691254,5692.1085124485417,32672.378038722367,5703.4743032681181,-0.25953882795977234,,,,34012,34012,33099,913,0,5ae636509fa6cbec063487ad7b536740110a9eb11a2bab039f80e7163d4d71fd,d57ed740290a1d94eaf9d3fa75a36e2455867355a45b5b5bd25a0946afa80b8d,7b2b211d98c1085acd4b71d9c132f00458566c981b533bba8cfea9cfed72d526,8f5f83da7c55e8c34a1ed4f5edebb52a900851fee291f6b040745a36665752bd,d04812a498535f8eaef9c9bf0960886190bb4ed5326d7ad247f949302122e814,0.97338276797150047,0.02661723202835916,82.394869719997601,0.3927842696321498,True,False,,,False,,observed_profile_hessian,34,1.91693081344,34,9.9999999999999995e-07,0,651adf2f6ff27e06373f6d11d7465352edf33086c38550cba98b1a21cf98edec,ba568fb390480d3ee4c0b35ab3bee57b8dbd1fd63f3ec9fa2e768590d4b508f2,"[{""attempt"": 0, ""tolerance"": 2e-07, ""free_valid"": true, ""free_nll"": 12.632107472569174, ""free_score"": 1.9539925233402755e-13, ""sigma"": 5703.474303268118}]",1,12.632107472569174,1.9539925233402755e-13,125463.39403615915,125295.11759625701,newton
calibration,nominal,0.10000000000000001,44,94,7,11517.716273119184,1645.3880390170264,10155.675696774515,1659.7572448995793,-0.82062637806233929,,,,11556,11556,11239,317,0,6950ca37571fbbc4db50b9572da8f2849bbf1562fea0a26029c86a2c55e41eac,b666d9455aa7dca32daf47a27e54d2e4b15e9427e675ff0e828b810e1fff22c3,1ecc66866d6fcfa2794489cbcfad5ab8e05cc4c04f638cf6aa4e89a28c0730cc,8f5f83da7c55e8c34a1ed4f5edebb52a900851fee291f6b040745a36665752bd,d04812a498535f8eaef9c9bf0960886190bb4ed5326d7ad247f949302122e814,0.97338276797150047,0.02661723202835916,82.394869719997601,0.3927842696321498,True,False,,,False,,observed_profile_hessian,34,1.91693081344,34,9.9999999999999995e-08,0,4c359123f369b96c498ae2fc783288d26e5cb5f5908cb89c5c451465e9debe5d,6123603e80f51da50d992e5c7e951e08d0901d13b28691735c38dc8fef9b0294,"[{""attempt"": 0, ""tolerance"": 2e-07, ""free_valid"": true, ""free_nll"": 25.740556542611756, ""free_score"": 5.1743054285680046e-12, ""sigma"": 1659.7572448995793}]",1,25.740556542611756,5.1743054285680046e-12,12591.232211231756,12538.926225146859,newton
calibration,nominal,1,44,94,7,39844.759587139793,5692.1085124485417,37535.898759125572,5705.3552440559579,-0.40468309671333347,,,,39902,39902,38827,1075,0,5ae636509fa6cbec063487ad7b536740110a9eb11a2bab039f80e7163d4d71fd,a71c5444c42f6fe705ed67ec117b2ac0e988434b012f6ab29ec356543bd0f6df,edb241164cdaaad015e8ffab9be539222b2a9b82860ef3e9a4b65dfffc55768c,8f5f83da7c55e8c34a1ed4f5edebb52a900851fee291f6b040745a36665752bd,d04812a498535f8eaef9c9bf0960886190bb4ed5326d7ad247f949302122e814,0.97338276797150047,0.02661723202835916,82.394869719997601,0.3927842696321498,True,False,,,False,,observed_profile_hessian,34,1.91693081344,34,9.9999999999999995e-07,0,c27ad9de795e27f833abcc57f5d389b2818a9999dbbfe0c8d9d7b03ae1b121a3,5cbb5e2e76c59e0b3cf0df987f92c844f3278822aa51d6fd806c850dce956ace,"[{""attempt"": 0, ""tolerance"": 2e-07, ""free_valid"": true, ""free_nll"": 13.180317736483165, ""free_score"": 3.907985046680551e-14, ""sigma"": 5705.355244055958}]",1,13.180317736483165,3.907985046680551e-14,125513.04648967214,125319.72087975703,newton
calibration,nominal,0.10000000000000001,44,94,8,13163.104312136211,1645.3880390170264,12176.28207810674,1661.2574185452747,-0.59402126546625644,,,,13484,13484,13113,371,0,6950ca37571fbbc4db50b9572da8f2849bbf1562fea0a26029c86a2c55e41eac,625522db005aed64db15cceff02eb436d090f7e39eaaaf360dca743c99fe4c49,24f5a8e1220519c6a38c299e4a4dbe88b765b0611016e89d9855e60cfd180b47,8f5f83da7c55e8c34a1ed4f5edebb52a900851fee291f6b040745a36665752bd,d04812a498535f8eaef9c9bf0960886190bb4ed5326d7ad247f949302122e814,0.97338276797150047,0.02661723202835916,82.394869719997601,0.3927842696321498,True,False,,,False,,observed_profile_hessian,34,1.91693081344,34,9.9999999999999995e-08,0,51eda329f9afa87433c5e98f47e0b50d7b0e2367b0a0cd8e30cb12f0c0ce44a6,8e9527f80be41beb5f60b79011ecca8876baee64458190122ed43f8c18344ee0,"[{""attempt"": 0, ""tolerance"": 2e-07, ""free_valid"": true, ""free_nll"": 26.450767634235643, ""free_score"": 2.674216403875107e-11, ""sigma"": 1661.2574185452747}]",1,26.450767634235643,2.6742164038751071e-11,12597.777078436427,12535.064122650974,newton
calibration,nominal,1,44,94,8,45536.868099588333,5692.1085124485417,44126.374714271624,5707.235743976602,-0.24714125166554396,,,,46292,46292,45040,1252,0,5ae636509fa6cbec063487ad7b536740110a9eb11a2bab039f80e7163d4d71fd,ff2cf946d61f75f42b714c28c28e2db032967a151e40e8e55eb33008379ec245,e6992c7ae4f9db2a9e0cb4c91a8173e02e8428b9b2a17c2a23a7d8f1e5907930,8f5f83da7c55e8c34a1ed4f5edebb52a900851fee291f6b040745a36665752bd,d04812a498535f8eaef9c9bf0960886190bb4ed5326d7ad247f949302122e814,0.97338276797150047,0.02661723202835916,82.394869719997601,0.3927842696321498,True,False,,,False,,observed_profile_hessian,34,1.91693081344,34,9.9999999999999995e-07,0,142aea43ae94bb3df08dbdaf86ddae73f2f7fb238c20011408412d93b33fa410,43dead118bafa681bc7439e384e711e7749e76766b26bf17dd458b5753b23c5b,"[{""attempt"": 0, ""tolerance"": 2e-07, ""free_valid"": true, ""free_nll"": 13.196447329649969, ""free_score"": 1.5054624213917123e-13, ""sigma"": 5707.235743976602}]",1,13.196447329649969,1.5054624213917123e-13,125542.8120268302,125315.54270367579,newton
calibration,nominal,0.10000000000000001,44,95,0,0,1645.3880390170264,-83.577478370962368,1648.4762921865317,-0.050699836429012615,,,,0,0,0,0,0,80f96d42839082accde4bc51f34026fb96271f3321d276560492dff9233f071c,80f96d42839082accde4bc51f34026fb96271f3321d276560492dff9233f071c,f440d6087e5a50c4aef861dbe0f0dd7752e43e8d6fb7b0a6393f704d359bba12,8f5f83da7c55e8c34a1ed4f5edebb52a900851fee291f6b040745a36665752bd,d04812a498535f8eaef9c9bf0960886190bb4ed5326d7ad247f949302122e814,0.97338276797150047,0.02661723202835916,82.394869719997601,0.3927842696321498,True,False,,,False,,observed_profile_hessian,34,1.91693081344,34,9.9999999999999995e-08,0,a65ab1b4cafb75bec6a9103ea302e003e08044019f2b95a408f8bf8433e9a1ce,c4fbcc8edd3d606d6815b3fec78b8e370e423d3f13a066fbd854241d7f202742,"[{""attempt"": 0, ""tolerance"": 2e-07, ""free_valid"": true, ""free_nll"": 17.794558346477555, ""free_score"": 6.590815115892212e-10, ""sigma"": 1648.4762921865317}]",1,17.794558346477555,6.5908151158922124e-10,12539.927814351353,12540.358273392307,newton
calibration,nominal,1,44,95,0,0,5692.1085124485417,2816.7775129356096,5689.5733017863031,0.49507711097618723,,,,0,0,0,0,0,dee1bd5cf3ed9c149f196997519014b4f907d2f1eee6fdc4efc4adf35af43588,dee1bd5cf3ed9c149f196997519014b4f907d2f1eee6fdc4efc4adf35af43588,f440d6087e5a50c4aef861dbe0f0dd7752e43e8d6fb7b0a6393f704d359bba12,8f5f83da7c55e8c34a1ed4f5edebb52a900851fee291f6b040745a36665752bd,d04812a498535f8eaef9c9bf0960886190bb4ed5326d7ad247f949302122e814,0.97338276797150047,0.02661723202835916,82.394869719997601,0.3927842696321498,True,False,,,False,,observed_profile_hessian,34,1.91693081344,34,9.9999999999999995e-07,0,41961b69e2c8aef31fff7e9c7cba0e9317c7f7b9711fa33c83ba36f8173120d0,c507ee9e3031ae123aa002763ee4ea09f0ae81c5d0d0a617dad7b3fe66f9bab1,"[{""attempt"": 0, ""tolerance"": 2e-07, ""free_valid"": true, ""free_nll"": 15.599893179493609, ""free_score"": 1.4642911128071034e-07, ""sigma"": 5689.573301786303}]",1,15.599893179493609,1.4642911128071034e-07,125252.39236154428,125237.88477684042,newton
calibration,nominal,0.10000000000000001,44,95,1,1645.3880390170264,1645.3880390170264,1463.3898819172719,1650.0189350168141,-0.1103006476091742,,,,1681,1681,1629,52,0,80f96d42839082accde4bc51f34026fb96271f3321d276560492dff9233f071c,3a2f88831d044c1770dc5d2a84ba122a30f61ad565d73257f23bd6005c0dd8f3,ad17ad8e4891937712fa24dea793434a072b63203b7bea1d6031026213234018,8f5f83da7c55e8c34a1ed4f5edebb52a900851fee291f6b040745a36665752bd,d04812a498535f8eaef9c9bf0960886190bb4ed5326d7ad247f949302122e814,0.97338276797150047,0.02661723202835916,82.394869719997601,0.3927842696321498,True,False,,,False,,observed_profile_hessian,34,1.91693081344,34,9.9999999999999995e-08,0,7ca1ecced011394cabdf25d7120d0549b323c44c16e5cacf3f063efef8bbfa16,54c4e8d8ac2a50def43283b1eb55ac67ebbe717db0e019676e6c1a0887b2cd25,"[{""attempt"": 0, ""tolerance"": 2e-07, ""free_valid"": true, ""free_nll"": 18.03173156712156, ""free_score"": 2.7478019859472624e-14, ""sigma"": 1650.018935016814}]",1,18.031731567121561,2.7478019859472624e-14,12550.150396882114,12542.613325683134,newton
calibration,nominal,1,44,95,1,5692.1085124485417,5692.1085124485417,8169.6778649909666,5691.3525248743381,0.43532171688787247,,,,5748,5748,5580,168,0,dee1bd5cf3ed9c149f196997519014b4f907d2f1eee6fdc4efc4adf35af43588,1c0103ad5770a971d1c1334422b46ada76225a5de06b4a7017ed9022931299ca,36e35524fdd561034fa0c70f7ed0a7fe433a0e87d4a0ad2255fb4bd759c2bb37,8f5f83da7c55e8c34a1ed4f5edebb52a900851fee291f6b040745a36665752bd,d04812a498535f8eaef9c9bf0960886190bb4ed5326d7ad247f949302122e814,0.97338276797150047,0.02661723202835916,82.394869719997601,0.3927842696321498,True,False,,,False,,observed_profile_hessian,34,1.91693081344,34,9.9999999999999995e-07,0,ddd61f107d8214c259493e06a7ac220909f0721cfe9ec0f55b7e761f1253f23b,1a6ff3088e225e2d6f12bac9ea0219a4653078334d8546c1896c3c79823ad5df,"[{""attempt"": 0, ""tolerance"": 2e-07, ""free_valid"": true, ""free_nll"": 15.616964006069626, ""free_score"": 2.55949775262998e-14, ""sigma"": 5691.352524874338}]",1,15.616964006069626,2.55949775262998e-14,125287.94458804229,125245.86732312333,newton
calibration,nominal,0.10000000000000001,44,95,2,3290.7760780340527,1645.3880390170264,3041.113897125113,1651.4257919626375,-0.15117977575742511,,,,3287,3287,3190,97,0,80f96d42839082accde4bc51f34026fb96271f3321d276560492dff9233f071c,e84a224835304e74d3654609c06c96193fcfe3d434f77db5237d1f742a9c6444,f187ff9fa6c948bfe2c9adc38dfdda43dfbf111487a91cab45b8e18c114a6526,8f5f83da7c55e8c34a1ed4f5edebb52a900851fee291f6b040745a36665752bd,d04812a498535f8eaef9c9bf0960886190bb4ed5326d7ad247f949302122e814,0.97338276797150047,0.02661723202835916,82.394869719997601,0.3927842696321498,True,False,,,False,,observed_profile_hessian,34,1.91693081344,34,9.9999999999999995e-08,0,c3591b6ad3ba32847f17e0dfa1625d88edf383f0382cbae9d9345d9885fdf4df,dde4ac88a41c53a8e445ff96e3c06fd185e6568efd79a71bb4cdce7a97fe4461,"[{""attempt"": 0, ""tolerance"": 2e-07, ""free_valid"": true, ""free_nll"": 17.21171690253473, ""free_score"": 6.006306563222097e-14, ""sigma"": 1651.4257919626375}]",1,17.211716902534729,6.0063065632220969e-14,12560.831548981412,12545.168537879539,newton
calibration,nominal,1,44,95,2,11384.217024897083,5692.1085124485417,13575.847555888213,5693.0775043541607,0.38496411287479115,,,,11427,11427,11117,310,0,dee1bd5cf3ed9c149f196997519014b4f907d2f1eee6fdc4efc4adf35af43588,b56a17b79680d9f8a298f2c02fdfcb61cc69544907898a8f89f7339e8971630d,0e5f51c8388bd20f60f9faaea45d178cd593102501a8136dafd4036934cc5572,8f5f83da7c55e8c34a1ed4f5edebb52a900851fee291f6b040745a36665752bd,d04812a498535f8eaef9c9bf0960886190bb4ed5326d7ad247f949302122e814,0.97338276797150047,0.02661723202835916,82.394869719997601,0.3927842696321498,True,False,,,False,,observed_profile_hessian,34,1.91693081344,34,9.9999999999999995e-07,0,3c47794f853c653690ad5962ceaf0976963518f52ffc2b2ece49df9d4eec9624,c1485ede2084f51441cc838fa6b7f84a3040a82388b2d861fb5adf3fb6647a58,"[{""attempt"": 0, ""tolerance"": 2e-07, ""free_valid"": true, ""free_nll"": 15.153599001734685, ""free_score"": 5.639932965095795e-14, ""sigma"": 5693.077504354161}]",1,15.153599001734685,5.6399329650957952e-14,125323.26921280436,125253.34790825004,newton
calibration,nominal,0.10000000000000001,44,95,3,4936.1641170510793,1645.3880390170264,4582.7132296415666,1652.9107358843314,-0.21383543571722963,,,,4942,4942,4808,134,0,80f96d42839082accde4bc51f34026fb96271f3321d276560492dff9233f071c,cd08de8cee94d647da3f8a82057c2ec849a55abb6fe10d04407184c5c9c95c1f,ecaece055b3550716dacba17828bfa3bd38f9dd1554afefff2419de27a555032,8f5f83da7c55e8c34a1ed4f5edebb52a900851fee291f6b040745a36665752bd,d04812a498535f8eaef9c9bf0960886190bb4ed5326d7ad247f949302122e814,0.97338276797150047,0.02661723202835916,82.394869719997601,0.3927842696321498,True,False,,,False,,observed_profile_hessian,34,1.91693081344,34,9.9999999999999995e-08,0,cdb40ff84edfdd2f6a84590f441e8d362d90c3086f83294a3c2ea08f12b64672,ce00fa00d428d07806b6232bd72da55a5720c25ec5875d1e07be2b78b119043c,"[{""attempt"": 0, ""tolerance"": 2e-07, ""free_valid"": true, ""free_nll"": 17.959900944921692, ""free_score"": 1.143252159607755e-13, ""sigma"": 1652.9107358843314}]",1,17.959900944921692,1.1432521596077549e-13,12569.949541448785,12546.346647699744,newton
calibration,nominal,1,44,95,3,17076.325537345627,5692.1085124485417,19012.061822231637,5694.7556089483687,0.33991560267210064,,,,17101,17101,16662,439,0,dee1bd5cf3ed9c149f196997519014b4f907d2f1eee6fdc4efc4adf35af43588,e3a2c7b713f8e0ce8203e30246cc9384214e34b1ce292ef215a5e42ce941ab44,f0198ecf31effb8be31b985ffc83271d87edaec6d5526ba9fe8fa2eafec6c90c,8f5f83da7c55e8c34a1ed4f5edebb52a900851fee291f6b040745a36665752bd,d04812a498535f8eaef9c9bf0960886190bb4ed5326d7ad247f949302122e814,0.97338276797150047,0.02661723202835916,82.394869719997601,0.3927842696321498,True,False,,,False,,observed_profile_hessian,34,1.91693081344,34,9.9999999999999995e-07,0,3ec7045a21194e2754994789d44c97babd686a3fbf75e4c512f174a179c204a1,f95ed65670ea23427752c99f4c61fda71a7be15f1dfb4e99ff656986f123939e,"[{""attempt"": 0, ""tolerance"": 2e-07, ""free_valid"": true, ""free_nll"": 15.498835519011449, ""free_score"": 7.476311236764843e-14, ""sigma"": 5694.755608948369}]",1,15.498835519011449,7.4763112367648432e-14,125357.93737389686,125260.01728755196,newton
calibration,nominal,0.10000000000000001,44,95,4,6581.5521560681054,1645.3880390170264,6017.002064957469,1654.3036533810575,-0.34126146669434709,,,,6482,6482,6292,190,0,80f96d42839082accde4bc51f34026fb96271f3321d276560492dff9233f071c,51a5786a753d9dfe0fca4b1290c39163fdd921ef3dfcba61bba8c5fd3742eced,8b839b7e57a6844c3d22902d321fd4ade6f301ea778d17453c5cab4311d05d85,8f5f83da7c55e8c34a1ed4f5edebb52a900851fee291f6b040745a36665752bd,d04812a498535f8eaef9c9bf0960886190bb4ed5326d7ad247f949302122e814,0.97338276797150047,0.02661723202835916,82.394869719997601,0.3927842696321498,True,False,,,False,,observed_profile_hessian,34,1.91693081344,34,9.9999999999999995e-08,0,05914b6d1e046451c8d7ee6153dc221fb0ef230fe3a7cad07ec8262458ffaaea,51f595e166db655f8a872c322c1cc1c961222dbe5f0c78627b9c7bac148372b9,"[{""attempt"": 0, ""tolerance"": 2e-07, ""free_valid"": true, ""free_nll"": 17.450797862339073, ""free_score"": 7.349676423018536e-13, ""sigma"": 1654.3036533810575}]",1,17.450797862339073,7.3496764230185363e-13,12580.596904119653,12549.606821757885,newton
calibration,nominal,1,44,95,4,22768.434049794167,5692.1085124485417,24363.052932704133,5696.4978084493905,0.27992969303784004,,,,22668,22668,22047,621,0,dee1bd5cf3ed9c149f196997519014b4f907d2f1eee6fdc4efc4adf35af43588,2550cc887a3b05de5cd9df93ad596b94bf18916399d960d0837abea8b041a77b,a8dd75b8370a7455aabf936c85f0399f35869ea9c9439bdeb992f47905e3615a,8f5f83da7c55e8c34a1ed4f5edebb52a900851fee291f6b040745a36665752bd,d04812a498535f8eaef9c9bf0960886190bb4ed5326d7ad247f949302122e814,0.97338276797150047,0.02661723202835916,82.394869719997601,0.3927842696321498,True,False,,,False,,observed_profile_hessian,34,1.91693081344,34,9.9999999999999995e-07,0,434e36ef5db0ca42f0ade9e07d980bae3d98b3666ec1fce369d82304869d17cd,1d445241184c0784101555c02e7cfc6c11cc7e6fa6818fd3342bb7e6477d6f09,"[{""attempt"": 0, ""tolerance"": 2e-07, ""free_valid"": true, ""free_nll"": 15.561176120312226, ""free_score"": 3.730349362740526e-14, ""sigma"": 5696.4978084493905}]",1,15.561176120312226,3.730349362740526e-14,125391.3600613333,125265.88012816761,newton
calibration,nominal,0.10000000000000001,44,95,5,8226.9401950851316,1645.3880390170264,7515.6826373890062,1655.7043266254884,-0.42958005620831358,,,,8158,8158,7930,228,0,80f96d42839082accde4bc51f34026fb96271f3321d276560492dff9233f071c,c15d4534d481e7bb22a4b948040d6246174303f07e2e2cf2df20191f6bc940c0,e4765d8df2e2190b932301380c94b87d18b62ddab7e398bace9063fb45e56fdc,8f5f83da7c55e8c34a1ed4f5edebb52a900851fee291f6b040745a36665752bd,d04812a498535f8eaef9c9bf0960886190bb4ed5326d7ad247f949302122e814,0.97338276797150047,0.02661723202835916,82.394869719997601,0.3927842696321498,True,False,,,False,,observed_profile_hessian,34,1.91693081344,34,9.9999999999999995e-08,0,47c9a790eea9e1dc4ded6129c3598937101a3a28cf8fbc08c16317a59281f952,f9ab868e7ca64da5b702e723f9eb4127b44c915f14e7771d4c9d2ef051e0ef42,"[{""attempt"": 0, ""tolerance"": 2e-07, ""free_valid"": true, ""free_nll"": 18.110212598748795, ""free_score"": 4.565417488500145e-12, ""sigma"": 1655.7043266254884}]",1,18.110212598748795,4.5654174885001453e-12,12593.877655219829,12555.168739812592,newton
calibration,nominal,1,44,95,5,28460.542562242706,5692.1085124485417,29770.099503497153,5698.2440317997616,0.22981763047463405,,,,28455,28455,27691,764,0,dee1bd5cf3ed9c149f196997519014b4f907d2f1eee6fdc4efc4adf35af43588,0222febe13333a51e82db2816c216d65d6547d4d375992b628d68309a3d5479f,7adbfb0a4ae100699f98a16a40108340b47209b0b90dbb71d2d1460ef824692c,8f5f83da7c55e8c34a1ed4f5edebb52a900851fee291f6b040745a36665752bd,d04812a498535f8eaef9c9bf0960886190bb4ed5326d7ad247f949302122e814,0.97338276797150047,0.02661723202835916,82.394869719997601,0.3927842696321498,True,False,,,False,,observed_profile_hessian,34,1.91693081344,34,9.9999999999999995e-07,0,02b5da68babad7896219a16a953cd1c19ad373a9ce7e5406cdfef07df2a2232d,6cbe7607c6a3c23a6539d8babd539121c6b52e32d17c6643e87c7e3aa91cb586,"[{""attempt"": 0, ""tolerance"": 2e-07, ""free_valid"": true, ""free_nll"": 14.960711252861849, ""free_score"": 1.4299672557172016e-13, ""sigma"": 5698.244031799762}]",1,14.960711252861849,1.4299672557172016e-13,125430.11876799581,125276.79027889583,newton
calibration,nominal,0.10000000000000001,44,95,6,9872.3282341021586,1645.3880390170264,9404.9604401945089,1657.3835085013113,-0.28199133846231333,,,,10042,10042,9793,249,0,80f96d42839082accde4bc51f34026fb96271f3321d276560492dff9233f071c,9b3ba2bc66244b51bf7f3eb01e0f1f6108e6d75caf9272d38bc3f43d423e8611,96a7eace0785f4206181630f369c89b4159dc631324e108f9e2f7429fc1d1aef,8f5f83da7c55e8c34a1ed4f5edebb52a900851fee291f6b040745a36665752bd,d04812a498535f8eaef9c9bf0960886190bb4ed5326d7ad247f949302122e814,0.97338276797150047,0.02661723202835916,82.394869719997601,0.3927842696321498,True,False,,,False,,observed_profile_hessian,34,1.91693081344,34,9.9999999999999995e-08,0,2824b628f524d59569835666a63ba71590e974675c392ac3d97f48be97e35954,02b2091c2b063959269a2083a719306a32a305a9b5fc40354abd0e08b089134d,"[{""attempt"": 0, ""tolerance"": 2e-07, ""free_valid"": true, ""free_nll"": 17.64220906278837, ""free_score"": 2.4468566062196828e-11, ""sigma"": 1657.3835085013113}]",1,17.642209062788371,2.4468566062196828e-11,12602.412787604233,12553.973299715697,newton
calibration,nominal,1,44,95,6,34152.651074691254,5692.1085124485417,35593.957243554243,5699.8876576693829,0.25286571515557249,,,,33983,33983,33103,880,0,dee1bd5cf3ed9c149f196997519014b4f907d2f1eee6fdc4efc4adf35af43588,d695214efb6365df64a37a5976a5443b720cf04a9388a42fd5baf135502fba83,83719b29eb8288c22c2dca44f4512116c7e29ba482bae830867e88a1b4782c30,8f5f83da7c55e8c34a1ed4f5edebb52a900851fee291f6b040745a36665752bd,d04812a498535f8eaef9c9bf0960886190bb4ed5326d7ad247f949302122e814,0.97338276797150047,0.02661723202835916,82.394869719997601,0.3927842696321498,True,False,,,False,,observed_profile_hessian,34,1.91693081344,34,9.9999999999999995e-07,0,94c950ab3d6bf3c6ff4c1fb3c3b1aba77a5109276a14d67036ce43b12b39fc98,78d37075e7bcaabea78b4963e7115d9e6c7ea323e0ccb1a99c387686f8adbc99,"[{""attempt"": 0, ""tolerance"": 2e-07, ""free_valid"": true, ""free_nll"": 15.02883369068065, ""free_score"": 7.616129948928574e-14, ""sigma"": 5699.887657669383}]",1,15.028833690680649,7.6161299489285739e-14,125456.8288999199,125273.50510267822,newton
calibration,nominal,0.10000000000000001,44,95,7,11517.716273119184,1645.3880390170264,10956.355345461372,1658.6838450947821,-0.33843756862883895,,,,11512,11512,11191,321,0,80f96d42839082accde4bc51f34026fb96271f3321d276560492dff9233f071c,49e5acc78999247568ed12deb7bfcf3de5af4011b1e0956e4b39fe8b11a44a31,1ecf3452c50c357ac8ebbe8d8da031eab0a83bce51f663478e419bebc65106b2,8f5f83da7c55e8c34a1ed4f5edebb52a900851fee291f6b040745a36665752bd,d04812a498535f8eaef9c9bf0960886190bb4ed5326d7ad247f949302122e814,0.97338276797150047,0.02661723202835916,82.394869719997601,0.3927842696321498,True,False,,,False,,observed_profile_hessian,34,1.91693081344,34,9.9999999999999995e-08,0,8adac793c838b4b2590874cde1fc1d01c037f1307f3145febcea7d306a9eb868,833a76fd8d1d956d9f6bf60c6ee77face5ee6b7210f6b11d3466a1451f3d4254,"[{""attempt"": 0, ""tolerance"": 2e-07, ""free_valid"": true, ""free_nll"": 17.34298050696932, ""free_score"": 6.521316819885214e-11, ""sigma"": 1658.683845094782}]",1,17.342980506969319,6.5213168198852145e-11,12608.696187974285,12552.266366133586,newton
calibration,nominal,1,44,95,7,39844.759587139793,5692.1085124485417,41176.271301313966,5701.6466253726758,0.23353108350294169,,,,39956,39956,38936,1020,0,dee1bd5cf3ed9c149f196997519014b4f907d2f1eee6fdc4efc4adf35af43588,9c7f98036fc7dccc84c3f0edb43532fa40774debbe732a3a108b3772a42cc870,fd7792e3fc2825dec0d10c0520e6bf445613f3ff33c61034defca4e5141c7eaf,8f5f83da7c55e8c34a1ed4f5edebb52a900851fee291f6b040745a36665752bd,d04812a498535f8eaef9c9bf0960886190bb4ed5326d7ad247f949302122e814,0.97338276797150047,0.02661723202835916,82.394869719997601,0.3927842696321498,True,False,,,False,,observed_profile_hessian,34,1.91693081344,34,9.9999999999999995e-07,0,f931ba947518411d47a172595aba96aeec0667924eb439266ee6aede722f9533,aad57b972d1487b249aae53fe22d4a0f890ba4f7bff4ee40c4d9545d3a1437ac,"[{""attempt"": 0, ""tolerance"": 2e-07, ""free_valid"": true, ""free_nll"": 14.253342413141297, ""free_score"": 1.8773871346411397e-13, ""sigma"": 5701.646625372676}]",1,14.253342413141297,1.8773871346411397e-13,125494.59159181612,125282.5165376276,newton
calibration,nominal,0.10000000000000001,44,95,8,13163.104312136211,1645.3880390170264,12388.392986380451,1660.0899525589889,-0.46666828177687625,,,,13182,13182,12835,347,0,80f96d42839082accde4bc51f34026fb96271f3321d276560492dff9233f071c,d60ac34980d89e725016c43de1d939174e4cac527b850cb613d18b6241ba9049,694732df558f9bf4cd1533aadd6c4ec4a40156ef8f0782c80921e5d82804d087,8f5f83da7c55e8c34a1ed4f5edebb52a900851fee291f6b040745a36665752bd,d04812a498535f8eaef9c9bf0960886190bb4ed5326d7ad247f949302122e814,0.97338276797150047,0.02661723202835916,82.394869719997601,0.3927842696321498,True,False,,,False,,observed_profile_hessian,34,1.91693081344,34,9.9999999999999995e-08,0,78c0c50b70d40b7b25354ae67461e8d6545e9bc30c2d06f310976325febfdc24,e1ddd4b08b52d5fccf8eaa0e7f50aff2716d0a311dd570a747d4f49f49e21265,"[{""attempt"": 0, ""tolerance"": 2e-07, ""free_valid"": true, ""free_nll"": 17.53494445392192, ""free_score"": 1.8599923337636604e-10, ""sigma"": 1660.089952558989}]",1,17.53494445392192,1.8599923337636604e-10,12619.766748752159,12555.961332893356,newton
calibration,nominal,1,44,95,8,45536.868099588333,5692.1085124485417,45462.615508165851,5703.376813568103,-0.013019057630181227,,,,45439,45439,44224,1215,0,dee1bd5cf3ed9c149f196997519014b4f907d2f1eee6fdc4efc4adf35af43588,12b6a2f1c715ba4570841b3a3448250c78d2b8400a11ce6e0aa9b2975f93b3ed,12a4256fea85889903d43eca3a66e2f372fac28416ac6198d6d1dc25c25d8dc1,8f5f83da7c55e8c34a1ed4f5edebb52a900851fee291f6b040745a36665752bd,d04812a498535f8eaef9c9bf0960886190bb4ed5326d7ad247f949302122e814,0.97338276797150047,0.02661723202835916,82.394869719997601,0.3927842696321498,True,False,,,False,,observed_profile_hessian,34,1.91693081344,34,9.9999999999999995e-07,0,3b98303245ed82b019dff8376f1a29ce463bc0c39ed56ae99ba45833022b053a,358fc5b57d32906303a58af0fa45f1e91d05ce87d2cde204fb91562c8fd231f3,"[{""attempt"": 0, ""tolerance"": 2e-07, ""free_valid"": true, ""free_nll"": 15.840587850898459, ""free_score"": 8.133493878403897e-13, ""sigma"": 5703.376813568103}]",1,15.840587850898459,8.1334938784038968e-13,125538.18539065112,125304.03386738927,newton
calibration,nominal,0.10000000000000001,44,96,0,0,1645.3880390170264,2709.2347207648972,1645.7993175476747,1.6461513210503671,,,,0,0,0,0,0,2767f39b1f64718fa7052a4cf30d92c933063a4a1b01f60d4e992b9f95d34ad5,2767f39b1f64718fa7052a4cf30d92c933063a4a1b01f60d4e992b9f95d34ad5,f440d6087e5a50c4aef861dbe0f0dd7752e43e8d6fb7b0a6393f704d359bba12,8f5f83da7c55e8c34a1ed4f5edebb52a900851fee291f6b040745a36665752bd,d04812a498535f8eaef9c9bf0960886190bb4ed5326d7ad247f949302122e814,0.97338276797150047,0.02661723202835916,82.394869719997601,0.3927842696321498,True,False,,,False,,observed_profile_hessian,34,1.91693081344,34,9.9999999999999995e-08,0,6a7464fabc26b8a41b59664de2ee6ca8a06fe2ea4682e7beacd8591ecaf849ff,7f261f4a664c9d4120db116d23d7095f4ce0f2d839d1e755e700b0e8d5163893,"[{""attempt"": 0, ""tolerance"": 2e-07, ""free_valid"": true, ""free_nll"": 21.08774883902295, ""free_score"": 8.826273045769994e-15, ""sigma"": 1645.7993175476747}]",1,21.08774883902295,8.8262730457699945e-15,12539.067998903374,12525.114304650409,newton
calibration,nominal,1,44,96,0,0,5692.1085124485417,2684.3191791168429,5694.2772959559652,0.47140647348228493,,,,0,0,0,0,0,5ebbe0760d3a13039df3b8bd72f8ba6df25142054dbedc481afe47ddde9d6ad6,5ebbe0760d3a13039df3b8bd72f8ba6df25142054dbedc481afe47ddde9d6ad6,f440d6087e5a50c4aef861dbe0f0dd7752e43e8d6fb7b0a6393f704d359bba12,8f5f83da7c55e8c34a1ed4f5edebb52a900851fee291f6b040745a36665752bd,d04812a498535f8eaef9c9bf0960886190bb4ed5326d7ad247f949302122e814,0.97338276797150047,0.02661723202835916,82.394869719997601,0.3927842696321498,True,False,,,False,,observed_profile_hessian,34,1.91693081344,34,9.9999999999999995e-07,0,aa80dff20c1b74d1410ab0839c5d18a6a0a0aac3ccba33da63f87abd03051b4b,1331736c1f1dbebc849579fe60f2164a5fbe2bda870865ba5400f17c3553c051,"[{""attempt"": 0, ""tolerance"": 2e-07, ""free_valid"": true, ""free_nll"": 23.363330819230654, ""free_score"": 2.04704031503411e-11, ""sigma"": 5694.277295955965}]",1,23.363330819230654,2.0470403150341099e-11,125206.25207328171,125192.42670451033,newton
calibration,nominal,0.10000000000000001,44,96,1,1645.3880390170264,1645.3880390170264,4278.2353962476263,1647.2639986014854,1.5983153638189553,,,,1701,1701,1656,45,0,2767f39b1f64718fa7052a4cf30d92c933063a4a1b01f60d4e992b9f95d34ad5,44dfaaafe40737ec8df42c7757f52ad6cd10e33db238ef0e8a1b7b63b84e4a5a,e1741aee1ed209650e036ba01efb794a52391f6696c80d5ef0cc485c570276cd,8f5f83da7c55e8c34a1ed4f5edebb52a900851fee291f6b040745a36665752bd,d04812a498535f8eaef9c9bf0960886190bb4ed5326d7ad247f949302122e814,0.97338276797150047,0.02661723202835916,82.394869719997601,0.3927842696321498,True,False,,,False,,observed_profile_hessian,34,1.91693081344,34,9.9999999999999995e-08,0,d803f8fa880ec7fe926467656eb22af6d38d15877776140c5943a19166763676,8bbf078333756766b1cf9a6327abd32ac8fd48d2d8e263c2a0c1b994e316e129,"[{""attempt"": 0, ""tolerance"": 2e-07, ""free_valid"": true, ""free_nll"": 21.51386423223871, ""free_score"": 2.475797344914099e-14, ""sigma"": 1647.2639986014854}]",1,21.51386423223871,2.4757973449140991e-14,12549.302905848237,12527.268200547918,newton
calibration,nominal,1,44,96,1,5692.1085124485417,5692.1085124485417,8240.2051540572829,5696.0329452793912,0.44734583983059401,,,,5883,5883,5739,144,0,5ebbe0760d3a13039df3b8bd72f8ba6df25142054dbedc481afe47ddde9d6ad6,b2115a371dbe56bf146048c73abb3eec7c7693049a04e90817d2c29b760550e7,5c934c91ff2d404baae766963ef31454a06464977e4913624f4fc2b8ba4d6a0f,8f5f83da7c55e8c34a1ed4f5edebb52a900851fee291f6b040745a36665752bd,d04812a498535f8eaef9c9bf0960886190bb4ed5326d7ad247f949302122e814,0.97338276797150047,0.02661723202835916,82.394869719997601,0.3927842696321498,True,False,,,False,,observed_profile_hessian,34,1.91693081344,34,9.9999999999999995e-07,0,8eb1cfbe05fa90b987a0ef29b126401adbe68ec4146a3ddbc53220e8fdb23267,1dd56471071003db3f5a393dcba2ca6643aad0e12a834d7c4b0cd3e5c381692f,"[{""attempt"": 0, ""tolerance"": 2e-07, ""free_valid"": true, ""free_nll"": 23.754731939188677, ""free_score"": 6.199985969068678e-09, ""sigma"": 5696.032945279391}]",1,23.754731939188677,6.1999859690686776e-09,125242.96839710546,125200.5278870898,newton
calibration,nominal,0.10000000000000001,44,96,2,3290.7760780340527,1645.3880390170264,5733.556887892576,1648.7004671330474,1.481640151474158,,,,3241,3241,3157,84,0,2767f39b1f64718fa7052a4cf30d92c933063a4a1b01f60d4e992b9f95d34ad5,db4edd116b193028d452d18d2bfdf978532cd1cc3a1f98e8eb2ce926f7b35a30,addf41e1ce3e51393131ca0b9abf14e24a555d60f398357691fe07ecff1d5b94,8f5f83da7c55e8c34a1ed4f5edebb52a900851fee291f6b040745a36665752bd,d04812a498535f8eaef9c9bf0960886190bb4ed5326d7ad247f949302122e814,0.97338276797150047,0.02661723202835916,82.394869719997601,0.3927842696321498,True,False,,,False,,observed_profile_hessian,34,1.91693081344,34,9.9999999999999995e-08,0,e6094829c31bebd0aeb0c8b44ce60bb296e6b25042bb237838868287f4b8323a,28035393f3d2017d73b7872e95e9f2cba0db2d644f42085ab5dadf67e155fbde,"[{""attempt"": 0, ""tolerance"": 2e-07, ""free_valid"": true, ""free_nll"": 20.826976357562895, ""free_score"": 1.1368683772161603e-13, ""sigma"": 1648.7004671330474}]",1,20.826976357562895,1.1368683772161603e-13,12560.420541065565,12530.890320157634,newton
calibration,nominal,1,44,96,2,11384.217024897083,5692.1085124485417,13127.8366625086,5697.6902038249746,0.30602219061348573,,,,11235,11235,10934,301,0,5ebbe0760d3a13039df3b8bd72f8ba6df25142054dbedc481afe47ddde9d6ad6,9fe09b99ce1ea4eab01d02168c549c2634ff67ab1053fe5d5d84b56aa55292ce,5f6eb7fc900d8d066ec1c2705f7edd637c3e26fb116db8669b2f522dbfd40abb,8f5f83da7c55e8c34a1ed4f5edebb52a900851fee291f6b040745a36665752bd,d04812a498535f8eaef9c9bf0960886190bb4ed5326d7ad247f949302122e814,0.97338276797150047,0.02661723202835916,82.394869719997601,0.3927842696321498,True,False,,,False,,observed_profile_hessian,34,1.91693081344,34,9.9999999999999995e-07,0,f48006f40049062a34ac4d229251826715ecc5bb83c2602904d99af9e30d5b0a,1d05f5e7a00521c08f4fb6b0451ec99203dec1277ed5829efb7ede4376672f6c,"[{""attempt"": 0, ""tolerance"": 2e-07, ""free_valid"": true, ""free_nll"": 23.46698385069051, ""free_score"": 8.274760665560876e-08, ""sigma"": 5697.690203824975}]",1,23.466983850690511,8.2747606655608763e-08,125276.51181982744,125208.89795913553,newton
calibration,nominal,0.10000000000000001,44,96,3,4936.1641170510793,1645.3880390170264,7503.8613625433754,1650.2139271339879,1.555978411812188,,,,4984,4984,4853,131,0,2767f39b1f64718fa7052a4cf30d92c933063a4a1b01f60d4e992b9f95d34ad5,ae69744d63f745ce77822ea5609a3f4640381a043fd7f6f598cde9f0a1e690b9,f0ed6914c39dfaa598e974581cbfc7d243c1b619dc15dc6f40ad0e14a83e1b06,8f5f83da7c55e8c34a1ed4f5edebb52a900851fee291f6b040745a36665752bd,d04812a498535f8eaef9c9bf0960886190bb4ed5326d7ad247f949302122e814,0.97338276797150047,0.02661723202835916,82.394869719997601,0.3927842696321498,True,False,,,False,,observed_profile_hessian,34,1.91693081344,34,9.9999999999999995e-08,0,21fa5ba75bc38cc168c29b42babd8a3fdc2a0db3d79d9ec3c645de1b14a18ae0,da3429bd4c65a0e20a4404336f0819f1bed591b0c2fcb74ef22e15c007248ca6,"[{""attempt"": 0, ""tolerance"": 2e-07, ""free_valid"": true, ""free_nll"": 21.819631171409448, ""free_score"": 1.5157874955207262e-12, ""sigma"": 1650.213927133988}]",1,21.819631171409448,1.5157874955207262e-12,12569.269203781409,12530.621172893927,newton
calibration,nominal,1,44,96,3,17076.325537345627,5692.1085124485417,19104.115145205025,5699.5457718923508,0.35578091465807044,,,,17280,17280,16807,473,0,5ebbe0760d3a13039df3b8bd72f8ba6df25142054dbedc481afe47ddde9d6ad6,828f84317f0b6b62b5b3dd1a88851b040967f0072fc76c2013235137a5ab13b3,86a609c16484b9e6ab95504cf063b239654d101dcd591cbbcdbe5eabdcdc42c1,8f5f83da7c55e8c34a1ed4f5edebb52a900851fee291f6b040745a36665752bd,d04812a498535f8eaef9c9bf0960886190bb4ed5326d7ad247f949302122e814,0.97338276797150047,0.02661723202835916,82.394869719997601,0.3927842696321498,True,False,,,False,,observed_profile_hessian,34,1.91693081344,34,9.9999999999999995e-07,0,d8ccf15dbe6585e9e1932ef25ee3e3c78f3c2e71a4efc4c51ce88bd3ffa32b14,0a33ae9c2ebecc3eb1c7eef403415b0d343d2de40cc9c75be3f0cd34e755798c,"[{""attempt"": 0, ""tolerance"": 2e-07, ""free_valid"": true, ""free_nll"": 22.717068664157043, ""free_score"": 1.801891968966629e-13, ""sigma"": 5699.545771892351}]",1,22.717068664157043,1.8018919689666291e-13,125312.45086463826,125214.05666510048,newton
calibration,nominal,0.10000000000000001,44,96,4,6581.5521560681054,1645.3880390170264,9006.038053997212,1651.6520221031842,1.4679156780505191,,,,6663,6663,6491,172,0,2767f39b1f64718fa7052a4cf30d92c933063a4a1b01f60d4e992b9f95d34ad5,45d3e3a05cad52dbee1ceaff932a95633f182f42a83b91717cddd87eeeaeee7a,3f73519293b6d3620efac8eb70aa8e8b5d33942518a8bcf16d65a785eb104378,8f5f83da7c55e8c34a1ed4f5edebb52a900851fee291f6b040745a36665752bd,d04812a498535f8eaef9c9bf0960886190bb4ed5326d7ad247f949302122e814,0.97338276797150047,0.02661723202835916,82.394869719997601,0.3927842696321498,True,False,,,False,,observed_profile_hessian,34,1.91693081344,34,9.9999999999999995e-08,0,7df1567508eee549abf4d8fe5d4160bcee7860ff67e52f09b3b09f793224caa0,c6a85f475427bcc536e0cb1b981e19bad619c4e916d1b9523524cc10c755e114,"[{""attempt"": 0, ""tolerance"": 2e-07, ""free_valid"": true, ""free_nll"": 21.169733947890904, ""free_score"": 7.689904268914916e-12, ""sigma"": 1651.6520221031842}]",1,21.169733947890904,7.6899042689149155e-12,12578.151263803524,12531.766393392387,newton
calibration,nominal,1,44,96,4,22768.434049794167,5692.1085124485417,24110.273008789176,5701.1841093354742,0.23536145005347198,,,,22737,22737,22122,615,0,5ebbe0760d3a13039df3b8bd72f8ba6df25142054dbedc481afe47ddde9d6ad6,d6b69a900d1bb54a1919d24e985ea919abb286cd3e709f735dc0528519e16eb7,be1c0ca81124c88fc269160d74429a77792b14f48dd7f937e4c762fede91159d,8f5f83da7c55e8c34a1ed4f5edebb52a900851fee291f6b040745a36665752bd,d04812a498535f8eaef9c9bf0960886190bb4ed5326d7ad247f949302122e814,0.97338276797150047,0.02661723202835916,82.394869719997601,0.3927842696321498,True,False,,,False,,observed_profile_hessian,34,1.91693081344,34,9.9999999999999995e-07,0,2b03536baa0dfe8baa96f533d6e7a354ee117a4a574ec6ddafae9cf7bd2adc82,b2d7a777d27c0e436230af7d8f336d8ebaf343390ba16b9bce0dd892d8f19dea,"[{""attempt"": 0, ""tolerance"": 2e-07, ""free_valid"": true, ""free_nll"": 23.621784643061318, ""free_score"": 3.247402347028583e-14, ""sigma"": 5701.184109335474}]",1,23.621784643061318,3.2474023470285829e-14,125344.87410113061,125220.69609051323,newton
calibration,nominal,0.10000000000000001,44,96,5,8226.9401950851316,1645.3880390170264,10468.791995936692,1653.1304568267105,1.3561251573302557,,,,8230,8230,7995,235,0,2767f39b1f64718fa7052a4cf30d92c933063a4a1b01f60d4e992b9f95d34ad5,2892951a510102b5a32e8cbd8b22afb8ccd69c41a72b98354ea0480ed66128eb,484ef1fd924e6ded3fdf5d229bf6c017721bfb6bcbdfbd4a1c58a298e9bd60d2,8f5f83da7c55e8c34a1ed4f5edebb52a900851fee291f6b040745a36665752bd,d04812a498535f8eaef9c9bf0960886190bb4ed5326d7ad247f949302122e814,0.97338276797150047,0.02661723202835916,82.394869719997601,0.3927842696321498,True,False,,,False,,observed_profile_hessian,34,1.91693081344,34,9.9999999999999995e-08,0,93e153b4caf9a0d68bdd95cb88efa29e4d39d626770866c0fce779a7b93ea673,b0356676b3d8f69b058972ef18e4eead8c510376cd4a7fc1aca3189a95d5270e,"[{""attempt"": 0, ""tolerance"": 2e-07, ""free_valid"": true, ""free_nll"": 21.89563801178691, ""free_score"": 2.5049851082314945e-11, ""sigma"": 1653.1304568267105}]",1,21.895638011786911,2.5049851082314945e-11,12590.544537934078,12536.625871681368,newton
calibration,nominal,1,44,96,5,28460.542562242706,5692.1085124485417,29687.810108598744,5702.9682382507317,0.21519803286375594,,,,28504,28504,27718,786,0,5ebbe0760d3a13039df3b8bd72f8ba6df25142054dbedc481afe47ddde9d6ad6,6cdf76ee9ab59a30b1d91b931fb43fd13c6c07a3de98c42dafff2bf7c76d6af3,137fe424922673f3b00404e4ed2f2f7d1c15f728f0989c437b9a8a9b3bf95113,8f5f83da7c55e8c34a1ed4f5edebb52a900851fee291f6b040745a36665752bd,d04812a498535f8eaef9c9bf0960886190bb4ed5326d7ad247f949302122e814,0.97338276797150047,0.02661723202835916,82.394869719997601,0.3927842696321498,True,False,,,False,,observed_profile_hessian,34,1.91693081344,34,9.9999999999999995e-07,0,97580bc02b7ec9c70502061365e86fc5e578e7a7b42c0e70254ea80579edb9e5,9583b3914c3dc6dabf8c22cd1fd4bf000086af912020d7265f4f4744af2f12f8,"[{""attempt"": 0, ""tolerance"": 2e-07, ""free_valid"": true, ""free_nll"": 24.155955017979416, ""free_score"": 6.816769371198461e-14, ""sigma"": 5702.968238250732}]",1,24.155955017979416,6.8167693711984612e-14,125379.42352766547,125226.51886343672,newton
calibration,nominal,0.10000000000000001,44,96,6,9872.3282341021586,1645.3880390170264,12172.691902999612,1654.5557206232791,1.390321063367328,,,,9971,9971,9698,273,0,2767f39b1f64718fa7052a4cf30d92c933063a4a1b01f60d4e992b9f95d34ad5,468cb557d6db077d81f58b2533fcb950119c4933c961e0504a0530b48be0b867,8080d04ce366670168b5596a3b3e756b27a0b9dfd61131ba204c9cc2f0d6cade,8f5f83da7c55e8c34a1ed4f5edebb52a900851fee291f6b040745a36665752bd,d04812a498535f8eaef9c9bf0960886190bb4ed5326d7ad247f949302122e814,0.97338276797150047,0.02661723202835916,82.394869719997601,0.3927842696321498,True,False,,,False,,observed_profile_hessian,34,1.91693081344,34,9.9999999999999995e-08,0,1aa97f35efff94fd7f83be779247c29dd335e9c383a043016ed5ff01617755ec,4757fbd15236614a861b735c4b4ed1d0395e4b1248ee0a0dac4662bd47a5aa93,"[{""attempt"": 0, ""tolerance"": 2e-07, ""free_valid"": true, ""free_nll"": 22.208000091232144, ""free_score"": 8.85009843187845e-11, ""sigma"": 1654.555720623279}]",1,22.208000091232144,8.8500984318784504e-11,12600.530657000663,12537.836192121655,newton
calibration,nominal,1,44,96,6,34152.651074691254,5692.1085124485417,35157.26743598652,5704.6587615599401,0.1761045495069285,,,,34165,34165,33236,929,0,5ebbe0760d3a13039df3b8bd72f8ba6df25142054dbedc481afe47ddde9d6ad6,bc95669b4e3e22eebcf73dbe5e9762237c5d8e72dc4e331b4651e1fe459c80f5,605aee81da3bbbb3b5e6a47d87ea3ecacad8dd4cb8865c14e050f3b9f16429f2,8f5f83da7c55e8c34a1ed4f5edebb52a900851fee291f6b040745a36665752bd,d04812a498535f8eaef9c9bf0960886190bb4ed5326d7ad247f949302122e814,0.97338276797150047,0.02661723202835916,82.394869719997601,0.3927842696321498,True,False,,,False,,observed_profile_hessian,34,1.91693081344,34,9.9999999999999995e-07,0,957a29cb509f805d78f97686d1c2c3badcb014b0c8e8ae19d27d4da0dde63450,7c840b4328855462eb185d5cc6ee245bba8f1d5a1bb0c54837913854ba7da23b,"[{""attempt"": 0, ""tolerance"": 2e-07, ""free_valid"": true, ""free_nll"": 23.820629645055856, ""free_score"": 1.3711254354120683e-13, ""sigma"": 5704.65876155994}]",1,23.820629645055856,1.3711254354120683e-13,125417.53962392369,125236.4649622078,newton
calibration,nominal,0.10000000000000001,44,96,7,11517.716273119184,1645.3880390170264,13507.857357708637,1655.9640464381034,1.2018021096956473,,,,11380,11380,11068,312,0,2767f39b1f64718fa7052a4cf30d92c933063a4a1b01f60d4e992b9f95d34ad5,77a159d4e975961663c87855f0ac6fe8a63fb6e10679b1dee1a9008b934a900b,c8c51b0d2b7c98600a3f58981b42bb3f97a607d1a95aeb517a6559d5ae19440e,8f5f83da7c55e8c34a1ed4f5edebb52a900851fee291f6b040745a36665752bd,d04812a498535f8eaef9c9bf0960886190bb4ed5326d7ad247f949302122e814,0.97338276797150047,0.02661723202835916,82.394869719997601,0.3927842696321498,True,False,,,False,,observed_profile_hessian,34,1.91693081344,34,9.9999999999999995e-08,0,fb0a9843e49cf5b7e45137e51c5369a898bcca71730c6b85e119542fce398788,dda4afc5f6a27c18372158042986ca590802617db7d47e9ac3a0353bb7d75d25,"[{""attempt"": 0, ""tolerance"": 2e-07, ""free_valid"": true, ""free_nll"": 22.330970552515275, ""free_score"": 2.054358905212439e-10, ""sigma"": 1655.9640464381034}]",1,22.330970552515275,2.0543589052124389e-10,12611.609810634065,12542.038684095092,newton
calibration,nominal,1,44,96,7,39844.759587139793,5692.1085124485417,40629.169796925591,5706.3913936830322,0.1374616908777303,,,,39772,39772,38713,1059,0,5ebbe0760d3a13039df3b8bd72f8ba6df25142054dbedc481afe47ddde9d6ad6,012aa62d52de502878eeecd7df14b4b2249bd4505d630f41427165bb014e60a4,397cb757a78beb8c66baf77f9aa956ef99ec380be7a5aff13b697e668a4efb82,8f5f83da7c55e8c34a1ed4f5edebb52a900851fee291f6b040745a36665752bd,d04812a498535f8eaef9c9bf0960886190bb4ed5326d7ad247f949302122e814,0.97338276797150047,0.02661723202835916,82.394869719997601,0.3927842696321498,True,False,,,False,,observed_profile_hessian,34,1.91693081344,34,9.9999999999999995e-07,0,d1047b7c1968402c8da68174c923c6b927b593021cc49bad4487580995ed607c,e50d7b59fdfa97faea305da5c0f315eb21bb43dd132b7ebf397b7785af30271b,"[{""attempt"": 0, ""tolerance"": 2e-07, ""free_valid"": true, ""free_nll"": 24.511641161814957, ""free_score"": 4.696243394164412e-14, ""sigma"": 5706.391393683032}]",1,24.511641161814957,4.6962433941644122e-14,125453.11026560882,125243.8530134583,newton
calibration,nominal,0.10000000000000001,44,96,8,13163.104312136211,1645.3880390170264,15183.790544515326,1657.3189719782397,1.2192500457332887,,,,13100,13100,12767,333,0,2767f39b1f64718fa7052a4cf30d92c933063a4a1b01f60d4e992b9f95d34ad5,8912297b1eb55ad3d5960278553ba7a15188600240c0e11f196d95b745add053,e37034d985b386134974c909afaf68a96bdbce88a83edca4684ecaed6a9d0782,8f5f83da7c55e8c34a1ed4f5edebb52a900851fee291f6b040745a36665752bd,d04812a498535f8eaef9c9bf0960886190bb4ed5326d7ad247f949302122e814,0.97338276797150047,0.02661723202835916,82.394869719997601,0.3927842696321498,True,False,,,False,,observed_profile_hessian,34,1.91693081344,34,9.9999999999999995e-08,0,644349b9ff73a6b07f7151fd8d57a7a33de424d205debd553e4527c229431ddd,fc48a1f6bf01e667cbb75bec9087cd95b719d4fa2329639887cf2c19214fd8b9,"[{""attempt"": 0, ""tolerance"": 2e-07, ""free_valid"": true, ""free_nll"": 20.563755821155304, ""free_score"": 5.373701483790683e-10, ""sigma"": 1657.3189719782397}]",1,20.563755821155304,5.3737014837906827e-10,12617.388713363427,12539.185828528334,newton
calibration,nominal,1,44,96,8,45536.868099588333,5692.1085124485417,45819.535190313691,5708.0042756367202,0.049521177118219011,,,,45283,45283,44095,1188,0,5ebbe0760d3a13039df3b8bd72f8ba6df25142054dbedc481afe47ddde9d6ad6,e55cc0375a66487b0e70613b4d03e560ea07c28ca00afa8fbe9a0c2a9b129cdb,991fe9b68ae80162194739e799b9ba45c27b471829064fc0af753f91abdccf5d,8f5f83da7c55e8c34a1ed4f5edebb52a900851fee291f6b040745a36665752bd,d04812a498535f8eaef9c9bf0960886190bb4ed5326d7ad247f949302122e814,0.97338276797150047,0.02661723202835916,82.394869719997601,0.3927842696321498,True,False,,,False,,observed_profile_hessian,34,1.91693081344,34,9.9999999999999995e-07,0,7a49509b2095cb54c6ada7d6e6b57c1f7567468521559a0f73df0043951106c5,55680ab4d4fc40564ac5b3c1177a40625eff2b85954d0dc19edebf5da294f624,"[{""attempt"": 0, ""tolerance"": 2e-07, ""free_valid"": true, ""free_nll"": 24.692650457402813, ""free_score"": 1.0469403122215226e-13, ""sigma"": 5708.00427563672}]",1,24.692650457402813,1.0469403122215226e-13,125479.08308157562,125243.09327236557,newton
calibration,nominal,0.10000000000000001,44,97,0,0,1645.3880390170264,1523.7455858346266,1643.6879693889807,0.92702849580450408,,,,0,0,0,0,0,4ea0b4be69d6247ce7e9fa23adb9e531e7925f9f7af7d16229c2cd46179f8200,4ea0b4be69d6247ce7e9fa23adb9e531e7925f9f7af7d16229c2cd46179f8200,f440d6087e5a50c4aef861dbe0f0dd7752e43e8d6fb7b0a6393f704d359bba12,8f5f83da7c55e8c34a1ed4f5edebb52a900851fee291f6b040745a36665752bd,d04812a498535f8eaef9c9bf0960886190bb4ed5326d7ad247f949302122e814,0.97338276797150047,0.02661723202835916,82.394869719997601,0.3927842696321498,True,False,,,False,,observed_profile_hessian,34,1.91693081344,34,9.9999999999999995e-08,0,f4ed61779dbc5de649b801a6dff33168c894434b7a9ee245a283860cec034772,6c182e7a84beca14dde1b79cbdd49281d07e5eaeea9596c74535010c5ebe5b02,"[{""attempt"": 0, ""tolerance"": 2e-07, ""free_valid"": true, ""free_nll"": 20.418659408367425, ""free_score"": 9.525713551283843e-14, ""sigma"": 1643.6879693889807}]",1,20.418659408367425,9.5257135512838431e-14,12512.483402763391,12504.635474394143,newton
calibration,nominal,1,44,97,0,0,5692.1085124485417,3908.6340165930637,5689.6255922637483,0.68697561082185798,,,,0,0,0,0,0,bde59c38fce44867eac1ed29d981fc404499fc6193d6978991808ae31bff214e,bde59c38fce44867eac1ed29d981fc404499fc6193d6978991808ae31bff214e,f440d6087e5a50c4aef861dbe0f0dd7752e43e8d6fb7b0a6393f704d359bba12,8f5f83da7c55e8c34a1ed4f5edebb52a900851fee291f6b040745a36665752bd,d04812a498535f8eaef9c9bf0960886190bb4ed5326d7ad247f949302122e814,0.97338276797150047,0.02661723202835916,82.394869719997601,0.3927842696321498,True,False,,,False,,observed_profile_hessian,34,1.91693081344,34,9.9999999999999995e-07,0,4f80107219662d62d96b00e2b1ad2dc323907cb403e4c7f0e9a904c391523206,f973897482d9fa1a77b4b97b0a8a3e89a2c804e3c953234ce4b4854326638ab7,"[{""attempt"": 0, ""tolerance"": 2e-07, ""free_valid"": true, ""free_nll"": 8.907169714796737, ""free_score"": 2.9023869752009546e-08, ""sigma"": 5689.625592263748}]",1,8.907169714796737,2.9023869752009546e-08,125278.426732443,125258.29562914793,newton
calibration,nominal,0.10000000000000001,44,97,1,1645.3880390170264,1645.3880390170264,3088.8325347757082,1645.1254000059653,0.87740697198733164,,,,1634,1634,1585,49,0,4ea0b4be69d6247ce7e9fa23adb9e531e7925f9f7af7d16229c2cd46179f8200,a265cc4f0943203dd34e3008b35ba85fca17a9657e905538d8d9add60dce140b,9537ab4355057a1c012f3d0d4544e2a1eb593c0d5f0b1b47fd9a222cfc8787c1,8f5f83da7c55e8c34a1ed4f5edebb52a900851fee291f6b040745a36665752bd,d04812a498535f8eaef9c9bf0960886190bb4ed5326d7ad247f949302122e814,0.97338276797150047,0.02661723202835916,82.394869719997601,0.3927842696321498,True,False,,,False,,observed_profile_hessian,34,1.91693081344,34,9.9999999999999995e-08,0,3a928b254d286b8039fe399154b9c4d4d7149ff0e0ed0a06e69fef3aed896096,141d7084843e5f74d62f7442d3a4646cd7c1d8e2180d753be419128c52b78ce3,"[{""attempt"": 0, ""tolerance"": 2e-07, ""free_valid"": true, ""free_nll"": 20.4980547189443, ""free_score"": 2.2426505097428162e-14, ""sigma"": 1645.1254000059653}]",1,20.498054718944299,2.2426505097428162e-14,12522.35419827702,12506.445416192351,newton
calibration,nominal,1,44,97,1,5692.1085124485417,5692.1085124485417,9198.6214732749431,5691.3484795376207,0.61611285505246016,,,,5571,5571,5409,162,0,bde59c38fce44867eac1ed29d981fc404499fc6193d6978991808ae31bff214e,1568c7aeadd385e149ee9a2c2b47c4642217bdd5c29e5386f1c1f7922457dc98,3ceb15b33fd8a3767271d78258cc2f7af9a0c9df0a55b20343d7e83f2b90a710,8f5f83da7c55e8c34a1ed4f5edebb52a900851fee291f6b040745a36665752bd,d04812a498535f8eaef9c9bf0960886190bb4ed5326d7ad247f949302122e814,0.97338276797150047,0.02661723202835916,82.394869719997601,0.3927842696321498,True,False,,,False,,observed_profile_hessian,34,1.91693081344,34,9.9999999999999995e-07,0,ba9bbfae511b460c09577d284b6ca8fb5946b2aa6c90d3e6b37db0421ad0e230,d504cc650f4c468d80ae32f8129b150ed78eff70f69bedc3b18f13311fb7820b,"[{""attempt"": 0, ""tolerance"": 2e-07, ""free_valid"": true, ""free_nll"": 8.905975413784727, ""free_score"": 2.6001423236721166e-13, ""sigma"": 5691.348479537621}]",1,8.9059754137847271,2.6001423236721166e-13,125313.85249246586,125266.47573673367,newton
calibration,nominal,0.10000000000000001,44,97,2,3290.7760780340527,1645.3880390170264,4647.0503613861347,1646.6788140543415,0.82364227424093406,,,,3336,3336,3247,89,0,4ea0b4be69d6247ce7e9fa23adb9e531e7925f9f7af7d16229c2cd46179f8200,ed83eadeec1a88a697c88beaf33af3aa3a2aa1e416d3a8340c9646aea754b1ca,030a6483f83a61fe2fe9db3441f96464528b864d01cc5219607bc891be947d63,8f5f83da7c55e8c34a1ed4f5edebb52a900851fee291f6b040745a36665752bd,d04812a498535f8eaef9c9bf0960886190bb4ed5326d7ad247f949302122e814,0.97338276797150047,0.02661723202835916,82.394869719997601,0.3927842696321498,True,False,,,False,,observed_profile_hessian,34,1.91693081344,34,9.9999999999999995e-08,0,8bb1939e2ebaeec767e23508e3e835bfb9fffa2d86b78b18617392704eef2858,4c8961614b765348a9b9933f6e4447f1f496525cc383e63373d36b527f02e0a4,"[{""attempt"": 0, ""tolerance"": 2e-07, ""free_valid"": true, ""free_nll"": 20.504565070052372, ""free_score"": 3.489430966396867e-13, ""sigma"": 1646.6788140543415}]",1,20.504565070052372,3.489430966396867e-13,12533.673659489965,12509.739402548728,newton
calibration,nominal,1,44,97,2,11384.217024897083,5692.1085124485417,14649.118053770333,5693.0959602912835,0.57348427843928407,,,,11304,11304,11007,297,0,bde59c38fce44867eac1ed29d981fc404499fc6193d6978991808ae31bff214e,24ff6b2b68f258e0f879a34e5ce0518e1934d981d557fc0d19665aa8cca31e5a,0fc7de2e9506a592e3ea1c7c438d93b6cedb93eda038f4ee2b4cf0227164373b,8f5f83da7c55e8c34a1ed4f5edebb52a900851fee291f6b040745a36665752bd,d04812a498535f8eaef9c9bf0960886190bb4ed5326d7ad247f949302122e814,0.97338276797150047,0.02661723202835916,82.394869719997601,0.3927842696321498,True,False,,,False,,observed_profile_hessian,34,1.91693081344,34,9.9999999999999995e-07,0,f43016b6bbfd50f64d9826d4f279b2a85cfed43e983e5d130b7989ce7d9a9aff,a896137fb5aae378c994f184822b068db5e2211632380e9146b0f7fb96e7303e,"[{""attempt"": 0, ""tolerance"": 2e-07, ""free_valid"": true, ""free_nll"": 8.996086697644879, ""free_score"": 2.6922908347160046e-14, ""sigma"": 5693.0959602912835}]",1,8.9960866976448788,2.6922908347160046e-14,125348.93675508411,125273.48765765774,newton
calibration,nominal,0.10000000000000001,44,97,3,4936.1641170510793,1645.3880390170264,6382.1261970006335,1648.2215378367271,0.87728624262935173,,,,5096,5096,4965,131,0,4ea0b4be69d6247ce7e9fa23adb9e531e7925f9f7af7d16229c2cd46179f8200,5805bf449745592e51f5da49f48ff3d9eaf21b39f8055ba836207527ab21a9fa,542ab7b277fe39efd19d5e00b470eaf3b53bb3e80d6a5d7886441835152111e4,8f5f83da7c55e8c34a1ed4f5edebb52a900851fee291f6b040745a36665752bd,d04812a498535f8eaef9c9bf0960886190bb4ed5326d7ad247f949302122e814,0.97338276797150047,0.02661723202835916,82.394869719997601,0.3927842696321498,True,False,,,False,,observed_profile_hessian,34,1.91693081344,34,9.9999999999999995e-08,0,724c045110ba01e6a768819f464c567b4407186529fdade7e035b5edadeacc48,f0598f9aa44b01780a43206d11f380a4198fb28cb917d1145dadd56b567f80c3,"[{""attempt"": 0, ""tolerance"": 2e-07, ""free_valid"": true, ""free_nll"": 19.809123715413172, ""free_score"": 2.908506768761754e-12, ""sigma"": 1648.221537836727}]",1,19.809123715413172,2.9085067687617538e-12,12544.255511942389,12511.384887276972,newton
calibration,nominal,1,44,97,3,17076.325537345627,5692.1085124485417,20226.152495390317,5694.9383788383293,0.55309236878647339,,,,17317,17317,16853,464,0,bde59c38fce44867eac1ed29d981fc404499fc6193d6978991808ae31bff214e,c257b3c188ad0b0385404170fef7f4b4399170f732cdd590a107d4e1decaa342,bc5aa8917cf88f1cc32b8650e68e38b39a370d376f211f3ec81613a794a7a14d,8f5f83da7c55e8c34a1ed4f5edebb52a900851fee291f6b040745a36665752bd,d04812a498535f8eaef9c9bf0960886190bb4ed5326d7ad247f949302122e814,0.97338276797150047,0.02661723202835916,82.394869719997601,0.3927842696321498,True,False,,,False,,observed_profile_hessian,34,1.91693081344,34,9.9999999999999995e-07,0,43ebae5afe3e225b2da71ec8362b78c8071f5039fe194ed137a8d85cd911cd16,3e1af4a91e1a186551d1c2a5cd279ce18d8bf5c55781833e732177aa11b072eb,"[{""attempt"": 0, ""tolerance"": 2e-07, ""free_valid"": true, ""free_nll"": 8.525558051314304, ""free_score"": 1.3022916078853086e-13, ""sigma"": 5694.938378838329}]",1,8.5255580513143041,1.3022916078853086e-13,125389.6137465717,125285.44058443431,newton
calibration,nominal,0.10000000000000001,44,97,4,6581.5521560681054,1645.3880390170264,7845.5544859461606,1649.6110906507915,0.76624262351400108,,,,6725,6725,6532,193,0,4ea0b4be69d6247ce7e9fa23adb9e531e7925f9f7af7d16229c2cd46179f8200,025da0c338696c25560e8bd5e187befd84d448686cc447ec58a23bb628e8d43f,dd0427c5ce46d776072792de3048bf4a9920e95802c01643e9bfce3ef1e4e6f7,8f5f83da7c55e8c34a1ed4f5edebb52a900851fee291f6b040745a36665752bd,d04812a498535f8eaef9c9bf0960886190bb4ed5326d7ad247f949302122e814,0.97338276797150047,0.02661723202835916,82.394869719997601,0.3927842696321498,True,False,,,False,,observed_profile_hessian,34,1.91693081344,34,9.9999999999999995e-08,0,056138460d777d886d9f6949dca0bf36825b7eb42ac37cb9916d160e7b40c34b,50a583d42fdd02d80e95b6114545b901afb589d7062fa4247c99f57e722339f2,"[{""attempt"": 0, ""tolerance"": 2e-07, ""free_valid"": true, ""free_nll"": 20.70132584138489, ""free_score"": 1.1480372208438894e-11, ""sigma"": 1649.6110906507915}]",1,20.70132584138489,1.1480372208438894e-11,12553.80109383914,12513.393200162451,newton
calibration,nominal,1,44,97,4,22768.434049794167,5692.1085124485417,25573.943901591709,5696.6049220148025,0.49248805037462134,,,,22958,22958,22349,609,0,bde59c38fce44867eac1ed29d981fc404499fc6193d6978991808ae31bff214e,c1e4bba32b3029de20ee79a7911eca8a9cd29a51807ee25cdd3d76d880d64d6f,9c427136afd093fa9630bc86909428f45df06f496b01b4e1f01ba46869340a2c,8f5f83da7c55e8c34a1ed4f5edebb52a900851fee291f6b040745a36665752bd,d04812a498535f8eaef9c9bf0960886190bb4ed5326d7ad247f949302122e814,0.97338276797150047,0.02661723202835916,82.394869719997601,0.3927842696321498,True,False,,,False,,observed_profile_hessian,34,1.91693081344,34,9.9999999999999995e-07,0,0924c299702d03e3414537df76000191e48c92a0b8a0ca993bf5982d0e3bb66a,9d3d4bab91e6bc94dd81673a0bc6f31b6113491b70279272a653e74b81ec7e6b,"[{""attempt"": 0, ""tolerance"": 2e-07, ""free_valid"": true, ""free_nll"": 8.8248225985953, ""free_score"": 3.2529534621517087e-14, ""sigma"": 5696.6049220148025}]",1,8.8248225985953006,3.2529534621517087e-14,125419.17608531576,125287.45955617557,newton
calibration,nominal,0.10000000000000001,44,97,5,8226.9401950851316,1645.3880390170264,9422.1625051669016,1650.7314929970967,0.72405616246631588,,,,8164,8164,7965,199,0,4ea0b4be69d6247ce7e9fa23adb9e531e7925f9f7af7d16229c2cd46179f8200,e7ba2b89979c3b8d65668eeddc32a3ebfe8577b3ad9a33957527d82418fee991,a2807bf6c0a8f35d831c18b18658bedb3b2b684909a24c6be020af2e93eb48fa,8f5f83da7c55e8c34a1ed4f5edebb52a900851fee291f6b040745a36665752bd,d04812a498535f8eaef9c9bf0960886190bb4ed5326d7ad247f949302122e814,0.97338276797150047,0.02661723202835916,82.394869719997601,0.3927842696321498,True,False,,,False,,observed_profile_hessian,34,1.91693081344,34,9.9999999999999995e-08,0,1b36a06d3d037a09e37a0b174e85a539f588b294b3a696e64064392e7597436b,7b447b3a7c584663748f35e4fe4bd20fbf32c3c02146819779116f851f92b4e0,"[{""attempt"": 0, ""tolerance"": 2e-07, ""free_valid"": true, ""free_nll"": 19.898630335367937, ""free_score"": 4.0040804005769814e-11, ""sigma"": 1650.7314929970967}]",1,19.898630335367937,4.0040804005769814e-11,12560.620488075554,12512.09240234302,newton
calibration,nominal,1,44,97,5,28460.542562242706,5692.1085124485417,31122.189927837178,5698.334451680832,0.46709216318627428,,,,28651,28651,27885,766,0,bde59c38fce44867eac1ed29d981fc404499fc6193d6978991808ae31bff214e,e5b60410d850cd2aa687d4bcd88f9f2db3bd4906f223270c774e71fc84db9d2a,4a0b69e28a27e9087c833e844a7c0f8218a25a202a63f922580fd46aaa0b9530,8f5f83da7c55e8c34a1ed4f5edebb52a900851fee291f6b040745a36665752bd,d04812a498535f8eaef9c9bf0960886190bb4ed5326d7ad247f949302122e814,0.97338276797150047,0.02661723202835916,82.394869719997601,0.3927842696321498,True,False,,,False,,observed_profile_hessian,34,1.91693081344,34,9.9999999999999995e-07,0,0f9bd31ec3dd7dce9fc1fe485a071f1a985126e0f68ab63181b346fe9c2c0d57,5a48e1356b1b9c5171855afcd5060c9d35fb7d377734d6fa51b935a0ac4809a4,"[{""attempt"": 0, ""tolerance"": 2e-07, ""free_valid"": true, ""free_nll"": 8.800341105717704, ""free_score"": 1.287303597052869e-13, ""sigma"": 5698.334451680832}]",1,8.8003411057177043,1.287303597052869e-13,125454.7108197693,125294.4184983225,newton
calibration,nominal,0.10000000000000001,44,97,6,9872.3282341021586,1645.3880390170264,10909.896686020173,1652.5311737703676,0.62786618999188237,,,,9978,9978,9690,288,0,4ea0b4be69d6247ce7e9fa23adb9e531e7925f9f7af7d16229c2cd46179f8200,97fba08f2695c08c96e4708443b5628f01b7e0372816a73857cd927bad37c34f,0504ef8824a5be025f5c3ab8040b27e66752c773b68a1f5463da84596cadf83b,8f5f83da7c55e8c34a1ed4f5edebb52a900851fee291f6b040745a36665752bd,d04812a498535f8eaef9c9bf0960886190bb4ed5326d7ad247f949302122e814,0.97338276797150047,0.02661723202835916,82.394869719997601,0.3927842696321498,True,False,,,False,,observed_profile_hessian,34,1.91693081344,34,9.9999999999999995e-08,0,793781dd369182685a39c1f8f923634cb4f11ae012a87432eaa252be2228cc2a,6d3e3c9ebf66ea158c7207af13781c216590924eacca783314f50c13c6d1e27a,"[{""attempt"": 0, ""tolerance"": 2e-07, ""free_valid"": true, ""free_nll"": 19.785239799361054, ""free_score"": 1.1206158223586726e-10, ""sigma"": 1652.5311737703676}]",1,19.785239799361054,1.1206158223586726e-10,12574.454992240018,12518.264451966281,newton
calibration,nominal,1,44,97,6,34152.651074691254,5692.1085124485417,36037.111654873508,5699.9192583013955,0.33061180251592426,,,,34003,34003,33111,892,0,bde59c38fce44867eac1ed29d981fc404499fc6193d6978991808ae31bff214e,1ab90377bca0a25f8dccb6148e1c31a7ba93a03de104991df59e01e777d6c656,5bc9c9db302186ab3ae4e3827f49dc54ecd43af99938a456474d7a844cd56997,8f5f83da7c55e8c34a1ed4f5edebb52a900851fee291f6b040745a36665752bd,d04812a498535f8eaef9c9bf0960886190bb4ed5326d7ad247f949302122e814,0.97338276797150047,0.02661723202835916,82.394869719997601,0.3927842696321498,True,False,,,False,,observed_profile_hessian,34,1.91693081344,34,9.9999999999999995e-07,0,7e556f9880b19668c1e1852afb9e083720fb03d0695b89ec4d44b062f6cbcf73,33fc4c7972910171a3c79acfcb7273216d6d38f62784fdc6174ca4c2bd748e95,"[{""attempt"": 0, ""tolerance"": 2e-07, ""free_valid"": true, ""free_nll"": 8.498480936022549, ""free_score"": 3.1252778143198157e-14, ""sigma"": 5699.9192583013955}]",1,8.4984809360225491,3.1252778143198157e-14,125487.73503219613,125302.12880401002,newton
calibration,nominal,0.10000000000000001,44,97,7,11517.716273119184,1645.3880390170264,12357.460036137187,1653.8767850655702,0.507742638750873,,,,11445,11445,11114,331,0,4ea0b4be69d6247ce7e9fa23adb9e531e7925f9f7af7d16229c2cd46179f8200,da96d298bfc9694aed597ace7e5e050fab2212e11c068e9e4756dc92489cb8f6,82bde91ca8f060f099396ade09593da159fdbac9da728b7d9b37e24ca9980a46,8f5f83da7c55e8c34a1ed4f5edebb52a900851fee291f6b040745a36665752bd,d04812a498535f8eaef9c9bf0960886190bb4ed5326d7ad247f949302122e814,0.97338276797150047,0.02661723202835916,82.394869719997601,0.3927842696321498,True,False,,,False,,observed_profile_hessian,34,1.91693081344,34,9.9999999999999995e-08,0,f7af09c5938a412d8d58979396904ee9c706cbb1172262bd652b3fa183f40e73,9943cfdd016ed3c6ca5bd4d0a49957365915be7a36b189d3bdd24807f4f5bee9,"[{""attempt"": 0, ""tolerance"": 2e-07, ""free_valid"": true, ""free_nll"": 20.080232082140256, ""free_score"": 2.6452978696411833e-10, ""sigma"": 1653.8767850655702}]",1,20.080232082140256,2.6452978696411833e-10,12582.497165630108,12518.851067429065,newton
calibration,nominal,1,44,97,7,39844.759587139793,5692.1085124485417,41230.897991316182,5701.7554087904591,0.24310730727581961,,,,39610,39610,38477,1133,0,bde59c38fce44867eac1ed29d981fc404499fc6193d6978991808ae31bff214e,39deb7ed09f7137d6192fc91f6558fcd625db86c32bcc0a765cb05fa00fac287,e39003c16a32fa0ad76786c4beebbfa049a7c292967ea96d6ee3150bb67f431a,8f5f83da7c55e8c34a1ed4f5edebb52a900851fee291f6b040745a36665752bd,d04812a498535f8eaef9c9bf0960886190bb4ed5326d7ad247f949302122e814,0.97338276797150047,0.02661723202835916,82.394869719997601,0.3927842696321498,True,False,,,False,,observed_profile_hessian,34,1.91693081344,34,9.9999999999999995e-07,0,0ba0f06207fc68f324a79e1513bca466198f01ae163e9949c26c519f1750cc92,f9c7aa5cda048a10ce27f879188915ff99db623be7d7f2a451893c5ec53f39b1,"[{""attempt"": 0, ""tolerance"": 2e-07, ""free_valid"": true, ""free_nll"": 8.939168875225306, ""free_score"": 6.250555628639631e-14, ""sigma"": 5701.755408790459}]",1,8.939168875225306,6.2505556286396313e-14,125521.32278412113,125308.96637958504,newton
calibration,nominal,0.10000000000000001,44,97,8,13163.104312136211,1645.3880390170264,14371.949630169232,1655.3667395478265,0.73025831022992838,,,,13321,13321,12986,335,0,4ea0b4be69d6247ce7e9fa23adb9e531e7925f9f7af7d16229c2cd46179f8200,b1614fea67bd71ffabbdbd74611fac2cb7e39ba51b0961be62e2b5784d7bbca8,c89d6d195c95b5d467afe64e0622d6012ce5900bcbe9fdc1779d1f8579c1308d,8f5f83da7c55e8c34a1ed4f5edebb52a900851fee291f6b040745a36665752bd,d04812a498535f8eaef9c9bf0960886190bb4ed5326d7ad247f949302122e814,0.97338276797150047,0.02661723202835916,82.394869719997601,0.3927842696321498,True,False,,,False,,observed_profile_hessian,34,1.91693081344,34,9.9999999999999995e-08,0,ec0b32299f1c0201e24f0d0d7efd8b59bfc18035913d26d419608eb99c0f7f0d,3333bb6162cc6c588a51d1bcc95918f86b5ea1f935ba734c3932a084c257dc0b,"[{""attempt"": 0, ""tolerance"": 2e-07, ""free_valid"": true, ""free_nll"": 18.391179388958665, ""free_score"": 7.923284806032882e-10, ""sigma"": 1655.3667395478265}]",1,18.391179388958665,7.923284806032882e-10,12590.903019188825,12516.881455305367,newton
calibration,nominal,1,44,97,8,45536.868099588333,5692.1085124485417,47908.749533328271,5703.4885392477227,0.41586503022109761,,,,45730,45730,44539,1191,0,bde59c38fce44867eac1ed29d981fc404499fc6193d6978991808ae31bff214e,0ff730cc76098a26e504045b519c15750914e02a32ca9f192efaad0023fc5848,4ae80683d6389d2d31b2d4c35b53bc02ff83373bd1d9b3474ab8286c0fe26d73,8f5f83da7c55e8c34a1ed4f5edebb52a900851fee291f6b040745a36665752bd,d04812a498535f8eaef9c9bf0960886190bb4ed5326d7ad247f949302122e814,0.97338276797150047,0.02661723202835916,82.394869719997601,0.3927842696321498,True,False,,,False,,observed_profile_hessian,34,1.91693081344,34,9.9999999999999995e-07,0,a7cf29d67ee60e0b656b16b1671d67aed2770929ff4dcc70f70eb5d1278a6ca7,1f7b7ec78f929c8d351f755c068a8f981184aded8f137bebc69ed195ce6efe37,"[{""attempt"": 0, ""tolerance"": 2e-07, ""free_valid"": true, ""free_nll"": 9.012873530528788, ""free_score"": 2.506606033847447e-13, ""sigma"": 5703.488539247723}]",1,9.0128735305287879,2.5066060338474472e-13,125552.06378620483,125305.31364753794,newton
calibration,nominal,0.10000000000000001,44,98,0,0,1645.3880390170264,698.12185150096934,1644.0306344914068,0.42464041536363378,,,,0,0,0,0,0,c881e6794f702eb27ad75bec710e4bf1e473f0c69d19005efc672b5a6c8ef64c,c881e6794f702eb27ad75bec710e4bf1e473f0c69d19005efc672b5a6c8ef64c,f440d6087e5a50c4aef861dbe0f0dd7752e43e8d6fb7b0a6393f704d359bba12,8f5f83da7c55e8c34a1ed4f5edebb52a900851fee291f6b040745a36665752bd,d04812a498535f8eaef9c9bf0960886190bb4ed5326d7ad247f949302122e814,0.97338276797150047,0.02661723202835916,82.394869719997601,0.3927842696321498,True,False,,,False,,observed_profile_hessian,34,1.91693081344,34,9.9999999999999995e-08,0,4720ceb763d69fbf766d0488d690b6e65c604fcc9008f31771e0d977751813f2,3472a54ce3791568d5f4c1ee4d3341b3185ba365d4b592c76dfef360b9855ac2,"[{""attempt"": 0, ""tolerance"": 2e-07, ""free_valid"": true, ""free_nll"": 13.831520630031319, ""free_score"": 2.395664189247526e-08, ""sigma"": 1644.0306344914068}]",1,13.831520630031319,2.3956641892475261e-08,12494.492625818733,12490.897005700443,newton
calibration,nominal,1,44,98,0,0,5692.1085124485417,-759.30946425715092,5694.0812918899092,-0.13335065400956547,,,,0,0,0,0,0,d889578ec9a2221cec35e9a435ed53ae19829d60cd772502b5d8c13812a88955,d889578ec9a2221cec35e9a435ed53ae19829d60cd772502b5d8c13812a88955,f440d6087e5a50c4aef861dbe0f0dd7752e43e8d6fb7b0a6393f704d359bba12,8f5f83da7c55e8c34a1ed4f5edebb52a900851fee291f6b040745a36665752bd,d04812a498535f8eaef9c9bf0960886190bb4ed5326d7ad247f949302122e814,0.97338276797150047,0.02661723202835916,82.394869719997601,0.3927842696321498,True,False,,,False,,observed_profile_hessian,34,1.91693081344,34,9.9999999999999995e-07,0,2bee888ccc19871a7a8118878a7de95437311f635fdd4bf998812b3b573510a2,44a588b7161779c406ef46ce4c1a046e57833ef6030b68532bf85ec8b191fee6,"[{""attempt"": 0, ""tolerance"": 2e-07, ""free_valid"": true, ""free_nll"": 11.45706019394748, ""free_score"": 2.1615914613803966e-10, ""sigma"": 5694.081291889909}]",1,11.457060193947481,2.1615914613803966e-10,125165.91140872538,125169.82217069311,newton
calibration,nominal,0.10000000000000001,44,98,1,1645.3880390170264,1645.3880390170264,2369.5690970054238,1645.5168063738636,0.44009338293191674,,,,1730,1730,1686,44,0,c881e6794f702eb27ad75bec710e4bf1e473f0c69d19005efc672b5a6c8ef64c,f8de77d49d91961b307bb56d452dc950e54990ebac1e76cf9c602068c2daa9c8,4d11bb73048467fafac47249c1408ed70bc375a472017ed22bbf74796e27c6df,8f5f83da7c55e8c34a1ed4f5edebb52a900851fee291f6b040745a36665752bd,d04812a498535f8eaef9c9bf0960886190bb4ed5326d7ad247f949302122e814,0.97338276797150047,0.02661723202835916,82.394869719997601,0.3927842696321498,True,False,,,False,,observed_profile_hessian,34,1.91693081344,34,9.9999999999999995e-08,0,c7e143fc7636d36daba9bd16e5dee62812bb1a490171d9b3b2922df7b9b3fa94,6c539197e8cb5a7341ecc4494fcf4b18212f8875d4cd65f28ba7378c51bb94b5,"[{""attempt"": 0, ""tolerance"": 2e-07, ""free_valid"": true, ""free_nll"": 13.805518078742127, ""free_score"": 1.6611712005953905e-14, ""sigma"": 1645.5168063738636}]",1,13.805518078742127,1.6611712005953905e-14,12504.397681711856,12492.19340777521,newton
calibration,nominal,1,44,98,1,5692.1085124485417,5692.1085124485417,4850.9236672368243,5695.8537962012151,-0.14768371438409042,,,,5812,5812,5656,156,0,d889578ec9a2221cec35e9a435ed53ae19829d60cd772502b5d8c13812a88955,a666e123faaf639e8f001068f534cc1bfda77c16178c8472f32f663caf7af8a8,5dade9cbdd2e241cc4d82461835577939c56fb3ea788c9c83d6a3c15260a7e6a,8f5f83da7c55e8c34a1ed4f5edebb52a900851fee291f6b040745a36665752bd,d04812a498535f8eaef9c9bf0960886190bb4ed5326d7ad247f949302122e814,0.97338276797150047,0.02661723202835916,82.394869719997601,0.3927842696321498,True,False,,,False,,observed_profile_hessian,34,1.91693081344,34,9.9999999999999995e-07,0,b0782668427861d14eaabb50a69267723ff10bdf154dadf43c0a926f32d39689,5a0bd31c23d4153fb43b35f8ce0d8dde87ad24d32cc0b50ef5c8bc7c2eef9814,"[{""attempt"": 0, ""tolerance"": 2e-07, ""free_valid"": true, ""free_nll"": 11.363300866791548, ""free_score"": 1.797234605582787e-08, ""sigma"": 5695.853796201215}]",1,11.363300866791548,1.797234605582787e-08,125201.59365334737,125176.60936343764,newton
calibration,nominal,0.10000000000000001,44,98,2,3290.7760780340527,1645.3880390170264,3750.2193474564019,1646.9530875680241,0.27896560800088532,,,,3288,3288,3195,93,0,c881e6794f702eb27ad75bec710e4bf1e473f0c69d19005efc672b5a6c8ef64c,00e2606199616ac5c97c63d28555acb805ccd0373e9dba99f417536625c73cc8,bac242898c16085135c762441473072d2be703b0d88bd41f2e1c83f97cac1b76,8f5f83da7c55e8c34a1ed4f5edebb52a900851fee291f6b040745a36665752bd,d04812a498535f8eaef9c9bf0960886190bb4ed5326d7ad247f949302122e814,0.97338276797150047,0.02661723202835916,82.394869719997601,0.3927842696321498,True,False,,,False,,observed_profile_hessian,34,1.91693081344,34,9.9999999999999995e-08,0,19ff36aa709312e2f29145d03a595789198530620b5c470dd9926371a6037e59,2f4e200d171d8cb4bc97eed71d9a86b8972ee97334e09c593a5e24cb70f8fbe0,"[{""attempt"": 0, ""tolerance"": 2e-07, ""free_valid"": true, ""free_nll"": 13.880478949255163, ""free_score"": 3.873290577161015e-14, ""sigma"": 1646.953087568024}]",1,13.880478949255163,3.8732905771610149e-14,12516.411443264587,12497.096241907217,newton
calibration,nominal,1,44,98,2,11384.217024897083,5692.1085124485417,9677.1712403947513,5697.6231583385561,-0.2996066494857676,,,,11418,11418,11081,337,0,d889578ec9a2221cec35e9a435ed53ae19829d60cd772502b5d8c13812a88955,aaa32c9f36ec187a8e97b99b1385a1307848709756c80e404cce6a585b40b1d5,5316d45e632b82abf783802734b884292bbbbbce1ab03f91861ac934f576fd56,8f5f83da7c55e8c34a1ed4f5edebb52a900851fee291f6b040745a36665752bd,d04812a498535f8eaef9c9bf0960886190bb4ed5326d7ad247f949302122e814,0.97338276797150047,0.02661723202835916,82.394869719997601,0.3927842696321498,True,False,,,False,,observed_profile_hessian,34,1.91693081344,34,9.9999999999999995e-07,0,98477feec7e9b2804186893aeb22d71153b6503bdd7d3cf7ff64aac5094b93d7,48c340524db99845acd5e31501eaec73d8470b75900d23f693867dcf7eb9eaa7,"[{""attempt"": 0, ""tolerance"": 2e-07, ""free_valid"": true, ""free_nll"": 11.509119138655382, ""free_score"": 1.4675612258763238e-07, ""sigma"": 5697.623158338556}]",1,11.509119138655382,1.4675612258763238e-07,125239.5954558345,125189.7539682413,newton
calibration,nominal,0.10000000000000001,44,98,3,4936.1641170510793,1645.3880390170264,5524.2350302875957,1648.3971323335368,0.35675317658677297,,,,4988,4988,4878,110,0,c881e6794f702eb27ad75bec710e4bf1e473f0c69d19005efc672b5a6c8ef64c,f81e965162216eb68a3f019cc732f26f6c064d5c09c59b203a216a5aa499a115,c1c257ee7a0c72dc37f8c5e45ddb9bd5c5d9f06cc6d6cc4afd7304ac0ff1dd51,8f5f83da7c55e8c34a1ed4f5edebb52a900851fee291f6b040745a36665752bd,d04812a498535f8eaef9c9bf0960886190bb4ed5326d7ad247f949302122e814,0.97338276797150047,0.02661723202835916,82.394869719997601,0.3927842696321498,True,False,,,False,,observed_profile_hessian,34,1.91693081344,34,9.9999999999999995e-08,0,2b1c0bf57a0af6e0bd817a5cefc4191fd14f40673e010d13e49b08731da7061f,a69ed80e7d1872cde65f8f5ae4d60fb1716a34c6d06d23dde0c75dbbc13a28c8,"[{""attempt"": 0, ""tolerance"": 2e-07, ""free_valid"": true, ""free_nll"": 13.658529413033703, ""free_score"": 3.400266179731659e-13, ""sigma"": 1648.3971323335368}]",1,13.658529413033703,3.4002661797316591e-13,12525.050214676316,12496.598089061896,newton
calibration,nominal,1,44,98,3,17076.325537345627,5692.1085124485417,15843.188239740139,5699.2227036544045,-0.21636938258524041,,,,17116,17116,16686,430,0,d889578ec9a2221cec35e9a435ed53ae19829d60cd772502b5d8c13812a88955,4ed9571f3ad65abe9142978e081271c5c5cadaba4fde2be5196e86dc1d0626d2,805693c839d6b736369b936969a05b0ce6de089f656c4fa57245522e10974873,8f5f83da7c55e8c34a1ed4f5edebb52a900851fee291f6b040745a36665752bd,d04812a498535f8eaef9c9bf0960886190bb4ed5326d7ad247f949302122e814,0.97338276797150047,0.02661723202835916,82.394869719997601,0.3927842696321498,True,False,,,False,,observed_profile_hessian,34,1.91693081344,34,9.9999999999999995e-07,0,511de71b2b9bd6dfe73e96a414b90b63c150cef8f21199b740feb760b89fc4b5,10ecaaa40787637981d7b2e3b107a9d60d4f634a892de2a34f49bfbef8747d34,"[{""attempt"": 0, ""tolerance"": 2e-07, ""free_valid"": true, ""free_nll"": 11.464452734890479, ""free_score"": 4.5324854980322016e-14, ""sigma"": 5699.2227036544045}]",1,11.464452734890479,4.5324854980322016e-14,125268.46211463952,125186.86305532027,newton
calibration,nominal,0.10000000000000001,44,98,4,6581.5521560681054,1645.3880390170264,6993.9100038653369,1649.8352972523951,0.24993879600222185,,,,6558,6558,6375,183,0,c881e6794f702eb27ad75bec710e4bf1e473f0c69d19005efc672b5a6c8ef64c,4e54785a4d6a390251575e73405a1d60afc3317931c2eec4a97441932699511f,57b8b15275853f85f6dab37b9a3b0b26fb1a5b42be5b14b8afb01d95cf7e8a74,8f5f83da7c55e8c34a1ed4f5edebb52a900851fee291f6b040745a36665752bd,d04812a498535f8eaef9c9bf0960886190bb4ed5326d7ad247f949302122e814,0.97338276797150047,0.02661723202835916,82.394869719997601,0.3927842696321498,True,False,,,False,,observed_profile_hessian,34,1.91693081344,34,9.9999999999999995e-08,0,5c5921e3b53cc9bf8c8dda824c35732bd38afbaf6e2ab4eebfaf87774f5ddd2e,2990537e77002fd28c811a8a237a17040e3cc21e0b720df57372588237cec7bb,"[{""attempt"": 0, ""tolerance"": 2e-07, ""free_valid"": true, ""free_nll"": 13.697267162571139, ""free_score"": 2.2138506305946493e-12, ""sigma"": 1649.835297252395}]",1,13.697267162571139,2.2138506305946493e-12,12533.247188759593,12497.22562109006,newton
calibration,nominal,1,44,98,4,22768.434049794167,5692.1085124485417,20817.495302677115,5700.9724861452069,-0.34221157036949795,,,,22736,22736,22143,593,0,d889578ec9a2221cec35e9a435ed53ae19829d60cd772502b5d8c13812a88955,8b0123fb89440d2b4a78b40e07337a809a5226d1e1d34d22170d790efb66d1e4,31cccbe46edc4127f547711018971a75f1be14847c35211a2654d750d67c6862,8f5f83da7c55e8c34a1ed4f5edebb52a900851fee291f6b040745a36665752bd,d04812a498535f8eaef9c9bf0960886190bb4ed5326d7ad247f949302122e814,0.97338276797150047,0.02661723202835916,82.394869719997601,0.3927842696321498,True,False,,,False,,observed_profile_hessian,34,1.91693081344,34,9.9999999999999995e-07,0,f423cbff7971870cfb353657843b4f8b16346df28abd0bff2332e9a3660c6ab2,3e68a59be29e8f20e7da313be72f9074a75c769bafaa1bda9db79eb14a51108a,"[{""attempt"": 0, ""tolerance"": 2e-07, ""free_valid"": true, ""free_nll"": 11.059001842964724, ""free_score"": 1.6861512186494565e-13, ""sigma"": 5700.972486145207}]",1,11.059001842964724,1.6861512186494565e-13,125303.94418093245,125196.72535550559,newton
calibration,nominal,0.10000000000000001,44,98,5,8226.9401950851316,1645.3880390170264,8547.4808650072428,1651.4459247692337,0.1940969819928571,,,,8265,8265,8043,222,0,c881e6794f702eb27ad75bec710e4bf1e473f0c69d19005efc672b5a6c8ef64c,48ff91e17811952800b9446649c4287ca3f4ac6a252b578e5c233a9d955c7d3d,def42738721295d7b9555d7793ee136c4b2a499039faba80ba5a439883c9c3bd,8f5f83da7c55e8c34a1ed4f5edebb52a900851fee291f6b040745a36665752bd,d04812a498535f8eaef9c9bf0960886190bb4ed5326d7ad247f949302122e814,0.97338276797150047,0.02661723202835916,82.394869719997601,0.3927842696321498,True,False,,,False,,observed_profile_hessian,34,1.91693081344,34,9.9999999999999995e-08,0,4bf56d584d5cc9817d145bbeac5e6dec51ebc3865fc692deb09bcbe751672cad,053373ea2b6398ec45aa331cc44bb15d908d6ed56b51c54cc3006248f72664c5,"[{""attempt"": 0, ""tolerance"": 2e-07, ""free_valid"": true, ""free_nll"": 13.550035203828521, ""free_score"": 1.0437520639450248e-11, ""sigma"": 1651.4459247692337}]",1,13.550035203828521,1.0437520639450248e-11,12547.529141804691,12503.506033098296,newton
calibration,nominal,1,44,98,5,28460.542562242706,5692.1085124485417,26426.436063119789,5702.8872861362515,-0.35668011606468902,,,,28653,28653,27845,808,0,d889578ec9a2221cec35e9a435ed53ae19829d60cd772502b5d8c13812a88955,6f1c1c58b8739f34cf5ef93b36174f32725ffa36db04da123873db8131f3a7e6,25f7a89a44797cf7f94e0700fd9e4fba69024dc9efa9c5485aa5025213222885,8f5f83da7c55e8c34a1ed4f5edebb52a900851fee291f6b040745a36665752bd,d04812a498535f8eaef9c9bf0960886190bb4ed5326d7ad247f949302122e814,0.97338276797150047,0.02661723202835916,82.394869719997601,0.3927842696321498,True,False,,,False,,observed_profile_hessian,34,1.91693081344,34,9.9999999999999995e-07,0,e831e643c0da83194f9fb95caa7c5e2d56054adcc472d4b06afe842db6b551b1,85211d860a3ae5d4ec72952b0ba1a2d05fb0c4264b6cc69bc7af17bc10904478,"[{""attempt"": 0, ""tolerance"": 2e-07, ""free_valid"": true, ""free_nll"": 11.6411760110512, ""free_score"": 7.80486786311485e-14, ""sigma"": 5702.8872861362515}]",1,11.641176011051201,7.8048678631148505e-14,125344.512310869,125208.40508981724,newton
calibration,nominal,0.10000000000000001,44,98,6,9872.3282341021586,1645.3880390170264,9941.4813233284731,1652.6421560517224,0.041843958156995126,,,,9745,9745,9475,270,0,c881e6794f702eb27ad75bec710e4bf1e473f0c69d19005efc672b5a6c8ef64c,06cfe1d7af279cea042d0cc3a0adb76bc2e498606146e91448e6cec39cf809bc,bdb4ab1893baa4c74cbd55a6826e4d6eb29e16d321627065bddb9283ae6c12fe,8f5f83da7c55e8c34a1ed4f5edebb52a900851fee291f6b040745a36665752bd,d04812a498535f8eaef9c9bf0960886190bb4ed5326d7ad247f949302122e814,0.97338276797150047,0.02661723202835916,82.394869719997601,0.3927842696321498,True,False,,,False,,observed_profile_hessian,34,1.91693081344,34,9.9999999999999995e-08,0,398d08bda1544b94e4753d6118d07ad5b9ab1ece5eb33227553ff4bfe7c9b981,810dab18199ca485a2b8f0251c49634ccd4303eeb6008a0ddd8a29acf925c8cd,"[{""attempt"": 0, ""tolerance"": 2e-07, ""free_valid"": true, ""free_nll"": 13.806572084857686, ""free_score"": 3.134012493966054e-11, ""sigma"": 1652.6421560517224}]",1,13.806572084857686,3.1340124939660541e-11,12554.400067116239,12503.197271823512,newton
calibration,nominal,1,44,98,6,34152.651074691254,5692.1085124485417,31381.568347039851,5704.3843677777168,-0.48578120775037226,,,,33916,33916,33010,906,0,d889578ec9a2221cec35e9a435ed53ae19829d60cd772502b5d8c13812a88955,62eb4e1be28fb18d58197ef912b948dccafd65568ca62abb34f99458d1c16e3a,702bfdbb5ae6630e2950c22f48aea5b7534e9618920310bc840bb99e1ce4a3c7,8f5f83da7c55e8c34a1ed4f5edebb52a900851fee291f6b040745a36665752bd,d04812a498535f8eaef9c9bf0960886190bb4ed5326d7ad247f949302122e814,0.97338276797150047,0.02661723202835916,82.394869719997601,0.3927842696321498,True,False,,,False,,observed_profile_hessian,34,1.91693081344,34,9.9999999999999995e-07,0,e377b9a7a3c8fedde50db3cf7e8637e041e257fddba9a02cb0991b6b17cbeaac,0d7a1ad6649d00c7c25161c9ecc4c6bb5720d9c5a46bcf860832822cff8b3b59,"[{""attempt"": 0, ""tolerance"": 2e-07, ""free_valid"": true, ""free_nll"": 11.023781760487813, ""free_score"": 3.141931159689193e-14, ""sigma"": 5704.384367777717}]",1,11.023781760487813,3.141931159689193e-14,125374.75370425264,125213.12547524137,newton
calibration,nominal,0.10000000000000001,44,98,7,11517.716273119184,1645.3880390170264,11535.551315741081,1654.1393887973361,0.010782067546837103,,,,11513,11513,11209,304,0,c881e6794f702eb27ad75bec710e4bf1e473f0c69d19005efc672b5a6c8ef64c,60f0bc9cdd94cca38042dad78a7a21808f047b29e9dd13c12476ac29dc5cf5af,ceb1682076f85d4f942b346348504b875bc6d0f674f30e7576ca900d4901f94e,8f5f83da7c55e8c34a1ed4f5edebb52a900851fee291f6b040745a36665752bd,d04812a498535f8eaef9c9bf0960886190bb4ed5326d7ad247f949302122e814,0.97338276797150047,0.02661723202835916,82.394869719997601,0.3927842696321498,True,False,,,False,,observed_profile_hessian,34,1.91693081344,34,9.9999999999999995e-08,0,a143f37b9d0685bfa8b679298f82d4546829d151bd4307ce3e65da93b5c5f599,f8b814ff14897007424ba24d8f6e40fdb87beccca4d2652ba9494ca927377018,"[{""attempt"": 0, ""tolerance"": 2e-07, ""free_valid"": true, ""free_nll"": 14.181164290058533, ""free_score"": 1.0343224193798406e-10, ""sigma"": 1654.139388797336}]",1,14.181164290058533,1.0343224193798406e-10,12565.492508905338,12506.079585076508,newton
calibration,nominal,1,44,98,7,39844.759587139793,5692.1085124485417,37576.425108585427,5706.171251276578,-0.39752302878167173,,,,39937,39937,38909,1028,0,d889578ec9a2221cec35e9a435ed53ae19829d60cd772502b5d8c13812a88955,5462308c2cd1ee7919d39e83774fcd8df8519b73144ab5bd16df28ac5f251935,b04196f472be7b3e404f83c55858c095df7f53c117c1e6ae34d8303940f55a8e,8f5f83da7c55e8c34a1ed4f5edebb52a900851fee291f6b040745a36665752bd,d04812a498535f8eaef9c9bf0960886190bb4ed5326d7ad247f949302122e814,0.97338276797150047,0.02661723202835916,82.394869719997601,0.3927842696321498,True,False,,,False,,observed_profile_hessian,34,1.91693081344,34,9.9999999999999995e-07,0,30b64c857f6455ceb2d53c1a3f66aa4726b28db868b8d26f7e713958e8601682,56ac56c500ee23c199ff798dbe3d2b731099e8d1837433bd4af52dfd79edcd79,"[{""attempt"": 0, ""tolerance"": 2e-07, ""free_valid"": true, ""free_nll"": 10.610662011340887, ""free_score"": 9.547571067081151e-14, ""sigma"": 5706.171251276578}]",1,10.610662011340887,9.5475710670811509e-14,125403.68081995926,125210.14648235984,newton
calibration,nominal,0.10000000000000001,44,98,8,13163.104312136211,1645.3880390170264,13049.646691543618,1655.4241564311883,-0.068536888356871925,,,,13057,13057,12741,316,0,c881e6794f702eb27ad75bec710e4bf1e473f0c69d19005efc672b5a6c8ef64c,b35769197c3da3ef4946460b5135b4ee1b9b0ce041c567928c17016be7c4b302,afad5c9bf7b08203220249c4026aa09125d78da674296097f0405c8482e5562f,8f5f83da7c55e8c34a1ed4f5edebb52a900851fee291f6b040745a36665752bd,d04812a498535f8eaef9c9bf0960886190bb4ed5326d7ad247f949302122e814,0.97338276797150047,0.02661723202835916,82.394869719997601,0.3927842696321498,True,False,,,False,,observed_profile_hessian,34,1.91693081344,34,9.9999999999999995e-08,0,a6f9eafda63be36ce47695a8db03aa3e4bd9cdad805d1ba62cb3c020e19eecd2,d551429110dac2af65bd217ee678d6c2183e04b639d66c0ee3f5ec9c95a56cf8,"[{""attempt"": 0, ""tolerance"": 2e-07, ""free_valid"": true, ""free_nll"": 13.023894831282453, ""free_score"": 2.736623774812763e-10, ""sigma"": 1655.4241564311883}]",1,13.023894831282453,2.7366237748127631e-10,12573.8561031713,12506.644953599294,newton
calibration,nominal,1,44,98,8,45536.868099588333,5692.1085124485417,42915.303852318793,5707.7486200101685,-0.4592991776265139,,,,45588,45588,44473,1115,0,d889578ec9a2221cec35e9a435ed53ae19829d60cd772502b5d8c13812a88955,733bd57bc9c3bede501a3823d3c053dcbd12f53ffd162253a0165cbb9432eaef,85542b1f6240cc761b563be26004982010527b42fae2c3b9b08f59e2cc5bdd4e,8f5f83da7c55e8c34a1ed4f5edebb52a900851fee291f6b040745a36665752bd,d04812a498535f8eaef9c9bf0960886190bb4ed5326d7ad247f949302122e814,0.97338276797150047,0.02661723202835916,82.394869719997601,0.3927842696321498,True,False,,,False,,observed_profile_hessian,34,1.91693081344,34,9.9999999999999995e-07,0,adf90d603428b51121bdee75522dcdf1d3d684f481322eb04188f213bdb44186,1359b19ea8f7e3c1fa5f01530bca37a8f69fc5af01a3984ff0a9c999a1446e82,"[{""attempt"": 0, ""tolerance"": 2e-07, ""free_valid"": true, ""free_nll"": 11.030361545043132, ""free_score"": 1.1392622956130083e-13, ""sigma"": 5707.748620010168}]",1,11.030361545043132,1.1392622956130083e-13,125441.68965906082,125220.65785840561,newton
calibration,nominal,0.10000000000000001,44,99,0,0,1645.3880390170264,973.84379627429792,1641.3596746799374,0.5933152929836637,,,,0,0,0,0,0,9443f65f6196515abb4687fc6c09ec1e139318f27c63084896b8050b8bf14c7c,9443f65f6196515abb4687fc6c09ec1e139318f27c63084896b8050b8bf14c7c,f440d6087e5a50c4aef861dbe0f0dd7752e43e8d6fb7b0a6393f704d359bba12,8f5f83da7c55e8c34a1ed4f5edebb52a900851fee291f6b040745a36665752bd,d04812a498535f8eaef9c9bf0960886190bb4ed5326d7ad247f949302122e814,0.97338276797150047,0.02661723202835916,82.394869719997601,0.3927842696321498,True,False,,,False,,observed_profile_hessian,34,1.91693081344,34,9.9999999999999995e-08,0,8d0b04bb8bcc3c720b9f1bf97127a5630c5baa7eed825d9c785f8669d0d44c15,5b9bd269c9ad5f14ccb710078a7b009d22254f5877876cbb42aaba28f56edb19,"[{""attempt"": 0, ""tolerance"": 2e-07, ""free_valid"": true, ""free_nll"": 16.25361090158071, ""free_score"": 2.3037127760971998e-14, ""sigma"": 1641.3596746799374}]",1,16.253610901580711,2.3037127760971998e-14,12541.609490481836,12536.593786792819,newton
calibration,nominal,1,44,99,0,0,5692.1085124485417,5010.756161738519,5692.2896653867283,0.88027076208148192,,,,0,0,0,0,0,f51da81a23e53e27c87920b1342550fb308cd668a2c8e2f7b4b263c9e1d55321,f51da81a23e53e27c87920b1342550fb308cd668a2c8e2f7b4b263c9e1d55321,f440d6087e5a50c4aef861dbe0f0dd7752e43e8d6fb7b0a6393f704d359bba12,8f5f83da7c55e8c34a1ed4f5edebb52a900851fee291f6b040745a36665752bd,d04812a498535f8eaef9c9bf0960886190bb4ed5326d7ad247f949302122e814,0.97338276797150047,0.02661723202835916,82.394869719997601,0.3927842696321498,True,False,,,False,,observed_profile_hessian,34,1.91693081344,34,9.9999999999999995e-07,0,2ef16d48882b5b851ebbdf90a4178ea18e07f5d65364e6e6d47316d06fc0c64e,79a552a1d5f520b226de8def4868f04f97f36f12a3fce524aef52a393ac8e823,"[{""attempt"": 0, ""tolerance"": 2e-07, ""free_valid"": true, ""free_nll"": 22.576383707419204, ""free_score"": 3.9335018575670233e-10, ""sigma"": 5692.289665386728}]",1,22.576383707419204,3.9335018575670233e-10,125244.57876355179,125218.77126930954,newton
calibration,nominal,0.10000000000000001,44,99,1,1645.3880390170264,1645.3880390170264,2466.2313771000104,1642.7457847703422,0.49967764074813248,,,,1611,1611,1574,37,0,9443f65f6196515abb4687fc6c09ec1e139318f27c63084896b8050b8bf14c7c,bdda82f9f323ba2747e35e40a709ab0fac8ec737aba99e19d583ae45337ee43a,23ea9d8ec0254b6baebc7391a0d1bab437f6d9c8d3a63b6bc5c019b82a086977,8f5f83da7c55e8c34a1ed4f5edebb52a900851fee291f6b040745a36665752bd,d04812a498535f8eaef9c9bf0960886190bb4ed5326d7ad247f949302122e814,0.97338276797150047,0.02661723202835916,82.394869719997601,0.3927842696321498,True,False,,,False,,observed_profile_hessian,34,1.91693081344,34,9.9999999999999995e-08,0,f0ba5edc975fe8b23d5fa6a65a3f986dcc6df6257e49047eb80a8bdb874e813c,1fc341f25f34cb1b3d5c68c8f279ca32a9d65bfee191648ab51c6bc5fa13df41,"[{""attempt"": 0, ""tolerance"": 2e-07, ""free_valid"": true, ""free_nll"": 16.37342250964395, ""free_score"": 8.72635297355373e-14, ""sigma"": 1642.7457847703422}]",1,16.373422509643952,8.7263529735537304e-14,12551.453315413284,12538.751190222963,newton
calibration,nominal,1,44,99,1,5692.1085124485417,5692.1085124485417,10380.392809023595,5693.9774137492896,0.82337599114008042,,,,5617,5617,5478,139,0,f51da81a23e53e27c87920b1342550fb308cd668a2c8e2f7b4b263c9e1d55321,bdb8567192e318f6ae6109480aaa98c7e8ff8383025001ec0da4d0ab094fa2db,1d3e0ba3dd210d062a9b8b90a8a89cd1228b4759ce89611b00ceabe58badb0a5,8f5f83da7c55e8c34a1ed4f5edebb52a900851fee291f6b040745a36665752bd,d04812a498535f8eaef9c9bf0960886190bb4ed5326d7ad247f949302122e814,0.97338276797150047,0.02661723202835916,82.394869719997601,0.3927842696321498,True,False,,,False,,observed_profile_hessian,34,1.91693081344,34,9.9999999999999995e-07,0,252356c41e2342bca1788e1006e867263a0889eaaf9da329faba681da7b6c4c8,8c374b5bb17065d14465129163ccb9d1846a799b9e8a7fc252707b04687fcaea,"[{""attempt"": 0, ""tolerance"": 2e-07, ""free_valid"": true, ""free_nll"": 22.558867435559534, ""free_score"": 2.3358394440897712e-08, ""sigma"": 5693.97741374929}]",1,22.558867435559534,2.3358394440897712e-08,125278.12883456853,125224.66546117656,newton
calibration,nominal,0.10000000000000001,44,99,2,3290.7760780340527,1645.3880390170264,4137.17353721564,1644.1983834793164,0.51477818472884707,,,,3196,3196,3113,83,0,9443f65f6196515abb4687fc6c09ec1e139318f27c63084896b8050b8bf14c7c,e29d93c64e7f0fb87d4e9da7366e854f362a07ad3b841573f2a6b00c8fb57e54,8920bdadf91fcff5f6d9b626cbbbeda665a024bfc23331378b2f6b8931779444,8f5f83da7c55e8c34a1ed4f5edebb52a900851fee291f6b040745a36665752bd,d04812a498535f8eaef9c9bf0960886190bb4ed5326d7ad247f949302122e814,0.97338276797150047,0.02661723202835916,82.394869719997601,0.3927842696321498,True,False,,,False,,observed_profile_hessian,34,1.91693081344,34,9.9999999999999995e-08,0,a1b4c981c7b5ca3bcf0559dd4d8ed03aba128a2fcab683b88cc1732d9002a08b,b4c0fdc110ce5126196c92d6af394416134f649e6a65b99d1c9de2c561f3e66c,"[{""attempt"": 0, ""tolerance"": 2e-07, ""free_valid"": true, ""free_nll"": 16.258779753575464, ""free_score"": 4.949374243778948e-13, ""sigma"": 1644.1983834793164}]",1,16.258779753575464,4.9493742437789479e-13,12560.524194920274,12539.216017313034,newton
calibration,nominal,1,44,99,2,11384.217024897083,5692.1085124485417,16208.873448034561,5695.6989712345394,0.84707012212264732,,,,11394,11394,11128,266,0,f51da81a23e53e27c87920b1342550fb308cd668a2c8e2f7b4b263c9e1d55321,856a37540b4da45501faa31e4047b13e964ac1df723bd0b20ddd8db939cde035,dfdb4dacdd140b9865dbc4442d53bf0e11b63002258f5613967dfd4ee39b178d,8f5f83da7c55e8c34a1ed4f5edebb52a900851fee291f6b040745a36665752bd,d04812a498535f8eaef9c9bf0960886190bb4ed5326d7ad247f949302122e814,0.97338276797150047,0.02661723202835916,82.394869719997601,0.3927842696321498,True,False,,,False,,observed_profile_hessian,34,1.91693081344,34,9.9999999999999995e-07,0,8b7ed29f715cbf751c29ae8b16f807753f7f2a13c69d9fcf531323e9fcc81da7,7e7edf8ea3ccea483414bf00a0ad54e51588e0dd5f93f183ae3ad5f87113c3d7,"[{""attempt"": 0, ""tolerance"": 2e-07, ""free_valid"": true, ""free_nll"": 22.951498824267663, ""free_score"": 5.395683899678261e-14, ""sigma"": 5695.698971234539}]",1,22.951498824267663,5.3956838996782608e-14,125310.37192428,125226.88943287925,newton
calibration,nominal,0.10000000000000001,44,99,3,4936.1641170510793,1645.3880390170264,5762.9469864396697,1645.6901975269661,0.50239277759023215,,,,4910,4910,4778,132,0,9443f65f6196515abb4687fc6c09ec1e139318f27c63084896b8050b8bf14c7c,e607a0ea647be79f4b0a5c435c7b161535ef5b1c78660ee67abb05a87159fa73,047773c8972e01d45200b6171f5a6713d8783109709c70ca85470d7b93654aef,8f5f83da7c55e8c34a1ed4f5edebb52a900851fee291f6b040745a36665752bd,d04812a498535f8eaef9c9bf0960886190bb4ed5326d7ad247f949302122e814,0.97338276797150047,0.02661723202835916,82.394869719997601,0.3927842696321498,True,False,,,False,,observed_profile_hessian,34,1.91693081344,34,9.9999999999999995e-08,0,78cdbbf868fb297b625204fc78286c421866890935d381291ece4dfb2d117ffb,ea1714609ba561cf9bf4f2c889e54837b3924fd1ca719c472de6c7b6a69f929e,"[{""attempt"": 0, ""tolerance"": 2e-07, ""free_valid"": true, ""free_nll"": 15.770361497489471, ""free_score"": 2.8564928200580653e-12, ""sigma"": 1645.6901975269661}]",1,15.770361497489471,2.8564928200580653e-12,12570.160384480005,12540.478792247157,newton
calibration,nominal,1,44,99,3,17076.325537345627,5692.1085124485417,21578.086057240511,5697.5348082523378,0.79012426802105917,,,,17230,17230,16761,469,0,f51da81a23e53e27c87920b1342550fb308cd668a2c8e2f7b4b263c9e1d55321,1149502d4d3558308c373ce9d61a940f9d440d51d104e12568b461fe9cfbc8cd,bf09bbc5d9437f4ccce0cc4a1366b629b305a71ff0d15d1a3aa36e092eac1ac8,8f5f83da7c55e8c34a1ed4f5edebb52a900851fee291f6b040745a36665752bd,d04812a498535f8eaef9c9bf0960886190bb4ed5326d7ad247f949302122e814,0.97338276797150047,0.02661723202835916,82.394869719997601,0.3927842696321498,True,False,,,False,,observed_profile_hessian,34,1.91693081344,34,9.9999999999999995e-07,0,a9ab71c7aab4ff0d3e1ca7dc2a256e4c63dd66d53a1b3715d5d2b7b65ebc425b,8ddea4a4606ee20e35339c49ea3d62db0e23a1fed91bcf65590b405c7ae8bf59,"[{""attempt"": 0, ""tolerance"": 2e-07, ""free_valid"": true, ""free_nll"": 22.89057497822869, ""free_score"": 6.017408793468348e-14, ""sigma"": 5697.534808252338}]",1,22.890574978228688,6.0174087934683484e-14,125347.47257385045,125236.3363872738,newton
calibration,nominal,0.10000000000000001,44,99,4,6581.5521560681054,1645.3880390170264,7416.2079958361574,1647.2260338544945,0.50670389042781494,,,,6627,6627,6459,168,0,9443f65f6196515abb4687fc6c09ec1e139318f27c63084896b8050b8bf14c7c,385324703c3aba3f9de538649e310258f992d15fa45af920703eb7a79a199c9e,a65d50f98149259cad1a0dac76849e3caea50c8f44a5d2e5c1face5e499a3987,8f5f83da7c55e8c34a1ed4f5edebb52a900851fee291f6b040745a36665752bd,d04812a498535f8eaef9c9bf0960886190bb4ed5326d7ad247f949302122e814,0.97338276797150047,0.02661723202835916,82.394869719997601,0.3927842696321498,True,False,,,False,,observed_profile_hessian,34,1.91693081344,34,9.9999999999999995e-08,0,753ed20f8328414dbf5972d0289b4d96722396a5858b315e4c3732777d9be5cf,c0cd73a4cd946c3a6749163fae96cf3fdd7a10707c0a83f20c2697ca9cf96124,"[{""attempt"": 0, ""tolerance"": 2e-07, ""free_valid"": true, ""free_nll"": 16.71742159186918, ""free_score"": 1.393574144969989e-11, ""sigma"": 1647.2260338544945}]",1,16.717421591869179,1.393574144969989e-11,12579.733963607423,12541.537384294035,newton
calibration,nominal,1,44,99,4,22768.434049794167,5692.1085124485417,26822.252858864194,5699.1384604779578,0.71130379392994336,,,,22671,22671,22089,582,0,f51da81a23e53e27c87920b1342550fb308cd668a2c8e2f7b4b263c9e1d55321,54ee5f8f3e50e0bae9267633e8b8762d42577524734ae8ba5aa1d8f59ec270a1,d56fb15bf644521ecb1a4e2b90fc265a8dd520a7a12bdf28e8b48ce779cecb1c,8f5f83da7c55e8c34a1ed4f5edebb52a900851fee291f6b040745a36665752bd,d04812a498535f8eaef9c9bf0960886190bb4ed5326d7ad247f949302122e814,0.97338276797150047,0.02661723202835916,82.394869719997601,0.3927842696321498,True,False,,,False,,observed_profile_hessian,34,1.91693081344,34,9.9999999999999995e-07,0,7efb9924a863054dbc648a97b32d195a95458d16edf728949a5c977291d9c41a,226086a1499349e4313a13a0cce3562abeed2dc88ac1efdb8d8fa20be4160610,"[{""attempt"": 0, ""tolerance"": 2e-07, ""free_valid"": true, ""free_nll"": 22.310160022604087, ""free_score"": 1.4244161405940758e-13, ""sigma"": 5699.138460477958}]",1,22.310160022604087,1.4244161405940758e-13,125381.62317836635,125243.47733492957,newton
calibration,nominal,0.10000000000000001,44,99,5,8226.9401950851316,1645.3880390170264,8678.1840426841318,1648.569418435558,0.27371843887970265,,,,8202,8202,7982,220,0,9443f65f6196515abb4687fc6c09ec1e139318f27c63084896b8050b8bf14c7c,da706435259ea7a8260a22e2ac1a6fe8154498e1f2818b0652186561a4ef1746,c878787d228cea07e86093b806250056dc87bde71e55e15d1768de03179dbf19,8f5f83da7c55e8c34a1ed4f5edebb52a900851fee291f6b040745a36665752bd,d04812a498535f8eaef9c9bf0960886190bb4ed5326d7ad247f949302122e814,0.97338276797150047,0.02661723202835916,82.394869719997601,0.3927842696321498,True,False,,,False,,observed_profile_hessian,34,1.91693081344,34,9.9999999999999995e-08,0,b2c2fa576927ee417a3f15677577bd5978653e3569aa4525d7d3c1814505c2fa,459fb6943de29ee7a8eb8dd8f00932820d8ace271c0d2114278d340443047ec9,"[{""attempt"": 0, ""tolerance"": 2e-07, ""free_valid"": true, ""free_nll"": 16.248257678885995, ""free_score"": 4.088407390412385e-11, ""sigma"": 1648.569418435558}]",1,16.248257678885995,4.0884073904123852e-11,12591.563397907817,12546.86711305865,newton
calibration,nominal,1,44,99,5,28460.542562242706,5692.1085124485417,31749.014155076231,5701.0781278037193,0.5768157389031211,,,,28549,28549,27743,806,0,f51da81a23e53e27c87920b1342550fb308cd668a2c8e2f7b4b263c9e1d55321,337149fb7f130648c3759e7160244181ebe53778a5b2002bb720965c6d23e4f3,a37dfc2f04c3c8193b905203d969fca335c3246b7491afd511075f6aa45214b3,8f5f83da7c55e8c34a1ed4f5edebb52a900851fee291f6b040745a36665752bd,d04812a498535f8eaef9c9bf0960886190bb4ed5326d7ad247f949302122e814,0.97338276797150047,0.02661723202835916,82.394869719997601,0.3927842696321498,True,False,,,False,,observed_profile_hessian,34,1.91693081344,34,9.9999999999999995e-07,0,cf9982a1a4abe135a79b3c5f52c3746b174982ab44f14438513d0075045ea968,b4981f485f90789f6decd84838bf1ede87c87aa3f34cbf20f0eb84c11026aec8,"[{""attempt"": 0, ""tolerance"": 2e-07, ""free_valid"": true, ""free_nll"": 23.155516950655116, ""free_score"": 3.197442310920451e-14, ""sigma"": 5701.078127803719}]",1,23.155516950655116,3.1974423109204508e-14,125421.38201654193,125257.86128762264,newton
calibration,nominal,0.10000000000000001,44,99,6,9872.3282341021586,1645.3880390170264,10111.463410182727,1649.9568694802131,0.14493419828356069,,,,9824,9824,9552,272,0,9443f65f6196515abb4687fc6c09ec1e139318f27c63084896b8050b8bf14c7c,64f64d9af7862414ffd4eb2f588818a84786773cb76119f98e676edb88499dcf,39c6ed530b3218f598cc73a1cb9dcf6eb4ee52391844f636852b9e60e36b19dc,8f5f83da7c55e8c34a1ed4f5edebb52a900851fee291f6b040745a36665752bd,d04812a498535f8eaef9c9bf0960886190bb4ed5326d7ad247f949302122e814,0.97338276797150047,0.02661723202835916,82.394869719997601,0.3927842696321498,True,False,,,False,,observed_profile_hessian,34,1.91693081344,34,9.9999999999999995e-08,0,74aee74a6237c903788a8f650024b2181221ebd243f4b02e04ca21ba2cef7b97,af73b515027f69466fba82c4d7a4109108006ec25df6690f3d16a058276a790c,"[{""attempt"": 0, ""tolerance"": 2e-07, ""free_valid"": true, ""free_nll"": 16.245725200535965, ""free_score"": 1.1478173966850136e-10, ""sigma"": 1649.956869480213}]",1,16.245725200535965,1.1478173966850136e-10,12603.262852304668,12551.184578025101,newton
calibration,nominal,1,44,99,6,34152.651074691254,5692.1085124485417,37121.508417026576,5702.7863391153642,0.52059768081647295,,,,34441,34441,33491,950,0,f51da81a23e53e27c87920b1342550fb308cd668a2c8e2f7b4b263c9e1d55321,bb8d06e86b4882eeb305d744ea1994a066627e0719efeb17fa5829f2623d1408,e6b6a4cc1c249f124529e0691ad807b84a1e33589e2e0740bd49abd5084dea88,8f5f83da7c55e8c34a1ed4f5edebb52a900851fee291f6b040745a36665752bd,d04812a498535f8eaef9c9bf0960886190bb4ed5326d7ad247f949302122e814,0.97338276797150047,0.02661723202835916,82.394869719997601,0.3927842696321498,True,False,,,False,,observed_profile_hessian,34,1.91693081344,34,9.9999999999999995e-07,0,2dd3129a294c3aeb40eeec74061d7e451e8313124e6eb011a4444c4f3860084f,fd604bbf84fd9606a7774d1f1cc9ceb38c0ef5e9d34b1e8b725cd24e01984359,"[{""attempt"": 0, ""tolerance"": 2e-07, ""free_valid"": true, ""free_nll"": 22.778490074113574, ""free_score"": 2.4064084058750268e-14, ""sigma"": 5702.786339115364}]",1,22.778490074113574,2.4064084058750268e-14,125456.32325732918,125265.131931347,newton
calibration,nominal,0.10000000000000001,44,99,7,11517.716273119184,1645.3880390170264,11714.740431795926,1651.4604119156522,0.11930298616616514,,,,11371,11371,11080,291,0,9443f65f6196515abb4687fc6c09ec1e139318f27c63084896b8050b8bf14c7c,f0e3e1ef95c9b27810989b968bed4d4bc1ff56eaaf8181ca3f9dd9bb07acc9f8,8fd57228b5b5216b4b00291e6138dd9210eae99eb8f1119a795bb5fd24014441,8f5f83da7c55e8c34a1ed4f5edebb52a900851fee291f6b040745a36665752bd,d04812a498535f8eaef9c9bf0960886190bb4ed5326d7ad247f949302122e814,0.97338276797150047,0.02661723202835916,82.394869719997601,0.3927842696321498,True,False,,,False,,observed_profile_hessian,34,1.91693081344,34,9.9999999999999995e-08,0,42cdeef78a75f0a510daeba52da313e2123e4a1d617a070c7a847979f4d4ffbe,7754de510fbe4aaca03577defcbab73b80fe622153bfeccad0459a04bc836d65,"[{""attempt"": 0, ""tolerance"": 2e-07, ""free_valid"": true, ""free_nll"": 16.049417375594526, ""free_score"": 3.058555630985893e-10, ""sigma"": 1651.4604119156522}]",1,16.049417375594526,3.058555630985893e-10,12611.740460358997,12551.404637484276,newton
calibration,nominal,1,44,99,7,39844.759587139793,5692.1085124485417,42793.009716705972,5704.5139873373573,0.51682757481366193,,,,39663,39663,38570,1093,0,f51da81a23e53e27c87920b1342550fb308cd668a2c8e2f7b4b263c9e1d55321,6164ad9600b8c205e5fba24ab707fc75d32a08482106b6db81bd39bafc8e89f9,7fac6112536fb6730414ee101ff02892b0e2133cd54fec0118477cc09661faf5,8f5f83da7c55e8c34a1ed4f5edebb52a900851fee291f6b040745a36665752bd,d04812a498535f8eaef9c9bf0960886190bb4ed5326d7ad247f949302122e814,0.97338276797150047,0.02661723202835916,82.394869719997601,0.3927842696321498,True,False,,,False,,observed_profile_hessian,34,1.91693081344,34,9.9999999999999995e-07,0,d375d304514302b29f70273d57b95095c33959f9fbb06c69754910d22efa433f,891df7cffd9cd0f613900a74fca033d0d9d1b34b4e2d943d82fa99319b8f5ceb,"[{""attempt"": 0, ""tolerance"": 2e-07, ""free_valid"": true, ""free_nll"": 24.047528662965316, ""free_score"": 9.725553695716371e-14, ""sigma"": 5704.513987337357}]",1,24.047528662965316,9.7255536957163713e-14,125491.58373665703,125271.18180205373,newton
calibration,nominal,0.10000000000000001,44,99,8,13163.104312136211,1645.3880390170264,13758.194411823592,1653.1154408990162,0.35998096984911832,,,,13311,13311,12966,345,0,9443f65f6196515abb4687fc6c09ec1e139318f27c63084896b8050b8bf14c7c,b98b611df2fc0a7402f4a0264af121cd2c3d58e104e4ecb5838bbb3c34b30431,7a4ac0f0959a11b2a2551ee3b0a3579821087427997edffdb6efe32a85c10900,8f5f83da7c55e8c34a1ed4f5edebb52a900851fee291f6b040745a36665752bd,d04812a498535f8eaef9c9bf0960886190bb4ed5326d7ad247f949302122e814,0.97338276797150047,0.02661723202835916,82.394869719997601,0.3927842696321498,True,False,,,False,,observed_profile_hessian,34,1.91693081344,34,9.9999999999999995e-08,0,714f86e91fbafb1f1c6a5a7650120a343dd50eb60e9ffd31bd0ac60177690644,2b713cbdb0214eb78d861eb7e67367f98fa0682204b014c6a490d4282a7caa90,"[{""attempt"": 0, ""tolerance"": 2e-07, ""free_valid"": true, ""free_nll"": 15.316372146021275, ""free_score"": 8.26849810842134e-10, ""sigma"": 1653.1154408990162}]",1,15.316372146021275,8.2684981084213405e-10,12621.951193058681,12551.090725774688,newton
calibration,nominal,1,44,99,8,45536.868099588333,5692.1085124485417,48861.263565388595,5706.3365538758562,0.58257963483458874,,,,46231,46231,45022,1209,0,f51da81a23e53e27c87920b1342550fb308cd668a2c8e2f7b4b263c9e1d55321,29d80a1952b5765db2042ac8b8819178b003373268cfe5b892649f4a0bf4b339,f1be6b2d19dfd25bed804d0f577f7237ffbfec65f9038f8fe0180f60658c8208,8f5f83da7c55e8c34a1ed4f5edebb52a900851fee291f6b040745a36665752bd,d04812a498535f8eaef9c9bf0960886190bb4ed5326d7ad247f949302122e814,0.97338276797150047,0.02661723202835916,82.394869719997601,0.3927842696321498,True,False,,,False,,observed_profile_hessian,34,1.91693081344,34,9.9999999999999995e-07,0,e68ded420454ffb06ec80ee1954a21f9f53944303f156502b04373803b8f2118,8c2323fd1740fdfb32dd5980ae2cd000368b7b0dea1c309e5f822c470816f4eb,"[{""attempt"": 0, ""tolerance"": 2e-07, ""free_valid"": true, ""free_nll"": 22.82836204473021, ""free_score"": 3.3029134982598407e-13, ""sigma"": 5706.336553875856}]",1,22.828362044730209,3.3029134982598407e-13,125529.30088214752,125277.64489701662,newton
