cohort,source,exposure,mass_MeV,toy,z,A_expected,s0,Ahat,sigma_postfit,pull,q_true,profile_contains68,profile_contains95,actual_full,actual_support,actual_window,actual_training,actual_outside_support,background_hash,counts_hash,signal_hash,template_hash,mask_hash,window_fraction,training_fraction,kernel_const,kernel_ls,fit_valid,profile_valid,failure_reason,native_cls90,native_cls90_valid,native_cls90_failure,sigma_method,fit_bins,nominal_sigma_MeV,nuisance_rank,covariance_load,max_omitted_covariance_mode,gp_mean_hash,gp_covariance_factor_hash,attempts_json,attempt_count,free_nll,fit_score,min_lambda,min_background,fit_method
calibration,nominal,0.10000000000000001,44,70,0,0,1645.3880390170264,594.54606935147137,1647.7971182038141,0.36081266485012303,,,,0,0,0,0,0,715b16e002bfb55abe8fce6d112689b849330b02034bd033469813e24a6bf093,715b16e002bfb55abe8fce6d112689b849330b02034bd033469813e24a6bf093,f440d6087e5a50c4aef861dbe0f0dd7752e43e8d6fb7b0a6393f704d359bba12,8f5f83da7c55e8c34a1ed4f5edebb52a900851fee291f6b040745a36665752bd,d04812a498535f8eaef9c9bf0960886190bb4ed5326d7ad247f949302122e814,0.97338276797150047,0.02661723202835916,82.394869719997601,0.3927842696321498,True,False,,,False,,observed_profile_hessian,34,1.91693081344,34,9.9999999999999995e-08,0,1d6df6996674a345d28388eeae9a5f534f20045d1953eed3981d5ff69d7ea39a,dabdcda1f6bdb5a7a4bc5979e7227e89695545f2e202af5f0372be11fbf96250,"[{""attempt"": 0, ""tolerance"": 2e-07, ""free_valid"": true, ""free_nll"": 17.13992876436079, ""free_score"": 2.6402088987298455e-09, ""sigma"": 1647.797118203814}]",1,17.139928764360789,2.6402088987298455e-09,12528.443184802003,12525.381023370421,newton
calibration,nominal,1,44,70,0,0,5692.1085124485417,2125.7515332477433,5692.0793932246734,0.37345781504348691,,,,0,0,0,0,0,c170555c1bed52e5f2d9c22a82291f87f989be41666dd038c98121c423f27ea9,c170555c1bed52e5f2d9c22a82291f87f989be41666dd038c98121c423f27ea9,f440d6087e5a50c4aef861dbe0f0dd7752e43e8d6fb7b0a6393f704d359bba12,8f5f83da7c55e8c34a1ed4f5edebb52a900851fee291f6b040745a36665752bd,d04812a498535f8eaef9c9bf0960886190bb4ed5326d7ad247f949302122e814,0.97338276797150047,0.02661723202835916,82.394869719997601,0.3927842696321498,True,False,,,False,,observed_profile_hessian,34,1.91693081344,34,9.9999999999999995e-07,0,75de8d48d0264640c0c7d8bd075fa4dcc0dc18c3d514ff916f94abb34fb86686,3fc7b1ecfacbd65c0a014aab72e2b1b6e97a599ac5b1d951613bfb488df71166,"[{""attempt"": 0, ""tolerance"": 2e-07, ""free_valid"": true, ""free_nll"": 17.736217485085902, ""free_score"": 2.7759205489807925e-09, ""sigma"": 5692.079393224673}]",1,17.736217485085902,2.7759205489807925e-09,125264.07539727136,125253.12688597207,newton
calibration,nominal,0.10000000000000001,44,70,1,1645.3880390170264,1645.3880390170264,2263.6633003117954,1649.2706769489566,0.3748779808773039,,,,1666,1666,1622,44,0,715b16e002bfb55abe8fce6d112689b849330b02034bd033469813e24a6bf093,bb91bfcb56aafe0ca9ea3d8c33efa8385a8fe934627eee09ca29b87a727d483b,78e12cb07381cf87e20b510059ca6c89a3ddecf2201f00baf0a94f42768f156d,8f5f83da7c55e8c34a1ed4f5edebb52a900851fee291f6b040745a36665752bd,d04812a498535f8eaef9c9bf0960886190bb4ed5326d7ad247f949302122e814,0.97338276797150047,0.02661723202835916,82.394869719997601,0.3927842696321498,True,False,,,False,,observed_profile_hessian,34,1.91693081344,34,9.9999999999999995e-08,0,a518cb8d55f92c8c557d928585207f5a5d61f564dc51d68bd27d4d81fdbd76df,de977a8ee370dfb50522c2a7a2d5e2f475622b2d8a656ecf550682a14ba68cf5,"[{""attempt"": 0, ""tolerance"": 2e-07, ""free_valid"": true, ""free_nll"": 17.27253434123493, ""free_score"": 3.7192471324942744e-15, ""sigma"": 1649.2706769489566}]",1,17.27253434123493,3.7192471324942744e-15,12538.251789753174,12526.592975054651,newton
calibration,nominal,1,44,70,1,5692.1085124485417,5692.1085124485417,7443.6947839670893,5693.8279721034951,0.30762894139062857,,,,5670,5670,5505,165,0,c170555c1bed52e5f2d9c22a82291f87f989be41666dd038c98121c423f27ea9,9697f9dd1e9795190302ab0c9357f6ea47a9d1c648bf3282c6654fc1b31cfac6,de2589bc211315f64064284d7aadd4e303e8293eeefe7e42b4aa0cc01bc9afb9,8f5f83da7c55e8c34a1ed4f5edebb52a900851fee291f6b040745a36665752bd,d04812a498535f8eaef9c9bf0960886190bb4ed5326d7ad247f949302122e814,0.97338276797150047,0.02661723202835916,82.394869719997601,0.3927842696321498,True,False,,,False,,observed_profile_hessian,34,1.91693081344,34,9.9999999999999995e-07,0,909a7409e41cc79cdd0254954f40c0dabcf2d5bc03f67ce91f1231a87b492239,94642ea94bde5d45ddbd9505a9fb4b4dbdd28f43ee9c0f710046d839b6b41fb5,"[{""attempt"": 0, ""tolerance"": 2e-07, ""free_valid"": true, ""free_nll"": 17.84938667521672, ""free_score"": 5.6141934157150075e-08, ""sigma"": 5693.827972103495}]",1,17.849386675216721,5.6141934157150075e-08,125301.17771614522,125262.83956835324,newton
calibration,nominal,0.10000000000000001,44,70,2,3290.7760780340527,1645.3880390170264,3658.6188957550603,1650.6458799482029,0.2228478089634528,,,,3256,3256,3169,87,0,715b16e002bfb55abe8fce6d112689b849330b02034bd033469813e24a6bf093,6fd41c3f8bc95a250c2e825774f1cd34249ec7bd968869328a5b42cfa128174b,7c21427985915ce0ea46ebaaff0ba5008a89beb7c323c6643bdd0c764cdd339d,8f5f83da7c55e8c34a1ed4f5edebb52a900851fee291f6b040745a36665752bd,d04812a498535f8eaef9c9bf0960886190bb4ed5326d7ad247f949302122e814,0.97338276797150047,0.02661723202835916,82.394869719997601,0.3927842696321498,True,False,,,False,,observed_profile_hessian,34,1.91693081344,34,9.9999999999999995e-08,0,f83e9d5f16bf6d4dc8cf6e11640ef757c9708f6bbff311edcdc95328b6c32b33,d8e022b2ece3e4bb3337d1801d856ebb2d7f1e3ba7f8649fcc8e000fa89a9beb,"[{""attempt"": 0, ""tolerance"": 2e-07, ""free_valid"": true, ""free_nll"": 16.850361697013977, ""free_score"": 9.175993298526919e-14, ""sigma"": 1650.645879948203}]",1,16.850361697013977,9.1759932985269188e-14,12549.925675708819,12531.082255067484,newton
calibration,nominal,1,44,70,2,11384.217024897083,5692.1085124485417,12714.983178409379,5695.5217108432726,0.23365131783779355,,,,11404,11404,11110,294,0,c170555c1bed52e5f2d9c22a82291f87f989be41666dd038c98121c423f27ea9,6584af7d8482ec001e8c71a3be8c7ad96b80636373c6f946f0e94d3dc401a0e2,1804c09ff017ff0fadfdb5652fceb2f34905542a3beb373fb382476fcdd2523b,8f5f83da7c55e8c34a1ed4f5edebb52a900851fee291f6b040745a36665752bd,d04812a498535f8eaef9c9bf0960886190bb4ed5326d7ad247f949302122e814,0.97338276797150047,0.02661723202835916,82.394869719997601,0.3927842696321498,True,False,,,False,,observed_profile_hessian,34,1.91693081344,34,9.9999999999999995e-07,0,9e45192b2873e775499237f071ad10672aeb6aece16014dfbf1fee878c069b03,acce4e58355a78580cc956bce647b9dd2f1a2e1a21150f8d75e463da24bdff90,"[{""attempt"": 0, ""tolerance"": 2e-07, ""free_valid"": true, ""free_nll"": 17.464344376956543, ""free_score"": 8.928968675547821e-14, ""sigma"": 5695.521710843273}]",1,17.464344376956543,8.9289686755478215e-14,125339.6902934032,125274.2028011814,newton
calibration,nominal,0.10000000000000001,44,70,3,4936.1641170510793,1645.3880390170264,5153.6433657074394,1652.1405196758528,0.13163483739205742,,,,4854,4854,4716,138,0,715b16e002bfb55abe8fce6d112689b849330b02034bd033469813e24a6bf093,11702ab26ac9460988e450d9084d972815d30bb5c3d9143452f80eeaff6d99c8,b4d2e9ee23a20a4eb6d81d85410ed4be0beb8642b420bf1736c2a99ee11cb954,8f5f83da7c55e8c34a1ed4f5edebb52a900851fee291f6b040745a36665752bd,d04812a498535f8eaef9c9bf0960886190bb4ed5326d7ad247f949302122e814,0.97338276797150047,0.02661723202835916,82.394869719997601,0.3927842696321498,True,False,,,False,,observed_profile_hessian,34,1.91693081344,34,9.9999999999999995e-08,0,e749248e893fd08752acefb50fef44e764302ff58bb46c345b9c7d4554d041f8,209d12e0901e00254db50a4f0c514b4fa5c2b65acec03affb91472dd25fbe394,"[{""attempt"": 0, ""tolerance"": 2e-07, ""free_valid"": true, ""free_nll"": 17.752200257592232, ""free_score"": 7.718825578706401e-14, ""sigma"": 1652.1405196758528}]",1,17.752200257592232,7.7188255787064008e-14,12558.989753609465,12532.446330382705,newton
calibration,nominal,1,44,70,3,17076.325537345627,5692.1085124485417,18230.638846725164,5697.3147999474395,0.20260655236922942,,,,17034,17034,16571,463,0,c170555c1bed52e5f2d9c22a82291f87f989be41666dd038c98121c423f27ea9,e7526d9775ce4b50e576d8773948c02daa66b6a47169a2d475bb6ff9fe867ae7,07297383549ba37510d56352cf0bc250e89419c24e6b832c971bddf9bc8e3ba8,8f5f83da7c55e8c34a1ed4f5edebb52a900851fee291f6b040745a36665752bd,d04812a498535f8eaef9c9bf0960886190bb4ed5326d7ad247f949302122e814,0.97338276797150047,0.02661723202835916,82.394869719997601,0.3927842696321498,True,False,,,False,,observed_profile_hessian,34,1.91693081344,34,9.9999999999999995e-07,0,8e913a3c76a3235790d4298988f1ee760d61d4504ec584b04113e5f5d40edd22,6a15758724ed37d75e0b0940e8f0d4b2d11a523fa3ae76de4908b39a4b8eb7ea,"[{""attempt"": 0, ""tolerance"": 2e-07, ""free_valid"": true, ""free_nll"": 18.005426830521685, ""free_score"": 3.730349362740526e-14, ""sigma"": 5697.3147999474395}]",1,18.005426830521685,3.730349362740526e-14,125369.7000023529,125275.80457182645,newton
calibration,nominal,0.10000000000000001,44,70,4,6581.5521560681054,1645.3880390170264,6854.9469536040842,1653.5315305850258,0.16533993605749425,,,,6542,6542,6352,190,0,715b16e002bfb55abe8fce6d112689b849330b02034bd033469813e24a6bf093,dac175fa44c38d6887a6edd6db1da1dd711cd0c5ea9ebc727b87090a99485f12,2274f2be55e93a3e9ee2a06e9ab46fb402daa27b02d8eec72b16b6651870a1a8,8f5f83da7c55e8c34a1ed4f5edebb52a900851fee291f6b040745a36665752bd,d04812a498535f8eaef9c9bf0960886190bb4ed5326d7ad247f949302122e814,0.97338276797150047,0.02661723202835916,82.394869719997601,0.3927842696321498,True,False,,,False,,observed_profile_hessian,34,1.91693081344,34,9.9999999999999995e-08,0,4223d04f57bb7d6221d9c4fe7b1e5b8187f6da8c53b5f22577026b1a29cf6e59,bc6e7bd2885377fcb69ff228a6a8252d8fc978f47366c068c9caddb2af8c0076,"[{""attempt"": 0, ""tolerance"": 2e-07, ""free_valid"": true, ""free_nll"": 17.26623998935057, ""free_score"": 9.713896353957807e-13, ""sigma"": 1653.5315305850258}]",1,17.26623998935057,9.7138963539578072e-13,12567.007355138181,12531.701505416946,newton
calibration,nominal,1,44,70,4,22768.434049794167,5692.1085124485417,23808.897124946001,5698.987571135408,0.18256980949066065,,,,22717,22717,22093,624,0,c170555c1bed52e5f2d9c22a82291f87f989be41666dd038c98121c423f27ea9,f63323c2ab27af309611d56c77bcbbabe55acc12d105e5dbd4f439d143eedadf,4e6d689853eebbff423673a3a677315bc8397f716741277eb927190a2a338213,8f5f83da7c55e8c34a1ed4f5edebb52a900851fee291f6b040745a36665752bd,d04812a498535f8eaef9c9bf0960886190bb4ed5326d7ad247f949302122e814,0.97338276797150047,0.02661723202835916,82.394869719997601,0.3927842696321498,True,False,,,False,,observed_profile_hessian,34,1.91693081344,34,9.9999999999999995e-07,0,6d51de73cc98198caf5824978fefb261dbd3302332fefeb2add196c3a9ec8578,8d455eaad6cb723b1a44f8c6027d0f286f92b82d5dba6b4803e73498b36e9fa6,"[{""attempt"": 0, ""tolerance"": 2e-07, ""free_valid"": true, ""free_nll"": 17.543783287823544, ""free_score"": 2.05536976327636e-13, ""sigma"": 5698.987571135408}]",1,17.543783287823544,2.0553697632763601e-13,125403.13399971492,125280.50820120604,newton
calibration,nominal,0.10000000000000001,44,70,5,8226.9401950851316,1645.3880390170264,8503.098371951628,1654.94511591176,0.16686848053831224,,,,8234,8234,8038,196,0,715b16e002bfb55abe8fce6d112689b849330b02034bd033469813e24a6bf093,cf917c6758db1115c2901e4be559b2bcfc6a9cdfacb99b534fb5570e05ce396d,3a5d8251b033f603048d3c68e37c95abe40b8d93d0cc33c291286fb80581cd0a,8f5f83da7c55e8c34a1ed4f5edebb52a900851fee291f6b040745a36665752bd,d04812a498535f8eaef9c9bf0960886190bb4ed5326d7ad247f949302122e814,0.97338276797150047,0.02661723202835916,82.394869719997601,0.3927842696321498,True,False,,,False,,observed_profile_hessian,34,1.91693081344,34,9.9999999999999995e-08,0,eb77f5e0625c93e5888a3d630c314edc41a2dd5cd1e8c085256afa188a159034,af7ff07a0aca3dc8035b55d07c1f0ba507097c1a6d1c5fa46f862c3a8142be9f,"[{""attempt"": 0, ""tolerance"": 2e-07, ""free_valid"": true, ""free_nll"": 16.75127874511223, ""free_score"": 6.529110585518083e-12, ""sigma"": 1654.94511591176}]",1,16.751278745112231,6.5291105855180831e-12,12578.900109438562,12535.105589172121,newton
calibration,nominal,1,44,70,5,28460.542562242706,5692.1085124485417,29323.833013381049,5700.523020155043,0.15144056924005939,,,,28438,28438,27780,658,0,c170555c1bed52e5f2d9c22a82291f87f989be41666dd038c98121c423f27ea9,77b0b3e32f1cbe72a36649cad68ea186e3dc132e881674f1393300d3142bfc2d,4b39c626ef4fa8099e47046f49dc7d8f25c430cfa8d4e39c1705260423167fda,8f5f83da7c55e8c34a1ed4f5edebb52a900851fee291f6b040745a36665752bd,d04812a498535f8eaef9c9bf0960886190bb4ed5326d7ad247f949302122e814,0.97338276797150047,0.02661723202835916,82.394869719997601,0.3927842696321498,True,False,,,False,,observed_profile_hessian,34,1.91693081344,34,9.9999999999999995e-07,0,ba99669cf40ba84fa56a515a398798e36cbbabd9114b10d129c1515a6fb3789e,af25e01508af20e7eab641a0ff271aad1f30b428ae2a25fda49eea9822317d64,"[{""attempt"": 0, ""tolerance"": 2e-07, ""free_valid"": true, ""free_nll"": 17.51859557582426, ""free_score"": 2.488009798184976e-13, ""sigma"": 5700.523020155043}]",1,17.518595575824261,2.4880097981849758e-13,125437.23129467283,125286.20126502735,newton
calibration,nominal,0.10000000000000001,44,70,6,9872.3282341021586,1645.3880390170264,9911.5375374241394,1656.571445929661,0.02366894794566296,,,,9953,9953,9682,271,0,715b16e002bfb55abe8fce6d112689b849330b02034bd033469813e24a6bf093,fe3ba8086a3db1bd000bf83993183f12dc6ac6e65af1eac8c9a1e0b895ad9bf5,e9b22f396af7275317c604988a4f1b1ac69d0ded49eda86589ff448df00587f5,8f5f83da7c55e8c34a1ed4f5edebb52a900851fee291f6b040745a36665752bd,d04812a498535f8eaef9c9bf0960886190bb4ed5326d7ad247f949302122e814,0.97338276797150047,0.02661723202835916,82.394869719997601,0.3927842696321498,True,False,,,False,,observed_profile_hessian,34,1.91693081344,34,9.9999999999999995e-08,0,2c060321ef4df574d1476e4a3188360652d9b53769e9db5b165484db6ae9252f,abd27d3797db03dd0b661ff4392031d9ca3e02c934c7c4aaae8a65a9dabb50b4,"[{""attempt"": 0, ""tolerance"": 2e-07, ""free_valid"": true, ""free_nll"": 17.75844057873507, ""free_score"": 2.2441659641714296e-11, ""sigma"": 1656.571445929661}]",1,17.758440578735069,2.2441659641714296e-11,12591.486640279369,12540.438068033496,newton
calibration,nominal,1,44,70,6,34152.651074691254,5692.1085124485417,33928.595095592093,5702.4299573106882,-0.039291316294365788,,,,34006,34006,33090,916,0,c170555c1bed52e5f2d9c22a82291f87f989be41666dd038c98121c423f27ea9,2fc703b61aeff10acc55728e9f2e35861a68153e04393d7d09a2df3c9eae1729,430078fb8bb3fcfabff61a6e56a075d449b99f639ee969e90326f3fea865a010,8f5f83da7c55e8c34a1ed4f5edebb52a900851fee291f6b040745a36665752bd,d04812a498535f8eaef9c9bf0960886190bb4ed5326d7ad247f949302122e814,0.97338276797150047,0.02661723202835916,82.394869719997601,0.3927842696321498,True,False,,,False,,observed_profile_hessian,34,1.91693081344,34,9.9999999999999995e-07,0,7db13569c787ef29129f30d9a53af288e54f03b6d63725d331d56e65af6172f5,eacb16f1a54bb63d5dfc06af5ba902b31751575191c858d1103d82e7a76a9f59,"[{""attempt"": 0, ""tolerance"": 2e-07, ""free_valid"": true, ""free_nll"": 17.74038781583595, ""free_score"": 1.11743947428522e-13, ""sigma"": 5702.429957310688}]",1,17.740387815835948,1.1174394742852201e-13,125478.07390565646,125303.32742143053,newton
calibration,nominal,0.10000000000000001,44,70,7,11517.716273119184,1645.3880390170264,11560.10976300505,1657.862885863369,0.025571167704733749,,,,11354,11354,11051,303,0,715b16e002bfb55abe8fce6d112689b849330b02034bd033469813e24a6bf093,cc420197d1a3d6d842117d5de79b81c1bccef6533d0440b0838971b9a9bfbbc6,e41faf737e89b5583752c522dccf5128e6d2d52ebfc30f691bd5c29b524be554,8f5f83da7c55e8c34a1ed4f5edebb52a900851fee291f6b040745a36665752bd,d04812a498535f8eaef9c9bf0960886190bb4ed5326d7ad247f949302122e814,0.97338276797150047,0.02661723202835916,82.394869719997601,0.3927842696321498,True,False,,,False,,observed_profile_hessian,34,1.91693081344,34,9.9999999999999995e-08,0,eb71d9b5d563832ca3ba3d4660987a54d7e6cc34b328bb52e4dd9e1c209e0bcd,846165b99482d9da3c9f09e77a4c6f8275c1ea8da9a122ef174c4969db38c353,"[{""attempt"": 0, ""tolerance"": 2e-07, ""free_valid"": true, ""free_nll"": 17.624011372621208, ""free_score"": 6.329131663207477e-11, ""sigma"": 1657.862885863369}]",1,17.624011372621208,6.3291316632074768e-11,12597.337467398631,12537.79805727394,newton
calibration,nominal,1,44,70,7,39844.759587139793,5692.1085124485417,40018.710310611474,5704.1891527952366,0.030495258626975719,,,,39803,39803,38740,1063,0,c170555c1bed52e5f2d9c22a82291f87f989be41666dd038c98121c423f27ea9,d30765d917e2da79ce9d478e01fce1650622033df464607be73ef1ebdf9366fb,8cea88f58050b4c28d6421604f3fc8a65287f7be5f8c0195228568281d4a2c11,8f5f83da7c55e8c34a1ed4f5edebb52a900851fee291f6b040745a36665752bd,d04812a498535f8eaef9c9bf0960886190bb4ed5326d7ad247f949302122e814,0.97338276797150047,0.02661723202835916,82.394869719997601,0.3927842696321498,True,False,,,False,,observed_profile_hessian,34,1.91693081344,34,9.9999999999999995e-07,0,bbc53cde00ac3d81e25ccee04c655eba6ca83991278095e2f6236e9da110c2f6,fe2bfbe85b7b7882cf3140e6ddfa0de383728ea57a5b86765a445caf18584c9a,"[{""attempt"": 0, ""tolerance"": 2e-07, ""free_valid"": true, ""free_nll"": 18.216891759228833, ""free_score"": 5.324907181858407e-14, ""sigma"": 5704.189152795237}]",1,18.216891759228833,5.3249071818584071e-14,125509.23627727501,125303.12314732274,newton
calibration,nominal,0.10000000000000001,44,70,8,13163.104312136211,1645.3880390170264,13199.96385237647,1659.4952186978369,0.022211296438191367,,,,13279,13279,12910,369,0,715b16e002bfb55abe8fce6d112689b849330b02034bd033469813e24a6bf093,baceee5698ee882f3d3190756e2e9f7827a1fd2de4f3f3c83752df5d23e2cfa5,489e891db2aa102ca21def9478c6865db4855c304e141251662f501f58e07d52,8f5f83da7c55e8c34a1ed4f5edebb52a900851fee291f6b040745a36665752bd,d04812a498535f8eaef9c9bf0960886190bb4ed5326d7ad247f949302122e814,0.97338276797150047,0.02661723202835916,82.394869719997601,0.3927842696321498,True,False,,,False,,observed_profile_hessian,34,1.91693081344,34,9.9999999999999995e-08,0,3c12186ab8d52e6150cb1fcef9e207e80cc39acc014b80fecdbf95e4e440cb6a,407a97a5cc8d71ad48a5316949df0bf0c6756a91531de3081fc02b71feae1d73,"[{""attempt"": 0, ""tolerance"": 2e-07, ""free_valid"": true, ""free_nll"": 17.66643321850694, ""free_score"": 1.9881324364590114e-10, ""sigma"": 1659.495218697837}]",1,17.666433218506938,1.9881324364590114e-10,12609.898127148826,12541.912781200568,newton
calibration,nominal,1,44,70,8,45536.868099588333,5692.1085124485417,45566.739364424546,5705.9549827988076,0.0052351034885943764,,,,45707,45707,44493,1214,0,c170555c1bed52e5f2d9c22a82291f87f989be41666dd038c98121c423f27ea9,8036bb26833fb7f12ccdf23d76af2a2bb3fd26e0e9a4d553d141a98872b06715,b80ac6ad25d837812fcf3079d229999c4c2e9da951d28fda8fd5c7c026a8ed94,8f5f83da7c55e8c34a1ed4f5edebb52a900851fee291f6b040745a36665752bd,d04812a498535f8eaef9c9bf0960886190bb4ed5326d7ad247f949302122e814,0.97338276797150047,0.02661723202835916,82.394869719997601,0.3927842696321498,True,False,,,False,,observed_profile_hessian,34,1.91693081344,34,9.9999999999999995e-07,0,c1f3fd7440ed34b5c4da4a9fb51acd3ea3547125115a55d525c7a4553a2f68f0,4afe4f732698dcf8ae7b45baa69e5faa135d1bdb0365aaaedadd2819136c2dc6,"[{""attempt"": 0, ""tolerance"": 2e-07, ""free_valid"": true, ""free_nll"": 18.496545641681596, ""free_score"": 8.593126210598712e-14, ""sigma"": 5705.954982798808}]",1,18.496545641681596,8.5931262105987116e-14,125540.87471428551,125306.18690952558,newton
calibration,nominal,0.10000000000000001,44,71,0,0,1645.3880390170264,-1240.7058361383615,1648.934899383494,-0.75242863535864168,,,,0,0,0,0,0,d55fc4bade3c251619474f5c70a7fde8a172e1683d7a711f1bc627904f5e949c,d55fc4bade3c251619474f5c70a7fde8a172e1683d7a711f1bc627904f5e949c,f440d6087e5a50c4aef861dbe0f0dd7752e43e8d6fb7b0a6393f704d359bba12,8f5f83da7c55e8c34a1ed4f5edebb52a900851fee291f6b040745a36665752bd,d04812a498535f8eaef9c9bf0960886190bb4ed5326d7ad247f949302122e814,0.97338276797150047,0.02661723202835916,82.394869719997601,0.3927842696321498,True,False,,,False,,observed_profile_hessian,34,1.91693081344,34,9.9999999999999995e-08,0,583f672645b0035da945173d983e4bd2d286786d37adbd3a3e8d9ea2271da3dc,63a295003d0f62dd3b564499cfccad655253f84fb6e771bdb9e47bb2746228cd,"[{""attempt"": 0, ""tolerance"": 2e-07, ""free_valid"": true, ""free_nll"": 17.48342133076244, ""free_score"": 5.0737192225369654e-14, ""sigma"": 1648.934899383494}]",1,17.48342133076244,5.0737192225369654e-14,12580.30295074897,12586.693105785243,newton
calibration,nominal,1,44,71,0,0,5692.1085124485417,11387.817320334372,5694.7827686575301,1.9996930142813683,,,,0,0,0,0,0,abd6b663c2c65d9da6f326411d8483c48c36fbebe427f9694039e539efe6af2b,abd6b663c2c65d9da6f326411d8483c48c36fbebe427f9694039e539efe6af2b,f440d6087e5a50c4aef861dbe0f0dd7752e43e8d6fb7b0a6393f704d359bba12,8f5f83da7c55e8c34a1ed4f5edebb52a900851fee291f6b040745a36665752bd,d04812a498535f8eaef9c9bf0960886190bb4ed5326d7ad247f949302122e814,0.97338276797150047,0.02661723202835916,82.394869719997601,0.3927842696321498,True,False,,,False,,observed_profile_hessian,34,1.91693081344,34,9.9999999999999995e-07,0,12a4b0e19b174439c54984f4671819772aa15f7ef4251494dbf333aa8e29b057,65b4afcf10b18fdfa1bd00e597ad6d1047dc57281aafc80d47eec8e2c7872681,"[{""attempt"": 0, ""tolerance"": 2e-07, ""free_valid"": true, ""free_nll"": 17.410807054707288, ""free_score"": 3.066743092805524e-08, ""sigma"": 5694.78276865753}]",1,17.410807054707288,3.0667430928055239e-08,125263.14235757725,125204.49032574013,newton
calibration,nominal,0.10000000000000001,44,71,1,1645.3880390170264,1645.3880390170264,358.59366210414606,1650.4195362904932,-0.77967713579366493,,,,1658,1658,1606,52,0,d55fc4bade3c251619474f5c70a7fde8a172e1683d7a711f1bc627904f5e949c,97f37147e2e381404f1bec356bc1bbd98a5f2fa26b0d70fe4601366c14b20a86,8e43873f4281fcf4fd2182007a0472958f17daade6f48ae5fb7bba37fc897b18,8f5f83da7c55e8c34a1ed4f5edebb52a900851fee291f6b040745a36665752bd,d04812a498535f8eaef9c9bf0960886190bb4ed5326d7ad247f949302122e814,0.97338276797150047,0.02661723202835916,82.394869719997601,0.3927842696321498,True,False,,,False,,observed_profile_hessian,34,1.91693081344,34,9.9999999999999995e-08,0,5ced394645f1d6490a552a611403694e48e52d3a865032cf522b48a982168249,5de45f92d31283a0d0131878a3259a0826bbbf1de268b5dcf3e745d20f9e5fa8,"[{""attempt"": 0, ""tolerance"": 2e-07, ""free_valid"": true, ""free_nll"": 17.920321949808653, ""free_score"": 8.658836825325977e-08, ""sigma"": 1650.4195362904932}]",1,17.920321949808653,8.6588368253259773e-08,12589.578370443185,12587.731462796646,newton
calibration,nominal,1,44,71,1,5692.1085124485417,5692.1085124485417,16700.550049844245,5696.5184811744184,1.9324858812932626,,,,5619,5619,5447,172,0,abd6b663c2c65d9da6f326411d8483c48c36fbebe427f9694039e539efe6af2b,17ab7ef3f86b5f60ba9abf02a62c39ecacc6baeeaa01c0d2b7502657f9071521,ed5c3994481489d50378373abd4bb6432e91a817d9eff783f6639568c8b73ed0,8f5f83da7c55e8c34a1ed4f5edebb52a900851fee291f6b040745a36665752bd,d04812a498535f8eaef9c9bf0960886190bb4ed5326d7ad247f949302122e814,0.97338276797150047,0.02661723202835916,82.394869719997601,0.3927842696321498,True,False,,,False,,observed_profile_hessian,34,1.91693081344,34,9.9999999999999995e-07,0,4802cff98a7d1f2abfb49f00f33523867578926d9242e99a2e0a8330ff35d6c8,a8787ec7e4aab0e3a01233d94a63d26bcc073cc6ac9003e23ac0570f726da17f,"[{""attempt"": 0, ""tolerance"": 2e-07, ""free_valid"": true, ""free_nll"": 17.564019454584603, ""free_score"": 4.9404924595819466e-14, ""sigma"": 5696.518481174418}]",1,17.564019454584603,4.9404924595819466e-14,125298.50586664713,125212.49103468527,newton
calibration,nominal,0.10000000000000001,44,71,2,3290.7760780340527,1645.3880390170264,1946.6003293995248,1651.8440244582523,-0.81374253787392015,,,,3284,3284,3197,87,0,d55fc4bade3c251619474f5c70a7fde8a172e1683d7a711f1bc627904f5e949c,4ea229002429fd58b8c1ab9ef1bd6ace96a9132385c7a368ad4d3b1cbe9aed11,7daf7d8929403b4bc3c28759d905f5c4f77f4f852f9f42652e9c1cb19a81c12f,8f5f83da7c55e8c34a1ed4f5edebb52a900851fee291f6b040745a36665752bd,d04812a498535f8eaef9c9bf0960886190bb4ed5326d7ad247f949302122e814,0.97338276797150047,0.02661723202835916,82.394869719997601,0.3927842696321498,True,False,,,False,,observed_profile_hessian,34,1.91693081344,34,9.9999999999999995e-08,0,07912dc52d96b716b3096bf7828b263bf4bfcfadd5e8a5c01ba36f084e704309,d99023f989c304c4f2150243f21d0466227d44ca41f3efa8d7458cc6f122c4aa,"[{""attempt"": 0, ""tolerance"": 2e-07, ""free_valid"": true, ""free_nll"": 17.927006500524428, ""free_score"": 8.155143893517902e-09, ""sigma"": 1651.8440244582523}]",1,17.927006500524428,8.1551438935179021e-09,12599.598104341248,12589.572296824101,newton
calibration,nominal,1,44,71,2,11384.217024897083,5692.1085124485417,22332.268658354853,5698.2234358270944,1.921309642690181,,,,11313,11313,11014,299,0,abd6b663c2c65d9da6f326411d8483c48c36fbebe427f9694039e539efe6af2b,6ad089cde7fda0b4d23969b49c7636c129f0b937b6c6433f4c5e9ee8a0a0fd39,8e94533680960d35006d77832292aa29feb57e71bad2c67a2eef9089c9451cbd,8f5f83da7c55e8c34a1ed4f5edebb52a900851fee291f6b040745a36665752bd,d04812a498535f8eaef9c9bf0960886190bb4ed5326d7ad247f949302122e814,0.97338276797150047,0.02661723202835916,82.394869719997601,0.3927842696321498,True,False,,,False,,observed_profile_hessian,34,1.91693081344,34,9.9999999999999995e-07,0,c0ccf85cb71db7b46bf035502582d2378997b5e3fe891dd417954bc7bbc69178,19f0286fb59442b3c6afd78f7eb733e5868c2ffb8932bf9088fec6fc7fb2217d,"[{""attempt"": 0, ""tolerance"": 2e-07, ""free_valid"": true, ""free_nll"": 17.618832024754884, ""free_score"": 8.448797217397441e-14, ""sigma"": 5698.223435827094}]",1,17.618832024754884,8.4487972173974413e-14,125329.39861206982,125214.37806901929,newton
calibration,nominal,0.10000000000000001,44,71,3,4936.1641170510793,1645.3880390170264,3380.8711510778726,1653.2062451083502,-0.94077370598807153,,,,4855,4855,4735,120,0,d55fc4bade3c251619474f5c70a7fde8a172e1683d7a711f1bc627904f5e949c,cbda8c0991798ff3b53a05bf350d04d4e8c06110fd6ac40da47a5e95a87ef5c3,98d3dc9b660715a35cfce60a89d90a470d45ea8dcda20603d2dffa2357fad2ff,8f5f83da7c55e8c34a1ed4f5edebb52a900851fee291f6b040745a36665752bd,d04812a498535f8eaef9c9bf0960886190bb4ed5326d7ad247f949302122e814,0.97338276797150047,0.02661723202835916,82.394869719997601,0.3927842696321498,True,False,,,False,,observed_profile_hessian,34,1.91693081344,34,9.9999999999999995e-08,0,35d56fddce79175c30f85f17a82da98ff27db70120e7a15f98240c2fbc698b08,10877457a8fff31d21cffd2acb4dbde29c57e7485c55f5e23bf49e28339c73d3,"[{""attempt"": 0, ""tolerance"": 2e-07, ""free_valid"": true, ""free_nll"": 17.61326589595478, ""free_score"": 3.5860203695392556e-14, ""sigma"": 1653.2062451083502}]",1,17.613265895954779,3.5860203695392556e-14,12610.550272510089,12593.137369157997,newton
calibration,nominal,1,44,71,3,17076.325537345627,5692.1085124485417,27715.313735057425,5699.9128828410203,1.8665176848122254,,,,17053,17053,16618,435,0,abd6b663c2c65d9da6f326411d8483c48c36fbebe427f9694039e539efe6af2b,cf016674b9fd4f52fa0d6b8f854058ab42c729a1e8c2742ac4df0995414f65ac,74137544b912c6c5e9436293c639586cb26590eca2808ae73040a2b479c370d8,8f5f83da7c55e8c34a1ed4f5edebb52a900851fee291f6b040745a36665752bd,d04812a498535f8eaef9c9bf0960886190bb4ed5326d7ad247f949302122e814,0.97338276797150047,0.02661723202835916,82.394869719997601,0.3927842696321498,True,False,,,False,,observed_profile_hessian,34,1.91693081344,34,9.9999999999999995e-07,0,787908153484cb94a796fdad1919d5d74117ece2e5c2189095f1eb59111ef2ab,417ae50d8db06ba212534f9c77cb7cf306f754e8d14fe2026ee6ecacf1e248dd,"[{""attempt"": 0, ""tolerance"": 2e-07, ""free_valid"": true, ""free_nll"": 17.843148283745826, ""free_score"": 9.625633623500107e-14, ""sigma"": 5699.91288284102}]",1,17.843148283745826,9.6256336235001072e-14,125366.69053873341,125223.94505750216,newton
calibration,nominal,0.10000000000000001,44,71,4,6581.5521560681054,1645.3880390170264,4819.6809474068205,1654.6162746146583,-1.0648216361050873,,,,6355,6355,6184,171,0,d55fc4bade3c251619474f5c70a7fde8a172e1683d7a711f1bc627904f5e949c,bae6289464d8e51b770b553f67c0de2bea7eb3abfa5a3eb13a583a2b0519a66e,e6ee589b8f574a5dd265ab67fad9de1a59cadd5b835aff653ab5872a445d93a9,8f5f83da7c55e8c34a1ed4f5edebb52a900851fee291f6b040745a36665752bd,d04812a498535f8eaef9c9bf0960886190bb4ed5326d7ad247f949302122e814,0.97338276797150047,0.02661723202835916,82.394869719997601,0.3927842696321498,True,False,,,False,,observed_profile_hessian,34,1.91693081344,34,9.9999999999999995e-08,0,4c677bf8581d2d582ada793427db40d8951ece3a74b665ebfcb1ca8f81f1e8f3,9d6102f2fd3e62e6ff4c37189fae592afa1c2456ea91b179abb485e43c0614ff,"[{""attempt"": 0, ""tolerance"": 2e-07, ""free_valid"": true, ""free_nll"": 17.30407226068569, ""free_score"": 4.618527782440651e-14, ""sigma"": 1654.6162746146583}]",1,17.30407226068569,4.6185277824406512e-14,12619.852333542105,12595.028956733335,newton
calibration,nominal,1,44,71,4,22768.434049794167,5692.1085124485417,32843.3076191984,5701.6945051402254,1.7669963833245492,,,,22630,22630,22017,613,0,abd6b663c2c65d9da6f326411d8483c48c36fbebe427f9694039e539efe6af2b,f0360dd3b4f9c8eac1e1f20d6e2b0d3cf6b3b3c2f991d7c8db3402661d96e668,dc3cc8fce690cb8cdd5e5248f8ff61d0d170fb64d043137615b68c1c47c9b83a,8f5f83da7c55e8c34a1ed4f5edebb52a900851fee291f6b040745a36665752bd,d04812a498535f8eaef9c9bf0960886190bb4ed5326d7ad247f949302122e814,0.97338276797150047,0.02661723202835916,82.394869719997601,0.3927842696321498,True,False,,,False,,observed_profile_hessian,34,1.91693081344,34,9.9999999999999995e-07,0,79b1346d52ef94b63bf107eb1b7336eedfc899cc3e3590027feb3929b0969a55,4e1bad052ee7de91688639aaf1ae53fce92a8d36546b3c8926c76cb995487984,"[{""attempt"": 0, ""tolerance"": 2e-07, ""free_valid"": true, ""free_nll"": 17.175365286893676, ""free_score"": 2.37698749572246e-13, ""sigma"": 5701.694505140225}]",1,17.175365286893676,2.3769874957224602e-13,125403.39845201842,125234.24165314018,newton
calibration,nominal,0.10000000000000001,44,71,5,8226.9401950851316,1645.3880390170264,6647.0728538206031,1656.2179014934954,-0.95390065512507871,,,,8277,8277,8065,212,0,d55fc4bade3c251619474f5c70a7fde8a172e1683d7a711f1bc627904f5e949c,c0fe7eff2cc05efc642d76c39cbb603eca4d1ad402ef1fd967b2d575a1936b57,e6f965b53c02aebc3e240e78431386685baa043da62498b5bfe3a26c83d923a7,8f5f83da7c55e8c34a1ed4f5edebb52a900851fee291f6b040745a36665752bd,d04812a498535f8eaef9c9bf0960886190bb4ed5326d7ad247f949302122e814,0.97338276797150047,0.02661723202835916,82.394869719997601,0.3927842696321498,True,False,,,False,,observed_profile_hessian,34,1.91693081344,34,9.9999999999999995e-08,0,1effa4aee2c25771da75aef0b28e67b0d1b7900945ffc597c28e910de8ddd923,36706cdbe3ea4fb82ee7325574d776ac59cc11c0abca95bc078ea3e457320a72,"[{""attempt"": 0, ""tolerance"": 2e-07, ""free_valid"": true, ""free_nll"": 17.355059908140017, ""free_score"": 1.9528823003156504e-13, ""sigma"": 1656.2179014934954}]",1,17.355059908140017,1.9528823003156504e-13,12629.251335221248,12595.016124233991,newton
calibration,nominal,1,44,71,5,28460.542562242706,5692.1085124485417,38681.954303917897,5703.4927405162343,1.7921319806484106,,,,28633,28633,27878,755,0,abd6b663c2c65d9da6f326411d8483c48c36fbebe427f9694039e539efe6af2b,98fcc3b15e795edcad88af5ade7908b00c36e19d57aab576887b664c02e42a3e,687e2419bad7522ade534f7f01938b4e522ae36a4065796dd922c12764f2fad0,8f5f83da7c55e8c34a1ed4f5edebb52a900851fee291f6b040745a36665752bd,d04812a498535f8eaef9c9bf0960886190bb4ed5326d7ad247f949302122e814,0.97338276797150047,0.02661723202835916,82.394869719997601,0.3927842696321498,True,False,,,False,,observed_profile_hessian,34,1.91693081344,34,9.9999999999999995e-07,0,37ea66a8ff353cfcdc82230cf6f29633a7d33c0624642599a686d868644ee747,03186145a9bb097ee6f24d300adb5518288360c87760ed8cb068d67980e2dce3,"[{""attempt"": 0, ""tolerance"": 2e-07, ""free_valid"": true, ""free_nll"": 16.957140240727895, ""free_score"": 6.405986852087153e-14, ""sigma"": 5703.492740516234}]",1,16.957140240727895,6.4059868520871532e-14,125433.20637556836,125233.97809928539,newton
calibration,nominal,0.10000000000000001,44,71,6,9872.3282341021586,1645.3880390170264,8206.6286688905184,1657.6190551434859,-1.004874769050875,,,,9885,9885,9627,258,0,d55fc4bade3c251619474f5c70a7fde8a172e1683d7a711f1bc627904f5e949c,f76a98e6e7dc5584bfff510a8c0513ad6a1a79407d6baa353fe1e22fb7752dff,837ddb00a6ec9dddc11db4eac71d3bc43e8b10cebf7a57512fe4fa35e1f9a70a,8f5f83da7c55e8c34a1ed4f5edebb52a900851fee291f6b040745a36665752bd,d04812a498535f8eaef9c9bf0960886190bb4ed5326d7ad247f949302122e814,0.97338276797150047,0.02661723202835916,82.394869719997601,0.3927842696321498,True,False,,,False,,observed_profile_hessian,34,1.91693081344,34,9.9999999999999995e-08,0,c0ae289a038230c101d4389643decdf62bd597b50429abe7ed33cd4c29b859af,715ccfe464ad72c9d2b5c6e69d1e47fefdf6d499cc6ef9a2fc6ee9ef57e0eae6,"[{""attempt"": 0, ""tolerance"": 2e-07, ""free_valid"": true, ""free_nll"": 17.598535088864743, ""free_score"": 1.1288747714388592e-12, ""sigma"": 1657.6190551434859}]",1,17.598535088864743,1.1288747714388592e-12,12639.911366961653,12597.64378991651,newton
calibration,nominal,1,44,71,6,34152.651074691254,5692.1085124485417,43708.780760891736,5705.0866416376211,1.6750192041706549,,,,34126,34126,33226,900,0,abd6b663c2c65d9da6f326411d8483c48c36fbebe427f9694039e539efe6af2b,ad090621a09395b40c29015581946be3574d206d3d5f50967935ed0aa1054c6c,21c7d756004309290054b394f99fd1e119f6201555d393d1947b4efd9bb9fbe5,8f5f83da7c55e8c34a1ed4f5edebb52a900851fee291f6b040745a36665752bd,d04812a498535f8eaef9c9bf0960886190bb4ed5326d7ad247f949302122e814,0.97338276797150047,0.02661723202835916,82.394869719997601,0.3927842696321498,True,False,,,False,,observed_profile_hessian,34,1.91693081344,34,9.9999999999999995e-07,0,6e83e4fd83972513246cffc304c0ac55e9549b9a1fdba13eb7876b497097874f,9b302f28a6e538a1894f032d4ac86302e94f1600bfd4572600d393656e3c44a9,"[{""attempt"": 0, ""tolerance"": 2e-07, ""free_valid"": true, ""free_nll"": 17.480171726024263, ""free_score"": 5.717648576819556e-14, ""sigma"": 5705.086641637621}]",1,17.480171726024263,5.7176485768195562e-14,125472.51683071055,125247.39829142978,newton
calibration,nominal,0.10000000000000001,44,71,7,11517.716273119184,1645.3880390170264,10119.925124981135,1659.0559247827621,-0.84252201945577965,,,,11626,11626,11337,289,0,d55fc4bade3c251619474f5c70a7fde8a172e1683d7a711f1bc627904f5e949c,66b86db15f3df4a80baeb7cee10ec32928e39321fb731606b6ab140ff44a31fd,096218d295f981645ec6e59445f5ee2e6a2c4176eb1a332c47d5b6ea86f0b064,8f5f83da7c55e8c34a1ed4f5edebb52a900851fee291f6b040745a36665752bd,d04812a498535f8eaef9c9bf0960886190bb4ed5326d7ad247f949302122e814,0.97338276797150047,0.02661723202835916,82.394869719997601,0.3927842696321498,True,False,,,False,,observed_profile_hessian,34,1.91693081344,34,9.9999999999999995e-08,0,77dff52253979babadd61f1ad2e968469e290a6bf828f76a86cac47f12df0508,3083c6f867af77b67ac11aa6abc7ea79de8a396fee6f6fd8d3f6e3a1af4dff6a,"[{""attempt"": 0, ""tolerance"": 2e-07, ""free_valid"": true, ""free_nll"": 18.14357826629544, ""free_score"": 7.2304384701737945e-12, ""sigma"": 1659.055924782762}]",1,18.143578266295439,7.2304384701737945e-12,12647.298173386054,12595.176317728969,newton
calibration,nominal,1,44,71,7,39844.759587139793,5692.1085124485417,50311.088354798281,5706.8423042180457,1.8339964922322467,,,,40185,40185,39159,1026,0,abd6b663c2c65d9da6f326411d8483c48c36fbebe427f9694039e539efe6af2b,468f99704769a22354556a49507c2fa7723cd59ec0b003b8f5219fc3fdea1219,c8572bff2209399106cf5a8810d643ec0f265856dd111da42629611660ae02f3,8f5f83da7c55e8c34a1ed4f5edebb52a900851fee291f6b040745a36665752bd,d04812a498535f8eaef9c9bf0960886190bb4ed5326d7ad247f949302122e814,0.97338276797150047,0.02661723202835916,82.394869719997601,0.3927842696321498,True,False,,,False,,observed_profile_hessian,34,1.91693081344,34,9.9999999999999995e-07,0,441171d922189586ccd0b97f0b2185a7ae7301cad9d0c6fd823df41d9d696278,570951065c246e7c9bcba7c08810e88587b170b53f589dfaea725dc7f96fbfd0,"[{""attempt"": 0, ""tolerance"": 2e-07, ""free_valid"": true, ""free_nll"": 18.011754458623074, ""free_score"": 3.4061642395499803e-13, ""sigma"": 5706.842304218046}]",1,18.011754458623074,3.4061642395499803e-13,125501.42154257112,125242.29835215278,newton
calibration,nominal,0.10000000000000001,44,71,8,13163.104312136211,1645.3880390170264,11356.067293846001,1660.4307385534696,-1.0882941253330809,,,,13200,13200,12856,344,0,d55fc4bade3c251619474f5c70a7fde8a172e1683d7a711f1bc627904f5e949c,c3b04170ffdca601a2afa399a592a7b07de87537842b9183f23dcfbbefc65d17,a78a00a6c666ac85329a8b391b4382173f4930fca0730a47e074ed0c1b89082e,8f5f83da7c55e8c34a1ed4f5edebb52a900851fee291f6b040745a36665752bd,d04812a498535f8eaef9c9bf0960886190bb4ed5326d7ad247f949302122e814,0.97338276797150047,0.02661723202835916,82.394869719997601,0.3927842696321498,True,False,,,False,,observed_profile_hessian,34,1.91693081344,34,9.9999999999999995e-08,0,93a83e0d9d632b5bad6083a40cbb17a689602012fbd6212aab0d25d2f51ac9af,637035ab0d165bfc46353c4cc9e8bf0ceac475685040e71ec2ace3d2b98ca2c1,"[{""attempt"": 0, ""tolerance"": 2e-07, ""free_valid"": true, ""free_nll"": 17.818513129743163, ""free_score"": 2.2955415346359587e-11, ""sigma"": 1660.4307385534696}]",1,17.818513129743163,2.2955415346359587e-11,12659.78500671083,12601.296500816565,newton
calibration,nominal,1,44,71,8,45536.868099588333,5692.1085124485417,54987.261439638583,5708.647203042914,1.6554523346639551,,,,45625,45625,44359,1266,0,abd6b663c2c65d9da6f326411d8483c48c36fbebe427f9694039e539efe6af2b,e4a519fc15cbe0b4e0575198a0a1e4ac4da438516f84da98d6743ec4acfb9616,dc78f63bedc957237819f2d83655adbd757bf73a731d5011b5c6c4d7266fc6c9,8f5f83da7c55e8c34a1ed4f5edebb52a900851fee291f6b040745a36665752bd,d04812a498535f8eaef9c9bf0960886190bb4ed5326d7ad247f949302122e814,0.97338276797150047,0.02661723202835916,82.394869719997601,0.3927842696321498,True,False,,,False,,observed_profile_hessian,34,1.91693081344,34,9.9999999999999995e-07,0,0f4d46b16f4b307b136a4ce097dc979be701ddb77b6425c999abc6d441992c8f,7b2e2cdaab531fbeda8d90031129269a432cadf5e8bcfcd008ab8fd187dc9e3c,"[{""attempt"": 0, ""tolerance"": 2e-07, ""free_valid"": true, ""free_nll"": 18.381315610375776, ""free_score"": 2.87214696470528e-13, ""sigma"": 5708.647203042914}]",1,18.381315610375776,2.87214696470528e-13,125540.73790808662,125257.53046649593,newton
calibration,nominal,0.10000000000000001,44,72,0,0,1645.3880390170264,1113.4482710104667,1643.1724622005815,0.67762106329320193,,,,0,0,0,0,0,09f90ed3d024a3b3992357a9dbef80cae6bd4bc84fbc924a2635cc3f1fc2293a,09f90ed3d024a3b3992357a9dbef80cae6bd4bc84fbc924a2635cc3f1fc2293a,f440d6087e5a50c4aef861dbe0f0dd7752e43e8d6fb7b0a6393f704d359bba12,8f5f83da7c55e8c34a1ed4f5edebb52a900851fee291f6b040745a36665752bd,d04812a498535f8eaef9c9bf0960886190bb4ed5326d7ad247f949302122e814,0.97338276797150047,0.02661723202835916,82.394869719997601,0.3927842696321498,True,False,,,False,,observed_profile_hessian,34,1.91693081344,34,9.9999999999999995e-08,0,39adf84ef90cf2d09cc90de23d45f2be0e758ca58fe041b8e0f49d189e943991,c6397ddb3aecbf6f523ddaed1737187994d1b297db1aabf7d4453cfc77ff8d5e,"[{""attempt"": 0, ""tolerance"": 2e-07, ""free_valid"": true, ""free_nll"": 15.449285886079553, ""free_score"": 5.088012211551529e-08, ""sigma"": 1643.1724622005815}]",1,15.449285886079553,5.0880122115515292e-08,12509.914027006453,12504.179301764269,newton
calibration,nominal,1,44,72,0,0,5692.1085124485417,12175.856700821756,5681.8272463672938,2.1429473605707483,,,,0,0,0,0,0,158e11b1f6a9ead86ee84747f4721bd84444c1a33de875936b04bdc9145e3ccf,158e11b1f6a9ead86ee84747f4721bd84444c1a33de875936b04bdc9145e3ccf,f440d6087e5a50c4aef861dbe0f0dd7752e43e8d6fb7b0a6393f704d359bba12,8f5f83da7c55e8c34a1ed4f5edebb52a900851fee291f6b040745a36665752bd,d04812a498535f8eaef9c9bf0960886190bb4ed5326d7ad247f949302122e814,0.97338276797150047,0.02661723202835916,82.394869719997601,0.3927842696321498,True,False,,,False,,observed_profile_hessian,34,1.91693081344,34,9.9999999999999995e-07,0,f9ea46c3e0caa8bb3fc106eb26f8ff496b1126c27f0635441044ac9eb43a6b2b,8a453c2ca39bcf3a6e2ebc4780dbd34186df5d192a92c2d55096fe20b577c692,"[{""attempt"": 0, ""tolerance"": 2e-07, ""free_valid"": true, ""free_nll"": 14.080973988247736, ""free_score"": 1.8673951274195133e-13, ""sigma"": 5681.827246367294}]",1,14.080973988247736,1.8673951274195133e-13,125161.113103272,125098.40233835783,newton
calibration,nominal,0.10000000000000001,44,72,1,1645.3880390170264,1645.3880390170264,2692.6273712268662,1644.699921096116,0.63673580741215308,,,,1681,1681,1626,55,0,09f90ed3d024a3b3992357a9dbef80cae6bd4bc84fbc924a2635cc3f1fc2293a,17f676a0f7bd54c7837c3e69989b62f0376a7718e6b8a26f104825cc0b1aaf71,e00c7140a681ef00009c44b40ba2fcef3b84c0975ae7a35fe3d32401944a2f84,8f5f83da7c55e8c34a1ed4f5edebb52a900851fee291f6b040745a36665752bd,d04812a498535f8eaef9c9bf0960886190bb4ed5326d7ad247f949302122e814,0.97338276797150047,0.02661723202835916,82.394869719997601,0.3927842696321498,True,False,,,False,,observed_profile_hessian,34,1.91693081344,34,9.9999999999999995e-08,0,51f871aa3d02ef771c059ac28244ec7ca9e6b4b878ff8db10a7ce840e994e78f,ce08a49680d8b9a45873ba5a2fbb41a086839e1833dd2c1de62a0189e5dbf5c0,"[{""attempt"": 0, ""tolerance"": 2e-07, ""free_valid"": true, ""free_nll"": 15.742454609415567, ""free_score"": 5.720944551423912e-14, ""sigma"": 1644.699921096116}]",1,15.742454609415567,5.7209445514239121e-14,12520.223387481978,12506.35522803928,newton
calibration,nominal,1,44,72,1,5692.1085124485417,5692.1085124485417,17627.077923064426,5683.588693218403,2.0999002663328823,,,,5731,5731,5576,155,0,158e11b1f6a9ead86ee84747f4721bd84444c1a33de875936b04bdc9145e3ccf,ae4964ed575ea306f73d4564ff29ec8f6e8f80a8609bb92566e0a6080c1e1042,306e2441760854677d94c54d576d3cb8ac5bf8126d3c882e209f9c948a6f69dd,8f5f83da7c55e8c34a1ed4f5edebb52a900851fee291f6b040745a36665752bd,d04812a498535f8eaef9c9bf0960886190bb4ed5326d7ad247f949302122e814,0.97338276797150047,0.02661723202835916,82.394869719997601,0.3927842696321498,True,False,,,False,,observed_profile_hessian,34,1.91693081344,34,9.9999999999999995e-07,0,c515a319f780f3c49ae67d2ddace261e073a29ac5dcd0bdf3b6729ed4666e41b,1052c27657cb68c0404c47e6bb12f8afa8c998d2a5ea3423a2fea89aafb86a55,"[{""attempt"": 0, ""tolerance"": 2e-07, ""free_valid"": true, ""free_nll"": 14.041700850724862, ""free_score"": 8.126832540256146e-14, ""sigma"": 5683.588693218403}]",1,14.041700850724862,8.1268325402561459e-14,125195.72191642168,125104.93507760463,newton
calibration,nominal,0.10000000000000001,44,72,2,3290.7760780340527,1645.3880390170264,4080.9772252030048,1646.0265572300486,0.48006585537642305,,,,3216,3216,3124,92,0,09f90ed3d024a3b3992357a9dbef80cae6bd4bc84fbc924a2635cc3f1fc2293a,60a3c6d3c5a0892c2cbda0dfa5c006df43145ca323557be2246b39a13e2f24e2,5502be03ff6c7b089696122477ecb4f8fe7f383950c060b8e343568a685ebb81,8f5f83da7c55e8c34a1ed4f5edebb52a900851fee291f6b040745a36665752bd,d04812a498535f8eaef9c9bf0960886190bb4ed5326d7ad247f949302122e814,0.97338276797150047,0.02661723202835916,82.394869719997601,0.3927842696321498,True,False,,,False,,observed_profile_hessian,34,1.91693081344,34,9.9999999999999995e-08,0,5ad22fb5f12f41fa0b736d56418a07d4accf75f5e7bf5155adbd51f8429ccf19,9b2ae6d028d3cd0b0a788262c4b1a32909882b5e75aa538029f16fb8d33bd8a6,"[{""attempt"": 0, ""tolerance"": 2e-07, ""free_valid"": true, ""free_nll"": 15.523910252918483, ""free_score"": 6.385603851244426e-14, ""sigma"": 1646.0265572300486}]",1,15.523910252918483,6.3856038512444258e-14,12530.793904748445,12509.775161699959,newton
calibration,nominal,1,44,72,2,11384.217024897083,5692.1085124485417,22795.169930835593,5685.3460303879738,2.0070815118283689,,,,11461,11461,11135,326,0,158e11b1f6a9ead86ee84747f4721bd84444c1a33de875936b04bdc9145e3ccf,ce17c25e91faf22d14bc946b41c738f3f942058e006ee31d17fe0eac7c02185a,fb1c38a2eb2157be4173e9cb3697517cafa0b0d1d364df020ca67d0216d1abe7,8f5f83da7c55e8c34a1ed4f5edebb52a900851fee291f6b040745a36665752bd,d04812a498535f8eaef9c9bf0960886190bb4ed5326d7ad247f949302122e814,0.97338276797150047,0.02661723202835916,82.394869719997601,0.3927842696321498,True,False,,,False,,observed_profile_hessian,34,1.91693081344,34,9.9999999999999995e-07,0,bd3e04faf90ef0b4e29dbafb8a8b296b88fdf2fcd4af2193a94e4404c4557952,88bdbb6fcd035cd1e91e504ea6088f94c2d1cd21cff3275ce9fd01f3ff2caafe,"[{""attempt"": 0, ""tolerance"": 2e-07, ""free_valid"": true, ""free_nll"": 14.29474357259328, ""free_score"": 5.306866057708248e-14, ""sigma"": 5685.346030387974}]",1,14.29474357259328,5.3068660577082483e-14,125234.12776111088,125116.72308250502,newton
calibration,nominal,0.10000000000000001,44,72,3,4936.1641170510793,1645.3880390170264,5859.5543800589739,1647.5038964705286,0.5604783484798348,,,,4944,4944,4810,134,0,09f90ed3d024a3b3992357a9dbef80cae6bd4bc84fbc924a2635cc3f1fc2293a,f87d3fa2d94a568219693c85817c20d0f92f121a565239fb769ad258969dd7a2,bac2777d7aae6d83183c4f0d8a17f6418eef31b9b72e546ad0ab8f1360709902,8f5f83da7c55e8c34a1ed4f5edebb52a900851fee291f6b040745a36665752bd,d04812a498535f8eaef9c9bf0960886190bb4ed5326d7ad247f949302122e814,0.97338276797150047,0.02661723202835916,82.394869719997601,0.3927842696321498,True,False,,,False,,observed_profile_hessian,34,1.91693081344,34,9.9999999999999995e-08,0,bc5131113ba3efe2c91d95a5c7cbb32d568d2268dad735e889e04d5f5e94a6a7,ddc24fd7b2cf6a9d75b8e5bd9ab2a995da4312fb9598ed1e0f5d0b0d765b4842,"[{""attempt"": 0, ""tolerance"": 2e-07, ""free_valid"": true, ""free_nll"": 15.012972593341738, ""free_score"": 4.859029845150076e-13, ""sigma"": 1647.5038964705286}]",1,15.012972593341738,4.8590298451500757e-13,12538.883574295985,12508.704413497811,newton
calibration,nominal,1,44,72,3,17076.325537345627,5692.1085124485417,28520.324300475884,5687.0459199131856,2.0122923085708009,,,,17170,17170,16706,464,0,158e11b1f6a9ead86ee84747f4721bd84444c1a33de875936b04bdc9145e3ccf,05b3a8d4a2f8cecf0b8c465564ce8d9901560ee4d91f5aae2312c82e973547d1,b9c2a0c05571a93f9aff19f580c45bd06607a32db1c979217facb50c7e140213,8f5f83da7c55e8c34a1ed4f5edebb52a900851fee291f6b040745a36665752bd,d04812a498535f8eaef9c9bf0960886190bb4ed5326d7ad247f949302122e814,0.97338276797150047,0.02661723202835916,82.394869719997601,0.3927842696321498,True,False,,,False,,observed_profile_hessian,34,1.91693081344,34,9.9999999999999995e-07,0,797fc574069a86afba4218b48fd281075881376b79b0162f7588aa05734306fe,8f620cbda4a0fd411008d480361fb6900b1c7ce59c9f17ca4d667309587b0795,"[{""attempt"": 0, ""tolerance"": 2e-07, ""free_valid"": true, ""free_nll"": 14.012597153404876, ""free_score"": 1.5154544286133387e-13, ""sigma"": 5687.045919913186}]",1,14.012597153404876,1.5154544286133387e-13,125265.20470193423,125118.31307891094,newton
calibration,nominal,0.10000000000000001,44,72,4,6581.5521560681054,1645.3880390170264,7168.9689012526078,1648.8146228372259,0.35626609386426655,,,,6514,6514,6355,159,0,09f90ed3d024a3b3992357a9dbef80cae6bd4bc84fbc924a2635cc3f1fc2293a,5346580af4a0993048887f0c42bcaa44f81f351c20ce07561e876a8d6e73e21c,ef9641debb9cac76c5a5bd766c792c8f39b0a5270e217f0f9fb6813d9ad3b0f7,8f5f83da7c55e8c34a1ed4f5edebb52a900851fee291f6b040745a36665752bd,d04812a498535f8eaef9c9bf0960886190bb4ed5326d7ad247f949302122e814,0.97338276797150047,0.02661723202835916,82.394869719997601,0.3927842696321498,True,False,,,False,,observed_profile_hessian,34,1.91693081344,34,9.9999999999999995e-08,0,708ef88855b1f88acd43e49d7f3cd59f6ef246b5511d5d6f059866af367f064d,660480c48f101643ac6d121dc5f47202322e72261b50641e66b749d34284c682,"[{""attempt"": 0, ""tolerance"": 2e-07, ""free_valid"": true, ""free_nll"": 14.55664391526238, ""free_score"": 2.590982983718959e-12, ""sigma"": 1648.814622837226}]",1,14.556643915262381,2.5909829837189591e-12,12551.231780952086,12514.308586593777,newton
calibration,nominal,1,44,72,4,22768.434049794167,5692.1085124485417,33746.295616606149,5688.7025537083427,1.9297654365239663,,,,22734,22734,22145,589,0,158e11b1f6a9ead86ee84747f4721bd84444c1a33de875936b04bdc9145e3ccf,33d43b366748b0b0826417eb8869341287cebb3dccb276d2c7a227a66522da38,02895c00aad2e5eb5d228c3daec8e10666a7d910f9160ad1ae3b3c31054cc168,8f5f83da7c55e8c34a1ed4f5edebb52a900851fee291f6b040745a36665752bd,d04812a498535f8eaef9c9bf0960886190bb4ed5326d7ad247f949302122e814,0.97338276797150047,0.02661723202835916,82.394869719997601,0.3927842696321498,True,False,,,False,,observed_profile_hessian,34,1.91693081344,34,9.9999999999999995e-07,0,55a396bed15aadcc6fa94a6ebc9559112e0e037a23e87c778e7a19b4903e35b9,afc66b3ba84cf63279e919b5395dd7157d8b34b8c394a5cf1abd39e515764c1c,"[{""attempt"": 0, ""tolerance"": 2e-07, ""free_valid"": true, ""free_nll"": 13.84654079531647, ""free_score"": 3.4772185131259903e-13, ""sigma"": 5688.702553708343}]",1,13.84654079531647,3.4772185131259903e-13,125302.39594141717,125128.58837590978,newton
calibration,nominal,0.10000000000000001,44,72,5,8226.9401950851316,1645.3880390170264,9250.5954620638295,1650.5802036456516,0.62017905262509576,,,,8402,8402,8181,221,0,09f90ed3d024a3b3992357a9dbef80cae6bd4bc84fbc924a2635cc3f1fc2293a,473f9867abbd50fa30546bbdfeb73cc62165afc44de3984b30d393a84815c132,1ca090f0c8259b2a2bb83a04e7d8faa66c2dba78b633fd8f2f5a87d5c99beb72,8f5f83da7c55e8c34a1ed4f5edebb52a900851fee291f6b040745a36665752bd,d04812a498535f8eaef9c9bf0960886190bb4ed5326d7ad247f949302122e814,0.97338276797150047,0.02661723202835916,82.394869719997601,0.3927842696321498,True,False,,,False,,observed_profile_hessian,34,1.91693081344,34,9.9999999999999995e-08,0,380da6374fc99ceae6f9f0fbe00b448e6a00beb937db04fa20e9d80b6146d35d,f0ac8aba124bf2b6d21a517f03deee816262742b52d27947f58de1ef83699fd2,"[{""attempt"": 0, ""tolerance"": 2e-07, ""free_valid"": true, ""free_nll"": 15.245668088535355, ""free_score"": 1.4670820114304206e-11, ""sigma"": 1650.5802036456516}]",1,15.245668088535355,1.4670820114304206e-11,12559.304252492326,12511.659808935567,newton
calibration,nominal,1,44,72,5,28460.542562242706,5692.1085124485417,39443.134817252088,5690.4595780341933,1.9300009260066462,,,,28488,28488,27724,764,0,158e11b1f6a9ead86ee84747f4721bd84444c1a33de875936b04bdc9145e3ccf,bbed3a296f7aec230349cac8ba92f7baa32795eb115e2b80a1e893540f47789a,c794e48800d14c09cecf414c9bbfc937a582a1f847e5018d2b29a113cda60dc2,8f5f83da7c55e8c34a1ed4f5edebb52a900851fee291f6b040745a36665752bd,d04812a498535f8eaef9c9bf0960886190bb4ed5326d7ad247f949302122e814,0.97338276797150047,0.02661723202835916,82.394869719997601,0.3927842696321498,True,False,,,False,,observed_profile_hessian,34,1.91693081344,34,9.9999999999999995e-07,0,58539b7e578d2092cf84c7ee81c7513091669012194d8b48ebe6b84cad1c24fe,75dcb02965fd27c2940a0b8147f4dc3d7f1688f94223895713cd76895688681e,"[{""attempt"": 0, ""tolerance"": 2e-07, ""free_valid"": true, ""free_nll"": 13.472877496232286, ""free_score"": 1.0658141036401503e-13, ""sigma"": 5690.459578034193}]",1,13.472877496232286,1.0658141036401503e-13,125334.87073381884,125131.72205888123,newton
calibration,nominal,0.10000000000000001,44,72,6,9872.3282341021586,1645.3880390170264,10678.765871521393,1651.8940112508471,0.48818969735751,,,,9932,9932,9689,243,0,09f90ed3d024a3b3992357a9dbef80cae6bd4bc84fbc924a2635cc3f1fc2293a,db4e03b13d3938ac08bf51eb522e5c95bfab5dcaf3a4c129a2f326b7d24fada5,bfb3bef2027de8729236deb433420a2dd513c8eebb7ef34e7318bf244b34cde2,8f5f83da7c55e8c34a1ed4f5edebb52a900851fee291f6b040745a36665752bd,d04812a498535f8eaef9c9bf0960886190bb4ed5326d7ad247f949302122e814,0.97338276797150047,0.02661723202835916,82.394869719997601,0.3927842696321498,True,False,,,False,,observed_profile_hessian,34,1.91693081344,34,9.9999999999999995e-08,0,8f973aeed27833ea37c1dad658a06d1bb9b0dd938b536dde5e7c0898a0ba1e99,af0f698f0229045bf7278d690f24ecdd0da513ba0610b5482f70872870153b3d,"[{""attempt"": 0, ""tolerance"": 2e-07, ""free_valid"": true, ""free_nll"": 15.07306501725405, ""free_score"": 4.9278831015797664e-11, ""sigma"": 1651.8940112508471}]",1,15.07306501725405,4.9278831015797664e-11,12570.735052128401,12515.734932416321,newton
calibration,nominal,1,44,72,6,34152.651074691254,5692.1085124485417,44757.454231598618,5692.1840113578201,1.8630464397755271,,,,34192,34192,33287,905,0,158e11b1f6a9ead86ee84747f4721bd84444c1a33de875936b04bdc9145e3ccf,39a1f07f4c520bae8bb627cc79f534ec0c79a570b344b872e7a7569be9775dd1,20b7bc511a612248bea8c323f3da744d4651d10f7cb82a935395b728e7a71203,8f5f83da7c55e8c34a1ed4f5edebb52a900851fee291f6b040745a36665752bd,d04812a498535f8eaef9c9bf0960886190bb4ed5326d7ad247f949302122e814,0.97338276797150047,0.02661723202835916,82.394869719997601,0.3927842696321498,True,False,,,False,,observed_profile_hessian,34,1.91693081344,34,9.9999999999999995e-07,0,04951152633f1365ca860120637ea3f0400b231ae95b2f34600cf593d9a1666c,d2f00ecea5be2e26838201259d1ce583f5db833f0e71fa8bb8de4276f52b01b7,"[{""attempt"": 0, ""tolerance"": 2e-07, ""free_valid"": true, ""free_nll"": 13.681000742593438, ""free_score"": 7.183142969324763e-13, ""sigma"": 5692.18401135782}]",1,13.681000742593438,7.1831429693247628e-13,125365.76395152602,125135.24430437178,newton
calibration,nominal,0.10000000000000001,44,72,7,11517.716273119184,1645.3880390170264,12043.274575477095,1653.323936195962,0.31787981220857298,,,,11596,11596,11295,301,0,09f90ed3d024a3b3992357a9dbef80cae6bd4bc84fbc924a2635cc3f1fc2293a,6b405cac4845c50c9462bd435c29ce2fd57cf5e40a26bb30e4fe1c4ca09dc8e3,d4d062d421664964996644ffacd61b2020a1e599e60aedacf2e6d45adc2ad9b8,8f5f83da7c55e8c34a1ed4f5edebb52a900851fee291f6b040745a36665752bd,d04812a498535f8eaef9c9bf0960886190bb4ed5326d7ad247f949302122e814,0.97338276797150047,0.02661723202835916,82.394869719997601,0.3927842696321498,True,False,,,False,,observed_profile_hessian,34,1.91693081344,34,9.9999999999999995e-08,0,1a43f2d151e42696bef089e1fe55617b9eea081bd1ed3c2e9456e48a544b6a02,ca431f4c2c3a37f218c04be89c4b6815226e4380a82038252676d90ac26530b1,"[{""attempt"": 0, ""tolerance"": 2e-07, ""free_valid"": true, ""free_nll"": 16.20089963763868, ""free_score"": 1.2914588842782848e-10, ""sigma"": 1653.323936195962}]",1,16.200899637638681,1.2914588842782848e-10,12582.692012885926,12520.664101482495,newton
calibration,nominal,1,44,72,7,39844.759587139793,5692.1085124485417,49925.092949284364,5693.8854990238542,1.7703786568719582,,,,39639,39639,38586,1053,0,158e11b1f6a9ead86ee84747f4721bd84444c1a33de875936b04bdc9145e3ccf,1c92d71e89aae23412a36402b9ec49217eaf1f03e3aac80fc1784d615d1faf7d,d53837862afdcfcce8e22e43f74ba9c59cb81ec34eacf945f635dc9ca23e5c30,8f5f83da7c55e8c34a1ed4f5edebb52a900851fee291f6b040745a36665752bd,d04812a498535f8eaef9c9bf0960886190bb4ed5326d7ad247f949302122e814,0.97338276797150047,0.02661723202835916,82.394869719997601,0.3927842696321498,True,False,,,False,,observed_profile_hessian,34,1.91693081344,34,9.9999999999999995e-07,0,0709b13196f591c4e7521f97fe7bc00b6a9a099eb488f61cc7376de3f37ec901,5b44d3eb09603e0297702f15e9d3093a3a658603b6d605f2301666025492b834,"[{""attempt"": 0, ""tolerance"": 2e-07, ""free_valid"": true, ""free_nll"": 13.655895703036133, ""free_score"": 1.2340128918708615e-12, ""sigma"": 5693.885499023854}]",1,13.655895703036133,1.2340128918708615e-12,125402.68535137389,125145.55019906475,newton
calibration,nominal,0.10000000000000001,44,72,8,13163.104312136211,1645.3880390170264,13716.060879759754,1654.9293488135404,0.33412699340909724,,,,13306,13306,12915,391,0,09f90ed3d024a3b3992357a9dbef80cae6bd4bc84fbc924a2635cc3f1fc2293a,7b125c4d1db2b46b96becc168afa6fa8d3006f029fad51ee02972de2ae846366,a762071715954ce52c3ea07116ae6a1e8b3ade6cf047fa4473826f4fecbfd307,8f5f83da7c55e8c34a1ed4f5edebb52a900851fee291f6b040745a36665752bd,d04812a498535f8eaef9c9bf0960886190bb4ed5326d7ad247f949302122e814,0.97338276797150047,0.02661723202835916,82.394869719997601,0.3927842696321498,True,False,,,False,,observed_profile_hessian,34,1.91693081344,34,9.9999999999999995e-08,0,e45ed7e67a79f2e56edd6886818b2c6b4fc880a6b7fcaf86723c2352107bbdf1,21bee6b5cce15845b696f14f3c63de803db9e10c97bafa2a3adecbfa75df6b52,"[{""attempt"": 0, ""tolerance"": 2e-07, ""free_valid"": true, ""free_nll"": 16.014702118717086, ""free_score"": 3.200154030658098e-10, ""sigma"": 1654.9293488135404}]",1,16.014702118717086,3.2001540306580978e-10,12592.560664923818,12521.917202988128,newton
calibration,nominal,1,44,72,8,45536.868099588333,5692.1085124485417,55554.443144875841,5695.6625825135552,1.7588076716557615,,,,45700,45700,44427,1273,0,158e11b1f6a9ead86ee84747f4721bd84444c1a33de875936b04bdc9145e3ccf,71428da43dec810dc4f9c3f088387647b96e57a794cd4410fe62fc347f152ae9,a46c05a72f0263108092107a476b01c13c4cf0a5f3c560b245ead1465af10ac0,8f5f83da7c55e8c34a1ed4f5edebb52a900851fee291f6b040745a36665752bd,d04812a498535f8eaef9c9bf0960886190bb4ed5326d7ad247f949302122e814,0.97338276797150047,0.02661723202835916,82.394869719997601,0.3927842696321498,True,False,,,False,,observed_profile_hessian,34,1.91693081344,34,9.9999999999999995e-07,0,5f7652b22824b2ced56d3a40923b62ceb2f6bbc1ca8e22ef37a9f0b030cb7e17,9fa9ba2c59a693af016214787154deb0c49fd06f9af91bef9b36d6ea90733b9a,"[{""attempt"": 0, ""tolerance"": 2e-07, ""free_valid"": true, ""free_nll"": 13.216525884867039, ""free_score"": 2.642441820910335e-12, ""sigma"": 5695.662582513555}]",1,13.216525884867039,2.6424418209103351e-12,125438.18583804392,125152.05717296524,newton
calibration,nominal,0.10000000000000001,44,73,0,0,1645.3880390170264,45.089891050857382,1649.0800422854747,0.027342451484869648,,,,0,0,0,0,0,b89d6c779ab4f976c639dcbe4b2c2f2016f920dd0b1d8a5848d4d391b8153826,b89d6c779ab4f976c639dcbe4b2c2f2016f920dd0b1d8a5848d4d391b8153826,f440d6087e5a50c4aef861dbe0f0dd7752e43e8d6fb7b0a6393f704d359bba12,8f5f83da7c55e8c34a1ed4f5edebb52a900851fee291f6b040745a36665752bd,d04812a498535f8eaef9c9bf0960886190bb4ed5326d7ad247f949302122e814,0.97338276797150047,0.02661723202835916,82.394869719997601,0.3927842696321498,True,False,,,False,,observed_profile_hessian,34,1.91693081344,34,9.9999999999999995e-08,0,aee6c6f93fbd9ce0aad1e122dc9ded3940e09a2521ac8ea41ee18f95f2d1cdb8,f339f4991055c42a555c5f4e5f3ab8906652fb522d6956496e64d221b377f9a7,"[{""attempt"": 0, ""tolerance"": 2e-07, ""free_valid"": true, ""free_nll"": 14.070534593207404, ""free_score"": 1.0936601624322861e-10, ""sigma"": 1649.0800422854747}]",1,14.070534593207404,1.0936601624322861e-10,12531.397442566398,12531.1652107303,newton
calibration,nominal,1,44,73,0,0,5692.1085124485417,-2035.0695359168126,5693.2664666085448,-0.35745200893944723,,,,0,0,0,0,0,5226e439ab47296af1551a72ea832fc1ca965a56f71bb94e7b6fba51e8bd96a9,5226e439ab47296af1551a72ea832fc1ca965a56f71bb94e7b6fba51e8bd96a9,f440d6087e5a50c4aef861dbe0f0dd7752e43e8d6fb7b0a6393f704d359bba12,8f5f83da7c55e8c34a1ed4f5edebb52a900851fee291f6b040745a36665752bd,d04812a498535f8eaef9c9bf0960886190bb4ed5326d7ad247f949302122e814,0.97338276797150047,0.02661723202835916,82.394869719997601,0.3927842696321498,True,False,,,False,,observed_profile_hessian,34,1.91693081344,34,9.9999999999999995e-07,0,36c6dab577af30d159e739f6759d626bb1f3cbacf5ea79afb6aa50b560446b62,183b7d9a783f134a69c9cdaffb9b85411f4417b9b70ace0e809af78cfec9adb6,"[{""attempt"": 0, ""tolerance"": 2e-07, ""free_valid"": true, ""free_nll"": 14.56306609076565, ""free_score"": 3.829963124424296e-09, ""sigma"": 5693.266466608545}]",1,14.56306609076565,3.829963124424296e-09,125245.72163739933,125256.20309840751,newton
calibration,nominal,0.10000000000000001,44,73,1,1645.3880390170264,1645.3880390170264,1617.4240975002288,1650.4779875500371,-0.016942935154383467,,,,1630,1630,1593,37,0,b89d6c779ab4f976c639dcbe4b2c2f2016f920dd0b1d8a5848d4d391b8153826,31e2dcfdb9eda385ed306173775a14f3b48bd77d2550f47b271a82eb48e9176e,1bfb8b8f3fdbc557bcad652428db20158c3cae03c518b433e60b64c36ae12693,8f5f83da7c55e8c34a1ed4f5edebb52a900851fee291f6b040745a36665752bd,d04812a498535f8eaef9c9bf0960886190bb4ed5326d7ad247f949302122e814,0.97338276797150047,0.02661723202835916,82.394869719997601,0.3927842696321498,True,False,,,False,,observed_profile_hessian,34,1.91693081344,34,9.9999999999999995e-08,0,600c1fb3ef3ffa956ac863c053500fb9e3706acd5655810f9cd1bbae8743d6ea,5f93d20bd773b72dcc968a75ea81cd2b059f162c79af56087144a2e4386888d6,"[{""attempt"": 0, ""tolerance"": 2e-07, ""free_valid"": true, ""free_nll"": 13.962045976125866, ""free_score"": 3.0628277691846506e-14, ""sigma"": 1650.4779875500371}]",1,13.962045976125866,3.0628277691846506e-14,12541.353978970994,12533.023567005979,newton
calibration,nominal,1,44,73,1,5692.1085124485417,5692.1085124485417,3308.7124935371758,5694.9452332143201,-0.41851078830588478,,,,5655,5655,5526,129,0,5226e439ab47296af1551a72ea832fc1ca965a56f71bb94e7b6fba51e8bd96a9,928f227474c114cf9788c7db94f4aa5872cb93847f32ec4c4f7048c41ce0fb0d,e84caecf0679de58e8479aa992b7e5519f2d95e33a4aca4fee853083303a8c83,8f5f83da7c55e8c34a1ed4f5edebb52a900851fee291f6b040745a36665752bd,d04812a498535f8eaef9c9bf0960886190bb4ed5326d7ad247f949302122e814,0.97338276797150047,0.02661723202835916,82.394869719997601,0.3927842696321498,True,False,,,False,,observed_profile_hessian,34,1.91693081344,34,9.9999999999999995e-07,0,c649d95981b9da6561ad5b2134c5ff39319b9d9ada7018496f0b16708a77dc84,01a2e076c1f52a44fd2295cbac5082c9c0f74fddb66b2206bd07a421e484a7db,"[{""attempt"": 0, ""tolerance"": 2e-07, ""free_valid"": true, ""free_nll"": 14.300151507892139, ""free_score"": 7.529226386804311e-08, ""sigma"": 5694.94523321432}]",1,14.300151507892139,7.5292263868043108e-08,125279.9883608934,125262.94710486935,newton
calibration,nominal,0.10000000000000001,44,73,2,3290.7760780340527,1645.3880390170264,3230.9842409339581,1651.8482424613012,-0.036196931148471063,,,,3238,3238,3163,75,0,b89d6c779ab4f976c639dcbe4b2c2f2016f920dd0b1d8a5848d4d391b8153826,6d17ac987e73744666c15541bae12d5df0c6eba9a400bafa88814bc0e96e4748,20fb701902ac9555c46f473e5e2ef64dc2a0ae67211c10ae782c311b40b8f0f4,8f5f83da7c55e8c34a1ed4f5edebb52a900851fee291f6b040745a36665752bd,d04812a498535f8eaef9c9bf0960886190bb4ed5326d7ad247f949302122e814,0.97338276797150047,0.02661723202835916,82.394869719997601,0.3927842696321498,True,False,,,False,,observed_profile_hessian,34,1.91693081344,34,9.9999999999999995e-08,0,76f6742c3b51b0a33ed2c66560d4f8a93d664a45127179f67fd19539852b91df,9513e7d121a5eb6b8e244ec3495e440dcf19a27c5b4d7076471d5ca295755cdb,"[{""attempt"": 0, ""tolerance"": 2e-07, ""free_valid"": true, ""free_nll"": 14.116985043076133, ""free_score"": 1.0547118733938987e-14, ""sigma"": 1651.8482424613012}]",1,14.116985043076133,1.0547118733938987e-14,12550.51899452581,12533.878071578607,newton
calibration,nominal,1,44,73,2,11384.217024897083,5692.1085124485417,8896.4981943109688,5696.7321483968681,-0.43669225896221747,,,,11342,11342,11032,310,0,5226e439ab47296af1551a72ea832fc1ca965a56f71bb94e7b6fba51e8bd96a9,e39aa176f25b06c68e62a34826a1357ad5ab15fb8283fa84c419de0dd36a82aa,1cf4d13188eca752c072b2b493d9b6a4fefc9f66b7e8f479300cdd91cb672fce,8f5f83da7c55e8c34a1ed4f5edebb52a900851fee291f6b040745a36665752bd,d04812a498535f8eaef9c9bf0960886190bb4ed5326d7ad247f949302122e814,0.97338276797150047,0.02661723202835916,82.394869719997601,0.3927842696321498,True,False,,,False,,observed_profile_hessian,34,1.91693081344,34,9.9999999999999995e-07,0,77fdec505bafca54573840e3ed3061201fe0253551209461e0e78a41ed291406,cd67ceb149ee42496e3a442445b816bb5c11b66bb455e0e1999f2ef83cae8570,"[{""attempt"": 0, ""tolerance"": 2e-07, ""free_valid"": true, ""free_nll"": 14.470521245466424, ""free_score"": 5.6316062924111066e-14, ""sigma"": 5696.732148396868}]",1,14.470521245466424,5.6316062924111066e-14,125313.37634623513,125267.55565200957,newton
calibration,nominal,0.10000000000000001,44,73,3,4936.1641170510793,1645.3880390170264,4779.7189119530194,1653.4509376186093,-0.094617385698411383,,,,5026,5026,4898,128,0,b89d6c779ab4f976c639dcbe4b2c2f2016f920dd0b1d8a5848d4d391b8153826,85df530c59d7e4c4577f6a581ef54244d332eb04152ad5aa07dfb201ed1d808b,3cd23370bb0b0db03b7a867c8d6c96486c4bc8331e21f04e353a14604b7279d5,8f5f83da7c55e8c34a1ed4f5edebb52a900851fee291f6b040745a36665752bd,d04812a498535f8eaef9c9bf0960886190bb4ed5326d7ad247f949302122e814,0.97338276797150047,0.02661723202835916,82.394869719997601,0.3927842696321498,True,False,,,False,,observed_profile_hessian,34,1.91693081344,34,9.9999999999999995e-08,0,0d29a61ffd714c182584dc6ba6131b961c08c204bb174c399ea7faa255b4ad15,fa9c224e768bee29b4f860528694ac067fd91a5c1ecd7ee7be227ea60bfb0310,"[{""attempt"": 0, ""tolerance"": 2e-07, ""free_valid"": true, ""free_nll"": 14.632322126669468, ""free_score"": 1.0627262958529116e-13, ""sigma"": 1653.4509376186093}]",1,14.632322126669468,1.0627262958529116e-13,12562.975815883545,12538.358260305462,newton
calibration,nominal,1,44,73,3,17076.325537345627,5692.1085124485417,14320.71821556698,5698.4011411702832,-0.48357552469756926,,,,17205,17205,16778,427,0,5226e439ab47296af1551a72ea832fc1ca965a56f71bb94e7b6fba51e8bd96a9,371ff6e30942b170b516dea90edf203e2f708004414255d9c73581c039461cf6,85dbab0f1362cf641c66e79d6d36c1f399542352d97d34d67f254c91f3e66aaf,8f5f83da7c55e8c34a1ed4f5edebb52a900851fee291f6b040745a36665752bd,d04812a498535f8eaef9c9bf0960886190bb4ed5326d7ad247f949302122e814,0.97338276797150047,0.02661723202835916,82.394869719997601,0.3927842696321498,True,False,,,False,,observed_profile_hessian,34,1.91693081344,34,9.9999999999999995e-07,0,5fd8d330796ff9855485291f00ecae6d52500ddbe1d72cdb682a453e5701e80d,39bdb9b4e858cc4580174d037c536b4b0a583d76b03c3f7b43e70bf8434d5e04,"[{""attempt"": 0, ""tolerance"": 2e-07, ""free_valid"": true, ""free_nll"": 14.79020580141899, ""free_score"": 4.549138843401579e-14, ""sigma"": 5698.401141170283}]",1,14.79020580141899,4.5491388434015789e-14,125350.48987943871,125276.73217881155,newton
calibration,nominal,0.10000000000000001,44,73,4,6581.5521560681054,1645.3880390170264,6456.4451025500721,1654.9591355166619,-0.075595252373996627,,,,6596,6596,6412,184,0,b89d6c779ab4f976c639dcbe4b2c2f2016f920dd0b1d8a5848d4d391b8153826,acbf7040206a2dbd82022dd6925ed7b3185c42039fe0830bd299ab1acac0657a,046bdf9668fc7c4b1a25ab50bd46fe2f612a1f81fe789a362c99e9fecabf5ef1,8f5f83da7c55e8c34a1ed4f5edebb52a900851fee291f6b040745a36665752bd,d04812a498535f8eaef9c9bf0960886190bb4ed5326d7ad247f949302122e814,0.97338276797150047,0.02661723202835916,82.394869719997601,0.3927842696321498,True,False,,,False,,observed_profile_hessian,34,1.91693081344,34,9.9999999999999995e-08,0,f3dbcf430bca72d1b0eac8e04cd12a69d4f6ece4f001bfced1ec1ab966acfcad,8ab224ebf169a482023809bd0a5b6e56d3d30d50ee2446ec62c58a5b73441971,"[{""attempt"": 0, ""tolerance"": 2e-07, ""free_valid"": true, ""free_nll"": 13.623753476341752, ""free_score"": 8.605477441747666e-13, ""sigma"": 1654.959135516662}]",1,13.623753476341752,8.6054774417476665e-13,12570.336916406459,12537.083518230389,newton
calibration,nominal,1,44,73,4,22768.434049794167,5692.1085124485417,19869.328108421192,5700.1141175548082,-0.5086048948466686,,,,22779,22779,22203,576,0,5226e439ab47296af1551a72ea832fc1ca965a56f71bb94e7b6fba51e8bd96a9,6c5da1037fc0d53027c6a0c371cedddb00c7a4042b6a9a1c39f70aa4ceab3561,0bc6944ea221500811a66f87515cf5c16ab1230c83db75d54e8e796b11b50f0d,8f5f83da7c55e8c34a1ed4f5edebb52a900851fee291f6b040745a36665752bd,d04812a498535f8eaef9c9bf0960886190bb4ed5326d7ad247f949302122e814,0.97338276797150047,0.02661723202835916,82.394869719997601,0.3927842696321498,True,False,,,False,,observed_profile_hessian,34,1.91693081344,34,9.9999999999999995e-07,0,9b205e16e45c8d787f51c133b258a2baa7d69542a4a2c2a12e313bfe98b8fecc,64362d94c329ce6214692bc333204ae126e31aba0932cb24de7e66b44f49f5c8,"[{""attempt"": 0, ""tolerance"": 2e-07, ""free_valid"": true, ""free_nll"": 14.694534803795142, ""free_score"": 3.148592497836944e-13, ""sigma"": 5700.114117554808}]",1,14.694534803795142,3.1485924978369439e-13,125384.18495957357,125281.84959257428,newton
calibration,nominal,0.10000000000000001,44,73,5,8226.9401950851316,1645.3880390170264,7595.6236639365698,1656.3289689242085,-0.38115407204319085,,,,8125,8125,7886,239,0,b89d6c779ab4f976c639dcbe4b2c2f2016f920dd0b1d8a5848d4d391b8153826,8ed6d19fd59943c5d2337aa75694beba3c51d1618c29f83788d0808d501f3435,6eef8c0d545b693483af8324b0f3055150cb677b7fc976982ace150cc3cf1d33,8f5f83da7c55e8c34a1ed4f5edebb52a900851fee291f6b040745a36665752bd,d04812a498535f8eaef9c9bf0960886190bb4ed5326d7ad247f949302122e814,0.97338276797150047,0.02661723202835916,82.394869719997601,0.3927842696321498,True,False,,,False,,observed_profile_hessian,34,1.91693081344,34,9.9999999999999995e-08,0,0bd75ce6fd1e1b533a8eccaedb1fe230edaa94ce220e4528ed57e9eb56dd6ad0,5671b1b0f64226c1aa8516cfac406f16e333f8bc418b4b90bddf2201609d99b9,"[{""attempt"": 0, ""tolerance"": 2e-07, ""free_valid"": true, ""free_nll"": 14.471054410281642, ""free_score"": 3.6358555055571173e-12, ""sigma"": 1656.3289689242085}]",1,14.471054410281642,3.6358555055571173e-12,12583.146653928839,12544.026008731578,newton
calibration,nominal,1,44,73,5,28460.542562242706,5692.1085124485417,25075.12176275449,5701.9004203462418,-0.59373551797010171,,,,28384,28384,27645,739,0,5226e439ab47296af1551a72ea832fc1ca965a56f71bb94e7b6fba51e8bd96a9,c464865914cbb487ab4d630162ad899d26ff40036812e798d17a26e12846aac8,8f1ab555c998a16bc32ef09cd2cc63d811f95cd0d354db37a612797d1a5d84d2,8f5f83da7c55e8c34a1ed4f5edebb52a900851fee291f6b040745a36665752bd,d04812a498535f8eaef9c9bf0960886190bb4ed5326d7ad247f949302122e814,0.97338276797150047,0.02661723202835916,82.394869719997601,0.3927842696321498,True,False,,,False,,observed_profile_hessian,34,1.91693081344,34,9.9999999999999995e-07,0,fa4104951b582c80d44d15e3ced8a2a73cb53377ca4105a41114069ccba648f2,28be86e621f8151cd82832bdf2043c5567bf13119035cc85076e8a2703213fe4,"[{""attempt"": 0, ""tolerance"": 2e-07, ""free_valid"": true, ""free_nll"": 14.016143633283841, ""free_score"": 3.0120350658080497e-13, ""sigma"": 5701.900420346242}]",1,14.016143633283841,3.0120350658080497e-13,125414.93733683327,125285.78995076459,newton
calibration,nominal,0.10000000000000001,44,73,6,9872.3282341021586,1645.3880390170264,9537.8604002598222,1657.8649380504664,-0.20174612911208994,,,,10030,10030,9761,269,0,b89d6c779ab4f976c639dcbe4b2c2f2016f920dd0b1d8a5848d4d391b8153826,18399b914ecdf129d6ce918d62de8829947f9010b3dc3efb551d6a5149f64f79,2a0b758af7622f2d821259ceba2f0bcf4d1640e1afd77986321bb8e76aa0223a,8f5f83da7c55e8c34a1ed4f5edebb52a900851fee291f6b040745a36665752bd,d04812a498535f8eaef9c9bf0960886190bb4ed5326d7ad247f949302122e814,0.97338276797150047,0.02661723202835916,82.394869719997601,0.3927842696321498,True,False,,,False,,observed_profile_hessian,34,1.91693081344,34,9.9999999999999995e-08,0,27e42cd2e3bad5923806d71ffcbfc93eacd265c6d9dc5921ba9347ef27cd2f53,83f98f4879bdd59d98a6d023b9262a5ed1b814b3d937893d08d83e436a417457,"[{""attempt"": 0, ""tolerance"": 2e-07, ""free_valid"": true, ""free_nll"": 14.448093279358744, ""free_score"": 2.057896908436163e-11, ""sigma"": 1657.8649380504664}]",1,14.448093279358744,2.0578969084361631e-11,12590.521503769058,12541.397525387774,newton
calibration,nominal,1,44,73,6,34152.651074691254,5692.1085124485417,30412.576298112977,5703.6459183714542,-0.65573403926276141,,,,34240,34240,33345,895,0,5226e439ab47296af1551a72ea832fc1ca965a56f71bb94e7b6fba51e8bd96a9,0f77e324529dda7c551ad4bc8cd96f570e5edaec7c5d5488eae5124f775c289e,d16278dc117d76f1046feee4ff937409ba01d8aed17dd6758463b6daa80429ef,8f5f83da7c55e8c34a1ed4f5edebb52a900851fee291f6b040745a36665752bd,d04812a498535f8eaef9c9bf0960886190bb4ed5326d7ad247f949302122e814,0.97338276797150047,0.02661723202835916,82.394869719997601,0.3927842696321498,True,False,,,False,,observed_profile_hessian,34,1.91693081344,34,9.9999999999999995e-07,0,dc1180b744fa8a2e0f11c3a0390caf55e7445229ef960092f9eb3075ee58110b,8ab8ac9f6129ec5adb3b34f16e98ddd30fea6fcdf40aac1b88b60da1fec38b1a,"[{""attempt"": 0, ""tolerance"": 2e-07, ""free_valid"": true, ""free_nll"": 14.767696486927466, ""free_score"": 9.325873406851315e-14, ""sigma"": 5703.645918371454}]",1,14.767696486927466,9.3258734068513149e-14,125453.71397849267,125297.0764646382,newton
calibration,nominal,0.10000000000000001,44,73,7,11517.716273119184,1645.3880390170264,10699.412993769594,1659.2222729433795,-0.49318484490806608,,,,11418,11418,11107,311,0,b89d6c779ab4f976c639dcbe4b2c2f2016f920dd0b1d8a5848d4d391b8153826,2867258dda3539bec6c971c966cf23d8f8e553019515ea6af6f122e51044ec6c,5e22250a4e36eda57d995179f3e4f04f2a4c6339fe2fe57420615e72b4f3184e,8f5f83da7c55e8c34a1ed4f5edebb52a900851fee291f6b040745a36665752bd,d04812a498535f8eaef9c9bf0960886190bb4ed5326d7ad247f949302122e814,0.97338276797150047,0.02661723202835916,82.394869719997601,0.3927842696321498,True,False,,,False,,observed_profile_hessian,34,1.91693081344,34,9.9999999999999995e-08,0,a021827534b95d19aac934925ffcaea2c5b567f6b24958f791b3d2a3d080ca6b,1f424c288e496c57dcbfbab9b18418581aa3599e78a26c3cd43ff5a7981446e2,"[{""attempt"": 0, ""tolerance"": 2e-07, ""free_valid"": true, ""free_nll"": 14.345495864302766, ""free_score"": 5.2685494855708725e-11, ""sigma"": 1659.2222729433795}]",1,14.345495864302766,5.2685494855708725e-11,12602.986495771262,12547.88003472639,newton
calibration,nominal,1,44,73,7,39844.759587139793,5692.1085124485417,35382.909492424791,5705.3087515295811,-0.78205234616247365,,,,39701,39701,38650,1051,0,5226e439ab47296af1551a72ea832fc1ca965a56f71bb94e7b6fba51e8bd96a9,07790e270e6ba702ba58831533e3b54419729bbdd6b47b4012b3f69f398f3585,d0fee631f412557232c700fd9ccc34f3c9ef87e9157293a05bfcfaa9bd0ca92c,8f5f83da7c55e8c34a1ed4f5edebb52a900851fee291f6b040745a36665752bd,d04812a498535f8eaef9c9bf0960886190bb4ed5326d7ad247f949302122e814,0.97338276797150047,0.02661723202835916,82.394869719997601,0.3927842696321498,True,False,,,False,,observed_profile_hessian,34,1.91693081344,34,9.9999999999999995e-07,0,4dcbcf58c51378818cdec5038147ac0068cfd4cf36b72982a9424bbd69adf2e8,b195c56d0decfa8aadac7f42d71db8a2838a14d77eae9f07745385fd50a58b28,"[{""attempt"": 0, ""tolerance"": 2e-07, ""free_valid"": true, ""free_nll"": 14.25494381087754, ""free_score"": 1.8052226380405045e-13, ""sigma"": 5705.308751529581}]",1,14.25494381087754,1.8052226380405045e-13,125490.90520542979,125308.6683925566,newton
calibration,nominal,0.10000000000000001,44,73,8,13163.104312136211,1645.3880390170264,12320.927514038964,1660.421576839525,-0.50720660936017292,,,,13045,13045,12738,307,0,b89d6c779ab4f976c639dcbe4b2c2f2016f920dd0b1d8a5848d4d391b8153826,87c8bd03a4ab8fa8004cfa385486cd49e482e992d483056ec0aa90bf1dfc08a7,872b4805e9a36644a474f96f7fc50e4d516727ca33825f778f9bb53e9c3bc0dd,8f5f83da7c55e8c34a1ed4f5edebb52a900851fee291f6b040745a36665752bd,d04812a498535f8eaef9c9bf0960886190bb4ed5326d7ad247f949302122e814,0.97338276797150047,0.02661723202835916,82.394869719997601,0.3927842696321498,True,False,,,False,,observed_profile_hessian,34,1.91693081344,34,9.9999999999999995e-08,0,1f7fabbbbe07767261d788a7575287512874d015de0fe0bbfb2ffeaca6b8f1e0,6da93d7b0719dbe04f5b2fa0c196c5adf27578146e3dd4b8654b5f25243006f9,"[{""attempt"": 0, ""tolerance"": 2e-07, ""free_valid"": true, ""free_nll"": 14.332346650770411, ""free_score"": 1.6579011774542352e-10, ""sigma"": 1660.421576839525}]",1,14.332346650770411,1.6579011774542352e-10,12612.714646502951,12549.256706101503,newton
calibration,nominal,1,44,73,8,45536.868099588333,5692.1085124485417,41233.97171279836,5707.0361726581623,-0.75396339827049241,,,,45455,45455,44253,1202,0,5226e439ab47296af1551a72ea832fc1ca965a56f71bb94e7b6fba51e8bd96a9,fff05f5022ae994ed428783df026ea4d3d93c1956d3d444da7942153693121d2,d052011c6cbe03385ed8c83b0410a5bdbc60756b604e981ce33c2adb4230ec90,8f5f83da7c55e8c34a1ed4f5edebb52a900851fee291f6b040745a36665752bd,d04812a498535f8eaef9c9bf0960886190bb4ed5326d7ad247f949302122e814,0.97338276797150047,0.02661723202835916,82.394869719997601,0.3927842696321498,True,False,,,False,,observed_profile_hessian,34,1.91693081344,34,9.9999999999999995e-07,0,4e5e77fc7c1fbb119a5ad7f53041d34d1dc228829d410249e65c2faaffd21e0d,14c463102a2eac93a405b99c0a714bab014c7efced9cc42e9ba59cdd7412379e,"[{""attempt"": 0, ""tolerance"": 2e-07, ""free_valid"": true, ""free_nll"": 13.707420430532812, ""free_score"": 2.4069635173873394e-13, ""sigma"": 5707.036172658162}]",1,13.707420430532812,2.4069635173873394e-13,125520.3457596527,125307.97352416278,newton
calibration,nominal,0.10000000000000001,44,74,0,0,1645.3880390170264,2931.3208591419329,1641.9416315166177,1.7852771395012075,,,,0,0,0,0,0,41a80349d52044ca49577b85e1c6b8998af2eb6aee88f5d7972d35614596b5fa,41a80349d52044ca49577b85e1c6b8998af2eb6aee88f5d7972d35614596b5fa,f440d6087e5a50c4aef861dbe0f0dd7752e43e8d6fb7b0a6393f704d359bba12,8f5f83da7c55e8c34a1ed4f5edebb52a900851fee291f6b040745a36665752bd,d04812a498535f8eaef9c9bf0960886190bb4ed5326d7ad247f949302122e814,0.97338276797150047,0.02661723202835916,82.394869719997601,0.3927842696321498,True,False,,,False,,observed_profile_hessian,34,1.91693081344,34,9.9999999999999995e-08,0,beff19d416bbccd009c37a540a3d301a3296a9f43ee3ea917a2a29266f6c1f1c,1578d844d902635047d3e197fcb516f6130caa676ef7d6cab733b91bb7034058,"[{""attempt"": 0, ""tolerance"": 2e-07, ""free_valid"": true, ""free_nll"": 12.515038054867754, ""free_score"": 4.9536763579993703e-14, ""sigma"": 1641.9416315166177}]",1,12.515038054867754,4.9536763579993703e-14,12517.184787058026,12502.087256116058,newton
calibration,nominal,1,44,74,0,0,5692.1085124485417,9866.6707522453944,5694.9917727391621,1.7325171213548127,,,,0,0,0,0,0,1bbe83cf83bd9d8caa708a1d13c079df95b87bb0cb9e8348e2f8c7bd03584fb2,1bbe83cf83bd9d8caa708a1d13c079df95b87bb0cb9e8348e2f8c7bd03584fb2,f440d6087e5a50c4aef861dbe0f0dd7752e43e8d6fb7b0a6393f704d359bba12,8f5f83da7c55e8c34a1ed4f5edebb52a900851fee291f6b040745a36665752bd,d04812a498535f8eaef9c9bf0960886190bb4ed5326d7ad247f949302122e814,0.97338276797150047,0.02661723202835916,82.394869719997601,0.3927842696321498,True,False,,,False,,observed_profile_hessian,34,1.91693081344,34,9.9999999999999995e-07,0,20edd3bed369329584da2e502c38a84d2839d0a2d559e385b695097427f67792,9f8be353964e305dc22282edde71fb6fe3d9df3e1b748cebcd12f708b1983afc,"[{""attempt"": 0, ""tolerance"": 2e-07, ""free_valid"": true, ""free_nll"": 18.717140262927835, ""free_score"": 2.4398597864294658e-08, ""sigma"": 5694.991772739162}]",1,18.717140262927835,2.4398597864294658e-08,125221.19748886678,125170.37999936825,newton
calibration,nominal,0.10000000000000001,44,74,1,1645.3880390170264,1645.3880390170264,4437.9324509946682,1643.4006949018797,1.6992474328632146,,,,1642,1642,1600,42,0,41a80349d52044ca49577b85e1c6b8998af2eb6aee88f5d7972d35614596b5fa,c38ead71d8923b8eef7f09bd85926180fddf8c1a8a8a1d1f553c823d5ba82725,9a204b178166f8cd8adb4f4a09a8a5463ba751e4959db613ebb9cf0a330cadd8,8f5f83da7c55e8c34a1ed4f5edebb52a900851fee291f6b040745a36665752bd,d04812a498535f8eaef9c9bf0960886190bb4ed5326d7ad247f949302122e814,0.97338276797150047,0.02661723202835916,82.394869719997601,0.3927842696321498,True,False,,,False,,observed_profile_hessian,34,1.91693081344,34,9.9999999999999995e-08,0,2efd1677714f2c07995ee51bdb7c17f17a97b0f0181c67ed03135808e42c050a,472b96a7b12182c3bf03b6ad6c08ff02d8118d47dc0b1c41bdcf434f301af6e0,"[{""attempt"": 0, ""tolerance"": 2e-07, ""free_valid"": true, ""free_nll"": 12.169094669738758, ""free_score"": 1.57145130241787e-13, ""sigma"": 1643.4006949018797}]",1,12.169094669738758,1.57145130241787e-13,12528.091861653471,12505.234649592125,newton
calibration,nominal,1,44,74,1,5692.1085124485417,5692.1085124485417,15275.20274751674,5696.7225337737309,1.6822118644981614,,,,5694,5694,5538,156,0,1bbe83cf83bd9d8caa708a1d13c079df95b87bb0cb9e8348e2f8c7bd03584fb2,e526b170a49589b857bad532d11dd8c17384e98ba581cf25c4d3a1d88b587996,71cb7fe7bdfaf7a57515f9c77a1b707e952b7cd4c5f935e38a92c5ee5b6b97e3,8f5f83da7c55e8c34a1ed4f5edebb52a900851fee291f6b040745a36665752bd,d04812a498535f8eaef9c9bf0960886190bb4ed5326d7ad247f949302122e814,0.97338276797150047,0.02661723202835916,82.394869719997601,0.3927842696321498,True,False,,,False,,observed_profile_hessian,34,1.91693081344,34,9.9999999999999995e-07,0,33fbe4c1b5e3f62aee8393548ec123ba80e88b1c249690b6ae5ddbe2c98d2f00,6e744453a73a9d3a335a512c5c307fb423262a0057a07f3534e0c152eb43878e,"[{""attempt"": 0, ""tolerance"": 2e-07, ""free_valid"": true, ""free_nll"": 18.719150127260736, ""free_score"": 1.4732659536775827e-13, ""sigma"": 5696.722533773731}]",1,18.719150127260736,1.4732659536775827e-13,125255.03967269303,125176.36597670159,newton
calibration,nominal,0.10000000000000001,44,74,2,3290.7760780340527,1645.3880390170264,6034.2883337201165,1644.7653948554494,1.6680264943968972,,,,3228,3228,3142,86,0,41a80349d52044ca49577b85e1c6b8998af2eb6aee88f5d7972d35614596b5fa,73deddfec62a614ad11f7ab77ccb9c1f467cec2829b00cddd0db4cae96b48e4a,80fdbfe806a6cfa1f30114cec97b404ae92631c07bb48b87c5bf0aa129a2d875,8f5f83da7c55e8c34a1ed4f5edebb52a900851fee291f6b040745a36665752bd,d04812a498535f8eaef9c9bf0960886190bb4ed5326d7ad247f949302122e814,0.97338276797150047,0.02661723202835916,82.394869719997601,0.3927842696321498,True,False,,,False,,observed_profile_hessian,34,1.91693081344,34,9.9999999999999995e-08,0,c7a1af280cbd658c6ed407ca85f900a580569f1df1f979e9b1861dd202791ef3,3708cd8ac0abb4d9d0f01780ee086b8aa099a269b1f60a79a4f15e98e2f80bc0,"[{""attempt"": 0, ""tolerance"": 2e-07, ""free_valid"": true, ""free_nll"": 12.562838384721706, ""free_score"": 6.4279137568235e-13, ""sigma"": 1644.7653948554494}]",1,12.562838384721706,6.4279137568235001e-13,12537.131739001539,12506.052625110962,newton
calibration,nominal,1,44,74,2,11384.217024897083,5692.1085124485417,20550.190009335147,5698.3803111701327,1.6085225070833995,,,,11239,11239,10941,298,0,1bbe83cf83bd9d8caa708a1d13c079df95b87bb0cb9e8348e2f8c7bd03584fb2,b82392019df1fcabb3b98df989119d50962dfe9ffa5647d00adcbbe7944e4d53,f612874db4f9c7e46fd50f1b1213c2b517108e94c08f9b8457a4c946c18fbb7d,8f5f83da7c55e8c34a1ed4f5edebb52a900851fee291f6b040745a36665752bd,d04812a498535f8eaef9c9bf0960886190bb4ed5326d7ad247f949302122e814,0.97338276797150047,0.02661723202835916,82.394869719997601,0.3927842696321498,True,False,,,False,,observed_profile_hessian,34,1.91693081344,34,9.9999999999999995e-07,0,4aaecaee25d6e6ac6c0655db2c3625c9503becf2902f6f982324d6ae60205d51,dcb50cb8cc068179c2f59b617a881595a3394b49ae11bf004f94f05558314429,"[{""attempt"": 0, ""tolerance"": 2e-07, ""free_valid"": true, ""free_nll"": 19.022277153023573, ""free_score"": 1.0080825063596421e-13, ""sigma"": 5698.380311170133}]",1,19.022277153023573,1.0080825063596421e-13,125290.90980897994,125185.06771784152,newton
calibration,nominal,0.10000000000000001,44,74,3,4936.1641170510793,1645.3880390170264,7790.4418674242106,1646.3479803731177,1.7337025856017731,,,,4983,4983,4851,132,0,41a80349d52044ca49577b85e1c6b8998af2eb6aee88f5d7972d35614596b5fa,abc60e98ef93d3e6fc55501843ddffbe292812dd7702ac77f45df35ba863eab6,849adf2bfd69749805e5175e38684b4214e9e041f4f6d46857e3f4ed11f1b75b,8f5f83da7c55e8c34a1ed4f5edebb52a900851fee291f6b040745a36665752bd,d04812a498535f8eaef9c9bf0960886190bb4ed5326d7ad247f949302122e814,0.97338276797150047,0.02661723202835916,82.394869719997601,0.3927842696321498,True,False,,,False,,observed_profile_hessian,34,1.91693081344,34,9.9999999999999995e-08,0,527a6c1798c76c4631ac8c58e95b962c226067ba1bda75da05cae9071561154a,a2cad052af45c6fb1565cfb3c7913b975082df8ff1849ba6322ec58f88c52466,"[{""attempt"": 0, ""tolerance"": 2e-07, ""free_valid"": true, ""free_nll"": 12.406743304123193, ""free_score"": 4.282421639523193e-12, ""sigma"": 1646.3479803731177}]",1,12.406743304123193,4.2824216395231929e-12,12546.475175174684,12506.351134581097,newton
calibration,nominal,1,44,74,3,17076.325537345627,5692.1085124485417,26313.561870851907,5700.2284543664382,1.6205028285191718,,,,17234,17234,16774,460,0,1bbe83cf83bd9d8caa708a1d13c079df95b87bb0cb9e8348e2f8c7bd03584fb2,1eb9cc7f2e8e8e635740ae3ecc3fa8b2da77d19d71ff8f6a1e9026226f7b0c25,8e3525d4b2294929b42a344738fe8f607d54c723dfe1329c0b6c1684206f19f6,8f5f83da7c55e8c34a1ed4f5edebb52a900851fee291f6b040745a36665752bd,d04812a498535f8eaef9c9bf0960886190bb4ed5326d7ad247f949302122e814,0.97338276797150047,0.02661723202835916,82.394869719997601,0.3927842696321498,True,False,,,False,,observed_profile_hessian,34,1.91693081344,34,9.9999999999999995e-07,0,5c5836053936ed9bdc5b4fdfd3512bad57b209c02b060929cc18e27ba03311ec,2c3b4a1fe62de78b9018612f2452e1475bb4f3b1d0c570ba879ab629acbd7873,"[{""attempt"": 0, ""tolerance"": 2e-07, ""free_valid"": true, ""free_nll"": 18.871420938121798, ""free_score"": 2.756128658631951e-14, ""sigma"": 5700.228454366438}]",1,18.871420938121798,2.7561286586319511e-14,125324.16199281254,125188.63612115655,newton
calibration,nominal,0.10000000000000001,44,74,4,6581.5521560681054,1645.3880390170264,9296.9996089373544,1648.019818170917,1.6477031543728855,,,,6858,6858,6668,190,0,41a80349d52044ca49577b85e1c6b8998af2eb6aee88f5d7972d35614596b5fa,3e580e2998ddae1727cd774482bda023d4b849576a64358d637f6cd72aa0b42b,d29437d7af71bb63d5edf47f0c8d18cfdab6d0ef9c972c0f5716013ae2a1115c,8f5f83da7c55e8c34a1ed4f5edebb52a900851fee291f6b040745a36665752bd,d04812a498535f8eaef9c9bf0960886190bb4ed5326d7ad247f949302122e814,0.97338276797150047,0.02661723202835916,82.394869719997601,0.3927842696321498,True,False,,,False,,observed_profile_hessian,34,1.91693081344,34,9.9999999999999995e-08,0,9d29dd8f3da26e3eb6f6f1dc114863eaef74cae4e3de3e56a47822849c502121,c1d2a26be23721ee69421bfd2a6e4d91ebe7f641238acbc8bfb5f3710d9bce38,"[{""attempt"": 0, ""tolerance"": 2e-07, ""free_valid"": true, ""free_nll"": 12.53137952149142, ""free_score"": 1.8627349662736492e-11, ""sigma"": 1648.019818170917}]",1,12.53137952149142,1.8627349662736492e-11,12561.592053256723,12513.708608895577,newton
calibration,nominal,1,44,74,4,22768.434049794167,5692.1085124485417,31833.100472128393,5701.9888119154248,1.5897376724752295,,,,23002,23002,22386,616,0,1bbe83cf83bd9d8caa708a1d13c079df95b87bb0cb9e8348e2f8c7bd03584fb2,f7d2383807565c2dd30df9b60fb328650a9067dda43dafb40a6a8b67f94d17db,0412a0002af8acd672c2684c2f91172e77cf182e72bb9932175b7ab1dbea1a5a,8f5f83da7c55e8c34a1ed4f5edebb52a900851fee291f6b040745a36665752bd,d04812a498535f8eaef9c9bf0960886190bb4ed5326d7ad247f949302122e814,0.97338276797150047,0.02661723202835916,82.394869719997601,0.3927842696321498,True,False,,,False,,observed_profile_hessian,34,1.91693081344,34,9.9999999999999995e-07,0,356634c8cc40a0273c7352959b0e5eee44da0bc07257c0abef6f3a5ccabb5e9a,2773bae545d13c9c9b9140e3b9a0a29844815a977ec0dadc961c9f3cb705e7ce,"[{""attempt"": 0, ""tolerance"": 2e-07, ""free_valid"": true, ""free_nll"": 19.15608613595643, ""free_score"": 1.63202784619898e-13, ""sigma"": 5701.988811915425}]",1,19.156086135956429,1.6320278461989801e-13,125361.35818899395,125197.40438030123,newton
calibration,nominal,0.10000000000000001,44,74,5,8226.9401950851316,1645.3880390170264,10945.586240935843,1649.2758161838988,1.6483877464117107,,,,8328,8328,8126,202,0,41a80349d52044ca49577b85e1c6b8998af2eb6aee88f5d7972d35614596b5fa,79772006a1d4ca04f37233140ef44ec05850280107b358169e01cd97d343e418,ba362fd9e91575d7c20dd9cd790603d0fcee121a034b3b5c586147d1a9dbb70c,8f5f83da7c55e8c34a1ed4f5edebb52a900851fee291f6b040745a36665752bd,d04812a498535f8eaef9c9bf0960886190bb4ed5326d7ad247f949302122e814,0.97338276797150047,0.02661723202835916,82.394869719997601,0.3927842696321498,True,False,,,False,,observed_profile_hessian,34,1.91693081344,34,9.9999999999999995e-08,0,33718a74ae3730d0b36d557f9bd1f131a0eef601bfd66f3610b79b94b36f1183,67789cb914fa976ef7c3673cb731f38c393b4c73cb458e18e2702efb8a67da78,"[{""attempt"": 0, ""tolerance"": 2e-07, ""free_valid"": true, ""free_nll"": 12.497889333968256, ""free_score"": 6.203931812720498e-11, ""sigma"": 1649.2758161838988}]",1,12.497889333968256,6.2039318127204979e-11,12567.537262519776,12511.162906080719,newton
calibration,nominal,1,44,74,5,28460.542562242706,5692.1085124485417,37001.914771602213,5703.7318714628527,1.4975059139953708,,,,28703,28703,27950,753,0,1bbe83cf83bd9d8caa708a1d13c079df95b87bb0cb9e8348e2f8c7bd03584fb2,584a0bc1f7a00d4880c64481f6c5a7df15cec81ad9b910a34e76d06fb0ecaa22,d1328d656f2a058beccf74bbaaabc251329125dd2f9cb9bc781a79dea8397933,8f5f83da7c55e8c34a1ed4f5edebb52a900851fee291f6b040745a36665752bd,d04812a498535f8eaef9c9bf0960886190bb4ed5326d7ad247f949302122e814,0.97338276797150047,0.02661723202835916,82.394869719997601,0.3927842696321498,True,False,,,False,,observed_profile_hessian,34,1.91693081344,34,9.9999999999999995e-07,0,3a9c6c45a214e4363af060a0007618048014d4a6451c83bdf4ebd3e7b47d0db7,38922381f1743bdef04e40afcf75126171cd847e9c703ce331ac2dae5d71e3db,"[{""attempt"": 0, ""tolerance"": 2e-07, ""free_valid"": true, ""free_nll"": 19.197147761396785, ""free_score"": 2.0095036745715333e-14, ""sigma"": 5703.731871462853}]",1,19.197147761396785,2.0095036745715333e-14,125397.55557676204,125206.98020817552,newton
calibration,nominal,0.10000000000000001,44,74,6,9872.3282341021586,1645.3880390170264,12223.629625599231,1650.4170345640414,1.4246710632856321,,,,9822,9822,9593,229,0,41a80349d52044ca49577b85e1c6b8998af2eb6aee88f5d7972d35614596b5fa,b728ef04f4be6142f3a7fedc76c06c9485b6cdbe084fc8958217edb2619ed092,a2f3202403947b6c264915f6d389a9016b0704ba53b74bba9dc78d8939bf7b90,8f5f83da7c55e8c34a1ed4f5edebb52a900851fee291f6b040745a36665752bd,d04812a498535f8eaef9c9bf0960886190bb4ed5326d7ad247f949302122e814,0.97338276797150047,0.02661723202835916,82.394869719997601,0.3927842696321498,True,False,,,False,,observed_profile_hessian,34,1.91693081344,34,9.9999999999999995e-08,0,91ea902614e9acabc761b7489fec6404b3e02b4ab229e3977596bab7fb1d4b6f,a60f58e1c410be5fdff4e799bb747cab7aa8a4562de291fc47e507ab3a343bbc,"[{""attempt"": 0, ""tolerance"": 2e-07, ""free_valid"": true, ""free_nll"": 12.55411336930614, ""free_score"": 1.5777494588586904e-10, ""sigma"": 1650.4170345640414}]",1,12.55411336930614,1.5777494588586904e-10,12579.794887497412,12516.838071999,newton
calibration,nominal,1,44,74,6,34152.651074691254,5692.1085124485417,42699.017083079503,5705.3812859521013,1.4979482667409583,,,,34379,34379,33499,880,0,1bbe83cf83bd9d8caa708a1d13c079df95b87bb0cb9e8348e2f8c7bd03584fb2,6af26b03d08ebb9463d415f2dbeb707fff7a90e93f266db6b93e1f2d6838b28f,747f260eed206761112cebd93eb47374c6db5255903b21eaf505cec5dce6367e,8f5f83da7c55e8c34a1ed4f5edebb52a900851fee291f6b040745a36665752bd,d04812a498535f8eaef9c9bf0960886190bb4ed5326d7ad247f949302122e814,0.97338276797150047,0.02661723202835916,82.394869719997601,0.3927842696321498,True,False,,,False,,observed_profile_hessian,34,1.91693081344,34,9.9999999999999995e-07,0,dd7240816ace2760b43a5bf752103f9bf7890770b77074af9e77bf3713eff087,439fed902e83d59489f82fdb7ebaa21ec0aa1060a4c1d915ea7a3e14ef1d7bad,"[{""attempt"": 0, ""tolerance"": 2e-07, ""free_valid"": true, ""free_nll"": 18.146901083475328, ""free_score"": 2.4791280139879746e-13, ""sigma"": 5705.381285952101}]",1,18.146901083475328,2.4791280139879746e-13,125432.25021809545,125212.33238494766,newton
calibration,nominal,0.10000000000000001,44,74,7,11517.716273119184,1645.3880390170264,13952.271065724724,1652.0781297923725,1.4736317542751487,,,,11523,11523,11224,299,0,41a80349d52044ca49577b85e1c6b8998af2eb6aee88f5d7972d35614596b5fa,eb899e6d2f5a1f16d68162c55ebfc96b9b71da170b74dfb071ca0467988c25bb,f1d74a564dbca0092ae2de67a9b726a730815958255528625afd4d873c560403,8f5f83da7c55e8c34a1ed4f5edebb52a900851fee291f6b040745a36665752bd,d04812a498535f8eaef9c9bf0960886190bb4ed5326d7ad247f949302122e814,0.97338276797150047,0.02661723202835916,82.394869719997601,0.3927842696321498,True,False,,,False,,observed_profile_hessian,34,1.91693081344,34,9.9999999999999995e-08,0,c78a453bcc0cba31f829505250481dc49454ac8c2d32222e59f75cfd009655ad,9f90768ae33324240eee56a98b86af7146ea3ce424e30eb55a8d43b161c602cf,"[{""attempt"": 0, ""tolerance"": 2e-07, ""free_valid"": true, ""free_nll"": 13.154466607047471, ""free_score"": 3.930341885283184e-10, ""sigma"": 1652.0781297923725}]",1,13.154466607047471,3.930341885283184e-10,12587.083643312448,12515.223599923283,newton
calibration,nominal,1,44,74,7,39844.759587139793,5692.1085124485417,48179.382430727092,5707.0975668678802,1.4603960675165806,,,,39895,39895,38854,1041,0,1bbe83cf83bd9d8caa708a1d13c079df95b87bb0cb9e8348e2f8c7bd03584fb2,000e05a87b2191216d8e717979bf014f5dfdc896b266fec756a02e72acacbbef,4cfb92cd15bae3e57031e36ad8dfa30f3ab1a4ee89af9bb68e41f91c9509bb84,8f5f83da7c55e8c34a1ed4f5edebb52a900851fee291f6b040745a36665752bd,d04812a498535f8eaef9c9bf0960886190bb4ed5326d7ad247f949302122e814,0.97338276797150047,0.02661723202835916,82.394869719997601,0.3927842696321498,True,False,,,False,,observed_profile_hessian,34,1.91693081344,34,9.9999999999999995e-07,0,c8555f2350a70128a72305c1c10dbc249ec3cfbcb9ea162348fb80509aec9967,116eb3b17c6a6099652e4a8ae85aa0b161f02dec8f7bfb3b3224514f86548819,"[{""attempt"": 0, ""tolerance"": 2e-07, ""free_valid"": true, ""free_nll"": 19.179090059954163, ""free_score"": 4.418687638008123e-14, ""sigma"": 5707.09756686788}]",1,19.179090059954163,4.418687638008123e-14,125462.52702863529,125214.38301712446,newton
calibration,nominal,0.10000000000000001,44,74,8,13163.104312136211,1645.3880390170264,15668.685825576791,1653.7072443826271,1.515130034020006,,,,13369,13369,13021,348,0,41a80349d52044ca49577b85e1c6b8998af2eb6aee88f5d7972d35614596b5fa,d56e36c126a8a1ac350d3ec7ee73008b41b04edb02236a9b009014ab0231acca,f7cd69c93b6c937c1ba82fbfd9c69f9af63f98cb1d6aca2abd576798c7dc588b,8f5f83da7c55e8c34a1ed4f5edebb52a900851fee291f6b040745a36665752bd,d04812a498535f8eaef9c9bf0960886190bb4ed5326d7ad247f949302122e814,0.97338276797150047,0.02661723202835916,82.394869719997601,0.3927842696321498,True,False,,,False,,observed_profile_hessian,34,1.91693081344,34,9.9999999999999995e-08,0,ca72e78c63956f781341dda677dbc51166489fd1474841c7e93da6b66489379a,d8c18f51a49e456fa325217be8748e1382936ad1340f9b93f4bcc558ffbc9bce,"[{""attempt"": 0, ""tolerance"": 2e-07, ""free_valid"": true, ""free_nll"": 12.466261055024468, ""free_score"": 9.650492072132977e-10, ""sigma"": 1653.707244382627}]",1,12.466261055024468,9.6504920721329768e-10,12598.807614175848,12518.107315423542,newton
calibration,nominal,1,44,74,8,45536.868099588333,5692.1085124485417,53556.431838954115,5708.753847517195,1.404783592631794,,,,45622,45622,44465,1157,0,1bbe83cf83bd9d8caa708a1d13c079df95b87bb0cb9e8348e2f8c7bd03584fb2,981a3e3f5c82e00b95ddfd402d38071b44d552ee3016ea990b79f2d9e42154f0,77d1cf5dd03713f7b1f34715e602b6afddde72d663133a781dfc4a9332d2d35b,8f5f83da7c55e8c34a1ed4f5edebb52a900851fee291f6b040745a36665752bd,d04812a498535f8eaef9c9bf0960886190bb4ed5326d7ad247f949302122e814,0.97338276797150047,0.02661723202835916,82.394869719997601,0.3927842696321498,True,False,,,False,,observed_profile_hessian,34,1.91693081344,34,9.9999999999999995e-07,0,94741f8a9d567dae12fde3c8b4bcaee1c9dcb481d7b38467c248384c3df736e2,427e36a5356d8035bfb295e28813fdc11cd3d2d9dda3f2bf8f4063707fce91d9,"[{""attempt"": 0, ""tolerance"": 2e-07, ""free_valid"": true, ""free_nll"": 19.46819545135124, ""free_score"": 3.689271110829395e-13, ""sigma"": 5708.753847517195}]",1,19.468195451351239,3.6892711108293952e-13,125497.32386992642,125221.48580044032,newton
calibration,nominal,0.10000000000000001,44,75,0,0,1645.3880390170264,867.52390784385295,1641.8711764920606,0.52837513701736383,,,,0,0,0,0,0,eec7986620edd4af05d718d49ea73fa65143dbba7e7572837363887d5ed35e2c,eec7986620edd4af05d718d49ea73fa65143dbba7e7572837363887d5ed35e2c,f440d6087e5a50c4aef861dbe0f0dd7752e43e8d6fb7b0a6393f704d359bba12,8f5f83da7c55e8c34a1ed4f5edebb52a900851fee291f6b040745a36665752bd,d04812a498535f8eaef9c9bf0960886190bb4ed5326d7ad247f949302122e814,0.97338276797150047,0.02661723202835916,82.394869719997601,0.3927842696321498,True,False,,,False,,observed_profile_hessian,34,1.91693081344,34,9.9999999999999995e-08,0,dcb450a7c3e528f45ee26c8ecc98b0426a73fb74f5f1463352252a2874c390ea,af5ed04a7f07f62b356d15c946338d883889c49cad454db72ef048654ed5b271,"[{""attempt"": 0, ""tolerance"": 2e-07, ""free_valid"": true, ""free_nll"": 22.30337807702868, ""free_score"": 6.106226635438361e-14, ""sigma"": 1641.8711764920606}]",1,22.303378077028679,6.106226635438361e-14,12506.616557163541,12502.148445458633,newton
calibration,nominal,1,44,75,0,0,5692.1085124485417,2898.6457996676181,5693.0346476125187,0.5091565358526704,,,,0,0,0,0,0,d241b00d6b22d05f5be475a27c09ed137a3fa81b2b48569eb0e7b4b39660b38d,d241b00d6b22d05f5be475a27c09ed137a3fa81b2b48569eb0e7b4b39660b38d,f440d6087e5a50c4aef861dbe0f0dd7752e43e8d6fb7b0a6393f704d359bba12,8f5f83da7c55e8c34a1ed4f5edebb52a900851fee291f6b040745a36665752bd,d04812a498535f8eaef9c9bf0960886190bb4ed5326d7ad247f949302122e814,0.97338276797150047,0.02661723202835916,82.394869719997601,0.3927842696321498,True,False,,,False,,observed_profile_hessian,34,1.91693081344,34,9.9999999999999995e-07,0,09e75c2617bff170537c860744264812efba7481f64f68b5cd932a4f1c97da4c,0a8b56e2431e472073dae4891d9236d6dd85c71d6ed3f9f000c26793fb5bb988,"[{""attempt"": 0, ""tolerance"": 2e-07, ""free_valid"": true, ""free_nll"": 22.01635639766001, ""free_score"": 2.3546831151577408e-11, ""sigma"": 5693.034647612519}]",1,22.016356397660012,2.3546831151577408e-11,125179.57766160044,125164.6484209089,newton
calibration,nominal,0.10000000000000001,44,75,1,1645.3880390170264,1645.3880390170264,2484.8379917521779,1643.3808550962383,0.51080670079121271,,,,1668,1668,1616,52,0,eec7986620edd4af05d718d49ea73fa65143dbba7e7572837363887d5ed35e2c,e510310ba6ac0e21c95b4f23e8deafa02c9029f6e529b7e185594cbdc6b2262a,ce641f6e4c1b99b6c5ba2dd2224008a33810006d6e17275a4e25abfdf7ed47da,8f5f83da7c55e8c34a1ed4f5edebb52a900851fee291f6b040745a36665752bd,d04812a498535f8eaef9c9bf0960886190bb4ed5326d7ad247f949302122e814,0.97338276797150047,0.02661723202835916,82.394869719997601,0.3927842696321498,True,False,,,False,,observed_profile_hessian,34,1.91693081344,34,9.9999999999999995e-08,0,bbd4c7ec78fc95c1626b7d099bedf6323a4e914f4d92829816481e115cbd7580,52c46a173d2615616e6bec0c1e35d9fa685d0472e342fb923d267c417488151a,"[{""attempt"": 0, ""tolerance"": 2e-07, ""free_valid"": true, ""free_nll"": 22.25202966710629, ""free_score"": 1.099120794378905e-14, ""sigma"": 1643.3808550962383}]",1,22.252029667106289,1.099120794378905e-14,12517.230226482519,12504.432269428704,newton
calibration,nominal,1,44,75,1,5692.1085124485417,5692.1085124485417,8298.3613810926709,5694.7771212203616,0.45765669369789536,,,,5742,5742,5593,149,0,d241b00d6b22d05f5be475a27c09ed137a3fa81b2b48569eb0e7b4b39660b38d,994b735dd4ede1e5e58419a0604e49227c50e4df6afbd355381182d641cf83eb,55f138268159f16a369f832ff6cfb5218953cd1afc1edb8aa14e5f98ccb1c083,8f5f83da7c55e8c34a1ed4f5edebb52a900851fee291f6b040745a36665752bd,d04812a498535f8eaef9c9bf0960886190bb4ed5326d7ad247f949302122e814,0.97338276797150047,0.02661723202835916,82.394869719997601,0.3927842696321498,True,False,,,False,,observed_profile_hessian,34,1.91693081344,34,9.9999999999999995e-07,0,a2d356e3eede6f9168b362320d41d70d3bca2901888562308f76bd881aac5558,51c4853af8e4406eb8f9a2a428b09780a2b75c594643aca9fbe23b9678ab4de5,"[{""attempt"": 0, ""tolerance"": 2e-07, ""free_valid"": true, ""free_nll"": 21.599910646154196, ""free_score"": 6.108565209217431e-09, ""sigma"": 5694.777121220362}]",1,21.599910646154196,6.1085652092174314e-09,125215.61502462807,125172.87498566989,newton
calibration,nominal,0.10000000000000001,44,75,2,3290.7760780340527,1645.3880390170264,3925.4676678251558,1644.7536546598528,0.38588854202750622,,,,3268,3268,3184,84,0,eec7986620edd4af05d718d49ea73fa65143dbba7e7572837363887d5ed35e2c,458fa378496041ae713a7715b6bdfb857682a8b6bc88693ef56021f259d4f38d,57f56fcb5efeb59db4063f7c4734e5f282323c81c7385e3b8cd140cd3a8a3d9f,8f5f83da7c55e8c34a1ed4f5edebb52a900851fee291f6b040745a36665752bd,d04812a498535f8eaef9c9bf0960886190bb4ed5326d7ad247f949302122e814,0.97338276797150047,0.02661723202835916,82.394869719997601,0.3927842696321498,True,False,,,False,,observed_profile_hessian,34,1.91693081344,34,9.9999999999999995e-08,0,2a9e0783ecfad85a97d819e7355ad41098e032d8e5bf1846e57c90abffa95e7d,7e02bf95844c9fedf5d872e14a1c9c1ff3f192bd151d46a0513450bf66066736,"[{""attempt"": 0, ""tolerance"": 2e-07, ""free_valid"": true, ""free_nll"": 22.578188670770555, ""free_score"": 2.7700064464397656e-13, ""sigma"": 1644.7536546598528}]",1,22.578188670770555,2.7700064464397656e-13,12527.271381085853,12507.053577431963,newton
calibration,nominal,1,44,75,2,11384.217024897083,5692.1085124485417,13799.425714281773,5696.5337992705281,0.42397864639967037,,,,11455,11455,11147,308,0,d241b00d6b22d05f5be475a27c09ed137a3fa81b2b48569eb0e7b4b39660b38d,20b57f871c3e9c43e50641bcf8c73115d97342d28fe01ec029dae686298397ea,0a5572fa69ad34dfaeaa51723747ce787556352b08d14e33d8cc237aafd76c83,8f5f83da7c55e8c34a1ed4f5edebb52a900851fee291f6b040745a36665752bd,d04812a498535f8eaef9c9bf0960886190bb4ed5326d7ad247f949302122e814,0.97338276797150047,0.02661723202835916,82.394869719997601,0.3927842696321498,True,False,,,False,,observed_profile_hessian,34,1.91693081344,34,9.9999999999999995e-07,0,de28aee9854a0c6dff18de1e9c8453e0b57b294347f40912367b1b0a17dd4394,bb3f52bbb1e7b2cfcf75a5bebdbf0b266f5a9763adc458e9f0f9025ec74a6963,"[{""attempt"": 0, ""tolerance"": 2e-07, ""free_valid"": true, ""free_nll"": 22.343062366320982, ""free_score"": 9.917349763632899e-08, ""sigma"": 5696.533799270528}]",1,22.343062366320982,9.9173497636328989e-08,125249.13284378122,125178.06001800952,newton
calibration,nominal,0.10000000000000001,44,75,3,4936.1641170510793,1645.3880390170264,5459.7276313253915,1646.3810896060904,0.3180087025899811,,,,4988,4988,4859,129,0,eec7986620edd4af05d718d49ea73fa65143dbba7e7572837363887d5ed35e2c,84a412341122f0a171dc8bf9ed50f333d1146eab7a0055b872740090779bb424,387f2b36a77d40007e618ba23f04becb08c6915299bbfd4c3c53de22705cc851,8f5f83da7c55e8c34a1ed4f5edebb52a900851fee291f6b040745a36665752bd,d04812a498535f8eaef9c9bf0960886190bb4ed5326d7ad247f949302122e814,0.97338276797150047,0.02661723202835916,82.394869719997601,0.3927842696321498,True,False,,,False,,observed_profile_hessian,34,1.91693081344,34,9.9999999999999995e-08,0,b812b06b316fe53b86d4cc783a3a76a19dfe2ddde09c405b889934f505e2d07b,ed5c7677a66128d5c132bdcbc3d779feedbc3eece82414329a25daa3520251ed,"[{""attempt"": 0, ""tolerance"": 2e-07, ""free_valid"": true, ""free_nll"": 21.921578171013238, ""free_score"": 2.208122573676974e-12, ""sigma"": 1646.3810896060904}]",1,21.921578171013238,2.2081225736769738e-12,12540.937978204634,12512.81809272994,newton
calibration,nominal,1,44,75,3,17076.325537345627,5692.1085124485417,19211.812522886765,5698.2024456446607,0.37476502562196029,,,,17053,17053,16628,425,0,d241b00d6b22d05f5be475a27c09ed137a3fa81b2b48569eb0e7b4b39660b38d,9a65070749d086e7d828958b196debd0a1371c1a7ec2bf9180d649d3b96e6063,1c3c9fb9b7d9a069d5b26b6c85c6655d35dc31558dd279e09e8a6106ad19b21a,8f5f83da7c55e8c34a1ed4f5edebb52a900851fee291f6b040745a36665752bd,d04812a498535f8eaef9c9bf0960886190bb4ed5326d7ad247f949302122e814,0.97338276797150047,0.02661723202835916,82.394869719997601,0.3927842696321498,True,False,,,False,,observed_profile_hessian,34,1.91693081344,34,9.9999999999999995e-07,0,cd67307c262da87a7a4573500ae64f1ef6a81339707bc31dbd6c0f79984ac108,b82e2653d3469fbe3aa122d544629a751539f0b77550c3b0415a19d3df2f7282,"[{""attempt"": 0, ""tolerance"": 2e-07, ""free_valid"": true, ""free_nll"": 22.196472152819897, ""free_score"": 4.5630166312093934e-14, ""sigma"": 5698.202445644661}]",1,22.196472152819897,4.5630166312093934e-14,125286.47866098263,125187.5297748138,newton
calibration,nominal,0.10000000000000001,44,75,4,6581.5521560681054,1645.3880390170264,7225.0819239302919,1647.6966731393422,0.390563250113308,,,,6537,6537,6357,180,0,eec7986620edd4af05d718d49ea73fa65143dbba7e7572837363887d5ed35e2c,95454d523f3c2e614756db317549250c35e2d89e02223a055c6826b21f794682,218bcf8e55ea51932147f488845e7449e774e4065abba3eb7c0342e0c67c2b44,8f5f83da7c55e8c34a1ed4f5edebb52a900851fee291f6b040745a36665752bd,d04812a498535f8eaef9c9bf0960886190bb4ed5326d7ad247f949302122e814,0.97338276797150047,0.02661723202835916,82.394869719997601,0.3927842696321498,True,False,,,False,,observed_profile_hessian,34,1.91693081344,34,9.9999999999999995e-08,0,0f069ac549df3477f328bc51b79cb879c6cee0e1af2a6eca7bce929c19fce02c,a836229f69f5175160792e75606541e6e8aa6513c6315ff45c42f25aa058b3e8,"[{""attempt"": 0, ""tolerance"": 2e-07, ""free_valid"": true, ""free_nll"": 22.83294799536662, ""free_score"": 1.0234701974809468e-11, ""sigma"": 1647.6966731393422}]",1,22.83294799536662,1.0234701974809468e-11,12544.54942563815,12507.337225696065,newton
calibration,nominal,1,44,75,4,22768.434049794167,5692.1085124485417,24759.676897658712,5699.9385467998691,0.34934461687880719,,,,22679,22679,22068,611,0,d241b00d6b22d05f5be475a27c09ed137a3fa81b2b48569eb0e7b4b39660b38d,000691df9ba04ecd17307dc99a0ca0c9a2306b7e3160e7849db2bf14567a4214,3956199e27d949165d19ec47cbabb5f5e5a04f0ec6e2cc59b5ed98174cb95ca1,8f5f83da7c55e8c34a1ed4f5edebb52a900851fee291f6b040745a36665752bd,d04812a498535f8eaef9c9bf0960886190bb4ed5326d7ad247f949302122e814,0.97338276797150047,0.02661723202835916,82.394869719997601,0.3927842696321498,True,False,,,False,,observed_profile_hessian,34,1.91693081344,34,9.9999999999999995e-07,0,48425b9215a8877fdd5ee9f899d71804e8c65cef1660b1404155870332dd1d50,98a7b9cb7934573025ba3a26e6dcd4e1bddc48de88bc43d18e1605a07148d407,"[{""attempt"": 0, ""tolerance"": 2e-07, ""free_valid"": true, ""free_nll"": 22.001572723956908, ""free_score"": 7.560618797697316e-14, ""sigma"": 5699.938546799869}]",1,22.001572723956908,7.560618797697316e-14,125315.65074821051,125188.12803540009,newton
calibration,nominal,0.10000000000000001,44,75,5,8226.9401950851316,1645.3880390170264,8596.2895396488711,1649.1147028261034,0.22396825638070059,,,,8188,8188,7955,233,0,eec7986620edd4af05d718d49ea73fa65143dbba7e7572837363887d5ed35e2c,7384f4101c490617cdcbaa18ad3e55c400d8840b4ebffc8831339af8457aa331,6116e5647d4c156aaff0895f356dbcec239a519bd0c5d684ee4bed45361b5d2e,8f5f83da7c55e8c34a1ed4f5edebb52a900851fee291f6b040745a36665752bd,d04812a498535f8eaef9c9bf0960886190bb4ed5326d7ad247f949302122e814,0.97338276797150047,0.02661723202835916,82.394869719997601,0.3927842696321498,True,False,,,False,,observed_profile_hessian,34,1.91693081344,34,9.9999999999999995e-08,0,667dada36ab7f0971b8fa3894365d46c6603e1940eff8adf0b584a12b7647c96,5701dc3e05d9ac2cf24cc1212fb913bd7f29dd4bec7d1f629bc24a09e1574c1f,"[{""attempt"": 0, ""tolerance"": 2e-07, ""free_valid"": true, ""free_nll"": 23.152793797186053, ""free_score"": 3.4213076816058674e-11, ""sigma"": 1649.1147028261034}]",1,23.152793797186053,3.4213076816058674e-11,12556.421394141396,12512.146900304868,newton
calibration,nominal,1,44,75,5,28460.542562242706,5692.1085124485417,29846.730808120803,5701.6383633119967,0.24312103952395894,,,,28354,28354,27582,772,0,d241b00d6b22d05f5be475a27c09ed137a3fa81b2b48569eb0e7b4b39660b38d,14c3fd96a0b8375b4168270f4356c6f31dca62861dd7af8b2c4f56d62ca49a43,aa0ac34b48f8cf110b7cb521cef415dfc27924243b6598ea0bbc82f41494a6a1,8f5f83da7c55e8c34a1ed4f5edebb52a900851fee291f6b040745a36665752bd,d04812a498535f8eaef9c9bf0960886190bb4ed5326d7ad247f949302122e814,0.97338276797150047,0.02661723202835916,82.394869719997601,0.3927842696321498,True,False,,,False,,observed_profile_hessian,34,1.91693081344,34,9.9999999999999995e-07,0,125f5ad81a3fba409120be333bfc359427164b9343e4bb9862757bf19935421d,94eb8d9065bbc2ee0f5f7a38a6abbb541a71d8bee911469cbeb4f6c2fe56ba0e,"[{""attempt"": 0, ""tolerance"": 2e-07, ""free_valid"": true, ""free_nll"": 22.250129893967618, ""free_score"": 1.504352198367087e-14, ""sigma"": 5701.638363311997}]",1,22.250129893967618,1.5043521983670871e-14,125349.47395043698,125195.75077800198,newton
calibration,nominal,0.10000000000000001,44,75,6,9872.3282341021586,1645.3880390170264,10534.675893472418,1650.6366647374748,0.40126799163012827,,,,9929,9929,9688,241,0,eec7986620edd4af05d718d49ea73fa65143dbba7e7572837363887d5ed35e2c,4d154c44a96289367398399faa9b0843243ad19e2ca8526009a7e0f4469964d5,9282e2f7ba632eb3b8e964d13079ff5f2904b4a051c1956c82402afc28ecc8a6,8f5f83da7c55e8c34a1ed4f5edebb52a900851fee291f6b040745a36665752bd,d04812a498535f8eaef9c9bf0960886190bb4ed5326d7ad247f949302122e814,0.97338276797150047,0.02661723202835916,82.394869719997601,0.3927842696321498,True,False,,,False,,observed_profile_hessian,34,1.91693081344,34,9.9999999999999995e-08,0,894291b996e934733204af3dafe6c2ee65a36ccd41c1b356ec58cf868e3ed434,d4a359f79fa489ab927008fbdbfb214366f7b336ec230546e1237ff4c947811d,"[{""attempt"": 0, ""tolerance"": 2e-07, ""free_valid"": true, ""free_nll"": 22.03915982187422, ""free_score"": 1.228890322835241e-10, ""sigma"": 1650.6366647374748}]",1,22.039159821874222,1.228890322835241e-10,12565.739742367175,12511.481746430198,newton
calibration,nominal,1,44,75,6,34152.651074691254,5692.1085124485417,35480.199554243263,5703.3204467095265,0.23276764683946971,,,,33949,33949,33072,877,0,d241b00d6b22d05f5be475a27c09ed137a3fa81b2b48569eb0e7b4b39660b38d,4dfa4968d16d7791441c67c40b25a00ff0adc2af2916e550f7759bde9eb9ee06,dbd79b65380307594f3dcce1086e333f73c30e6bf347ca7f905c915b26ce27ca,8f5f83da7c55e8c34a1ed4f5edebb52a900851fee291f6b040745a36665752bd,d04812a498535f8eaef9c9bf0960886190bb4ed5326d7ad247f949302122e814,0.97338276797150047,0.02661723202835916,82.394869719997601,0.3927842696321498,True,False,,,False,,observed_profile_hessian,34,1.91693081344,34,9.9999999999999995e-07,0,f6602f0b25a0a354e6615a539ed9ae2eb465d4938ffba053e3941a08cc80875b,3195d89a0dc9248b29018ad2a850e96a656ee25b6e3931ba825395fa95870d56,"[{""attempt"": 0, ""tolerance"": 2e-07, ""free_valid"": true, ""free_nll"": 21.609739768734627, ""free_score"": 1.871836019518014e-13, ""sigma"": 5703.320446709527}]",1,21.609739768734627,1.8718360195180139e-13,125382.23834079408,125199.50044332822,newton
calibration,nominal,0.10000000000000001,44,75,7,11517.716273119184,1645.3880390170264,12019.838951502015,1652.0317417518891,0.30394251253935228,,,,11580,11580,11278,302,0,eec7986620edd4af05d718d49ea73fa65143dbba7e7572837363887d5ed35e2c,74fb0feff36902479cba4b8ec9df0e14d648f5db364b685d8de0318b017a4634,cf111c7b54d6544fccec083ef450004ef6648e56f4ab38dff04e00b46422ed20,8f5f83da7c55e8c34a1ed4f5edebb52a900851fee291f6b040745a36665752bd,d04812a498535f8eaef9c9bf0960886190bb4ed5326d7ad247f949302122e814,0.97338276797150047,0.02661723202835916,82.394869719997601,0.3927842696321498,True,False,,,False,,observed_profile_hessian,34,1.91693081344,34,9.9999999999999995e-08,0,a9c66771c06c373672918af1efadfcc5125a41d4b54bee95e01f2a1be6a8a2ee,c09da1efa7a07a18699482ed0b4d76946409665edd693c8145d4ec97f6447d6e,"[{""attempt"": 0, ""tolerance"": 2e-07, ""free_valid"": true, ""free_nll"": 21.13419531073536, ""free_score"": 3.088398425887817e-10, ""sigma"": 1652.031741751889}]",1,21.134195310735361,3.0883984258878172e-10,12576.31443620991,12514.407228091828,newton
calibration,nominal,1,44,75,7,39844.759587139793,5692.1085124485417,40904.389645451971,5705.0407126997925,0.18573575749483642,,,,39840,39840,38822,1018,0,d241b00d6b22d05f5be475a27c09ed137a3fa81b2b48569eb0e7b4b39660b38d,2d3c9765d299481d5dd7e91471f18590568d8bfbbb7b364331337f610500a4e4,aee34c8c18a724558fd3c6c8fe475b0ac7603b74de19e36dc1632ea9eb139188,8f5f83da7c55e8c34a1ed4f5edebb52a900851fee291f6b040745a36665752bd,d04812a498535f8eaef9c9bf0960886190bb4ed5326d7ad247f949302122e814,0.97338276797150047,0.02661723202835916,82.394869719997601,0.3927842696321498,True,False,,,False,,observed_profile_hessian,34,1.91693081344,34,9.9999999999999995e-07,0,2830ca4ecaa92d9a800474ccf75302a91f2c3435dece526e5abcbb404ddcdaca,9f50eabf52b6ec244bc923c337cd27b0052111b6c713f2ff231927e5ea303a4f,"[{""attempt"": 0, ""tolerance"": 2e-07, ""free_valid"": true, ""free_nll"": 22.502784902706356, ""free_score"": 2.0461410343841635e-13, ""sigma"": 5705.0407126997925}]",1,22.502784902706356,2.0461410343841635e-13,125422.66881610078,125211.99406638563,newton
calibration,nominal,0.10000000000000001,44,75,8,13163.104312136211,1645.3880390170264,13490.40217984318,1653.2521355862057,0.19797214270097838,,,,13029,13029,12703,326,0,eec7986620edd4af05d718d49ea73fa65143dbba7e7572837363887d5ed35e2c,f166828d6b5b1efeb922cc186f23e4e996e0df25201e7b6be1b9f2590bab1ba9,ce637c0bccffe1523356cd10af7c62bd017e98f7ce0e768c4fd613ac9a35324a,8f5f83da7c55e8c34a1ed4f5edebb52a900851fee291f6b040745a36665752bd,d04812a498535f8eaef9c9bf0960886190bb4ed5326d7ad247f949302122e814,0.97338276797150047,0.02661723202835916,82.394869719997601,0.3927842696321498,True,False,,,False,,observed_profile_hessian,34,1.91693081344,34,9.9999999999999995e-08,0,44cfd03049a8163e91a02da76fd9fd44405e4f808b6d36b676331903306e9c89,d9f10881aab963b2488651b03b43be43584cd3ce10b5309dc604554f03c34c0d,"[{""attempt"": 0, ""tolerance"": 2e-07, ""free_valid"": true, ""free_nll"": 20.959313312077484, ""free_score"": 6.763007931454013e-10, ""sigma"": 1653.2521355862057}]",1,20.959313312077484,6.7630079314540126e-10,12582.270549622808,12512.789324565312,newton
calibration,nominal,1,44,75,8,45536.868099588333,5692.1085124485417,46789.648230826824,5706.8661805224192,0.21952155379326041,,,,45477,45477,44259,1218,0,d241b00d6b22d05f5be475a27c09ed137a3fa81b2b48569eb0e7b4b39660b38d,b23ded953a506a86ae30cfb2b80023250e51adea2983c9d5630c7136d84cb519,2845080f677770e74b29f720948a407ba90284706ead0b317284cd554815e1d7,8f5f83da7c55e8c34a1ed4f5edebb52a900851fee291f6b040745a36665752bd,d04812a498535f8eaef9c9bf0960886190bb4ed5326d7ad247f949302122e814,0.97338276797150047,0.02661723202835916,82.394869719997601,0.3927842696321498,True,False,,,False,,observed_profile_hessian,34,1.91693081344,34,9.9999999999999995e-07,0,9c72c6d0b47a960de1252c52494827f55084f0a53a4fa057cda70f659f01146a,ff7b4535e949b44dda878f9f52eb08a6e160a5618e0807b61debe34540c52fed,"[{""attempt"": 0, ""tolerance"": 2e-07, ""free_valid"": true, ""free_nll"": 22.724050559968337, ""free_score"": 7.294165271787278e-14, ""sigma"": 5706.866180522419}]",1,22.724050559968337,7.2941652717872785e-14,125450.78791705986,125209.80161911652,newton
calibration,nominal,0.10000000000000001,44,76,0,0,1645.3880390170264,225.51584052988699,1644.9458256271546,0.13709621132593011,,,,0,0,0,0,0,c797965b6488f1246f047a8f797a46fbe613189824302bf89ece27ee0727bc93,c797965b6488f1246f047a8f797a46fbe613189824302bf89ece27ee0727bc93,f440d6087e5a50c4aef861dbe0f0dd7752e43e8d6fb7b0a6393f704d359bba12,8f5f83da7c55e8c34a1ed4f5edebb52a900851fee291f6b040745a36665752bd,d04812a498535f8eaef9c9bf0960886190bb4ed5326d7ad247f949302122e814,0.97338276797150047,0.02661723202835916,82.394869719997601,0.3927842696321498,True,False,,,False,,observed_profile_hessian,34,1.91693081344,34,9.9999999999999995e-08,0,e9f3ffa666bd4d902ca32e819439acb2127536d79511d74fedfc5313195daa61,ac5999632d9980de644855c9e2b339ea9b03d04f8c6b33074594891670e4db7b,"[{""attempt"": 0, ""tolerance"": 2e-07, ""free_valid"": true, ""free_nll"": 13.575125730192738, ""free_score"": 5.648362610966018e-10, ""sigma"": 1644.9458256271546}]",1,13.575125730192738,5.6483626109660179e-10,12528.899812815262,12527.738311722782,newton
calibration,nominal,1,44,76,0,0,5692.1085124485417,-1039.6524910867361,5692.0836153890405,-0.18264884378647314,,,,0,0,0,0,0,28a39034a938911928c6caa476cae912d445f57ef2c1aa12febdf8e66d076ea4,28a39034a938911928c6caa476cae912d445f57ef2c1aa12febdf8e66d076ea4,f440d6087e5a50c4aef861dbe0f0dd7752e43e8d6fb7b0a6393f704d359bba12,8f5f83da7c55e8c34a1ed4f5edebb52a900851fee291f6b040745a36665752bd,d04812a498535f8eaef9c9bf0960886190bb4ed5326d7ad247f949302122e814,0.97338276797150047,0.02661723202835916,82.394869719997601,0.3927842696321498,True,False,,,False,,observed_profile_hessian,34,1.91693081344,34,9.9999999999999995e-07,0,fda830ac42585b626a636b1c6a7d8778ed513024e5a669d875c60f5d5b6ad06b,a1208a2e179e0ea2595bc76d01c0d526c4d5093549270bba190d6d4789caa3fa,"[{""attempt"": 0, ""tolerance"": 2e-07, ""free_valid"": true, ""free_nll"": 14.637174455329596, ""free_score"": 4.4463976944797423e-10, ""sigma"": 5692.0836153890405}]",1,14.637174455329596,4.4463976944797423e-10,125276.75303044671,125282.10767649446,newton
calibration,nominal,0.10000000000000001,44,76,1,1645.3880390170264,1645.3880390170264,1842.8493937990829,1646.4364204093524,0.11993257215056131,,,,1690,1690,1653,37,0,c797965b6488f1246f047a8f797a46fbe613189824302bf89ece27ee0727bc93,e47627e28c068a1e3449677abc9328e794a25a55d4b5c8da25281c49bfea44a3,322575e05272360f074a232de12a8dffb8043f4135be88e5a2da54469873020b,8f5f83da7c55e8c34a1ed4f5edebb52a900851fee291f6b040745a36665752bd,d04812a498535f8eaef9c9bf0960886190bb4ed5326d7ad247f949302122e814,0.97338276797150047,0.02661723202835916,82.394869719997601,0.3927842696321498,True,False,,,False,,observed_profile_hessian,34,1.91693081344,34,9.9999999999999995e-08,0,1f4b263efb62263fa465709ebc430678fc3f6da1098a13f9f0b38cdc15fcec73,f32b47a59e38043338dce8cfc46c44193059d4080384d17f2d55b41ccd965288,"[{""attempt"": 0, ""tolerance"": 2e-07, ""free_valid"": true, ""free_nll"": 13.741874973113658, ""free_score"": 4.2646441933413826e-14, ""sigma"": 1646.4364204093524}]",1,13.741874973113658,4.2646441933413826e-14,12539.086080320307,12529.594633603547,newton
calibration,nominal,1,44,76,1,5692.1085124485417,5692.1085124485417,4317.9473737197504,5693.8105795388592,-0.24134296698716035,,,,5721,5721,5576,145,0,28a39034a938911928c6caa476cae912d445f57ef2c1aa12febdf8e66d076ea4,4ac2bd14752b033ffae9e751471573e424bc0d5ec70cba660c87709e287ce2e3,f4e2b1e6f2d3b550ec4bda72af8f815a60a1961dccc9e022d58c8bc65013c251,8f5f83da7c55e8c34a1ed4f5edebb52a900851fee291f6b040745a36665752bd,d04812a498535f8eaef9c9bf0960886190bb4ed5326d7ad247f949302122e814,0.97338276797150047,0.02661723202835916,82.394869719997601,0.3927842696321498,True,False,,,False,,observed_profile_hessian,34,1.91693081344,34,9.9999999999999995e-07,0,db84e3012cf03401f58263106b5cc24b44290557c12710e670a5cc924eeeadd9,138ac4895bd942fa3b80c9925cd4003f54027d01d3c1b9e27d44299758acb465,"[{""attempt"": 0, ""tolerance"": 2e-07, ""free_valid"": true, ""free_nll"": 14.394852354655352, ""free_score"": 2.954343797378911e-08, ""sigma"": 5693.810579538859}]",1,14.394852354655352,2.9543437973789111e-08,125312.26693136741,125290.02769273981,newton
calibration,nominal,0.10000000000000001,44,76,2,3290.7760780340527,1645.3880390170264,3273.9369292852557,1647.866301102413,-0.010218759093217528,,,,3221,3221,3121,100,0,c797965b6488f1246f047a8f797a46fbe613189824302bf89ece27ee0727bc93,585a72b8c73e0bbe4ca7a993d2a1cf9f93847dea54c95d50c535e3a2d44c0b1e,7cadb4af5de12602cde2c747a70c224f4ce942891573ce86490e044fa0060a1f,8f5f83da7c55e8c34a1ed4f5edebb52a900851fee291f6b040745a36665752bd,d04812a498535f8eaef9c9bf0960886190bb4ed5326d7ad247f949302122e814,0.97338276797150047,0.02661723202835916,82.394869719997601,0.3927842696321498,True,False,,,False,,observed_profile_hessian,34,1.91693081344,34,9.9999999999999995e-08,0,507856692e8ff4bd90348a18b98e46c44e3fa955753602d97e4abe430cf89f27,f119e1178eba372fb0fb28bef39b974722bcf4d3ef3d1514d5c8d8b4fd4610b6,"[{""attempt"": 0, ""tolerance"": 2e-07, ""free_valid"": true, ""free_nll"": 13.089514453218081, ""free_score"": 2.973489510171845e-14, ""sigma"": 1647.866301102413}]",1,13.089514453218081,2.973489510171845e-14,12548.039446878407,12531.177299584711,newton
calibration,nominal,1,44,76,2,11384.217024897083,5692.1085124485417,9653.8904599014677,5695.5587075826525,-0.30380277929397598,,,,11287,11287,10960,327,0,28a39034a938911928c6caa476cae912d445f57ef2c1aa12febdf8e66d076ea4,5b963a700602d27ea2d48aa9b4cc43223e09fb315f09e70499856cfd299783f6,f9bc1ce883db56cceb8685a198d9b106471b8e8a540a73465a17aae34e49e726,8f5f83da7c55e8c34a1ed4f5edebb52a900851fee291f6b040745a36665752bd,d04812a498535f8eaef9c9bf0960886190bb4ed5326d7ad247f949302122e814,0.97338276797150047,0.02661723202835916,82.394869719997601,0.3927842696321498,True,False,,,False,,observed_profile_hessian,34,1.91693081344,34,9.9999999999999995e-07,0,c99e8acce056f2f9b7aedf864f21e75ec59891631d2a7060db2a29d0e6f78636,ff3d290a53f15945abb3de91f6870da746143b253425cd1bcd01440b41b19a63,"[{""attempt"": 0, ""tolerance"": 2e-07, ""free_valid"": true, ""free_nll"": 14.844485819132924, ""free_score"": 1.8740564655672642e-13, ""sigma"": 5695.5587075826525}]",1,14.844485819132924,1.8740564655672642e-13,125345.51911551267,125295.79753369601,newton
calibration,nominal,0.10000000000000001,44,76,3,4936.1641170510793,1645.3880390170264,4931.1711210060566,1649.2518656817385,-0.0030274308908898812,,,,4923,4923,4807,116,0,c797965b6488f1246f047a8f797a46fbe613189824302bf89ece27ee0727bc93,24219d669ec3ed06a3e5042f2bc9c5219f54179f4d8f0f4477dadc59bf666362,b982e6692020afb5949a9a10fb099b062ac9963564b34ce9e7e06eaeaef7cc93,8f5f83da7c55e8c34a1ed4f5edebb52a900851fee291f6b040745a36665752bd,d04812a498535f8eaef9c9bf0960886190bb4ed5326d7ad247f949302122e814,0.97338276797150047,0.02661723202835916,82.394869719997601,0.3927842696321498,True,False,,,False,,observed_profile_hessian,34,1.91693081344,34,9.9999999999999995e-08,0,da231417f63ad570ac2859b238888ca4440373ccaaee55a30b85e3608b4bdd79,fb21b9d90f7e6cd0e1b7eacbc04c8d1b7c525cf8b049bfe2bfd0c0c9bfc020dd,"[{""attempt"": 0, ""tolerance"": 2e-07, ""free_valid"": true, ""free_nll"": 13.14477039528958, ""free_score"": 1.1865682048028958e-13, ""sigma"": 1649.2518656817385}]",1,13.14477039528958,1.1865682048028958e-13,12558.249660588144,12532.852062659776,newton
calibration,nominal,1,44,76,3,17076.325537345627,5692.1085124485417,15051.464697791902,5697.2361049620886,-0.35541108043427294,,,,16922,16922,16475,447,0,28a39034a938911928c6caa476cae912d445f57ef2c1aa12febdf8e66d076ea4,febde226186c5675fb580ae00db4b5aeea6d4aab279b79b1472071e0c13594d6,32dc4d44ea72d9461686f0c5c26b8ddb5b2bd5a35ab68730ae188d374974f76f,8f5f83da7c55e8c34a1ed4f5edebb52a900851fee291f6b040745a36665752bd,d04812a498535f8eaef9c9bf0960886190bb4ed5326d7ad247f949302122e814,0.97338276797150047,0.02661723202835916,82.394869719997601,0.3927842696321498,True,False,,,False,,observed_profile_hessian,34,1.91693081344,34,9.9999999999999995e-07,0,b61b7b960cc6ed1dbf132377261e3a766fec6c2c6a485f28ae2590ba14d88bf3,70585d54f405ca4bdb79e27676c1cc4df780790d1c9d753b90cd14f094fdf685,"[{""attempt"": 0, ""tolerance"": 2e-07, ""free_valid"": true, ""free_nll"": 14.581158586313707, ""free_score"": 1.5987211554602254e-14, ""sigma"": 5697.236104962089}]",1,14.581158586313707,1.5987211554602254e-14,125380.68714524542,125303.16579397875,newton
calibration,nominal,0.10000000000000001,44,76,4,6581.5521560681054,1645.3880390170264,6854.9361963896781,1650.7736623992553,0.16560964507044101,,,,6638,6638,6474,164,0,c797965b6488f1246f047a8f797a46fbe613189824302bf89ece27ee0727bc93,81a43002dc6d3db01495c774c2328599bac21709aa78bd2e59e1560208c01c56,bf013ab1100ae950026ecd32720ec58a6cc397014d93f635758dd9a5ee44a356,8f5f83da7c55e8c34a1ed4f5edebb52a900851fee291f6b040745a36665752bd,d04812a498535f8eaef9c9bf0960886190bb4ed5326d7ad247f949302122e814,0.97338276797150047,0.02661723202835916,82.394869719997601,0.3927842696321498,True,False,,,False,,observed_profile_hessian,34,1.91693081344,34,9.9999999999999995e-08,0,893285d72ce599ece6f154e2b6607006e15618562fdcb789dc817b313741f4c6,863f6660711c5c118c49265bbc10def34fc1c590ba6963bebd4b268916749181,"[{""attempt"": 0, ""tolerance"": 2e-07, ""free_valid"": true, ""free_nll"": 13.490540422051561, ""free_score"": 1.2641276914138189e-12, ""sigma"": 1650.7736623992553}]",1,13.490540422051561,1.2641276914138189e-12,12565.870227588097,12530.564433271024,newton
calibration,nominal,1,44,76,4,22768.434049794167,5692.1085124485417,21301.16756488285,5698.9817292226335,-0.25746116668309776,,,,22877,22877,22309,568,0,28a39034a938911928c6caa476cae912d445f57ef2c1aa12febdf8e66d076ea4,4e1fb623f17325819d9f128659b3c1bce24a17c43624b6c0f7ead635735121aa,ec76c2d466d5a1ae66e19ac1c1e0cdd8c4b6b0ee2ffc5b4ce2f9b983a129d193,8f5f83da7c55e8c34a1ed4f5edebb52a900851fee291f6b040745a36665752bd,d04812a498535f8eaef9c9bf0960886190bb4ed5326d7ad247f949302122e814,0.97338276797150047,0.02661723202835916,82.394869719997601,0.3927842696321498,True,False,,,False,,observed_profile_hessian,34,1.91693081344,34,9.9999999999999995e-07,0,9c55ea6257f1bd0c7c693a7003452f51367e4b0c7286c607649844f41a53c058,2d71895f0c97afd9c0e94f26776584398f57e6abe75ca16e7034fd3edf537e8c,"[{""attempt"": 0, ""tolerance"": 2e-07, ""free_valid"": true, ""free_nll"": 14.635401323976723, ""free_score"": 6.405986852087153e-14, ""sigma"": 5698.9817292226335}]",1,14.635401323976723,6.4059868520871532e-14,125409.31212309639,125299.602182812,newton
calibration,nominal,0.10000000000000001,44,76,5,8226.9401950851316,1645.3880390170264,8018.2278928855903,1652.2387074901503,-0.12632091310618654,,,,8256,8256,8035,221,0,c797965b6488f1246f047a8f797a46fbe613189824302bf89ece27ee0727bc93,8f7b8eef90032911837554f340c1d84e02df0e2daa988fcc60d3d70dcd5d736a,fc29c31367ff44a8f63ea7e145c7ccd0a1ee560664345a59077058e917d8e1ea,8f5f83da7c55e8c34a1ed4f5edebb52a900851fee291f6b040745a36665752bd,d04812a498535f8eaef9c9bf0960886190bb4ed5326d7ad247f949302122e814,0.97338276797150047,0.02661723202835916,82.394869719997601,0.3927842696321498,True,False,,,False,,observed_profile_hessian,34,1.91693081344,34,9.9999999999999995e-08,0,adda9cbac86e95acafcd58949f0075709abd3361728e9d170e1a075a65e85b70,5a46ba5fb12d4fae7c9846c2f96ec0020acee820a50499a0742a45990bf3d561,"[{""attempt"": 0, ""tolerance"": 2e-07, ""free_valid"": true, ""free_nll"": 13.831194176196242, ""free_score"": 5.618783216476686e-12, ""sigma"": 1652.2387074901503}]",1,13.831194176196242,5.618783216476686e-12,12579.824108337503,12538.526874247604,newton
calibration,nominal,1,44,76,5,28460.542562242706,5692.1085124485417,25995.028252050146,5700.7305866185116,-0.43249093650907361,,,,28582,28582,27822,760,0,28a39034a938911928c6caa476cae912d445f57ef2c1aa12febdf8e66d076ea4,658734d905c25ca8165bcd7b8a81b4e0327dce2854175633484b7a853d0470fe,32094120ca467545ab4deecefe6545d07443da908b923b5e5a07c9ff44ebea04,8f5f83da7c55e8c34a1ed4f5edebb52a900851fee291f6b040745a36665752bd,d04812a498535f8eaef9c9bf0960886190bb4ed5326d7ad247f949302122e814,0.97338276797150047,0.02661723202835916,82.394869719997601,0.3927842696321498,True,False,,,False,,observed_profile_hessian,34,1.91693081344,34,9.9999999999999995e-07,0,5a4e767551aa81c6c91e1dd491d73e2e3bd57f11862759e7cbd78e9e1f8c182d,b764e484d27775a956653f27ec782fb9074d8064e1ad17619d40eb170b22f8c1,"[{""attempt"": 0, ""tolerance"": 2e-07, ""free_valid"": true, ""free_nll"": 14.616822710570684, ""free_score"": 1.0219602941674566e-13, ""sigma"": 5700.730586618512}]",1,14.616822710570684,1.0219602941674566e-13,125452.51064534452,125318.6253553229,newton
calibration,nominal,0.10000000000000001,44,76,6,9872.3282341021586,1645.3880390170264,9890.5401427604993,1653.7206257828263,0.011012687617486579,,,,9935,9935,9667,268,0,c797965b6488f1246f047a8f797a46fbe613189824302bf89ece27ee0727bc93,0b1b5db098d355c9dd93326f15892f8daef6723b2da61ef1843dc1aaf78522a4,df0d9f0442c32121ef2fdaefed801f4b7a0113c9198213fd62be13ad8943ac40,8f5f83da7c55e8c34a1ed4f5edebb52a900851fee291f6b040745a36665752bd,d04812a498535f8eaef9c9bf0960886190bb4ed5326d7ad247f949302122e814,0.97338276797150047,0.02661723202835916,82.394869719997601,0.3927842696321498,True,False,,,False,,observed_profile_hessian,34,1.91693081344,34,9.9999999999999995e-08,0,dbe256d840e9e2fba4850c81e6a4d19e4a1a3fe92f49cd3da0585d63787f5a41,fc10413204f753e1da85836554180b7bc64f6a84f2ba9a485d03b31f09f3017f,"[{""attempt"": 0, ""tolerance"": 2e-07, ""free_valid"": true, ""free_nll"": 13.777631242665162, ""free_score"": 2.4222263084183737e-11, ""sigma"": 1653.7206257828263}]",1,13.777631242665162,2.4222263084183737e-11,12587.252629209312,12536.312202345971,newton
calibration,nominal,1,44,76,6,34152.651074691254,5692.1085124485417,31573.027323254635,5702.4943836619277,-0.45236760930925829,,,,34238,34238,33316,922,0,28a39034a938911928c6caa476cae912d445f57ef2c1aa12febdf8e66d076ea4,3d1d1251b701f2772a13c29c4d4a5de5964dcadb14b2e3656e6451f0cc3ee0bc,4e058c941b9239c8d55006ffef0fd560ef6f419675aa62302b6198ec1d77d535,8f5f83da7c55e8c34a1ed4f5edebb52a900851fee291f6b040745a36665752bd,d04812a498535f8eaef9c9bf0960886190bb4ed5326d7ad247f949302122e814,0.97338276797150047,0.02661723202835916,82.394869719997601,0.3927842696321498,True,False,,,False,,observed_profile_hessian,34,1.91693081344,34,9.9999999999999995e-07,0,1d98598df512b334db4d94b050e3104f71c95f4cb0478ac7b38adbe5ddd3d6fa,9b2ee9b4f988d68dbd5592676ae9ee06a10a6e877e0c38a83fad58e8b18d1821,"[{""attempt"": 0, ""tolerance"": 2e-07, ""free_valid"": true, ""free_nll"": 14.56637533527046, ""free_score"": 1.0769163338864018e-13, ""sigma"": 5702.494383661928}]",1,14.566375335270459,1.0769163338864018e-13,125486.18493484573,125323.57061186644,newton
calibration,nominal,0.10000000000000001,44,76,7,11517.716273119184,1645.3880390170264,11461.871737498506,1655.3362234883652,-0.033736068134239121,,,,11799,11799,11474,325,0,c797965b6488f1246f047a8f797a46fbe613189824302bf89ece27ee0727bc93,c5c4a3244af35685119becbe25fac228a9baf38df83ee97c2b1da591f49cd5de,2794efa44f2be497393647229bfdc5fb763d70019e66c8592ad4af41b9ebc8bf,8f5f83da7c55e8c34a1ed4f5edebb52a900851fee291f6b040745a36665752bd,d04812a498535f8eaef9c9bf0960886190bb4ed5326d7ad247f949302122e814,0.97338276797150047,0.02661723202835916,82.394869719997601,0.3927842696321498,True,False,,,False,,observed_profile_hessian,34,1.91693081344,34,9.9999999999999995e-08,0,ac92186aca4cd2b12747214d2e12265a17d6e3ebbf47ba8fef0389cb4a19f731,8c282284ebe5e88ced30be0609786133f8583aef86a55c51d4098c77ef865289,"[{""attempt"": 0, ""tolerance"": 2e-07, ""free_valid"": true, ""free_nll"": 14.246344094069139, ""free_score"": 8.274531060337154e-11, ""sigma"": 1655.3362234883652}]",1,14.246344094069139,8.2745310603371536e-11,12602.951559299388,12543.91811617764,newton
calibration,nominal,1,44,76,7,39844.759587139793,5692.1085124485417,37377.844797205522,5704.3257576688848,-0.43246386947971127,,,,40215,40215,39132,1083,0,28a39034a938911928c6caa476cae912d445f57ef2c1aa12febdf8e66d076ea4,cb8f59063f6947dff1255a94aafe44004e5cf0811d44047119843f038c8cdada,96b8f8f88372a617551c9ebac7fc2dd679993eb3442a9c95386e12bf79074c9b,8f5f83da7c55e8c34a1ed4f5edebb52a900851fee291f6b040745a36665752bd,d04812a498535f8eaef9c9bf0960886190bb4ed5326d7ad247f949302122e814,0.97338276797150047,0.02661723202835916,82.394869719997601,0.3927842696321498,True,False,,,False,,observed_profile_hessian,34,1.91693081344,34,9.9999999999999995e-07,0,b2d94df6f28637569ea94a8dd5932bdc5ff11af06d8c65773340785c815d0a25,e1b89b975dce5f53bb6afa237f56aa625b9b06d58a5ec979eae8c55bf110bd24,"[{""attempt"": 0, ""tolerance"": 2e-07, ""free_valid"": true, ""free_nll"": 15.319126731423449, ""free_score"": 1.925681836212334e-13, ""sigma"": 5704.325757668885}]",1,15.319126731423449,1.925681836212334e-13,125521.70579833801,125329.19423256724,newton
calibration,nominal,0.10000000000000001,44,76,8,13163.104312136211,1645.3880390170264,12648.19330164191,1656.4439238060124,-0.31085327012531139,,,,13021,13021,12648,373,0,c797965b6488f1246f047a8f797a46fbe613189824302bf89ece27ee0727bc93,538cb8665bfb6d54100cfda933dbe52cb19f76646247f2abd14900c6b9f879c9,4c992da9f34c0e71e0a731db56eb7d3e239127f08046806a2c40a68c9b7f77f5,8f5f83da7c55e8c34a1ed4f5edebb52a900851fee291f6b040745a36665752bd,d04812a498535f8eaef9c9bf0960886190bb4ed5326d7ad247f949302122e814,0.97338276797150047,0.02661723202835916,82.394869719997601,0.3927842696321498,True,False,,,False,,observed_profile_hessian,34,1.91693081344,34,9.9999999999999995e-08,0,a47fd95f828700e0e1122b63436712bd815caf2fe8fae26adcf823a0bcdb505d,7e7e78f35f00f1c1c0ce3fff0e721c34e299cf79dcf56ea55590280e21e14942,"[{""attempt"": 0, ""tolerance"": 2e-07, ""free_valid"": true, ""free_nll"": 13.010944745553326, ""free_score"": 1.7056617229727067e-10, ""sigma"": 1656.4439238060124}]",1,13.010944745553326,1.7056617229727067e-10,12607.976948812004,12542.833452447219,newton
calibration,nominal,1,44,76,8,45536.868099588333,5692.1085124485417,43037.822032813434,5705.9053607667574,-0.43797537967560657,,,,45528,45528,44299,1229,0,28a39034a938911928c6caa476cae912d445f57ef2c1aa12febdf8e66d076ea4,26fa8cbc6be26ba513828339ce729af15aa8ff59cd87a9ad43839bc30f60db40,65803637d464968b6f5c58e7c26d853de057b6d21be82c672d3e7d4deee26220,8f5f83da7c55e8c34a1ed4f5edebb52a900851fee291f6b040745a36665752bd,d04812a498535f8eaef9c9bf0960886190bb4ed5326d7ad247f949302122e814,0.97338276797150047,0.02661723202835916,82.394869719997601,0.3927842696321498,True,False,,,False,,observed_profile_hessian,34,1.91693081344,34,9.9999999999999995e-07,0,692ba39e27678be9c6c46195dc6fa32bdf5c41743ea72cd98faf562064e6afc5,61f72ca500059831a0f2f06c25e6477029dff5853facf5a95da2da7fbc4a3a39,"[{""attempt"": 0, ""tolerance"": 2e-07, ""free_valid"": true, ""free_nll"": 14.615431874268847, ""free_score"": 1.2938261573225418e-13, ""sigma"": 5705.905360766757}]",1,14.615431874268847,1.2938261573225418e-13,125547.35918229945,125325.69636166727,newton
calibration,nominal,0.10000000000000001,44,77,0,0,1645.3880390170264,1984.2662725513173,1642.3297675016545,1.2082020991252103,,,,0,0,0,0,0,94808ad407f03863ea3e4c83e8b67a6a10ad3e098e5256bd360b6f69d46a6a61,94808ad407f03863ea3e4c83e8b67a6a10ad3e098e5256bd360b6f69d46a6a61,f440d6087e5a50c4aef861dbe0f0dd7752e43e8d6fb7b0a6393f704d359bba12,8f5f83da7c55e8c34a1ed4f5edebb52a900851fee291f6b040745a36665752bd,d04812a498535f8eaef9c9bf0960886190bb4ed5326d7ad247f949302122e814,0.97338276797150047,0.02661723202835916,82.394869719997601,0.3927842696321498,True,False,,,False,,observed_profile_hessian,34,1.91693081344,34,9.9999999999999995e-08,0,6e3ee3a1b03c87ec84bd67f3b4f447076b3b604df4fe6b3bd80066026c2e085a,fc06b57656bf5c860e5aef099a9ddf74bc19ad3c8a629435e0a772d6afde86d5,"[{""attempt"": 0, ""tolerance"": 2e-07, ""free_valid"": true, ""free_nll"": 17.509695484677678, ""free_score"": 4.456157665089222e-14, ""sigma"": 1642.3297675016545}]",1,17.509695484677678,4.4561576650892221e-14,12525.555801653209,12515.335998743021,newton
calibration,nominal,1,44,77,0,0,5692.1085124485417,11542.138338334395,5690.4740628467234,2.0283263241095084,,,,0,0,0,0,0,3d6b1c17d63421b3329cddb22ded4620a5d93e4b23fef91ec8bba1144c112e5e,3d6b1c17d63421b3329cddb22ded4620a5d93e4b23fef91ec8bba1144c112e5e,f440d6087e5a50c4aef861dbe0f0dd7752e43e8d6fb7b0a6393f704d359bba12,8f5f83da7c55e8c34a1ed4f5edebb52a900851fee291f6b040745a36665752bd,d04812a498535f8eaef9c9bf0960886190bb4ed5326d7ad247f949302122e814,0.97338276797150047,0.02661723202835916,82.394869719997601,0.3927842696321498,True,False,,,False,,observed_profile_hessian,34,1.91693081344,34,9.9999999999999995e-07,0,461d48e69a9ffea37da0966f5d39a6a9bce4604ce0dd4c935d54c7a21e28efd3,0e1a983b1f42644c6d06fdb6a861868a78c398196f349ee7c29bf18b5b6b5ce9,"[{""attempt"": 0, ""tolerance"": 2e-07, ""free_valid"": true, ""free_nll"": 17.342950711515414, ""free_score"": 2.8149317654602157e-08, ""sigma"": 5690.474062846723}]",1,17.342950711515414,2.8149317654602157e-08,125146.18818188368,125086.74133212787,newton
calibration,nominal,0.10000000000000001,44,77,1,1645.3880390170264,1645.3880390170264,3676.8823287671944,1643.7881833963413,1.2358613538349941,,,,1705,1705,1671,34,0,94808ad407f03863ea3e4c83e8b67a6a10ad3e098e5256bd360b6f69d46a6a61,fe8180d7c6a805297d1d2c97db6f9f078efc7022ad9fd0157eef2df707ca5191,c5691c1fc1d014516d33d523c6f04475189bbc8af7fd7798fe43908b238ae2e2,8f5f83da7c55e8c34a1ed4f5edebb52a900851fee291f6b040745a36665752bd,d04812a498535f8eaef9c9bf0960886190bb4ed5326d7ad247f949302122e814,0.97338276797150047,0.02661723202835916,82.394869719997601,0.3927842696321498,True,False,,,False,,observed_profile_hessian,34,1.91693081344,34,9.9999999999999995e-08,0,4ae29fd0a6e57a5659b99dc248e585fe92cf466ea5796522fea61539c9105de2,fb149be03cd3cd3fc41949546c19fae15aba8af2bf9c2eb9bf82a74d948bd613,"[{""attempt"": 0, ""tolerance"": 2e-07, ""free_valid"": true, ""free_nll"": 17.280498701014732, ""free_score"": 7.85205234166142e-14, ""sigma"": 1643.7881833963413}]",1,17.280498701014732,7.8520523416614196e-14,12535.614935410571,12516.677450435014,newton
calibration,nominal,1,44,77,1,5692.1085124485417,5692.1085124485417,17069.927798331792,5692.1869960596696,1.9988484731368406,,,,5719,5719,5584,135,0,3d6b1c17d63421b3329cddb22ded4620a5d93e4b23fef91ec8bba1144c112e5e,7e184ee0301d696badeb26e80ede852ae56ca52f64e102f982006890327cb430,9d3e6ff4b9102dc7ff1e99874369359084a330acb982997a889a2f8f114084ae,8f5f83da7c55e8c34a1ed4f5edebb52a900851fee291f6b040745a36665752bd,d04812a498535f8eaef9c9bf0960886190bb4ed5326d7ad247f949302122e814,0.97338276797150047,0.02661723202835916,82.394869719997601,0.3927842696321498,True,False,,,False,,observed_profile_hessian,34,1.91693081344,34,9.9999999999999995e-07,0,184057429fa89e6ed4f1b9a3f9404d2cc8f624e86907289683415c48810c2a86,5902c3fda02684329501224b6ebece22f2dd364a2585073bb8f2447c973af0c8,"[{""attempt"": 0, ""tolerance"": 2e-07, ""free_valid"": true, ""free_nll"": 17.094726503158366, ""free_score"": 8.204548151979907e-14, ""sigma"": 5692.18699605967}]",1,17.094726503158366,8.2045481519799068e-14,125180.14971977829,125092.23243760539,newton
calibration,nominal,0.10000000000000001,44,77,2,3290.7760780340527,1645.3880390170264,5150.080021208586,1645.2206464950327,1.1301243678989699,,,,3274,3274,3179,95,0,94808ad407f03863ea3e4c83e8b67a6a10ad3e098e5256bd360b6f69d46a6a61,abd95770a4fa08fd024b1f668163af430ad5f93e0543b822fe5fa3aa4af8fe13,2d792f3db3393f36db11326cdc686ad829f2c62b5f752a283102291452e00290,8f5f83da7c55e8c34a1ed4f5edebb52a900851fee291f6b040745a36665752bd,d04812a498535f8eaef9c9bf0960886190bb4ed5326d7ad247f949302122e814,0.97338276797150047,0.02661723202835916,82.394869719997601,0.3927842696321498,True,False,,,False,,observed_profile_hessian,34,1.91693081344,34,9.9999999999999995e-08,0,793d206056e017a28a281db0ee577491d2e04ff65d92b10e75f1db1e3c384c16,fe8d371412c0bc1dad234c91d2665cf861431eabb5c2d010ebdda1223293a835,"[{""attempt"": 0, ""tolerance"": 2e-07, ""free_valid"": true, ""free_nll"": 17.547047037905777, ""free_score"": 9.98368054894172e-14, ""sigma"": 1645.2206464950327}]",1,17.547047037905777,9.9836805489417202e-14,12543.92531420593,12517.400243696738,newton
calibration,nominal,1,44,77,2,11384.217024897083,5692.1085124485417,22351.08141511973,5693.9222060757866,1.9260650204388614,,,,11321,11321,11017,304,0,3d6b1c17d63421b3329cddb22ded4620a5d93e4b23fef91ec8bba1144c112e5e,0a3299ace46aed3257e5583d35b9f31f60e6c3a6de433e1a7ec06c9302d3bc4a,c0e04101163cf7b7df98e042f7c1de1192eff3638659eedd219cb231cc23faf7,8f5f83da7c55e8c34a1ed4f5edebb52a900851fee291f6b040745a36665752bd,d04812a498535f8eaef9c9bf0960886190bb4ed5326d7ad247f949302122e814,0.97338276797150047,0.02661723202835916,82.394869719997601,0.3927842696321498,True,False,,,False,,observed_profile_hessian,34,1.91693081344,34,9.9999999999999995e-07,0,97407c2eba809e0768aaa4f71da268ab518125cef9203e8bc8665dcd09c8ed26,94d254f9bed99f1152495938b65370f937a683a4721847c6ac2b7e95840006de,"[{""attempt"": 0, ""tolerance"": 2e-07, ""free_valid"": true, ""free_nll"": 17.360087277988338, ""free_score"": 5.762057497804562e-14, ""sigma"": 5693.922206075787}]",1,17.360087277988338,5.7620574978045624e-14,125213.12016742968,125098.00273079737,newton
calibration,nominal,0.10000000000000001,44,77,3,4936.1641170510793,1645.3880390170264,6751.2775863414436,1646.8094125235896,1.1022000818594202,,,,5022,5022,4882,140,0,94808ad407f03863ea3e4c83e8b67a6a10ad3e098e5256bd360b6f69d46a6a61,ae94abc47bbe00e1b768136999dbf83b6d7683ca8baf1ea84b9da6cd4da70ec0,622ee2d75cbdfd8c301336719699e3319b4cc339304d8152521d6786669c7557,8f5f83da7c55e8c34a1ed4f5edebb52a900851fee291f6b040745a36665752bd,d04812a498535f8eaef9c9bf0960886190bb4ed5326d7ad247f949302122e814,0.97338276797150047,0.02661723202835916,82.394869719997601,0.3927842696321498,True,False,,,False,,observed_profile_hessian,34,1.91693081344,33,9.9999999999999995e-08,9.7600063733954609e-09,f8b1a7c1021d6147144caacc89ba4d419769654766081240fa1a74960c07810e,2df640468338f581c2e3a7744f596b426fff22b844efa7038966e6083ebb401e,"[{""attempt"": 0, ""tolerance"": 2e-07, ""free_valid"": true, ""free_nll"": 17.984179377505082, ""free_score"": 1.1345369088644475e-12, ""sigma"": 1646.8094125235896}]",1,17.984179377505082,1.1345369088644475e-12,12556.667026953128,12521.895117921156,newton
calibration,nominal,1,44,77,3,17076.325537345627,5692.1085124485417,27659.420287649584,5695.6504315452612,1.8581011734304602,,,,17095,17095,16645,450,0,3d6b1c17d63421b3329cddb22ded4620a5d93e4b23fef91ec8bba1144c112e5e,7d40fa6f21932033ab72efcf8e6689c1252208c67bfc70bcd339e819982021b7,9c46c306186956b945882be247f5286e1ee0c91d849f829f3d4a205ed83e7dfa,8f5f83da7c55e8c34a1ed4f5edebb52a900851fee291f6b040745a36665752bd,d04812a498535f8eaef9c9bf0960886190bb4ed5326d7ad247f949302122e814,0.97338276797150047,0.02661723202835916,82.394869719997601,0.3927842696321498,True,False,,,False,,observed_profile_hessian,34,1.91693081344,34,9.9999999999999995e-07,0,50caef3f584e6d2caa63fb1ccf1cb4f05cb05d0588e42e11d5bde979e18ed09a,f357e8fcae42c8b0ae06e834ac1077a8ff21b0ca977dc5079e0f843ef33b2454,"[{""attempt"": 0, ""tolerance"": 2e-07, ""free_valid"": true, ""free_nll"": 17.270549236815043, ""free_score"": 6.061817714453355e-14, ""sigma"": 5695.650431545261}]",1,17.270549236815043,6.0618177144533547e-14,125251.07503349552,125108.6174269434,newton
calibration,nominal,0.10000000000000001,44,77,4,6581.5521560681054,1645.3880390170264,8288.4086827951305,1648.1928871240052,1.0355927028088225,,,,6592,6592,6403,189,0,94808ad407f03863ea3e4c83e8b67a6a10ad3e098e5256bd360b6f69d46a6a61,dd71a4fd48d8af7d5903fa0dbf17b0d136a3da1c7fcbc065eff1c7d8eadc3eec,85b78962ae4073d491dab6e61c9de09c15ee8687a90152703b614ecc7f7b6857,8f5f83da7c55e8c34a1ed4f5edebb52a900851fee291f6b040745a36665752bd,d04812a498535f8eaef9c9bf0960886190bb4ed5326d7ad247f949302122e814,0.97338276797150047,0.02661723202835916,82.394869719997601,0.3927842696321498,True,False,,,False,,observed_profile_hessian,34,1.91693081344,34,9.9999999999999995e-08,0,d2ef30d9a1db9fb1716f0ee945ea944819590d3c3586e7763a56d0504050d09e,db35fea02b217d4fb73719db12d7595d057cf6f61cf99c349bac8f0227b7c177,"[{""attempt"": 0, ""tolerance"": 2e-07, ""free_valid"": true, ""free_nll"": 17.99749152138941, ""free_score"": 5.4272697447288465e-12, ""sigma"": 1648.1928871240052}]",1,17.99749152138941,5.4272697447288465e-12,12565.778727735064,12523.089949344285,newton
calibration,nominal,1,44,77,4,22768.434049794167,5692.1085124485417,33389.068780320456,5697.2329497134779,1.8641742095275247,,,,22515,22515,21950,565,0,3d6b1c17d63421b3329cddb22ded4620a5d93e4b23fef91ec8bba1144c112e5e,760a7406e5e625bfb8a5db13e4512f94e10d081bb6c3df76de94ba1fa6bdddfa,b9160c8fb7f0e799ac96c168c2e53e650a2635c493a5a3a23cc8904133dd18bc,8f5f83da7c55e8c34a1ed4f5edebb52a900851fee291f6b040745a36665752bd,d04812a498535f8eaef9c9bf0960886190bb4ed5326d7ad247f949302122e814,0.97338276797150047,0.02661723202835916,82.394869719997601,0.3927842696321498,True,False,,,False,,observed_profile_hessian,34,1.91693081344,34,9.9999999999999995e-07,0,310e62be928ce0de65081537833870f0f577137247aa85051fbdcb16299f0593,eb08274c26979a1edaeba01a9fc4b0141fdc813a81ad7576c46459f494a88fce,"[{""attempt"": 0, ""tolerance"": 2e-07, ""free_valid"": true, ""free_nll"": 17.619608162796045, ""free_score"": 2.4857893521357255e-13, ""sigma"": 5697.232949713478}]",1,17.619608162796045,2.4857893521357255e-13,125276.01194061027,125104.04424302361,newton
calibration,nominal,0.10000000000000001,44,77,5,8226.9401950851316,1645.3880390170264,9885.881634290723,1649.5394111514731,1.0056997898871389,,,,8233,8233,8020,213,0,94808ad407f03863ea3e4c83e8b67a6a10ad3e098e5256bd360b6f69d46a6a61,81dcd1643e3c6a1d1ccad95a4eeca839d9fa0efa8800a56020d0143f70fda9cd,8f7244a5222ab902301ff5696e126c33fc868ecbe04da867df1f0443ee21fea0,8f5f83da7c55e8c34a1ed4f5edebb52a900851fee291f6b040745a36665752bd,d04812a498535f8eaef9c9bf0960886190bb4ed5326d7ad247f949302122e814,0.97338276797150047,0.02661723202835916,82.394869719997601,0.3927842696321498,True,False,,,False,,observed_profile_hessian,34,1.91693081344,34,9.9999999999999995e-08,0,7dd150b75e41f9dce33743230ff5dff25c43dee14325b85190bc241fa7ef8f1b,02d8243f47f6afdbd593e72d873cb10cd18e4e6342e4ae55e0a152a9a3f30fdf,"[{""attempt"": 0, ""tolerance"": 2e-07, ""free_valid"": true, ""free_nll"": 17.64871313933844, ""free_score"": 2.2390977960640157e-11, ""sigma"": 1649.5394111514731}]",1,17.64871313933844,2.2390977960640157e-11,12575.752663474354,12524.836229882016,newton
calibration,nominal,1,44,77,5,28460.542562242706,5692.1085124485417,38382.098385784309,5699.1739876333841,1.7408761067955372,,,,28495,28495,27724,771,0,3d6b1c17d63421b3329cddb22ded4620a5d93e4b23fef91ec8bba1144c112e5e,2c64ecf8097720374664404449dd6ead108539841ff09b9eabf4cccf35e539fb,4e2976ea483c0fecdf58c73ec7ff0d2aebd621870b24613c870ad472aaaf18f3,8f5f83da7c55e8c34a1ed4f5edebb52a900851fee291f6b040745a36665752bd,d04812a498535f8eaef9c9bf0960886190bb4ed5326d7ad247f949302122e814,0.97338276797150047,0.02661723202835916,82.394869719997601,0.3927842696321498,True,False,,,False,,observed_profile_hessian,34,1.91693081344,34,9.9999999999999995e-07,0,12435ccd9810c96d8d3c8ca684d1cdd4bf34092bc51665f7ed44dd58d878f78f,f4d0a51633f66de94a56b782e9e0985862e93d1b245f3cacc6ed25c417363ac5,"[{""attempt"": 0, ""tolerance"": 2e-07, ""free_valid"": true, ""free_nll"": 17.91013378933718, ""free_score"": 2.6134649999676185e-13, ""sigma"": 5699.173987633384}]",1,17.910133789337181,2.6134649999676185e-13,125325.45887734063,125127.77498470574,newton
calibration,nominal,0.10000000000000001,44,77,6,9872.3282341021586,1645.3880390170264,11876.523592864334,1651.2123965164642,1.2137719914109135,,,,10087,10087,9823,264,0,94808ad407f03863ea3e4c83e8b67a6a10ad3e098e5256bd360b6f69d46a6a61,11c058428aaa3c7cfa738b5402ecda4d1c37f2951ac9b66243a7b8c7a6f24063,711ae33a601d28a2b96622b4bd647199e37df34d5c6310ff422701fafadad700,8f5f83da7c55e8c34a1ed4f5edebb52a900851fee291f6b040745a36665752bd,d04812a498535f8eaef9c9bf0960886190bb4ed5326d7ad247f949302122e814,0.97338276797150047,0.02661723202835916,82.394869719997601,0.3927842696321498,True,False,,,False,,observed_profile_hessian,34,1.91693081344,34,9.9999999999999995e-08,0,13a23b5b57d9b5004a8d9dc11234b7c29cd0131de2337441909deedd633bce9c,903ef0a2e073fa1138f7973f61b9bd4f055963bf062f41ab8b316be843116872,"[{""attempt"": 0, ""tolerance"": 2e-07, ""free_valid"": true, ""free_nll"": 17.824797712280123, ""free_score"": 8.58548787618929e-11, ""sigma"": 1651.2123965164642}]",1,17.824797712280123,8.5854878761892905e-11,12584.56991595768,12523.400842000088,newton
calibration,nominal,1,44,77,6,34152.651074691254,5692.1085124485417,44471.867232411714,5700.9404923415386,1.810090137159468,,,,34376,34376,33415,961,0,3d6b1c17d63421b3329cddb22ded4620a5d93e4b23fef91ec8bba1144c112e5e,3cd02fae1a5b32e7a9a3656d543bdba462ae87237421b76615dc9482c215d7f6,5f096b591b08ad7092a3435368b6793db454d62894f768696b58e344d252bedc,8f5f83da7c55e8c34a1ed4f5edebb52a900851fee291f6b040745a36665752bd,d04812a498535f8eaef9c9bf0960886190bb4ed5326d7ad247f949302122e814,0.97338276797150047,0.02661723202835916,82.394869719997601,0.3927842696321498,True,False,,,False,,observed_profile_hessian,34,1.91693081344,34,9.9999999999999995e-07,0,0ea156b2e903d6bd28a4384b5444bb7b7c52a34f226d95135bac5790cee2fc80,97fd19ee016674af5db87695306a1779ecca0c4ecaff028975163a98b3ab2945,"[{""attempt"": 0, ""tolerance"": 2e-07, ""free_valid"": true, ""free_nll"": 18.040355234503913, ""free_score"": 6.650235917504688e-14, ""sigma"": 5700.940492341539}]",1,18.040355234503913,6.6502359175046877e-14,125355.89406747142,125126.84531305259,newton
calibration,nominal,0.10000000000000001,44,77,7,11517.716273119184,1645.3880390170264,12892.097446616401,1652.5570622468724,0.83166942001298383,,,,11620,11620,11287,333,0,94808ad407f03863ea3e4c83e8b67a6a10ad3e098e5256bd360b6f69d46a6a61,6ffbbd5a3fbbb6e283386912c504270f0245b17a473f67de3da72e16da2b9f76,526e941eeed07610761c01263b6ae3a299f5959f0387ae87a02f29444779fe85,8f5f83da7c55e8c34a1ed4f5edebb52a900851fee291f6b040745a36665752bd,d04812a498535f8eaef9c9bf0960886190bb4ed5326d7ad247f949302122e814,0.97338276797150047,0.02661723202835916,82.394869719997601,0.3927842696321498,True,False,,,False,,observed_profile_hessian,34,1.91693081344,34,9.9999999999999995e-08,0,1ce34faa0b18f87fd9054b8f3042abd6dd221ed4a79b33c1f193f85331662cce,777a4bb6473c6724fdcb74c587531f1712112c61a3e643adffc6b6bd13ace628,"[{""attempt"": 0, ""tolerance"": 2e-07, ""free_valid"": true, ""free_nll"": 15.538597395793953, ""free_score"": 1.8986406891130514e-10, ""sigma"": 1652.5570622468724}]",1,15.538597395793953,1.8986406891130514e-10,12599.900685467568,12533.50098053587,newton
calibration,nominal,1,44,77,7,39844.759587139793,5692.1085124485417,49756.608856528852,5702.575360281111,1.7381356042089113,,,,40037,40037,38974,1063,0,3d6b1c17d63421b3329cddb22ded4620a5d93e4b23fef91ec8bba1144c112e5e,8abc375b583cb617e9f46126123c1e2a52ccda96dfcfbb270f92f8dbaf88bc7d,73a9b6561c47dacdc36dab26c958d52a2fa0964b4d4119a9ba0034b79078845e,8f5f83da7c55e8c34a1ed4f5edebb52a900851fee291f6b040745a36665752bd,d04812a498535f8eaef9c9bf0960886190bb4ed5326d7ad247f949302122e814,0.97338276797150047,0.02661723202835916,82.394869719997601,0.3927842696321498,True,False,,,False,,observed_profile_hessian,34,1.91693081344,34,9.9999999999999995e-07,0,ab7cfe220377359f284d3d811dcb86a8e85ac67100bd8a14bf725bdf5450b447,5a574425b7b77757ed42c1ecd8031a3399216f95221521c2e87f6bf98130635a,"[{""attempt"": 0, ""tolerance"": 2e-07, ""free_valid"": true, ""free_nll"": 17.56630502189492, ""free_score"": 1.7386092565629951e-13, ""sigma"": 5702.575360281111}]",1,17.566305021894919,1.7386092565629951e-13,125389.31112719243,125133.0437385727,newton
calibration,nominal,0.10000000000000001,44,77,8,13163.104312136211,1645.3880390170264,14555.906052622646,1653.9410817515077,0.84211085621712189,,,,13087,13087,12721,366,0,94808ad407f03863ea3e4c83e8b67a6a10ad3e098e5256bd360b6f69d46a6a61,f7a7c425332de174e9f0b440eccc6cb1a3961ef328e43c1cf258613d1dc281e0,8d2d12f4c56ddf18de612765379505b53d55212e7f195c11354cb498b0a39d0c,8f5f83da7c55e8c34a1ed4f5edebb52a900851fee291f6b040745a36665752bd,d04812a498535f8eaef9c9bf0960886190bb4ed5326d7ad247f949302122e814,0.97338276797150047,0.02661723202835916,82.394869719997601,0.3927842696321498,True,False,,,False,,observed_profile_hessian,34,1.91693081344,34,9.9999999999999995e-08,0,54932f0a1e37dba778d9e2283eb5f4cc3df0a1ba33f583e84d550182302b3195,1249c0f2702818b2f1f433151823295466c093523b71ec1ffa0f3b82bbafa20f,"[{""attempt"": 0, ""tolerance"": 2e-07, ""free_valid"": true, ""free_nll"": 16.445127144970687, ""free_score"": 4.3930070692255185e-10, ""sigma"": 1653.9410817515077}]",1,16.445127144970687,4.3930070692255185e-10,12602.628500527977,12527.659483972699,newton
calibration,nominal,1,44,77,8,45536.868099588333,5692.1085124485417,55530.949894099744,5704.3675057063692,1.7520052458951534,,,,45762,45762,44565,1197,0,3d6b1c17d63421b3329cddb22ded4620a5d93e4b23fef91ec8bba1144c112e5e,759f4889434bdd1d6d710fb156db0d0fecac8369586f202b8065802767876f6c,a5167b38b968b753b3f0c629a4e9294b4436f7ee662bab42f3e2f70d4bc8c2f5,8f5f83da7c55e8c34a1ed4f5edebb52a900851fee291f6b040745a36665752bd,d04812a498535f8eaef9c9bf0960886190bb4ed5326d7ad247f949302122e814,0.97338276797150047,0.02661723202835916,82.394869719997601,0.3927842696321498,True,False,,,False,,observed_profile_hessian,34,1.91693081344,34,9.9999999999999995e-07,0,b7c26aea56e52720b37b36f3409ad8b48235ed21f22434eb3dbfb129da8e467b,3c74b3f993d9419e6714214328495b489997ad04cbdbd7caac6666c9846f94be,"[{""attempt"": 0, ""tolerance"": 2e-07, ""free_valid"": true, ""free_nll"": 18.38728811703884, ""free_score"": 4.3209880118411093e-13, ""sigma"": 5704.367505706369}]",1,18.387288117038839,4.3209880118411093e-13,125419.3081622637,125133.30049727255,newton
calibration,nominal,0.10000000000000001,44,78,0,0,1645.3880390170264,3401.5167507091082,1644.5557663444358,2.0683498974741941,,,,0,0,0,0,0,f41cbe902eaabab7368b8229c6f855faf2f774637928e3a0398c9f5d3301eca1,f41cbe902eaabab7368b8229c6f855faf2f774637928e3a0398c9f5d3301eca1,f440d6087e5a50c4aef861dbe0f0dd7752e43e8d6fb7b0a6393f704d359bba12,8f5f83da7c55e8c34a1ed4f5edebb52a900851fee291f6b040745a36665752bd,d04812a498535f8eaef9c9bf0960886190bb4ed5326d7ad247f949302122e814,0.97338276797150047,0.02661723202835916,82.394869719997601,0.3927842696321498,True,False,,,False,,observed_profile_hessian,34,1.91693081344,34,9.9999999999999995e-08,0,5a17dab192b3a69d28b765030c9b693c9c70a4fe61e1917f0b29c33ec6b9268b,7a8eb3a0709f26388d77c755dd2c351a85eac2cae1d8b45317387382b07cda0b,"[{""attempt"": 0, ""tolerance"": 2e-07, ""free_valid"": true, ""free_nll"": 19.893776695169016, ""free_score"": 1.1546319456101628e-14, ""sigma"": 1644.5557663444358}]",1,19.893776695169016,1.1546319456101628e-14,12513.694604063032,12496.175367220265,newton
calibration,nominal,1,44,78,0,0,5692.1085124485417,3450.9009268464401,5690.1365227654051,0.60647067307434355,,,,0,0,0,0,0,027bf9f80cd1669bddbbbe57efa327e33039a6c3e6a3189d6c3e9629be7d81bf,027bf9f80cd1669bddbbbe57efa327e33039a6c3e6a3189d6c3e9629be7d81bf,f440d6087e5a50c4aef861dbe0f0dd7752e43e8d6fb7b0a6393f704d359bba12,8f5f83da7c55e8c34a1ed4f5edebb52a900851fee291f6b040745a36665752bd,d04812a498535f8eaef9c9bf0960886190bb4ed5326d7ad247f949302122e814,0.97338276797150047,0.02661723202835916,82.394869719997601,0.3927842696321498,True,False,,,False,,observed_profile_hessian,34,1.91693081344,34,9.9999999999999995e-07,0,5cb746f3458f33cfc697e5acef0ac5714a451bb7e999e5a490194e9f0ded0fe3,896cc3a6175861c64aa0c3526f3462e4fe56396595391f39885621f3f262665a,"[{""attempt"": 0, ""tolerance"": 2e-07, ""free_valid"": true, ""free_nll"": 18.13473697827984, ""free_score"": 1.7141843500212417e-13, ""sigma"": 5690.136522765405}]",1,18.13473697827984,1.7141843500212417e-13,125110.98450395087,125093.21091790407,newton
calibration,nominal,0.10000000000000001,44,78,1,1645.3880390170264,1645.3880390170264,4976.4725422162746,1645.9419714457808,2.0238164898810216,,,,1625,1625,1587,38,0,f41cbe902eaabab7368b8229c6f855faf2f774637928e3a0398c9f5d3301eca1,4540b3025c8670d8e0c068d0454de791075a7837ad5e7fdc48cbf92b4aa977d6,1e633859e2bc34608a4f05c7c0f35dc5e9bd5d90363893a112d396ae7d43900b,8f5f83da7c55e8c34a1ed4f5edebb52a900851fee291f6b040745a36665752bd,d04812a498535f8eaef9c9bf0960886190bb4ed5326d7ad247f949302122e814,0.97338276797150047,0.02661723202835916,82.394869719997601,0.3927842696321498,True,False,,,False,,observed_profile_hessian,34,1.91693081344,34,9.9999999999999995e-08,0,d1aaee38ea793a4a0014326460d43957d823f734b7d1616364fe0660244d55f5,f912870e38cc18c0402e798418ee84984c5c9daa0fc9d4d9b22aa1fdf84339c3,"[{""attempt"": 0, ""tolerance"": 2e-07, ""free_valid"": true, ""free_nll"": 19.732024005510947, ""free_score"": 1.4876988529977098e-14, ""sigma"": 1645.9419714457808}]",1,19.732024005510947,1.4876988529977098e-14,12523.090012146547,12497.459092913108,newton
calibration,nominal,1,44,78,1,5692.1085124485417,5692.1085124485417,8868.2785275464648,5691.8518664392413,0.55802049835933265,,,,5696,5696,5541,155,0,027bf9f80cd1669bddbbbe57efa327e33039a6c3e6a3189d6c3e9629be7d81bf,b70296daf6de415d15ce28b15941b0eea836a17510450c9edc74c83f0f862f43,a4869a1906175c7f8eb2bc8f3f52a090471a50c2d19843192fc4163597eb7594,8f5f83da7c55e8c34a1ed4f5edebb52a900851fee291f6b040745a36665752bd,d04812a498535f8eaef9c9bf0960886190bb4ed5326d7ad247f949302122e814,0.97338276797150047,0.02661723202835916,82.394869719997601,0.3927842696321498,True,False,,,False,,observed_profile_hessian,34,1.91693081344,34,9.9999999999999995e-07,0,51d326c13024187cf0251d9368edcdbe888d531d9ddc4ded365d7fdd0386921b,db12292538f6583ab0f89b2a285af8e731be2a4f7503e734885d142772da804e,"[{""attempt"": 0, ""tolerance"": 2e-07, ""free_valid"": true, ""free_nll"": 18.274879491351065, ""free_score"": 2.353672812205332e-14, ""sigma"": 5691.851866439241}]",1,18.274879491351065,2.3536728122053319e-14,125146.38038445139,125100.70503333652,newton
calibration,nominal,0.10000000000000001,44,78,2,3290.7760780340527,1645.3880390170264,6453.8893843130281,1647.4599091841933,1.9199941003998813,,,,3235,3235,3146,89,0,f41cbe902eaabab7368b8229c6f855faf2f774637928e3a0398c9f5d3301eca1,4abd8419e4c903a8f26875329ae8cba599268d4e816cf8cc303d93f0ecce6ac4,11d4660e19cb0543dca59078feb54457b4f00b8469e8650e45ab4679fd893117,8f5f83da7c55e8c34a1ed4f5edebb52a900851fee291f6b040745a36665752bd,d04812a498535f8eaef9c9bf0960886190bb4ed5326d7ad247f949302122e814,0.97338276797150047,0.02661723202835916,82.394869719997601,0.3927842696321498,True,False,,,False,,observed_profile_hessian,34,1.91693081344,34,9.9999999999999995e-08,0,b66a9cf36465789a8d386da142d2d222497f72454dc2b7ee41b5f2239dc4ceda,5362b9e9ea587cdb03c27f40d96473d84ae5e314c70eee3b28bcfb5b8a703eaa,"[{""attempt"": 0, ""tolerance"": 2e-07, ""free_valid"": true, ""free_nll"": 20.131622604295934, ""free_score"": 5.419553694707702e-13, ""sigma"": 1647.4599091841933}]",1,20.131622604295934,5.4195536947077017e-13,12533.702113847465,12500.461878691418,newton
calibration,nominal,1,44,78,2,11384.217024897083,5692.1085124485417,14577.067692430437,5693.5955632724399,0.56077932337333725,,,,11442,11442,11136,306,0,027bf9f80cd1669bddbbbe57efa327e33039a6c3e6a3189d6c3e9629be7d81bf,a8711127345631f0af50720f481277f2ed3165ad8297899168bacefffbbd733c,a600e002a4a1103d15829e62293c8d82bea951e23e453138b74e497bb5de54db,8f5f83da7c55e8c34a1ed4f5edebb52a900851fee291f6b040745a36665752bd,d04812a498535f8eaef9c9bf0960886190bb4ed5326d7ad247f949302122e814,0.97338276797150047,0.02661723202835916,82.394869719997601,0.3927842696321498,True,False,,,False,,observed_profile_hessian,34,1.91693081344,34,9.9999999999999995e-07,0,0357c3e6e3b02e5a960a3efad08e8f31db210979f79b1dd1789d27a5dfaf1605,67c6c80837e93613ee1b655a4ebe697aef17e01bb49e4c2cd594c6d2dfd6ed2a,"[{""attempt"": 0, ""tolerance"": 2e-07, ""free_valid"": true, ""free_nll"": 17.729021161843924, ""free_score"": 4.1466829969749597e-14, ""sigma"": 5693.59556327244}]",1,17.729021161843924,4.1466829969749597e-14,125179.02236128873,125103.94435341959,newton
calibration,nominal,0.10000000000000001,44,78,3,4936.1641170510793,1645.3880390170264,8187.6205906026344,1648.9440193323496,1.9718416364844549,,,,5019,5019,4889,130,0,f41cbe902eaabab7368b8229c6f855faf2f774637928e3a0398c9f5d3301eca1,c76b3a4914508efab0692d9ce683a82c8f745f0383457431af63797e699d24f8,912c933a53dec48c80634238593ed4cc7acc98f68ab826f106d4d6e543f36fbd,8f5f83da7c55e8c34a1ed4f5edebb52a900851fee291f6b040745a36665752bd,d04812a498535f8eaef9c9bf0960886190bb4ed5326d7ad247f949302122e814,0.97338276797150047,0.02661723202835916,82.394869719997601,0.3927842696321498,True,False,,,False,,observed_profile_hessian,34,1.91693081344,34,9.9999999999999995e-08,0,5142b7de5659084f625a41d1226671bf989b7edd8d352bc04a597daca7baefde,85e3e2f98657cbfbfa35413d1dc4b4e9a6883698206685c7a8fc83250ee19e97,"[{""attempt"": 0, ""tolerance"": 2e-07, ""free_valid"": true, ""free_nll"": 20.38611312247041, ""free_score"": 3.9059311340849945e-12, ""sigma"": 1648.9440193323496}]",1,20.386113122470409,3.9059311340849945e-12,12543.400235618725,12501.230558143056,newton
calibration,nominal,1,44,78,3,17076.325537345627,5692.1085124485417,19939.173022660885,5695.3403577844392,0.50266486381315112,,,,17260,17260,16814,446,0,027bf9f80cd1669bddbbbe57efa327e33039a6c3e6a3189d6c3e9629be7d81bf,3d53c3d047311e8fa8fe0f3db17a32e6c340d1b5526e8f68d2112ff4a1bbff8a,ff87d584a2f46816e89565ecc1b7eeff2835822f59de17d58c3266dbbc833d1c,8f5f83da7c55e8c34a1ed4f5edebb52a900851fee291f6b040745a36665752bd,d04812a498535f8eaef9c9bf0960886190bb4ed5326d7ad247f949302122e814,0.97338276797150047,0.02661723202835916,82.394869719997601,0.3927842696321498,True,False,,,False,,observed_profile_hessian,34,1.91693081344,34,9.9999999999999995e-07,0,03134249a6236f32608098e26c786b40a158c9c8f3e53be489996a2679d61504,7661adba89d248898ede70e5b325f904aa34fd20239b0a6c76cb7435f467178b,"[{""attempt"": 0, ""tolerance"": 2e-07, ""free_valid"": true, ""free_nll"": 17.61818556268697, ""free_score"": 3.68594044175552e-14, ""sigma"": 5695.340357784439}]",1,17.618185562686971,3.6859404417555197e-14,125213.93496722484,125111.23986964517,newton
calibration,nominal,0.10000000000000001,44,78,4,6581.5521560681054,1645.3880390170264,9788.1484037030477,1650.3093479038462,1.9430273795078641,,,,6590,6590,6419,171,0,f41cbe902eaabab7368b8229c6f855faf2f774637928e3a0398c9f5d3301eca1,6c07ea0ba102ca989ddefc29e487ca3e31db2298f197ad3d910079119efec580,424251740add8c6fd49714daaac75aafb8d2f1949e387b59c78aa7cbd04a99ab,8f5f83da7c55e8c34a1ed4f5edebb52a900851fee291f6b040745a36665752bd,d04812a498535f8eaef9c9bf0960886190bb4ed5326d7ad247f949302122e814,0.97338276797150047,0.02661723202835916,82.394869719997601,0.3927842696321498,True,False,,,False,,observed_profile_hessian,34,1.91693081344,34,9.9999999999999995e-08,0,b8be6154aa76d366278a82de07c932c16a686c89f9872e69e89a28a6e7585db9,0495f6ab575622a4f216dbd068d57c20ff77a03ffede5774f8b66357cf7fbf83,"[{""attempt"": 0, ""tolerance"": 2e-07, ""free_valid"": true, ""free_nll"": 19.93019653101769, ""free_score"": 1.587446840645157e-11, ""sigma"": 1650.3093479038462}]",1,19.930196531017689,1.587446840645157e-11,12552.425791156167,12502.012724661379,newton
calibration,nominal,1,44,78,4,22768.434049794167,5692.1085124485417,25241.815986641577,5696.9890961467954,0.43415598926111731,,,,22783,22783,22203,580,0,027bf9f80cd1669bddbbbe57efa327e33039a6c3e6a3189d6c3e9629be7d81bf,4ed41a2fe4f4395b44cc1110279f24198f95d3bec893ea3f77e0649af7d7e414,81857e8878f05b4941235e012c9495809d8ff97c99484b60c9992d3a4257285e,8f5f83da7c55e8c34a1ed4f5edebb52a900851fee291f6b040745a36665752bd,d04812a498535f8eaef9c9bf0960886190bb4ed5326d7ad247f949302122e814,0.97338276797150047,0.02661723202835916,82.394869719997601,0.3927842696321498,True,False,,,False,,observed_profile_hessian,34,1.91693081344,34,9.9999999999999995e-07,0,b8eab5338cfcdcc71e83c8f8c3191ce7b6ac76fb3590a3ebce53ba6e0db0b8e9,f2c84f019d730979bd33b90e09db7bf6a2d188af7adf93a0498a6292abf8a3b7,"[{""attempt"": 0, ""tolerance"": 2e-07, ""free_valid"": true, ""free_nll"": 17.374590923604483, ""free_score"": 9.525713551283843e-14, ""sigma"": 5696.989096146795}]",1,17.374590923604483,9.5257135512838431e-14,125245.55179011093,125115.54585892762,newton
calibration,nominal,0.10000000000000001,44,78,5,8226.9401950851316,1645.3880390170264,11318.256618572741,1651.7846872078821,1.8715008362942631,,,,8198,8198,7978,220,0,f41cbe902eaabab7368b8229c6f855faf2f774637928e3a0398c9f5d3301eca1,8e0fe05b876bd17955610630b4d7035225ff80caa3a96e028dcedc970c907801,ed4e7810b8851a0c58f70bd7e1a83c37547d9d3c1c02651d7a0cf7e8d9ec8671,8f5f83da7c55e8c34a1ed4f5edebb52a900851fee291f6b040745a36665752bd,d04812a498535f8eaef9c9bf0960886190bb4ed5326d7ad247f949302122e814,0.97338276797150047,0.02661723202835916,82.394869719997601,0.3927842696321498,True,False,,,False,,observed_profile_hessian,34,1.91693081344,34,9.9999999999999995e-08,0,c89f74eb69526914164e54c5f7582edd5868bf9ea47f36b9bc5d0f678d5d637a,9576e467e51ad649739072c1856a33cc9de8c588863a39557d35ac4ad3b84448,"[{""attempt"": 0, ""tolerance"": 2e-07, ""free_valid"": true, ""free_nll"": 20.428200091382823, ""free_score"": 5.0878412594101974e-11, ""sigma"": 1651.7846872078821}]",1,20.428200091382823,5.0878412594101974e-11,12561.552212343577,12503.258447273431,newton
calibration,nominal,1,44,78,5,28460.542562242706,5692.1085124485417,30246.181646189321,5698.6747793828299,0.31334286532841954,,,,28249,28249,27518,731,0,027bf9f80cd1669bddbbbe57efa327e33039a6c3e6a3189d6c3e9629be7d81bf,6cf59848861b9b46bd91c57d43434424fff6e4ebb6f15c3d00fbc4fae0cf5b1c,62f016bcb80085799dfad917ade04ec6a940518b2e0f84909c3ed5168150e177,8f5f83da7c55e8c34a1ed4f5edebb52a900851fee291f6b040745a36665752bd,d04812a498535f8eaef9c9bf0960886190bb4ed5326d7ad247f949302122e814,0.97338276797150047,0.02661723202835916,82.394869719997601,0.3927842696321498,True,False,,,False,,observed_profile_hessian,34,1.91693081344,34,9.9999999999999995e-07,0,7cbf8d29e93f75006b498ce4e2d140768450d8ba2aee93a06201199b4b6789c9,663b8753074fc7e568e5f28b776fc516ee09714a02d2a27319c1e2abeb2f810b,"[{""attempt"": 0, ""tolerance"": 2e-07, ""free_valid"": true, ""free_nll"": 18.435335928459942, ""free_score"": 1.9251267247000214e-13, ""sigma"": 5698.67477938283}]",1,18.435335928459942,1.9251267247000214e-13,125282.72787184994,125126.94736018893,newton
calibration,nominal,0.10000000000000001,44,78,6,9872.3282341021586,1645.3880390170264,13059.260257233613,1653.3026425817523,1.9276156349419657,,,,9920,9920,9664,256,0,f41cbe902eaabab7368b8229c6f855faf2f774637928e3a0398c9f5d3301eca1,fe50fb359a916f57b1cd397e599b9b728b80b93065684be57cafdef543e50578,b78362a5e0c7a8f9e2e2d484a64a48eb50c592ad8d1b01e7eb782d27cd949f69,8f5f83da7c55e8c34a1ed4f5edebb52a900851fee291f6b040745a36665752bd,d04812a498535f8eaef9c9bf0960886190bb4ed5326d7ad247f949302122e814,0.97338276797150047,0.02661723202835916,82.394869719997601,0.3927842696321498,True,False,,,False,,observed_profile_hessian,34,1.91693081344,34,9.9999999999999995e-08,0,fb771752f170a951a126e01b326eb77c0b295f6732c7be5f3a315ff0265b4988,cc38d73b064e0d387b5228b18b48a5a43e592106b49a2c9f21f6b7aa7796efef,"[{""attempt"": 0, ""tolerance"": 2e-07, ""free_valid"": true, ""free_nll"": 20.385473487985436, ""free_score"": 1.607299848771504e-10, ""sigma"": 1653.3026425817523}]",1,20.385473487985436,1.607299848771504e-10,12572.892189406784,12505.631525942426,newton
calibration,nominal,1,44,78,6,34152.651074691254,5692.1085124485417,36824.533882823045,5700.5365641599501,0.46870724852995116,,,,34570,34570,33691,879,0,027bf9f80cd1669bddbbbe57efa327e33039a6c3e6a3189d6c3e9629be7d81bf,f24e88e7732b894d13a4dffc3912fba5467910e7ef38cbda2c272694ff00af91,7cf393561249f077d223e34d41f0560830502c9a37a95f0418c230d46ad3d0c9,8f5f83da7c55e8c34a1ed4f5edebb52a900851fee291f6b040745a36665752bd,d04812a498535f8eaef9c9bf0960886190bb4ed5326d7ad247f949302122e814,0.97338276797150047,0.02661723202835916,82.394869719997601,0.3927842696321498,True,False,,,False,,observed_profile_hessian,34,1.91693081344,34,9.9999999999999995e-07,0,d64c66d537778961a8538d359a16b4879bcbf6d4603256f50c434a2eda9d0e2d,b2fec6eaebb1ba889258c7c565a0825105a5df11238b65782e2c456ba675a62b,"[{""attempt"": 0, ""tolerance"": 2e-07, ""free_valid"": true, ""free_nll"": 17.24498575281258, ""free_score"": 4.973799150320701e-13, ""sigma"": 5700.53656415995}]",1,17.244985752812578,4.9737991503207013e-13,125318.67662306414,125129.01484039522,newton
calibration,nominal,0.10000000000000001,44,78,7,11517.716273119184,1645.3880390170264,14348.616076693688,1654.6337548090703,1.7108920903775255,,,,11562,11562,11257,305,0,f41cbe902eaabab7368b8229c6f855faf2f774637928e3a0398c9f5d3301eca1,1339e45ad712539160a0a35941d8cf10bfa99a7aad0f6b1e28f7b9bd80af3487,a34b2485af6320ba06aa1e339af9e23f161cd473784f35a46f5b7fa37c195f1e,8f5f83da7c55e8c34a1ed4f5edebb52a900851fee291f6b040745a36665752bd,d04812a498535f8eaef9c9bf0960886190bb4ed5326d7ad247f949302122e814,0.97338276797150047,0.02661723202835916,82.394869719997601,0.3927842696321498,True,False,,,False,,observed_profile_hessian,34,1.91693081344,34,9.9999999999999995e-08,0,9ec8b8a1be1ede773526b96d93c58a62b695e322d05d824583d7596498abb516,c3bd3d767a4e3051653146b09e20f05d29bacd52a8df812a0d2b00001918ce98,"[{""attempt"": 0, ""tolerance"": 2e-07, ""free_valid"": true, ""free_nll"": 21.216349903135722, ""free_score"": 3.6671332637183696e-10, ""sigma"": 1654.6337548090703}]",1,21.216349903135722,3.6671332637183696e-10,12585.327597308444,12511.426211004486,newton
calibration,nominal,1,44,78,7,39844.759587139793,5692.1085124485417,41345.335135041343,5702.2061388616976,0.26315701526025537,,,,39813,39813,38787,1026,0,027bf9f80cd1669bddbbbe57efa327e33039a6c3e6a3189d6c3e9629be7d81bf,1fc2203dca19a3905d0d2aa522179eacf4b23b2355cda4edf2ac3d7b951114a1,c965d1fee6e52e8bbe4cd80909da49b3b35832aee825bdd03dd4ef624ccc33a9,8f5f83da7c55e8c34a1ed4f5edebb52a900851fee291f6b040745a36665752bd,d04812a498535f8eaef9c9bf0960886190bb4ed5326d7ad247f949302122e814,0.97338276797150047,0.02661723202835916,82.394869719997601,0.3927842696321498,True,False,,,False,,observed_profile_hessian,34,1.91693081344,34,9.9999999999999995e-07,0,2ff5bfed2f60257738376fe7462017ba823385385f7e26b8870ed77737de8fb0,929bfa6540cf3ebfe7861f7f9f2c2539449f00355468aac41fc2a083b0ac1057,"[{""attempt"": 0, ""tolerance"": 2e-07, ""free_valid"": true, ""free_nll"": 17.575584551396343, ""free_score"": 4.973799150320701e-13, ""sigma"": 5702.206138861698}]",1,17.575584551396343,4.9737991503207013e-13,125356.0593232661,125143.1135194792,newton
calibration,nominal,0.10000000000000001,44,78,8,13163.104312136211,1645.3880390170264,15662.421297379804,1655.9250700834421,1.5093176801276718,,,,12999,12999,12647,352,0,f41cbe902eaabab7368b8229c6f855faf2f774637928e3a0398c9f5d3301eca1,b62dc9d1fc981eaf6b61da8c9f393d7fae403722d0950b7d865c9f120b7f0a7f,a36b6fb218335e18b9e38b69ff4420fba0b3f3226215767ae936781a8515c4a9,8f5f83da7c55e8c34a1ed4f5edebb52a900851fee291f6b040745a36665752bd,d04812a498535f8eaef9c9bf0960886190bb4ed5326d7ad247f949302122e814,0.97338276797150047,0.02661723202835916,82.394869719997601,0.3927842696321498,True,False,,,False,,observed_profile_hessian,34,1.91693081344,34,9.9999999999999995e-08,0,758592b3c6c05dea0ad86d94eaf0edb79eb0aa05661696ae002640c669d5e18d,202990582a078bb7f167b20e971c91492a3ad28058373fed0ef752e8a6f4a03f,"[{""attempt"": 0, ""tolerance"": 2e-07, ""free_valid"": true, ""free_nll"": 21.81888908257474, ""free_score"": 7.494075360270358e-10, ""sigma"": 1655.925070083442}]",1,21.818889082574739,7.494075360270358e-10,12593.404941900055,12512.736908093428,newton
calibration,nominal,1,44,78,8,45536.868099588333,5692.1085124485417,46132.216412442664,5703.7803418090543,0.10437784717801828,,,,45073,45073,43856,1217,0,027bf9f80cd1669bddbbbe57efa327e33039a6c3e6a3189d6c3e9629be7d81bf,675e07bc428d406e3a066b3e65f57b1014797522a83d447632b4fbd638c5d9db,0ef9147ba90fbe60285b3213f862c7721a752cfdddb61cdd41bd6baabab09f23,8f5f83da7c55e8c34a1ed4f5edebb52a900851fee291f6b040745a36665752bd,d04812a498535f8eaef9c9bf0960886190bb4ed5326d7ad247f949302122e814,0.97338276797150047,0.02661723202835916,82.394869719997601,0.3927842696321498,True,False,,,False,,observed_profile_hessian,34,1.91693081344,34,9.9999999999999995e-07,0,739960c599338f098851e39b803cf1c8370b19adc5d9cfae2c73e901244bf2af,a32bdb43a8de1ae961b1a00721d76e192a17eb2d8529adb34a4b8ac927481d61,"[{""attempt"": 0, ""tolerance"": 2e-07, ""free_valid"": true, ""free_nll"": 17.634071616643478, ""free_score"": 1.1513012765362873e-12, ""sigma"": 5703.780341809054}]",1,17.634071616643478,1.1513012765362873e-12,125384.90180646616,125147.30155791737,newton
calibration,nominal,0.10000000000000001,44,79,0,0,1645.3880390170264,-1383.1873788181722,1644.9763264145306,-0.84085549232980994,,,,0,0,0,0,0,38f7d5afff139f88690a5b0644efffeb4f179950d97ea5e322e038a34c96b738,38f7d5afff139f88690a5b0644efffeb4f179950d97ea5e322e038a34c96b738,f440d6087e5a50c4aef861dbe0f0dd7752e43e8d6fb7b0a6393f704d359bba12,8f5f83da7c55e8c34a1ed4f5edebb52a900851fee291f6b040745a36665752bd,d04812a498535f8eaef9c9bf0960886190bb4ed5326d7ad247f949302122e814,0.97338276797150047,0.02661723202835916,82.394869719997601,0.3927842696321498,True,False,,,False,,observed_profile_hessian,34,1.91693081344,34,9.9999999999999995e-08,0,70386a6618775babc77941c237d0dc22aac6ce82f58f00de634988f25affdb85,808b9002dafa89c8be3c2284d0d5c8b59e2a886ea5954fe7ba7dc65297141f8b,"[{""attempt"": 0, ""tolerance"": 2e-07, ""free_valid"": true, ""free_nll"": 11.209443227699577, ""free_score"": 1.323416298770752e-08, ""sigma"": 1644.9763264145306}]",1,11.209443227699577,1.3234162987707521e-08,12527.945547442661,12535.06954213779,newton
calibration,nominal,1,44,79,0,0,5692.1085124485417,-952.472103755896,5693.0244045904165,-0.16730511518410071,,,,0,0,0,0,0,2687d09f81dc31f70686dc5768974ebace23b8896023a96e5a6d5372bf395812,2687d09f81dc31f70686dc5768974ebace23b8896023a96e5a6d5372bf395812,f440d6087e5a50c4aef861dbe0f0dd7752e43e8d6fb7b0a6393f704d359bba12,8f5f83da7c55e8c34a1ed4f5edebb52a900851fee291f6b040745a36665752bd,d04812a498535f8eaef9c9bf0960886190bb4ed5326d7ad247f949302122e814,0.97338276797150047,0.02661723202835916,82.394869719997601,0.3927842696321498,True,False,,,False,,observed_profile_hessian,34,1.91693081344,34,9.9999999999999995e-07,0,a94c4175822fc4c963bd72ef2191373ab248459ba14ca5adf4133fd68bd00fcd,506a704a41343f5d30285d7fb34a6c57f3bf3e858942202c977a3b10b456c3a1,"[{""attempt"": 0, ""tolerance"": 2e-07, ""free_valid"": true, ""free_nll"": 18.016109888802035, ""free_score"": 3.0869869160898844e-11, ""sigma"": 5693.024404590416}]",1,18.016109888802035,3.0869869160898844e-11,125262.46732451867,125267.37295503434,newton
calibration,nominal,0.10000000000000001,44,79,1,1645.3880390170264,1645.3880390170264,203.64530410716529,1646.495126967352,-0.87564348736663411,,,,1672,1672,1619,53,0,38f7d5afff139f88690a5b0644efffeb4f179950d97ea5e322e038a34c96b738,48e9347681bcbbc2210cde29e71e00d41e31b62db1e7251fffc51c2b5a76b098,fe2f0221714f0662dc7090d0ff9dabc954053db74451364789a8b5393ca5b645,8f5f83da7c55e8c34a1ed4f5edebb52a900851fee291f6b040745a36665752bd,d04812a498535f8eaef9c9bf0960886190bb4ed5326d7ad247f949302122e814,0.97338276797150047,0.02661723202835916,82.394869719997601,0.3927842696321498,True,False,,,False,,observed_profile_hessian,34,1.91693081344,34,9.9999999999999995e-08,0,40410159a0f1f90e72ea5ef4711573b01276fdae6ccba33ee9edfe68a88a73e0,8e87b2e78f48372a2a13b8bc682e5ae0e28c01910e546840a55fcd2dc0fd5d60,"[{""attempt"": 0, ""tolerance"": 2e-07, ""free_valid"": true, ""free_nll"": 11.17341032591216, ""free_score"": 6.694644838489694e-14, ""sigma"": 1646.495126967352}]",1,11.17341032591216,6.6946448384896939e-14,12538.56015879253,12537.511300128575,newton
calibration,nominal,1,44,79,1,5692.1085124485417,5692.1085124485417,4643.3672511270115,5694.7948398916769,-0.18415786535015521,,,,5739,5739,5579,160,0,2687d09f81dc31f70686dc5768974ebace23b8896023a96e5a6d5372bf395812,eb2b3c1a45401d381c93ce2d5f7d82ce77d4b74c8c78aa8704ffa7594efb4a6d,c8f07a486ded35c34c477dd4fb2192f1dc9c36f6dca9ba3126c0abcbb53bd563,8f5f83da7c55e8c34a1ed4f5edebb52a900851fee291f6b040745a36665752bd,d04812a498535f8eaef9c9bf0960886190bb4ed5326d7ad247f949302122e814,0.97338276797150047,0.02661723202835916,82.394869719997601,0.3927842696321498,True,False,,,False,,observed_profile_hessian,34,1.91693081344,34,9.9999999999999995e-07,0,cf77c6d6dd5ad5044448797050b86128efcc7c28912c0d6629f4e3d73fa3a65f,0c6cb234c392c020f2cb3fd993c1179d0957373fc34178d8bf7ccc3c8ea79dc1,"[{""attempt"": 0, ""tolerance"": 2e-07, ""free_valid"": true, ""free_nll"": 18.047509234363844, ""free_score"": 2.1153249013527997e-09, ""sigma"": 5694.794839891677}]",1,18.047509234363844,2.1153249013527997e-09,125297.5206374416,125273.60535006179,newton
calibration,nominal,0.10000000000000001,44,79,2,3290.7760780340527,1645.3880390170264,1925.3976060634536,1647.9193810958616,-0.82854688623337047,,,,3348,3348,3275,73,0,38f7d5afff139f88690a5b0644efffeb4f179950d97ea5e322e038a34c96b738,aaf201f18cf6b007e6e3068fa015d6a4f543b8240e2de13314968a296a1d209c,56d05c1dd37c5ca8c17d9c35358e49b9128688962fca31ace5aabb10aa880077,8f5f83da7c55e8c34a1ed4f5edebb52a900851fee291f6b040745a36665752bd,d04812a498535f8eaef9c9bf0960886190bb4ed5326d7ad247f949302122e814,0.97338276797150047,0.02661723202835916,82.394869719997601,0.3927842696321498,True,False,,,False,,observed_profile_hessian,34,1.91693081344,34,9.9999999999999995e-08,0,de2df29405e1ced1ba75fb9db06fefdfe58984fc16692b53e7ac21efd8b7672c,094c77000a517da0ac9ac8a51f76a9be04c388d8419c61a9021721099fe8ddbd,"[{""attempt"": 0, ""tolerance"": 2e-07, ""free_valid"": true, ""free_nll"": 11.057701456119936, ""free_score"": 1.5765166949677223e-14, ""sigma"": 1647.9193810958616}]",1,11.057701456119936,1.5765166949677223e-14,12547.565988274911,12537.649383669012,newton
calibration,nominal,1,44,79,2,11384.217024897083,5692.1085124485417,9748.4303567408951,5696.4844323529451,-0.2871572261070014,,,,11343,11343,11041,302,0,2687d09f81dc31f70686dc5768974ebace23b8896023a96e5a6d5372bf395812,341f17e35ee1b445a77013fab78073a8892c3e4627b093c65c96956eeffcf015,0aebe6669bb6735ce7194de36ebd12e1edd7757c8de2c61ce4cb8cb31ff963a0,8f5f83da7c55e8c34a1ed4f5edebb52a900851fee291f6b040745a36665752bd,d04812a498535f8eaef9c9bf0960886190bb4ed5326d7ad247f949302122e814,0.97338276797150047,0.02661723202835916,82.394869719997601,0.3927842696321498,True,False,,,False,,observed_profile_hessian,34,1.91693081344,34,9.9999999999999995e-07,0,00d705e7ccb0c0644f0776b1145b672503e3b19122470f90adfe12b798f85027,2cd55d4c34e2033abc0a0f5dd6032d8c159024dcb6872c7a63c95f4efe262090,"[{""attempt"": 0, ""tolerance"": 2e-07, ""free_valid"": true, ""free_nll"": 18.60110763132711, ""free_score"": 5.54846683320509e-08, ""sigma"": 5696.484432352945}]",1,18.60110763132711,5.5484668332050902e-08,125333.04763777493,125282.83913586785,newton
calibration,nominal,0.10000000000000001,44,79,3,4936.1641170510793,1645.3880390170264,3218.8300621470894,1649.3527962156704,-1.0412169299644671,,,,4908,4908,4763,145,0,38f7d5afff139f88690a5b0644efffeb4f179950d97ea5e322e038a34c96b738,60251d37ab56ab502754531934f648e322058fdb356f29f274c00356d7355c60,929013eb0282293a326cee80f3f85930de78807e5a105b439b911344ee7e1569,8f5f83da7c55e8c34a1ed4f5edebb52a900851fee291f6b040745a36665752bd,d04812a498535f8eaef9c9bf0960886190bb4ed5326d7ad247f949302122e814,0.97338276797150047,0.02661723202835916,82.394869719997601,0.3927842696321498,True,False,,,False,,observed_profile_hessian,34,1.91693081344,34,9.9999999999999995e-08,0,233eb961486107c76cfe56450fd59f852730d9c2a2722696772cda2d581a55a4,650a283e93d32cbf2335e00a63c56b2fbc0bf28be145e689f97556329a408db3,"[{""attempt"": 0, ""tolerance"": 2e-07, ""free_valid"": true, ""free_nll"": 11.023370325410419, ""free_score"": 1.341149413747189e-13, ""sigma"": 1649.3527962156704}]",1,11.023370325410419,1.3411494137471891e-13,12558.476919992774,12541.898596160141,newton
calibration,nominal,1,44,79,3,17076.325537345627,5692.1085124485417,15456.868885217395,5698.3467676938635,-0.28419763102336271,,,,17261,17261,16769,492,0,2687d09f81dc31f70686dc5768974ebace23b8896023a96e5a6d5372bf395812,797043873c31c715024e20250362d8478de8bea8da0cd4651d4ec339cf7be73b,f336c2d3b5110cd0ef390f5b56d801aa678c71b465289cb7b39fc30445bef7a2,8f5f83da7c55e8c34a1ed4f5edebb52a900851fee291f6b040745a36665752bd,d04812a498535f8eaef9c9bf0960886190bb4ed5326d7ad247f949302122e814,0.97338276797150047,0.02661723202835916,82.394869719997601,0.3927842696321498,True,False,,,False,,observed_profile_hessian,34,1.91693081344,34,9.9999999999999995e-07,0,dbecdedb8400fb1f2141fd9cf69afd4e1f83fa4fdb6cb2cf7f46b918ec221d22,86696415e0c30f32c74c47a83dc032ab24ada96adfe8a61ba1010b24ad797fd8,"[{""attempt"": 0, ""tolerance"": 2e-07, ""free_valid"": true, ""free_nll"": 18.095054560404098, ""free_score"": 4.77118344832661e-14, ""sigma"": 5698.3467676938635}]",1,18.095054560404098,4.7711834483266102e-14,125364.67322422311,125285.06387148619,newton
calibration,nominal,0.10000000000000001,44,79,4,6581.5521560681054,1645.3880390170264,5059.6001660850734,1650.9353220685266,-0.92187257104422127,,,,6759,6759,6614,145,0,38f7d5afff139f88690a5b0644efffeb4f179950d97ea5e322e038a34c96b738,df4c54d82411779162f0fee05050c1d05586d5f7a8d8897de0f883155d2ce419,0d1cd2df085234f872c39d2b42be8ae40fd5415cfda71e7bbeeed012eaef6434,8f5f83da7c55e8c34a1ed4f5edebb52a900851fee291f6b040745a36665752bd,d04812a498535f8eaef9c9bf0960886190bb4ed5326d7ad247f949302122e814,0.97338276797150047,0.02661723202835916,82.394869719997601,0.3927842696321498,True,False,,,False,,observed_profile_hessian,34,1.91693081344,34,9.9999999999999995e-08,0,f28f6de6858382e2ccafb74b0b0c82cc19906d1f6da83e311250bdeeacabe43a,516e5fb25d8556b3008944b9f68754964cd0a0c70b28e2ed9d61f6f008cf6c42,"[{""attempt"": 0, ""tolerance"": 2e-07, ""free_valid"": true, ""free_nll"": 10.690577280385236, ""free_score"": 1.371680546924381e-12, ""sigma"": 1650.9353220685266}]",1,10.690577280385236,1.3716805469243809e-12,12569.802644818812,12543.743583483636,newton
calibration,nominal,1,44,79,4,22768.434049794167,5692.1085124485417,20975.823373972096,5699.9550254793339,-0.31449558247546383,,,,23002,23002,22430,572,0,2687d09f81dc31f70686dc5768974ebace23b8896023a96e5a6d5372bf395812,e15a85878f909afa8caadd45b1c7c2e09d76ec0e085fd806286859451dbc792f,8769a75e79793063f5dd6eec93213415250b6381578e8ed86d7e7aa88a5833b9,8f5f83da7c55e8c34a1ed4f5edebb52a900851fee291f6b040745a36665752bd,d04812a498535f8eaef9c9bf0960886190bb4ed5326d7ad247f949302122e814,0.97338276797150047,0.02661723202835916,82.394869719997601,0.3927842696321498,True,False,,,False,,observed_profile_hessian,34,1.91693081344,34,9.9999999999999995e-07,0,83a4b33293593194653f0efdc81382d7d6ab1c4372b0555f7b7fc4d71525e9a4,39696caf507b696b45816074ff13470e2cce7506891dfc7c3ebb263ffa80a8e4,"[{""attempt"": 0, ""tolerance"": 2e-07, ""free_valid"": true, ""free_nll"": 17.68931002966697, ""free_score"": 1.0483280910023041e-13, ""sigma"": 5699.955025479334}]",1,17.68931002966697,1.0483280910023041e-13,125401.24972704494,125293.21544569558,newton
calibration,nominal,0.10000000000000001,44,79,5,8226.9401950851316,1645.3880390170264,6734.4614158678696,1652.3898455777689,-0.90322437118064414,,,,8399,8399,8186,213,0,38f7d5afff139f88690a5b0644efffeb4f179950d97ea5e322e038a34c96b738,9163c345b3bd526d539384c815c55a3ec32d4ed50c4f7866c709435b56802523,ebea02ee7a33c23627c1c99aee25c8e90d639d313a13375f19322360fd8c682d,8f5f83da7c55e8c34a1ed4f5edebb52a900851fee291f6b040745a36665752bd,d04812a498535f8eaef9c9bf0960886190bb4ed5326d7ad247f949302122e814,0.97338276797150047,0.02661723202835916,82.394869719997601,0.3927842696321498,True,False,,,False,,observed_profile_hessian,34,1.91693081344,34,9.9999999999999995e-08,0,3df603a2664ed423e60945b8048a6a0f1d42d6bc67952cef3f8fff04c8c974d7,c76a48575eacf9b5c8927769652308dc45c9f0dca0c4fc6daa77fa8024a8c06c,"[{""attempt"": 0, ""tolerance"": 2e-07, ""free_valid"": true, ""free_nll"": 11.104302762541925, ""free_score"": 7.0390360207284175e-12, ""sigma"": 1652.389845577769}]",1,11.104302762541925,7.0390360207284175e-12,12576.458986579291,12541.773687872921,newton
calibration,nominal,1,44,79,5,28460.542562242706,5692.1085124485417,26420.848029247238,5701.7129048763854,-0.35773364373555561,,,,28492,28492,27737,755,0,2687d09f81dc31f70686dc5768974ebace23b8896023a96e5a6d5372bf395812,09352e99142951d1d1882fdbe8d29a9cd3f992fd43d2e3a9d36cfcc70fdac776,0c6c5a93bfd1c29eb65e33d253e5057f7e2e2c6612990f3d4eb6d645ea8022a1,8f5f83da7c55e8c34a1ed4f5edebb52a900851fee291f6b040745a36665752bd,d04812a498535f8eaef9c9bf0960886190bb4ed5326d7ad247f949302122e814,0.97338276797150047,0.02661723202835916,82.394869719997601,0.3927842696321498,True,False,,,False,,observed_profile_hessian,34,1.91693081344,34,9.9999999999999995e-07,0,08a6ef26ed681745cbb433549172777a4f591b5c0c730b951224ecf0aa9ef1f3,f9c57edbf1ff9c76053041b3fe5b8cde35eac2e893de45bdf0163b4a203030da,"[{""attempt"": 0, ""tolerance"": 2e-07, ""free_valid"": true, ""free_nll"": 18.36182856846673, ""free_score"": 1.6148193893172902e-13, ""sigma"": 5701.712904876385}]",1,18.361828568466731,1.6148193893172902e-13,125431.36856776119,125295.2901274258,newton
calibration,nominal,0.10000000000000001,44,79,6,9872.3282341021586,1645.3880390170264,8367.4112890102788,1653.7411995551083,-0.91000753049917038,,,,9983,9983,9718,265,0,38f7d5afff139f88690a5b0644efffeb4f179950d97ea5e322e038a34c96b738,db06dd845de2d7be5285d10157595dc701fa0d6a927a5193909da9a5fe034d96,5e1fb4c5060c7e674a7aac6a7603b25aa3d93bcafbca0a1d238bcb2ab32ea300,8f5f83da7c55e8c34a1ed4f5edebb52a900851fee291f6b040745a36665752bd,d04812a498535f8eaef9c9bf0960886190bb4ed5326d7ad247f949302122e814,0.97338276797150047,0.02661723202835916,82.394869719997601,0.3927842696321498,True,False,,,False,,observed_profile_hessian,34,1.91693081344,34,9.9999999999999995e-08,0,c7b77ead8b0336871d22d3b520566ace64d7c4afef6fead90eede89c10af482b,8ce7296403082a8d8f83a7ce0e705dc2eb7eeac162f464cb9b25460a6af81204,"[{""attempt"": 0, ""tolerance"": 2e-07, ""free_valid"": true, ""free_nll"": 10.340716230439206, ""free_score"": 2.4959256883505532e-11, ""sigma"": 1653.7411995551083}]",1,10.340716230439206,2.4959256883505532e-11,12585.713491264713,12542.617816341914,newton
calibration,nominal,1,44,79,6,34152.651074691254,5692.1085124485417,31670.671400911844,5703.3078353836991,-0.43518248451907915,,,,34073,34073,33173,900,0,2687d09f81dc31f70686dc5768974ebace23b8896023a96e5a6d5372bf395812,64bd7b3e8ab7458e2d0a56ab7a5d1652c87fd3cc8e6232607f964678b7d2dcae,6e6a671c797b8e1502c2bcbfbdcc76f4f60c80b188fa6da9b9aa63397b02e78d,8f5f83da7c55e8c34a1ed4f5edebb52a900851fee291f6b040745a36665752bd,d04812a498535f8eaef9c9bf0960886190bb4ed5326d7ad247f949302122e814,0.97338276797150047,0.02661723202835916,82.394869719997601,0.3927842696321498,True,False,,,False,,observed_profile_hessian,34,1.91693081344,34,9.9999999999999995e-07,0,9463332d37911f8de829a37b962aba585547c44ec1920e96a8bdf9d9b6ae6953,196b0e821be7be8ed1a14d8c11fabfc1d8eb9d95f3805d6602225b54031a552d,"[{""attempt"": 0, ""tolerance"": 2e-07, ""free_valid"": true, ""free_nll"": 18.60474643954209, ""free_score"": 1.422750806057138e-13, ""sigma"": 5703.307835383699}]",1,18.60474643954209,1.4227508060571381e-13,125466.05758501522,125302.94035411334,newton
calibration,nominal,0.10000000000000001,44,79,7,11517.716273119184,1645.3880390170264,9243.7358685457039,1654.9888595297202,-1.3740155358022481,,,,11374,11374,11063,311,0,38f7d5afff139f88690a5b0644efffeb4f179950d97ea5e322e038a34c96b738,c02a08d47e311a6e625142377990417a2edc6afbab839fe1229bb2a5ec33ca25,72ae64496cadb03297c2865a164311560964b2cbbde81d34de070fa13f8f877a,8f5f83da7c55e8c34a1ed4f5edebb52a900851fee291f6b040745a36665752bd,d04812a498535f8eaef9c9bf0960886190bb4ed5326d7ad247f949302122e814,0.97338276797150047,0.02661723202835916,82.394869719997601,0.3927842696321498,True,False,,,False,,observed_profile_hessian,34,1.91693081344,34,9.9999999999999995e-08,0,7992c1cf467c993714489c403cd862d43ef31e06465ce74b5c5e9aa9254dfded,3c6d820a01bc496049392bf28c1fe27c267dcd755bdeda1cb8ef2d95cf581056,"[{""attempt"": 0, ""tolerance"": 2e-07, ""free_valid"": true, ""free_nll"": 10.854612284071917, ""free_score"": 5.800304681002899e-11, ""sigma"": 1654.9888595297202}]",1,10.854612284071917,5.8003046810028991e-11,12596.499631588906,12548.890517813623,newton
calibration,nominal,1,44,79,7,39844.759587139793,5692.1085124485417,36171.075552825336,5705.1187485646215,-0.64392770706810221,,,,39632,39632,38547,1085,0,2687d09f81dc31f70686dc5768974ebace23b8896023a96e5a6d5372bf395812,52b233b023574572cc889a5a4f1f36acbfaabf2366d948d82a175713ce3cf6a2,e83e6651759ce2fb772ebf5193768ea7c26cb94c37abd5b675c7b24542761fea,8f5f83da7c55e8c34a1ed4f5edebb52a900851fee291f6b040745a36665752bd,d04812a498535f8eaef9c9bf0960886190bb4ed5326d7ad247f949302122e814,0.97338276797150047,0.02661723202835916,82.394869719997601,0.3927842696321498,True,False,,,False,,observed_profile_hessian,34,1.91693081344,34,9.9999999999999995e-07,0,af2dd5dc2ae632fd4166ad32046dd7b1c65ebf4fc7b5604633a90eb0947abb14,62a6722b057b959300bcd1bbddf805da73b3d141ba5f3fbaed39c8318039ac41,"[{""attempt"": 0, ""tolerance"": 2e-07, ""free_valid"": true, ""free_nll"": 18.35030605243229, ""free_score"": 1.0980105713542798e-13, ""sigma"": 5705.1187485646215}]",1,18.350306052432291,1.0980105713542798e-13,125502.16413262553,125315.86793422067,newton
calibration,nominal,0.10000000000000001,44,79,8,13163.104312136211,1645.3880390170264,11407.824503236983,1656.775720511336,-1.0594552945026803,,,,13416,13416,13055,361,0,38f7d5afff139f88690a5b0644efffeb4f179950d97ea5e322e038a34c96b738,5cddaca984b899215d7a6160fdf793983ddc655c3168763f915b505186bfaae6,240027add6ff9287e804cf85b718666773afc7cc1c7d085aee0facad54542a3e,8f5f83da7c55e8c34a1ed4f5edebb52a900851fee291f6b040745a36665752bd,d04812a498535f8eaef9c9bf0960886190bb4ed5326d7ad247f949302122e814,0.97338276797150047,0.02661723202835916,82.394869719997601,0.3927842696321498,True,False,,,False,,observed_profile_hessian,34,1.91693081344,34,9.9999999999999995e-08,0,aec8d51f10d58c61c16da512defe8c30d2c9e5d0b3dec0378ae80abc70b6c536,3de09990187015fcac25a3c580488500c9196a146407950da1e350a17f6555ea,"[{""attempt"": 0, ""tolerance"": 2e-07, ""free_valid"": true, ""free_nll"": 11.416211035071557, ""free_score"": 2.1598922650412078e-10, ""sigma"": 1656.775720511336}]",1,11.416211035071557,2.1598922650412078e-10,12611.106237023469,12552.351159809377,newton
calibration,nominal,1,44,79,8,45536.868099588333,5692.1085124485417,42691.231225170857,5707.0551059750051,-0.49861738174531284,,,,45971,45971,44748,1223,0,2687d09f81dc31f70686dc5768974ebace23b8896023a96e5a6d5372bf395812,296c0faf05f5a4df9374f237b82d5af4239cbf14fff00be09a148dfb024bc392,39055e808a1830bf2ccbadca96415c82f14a160678a575c89d2df2cf177bb081,8f5f83da7c55e8c34a1ed4f5edebb52a900851fee291f6b040745a36665752bd,d04812a498535f8eaef9c9bf0960886190bb4ed5326d7ad247f949302122e814,0.97338276797150047,0.02661723202835916,82.394869719997601,0.3927842696321498,True,False,,,False,,observed_profile_hessian,34,1.91693081344,34,9.9999999999999995e-07,0,4b3c222797cbfd271e0f65ee897a536e88c8f19a1f866791658370bfe226e6dd,b7d39bcdd46b1865c7b60b81c37de3547621443c48be3f470d032a50282bb98d,"[{""attempt"": 0, ""tolerance"": 2e-07, ""free_valid"": true, ""free_nll"": 17.690876719946726, ""free_score"": 9.120482147295661e-14, ""sigma"": 5707.055105975005}]",1,17.690876719946726,9.120482147295661e-14,125545.99990081617,125326.12216809965,newton
