cohort,source,exposure,mass_MeV,toy,z,A_expected,s0,Ahat,sigma_postfit,pull,q_true,profile_contains68,profile_contains95,actual_full,actual_support,actual_window,actual_training,actual_outside_support,background_hash,counts_hash,signal_hash,template_hash,mask_hash,window_fraction,training_fraction,kernel_const,kernel_ls,fit_valid,profile_valid,failure_reason,native_cls90,native_cls90_valid,native_cls90_failure,sigma_method,fit_bins,nominal_sigma_MeV,nuisance_rank,covariance_load,max_omitted_covariance_mode,gp_mean_hash,gp_covariance_factor_hash,attempts_json,attempt_count,free_nll,fit_score,min_lambda,min_background,fit_method
calibration,nominal,0.10000000000000001,92,30,0,0,1609.8624842959866,1447.2028773896554,1609.1588951841359,0.8993536199071579,,,,0,0,0,0,0,6851aedbf6ad65aed619f36807d97603c93e0e7ee0678867d1c83636adde8a97,6851aedbf6ad65aed619f36807d97603c93e0e7ee0678867d1c83636adde8a97,f440d6087e5a50c4aef861dbe0f0dd7752e43e8d6fb7b0a6393f704d359bba12,378c778b73730c037c2521b0c343ee0e9bb95f45fed10a61c83db552a8c372a1,3ae5bf122f8bade926eb20eaf5d58198541d48e803abedafaf83877b3076e15f,0.97514663930712786,0.024853360692872084,122.83647559019832,0.43396588737540831,True,False,,,False,,observed_profile_hessian,68,3.7884285414400001,68,9.9999999999999995e-07,0,2fb581609c67b2b2cadaf415d3a224b40137faa1ae3482f2c617f4cb7869d78f,52da491a2800f52de1b8ca15ab6159da9b25d09a50ef6a9380de38abcb0ebdd3,"[{""attempt"": 0, ""tolerance"": 2e-07, ""free_valid"": true, ""free_nll"": 38.95293010633872, ""free_score"": 5.22991250306859e-09, ""sigma"": 1609.1588951841359}]",1,38.952930106338719,5.22991250306859e-09,11279.056547853981,11275.745192426864,newton
calibration,nominal,1,92,30,0,0,5352.5018956288741,4761.1251759340921,5353.5398180301072,0.88934150819223745,,,,0,0,0,0,0,46e7bf74f3cf7d48cc7312f788db3b51a70b5189c270026887449d7da9e66598,46e7bf74f3cf7d48cc7312f788db3b51a70b5189c270026887449d7da9e66598,f440d6087e5a50c4aef861dbe0f0dd7752e43e8d6fb7b0a6393f704d359bba12,378c778b73730c037c2521b0c343ee0e9bb95f45fed10a61c83db552a8c372a1,3ae5bf122f8bade926eb20eaf5d58198541d48e803abedafaf83877b3076e15f,0.97514663930712786,0.024853360692872084,122.83647559019832,0.43396588737540831,True,False,,,False,,observed_profile_hessian,68,3.7884285414400001,68,1.0000000000000001e-05,0,3f068b348dc89653f332a84a21b82900f04e487483776850309134eb00acd7d0,6323cbe5dee117acd8ec11759c8c940cedbf0f6ed4a9637ac59f726bf43232cb,"[{""attempt"": 0, ""tolerance"": 2e-07, ""free_valid"": true, ""free_nll"": 36.936228620886574, ""free_score"": 8.242983740025522e-09, ""sigma"": 5353.539818030107}]",1,36.936228620886574,8.2429837400255224e-09,112882.27532509364,112871.38135995799,newton
calibration,nominal,0.10000000000000001,92,30,1,1609.8624842959866,1609.8624842959866,3055.9374932854776,1610.1489439598342,0.89810015055698089,,,,1592,1592,1554,38,0,6851aedbf6ad65aed619f36807d97603c93e0e7ee0678867d1c83636adde8a97,164fa19c9bceaed59a7bf6d30afa0ad07677daf02a16a9e9c66e3751d7dad66b,bec771f3151985200d57b5e32b5d080256997164ec50e824b07e8e453d355156,378c778b73730c037c2521b0c343ee0e9bb95f45fed10a61c83db552a8c372a1,3ae5bf122f8bade926eb20eaf5d58198541d48e803abedafaf83877b3076e15f,0.97514663930712786,0.024853360692872084,122.83647559019832,0.43396588737540831,True,False,,,False,,observed_profile_hessian,68,3.7884285414400001,68,9.9999999999999995e-07,0,d41b603098d8ba98ea92bb320d9a4d6da26f86b27e951c1770322714634a1095,4ccdbb7201516d6142edfde2180b6f133837bf93a26b8e092b37f64c671e962a,"[{""attempt"": 0, ""tolerance"": 2e-07, ""free_valid"": true, ""free_nll"": 38.675154556935446, ""free_score"": 1.8638344062571477e-07, ""sigma"": 1610.1489439598342}]",1,38.675154556935446,1.8638344062571477e-07,11282.856551979943,11275.864239180255,newton
calibration,nominal,1,92,30,1,5352.5018956288741,5352.5018956288741,9908.7307113295283,5354.5993464210696,0.85090004329566993,,,,5267,5267,5126,141,0,46e7bf74f3cf7d48cc7312f788db3b51a70b5189c270026887449d7da9e66598,a894b249b5cee32e348795d27c4973210fdd91afaa1a68b31b3a6182867ae0b2,2119f960060ab0932d9b8720ad43eab7fa80c3f2514ba74e321f7e1d7ae98239,378c778b73730c037c2521b0c343ee0e9bb95f45fed10a61c83db552a8c372a1,3ae5bf122f8bade926eb20eaf5d58198541d48e803abedafaf83877b3076e15f,0.97514663930712786,0.024853360692872084,122.83647559019832,0.43396588737540831,True,False,,,False,,observed_profile_hessian,68,3.7884285414400001,68,1.0000000000000001e-05,0,030cf572b4589ea9bd1765b7296ecd022267636392a9958f9e03ad2e41f84888,c695ed6d9c1e5cee7096683324376196ab18c8bfceff5059491be12a30af4303,"[{""attempt"": 0, ""tolerance"": 2e-07, ""free_valid"": true, ""free_nll"": 37.071919534867334, ""free_score"": 4.946511866776859e-08, ""sigma"": 5354.59934642107}]",1,37.071919534867334,4.9465118667768593e-08,112896.25611520199,112873.5838764099,newton
calibration,nominal,0.10000000000000001,92,30,2,3219.7249685919733,1609.8624842959866,4459.4957997974088,1611.1012311951913,0.76951764867420203,,,,3188,3188,3108,80,0,6851aedbf6ad65aed619f36807d97603c93e0e7ee0678867d1c83636adde8a97,4b8fc60edcc102bd17e1e87d55963e0bbc6b7ccb22420cf36be56ae63a94542a,ec326301c5582e8cc7b09f39fc780b6b79f3e26d4ad831a75b04edfb2849f1c3,378c778b73730c037c2521b0c343ee0e9bb95f45fed10a61c83db552a8c372a1,3ae5bf122f8bade926eb20eaf5d58198541d48e803abedafaf83877b3076e15f,0.97514663930712786,0.024853360692872084,122.83647559019832,0.43396588737540831,True,False,,,False,,observed_profile_hessian,68,3.7884285414400001,68,9.9999999999999995e-07,0,199b5536de975462c72cc83be8c035ef039312879c9c2f3ef2b23d644df696e6,a0641b9a6505df23e0d5f11e98381f9742768fa9e673ab5442440d44931f6780,"[{""attempt"": 0, ""tolerance"": 2e-07, ""free_valid"": true, ""free_nll"": 39.24185496607923, ""free_score"": 3.674838211509268e-14, ""sigma"": 1611.1012311951913}]",1,39.241854966079231,3.6748382115092681e-14,11287.638595634104,11277.434790867286,newton
calibration,nominal,1,92,30,2,10705.003791257748,5352.5018956288741,14889.00933016739,5355.6359424078755,0.78123412119542368,,,,10504,10504,10258,246,0,46e7bf74f3cf7d48cc7312f788db3b51a70b5189c270026887449d7da9e66598,669650be60ef84652cf0a410be6de21580343ef493b6aaabc000ae8effad9d6a,d5c4105b2db406c0c0e1c6658131edeecd36f8ef757b328c2612ad4870ace810,378c778b73730c037c2521b0c343ee0e9bb95f45fed10a61c83db552a8c372a1,3ae5bf122f8bade926eb20eaf5d58198541d48e803abedafaf83877b3076e15f,0.97514663930712786,0.024853360692872084,122.83647559019832,0.43396588737540831,True,False,,,False,,observed_profile_hessian,68,3.7884285414400001,68,1.0000000000000001e-05,0,44aa38cdcda504fe24fbbb46cc89831aa1da79d3692c03ab6b00890b92f594da,a0099c36db15d97d540d6451ad767b27d2faecb177ed0a92a71723b12ea4cab7,"[{""attempt"": 0, ""tolerance"": 2e-07, ""free_valid"": true, ""free_nll"": 37.15041232474553, ""free_score"": 1.705178647171124e-07, ""sigma"": 5355.6359424078755}]",1,37.150412324745531,1.7051786471711239e-07,112909.79128676953,112875.72363625548,newton
calibration,nominal,0.10000000000000001,92,30,3,4829.5874528879594,1609.8624842959866,6114.6542103316278,1612.1346745747221,0.79712121928192281,,,,4824,4824,4700,124,0,6851aedbf6ad65aed619f36807d97603c93e0e7ee0678867d1c83636adde8a97,d94698f24923d6b5975d5e47725dc369ffb35b562c06ac79f3237a8cedc55f34,f97151e3370601f6e70e7a6d25c0b664441d4f71835ee01c86e6c1c7e829689e,378c778b73730c037c2521b0c343ee0e9bb95f45fed10a61c83db552a8c372a1,3ae5bf122f8bade926eb20eaf5d58198541d48e803abedafaf83877b3076e15f,0.97514663930712786,0.024853360692872084,122.83647559019832,0.43396588737540831,True,False,,,False,,observed_profile_hessian,68,3.7884285414400001,68,9.9999999999999995e-07,0,69549da9b3435d82e8e90167a55b1796cb5b6ac268108b5f8be830f0fe8740e0,3b1a07c711de5372d71770ca0ea5d215402bb5767c750753b635e1c1c02fdaa7,"[{""attempt"": 0, ""tolerance"": 2e-07, ""free_valid"": true, ""free_nll"": 39.13643588967383, ""free_score"": 2.353672812205332e-14, ""sigma"": 1612.134674574722}]",1,39.136435889673827,2.3536728122053319e-14,11291.711528131025,11277.720543369553,newton
calibration,nominal,1,92,30,3,16057.505686886623,5352.5018956288741,20255.283657661294,5356.7497826412709,0.78364272013931136,,,,15933,15933,15554,379,0,46e7bf74f3cf7d48cc7312f788db3b51a70b5189c270026887449d7da9e66598,9921e752ded5a897235c398971f054465594ee54a3cc8ab8cfe9f2d9f5b6eb39,4d659ea19f10a2a40eb1b7fe1c131a3209a54600701107806501de39fc827809,378c778b73730c037c2521b0c343ee0e9bb95f45fed10a61c83db552a8c372a1,3ae5bf122f8bade926eb20eaf5d58198541d48e803abedafaf83877b3076e15f,0.97514663930712786,0.024853360692872084,122.83647559019832,0.43396588737540831,True,False,,,False,,observed_profile_hessian,68,3.7884285414400001,68,1.0000000000000001e-05,0,ac2984e8048aa3614ef52df3ec3e6e80d7231e667cf0c0bbf409568bd52c7bc2,3b6a17387200d43312cba5544f5b49eaaaf73797e8851639f01ca90037577e78,"[{""attempt"": 0, ""tolerance"": 2e-07, ""free_valid"": true, ""free_nll"": 36.98051353808948, ""free_score"": 5.1958437552457326e-14, ""sigma"": 5356.749782641271}]",1,36.980513538089482,5.1958437552457326e-14,112923.12607269487,112876.77981087113,newton
calibration,nominal,0.10000000000000001,92,30,4,6439.4499371839465,1609.8624842959866,7654.3911800846035,1613.0790892790865,0.75318144719341429,,,,6422,6422,6258,164,0,6851aedbf6ad65aed619f36807d97603c93e0e7ee0678867d1c83636adde8a97,b546c4e914aacf0bea550a3b371782645c1c1990a0a98a5ecc8fe0bbd36a0f3d,513fdcc50b183303ffec74964cf0261b925b44e2605c2e874a3bced53a084aa7,378c778b73730c037c2521b0c343ee0e9bb95f45fed10a61c83db552a8c372a1,3ae5bf122f8bade926eb20eaf5d58198541d48e803abedafaf83877b3076e15f,0.97514663930712786,0.024853360692872084,122.83647559019832,0.43396588737540831,True,False,,,False,,observed_profile_hessian,68,3.7884285414400001,68,9.9999999999999995e-07,0,b3dfe41883c585abd125bff94705346e39fc21505da97d7a2c357beb52a798dc,6c00ea9e21b98d36bbd171d29c6e2dd1bfd402a3ef6bbc42fa98034abd6ac95d,"[{""attempt"": 0, ""tolerance"": 2e-07, ""free_valid"": true, ""free_nll"": 38.79130679312473, ""free_score"": 9.57012247226885e-14, ""sigma"": 1613.0790892790865}]",1,38.791306793124733,9.5701224722688494e-14,11295.653180756317,11278.139112638128,newton
calibration,nominal,1,92,30,4,21410.007582515496,5352.5018956288741,25257.636749263005,5357.7746134572517,0.71813942249144369,,,,21225,21225,20701,524,0,46e7bf74f3cf7d48cc7312f788db3b51a70b5189c270026887449d7da9e66598,510a9dfb9bb3cb9b9d31a3d88e6513fa0abf353c628ec0b9a2b24cf2fc5d098d,1316761c6c2de202eb1f2a158c253f2981403a649b209f72228696624b5822a8,378c778b73730c037c2521b0c343ee0e9bb95f45fed10a61c83db552a8c372a1,3ae5bf122f8bade926eb20eaf5d58198541d48e803abedafaf83877b3076e15f,0.97514663930712786,0.024853360692872084,122.83647559019832,0.43396588737540831,True,False,,,False,,observed_profile_hessian,68,3.7884285414400001,68,1.0000000000000001e-05,0,428217d328901f12e27eb53d4f1c32abb0663821732935e2fb5cab3ab182d156,c9fdca25a8b9eef5fca7d861c2b08200d317c77a4f20895f5d24bfea1dd66be8,"[{""attempt"": 0, ""tolerance"": 2e-07, ""free_valid"": true, ""free_nll"": 36.784311214256725, ""free_score"": 9.414691248821327e-14, ""sigma"": 5357.774613457252}]",1,36.784311214256725,9.4146912488213275e-14,112937.20046623104,112879.40828392369,newton
calibration,nominal,0.10000000000000001,92,30,5,8049.3124214799336,1609.8624842959866,9229.7509034968734,1614.0042215266071,0.73137261121933195,,,,8015,8015,7814,201,0,6851aedbf6ad65aed619f36807d97603c93e0e7ee0678867d1c83636adde8a97,ed5eb177792ef880e675fa74e25f5156c58e0ea9216833acb6a9e3528170b747,3009aa982329395d9641a326b59b1779ae6f01d5c5198d8ed1bc5822f6559a45,378c778b73730c037c2521b0c343ee0e9bb95f45fed10a61c83db552a8c372a1,3ae5bf122f8bade926eb20eaf5d58198541d48e803abedafaf83877b3076e15f,0.97514663930712786,0.024853360692872084,122.83647559019832,0.43396588737540831,True,False,,,False,,observed_profile_hessian,68,3.7884285414400001,68,9.9999999999999995e-07,0,72d51651338e390c5c7e4781434f6cd867852404ffb094116fdf668b108ff022,134d92b445514732142b84a27bbcfec3759d082d0415225592ff8176c5362b82,"[{""attempt"": 0, ""tolerance"": 2e-07, ""free_valid"": true, ""free_nll"": 39.97874449015548, ""free_score"": 4.1178171983347056e-13, ""sigma"": 1614.0042215266071}]",1,39.978744490155478,4.1178171983347056e-13,11299.460534759191,11278.341874602607,newton
calibration,nominal,1,92,30,5,26762.509478144369,5352.5018956288741,30687.34172276537,5358.8372298231598,0.73240370556105117,,,,26675,26675,26028,647,0,46e7bf74f3cf7d48cc7312f788db3b51a70b5189c270026887449d7da9e66598,deb6c366ea07f920a0f0ce0fc78424751ea0553b3fac42c965b433146ae62303,d1c6407bac180a64590f230fc7b52e41c6b5d83f6c5d362da24cba327e19efca,378c778b73730c037c2521b0c343ee0e9bb95f45fed10a61c83db552a8c372a1,3ae5bf122f8bade926eb20eaf5d58198541d48e803abedafaf83877b3076e15f,0.97514663930712786,0.024853360692872084,122.83647559019832,0.43396588737540831,True,False,,,False,,observed_profile_hessian,68,3.7884285414400001,68,1.0000000000000001e-05,0,be71dbfdbd78e0958c42c75f8e91fddea1f23af7f0f15d56cb8fb6837033c839,3040a29b2ba30e5016140ba0b79340b15806e02ceae895bfc72ea1054086bbe8,"[{""attempt"": 0, ""tolerance"": 2e-07, ""free_valid"": true, ""free_nll"": 36.63937782950837, ""free_score"": 1.0935696792557792e-14, ""sigma"": 5358.83722982316}]",1,36.639377829508369,1.0935696792557792e-14,112950.20437150245,112879.98844176305,newton
calibration,nominal,0.10000000000000001,92,30,6,9659.1749057759189,1609.8624842959866,10592.261168560663,1614.9462463899367,0.57778162268284272,,,,9507,9507,9286,221,0,6851aedbf6ad65aed619f36807d97603c93e0e7ee0678867d1c83636adde8a97,0eba7fb6b515a3f49f7b1309fe48b03691a2f08a493a2b1e1a04e0fcc35646bc,a265cbe76ad6d20085553073b627b1b66f0b2eb178ba3c6929a4fccd59e5ca1d,378c778b73730c037c2521b0c343ee0e9bb95f45fed10a61c83db552a8c372a1,3ae5bf122f8bade926eb20eaf5d58198541d48e803abedafaf83877b3076e15f,0.97514663930712786,0.024853360692872084,122.83647559019832,0.43396588737540831,True,False,,,False,,observed_profile_hessian,68,3.7884285414400001,68,9.9999999999999995e-07,0,7b0a19be769e29503a35987e03f5aea8d0920296e9ff4727eaed95171a936527,d05cc13b4050d2b1b4c2668a9a231be652ce7d4f0fd635bffa520321df9c916a,"[{""attempt"": 0, ""tolerance"": 2e-07, ""free_valid"": true, ""free_nll"": 37.96928955477607, ""free_score"": 1.344369060518602e-12, ""sigma"": 1614.9462463899367}]",1,37.969289554776068,1.3443690605186021e-12,11304.292419220601,11280.056189419007,newton
calibration,nominal,1,92,30,6,32115.011373773246,5352.5018956288741,35205.313455334741,5359.8895116584454,0.57656078074738148,,,,31823,31823,31051,772,0,46e7bf74f3cf7d48cc7312f788db3b51a70b5189c270026887449d7da9e66598,04bbd26ed86a665c6ad2624186be32fbb906a495aca6cf8f2426a6f6be2a1213,14b7d71aefede0fd2f8aaa4f8886f4adc900e03492ce3e64deabacfebe33dc11,378c778b73730c037c2521b0c343ee0e9bb95f45fed10a61c83db552a8c372a1,3ae5bf122f8bade926eb20eaf5d58198541d48e803abedafaf83877b3076e15f,0.97514663930712786,0.024853360692872084,122.83647559019832,0.43396588737540831,True,False,,,False,,observed_profile_hessian,68,3.7884285414400001,68,1.0000000000000001e-05,0,60627652f3b180b4c083b9d81149a748d940544f1eeb6075d5af334e63b3d15c,088b259fe71213590d16f3540192fd7c0eff8fd0045813bac0a86d851d16be8a,"[{""attempt"": 0, ""tolerance"": 2e-07, ""free_valid"": true, ""free_nll"": 36.8139439336108, ""free_score"": 7.127631818093505e-14, ""sigma"": 5359.889511658445}]",1,36.813943933610801,7.127631818093505e-14,112967.12509300384,112886.57155929065,newton
calibration,nominal,0.10000000000000001,92,30,7,11269.037390071906,1609.8624842959866,12262.398671755116,1616.1011945637547,0.6146652728335833,,,,11245,11245,10969,276,0,6851aedbf6ad65aed619f36807d97603c93e0e7ee0678867d1c83636adde8a97,b9560fd92b7d756127a4766934a19c3670ab85b709c1f76dfa624c10e8042ef9,b2da128d9e7f76a41428da80b877f2bdb0f4230f153ea2615f343d2b69f5593d,378c778b73730c037c2521b0c343ee0e9bb95f45fed10a61c83db552a8c372a1,3ae5bf122f8bade926eb20eaf5d58198541d48e803abedafaf83877b3076e15f,0.97514663930712786,0.024853360692872084,122.83647559019832,0.43396588737540831,True,False,,,False,,observed_profile_hessian,68,3.7884285414400001,68,9.9999999999999995e-07,0,3785b64b5daba86ccbbfafc3d8e7c953f8cf284e0c810b822f7f9b45e50cba5a,14354bf9953cc69e616b9c26400990ba98e78d8098f05698b5ab65b9418cad5c,"[{""attempt"": 0, ""tolerance"": 2e-07, ""free_valid"": true, ""free_nll"": 39.655596497245234, ""free_score"": 4.3514081227158385e-12, ""sigma"": 1616.1011945637547}]",1,39.655596497245234,4.3514081227158385e-12,11309.040735802488,11280.9830522354,newton
calibration,nominal,1,92,30,7,37467.513269402116,5352.5018956288741,41124.199032528901,5361.0398513257333,0.68208516715698764,,,,37418,37418,36479,939,0,46e7bf74f3cf7d48cc7312f788db3b51a70b5189c270026887449d7da9e66598,a8da727affd8f9595e0e981a70f1d4067ed6d893a1b0931ed1c436791896a5e3,d2c4eb7aa0f8fd34a907ca574c62d735af33f36ec6468eee0e898133225bcece,378c778b73730c037c2521b0c343ee0e9bb95f45fed10a61c83db552a8c372a1,3ae5bf122f8bade926eb20eaf5d58198541d48e803abedafaf83877b3076e15f,0.97514663930712786,0.024853360692872084,122.83647559019832,0.43396588737540831,True,False,,,False,,observed_profile_hessian,68,3.7884285414400001,68,1.0000000000000001e-05,0,7e979b9636801a4e6074d1de1097cf61da9943349b67f4c9144d0074ea456a03,835a9e4f018a00dd823025c574fdb4afc0007709ab3f99b8f5a275e8839f2098,"[{""attempt"": 0, ""tolerance"": 2e-07, ""free_valid"": true, ""free_nll"": 36.833161305046154, ""free_score"": 3.392425229620244e-14, ""sigma"": 5361.039851325733}]",1,36.833161305046154,3.392425229620244e-14,112980.26679395355,112886.17021511188,newton
calibration,nominal,0.10000000000000001,92,30,8,12878.899874367893,1609.8624842959866,14033.635373543253,1617.0569661420716,0.7140969819574724,,,,12880,12880,12555,325,0,6851aedbf6ad65aed619f36807d97603c93e0e7ee0678867d1c83636adde8a97,ce7994d26a63f4d199d8d402d99db4d29e2a00033ecbd0b2b39f75bb6ea408dc,dd2afed59829d8d7829a500b18435f88d7f3d2a5bd630f57d446820a21febda3,378c778b73730c037c2521b0c343ee0e9bb95f45fed10a61c83db552a8c372a1,3ae5bf122f8bade926eb20eaf5d58198541d48e803abedafaf83877b3076e15f,0.97514663930712786,0.024853360692872084,122.83647559019832,0.43396588737540831,True,False,,,False,,observed_profile_hessian,68,3.7884285414400001,68,9.9999999999999995e-07,0,1c09de557a085260d168f93a7df9257742a62816258a01ff422bcb98369212f4,6023cc451beb99a2264cf3df2189fbe99e6e732c0e282ec5f96fdaac02d253de,"[{""attempt"": 0, ""tolerance"": 2e-07, ""free_valid"": true, ""free_nll"": 38.53508574731152, ""free_score"": 1.1866951865613373e-11, ""sigma"": 1617.0569661420716}]",1,38.53508574731152,1.1866951865613373e-11,11312.206790748849,11280.096327604822,newton
calibration,nominal,1,92,30,8,42820.015165030993,5352.5018956288741,46209.204456122214,5362.1459320326521,0.63205838372370937,,,,42965,42965,41864,1101,0,46e7bf74f3cf7d48cc7312f788db3b51a70b5189c270026887449d7da9e66598,2123a05ad663aadc72a4df55926a8fb82fab2bdbac86a907a0da579233772e34,b82a534a3502520d78d49a14a4dab92055306199937362a81621227e78a919f4,378c778b73730c037c2521b0c343ee0e9bb95f45fed10a61c83db552a8c372a1,3ae5bf122f8bade926eb20eaf5d58198541d48e803abedafaf83877b3076e15f,0.97514663930712786,0.024853360692872084,122.83647559019832,0.43396588737540831,True,False,,,False,,observed_profile_hessian,68,3.7884285414400001,68,1.0000000000000001e-05,0,4ae2fc1679b5ea8079fafb5594e1078bfc367b4e2118846340aa4b7cf7620311,cc255522cafa7cd9170d6b49b5e74cf7bff4d5180e88bd93d4370ba5a83ae513,"[{""attempt"": 0, ""tolerance"": 2e-07, ""free_valid"": true, ""free_nll"": 36.56427215954338, ""free_score"": 2.8976820942716586e-14, ""sigma"": 5362.145932032652}]",1,36.564272159543378,2.8976820942716586e-14,112995.82810290021,112890.09648617313,newton
calibration,nominal,0.10000000000000001,92,31,0,0,1609.8624842959866,2896.3847682744013,1608.3703359675508,1.8008195646881393,,,,0,0,0,0,0,d46d56f9a020b575d238783f71c3664f44ad6fa95bf95d44469aa495d64b0426,d46d56f9a020b575d238783f71c3664f44ad6fa95bf95d44469aa495d64b0426,f440d6087e5a50c4aef861dbe0f0dd7752e43e8d6fb7b0a6393f704d359bba12,378c778b73730c037c2521b0c343ee0e9bb95f45fed10a61c83db552a8c372a1,3ae5bf122f8bade926eb20eaf5d58198541d48e803abedafaf83877b3076e15f,0.97514663930712786,0.024853360692872084,122.83647559019832,0.43396588737540831,True,False,,,False,,observed_profile_hessian,68,3.7884285414400001,68,9.9999999999999995e-07,0,3c2e52d335d8ecc68b927703346c5afc52927c4a65f1291bbd6de7de8e6211d5,6a659973e75b05f34fe6b7fde7d56c173be009551ac8858f561179f82533767e,"[{""attempt"": 0, ""tolerance"": 2e-07, ""free_valid"": true, ""free_nll"": 30.127575269307474, ""free_score"": 1.034733365656848e-08, ""sigma"": 1608.3703359675508}]",1,30.127575269307474,1.034733365656848e-08,11253.083142593969,11246.455903544567,newton
calibration,nominal,1,92,31,0,0,5352.5018956288741,1696.1712450488558,5352.931071843469,0.31686775381262661,,,,0,0,0,0,0,32b85e055cb9e8314eada1504566fdd262e6f51726488649af7e86c55af85608,32b85e055cb9e8314eada1504566fdd262e6f51726488649af7e86c55af85608,f440d6087e5a50c4aef861dbe0f0dd7752e43e8d6fb7b0a6393f704d359bba12,378c778b73730c037c2521b0c343ee0e9bb95f45fed10a61c83db552a8c372a1,3ae5bf122f8bade926eb20eaf5d58198541d48e803abedafaf83877b3076e15f,0.97514663930712786,0.024853360692872084,122.83647559019832,0.43396588737540831,True,False,,,False,,observed_profile_hessian,68,3.7884285414400001,68,1.0000000000000001e-05,0,c7a36a4912e45b189d9a5652a3e5bc4080649cd6a8b7f5b0c17b389c16e42e66,f9ff60e1deb5e28479347861b5754aea0008f7f59c26dab7229ac5a166db4907,"[{""attempt"": 0, ""tolerance"": 2e-07, ""free_valid"": true, ""free_nll"": 35.47330147950298, ""free_score"": 2.5271007508820276e-10, ""sigma"": 5352.931071843469}]",1,35.473301479502979,2.5271007508820276e-10,112851.20802693287,112847.32700517334,newton
calibration,nominal,0.10000000000000001,92,31,1,1609.8624842959866,1609.8624842959866,4436.0967182686409,1609.367525633676,1.7561148643532163,,,,1634,1634,1589,45,0,d46d56f9a020b575d238783f71c3664f44ad6fa95bf95d44469aa495d64b0426,64a1d8503c6954bb1adca222402e8972a37d873ad7871f50fef50ba4efcbf870,ef637ada1473d3871488509f9a62cce0238118736131659be1ac969a3d532157,378c778b73730c037c2521b0c343ee0e9bb95f45fed10a61c83db552a8c372a1,3ae5bf122f8bade926eb20eaf5d58198541d48e803abedafaf83877b3076e15f,0.97514663930712786,0.024853360692872084,122.83647559019832,0.43396588737540831,True,False,,,False,,observed_profile_hessian,68,3.7884285414400001,68,9.9999999999999995e-07,0,e66e7ef0dbd4e5b8450f295cf59abca50788427d9fc77e2d70ece83b7f325b78,c11850db6935885890cd679d5f980c3193113c730e8b07410cf269c2227c4a9a,"[{""attempt"": 0, ""tolerance"": 2e-07, ""free_valid"": true, ""free_nll"": 29.81705370692865, ""free_score"": 2.55351295663786e-14, ""sigma"": 1609.367525633676}]",1,29.81705370692865,2.55351295663786e-14,11257.511956048742,11247.361690890517,newton
calibration,nominal,1,92,31,1,5352.5018956288741,5352.5018956288741,6923.3440239447737,5354.0129723227228,0.29339527872574872,,,,5421,5421,5304,117,0,32b85e055cb9e8314eada1504566fdd262e6f51726488649af7e86c55af85608,a50e0a0c129e08c5dfeebf2901ea59fd76c40552b5f53cd0fbfaef3e5a426f2e,c109d49ddc1efff62dca5957ecaf2b2dc2198780ad05051199e3314bc4f61539,378c778b73730c037c2521b0c343ee0e9bb95f45fed10a61c83db552a8c372a1,3ae5bf122f8bade926eb20eaf5d58198541d48e803abedafaf83877b3076e15f,0.97514663930712786,0.024853360692872084,122.83647559019832,0.43396588737540831,True,False,,,False,,observed_profile_hessian,68,3.7884285414400001,68,1.0000000000000001e-05,0,f9969664fd3dd1531182306d5cb8ca139f2d7471ece0d3c18f7f5a32fa3e2748,94f0be01b7995ab4d3c178cd965780727dcca6ad120b948c58eed082a648adbc,"[{""attempt"": 0, ""tolerance"": 2e-07, ""free_valid"": true, ""free_nll"": 35.23441663531097, ""free_score"": 8.263019546372874e-09, ""sigma"": 5354.012972322723}]",1,35.234416635310971,8.2630195463728739e-09,112865.03197673061,112849.19062292621,newton
calibration,nominal,0.10000000000000001,92,31,2,3219.7249685919733,1609.8624842959866,5909.4766924913583,1610.2926435752329,1.6703496315598239,,,,3136,3136,3056,80,0,d46d56f9a020b575d238783f71c3664f44ad6fa95bf95d44469aa495d64b0426,2c3adcef8b721ca81b12b66051d7d6f02d089e6cd09e5938b92b8fc32b58d12f,59ad4ff598b41ac9bb6ac44d137f4e81f232e5f63a25ecf259704446a005a2c6,378c778b73730c037c2521b0c343ee0e9bb95f45fed10a61c83db552a8c372a1,3ae5bf122f8bade926eb20eaf5d58198541d48e803abedafaf83877b3076e15f,0.97514663930712786,0.024853360692872084,122.83647559019832,0.43396588737540831,True,False,,,False,,observed_profile_hessian,68,3.7884285414400001,68,9.9999999999999995e-07,0,9041e40aaac5437a1cd82560dda454b2c890f21dd890ddd55b638110d259eeaa,7f3c305ded290c0a0e7d5d8e3645ab4358f827d5cd83b7d52cec4294d5724ffb,"[{""attempt"": 0, ""tolerance"": 2e-07, ""free_valid"": true, ""free_nll"": 29.995785849901605, ""free_score"": 9.325873406851315e-15, ""sigma"": 1610.292643575233}]",1,29.995785849901605,9.3258734068513149e-15,11261.441120966503,11247.919604375553,newton
calibration,nominal,1,92,31,2,10705.003791257748,5352.5018956288741,11871.811411679289,5355.0783576863478,0.21788805737021158,,,,10703,10703,10405,298,0,32b85e055cb9e8314eada1504566fdd262e6f51726488649af7e86c55af85608,a7c4c81db461169ab889ec323cee95d38af8fc8583a8ffc4932a5fc4ad72249a,19da51b4bd293aa2c795eb5ae5da4b623231c6795bbc1cebfc478f7066d94199,378c778b73730c037c2521b0c343ee0e9bb95f45fed10a61c83db552a8c372a1,3ae5bf122f8bade926eb20eaf5d58198541d48e803abedafaf83877b3076e15f,0.97514663930712786,0.024853360692872084,122.83647559019832,0.43396588737540831,True,False,,,False,,observed_profile_hessian,68,3.7884285414400001,68,1.0000000000000001e-05,0,524b8d0413bea868e7bc1e0821311743b2abbe5fcc2854637943d9e3299fd1bd,e6a2feced18ec0c70ce884ce7835a50debd01870c4a019f37ab1155bc3a50294,"[{""attempt"": 0, ""tolerance"": 2e-07, ""free_valid"": true, ""free_nll"": 35.5677619715796, ""free_score"": 4.755544691370517e-08, ""sigma"": 5355.078357686348}]",1,35.5677619715796,4.7555446913705168e-08,112880.28623388024,112853.12225586308,newton
calibration,nominal,0.10000000000000001,92,31,3,4829.5874528879594,1609.8624842959866,7531.3278140657994,1611.352778422314,1.6766907888557661,,,,4824,4824,4684,140,0,d46d56f9a020b575d238783f71c3664f44ad6fa95bf95d44469aa495d64b0426,4317445f2d9f4a84e7cbe51cd4c02b77ac06d0ffd176f113a8ecbbff654f2d7e,6b0827eb9f55f4106f4275b1b17cfff9ede2e61c214a081c339f9dd89f90e6e3,378c778b73730c037c2521b0c343ee0e9bb95f45fed10a61c83db552a8c372a1,3ae5bf122f8bade926eb20eaf5d58198541d48e803abedafaf83877b3076e15f,0.97514663930712786,0.024853360692872084,122.83647559019832,0.43396588737540831,True,False,,,False,,observed_profile_hessian,68,3.7884285414400001,68,9.9999999999999995e-07,0,df688d3016432afc88a45546488da103b6b8c89c90c13db011359512c513b838,364c6716faa33b310f0a01c3267ac564ff934d5e72264541ec15d727268fc068,"[{""attempt"": 0, ""tolerance"": 2e-07, ""free_valid"": true, ""free_nll"": 29.805346122749373, ""free_score"": 3.197442310920451e-14, ""sigma"": 1611.352778422314}]",1,29.805346122749373,3.1974423109204508e-14,11265.659187204288,11248.426701268743,newton
calibration,nominal,1,92,31,3,16057.505686886623,5352.5018956288741,16953.242595435891,5356.1321518816967,0.16723577446358959,,,,15902,15902,15487,415,0,32b85e055cb9e8314eada1504566fdd262e6f51726488649af7e86c55af85608,521841b5d0f0614f63c15b2886866dbd9e01e51ee9e33622d142442090d8d203,6b70ef72604e8537cca7ba55ae9c6273737464dbef7e68051b90cdfbf1441e94,378c778b73730c037c2521b0c343ee0e9bb95f45fed10a61c83db552a8c372a1,3ae5bf122f8bade926eb20eaf5d58198541d48e803abedafaf83877b3076e15f,0.97514663930712786,0.024853360692872084,122.83647559019832,0.43396588737540831,True,False,,,False,,observed_profile_hessian,68,3.7884285414400001,68,1.0000000000000001e-05,0,21bd0cb4c90fd2714bf37a06269cf97b95c5a52423faf0e7a905f62ce2d9a055,4c0b1e8d3003783c24196ff705fe0e2ff4ff8195faf3a6edce9b046e9fe1abe8,"[{""attempt"": 0, ""tolerance"": 2e-07, ""free_valid"": true, ""free_nll"": 35.652960912082875, ""free_score"": 1.6570044797381556e-07, ""sigma"": 5356.132151881697}]",1,35.652960912082875,1.6570044797381556e-07,112893.17203531523,112854.38119765681,newton
calibration,nominal,0.10000000000000001,92,31,4,6439.4499371839465,1609.8624842959866,8862.6902380053416,1612.156364755464,1.5031050050712409,,,,6229,6229,6069,160,0,d46d56f9a020b575d238783f71c3664f44ad6fa95bf95d44469aa495d64b0426,1a0b01999855950414f01bcccda092fc68e35ce9eba9870b0e9056387748403a,b846749cec4d041ae9cbb1c557731b916ae3c1d66fc59997152e5d5033893ae1,378c778b73730c037c2521b0c343ee0e9bb95f45fed10a61c83db552a8c372a1,3ae5bf122f8bade926eb20eaf5d58198541d48e803abedafaf83877b3076e15f,0.97514663930712786,0.024853360692872084,122.83647559019832,0.43396588737540831,True,False,,,False,,observed_profile_hessian,68,3.7884285414400001,68,9.9999999999999995e-07,0,1c977a797e6072328966a46e764d30b025adacb33ace06aa19c3fa64367abb16,b941585fa7073dc77f7f67ecbef466b318e035651314d25dcfe4e635084f16fa,"[{""attempt"": 0, ""tolerance"": 2e-07, ""free_valid"": true, ""free_nll"": 29.98302099287219, ""free_score"": 5.218048215738236e-14, ""sigma"": 1612.156364755464}]",1,29.983020992872191,5.2180482157382357e-14,11269.452273794053,11249.173487815267,newton
calibration,nominal,1,92,31,4,21410.007582515496,5352.5018956288741,21837.040830616043,5357.1691170171571,0.07971248224067938,,,,21225,21225,20683,542,0,32b85e055cb9e8314eada1504566fdd262e6f51726488649af7e86c55af85608,d0559282789dc85421f88cfa084050b01aa48be98277df0d1e70c4c1d0f4c606,95da29903590df912c89ade83b82b35ec0b79e3aba99dc1499d162c1283a6ba8,378c778b73730c037c2521b0c343ee0e9bb95f45fed10a61c83db552a8c372a1,3ae5bf122f8bade926eb20eaf5d58198541d48e803abedafaf83877b3076e15f,0.97514663930712786,0.024853360692872084,122.83647559019832,0.43396588737540831,True,False,,,False,,observed_profile_hessian,68,3.7884285414400001,68,1.0000000000000001e-05,0,a815788eaa665723cb0494be27a6f1981ab4ac977225ceb5c6442750df4b3419,56546d8558e4e91f34f4c83267a333f50ef89ceb68995b77e5f929169aeed3fc,"[{""attempt"": 0, ""tolerance"": 2e-07, ""free_valid"": true, ""free_nll"": 35.24866579770533, ""free_score"": 8.22675261247241e-14, ""sigma"": 5357.169117017157}]",1,35.248665797705328,8.22675261247241e-14,112908.98254451079,112859.01705259785,newton
calibration,nominal,0.10000000000000001,92,31,5,8049.3124214799336,1609.8624842959866,10633.562453833041,1613.2486795672385,1.6018919247132717,,,,7946,7946,7732,214,0,d46d56f9a020b575d238783f71c3664f44ad6fa95bf95d44469aa495d64b0426,65ba3c5512630812635fecaf015ffd7692aa19a172c3dcb90e95c81ee05e6da9,939b9f3b97e99b667829853bc1a50f3f424a29d9f4187269131a8422ed9245c9,378c778b73730c037c2521b0c343ee0e9bb95f45fed10a61c83db552a8c372a1,3ae5bf122f8bade926eb20eaf5d58198541d48e803abedafaf83877b3076e15f,0.97514663930712786,0.024853360692872084,122.83647559019832,0.43396588737540831,True,False,,,False,,observed_profile_hessian,68,3.7884285414400001,68,9.9999999999999995e-07,0,b43e826f2b97f5b4f83bae99a7605825ce3ab5f2fc4c8c030767fd11284f7f84,674b642dcab44e7682c1c816cf449a24703be8beda624608fa722de3e819aa91,"[{""attempt"": 0, ""tolerance"": 2e-07, ""free_valid"": true, ""free_nll"": 30.717544454589735, ""free_score"": 4.674038933671909e-13, ""sigma"": 1613.2486795672385}]",1,30.717544454589735,4.674038933671909e-13,11273.35209424574,11249.021362672991,newton
calibration,nominal,1,92,31,5,26762.509478144369,5352.5018956288741,27582.751082749204,5358.3291904632079,0.15307786726965311,,,,26756,26756,26064,692,0,32b85e055cb9e8314eada1504566fdd262e6f51726488649af7e86c55af85608,9d09cb2a7ad0857c53555834e9b93cf7db5dd6fbdbe89302792260cfa4b1eafe,cc50f4cbca1d9ec6bebff4ee0e191e54e92ff9eea8b586e28adbe658d9ca3e52,378c778b73730c037c2521b0c343ee0e9bb95f45fed10a61c83db552a8c372a1,3ae5bf122f8bade926eb20eaf5d58198541d48e803abedafaf83877b3076e15f,0.97514663930712786,0.024853360692872084,122.83647559019832,0.43396588737540831,True,False,,,False,,observed_profile_hessian,68,3.7884285414400001,68,1.0000000000000001e-05,0,cc831c7af834f75cf4139fd24244c1b4583746e56c0517a6aead5c3c350cc4be,d5f31edb8b392c0b92b66d4b2cac1bb552a07d48c48d471fbaeb41126380bc22,"[{""attempt"": 0, ""tolerance"": 2e-07, ""free_valid"": true, ""free_nll"": 35.518755539554434, ""free_score"": 9.225953334635051e-14, ""sigma"": 5358.329190463208}]",1,35.518755539554434,9.2259533346350509e-14,112921.83534023189,112858.72304691101,newton
calibration,nominal,0.10000000000000001,92,31,6,9659.1749057759189,1609.8624842959866,12144.496521709843,1614.1378536844425,1.5397207929055823,,,,9459,9459,9241,218,0,d46d56f9a020b575d238783f71c3664f44ad6fa95bf95d44469aa495d64b0426,6c6d4b1eaf2bee76445cd0978c657a72cea4fa68a69b5015034b0ab1ebef94fc,ed50dd9a1af57d1f1f4c8b460e377acd0526c669688dc79a9a1909c0ba9335a0,378c778b73730c037c2521b0c343ee0e9bb95f45fed10a61c83db552a8c372a1,3ae5bf122f8bade926eb20eaf5d58198541d48e803abedafaf83877b3076e15f,0.97514663930712786,0.024853360692872084,122.83647559019832,0.43396588737540831,True,False,,,False,,observed_profile_hessian,68,3.7884285414400001,68,9.9999999999999995e-07,0,67eefc4ec504a0e4a4035e663a70eec0010d6d8fa1048892407a52cc3fe0d874,89edb3749aaa8965ec78d31f36d39576d73f35cb2a6af663e6b6d7be1881f85f,"[{""attempt"": 0, ""tolerance"": 2e-07, ""free_valid"": true, ""free_nll"": 31.287759433177666, ""free_score"": 1.45328193923433e-12, ""sigma"": 1614.1378536844425}]",1,31.287759433177666,1.4532819392343299e-12,11277.244213744003,11249.456302943761,newton
calibration,nominal,1,92,31,6,32115.011373773246,5352.5018956288741,32982.324659855942,5359.3669884109322,0.16183129238176247,,,,32217,32217,31424,793,0,32b85e055cb9e8314eada1504566fdd262e6f51726488649af7e86c55af85608,911ef78ecaa129b7997215b3b93660020f81835e0e3e9c6d239525f1f26d75bc,a0e962e1ac149f8a5410c752bbc6bd0121ffeddc3d10374f91c280f99896747f,378c778b73730c037c2521b0c343ee0e9bb95f45fed10a61c83db552a8c372a1,3ae5bf122f8bade926eb20eaf5d58198541d48e803abedafaf83877b3076e15f,0.97514663930712786,0.024853360692872084,122.83647559019832,0.43396588737540831,True,False,,,False,,observed_profile_hessian,68,3.7884285414400001,68,1.0000000000000001e-05,0,427bd33541ac0e3720fa2e7bb1ef6d8c843ec560f92ffc680d91e4cd11830e8a,660328c7a2e032c54a3946a7ae0ba5b2bfd05680d5d932662c0242ff5bbdd7cb,"[{""attempt"": 0, ""tolerance"": 2e-07, ""free_valid"": true, ""free_nll"": 35.341672222292736, ""free_score"": 1.9939605522267811e-13, ""sigma"": 5359.366988410932}]",1,35.341672222292736,1.9939605522267811e-13,112934.40358178488,112858.93648489911,newton
calibration,nominal,0.10000000000000001,92,31,7,11269.037390071906,1609.8624842959866,13931.113652975073,1615.3688487496568,1.6479680569324415,,,,11370,11370,11087,283,0,d46d56f9a020b575d238783f71c3664f44ad6fa95bf95d44469aa495d64b0426,96844c95a13aa08192fc6fc3079147d5e75971d96437b3843e171a20214e2083,a7eeb77af546a6869c7152753aa0e0aba455ea2dd843b73ace0d256fc7a8fe45,378c778b73730c037c2521b0c343ee0e9bb95f45fed10a61c83db552a8c372a1,3ae5bf122f8bade926eb20eaf5d58198541d48e803abedafaf83877b3076e15f,0.97514663930712786,0.024853360692872084,122.83647559019832,0.43396588737540831,True,False,,,False,,observed_profile_hessian,68,3.7884285414400001,68,9.9999999999999995e-07,0,5dc2399b97fe19e7289333ad6e2a26b15f96d895be8e871b5bd4170f9c7e7554,41c1b0df373083aa7fae4a3f56ae048502ce923ba3a332046a85848ea5b9f26a,"[{""attempt"": 0, ""tolerance"": 2e-07, ""free_valid"": true, ""free_nll"": 30.74902169080113, ""free_score"": 5.255129664760716e-12, ""sigma"": 1615.3688487496568}]",1,30.749021690801129,5.255129664760716e-12,11282.946762043552,11251.070879593844,newton
calibration,nominal,1,92,31,7,37467.513269402116,5352.5018956288741,37930.174182748553,5360.5057257203234,0.086309191150852962,,,,37628,37628,36653,975,0,32b85e055cb9e8314eada1504566fdd262e6f51726488649af7e86c55af85608,a558bd2efa7ee7a2d07a2c0bb278beadd000c0f573ec2ddf4a3d863db521f36a,9be475aeebd811f6b4f4b2224a7f0c0fea0b238005b584b207f29bd02661437f,378c778b73730c037c2521b0c343ee0e9bb95f45fed10a61c83db552a8c372a1,3ae5bf122f8bade926eb20eaf5d58198541d48e803abedafaf83877b3076e15f,0.97514663930712786,0.024853360692872084,122.83647559019832,0.43396588737540831,True,False,,,False,,observed_profile_hessian,68,3.7884285414400001,68,1.0000000000000001e-05,0,080a2d1cd40b0f69d0b360b36c22af9be41559c9a33a5836a4cb7254f51e267e,d70ad80ec5558e9a006501de297d7c74b76a432b1672cf2e8acc9e016d1c23a9,"[{""attempt"": 0, ""tolerance"": 2e-07, ""free_valid"": true, ""free_nll"": 35.40497956745992, ""free_score"": 4.093947403305265e-14, ""sigma"": 5360.505725720323}]",1,35.404979567459918,4.0939474033052647e-14,112950.85546811674,112864.06716075928,newton
calibration,nominal,0.10000000000000001,92,31,8,12878.899874367893,1609.8624842959866,15378.409217772823,1616.2495141958425,1.5464872975683768,,,,12847,12847,12511,336,0,d46d56f9a020b575d238783f71c3664f44ad6fa95bf95d44469aa495d64b0426,0b89b3a31f0002fb6914dbf321263a7a77b78fe6dccac4933c732363e485f7ec,d4b0183878e0092496f6c99584fcadc88546424ee797ac6dc51170722ce5b3f2,378c778b73730c037c2521b0c343ee0e9bb95f45fed10a61c83db552a8c372a1,3ae5bf122f8bade926eb20eaf5d58198541d48e803abedafaf83877b3076e15f,0.97514663930712786,0.024853360692872084,122.83647559019832,0.43396588737540831,True,False,,,False,,observed_profile_hessian,68,3.7884285414400001,68,9.9999999999999995e-07,0,92b1ff2fd92be1a764483a2d35f3343cc2f67ecbd4ea1330c85567ee78646813,0d800e30e1f5f9ff43fcec58828f5fd36aa75e615e7a08755e34ded0cafc0f11,"[{""attempt"": 0, ""tolerance"": 2e-07, ""free_valid"": true, ""free_nll"": 30.561993643981904, ""free_score"": 1.2292389328649733e-11, ""sigma"": 1616.2495141958425}]",1,30.561993643981904,1.2292389328649733e-11,11286.993008684132,11251.805558728578,newton
calibration,nominal,1,92,31,8,42820.015165030993,5352.5018956288741,43284.417232659594,5361.5594000629062,0.086616977072594414,,,,42970,42970,41907,1063,0,32b85e055cb9e8314eada1504566fdd262e6f51726488649af7e86c55af85608,d25bb967eb74164dee324a5afe7535a5ac6247c8c6b18d9dcf71873844a97d0e,f6dfd0fe0c3126f64c931d45bb079fb664410cb49909da70f85a4f82e2062c4e,378c778b73730c037c2521b0c343ee0e9bb95f45fed10a61c83db552a8c372a1,3ae5bf122f8bade926eb20eaf5d58198541d48e803abedafaf83877b3076e15f,0.97514663930712786,0.024853360692872084,122.83647559019832,0.43396588737540831,True,False,,,False,,observed_profile_hessian,68,3.7884285414400001,68,1.0000000000000001e-05,0,b5f0ba9b453c396fb28fdc5e6d63ed552d99e566b2104e3d8d16566dd0c0f139,33cc6525912f5d3852313c3b0d30f27529c6ae9ae10bd994777d6d31e631bd3e,"[{""attempt"": 0, ""tolerance"": 2e-07, ""free_valid"": true, ""free_nll"": 35.09160580251419, ""free_score"": 4.701794509287538e-14, ""sigma"": 5361.559400062906}]",1,35.091605802514188,4.7017945092875379e-14,112965.69511414162,112866.65572432817,newton
calibration,nominal,0.10000000000000001,92,32,0,0,1609.8624842959866,1091.362686732677,1608.662051304023,0.67842881346519635,,,,0,0,0,0,0,598b8bf6d14b1c2248c39ea28e8826166a9d0e15a4316810607d723681d8cd2b,598b8bf6d14b1c2248c39ea28e8826166a9d0e15a4316810607d723681d8cd2b,f440d6087e5a50c4aef861dbe0f0dd7752e43e8d6fb7b0a6393f704d359bba12,378c778b73730c037c2521b0c343ee0e9bb95f45fed10a61c83db552a8c372a1,3ae5bf122f8bade926eb20eaf5d58198541d48e803abedafaf83877b3076e15f,0.97514663930712786,0.024853360692872084,122.83647559019832,0.43396588737540831,True,False,,,False,,observed_profile_hessian,68,3.7884285414400001,68,9.9999999999999995e-07,0,51049ff2c6971b740d61072e7e3e06b86e2b581216a2d73f91507320b09f3f87,f834cab4a55576b12530bcbba949aead1163a0261e95aa18ea60977d0f6cce75,"[{""attempt"": 0, ""tolerance"": 2e-07, ""free_valid"": true, ""free_nll"": 29.716584408185344, ""free_score"": 3.830910222379913e-08, ""sigma"": 1608.662051304023}]",1,29.716584408185344,3.830910222379913e-08,11256.849087945742,11254.351933046366,newton
calibration,nominal,1,92,32,0,0,5352.5018956288741,4407.4585065842111,5349.6890563118077,0.82387190361729346,,,,0,0,0,0,0,70f7bee13ebe6196a3b6d925e4ff67b12fe0543dd26303169b200aeb015e6bfd,70f7bee13ebe6196a3b6d925e4ff67b12fe0543dd26303169b200aeb015e6bfd,f440d6087e5a50c4aef861dbe0f0dd7752e43e8d6fb7b0a6393f704d359bba12,378c778b73730c037c2521b0c343ee0e9bb95f45fed10a61c83db552a8c372a1,3ae5bf122f8bade926eb20eaf5d58198541d48e803abedafaf83877b3076e15f,0.97514663930712786,0.024853360692872084,122.83647559019832,0.43396588737540831,True,False,,,False,,observed_profile_hessian,68,3.7884285414400001,68,1.0000000000000001e-05,0,ea400fd5f3956d47a5bae0b15bf2452fb84c0be69183beca4727947227805da0,d6d6db878acceb7ab0219df3fa058b160bf06328729c03b00d1c70949c843c78,"[{""attempt"": 0, ""tolerance"": 2e-07, ""free_valid"": true, ""free_nll"": 28.41733073071927, ""free_score"": 9.341689755082427e-09, ""sigma"": 5349.689056311808}]",1,28.417330730719272,9.3416897550824274e-09,112781.69253860938,112771.60780075155,newton
calibration,nominal,0.10000000000000001,92,32,1,1609.8624842959866,1609.8624842959866,2676.1973853314598,1609.6439620932736,0.66246631313967719,,,,1589,1589,1546,43,0,598b8bf6d14b1c2248c39ea28e8826166a9d0e15a4316810607d723681d8cd2b,c232e28409d9001efb1b8f97f3493e9f3ab1b0fc2c2784c097d521bf5904122d,c10c766a5ec2df2259039179ec949e13ba04cc1a3ddeef572cb4d4f2d2f8cc90,378c778b73730c037c2521b0c343ee0e9bb95f45fed10a61c83db552a8c372a1,3ae5bf122f8bade926eb20eaf5d58198541d48e803abedafaf83877b3076e15f,0.97514663930712786,0.024853360692872084,122.83647559019832,0.43396588737540831,True,False,,,False,,observed_profile_hessian,68,3.7884285414400001,68,9.9999999999999995e-07,0,3e779382f5018db24c7a23f6a7d7fbd3cea8dc5c39cd77a9f9e4f94fc53d1161,fb26e3c4b541697f75674721dda442a0f99296ef7820f9a559092505054c94b5,"[{""attempt"": 0, ""tolerance"": 2e-07, ""free_valid"": true, ""free_nll"": 29.747610779763193, ""free_score"": 3.9968028886505635e-15, ""sigma"": 1609.6439620932736}]",1,29.747610779763193,3.9968028886505635e-15,11260.747223376649,11254.623796679258,newton
calibration,nominal,1,92,32,1,5352.5018956288741,5352.5018956288741,9540.4211707154009,5350.749746349351,0.78267896530646253,,,,5318,5318,5177,141,0,70f7bee13ebe6196a3b6d925e4ff67b12fe0543dd26303169b200aeb015e6bfd,d8b1b1b94fca4b4e9fa18a6076156e454071a8a92d9a070068ae69bf5ae9dcf5,972ea3fbad1d71f1fc5030a301783af72d475a9e4d85e2cd893d97dcc2b7534a,378c778b73730c037c2521b0c343ee0e9bb95f45fed10a61c83db552a8c372a1,3ae5bf122f8bade926eb20eaf5d58198541d48e803abedafaf83877b3076e15f,0.97514663930712786,0.024853360692872084,122.83647559019832,0.43396588737540831,True,False,,,False,,observed_profile_hessian,68,3.7884285414400001,68,1.0000000000000001e-05,0,86af5d51b1d68a58abb0aa83c98c948ece557bb1bc6b0bee3ee985959bec3a81,47a98dc15bf504b93c5ff0df1fc2e3f76b23df2e8b17ad194558184ca6194ffb,"[{""attempt"": 0, ""tolerance"": 2e-07, ""free_valid"": true, ""free_nll"": 28.526745972840516, ""free_score"": 5.371004518917033e-08, ""sigma"": 5350.749746349351}]",1,28.526745972840516,5.371004518917033e-08,112795.39275426546,112773.56324721141,newton
calibration,nominal,0.10000000000000001,92,32,2,3219.7249685919733,1609.8624842959866,4184.3510082849016,1610.6408669186571,0.59890821070396028,,,,3245,3245,3153,92,0,598b8bf6d14b1c2248c39ea28e8826166a9d0e15a4316810607d723681d8cd2b,c5cdc3a888eb03e6b5b28a9b9453f0eed2b5e9ac822081024946e595c69a2052,e4a94252fabb38e3aa4174bcc1e24aba79280824dd18d890ad9dd7524e7e091a,378c778b73730c037c2521b0c343ee0e9bb95f45fed10a61c83db552a8c372a1,3ae5bf122f8bade926eb20eaf5d58198541d48e803abedafaf83877b3076e15f,0.97514663930712786,0.024853360692872084,122.83647559019832,0.43396588737540831,True,False,,,False,,observed_profile_hessian,68,3.7884285414400001,68,9.9999999999999995e-07,0,785c080a50a2af1d435100854589eb8d2d55a335d797e575fd38b177ac3fa011,ff8b0e814ac57861d72e2267373196fbd0cd7fb450224ce5b4b2b6a95da5486b,"[{""attempt"": 0, ""tolerance"": 2e-07, ""free_valid"": true, ""free_nll"": 29.001908894032052, ""free_score"": 1.3378187446733136e-14, ""sigma"": 1610.6408669186571}]",1,29.001908894032052,1.3378187446733136e-14,11265.756603810827,11256.182359842189,newton
calibration,nominal,1,92,32,2,10705.003791257748,5352.5018956288741,14506.172613513307,5351.7939956307646,0.71026067620668032,,,,10554,10554,10280,274,0,70f7bee13ebe6196a3b6d925e4ff67b12fe0543dd26303169b200aeb015e6bfd,f0882cefc00854a3ef2ef1cbe0045dc826299cae8dedbd55744aecb9be3fb8a9,0eb82f9d3f1a6ef71f93c4ee6bcca437745a8029d7f2da89e8e8b9465e1ddeaa,378c778b73730c037c2521b0c343ee0e9bb95f45fed10a61c83db552a8c372a1,3ae5bf122f8bade926eb20eaf5d58198541d48e803abedafaf83877b3076e15f,0.97514663930712786,0.024853360692872084,122.83647559019832,0.43396588737540831,True,False,,,False,,observed_profile_hessian,68,3.7884285414400001,68,1.0000000000000001e-05,0,ce314e5bde195fc016fb8d454197331793317f3306fd4ee151f3f12e950e90c8,b8f555abcf9b58f13d1e1c6dc473f9e42022b329f789f6c84d6bcef149f484fb,"[{""attempt"": 0, ""tolerance"": 2e-07, ""free_valid"": true, ""free_nll"": 28.067091929916476, ""free_score"": 1.7752563741257887e-07, ""sigma"": 5351.793995630765}]",1,28.067091929916476,1.7752563741257887e-07,112810.29552961563,112777.10385057676,newton
calibration,nominal,0.10000000000000001,92,32,3,4829.5874528879594,1609.8624842959866,5914.0139073877972,1611.6830197547131,0.67285343408586629,,,,4919,4919,4797,122,0,598b8bf6d14b1c2248c39ea28e8826166a9d0e15a4316810607d723681d8cd2b,29cd306d1182cb9f2347fb6f4ff3bfdc46d85e92b28c59853b7a7778b06c362d,4430e9c831b1ebd738f47d7f32b7da8083f773efcccfc32934ac349bae37297d,378c778b73730c037c2521b0c343ee0e9bb95f45fed10a61c83db552a8c372a1,3ae5bf122f8bade926eb20eaf5d58198541d48e803abedafaf83877b3076e15f,0.97514663930712786,0.024853360692872084,122.83647559019832,0.43396588737540831,True,False,,,False,,observed_profile_hessian,68,3.7884285414400001,68,9.9999999999999995e-07,0,85933f76e7d0069640c6c5facc8b94913c6d88969ca0e049fbfbd0c66e366e7e,cede9ddc13978293b15dc09f9866c485cb00cc4e6147ee6e078f19261481a43c,"[{""attempt"": 0, ""tolerance"": 2e-07, ""free_valid"": true, ""free_nll"": 29.59222228908186, ""free_score"": 4.823919041996305e-14, ""sigma"": 1611.683019754713}]",1,29.59222228908186,4.8239190419963052e-14,11269.471850930908,11255.939952705559,newton
calibration,nominal,1,92,32,3,16057.505686886623,5352.5018956288741,20012.315865433586,5352.8919483503387,0.73881748720255058,,,,16129,16129,15764,365,0,70f7bee13ebe6196a3b6d925e4ff67b12fe0543dd26303169b200aeb015e6bfd,e6daae87d9a3b86d8e9b0026551c42e21b72e2b3067ae3d4ac9c6688de34ac69,021ed84e0482779536cb6627c7d1a608cdc243b4b6a6eae3f5b8a40254ed6530,378c778b73730c037c2521b0c343ee0e9bb95f45fed10a61c83db552a8c372a1,3ae5bf122f8bade926eb20eaf5d58198541d48e803abedafaf83877b3076e15f,0.97514663930712786,0.024853360692872084,122.83647559019832,0.43396588737540831,True,False,,,False,,observed_profile_hessian,68,3.7884285414400001,68,1.0000000000000001e-05,0,99964f6e3e3dafe9540812a4903d86ad2d11e660ae2fc50c43c4958f0b2ae5f0,13c74533dd7b26e9e9ed4ef42a905a638afb402cc78123d236280c152749e3f3,"[{""attempt"": 0, ""tolerance"": 2e-07, ""free_valid"": true, ""free_nll"": 28.68789733273198, ""free_score"": 4.6407322429331543e-14, ""sigma"": 5352.891948350339}]",1,28.687897332731978,4.6407322429331543e-14,112823.86557092716,112778.07524547556,newton
calibration,nominal,0.10000000000000001,92,32,4,6439.4499371839465,1609.8624842959866,7298.8777222136532,1612.5877000869809,0.53294948546572085,,,,6433,6433,6262,171,0,598b8bf6d14b1c2248c39ea28e8826166a9d0e15a4316810607d723681d8cd2b,63c049a1338cbf4bbd66183f6fcfb14ed679ab13506bee23a27c43ecd7a6adf1,d85c1dacc57bbfa4f22fd0d0aab3959e1cb287c05e37b2f56bca25a46a6b4bb7,378c778b73730c037c2521b0c343ee0e9bb95f45fed10a61c83db552a8c372a1,3ae5bf122f8bade926eb20eaf5d58198541d48e803abedafaf83877b3076e15f,0.97514663930712786,0.024853360692872084,122.83647559019832,0.43396588737540831,True,False,,,False,,observed_profile_hessian,68,3.7884285414400001,68,9.9999999999999995e-07,0,c52f5264375b035d091d3a1fee2df23c903797db364cfd28a2dd6edcec25c6ea,65ef5312eb0e7999e0a57e3b4d861c262d02d18ccdb68bcf12c3047dda28c8db,"[{""attempt"": 0, ""tolerance"": 2e-07, ""free_valid"": true, ""free_nll"": 30.325789194630005, ""free_score"": 1.8773871346411397e-13, ""sigma"": 1612.587700086981}]",1,30.325789194630005,1.8773871346411397e-13,11273.445301696147,11256.744686506034,newton
calibration,nominal,1,92,32,4,21410.007582515496,5352.5018956288741,25125.932774335881,5353.9648753751226,0.6940510963961134,,,,21420,21420,20915,505,0,70f7bee13ebe6196a3b6d925e4ff67b12fe0543dd26303169b200aeb015e6bfd,a57e4c34b3fd6012f7f093e1156528e218ba441ff171eedc7448132a58c3152b,4a0610c9df2ca7c4442daa406fd7de2d71c5dba7700c05bfbf0212883ad7800d,378c778b73730c037c2521b0c343ee0e9bb95f45fed10a61c83db552a8c372a1,3ae5bf122f8bade926eb20eaf5d58198541d48e803abedafaf83877b3076e15f,0.97514663930712786,0.024853360692872084,122.83647559019832,0.43396588737540831,True,False,,,False,,observed_profile_hessian,68,3.7884285414400001,68,1.0000000000000001e-05,0,b96da2d61e604a350030648e489f7111c6663aa162317bf9d931893cb4328533,4645fcb0b42d24d1494144f04b83ef4a65efc54acab8e94f9434c4f37f394d8b,"[{""attempt"": 0, ""tolerance"": 2e-07, ""free_valid"": true, ""free_nll"": 28.597037924948268, ""free_score"": 1.3200551762793111e-13, ""sigma"": 5353.964875375123}]",1,28.597037924948268,1.3200551762793111e-13,112837.21785592398,112779.72702643937,newton
calibration,nominal,0.10000000000000001,92,32,5,8049.3124214799336,1609.8624842959866,8746.1409755674867,1613.5829514913653,0.43185170830139502,,,,8029,8029,7811,218,0,598b8bf6d14b1c2248c39ea28e8826166a9d0e15a4316810607d723681d8cd2b,6c7c9f00153c1dc0f6ebfa161fa89c83b7d80d36430827367449b25f0f546fd2,300265e02a22b080dbb7df8c412d8c2b4f55e7efa4768b303dab948d0784e6be,378c778b73730c037c2521b0c343ee0e9bb95f45fed10a61c83db552a8c372a1,3ae5bf122f8bade926eb20eaf5d58198541d48e803abedafaf83877b3076e15f,0.97514663930712786,0.024853360692872084,122.83647559019832,0.43396588737540831,True,False,,,False,,observed_profile_hessian,68,3.7884285414400001,68,9.9999999999999995e-07,0,b0b257d521677d186dc0cad070bc1a30819e39bcc59f8d13fe56929eb56004e4,605d6161a4df8d6f6baaaf4e04ea443ca9ea566278fcff5577d34fe76e12c8d5,"[{""attempt"": 0, ""tolerance"": 2e-07, ""free_valid"": true, ""free_nll"": 30.098814523141776, ""free_score"": 7.0038419508478e-13, ""sigma"": 1613.5829514913653}]",1,30.098814523141776,7.0038419508478e-13,11278.023026974854,11258.010918210943,newton
calibration,nominal,1,92,32,5,26762.509478144369,5352.5018956288741,30110.734781791682,5355.0598582346338,0.62524516854814371,,,,26769,26769,26066,703,0,70f7bee13ebe6196a3b6d925e4ff67b12fe0543dd26303169b200aeb015e6bfd,73ac741f533e629ec337639249d196ba9e2723ba66f61fff045ac6283da9de86,1d21965ea087dd87afc8371d5905f150aa0e789ddf9dbf14fc0541f2187ddc51,378c778b73730c037c2521b0c343ee0e9bb95f45fed10a61c83db552a8c372a1,3ae5bf122f8bade926eb20eaf5d58198541d48e803abedafaf83877b3076e15f,0.97514663930712786,0.024853360692872084,122.83647559019832,0.43396588737540831,True,False,,,False,,observed_profile_hessian,68,3.7884285414400001,68,1.0000000000000001e-05,0,b4877f1f64f18f2c847783dd2e06994f3ab37270542affe69e00af1006854194,b803dea38e8411925e4d98f41ea3b62046f66ae3b5b7e751353c34469c95fb77,"[{""attempt"": 0, ""tolerance"": 2e-07, ""free_valid"": true, ""free_nll"": 27.83040643999526, ""free_score"": 7.249756350802272e-14, ""sigma"": 5355.059858234634}]",1,27.830406439995262,7.2497563508022722e-14,112852.93414685532,112784.03755565037,newton
calibration,nominal,0.10000000000000001,92,32,6,9659.1749057759189,1609.8624842959866,10173.013613654408,1614.4678461121848,0.31827125521011074,,,,9477,9477,9221,256,0,598b8bf6d14b1c2248c39ea28e8826166a9d0e15a4316810607d723681d8cd2b,65277759385932813553489523fd343aa25cc93095e887d0a2a67e7227f31590,77abfb3fd56f4823fd414819f33be4fc4fc96b3f8fc9e2955185123efb457d80,378c778b73730c037c2521b0c343ee0e9bb95f45fed10a61c83db552a8c372a1,3ae5bf122f8bade926eb20eaf5d58198541d48e803abedafaf83877b3076e15f,0.97514663930712786,0.024853360692872084,122.83647559019832,0.43396588737540831,True,False,,,False,,observed_profile_hessian,68,3.7884285414400001,68,9.9999999999999995e-07,0,fb92d7395eb3080edd26443890a01f37badc3d95818c68154c391a8fb81ac6a6,58f76553a1ef838f2cf6980157fd6da72086575dc434edecb0709c33ca67c379,"[{""attempt"": 0, ""tolerance"": 2e-07, ""free_valid"": true, ""free_nll"": 30.388921122414423, ""free_score"": 2.0445867221496883e-12, ""sigma"": 1614.4678461121848}]",1,30.388921122414423,2.0445867221496883e-12,11282.005900374983,11258.728953952337,newton
calibration,nominal,1,92,32,6,32115.011373773246,5352.5018956288741,35219.811709396185,5356.0970459707105,0.57967589253421392,,,,31941,31941,31102,839,0,70f7bee13ebe6196a3b6d925e4ff67b12fe0543dd26303169b200aeb015e6bfd,2dc4c18752f84e98a65a9f3e1f12db1d53d2fb3c2746bb236a71842c49884155,6ad7e74727daf7302e1a18a2acdae535762f3f39a51ae3475c70153da812af5b,378c778b73730c037c2521b0c343ee0e9bb95f45fed10a61c83db552a8c372a1,3ae5bf122f8bade926eb20eaf5d58198541d48e803abedafaf83877b3076e15f,0.97514663930712786,0.024853360692872084,122.83647559019832,0.43396588737540831,True,False,,,False,,observed_profile_hessian,68,3.7884285414400001,68,1.0000000000000001e-05,0,63d70937f00f18654a61b97604b3358942b57471f7993c644faabd965ddefa64,4fb814502d51bcaeeacbe152a6ef7e72de09328d140390731d399515d820efb4,"[{""attempt"": 0, ""tolerance"": 2e-07, ""free_valid"": true, ""free_nll"": 28.19882402437348, ""free_score"": 6.94999613415348e-14, ""sigma"": 5356.0970459707105}]",1,28.198824024373479,6.9499961341534799e-14,112865.47706855678,112784.89036128303,newton
calibration,nominal,0.10000000000000001,92,32,7,11269.037390071906,1609.8624842959866,11841.671972697031,1615.5913535213556,0.35444271311368841,,,,11293,11293,11004,289,0,598b8bf6d14b1c2248c39ea28e8826166a9d0e15a4316810607d723681d8cd2b,4c7bd280d7f03dc226857156a5d0d55a2a09a81338fe299b74747bf52901c645,4ebab8808a79eb62c975e5a538edb5db513044def9565fc9b60d14d623df7ef7,378c778b73730c037c2521b0c343ee0e9bb95f45fed10a61c83db552a8c372a1,3ae5bf122f8bade926eb20eaf5d58198541d48e803abedafaf83877b3076e15f,0.97514663930712786,0.024853360692872084,122.83647559019832,0.43396588737540831,True,False,,,False,,observed_profile_hessian,68,3.7884285414400001,68,9.9999999999999995e-07,0,3466e159e4bd323ddfcb746fb6b2053a570acd71c2ebcea31e65465400e40197,8e35afccdfd372f21bbce1b905e57626ba72481d216f7bc2c85909a9554f1c00,"[{""attempt"": 0, ""tolerance"": 2e-07, ""free_valid"": true, ""free_nll"": 28.897313920463848, ""free_score"": 6.5537575366647616e-12, ""sigma"": 1615.5913535213556}]",1,28.897313920463848,6.5537575366647616e-12,11287.146216989442,11260.051201241791,newton
calibration,nominal,1,92,32,7,37467.513269402116,5352.5018956288741,40422.784019032413,5357.229295979816,0.55164163905547192,,,,37618,37618,36656,962,0,70f7bee13ebe6196a3b6d925e4ff67b12fe0543dd26303169b200aeb015e6bfd,a328e3bacd09e7b8e5f0471d8545fc6cf7e64094e3a8117b9cb8f94eff549479,7b79733e0e6724d51c9d9c65bc44612801f846021063683bf69d6a09bf36bf31,378c778b73730c037c2521b0c343ee0e9bb95f45fed10a61c83db552a8c372a1,3ae5bf122f8bade926eb20eaf5d58198541d48e803abedafaf83877b3076e15f,0.97514663930712786,0.024853360692872084,122.83647559019832,0.43396588737540831,True,False,,,False,,observed_profile_hessian,68,3.7884285414400001,68,1.0000000000000001e-05,0,71e950562e004d971095c05bc5c10ca59dae031e8deb237891d2997d0ff76d43,16df4c1d8fe8e9b4dbf1fd2341dbae63c3c684a1f7345291ef9775695a96aa2a,"[{""attempt"": 0, ""tolerance"": 2e-07, ""free_valid"": true, ""free_nll"": 28.35761605282704, ""free_score"": 2.0095036745715333e-14, ""sigma"": 5357.229295979816}]",1,28.357616052827041,2.0095036745715333e-14,112882.09159867743,112789.59993262851,newton
calibration,nominal,0.10000000000000001,92,32,8,12878.899874367893,1609.8624842959866,13556.262333252058,1616.4784472138431,0.41903587397138797,,,,12727,12727,12418,309,0,598b8bf6d14b1c2248c39ea28e8826166a9d0e15a4316810607d723681d8cd2b,306c99fd0bf521c3fa245687d48e044759b4c51e2085d75002ff97e97ea86187,bbdf1d28d5f587123f62c9459c143df7ced3d7743bcc84a29d1d14ad2ee3657b,378c778b73730c037c2521b0c343ee0e9bb95f45fed10a61c83db552a8c372a1,3ae5bf122f8bade926eb20eaf5d58198541d48e803abedafaf83877b3076e15f,0.97514663930712786,0.024853360692872084,122.83647559019832,0.43396588737540831,True,False,,,False,,observed_profile_hessian,68,3.7884285414400001,68,9.9999999999999995e-07,0,7e48ae7e6bc520a45a9f56d7698b5a336f57d62e433e57fdd78d8120b54c9185,2d469e088f736dfd23a7418a85ac9b1808da755669361e6ce75f51d6a2aff188,"[{""attempt"": 0, ""tolerance"": 2e-07, ""free_valid"": true, ""free_nll"": 31.53920540033794, ""free_score"": 1.6604329022840147e-11, ""sigma"": 1616.478447213843}]",1,31.539205400337941,1.6604329022840147e-11,11289.799130455611,11258.780948036301,newton
calibration,nominal,1,92,32,8,42820.015165030993,5352.5018956288741,46015.697486158861,5358.2054713169928,0.59640906610145383,,,,42428,42428,41375,1053,0,70f7bee13ebe6196a3b6d925e4ff67b12fe0543dd26303169b200aeb015e6bfd,3864fbfcd79684306e3937688c3d0fa1dd66caa6e4cf1641483718c63cc052ef,01ca97eadfbf83412b365e55b024a1ea6922a86cd9c212963e4145b87e567778,378c778b73730c037c2521b0c343ee0e9bb95f45fed10a61c83db552a8c372a1,3ae5bf122f8bade926eb20eaf5d58198541d48e803abedafaf83877b3076e15f,0.97514663930712786,0.024853360692872084,122.83647559019832,0.43396588737540831,True,False,,,False,,observed_profile_hessian,68,3.7884285414400001,68,1.0000000000000001e-05,0,36e708c1b3df5b9903a5e12dda5d499214d75452bb38220706648ca80be8249b,60f0b06da624146f02d1660d5379da24a55f3879c5e26d5ecaaa4c7012df79fa,"[{""attempt"": 0, ""tolerance"": 2e-07, ""free_valid"": true, ""free_nll"": 27.462349972523903, ""free_score"": 1.3844481117075702e-13, ""sigma"": 5358.205471316993}]",1,27.462349972523903,1.3844481117075702e-13,112890.85382136148,112785.56496933947,newton
calibration,nominal,0.10000000000000001,92,33,0,0,1609.8624842959866,2097.9957247629513,1606.6201145925902,1.3058443036454608,,,,0,0,0,0,0,b92592e256de8752407b310d24bd00eda84a1682cafd875791e0f5c9d75a5a9f,b92592e256de8752407b310d24bd00eda84a1682cafd875791e0f5c9d75a5a9f,f440d6087e5a50c4aef861dbe0f0dd7752e43e8d6fb7b0a6393f704d359bba12,378c778b73730c037c2521b0c343ee0e9bb95f45fed10a61c83db552a8c372a1,3ae5bf122f8bade926eb20eaf5d58198541d48e803abedafaf83877b3076e15f,0.97514663930712786,0.024853360692872084,122.83647559019832,0.43396588737540831,True,False,,,False,,observed_profile_hessian,68,3.7884285414400001,68,9.9999999999999995e-07,0,cb5d0f52946602557f0e0c8c7c7615dccecbb4da59ee3087c985b671ed1345f4,bbb145f1139e5f26098d053b63323a44a0a9ee769c624ae15ee0355f16e3f069,"[{""attempt"": 0, ""tolerance"": 2e-07, ""free_valid"": true, ""free_nll"": 29.84792170678397, ""free_score"": 2.19824158875781e-14, ""sigma"": 1606.6201145925902}]",1,29.847921706783971,2.19824158875781e-14,11286.623979640615,11281.823540367172,newton
calibration,nominal,1,92,33,0,0,5352.5018956288741,6020.6058552512923,5349.4946171172951,1.125453203745,,,,0,0,0,0,0,308a83d48c91f499a2916eecf21c95ec709d63309bc26335ffeccce5ca8aa381,308a83d48c91f499a2916eecf21c95ec709d63309bc26335ffeccce5ca8aa381,f440d6087e5a50c4aef861dbe0f0dd7752e43e8d6fb7b0a6393f704d359bba12,378c778b73730c037c2521b0c343ee0e9bb95f45fed10a61c83db552a8c372a1,3ae5bf122f8bade926eb20eaf5d58198541d48e803abedafaf83877b3076e15f,0.97514663930712786,0.024853360692872084,122.83647559019832,0.43396588737540831,True,False,,,False,,observed_profile_hessian,68,3.7884285414400001,68,1.0000000000000001e-05,0,a4cc7ce3a5ba2b3b42c31564b1599610850e1d678c474a5eff0c2b1675b86a5a,9c58a91aa7e44ba618ac72bb173027fec01737860c8707fb1812399ceca71d26,"[{""attempt"": 0, ""tolerance"": 2e-07, ""free_valid"": true, ""free_nll"": 41.18001243638702, ""free_score"": 9.138246548356932e-10, ""sigma"": 5349.494617117295}]",1,41.180012436387017,9.138246548356932e-10,112860.66356585713,112846.8877738208,newton
calibration,nominal,0.10000000000000001,92,33,1,1609.8624842959866,1609.8624842959866,3575.8751842306137,1607.6036284096576,1.222946169808991,,,,1558,1558,1514,44,0,b92592e256de8752407b310d24bd00eda84a1682cafd875791e0f5c9d75a5a9f,fdd42a23429cb60c6c6a00b137c4f7f7a60cbe22bea5942466a2a70abb1e0886,6c45c6f4f6494b90a44e28d5a73ff261427c281ef0f7a9f14fbef7d9f3dea7fa,378c778b73730c037c2521b0c343ee0e9bb95f45fed10a61c83db552a8c372a1,3ae5bf122f8bade926eb20eaf5d58198541d48e803abedafaf83877b3076e15f,0.97514663930712786,0.024853360692872084,122.83647559019832,0.43396588737540831,True,False,,,False,,observed_profile_hessian,68,3.7884285414400001,68,9.9999999999999995e-07,0,64ec44b63b7a30dfa847db149c0b8c3f2f1d929ecefbacb0651ebf3ab86b0c99,ffc3ded9c28c851afd61ce2fab5088c9dea2e36b52c70fad4c5bc85c6bf72628,"[{""attempt"": 0, ""tolerance"": 2e-07, ""free_valid"": true, ""free_nll"": 29.50986186168138, ""free_score"": 1.0519363158323358e-14, ""sigma"": 1607.6036284096576}]",1,29.509861861681379,1.0519363158323358e-14,11290.879601584285,11282.697615573208,newton
calibration,nominal,1,92,33,1,5352.5018956288741,5352.5018956288741,11173.670546802976,5350.5631703459158,1.0879543827155229,,,,5300,5300,5163,137,0,308a83d48c91f499a2916eecf21c95ec709d63309bc26335ffeccce5ca8aa381,c97574693ea4d93d9db8a4f87ca8f986aa90030ff2159eb4ee370c96588d1346,7a4da4948c666e196f2067df56d2ef56d513d9fe6435487087e58a5c3422bb65,378c778b73730c037c2521b0c343ee0e9bb95f45fed10a61c83db552a8c372a1,3ae5bf122f8bade926eb20eaf5d58198541d48e803abedafaf83877b3076e15f,0.97514663930712786,0.024853360692872084,122.83647559019832,0.43396588737540831,True,False,,,False,,observed_profile_hessian,68,3.7884285414400001,68,1.0000000000000001e-05,0,1efc7285d108bea61686f12e8a0691bd3a411978901bfbfba354262d3f2d235e,194f9f71b4e8ce43be8a2b23002716b81dfd9547dd8a935b3c8b1ac7c09c2cf3,"[{""attempt"": 0, ""tolerance"": 2e-07, ""free_valid"": true, ""free_nll"": 41.1809222964469, ""free_score"": 1.4332978887088288e-08, ""sigma"": 5350.563170345916}]",1,41.180922296446901,1.4332978887088288e-08,112874.10589267567,112848.53933584799,newton
calibration,nominal,0.10000000000000001,92,33,2,3219.7249685919733,1609.8624842959866,5309.6840794348045,1608.65075999642,1.2992000270136213,,,,3303,3303,3212,91,0,b92592e256de8752407b310d24bd00eda84a1682cafd875791e0f5c9d75a5a9f,5f6f368a019bc88b343748dc0a8b60cd5ad459aebcc7e65756af8586711b4a3f,18bc60f0bf55b51bdfddc6b143f9380f4c6ed8b1bf09f6c2ba2c5a9484378590,378c778b73730c037c2521b0c343ee0e9bb95f45fed10a61c83db552a8c372a1,3ae5bf122f8bade926eb20eaf5d58198541d48e803abedafaf83877b3076e15f,0.97514663930712786,0.024853360692872084,122.83647559019832,0.43396588737540831,True,False,,,False,,observed_profile_hessian,68,3.7884285414400001,68,9.9999999999999995e-07,0,2fb4ce8803702d036d76534d1b417e9c2c17abbcfd336674ad188320ca76acc1,4c52c361edef59c1c3bc7a501640d034b98dcdfd16b4f8ee0cb0af26d800a35d,"[{""attempt"": 0, ""tolerance"": 2e-07, ""free_valid"": true, ""free_nll"": 30.030653616231238, ""free_score"": 2.6978419498391304e-14, ""sigma"": 1608.65075999642}]",1,30.030653616231238,2.6978419498391304e-14,11295.012749338519,11282.863622586903,newton
calibration,nominal,1,92,33,2,10705.003791257748,5352.5018956288741,16732.58715564719,5351.6943829831207,1.1262943907177245,,,,10913,10913,10643,270,0,308a83d48c91f499a2916eecf21c95ec709d63309bc26335ffeccce5ca8aa381,098e592c9a0a3dea2d4fc7b649342b5eaa8a9cac8239d1ad29ab4b63c75ac7f7,200ea3957621c2ab557ef9820a686501ebb589e60e57fec67439b63fa7da88af,378c778b73730c037c2521b0c343ee0e9bb95f45fed10a61c83db552a8c372a1,3ae5bf122f8bade926eb20eaf5d58198541d48e803abedafaf83877b3076e15f,0.97514663930712786,0.024853360692872084,122.83647559019832,0.43396588737540831,True,False,,,False,,observed_profile_hessian,68,3.7884285414400001,68,1.0000000000000001e-05,0,fdb659cb05411be8dd8ea13a9c99076140fc24c7b34bc78f747142ea5d9ddeb8,40f43674d5c8906e7cb93edc08a79436e65527abb1c4edbb800f46d92839db31,"[{""attempt"": 0, ""tolerance"": 2e-07, ""free_valid"": true, ""free_nll"": 41.02704484688791, ""free_score"": 7.97582405953623e-08, ""sigma"": 5351.694382983121}]",1,41.027044846887911,7.9758240595362295e-08,112888.33655502438,112850.05060068224,newton
calibration,nominal,0.10000000000000001,92,33,3,4829.5874528879594,1609.8624842959866,6807.130273219871,1609.5929736561734,1.2285980696349239,,,,4880,4880,4758,122,0,b92592e256de8752407b310d24bd00eda84a1682cafd875791e0f5c9d75a5a9f,242072da7241ba3abccf2b7b1360b0e5696c5e35ea187cf32c4045808f095d54,0fa43df20357d37ce69f5a9669989ace3b4167634c5dc7d9114ced19cb198e7d,378c778b73730c037c2521b0c343ee0e9bb95f45fed10a61c83db552a8c372a1,3ae5bf122f8bade926eb20eaf5d58198541d48e803abedafaf83877b3076e15f,0.97514663930712786,0.024853360692872084,122.83647559019832,0.43396588737540831,True,False,,,False,,observed_profile_hessian,68,3.7884285414400001,68,9.9999999999999995e-07,0,3c6f3554ea80b337df5ab08265b475cbe77afd63e7e874056c51ccb0d0986aa2,79096d860353a39690edc3e27da94bf82cc9c5202010226c5ab9db0b17f89022,"[{""attempt"": 0, ""tolerance"": 2e-07, ""free_valid"": true, ""free_nll"": 30.31415047966155, ""free_score"": 2.1005419625907962e-13, ""sigma"": 1609.5929736561734}]",1,30.314150479661549,2.1005419625907962e-13,11299.550299104745,11283.974854828426,newton
calibration,nominal,1,92,33,3,16057.505686886623,5352.5018956288741,21329.152738926099,5352.723101222643,0.98485330781174762,,,,16130,16130,15710,420,0,308a83d48c91f499a2916eecf21c95ec709d63309bc26335ffeccce5ca8aa381,5441e90d53bc30a0b97720223ff5ead6fcdf2b20118e4470948f25cc1b7ce833,cdf7b244f4892c16597293eeb13d9e2077a9f01a96b125618b088babd79c1189,378c778b73730c037c2521b0c343ee0e9bb95f45fed10a61c83db552a8c372a1,3ae5bf122f8bade926eb20eaf5d58198541d48e803abedafaf83877b3076e15f,0.97514663930712786,0.024853360692872084,122.83647559019832,0.43396588737540831,True,False,,,False,,observed_profile_hessian,68,3.7884285414400001,68,1.0000000000000001e-05,0,a22f0c23d8ed52e2a20e6598a67b9d3a56764d3f67fca5f3334e88d481f6c88e,a5dacc8c847cd7536afffc896ec6b2a120423d25cd02f100d637fe5bf3f8456e,"[{""attempt"": 0, ""tolerance"": 2e-07, ""free_valid"": true, ""free_nll"": 41.555775506563414, ""free_score"": 2.3370194668359545e-14, ""sigma"": 5352.723101222643}]",1,41.555775506563414,2.3370194668359545e-14,112904.55117900831,112855.74778953107,newton
calibration,nominal,0.10000000000000001,92,33,4,6439.4499371839465,1609.8624842959866,8224.2600117566672,1610.4038749273341,1.1082996646746495,,,,6221,6221,6085,136,0,b92592e256de8752407b310d24bd00eda84a1682cafd875791e0f5c9d75a5a9f,02fcdeac48c1cb7f567fdd7f96661756b4cfa0b3d3141996f6da9c6759e2c83c,e00d327492052ecb43ce22a340e3284ef0100a9d171f7d20773b340591e995aa,378c778b73730c037c2521b0c343ee0e9bb95f45fed10a61c83db552a8c372a1,3ae5bf122f8bade926eb20eaf5d58198541d48e803abedafaf83877b3076e15f,0.97514663930712786,0.024853360692872084,122.83647559019832,0.43396588737540831,True,False,,,False,,observed_profile_hessian,68,3.7884285414400001,68,9.9999999999999995e-07,0,2aa4b498ace8820983160e10b8f5568185154caf0ce0de0b068e4fbe11972f5f,48a2f3c54c4e6e16349218bacc9990b8ca045cfc03c68c5b5c69e68108c46db4,"[{""attempt"": 0, ""tolerance"": 2e-07, ""free_valid"": true, ""free_nll"": 29.306776515610515, ""free_score"": 6.873390745454344e-13, ""sigma"": 1610.403874927334}]",1,29.306776515610515,6.8733907454543441e-13,11302.776162568824,11283.958173433075,newton
calibration,nominal,1,92,33,4,21410.007582515496,5352.5018956288741,26587.76291569621,5353.7396110588852,0.96712871923866983,,,,21303,21303,20806,497,0,308a83d48c91f499a2916eecf21c95ec709d63309bc26335ffeccce5ca8aa381,eb0a11e5fca966c82e402cccd9b44475994957dc44c041328e6e5147d3c58626,d1ef0ab9d4afb5c4fa047a2bf305de770409b7e8ff0782ce70531ad9c545a827,378c778b73730c037c2521b0c343ee0e9bb95f45fed10a61c83db552a8c372a1,3ae5bf122f8bade926eb20eaf5d58198541d48e803abedafaf83877b3076e15f,0.97514663930712786,0.024853360692872084,122.83647559019832,0.43396588737540831,True,False,,,False,,observed_profile_hessian,68,3.7884285414400001,68,1.0000000000000001e-05,0,d116f7d4bd9ee6cb14f53d133b6a8db60337d2996cbb1fc63c919e6f5abc3c34,133e454370f7049038ecdee22fcb12990e2e54218e26406254a280500a0823bc,"[{""attempt"": 0, ""tolerance"": 2e-07, ""free_valid"": true, ""free_nll"": 40.986428400902916, ""free_score"": 1.2687073613903976e-13, ""sigma"": 5353.739611058885}]",1,40.986428400902916,1.2687073613903976e-13,112917.39403835386,112856.55838469308,newton
calibration,nominal,0.10000000000000001,92,33,5,8049.3124214799336,1609.8624842959866,9869.8005180036016,1611.6218128121143,1.1296000600457892,,,,8104,8104,7865,239,0,b92592e256de8752407b310d24bd00eda84a1682cafd875791e0f5c9d75a5a9f,f2ed6aa9734036395e379d420a1f0f69c19a5d65f6d6935ec3cfc3d2acff21cd,0c34c4ad003bcb968dd2a7410b13ee6b58c7bba4d26b85015b2a4b49d399f597,378c778b73730c037c2521b0c343ee0e9bb95f45fed10a61c83db552a8c372a1,3ae5bf122f8bade926eb20eaf5d58198541d48e803abedafaf83877b3076e15f,0.97514663930712786,0.024853360692872084,122.83647559019832,0.43396588737540831,True,False,,,False,,observed_profile_hessian,68,3.7884285414400001,68,9.9999999999999995e-07,0,9a1422bcbed29135c14bda65e05cf65e6514c37a6512cb0ae039427483785f9a,377e1fe967b6a06f32d43edb1a3a3fc9cf57f43770ab21c677b41990c51c2328,"[{""attempt"": 0, ""tolerance"": 2e-07, ""free_valid"": true, ""free_nll"": 28.971748884089955, ""free_score"": 2.285061029283497e-12, ""sigma"": 1611.6218128121143}]",1,28.971748884089955,2.2850610292834972e-12,11308.136748420782,11285.553586087113,newton
calibration,nominal,1,92,33,5,26762.509478144369,5352.5018956288741,31858.643765431927,5354.853347105116,0.95168512692183727,,,,26739,26739,26030,709,0,308a83d48c91f499a2916eecf21c95ec709d63309bc26335ffeccce5ca8aa381,7619b187c02006baeb0e2c8f7897c7a2ac64f563df58964f3b3c5ba312ba1601,9373a9549fc1005e4ffe90b2028349ff69571628a7b7ac6ccf0142787d0472bb,378c778b73730c037c2521b0c343ee0e9bb95f45fed10a61c83db552a8c372a1,3ae5bf122f8bade926eb20eaf5d58198541d48e803abedafaf83877b3076e15f,0.97514663930712786,0.024853360692872084,122.83647559019832,0.43396588737540831,True,False,,,False,,observed_profile_hessian,68,3.7884285414400001,68,1.0000000000000001e-05,0,d06be7fdb1d58f4e4f91f1096a8ce7ed5e36ae7148c7b9a39186fed12065ef10,3ddd1ad7c5c6d00f9b85b76d6b9131cf8424bdbc4acfd8f23ef4375a68f03604,"[{""attempt"": 0, ""tolerance"": 2e-07, ""free_valid"": true, ""free_nll"": 41.007147865345615, ""free_score"": 9.919842725025774e-14, ""sigma"": 5354.853347105116}]",1,41.007147865345615,9.9198427250257737e-14,112930.41564309763,112857.51964863727,newton
calibration,nominal,0.10000000000000001,92,33,6,9659.1749057759189,1609.8624842959866,11384.406115119022,1612.5204327122376,1.069897270350421,,,,9568,9568,9317,251,0,b92592e256de8752407b310d24bd00eda84a1682cafd875791e0f5c9d75a5a9f,a88a896139324791ef80a25538e6a254245a45fa25718d9ff5e2d9a00c37c1ff,292719ae2e4a0c7cc5186f8d4a54ec2388a61789ee442d180238e7304189059b,378c778b73730c037c2521b0c343ee0e9bb95f45fed10a61c83db552a8c372a1,3ae5bf122f8bade926eb20eaf5d58198541d48e803abedafaf83877b3076e15f,0.97514663930712786,0.024853360692872084,122.83647559019832,0.43396588737540831,True,False,,,False,,observed_profile_hessian,68,3.7884285414400001,68,9.9999999999999995e-07,0,52f986a2b508dc8f794ee5fac99b71cadacebed8b1bd376b881d2c7642fa1ce3,fc778030f630b818d9f3cbba75277a1fa64dc0904c16639a90e0119183377e14,"[{""attempt"": 0, ""tolerance"": 2e-07, ""free_valid"": true, ""free_nll"": 28.64365258604648, ""free_score"": 6.402101071500965e-12, ""sigma"": 1612.5204327122376}]",1,28.643652586046478,6.4021010715009652e-12,11311.04036541895,11284.99162300504,newton
calibration,nominal,1,92,33,6,32115.011373773246,5352.5018956288741,36962.295884183288,5355.8947093167353,0.90503730440743146,,,,31999,31999,31218,781,0,308a83d48c91f499a2916eecf21c95ec709d63309bc26335ffeccce5ca8aa381,025a0af3bc1829ea7941f71c8880ae9e21f709a49a16617daf6714d7f0d30c67,145cbe977db88b01061da0f1193e33f116208d22603de99443146def998e9070,378c778b73730c037c2521b0c343ee0e9bb95f45fed10a61c83db552a8c372a1,3ae5bf122f8bade926eb20eaf5d58198541d48e803abedafaf83877b3076e15f,0.97514663930712786,0.024853360692872084,122.83647559019832,0.43396588737540831,True,False,,,False,,observed_profile_hessian,68,3.7884285414400001,68,1.0000000000000001e-05,0,02d09e6688b97330005a98acfccd0e3258977ddf2c9a783342f08a999f635985,4cd0642a4931a9b9afda0535e1cdcc31237a01d4dfed729d6464683994ae74b1,"[{""attempt"": 0, ""tolerance"": 2e-07, ""free_valid"": true, ""free_nll"": 41.23645125670024, ""free_score"": 6.389333506717776e-14, ""sigma"": 5355.894709316735}]",1,41.236451256700242,6.3893335067177759e-14,112943.48485367057,112858.911155686,newton
calibration,nominal,0.10000000000000001,92,33,7,11269.037390071906,1609.8624842959866,12954.125103450504,1613.5112508365869,1.0443606838842305,,,,11247,11247,10937,310,0,b92592e256de8752407b310d24bd00eda84a1682cafd875791e0f5c9d75a5a9f,baae8ab80e81fa4cb5725fde7066298f2310a3761f864e655cf72fe9abb0cce5,1043a1d9204be2f29a0f55874fd256628d102fb9e8eae4ac2dffb48026ba41fd,378c778b73730c037c2521b0c343ee0e9bb95f45fed10a61c83db552a8c372a1,3ae5bf122f8bade926eb20eaf5d58198541d48e803abedafaf83877b3076e15f,0.97514663930712786,0.024853360692872084,122.83647559019832,0.43396588737540831,True,False,,,False,,observed_profile_hessian,68,3.7884285414400001,68,9.9999999999999995e-07,0,ea1fa80c90750f3016ae50e8f2cf6f1b9d8257ece8157ca83d54e24ba360771e,b4e52d70620af38c753fc7a9bb87aae3a601c03f678cf2c33a4247bf7a924c03,"[{""attempt"": 0, ""tolerance"": 2e-07, ""free_valid"": true, ""free_nll"": 28.010409271232525, ""free_score"": 1.5836221223253233e-11, ""sigma"": 1613.511250836587}]",1,28.010409271232525,1.5836221223253233e-11,11316.001594603544,11286.361166758194,newton
calibration,nominal,1,92,33,7,37467.513269402116,5352.5018956288741,42202.766856974071,5357.0072595526517,0.88393637681338189,,,,37644,37644,36706,938,0,308a83d48c91f499a2916eecf21c95ec709d63309bc26335ffeccce5ca8aa381,d3ad7f6b783c44b0a62359b9713115c4b2ada8815f224d5dffd039d6e59d3711,5e13b152e86bc687721bb8781fd86142b60c6431ef3c5ee95550fab607f22e9c,378c778b73730c037c2521b0c343ee0e9bb95f45fed10a61c83db552a8c372a1,3ae5bf122f8bade926eb20eaf5d58198541d48e803abedafaf83877b3076e15f,0.97514663930712786,0.024853360692872084,122.83647559019832,0.43396588737540831,True,False,,,False,,observed_profile_hessian,68,3.7884285414400001,68,1.0000000000000001e-05,0,525ef0d8cbc0d5af8efd3ba752c23f9e8f189f8d9eb2b0542cf8d55a93e1aaff,694685cc18858a78651d1d551ad6d4410c3ce3c8b8c8352b4aa033c60ad14418,"[{""attempt"": 0, ""tolerance"": 2e-07, ""free_valid"": true, ""free_nll"": 41.69087801357759, ""free_score"": 2.1926904736346842e-14, ""sigma"": 5357.007259552652}]",1,41.690878013577588,2.1926904736346842e-14,112960.64859395388,112864.08413623029,newton
calibration,nominal,0.10000000000000001,92,33,8,12878.899874367893,1609.8624842959866,14599.633332979864,1614.4683577395547,1.0658204915339433,,,,12903,12903,12589,314,0,b92592e256de8752407b310d24bd00eda84a1682cafd875791e0f5c9d75a5a9f,2558c8cc53789b15547fa71fb11dc701a7727e76a9516a50693b8fe410f9aae3,6b88ec3d4a0c08906ef4fc545ead171bfc00876456c45549c773bd7b4d46edca,378c778b73730c037c2521b0c343ee0e9bb95f45fed10a61c83db552a8c372a1,3ae5bf122f8bade926eb20eaf5d58198541d48e803abedafaf83877b3076e15f,0.97514663930712786,0.024853360692872084,122.83647559019832,0.43396588737540831,True,False,,,False,,observed_profile_hessian,68,3.7884285414400001,68,9.9999999999999995e-07,0,09dba087f699aaa5328bb0d7f8e4b81dcc06f5e5a7cf83e165dbe895b6778274,b5c2cec70b4eea254da9e03d8cf25b257ebcff9bd3da2e083a8cdf178d3b5eff,"[{""attempt"": 0, ""tolerance"": 2e-07, ""free_valid"": true, ""free_nll"": 30.256471190306442, ""free_score"": 3.9000691565149737e-11, ""sigma"": 1614.4683577395547}]",1,30.256471190306442,3.9000691565149737e-11,11320.296596198332,11286.891069007654,newton
calibration,nominal,1,92,33,8,42820.015165030993,5352.5018956288741,46969.65378507931,5358.0310613310321,0.77447080327628259,,,,42641,42641,41562,1079,0,308a83d48c91f499a2916eecf21c95ec709d63309bc26335ffeccce5ca8aa381,6da4df86049429b53ee2198d7f298b81c0e05a2c2df03c11bd5ef43da642dd3e,089cc783579beaa1917eb7210009c00da46cb879a6079e84d050babbc8d59db6,378c778b73730c037c2521b0c343ee0e9bb95f45fed10a61c83db552a8c372a1,3ae5bf122f8bade926eb20eaf5d58198541d48e803abedafaf83877b3076e15f,0.97514663930712786,0.024853360692872084,122.83647559019832,0.43396588737540831,True,False,,,False,,observed_profile_hessian,68,3.7884285414400001,68,1.0000000000000001e-05,0,a701317b7f0c898a8dc16ba5224704f745d242d11b5b6ee364432229add3afe3,cbb509fa82cffe53f655b1207d27aeff808071d5a9d126bbfda6c6a06d0a3786,"[{""attempt"": 0, ""tolerance"": 2e-07, ""free_valid"": true, ""free_nll"": 40.72143770514507, ""free_score"": 4.18554080283684e-14, ""sigma"": 5358.031061331032}]",1,40.721437705145071,4.1855408028368402e-14,112974.15809234223,112866.68648597594,newton
calibration,nominal,0.10000000000000001,92,34,0,0,1609.8624842959866,521.96409791756162,1611.1333782784736,0.32397323831456465,,,,0,0,0,0,0,b5e2095bd45f32e645ea8bb17a99692391a7ea9b710d9471f884cc149d20c1b3,b5e2095bd45f32e645ea8bb17a99692391a7ea9b710d9471f884cc149d20c1b3,f440d6087e5a50c4aef861dbe0f0dd7752e43e8d6fb7b0a6393f704d359bba12,378c778b73730c037c2521b0c343ee0e9bb95f45fed10a61c83db552a8c372a1,3ae5bf122f8bade926eb20eaf5d58198541d48e803abedafaf83877b3076e15f,0.97514663930712786,0.024853360692872084,122.83647559019832,0.43396588737540831,True,False,,,False,,observed_profile_hessian,68,3.7884285414400001,68,9.9999999999999995e-07,0,8b972fb77e0ac1a297caff6ed1e06cc6b3f8561dc21bd0b6dbc2772a7ef554c8,666e6e9154f3086625f6e915a49f14201273948dfdaab5aca1aa47bd3a675242,"[{""attempt"": 0, ""tolerance"": 2e-07, ""free_valid"": true, ""free_nll"": 36.56040851847422, ""free_score"": 8.071068258175274e-10, ""sigma"": 1611.1333782784736}]",1,36.560408518474219,8.0710682581752735e-10,11293.134126602679,11291.939816754764,newton
calibration,nominal,1,92,34,0,0,5352.5018956288741,376.06960019261447,5353.2643964743402,0.070250518625662117,,,,0,0,0,0,0,2b0fa8c6155bd3e41602dd518695121bd47eeb2ffe47a257eeda82f4112fd4be,2b0fa8c6155bd3e41602dd518695121bd47eeb2ffe47a257eeda82f4112fd4be,f440d6087e5a50c4aef861dbe0f0dd7752e43e8d6fb7b0a6393f704d359bba12,378c778b73730c037c2521b0c343ee0e9bb95f45fed10a61c83db552a8c372a1,3ae5bf122f8bade926eb20eaf5d58198541d48e803abedafaf83877b3076e15f,0.97514663930712786,0.024853360692872084,122.83647559019832,0.43396588737540831,True,False,,,False,,observed_profile_hessian,68,3.7884285414400001,68,1.0000000000000001e-05,0,82aa02037f3c06b15ed6546825629f36c338308c0f7c166fb57af8d5ef1af5b2,5b2e913acadbcd1e73301295ba3880a7f2d0cefb707d0bf5d792dcf9d030ab53,"[{""attempt"": 0, ""tolerance"": 2e-07, ""free_valid"": true, ""free_nll"": 39.794491299052886, ""free_score"": 7.510186916803718e-10, ""sigma"": 5353.26439647434}]",1,39.794491299052886,7.5101869168037183e-10,112774.8904646509,112774.0299770641,newton
calibration,nominal,0.10000000000000001,92,34,1,1609.8624842959866,1609.8624842959866,2102.8709402990571,1612.1072634453005,0.30581616197761052,,,,1588,1588,1551,37,0,b5e2095bd45f32e645ea8bb17a99692391a7ea9b710d9471f884cc149d20c1b3,00cb2e967f930d7b97a71c9239419af4a528e9b0186dac134d17c85f7174d711,1a433d6b2ea7c9ef4a9fc19b45d9e4693694c5982278dbc62656c803712691ba,378c778b73730c037c2521b0c343ee0e9bb95f45fed10a61c83db552a8c372a1,3ae5bf122f8bade926eb20eaf5d58198541d48e803abedafaf83877b3076e15f,0.97514663930712786,0.024853360692872084,122.83647559019832,0.43396588737540831,True,False,,,False,,observed_profile_hessian,68,3.7884285414400001,68,9.9999999999999995e-07,0,5557cdf55d72639497d8e9dee98cdd37d46f3cb6f0a3a44bc7b243a9e309297b,0d87c687706c47f249e13b6b76b54017bacf3b31c0da8bf49e0a1940db0c520c,"[{""attempt"": 0, ""tolerance"": 2e-07, ""free_valid"": true, ""free_nll"": 36.71984672517463, ""free_score"": 4.233976280687557e-09, ""sigma"": 1612.1072634453005}]",1,36.719846725174627,4.2339762806875569e-09,11296.99527636478,11292.183682075218,newton
calibration,nominal,1,92,34,1,5352.5018956288741,5352.5018956288741,5500.6907744366154,5354.3267455547057,0.027676472850815714,,,,5286,5286,5157,129,0,2b0fa8c6155bd3e41602dd518695121bd47eeb2ffe47a257eeda82f4112fd4be,bfe8664c6e6a359eda6456ef5c74daec7f62a5a1e23ba05c35546dccb30ed0b3,8dd52ab5de0695a9d2875e9bfb2454da4a1f0f066697ef5f8db9ba1068afac8a,378c778b73730c037c2521b0c343ee0e9bb95f45fed10a61c83db552a8c372a1,3ae5bf122f8bade926eb20eaf5d58198541d48e803abedafaf83877b3076e15f,0.97514663930712786,0.024853360692872084,122.83647559019832,0.43396588737540831,True,False,,,False,,observed_profile_hessian,68,3.7884285414400001,68,1.0000000000000001e-05,0,6dea47b57e0f73c8d2f133e16b1c708cb488d3a54a479b08ca1a06feaf2704ff,2e751aa1d4f47e9458a95e77161f95cb460eddeebc0add3cd4bc0a0371dbc2e3,"[{""attempt"": 0, ""tolerance"": 2e-07, ""free_valid"": true, ""free_nll"": 39.98043599447007, ""free_score"": 1.1209477790430356e-11, ""sigma"": 5354.326745554706}]",1,39.980435994470071,1.1209477790430356e-11,112788.52188991931,112775.93571935996,newton
calibration,nominal,0.10000000000000001,92,34,2,3219.7249685919733,1609.8624842959866,3506.8984003790601,1613.0109694050077,0.17803563474401957,,,,3070,3070,2995,75,0,b5e2095bd45f32e645ea8bb17a99692391a7ea9b710d9471f884cc149d20c1b3,4997366bf4e620d74cd3c725d63501669e6cfe5d311b526b307f95b59ca330dc,907be9a7b0404a065861cc97158353bfd36cb7e18557afb90c676fe68036d144,378c778b73730c037c2521b0c343ee0e9bb95f45fed10a61c83db552a8c372a1,3ae5bf122f8bade926eb20eaf5d58198541d48e803abedafaf83877b3076e15f,0.97514663930712786,0.024853360692872084,122.83647559019832,0.43396588737540831,True,False,,,False,,observed_profile_hessian,68,3.7884285414400001,68,9.9999999999999995e-07,0,235ca12cc1beeaf957c60f452b7cff1b408fdf76658efa0ff0c076eadb72c165,2407a565ee64d044798b7ab6d2a2df585d4f16238de965cfa063b15ee5eb14a9,"[{""attempt"": 0, ""tolerance"": 2e-07, ""free_valid"": true, ""free_nll"": 37.135331521591475, ""free_score"": 1.2658006243171371e-07, ""sigma"": 1613.0109694050077}]",1,37.135331521591475,1.2658006243171371e-07,11300.631058552723,11292.606898822343,newton
calibration,nominal,1,92,34,2,10705.003791257748,5352.5018956288741,10613.03123130168,5355.3700890675918,-0.017173894320360782,,,,10526,10526,10280,246,0,2b0fa8c6155bd3e41602dd518695121bd47eeb2ffe47a257eeda82f4112fd4be,f014a4827216d37d113ed45544435f2a454428890766504fe06adfc3a9f3e209,15822e2a0b41ca6ff0e4b3d1ebc5d0cff312de20e714dfa2897a0d1aafa150b6,378c778b73730c037c2521b0c343ee0e9bb95f45fed10a61c83db552a8c372a1,3ae5bf122f8bade926eb20eaf5d58198541d48e803abedafaf83877b3076e15f,0.97514663930712786,0.024853360692872084,122.83647559019832,0.43396588737540831,True,False,,,False,,observed_profile_hessian,68,3.7884285414400001,68,1.0000000000000001e-05,0,7b40cf5533e560ea98deb74c57e9e444aa92af7e5a580f9ea27e2b31099af7f0,28c9d4c35d98a02dfac9d89f18df9b105184bd556390c0e2dce0d5cb6e14942c,"[{""attempt"": 0, ""tolerance"": 2e-07, ""free_valid"": true, ""free_nll"": 40.169168547319, ""free_score"": 1.3947480947962276e-09, ""sigma"": 5355.370089067592}]",1,40.169168547319003,1.3947480947962276e-09,112801.93509396835,112777.65134003517,newton
calibration,nominal,0.10000000000000001,92,34,3,4829.5874528879594,1609.8624842959866,5175.2610400250851,1614.0595512580335,0.21416408512790006,,,,4791,4791,4674,117,0,b5e2095bd45f32e645ea8bb17a99692391a7ea9b710d9471f884cc149d20c1b3,c96926dfefeb13f7ffd13a0bdf3105a84affadb536fda3e7ea0bf933364b9718,2fb3b9eac4fcb2d497033368dc49a0220705bbfab4424c94d3f6ab6465f9add7,378c778b73730c037c2521b0c343ee0e9bb95f45fed10a61c83db552a8c372a1,3ae5bf122f8bade926eb20eaf5d58198541d48e803abedafaf83877b3076e15f,0.97514663930712786,0.024853360692872084,122.83647559019832,0.43396588737540831,True,False,,,False,,observed_profile_hessian,68,3.7884285414400001,68,9.9999999999999995e-07,0,28cf0c926c1a354be91c96db4587b621d423e11a0be61191211ccefc587e2fc6,93ad48c0be73f79e0bb1df1a76ea26bf11f74f3b3c7fe56cbda1cecdca8f98a4,"[{""attempt"": 0, ""tolerance"": 2e-07, ""free_valid"": true, ""free_nll"": 35.86393610975179, ""free_score"": 8.43769498715119e-15, ""sigma"": 1614.0595512580335}]",1,35.863936109751791,8.4376949871511897e-15,11305.461281170477,11293.619728752796,newton
calibration,nominal,1,92,34,3,16057.505686886623,5352.5018956288741,15629.790885168311,5356.4122203902807,-0.079850986839684904,,,,15774,15774,15397,377,0,2b0fa8c6155bd3e41602dd518695121bd47eeb2ffe47a257eeda82f4112fd4be,011e772da8fc1ff8f80da1cb6ed7d394b93955b124ebcec22b582c5e973f28d9,da63ca0eadb6eb135496fc7ca7ce0b05662d214d389720eb856de33c2450be49,378c778b73730c037c2521b0c343ee0e9bb95f45fed10a61c83db552a8c372a1,3ae5bf122f8bade926eb20eaf5d58198541d48e803abedafaf83877b3076e15f,0.97514663930712786,0.024853360692872084,122.83647559019832,0.43396588737540831,True,False,,,False,,observed_profile_hessian,68,3.7884285414400001,68,1.0000000000000001e-05,0,72d49a8a48e15aeda22f77315452922b3944369846f84c63e380f094d7777930,a72803132704c37ed2a6804cf02258cf4b10285ab8692abdba1985f5137a333d,"[{""attempt"": 0, ""tolerance"": 2e-07, ""free_valid"": true, ""free_nll"": 39.16296993368359, ""free_score"": 1.6854352136164152e-08, ""sigma"": 5356.412220390281}]",1,39.162969933683591,1.6854352136164152e-08,112815.83489885212,112780.07226067546,newton
calibration,nominal,0.10000000000000001,92,34,4,6439.4499371839465,1609.8624842959866,6785.8933020283866,1615.0874743693425,0.21450439703256252,,,,6484,6484,6343,141,0,b5e2095bd45f32e645ea8bb17a99692391a7ea9b710d9471f884cc149d20c1b3,4dbd7f6875b7cdf9846c90543dde200b6b673d2fd74a6f4e6c4ef9bfc694eaf6,fd1e529c756c16cf5e52e98756b4ace7611ee089e770839bb14549629a59fd78,378c778b73730c037c2521b0c343ee0e9bb95f45fed10a61c83db552a8c372a1,3ae5bf122f8bade926eb20eaf5d58198541d48e803abedafaf83877b3076e15f,0.97514663930712786,0.024853360692872084,122.83647559019832,0.43396588737540831,True,False,,,False,,observed_profile_hessian,68,3.7884285414400001,68,9.9999999999999995e-07,0,a72f3a6234861e494fc272ee9514636bc1b46f685ed6a8011745ca5a16a4aecf,443b41f3429568c34926a61558e7ce505e283eb06ca4484190028b116ee88677,"[{""attempt"": 0, ""tolerance"": 2e-07, ""free_valid"": true, ""free_nll"": 36.783536067458016, ""free_score"": 3.042011087472929e-14, ""sigma"": 1615.0874743693425}]",1,36.783536067458016,3.0420110874729289e-14,11309.933272757648,11294.406420949535,newton
calibration,nominal,1,92,34,4,21410.007582515496,5352.5018956288741,21071.789670225695,5357.5697862022544,-0.063128979329553303,,,,21492,21492,20947,545,0,2b0fa8c6155bd3e41602dd518695121bd47eeb2ffe47a257eeda82f4112fd4be,c5a5b68d9f8317dc059fe5db9147ebdca938461b6971a7b534bd054b827a58e5,281a54812857b532d25c4bc6406d0ab64607deb4d1a0df86d497fa0c6efa5a5d,378c778b73730c037c2521b0c343ee0e9bb95f45fed10a61c83db552a8c372a1,3ae5bf122f8bade926eb20eaf5d58198541d48e803abedafaf83877b3076e15f,0.97514663930712786,0.024853360692872084,122.83647559019832,0.43396588737540831,True,False,,,False,,observed_profile_hessian,68,3.7884285414400001,68,1.0000000000000001e-05,0,aa417ca2bccab25c3d7272452e68e2b10c4d3a60e051c8fb837ef2af25aa2a3f,6057c6fd4ef3bafb4ebd38adf55d4f8d159576b76c7d23d2f646cedd920a1b17,"[{""attempt"": 0, ""tolerance"": 2e-07, ""free_valid"": true, ""free_nll"": 39.8715784652625, ""free_score"": 8.651331540043827e-08, ""sigma"": 5357.569786202254}]",1,39.871578465262502,8.6513315400438273e-08,112832.13789025313,112783.92337508479,newton
calibration,nominal,0.10000000000000001,92,34,5,8049.3124214799336,1609.8624842959866,8424.4614516046222,1616.1117298823597,0.23213062759713804,,,,8149,8149,7948,201,0,b5e2095bd45f32e645ea8bb17a99692391a7ea9b710d9471f884cc149d20c1b3,5e4704c15bd93fafd34325e8b8d96118a4c787130692826441abc70d4a4abbd2,c70bdce81637b833f8cf8504a0c8589d4eca7df6d5b709fce286174fe01bfe68,378c778b73730c037c2521b0c343ee0e9bb95f45fed10a61c83db552a8c372a1,3ae5bf122f8bade926eb20eaf5d58198541d48e803abedafaf83877b3076e15f,0.97514663930712786,0.024853360692872084,122.83647559019832,0.43396588737540831,True,False,,,False,,observed_profile_hessian,68,3.7884285414400001,68,9.9999999999999995e-07,0,d6ad62c51acb3dd138d3eec3d14d17ac53a16e915cc9d57d7ecf080b9c0054ae,f6c74111a90a1815fb198b0ca2db4488c36054163b148bf250b8157014be5971,"[{""attempt"": 0, ""tolerance"": 2e-07, ""free_valid"": true, ""free_nll"": 37.80501571836383, ""free_score"": 5.595524044110789e-14, ""sigma"": 1616.1117298823597}]",1,37.805015718363833,5.595524044110789e-14,11314.847541102281,11295.571469596247,newton
calibration,nominal,1,92,34,5,26762.509478144369,5352.5018956288741,26213.216523372572,5358.6673475950583,-0.10250551473741273,,,,26919,26919,26252,667,0,2b0fa8c6155bd3e41602dd518695121bd47eeb2ffe47a257eeda82f4112fd4be,caf75123aefe1b5266b8ddae115d19d500ad6c0f8f97a4546e6d421207b4f2f7,bb9ab68a5ec149d6c18d6ac6dbd299cdebdce176d2e1308d806559cabd53d7fb,378c778b73730c037c2521b0c343ee0e9bb95f45fed10a61c83db552a8c372a1,3ae5bf122f8bade926eb20eaf5d58198541d48e803abedafaf83877b3076e15f,0.97514663930712786,0.024853360692872084,122.83647559019832,0.43396588737540831,True,False,,,False,,observed_profile_hessian,68,3.7884285414400001,68,1.0000000000000001e-05,0,cdc82aaebe2c3c2f409aee757f570a55bf816cdc3b386b019a0944c2b80c59e2,e697ad649ef4f485a30794b743649724e95b12586bccc0d98afc980ea405408c,"[{""attempt"": 0, ""tolerance"": 2e-07, ""free_valid"": true, ""free_nll"": 39.19611242548125, ""free_score"": 3.2862601528904634e-14, ""sigma"": 5358.667347595058}]",1,39.196112425481253,3.2862601528904634e-14,112846.40548292246,112786.42683158547,newton
calibration,nominal,0.10000000000000001,92,34,6,9659.1749057759189,1609.8624842959866,9714.0312969089355,1617.0012796787282,0.033924766679167787,,,,9549,9549,9260,289,0,b5e2095bd45f32e645ea8bb17a99692391a7ea9b710d9471f884cc149d20c1b3,5f3d95b6b0a222e0697aca75e615b4fb94998d812dc3fbe2b14eceb056b12131,1cdd68608b581889d45545727fe67c643a1a29d78c4a86794a61da571faf3565,378c778b73730c037c2521b0c343ee0e9bb95f45fed10a61c83db552a8c372a1,3ae5bf122f8bade926eb20eaf5d58198541d48e803abedafaf83877b3076e15f,0.97514663930712786,0.024853360692872084,122.83647559019832,0.43396588737540831,True,False,,,False,,observed_profile_hessian,68,3.7884285414400001,68,9.9999999999999995e-07,0,b1215294ae1c02444b42fadd1fcfdad54bf36db38f0522b3014f7514529fc75e,7058c194b79f5e6e730bb551097eaa4cc103ac0b8ea5ecc507116d228dd6b975,"[{""attempt"": 0, ""tolerance"": 2e-07, ""free_valid"": true, ""free_nll"": 37.73469307429991, ""free_score"": 3.2929214910382143e-13, ""sigma"": 1617.0012796787282}]",1,37.734693074299912,3.2929214910382143e-13,11319.189378777253,11296.96263313105,newton
calibration,nominal,1,92,34,6,32115.011373773246,5352.5018956288741,31759.607722804638,5359.6939377299541,-0.066310437703675326,,,,32136,32136,31308,828,0,2b0fa8c6155bd3e41602dd518695121bd47eeb2ffe47a257eeda82f4112fd4be,ef8b61dafd18e260c888c27f3bdb098312255f83a469bf42e7f3eef3aa1c446e,602bb1d71e5675b1bb8a6653d9fa6e5641a0bc050cac8f60c462932deb55793d,378c778b73730c037c2521b0c343ee0e9bb95f45fed10a61c83db552a8c372a1,3ae5bf122f8bade926eb20eaf5d58198541d48e803abedafaf83877b3076e15f,0.97514663930712786,0.024853360692872084,122.83647559019832,0.43396588737540831,True,False,,,False,,observed_profile_hessian,68,3.7884285414400001,68,1.0000000000000001e-05,0,3caf55ac9858b06ec424131b6a7f1927ea7932bc8a71b0af5b369136031359d2,b95293f2e1768f99a439e19bc7c3079b6a307cb9574e8a52c3ee2bdf9ce3e269,"[{""attempt"": 0, ""tolerance"": 2e-07, ""free_valid"": true, ""free_nll"": 40.72918139071617, ""free_score"": 3.0142555118573e-14, ""sigma"": 5359.693937729954}]",1,40.729181390716171,3.0142555118573e-14,112859.1917153059,112786.52232593483,newton
calibration,nominal,0.10000000000000001,92,34,7,11269.037390071906,1609.8624842959866,11282.270838058135,1617.9689836162909,0.0081790492402712637,,,,11194,11194,10922,272,0,b5e2095bd45f32e645ea8bb17a99692391a7ea9b710d9471f884cc149d20c1b3,e1e4c66d0624e9bb129a272034935d2366b076663d4bc0658d9668bbba0f7971,6b54a51d847771ce5ad8916c63a151f959a5e221122272d15fe35243830b0b98,378c778b73730c037c2521b0c343ee0e9bb95f45fed10a61c83db552a8c372a1,3ae5bf122f8bade926eb20eaf5d58198541d48e803abedafaf83877b3076e15f,0.97514663930712786,0.024853360692872084,122.83647559019832,0.43396588737540831,True,False,,,False,,observed_profile_hessian,68,3.7884285414400001,68,9.9999999999999995e-07,0,13398d73fc8b48ff43b3dc2512079932a55efe5d82ffa1c05ca96872ffdf4d89,43bf0540f8e2bf027198354d4e5a3c117fd8dfe76437635b833f93721514ecf7,"[{""attempt"": 0, ""tolerance"": 2e-07, ""free_valid"": true, ""free_nll"": 36.8999540240922, ""free_score"": 1.2316814235191487e-12, ""sigma"": 1617.9689836162909}]",1,36.899954024092203,1.2316814235191487e-12,11322.632378290278,11296.817332346489,newton
calibration,nominal,1,92,34,7,37467.513269402116,5352.5018956288741,36899.862121281352,5360.8491887053115,-0.10588828898912858,,,,37864,37864,36913,951,0,2b0fa8c6155bd3e41602dd518695121bd47eeb2ffe47a257eeda82f4112fd4be,ac7525bddcebddd665609cc4b957f2b58890efd1be219fa5fa7bc0ab5ae818ff,ea064a5e319bbfe834bbf0592d248f865a55f51f9021df13d6bb334d39c4a560,378c778b73730c037c2521b0c343ee0e9bb95f45fed10a61c83db552a8c372a1,3ae5bf122f8bade926eb20eaf5d58198541d48e803abedafaf83877b3076e15f,0.97514663930712786,0.024853360692872084,122.83647559019832,0.43396588737540831,True,False,,,False,,observed_profile_hessian,68,3.7884285414400001,68,1.0000000000000001e-05,0,808a055e4e96601db03b1e1e3c49af6aa4409b694d97a5207c8231299861a6e2,91b1ab7623a56e3c2ca8055f2492405e4fcb26af86bfbb826bb80af62da86fd6,"[{""attempt"": 0, ""tolerance"": 2e-07, ""free_valid"": true, ""free_nll"": 40.30664264982919, ""free_score"": 2.9254376698872875e-14, ""sigma"": 5360.8491887053115}]",1,40.306642649829193,2.9254376698872875e-14,112874.42855835783,112789.99771552013,newton
calibration,nominal,0.10000000000000001,92,34,8,12878.899874367893,1609.8624842959866,12969.907549889867,1619.0765470805736,0.056209618801578064,,,,12984,12984,12665,319,0,b5e2095bd45f32e645ea8bb17a99692391a7ea9b710d9471f884cc149d20c1b3,8d747d1f7519bd0f6470c2ef1e83d9cb20db2890b6cf84f2d5a4a6c61c14f0a4,906fe4481c397329ece48b0f11cb4d509e6827a7d46cf4aadf5475f813a0ce01,378c778b73730c037c2521b0c343ee0e9bb95f45fed10a61c83db552a8c372a1,3ae5bf122f8bade926eb20eaf5d58198541d48e803abedafaf83877b3076e15f,0.97514663930712786,0.024853360692872084,122.83647559019832,0.43396588737540831,True,False,,,False,,observed_profile_hessian,68,3.7884285414400001,68,9.9999999999999995e-07,0,a0019fea5009e220c0c7b0202c4141644f0696abdc623a8af0e90995b796d412,af0d81a2157c8996605206cad7efd846ea89317fef26172e7216db0937753c6a,"[{""attempt"": 0, ""tolerance"": 2e-07, ""free_valid"": true, ""free_nll"": 38.27885629263168, ""free_score"": 4.23761026269176e-12, ""sigma"": 1619.0765470805736}]",1,38.27885629263168,4.23761026269176e-12,11327.078544986423,11297.402005210613,newton
calibration,nominal,1,92,34,8,42820.015165030993,5352.5018956288741,41744.334929172837,5361.8674203013707,-0.20061671644199203,,,,43034,43034,41958,1076,0,2b0fa8c6155bd3e41602dd518695121bd47eeb2ffe47a257eeda82f4112fd4be,5d7bfec7bb292959ac0e4d9f3d45fbca74946a0cd14acea7c15052552fb1c597,7f0e7538aee49c471880d751129e2ab2312e08885269e8a9f0f58e3d4144bff2,378c778b73730c037c2521b0c343ee0e9bb95f45fed10a61c83db552a8c372a1,3ae5bf122f8bade926eb20eaf5d58198541d48e803abedafaf83877b3076e15f,0.97514663930712786,0.024853360692872084,122.83647559019832,0.43396588737540831,True,False,,,False,,observed_profile_hessian,68,3.7884285414400001,68,1.0000000000000001e-05,0,4f12d60b24e678c9315b9f3c3969b15f27eb2133b53822146405c6ba33adaf55,898f375fe665822e77108c444b83c92063bbefa9a495835e2623c470b1095aef,"[{""attempt"": 0, ""tolerance"": 2e-07, ""free_valid"": true, ""free_nll"": 40.43478938759412, ""free_score"": 4.596323321948148e-14, ""sigma"": 5361.867420301371}]",1,40.434789387594122,4.5963233219481481e-14,112887.83348078022,112792.31796448413,newton
calibration,nominal,0.10000000000000001,92,35,0,0,1609.8624842959866,2055.6894159134486,1608.8850273499258,1.2777105765596417,,,,0,0,0,0,0,b68c0c2534fe361e27d9b1266e100fcdc58b7191e23ca5bf6c0176206d171b3f,b68c0c2534fe361e27d9b1266e100fcdc58b7191e23ca5bf6c0176206d171b3f,f440d6087e5a50c4aef861dbe0f0dd7752e43e8d6fb7b0a6393f704d359bba12,378c778b73730c037c2521b0c343ee0e9bb95f45fed10a61c83db552a8c372a1,3ae5bf122f8bade926eb20eaf5d58198541d48e803abedafaf83877b3076e15f,0.97514663930712786,0.024853360692872084,122.83647559019832,0.43396588737540831,True,False,,,False,,observed_profile_hessian,68,3.7884285414400001,68,9.9999999999999995e-07,0,4686decbea592760b63f6794076fdf3ff7e808efc6f4fff1d4e344b9f332ef32,8bbb621fcc5a86f73f796c8f6e43546dca8796772342fd96fd5bb9019af164f5,"[{""attempt"": 0, ""tolerance"": 2e-07, ""free_valid"": true, ""free_nll"": 39.23264491578679, ""free_score"": 1.865174681370263e-14, ""sigma"": 1608.8850273499258}]",1,39.232644915786793,1.865174681370263e-14,11272.496510036566,11267.792872136033,newton
calibration,nominal,1,92,35,0,0,5352.5018956288741,3748.2914335808437,5350.6324978551947,0.70053240155875951,,,,0,0,0,0,0,d9177aa902d42902e69eec1bbf43b59b35c687703df1e3dc568e9156aa51d469,d9177aa902d42902e69eec1bbf43b59b35c687703df1e3dc568e9156aa51d469,f440d6087e5a50c4aef861dbe0f0dd7752e43e8d6fb7b0a6393f704d359bba12,378c778b73730c037c2521b0c343ee0e9bb95f45fed10a61c83db552a8c372a1,3ae5bf122f8bade926eb20eaf5d58198541d48e803abedafaf83877b3076e15f,0.97514663930712786,0.024853360692872084,122.83647559019832,0.43396588737540831,True,False,,,False,,observed_profile_hessian,68,3.7884285414400001,68,1.0000000000000001e-05,0,a2995e933ba030078154dd06bace104d368f109d46a29b708f7a06896e4d9ded,140bccfe8c01e914294b3eb8c919e04db0cafaceadc0417f1691470ed57ebe0b,"[{""attempt"": 0, ""tolerance"": 2e-07, ""free_valid"": true, ""free_nll"": 32.92220293430855, ""free_score"": 4.58301885331025e-09, ""sigma"": 5350.632497855195}]",1,32.922202934308551,4.5830188533102501e-09,112828.38651920344,112819.8100263185,newton
calibration,nominal,0.10000000000000001,92,35,1,1609.8624842959866,1609.8624842959866,3501.9577623629866,1609.8415033238025,1.1753301639698286,,,,1566,1566,1517,49,0,b68c0c2534fe361e27d9b1266e100fcdc58b7191e23ca5bf6c0176206d171b3f,dc6f60d4fbf539302a82831b26b2c5920c9cd71da54c06789e421c64fc1e2e7f,4243e8fb177dfcc3dbd152925d9982853b140de0767fe63de25e20e64f3d8660,378c778b73730c037c2521b0c343ee0e9bb95f45fed10a61c83db552a8c372a1,3ae5bf122f8bade926eb20eaf5d58198541d48e803abedafaf83877b3076e15f,0.97514663930712786,0.024853360692872084,122.83647559019832,0.43396588737540831,True,False,,,False,,observed_profile_hessian,68,3.7884285414400001,68,9.9999999999999995e-07,0,426ba7cadd3e2343c00e2f540cfdd44005205ebe4785e2d480082d660f18c9ed,a65fea2c590f43424b47e43f603bf2fc4879da250e5c02229cdc65f47de30eae,"[{""attempt"": 0, ""tolerance"": 2e-07, ""free_valid"": true, ""free_nll"": 39.46106910603839, ""free_score"": 4.107825191113079e-15, ""sigma"": 1609.8415033238025}]",1,39.461069106038387,4.1078251911130792e-15,11277.102241078514,11269.089386057904,newton
calibration,nominal,1,92,35,1,5352.5018956288741,5352.5018956288741,8646.0395049025228,5351.6637233360971,0.61542312438505342,,,,5206,5206,5074,132,0,d9177aa902d42902e69eec1bbf43b59b35c687703df1e3dc568e9156aa51d469,7fad25bfdab121f028bcbe28c80fa5326f763a986c41488236226a46cc9a7813,12408702322bec5ae0b7303bf65558538983929c3694dbb7e208f8514c2ff974,378c778b73730c037c2521b0c343ee0e9bb95f45fed10a61c83db552a8c372a1,3ae5bf122f8bade926eb20eaf5d58198541d48e803abedafaf83877b3076e15f,0.97514663930712786,0.024853360692872084,122.83647559019832,0.43396588737540831,True,False,,,False,,observed_profile_hessian,68,3.7884285414400001,68,1.0000000000000001e-05,0,b1033deda18fd0df1d8e8da87e9530b9fc6dd0d6b57c72c814c8b611b815b482,0281e6ca370829365a99d630417eaf398411c749eed9cf8892f84c394ce0df82,"[{""attempt"": 0, ""tolerance"": 2e-07, ""free_valid"": true, ""free_nll"": 32.90717097467717, ""free_score"": 3.281921534536991e-08, ""sigma"": 5351.663723336097}]",1,32.907170974677172,3.2819215345369912e-08,112842.95089798894,112823.16783212795,newton
calibration,nominal,0.10000000000000001,92,35,2,3219.7249685919733,1609.8624842959866,5164.7700725206414,1610.88146037558,1.2074414857783373,,,,3260,3260,3181,79,0,b68c0c2534fe361e27d9b1266e100fcdc58b7191e23ca5bf6c0176206d171b3f,a1bd0266d75e83543989a44b43b7a066d82b36b75e5520d053be32645a86685d,effb445227ff3544db4181e2966b0b64af883e3bd23069737d0ebd20cdfe089a,378c778b73730c037c2521b0c343ee0e9bb95f45fed10a61c83db552a8c372a1,3ae5bf122f8bade926eb20eaf5d58198541d48e803abedafaf83877b3076e15f,0.97514663930712786,0.024853360692872084,122.83647559019832,0.43396588737540831,True,False,,,False,,observed_profile_hessian,68,3.7884285414400001,68,9.9999999999999995e-07,0,54b3f291f5594ed08dc19c523a24ddf1824a9389ce48a9a178012d223ca1c9bc,e94bcfd3c9bdd0687fc26861c4d87ae6b687c9eea26bb24c6edfb0dd4e9da9a7,"[{""attempt"": 0, ""tolerance"": 2e-07, ""free_valid"": true, ""free_nll"": 38.54873591579399, ""free_score"": 7.327471962526033e-15, ""sigma"": 1610.88146037558}]",1,38.548735915793991,7.3274719625260332e-15,11281.633704016071,11269.816156057423,newton
calibration,nominal,1,92,35,2,10705.003791257748,5352.5018956288741,14150.054560612449,5352.8028360559201,0.64359754597146734,,,,10797,10797,10509,288,0,d9177aa902d42902e69eec1bbf43b59b35c687703df1e3dc568e9156aa51d469,7830eb59fc2c2806a9c0ba1f13e40e37bb754d76abd5604aa0f1ebd3a7a9e11c,3c5c4e0b2ee6083877c882594f4454efa449bd33b5625ab7b6a68b9389871c67,378c778b73730c037c2521b0c343ee0e9bb95f45fed10a61c83db552a8c372a1,3ae5bf122f8bade926eb20eaf5d58198541d48e803abedafaf83877b3076e15f,0.97514663930712786,0.024853360692872084,122.83647559019832,0.43396588737540831,True,False,,,False,,observed_profile_hessian,68,3.7884285414400001,68,1.0000000000000001e-05,0,1cc800d9b47a3ef65cad5ddbd24ad4d99109f65b3e057ae509542ffc48f947c2,090688d69a4ba33a61b118321c2d9fb6e6fe82eb8b4d8d11b8d870c355d0fb84,"[{""attempt"": 0, ""tolerance"": 2e-07, ""free_valid"": true, ""free_nll"": 32.920098239585755, ""free_score"": 1.3558523381806964e-07, ""sigma"": 5352.80283605592}]",1,32.920098239585755,1.3558523381806964e-07,112857.58083601875,112825.20399328625,newton
calibration,nominal,0.10000000000000001,92,35,3,4829.5874528879594,1609.8624842959866,6844.7014446008907,1611.9403396103694,1.2501169815007018,,,,4969,4969,4833,136,0,b68c0c2534fe361e27d9b1266e100fcdc58b7191e23ca5bf6c0176206d171b3f,d9dcf1ef4e162d6623af0d0c4d383f525d513fb586da566744f9e0288b5f59f8,b3677f1d38c50b57204702575fd431ce6532a8b1f3dacb0825a5a9f449842157,378c778b73730c037c2521b0c343ee0e9bb95f45fed10a61c83db552a8c372a1,3ae5bf122f8bade926eb20eaf5d58198541d48e803abedafaf83877b3076e15f,0.97514663930712786,0.024853360692872084,122.83647559019832,0.43396588737540831,True,False,,,False,,observed_profile_hessian,68,3.7884285414400001,68,9.9999999999999995e-07,0,45a1d7b2c7ed59a9f24386ae45693fe875a27b74e31f6e324b45a9159da265d7,a3481f67240c08d5160dce678e0a7a9f6e6341a71bd5e0de1bafd552a0d4a7b5,"[{""attempt"": 0, ""tolerance"": 2e-07, ""free_valid"": true, ""free_nll"": 40.154964370337176, ""free_score"": 2.3159252293680765e-13, ""sigma"": 1611.9403396103694}]",1,40.154964370337176,2.3159252293680765e-13,11285.753895999138,11270.092484852381,newton
calibration,nominal,1,92,35,3,16057.505686886623,5352.5018956288741,19145.970847686625,5353.8798980927804,0.57686485681163868,,,,16154,16154,15711,443,0,d9177aa902d42902e69eec1bbf43b59b35c687703df1e3dc568e9156aa51d469,f3e423afdaa93e68597ae970acf6dc6e85374e0f0be5f78f57308d363764d6a9,7c37b0f62d14951345acd01bf7747a0a3fd5dd5975d052412fe513faef06d16f,378c778b73730c037c2521b0c343ee0e9bb95f45fed10a61c83db552a8c372a1,3ae5bf122f8bade926eb20eaf5d58198541d48e803abedafaf83877b3076e15f,0.97514663930712786,0.024853360692872084,122.83647559019832,0.43396588737540831,True,False,,,False,,observed_profile_hessian,68,3.7884285414400001,68,1.0000000000000001e-05,0,c145e30185451b9dd5ec08e7991f55923fd9746064fa3cf9f8a96318783d0807,7cb2f7b22d683c87e544028917d0fa079997e59d0a830ef0b8a71231760fd7f0,"[{""attempt"": 0, ""tolerance"": 2e-07, ""free_valid"": true, ""free_nll"": 32.5878222241541, ""free_score"": 5.140332604014475e-14, ""sigma"": 5353.87989809278}]",1,32.587822224154102,5.1403326040144748e-14,112872.26599314412,112828.45795802727,newton
calibration,nominal,0.10000000000000001,92,35,4,6439.4499371839465,1609.8624842959866,8530.7528151266124,1612.8302422065001,1.2966664582638103,,,,6458,6458,6314,144,0,b68c0c2534fe361e27d9b1266e100fcdc58b7191e23ca5bf6c0176206d171b3f,eec6d0e896ee3dc3abd1a7497b8af18891b632af85ba3ef749e35cfd2e4c0d39,b1069c89887ecb2d08c191feab37750b92f08257bc6a0209c0bb1740c12c38d3,378c778b73730c037c2521b0c343ee0e9bb95f45fed10a61c83db552a8c372a1,3ae5bf122f8bade926eb20eaf5d58198541d48e803abedafaf83877b3076e15f,0.97514663930712786,0.024853360692872084,122.83647559019832,0.43396588737540831,True,False,,,False,,observed_profile_hessian,68,3.7884285414400001,68,9.9999999999999995e-07,0,de51806a783d9babc36c9d578f7810ad0c7c4ca78a268a27f23c38a74148979f,853535d006d3c8878ca10c6df030a9dbe60f02310addc12848016d9a90043693,"[{""attempt"": 0, ""tolerance"": 2e-07, ""free_valid"": true, ""free_nll"": 38.49583499713896, ""free_score"": 8.731904088676856e-13, ""sigma"": 1612.8302422065}]",1,38.495834997138957,8.7319040886768562e-13,11288.778519824345,11269.259242276537,newton
calibration,nominal,1,92,35,4,21410.007582515496,5352.5018956288741,25093.495460516024,5354.9610976428812,0.68786454482776838,,,,21590,21590,21093,497,0,d9177aa902d42902e69eec1bbf43b59b35c687703df1e3dc568e9156aa51d469,d60cac69187338f9a0a5be20cdcbd556a02fc360fe3768c1c794a3afcfba4ac9,e1a796573a22aeae9b1ba3ea580d73a9390c10b2ec200f61f1aaf2d1938f547f,378c778b73730c037c2521b0c343ee0e9bb95f45fed10a61c83db552a8c372a1,3ae5bf122f8bade926eb20eaf5d58198541d48e803abedafaf83877b3076e15f,0.97514663930712786,0.024853360692872084,122.83647559019832,0.43396588737540831,True,False,,,False,,observed_profile_hessian,68,3.7884285414400001,68,1.0000000000000001e-05,0,bc9fa0d49fc77c087b1413676077c828f43189993070e4bf2d95086f4887f527,b008506cd46a7d3799d50ef4366a33d018b70b7c918125803ca86bc6589404cb,"[{""attempt"": 0, ""tolerance"": 2e-07, ""free_valid"": true, ""free_nll"": 32.65093226459604, ""free_score"": 8.304468224196171e-14, ""sigma"": 5354.961097642881}]",1,32.650932264596037,8.3044682241961709e-14,112883.05904631135,112825.64243688036,newton
calibration,nominal,0.10000000000000001,92,35,5,8049.3124214799336,1609.8624842959866,9840.1758782265497,1613.8075802889252,1.1097131272775358,,,,8060,8060,7854,206,0,b68c0c2534fe361e27d9b1266e100fcdc58b7191e23ca5bf6c0176206d171b3f,ad8297479e8e8c9ede509c61bf3840dd267b15e39ccfaaa98c63302a7da3f81d,fb9abed738d4f0ef4e44e0e3b63136b318e5b9d3b461510a62fa3ae4caa6c658,378c778b73730c037c2521b0c343ee0e9bb95f45fed10a61c83db552a8c372a1,3ae5bf122f8bade926eb20eaf5d58198541d48e803abedafaf83877b3076e15f,0.97514663930712786,0.024853360692872084,122.83647559019832,0.43396588737540831,True,False,,,False,,observed_profile_hessian,68,3.7884285414400001,68,9.9999999999999995e-07,0,bbfb593056579f73703468caaa6a06b7930231983170fbec60a5626d876c5977,8e4ca163361bb83690cd2443c7a2221110405bdf7e82c41fbb4fc1bb3cbcba2f,"[{""attempt"": 0, ""tolerance"": 2e-07, ""free_valid"": true, ""free_nll"": 40.16865327127774, ""free_score"": 2.4866775305554256e-12, ""sigma"": 1613.8075802889252}]",1,40.168653271277741,2.4866775305554256e-12,11293.46951200621,11270.954134026231,newton
calibration,nominal,1,92,35,5,26762.509478144369,5352.5018956288741,29268.041496211583,5355.9717575449022,0.46780157392310673,,,,26678,26678,25978,700,0,d9177aa902d42902e69eec1bbf43b59b35c687703df1e3dc568e9156aa51d469,36b8795598e0720157a0c94fd8743c448e743d86914f0d3e80ffd358622693f8,a3b2b5427716f38eab4c648c1f9915a74d942ed6767132b5b919ce384519d137,378c778b73730c037c2521b0c343ee0e9bb95f45fed10a61c83db552a8c372a1,3ae5bf122f8bade926eb20eaf5d58198541d48e803abedafaf83877b3076e15f,0.97514663930712786,0.024853360692872084,122.83647559019832,0.43396588737540831,True,False,,,False,,observed_profile_hessian,68,3.7884285414400001,68,1.0000000000000001e-05,0,af5bd1a91b1543dced99a14b3dea637126b2d0beedaf411160236f65e0574b2a,60e080e7d0570f98627530a5a2f60110b16eeb74e0742083bbd998532149877b,"[{""attempt"": 0, ""tolerance"": 2e-07, ""free_valid"": true, ""free_nll"": 33.12251044106589, ""free_score"": 5.084821452783217e-14, ""sigma"": 5355.971757544902}]",1,33.122510441065891,5.084821452783217e-14,112899.3646775478,112832.39625897724,newton
calibration,nominal,0.10000000000000001,92,35,6,9659.1749057759189,1609.8624842959866,11500.426365066867,1614.8554720225065,1.1401958201156508,,,,9718,9718,9484,234,0,b68c0c2534fe361e27d9b1266e100fcdc58b7191e23ca5bf6c0176206d171b3f,3499679075b666e375860279ad08ffcff060e301e0b30eb280490623024b26f6,bbeabf3d3ef473bb84c66cc08017487e9986786a6cf76b4a0fff0bf1a42d1ef3,378c778b73730c037c2521b0c343ee0e9bb95f45fed10a61c83db552a8c372a1,3ae5bf122f8bade926eb20eaf5d58198541d48e803abedafaf83877b3076e15f,0.97514663930712786,0.024853360692872084,122.83647559019832,0.43396588737540831,True,False,,,False,,observed_profile_hessian,68,3.7884285414400001,68,9.9999999999999995e-07,0,af7dfc658d11d0d091371dcdec5dcb9ca7dd4b5501cc25b74fc1ebd03c4bd351,98c35f44bad033eb9e36e9f576dad071ee77f853f41d448bb483cd645d7b6721,"[{""attempt"": 0, ""tolerance"": 2e-07, ""free_valid"": true, ""free_nll"": 39.511779034326224, ""free_score"": 7.356559805771212e-12, ""sigma"": 1614.8554720225065}]",1,39.511779034326224,7.3565598057712123e-12,11297.655949773565,11271.341740582107,newton
calibration,nominal,1,92,35,6,32115.011373773246,5352.5018956288741,34685.119685290621,5357.08698753725,0.4797585548818763,,,,32218,32218,31395,823,0,d9177aa902d42902e69eec1bbf43b59b35c687703df1e3dc568e9156aa51d469,5c080778d37bb65925e7fc295338f054b5fe360d15b54e111933af9eb61b5991,77b1177a0490092d27d000ea2bbc2d85acfca412c71cf5df399439532d1d1586,378c778b73730c037c2521b0c343ee0e9bb95f45fed10a61c83db552a8c372a1,3ae5bf122f8bade926eb20eaf5d58198541d48e803abedafaf83877b3076e15f,0.97514663930712786,0.024853360692872084,122.83647559019832,0.43396588737540831,True,False,,,False,,observed_profile_hessian,68,3.7884285414400001,68,1.0000000000000001e-05,0,81e766c29f90056888e7f58de531199b8232bbf908e6980a16de2d3abb04d2f1,1b8877bcd1b17dba4572fad0017aaff15a791056811def30ae0c3bca4cd7ba31,"[{""attempt"": 0, ""tolerance"": 2e-07, ""free_valid"": true, ""free_nll"": 32.31981378475274, ""free_score"": 2.7755575615628914e-14, ""sigma"": 5357.08698753725}]",1,32.319813784752739,2.7755575615628914e-14,112912.6660260924,112833.30275152704,newton
calibration,nominal,0.10000000000000001,92,35,7,11269.037390071906,1609.8624842959866,13172.049447024656,1615.944542562793,1.1776468850438919,,,,11461,11461,11159,302,0,b68c0c2534fe361e27d9b1266e100fcdc58b7191e23ca5bf6c0176206d171b3f,930a29304c53570b9c397c07c0d3f16e0dfdee21978ae1841024b1872fd7c35e,d79696970dd1febf08616f377f7dcf3e92e9552affe4e917123f5c4696208908,378c778b73730c037c2521b0c343ee0e9bb95f45fed10a61c83db552a8c372a1,3ae5bf122f8bade926eb20eaf5d58198541d48e803abedafaf83877b3076e15f,0.97514663930712786,0.024853360692872084,122.83647559019832,0.43396588737540831,True,False,,,False,,observed_profile_hessian,68,3.7884285414400001,68,9.9999999999999995e-07,0,b0ac6f4fa3da705cc433772d2b374c019751811e84950eabd81c3248018388de,aac212ed7714a3d10d8052dde043281ddc80815b5e9138c6cab35d20f4cffb63,"[{""attempt"": 0, ""tolerance"": 2e-07, ""free_valid"": true, ""free_nll"": 37.388695866811375, ""free_score"": 1.8971602067097137e-11, ""sigma"": 1615.944542562793}]",1,37.388695866811375,1.8971602067097137e-11,11302.097655458236,11271.958593337715,newton
calibration,nominal,1,92,35,7,37467.513269402116,5352.5018956288741,40251.907859283332,5358.1649171423542,0.51965451473378776,,,,37531,37531,36583,948,0,d9177aa902d42902e69eec1bbf43b59b35c687703df1e3dc568e9156aa51d469,3f13bc03c619e29610da41bc7ec089948c107d69da674af00994d303488a5023,f5eff9a15838ffda92382825cb3b81efd20a48e58284150e745f79edea74c378,378c778b73730c037c2521b0c343ee0e9bb95f45fed10a61c83db552a8c372a1,3ae5bf122f8bade926eb20eaf5d58198541d48e803abedafaf83877b3076e15f,0.97514663930712786,0.024853360692872084,122.83647559019832,0.43396588737540831,True,False,,,False,,observed_profile_hessian,68,3.7884285414400001,68,1.0000000000000001e-05,0,10949a905344481752ae968a56c9f3ac05a0a00075ae033eca680077d5274de2,683e7a2d3d87ebe23f107a072586a9668d80822fee893f00853835ea14acf1eb,"[{""attempt"": 0, ""tolerance"": 2e-07, ""free_valid"": true, ""free_nll"": 32.97150121801937, ""free_score"": 4.54081217071689e-14, ""sigma"": 5358.164917142354}]",1,32.97150121801937,4.5408121707168903e-14,112925.40849520086,112833.30781213558,newton
calibration,nominal,0.10000000000000001,92,35,8,12878.899874367893,1609.8624842959866,14530.898088485275,1616.782568456769,1.0217813120624049,,,,12983,12983,12642,341,0,b68c0c2534fe361e27d9b1266e100fcdc58b7191e23ca5bf6c0176206d171b3f,0f774ac8f8b299264bb90e60638372473cad98a664f0e80d4f9eb18a9938ff05,ecfc955a2253fd1ac28991f1b8ab48d7ca4dc7d0960a7c14567fe3d68070abb7,378c778b73730c037c2521b0c343ee0e9bb95f45fed10a61c83db552a8c372a1,3ae5bf122f8bade926eb20eaf5d58198541d48e803abedafaf83877b3076e15f,0.97514663930712786,0.024853360692872084,122.83647559019832,0.43396588737540831,True,False,,,False,,observed_profile_hessian,68,3.7884285414400001,68,9.9999999999999995e-07,0,f8303fb2d001236961791c137a38e32f126482113f2db62379b807ba84e76af7,1157bbc0c7617de44896a52abcdb9adedb16c3d2ff51c40c03436d79ade2a3ad,"[{""attempt"": 0, ""tolerance"": 2e-07, ""free_valid"": true, ""free_nll"": 38.173560479641104, ""free_score"": 3.9587999545176444e-11, ""sigma"": 1616.782568456769}]",1,38.173560479641104,3.9587999545176444e-11,11307.006636225195,11273.758382647256,newton
calibration,nominal,1,92,35,8,42820.015165030993,5352.5018956288741,44626.392192165898,5359.1021694127758,0.33706710005359719,,,,42744,42744,41697,1047,0,d9177aa902d42902e69eec1bbf43b59b35c687703df1e3dc568e9156aa51d469,210140774f2aca94e5940fa047bc7c70a9162b69ce516039af05f925c205bde1,0837a145336e9e101365e3a8c08c6f389ac23b3f32532540109b8fd6e5b7ee1b,378c778b73730c037c2521b0c343ee0e9bb95f45fed10a61c83db552a8c372a1,3ae5bf122f8bade926eb20eaf5d58198541d48e803abedafaf83877b3076e15f,0.97514663930712786,0.024853360692872084,122.83647559019832,0.43396588737540831,True,False,,,False,,observed_profile_hessian,68,3.7884285414400001,68,1.0000000000000001e-05,0,ae55cd57d5ce279ea0a534cf7972b6452071b16368f9abe93b19774dfa72b4cd,d48ea2e435058cca5df92d63fe8311bcd15bfcb308737cd70b2f166afeb156c8,"[{""attempt"": 0, ""tolerance"": 2e-07, ""free_valid"": true, ""free_nll"": 32.432629310547725, ""free_score"": 3.0309088572266774e-14, ""sigma"": 5359.102169412776}]",1,32.432629310547725,3.0309088572266774e-14,112941.954361146,112839.84438866952,newton
calibration,nominal,0.10000000000000001,92,36,0,0,1609.8624842959866,663.84002616119972,1609.2786312072481,0.41250782387087342,,,,0,0,0,0,0,4030e195b3a11b0bcf50b61fae00a9f9e0e085d0b5cc86e792270c586d8dc614,4030e195b3a11b0bcf50b61fae00a9f9e0e085d0b5cc86e792270c586d8dc614,f440d6087e5a50c4aef861dbe0f0dd7752e43e8d6fb7b0a6393f704d359bba12,378c778b73730c037c2521b0c343ee0e9bb95f45fed10a61c83db552a8c372a1,3ae5bf122f8bade926eb20eaf5d58198541d48e803abedafaf83877b3076e15f,0.97514663930712786,0.024853360692872084,122.83647559019832,0.43396588737540831,True,False,,,False,,observed_profile_hessian,68,3.7884285414400001,68,9.9999999999999995e-07,0,296c5671c7e169c57cdfe4dd1a3bf41ff14a8ff6dbcd1ae7f9d2c40fcd179f89,c1204437e2d52bf020523020876db99b81a11902897d14721cab42f48b2cb78a,"[{""attempt"": 0, ""tolerance"": 2e-07, ""free_valid"": true, ""free_nll"": 33.559312349062786, ""free_score"": 8.458625327945057e-10, ""sigma"": 1609.278631207248}]",1,33.559312349062786,8.4586253279450574e-10,11296.351430759138,11294.832493568154,newton
calibration,nominal,1,92,36,0,0,5352.5018956288741,140.64257021053342,5355.040675865941,0.026263585792052027,,,,0,0,0,0,0,dbe90b4afe7f8c99f93de0f0ec11e674191386469bff9564cf018a7abc2e3bed,dbe90b4afe7f8c99f93de0f0ec11e674191386469bff9564cf018a7abc2e3bed,f440d6087e5a50c4aef861dbe0f0dd7752e43e8d6fb7b0a6393f704d359bba12,378c778b73730c037c2521b0c343ee0e9bb95f45fed10a61c83db552a8c372a1,3ae5bf122f8bade926eb20eaf5d58198541d48e803abedafaf83877b3076e15f,0.97514663930712786,0.024853360692872084,122.83647559019832,0.43396588737540831,True,False,,,False,,observed_profile_hessian,68,3.7884285414400001,68,1.0000000000000001e-05,0,76c3a3fbd6436cfb7f32237ecedac2e2fc54ea29a978e718be92d4a8cf18ad9b,9cdfdd6671ff1211c82edcdbc5172821dbedb5c4993e28c1c0e7b3818ee48c7d,"[{""attempt"": 0, ""tolerance"": 2e-07, ""free_valid"": true, ""free_nll"": 34.87131811081471, ""free_score"": 4.6171944045880764e-10, ""sigma"": 5355.040675865941}]",1,34.871318110814713,4.6171944045880764e-10,112897.34431467312,112897.02250938553,newton
calibration,nominal,0.10000000000000001,92,36,1,1609.8624842959866,1609.8624842959866,2322.9785863425168,1610.2917476858381,0.44284900737481542,,,,1602,1602,1563,39,0,4030e195b3a11b0bcf50b61fae00a9f9e0e085d0b5cc86e792270c586d8dc614,4cc7d1d221698cdbd8c4a516ab92cd5aa38e5c6a63b8c4e7d2f029050dcf1299,b550ae9357bc959d4220b9ffd7d760de8ddcfb33eba651feac72db082644077f,378c778b73730c037c2521b0c343ee0e9bb95f45fed10a61c83db552a8c372a1,3ae5bf122f8bade926eb20eaf5d58198541d48e803abedafaf83877b3076e15f,0.97514663930712786,0.024853360692872084,122.83647559019832,0.43396588737540831,True,False,,,False,,observed_profile_hessian,68,3.7884285414400001,68,9.9999999999999995e-07,0,10d680ece1b3ca0d05dc074a1d0f4774db2ddf812502a16039928ef2af53fcf6,941bc47e3f19841ba539164986bc3157b5572813c80112dace5efcb4bcef6f0d,"[{""attempt"": 0, ""tolerance"": 2e-07, ""free_valid"": true, ""free_nll"": 33.22279523371759, ""free_score"": 1.0020942033117652e-07, ""sigma"": 1610.2917476858381}]",1,33.222795233717591,1.0020942033117652e-07,11300.195969305527,11294.880745110537,newton
calibration,nominal,1,92,36,1,5352.5018956288741,5352.5018956288741,5152.7671916785666,5356.0881057517572,-0.037291153544658423,,,,5178,5178,5051,127,0,dbe90b4afe7f8c99f93de0f0ec11e674191386469bff9564cf018a7abc2e3bed,5674ced25eea8cf705b5b038c936b8a1e388de8828bbe581d478667281d5eaed,b2de1e159feb9763672f340aa52ccdedb25802ac2b625678d891b2666b2642fb,378c778b73730c037c2521b0c343ee0e9bb95f45fed10a61c83db552a8c372a1,3ae5bf122f8bade926eb20eaf5d58198541d48e803abedafaf83877b3076e15f,0.97514663930712786,0.024853360692872084,122.83647559019832,0.43396588737540831,True,False,,,False,,observed_profile_hessian,68,3.7884285414400001,68,1.0000000000000001e-05,0,696ce8b1d18bbf8a0acd893740472e0ac9dee8fc94ec93048782f3d2d56ca7d8,f836bdad89116a3397f1b8d949bf39becc4cd4663e122a9308035b5b5ac0de4d,"[{""attempt"": 0, ""tolerance"": 2e-07, ""free_valid"": true, ""free_nll"": 34.91849075630581, ""free_score"": 7.713163441280813e-12, ""sigma"": 5356.088105751757}]",1,34.918490756305808,7.7131634412808125e-12,112911.2342497458,112899.44416566609,newton
calibration,nominal,0.10000000000000001,92,36,2,3219.7249685919733,1609.8624842959866,3599.5217317244619,1611.2410799116037,0.23571690659309974,,,,3140,3140,3045,95,0,4030e195b3a11b0bcf50b61fae00a9f9e0e085d0b5cc86e792270c586d8dc614,a2ba9fed22199034e37dacba48c50e738118d482743a4e7f52b3c6258e94aa20,8c48b089f297d805a27fc4989562694df6176727f0e458c4769d285b4d0d5ae6,378c778b73730c037c2521b0c343ee0e9bb95f45fed10a61c83db552a8c372a1,3ae5bf122f8bade926eb20eaf5d58198541d48e803abedafaf83877b3076e15f,0.97514663930712786,0.024853360692872084,122.83647559019832,0.43396588737540831,True,False,,,False,,observed_profile_hessian,68,3.7884285414400001,68,9.9999999999999995e-07,0,c424df951254d193bf943dada8ab93b06e5b8846043ec9481ba5084d4438aea8,6218e6d51c4a8260abd9060b8c347f5632c63c2c4fcc0f426f8789d14fc3d4e2,"[{""attempt"": 0, ""tolerance"": 2e-07, ""free_valid"": true, ""free_nll"": 34.21607682242294, ""free_score"": 1.671753013798849e-14, ""sigma"": 1611.2410799116037}]",1,34.216076822422941,1.671753013798849e-14,11305.017354937347,11296.781263089002,newton
calibration,nominal,1,92,36,2,10705.003791257748,5352.5018956288741,10236.772649931363,5357.1602834674304,-0.087402862066938522,,,,10569,10569,10301,268,0,dbe90b4afe7f8c99f93de0f0ec11e674191386469bff9564cf018a7abc2e3bed,a5247f896eb10f55346096079a5ac9cf1f643ebeb6d901cf8027a685f321860b,fc79b36c8bce8cdb46ced565edf0548c35b45bb10e30e60be5b0f4632a2d49bf,378c778b73730c037c2521b0c343ee0e9bb95f45fed10a61c83db552a8c372a1,3ae5bf122f8bade926eb20eaf5d58198541d48e803abedafaf83877b3076e15f,0.97514663930712786,0.024853360692872084,122.83647559019832,0.43396588737540831,True,False,,,False,,observed_profile_hessian,68,3.7884285414400001,68,1.0000000000000001e-05,0,a9fbaf137706a493119b074222d8b9d41acdd66beb90291b6f83aa0fc93e6edb,e7cc26c38578ae687e8021ee406f445d9ec92a2d363b6514d2e69916e13b6fe9,"[{""attempt"": 0, ""tolerance"": 2e-07, ""free_valid"": true, ""free_nll"": 34.844030415099596, ""free_score"": 1.8162944481758814e-09, ""sigma"": 5357.16028346743}]",1,34.844030415099596,1.8162944481758814e-09,112925.7918468701,112902.3690129329,newton
calibration,nominal,0.10000000000000001,92,36,3,4829.5874528879594,1609.8624842959866,5270.4732294355563,1612.2016951611372,0.27346812614753574,,,,4768,4768,4653,115,0,4030e195b3a11b0bcf50b61fae00a9f9e0e085d0b5cc86e792270c586d8dc614,3bcac49afa9f88ed1d7cbc1241abc45b33977421c48c8211b614492674cc766b,6ecabfec2caa2047e609f8a7c972bffb45d90679d6ca024e197e225403c28af2,378c778b73730c037c2521b0c343ee0e9bb95f45fed10a61c83db552a8c372a1,3ae5bf122f8bade926eb20eaf5d58198541d48e803abedafaf83877b3076e15f,0.97514663930712786,0.024853360692872084,122.83647559019832,0.43396588737540831,True,False,,,False,,observed_profile_hessian,68,3.7884285414400001,68,9.9999999999999995e-07,0,f357ec8e9d9aefb94f721a4b4a8b075455233a8a246d05e45658e81c434afdc2,1c4eee594c0497caa9194d552d475f9b7796c992217b8dbb9603fb3ecbc95079,"[{""attempt"": 0, ""tolerance"": 2e-07, ""free_valid"": true, ""free_nll"": 32.53998118059009, ""free_score"": 3.3469754745496516e-14, ""sigma"": 1612.2016951611372}]",1,32.53998118059009,3.3469754745496516e-14,11309.207890709051,11297.148482588444,newton
calibration,nominal,1,92,36,3,16057.505686886623,5352.5018956288741,15659.847520494866,5358.2337207987184,-0.074214412269511906,,,,15922,15922,15514,408,0,dbe90b4afe7f8c99f93de0f0ec11e674191386469bff9564cf018a7abc2e3bed,0fb2892594f60c1325dbe4b76da7523d4030fc9bb8efddf71f04639c45c36089,06b486b07960c64190f5174c53610165e309d9a7dd4e5d2c8b1be1a44e79b052,378c778b73730c037c2521b0c343ee0e9bb95f45fed10a61c83db552a8c372a1,3ae5bf122f8bade926eb20eaf5d58198541d48e803abedafaf83877b3076e15f,0.97514663930712786,0.024853360692872084,122.83647559019832,0.43396588737540831,True,False,,,False,,observed_profile_hessian,68,3.7884285414400001,68,1.0000000000000001e-05,0,30f0400566cc3dd66850f4f2dd1c1b9cf0aa97674eb3e64585dccb337e68f197,e29f9c8ede40dd19c6a837ae9752e422f67b80a8f10a6a1e1cde5902be24afd7,"[{""attempt"": 0, ""tolerance"": 2e-07, ""free_valid"": true, ""free_nll"": 34.528202904165155, ""free_score"": 2.12464768001297e-08, ""sigma"": 5358.233720798718}]",1,34.528202904165155,2.1246476800129699e-08,112939.07321606889,112903.24180508641,newton
calibration,nominal,0.10000000000000001,92,36,4,6439.4499371839465,1609.8624842959866,6739.8382880348499,1613.1668221750442,0.18621034521766799,,,,6352,6352,6189,163,0,4030e195b3a11b0bcf50b61fae00a9f9e0e085d0b5cc86e792270c586d8dc614,5d0326ce89f870d557c72ce1aba0a7e2712673b1d55b4286d6ede2db3254b8bf,b453093369600dd4dd2eafaaee09c806ddebcf50f37b7eba654acce95780aa89,378c778b73730c037c2521b0c343ee0e9bb95f45fed10a61c83db552a8c372a1,3ae5bf122f8bade926eb20eaf5d58198541d48e803abedafaf83877b3076e15f,0.97514663930712786,0.024853360692872084,122.83647559019832,0.43396588737540831,True,False,,,False,,observed_profile_hessian,68,3.7884285414400001,68,9.9999999999999995e-07,0,e6b1d7e883c15c11acde658c229e61349754248b71e5e4555619f3368555d8b4,612fa6f885c037f23d0bd002590af4317ad385a25b532c650ec0c891550f3890,"[{""attempt"": 0, ""tolerance"": 2e-07, ""free_valid"": true, ""free_nll"": 33.09417448071505, ""free_score"": 4.754530102957233e-14, ""sigma"": 1613.1668221750442}]",1,33.094174480715047,4.7545301029572329e-14,11313.276491869925,11297.855018874221,newton
calibration,nominal,1,92,36,4,21410.007582515496,5352.5018956288741,20616.412379104633,5359.2957207786194,-0.14807826340576827,,,,21249,21249,20672,577,0,dbe90b4afe7f8c99f93de0f0ec11e674191386469bff9564cf018a7abc2e3bed,37a0d8fc776daaace61da6cd517527b3c16bb98f2b1235ce28fccadea0a46501,d60dc95190b0949fceb96ae94e945fdf693d4a6b48bdf6be63e9b5af979e870b,378c778b73730c037c2521b0c343ee0e9bb95f45fed10a61c83db552a8c372a1,3ae5bf122f8bade926eb20eaf5d58198541d48e803abedafaf83877b3076e15f,0.97514663930712786,0.024853360692872084,122.83647559019832,0.43396588737540831,True,False,,,False,,observed_profile_hessian,68,3.7884285414400001,68,1.0000000000000001e-05,0,77b504f00fea6b2ae87eb6ec974c4825edba6b0e1d026f022740ab43ba327e27,8f6f1bc1211c455174821e96321411391e87ca0d42f98ca66424e2bd2f5fb73a,"[{""attempt"": 0, ""tolerance"": 2e-07, ""free_valid"": true, ""free_nll"": 34.826007216158885, ""free_score"": 9.06928863120271e-08, ""sigma"": 5359.295720778619}]",1,34.826007216158885,9.0692886312027099e-08,112953.59594691533,112906.4233838381,newton
calibration,nominal,0.10000000000000001,92,36,5,8049.3124214799336,1609.8624842959866,8548.721318056565,1614.2087866389718,0.30938308644476942,,,,8062,8062,7848,214,0,4030e195b3a11b0bcf50b61fae00a9f9e0e085d0b5cc86e792270c586d8dc614,6998fe67f0b8b297ced5fb270a3ebed1dd50abb648fdcb2b05042e50c0022c3e,c94b7c82a1373bc068675fe21cedb237c6d827e17f583841dc99d54538a66ac7,378c778b73730c037c2521b0c343ee0e9bb95f45fed10a61c83db552a8c372a1,3ae5bf122f8bade926eb20eaf5d58198541d48e803abedafaf83877b3076e15f,0.97514663930712786,0.024853360692872084,122.83647559019832,0.43396588737540831,True,False,,,False,,observed_profile_hessian,68,3.7884285414400001,68,9.9999999999999995e-07,0,0c8cb3b0b475548ed838c5d55e008844ae05207797d0c2190fcf9de513fbcc56,0e817efb0f042d9049b3be6a398f8cf62f33637daf052a59d2b80ded6a454e37,"[{""attempt"": 0, ""tolerance"": 2e-07, ""free_valid"": true, ""free_nll"": 33.03243605822942, ""free_score"": 2.852856839652418e-13, ""sigma"": 1614.2087866389718}]",1,33.032436058229422,2.8528568396524179e-13,11317.234984885114,11297.674593475092,newton
calibration,nominal,1,92,36,5,26762.509478144369,5352.5018956288741,26220.164416405136,5360.3790011307537,-0.10117662606036398,,,,26726,26726,26093,633,0,dbe90b4afe7f8c99f93de0f0ec11e674191386469bff9564cf018a7abc2e3bed,5ffbc0c3677e8418abdfd0f4eb16269161842d8aa0c7d942843bcf3ac6ad214c,af9bfb37b025a82acfdd411f4eb335e13853224af756a2f7785db80c60413ef5,378c778b73730c037c2521b0c343ee0e9bb95f45fed10a61c83db552a8c372a1,3ae5bf122f8bade926eb20eaf5d58198541d48e803abedafaf83877b3076e15f,0.97514663930712786,0.024853360692872084,122.83647559019832,0.43396588737540831,True,False,,,False,,observed_profile_hessian,68,3.7884285414400001,68,1.0000000000000001e-05,0,9e46d2469fee7494fb435c4cd875e8c53153ac2052c2432db90a76028459012d,5b2e69a166486321591ef4233d558e89fa62c6b82ca5f3434721b02b6b9f4c6b,"[{""attempt"": 0, ""tolerance"": 2e-07, ""free_valid"": true, ""free_nll"": 34.58791116638004, ""free_score"": 2.9531932455029164e-14, ""sigma"": 5360.379001130754}]",1,34.587911166380039,2.9531932455029164e-14,112966.6201380804,112906.62558921883,newton
calibration,nominal,0.10000000000000001,92,36,6,9659.1749057759189,1609.8624842959866,9869.5563095896359,1615.1069235905738,0.13025849913763868,,,,9521,9521,9273,248,0,4030e195b3a11b0bcf50b61fae00a9f9e0e085d0b5cc86e792270c586d8dc614,d484637880b75be5be793008fbcb7e57a3f559214235316e12a8c8adc172f985,639fa5984641d76100e5331cbf7b77927f560a216f05431e5de1c8fb81bac222,378c778b73730c037c2521b0c343ee0e9bb95f45fed10a61c83db552a8c372a1,3ae5bf122f8bade926eb20eaf5d58198541d48e803abedafaf83877b3076e15f,0.97514663930712786,0.024853360692872084,122.83647559019832,0.43396588737540831,True,False,,,False,,observed_profile_hessian,68,3.7884285414400001,68,9.9999999999999995e-07,0,693da71062dd2897b581cfc5e3ec737f5444dc011af040b0c275a71b43a2f865,6b2d2f3689b93906d42bf4a3c1b658a85a6e7d3fcf82aebcdc7394d86367e6f8,"[{""attempt"": 0, ""tolerance"": 2e-07, ""free_valid"": true, ""free_nll"": 33.318546413721954, ""free_score"": 9.173078963087278e-13, ""sigma"": 1615.1069235905738}]",1,33.318546413721954,9.1730789630872778e-13,11321.073857642759,11298.491254084138,newton
calibration,nominal,1,92,36,6,32115.011373773246,5352.5018956288741,31231.935644145608,5361.4606568672307,-0.16470804994093366,,,,32156,32156,31391,765,0,dbe90b4afe7f8c99f93de0f0ec11e674191386469bff9564cf018a7abc2e3bed,0395fb9dbfb7e76116118456fd20be9e41638718e4af799393b343bf5862762f,46aeb02c23af3d84d29e5bd61089a191a9cdc42021af001aaaed3b980bb6c5b1,378c778b73730c037c2521b0c343ee0e9bb95f45fed10a61c83db552a8c372a1,3ae5bf122f8bade926eb20eaf5d58198541d48e803abedafaf83877b3076e15f,0.97514663930712786,0.024853360692872084,122.83647559019832,0.43396588737540831,True,False,,,False,,observed_profile_hessian,68,3.7884285414400001,68,1.0000000000000001e-05,0,2587d0e3771612db40ca0faa8cf3965e5038bfa7740efbf87ead404540ddfabc,0ca9531f14a3b957eaa5cfaef172e944d2a0a2fc36d84fb0885e1d7e593cfc10,"[{""attempt"": 0, ""tolerance"": 2e-07, ""free_valid"": true, ""free_nll"": 35.16317184560123, ""free_score"": 1.305622276959184e-13, ""sigma"": 5361.460656867231}]",1,35.163171845601227,1.3056222769591841e-13,112979.8253635843,112908.36334453337,newton
calibration,nominal,0.10000000000000001,92,36,7,11269.037390071906,1609.8624842959866,11643.259264566255,1616.141443737074,0.23155267501155086,,,,11241,11241,10954,287,0,4030e195b3a11b0bcf50b61fae00a9f9e0e085d0b5cc86e792270c586d8dc614,1d4f3ffe71c8bbf74e84496a4fb3b0ac3794849867e665085d075afc79a2eef8,8c36b5463dfeabb4a896114cd3063a02f0b37a8b275affd8b33ec96bbd5e7af8,378c778b73730c037c2521b0c343ee0e9bb95f45fed10a61c83db552a8c372a1,3ae5bf122f8bade926eb20eaf5d58198541d48e803abedafaf83877b3076e15f,0.97514663930712786,0.024853360692872084,122.83647559019832,0.43396588737540831,True,False,,,False,,observed_profile_hessian,68,3.7884285414400001,68,9.9999999999999995e-07,0,bf9e93f7687d5e1f29fa5b3e041fa783d9403a0f4127d92dd3871e25ffa86f3b,457f561edfa393bb2d1104b3e9d6e9191edd61d3625daea17e2a069dc768c34b,"[{""attempt"": 0, ""tolerance"": 2e-07, ""free_valid"": true, ""free_nll"": 33.041234647266535, ""free_score"": 3.357120137437164e-12, ""sigma"": 1616.141443737074}]",1,33.041234647266535,3.357120137437164e-12,11325.471923716927,11298.830897529511,newton
calibration,nominal,1,92,36,7,37467.513269402116,5352.5018956288741,36487.676992380882,5362.4690793464624,-0.18272110524516974,,,,37280,37280,36379,901,0,dbe90b4afe7f8c99f93de0f0ec11e674191386469bff9564cf018a7abc2e3bed,9b0b9ccd58930b84f744653f8731b2bce7080d529468881cb384797856b3b804,717fca9ebc003bd96db6ab9e0b4172f7696d62b2e9e789ed782c481c81d5054b,378c778b73730c037c2521b0c343ee0e9bb95f45fed10a61c83db552a8c372a1,3ae5bf122f8bade926eb20eaf5d58198541d48e803abedafaf83877b3076e15f,0.97514663930712786,0.024853360692872084,122.83647559019832,0.43396588737540831,True,False,,,False,,observed_profile_hessian,68,3.7884285414400001,68,1.0000000000000001e-05,0,3a0aa33e08238df18b55d415b59a55ea9bd950007a250d2e2ae6b4941bd20b67,6a7cb4cb3149fe611f972a30cd3c6c03fa1e03acfb906efdbce1837f9d8b44e5,"[{""attempt"": 0, ""tolerance"": 2e-07, ""free_valid"": true, ""free_nll"": 34.9235275309266, ""free_score"": 3.164135620181696e-14, ""sigma"": 5362.469079346462}]",1,34.923527530926599,3.1641356201816961e-14,112994.07671053258,112910.58899148554,newton
calibration,nominal,0.10000000000000001,92,36,8,12878.899874367893,1609.8624842959866,13220.646690525205,1617.1021633068378,0.21133285447993524,,,,12808,12808,12488,320,0,4030e195b3a11b0bcf50b61fae00a9f9e0e085d0b5cc86e792270c586d8dc614,1421365594147b20ffd90c420b670d1bb50b4574ce55aa246b450ed24eb5045f,0613c1549a7c0516670da045b93a4b4f33a0f9fa5c3ae0e6e01e63d24f4eaa33,378c778b73730c037c2521b0c343ee0e9bb95f45fed10a61c83db552a8c372a1,3ae5bf122f8bade926eb20eaf5d58198541d48e803abedafaf83877b3076e15f,0.97514663930712786,0.024853360692872084,122.83647559019832,0.43396588737540831,True,False,,,False,,observed_profile_hessian,68,3.7884285414400001,68,9.9999999999999995e-07,0,e7697b2ea4067703a8278beb066e59c9351cc9c922d2a086d431c6bf2e72c15d,a41f31ea29ffb931e54f4816afa7115a43a7019bf9130c2ee8e520df6cb3e0bb,"[{""attempt"": 0, ""tolerance"": 2e-07, ""free_valid"": true, ""free_nll"": 32.554387591730304, ""free_score"": 8.9964147242938e-12, ""sigma"": 1617.1021633068378}]",1,32.554387591730304,8.9964147242937997e-12,11329.056233598973,11298.805975772222,newton
calibration,nominal,1,92,36,8,42820.015165030993,5352.5018956288741,41518.100565233261,5363.525827858256,-0.24273484300859757,,,,42516,42516,41507,1009,0,dbe90b4afe7f8c99f93de0f0ec11e674191386469bff9564cf018a7abc2e3bed,5455a4afb4b7063262ec6c8c4f7c6aa4fa717e91603192702346b2589bf845fa,a83a3e436b1bb0295936fc763f9c4af26beccc010ad775b9fe774fe0dc65d65e,378c778b73730c037c2521b0c343ee0e9bb95f45fed10a61c83db552a8c372a1,3ae5bf122f8bade926eb20eaf5d58198541d48e803abedafaf83877b3076e15f,0.97514663930712786,0.024853360692872084,122.83647559019832,0.43396588737540831,True,False,,,False,,observed_profile_hessian,68,3.7884285414400001,68,1.0000000000000001e-05,0,63c0f1b52d5c73f2abef811cdd9605645ee832e54ab17c47a10a400baea627af,e93e9f828f2ba4e301a4464025492fc08245a44f6d3f3dba65d1452066868f45,"[{""attempt"": 0, ""tolerance"": 2e-07, ""free_valid"": true, ""free_nll"": 34.35543897587334, ""free_score"": 6.328271240363392e-15, ""sigma"": 5363.525827858256}]",1,34.355438975873341,6.3282712403633923e-15,113007.08645030011,112912.08858249721,newton
calibration,nominal,0.10000000000000001,92,37,0,0,1609.8624842959866,2108.8121779645285,1609.4125050567952,1.3102993616233334,,,,0,0,0,0,0,d9e5f4ebce5153531e4f15ddff32e67638eb20cdbf62a3c0e54a8823d5fae361,d9e5f4ebce5153531e4f15ddff32e67638eb20cdbf62a3c0e54a8823d5fae361,f440d6087e5a50c4aef861dbe0f0dd7752e43e8d6fb7b0a6393f704d359bba12,378c778b73730c037c2521b0c343ee0e9bb95f45fed10a61c83db552a8c372a1,3ae5bf122f8bade926eb20eaf5d58198541d48e803abedafaf83877b3076e15f,0.97514663930712786,0.024853360692872084,122.83647559019832,0.43396588737540831,True,False,,,False,,observed_profile_hessian,68,3.7884285414400001,68,9.9999999999999995e-07,0,a0c2b348ad5af9753e65e5d6cebba5bf0e016f1addfd6ac76e6b77064a77b71d,1be77f02fe8740d527fd2ae1af49fb85b7e2c42fac6b172e6122b4381ee25bcb,"[{""attempt"": 0, ""tolerance"": 2e-07, ""free_valid"": true, ""free_nll"": 32.7748670027992, ""free_score"": 4.5630166312093934e-14, ""sigma"": 1609.4125050567952}]",1,32.774867002799198,4.5630166312093934e-14,11282.023393572959,11277.198205094295,newton
calibration,nominal,1,92,37,0,0,5352.5018956288741,4852.7748812286418,5352.7969695180909,0.90658676367946278,,,,0,0,0,0,0,9dc61a6d94c15fd4ba2b3c7614b93794c636f08db283d8808f1b8fab4748501b,9dc61a6d94c15fd4ba2b3c7614b93794c636f08db283d8808f1b8fab4748501b,f440d6087e5a50c4aef861dbe0f0dd7752e43e8d6fb7b0a6393f704d359bba12,378c778b73730c037c2521b0c343ee0e9bb95f45fed10a61c83db552a8c372a1,3ae5bf122f8bade926eb20eaf5d58198541d48e803abedafaf83877b3076e15f,0.97514663930712786,0.024853360692872084,122.83647559019832,0.43396588737540831,True,False,,,False,,observed_profile_hessian,68,3.7884285414400001,68,1.0000000000000001e-05,0,8db2987a98ab3b57da0a2a9e58b21649a47e435da66b088fff9babe8f9a1b3ca,e507f8dc2026476ab201be93cf63ce1e7d32d71b125db1ff0f79ec15850c7126,"[{""attempt"": 0, ""tolerance"": 2e-07, ""free_valid"": true, ""free_nll"": 21.430016485003833, ""free_score"": 3.6636860212269085e-10, ""sigma"": 5352.796969518091}]",1,21.430016485003833,3.6636860212269085e-10,112895.44864500739,112884.34497551461,newton
calibration,nominal,0.10000000000000001,92,37,1,1609.8624842959866,1609.8624842959866,3705.977853308264,1610.3858732123654,1.3016230481648405,,,,1591,1591,1549,42,0,d9e5f4ebce5153531e4f15ddff32e67638eb20cdbf62a3c0e54a8823d5fae361,c48240966b65817f896e9faa53044d39f9c07bf4a4edfb873c37b76b3e716f2f,43fc1f2f746d9cc00174dfac4dce76a7bb750ac3d225cca25c56d29d431309a4,378c778b73730c037c2521b0c343ee0e9bb95f45fed10a61c83db552a8c372a1,3ae5bf122f8bade926eb20eaf5d58198541d48e803abedafaf83877b3076e15f,0.97514663930712786,0.024853360692872084,122.83647559019832,0.43396588737540831,True,False,,,False,,observed_profile_hessian,68,3.7884285414400001,68,9.9999999999999995e-07,0,a30f18e59f373083e61640d854e39bd2bacb6acd6a77f062dea961077f4362d4,19bb10bb70ff6fb718174b0fae7f79a73a0529129aa246d3d4aa3d00b0eabd96,"[{""attempt"": 0, ""tolerance"": 2e-07, ""free_valid"": true, ""free_nll"": 32.79181414226469, ""free_score"": 9.103828801926284e-15, ""sigma"": 1610.3858732123654}]",1,32.791814142264691,9.1038288019262836e-15,11285.899447832902,11277.419772958665,newton
calibration,nominal,1,92,37,1,5352.5018956288741,5352.5018956288741,10043.766363700699,5353.8429912596375,0.87624244411547025,,,,5280,5280,5161,119,0,9dc61a6d94c15fd4ba2b3c7614b93794c636f08db283d8808f1b8fab4748501b,bdaa886be3fe44b85cb4e46ce77c05aae6e89195f6da3d808bf85018b7c39a2f,85e2cf142e984899a9e16b22110b6e1ad7dfa6d541aa60ba008f218533683596,378c778b73730c037c2521b0c343ee0e9bb95f45fed10a61c83db552a8c372a1,3ae5bf122f8bade926eb20eaf5d58198541d48e803abedafaf83877b3076e15f,0.97514663930712786,0.024853360692872084,122.83647559019832,0.43396588737540831,True,False,,,False,,observed_profile_hessian,68,3.7884285414400001,68,1.0000000000000001e-05,0,1c60e519c31a7f60883b52d556339b3b62663d41cafec035b3c4b92436caf3a9,c5e26d9d481388c114e56f7f57bc69f5b545a5542fcf8996f87752e271416672,"[{""attempt"": 0, ""tolerance"": 2e-07, ""free_valid"": true, ""free_nll"": 21.505047803122803, ""free_score"": 9.468360789854913e-09, ""sigma"": 5353.8429912596375}]",1,21.505047803122803,9.4683607898549127e-09,112909.2119185194,112886.23070366921,newton
calibration,nominal,0.10000000000000001,92,37,2,3219.7249685919733,1609.8624842959866,5267.7413847258831,1611.3564896074386,1.27098902653928,,,,3174,3174,3107,67,0,d9e5f4ebce5153531e4f15ddff32e67638eb20cdbf62a3c0e54a8823d5fae361,bb0718b700cc1fa181bb1b08f84f73b072666db3461c2dd97151b747c7221820,c5a67b3696f1752f543ed22b20e27070e0382be335f4acfead57d8e099bd492c,378c778b73730c037c2521b0c343ee0e9bb95f45fed10a61c83db552a8c372a1,3ae5bf122f8bade926eb20eaf5d58198541d48e803abedafaf83877b3076e15f,0.97514663930712786,0.024853360692872084,122.83647559019832,0.43396588737540831,True,False,,,False,,observed_profile_hessian,68,3.7884285414400001,68,9.9999999999999995e-07,0,5bcdbf0df23b16369f89a05f0c5e3c36f79f9c740a3bc751073a0986d8caed04,66982e69829d589387229c843fb9b9799fcb93b5176465d0f72e8d542f74ace6,"[{""attempt"": 0, ""tolerance"": 2e-07, ""free_valid"": true, ""free_nll"": 32.629420275008975, ""free_score"": 6.494804694057166e-14, ""sigma"": 1611.3564896074386}]",1,32.629420275008975,6.4948046940571658e-14,11289.85975454923,11277.806597182365,newton
calibration,nominal,1,92,37,2,10705.003791257748,5352.5018956288741,15263.123374680936,5354.9280504182916,0.85120090139533011,,,,10634,10634,10377,257,0,9dc61a6d94c15fd4ba2b3c7614b93794c636f08db283d8808f1b8fab4748501b,82ac5ac524cb251c681d581cc75ac0179beb2ac57adfb12b06dc0f2e9a030685,83d0cd5e3363cd0c30872801c7fd9bf1ccef8f9b3fd05e0fb42f360c9296c77b,378c778b73730c037c2521b0c343ee0e9bb95f45fed10a61c83db552a8c372a1,3ae5bf122f8bade926eb20eaf5d58198541d48e803abedafaf83877b3076e15f,0.97514663930712786,0.024853360692872084,122.83647559019832,0.43396588737540831,True,False,,,False,,observed_profile_hessian,68,3.7884285414400001,68,1.0000000000000001e-05,0,9df26c508493d756b293e19c830d82e2e3dd886e21b5eb331e48a48bbccff094,01b1eea85910ee049a74d35d1137f6dd2f9c9bd57113925f94aa2a4203146bb9,"[{""attempt"": 0, ""tolerance"": 2e-07, ""free_valid"": true, ""free_nll"": 21.727330068232252, ""free_score"": 5.582313997165578e-08, ""sigma"": 5354.928050418292}]",1,21.727330068232252,5.5823139971655777e-08,112922.79788621949,112887.87422263982,newton
calibration,nominal,0.10000000000000001,92,37,3,4829.5874528879594,1609.8624842959866,6716.8608712536916,1612.4021837633695,1.1704731222583744,,,,4873,4873,4756,117,0,d9e5f4ebce5153531e4f15ddff32e67638eb20cdbf62a3c0e54a8823d5fae361,90f727709aa182f926900aaa01e2d30e78675a2003308e4b42e51645ecdbf329,4da91b891f7ad570001de9c06cc924c79a328c7051a7e9bbec69b829a280faaa,378c778b73730c037c2521b0c343ee0e9bb95f45fed10a61c83db552a8c372a1,3ae5bf122f8bade926eb20eaf5d58198541d48e803abedafaf83877b3076e15f,0.97514663930712786,0.024853360692872084,122.83647559019832,0.43396588737540831,True,False,,,False,,observed_profile_hessian,68,3.7884285414400001,68,9.9999999999999995e-07,0,ace4356bb6e0c2e14b626d5800201dc5b0d7a2ccff990d14c856e1fb3f18a996,03333c412baaf35483aa00425dcea4fda890667b57af6a96910a8ddaf661225c,"[{""attempt"": 0, ""tolerance"": 2e-07, ""free_valid"": true, ""free_nll"": 33.095717265783236, ""free_score"": 1.7696955012524995e-13, ""sigma"": 1612.4021837633695}]",1,33.095717265783236,1.7696955012524995e-13,11295.447489835648,11280.078591634361,newton
calibration,nominal,1,92,37,3,16057.505686886623,5352.5018956288741,20219.034352835672,5356.0009810329211,0.7769842986747334,,,,16017,16017,15616,401,0,9dc61a6d94c15fd4ba2b3c7614b93794c636f08db283d8808f1b8fab4748501b,37fb61875ae0e5f85b8579088623e1d2598f35b0d2e459f2b86ef8f159440caa,56049afc08718ea172f72a2e11469f1a4e80a513d6618d9e3cffc153c04c3f8b,378c778b73730c037c2521b0c343ee0e9bb95f45fed10a61c83db552a8c372a1,3ae5bf122f8bade926eb20eaf5d58198541d48e803abedafaf83877b3076e15f,0.97514663930712786,0.024853360692872084,122.83647559019832,0.43396588737540831,True,False,,,False,,observed_profile_hessian,68,3.7884285414400001,68,1.0000000000000001e-05,0,c7e3b64a4c0e0954eafc6209bf386a1c27cf72bac0d3b164d7461a1b20978086,4747d92f37901979db7f8f49d72504203953a4c21b3a24874a301f750dff54f3,"[{""attempt"": 0, ""tolerance"": 2e-07, ""free_valid"": true, ""free_nll"": 21.806962358369375, ""free_score"": 1.8540424920332477e-07, ""sigma"": 5356.000981032921}]",1,21.806962358369375,1.8540424920332477e-07,112938.09804204866,112891.83472252286,newton
calibration,nominal,0.10000000000000001,92,37,4,6439.4499371839465,1609.8624842959866,8439.102257217899,1613.3870222755065,1.2394126718669529,,,,6521,6521,6370,151,0,d9e5f4ebce5153531e4f15ddff32e67638eb20cdbf62a3c0e54a8823d5fae361,3f8445d85f4aad18a411229e14f07ca3439cdbd72599cfc6d1851a5cb2f7da4e,a65be606732b4fac16173d00378d16ffbade9e856debbd0190747bc9fd55f08b,378c778b73730c037c2521b0c343ee0e9bb95f45fed10a61c83db552a8c372a1,3ae5bf122f8bade926eb20eaf5d58198541d48e803abedafaf83877b3076e15f,0.97514663930712786,0.024853360692872084,122.83647559019832,0.43396588737540831,True,False,,,False,,observed_profile_hessian,68,3.7884285414400001,68,9.9999999999999995e-07,0,49f4909d035d0df30ed16518938a233bbf48043c1ef8cd44facc6f05082874f1,afd1e4ac3cf6eb88b287f098be8f558a76e42b7381ad4d5fa2ee3aff9fce0366,"[{""attempt"": 0, ""tolerance"": 2e-07, ""free_valid"": true, ""free_nll"": 33.40781655161, ""free_score"": 7.758238496080594e-13, ""sigma"": 1613.3870222755065}]",1,33.407816551609997,7.7582384960805939e-13,11299.194892437443,11279.885321197624,newton
calibration,nominal,1,92,37,4,21410.007582515496,5352.5018956288741,25583.822149866555,5357.0902408421452,0.77911970485957815,,,,21365,21365,20814,551,0,9dc61a6d94c15fd4ba2b3c7614b93794c636f08db283d8808f1b8fab4748501b,66ad4a60eade0393df4029b0eae0cc4d9e8a1d027c2f54ff9ac351a17e011a0f,b9e762e460e53e7438f5bccd00551ae6cc16209ab95c9eb5f0a065e280e8effc,378c778b73730c037c2521b0c343ee0e9bb95f45fed10a61c83db552a8c372a1,3ae5bf122f8bade926eb20eaf5d58198541d48e803abedafaf83877b3076e15f,0.97514663930712786,0.024853360692872084,122.83647559019832,0.43396588737540831,True,False,,,False,,observed_profile_hessian,68,3.7884285414400001,68,1.0000000000000001e-05,0,32cbfbe6081a3b5165edf6508fb1e1efa87b002db9df64556c06091aa111d04a,e164baeb6c122fe082a7e6faf00b43ecdba98ef9673afadadc45a7b01a1794c9,"[{""attempt"": 0, ""tolerance"": 2e-07, ""free_valid"": true, ""free_nll"": 21.880101167397914, ""free_score"": 9.792167077193881e-14, ""sigma"": 5357.090240842145}]",1,21.880101167397914,9.7921670771938807e-14,112951.72041237997,112893.18188288566,newton
calibration,nominal,0.10000000000000001,92,37,5,8049.3124214799336,1609.8624842959866,9775.3649470422934,1614.2972162257934,1.0692284594269752,,,,7977,7977,7757,220,0,d9e5f4ebce5153531e4f15ddff32e67638eb20cdbf62a3c0e54a8823d5fae361,ab616e2798a174bc3a8922d6a1503e449ccd0ebcbb9ac8b985ba70fea9238c2f,6e45675e0f1425c6d7f81d44e20ae678e4e6d95973a00f2ea0e7bd32468c2097,378c778b73730c037c2521b0c343ee0e9bb95f45fed10a61c83db552a8c372a1,3ae5bf122f8bade926eb20eaf5d58198541d48e803abedafaf83877b3076e15f,0.97514663930712786,0.024853360692872084,122.83647559019832,0.43396588737540831,True,False,,,False,,observed_profile_hessian,68,3.7884285414400001,68,9.9999999999999995e-07,0,c25907c1863133ef03b9f8ee29528cc82261d497f0734b607c30ce8235567283,2d8b35295801721d35be133b04d2951e4473ef1ca41a4aacc8efe91e5b228803,"[{""attempt"": 0, ""tolerance"": 2e-07, ""free_valid"": true, ""free_nll"": 31.40918254617598, ""free_score"": 2.1055379662016094e-12, ""sigma"": 1614.2972162257934}]",1,31.40918254617598,2.1055379662016094e-12,11303.281138667386,11280.914055050322,newton
calibration,nominal,1,92,37,5,26762.509478144369,5352.5018956288741,30411.744778119322,5358.1153268750058,0.68106695682179041,,,,26603,26603,25919,684,0,9dc61a6d94c15fd4ba2b3c7614b93794c636f08db283d8808f1b8fab4748501b,ff199850463c60f4c66280afea36874a7e84a087b712c1ed26e7c25625ae7805,70c00a4cb37f1dae8ae0dc0fa50dbfcbaae566fd81b8e0456309f931ff64c853,378c778b73730c037c2521b0c343ee0e9bb95f45fed10a61c83db552a8c372a1,3ae5bf122f8bade926eb20eaf5d58198541d48e803abedafaf83877b3076e15f,0.97514663930712786,0.024853360692872084,122.83647559019832,0.43396588737540831,True,False,,,False,,observed_profile_hessian,68,3.7884285414400001,68,1.0000000000000001e-05,0,6a1097054dcf01c1a5de43828ebc5217f66e714f31318bf5ce84e6e9980a6f87,dda5560b62dd1036cee3f662682012ce7fc55468435d24678181b2d80df93516,"[{""attempt"": 0, ""tolerance"": 2e-07, ""free_valid"": true, ""free_nll"": 21.68186382196199, ""free_score"": 6.553091402849986e-14, ""sigma"": 5358.115326875006}]",1,21.68186382196199,6.5530914028499865e-14,112965.90818788137,112896.32285351503,newton
calibration,nominal,0.10000000000000001,92,37,6,9659.1749057759189,1609.8624842959866,11394.662007431642,1615.3201852230459,1.0743920106564409,,,,9640,9640,9390,250,0,d9e5f4ebce5153531e4f15ddff32e67638eb20cdbf62a3c0e54a8823d5fae361,4490b4291385cd28172308bab7dbb3523de74e94fc2b8d7d9d1366ecd613937b,ec4b4d928dcade326fdbec66442be22ddc7c3a8ceacc5b6a58478e5ba75e4249,378c778b73730c037c2521b0c343ee0e9bb95f45fed10a61c83db552a8c372a1,3ae5bf122f8bade926eb20eaf5d58198541d48e803abedafaf83877b3076e15f,0.97514663930712786,0.024853360692872084,122.83647559019832,0.43396588737540831,True,False,,,False,,observed_profile_hessian,68,3.7884285414400001,68,9.9999999999999995e-07,0,616d6e96ba4aac80578f502ab4a85a5aa4e357cad9654b4b03fa486a1fe57528,c8e6ec757124900a16fad129f449003b51cb19d4242f9eae524a9142674ec91f,"[{""attempt"": 0, ""tolerance"": 2e-07, ""free_valid"": true, ""free_nll"": 33.53911788761547, ""free_score"": 6.369127447669598e-12, ""sigma"": 1615.3201852230459}]",1,33.539117887615468,6.369127447669598e-12,11307.922130139399,11281.849921143712,newton
calibration,nominal,1,92,37,6,32115.011373773246,5352.5018956288741,36277.572759432944,5359.267226343788,0.77670345774108562,,,,32345,32345,31504,841,0,9dc61a6d94c15fd4ba2b3c7614b93794c636f08db283d8808f1b8fab4748501b,3d61d63cbd9dcdfe30c6e838712d7b12581d28bc3aecb2f19c78579ff37adaa5,b10892985c68c48f349a7b37d0f746fd449f4b23ce800b6f9799900708f283db,378c778b73730c037c2521b0c343ee0e9bb95f45fed10a61c83db552a8c372a1,3ae5bf122f8bade926eb20eaf5d58198541d48e803abedafaf83877b3076e15f,0.97514663930712786,0.024853360692872084,122.83647559019832,0.43396588737540831,True,False,,,False,,observed_profile_hessian,68,3.7884285414400001,68,1.0000000000000001e-05,0,c4bbdb0ec0f89f434ed218ff8537894a1146de732367303a632866a3e80beeda,d6939c8bbdc50fa1486d3dd02e5a8654db2f24a8500f20a7b89a99209f494e59,"[{""attempt"": 0, ""tolerance"": 2e-07, ""free_valid"": true, ""free_nll"": 21.54496388421741, ""free_score"": 1.5470957848151556e-13, ""sigma"": 5359.267226343788}]",1,21.54496388421741,1.5470957848151556e-13,112979.7962847507,112896.78930672685,newton
calibration,nominal,0.10000000000000001,92,37,7,11269.037390071906,1609.8624842959866,13236.580181339768,1616.3532551948158,1.2172727619685577,,,,11367,11367,11073,294,0,d9e5f4ebce5153531e4f15ddff32e67638eb20cdbf62a3c0e54a8823d5fae361,4c7d158e919b779ebcd7f7ba8bcb32f1bd25247a8cf1082cd4d0a3b4768a3628,b74c28e7007bae91c7eab60700556c3cefc674dc9c6970898c5fd9628083ecea,378c778b73730c037c2521b0c343ee0e9bb95f45fed10a61c83db552a8c372a1,3ae5bf122f8bade926eb20eaf5d58198541d48e803abedafaf83877b3076e15f,0.97514663930712786,0.024853360692872084,122.83647559019832,0.43396588737540831,True,False,,,False,,observed_profile_hessian,68,3.7884285414400001,68,9.9999999999999995e-07,0,e4a3476f8c170b0a7630132092669ead4631f21876c43f331b0fcbdc95a80609,ab48fcc91e6fc85410155544ba86f3f2397daff562d459f119b05a4a6a477e06,"[{""attempt"": 0, ""tolerance"": 2e-07, ""free_valid"": true, ""free_nll"": 31.45258002193678, ""free_score"": 1.767641588656943e-11, ""sigma"": 1616.3532551948158}]",1,31.452580021936779,1.767641588656943e-11,11311.257530384131,11280.970815021186,newton
calibration,nominal,1,92,37,7,37467.513269402116,5352.5018956288741,41323.518095433086,5360.3345319055097,0.71935898833915224,,,,37835,37835,36904,931,0,9dc61a6d94c15fd4ba2b3c7614b93794c636f08db283d8808f1b8fab4748501b,8606e5aaa158bcf6c08158039657cdcfdafdf264460dc5c5ff4143bc67793556,82d92fcd5cba4797369e93baa96fc6ae0997a1e00797adbd9a7a3183920ee3e3,378c778b73730c037c2521b0c343ee0e9bb95f45fed10a61c83db552a8c372a1,3ae5bf122f8bade926eb20eaf5d58198541d48e803abedafaf83877b3076e15f,0.97514663930712786,0.024853360692872084,122.83647559019832,0.43396588737540831,True,False,,,False,,observed_profile_hessian,68,3.7884285414400001,68,1.0000000000000001e-05,0,04f36dce5404fbfa749ce4f9ec64491953b647f4cdb882bcc1913d9fbc34b0fb,7efb2f93e061f49a09b1f63b95b5ed506d6e1e13ae3923b30b8331e104bd42ae,"[{""attempt"": 0, ""tolerance"": 2e-07, ""free_valid"": true, ""free_nll"": 21.796367413980423, ""free_score"": 5.6066262743570405e-14, ""sigma"": 5360.33453190551}]",1,21.796367413980423,5.6066262743570405e-14,112995.67632162303,112901.1236793842,newton
calibration,nominal,0.10000000000000001,92,37,8,12878.899874367893,1609.8624842959866,14663.979853414014,1617.2486412268581,1.1037758409813498,,,,12931,12931,12633,298,0,d9e5f4ebce5153531e4f15ddff32e67638eb20cdbf62a3c0e54a8823d5fae361,8b8f4a985c77212c73a0750b0cd14b172fb4998bc36194b460cec71243948764,4d3cb8ea69f1287610220546ca442859523848df5f1b2867dc0662040e92daff,378c778b73730c037c2521b0c343ee0e9bb95f45fed10a61c83db552a8c372a1,3ae5bf122f8bade926eb20eaf5d58198541d48e803abedafaf83877b3076e15f,0.97514663930712786,0.024853360692872084,122.83647559019832,0.43396588737540831,True,False,,,False,,observed_profile_hessian,68,3.7884285414400001,68,9.9999999999999995e-07,0,9e1623cd4b23aa8272b3f92858b834563781bd8867ecf37f8df3f3fb2aea112d,9b76828563fa63dfcf42db7c1957a2f59a157bcebdd0e5dfc8049d2d0f2e2f01,"[{""attempt"": 0, ""tolerance"": 2e-07, ""free_valid"": true, ""free_nll"": 33.815788572584246, ""free_score"": 3.939015780218824e-11, ""sigma"": 1617.2486412268581}]",1,33.815788572584246,3.9390157802188241e-11,11315.535619870867,11281.982860938888,newton
calibration,nominal,1,92,37,8,42820.015165030993,5352.5018956288741,46438.391080516703,5361.3795055183919,0.67489643509872188,,,,43001,43001,41924,1077,0,9dc61a6d94c15fd4ba2b3c7614b93794c636f08db283d8808f1b8fab4748501b,52351e4530919fc950b1f7d7186117243a74f9b04c5f5d7ed3779927a6d9b82e,f33d0342ca1f473bd7b6afff2e08cdf30fc04475d5aebead86c891cff834b245,378c778b73730c037c2521b0c343ee0e9bb95f45fed10a61c83db552a8c372a1,3ae5bf122f8bade926eb20eaf5d58198541d48e803abedafaf83877b3076e15f,0.97514663930712786,0.024853360692872084,122.83647559019832,0.43396588737540831,True,False,,,False,,observed_profile_hessian,68,3.7884285414400001,68,1.0000000000000001e-05,0,419f6f8b42eab87767a9bb548eea2dda26d6b0e0f57bcc6c7302bc89a74efe20,e1cb4b1e17acf455097c14f2e9116d43d1089038390fd7a1c9f68e7272db53a4,"[{""attempt"": 0, ""tolerance"": 2e-07, ""free_valid"": true, ""free_nll"": 21.23747491435648, ""free_score"": 4.54081217071689e-14, ""sigma"": 5361.379505518392}]",1,21.237474914356479,4.5408121707168903e-14,113008.42316494242,112902.16714463352,newton
calibration,nominal,0.10000000000000001,92,38,0,0,1609.8624842959866,2061.3395149750063,1608.4497460666209,1.2815691133751013,,,,0,0,0,0,0,716921305f6e85529b70770fc76f349563a3c97ca88820c34c7a9e08dd95184b,716921305f6e85529b70770fc76f349563a3c97ca88820c34c7a9e08dd95184b,f440d6087e5a50c4aef861dbe0f0dd7752e43e8d6fb7b0a6393f704d359bba12,378c778b73730c037c2521b0c343ee0e9bb95f45fed10a61c83db552a8c372a1,3ae5bf122f8bade926eb20eaf5d58198541d48e803abedafaf83877b3076e15f,0.97514663930712786,0.024853360692872084,122.83647559019832,0.43396588737540831,True,False,,,False,,observed_profile_hessian,68,3.7884285414400001,68,9.9999999999999995e-07,0,12b04a06fc82ebcdd0e3921aee6962f4edb9e3b4c8463307df06fd153077afcc,1fbe660440ee7427936ccb2e97eac3ceaca740991c0c93b2604a572199cca9f8,"[{""attempt"": 0, ""tolerance"": 2e-07, ""free_valid"": true, ""free_nll"": 33.33495271290665, ""free_score"": 6.598074005041699e-08, ""sigma"": 1608.449746066621}]",1,33.334952712906649,6.5980740050416986e-08,11258.198348961994,11253.481783028716,newton
calibration,nominal,1,92,38,0,0,5352.5018956288741,4862.0562192599746,5351.8881099370537,0.90847493807510848,,,,0,0,0,0,0,0f878d06bf5bbd62e190ebf9dbcebebe0d86e978655e7c37a87c05f1855e2845,0f878d06bf5bbd62e190ebf9dbcebebe0d86e978655e7c37a87c05f1855e2845,f440d6087e5a50c4aef861dbe0f0dd7752e43e8d6fb7b0a6393f704d359bba12,378c778b73730c037c2521b0c343ee0e9bb95f45fed10a61c83db552a8c372a1,3ae5bf122f8bade926eb20eaf5d58198541d48e803abedafaf83877b3076e15f,0.97514663930712786,0.024853360692872084,122.83647559019832,0.43396588737540831,True,False,,,False,,observed_profile_hessian,68,3.7884285414400001,68,1.0000000000000001e-05,0,f3e24d322f70bcd615e7a72e0a15dad4d82ac9636a486cc46f16e858f0fb9cc4,49b4e875761ec77f201235486ebc001b3e2b167e479b2c38ac8110357010c6b4,"[{""attempt"": 0, ""tolerance"": 2e-07, ""free_valid"": true, ""free_nll"": 31.464658694950472, ""free_score"": 3.9498970760831753e-10, ""sigma"": 5351.888109937054}]",1,31.464658694950472,3.9498970760831753e-10,112836.15462316226,112825.02971697244,newton
calibration,nominal,0.10000000000000001,92,38,1,1609.8624842959866,1609.8624842959866,3689.9938537616895,1609.457739594302,1.2924423663277074,,,,1653,1653,1607,46,0,716921305f6e85529b70770fc76f349563a3c97ca88820c34c7a9e08dd95184b,8d9cf195acf0b8f3f843c52001508128b0233b0c802fbefbbe36ccdc1d1dcfde,4dc8a226180167ac667f97fc6c431b58f845b3b908b7399f6bb8b9ad12a08fd7,378c778b73730c037c2521b0c343ee0e9bb95f45fed10a61c83db552a8c372a1,3ae5bf122f8bade926eb20eaf5d58198541d48e803abedafaf83877b3076e15f,0.97514663930712786,0.024853360692872084,122.83647559019832,0.43396588737540831,True,False,,,False,,observed_profile_hessian,68,3.7884285414400001,68,9.9999999999999995e-07,0,6841e76a856c7ecdab4e29081e55ad764c9054864631607145c6a7e7c25895fd,2f0107ffd6f9a5ce11630c594918a2762c178b2aadff98d6e6490747e33b6e24,"[{""attempt"": 0, ""tolerance"": 2e-07, ""free_valid"": true, ""free_nll"": 33.75658400944364, ""free_score"": 1.824929096727601e-15, ""sigma"": 1609.457739594302}]",1,33.756584009443642,1.8249290967276011e-15,11262.259831990268,11253.816730221621,newton
calibration,nominal,1,92,38,1,5352.5018956288741,5352.5018956288741,10128.143051778736,5352.9756646001897,0.89214699549854037,,,,5448,5448,5310,138,0,0f878d06bf5bbd62e190ebf9dbcebebe0d86e978655e7c37a87c05f1855e2845,809313e9a41b150bbb5233d183d38f6ee721b95f216a0d2b829e0f4e9cbc850e,45bb370ea835ab42649a4eb151b024e797bcbe7536797bc9d1208b9bd99aeabb,378c778b73730c037c2521b0c343ee0e9bb95f45fed10a61c83db552a8c372a1,3ae5bf122f8bade926eb20eaf5d58198541d48e803abedafaf83877b3076e15f,0.97514663930712786,0.024853360692872084,122.83647559019832,0.43396588737540831,True,False,,,False,,observed_profile_hessian,68,3.7884285414400001,68,1.0000000000000001e-05,0,602a1e60df621772434753c0b4d8ba9ce631e851d79e36c0f40e94a933443c67,e2b4c0216dd2493ad88228a0be6a428ab550e9e64c0469c509a17c68266ffc84,"[{""attempt"": 0, ""tolerance"": 2e-07, ""free_valid"": true, ""free_nll"": 31.39668027162367, ""free_score"": 1.0097464309133386e-08, ""sigma"": 5352.97566460019}]",1,31.396680271623669,1.0097464309133386e-08,112850.32462287019,112827.15034510645,newton
calibration,nominal,0.10000000000000001,92,38,2,3219.7249685919733,1609.8624842959866,5175.6883474649803,1610.3967239407043,1.2145847975191402,,,,3199,3199,3121,78,0,716921305f6e85529b70770fc76f349563a3c97ca88820c34c7a9e08dd95184b,2d0b2a042974ca41595013cc58eefbdf2fce6ca3cd9451e1676133aefddd9e92,2b2efe93e04439de06248899132d08b59089ef9675933d6d9b8b3bced415919b,378c778b73730c037c2521b0c343ee0e9bb95f45fed10a61c83db552a8c372a1,3ae5bf122f8bade926eb20eaf5d58198541d48e803abedafaf83877b3076e15f,0.97514663930712786,0.024853360692872084,122.83647559019832,0.43396588737540831,True,False,,,False,,observed_profile_hessian,68,3.7884285414400001,68,9.9999999999999995e-07,0,ba6eb32effa881fa6a80e2428b46dc6266811d9a391363dc9e916fd4a1d38dfe,8fef833d3e09394ba1eace6d0182b289ab585de82cd283be12ed8790eee29c20,"[{""attempt"": 0, ""tolerance"": 2e-07, ""free_valid"": true, ""free_nll"": 33.412440229180426, ""free_score"": 2.7075564013046005e-14, ""sigma"": 1610.3967239407043}]",1,33.412440229180426,2.7075564013046005e-14,11266.379062073882,11254.536531930939,newton
calibration,nominal,1,92,38,2,10705.003791257748,5352.5018956288741,15218.856542996604,5354.0336494622798,0.84307515553104417,,,,10738,10738,10471,267,0,0f878d06bf5bbd62e190ebf9dbcebebe0d86e978655e7c37a87c05f1855e2845,31a672b0e75b5959f1f6970c3fc05977355d67f2b6fa05bb0c40aa1baf344d4a,7918ba51ab4d4df3cd175ab54879f95db2e7385f17aa5b920da1bb7f9efa5835,378c778b73730c037c2521b0c343ee0e9bb95f45fed10a61c83db552a8c372a1,3ae5bf122f8bade926eb20eaf5d58198541d48e803abedafaf83877b3076e15f,0.97514663930712786,0.024853360692872084,122.83647559019832,0.43396588737540831,True,False,,,False,,observed_profile_hessian,68,3.7884285414400001,68,1.0000000000000001e-05,0,94171341d849ea91f357609b7c2f2fe3e371b91c41e62b0a952cd5a97988a176,8ba3d5befe83b03165e4687f7d99956c6598166bf3ede19187df269203bb531b,"[{""attempt"": 0, ""tolerance"": 2e-07, ""free_valid"": true, ""free_nll"": 31.140901985596155, ""free_score"": 5.697915028690659e-08, ""sigma"": 5354.03364946228}]",1,31.140901985596155,5.6979150286906588e-08,112864.48523078018,112829.66285445997,newton
calibration,nominal,0.10000000000000001,92,38,3,4829.5874528879594,1609.8624842959866,6649.5413231292696,1611.4114715182368,1.1294159824533141,,,,4835,4835,4709,126,0,716921305f6e85529b70770fc76f349563a3c97ca88820c34c7a9e08dd95184b,cbbf60962da2c617065919e2dd41012453bdfd1796fd9e75dd253d094b5f4121,59bab3f12fa52e910b40acbbbf86d3536242df6b7d9eeb034ac1e9fc70b7404a,378c778b73730c037c2521b0c343ee0e9bb95f45fed10a61c83db552a8c372a1,3ae5bf122f8bade926eb20eaf5d58198541d48e803abedafaf83877b3076e15f,0.97514663930712786,0.024853360692872084,122.83647559019832,0.43396588737540831,True,False,,,False,,observed_profile_hessian,68,3.7884285414400001,68,9.9999999999999995e-07,0,0ee6f73b5a61de7dda549308a211fb5e6216e3ea4d4e67e01453c4e9c27fbe0a,cc22d46ce2beb295d8e77ac308d2b9a6a24249ebdb12324fe8343e5622f5edd3,"[{""attempt"": 0, ""tolerance"": 2e-07, ""free_valid"": true, ""free_nll"": 33.09965795669828, ""free_score"": 7.664008316865534e-14, ""sigma"": 1611.4114715182368}]",1,33.09965795669828,7.6640083168655337e-14,11271.545059012071,11256.330195158365,newton
calibration,nominal,1,92,38,3,16057.505686886623,5352.5018956288741,20247.981334222306,5355.1002501706962,0.78252048543855168,,,,16045,16045,15642,403,0,0f878d06bf5bbd62e190ebf9dbcebebe0d86e978655e7c37a87c05f1855e2845,83d70e4f7801546743704e4e9f264649663c54bbbf97cea7863be4f4795df784,ec71240f3f7e01616d03816078b799bf481af217a23e37f50061ff213c24b1f9,378c778b73730c037c2521b0c343ee0e9bb95f45fed10a61c83db552a8c372a1,3ae5bf122f8bade926eb20eaf5d58198541d48e803abedafaf83877b3076e15f,0.97514663930712786,0.024853360692872084,122.83647559019832,0.43396588737540831,True,False,,,False,,observed_profile_hessian,68,3.7884285414400001,68,1.0000000000000001e-05,0,3de79e1e75b81d2fd99573263254ca2f26d5e80847726bc154428ab1c3ce1280,e74b5fee6f2a6755edf4763ab31fa474110dfb3908baa41e9241b58deed65c86,"[{""attempt"": 0, ""tolerance"": 2e-07, ""free_valid"": true, ""free_nll"": 31.071542735649295, ""free_score"": 1.8846325716692647e-07, ""sigma"": 5355.100250170696}]",1,31.071542735649295,1.8846325716692647e-07,112878.90912719685,112832.57957387247,newton
calibration,nominal,0.10000000000000001,92,38,4,6439.4499371839465,1609.8624842959866,8262.4452161745467,1612.3917812879797,1.130615586203491,,,,6426,6426,6265,161,0,716921305f6e85529b70770fc76f349563a3c97ca88820c34c7a9e08dd95184b,16be9f16cd5878867fef8350c453b89ddbc34287b1ec4ec12051d5973b7d102b,95ef336ddecc53e5d71332ac89b0105a6909ad8922a17ce143c1fb9acce36751,378c778b73730c037c2521b0c343ee0e9bb95f45fed10a61c83db552a8c372a1,3ae5bf122f8bade926eb20eaf5d58198541d48e803abedafaf83877b3076e15f,0.97514663930712786,0.024853360692872084,122.83647559019832,0.43396588737540831,True,False,,,False,,observed_profile_hessian,68,3.7884285414400001,68,9.9999999999999995e-07,0,62896209452af1122d56214cd5471462e8661d69485ee1c0542284fb483f492e,e1e581f74d1abad2ac4834e4f1a38bc0a06bca700c27201ab5e476c763511b98,"[{""attempt"": 0, ""tolerance"": 2e-07, ""free_valid"": true, ""free_nll"": 33.27490128646408, ""free_score"": 2.0876356199295287e-13, ""sigma"": 1612.3917812879797}]",1,33.274901286464079,2.0876356199295287e-13,11275.194043751819,11256.288682772176,newton
calibration,nominal,1,92,38,4,21410.007582515496,5352.5018956288741,25538.753781294756,5356.1693388135609,0.77083937000651537,,,,21361,21361,20828,533,0,0f878d06bf5bbd62e190ebf9dbcebebe0d86e978655e7c37a87c05f1855e2845,2080ade2795c70adff449d316cbb0630d25e5b04b6f9ea0e1e18843679e540ec,51205d72ad28543502567697095f5ff42f6f9ceb647add12e5b64c37aaed3209,378c778b73730c037c2521b0c343ee0e9bb95f45fed10a61c83db552a8c372a1,3ae5bf122f8bade926eb20eaf5d58198541d48e803abedafaf83877b3076e15f,0.97514663930712786,0.024853360692872084,122.83647559019832,0.43396588737540831,True,False,,,False,,observed_profile_hessian,68,3.7884285414400001,68,1.0000000000000001e-05,0,045172e80e6d9bc8d1e4bb6c9860ea77e5c3f90efb4dd40c737c2a917c4cc600,a7ca047f6751a16098027273b25fa491ae3cd5014631cc56d360102ec9fd071e,"[{""attempt"": 0, ""tolerance"": 2e-07, ""free_valid"": true, ""free_nll"": 31.81073715144281, ""free_score"": 1.3197776205231548e-13, ""sigma"": 5356.169338813561}]",1,31.810737151442812,1.3197776205231548e-13,112892.29826419725,112833.86285596478,newton
calibration,nominal,0.10000000000000001,92,38,5,8049.3124214799336,1609.8624842959866,9927.8740609942979,1613.3358785844371,1.1643958734511253,,,,8041,8041,7856,185,0,716921305f6e85529b70770fc76f349563a3c97ca88820c34c7a9e08dd95184b,a8f6ac23f199f2b65c5c6885ea7439ac8f946663bce025b75eeccf298194ae1f,e72d58741b21ff1ba3d3edf872a8592a4504eb534b359584963379039d059af1,378c778b73730c037c2521b0c343ee0e9bb95f45fed10a61c83db552a8c372a1,3ae5bf122f8bade926eb20eaf5d58198541d48e803abedafaf83877b3076e15f,0.97514663930712786,0.024853360692872084,122.83647559019832,0.43396588737540831,True,False,,,False,,observed_profile_hessian,68,3.7884285414400001,68,9.9999999999999995e-07,0,5aa70adc352b424b297d2bc67fcda680362618bce6b813ff0193dcc9ac730d3d,2a26da0230d9a938d6c1060537396e8972dbb1b2af6ea3bebb2703375cf363bc,"[{""attempt"": 0, ""tolerance"": 2e-07, ""free_valid"": true, ""free_nll"": 34.65489182984486, ""free_score"": 9.892364705166301e-13, ""sigma"": 1613.335878584437}]",1,34.654891829844857,9.8923647051663011e-13,11278.963682316391,11256.247641486723,newton
calibration,nominal,1,92,38,5,26762.509478144369,5352.5018956288741,31119.781283398617,5357.2995116264501,0.8133336200072564,,,,27121,27121,26481,640,0,0f878d06bf5bbd62e190ebf9dbcebebe0d86e978655e7c37a87c05f1855e2845,75c7f49f902b3a214fd1b8f6312c90fbb03b1cc27eeef911da6ab1b6ae420490,b828f6452f40e89e2287ca5d9ebfa948bfe73974e83cb63fdf8c1572480737ad,378c778b73730c037c2521b0c343ee0e9bb95f45fed10a61c83db552a8c372a1,3ae5bf122f8bade926eb20eaf5d58198541d48e803abedafaf83877b3076e15f,0.97514663930712786,0.024853360692872084,122.83647559019832,0.43396588737540831,True,False,,,False,,observed_profile_hessian,68,3.7884285414400001,68,1.0000000000000001e-05,0,db122b70a617255398bfbbe05d502c192005acfd3a65b6e60ffbeaa42e56f606,bcb97c4fca56c35c12e129b1e0e8520333619d37443d5fa266123e05f34d0b8b,"[{""attempt"": 0, ""tolerance"": 2e-07, ""free_valid"": true, ""free_nll"": 31.755401755058106, ""free_score"": 3.8219427622721014e-14, ""sigma"": 5357.29951162645}]",1,31.755401755058106,3.8219427622721014e-14,112907.93139077525,112836.72599293267,newton
calibration,nominal,0.10000000000000001,92,38,6,9659.1749057759189,1609.8624842959866,11413.840020146439,1614.4062616338763,1.0868795272106375,,,,9706,9706,9451,255,0,716921305f6e85529b70770fc76f349563a3c97ca88820c34c7a9e08dd95184b,f6681775b8815e91752b33aa57eaefe7959745bb60f25cc360db347d4dcefd5d,1c1555a4dcb82aef472a6c25b896507108c73c106dcfc27812c05ee984a35fc1,378c778b73730c037c2521b0c343ee0e9bb95f45fed10a61c83db552a8c372a1,3ae5bf122f8bade926eb20eaf5d58198541d48e803abedafaf83877b3076e15f,0.97514663930712786,0.024853360692872084,122.83647559019832,0.43396588737540831,True,False,,,False,,observed_profile_hessian,68,3.7884285414400001,68,9.9999999999999995e-07,0,f0c19fa9bc8bbc8376e88384a3220baa14af6b9c674829d7ce23b4e27527cbb0,046117267cfb7aee55c4f2ef96f0e594a44bc73e8bceae8fb3184912498b4227,"[{""attempt"": 0, ""tolerance"": 2e-07, ""free_valid"": true, ""free_nll"": 33.57961578348108, ""free_score"": 2.9222874120549136e-12, ""sigma"": 1614.4062616338763}]",1,33.579615783481081,2.9222874120549136e-12,11283.483651968676,11257.367561622643,newton
calibration,nominal,1,92,38,6,32115.011373773246,5352.5018956288741,35861.274359060284,5358.3518369275325,0.6991446435953218,,,,32190,32190,31372,818,0,0f878d06bf5bbd62e190ebf9dbcebebe0d86e978655e7c37a87c05f1855e2845,e5b2701af023f312e349669a5524b73fb2da5fd7305ca9a8cabf41b161bedef8,f1afeb47c8e1a7df0c1e01cf0610478da7f4e8f0692995c80ddce432d8c8d4e8,378c778b73730c037c2521b0c343ee0e9bb95f45fed10a61c83db552a8c372a1,3ae5bf122f8bade926eb20eaf5d58198541d48e803abedafaf83877b3076e15f,0.97514663930712786,0.024853360692872084,122.83647559019832,0.43396588737540831,True,False,,,False,,observed_profile_hessian,68,3.7884285414400001,68,1.0000000000000001e-05,0,d9ca8b25fb8289828ada110265da96d4c2077345977fd19c3a2353470a08c9c4,5fff9557991bfd8af3a187d776e58b5df1c78b310f3ecf80c24729d8ec734398,"[{""attempt"": 0, ""tolerance"": 2e-07, ""free_valid"": true, ""free_nll"": 31.365886159000723, ""free_score"": 2.220446049250313e-14, ""sigma"": 5358.3518369275325}]",1,31.365886159000723,2.2204460492503131e-14,112920.41530450723,112838.36086188038,newton
calibration,nominal,0.10000000000000001,92,38,7,11269.037390071906,1609.8624842959866,12933.91051524811,1615.3132547965713,1.0306812751226224,,,,11219,11219,10942,277,0,716921305f6e85529b70770fc76f349563a3c97ca88820c34c7a9e08dd95184b,c89aa7e50a5899f9b7f8b77f26fec71fdcd061ed7507573c6eec1084afe53d09,4bedb564b5f9c1d4ec05333f1d523365563f10d2a8677509d5a754c7225816be,378c778b73730c037c2521b0c343ee0e9bb95f45fed10a61c83db552a8c372a1,3ae5bf122f8bade926eb20eaf5d58198541d48e803abedafaf83877b3076e15f,0.97514663930712786,0.024853360692872084,122.83647559019832,0.43396588737540831,True,False,,,False,,observed_profile_hessian,68,3.7884285414400001,68,9.9999999999999995e-07,0,872940d9ad66c0c03db4aee409f871390e5f721f83e2b4404e1072a2b9ee4197,4a328cb9427b2cca0a1bdbfd66c4df743cdd2cf698ac504c06979662e4caa308,"[{""attempt"": 0, ""tolerance"": 2e-07, ""free_valid"": true, ""free_nll"": 32.91450451961491, ""free_score"": 8.011286078968283e-12, ""sigma"": 1615.3132547965713}]",1,32.914504519614908,8.0112860789682827e-12,11286.802672371892,11257.208497672798,newton
calibration,nominal,1,92,38,7,37467.513269402116,5352.5018956288741,41302.285340481991,5359.3869736507186,0.71552438551898345,,,,37494,37494,36608,886,0,0f878d06bf5bbd62e190ebf9dbcebebe0d86e978655e7c37a87c05f1855e2845,e6f4fc812ebfd276db5ee09d5e73d8c6ea244ec30f37142fc2a9be39a6d2e4d4,bd53fedd6b0857a9996964f5f547fa76768e7540dd2f7497b54cdb309632e321,378c778b73730c037c2521b0c343ee0e9bb95f45fed10a61c83db552a8c372a1,3ae5bf122f8bade926eb20eaf5d58198541d48e803abedafaf83877b3076e15f,0.97514663930712786,0.024853360692872084,122.83647559019832,0.43396588737540831,True,False,,,False,,observed_profile_hessian,68,3.7884285414400001,68,1.0000000000000001e-05,0,68e83aa7215866ab49332d7ae3b9e3e88d0b0ef6d5fcd97eea982c8b5a1e407f,92aed391688849312ea667ae5519eaf1d53e247dc309c74de0477f070387fbc4,"[{""attempt"": 0, ""tolerance"": 2e-07, ""free_valid"": true, ""free_nll"": 31.544499849696887, ""free_score"": 1.1823875212257917e-13, ""sigma"": 5359.386973650719}]",1,31.544499849696887,1.1823875212257917e-13,112933.92281443778,112839.41875501994,newton
calibration,nominal,0.10000000000000001,92,38,8,12878.899874367893,1609.8624842959866,14611.2223302897,1616.3464502283573,1.0717519475339365,,,,12887,12887,12572,315,0,716921305f6e85529b70770fc76f349563a3c97ca88820c34c7a9e08dd95184b,a05ccc166535f04008ac6fe0a4a25fe2df6019158030813317c161555b9673ee,bc4f0778113a8f1ecf09a6fc29488deca60bd23ea03ad9e8a947df8fcca53c1e,378c778b73730c037c2521b0c343ee0e9bb95f45fed10a61c83db552a8c372a1,3ae5bf122f8bade926eb20eaf5d58198541d48e803abedafaf83877b3076e15f,0.97514663930712786,0.024853360692872084,122.83647559019832,0.43396588737540831,True,False,,,False,,observed_profile_hessian,68,3.7884285414400001,68,9.9999999999999995e-07,0,9f4507927420431de577401e8f1b9e8c1bee8ff5cce2fe5e22ff93d5e5f6c6a8,f659da476675a64875cfe4a678fbe5750c27b9489afc49964d3d541e6ff10204,"[{""attempt"": 0, ""tolerance"": 2e-07, ""free_valid"": true, ""free_nll"": 32.43151427402012, ""free_score"": 2.0633744712839075e-11, ""sigma"": 1616.3464502283573}]",1,32.431514274020117,2.0633744712839075e-11,11291.316386085928,11257.884342026235,newton
calibration,nominal,1,92,38,8,42820.015165030993,5352.5018956288741,45702.613831193055,5360.4028759547755,0.53775783889165696,,,,42495,42495,41462,1033,0,0f878d06bf5bbd62e190ebf9dbcebebe0d86e978655e7c37a87c05f1855e2845,6dac3d649093356fd8672115f54206efb813227d07cf13460f03170d29cd1282,9e7ff71321e0e9845036ee1130939e58ca430105fe1865ecc7485046889baf3c,378c778b73730c037c2521b0c343ee0e9bb95f45fed10a61c83db552a8c372a1,3ae5bf122f8bade926eb20eaf5d58198541d48e803abedafaf83877b3076e15f,0.97514663930712786,0.024853360692872084,122.83647559019832,0.43396588737540831,True,False,,,False,,observed_profile_hessian,68,3.7884285414400001,68,1.0000000000000001e-05,0,63f0878e7e63b9490998ac43ea6dc5593b37e928525a332b27b1e7cc3981ea29,b3d40e96dbcb8320cb04bfeb741417a45a17a34cedb64a507468f60386974e37,"[{""attempt"": 0, ""tolerance"": 2e-07, ""free_valid"": true, ""free_nll"": 31.378823068664456, ""free_score"": 1.1340928196545974e-13, ""sigma"": 5360.4028759547755}]",1,31.378823068664456,1.1340928196545974e-13,112947.70946995089,112843.13698691639,newton
calibration,nominal,0.10000000000000001,92,39,0,0,1609.8624842959866,953.8906151223905,1610.1420803886072,0.5924263620836302,,,,0,0,0,0,0,ec7185fe72883db9e38857845287f27d313cf6ffc548be2ea6da8c2a6494deb6,ec7185fe72883db9e38857845287f27d313cf6ffc548be2ea6da8c2a6494deb6,f440d6087e5a50c4aef861dbe0f0dd7752e43e8d6fb7b0a6393f704d359bba12,378c778b73730c037c2521b0c343ee0e9bb95f45fed10a61c83db552a8c372a1,3ae5bf122f8bade926eb20eaf5d58198541d48e803abedafaf83877b3076e15f,0.97514663930712786,0.024853360692872084,122.83647559019832,0.43396588737540831,True,False,,,False,,observed_profile_hessian,68,3.7884285414400001,68,9.9999999999999995e-07,0,0894d622d0a0b9eb0f2ba951c9b3ca4106f256c5d8a63b88e605c14b470489a3,b9b49567978dbe736f3fc457822ff48cb22bde90407635650140490fb36502e1,"[{""attempt"": 0, ""tolerance"": 2e-07, ""free_valid"": true, ""free_nll"": 37.336277749828206, ""free_score"": 1.3385254782338762e-07, ""sigma"": 1610.1420803886072}]",1,37.336277749828206,1.3385254782338762e-07,11295.999872540056,11293.817268487363,newton
calibration,nominal,1,92,39,0,0,5352.5018956288741,3191.6697433203808,5350.4010409418788,0.59652906742828438,,,,0,0,0,0,0,53c924d845f937fc699fd4bc82fec5c71c4a52df56f47b15922ee2ec1acfdf11,53c924d845f937fc699fd4bc82fec5c71c4a52df56f47b15922ee2ec1acfdf11,f440d6087e5a50c4aef861dbe0f0dd7752e43e8d6fb7b0a6393f704d359bba12,378c778b73730c037c2521b0c343ee0e9bb95f45fed10a61c83db552a8c372a1,3ae5bf122f8bade926eb20eaf5d58198541d48e803abedafaf83877b3076e15f,0.97514663930712786,0.024853360692872084,122.83647559019832,0.43396588737540831,True,False,,,False,,observed_profile_hessian,68,3.7884285414400001,68,1.0000000000000001e-05,0,9d7f02e620725082994d3fbe1818386f8658cafa893bea26a8b191ed3a53f7e7,492179ca319d46e0bfdba4358e1b8383ca2d5f3de8068b1fc59f450cb8d6192b,"[{""attempt"": 0, ""tolerance"": 2e-07, ""free_valid"": true, ""free_nll"": 32.78560748200343, ""free_score"": 1.977454511248311e-08, ""sigma"": 5350.401040941879}]",1,32.785607482003428,1.9774545112483111e-08,112860.1597371704,112852.85685442243,newton
calibration,nominal,0.10000000000000001,92,39,1,1609.8624842959866,1609.8624842959866,2494.9314490661768,1611.0946884542088,0.54935875036580506,,,,1572,1572,1539,33,0,ec7185fe72883db9e38857845287f27d313cf6ffc548be2ea6da8c2a6494deb6,b25dc57db67233ea628ebed3b115bee000a7f09b44795dbd1e0296fdd7027f0a,5500b7146cf1fcef3dc7ffe6a49eb00f926d3ee327fd73be9061039735b0363d,378c778b73730c037c2521b0c343ee0e9bb95f45fed10a61c83db552a8c372a1,3ae5bf122f8bade926eb20eaf5d58198541d48e803abedafaf83877b3076e15f,0.97514663930712786,0.024853360692872084,122.83647559019832,0.43396588737540831,True,False,,,False,,observed_profile_hessian,68,3.7884285414400001,68,9.9999999999999995e-07,0,971d7b7f502df8700165c16680ffb8b5148e5f1f4bcb0c9084e415697a2e8363,c24eab5406bb1b542620feb4e46385d0a8151d721ae0c46758aa6987d812811e,"[{""attempt"": 0, ""tolerance"": 2e-07, ""free_valid"": true, ""free_nll"": 36.92458673690345, ""free_score"": 1.199040866595169e-14, ""sigma"": 1611.0946884542088}]",1,36.92458673690345,1.1990408665951691e-14,11300.159416287279,11294.450745496733,newton
calibration,nominal,1,92,39,1,5352.5018956288741,5352.5018956288741,8224.9207017973749,5351.4549615970554,0.53675473806309937,,,,5294,5294,5157,137,0,53c924d845f937fc699fd4bc82fec5c71c4a52df56f47b15922ee2ec1acfdf11,ac305a67b830d8753091ffacc259a0239eacbe7b89ae79dccd35058ec116275d,c45550c8b3f317ab46af1411213dfb59a1e34ce02fc834222f9dda16899340a5,378c778b73730c037c2521b0c343ee0e9bb95f45fed10a61c83db552a8c372a1,3ae5bf122f8bade926eb20eaf5d58198541d48e803abedafaf83877b3076e15f,0.97514663930712786,0.024853360692872084,122.83647559019832,0.43396588737540831,True,False,,,False,,observed_profile_hessian,68,3.7884285414400001,68,1.0000000000000001e-05,0,897c9754a9bf98e87ae0a307455d85965afd92096ca95a4653c5e08e09c27b94,da7021a05932d63917c848ebebd4e3bac2f87022852e04d46d3ca9913ccfb8c1,"[{""attempt"": 0, ""tolerance"": 2e-07, ""free_valid"": true, ""free_nll"": 32.681010882299965, ""free_score"": 8.70039214007079e-08, ""sigma"": 5351.454961597055}]",1,32.681010882299965,8.7003921400707895e-08,112874.36738698669,112855.54788612125,newton
calibration,nominal,0.10000000000000001,92,39,2,3219.7249685919733,1609.8624842959866,4121.7374365241158,1612.1204245915758,0.55951928539126583,,,,3234,3234,3153,81,0,ec7185fe72883db9e38857845287f27d313cf6ffc548be2ea6da8c2a6494deb6,af1a1e6ee939106dae8bfe8068b304c9130a9346efe1043a924289af8648a0f9,c2031983e26202bd691a257bad29e7e9b9110fd03466d005c43f23158e40cbfc,378c778b73730c037c2521b0c343ee0e9bb95f45fed10a61c83db552a8c372a1,3ae5bf122f8bade926eb20eaf5d58198541d48e803abedafaf83877b3076e15f,0.97514663930712786,0.024853360692872084,122.83647559019832,0.43396588737540831,True,False,,,False,,observed_profile_hessian,68,3.7884285414400001,68,9.9999999999999995e-07,0,e5882d3cb6af7e76377066d8efbe89dae2386548af4a26953c42d46d9a6ccaf4,544a8402483a57f9e51a0391d420b862fd3d0358e42ab5561cf11ef1af37f017,"[{""attempt"": 0, ""tolerance"": 2e-07, ""free_valid"": true, ""free_nll"": 38.28296017887112, ""free_score"": 3.941291737419306e-15, ""sigma"": 1612.1204245915758}]",1,38.282960178871122,3.9412917374193057e-15,11304.090013068508,11294.659035668712,newton
calibration,nominal,1,92,39,2,10705.003791257748,5352.5018956288741,13654.648845420917,5352.523145491833,0.55107562807038213,,,,10608,10608,10346,262,0,53c924d845f937fc699fd4bc82fec5c71c4a52df56f47b15922ee2ec1acfdf11,555aed1db2a59b4631a38ac4141fd1813f6141f6a718e9b6eb7308fca84e81c9,c1ed8d3e1d0f063642af57b7928852a2392c40ced58696b7884a66813b002247,378c778b73730c037c2521b0c343ee0e9bb95f45fed10a61c83db552a8c372a1,3ae5bf122f8bade926eb20eaf5d58198541d48e803abedafaf83877b3076e15f,0.97514663930712786,0.024853360692872084,122.83647559019832,0.43396588737540831,True,False,,,False,,observed_profile_hessian,68,3.7884285414400001,68,1.0000000000000001e-05,0,5b1ab2a11a4b3f95ad6ce4deee1a0be93d4580b1a56f0db631b92c9e18d1149d,1ed17e5a90b0494b217bc0fc71de80c5473dffff5867a9c17c76707a20273c90,"[{""attempt"": 0, ""tolerance"": 2e-07, ""free_valid"": true, ""free_nll"": 32.29923532706027, ""free_score"": 1.871836019518014e-13, ""sigma"": 5352.523145491833}]",1,32.299235327060273,1.8718360195180139e-13,112886.59001061776,112855.34670930453,newton
calibration,nominal,0.10000000000000001,92,39,3,4829.5874528879594,1609.8624842959866,5718.5788296357359,1613.1193625719552,0.55110080343364665,,,,4876,4876,4766,110,0,ec7185fe72883db9e38857845287f27d313cf6ffc548be2ea6da8c2a6494deb6,cb11c7bbf7b9226943c4df94ac89c25ec6f826e7174b18659d5ab1578a655584,c7d65b348df22cd52e8f7f3a1be4e9eae0a7314a4cf849691e96e07aa787317f,378c778b73730c037c2521b0c343ee0e9bb95f45fed10a61c83db552a8c372a1,3ae5bf122f8bade926eb20eaf5d58198541d48e803abedafaf83877b3076e15f,0.97514663930712786,0.024853360692872084,122.83647559019832,0.43396588737540831,True,False,,,False,,observed_profile_hessian,68,3.7884285414400001,68,9.9999999999999995e-07,0,6524a99222a28db82b246238e60642f1a6ceb037c0dfb699834d2e369111a08d,89037f0a4c6c45a485f7d3103d07463553ec63a8a598a741b0101e8b4788e1c8,"[{""attempt"": 0, ""tolerance"": 2e-07, ""free_valid"": true, ""free_nll"": 36.487499002037644, ""free_score"": 5.595524044110789e-14, ""sigma"": 1613.1193625719552}]",1,36.487499002037644,5.595524044110789e-14,11308.566418926863,11295.481697124029,newton
calibration,nominal,1,92,39,3,16057.505686886623,5352.5018956288741,18866.913476530372,5353.6441550041391,0.52476550706451952,,,,16119,16119,15743,376,0,53c924d845f937fc699fd4bc82fec5c71c4a52df56f47b15922ee2ec1acfdf11,3704e617f32148ab8b0c2d0bea61a5d588b2ac795dbb7001d6d8fc67a9754ccb,00ae77a1989e558f3e81132c06b1ad36adb211dc75a796556e8a1091f2d2373b,378c778b73730c037c2521b0c343ee0e9bb95f45fed10a61c83db552a8c372a1,3ae5bf122f8bade926eb20eaf5d58198541d48e803abedafaf83877b3076e15f,0.97514663930712786,0.024853360692872084,122.83647559019832,0.43396588737540831,True,False,,,False,,observed_profile_hessian,68,3.7884285414400001,68,1.0000000000000001e-05,0,c4becd68965ef65eb0647d09e245501a229b83632d972a533020e77b879391e7,7a676eb6a88922ef69223a051c05a8112564801542dae51c508083b83c881b4e,"[{""attempt"": 0, ""tolerance"": 2e-07, ""free_valid"": true, ""free_nll"": 32.72965288389076, ""free_score"": 4.1522341120980855e-14, ""sigma"": 5353.644155004139}]",1,32.729652883890758,4.1522341120980855e-14,112901.88187633573,112858.712354419,newton
calibration,nominal,0.10000000000000001,92,39,4,6439.4499371839465,1609.8624842959866,7291.5572214446975,1614.1716811314759,0.52789136014544291,,,,6556,6556,6380,176,0,ec7185fe72883db9e38857845287f27d313cf6ffc548be2ea6da8c2a6494deb6,b0513a44db2293ef1ce6417bac2bf304c18350be179355db783250620bb221ef,08ac5d363e814e745b1c0bace718041ba24e15ca0030971b27b1d1d7268b3a40,378c778b73730c037c2521b0c343ee0e9bb95f45fed10a61c83db552a8c372a1,3ae5bf122f8bade926eb20eaf5d58198541d48e803abedafaf83877b3076e15f,0.97514663930712786,0.024853360692872084,122.83647559019832,0.43396588737540831,True,False,,,False,,observed_profile_hessian,68,3.7884285414400001,68,9.9999999999999995e-07,0,48fce82c010dbbff11a61906333ee073b9e9474314e661846376b0fa3cf59786,e54200717dd29f74487003fcf0098027398d17604087123b87801b5b48913157,"[{""attempt"": 0, ""tolerance"": 2e-07, ""free_valid"": true, ""free_nll"": 37.407017335812654, ""free_score"": 3.701483564100272e-13, ""sigma"": 1614.171681131476}]",1,37.407017335812654,3.7014835641002719e-13,11313.189088659681,11296.505223560609,newton
calibration,nominal,1,92,39,4,21410.007582515496,5352.5018956288741,23949.460985717931,5354.7321307060201,0.47424471312771505,,,,21639,21639,21088,551,0,53c924d845f937fc699fd4bc82fec5c71c4a52df56f47b15922ee2ec1acfdf11,b1747474d4c99eb575b3204d9a4c50879580cdc2daae16af6f7e3e32eb8a292a,b4e78712989e56e8bef3ffea2fc5b439331e87ae50020647de744aa4c792d51b,378c778b73730c037c2521b0c343ee0e9bb95f45fed10a61c83db552a8c372a1,3ae5bf122f8bade926eb20eaf5d58198541d48e803abedafaf83877b3076e15f,0.97514663930712786,0.024853360692872084,122.83647559019832,0.43396588737540831,True,False,,,False,,observed_profile_hessian,68,3.7884285414400001,68,1.0000000000000001e-05,0,526a7375fa897e19c5758a37aff58d0339e7d3ef03beb67d2e1b1c577c15813f,9928835f115c2b08a50eb06b3acbb22aea32c5d20d1a48d1ed8501f9b539e675,"[{""attempt"": 0, ""tolerance"": 2e-07, ""free_valid"": true, ""free_nll"": 32.49261575794364, ""free_score"": 2.275957200481571e-14, ""sigma"": 5354.73213070602}]",1,32.492615757943639,2.2759572004815709e-14,112917.66789325797,112862.86895742764,newton
calibration,nominal,0.10000000000000001,92,39,5,8049.3124214799336,1609.8624842959866,8618.6139985391492,1615.1018215990575,0.35248649307792207,,,,8114,8114,7916,198,0,ec7185fe72883db9e38857845287f27d313cf6ffc548be2ea6da8c2a6494deb6,c3948a3ae41db1466af07eb02b9fa7621d41b179e4ba65ede7e71d8a098264fc,79bb8dc2242383d6959ed7a86754330b13c7079f8a34373877f97283ed649df8,378c778b73730c037c2521b0c343ee0e9bb95f45fed10a61c83db552a8c372a1,3ae5bf122f8bade926eb20eaf5d58198541d48e803abedafaf83877b3076e15f,0.97514663930712786,0.024853360692872084,122.83647559019832,0.43396588737540831,True,False,,,False,,observed_profile_hessian,68,3.7884285414400001,68,9.9999999999999995e-07,0,d53e357782d777a65f48c7f4a39a619e106ffb3888e726f243ef455eb2ee793c,6aa30322950256b92fe4df90db762455092fba2d1a50e557ce0581c1b62c4e54,"[{""attempt"": 0, ""tolerance"": 2e-07, ""free_valid"": true, ""free_nll"": 37.393116935735314, ""free_score"": 1.1907141939104804e-12, ""sigma"": 1615.1018215990575}]",1,37.393116935735314,1.1907141939104804e-12,11317.654300883136,11297.933987522678,newton
calibration,nominal,1,92,39,5,26762.509478144369,5352.5018956288741,28936.941841762306,5355.7730293846807,0.40599785533998894,,,,26937,26937,26270,667,0,53c924d845f937fc699fd4bc82fec5c71c4a52df56f47b15922ee2ec1acfdf11,d23ea29656369bd8fc02ae7928113d6eba87ac9ecae180fde2ce4ce6139cbbab,e12f71d076f74c7d77f3ed44c252ea2beb3cc8a9fdde17f0f32f9481e9ae9141,378c778b73730c037c2521b0c343ee0e9bb95f45fed10a61c83db552a8c372a1,3ae5bf122f8bade926eb20eaf5d58198541d48e803abedafaf83877b3076e15f,0.97514663930712786,0.024853360692872084,122.83647559019832,0.43396588737540831,True,False,,,False,,observed_profile_hessian,68,3.7884285414400001,68,1.0000000000000001e-05,0,3576e78ccd54fbe7428a8f62a0e4ff53ead26cd82493717580202b2ae1619df2,509b537dfe979420b3b250e24ccd1424be5987090876ad66c27b2d09b070f159,"[{""attempt"": 0, ""tolerance"": 2e-07, ""free_valid"": true, ""free_nll"": 33.5654772254276, ""free_score"": 4.729550084903167e-14, ""sigma"": 5355.773029384681}]",1,33.5654772254276,4.7295500849031669e-14,112932.00665056567,112865.79582352207,newton
calibration,nominal,0.10000000000000001,92,39,6,9659.1749057759189,1609.8624842959866,10263.411632178437,1615.9802914158106,0.37391342556110463,,,,9511,9511,9277,234,0,ec7185fe72883db9e38857845287f27d313cf6ffc548be2ea6da8c2a6494deb6,3747cea49c5414d038d3a9c1b5be42ee2e312b5f906e68d56c1032e5cbeca7b4,20a15be714bd7b151e8ef8fa8b79e8c5f8d0b94e802252cbb45caa53371b61e0,378c778b73730c037c2521b0c343ee0e9bb95f45fed10a61c83db552a8c372a1,3ae5bf122f8bade926eb20eaf5d58198541d48e803abedafaf83877b3076e15f,0.97514663930712786,0.024853360692872084,122.83647559019832,0.43396588737540831,True,False,,,False,,observed_profile_hessian,68,3.7884285414400001,68,9.9999999999999995e-07,0,bdf48cecac104d4dea510f01bd7ffbcf404b4a84a4107ef563b2b60e53bb3324,138adff9c56b5e4236f3ceb7ef924e191b2c21b943bed586564567c30eda3335,"[{""attempt"": 0, ""tolerance"": 2e-07, ""free_valid"": true, ""free_nll"": 36.5842805014015, ""free_score"": 3.529510017585835e-12, ""sigma"": 1615.9802914158106}]",1,36.584280501401501,3.5295100175858352e-12,11320.548293274533,11297.06450648837,newton
calibration,nominal,1,92,39,6,32115.011373773246,5352.5018956288741,34305.765789346755,5356.7985255501562,0.40896711069575137,,,,31995,31995,31214,781,0,53c924d845f937fc699fd4bc82fec5c71c4a52df56f47b15922ee2ec1acfdf11,4f201cf2525864fae413d16ae8b4ebe01a53b9584bace3bcd1a67551728374b0,23adc38e4649026732acd02666d45bc29bf83a1ac633273bdb3a3f23f92cae04,378c778b73730c037c2521b0c343ee0e9bb95f45fed10a61c83db552a8c372a1,3ae5bf122f8bade926eb20eaf5d58198541d48e803abedafaf83877b3076e15f,0.97514663930712786,0.024853360692872084,122.83647559019832,0.43396588737540831,True,False,,,False,,observed_profile_hessian,68,3.7884285414400001,68,1.0000000000000001e-05,0,04ad19ad57494806ed3a38c052aad20da1b725ca6c870b85dfa1f6ba1f0dcce4,f1640b177c96559cb8a38cd640bda28ff5118bed210c7b8e7c853335d3a48db8,"[{""attempt"": 0, ""tolerance"": 2e-07, ""free_valid"": true, ""free_nll"": 31.697982553801765, ""free_score"": 6.705747068735946e-14, ""sigma"": 5356.798525550156}]",1,31.697982553801765,6.7057470687359455e-14,112943.49703967462,112865.00176751705,newton
calibration,nominal,0.10000000000000001,92,39,7,11269.037390071906,1609.8624842959866,12038.394434186959,1617.1720411914803,0.47574223676796673,,,,11457,11457,11158,299,0,ec7185fe72883db9e38857845287f27d313cf6ffc548be2ea6da8c2a6494deb6,c091ada4f78be2e0cf07d69ff1baec28065b9410098a36fe2a0083bda04cc1dd,dc6a5940c20447626c28f8da8b0474cd3414cb8903ad7e6df2b646fa98be9bfa,378c778b73730c037c2521b0c343ee0e9bb95f45fed10a61c83db552a8c372a1,3ae5bf122f8bade926eb20eaf5d58198541d48e803abedafaf83877b3076e15f,0.97514663930712786,0.024853360692872084,122.83647559019832,0.43396588737540831,True,False,,,False,,observed_profile_hessian,68,3.7884285414400001,68,9.9999999999999995e-07,0,2e0e78e1c31edda3d4db764e5dddd6f4eb87e4fdb1eea157c61df09f340ccfb4,8ce495d5b63bf936ac86d7272c3066695fe1d4dabf3d9619a6a31f750428e881,"[{""attempt"": 0, ""tolerance"": 2e-07, ""free_valid"": true, ""free_nll"": 37.027503595902, ""free_score"": 1.0943024264520318e-11, ""sigma"": 1617.1720411914803}]",1,37.027503595901997,1.0943024264520318e-11,11325.829573664309,11298.284435822052,newton
calibration,nominal,1,92,39,7,37467.513269402116,5352.5018956288741,39694.118801316596,5357.9448600529058,0.41557081867626644,,,,37751,37751,36844,907,0,53c924d845f937fc699fd4bc82fec5c71c4a52df56f47b15922ee2ec1acfdf11,ad492d927aefe60718e226adc8c78bba13246466294f394206fb77feb27c3c8b,0d03ba461b5a20e06f6c88c30fb3324d36c1f77a7fe623f786a0781a62264801,378c778b73730c037c2521b0c343ee0e9bb95f45fed10a61c83db552a8c372a1,3ae5bf122f8bade926eb20eaf5d58198541d48e803abedafaf83877b3076e15f,0.97514663930712786,0.024853360692872084,122.83647559019832,0.43396588737540831,True,False,,,False,,observed_profile_hessian,68,3.7884285414400001,68,1.0000000000000001e-05,0,7001890b95ffc11235872985d6a906db9e6a6bf93318d7b0bca16a17f27d5f58,099d4c612a1897ba29fb807f997f2cc5c47de63c9d0e568051c8d583af7b9d52,"[{""attempt"": 0, ""tolerance"": 2e-07, ""free_valid"": true, ""free_nll"": 32.55576934483421, ""free_score"": 2.0317081350640365e-14, ""sigma"": 5357.944860052906}]",1,32.555769344834211,2.0317081350640365e-14,112957.83448058214,112867.01007871637,newton
calibration,nominal,0.10000000000000001,92,39,8,12878.899874367893,1609.8624842959866,13516.484075112025,1618.0406203739533,0.39404709172058755,,,,12981,12981,12657,324,0,ec7185fe72883db9e38857845287f27d313cf6ffc548be2ea6da8c2a6494deb6,5a14ae7e1cd89ceb0b29706f571bf1a6b8acfe8b5894d25447e6cf13fd789880,ec540f28e107fac49e9e9c7160d2faaff68814f1ed2c37c85cfd56d36044499c,378c778b73730c037c2521b0c343ee0e9bb95f45fed10a61c83db552a8c372a1,3ae5bf122f8bade926eb20eaf5d58198541d48e803abedafaf83877b3076e15f,0.97514663930712786,0.024853360692872084,122.83647559019832,0.43396588737540831,True,False,,,False,,observed_profile_hessian,68,3.7884285414400001,68,9.9999999999999995e-07,0,640c7bd6525d81fe8e578693ce99a8e44ac96d234633bf63750dce2e877b1a83,883d95773530a87171425f06373641437f2abaff1b4ce43029aca02f8eed1e41,"[{""attempt"": 0, ""tolerance"": 2e-07, ""free_valid"": true, ""free_nll"": 35.86852383438197, ""free_score"": 2.5129787140087956e-11, ""sigma"": 1618.0406203739533}]",1,35.868523834381968,2.5129787140087956e-11,11330.289643282542,11299.362477784929,newton
calibration,nominal,1,92,39,8,42820.015165030993,5352.5018956288741,44678.335512614416,5358.980255711399,0.34676753018503764,,,,43044,43044,42004,1040,0,53c924d845f937fc699fd4bc82fec5c71c4a52df56f47b15922ee2ec1acfdf11,020ba23cd30d460e6841f70a14cdeba6bc8badff4e6fd357e6dd771f821e90cc,aad45ec31de7c6cb4511dc90c57b05d0c87b7cc24afa5b970ee117dcf6c12423,378c778b73730c037c2521b0c343ee0e9bb95f45fed10a61c83db552a8c372a1,3ae5bf122f8bade926eb20eaf5d58198541d48e803abedafaf83877b3076e15f,0.97514663930712786,0.024853360692872084,122.83647559019832,0.43396588737540831,True,False,,,False,,observed_profile_hessian,68,3.7884285414400001,68,1.0000000000000001e-05,0,71f454ee2e7be3cbebcb3d1c2992943bef19abb767163ae0ac647e631cb9bccb,0b36b7c2a9e6fe8e750eb25c469ce55cdae7d60286b735c05714a7df7706783e,"[{""attempt"": 0, ""tolerance"": 2e-07, ""free_valid"": true, ""free_nll"": 32.61473015090392, ""free_score"": 5.684341886080802e-14, ""sigma"": 5358.980255711399}]",1,32.614730150903917,5.6843418860808015e-14,112973.05207406233,112870.82324969662,newton
