cohort,source,exposure,mass_MeV,toy,z,A_expected,s0,Ahat,sigma_postfit,pull,q_true,profile_contains68,profile_contains95,actual_full,actual_support,actual_window,actual_training,actual_outside_support,background_hash,counts_hash,signal_hash,template_hash,mask_hash,window_fraction,training_fraction,kernel_const,kernel_ls,fit_valid,profile_valid,failure_reason,native_cls90,native_cls90_valid,native_cls90_failure,sigma_method,fit_bins,nominal_sigma_MeV,nuisance_rank,covariance_load,max_omitted_covariance_mode,gp_mean_hash,gp_covariance_factor_hash,attempts_json,attempt_count,free_nll,fit_score,min_lambda,min_background,fit_method
calibration,stress,0.10000000000000001,44,10,0,0,1645.3880390170264,-2016.3962055907689,1650.5217674104151,-1.2216719860377196,,,,0,0,0,0,0,b44699d17a9c37e216f1200d0b1eb349c498492fc3ba89106f6e6ea5542cf6aa,b44699d17a9c37e216f1200d0b1eb349c498492fc3ba89106f6e6ea5542cf6aa,f440d6087e5a50c4aef861dbe0f0dd7752e43e8d6fb7b0a6393f704d359bba12,8f5f83da7c55e8c34a1ed4f5edebb52a900851fee291f6b040745a36665752bd,d04812a498535f8eaef9c9bf0960886190bb4ed5326d7ad247f949302122e814,0.97338276797150047,0.02661723202835916,82.394869719997601,0.3927842696321498,True,False,,,False,,observed_profile_hessian,34,1.91693081344,34,9.9999999999999995e-08,0,4b2643621c5c84517de18596079c098af4b7c8133b77432a78ede988e4f836af,ba2019468956de9b7da939400081cd5bdc5aeb146ce40193e9f68892b3229537,"[{""attempt"": 0, ""tolerance"": 2e-07, ""free_valid"": true, ""free_nll"": 21.026208388413465, ""free_score"": 8.15791878494565e-13, ""sigma"": 1650.5217674104151}]",1,21.026208388413465,8.1579187849456503e-13,12548.752379193185,12559.137664724189,newton
calibration,stress,1,44,10,0,0,5692.1085124485417,-32864.29138623763,5709.6049900354683,-5.7559658581623658,,,,0,0,0,0,0,5d5f4dc89257907c25752b02ce6785c1174ec248f125956afe6c7fcfb8dcc292,5d5f4dc89257907c25752b02ce6785c1174ec248f125956afe6c7fcfb8dcc292,f440d6087e5a50c4aef861dbe0f0dd7752e43e8d6fb7b0a6393f704d359bba12,8f5f83da7c55e8c34a1ed4f5edebb52a900851fee291f6b040745a36665752bd,d04812a498535f8eaef9c9bf0960886190bb4ed5326d7ad247f949302122e814,0.97338276797150047,0.02661723202835916,82.394869719997601,0.3927842696321498,True,False,,,False,,observed_profile_hessian,34,1.91693081344,34,9.9999999999999995e-07,0,ad918504925f9f7ff4cff6e62753f1d36cf2d901ff622a6f36eb821a88fb04da,63f5152cd5c96036c5d9d6b43261591b449f1bb3c615d12cc2fff25a40c79215,"[{""attempt"": 0, ""tolerance"": 2e-07, ""free_valid"": true, ""free_nll"": 47.84434694135918, ""free_score"": 1.800781745942004e-12, ""sigma"": 5709.604990035468}]",1,47.844346941359177,1.8007817459420039e-12,125637.38852466614,125806.65339873891,newton
calibration,stress,0.10000000000000001,44,10,1,1645.3880390170264,1645.3880390170264,-542.56949712646849,1651.8628414138257,-1.3245394722184241,,,,1535,1535,1497,38,0,b44699d17a9c37e216f1200d0b1eb349c498492fc3ba89106f6e6ea5542cf6aa,eb2a97058c4c27dcc2ebf8273741efb3d0f69483db7dfd1bc4519609c817e301,54bca48b50705a5f54692e55341680e227d4aabd08432f15d941f44731cbeeea,8f5f83da7c55e8c34a1ed4f5edebb52a900851fee291f6b040745a36665752bd,d04812a498535f8eaef9c9bf0960886190bb4ed5326d7ad247f949302122e814,0.97338276797150047,0.02661723202835916,82.394869719997601,0.3927842696321498,True,False,,,False,,observed_profile_hessian,34,1.91693081344,34,9.9999999999999995e-08,0,ae94940a010b8fb1292a7774590930fba657e5d3178ef9de8e93b60879693385,1297b03f225e7550edf7c893a79963a9c5533b99b505b0b1e38b4a2e4ef0042b,"[{""attempt"": 0, ""tolerance"": 2e-07, ""free_valid"": true, ""free_nll"": 20.88434370958241, ""free_score"": 1.0658141036401503e-13, ""sigma"": 1651.8628414138257}]",1,20.88434370958241,1.0658141036401503e-13,12558.358925020235,12561.153385321464,newton
calibration,stress,1,44,10,1,5692.1085124485417,5692.1085124485417,-27614.407491097274,5711.2703843025574,-5.8317175973823385,,,,5548,5548,5416,132,0,5d5f4dc89257907c25752b02ce6785c1174ec248f125956afe6c7fcfb8dcc292,fee682b6c5aeec24214c10d101e57075a5a0a451ee104652a8894f61aeea87a4,3da4b23bf6543c1df64694b591db192032020dbae2b876a10dd40391b50e1ed7,8f5f83da7c55e8c34a1ed4f5edebb52a900851fee291f6b040745a36665752bd,d04812a498535f8eaef9c9bf0960886190bb4ed5326d7ad247f949302122e814,0.97338276797150047,0.02661723202835916,82.394869719997601,0.3927842696321498,True,False,,,False,,observed_profile_hessian,34,1.91693081344,34,9.9999999999999995e-07,0,0ca2d002425f1c69ab9650a5f713aff58f116a06a53acab603da8d5149483f1c,25f7b6269775bc97cc87281984c2bf6acd33c279ecf00e597e426980269aad24,"[{""attempt"": 0, ""tolerance"": 2e-07, ""free_valid"": true, ""free_nll"": 47.737439153823956, ""free_score"": 7.180922523275513e-13, ""sigma"": 5711.270384302557}]",1,47.737439153823956,7.1809225232755125e-13,125672.39559575958,125814.62136754459,newton
calibration,stress,0.10000000000000001,44,10,2,3290.7760780340527,1645.3880390170264,1121.8454797889899,1653.4834880313042,-1.3117340535571167,,,,3367,3367,3282,85,0,b44699d17a9c37e216f1200d0b1eb349c498492fc3ba89106f6e6ea5542cf6aa,744bfa8fc6bca6d73e84922c772bd8a02c984ca55a1a7d590af580e4a0619a16,5eacd7eb95c1ee516f0c0ac34e71da25b23bd5bbdd7226058dffc3a7c873b264,8f5f83da7c55e8c34a1ed4f5edebb52a900851fee291f6b040745a36665752bd,d04812a498535f8eaef9c9bf0960886190bb4ed5326d7ad247f949302122e814,0.97338276797150047,0.02661723202835916,82.394869719997601,0.3927842696321498,True,False,,,False,,observed_profile_hessian,34,1.91693081344,34,9.9999999999999995e-08,0,02eb972dec12ef0f261530b112824d2b4ebceef48089d5eb46a57dcf8fa2686b,6ec82bdbf698820c67d6a9d6022f765cec1fe7e0ec959932ce17678fbed5a2cc,"[{""attempt"": 0, ""tolerance"": 2e-07, ""free_valid"": true, ""free_nll"": 22.05301438498454, ""free_score"": 6.350475700855895e-14, ""sigma"": 1653.4834880313042}]",1,22.053014384984539,6.3504757008558954e-14,12569.730449607972,12563.952475221307,newton
calibration,stress,1,44,10,2,11384.217024897083,5692.1085124485417,-22071.284341018785,5713.0815169512862,-5.8559467892502575,,,,11437,11437,11133,304,0,5d5f4dc89257907c25752b02ce6785c1174ec248f125956afe6c7fcfb8dcc292,23982b34ff03f486ba194b403e1a2fe35a61e2f3bd19d122db1be47f53a31315,e54181dcad1a036480defbeb4d3f2f35ad105278401564d2afe81674aba32f66,8f5f83da7c55e8c34a1ed4f5edebb52a900851fee291f6b040745a36665752bd,d04812a498535f8eaef9c9bf0960886190bb4ed5326d7ad247f949302122e814,0.97338276797150047,0.02661723202835916,82.394869719997601,0.3927842696321498,True,False,,,False,,observed_profile_hessian,34,1.91693081344,34,9.9999999999999995e-07,0,0cb148fd6c36c17ccda704762219d296b852a5b342f888a060784275cdf7598b,7b37c88fb2cc1dd7e33c40b94e7b1a6247f84507a03a311ccae3ae7d366955f3,"[{""attempt"": 0, ""tolerance"": 2e-07, ""free_valid"": true, ""free_nll"": 48.92289973836208, ""free_score"": 5.786482404346316e-13, ""sigma"": 5713.081516951286}]",1,48.922899738362077,5.7864824043463159e-13,125707.76561640017,125821.44198083782,newton
calibration,stress,0.10000000000000001,44,10,3,4936.1641170510793,1645.3880390170264,2631.7322999941048,1654.7792457212008,-1.3925916843685311,,,,4925,4925,4817,108,0,b44699d17a9c37e216f1200d0b1eb349c498492fc3ba89106f6e6ea5542cf6aa,f0971cf0056fba5113229f2995eaa1eec8b7c3424a3bce97c3eb8c5017a65c34,7f0fa13c82d938e3de70a903dcd402e6a7d4d55a46943c6893529ad15fb0585c,8f5f83da7c55e8c34a1ed4f5edebb52a900851fee291f6b040745a36665752bd,d04812a498535f8eaef9c9bf0960886190bb4ed5326d7ad247f949302122e814,0.97338276797150047,0.02661723202835916,82.394869719997601,0.3927842696321498,True,False,,,False,,observed_profile_hessian,34,1.91693081344,34,9.9999999999999995e-08,0,d799bff6debdb89661510193c152d4f0fc8452115836bc8a451811c0fa09351f,c522cc4a56e9731380c7589fd62f2524db29efa484adb816b182201d46eed8ae,"[{""attempt"": 0, ""tolerance"": 2e-07, ""free_valid"": true, ""free_nll"": 21.401060099897713, ""free_score"": 4.1300296516055823e-14, ""sigma"": 1654.7792457212008}]",1,21.401060099897713,4.1300296516055823e-14,12579.290474918549,12565.73595061384,newton
calibration,stress,1,44,10,3,17076.325537345627,5692.1085124485417,-16890.951748048941,5714.8087132519859,-5.9437295261744012,,,,17033,17033,16601,432,0,5d5f4dc89257907c25752b02ce6785c1174ec248f125956afe6c7fcfb8dcc292,6216f03a1e1ab377b44e7a09e40938affa7ef8663296e87b710d4a7eebdb65d5,1e3d78b2033633d8f2eaf860005becaa0cee73b11f6d09a6112e1caf99c0c665,8f5f83da7c55e8c34a1ed4f5edebb52a900851fee291f6b040745a36665752bd,d04812a498535f8eaef9c9bf0960886190bb4ed5326d7ad247f949302122e814,0.97338276797150047,0.02661723202835916,82.394869719997601,0.3927842696321498,True,False,,,False,,observed_profile_hessian,34,1.91693081344,34,9.9999999999999995e-07,0,aeca6067f64f6e246c137d7cfcc561d7ebd236f4493988096171b750b6f89411,e6db779c6118039ccf187cd3c715a64c720a3b51ad969030fc417fdd109eed8f,"[{""attempt"": 0, ""tolerance"": 2e-07, ""free_valid"": true, ""free_nll"": 48.46815974697198, ""free_score"": 2.48245868306185e-13, ""sigma"": 5714.808713251986}]",1,48.468159746971978,2.48245868306185e-13,125747.09341847376,125834.08889897878,newton
calibration,stress,0.10000000000000001,44,10,4,6581.5521560681054,1645.3880390170264,4470.8343012163259,1656.4302739876841,-1.2742569898643819,,,,6708,6708,6551,157,0,b44699d17a9c37e216f1200d0b1eb349c498492fc3ba89106f6e6ea5542cf6aa,87138905688a1aa733be5bc197d43ac93ffc6436ff3c42b4b0d78b7e7787a24b,a54dfe7d35385c74cb24bc3d19f4a98ad60e7332416088765d87f0087dffd691,8f5f83da7c55e8c34a1ed4f5edebb52a900851fee291f6b040745a36665752bd,d04812a498535f8eaef9c9bf0960886190bb4ed5326d7ad247f949302122e814,0.97338276797150047,0.02661723202835916,82.394869719997601,0.3927842696321498,True,False,,,False,,observed_profile_hessian,34,1.91693081344,34,9.9999999999999995e-08,0,2e737700d87e054198aceb9cb5e86f4db8f76ee21af90bd996c1f7c02a207ad2,01d15b9a3c05902c38e444ce7738f55d97c37e76e57d5531ee612d599ddd1db0,"[{""attempt"": 0, ""tolerance"": 2e-07, ""free_valid"": true, ""free_nll"": 21.201006774945576, ""free_score"": 1.9241842785788776e-07, ""sigma"": 1656.4302739876841}]",1,21.201006774945576,1.9241842785788776e-07,12589.837814185623,12566.811143806459,newton
calibration,stress,1,44,10,4,22768.434049794167,5692.1085124485417,-11010.875387893177,5716.5329218423203,-5.909055348674694,,,,22889,22889,22311,578,0,5d5f4dc89257907c25752b02ce6785c1174ec248f125956afe6c7fcfb8dcc292,8fa1e9049a483e3b899d13d33cc6b194afa0a97d7f6db3510d700c9cdf10b738,0a7366aafb5efff43d7aed0292567fa499013c69cc4bf408767c8fd6470d6078,8f5f83da7c55e8c34a1ed4f5edebb52a900851fee291f6b040745a36665752bd,d04812a498535f8eaef9c9bf0960886190bb4ed5326d7ad247f949302122e814,0.97338276797150047,0.02661723202835916,82.394869719997601,0.3927842696321498,True,False,,,False,,observed_profile_hessian,34,1.91693081344,34,9.9999999999999995e-07,0,8073ff879c52d25f80a57ca52fc83a1440258c67c557ea20c73728aa55bfcbff,4c04ad8211dcbb031a4fb4505c76b3845d97cb38647b4420af250dd12e6acdd6,"[{""attempt"": 0, ""tolerance"": 2e-07, ""free_valid"": true, ""free_nll"": 49.16817463533964, ""free_score"": 1.4477308241112041e-13, ""sigma"": 5716.53292184232}]",1,49.168174635339639,1.4477308241112041e-13,125777.95396210995,125834.66458501855,newton
calibration,stress,0.10000000000000001,44,10,5,8226.9401950851316,1645.3880390170264,5659.801671473524,1657.7067983336447,-1.5486083101017256,,,,8101,8101,7875,226,0,b44699d17a9c37e216f1200d0b1eb349c498492fc3ba89106f6e6ea5542cf6aa,537d6c3e45a10c952b414aeee47a599728ed783e6b4ae05341b859384c5d8f9f,8b8fb9b4abceb6160fb86e7c6d0882d6f48672af6e6bf42095a04b94cffc9c1c,8f5f83da7c55e8c34a1ed4f5edebb52a900851fee291f6b040745a36665752bd,d04812a498535f8eaef9c9bf0960886190bb4ed5326d7ad247f949302122e814,0.97338276797150047,0.02661723202835916,82.394869719997601,0.3927842696321498,True,False,,,False,,observed_profile_hessian,34,1.91693081344,34,9.9999999999999995e-08,0,c3fa914680081c427a6bd956df1699c03dec69150ce1c62052e525794af1497f,2c408e6cffcfe173fc3580e7f1ba9744693d57f3009f5f095792568bde5c9b71,"[{""attempt"": 0, ""tolerance"": 2e-07, ""free_valid"": true, ""free_nll"": 20.819388820099647, ""free_score"": 1.1324274851176597e-14, ""sigma"": 1657.7067983336447}]",1,20.819388820099647,1.1324274851176597e-14,12597.93986056253,12568.789509929988,newton
calibration,stress,1,44,10,5,28460.542562242706,5692.1085124485417,-6290.5519682838576,5718.3474419788927,-6.0771219103294971,,,,28262,28262,27442,820,0,5d5f4dc89257907c25752b02ce6785c1174ec248f125956afe6c7fcfb8dcc292,eb3dfc2ebbe416c9d8023ce3933e9cdd3f83f385004b2620718177731161fa3e,b052025e7f4e976eb2a489b8a7b57373453cef0eb240c445a4c58aa3adb7458c,8f5f83da7c55e8c34a1ed4f5edebb52a900851fee291f6b040745a36665752bd,d04812a498535f8eaef9c9bf0960886190bb4ed5326d7ad247f949302122e814,0.97338276797150047,0.02661723202835916,82.394869719997601,0.3927842696321498,True,False,,,False,,observed_profile_hessian,34,1.91693081344,34,9.9999999999999995e-07,0,13928adb2f8aecf2806ad4db72463702632a74bf3bae802bc1e5f1ba7b355fe8,8e0a4b4fe193c639dd943845cd1710102229475ab3aced6659e6190518375688,"[{""attempt"": 0, ""tolerance"": 2e-07, ""free_valid"": true, ""free_nll"": 49.59314279944144, ""free_score"": 2.5934809855243657e-13, ""sigma"": 5718.347441978893}]",1,49.593142799441438,2.5934809855243657e-13,125814.0485259674,125846.44750497614,newton
calibration,stress,0.10000000000000001,44,10,6,9872.3282341021586,1645.3880390170264,7332.0447828133811,1659.3273921665693,-1.5309115387843695,,,,9915,9915,9660,255,0,b44699d17a9c37e216f1200d0b1eb349c498492fc3ba89106f6e6ea5542cf6aa,8730bf2a7d80e579091dd5e422e24b81b26cbc0ff333d89420800f94f48fce82,090bb03d125e0be774af0a9291ac8222d17fd5a6bb347308fadfd9fbc6444095,8f5f83da7c55e8c34a1ed4f5edebb52a900851fee291f6b040745a36665752bd,d04812a498535f8eaef9c9bf0960886190bb4ed5326d7ad247f949302122e814,0.97338276797150047,0.02661723202835916,82.394869719997601,0.3927842696321498,True,False,,,False,,observed_profile_hessian,34,1.91693081344,34,9.9999999999999995e-08,0,bd6a7660f1eccac18b0438a7819a90d825a099fe2b7c00d79fcf543fac12d908,ae5752dd71e38f01b440408cdcf16d3567f7854dabf61f1a9ea441b2e201c1c0,"[{""attempt"": 0, ""tolerance"": 2e-07, ""free_valid"": true, ""free_nll"": 22.340146179228327, ""free_score"": 1.532107773982716e-14, ""sigma"": 1659.3273921665693}]",1,22.340146179228327,1.532107773982716e-14,12609.898985762198,12572.135882268703,newton
calibration,stress,1,44,10,6,34152.651074691254,5692.1085124485417,-489.84891272526841,5719.9731087756054,-6.056409589455563,,,,34005,34005,33126,879,0,5d5f4dc89257907c25752b02ce6785c1174ec248f125956afe6c7fcfb8dcc292,5ac145e2af35bbdc45027c4467225068873624d33c25125468cb7d1d15e8cc32,95f9baa793398ba9faa0d75b255d68c433392723283ae53f27e8ba7a5dc1a38e,8f5f83da7c55e8c34a1ed4f5edebb52a900851fee291f6b040745a36665752bd,d04812a498535f8eaef9c9bf0960886190bb4ed5326d7ad247f949302122e814,0.97338276797150047,0.02661723202835916,82.394869719997601,0.3927842696321498,True,False,,,False,,observed_profile_hessian,34,1.91693081344,34,9.9999999999999995e-07,0,f0ac000e50124a4a73e48af41a201a3a2c01dc05cd2589b0298ab7ab695ec339,c13bea4de998f8e2daa96503a0555be8e5d2db353e261df44215c783bb32cb75,"[{""attempt"": 0, ""tolerance"": 2e-07, ""free_valid"": true, ""free_nll"": 50.87227085684879, ""free_score"": 6.794564910705958e-14, ""sigma"": 5719.973108775605}]",1,50.872270856848793,6.794564910705958e-14,125842.17768967796,125844.70061687431,newton
calibration,stress,0.10000000000000001,44,10,7,11517.716273119184,1645.3880390170264,8842.2249051179551,1660.8982914588705,-1.610870082629309,,,,11607,11607,11279,328,0,b44699d17a9c37e216f1200d0b1eb349c498492fc3ba89106f6e6ea5542cf6aa,9e4ac2996f21f420e298ae0c59e2534c16f128190ff4deecaa8632997d62b57f,c0e12ad2753d47d13564c72432c9fa682b852aeb8794657ecb516389e055dd35,8f5f83da7c55e8c34a1ed4f5edebb52a900851fee291f6b040745a36665752bd,d04812a498535f8eaef9c9bf0960886190bb4ed5326d7ad247f949302122e814,0.97338276797150047,0.02661723202835916,82.394869719997601,0.3927842696321498,True,False,,,False,,observed_profile_hessian,34,1.91693081344,34,9.9999999999999995e-08,0,de3350a4cde205c388b1ea7f5b5c35ba082cefea9c690956fb4f072d916fcf14,b9ed0eb68b2642bcc1d20439e65920e925bf0ac0a9223b420d2bd283a22d40c7,"[{""attempt"": 0, ""tolerance"": 2e-07, ""free_valid"": true, ""free_nll"": 21.215397018006193, ""free_score"": 9.015010959956271e-14, ""sigma"": 1660.8982914588705}]",1,21.215397018006193,9.0150109599562711e-14,12622.549597649509,12577.008433609237,newton
calibration,stress,1,44,10,7,39844.759587139793,5692.1085124485417,5246.430387995425,5721.8855708168967,-6.0466656962880974,,,,40043,40043,38971,1072,0,5d5f4dc89257907c25752b02ce6785c1174ec248f125956afe6c7fcfb8dcc292,521cf00677455d61a39d724d95e089926be5df7c5da8326d761f3150dc2ab591,605eea90571e5eddf37f26a859d1e0eebf8e54497b9033b5fb7ada79efa72480,8f5f83da7c55e8c34a1ed4f5edebb52a900851fee291f6b040745a36665752bd,d04812a498535f8eaef9c9bf0960886190bb4ed5326d7ad247f949302122e814,0.97338276797150047,0.02661723202835916,82.394869719997601,0.3927842696321498,True,False,,,False,,observed_profile_hessian,34,1.91693081344,34,9.9999999999999995e-07,0,4694d886c4c2be8a338e080251ace7b535c6d5247ceed9718570c00478d92fc0,94e832f68b49dd2b41f428396ee3a85c724ef627254f99b8a09ec2d753b69a4b,"[{""attempt"": 0, ""tolerance"": 2e-07, ""free_valid"": true, ""free_nll"": 49.99181252942712, ""free_score"": 5.062616992290714e-14, ""sigma"": 5721.885570816897}]",1,49.991812529427122,5.0626169922907138e-14,125887.57582230891,125860.55450703031,newton
calibration,stress,0.10000000000000001,44,10,8,13163.104312136211,1645.3880390170264,10415.275012017175,1662.0315771855596,-1.6532954835744682,,,,13152,13152,12821,331,0,b44699d17a9c37e216f1200d0b1eb349c498492fc3ba89106f6e6ea5542cf6aa,a3105b85a87e2005c0153671bb473d5b169374125cadd0180928b2cb6a46f188,161021ab938491276c6c57b4e69e232cbc8d04ff72c61388ed7047f22a98389f,8f5f83da7c55e8c34a1ed4f5edebb52a900851fee291f6b040745a36665752bd,d04812a498535f8eaef9c9bf0960886190bb4ed5326d7ad247f949302122e814,0.97338276797150047,0.02661723202835916,82.394869719997601,0.3927842696321498,True,False,,,False,,observed_profile_hessian,34,1.91693081344,34,9.9999999999999995e-08,0,abbb90a0ffeadc31fc495cbf67c8135437a37183417deff424e1c1ad11badc83,6c46d279af4fc96d0aff81241acbd2ffcb684022647f1f859605ab026d7bcb53,"[{""attempt"": 0, ""tolerance"": 2e-07, ""free_valid"": true, ""free_nll"": 21.828224728240173, ""free_score"": 8.686384944667225e-13, ""sigma"": 1662.0315771855596}]",1,21.828224728240173,8.6863849446672248e-13,12632.648472108547,12579.005440752006,newton
calibration,stress,1,44,10,8,45536.868099588333,5692.1085124485417,10151.393826288429,5723.3994544724928,-6.182597345297693,,,,45492,45492,44285,1207,0,5d5f4dc89257907c25752b02ce6785c1174ec248f125956afe6c7fcfb8dcc292,d7ad7ab17d8e1058d309e93cd168847deed24f8a6abee8be071d171d7c321ced,7f80f24cb84db8a7a0347b1a5f46125ab49f56fcb560fed8d94d37f5021102ec,8f5f83da7c55e8c34a1ed4f5edebb52a900851fee291f6b040745a36665752bd,d04812a498535f8eaef9c9bf0960886190bb4ed5326d7ad247f949302122e814,0.97338276797150047,0.02661723202835916,82.394869719997601,0.3927842696321498,True,False,,,False,,observed_profile_hessian,34,1.91693081344,34,9.9999999999999995e-07,0,fc6d3153418e8ce9a52c3ba9e5f5fe9671eeecba566f65b9451d1278c652592f,52e902f2d386756da5133cbe65dee03b615c374c58c7fb5543d3fbe69eee76c8,"[{""attempt"": 0, ""tolerance"": 2e-07, ""free_valid"": true, ""free_nll"": 51.15446304234574, ""free_score"": 6.661338147750939e-14, ""sigma"": 5723.399454472493}]",1,51.154463042345739,6.6613381477509392e-14,125922.60728338966,125870.3233507323,newton
calibration,stress,0.10000000000000001,44,11,0,0,1645.3880390170264,-4390.2403561383135,1649.162633386054,-2.6621027346007042,,,,0,0,0,0,0,fb49a4a3343120f3d83f1c3cbdb0a529cf06eb37382e503d623d911a5daf7879,fb49a4a3343120f3d83f1c3cbdb0a529cf06eb37382e503d623d911a5daf7879,f440d6087e5a50c4aef861dbe0f0dd7752e43e8d6fb7b0a6393f704d359bba12,8f5f83da7c55e8c34a1ed4f5edebb52a900851fee291f6b040745a36665752bd,d04812a498535f8eaef9c9bf0960886190bb4ed5326d7ad247f949302122e814,0.97338276797150047,0.02661723202835916,82.394869719997601,0.3927842696321498,True,False,,,False,,observed_profile_hessian,34,1.91693081344,34,9.9999999999999995e-08,0,c14933f73c378bff50cfc5ccbcbedcadb9b55420a520ec91b7add4c61f1a1b8a,186fa77ce990c9389acfcabf8fa1580b8c9ea9b3f9eb01f1a43e6ad79d98cd2e,"[{""attempt"": 0, ""tolerance"": 2e-07, ""free_valid"": true, ""free_nll"": 21.391990471572527, ""free_score"": 3.865796571744795e-13, ""sigma"": 1649.162633386054}]",1,21.391990471572527,3.8657965717447951e-13,12556.897648679816,12579.509226464883,newton
calibration,stress,1,44,11,0,0,5692.1085124485417,-29135.707188351476,5709.4565652630217,-5.1030613606234274,,,,0,0,0,0,0,26b9d5eeaf4bc9d3ecc799e898aa3f7022837b983e3a302b35036e41ecf123a7,26b9d5eeaf4bc9d3ecc799e898aa3f7022837b983e3a302b35036e41ecf123a7,f440d6087e5a50c4aef861dbe0f0dd7752e43e8d6fb7b0a6393f704d359bba12,8f5f83da7c55e8c34a1ed4f5edebb52a900851fee291f6b040745a36665752bd,d04812a498535f8eaef9c9bf0960886190bb4ed5326d7ad247f949302122e814,0.97338276797150047,0.02661723202835916,82.394869719997601,0.3927842696321498,True,False,,,False,,observed_profile_hessian,34,1.91693081344,34,9.9999999999999995e-07,0,a5d0b93eebf0fb214f80e9d947fa42b790a483f16498c4e27a7195a9d8ec5615,2ebf28838c88b3c0892e87f1ea3f5426249300cf9fcec6d3fb7597fd017d1391,"[{""attempt"": 0, ""tolerance"": 2e-07, ""free_valid"": true, ""free_nll"": 38.15159750965789, ""free_score"": 5.981881656680343e-13, ""sigma"": 5709.456565263022}]",1,38.15159750965789,5.9818816566803434e-13,125509.50002255151,125659.56112535451,newton
calibration,stress,0.10000000000000001,44,11,1,1645.3880390170264,1645.3880390170264,-2905.068558938553,1650.6171074232934,-2.7568214199955183,,,,1605,1605,1556,49,0,fb49a4a3343120f3d83f1c3cbdb0a529cf06eb37382e503d623d911a5daf7879,4c91607397c5c71695b1fcfc9ceda3a950899adca7a35f59d1872318f7d75a25,e16bcf19de71037cd8dc541d12eb652be989f8a64a48cc651d992717babd58d8,8f5f83da7c55e8c34a1ed4f5edebb52a900851fee291f6b040745a36665752bd,d04812a498535f8eaef9c9bf0960886190bb4ed5326d7ad247f949302122e814,0.97338276797150047,0.02661723202835916,82.394869719997601,0.3927842696321498,True,False,,,False,,observed_profile_hessian,34,1.91693081344,34,9.9999999999999995e-08,0,496503600a94d7ef5cbcdde14753f502ab01d6946793b5f10af9b25361f4e288,fa302b98a3169f194662aec22345bc9c88859f07521a6e580c56a37b33816706,"[{""attempt"": 0, ""tolerance"": 2e-07, ""free_valid"": true, ""free_nll"": 21.360385737101723, ""free_score"": 4.0523140398818214e-14, ""sigma"": 1650.6171074232934}]",1,21.360385737101723,4.0523140398818214e-14,12567.797855113558,12582.760175707132,newton
calibration,stress,1,44,11,1,5692.1085124485417,5692.1085124485417,-23924.741457920314,5711.2012366194058,-5.1857479264554449,,,,5623,5623,5461,162,0,26b9d5eeaf4bc9d3ecc799e898aa3f7022837b983e3a302b35036e41ecf123a7,b999b453d1035991d7995d7db65e33bd0880f65aa282307a218fbe1c59a235c4,116593e5c24d751e9525a69bebd5623cce6db6782e874a837e3ed4b3bbc367e3,8f5f83da7c55e8c34a1ed4f5edebb52a900851fee291f6b040745a36665752bd,d04812a498535f8eaef9c9bf0960886190bb4ed5326d7ad247f949302122e814,0.97338276797150047,0.02661723202835916,82.394869719997601,0.3927842696321498,True,False,,,False,,observed_profile_hessian,34,1.91693081344,34,9.9999999999999995e-07,0,31e1d753ccc1904a6452d70a1ed962c7d2d3b28d664c5a46681c3759a5c7336a,b9d3f3e2fb628ef3ae38d8ecc9d44ef04d0edad7562d126334059e259cfbdf7f,"[{""attempt"": 0, ""tolerance"": 2e-07, ""free_valid"": true, ""free_nll"": 38.559676340834486, ""free_score"": 5.488942633746774e-13, ""sigma"": 5711.201236619406}]",1,38.559676340834486,5.4889426337467739e-13,125544.68998746599,125667.91243284008,newton
calibration,stress,0.10000000000000001,44,11,2,3290.7760780340527,1645.3880390170264,-1261.9677744520682,1652.1683230455394,-2.7556174446522368,,,,3307,3307,3203,104,0,fb49a4a3343120f3d83f1c3cbdb0a529cf06eb37382e503d623d911a5daf7879,0fc98950cea0b93403cc6aabb311303cb907a1d9dea5adaaef05d698955d1003,2f9df51e85a7c6f03669f89133191bbe9d443d5c887bb0cf9e2dc108943a8068,8f5f83da7c55e8c34a1ed4f5edebb52a900851fee291f6b040745a36665752bd,d04812a498535f8eaef9c9bf0960886190bb4ed5326d7ad247f949302122e814,0.97338276797150047,0.02661723202835916,82.394869719997601,0.3927842696321498,True,False,,,False,,observed_profile_hessian,34,1.91693081344,34,9.9999999999999995e-08,0,824a31171834e9321fbc531522e742a82b668b7b5d5d739c27d86dad2c383006,e794151fc21d2dd75f5fe510f0adb36e1a00d4fc2b5e2e0bb555ce6b0766258b,"[{""attempt"": 0, ""tolerance"": 2e-07, ""free_valid"": true, ""free_nll"": 21.434606225299895, ""free_score"": 2.453592884421596e-14, ""sigma"": 1652.1683230455394}]",1,21.434606225299895,2.453592884421596e-14,12577.740568008525,12584.240230937998,newton
calibration,stress,1,44,11,2,11384.217024897083,5692.1085124485417,-18113.357407761865,5713.0100202985068,-5.1632281980695156,,,,11452,11452,11121,331,0,26b9d5eeaf4bc9d3ecc799e898aa3f7022837b983e3a302b35036e41ecf123a7,fb2674e56317ba258023984c5dfa9edd43300826996335aa12a87f8fa042346f,61bc9c4c169f7fda1c811685f2cab9fd0d82358e6bd75b5df557ac5b021d6db1,8f5f83da7c55e8c34a1ed4f5edebb52a900851fee291f6b040745a36665752bd,d04812a498535f8eaef9c9bf0960886190bb4ed5326d7ad247f949302122e814,0.97338276797150047,0.02661723202835916,82.394869719997601,0.3927842696321498,True,False,,,False,,observed_profile_hessian,34,1.91693081344,34,9.9999999999999995e-07,0,aa3bd267c52953aeabb7f0505d4a2e0d7542e8709b223c673838502f8fedbfd6,5f50355a0c096abd46e2e0f0208ed225c45ee29f448330dd8678df5cda053755,"[{""attempt"": 0, ""tolerance"": 2e-07, ""free_valid"": true, ""free_nll"": 39.39322869323976, ""free_score"": 2.353672812205332e-13, ""sigma"": 5713.010020298507}]",1,39.393228693239763,2.3536728122053319e-13,125578.38292257891,125671.67430454202,newton
calibration,stress,0.10000000000000001,44,11,3,4936.1641170510793,1645.3880390170264,396.78429772762757,1653.5688574619744,-2.7452015674090786,,,,4934,4934,4804,130,0,fb49a4a3343120f3d83f1c3cbdb0a529cf06eb37382e503d623d911a5daf7879,26cd732c44fa816f48c47ebb54336de75144e8d644e601a0de05c4cdd7cf63bf,c25dffe6060199efbc7891af962e256cfa10581940cd10b454143bd12c850f2d,8f5f83da7c55e8c34a1ed4f5edebb52a900851fee291f6b040745a36665752bd,d04812a498535f8eaef9c9bf0960886190bb4ed5326d7ad247f949302122e814,0.97338276797150047,0.02661723202835916,82.394869719997601,0.3927842696321498,True,False,,,False,,observed_profile_hessian,34,1.91693081344,34,9.9999999999999995e-08,0,1262525a085e88c3b8ce70eb6cd94476d62286766a527c5b5f67349e5d45c4e4,915069a61d3781189bed2d8168673d4d71858c887bd1da66e8b1494df340ae47,"[{""attempt"": 0, ""tolerance"": 2e-07, ""free_valid"": true, ""free_nll"": 21.444757695301746, ""free_score"": 8.605555823493205e-08, ""sigma"": 1653.5688574619744}]",1,21.444757695301746,8.605555823493205e-08,12585.933192101686,12583.889586675979,newton
calibration,stress,1,44,11,3,17076.325537345627,5692.1085124485417,-12682.080936892324,5714.6935082360333,-5.2073495160064223,,,,17146,17146,16689,457,0,26b9d5eeaf4bc9d3ecc799e898aa3f7022837b983e3a302b35036e41ecf123a7,9e126a20ff9fb0ef5c78dfa0742be696ea23755303fcdcb26f85dedbe41630cf,dab207fb565bcec9e6d6c6cb625cdd345b9690c22274c6d1e280e1681d69b379,8f5f83da7c55e8c34a1ed4f5edebb52a900851fee291f6b040745a36665752bd,d04812a498535f8eaef9c9bf0960886190bb4ed5326d7ad247f949302122e814,0.97338276797150047,0.02661723202835916,82.394869719997601,0.3927842696321498,True,False,,,False,,observed_profile_hessian,34,1.91693081344,34,9.9999999999999995e-07,0,12b7b8c1e09accb77ba11b7a23c67978ae569368908bec91b83f3717e6eab919,11cf77181a881931d14d73de9f659d5150679c5955d4220fd2370e23ccd01628,"[{""attempt"": 0, ""tolerance"": 2e-07, ""free_valid"": true, ""free_nll"": 39.04314252425527, ""free_score"": 3.6548541970660153e-13, ""sigma"": 5714.693508236033}]",1,39.043142524255273,3.6548541970660153e-13,125614.07794351883,125679.39597540747,newton
calibration,stress,0.10000000000000001,44,11,4,6581.5521560681054,1645.3880390170264,1798.2401289477464,1654.8511061927193,-2.8904787924547621,,,,6450,6450,6289,161,0,fb49a4a3343120f3d83f1c3cbdb0a529cf06eb37382e503d623d911a5daf7879,b51a1e606282478007208ac354e15309acb57575b16a2ce416a24ae216d4b0b4,0806822aa0a1c1b4339bc18a1cf3240d851a1241082399335a8dfdfdc236f9a4,8f5f83da7c55e8c34a1ed4f5edebb52a900851fee291f6b040745a36665752bd,d04812a498535f8eaef9c9bf0960886190bb4ed5326d7ad247f949302122e814,0.97338276797150047,0.02661723202835916,82.394869719997601,0.3927842696321498,True,False,,,False,,observed_profile_hessian,34,1.91693081344,34,9.9999999999999995e-08,0,f029127317dd244d5e97a160ca16837eadc67ac888132065bc0b495b1f531411,0441ec32b78844dd0126581cbd4bb8eaf30ffce9e430f05f480688f5fbcfdaec,"[{""attempt"": 0, ""tolerance"": 2e-07, ""free_valid"": true, ""free_nll"": 22.43222144435237, ""free_score"": 3.462005548904301e-08, ""sigma"": 1654.8511061927193}]",1,22.432221444352368,3.4620055489043011e-08,12594.856745506098,12585.595055199079,newton
calibration,stress,1,44,11,4,22768.434049794167,5692.1085124485417,-7407.6317060090869,5716.3722198831438,-5.2788839835940786,,,,22745,22745,22151,594,0,26b9d5eeaf4bc9d3ecc799e898aa3f7022837b983e3a302b35036e41ecf123a7,5d54af81f84159b9e569c119246dd95a948a22308bb26506c44fb820a1456afe,bbfb2febfee0d70ccda2ae32ac5ba4cc3a186639322e1d377b5fffaa2f99e24d,8f5f83da7c55e8c34a1ed4f5edebb52a900851fee291f6b040745a36665752bd,d04812a498535f8eaef9c9bf0960886190bb4ed5326d7ad247f949302122e814,0.97338276797150047,0.02661723202835916,82.394869719997601,0.3927842696321498,True,False,,,False,,observed_profile_hessian,34,1.91693081344,34,9.9999999999999995e-07,0,70df9acc7dcdaaa83748c63e43667fb132e8d8b0a726aca4962cfeaf8d64e391,9bae16114822885a40f4d1436551dbe81a06c6823ffb5fdb02b37e3890ac5229,"[{""attempt"": 0, ""tolerance"": 2e-07, ""free_valid"": true, ""free_nll"": 40.280850367302435, ""free_score"": 1.723066134218243e-13, ""sigma"": 5716.372219883144}]",1,40.280850367302435,1.723066134218243e-13,125646.44445420319,125684.59686202963,newton
calibration,stress,0.10000000000000001,44,11,5,8226.9401950851316,1645.3880390170264,3496.4421647652575,1656.481791978566,-2.8557500922902288,,,,8325,8325,8121,204,0,fb49a4a3343120f3d83f1c3cbdb0a529cf06eb37382e503d623d911a5daf7879,5a3b6a2894c3c61bd5ee2790cb444ad441c4e9e86f1e05b8e3d18796f463f140,af6deb8d5657167c6b6770a3f210feba6c105f70a270d53209947e4ab91c01e2,8f5f83da7c55e8c34a1ed4f5edebb52a900851fee291f6b040745a36665752bd,d04812a498535f8eaef9c9bf0960886190bb4ed5326d7ad247f949302122e814,0.97338276797150047,0.02661723202835916,82.394869719997601,0.3927842696321498,True,False,,,False,,observed_profile_hessian,34,1.91693081344,34,9.9999999999999995e-08,0,9ba601fdd6e8e5f9e6d806f006efe9b14edc8ea53e9d5f1fc8b18034cf0d0119,c24a8a98cca811e21af945d5908a2d4ff66eff0bef97ee7e05dbc5264b00de0f,"[{""attempt"": 0, ""tolerance"": 2e-07, ""free_valid"": true, ""free_nll"": 22.06270656629669, ""free_score"": 2.8976820942716586e-14, ""sigma"": 1656.481791978566}]",1,22.06270656629669,2.8976820942716586e-14,12609.71427378129,12591.706131272866,newton
calibration,stress,1,44,11,5,28460.542562242706,5692.1085124485417,-2143.476900249801,5718.1155230140739,-5.3521163291155114,,,,28547,28547,27814,733,0,26b9d5eeaf4bc9d3ecc799e898aa3f7022837b983e3a302b35036e41ecf123a7,f136b2be0a62df1beef08877a190417c6b5569179d16de2ee5e1474a757f3481,05b5e49fecfe24551732e31f9795b544d416c96d8db81d15aabb87d0f1645b43,8f5f83da7c55e8c34a1ed4f5edebb52a900851fee291f6b040745a36665752bd,d04812a498535f8eaef9c9bf0960886190bb4ed5326d7ad247f949302122e814,0.97338276797150047,0.02661723202835916,82.394869719997601,0.3927842696321498,True,False,,,False,,observed_profile_hessian,34,1.91693081344,34,9.9999999999999995e-07,0,205091a64a54f9080a56901166666d9ddce8d5f86d4813a0ac3f3994be9aa1e6,d6dc254817086b2db6b8c7bcf2f17d6a032ba3f1ef7ed0968e974eb42460b8bd,"[{""attempt"": 0, ""tolerance"": 2e-07, ""free_valid"": true, ""free_nll"": 39.33929601613389, ""free_score"": 1.609823385706477e-14, ""sigma"": 5718.115523014074}]",1,39.339296016133893,1.609823385706477e-14,125687.52815337865,125698.56795774671,newton
calibration,stress,0.10000000000000001,44,11,6,9872.3282341021586,1645.3880390170264,4796.0180438286452,1657.8999925281503,-3.0618916781178043,,,,9763,9763,9474,289,0,fb49a4a3343120f3d83f1c3cbdb0a529cf06eb37382e503d623d911a5daf7879,df5bfd09d3ac261dea0727adeb0c58075f2e525974deb63de27b7161ba34dd94,4fe9568be089331fccc1ab813f9872bb382622319bda959ba2b62c12d465cbee,8f5f83da7c55e8c34a1ed4f5edebb52a900851fee291f6b040745a36665752bd,d04812a498535f8eaef9c9bf0960886190bb4ed5326d7ad247f949302122e814,0.97338276797150047,0.02661723202835916,82.394869719997601,0.3927842696321498,True,False,,,False,,observed_profile_hessian,34,1.91693081344,34,9.9999999999999995e-08,0,342966670b4614d14c76e496e4d88d38ef2fd2051886729e746aad3ec661d32e,9086186212206231eb59d3e0a978d5bfebc646a897d7633b98acee02ca8881f8,"[{""attempt"": 0, ""tolerance"": 2e-07, ""free_valid"": true, ""free_nll"": 22.157258341077277, ""free_score"": 5.895284260759581e-14, ""sigma"": 1657.8999925281503}]",1,22.157258341077277,5.8952842607595812e-14,12616.236614402091,12591.535111463878,newton
calibration,stress,1,44,11,6,34152.651074691254,5692.1085124485417,3069.1607421265599,5719.9791481669126,-5.4341964415248007,,,,34229,34229,33279,950,0,26b9d5eeaf4bc9d3ecc799e898aa3f7022837b983e3a302b35036e41ecf123a7,68f0c94f5c3d201b5524ce86d52140200237ec81a7424eae490aefdedde42ba7,b632db38d736df9d1947babd433f0d674ce95bb9e7fef9b45832216fd2455ca5,8f5f83da7c55e8c34a1ed4f5edebb52a900851fee291f6b040745a36665752bd,d04812a498535f8eaef9c9bf0960886190bb4ed5326d7ad247f949302122e814,0.97338276797150047,0.02661723202835916,82.394869719997601,0.3927842696321498,True,False,,,False,,observed_profile_hessian,34,1.91693081344,34,9.9999999999999995e-07,0,2586423998411231ab007ce0cb699f49ae7dce5c88ce1d06cae5b381a2c9a7a5,c1ff7321ac792480c578085a39c2ffb9ce74bd0ff6db0fa1982b3bf374844f96,"[{""attempt"": 0, ""tolerance"": 2e-07, ""free_valid"": true, ""free_nll"": 39.92231591930851, ""free_score"": 6.084022174945858e-14, ""sigma"": 5719.979148166913}]",1,39.92231591930851,6.0840221749458578e-14,125721.46857841311,125705.66111430505,newton
calibration,stress,0.10000000000000001,44,11,7,11517.716273119184,1645.3880390170264,6616.7516050181348,1659.3400493423962,-2.9535625744966034,,,,11517,11517,11228,289,0,fb49a4a3343120f3d83f1c3cbdb0a529cf06eb37382e503d623d911a5daf7879,0158307b92c3b03934acd35488430d6884f2bd6cc8cd699479e772532c4b4e32,b5dcf3b55f4418871a2f65f91f427ea9291a30bdcc91e9bace943323e32c9034,8f5f83da7c55e8c34a1ed4f5edebb52a900851fee291f6b040745a36665752bd,d04812a498535f8eaef9c9bf0960886190bb4ed5326d7ad247f949302122e814,0.97338276797150047,0.02661723202835916,82.394869719997601,0.3927842696321498,True,False,,,False,,observed_profile_hessian,34,1.91693081344,34,9.9999999999999995e-08,0,5c78186e77c60dcb01869709a81e4725845430edc22ddb1e0c186a747e6bd1af,d53ed2230e8f16925f5bf984bc1d10428c01b08cbd53d7994e7bfe7c7be47c37,"[{""attempt"": 0, ""tolerance"": 2e-07, ""free_valid"": true, ""free_nll"": 22.176181719029845, ""free_score"": 1.8096635301390052e-13, ""sigma"": 1659.3400493423962}]",1,22.176181719029845,1.8096635301390052e-13,12628.044369250681,12593.965325402402,newton
calibration,stress,1,44,11,7,39844.759587139793,5692.1085124485417,8498.2898307986652,5721.6302139187837,-5.4785906436396061,,,,39896,39896,38835,1061,0,26b9d5eeaf4bc9d3ecc799e898aa3f7022837b983e3a302b35036e41ecf123a7,df7949bdd79696f3b64807049a273336b45176792ad9d1d372e564a9fcbf6b59,516f819b50c0340d23583e9310293102475ce1533927fdc33fad978e2df55bac,8f5f83da7c55e8c34a1ed4f5edebb52a900851fee291f6b040745a36665752bd,d04812a498535f8eaef9c9bf0960886190bb4ed5326d7ad247f949302122e814,0.97338276797150047,0.02661723202835916,82.394869719997601,0.3927842696321498,True,False,,,False,,observed_profile_hessian,34,1.91693081344,34,9.9999999999999995e-07,0,3f01b5637ef97ca32a69a50d5a6ccf3f0cf2f73076df12d49108ada6a24583fa,2148d5ffdf34b7102f643e4d622adf783cb3bb22db448cf9a97c7b2c0d16c2e7,"[{""attempt"": 0, ""tolerance"": 2e-07, ""free_valid"": true, ""free_nll"": 41.169198645136, ""free_score"": 2.708944180085382e-14, ""sigma"": 5721.630213918784}]",1,41.169198645135999,2.708944180085382e-14,125757.52390331232,125713.75414904808,newton
calibration,stress,0.10000000000000001,44,11,8,13163.104312136211,1645.3880390170264,8286.4892442012042,1660.9303027541212,-2.9360744757613864,,,,13405,13405,13070,335,0,fb49a4a3343120f3d83f1c3cbdb0a529cf06eb37382e503d623d911a5daf7879,5580d6a96ad19ddd5f9e3c6767d54217be5df60d26727f672e2a297d8aba64e5,5503e6eccea6abbf91049aa7716baa5bed6c3c7bd053447603302aec22a4b0c7,8f5f83da7c55e8c34a1ed4f5edebb52a900851fee291f6b040745a36665752bd,d04812a498535f8eaef9c9bf0960886190bb4ed5326d7ad247f949302122e814,0.97338276797150047,0.02661723202835916,82.394869719997601,0.3927842696321498,True,False,,,False,,observed_profile_hessian,34,1.91693081344,34,9.9999999999999995e-08,0,725f9eaa6e25a0449b0a663b04ce50935f1d1b11d4eecf4fa851579ebc61a6d9,96ea52861b3c20236c7a833ea4ae39ab79ac7bea103a71e369ff0498b0290b02,"[{""attempt"": 0, ""tolerance"": 2e-07, ""free_valid"": true, ""free_nll"": 21.549059475029303, ""free_score"": 1.9581003485313886e-12, ""sigma"": 1660.9303027541212}]",1,21.549059475029303,1.9581003485313886e-12,12639.521516765546,12596.842624287965,newton
calibration,stress,1,44,11,8,45536.868099588333,5692.1085124485417,14269.647467797491,5723.3600451326647,-5.4630881833795382,,,,45725,45725,44516,1209,0,26b9d5eeaf4bc9d3ecc799e898aa3f7022837b983e3a302b35036e41ecf123a7,59ec5da011ac4b011856ef7a3c047c5c3c0a5dd75ebd4b34c4a47c50ec8b84ea,e808a23f7282beb188948284ba181274836985472f034163a5fc0165b4a506f3,8f5f83da7c55e8c34a1ed4f5edebb52a900851fee291f6b040745a36665752bd,d04812a498535f8eaef9c9bf0960886190bb4ed5326d7ad247f949302122e814,0.97338276797150047,0.02661723202835916,82.394869719997601,0.3927842696321498,True,False,,,False,,observed_profile_hessian,34,1.91693081344,34,9.9999999999999995e-07,0,2b654f8b2b4bd651f611740a5b3a876c33d21c1050aff48d566f5abb43251bed,c7f923794030ea020c7e47bfcda07ef69882d519ec0426641c08432ba4ce92b4,"[{""attempt"": 0, ""tolerance"": 2e-07, ""free_valid"": true, ""free_nll"": 41.76247012981802, ""free_score"": 2.1449508835758024e-13, ""sigma"": 5723.360045132665}]",1,41.76247012981802,2.1449508835758024e-13,125788.43587494167,125714.94121006929,newton
calibration,stress,0.10000000000000001,44,12,0,0,1645.3880390170264,-1961.3742976970086,1648.5191417666108,-1.1897795105946609,,,,0,0,0,0,0,95b95e65f8e9b59db1d65837e267ccef54475ba8d5315bbdb3c5182904eb92d7,95b95e65f8e9b59db1d65837e267ccef54475ba8d5315bbdb3c5182904eb92d7,f440d6087e5a50c4aef861dbe0f0dd7752e43e8d6fb7b0a6393f704d359bba12,8f5f83da7c55e8c34a1ed4f5edebb52a900851fee291f6b040745a36665752bd,d04812a498535f8eaef9c9bf0960886190bb4ed5326d7ad247f949302122e814,0.97338276797150047,0.02661723202835916,82.394869719997601,0.3927842696321498,True,False,,,False,,observed_profile_hessian,34,1.91693081344,34,9.9999999999999995e-08,0,c6faca298e0dcf21d2a556d5f4a962e0961edf5e29b179e5e286ae508fecfc97,c1608e5079d315cc27b8b4d7162ea24e7b9d1afc83d4daaeefb0c35d484ad866,"[{""attempt"": 0, ""tolerance"": 2e-07, ""free_valid"": true, ""free_nll"": 16.490172602244936, ""free_score"": 1.0502709812953981e-13, ""sigma"": 1648.5191417666108}]",1,16.490172602244936,1.0502709812953981e-13,12553.232360899221,12563.334260544872,newton
calibration,stress,1,44,12,0,0,5692.1085124485417,-47395.638430720057,5719.5041206387841,-8.286669164148913,,,,0,0,0,0,0,4d8b9cc62e7e76f448c4388aa77ad68a3926c003d4cbf783a192f32716319816,4d8b9cc62e7e76f448c4388aa77ad68a3926c003d4cbf783a192f32716319816,f440d6087e5a50c4aef861dbe0f0dd7752e43e8d6fb7b0a6393f704d359bba12,8f5f83da7c55e8c34a1ed4f5edebb52a900851fee291f6b040745a36665752bd,d04812a498535f8eaef9c9bf0960886190bb4ed5326d7ad247f949302122e814,0.97338276797150047,0.02661723202835916,82.394869719997601,0.3927842696321498,True,False,,,False,,observed_profile_hessian,34,1.91693081344,34,9.9999999999999995e-07,0,88853803f60beb85ba4c6152c4d68f82882dda9a0b94b7bf300f548911e335cd,09171d13d6b16646870ae14b85dac0cbae43881e7a98b2b0769de583a9b4e9de,"[{""attempt"": 0, ""tolerance"": 2e-07, ""free_valid"": true, ""free_nll"": 38.88700415848922, ""free_score"": 9.092726571680032e-12, ""sigma"": 5719.504120638784}]",1,38.887004158489219,9.0927265716800321e-12,125645.65291675257,125889.76031819601,newton
calibration,stress,0.10000000000000001,44,12,1,1645.3880390170264,1645.3880390170264,-403.92517677381693,1649.9822678201624,-1.2420213572950987,,,,1629,1629,1580,49,0,95b95e65f8e9b59db1d65837e267ccef54475ba8d5315bbdb3c5182904eb92d7,235f374e269b6c96fe472ef0d754d409651084aa7406bea2576aef7cd5ce4726,879e815cd02addaa7de7a1466c0b9c7233e986a0998284754e1e375c9baf4c1f,8f5f83da7c55e8c34a1ed4f5edebb52a900851fee291f6b040745a36665752bd,d04812a498535f8eaef9c9bf0960886190bb4ed5326d7ad247f949302122e814,0.97338276797150047,0.02661723202835916,82.394869719997601,0.3927842696321498,True,False,,,False,,observed_profile_hessian,34,1.91693081344,34,9.9999999999999995e-08,0,719af25294dcbf3aba6394586b245f7f174644250ac0d1f6f68bf70b98199883,dc3b4ff762bcbfd39933cbeb20814a978dd8efeafc4eaf84b8d6c1a9c2a61257,"[{""attempt"": 0, ""tolerance"": 2e-07, ""free_valid"": true, ""free_nll"": 16.967655629841204, ""free_score"": 4.729550084903167e-14, ""sigma"": 1649.9822678201624}]",1,16.967655629841204,4.7295500849031669e-14,12563.670755091605,12565.751139037146,newton
calibration,stress,1,44,12,1,5692.1085124485417,5692.1085124485417,-41953.921454640476,5721.277049359941,-8.3278662361612685,,,,5705,5705,5537,168,0,4d8b9cc62e7e76f448c4388aa77ad68a3926c003d4cbf783a192f32716319816,ca214e51eafa1c862e13653d34fbe3fee4faddd84d18ca61af74eb6b2c0e6a05,ab9b592e1c7830f5cd054bc5f138cdbe52dd17e8a3b7535a9e6cb99b8d45edc2,8f5f83da7c55e8c34a1ed4f5edebb52a900851fee291f6b040745a36665752bd,d04812a498535f8eaef9c9bf0960886190bb4ed5326d7ad247f949302122e814,0.97338276797150047,0.02661723202835916,82.394869719997601,0.3927842696321498,True,False,,,False,,observed_profile_hessian,34,1.91693081344,34,9.9999999999999995e-07,0,0af46b10efc1b5406b7b01591e2765f0e0e88f1866eb58e4621651958b854afd,2457f98104787d47e939eae06834bab9bf0c2c2518d35348a33e64b678ee8cfd,"[{""attempt"": 0, ""tolerance"": 2e-07, ""free_valid"": true, ""free_nll"": 39.44058548114215, ""free_score"": 4.667821684734008e-12, ""sigma"": 5721.277049359941}]",1,39.440585481142151,4.6678216847340082e-12,125680.75808951572,125896.83836790726,newton
calibration,stress,0.10000000000000001,44,12,2,3290.7760780340527,1645.3880390170264,1116.0463877212078,1651.3432703824094,-1.3169458642049829,,,,3231,3231,3151,80,0,95b95e65f8e9b59db1d65837e267ccef54475ba8d5315bbdb3c5182904eb92d7,eb1de245f7a1205eef5ca0bf4ba9e5d8ccd0f7dd10213bb50f80696571725cff,d1dc49c93e517db8a2b809b6d47af19f71c8506da68d284574f4c3f51cf448a4,8f5f83da7c55e8c34a1ed4f5edebb52a900851fee291f6b040745a36665752bd,d04812a498535f8eaef9c9bf0960886190bb4ed5326d7ad247f949302122e814,0.97338276797150047,0.02661723202835916,82.394869719997601,0.3927842696321498,True,False,,,False,,observed_profile_hessian,34,1.91693081344,34,9.9999999999999995e-08,0,cbd55ab80a09069b430edd15537ec60da2cf2e4ac042254243b0eff3898eb950,4b74e8eca3a06df17441ac18ffff5f78e930c7809d64e4036de02901a28e2334,"[{""attempt"": 0, ""tolerance"": 2e-07, ""free_valid"": true, ""free_nll"": 15.968948226546743, ""free_score"": 9.664718092494695e-08, ""sigma"": 1651.3432703824094}]",1,15.968948226546743,9.6647180924946952e-08,12573.025718626823,12567.277611994708,newton
calibration,stress,1,44,12,2,11384.217024897083,5692.1085124485417,-36930.853704177287,5722.9378744718897,-8.4423545718697621,,,,11212,11212,10915,297,0,4d8b9cc62e7e76f448c4388aa77ad68a3926c003d4cbf783a192f32716319816,ca0b8aedb82ee2f32fd241aacebedbadd0df6ec4830d7d99ed150c47d9711f2c,e9ccf7e58104851f7f8d92f951d711bc72469acc4a9afd45e4e4183f41ff768c,8f5f83da7c55e8c34a1ed4f5edebb52a900851fee291f6b040745a36665752bd,d04812a498535f8eaef9c9bf0960886190bb4ed5326d7ad247f949302122e814,0.97338276797150047,0.02661723202835916,82.394869719997601,0.3927842696321498,True,False,,,False,,observed_profile_hessian,34,1.91693081344,34,9.9999999999999995e-07,0,35d476ab99029cf99a5050dc5d89e91c0759d87f6c1e6fb8eb2baa35baaf3466,49e239634f354e763978b56163520ab06d829841aa6003a87cf159a5c6f1667c,"[{""attempt"": 0, ""tolerance"": 2e-07, ""free_valid"": true, ""free_nll"": 39.314172660737306, ""free_score"": 2.440270208126094e-12, ""sigma"": 5722.93787447189}]",1,39.314172660737306,2.4402702081260941e-12,125715.63339885564,125905.84277316321,newton
calibration,stress,0.10000000000000001,44,12,3,4936.1641170510793,1645.3880390170264,2557.2429994058152,1652.8684802347793,-1.439268245533579,,,,4909,4909,4769,140,0,95b95e65f8e9b59db1d65837e267ccef54475ba8d5315bbdb3c5182904eb92d7,be81192cfb36c1bd3d2a9c851d7fae2faa2ee5592c90ee5f3a20754666d4a162,5af3c49cd9985bd69d87415be3d94ff361c6843e1aa339c3eb0f9e160a26daf9,8f5f83da7c55e8c34a1ed4f5edebb52a900851fee291f6b040745a36665752bd,d04812a498535f8eaef9c9bf0960886190bb4ed5326d7ad247f949302122e814,0.97338276797150047,0.02661723202835916,82.394869719997601,0.3927842696321498,True,False,,,False,,observed_profile_hessian,34,1.91693081344,34,9.9999999999999995e-08,0,0fd9c724cfa7efbc7179edcdd806394a1765b469b44f2f0b633aeed018f9d17a,eb9e6e92d62f27d24f3343260d6cc27d1c44652f68426b9edd8ab6cad3f51010,"[{""attempt"": 0, ""tolerance"": 2e-07, ""free_valid"": true, ""free_nll"": 15.665869186676613, ""free_score"": 7.595031270568597e-09, ""sigma"": 1652.8684802347793}]",1,15.665869186676613,7.5950312705685974e-09,12584.932605610484,12571.76173242229,newton
calibration,stress,1,44,12,3,17076.325537345627,5692.1085124485417,-31651.767392908248,5724.6640579739378,-8.5119567605683439,,,,16925,16925,16468,457,0,4d8b9cc62e7e76f448c4388aa77ad68a3926c003d4cbf783a192f32716319816,9d69ee39c3ddb0123df15069b9abb25dde5127ed7691f2ee6f82ad223ca094a3,a1cda34514f3707851b838b33bd6683cdf04c14584fce36822b474b537c8dd6a,8f5f83da7c55e8c34a1ed4f5edebb52a900851fee291f6b040745a36665752bd,d04812a498535f8eaef9c9bf0960886190bb4ed5326d7ad247f949302122e814,0.97338276797150047,0.02661723202835916,82.394869719997601,0.3927842696321498,True,False,,,False,,observed_profile_hessian,34,1.91693081344,34,9.9999999999999995e-07,0,f2a98b37b2dccb4e47ea7345273345ecc8f8636e47e1a667f28346e8ccb6b39c,1e0d9b42a1961e4117a9cc1e04e7b09a5831cfd3b75d60462f1afc350fd06652,"[{""attempt"": 0, ""tolerance"": 2e-07, ""free_valid"": true, ""free_nll"": 39.163070136420984, ""free_score"": 1.4317436125566019e-12, ""sigma"": 5724.664057973938}]",1,39.163070136420984,1.4317436125566019e-12,125752.94494478188,125915.96481211987,newton
calibration,stress,0.10000000000000001,44,12,4,6581.5521560681054,1645.3880390170264,4268.7544532626589,1654.285939687906,-1.3980640512738529,,,,6589,6589,6444,145,0,95b95e65f8e9b59db1d65837e267ccef54475ba8d5315bbdb3c5182904eb92d7,0afc42bd10325d5e24d2a19579834bb90c5a8537f2edca7c7b3baeb8a0f97fc3,11eb16bfd9f94728f8f557d28ecacf8fcbaac62a4d0fe7f1dc3455061009b4e3,8f5f83da7c55e8c34a1ed4f5edebb52a900851fee291f6b040745a36665752bd,d04812a498535f8eaef9c9bf0960886190bb4ed5326d7ad247f949302122e814,0.97338276797150047,0.02661723202835916,82.394869719997601,0.3927842696321498,True,False,,,False,,observed_profile_hessian,34,1.91693081344,34,9.9999999999999995e-08,0,16d9529616339cd84ff8b3c2faac1d09e73cec41e8e7db350300fe60ec2fab3c,4f3da51247b840f73a682ef7168412b5ae468094c03cfb35a5e681162b267d7b,"[{""attempt"": 0, ""tolerance"": 2e-07, ""free_valid"": true, ""free_nll"": 17.140860305419462, ""free_score"": 1.314226505400029e-14, ""sigma"": 1654.285939687906}]",1,17.140860305419462,1.3142265054000291e-14,12593.975433300246,12571.989558829766,newton
calibration,stress,1,44,12,4,22768.434049794167,5692.1085124485417,-25824.881671015926,5726.3670428905198,-8.4858891085475125,,,,22885,22885,22334,551,0,4d8b9cc62e7e76f448c4388aa77ad68a3926c003d4cbf783a192f32716319816,eab43603e30cff0d4b00d5b2f55d9e4214998606b51adcd285f3dad4817d88c5,a7c76fa78dc5812dc4c9d8d987b62a310463e50dab5e7e7d49e9b23139d56275,8f5f83da7c55e8c34a1ed4f5edebb52a900851fee291f6b040745a36665752bd,d04812a498535f8eaef9c9bf0960886190bb4ed5326d7ad247f949302122e814,0.97338276797150047,0.02661723202835916,82.394869719997601,0.3927842696321498,True,False,,,False,,observed_profile_hessian,34,1.91693081344,34,9.9999999999999995e-07,0,7c9086cd3ce9e69a8d30b0680b581d17000fda2e669f45f42fc852b62ba27b01,0883235acabe882bd5ea62b3cdc15872b2f0323872e6565e41d098e6fd0336cf,"[{""attempt"": 0, ""tolerance"": 2e-07, ""free_valid"": true, ""free_nll"": 40.724154837643766, ""free_score"": 2.2115642650533118e-13, ""sigma"": 5726.36704289052}]",1,40.724154837643766,2.2115642650533118e-13,125786.72534179314,125919.73430561395,newton
calibration,stress,0.10000000000000001,44,12,5,8226.9401950851316,1645.3880390170264,6053.7836623712592,1655.8518893244316,-1.3124099726096246,,,,8275,8275,8053,222,0,95b95e65f8e9b59db1d65837e267ccef54475ba8d5315bbdb3c5182904eb92d7,60586e3f470fab7308c8c273a16d87e6637b4c0af4628392e72a5b1f1d45c378,a00d02d80f3a3536fa749c348686fa14d810f5ab08dfe8d9d86b1869b230dd98,8f5f83da7c55e8c34a1ed4f5edebb52a900851fee291f6b040745a36665752bd,d04812a498535f8eaef9c9bf0960886190bb4ed5326d7ad247f949302122e814,0.97338276797150047,0.02661723202835916,82.394869719997601,0.3927842696321498,True,False,,,False,,observed_profile_hessian,34,1.91693081344,34,9.9999999999999995e-08,0,58eb5b40f9102db38d34e8157b45e6283d8882ca8f1b3f512ca703075217d862,6735125dfcb8f810e0351af604cacea9295f08e321ffc1544526d547f4b56576,"[{""attempt"": 0, ""tolerance"": 2e-07, ""free_valid"": true, ""free_nll"": 17.221089244533946, ""free_score"": 2.020605904817785e-14, ""sigma"": 1655.8518893244316}]",1,17.221089244533946,2.0206059048177849e-14,12602.311219468176,12571.131696464548,newton
calibration,stress,1,44,12,5,28460.542562242706,5692.1085124485417,-20191.610804741667,5728.2520225463695,-8.4933681645796586,,,,28530,28530,27756,774,0,4d8b9cc62e7e76f448c4388aa77ad68a3926c003d4cbf783a192f32716319816,5251e9a50697f18fa38233fc5cb79a0731cb6d25cfbd9e3d16d3c421d62bef7f,888cc11eac2018e2ec615c880a9fe08e380afef5d2c83cb8c3bfdf7107aea680,8f5f83da7c55e8c34a1ed4f5edebb52a900851fee291f6b040745a36665752bd,d04812a498535f8eaef9c9bf0960886190bb4ed5326d7ad247f949302122e814,0.97338276797150047,0.02661723202835916,82.394869719997601,0.3927842696321498,True,False,,,False,,observed_profile_hessian,34,1.91693081344,34,9.9999999999999995e-07,0,62319c93401b7ee5770738f54894de62e5906063dca64be3944d28bb383b0be1,9dfde027bd7b7dcf5fa9105487758f7e9298b571f4cd9f7e23a324df1502adb7,"[{""attempt"": 0, ""tolerance"": 2e-07, ""free_valid"": true, ""free_nll"": 41.222725486087, ""free_score"": 4.107825191113079e-13, ""sigma"": 5728.2520225463695}]",1,41.222725486087,4.1078251911130792e-13,125821.56876067408,125925.5640186282,newton
calibration,stress,0.10000000000000001,44,12,6,9872.3282341021586,1645.3880390170264,7396.6665197124576,1657.2489848017658,-1.4938381239592859,,,,9937,9937,9657,280,0,95b95e65f8e9b59db1d65837e267ccef54475ba8d5315bbdb3c5182904eb92d7,908f3a365a55f692daf09d4b9ee4c5e7b5b1be75fbdf279de413bb257d033733,1a64453acdd6b57c87e37778d6c890cb6d49bf241ec9aadec5f97de07c00a414,8f5f83da7c55e8c34a1ed4f5edebb52a900851fee291f6b040745a36665752bd,d04812a498535f8eaef9c9bf0960886190bb4ed5326d7ad247f949302122e814,0.97338276797150047,0.02661723202835916,82.394869719997601,0.3927842696321498,True,False,,,False,,observed_profile_hessian,34,1.91693081344,34,9.9999999999999995e-08,0,84fca9154de551330424498f072683b13b39ab509051be36bea3d56280fad581,992fe93ce89c628cdc71344d8bd42b58d7fb497eaa456e16163191c21fa7879c,"[{""attempt"": 0, ""tolerance"": 2e-07, ""free_valid"": true, ""free_nll"": 17.143468583337395, ""free_score"": 7.194245199571014e-14, ""sigma"": 1657.2489848017658}]",1,17.143468583337395,7.1942451995710144e-14,12613.935684089094,12575.839751567581,newton
calibration,stress,1,44,12,6,34152.651074691254,5692.1085124485417,-14994.638572465585,5729.9350222039347,-8.5772856859122051,,,,34115,34115,33196,919,0,4d8b9cc62e7e76f448c4388aa77ad68a3926c003d4cbf783a192f32716319816,db3969428a745590c22bb9764902364267e7302e500e50fdbd420ab687d3d421,8209c22f37ad0da9a5ef4789160c297a24c766cbca86c27cdc011fc7ff402d17,8f5f83da7c55e8c34a1ed4f5edebb52a900851fee291f6b040745a36665752bd,d04812a498535f8eaef9c9bf0960886190bb4ed5326d7ad247f949302122e814,0.97338276797150047,0.02661723202835916,82.394869719997601,0.3927842696321498,True,False,,,False,,observed_profile_hessian,34,1.91693081344,34,9.9999999999999995e-07,0,e22a4f22f2fde9d311b1a32848bd9d69a2106b944145305b19bb92f00f8f41f8,ee00da8942e8185889cb25c98fac70604a4db1a66225a416d51521ee97435a28,"[{""attempt"": 0, ""tolerance"": 2e-07, ""free_valid"": true, ""free_nll"": 41.09370116215892, ""free_score"": 2.717825964282383e-13, ""sigma"": 5729.935022203935}]",1,41.093701162158922,2.7178259642823832e-13,125853.17357699591,125930.40224990129,newton
calibration,stress,0.10000000000000001,44,12,7,11517.716273119184,1645.3880390170264,9109.3926833602582,1658.6077689261963,-1.4520151387679228,,,,11579,11579,11288,291,0,95b95e65f8e9b59db1d65837e267ccef54475ba8d5315bbdb3c5182904eb92d7,24f682139bea7a4026bd15e332de2d2d49b2d059d042d0bbe063f113e00ca9f7,d212e92b8524e237d877e13d7521b7b5ac5c301af13c765426affccb74d482e0,8f5f83da7c55e8c34a1ed4f5edebb52a900851fee291f6b040745a36665752bd,d04812a498535f8eaef9c9bf0960886190bb4ed5326d7ad247f949302122e814,0.97338276797150047,0.02661723202835916,82.394869719997601,0.3927842696321498,True,False,,,False,,observed_profile_hessian,34,1.91693081344,34,9.9999999999999995e-08,0,f8e40f83d1163534fc97e8d518dee59950696b10860e477a2bad05289640c8be,53ff15eb95be93b1303da17f30bef8b743e96b153e0bce33c34fb50c0cc7c232,"[{""attempt"": 0, ""tolerance"": 2e-07, ""free_valid"": true, ""free_nll"": 18.2753694136802, ""free_score"": 1.2776446567386301e-12, ""sigma"": 1658.6077689261963}]",1,18.275369413680199,1.2776446567386301e-12,12626.078103916811,12579.1609138485,newton
calibration,stress,1,44,12,7,39844.759587139793,5692.1085124485417,-9234.7987814439457,5731.7543102539803,-8.5627463621009561,,,,40141,40141,39026,1115,0,4d8b9cc62e7e76f448c4388aa77ad68a3926c003d4cbf783a192f32716319816,a42822948b4af421e815f34f2aac534f6887b163140159bb3c54f72f39031e08,69ebcdc96d066447d524e19018b12b39b4611c9687679e9a57e8d585126458b6,8f5f83da7c55e8c34a1ed4f5edebb52a900851fee291f6b040745a36665752bd,d04812a498535f8eaef9c9bf0960886190bb4ed5326d7ad247f949302122e814,0.97338276797150047,0.02661723202835916,82.394869719997601,0.3927842696321498,True,False,,,False,,observed_profile_hessian,34,1.91693081344,34,9.9999999999999995e-07,0,f709d4cf0a0ed3cc65ceb9ec0702d52808acf9bf9d01dfa1572d0aa7d6aa3657,d331d02c6b526aaf1e0de6cc8f6e6a874784368335ba078f51250fb5fb3609b3,"[{""attempt"": 0, ""tolerance"": 2e-07, ""free_valid"": true, ""free_nll"": 42.0565529152486, ""free_score"": 7.638334409421077e-14, ""sigma"": 5731.75431025398}]",1,42.056552915248602,7.638334409421077e-14,125892.44741057226,125940.01049460344,newton
calibration,stress,0.10000000000000001,44,12,8,13163.104312136211,1645.3880390170264,10323.192949944421,1660.0141074899179,-1.7107754382196043,,,,13061,13061,12729,332,0,95b95e65f8e9b59db1d65837e267ccef54475ba8d5315bbdb3c5182904eb92d7,7ef06b186ab2f211b90181d0dfd8175907874cb0d04cb857e632ab3255f28297,45149356b8e05a444a54bb985f5b774b874ae6d28bdeac75e8b900501dcffec8,8f5f83da7c55e8c34a1ed4f5edebb52a900851fee291f6b040745a36665752bd,d04812a498535f8eaef9c9bf0960886190bb4ed5326d7ad247f949302122e814,0.97338276797150047,0.02661723202835916,82.394869719997601,0.3927842696321498,True,False,,,False,,observed_profile_hessian,34,1.91693081344,34,9.9999999999999995e-08,0,c87480aa83f88b188f5c3f42e7c5c0d9d9f844cd5bc2fa99d637ed4c30db67bc,e567b43755786d3bae3c1f461dd3ab7fad49ea4b56fd988192e33965954861da,"[{""attempt"": 0, ""tolerance"": 2e-07, ""free_valid"": true, ""free_nll"": 19.036383810758487, ""free_score"": 4.722666702150491e-12, ""sigma"": 1660.014107489918}]",1,19.036383810758487,4.7226667021504909e-12,12634.589025604271,12581.420255459021,newton
calibration,stress,1,44,12,8,45536.868099588333,5692.1085124485417,-5094.9203817667876,5733.4761510517228,-8.8309059194512312,,,,45470,45470,44204,1266,0,4d8b9cc62e7e76f448c4388aa77ad68a3926c003d4cbf783a192f32716319816,96e99b4a1447325da62bfdd599d7fdce8b88742b7e6d5dfa590298ae57ed560d,9a96a9fc8bf5a2cf67853f58e3899b6dae6d3e913e6f3502a58dca8f24e671d5,8f5f83da7c55e8c34a1ed4f5edebb52a900851fee291f6b040745a36665752bd,d04812a498535f8eaef9c9bf0960886190bb4ed5326d7ad247f949302122e814,0.97338276797150047,0.02661723202835916,82.394869719997601,0.3927842696321498,True,False,,,False,,observed_profile_hessian,34,1.91693081344,34,9.9999999999999995e-07,0,3bb258dd573e97f6881ebcd256f7c61b28076413cabb68fcf28bd477272cf509,49e4135e8db38b7e81673764355465ffef4318fa7921a23404e4044666541826,"[{""attempt"": 0, ""tolerance"": 2e-07, ""free_valid"": true, ""free_nll"": 42.74179245828199, ""free_score"": 4.973799150320701e-14, ""sigma"": 5733.476151051723}]",1,42.741792458281992,4.9737991503207013e-14,125933.67479336163,125959.91576861027,newton
calibration,stress,0.10000000000000001,44,13,0,0,1645.3880390170264,-5326.3295274555539,1653.0273910351964,-3.2221665269079289,,,,0,0,0,0,0,ed8e52843fdbcf6398fa0ec3e9a28d520c721f3cff2c67898b4dcd5e73a1971e,ed8e52843fdbcf6398fa0ec3e9a28d520c721f3cff2c67898b4dcd5e73a1971e,f440d6087e5a50c4aef861dbe0f0dd7752e43e8d6fb7b0a6393f704d359bba12,8f5f83da7c55e8c34a1ed4f5edebb52a900851fee291f6b040745a36665752bd,d04812a498535f8eaef9c9bf0960886190bb4ed5326d7ad247f949302122e814,0.97338276797150047,0.02661723202835916,82.394869719997601,0.3927842696321498,True,False,,,False,,observed_profile_hessian,34,1.91693081344,34,9.9999999999999995e-08,0,a9a61b54663d3fea7d675ecc063c4e03c08639fed59c2d13556f1a2ef9c7762b,6cf18c30c2d721bf5e0570e93c2e8172789045e1c43235eee29fe88c206054e8,"[{""attempt"": 0, ""tolerance"": 2e-07, ""free_valid"": true, ""free_nll"": 15.734318470590576, ""free_score"": 1.0006440120946536e-12, ""sigma"": 1653.0273910351964}]",1,15.734318470590576,1.0006440120946536e-12,12608.730933435525,12636.163762768107,newton
calibration,stress,1,44,13,0,0,5692.1085124485417,-33830.696801382765,5711.6242432272693,-5.9231306823971366,,,,0,0,0,0,0,3ea634fd3856c4ca8bb4c02b8e1200cdce42010144ee50ebe1f4b8eb578dd390,3ea634fd3856c4ca8bb4c02b8e1200cdce42010144ee50ebe1f4b8eb578dd390,f440d6087e5a50c4aef861dbe0f0dd7752e43e8d6fb7b0a6393f704d359bba12,8f5f83da7c55e8c34a1ed4f5edebb52a900851fee291f6b040745a36665752bd,d04812a498535f8eaef9c9bf0960886190bb4ed5326d7ad247f949302122e814,0.97338276797150047,0.02661723202835916,82.394869719997601,0.3927842696321498,True,False,,,False,,observed_profile_hessian,34,1.91693081344,34,9.9999999999999995e-07,0,309b2556c6e8b4cd63b806ad20dd3f721b6d07e8bc6615c56d0314478cf9637b,198733d89a56f43d8e58e43ce221c7365f7bb666a3d6fb456ebe8bdb37b51d9e,"[{""attempt"": 0, ""tolerance"": 2e-07, ""free_valid"": true, ""free_nll"": 26.730348996596465, ""free_score"": 4.46753745109163e-13, ""sigma"": 5711.624243227269}]",1,26.730348996596465,4.4675374510916299e-13,125630.89195602153,125805.13422300309,newton
calibration,stress,0.10000000000000001,44,13,1,1645.3880390170264,1645.3880390170264,-3729.8466314772272,1654.4506454072277,-3.2489543797610168,,,,1618,1618,1580,38,0,ed8e52843fdbcf6398fa0ec3e9a28d520c721f3cff2c67898b4dcd5e73a1971e,6176e25fc55f41781d74d424376f0859b36c8c3d5147ee0d8f3c76fd37c96557,8c75c62e861d8c6264ad6766a75993917bf9a6e77186e6e7698f902a13677258,8f5f83da7c55e8c34a1ed4f5edebb52a900851fee291f6b040745a36665752bd,d04812a498535f8eaef9c9bf0960886190bb4ed5326d7ad247f949302122e814,0.97338276797150047,0.02661723202835916,82.394869719997601,0.3927842696321498,True,False,,,False,,observed_profile_hessian,34,1.91693081344,34,9.9999999999999995e-08,0,4de752160351f734f7dd6fc2d2b0b7fed1c6a917e7d8628272ae87792efdedd1,3a39374550c79f0ac539e4fc76c4847cdeef0db6d7c518749ffb9f13b9d48fed,"[{""attempt"": 0, ""tolerance"": 2e-07, ""free_valid"": true, ""free_nll"": 15.790510082660699, ""free_score"": 8.471001677889944e-14, ""sigma"": 1654.4506454072277}]",1,15.790510082660699,8.4710016778899444e-14,12617.757279754675,12636.967553086542,newton
calibration,stress,1,44,13,1,5692.1085124485417,5692.1085124485417,-28419.930320395757,5713.3149723387396,-5.9706210839064893,,,,5636,5636,5498,138,0,3ea634fd3856c4ca8bb4c02b8e1200cdce42010144ee50ebe1f4b8eb578dd390,14cfbab29fca5f38ed9de392b1fe6128150e66e22a42a25f5a6c892e87b2efde,d6c3c1261964e7bf7fab9ce629d4074a0c623ce59b20ff1ff4422db8cafa1ae0,8f5f83da7c55e8c34a1ed4f5edebb52a900851fee291f6b040745a36665752bd,d04812a498535f8eaef9c9bf0960886190bb4ed5326d7ad247f949302122e814,0.97338276797150047,0.02661723202835916,82.394869719997601,0.3927842696321498,True,False,,,False,,observed_profile_hessian,34,1.91693081344,34,9.9999999999999995e-07,0,27b5d3cb39bcf8d869f129489265096cd1d6fccb13455fd1cf75143fa64d9b0b,25dab334db3fed6569ccb05e871a0f48622bb59ebb254d4f51671e00e3d2507c,"[{""attempt"": 0, ""tolerance"": 2e-07, ""free_valid"": true, ""free_nll"": 27.16885687227952, ""free_score"": 3.992361996552063e-13, ""sigma"": 5713.31497233874}]",1,27.16885687227952,3.9923619965520629e-13,125664.42920319049,125810.80375514123,newton
calibration,stress,0.10000000000000001,44,13,2,3290.7760780340527,1645.3880390170264,-2388.280273163884,1655.8952991733101,-3.4295986914348693,,,,3206,3206,3121,85,0,ed8e52843fdbcf6398fa0ec3e9a28d520c721f3cff2c67898b4dcd5e73a1971e,1f21c6a927319e991e2363c0cb9227065798a7f5565a6547ef0b4773fc2da254,0a22f7ea34d8198dd329589e04909f0c04c8225dfc8e2ccaec05bf440ae8f1da,8f5f83da7c55e8c34a1ed4f5edebb52a900851fee291f6b040745a36665752bd,d04812a498535f8eaef9c9bf0960886190bb4ed5326d7ad247f949302122e814,0.97338276797150047,0.02661723202835916,82.394869719997601,0.3927842696321498,True,False,,,False,,observed_profile_hessian,34,1.91693081344,34,9.9999999999999995e-08,0,961a5dee9fd5a05417629351509faa8af1add688551f6ed5a9ce111120e5dccd,6ba1b100183024d43302d5b43d90e085640fb255b08b6b433e0f2f0cc3cbb196,"[{""attempt"": 0, ""tolerance"": 2e-07, ""free_valid"": true, ""free_nll"": 16.014370068166915, ""free_score"": 2.0317081350640365e-14, ""sigma"": 1655.8952991733101}]",1,16.014370068166915,2.0317081350640365e-14,12629.047411254109,12641.34805558983,newton
calibration,stress,1,44,13,2,11384.217024897083,5692.1085124485417,-23405.567613041072,5715.0474663248269,-6.08740082089124,,,,11273,11273,10978,295,0,3ea634fd3856c4ca8bb4c02b8e1200cdce42010144ee50ebe1f4b8eb578dd390,b62661669733bb8d5e753a01592f20281cf4eaedb21a55fc6d28d58e192180d5,87e9bbf0e6f5e4d97d8a4955727c68fae7ed5ce36a035797b44e4e3eabb0b54d,8f5f83da7c55e8c34a1ed4f5edebb52a900851fee291f6b040745a36665752bd,d04812a498535f8eaef9c9bf0960886190bb4ed5326d7ad247f949302122e814,0.97338276797150047,0.02661723202835916,82.394869719997601,0.3927842696321498,True,False,,,False,,observed_profile_hessian,34,1.91693081344,34,9.9999999999999995e-07,0,14656df5fc4b809a808b141d0b3aaea28d0d0108db5fc7a44d607a88f35a8646,92e1ead36c09f92fd412c581f34321dd24f230e3e57fc11e4e887e880b0850be,"[{""attempt"": 0, ""tolerance"": 2e-07, ""free_valid"": true, ""free_nll"": 27.20581442574721, ""free_score"": 1.4344081478157023e-13, ""sigma"": 5715.047466324827}]",1,27.20581442574721,1.4344081478157023e-13,125702.55557844546,125823.10406093253,newton
calibration,stress,0.10000000000000001,44,13,3,4936.1641170510793,1645.3880390170264,-523.13302924785853,1657.4702417682697,-3.293752737590447,,,,5009,5009,4883,126,0,ed8e52843fdbcf6398fa0ec3e9a28d520c721f3cff2c67898b4dcd5e73a1971e,a89cc1250fdeb000bd6a1c23e250bc54c4514d79d500bdaf76da18cd7b6d53d0,89fb94cb18810093ba9634ac70dbecbd5d87d3ee4710f5b0d19d5f0c3c0d65a9,8f5f83da7c55e8c34a1ed4f5edebb52a900851fee291f6b040745a36665752bd,d04812a498535f8eaef9c9bf0960886190bb4ed5326d7ad247f949302122e814,0.97338276797150047,0.02661723202835916,82.394869719997601,0.3927842696321498,True,False,,,False,,observed_profile_hessian,34,1.91693081344,34,9.9999999999999995e-08,0,2a7e85dcaace56fde124667f7e11aa5f061d621fc5ec768ba2c8616c25fd5ca1,e055d632e6eaedb3c768d8d25e81ba1b14a7ce3317573eddc2ecb2fcb286123f,"[{""attempt"": 0, ""tolerance"": 2e-07, ""free_valid"": true, ""free_nll"": 15.94790716956166, ""free_score"": 2.5646151868841116e-14, ""sigma"": 1657.4702417682697}]",1,15.94790716956166,2.5646151868841116e-14,12637.840227334558,12640.534581680384,newton
calibration,stress,1,44,13,3,17076.325537345627,5692.1085124485417,-17709.398901089342,5716.8343748059679,-6.0847878664694761,,,,16935,16935,16469,466,0,3ea634fd3856c4ca8bb4c02b8e1200cdce42010144ee50ebe1f4b8eb578dd390,740acc0d3f4e782a9e6803f36ca9e34716cd4ebd0e00412944e6ab5fb2b4b942,19bd4a9534c577ca851329611ce75167a38c1067b708f79b0199efb2f0a46acc,8f5f83da7c55e8c34a1ed4f5edebb52a900851fee291f6b040745a36665752bd,d04812a498535f8eaef9c9bf0960886190bb4ed5326d7ad247f949302122e814,0.97338276797150047,0.02661723202835916,82.394869719997601,0.3927842696321498,True,False,,,False,,observed_profile_hessian,34,1.91693081344,34,9.9999999999999995e-07,0,43257e6180c913d4faa8959bc01bb777a9baf3f3ab67c7ee8d683ec1466ae153,341e826adf39f35a5e236ea3265c4d7f5a7a43f65095c87cc85fccbd75dad6ec,"[{""attempt"": 0, ""tolerance"": 2e-07, ""free_valid"": true, ""free_nll"": 27.498600612869318, ""free_score"": 2.7533531010703882e-14, ""sigma"": 5716.834374805968}]",1,27.498600612869318,2.7533531010703882e-14,125732.14910138282,125823.35992773743,newton
calibration,stress,0.10000000000000001,44,13,4,6581.5521560681054,1645.3880390170264,848.28185257074244,1658.9242363162502,-3.4560169644808281,,,,6553,6553,6374,179,0,ed8e52843fdbcf6398fa0ec3e9a28d520c721f3cff2c67898b4dcd5e73a1971e,c7a6254e28a44dda08b1561d403cdb918f71a411c0cf7c4c9ba12510dd1074e8,9248301641310338482270f8b7d5d73d7da49d5a5687273fd3ff6f404c2b5fb1,8f5f83da7c55e8c34a1ed4f5edebb52a900851fee291f6b040745a36665752bd,d04812a498535f8eaef9c9bf0960886190bb4ed5326d7ad247f949302122e814,0.97338276797150047,0.02661723202835916,82.394869719997601,0.3927842696321498,True,False,,,False,,observed_profile_hessian,34,1.91693081344,34,9.9999999999999995e-08,0,5ad60c6ef63fc0943fac78603b7d5e55b2c7edfc6a1f9b4dc11488babf6b7f9b,5c0ddb98c102b18f4c59fb69eab4b5fd5f632aaa831b221c565342112978a6b8,"[{""attempt"": 0, ""tolerance"": 2e-07, ""free_valid"": true, ""free_nll"": 15.582050794628111, ""free_score"": 7.230419485360073e-09, ""sigma"": 1658.9242363162502}]",1,15.582050794628111,7.2304194853600734e-09,12649.525770937526,12645.156763881625,newton
calibration,stress,1,44,13,4,22768.434049794167,5692.1085124485417,-12574.990627049476,5718.5163554976407,-6.180523492402946,,,,22610,22610,22038,572,0,3ea634fd3856c4ca8bb4c02b8e1200cdce42010144ee50ebe1f4b8eb578dd390,edf08091f8145ff77dc729cf09d28137cb85b7cbb4d477971a225211b2c55e0f,fa8799449b4d0f63a1ebfc0e7e60cd13d33be0df7e07b79057e9550ea856146e,8f5f83da7c55e8c34a1ed4f5edebb52a900851fee291f6b040745a36665752bd,d04812a498535f8eaef9c9bf0960886190bb4ed5326d7ad247f949302122e814,0.97338276797150047,0.02661723202835916,82.394869719997601,0.3927842696321498,True,False,,,False,,observed_profile_hessian,34,1.91693081344,34,9.9999999999999995e-07,0,43d37a30529a81d8372062b8aed0fe5fea70a7eeafb60bb8ed142a837848e19d,46678c2cabfdd0719b33ef19b0bd502dfaa665cfb5ac6ba9d6632e29ebebe8af,"[{""attempt"": 0, ""tolerance"": 2e-07, ""free_valid"": true, ""free_nll"": 27.510035643198396, ""free_score"": 2.1405099914773018e-13, ""sigma"": 5718.516355497641}]",1,27.510035643198396,2.1405099914773018e-13,125771.03044280641,125835.79691471779,newton
calibration,stress,0.10000000000000001,44,13,5,8226.9401950851316,1645.3880390170264,2536.1480462430036,1660.2991997055299,-3.4275702535130086,,,,8180,8180,7944,236,0,ed8e52843fdbcf6398fa0ec3e9a28d520c721f3cff2c67898b4dcd5e73a1971e,de136fe6a4f1e91ddc4b169082dabf612a17722430f80706d97dc6a039fb7170,f15d9df7ab4182217d02101200f741a43e29410065c7fc3ec606ada20d72b5df,8f5f83da7c55e8c34a1ed4f5edebb52a900851fee291f6b040745a36665752bd,d04812a498535f8eaef9c9bf0960886190bb4ed5326d7ad247f949302122e814,0.97338276797150047,0.02661723202835916,82.394869719997601,0.3927842696321498,True,False,,,False,,observed_profile_hessian,34,1.91693081344,34,9.9999999999999995e-08,0,2e00dc70cb1783e68ade1a5f27503755aaea7784275fea5e57481e3499620858,0a68c46bf6ce319c1eeaaccba0182c46e64491ca861316fd7863ce1716da2fb7,"[{""attempt"": 0, ""tolerance"": 2e-07, ""free_valid"": true, ""free_nll"": 15.259902768272413, ""free_score"": 6.755692061322094e-08, ""sigma"": 1660.2991997055299}]",1,15.259902768272413,6.7556920613220939e-08,12659.614581621279,12646.552356282777,newton
calibration,stress,1,44,13,5,28460.542562242706,5692.1085124485417,-6735.8312404449671,5720.2504562621234,-6.1529427901460485,,,,28324,28324,27569,755,0,3ea634fd3856c4ca8bb4c02b8e1200cdce42010144ee50ebe1f4b8eb578dd390,e516e4a2b6c262298c5f23608f2545137afe896b78a52b7bc8bbf3ffe938c6b5,bd4394b8fdba6ee1e53b289e2304bddc1c4b51da92ffdd8e7023747ccefc377f,8f5f83da7c55e8c34a1ed4f5edebb52a900851fee291f6b040745a36665752bd,d04812a498535f8eaef9c9bf0960886190bb4ed5326d7ad247f949302122e814,0.97338276797150047,0.02661723202835916,82.394869719997601,0.3927842696321498,True,False,,,False,,observed_profile_hessian,34,1.91693081344,34,9.9999999999999995e-07,0,3e457a60ccebed97afe7cf8e7cc295ef902d1a3bc86b690a8133a64a6660e242,29e0c1a56096631a44a4cdb83ad26941a7d3dbf70a7458499fd91fc018deca52,"[{""attempt"": 0, ""tolerance"": 2e-07, ""free_valid"": true, ""free_nll"": 28.139850831358526, ""free_score"": 2.682298827494378e-13, ""sigma"": 5720.250456262123}]",1,28.139850831358526,2.6822988274943782e-13,125804.73315058857,125839.4255044656,newton
calibration,stress,0.10000000000000001,44,13,6,9872.3282341021586,1645.3880390170264,4472.4343919944558,1662.0799032396683,-3.248877404499277,,,,10133,10133,9846,287,0,ed8e52843fdbcf6398fa0ec3e9a28d520c721f3cff2c67898b4dcd5e73a1971e,d0ad91f6b4ffb936800fa1c347ded78867267ed601619c75bc4fdaa2aae0f503,3cfe25413846b15920080afeab56b275c956625bd08f566a40e990465f6ef136,8f5f83da7c55e8c34a1ed4f5edebb52a900851fee291f6b040745a36665752bd,d04812a498535f8eaef9c9bf0960886190bb4ed5326d7ad247f949302122e814,0.97338276797150047,0.02661723202835916,82.394869719997601,0.3927842696321498,True,False,,,False,,observed_profile_hessian,34,1.91693081344,34,9.9999999999999995e-08,0,f8e7e3add309eade6951550769b121f7864dd3d126f2e0c1991987365d89827e,de9c746dcbc8001636dde29df03820689e31d467e74f40460a71039685c9f04b,"[{""attempt"": 0, ""tolerance"": 2e-07, ""free_valid"": true, ""free_nll"": 15.366500240129314, ""free_score"": 1.5210055437364645e-14, ""sigma"": 1662.0799032396683}]",1,15.366500240129314,1.5210055437364645e-14,12672.952685580336,12649.917774063068,newton
calibration,stress,1,44,13,6,34152.651074691254,5692.1085124485417,-834.88975371656227,5722.137314613321,-6.1144182505120694,,,,34528,34528,33610,918,0,3ea634fd3856c4ca8bb4c02b8e1200cdce42010144ee50ebe1f4b8eb578dd390,1791308f43f07497a7393a51c7c1810360219d9f343101adb5a7c78b8e674a68,5ca588ccb40a20d74ca13c3b7e9cdb9938cd59a4ea81b7e13d94ede5e40ac1b8,8f5f83da7c55e8c34a1ed4f5edebb52a900851fee291f6b040745a36665752bd,d04812a498535f8eaef9c9bf0960886190bb4ed5326d7ad247f949302122e814,0.97338276797150047,0.02661723202835916,82.394869719997601,0.3927842696321498,True,False,,,False,,observed_profile_hessian,34,1.91693081344,34,9.9999999999999995e-07,0,0993ddc7ef410a23f5b7aaa8641871d0eaed1e3b63f773f1b078005393d2fe2b,7398da8824a482d5e69d28ccc03a2ade8643c614e6d51134a4cc6be5a34f5cb9,"[{""attempt"": 0, ""tolerance"": 2e-07, ""free_valid"": true, ""free_nll"": 27.638900623881952, ""free_score"": 2.9753977059954195e-14, ""sigma"": 5722.137314613321}]",1,27.638900623881952,2.9753977059954195e-14,125845.53741134048,125849.83744347465,newton
calibration,stress,0.10000000000000001,44,13,7,11517.716273119184,1645.3880390170264,5602.9617574612002,1663.4415657723525,-3.5557332685213408,,,,11598,11598,11260,338,0,ed8e52843fdbcf6398fa0ec3e9a28d520c721f3cff2c67898b4dcd5e73a1971e,cee0e7832e22651b9edb547a6cd00c737c08b069145b390ef7adabacd684e060,86703eaac01866806a79f3889c8bb4445afb03851eb97055251e88fdb1449500,8f5f83da7c55e8c34a1ed4f5edebb52a900851fee291f6b040745a36665752bd,d04812a498535f8eaef9c9bf0960886190bb4ed5326d7ad247f949302122e814,0.97338276797150047,0.02661723202835916,82.394869719997601,0.3927842696321498,True,False,,,False,,observed_profile_hessian,34,1.91693081344,34,9.9999999999999995e-08,0,3dbc30b9e4d404f3c8016de820af6c2ffed78a87635674ca36053c2d386a2079,249013c2485901b1048b112abaeea0ae460c69899d41ef257135cfe693c467dc,"[{""attempt"": 0, ""tolerance"": 2e-07, ""free_valid"": true, ""free_nll"": 16.487792886688492, ""free_score"": 2.6867397195928788e-14, ""sigma"": 1663.4415657723525}]",1,16.487792886688492,2.6867397195928788e-14,12680.472945043823,12651.615343790067,newton
calibration,stress,1,44,13,7,39844.759587139793,5692.1085124485417,4205.1390507205015,5723.8518539962288,-6.2265099526530783,,,,40005,40005,38931,1074,0,3ea634fd3856c4ca8bb4c02b8e1200cdce42010144ee50ebe1f4b8eb578dd390,d876e7b45d52c51009e29b5db39d3c2066b8e3c8b6384c7773ae6193b96cfb13,821bedc247e36b062936da067ccbd259120b813e7d0de159fa0b8085ff84684e,8f5f83da7c55e8c34a1ed4f5edebb52a900851fee291f6b040745a36665752bd,d04812a498535f8eaef9c9bf0960886190bb4ed5326d7ad247f949302122e814,0.97338276797150047,0.02661723202835916,82.394869719997601,0.3927842696321498,True,False,,,False,,observed_profile_hessian,34,1.91693081344,34,9.9999999999999995e-07,0,7e48284ab1d2e53918bd7043364a96dadb87e3bfa71051d67253dd78be243809,78525395c0410ec1f31b998804375b5769328c1b17a1532e915d916143a560d9,"[{""attempt"": 0, ""tolerance"": 2e-07, ""free_valid"": true, ""free_nll"": 28.62060378186594, ""free_score"": 1.7141843500212417e-13, ""sigma"": 5723.851853996229}]",1,28.620603781865938,1.7141843500212417e-13,125878.36966524596,125856.71143675981,newton
calibration,stress,0.10000000000000001,44,13,8,13163.104312136211,1645.3880390170264,7601.1062138862262,1664.8881041783047,-3.3407639133772746,,,,13359,13359,12993,366,0,ed8e52843fdbcf6398fa0ec3e9a28d520c721f3cff2c67898b4dcd5e73a1971e,976232043e7254afa7b1682a169a1fb6ab56007e730c3edc29b135856c5cef57,c271c01c42dd9fd9e037f484306fb0a744285b4ef32f60ada85675189caad57d,8f5f83da7c55e8c34a1ed4f5edebb52a900851fee291f6b040745a36665752bd,d04812a498535f8eaef9c9bf0960886190bb4ed5326d7ad247f949302122e814,0.97338276797150047,0.02661723202835916,82.394869719997601,0.3927842696321498,True,False,,,False,,observed_profile_hessian,34,1.91693081344,34,9.9999999999999995e-08,0,f616f3f67c89f1fb2da0bc573566217af195666adda610134eae3f357f58e892,6261a62cc0ba04ee31624210c0046c49bcab6f52ed2fba1d1123820c0ac9d4fb,"[{""attempt"": 0, ""tolerance"": 2e-07, ""free_valid"": true, ""free_nll"": 16.451567809611348, ""free_score"": 6.433742427702782e-13, ""sigma"": 1664.8881041783047}]",1,16.451567809611348,6.4337424277027822e-13,12691.046779393289,12651.89789676605,newton
calibration,stress,1,44,13,8,45536.868099588333,5692.1085124485417,9938.5994157503465,5725.5392778601008,-6.2174525326359671,,,,45652,45652,44452,1200,0,3ea634fd3856c4ca8bb4c02b8e1200cdce42010144ee50ebe1f4b8eb578dd390,2e1cac0f4e53cadda870de4ea28c44b1ff6ddbac93f39f6f2e8e006fec7b3538,c36e6ee1336606aa70218d1d69d9f86bdeb441ec978a43268dfc9b1f051aceda,8f5f83da7c55e8c34a1ed4f5edebb52a900851fee291f6b040745a36665752bd,d04812a498535f8eaef9c9bf0960886190bb4ed5326d7ad247f949302122e814,0.97338276797150047,0.02661723202835916,82.394869719997601,0.3927842696321498,True,False,,,False,,observed_profile_hessian,34,1.91693081344,34,9.9999999999999995e-07,0,920b00c9458bff8aa95594750259f7e25c5992b27edb00091efbf00bbaca6a99,5c6ab603aeaa453b6dcbe187421719b25c7398d2cebb7608f31b04d53a1e9a4f,"[{""attempt"": 0, ""tolerance"": 2e-07, ""free_valid"": true, ""free_nll"": 29.580506468188812, ""free_score"": 1.5456931556911968e-07, ""sigma"": 5725.539277860101}]",1,29.580506468188812,1.5456931556911968e-07,125908.90710159803,125857.71914933714,newton
calibration,stress,0.10000000000000001,44,14,0,0,1645.3880390170264,-2053.3469777644686,1649.089125652672,-1.2451400872295491,,,,0,0,0,0,0,ec9d7470b5d8ddd7d3b6985c3d13ef9a6422cabeb7007e8cdb1b71d58690e0dd,ec9d7470b5d8ddd7d3b6985c3d13ef9a6422cabeb7007e8cdb1b71d58690e0dd,f440d6087e5a50c4aef861dbe0f0dd7752e43e8d6fb7b0a6393f704d359bba12,8f5f83da7c55e8c34a1ed4f5edebb52a900851fee291f6b040745a36665752bd,d04812a498535f8eaef9c9bf0960886190bb4ed5326d7ad247f949302122e814,0.97338276797150047,0.02661723202835916,82.394869719997601,0.3927842696321498,True,False,,,False,,observed_profile_hessian,34,1.91693081344,34,9.9999999999999995e-08,0,2439b1b164719fbe240784decdd3ece501c9a31637d86469053e099569907854,be15efb020eb412f1650baebcd9b6e72e534e97a1531d998c2117fcc862ece70,"[{""attempt"": 0, ""tolerance"": 2e-07, ""free_valid"": true, ""free_nll"": 26.770129886874315, ""free_score"": 3.68816088780477e-13, ""sigma"": 1649.089125652672}]",1,26.770129886874315,3.68816088780477e-13,12541.037375718533,12551.612973212308,newton
calibration,stress,1,44,14,0,0,5692.1085124485417,-23774.112903250436,5707.6090942393175,-4.1653365727596201,,,,0,0,0,0,0,9e40c4b0b7b667a93898097d9c0883f3fec98d60e470445c64eef948f18f3880,9e40c4b0b7b667a93898097d9c0883f3fec98d60e470445c64eef948f18f3880,f440d6087e5a50c4aef861dbe0f0dd7752e43e8d6fb7b0a6393f704d359bba12,8f5f83da7c55e8c34a1ed4f5edebb52a900851fee291f6b040745a36665752bd,d04812a498535f8eaef9c9bf0960886190bb4ed5326d7ad247f949302122e814,0.97338276797150047,0.02661723202835916,82.394869719997601,0.3927842696321498,True,False,,,False,,observed_profile_hessian,34,1.91693081344,34,9.9999999999999995e-07,0,01af6f2307828b61dbdd03dd06d9fa89ff83a73716ce9a3cfd0272f3a249940f,2a94136fc4a636d62760e701a5b4357d3d905ff8bc9f4fc01a3cfcec514e622a,"[{""attempt"": 0, ""tolerance"": 2e-07, ""free_valid"": true, ""free_nll"": 43.982857802981876, ""free_score"": 4.711786516509164e-13, ""sigma"": 5707.6090942393175}]",1,43.982857802981876,4.7117865165091644e-13,125482.73157961119,125605.17822480026,newton
calibration,stress,0.10000000000000001,44,14,1,1645.3880390170264,1645.3880390170264,-501.41360968960851,1650.5262686054291,-1.3006770564884866,,,,1603,1603,1552,51,0,ec9d7470b5d8ddd7d3b6985c3d13ef9a6422cabeb7007e8cdb1b71d58690e0dd,2dff4f3d739737636816186ed73aef78281b496a4d2f15a879a2357e7c29f656,b854b0652478d3a36730f9bc5749785685f5f42f2e177ff2d863f88f90ff95cd,8f5f83da7c55e8c34a1ed4f5edebb52a900851fee291f6b040745a36665752bd,d04812a498535f8eaef9c9bf0960886190bb4ed5326d7ad247f949302122e814,0.97338276797150047,0.02661723202835916,82.394869719997601,0.3927842696321498,True,False,,,False,,observed_profile_hessian,34,1.91693081344,34,9.9999999999999995e-08,0,ab3f2c9616875edcc815593ed00a154b6b94e7e519367cd08bb141b95553ef0b,e4fd243b4c75d37450d637d36f30055a39178842348e6daf35e048e7163e4220,"[{""attempt"": 0, ""tolerance"": 2e-07, ""free_valid"": true, ""free_nll"": 26.840058876632558, ""free_score"": 5.10702591327572e-14, ""sigma"": 1650.526268605429}]",1,26.840058876632558,5.1070259132757201e-14,12551.332564218612,12553.915054451096,newton
calibration,stress,1,44,14,1,5692.1085124485417,5692.1085124485417,-18382.085650250436,5709.3169109975979,-4.2166505271980874,,,,5596,5596,5443,153,0,9e40c4b0b7b667a93898097d9c0883f3fec98d60e470445c64eef948f18f3880,3b906606e73017098ad0df470ab88c222e8200ca28523bdbdc81469b80ec2820,25ab0166d4c5305952ac8603b7f283f80dfad8a8f3099a6d23b2f6e3aeb1d1d2,8f5f83da7c55e8c34a1ed4f5edebb52a900851fee291f6b040745a36665752bd,d04812a498535f8eaef9c9bf0960886190bb4ed5326d7ad247f949302122e814,0.97338276797150047,0.02661723202835916,82.394869719997601,0.3927842696321498,True,False,,,False,,observed_profile_hessian,34,1.91693081344,34,9.9999999999999995e-07,0,2f1f351899bbeea56b0d6bdfab2879747e8cace5414a4bde4ecf4234b264d073,cbd43addc1a8239c92064be51fa053786a9fe835b1c7434a8372317fe056e71d,"[{""attempt"": 0, ""tolerance"": 2e-07, ""free_valid"": true, ""free_nll"": 44.00640092079047, ""free_score"": 4.4275694222051243e-13, ""sigma"": 5709.316910997598}]",1,44.006400920790469,4.4275694222051243e-13,125519.33198682292,125614.00743185892,newton
calibration,stress,0.10000000000000001,44,14,2,3290.7760780340527,1645.3880390170264,1072.2608827494719,1651.9753620812678,-1.342946902361515,,,,3329,3329,3247,82,0,ec9d7470b5d8ddd7d3b6985c3d13ef9a6422cabeb7007e8cdb1b71d58690e0dd,692b54974e9c339599876747ccd830f6cd8a4ddba6cbe5d912595c90037cbe45,ae26a4e68fceb766c7c541c016ab34de6df0f813de26aa73d44f468aa38ef042,8f5f83da7c55e8c34a1ed4f5edebb52a900851fee291f6b040745a36665752bd,d04812a498535f8eaef9c9bf0960886190bb4ed5326d7ad247f949302122e814,0.97338276797150047,0.02661723202835916,82.394869719997601,0.3927842696321498,True,False,,,False,,observed_profile_hessian,34,1.91693081344,34,9.9999999999999995e-08,0,4ea13d47d1ad63f0d3d89e21dc193144375185f76cae20094725994e8a1654df,5bec37c70e8ecea234c08ee99a14415e0fadcb686ed266195efc4b92aad7bc92,"[{""attempt"": 0, ""tolerance"": 2e-07, ""free_valid"": true, ""free_nll"": 27.55737363170463, ""free_score"": 6.572520305780927e-14, ""sigma"": 1651.9753620812678}]",1,27.557373631704628,6.5725203057809267e-14,12560.64261361129,12555.120020680297,newton
calibration,stress,1,44,14,2,11384.217024897083,5692.1085124485417,-12920.092476754729,5711.0734690907429,-4.2556464442614308,,,,11394,11394,11094,300,0,9e40c4b0b7b667a93898097d9c0883f3fec98d60e470445c64eef948f18f3880,1784ef3682e99d1a0b79ce3b3815408e70d830792a03597996ff71f541b0b7d6,e32f0d6bc210817a3f16468fc977474ac7b97ba13466586c4b3c05a3e083cdac,8f5f83da7c55e8c34a1ed4f5edebb52a900851fee291f6b040745a36665752bd,d04812a498535f8eaef9c9bf0960886190bb4ed5326d7ad247f949302122e814,0.97338276797150047,0.02661723202835916,82.394869719997601,0.3927842696321498,True,False,,,False,,observed_profile_hessian,34,1.91693081344,34,9.9999999999999995e-07,0,c268453e1f82224431c30b4db67e3e6fccbbffc439866d69a0b325668d6cac79,99305bcb2a441833aa41dd9668d0387923bd20a059be015e7c2e46d994699780,"[{""attempt"": 0, ""tolerance"": 2e-07, ""free_valid"": true, ""free_nll"": 44.836982716387, ""free_score"": 6.128431095930864e-14, ""sigma"": 5711.073469090743}]",1,44.836982716386999,6.1284310959308641e-14,125552.68360365712,125619.22749472676,newton
calibration,stress,0.10000000000000001,44,14,3,4936.1641170510793,1645.3880390170264,2627.2309797211515,1653.4739169304803,-1.3964134019218437,,,,4899,4899,4766,133,0,ec9d7470b5d8ddd7d3b6985c3d13ef9a6422cabeb7007e8cdb1b71d58690e0dd,62778d032b9a8e086b45f1da5321229769c7bb16045b436d948e7de532c268a4,9e1e2e68e5ec5b5246e7dbd0dc33afcc900df769a8a1131f893cdf80daa6a3ec,8f5f83da7c55e8c34a1ed4f5edebb52a900851fee291f6b040745a36665752bd,d04812a498535f8eaef9c9bf0960886190bb4ed5326d7ad247f949302122e814,0.97338276797150047,0.02661723202835916,82.394869719997601,0.3927842696321498,True,False,,,False,,observed_profile_hessian,34,1.91693081344,34,9.9999999999999995e-08,0,532a61a9e1b43067b1bbe92a15a85c73a4842bdbc83f567ccceaa969210fce72,4520b17464ffe13b53cc654594de164c0b8e02edd703e9937c941f8acc8089d2,"[{""attempt"": 0, ""tolerance"": 2e-07, ""free_valid"": true, ""free_nll"": 27.321746359122283, ""free_score"": 2.4424906541753444e-14, ""sigma"": 1653.4739169304803}]",1,27.321746359122283,2.4424906541753444e-14,12569.207549225684,12555.676208606887,newton
calibration,stress,1,44,14,3,17076.325537345627,5692.1085124485417,-7879.1932569322753,5712.8209332112447,-4.3683355536666726,,,,17020,17020,16575,445,0,9e40c4b0b7b667a93898097d9c0883f3fec98d60e470445c64eef948f18f3880,8c67fec5283b8ebda254b505c537cdcf208e7536808a376ff9f3b4e8f76d2893,d1f5e489b305f946d8a72cf966d8080a74d0306fb0269eb7a62371b0ec0097bd,8f5f83da7c55e8c34a1ed4f5edebb52a900851fee291f6b040745a36665752bd,d04812a498535f8eaef9c9bf0960886190bb4ed5326d7ad247f949302122e814,0.97338276797150047,0.02661723202835916,82.394869719997601,0.3927842696321498,True,False,,,False,,observed_profile_hessian,34,1.91693081344,34,9.9999999999999995e-07,0,a723727a64467897bc54551a270fb4e59518eee80a30015cd79c7c6e455da584,2c612780646eaaefe7b09f368f5ded8f825af46e6d9a8ba4fd57bec317e5ee5a,"[{""attempt"": 0, ""tolerance"": 2e-07, ""free_valid"": true, ""free_nll"": 44.802475962864975, ""free_score"": 5.0182080713057076e-14, ""sigma"": 5712.820933211245}]",1,44.802475962864975,5.0182080713057076e-14,125587.83619591281,125628.4173433581,newton
calibration,stress,0.10000000000000001,44,14,4,6581.5521560681054,1645.3880390170264,4317.4801464091279,1654.8400721325856,-1.3681515499810668,,,,6582,6582,6414,168,0,ec9d7470b5d8ddd7d3b6985c3d13ef9a6422cabeb7007e8cdb1b71d58690e0dd,bb069f426bea7df44d23c8ab3edfe9fe561163c85ecd9be65ee5264fbfcf8f8b,4ec15c0d7f764fb6e81751a0f3eef8a1d778f951632fd19c5c18d390b82f3f6c,8f5f83da7c55e8c34a1ed4f5edebb52a900851fee291f6b040745a36665752bd,d04812a498535f8eaef9c9bf0960886190bb4ed5326d7ad247f949302122e814,0.97338276797150047,0.02661723202835916,82.394869719997601,0.3927842696321498,True,False,,,False,,observed_profile_hessian,34,1.91693081344,34,9.9999999999999995e-08,0,549a1169176af45d190723f825acf6c33f012045d4cad7f8663c3100d41e9ae1,041430832010b6238e99b4c7d01c59eb9adc1bf95cd159dbc0caac28d069228e,"[{""attempt"": 0, ""tolerance"": 2e-07, ""free_valid"": true, ""free_nll"": 28.135591981396622, ""free_score"": 3.019806626980426e-14, ""sigma"": 1654.8400721325856}]",1,28.135591981396622,3.0198066269804258e-14,12580.22924838144,12557.992416170304,newton
calibration,stress,1,44,14,4,22768.434049794167,5692.1085124485417,-1862.8345718985104,5714.5483885179901,-4.3102738741670796,,,,22792,22792,22187,605,0,9e40c4b0b7b667a93898097d9c0883f3fec98d60e470445c64eef948f18f3880,26c854a7d29c6d2b8b3061a8b664c54680f4db4ca1281a8aaefb3ac8cd262feb,7c7b08f19723722d5f2ea25fe0bf5907ba383ca0df36e873c55a7a019b98b639,8f5f83da7c55e8c34a1ed4f5edebb52a900851fee291f6b040745a36665752bd,d04812a498535f8eaef9c9bf0960886190bb4ed5326d7ad247f949302122e814,0.97338276797150047,0.02661723202835916,82.394869719997601,0.3927842696321498,True,False,,,False,,observed_profile_hessian,34,1.91693081344,34,9.9999999999999995e-07,0,438fb7c43569fb411bc1144bc814a2b3bf8fb645978653d9a1acf648215c9725,9ff716e839d48b4f8d676acd7661b4b8a915382bd813c55e39fcc3c200c0ecad,"[{""attempt"": 0, ""tolerance"": 2e-07, ""free_valid"": true, ""free_nll"": 46.011390168779, ""free_score"": 1.7141843500212417e-13, ""sigma"": 5714.54838851799}]",1,46.011390168779002,1.7141843500212417e-13,125618.03275380257,125627.62713256234,newton
calibration,stress,0.10000000000000001,44,14,5,8226.9401950851316,1645.3880390170264,5796.4277613996155,1656.4034625519776,-1.467343246156277,,,,8184,8184,7952,232,0,ec9d7470b5d8ddd7d3b6985c3d13ef9a6422cabeb7007e8cdb1b71d58690e0dd,9ce09f7c2a86afdddb6be486654e2b51cfc9ed7ca59699751991048567d04412,b0207a3ddb5f67710dc867eaf7f0ec1b9ad645dde44f830af66f864da34c8abd,8f5f83da7c55e8c34a1ed4f5edebb52a900851fee291f6b040745a36665752bd,d04812a498535f8eaef9c9bf0960886190bb4ed5326d7ad247f949302122e814,0.97338276797150047,0.02661723202835916,82.394869719997601,0.3927842696321498,True,False,,,False,,observed_profile_hessian,34,1.91693081344,34,9.9999999999999995e-08,0,0005c2192f99ad5b0d0fb4649ba38f1dc085ebe051a3cff62e7ae4bf70803812,e8ca0ac6d82490e2d4f82c1d6d8dbd852ad52339bfd4ee506e6fcb877d20bda4,"[{""attempt"": 0, ""tolerance"": 2e-07, ""free_valid"": true, ""free_nll"": 27.775101682793746, ""free_score"": 2.6645352591003757e-15, ""sigma"": 1656.4034625519776}]",1,27.775101682793746,2.6645352591003757e-15,12590.521902421024,12560.667870165329,newton
calibration,stress,1,44,14,5,28460.542562242706,5692.1085124485417,2923.55415569773,5716.3203642341314,-4.4673822982918843,,,,28378,28378,27602,776,0,9e40c4b0b7b667a93898097d9c0883f3fec98d60e470445c64eef948f18f3880,fe4a8e2513049a92149e3822703a78e91e9b9071d69920e9ae7c89b27c6bf94b,5e1b4563ea01cfdf1ff5a9426847b3d450131cc8d83e4662a98ffbb5852af860,8f5f83da7c55e8c34a1ed4f5edebb52a900851fee291f6b040745a36665752bd,d04812a498535f8eaef9c9bf0960886190bb4ed5326d7ad247f949302122e814,0.97338276797150047,0.02661723202835916,82.394869719997601,0.3927842696321498,True,False,,,False,,observed_profile_hessian,34,1.91693081344,34,9.9999999999999995e-07,0,ba6f14b15ae2919cae88f72552f52f6c437654a0633204418d9c6cfe1cc5229b,aa2be45f50201382554b4921ae233c6b31f7261fc1d4aa57a8aefbfb3f827918,"[{""attempt"": 0, ""tolerance"": 2e-07, ""free_valid"": true, ""free_nll"": 45.61964345656114, ""free_score"": 7.993605777301127e-14, ""sigma"": 5716.320364234131}]",1,45.619643456561143,7.9936057773011271e-14,125658.09572147316,125643.03819230896,newton
calibration,stress,0.10000000000000001,44,14,6,9872.3282341021586,1645.3880390170264,7450.5060241828423,1657.8409707049912,-1.4608290256510217,,,,9884,9884,9618,266,0,ec9d7470b5d8ddd7d3b6985c3d13ef9a6422cabeb7007e8cdb1b71d58690e0dd,bdf8692bb86d09db674e098d5473e2fb177f057ca76d788be94de3f4ed5f7182,6a8533a75df9974422e67e11e27eb893e53b1bcd3c06ac2b74ab1178da974fb4,8f5f83da7c55e8c34a1ed4f5edebb52a900851fee291f6b040745a36665752bd,d04812a498535f8eaef9c9bf0960886190bb4ed5326d7ad247f949302122e814,0.97338276797150047,0.02661723202835916,82.394869719997601,0.3927842696321498,True,False,,,False,,observed_profile_hessian,34,1.91693081344,34,9.9999999999999995e-08,0,1bd2920b4005b9c2b6d3102639b50c9c4f34633dc148ad86da7a7bc8b8b6ed9a,4e1c5fcd7b474f33756ca4ce5c5d339a75f884c6a20bfe44cf2139e6a53bedf3,"[{""attempt"": 0, ""tolerance"": 2e-07, ""free_valid"": true, ""free_nll"": 27.918691682865635, ""free_score"": 6.88338275267597e-14, ""sigma"": 1657.8409707049912}]",1,27.918691682865635,6.8833827526759706e-14,12598.04695861089,12559.673730077204,newton
calibration,stress,1,44,14,6,34152.651074691254,5692.1085124485417,8807.6341969352015,5718.0535072743451,-4.4324553531219753,,,,34231,34231,33344,887,0,9e40c4b0b7b667a93898097d9c0883f3fec98d60e470445c64eef948f18f3880,6c7239c65e569affec7ec498f237fc98a55a4d24b0f634e418564d99d7d3e22b,392bd2b0c7386f63d9ed04ad37ac8e5990c67f70d4291437c30ab4233f1dd0be,8f5f83da7c55e8c34a1ed4f5edebb52a900851fee291f6b040745a36665752bd,d04812a498535f8eaef9c9bf0960886190bb4ed5326d7ad247f949302122e814,0.97338276797150047,0.02661723202835916,82.394869719997601,0.3927842696321498,True,False,,,False,,observed_profile_hessian,34,1.91693081344,34,9.9999999999999995e-07,0,fcdc8462affe2fc6914e43428a9b5dfe7ebdd529366602e10a9d8017dc93a2c7,b04fe8c6a61042757e22f548932e9255f5747fdae8f8fd52fd59839289416eb9,"[{""attempt"": 0, ""tolerance"": 2e-07, ""free_valid"": true, ""free_nll"": 46.2936118073547, ""free_score"": 1.3944401189291966e-13, ""sigma"": 5718.053507274345}]",1,46.293611807354701,1.3944401189291966e-13,125689.63630904628,125644.27330165013,newton
calibration,stress,0.10000000000000001,44,14,7,11517.716273119184,1645.3880390170264,8583.2037566908621,1659.3528017643212,-1.7684681119700258,,,,11480,11480,11142,338,0,ec9d7470b5d8ddd7d3b6985c3d13ef9a6422cabeb7007e8cdb1b71d58690e0dd,8ab2141561d2391d0bb2277e4376e347cd6e6dc1197584ba74944480746c9ed9,e1b218bc6a85c494c5b1513c6df29a06a98bda735446df92af19381d987c7bdc,8f5f83da7c55e8c34a1ed4f5edebb52a900851fee291f6b040745a36665752bd,d04812a498535f8eaef9c9bf0960886190bb4ed5326d7ad247f949302122e814,0.97338276797150047,0.02661723202835916,82.394869719997601,0.3927842696321498,True,False,,,False,,observed_profile_hessian,34,1.91693081344,34,9.9999999999999995e-08,0,28fb0ce7faa58d362587906f3c668ac3d0b1f807b9457f110d351f77bca62991,9a22d06d91b9f7083f0f9145cf363b9e80c01d589401700dc5005e8256d71a2b,"[{""attempt"": 0, ""tolerance"": 2e-07, ""free_valid"": true, ""free_nll"": 27.877412715948502, ""free_score"": 1.5942802633617248e-13, ""sigma"": 1659.3528017643212}]",1,27.877412715948502,1.5942802633617248e-13,12611.533309251419,12567.326212681381,newton
calibration,stress,1,44,14,7,39844.759587139793,5692.1085124485417,13907.428742876531,5719.772240971768,-4.5346789612476961,,,,39643,39643,38554,1089,0,9e40c4b0b7b667a93898097d9c0883f3fec98d60e470445c64eef948f18f3880,0fc8a6c4794fab8802ff371113951b0df53b7b76430a84ae96b1f384b0e03b81,f37f35ed466d7511594fc9f3912da941ebce5a7349e60ed0207d937bb6503c33,8f5f83da7c55e8c34a1ed4f5edebb52a900851fee291f6b040745a36665752bd,d04812a498535f8eaef9c9bf0960886190bb4ed5326d7ad247f949302122e814,0.97338276797150047,0.02661723202835916,82.394869719997601,0.3927842696321498,True,False,,,False,,observed_profile_hessian,34,1.91693081344,34,9.9999999999999995e-07,0,ccc206ad25ffdf82ea7b84d785ab3711ef4dab3124b3c522218ac93a03bc4d8f,e7a8282bab2986dcf771b0ba4a54ec384afc3aad9b4a3e5b412c8f7ffdd8ef7b,"[{""attempt"": 0, ""tolerance"": 2e-07, ""free_valid"": true, ""free_nll"": 46.79314328401733, ""free_score"": 1.0125233984581428e-13, ""sigma"": 5719.772240971768}]",1,46.793143284017333,1.0125233984581428e-13,125723.36671461588,125651.73762798282,newton
calibration,stress,0.10000000000000001,44,14,8,13163.104312136211,1645.3880390170264,10518.067539929587,1660.5973986747085,-1.592822423013295,,,,13075,13075,12757,318,0,ec9d7470b5d8ddd7d3b6985c3d13ef9a6422cabeb7007e8cdb1b71d58690e0dd,9c0edc7912460dfb435c74bfae19fe2612e4d078e7634476b77b0972d9ae32e9,f9aeaa31e92301bced363a2937445bd6c819df63c8d2e088b570a31826fd1c62,8f5f83da7c55e8c34a1ed4f5edebb52a900851fee291f6b040745a36665752bd,d04812a498535f8eaef9c9bf0960886190bb4ed5326d7ad247f949302122e814,0.97338276797150047,0.02661723202835916,82.394869719997601,0.3927842696321498,True,False,,,False,,observed_profile_hessian,34,1.91693081344,34,9.9999999999999995e-08,0,87cbf7acc81aa31e35402da379ab931d932b104061d5cbb61c0c9e3657297e31,9b02521819197171742a3d8f744df0f801778bfe4c80d2a19f869f52c1140ff3,"[{""attempt"": 0, ""tolerance"": 2e-07, ""free_valid"": true, ""free_nll"": 28.772023897248545, ""free_score"": 1.7923440509548527e-12, ""sigma"": 1660.5973986747085}]",1,28.772023897248545,1.7923440509548527e-12,12623.147065949925,12568.974609994257,newton
calibration,stress,1,44,14,8,45536.868099588333,5692.1085124485417,19561.071089787576,5721.4178956516298,-4.540097836507063,,,,45332,45332,44139,1193,0,9e40c4b0b7b667a93898097d9c0883f3fec98d60e470445c64eef948f18f3880,accd32816b6789a000c79cdce0561cbf3ce9eaf92ec530fbb41b5f7ff565c5f1,645696099c48e824cd523e71fddd6cbeafb4bd83c81a7d4fedbf14b8d613f9ff,8f5f83da7c55e8c34a1ed4f5edebb52a900851fee291f6b040745a36665752bd,d04812a498535f8eaef9c9bf0960886190bb4ed5326d7ad247f949302122e814,0.97338276797150047,0.02661723202835916,82.394869719997601,0.3927842696321498,True,False,,,False,,observed_profile_hessian,34,1.91693081344,34,9.9999999999999995e-07,0,8c6a9cadeb6226747b77339bc854fb4c83471ff620467da9c450139d5eacc930,6c1710a11b5807f1caf9dfa07c1ffc04b76adbe69692e9c6ca5b8cdd2ca11b5e,"[{""attempt"": 0, ""tolerance"": 2e-07, ""free_valid"": true, ""free_nll"": 48.16967352199698, ""free_score"": 5.1514348342607263e-14, ""sigma"": 5721.41789565163}]",1,48.169673521996977,5.1514348342607263e-14,125761.1907885003,125660.44307433757,newton
calibration,stress,0.10000000000000001,44,15,0,0,1645.3880390170264,-4882.4960715206307,1650.2390462017627,-2.958659887946733,,,,0,0,0,0,0,c014034d911f5137467170bfc2cb8f6dbd5f5b9cc0933e9d153e79efe403afb1,c014034d911f5137467170bfc2cb8f6dbd5f5b9cc0933e9d153e79efe403afb1,f440d6087e5a50c4aef861dbe0f0dd7752e43e8d6fb7b0a6393f704d359bba12,8f5f83da7c55e8c34a1ed4f5edebb52a900851fee291f6b040745a36665752bd,d04812a498535f8eaef9c9bf0960886190bb4ed5326d7ad247f949302122e814,0.97338276797150047,0.02661723202835916,82.394869719997601,0.3927842696321498,True,False,,,False,,observed_profile_hessian,34,1.91693081344,34,9.9999999999999995e-08,0,ca337eb4501b18c8641b5632b41f4a0ebaf00238cc81e73825d287270afad82a,ee2c8c53433e33b46a9bc55c3e902e111d82e541990c951299eba8fd374bebd2,"[{""attempt"": 0, ""tolerance"": 2e-07, ""free_valid"": true, ""free_nll"": 19.826671843144574, ""free_score"": 2.6574298317427747e-12, ""sigma"": 1650.2390462017627}]",1,19.826671843144574,2.6574298317427747e-12,12587.300944097995,12612.447845121787,newton
calibration,stress,1,44,15,0,0,5692.1085124485417,-31149.987483629462,5707.4677765399656,-5.4577596761332039,,,,0,0,0,0,0,690d9a049b26997b34ad0526563398167a2cb74a369d5d93be26ffc159906d28,690d9a049b26997b34ad0526563398167a2cb74a369d5d93be26ffc159906d28,f440d6087e5a50c4aef861dbe0f0dd7752e43e8d6fb7b0a6393f704d359bba12,8f5f83da7c55e8c34a1ed4f5edebb52a900851fee291f6b040745a36665752bd,d04812a498535f8eaef9c9bf0960886190bb4ed5326d7ad247f949302122e814,0.97338276797150047,0.02661723202835916,82.394869719997601,0.3927842696321498,True,False,,,False,,observed_profile_hessian,34,1.91693081344,34,9.9999999999999995e-07,0,62f492ba225e7681a6417524e825341af2b6f7002938114561c6873351353579,a23b8bf9635ebec25464d68d8c17f7495a11cf5b0bea312f84ed549a5a6419d7,"[{""attempt"": 0, ""tolerance"": 2e-07, ""free_valid"": true, ""free_nll"": 50.18992306314973, ""free_score"": 6.892264536872972e-13, ""sigma"": 5707.467776539966}]",1,50.189923063149728,6.8922645368729718e-13,125508.45929944952,125668.89478995862,newton
calibration,stress,0.10000000000000001,44,15,1,1645.3880390170264,1645.3880390170264,-3305.2532136290083,1651.7062200410253,-2.9972892228516703,,,,1673,1673,1627,46,0,c014034d911f5137467170bfc2cb8f6dbd5f5b9cc0933e9d153e79efe403afb1,0e53ceea459c81c90705d77636fcf92fd774c72bdfd094108efa90d68b4f69dd,a09b4a9cdb28ae70827b0a1cb9d3d652bf74e7a65e84aed3a1aea5c536b0c227,8f5f83da7c55e8c34a1ed4f5edebb52a900851fee291f6b040745a36665752bd,d04812a498535f8eaef9c9bf0960886190bb4ed5326d7ad247f949302122e814,0.97338276797150047,0.02661723202835916,82.394869719997601,0.3927842696321498,True,False,,,False,,observed_profile_hessian,34,1.91693081344,34,9.9999999999999995e-08,0,b2bc11953e226ee117beb4373d8479219a81f794bdb92dae8f20bf7a5b96d611,9043415f91e7aa9bc643ce244083323b55975c875dc4455abb99e642ad1bceb5,"[{""attempt"": 0, ""tolerance"": 2e-07, ""free_valid"": true, ""free_nll"": 20.451664282813052, ""free_score"": 3.8768988019910466e-13, ""sigma"": 1651.7062200410253}]",1,20.451664282813052,3.8768988019910466e-13,12598.001824824585,12615.025264107315,newton
calibration,stress,1,44,15,1,5692.1085124485417,5692.1085124485417,-25675.438097506387,5709.2132579476502,-5.4941977454229738,,,,5727,5727,5582,145,0,690d9a049b26997b34ad0526563398167a2cb74a369d5d93be26ffc159906d28,3c4234c793c1854c6763a435e0eee1b37a02e494e2aab8ef28adfa5d950653f3,6a72c266defb8b1c36356858781d65b6d9c227383922379c4bcdfc45e0205a82,8f5f83da7c55e8c34a1ed4f5edebb52a900851fee291f6b040745a36665752bd,d04812a498535f8eaef9c9bf0960886190bb4ed5326d7ad247f949302122e814,0.97338276797150047,0.02661723202835916,82.394869719997601,0.3927842696321498,True,False,,,False,,observed_profile_hessian,34,1.91693081344,34,9.9999999999999995e-07,0,e19bc833598c2115b5afb1ecd8fb8e9dfe35e3f5c136661a0b2c7c24cedcef27,e3053a714602f4cd7562e60118926dbe98aa28625e9844f4f8de62eb9ff8819e,"[{""attempt"": 0, ""tolerance"": 2e-07, ""free_valid"": true, ""free_nll"": 50.452128445230464, ""free_score"": 2.362554596402333e-13, ""sigma"": 5709.21325794765}]",1,50.452128445230464,2.3625545964023331e-13,125544.34561593538,125676.58488272078,newton
calibration,stress,0.10000000000000001,44,15,2,3290.7760780340527,1645.3880390170264,-1987.0933239518577,1653.0311582254519,-3.1928432659743478,,,,3130,3130,3048,82,0,c014034d911f5137467170bfc2cb8f6dbd5f5b9cc0933e9d153e79efe403afb1,c9ae505887c3b2c1bbd5901148a2a246f9402db14ad91e7aab17f471bdd02211,de1b43b4bcc20cf6699d1012e38b6ab0e2bb3c99d3b38169eb88b5b2368e392a,8f5f83da7c55e8c34a1ed4f5edebb52a900851fee291f6b040745a36665752bd,d04812a498535f8eaef9c9bf0960886190bb4ed5326d7ad247f949302122e814,0.97338276797150047,0.02661723202835916,82.394869719997601,0.3927842696321498,True,False,,,False,,observed_profile_hessian,34,1.91693081344,34,9.9999999999999995e-08,0,fa4205426161696be59a0ca65f224b37bd7f852c2cca1b2b3d12318fc3415ff6,2f83807f8d65f0a5e0a557c7a76a3badb64045dcf848d2a9c6aa2d1c8be02753,"[{""attempt"": 0, ""tolerance"": 2e-07, ""free_valid"": true, ""free_nll"": 19.842553172075093, ""free_score"": 6.217248937900877e-14, ""sigma"": 1653.031158225452}]",1,19.842553172075093,6.2172489379008766e-14,12607.407836500741,12617.642199910457,newton
calibration,stress,1,44,15,2,11384.217024897083,5692.1085124485417,-20454.426630007372,5710.8632578190891,-5.575101734630441,,,,11218,11218,10941,277,0,690d9a049b26997b34ad0526563398167a2cb74a369d5d93be26ffc159906d28,8163521fbe17cf19fa880f3a397d353505a45f63ff86f5c50c779fd50d629d4a,20e496afb72436bf2990549248f65ab95c98bf054eab8639e1bc0fc76a7fc685,8f5f83da7c55e8c34a1ed4f5edebb52a900851fee291f6b040745a36665752bd,d04812a498535f8eaef9c9bf0960886190bb4ed5326d7ad247f949302122e814,0.97338276797150047,0.02661723202835916,82.394869719997601,0.3927842696321498,True,False,,,False,,observed_profile_hessian,34,1.91693081344,34,9.9999999999999995e-07,0,6a353e0d6f4e914b6133253c843d551afa53d69b7b3951f28fbf7f203c1c2fef,0f51b4ee240191990f247dff11d1586e3b19ef256bb0cf7e2a32d6f7d6a6b1c5,"[{""attempt"": 0, ""tolerance"": 2e-07, ""free_valid"": true, ""free_nll"": 50.695900456699434, ""free_score"": 8.482103908136196e-14, ""sigma"": 5710.863257819089}]",1,50.695900456699434,8.482103908136196e-14,125577.46920529715,125682.81807489759,newton
calibration,stress,0.10000000000000001,44,15,3,4936.1641170510793,1645.3880390170264,-220.32478363882646,1654.6542699543602,-3.1163542706913243,,,,4948,4948,4805,143,0,c014034d911f5137467170bfc2cb8f6dbd5f5b9cc0933e9d153e79efe403afb1,e537c1793ec733ce0316dbbbe78466c664bbb7262247e633019cef3ac9838649,b102368eec0e3620fe99d0a735e3cc7f89100b34ff112b6e47e671c68eff6dd0,8f5f83da7c55e8c34a1ed4f5edebb52a900851fee291f6b040745a36665752bd,d04812a498535f8eaef9c9bf0960886190bb4ed5326d7ad247f949302122e814,0.97338276797150047,0.02661723202835916,82.394869719997601,0.3927842696321498,True,False,,,False,,observed_profile_hessian,34,1.91693081344,34,9.9999999999999995e-08,0,a2cf3ccdf53375917044bd3ff52f5aeca95ac6ff2d0faaa6f230f7a8b97377fa,e284cb4acc461ae18b08afdec1e191c0e977792a596d420cb792973e7a604836,"[{""attempt"": 0, ""tolerance"": 2e-07, ""free_valid"": true, ""free_nll"": 20.644805997031483, ""free_score"": 3.68594044175552e-14, ""sigma"": 1654.6542699543602}]",1,20.644805997031483,3.6859404417555197e-14,12618.451081582418,12619.585846556336,newton
calibration,stress,1,44,15,3,17076.325537345627,5692.1085124485417,-15176.03898437281,5712.7065427947127,-5.6457240154226902,,,,16996,16996,16520,476,0,690d9a049b26997b34ad0526563398167a2cb74a369d5d93be26ffc159906d28,331b2ae435257620475aa83343f88c9414d5a3d99c95aee8db9862894789a12e,67102e18dbbcc7adf32a97f6fc2263f8a49ee3d37d6348779c8fb7b7795a2922,8f5f83da7c55e8c34a1ed4f5edebb52a900851fee291f6b040745a36665752bd,d04812a498535f8eaef9c9bf0960886190bb4ed5326d7ad247f949302122e814,0.97338276797150047,0.02661723202835916,82.394869719997601,0.3927842696321498,True,False,,,False,,observed_profile_hessian,34,1.91693081344,34,9.9999999999999995e-07,0,a65e14dab11f628d0b6cf3c47e29280ace55af306ce87cb0edf2b6c40c1bfe60,1cd986b8f325fa633451234461543b4f945a01ea90846b2a931a355b639f1ffb,"[{""attempt"": 0, ""tolerance"": 2e-07, ""free_valid"": true, ""free_nll"": 51.09689928285947, ""free_score"": 9.903189379656396e-14, ""sigma"": 5712.706542794713}]",1,51.096899282859468,9.9031893796563963e-14,125614.69788008749,125692.86084113918,newton
calibration,stress,0.10000000000000001,44,15,4,6581.5521560681054,1645.3880390170264,1347.1136173135467,1656.3027485730572,-3.1603150711813695,,,,6666,6666,6444,222,0,c014034d911f5137467170bfc2cb8f6dbd5f5b9cc0933e9d153e79efe403afb1,0b951ee067cc7ecd0fd8284b38756b78ff79b6ca343593625c68ccd5c853dc5e,a5ffc5402778fc1276ad0f0fb5e1166f9fcae2f6af120616fda76d002f730b4b,8f5f83da7c55e8c34a1ed4f5edebb52a900851fee291f6b040745a36665752bd,d04812a498535f8eaef9c9bf0960886190bb4ed5326d7ad247f949302122e814,0.97338276797150047,0.02661723202835916,82.394869719997601,0.3927842696321498,True,False,,,False,,observed_profile_hessian,34,1.91693081344,34,9.9999999999999995e-08,0,0538e0343a83ef6df34dc8c22183bf979a617bef1e1452a5476d218ce0980180,fcd06af994d42a84d3509f72a3a6020b7a7f1e9056219b542cb06478cd53415d,"[{""attempt"": 0, ""tolerance"": 2e-07, ""free_valid"": true, ""free_nll"": 21.047364825184328, ""free_score"": 7.860379014346108e-14, ""sigma"": 1656.3027485730572}]",1,21.047364825184328,7.8603790143461083e-14,12630.821084928142,12623.882885223287,newton
calibration,stress,1,44,15,4,22768.434049794167,5692.1085124485417,-8933.3428771016625,5714.6299671330989,-5.5474767586395268,,,,23090,23090,22438,652,0,690d9a049b26997b34ad0526563398167a2cb74a369d5d93be26ffc159906d28,d32725f9b97d990481d10286b8f6da01ce3e44b09240dca5bfbb4b1103fb5bdc,54a284b50da9973ee1ab28a7bdcc1fb8ce44a1d47eba033150aea9f0c9b5e08d,8f5f83da7c55e8c34a1ed4f5edebb52a900851fee291f6b040745a36665752bd,d04812a498535f8eaef9c9bf0960886190bb4ed5326d7ad247f949302122e814,0.97338276797150047,0.02661723202835916,82.394869719997601,0.3927842696321498,True,False,,,False,,observed_profile_hessian,34,1.91693081344,34,9.9999999999999995e-07,0,94a23f9b7f6d29476154adb5756573cc2523654cb4e38405fbec8391deb34395,1494a3bb529e44adb4f3c15768786769da81e02e9bb1e9acecdd7432a7fdd2de,"[{""attempt"": 0, ""tolerance"": 2e-07, ""free_valid"": true, ""free_nll"": 52.11487461159089, ""free_score"": 3.4638958368304884e-14, ""sigma"": 5714.629967133099}]",1,52.114874611590892,3.4638958368304884e-14,125649.39030045511,125695.40076023867,newton
calibration,stress,0.10000000000000001,44,15,5,8226.9401950851316,1645.3880390170264,2935.8712240399204,1657.50341452371,-3.192191898178153,,,,8218,8218,8013,205,0,c014034d911f5137467170bfc2cb8f6dbd5f5b9cc0933e9d153e79efe403afb1,ee3a929ca5820ee01d5a3e41a59402d412d9e68099f953a22ef7c4d75c82017e,df0a1cc41d760c720db47137faafd27582446e6ecddac0bed6aa34e56bdc6b17,8f5f83da7c55e8c34a1ed4f5edebb52a900851fee291f6b040745a36665752bd,d04812a498535f8eaef9c9bf0960886190bb4ed5326d7ad247f949302122e814,0.97338276797150047,0.02661723202835916,82.394869719997601,0.3927842696321498,True,False,,,False,,observed_profile_hessian,34,1.91693081344,34,9.9999999999999995e-08,0,8f5deab4d0d1a0c4542f582cd005097d988e622a0e6e4ef853a8ab8235acb0ea,9762be33b9f109d9af654464f32cd3b71e7d3a4fddec781a5c5076453d5c001d,"[{""attempt"": 0, ""tolerance"": 2e-07, ""free_valid"": true, ""free_nll"": 20.015643165109903, ""free_score"": 7.821297720589371e-08, ""sigma"": 1657.50341452371}]",1,20.015643165109903,7.8212977205893708e-08,12637.261319495354,12622.140352267101,newton
calibration,stress,1,44,15,5,28460.542562242706,5692.1085124485417,-3998.6737777727017,5716.1185708538624,-5.6785414678979826,,,,28440,28440,27719,721,0,690d9a049b26997b34ad0526563398167a2cb74a369d5d93be26ffc159906d28,bcfedea08bc963e300a4463ae01e48a3c2c9b86cfaf949c17c9cc08009a695fd,d8cea2556191e00104c285552f7b91075b1cc4807b85ec61b8eb9b915f351934,8f5f83da7c55e8c34a1ed4f5edebb52a900851fee291f6b040745a36665752bd,d04812a498535f8eaef9c9bf0960886190bb4ed5326d7ad247f949302122e814,0.97338276797150047,0.02661723202835916,82.394869719997601,0.3927842696321498,True,False,,,False,,observed_profile_hessian,34,1.91693081344,34,9.9999999999999995e-07,0,81d1ae35a1004542a9e42b3063564c42301539daf0df270fc778a11a9fedd33f,745a96e79738fd73552a3a6ee0efa645941800432e7245739429fdfe3ade0ef0,"[{""attempt"": 0, ""tolerance"": 2e-07, ""free_valid"": true, ""free_nll"": 51.80687673891585, ""free_score"": 1.0791367799356522e-13, ""sigma"": 5716.118570853862}]",1,51.806876738915847,1.0791367799356522e-13,125681.75174266321,125702.34658846403,newton
calibration,stress,0.10000000000000001,44,15,6,9872.3282341021586,1645.3880390170264,4310.0260126126441,1658.906655301661,-3.3529928906566764,,,,9756,9756,9502,254,0,c014034d911f5137467170bfc2cb8f6dbd5f5b9cc0933e9d153e79efe403afb1,599d80abba8e9aa70c5899b9cf985ffac4f36746d4df422d60c09ff94c0cf428,6bce8c8f38dfdfbf0a1896e840a3b8ab5d8990c51e6dfddbefb95c56ac6a0d57,8f5f83da7c55e8c34a1ed4f5edebb52a900851fee291f6b040745a36665752bd,d04812a498535f8eaef9c9bf0960886190bb4ed5326d7ad247f949302122e814,0.97338276797150047,0.02661723202835916,82.394869719997601,0.3927842696321498,True,False,,,False,,observed_profile_hessian,34,1.91693081344,34,9.9999999999999995e-08,0,e249a496769b72a2b8cc84e40255345bcbd1c049ceb6a317aa04981cb7097b30,50d6435dd5fa1e5c47d06b05d0e5a4b5720064896a0b6321a58002dab55f2fad,"[{""attempt"": 0, ""tolerance"": 2e-07, ""free_valid"": true, ""free_nll"": 18.502588057775064, ""free_score"": 1.199040866595169e-14, ""sigma"": 1658.906655301661}]",1,18.502588057775064,1.1990408665951691e-14,12647.920642638608,12625.722202340552,newton
calibration,stress,1,44,15,6,34152.651074691254,5692.1085124485417,1436.0046322783708,5717.8787140056711,-5.7218153932287894,,,,34332,34332,33430,902,0,690d9a049b26997b34ad0526563398167a2cb74a369d5d93be26ffc159906d28,efccc92089e5ef736271eb011f1ac7895f8efbf074ad3e5fdfdb894bf9fc4895,2f90095ac8fcea4344626f78c96f2ffa6001ea8182ade26c5516c4f741f303c1,8f5f83da7c55e8c34a1ed4f5edebb52a900851fee291f6b040745a36665752bd,d04812a498535f8eaef9c9bf0960886190bb4ed5326d7ad247f949302122e814,0.97338276797150047,0.02661723202835916,82.394869719997601,0.3927842696321498,True,False,,,False,,observed_profile_hessian,34,1.91693081344,34,9.9999999999999995e-07,0,ad38c54e6f1e12bd5394d32eb6a5c8ecae9dc13cf6c9e5776ff6040cade45910,73a1f1358706e246cc31cd7cede78e381223f3471a15621079a98dd9ef2f3dff,"[{""attempt"": 0, ""tolerance"": 2e-07, ""free_valid"": true, ""free_nll"": 52.360969405513515, ""free_score"": 5.81756864903582e-14, ""sigma"": 5717.878714005671}]",1,52.360969405513515,5.8175686490358203e-14,125716.20991991226,125708.8138942261,newton
calibration,stress,0.10000000000000001,44,15,7,11517.716273119184,1645.3880390170264,6121.3341010737513,1660.5614412562793,-3.2497335166128267,,,,11681,11681,11354,327,0,c014034d911f5137467170bfc2cb8f6dbd5f5b9cc0933e9d153e79efe403afb1,e8d5b8f251863308e37e6f7a1804825fd751a0e2557064a96b8a1fee3f8f7a42,23fb41dedd23e1242932c94431eab378a7805531af020e17a634a01a10a6a660,8f5f83da7c55e8c34a1ed4f5edebb52a900851fee291f6b040745a36665752bd,d04812a498535f8eaef9c9bf0960886190bb4ed5326d7ad247f949302122e814,0.97338276797150047,0.02661723202835916,82.394869719997601,0.3927842696321498,True,False,,,False,,observed_profile_hessian,34,1.91693081344,34,9.9999999999999995e-08,0,b033f2159820b143437c8c7a6f5661b3871466fbc019a25a2c7fac64f60f17f3,9a8685eb1f263f00f421f939fcfacc07001bf5fcdb02988648ada1d05d247ebe,"[{""attempt"": 0, ""tolerance"": 2e-07, ""free_valid"": true, ""free_nll"": 21.153663483518123, ""free_score"": 7.105427357601002e-15, ""sigma"": 1660.5614412562793}]",1,21.153663483518123,7.1054273576010019e-15,12660.053857336356,12628.526421263003,newton
calibration,stress,1,44,15,7,39844.759587139793,5692.1085124485417,6925.1345097466319,5719.7248348969151,-5.755456080080199,,,,40150,40150,39058,1092,0,690d9a049b26997b34ad0526563398167a2cb74a369d5d93be26ffc159906d28,bd32083fe56411f6109e64a7363b62aee87094094428d011fbe5309aa33aac0c,7d66ccc59274314ccaa057bfa3085d5e1f360c17ef2667a2e5923c235bc8af62,8f5f83da7c55e8c34a1ed4f5edebb52a900851fee291f6b040745a36665752bd,d04812a498535f8eaef9c9bf0960886190bb4ed5326d7ad247f949302122e814,0.97338276797150047,0.02661723202835916,82.394869719997601,0.3927842696321498,True,False,,,False,,observed_profile_hessian,34,1.91693081344,34,9.9999999999999995e-07,0,3b2c9facf30cafa8b80bc66c70c35d622621b7c7046edca399219f3897646ecd,621f4477e1085a41e60aff29145c968d7e1e3e48cfdd19aa796f95bf3b2ba491,"[{""attempt"": 0, ""tolerance"": 2e-07, ""free_valid"": true, ""free_nll"": 52.248400849335226, ""free_score"": 5.684341886080802e-14, ""sigma"": 5719.724834896915}]",1,52.248400849335226,5.6843418860808015e-14,125756.43088756621,125720.76354251521,newton
calibration,stress,0.10000000000000001,44,15,8,13163.104312136211,1645.3880390170264,7693.4724304048596,1661.9219635248542,-3.2911484424518545,,,,13191,13191,12845,346,0,c014034d911f5137467170bfc2cb8f6dbd5f5b9cc0933e9d153e79efe403afb1,842ad02a8800bce84fb5262a146f6f4ca31f40c6c3f120043b082cc1cadf005a,dd5a0e2d9cca749ccc17477c9edacbf934520f62570caff62265bb7a2d071fb9,8f5f83da7c55e8c34a1ed4f5edebb52a900851fee291f6b040745a36665752bd,d04812a498535f8eaef9c9bf0960886190bb4ed5326d7ad247f949302122e814,0.97338276797150047,0.02661723202835916,82.394869719997601,0.3927842696321498,True,False,,,False,,observed_profile_hessian,34,1.91693081344,34,9.9999999999999995e-08,0,9b6c07cf1ecd9874ad5e0789ac8ab09224a1e2900ea8ac810f8700b7d48519f7,a7f408d4b2134d7eb628bb1a2dbbdde61eb82bc0d65eb4a1e3986bb29c35f18c,"[{""attempt"": 0, ""tolerance"": 2e-07, ""free_valid"": true, ""free_nll"": 21.45572506645793, ""free_score"": 1.4210854715202004e-13, ""sigma"": 1661.9219635248542}]",1,21.45572506645793,1.4210854715202004e-13,12667.839980160927,12628.215372807908,newton
calibration,stress,1,44,15,8,45536.868099588333,5692.1085124485417,12542.385511282637,5721.2849571823035,-5.7669706779568051,,,,45455,45455,44253,1202,0,690d9a049b26997b34ad0526563398167a2cb74a369d5d93be26ffc159906d28,2a95a70ac0af7aaa081dbd86b1e72aa7de87b7701282a73ad223abfaa6625719,ea121f40f83b3afa11e620f80ee05cb1d9b6659b0a3b761ead382cb69c2e1c71,8f5f83da7c55e8c34a1ed4f5edebb52a900851fee291f6b040745a36665752bd,d04812a498535f8eaef9c9bf0960886190bb4ed5326d7ad247f949302122e814,0.97338276797150047,0.02661723202835916,82.394869719997601,0.3927842696321498,True,False,,,False,,observed_profile_hessian,34,1.91693081344,34,9.9999999999999995e-07,0,e98565db91a4fff95ac04434802d009dd470a56e9afb04dec30fa34196246b51,e2f89e4efca8de80e58571129b307bbc5b4b1ce66230aaa0126831401f19d6dc,"[{""attempt"": 0, ""tolerance"": 2e-07, ""free_valid"": true, ""free_nll"": 53.759680219262776, ""free_score"": 1.2256862191861728e-13, ""sigma"": 5721.2849571823035}]",1,53.759680219262776,1.2256862191861728e-13,125781.19434785162,125716.59580595125,newton
calibration,stress,0.10000000000000001,44,16,0,0,1645.3880390170264,-3586.4861661612681,1650.7159876808782,-2.1726851820221293,,,,0,0,0,0,0,c25e89cf0ae921e56b9bbc8b079a54a5b406248668121fa379ba71ee6418ab3b,c25e89cf0ae921e56b9bbc8b079a54a5b406248668121fa379ba71ee6418ab3b,f440d6087e5a50c4aef861dbe0f0dd7752e43e8d6fb7b0a6393f704d359bba12,8f5f83da7c55e8c34a1ed4f5edebb52a900851fee291f6b040745a36665752bd,d04812a498535f8eaef9c9bf0960886190bb4ed5326d7ad247f949302122e814,0.97338276797150047,0.02661723202835916,82.394869719997601,0.3927842696321498,True,False,,,False,,observed_profile_hessian,34,1.91693081344,34,9.9999999999999995e-08,0,6602f4f9617eb3359ac82020a6c7d232a4a0310cbc5906450a3621fa404b0614,23046258338c00f82384d1a563314aa72dae5b61bf0b5a71b02b0c90820f957a,"[{""attempt"": 0, ""tolerance"": 2e-07, ""free_valid"": true, ""free_nll"": 15.932884218729232, ""free_score"": 1.2156942119645464e-13, ""sigma"": 1650.7159876808782}]",1,15.932884218729232,1.2156942119645464e-13,12579.039570099452,12597.511476952533,newton
calibration,stress,1,44,16,0,0,5692.1085124485417,-29488.298474847579,5708.1140558478564,-5.1660317552059718,,,,0,0,0,0,0,a419b5e58394f86e8c2f9b409487c0a063cccaf3a91d5365ef4e7f5190af5229,a419b5e58394f86e8c2f9b409487c0a063cccaf3a91d5365ef4e7f5190af5229,f440d6087e5a50c4aef861dbe0f0dd7752e43e8d6fb7b0a6393f704d359bba12,8f5f83da7c55e8c34a1ed4f5edebb52a900851fee291f6b040745a36665752bd,d04812a498535f8eaef9c9bf0960886190bb4ed5326d7ad247f949302122e814,0.97338276797150047,0.02661723202835916,82.394869719997601,0.3927842696321498,True,False,,,False,,observed_profile_hessian,34,1.91693081344,34,9.9999999999999995e-07,0,f14ad6ebf18563893d4f1c0880a6d4f39a9849112247ffdd833edf99ba621534,1cda18d7d535b92ce36bd5f286c5786941ba74a3b4993f953f8a641f8116d359,"[{""attempt"": 0, ""tolerance"": 2e-07, ""free_valid"": true, ""free_nll"": 32.44761044106822, ""free_score"": 3.184119634624949e-13, ""sigma"": 5708.114055847856}]",1,32.447610441068221,3.184119634624949e-13,125611.86093014498,125763.73802584453,newton
calibration,stress,0.10000000000000001,44,16,1,1645.3880390170264,1645.3880390170264,-2030.8616947166529,1652.1178346188553,-2.2251740503617237,,,,1624,1624,1582,42,0,c25e89cf0ae921e56b9bbc8b079a54a5b406248668121fa379ba71ee6418ab3b,72fb15f54751b470779b148e57ea41ec227ccd271c2086bd249726d8974a83b9,50e248b0719be1e97f732cffdcf80940103719802ba75d210894029f9e6904f4,8f5f83da7c55e8c34a1ed4f5edebb52a900851fee291f6b040745a36665752bd,d04812a498535f8eaef9c9bf0960886190bb4ed5326d7ad247f949302122e814,0.97338276797150047,0.02661723202835916,82.394869719997601,0.3927842696321498,True,False,,,False,,observed_profile_hessian,34,1.91693081344,34,9.9999999999999995e-08,0,bd82065541d821eb9cd2abf904e177e5d2d421bf7c7b876f1c1cdb44c804db08,aac7f237ee7ebbebafc8284cc80a86c0f0b9a8ea973b5719fd8c5cbf55cec018,"[{""attempt"": 0, ""tolerance"": 2e-07, ""free_valid"": true, ""free_nll"": 15.695476174833441, ""free_score"": 3.441691376337985e-14, ""sigma"": 1652.1178346188553}]",1,15.695476174833441,3.4416913763379853e-14,12588.254005196206,12598.713794058698,newton
calibration,stress,1,44,16,1,5692.1085124485417,5692.1085124485417,-24130.980980608805,5709.8606884514393,-5.2230853115867548,,,,5703,5703,5546,157,0,a419b5e58394f86e8c2f9b409487c0a063cccaf3a91d5365ef4e7f5190af5229,02ce346af709802043890424809b8a4403ef43e5259a2e50f10470965f75e2aa,4de3893620a082b5c446242321fe3bbb9912db58aa400fc8a4f8d713ee829334,8f5f83da7c55e8c34a1ed4f5edebb52a900851fee291f6b040745a36665752bd,d04812a498535f8eaef9c9bf0960886190bb4ed5326d7ad247f949302122e814,0.97338276797150047,0.02661723202835916,82.394869719997601,0.3927842696321498,True,False,,,False,,observed_profile_hessian,34,1.91693081344,34,9.9999999999999995e-07,0,e2efaa069f58a65fa3cc7bf6efe9f374d3998376798492054f3b0a57c185a199,0342168369f3651d2971addd1bc7e386fef7ac53b2425f8db972baed734e3e8f,"[{""attempt"": 0, ""tolerance"": 2e-07, ""free_valid"": true, ""free_nll"": 32.49411819329667, ""free_score"": 3.348432642269472e-13, ""sigma"": 5709.860688451439}]",1,32.494118193296671,3.3484326422694721e-13,125647.64852889087,125771.93319424185,newton
calibration,stress,0.10000000000000001,44,16,2,3290.7760780340527,1645.3880390170264,-323.94245259946706,1653.6633942997478,-2.1858853156534863,,,,3301,3301,3206,95,0,c25e89cf0ae921e56b9bbc8b079a54a5b406248668121fa379ba71ee6418ab3b,c6606a4c0ce84586e36c216895d6edce374da3a95cb99374cf80fdd3d61a2635,7cecaa5c8b008021c15ef3d85a23753317e42c26a372644432d7d84425408a50,8f5f83da7c55e8c34a1ed4f5edebb52a900851fee291f6b040745a36665752bd,d04812a498535f8eaef9c9bf0960886190bb4ed5326d7ad247f949302122e814,0.97338276797150047,0.02661723202835916,82.394869719997601,0.3927842696321498,True,False,,,False,,observed_profile_hessian,34,1.91693081344,34,9.9999999999999995e-08,0,b0ce2233a1330fc5e360f563dc2100ac2cad6d4243551d851a8c3cbb35407d62,7b3958a1497f9d9cda47d3e8a7e6827522086f95ee9d9eefeed0478952a1f69a,"[{""attempt"": 0, ""tolerance"": 2e-07, ""free_valid"": true, ""free_nll"": 16.141454493425623, ""free_score"": 4.729550084903167e-14, ""sigma"": 1653.6633942997478}]",1,16.141454493425623,4.7295500849031669e-14,12596.72489119449,12598.393330589748,newton
calibration,stress,1,44,16,2,11384.217024897083,5692.1085124485417,-18557.109492549851,5711.59638484262,-5.2421992907105519,,,,11361,11361,11048,313,0,a419b5e58394f86e8c2f9b409487c0a063cccaf3a91d5365ef4e7f5190af5229,b2ada61a80fe4da555ce892a14293a2f5fb9b7e3ac65efb2f38ad079b31330f5,4a290af2c4c3f0475e7b49101e60a1924c4a54e81564272dcb0dae80ff4c0e52,8f5f83da7c55e8c34a1ed4f5edebb52a900851fee291f6b040745a36665752bd,d04812a498535f8eaef9c9bf0960886190bb4ed5326d7ad247f949302122e814,0.97338276797150047,0.02661723202835916,82.394869719997601,0.3927842696321498,True,False,,,False,,observed_profile_hessian,34,1.91693081344,34,9.9999999999999995e-07,0,51a7c6971912e283a18599e73d3e923ad69c1522aab46edfc97cb9bef6e3b603,0365d216949c128d017fbc0db35f22210e05d5ac52f6030c5f53542a0354df70,"[{""attempt"": 0, ""tolerance"": 2e-07, ""free_valid"": true, ""free_nll"": 33.24878651670488, ""free_score"": 8.43769498715119e-14, ""sigma"": 5711.59638484262}]",1,33.248786516704882,8.4376949871511897e-14,125680.8072113923,125776.38410256869,newton
calibration,stress,0.10000000000000001,44,16,3,4936.1641170510793,1645.3880390170264,900.79200307023473,1655.0398553641376,-2.4382325905335933,,,,4817,4817,4680,137,0,c25e89cf0ae921e56b9bbc8b079a54a5b406248668121fa379ba71ee6418ab3b,1481f8359337d9e6ae0818f361f2c24ef43dde55e1e3b7c95a672b3ad0eb7b62,f6f3e1f5f5037d5871e21f5c11e933241e21980c5e79e4c6c4dfca39cab47f5b,8f5f83da7c55e8c34a1ed4f5edebb52a900851fee291f6b040745a36665752bd,d04812a498535f8eaef9c9bf0960886190bb4ed5326d7ad247f949302122e814,0.97338276797150047,0.02661723202835916,82.394869719997601,0.3927842696321498,True,False,,,False,,observed_profile_hessian,34,1.91693081344,34,9.9999999999999995e-08,0,475879f214b253f5fdc9d1c09990f414e4021c565e333ec265c0981f5e41a0e9,beaddfaae656efeed2f7250b8999969dc2dc79e1cb6fba5aaea606b6d33c9aa5,"[{""attempt"": 0, ""tolerance"": 2e-07, ""free_valid"": true, ""free_nll"": 16.739193246432468, ""free_score"": 3.906907797279757e-08, ""sigma"": 1655.0398553641376}]",1,16.739193246432468,3.9069077972797572e-08,12610.369332552795,12605.729876214804,newton
calibration,stress,1,44,16,3,17076.325537345627,5692.1085124485417,-13426.436081299436,5713.2912496164063,-5.3389124212235872,,,,17041,17041,16611,430,0,a419b5e58394f86e8c2f9b409487c0a063cccaf3a91d5365ef4e7f5190af5229,00f5501f689f13c416aec29f865be2088070c73e6edb85c975bd88e7d6c7ed70,1e137729de9ef4430f8e4dd5b865b52527e4f845484a096401ab67860029cd02,8f5f83da7c55e8c34a1ed4f5edebb52a900851fee291f6b040745a36665752bd,d04812a498535f8eaef9c9bf0960886190bb4ed5326d7ad247f949302122e814,0.97338276797150047,0.02661723202835916,82.394869719997601,0.3927842696321498,True,False,,,False,,observed_profile_hessian,34,1.91693081344,34,9.9999999999999995e-07,0,fc93d1b0ed0386d6ef6d7e50276919e04f86505b97036511cd2edb60fc35e7c1,9580e3079140808a837eb4ab362f16468c569b0955f25dd32df061f152a0fc0d,"[{""attempt"": 0, ""tolerance"": 2e-07, ""free_valid"": true, ""free_nll"": 33.38331295190664, ""free_score"": 1.0880185641326534e-13, ""sigma"": 5713.291249616406}]",1,33.383312951906639,1.0880185641326534e-13,125718.22534494384,125787.37711778563,newton
calibration,stress,0.10000000000000001,44,16,4,6581.5521560681054,1645.3880390170264,2457.5461176382187,1656.5941841579795,-2.4894485794214312,,,,6559,6559,6378,181,0,c25e89cf0ae921e56b9bbc8b079a54a5b406248668121fa379ba71ee6418ab3b,5d8d87c0c4e1d88a7a03f0af2b608a20fa61444ba0a0c3abbb96dfa4e9d057c8,3d3203bb7e02c3ddea7ec182a333f88e24837533ee3fe343bbe042fb0a10908d,8f5f83da7c55e8c34a1ed4f5edebb52a900851fee291f6b040745a36665752bd,d04812a498535f8eaef9c9bf0960886190bb4ed5326d7ad247f949302122e814,0.97338276797150047,0.02661723202835916,82.394869719997601,0.3927842696321498,True,False,,,False,,observed_profile_hessian,34,1.91693081344,34,9.9999999999999995e-08,0,8a3a771d26b650a0892eb9ca82570887c7b97256ba32476afd225460c1a286cb,8aa5a21fdb9923684e90cd9e3b67c8986c126859d0f0e98db86b2dd44c554071,"[{""attempt"": 0, ""tolerance"": 2e-07, ""free_valid"": true, ""free_nll"": 16.986206801952328, ""free_score"": 6.158495136077136e-08, ""sigma"": 1656.5941841579795}]",1,16.986206801952328,6.1584951360771356e-08,12620.224108751441,12607.566716287343,newton
calibration,stress,1,44,16,4,22768.434049794167,5692.1085124485417,-8114.5651922306106,5715.1459640674439,-5.4037113725867965,,,,22829,22829,22199,630,0,a419b5e58394f86e8c2f9b409487c0a063cccaf3a91d5365ef4e7f5190af5229,d968e6fbf1701e32258573d9aeb233fe07e34978434b50a1abfa3882b3794f1c,f8b39d77afaac0a61b30f4e07139ea69c8e75ab83476ab4fbdb3f57d0b19f822,8f5f83da7c55e8c34a1ed4f5edebb52a900851fee291f6b040745a36665752bd,d04812a498535f8eaef9c9bf0960886190bb4ed5326d7ad247f949302122e814,0.97338276797150047,0.02661723202835916,82.394869719997601,0.3927842696321498,True,False,,,False,,observed_profile_hessian,34,1.91693081344,34,9.9999999999999995e-07,0,04f1dd038a2a920a56b91a8f7cee4302d7c24deaaf42a0e4bda15cc27769d0e6,bb63b8fd246d672adf0edacd46f21096dd2fdfa3cdaec7535722dfa2ceee96eb,"[{""attempt"": 0, ""tolerance"": 2e-07, ""free_valid"": true, ""free_nll"": 34.217761858501994, ""free_score"": 5.0182080713057076e-14, ""sigma"": 5715.145964067444}]",1,34.217761858501994,5.0182080713057076e-14,125750.16382576918,125791.9572373257,newton
calibration,stress,0.10000000000000001,44,16,5,8226.9401950851316,1645.3880390170264,4319.4721497920564,1657.9873753288723,-2.3567537988749789,,,,8201,8201,7996,205,0,c25e89cf0ae921e56b9bbc8b079a54a5b406248668121fa379ba71ee6418ab3b,2e6197f637aad8932f63dd4d385dfc93d26cd41677557559480db58fa31910ab,204406644f6422f98ff29fb3a304bf57835c0eace51c573dc855a93b92fcb844,8f5f83da7c55e8c34a1ed4f5edebb52a900851fee291f6b040745a36665752bd,d04812a498535f8eaef9c9bf0960886190bb4ed5326d7ad247f949302122e814,0.97338276797150047,0.02661723202835916,82.394869719997601,0.3927842696321498,True,False,,,False,,observed_profile_hessian,34,1.91693081344,34,9.9999999999999995e-08,0,ebc7d8cf74dd62399afc2357e46936a0f0e89a2a4d4ec5c7c0214ac0b9d7a661,2a017a2c434a0f5ae7afb85b4599b673edd16a000ea45820ee700739637da716,"[{""attempt"": 0, ""tolerance"": 2e-07, ""free_valid"": true, ""free_nll"": 15.130346201925493, ""free_score"": 1.6209256159527285e-14, ""sigma"": 1657.9873753288723}]",1,15.130346201925493,1.6209256159527285e-14,12630.42141752414,12608.174325660731,newton
calibration,stress,1,44,16,5,28460.542562242706,5692.1085124485417,-2588.9944365332649,5716.7431580232551,-5.431333215521323,,,,28406,28406,27657,749,0,a419b5e58394f86e8c2f9b409487c0a063cccaf3a91d5365ef4e7f5190af5229,b1758d48dd27fdced052d2a9daca1f352a0d08a6812e84c6be836f3ef4b2df77,96178f8a7808ef386bb921cea2fcc7dfe46f7b8a0e054dfcd506172a26ba6e7e,8f5f83da7c55e8c34a1ed4f5edebb52a900851fee291f6b040745a36665752bd,d04812a498535f8eaef9c9bf0960886190bb4ed5326d7ad247f949302122e814,0.97338276797150047,0.02661723202835916,82.394869719997601,0.3927842696321498,True,False,,,False,,observed_profile_hessian,34,1.91693081344,34,9.9999999999999995e-07,0,f430d0bd0eb722a1db79ba695156d00213042714f704c3ffdc6dee299f230291,acef415ef3f9ace13052f1a8a4716f78c2675b0b20d8e8f41ae224317ad4bb30,"[{""attempt"": 0, ""tolerance"": 2e-07, ""free_valid"": true, ""free_nll"": 33.1378151397427, ""free_score"": 3.3084646133829665e-13, ""sigma"": 5716.743158023255}]",1,33.137815139742699,3.3084646133829665e-13,125790.32807797799,125803.66248437444,newton
calibration,stress,0.10000000000000001,44,16,6,9872.3282341021586,1645.3880390170264,6252.9313771385878,1659.5019658553499,-2.1810139014195387,,,,9990,9990,9747,243,0,c25e89cf0ae921e56b9bbc8b079a54a5b406248668121fa379ba71ee6418ab3b,380ace03320ba0b1018eb6bf7bb9c3a09aa3d264416914e632bb70fbcd987b04,ebde353ef9e87ea0893dbc16cef689bf84b83607dbdac5ad4cdc1742d3b6f88d,8f5f83da7c55e8c34a1ed4f5edebb52a900851fee291f6b040745a36665752bd,d04812a498535f8eaef9c9bf0960886190bb4ed5326d7ad247f949302122e814,0.97338276797150047,0.02661723202835916,82.394869719997601,0.3927842696321498,True,False,,,False,,observed_profile_hessian,34,1.91693081344,34,9.9999999999999995e-08,0,dfaa54cba86525424e5f70b442874ace95fbd03a9085b5db9055a3783914b6b2,76204050092724de3a7fd56ba97dc63680a69d5e6e359558490575c553b0504f,"[{""attempt"": 0, ""tolerance"": 2e-07, ""free_valid"": true, ""free_nll"": 16.62861228816008, ""free_score"": 3.2862601528904634e-14, ""sigma"": 1659.50196585535}]",1,16.628612288160081,3.2862601528904634e-14,12636.840638642327,12604.635421444784,newton
calibration,stress,1,44,16,6,34152.651074691254,5692.1085124485417,3338.2834432017298,5718.5709349081453,-5.3884734459422212,,,,34294,34294,33404,890,0,a419b5e58394f86e8c2f9b409487c0a063cccaf3a91d5365ef4e7f5190af5229,35eefb3cdfd8f921c133f670abd4e7d93917651239061d5ee635defdf495983b,6c03b1567bde7c6a656b16c5dc2b1484fa43de96695114bd38e0b50a43759741,8f5f83da7c55e8c34a1ed4f5edebb52a900851fee291f6b040745a36665752bd,d04812a498535f8eaef9c9bf0960886190bb4ed5326d7ad247f949302122e814,0.97338276797150047,0.02661723202835916,82.394869719997601,0.3927842696321498,True,False,,,False,,observed_profile_hessian,34,1.91693081344,34,9.9999999999999995e-07,0,b99c0f226b09d4ae5161aa72c011cef3cc915885cf72cd7abcf42d46e9b59aa5,5c826467cb88dbf8bcfcb27328a8617a4c416c181dba466d07ac13562f6cfd4b,"[{""attempt"": 0, ""tolerance"": 2e-07, ""free_valid"": true, ""free_nll"": 34.05551349757118, ""free_score"": 7.549516567451064e-14, ""sigma"": 5718.570934908145}]",1,34.055513497571177,7.5495165674510645e-14,125823.87308608704,125806.67952727903,newton
calibration,stress,0.10000000000000001,44,16,7,11517.716273119184,1645.3880390170264,7580.9675535406659,1660.8057899811085,-2.3703847513822178,,,,11520,11520,11231,289,0,c25e89cf0ae921e56b9bbc8b079a54a5b406248668121fa379ba71ee6418ab3b,ea850d914007309be346754a65e1d7182d90f5f080c3c99b64a838f74424c839,33c956fa489a96b5610df00d9c5ffeb12c2089f9765587f7721bc82204fcb157,8f5f83da7c55e8c34a1ed4f5edebb52a900851fee291f6b040745a36665752bd,d04812a498535f8eaef9c9bf0960886190bb4ed5326d7ad247f949302122e814,0.97338276797150047,0.02661723202835916,82.394869719997601,0.3927842696321498,True,False,,,False,,observed_profile_hessian,34,1.91693081344,34,9.9999999999999995e-08,0,7d6fadf1d7f553cbd79d5ad83e246b46cd7179b88c25d2c377004bfc31787e21,595a4298fbb491dbfe1328fa70f9a4d7bd3c90d8d7ec8e589c42a1fe2f9773a4,"[{""attempt"": 0, ""tolerance"": 2e-07, ""free_valid"": true, ""free_nll"": 17.761963151273683, ""free_score"": 4.551914400963142e-13, ""sigma"": 1660.8057899811085}]",1,17.761963151273683,4.5519144009631418e-13,12649.727947785128,12610.682787698785,newton
calibration,stress,1,44,16,7,39844.759587139793,5692.1085124485417,8834.120843201561,5720.2639254289243,-5.4211902017463212,,,,39874,39874,38819,1055,0,a419b5e58394f86e8c2f9b409487c0a063cccaf3a91d5365ef4e7f5190af5229,b87bb39cd8c83961e3611afc33af38eba3c064837351ed7024e9d4b5c7a99145,b5719ce73e0024c5656e88ea7791195734ec631a50da042f9be656d26fe702d0,8f5f83da7c55e8c34a1ed4f5edebb52a900851fee291f6b040745a36665752bd,d04812a498535f8eaef9c9bf0960886190bb4ed5326d7ad247f949302122e814,0.97338276797150047,0.02661723202835916,82.394869719997601,0.3927842696321498,True,False,,,False,,observed_profile_hessian,34,1.91693081344,34,9.9999999999999995e-07,0,1aef64c7f03bb652e6e63f4edc156febde6ec36a66fed0ca3da9da60cf132047,8cacb66a52a6a216881c50a4e8e540225b2635eb812805ec04490ac24fb0a88b,"[{""attempt"": 0, ""tolerance"": 2e-07, ""free_valid"": true, ""free_nll"": 35.39834394062591, ""free_score"": 4.707345624410664e-14, ""sigma"": 5720.263925428924}]",1,35.398343940625907,4.7073456244106637e-14,125855.17703321112,125809.67760848613,newton
calibration,stress,0.10000000000000001,44,16,8,13163.104312136211,1645.3880390170264,8951.5597745052437,1662.297772352352,-2.5335680572266686,,,,13164,13164,12839,325,0,c25e89cf0ae921e56b9bbc8b079a54a5b406248668121fa379ba71ee6418ab3b,39a21e64fe48b175eab13685737f9a692f6c15d85d8f5e83b6e506d74b82a2cf,0a34d9248a0c677dcf0eb8e96c806ef0f1365d4250cce376e41d9073a371bcc1,8f5f83da7c55e8c34a1ed4f5edebb52a900851fee291f6b040745a36665752bd,d04812a498535f8eaef9c9bf0960886190bb4ed5326d7ad247f949302122e814,0.97338276797150047,0.02661723202835916,82.394869719997601,0.3927842696321498,True,False,,,False,,observed_profile_hessian,34,1.91693081344,34,9.9999999999999995e-08,0,06e32a0200d6bbbaa9cb0ef8dda68f8085ce552965c4d0acef2442d9eb08eb90,7a78ccd93bd6b1a6f8134721ad400f411e65918adbaab08275e81f4f6300f098,"[{""attempt"": 0, ""tolerance"": 2e-07, ""free_valid"": true, ""free_nll"": 17.108865829267657, ""free_score"": 2.8600455337368658e-12, ""sigma"": 1662.297772352352}]",1,17.108865829267657,2.8600455337368658e-12,12657.816179751022,12611.711895311131,newton
calibration,stress,1,44,16,8,45536.868099588333,5692.1085124485417,14003.500698666421,5721.9180561878056,-5.5109785025357096,,,,45498,45498,44330,1168,0,a419b5e58394f86e8c2f9b409487c0a063cccaf3a91d5365ef4e7f5190af5229,e0732969d1d96dae0975cd18106327fc4b3b27ded201abd996a6ffea14fdb6cd,d1258612ef77f67825365ef7cbf58e8ac457f5e3cfc53c2674abf210e132ec58,8f5f83da7c55e8c34a1ed4f5edebb52a900851fee291f6b040745a36665752bd,d04812a498535f8eaef9c9bf0960886190bb4ed5326d7ad247f949302122e814,0.97338276797150047,0.02661723202835916,82.394869719997601,0.3927842696321498,True,False,,,False,,observed_profile_hessian,34,1.91693081344,34,9.9999999999999995e-07,0,df764c9ed90b2d25bbc6ac4553c13a9b9767e52fa1f1a8722a3bb0488e767801,65a2c7e03f5d1e50e6eed25c43c64efa255d339d8db1a50f34d43e78701cfac8,"[{""attempt"": 0, ""tolerance"": 2e-07, ""free_valid"": true, ""free_nll"": 35.561770710891295, ""free_score"": 1.4443127893670749e-07, ""sigma"": 5721.918056187806}]",1,35.561770710891295,1.4443127893670749e-07,125884.92325431154,125812.79935684237,newton
calibration,stress,0.10000000000000001,44,17,0,0,1645.3880390170264,-4851.7118522513711,1649.3569703175733,-2.941577802479717,,,,0,0,0,0,0,1a0e670e6c62b63cf990dd15c56b05b2c4788fac3f4055851d3057db9eda558e,1a0e670e6c62b63cf990dd15c56b05b2c4788fac3f4055851d3057db9eda558e,f440d6087e5a50c4aef861dbe0f0dd7752e43e8d6fb7b0a6393f704d359bba12,8f5f83da7c55e8c34a1ed4f5edebb52a900851fee291f6b040745a36665752bd,d04812a498535f8eaef9c9bf0960886190bb4ed5326d7ad247f949302122e814,0.97338276797150047,0.02661723202835916,82.394869719997601,0.3927842696321498,True,False,,,False,,observed_profile_hessian,34,1.91693081344,34,9.9999999999999995e-08,0,de1229376418ed03677de5baf6b336ac7fc4f578d35422560bc73b71798ca8a5,2b0ea15f54cbbccd8caf17dde0ac89c2568d27671d34a28d8d6aa2785a4916ce,"[{""attempt"": 0, ""tolerance"": 2e-07, ""free_valid"": true, ""free_nll"": 20.847240591257336, ""free_score"": 5.220823773299799e-13, ""sigma"": 1649.3569703175733}]",1,20.847240591257336,5.2208237732997986e-13,12552.588913034666,12577.577262427547,newton
calibration,stress,1,44,17,0,0,5692.1085124485417,-34513.52959157568,5709.5929168064067,-6.04483193363642,,,,0,0,0,0,0,b9aeff4b7b38f8cf392647a06a0f01cfe6a7c375659157d6de7b91b241c4e960,b9aeff4b7b38f8cf392647a06a0f01cfe6a7c375659157d6de7b91b241c4e960,f440d6087e5a50c4aef861dbe0f0dd7752e43e8d6fb7b0a6393f704d359bba12,8f5f83da7c55e8c34a1ed4f5edebb52a900851fee291f6b040745a36665752bd,d04812a498535f8eaef9c9bf0960886190bb4ed5326d7ad247f949302122e814,0.97338276797150047,0.02661723202835916,82.394869719997601,0.3927842696321498,True,False,,,False,,observed_profile_hessian,34,1.91693081344,34,9.9999999999999995e-07,0,e41dcd71a824c58148fdbe9c837c86759d824ef77466619bf5bb742788d12455,74dca080e1fa597b1f976880d3c841b4d15f8246924f954f2fcd42471780c27d,"[{""attempt"": 0, ""tolerance"": 2e-07, ""free_valid"": true, ""free_nll"": 38.75352694954043, ""free_score"": 1.70174985214544e-12, ""sigma"": 5709.592916806407}]",1,38.753526949540429,1.7017498521454399e-12,125444.89001289778,125622.64915492425,newton
calibration,stress,0.10000000000000001,44,17,1,1645.3880390170264,1645.3880390170264,-3373.193573056014,1650.8202905759979,-3.0400532636547473,,,,1622,1622,1570,52,0,1a0e670e6c62b63cf990dd15c56b05b2c4788fac3f4055851d3057db9eda558e,ff20a12ccb848d0a4dba69ea380196de0bcd4cb6962c37f9595e96383360be61,1e298b3f0df5182dff229247559cb7227fcad1ef0a02cdc2c59c3d825c514314,8f5f83da7c55e8c34a1ed4f5edebb52a900851fee291f6b040745a36665752bd,d04812a498535f8eaef9c9bf0960886190bb4ed5326d7ad247f949302122e814,0.97338276797150047,0.02661723202835916,82.394869719997601,0.3927842696321498,True,False,,,False,,observed_profile_hessian,34,1.91693081344,34,9.9999999999999995e-08,0,562f1f022eab7a00528685b40739a600db15a47a70bad1879a8ccc3deecdace8,84e98fc72437a8987cbba2563e3288501898531ae6dae1c8c4c512a14620cfdf,"[{""attempt"": 0, ""tolerance"": 2e-07, ""free_valid"": true, ""free_nll"": 21.098829546105122, ""free_score"": 2.5923707624997405e-14, ""sigma"": 1650.820290575998}]",1,21.098829546105122,2.5923707624997405e-14,12563.740028096006,12581.11338870361,newton
calibration,stress,1,44,17,1,5692.1085124485417,5692.1085124485417,-29251.843351940202,5711.3679366227707,-6.118315656100366,,,,5611,5611,5434,177,0,b9aeff4b7b38f8cf392647a06a0f01cfe6a7c375659157d6de7b91b241c4e960,e2cf241828c320291bcad2f6cf66b2f53adaeb17dd702126c2623896ee225d01,b13759367cdaa77ef321fe43dcb0944c98e8a968a9db5daca1db6c3b28867ebc,8f5f83da7c55e8c34a1ed4f5edebb52a900851fee291f6b040745a36665752bd,d04812a498535f8eaef9c9bf0960886190bb4ed5326d7ad247f949302122e814,0.97338276797150047,0.02661723202835916,82.394869719997601,0.3927842696321498,True,False,,,False,,observed_profile_hessian,34,1.91693081344,34,9.9999999999999995e-07,0,e1ed238a20c86721e61426e02456d0062ada79857c284839aad542db6e263f50,6f2550252c85c2c1d23eacea88a370556228177273202ba1da5b3b915677c0c7,"[{""attempt"": 0, ""tolerance"": 2e-07, ""free_valid"": true, ""free_nll"": 39.402999473173395, ""free_score"": 1.0480505352461478e-12, ""sigma"": 5711.367936622771}]",1,39.402999473173395,1.0480505352461478e-12,125481.19163208979,125631.85088480795,newton
calibration,stress,0.10000000000000001,44,17,2,3290.7760780340527,1645.3880390170264,-1832.6091528832644,1652.3281341091288,-3.100706890571495,,,,3302,3302,3208,94,0,1a0e670e6c62b63cf990dd15c56b05b2c4788fac3f4055851d3057db9eda558e,6aa4a7cf499cb172e426ea4c25adc3606133b9ee7e6a1701fac74379b0fd3a34,187ee2ab7986d1ebcbb313043c7d1c5a18310024721fe9c4ff8da04d7c17ae2c,8f5f83da7c55e8c34a1ed4f5edebb52a900851fee291f6b040745a36665752bd,d04812a498535f8eaef9c9bf0960886190bb4ed5326d7ad247f949302122e814,0.97338276797150047,0.02661723202835916,82.394869719997601,0.3927842696321498,True,False,,,False,,observed_profile_hessian,34,1.91693081344,34,9.9999999999999995e-08,0,8727915735e18efefe920050c1277d334108eef50acb750fc748075d344bbc76,e42675f0487488a0efb5946f091958b269736fc5c7fc9ed9da9aaaea0b6fa420,"[{""attempt"": 0, ""tolerance"": 2e-07, ""free_valid"": true, ""free_nll"": 21.334662010246703, ""free_score"": 6.927791673660977e-14, ""sigma"": 1652.3281341091288}]",1,21.334662010246703,6.9277916736609768e-14,12574.014974892702,12583.453680077055,newton
calibration,stress,1,44,17,2,11384.217024897083,5692.1085124485417,-23668.380039508298,5713.1841211168457,-6.135387258892175,,,,11497,11497,11174,323,0,b9aeff4b7b38f8cf392647a06a0f01cfe6a7c375659157d6de7b91b241c4e960,a1d252298b1a7f980c1d1d9d6688d02ac88e04f78a1404cd589e68682c5b240c,75905df9331e3e88c7059b25085591ebc2785f75261e0f42c8d429d98e74c5a4,8f5f83da7c55e8c34a1ed4f5edebb52a900851fee291f6b040745a36665752bd,d04812a498535f8eaef9c9bf0960886190bb4ed5326d7ad247f949302122e814,0.97338276797150047,0.02661723202835916,82.394869719997601,0.3927842696321498,True,False,,,False,,observed_profile_hessian,34,1.91693081344,34,9.9999999999999995e-07,0,ba4e37722e8329e996ee0ba4095d88bd0b273ec5ca263ec9ad9f15ccb1042bf6,00f1481a257cffb512045601c55da71e05692023309e9bd26422c6f27d037d71,"[{""attempt"": 0, ""tolerance"": 2e-07, ""free_valid"": true, ""free_nll"": 39.0880926918159, ""free_score"": 4.902744876744691e-13, ""sigma"": 5713.184121116846}]",1,39.088092691815902,4.9027448767446913e-13,125519.23077267833,125641.13284930646,newton
calibration,stress,0.10000000000000001,44,17,3,4936.1641170510793,1645.3880390170264,-67.919402889817064,1653.7757777860693,-3.0258536780844176,,,,4933,4933,4793,140,0,1a0e670e6c62b63cf990dd15c56b05b2c4788fac3f4055851d3057db9eda558e,c36bd497b6e6641cf9e1e4fc23698e1cd2d15de94e02eae5d87ed8e4f32f6f0e,d7bd77148542714d31ba121077ac2728ec9935d10acbf2875e997add42d42cd1,8f5f83da7c55e8c34a1ed4f5edebb52a900851fee291f6b040745a36665752bd,d04812a498535f8eaef9c9bf0960886190bb4ed5326d7ad247f949302122e814,0.97338276797150047,0.02661723202835916,82.394869719997601,0.3927842696321498,True,False,,,False,,observed_profile_hessian,34,1.91693081344,34,9.9999999999999995e-08,0,cfb2949f28c3a9dbf9fc7babaa8c7950124a7393eee43cb20fc88b671acce93b,6b7dbb5fcee61114600bf22c0ad698eed31b9d12e9b8d417a35023ce1a17249b,"[{""attempt"": 0, ""tolerance"": 2e-07, ""free_valid"": true, ""free_nll"": 20.982992544756307, ""free_score"": 1.1570361280188735e-07, ""sigma"": 1653.7757777860693}]",1,20.982992544756307,1.1570361280188735e-07,12582.303854371687,12582.65366776161,newton
calibration,stress,1,44,17,3,17076.325537345627,5692.1085124485417,-17965.257427607456,5714.8688465646683,-6.1316512952029223,,,,17167,17167,16706,461,0,b9aeff4b7b38f8cf392647a06a0f01cfe6a7c375659157d6de7b91b241c4e960,f14c233082380f9d57896c4e3610e6144a60d255dbadf503ee1d9744993acc28,ab1f1142be24d1c8d7a941a25095db4dae260f85cb952ccf232d5a7e6c51326b,8f5f83da7c55e8c34a1ed4f5edebb52a900851fee291f6b040745a36665752bd,d04812a498535f8eaef9c9bf0960886190bb4ed5326d7ad247f949302122e814,0.97338276797150047,0.02661723202835916,82.394869719997601,0.3927842696321498,True,False,,,False,,observed_profile_hessian,34,1.91693081344,34,9.9999999999999995e-07,0,7a1c9ad32c790a469e67d0abafe61773fb761d0a6d163ba38b4c70fe3fad416b,f231e9a249ea229f8ad3c91e0f4fe67d2871cbb553e4fb6a5431005ebf5ca26d,"[{""attempt"": 0, ""tolerance"": 2e-07, ""free_valid"": true, ""free_nll"": 39.94105653521537, ""free_score"": 6.750155989720952e-14, ""sigma"": 5714.868846564668}]",1,39.941056535215367,6.7501559897209518e-14,125550.18322041175,125642.71182540832,newton
calibration,stress,0.10000000000000001,44,17,4,6581.5521560681054,1645.3880390170264,1389.5572004230987,1655.0560313536118,-3.1370508655218501,,,,6463,6463,6310,153,0,1a0e670e6c62b63cf990dd15c56b05b2c4788fac3f4055851d3057db9eda558e,654ff3b2d11b8f6dacf4dc50bfdbe7f90d1f445f742f907253df6006c9df857c,7d8c0a13bb5d2ecf93397b7e038561f6d4f1a7f8f051c01523f24c856d33959b,8f5f83da7c55e8c34a1ed4f5edebb52a900851fee291f6b040745a36665752bd,d04812a498535f8eaef9c9bf0960886190bb4ed5326d7ad247f949302122e814,0.97338276797150047,0.02661723202835916,82.394869719997601,0.3927842696321498,True,False,,,False,,observed_profile_hessian,34,1.91693081344,34,9.9999999999999995e-08,0,96fcd18bb840db453ad25fe0768d682ce75e260b67b13f02cc5dd6a6c7676a07,0d62829c12ea3824c0fd0812f9b02da179f072186bbc6c8522d82ca35ba1fa34,"[{""attempt"": 0, ""tolerance"": 2e-07, ""free_valid"": true, ""free_nll"": 20.716160981186967, ""free_score"": 1.9381353855152383e-08, ""sigma"": 1655.0560313536118}]",1,20.716160981186967,1.9381353855152383e-08,12592.371133064846,12585.214331118857,newton
calibration,stress,1,44,17,4,22768.434049794167,5692.1085124485417,-12967.806822646427,5716.4349995352732,-6.2514908112041567,,,,22504,22504,21933,571,0,b9aeff4b7b38f8cf392647a06a0f01cfe6a7c375659157d6de7b91b241c4e960,b00b462da1fc5ce4cee63027ba090235dd3db154cca2094f5e0260dcf877d996,139dbcb83d43b48a6a8f33366f06ea654ccb413215a9ff5495241a10b84a98fd,8f5f83da7c55e8c34a1ed4f5edebb52a900851fee291f6b040745a36665752bd,d04812a498535f8eaef9c9bf0960886190bb4ed5326d7ad247f949302122e814,0.97338276797150047,0.02661723202835916,82.394869719997601,0.3927842696321498,True,False,,,False,,observed_profile_hessian,34,1.91693081344,34,9.9999999999999995e-07,0,33e1f537446d30f8207871938be5f5efe7fb672c21d0cf8bff40dfd8daa84662,776ded4dc5183201b6e5d1fe3126de79a4a24dc4bb5f81e34ddf110718e7d35c,"[{""attempt"": 0, ""tolerance"": 2e-07, ""free_valid"": true, ""free_nll"": 40.27394905067203, ""free_score"": 7.149836278586008e-14, ""sigma"": 5716.434999535273}]",1,40.27394905067203,7.1498362785860081e-14,125583.88530320647,125650.67494315455,newton
calibration,stress,0.10000000000000001,44,17,5,8226.9401950851316,1645.3880390170264,3044.6866458530485,1656.8995278923176,-3.1276812274937646,,,,8359,8359,8124,235,0,1a0e670e6c62b63cf990dd15c56b05b2c4788fac3f4055851d3057db9eda558e,275e86bc05f33b16074888ef1f788c5e8010e7455e7e1acc8f92a227db71858a,60f85e63e881be854bbcfc0e805ba7501f42ae944fc32b6e84b0691c18f0312b,8f5f83da7c55e8c34a1ed4f5edebb52a900851fee291f6b040745a36665752bd,d04812a498535f8eaef9c9bf0960886190bb4ed5326d7ad247f949302122e814,0.97338276797150047,0.02661723202835916,82.394869719997601,0.3927842696321498,True,False,,,False,,observed_profile_hessian,34,1.91693081344,34,9.9999999999999995e-08,0,fe4e7fe3281a2223bd5179b0ab524b858c2587d0d3bf77603652d1febe04501a,072e0004865afcc8ef3e15726561725b15d2e404537faa82f73af1be610c4898,"[{""attempt"": 0, ""tolerance"": 2e-07, ""free_valid"": true, ""free_nll"": 20.345455096508747, ""free_score"": 1.7319479184152442e-14, ""sigma"": 1656.8995278923176}]",1,20.345455096508747,1.7319479184152442e-14,12603.863500309233,12588.182088054069,newton
calibration,stress,1,44,17,5,28460.542562242706,5692.1085124485417,-7719.5883442974,5718.3758169060775,-6.3269942488871491,,,,28446,28446,27648,798,0,b9aeff4b7b38f8cf392647a06a0f01cfe6a7c375659157d6de7b91b241c4e960,3dcafc0fe41622d067acc709bfb542d0db6adf65feed2123655c9518a9cafb1b,afb813b5574bd9a379c40d4ea40ac239f86add5ec1fdb591bfe93768054301f8,8f5f83da7c55e8c34a1ed4f5edebb52a900851fee291f6b040745a36665752bd,d04812a498535f8eaef9c9bf0960886190bb4ed5326d7ad247f949302122e814,0.97338276797150047,0.02661723202835916,82.394869719997601,0.3927842696321498,True,False,,,False,,observed_profile_hessian,34,1.91693081344,34,9.9999999999999995e-07,0,86887dbca666fb7716b0f755286119586008c4ce84d1ab1f78c806a10abd9d64,f422d0901bcb488ca716ab400c146174c3eac2bff33d0e177caf93a822a712fd,"[{""attempt"": 0, ""tolerance"": 2e-07, ""free_valid"": true, ""free_nll"": 40.687332478739094, ""free_score"": 1.199040866595169e-13, ""sigma"": 5718.3758169060775}]",1,40.687332478739094,1.1990408665951691e-13,125621.99181318883,125661.75092844358,newton
calibration,stress,0.10000000000000001,44,17,6,9872.3282341021586,1645.3880390170264,4576.4117451825105,1658.139591564938,-3.1938906204642321,,,,9906,9906,9625,281,0,1a0e670e6c62b63cf990dd15c56b05b2c4788fac3f4055851d3057db9eda558e,901ad7dfa663cbf910e6e9c2cedac3559d929f40a99a8d0e079befa6eb2a2100,3365988380ed8d78f0232f6406ccf21707f4fb2696b7cf8032e4fb86b5322162,8f5f83da7c55e8c34a1ed4f5edebb52a900851fee291f6b040745a36665752bd,d04812a498535f8eaef9c9bf0960886190bb4ed5326d7ad247f949302122e814,0.97338276797150047,0.02661723202835916,82.394869719997601,0.3927842696321498,True,False,,,False,,observed_profile_hessian,34,1.91693081344,34,9.9999999999999995e-08,0,e16f6497c62c09a2f844a5bd4c65fbdbfb3ab3d63b0d92c728f7b39e3973a545,7c77fda900f8d768eccc75e54d4a17eac2e638ed87ef60c3919e43313a630abe,"[{""attempt"": 0, ""tolerance"": 2e-07, ""free_valid"": true, ""free_nll"": 22.345390978367913, ""free_score"": 3.3084646133829665e-14, ""sigma"": 1658.139591564938}]",1,22.345390978367913,3.3084646133829665e-14,12612.790816981462,12589.220378518337,newton
calibration,stress,1,44,17,6,34152.651074691254,5692.1085124485417,-2067.3400254163635,5719.9606856584141,-6.3322097983857732,,,,34019,34019,33118,901,0,b9aeff4b7b38f8cf392647a06a0f01cfe6a7c375659157d6de7b91b241c4e960,da6ee52c66ee110d4767851242c3d74ab65419f3718b03b561137c888bea67cf,f4bf2970d93b1bf2025956e623af7a825c7260f42328d9f4dea865a8d2d149d7,8f5f83da7c55e8c34a1ed4f5edebb52a900851fee291f6b040745a36665752bd,d04812a498535f8eaef9c9bf0960886190bb4ed5326d7ad247f949302122e814,0.97338276797150047,0.02661723202835916,82.394869719997601,0.3927842696321498,True,False,,,False,,observed_profile_hessian,34,1.91693081344,34,9.9999999999999995e-07,0,d9a19d975beaf74fd7860c8ce058899c0e7738d36b3cc457db0c7e9ecf668c03,9bc1958838dc2c28c12b7af254934a04394c43ba2fe48e39c82b7ea096120ae7,"[{""attempt"": 0, ""tolerance"": 2e-07, ""free_valid"": true, ""free_nll"": 41.24035277353531, ""free_score"": 6.439293542825908e-14, ""sigma"": 5719.960685658414}]",1,41.240352773535307,6.4392935428259079e-14,125650.51825331591,125661.16592086958,newton
calibration,stress,0.10000000000000001,44,17,7,11517.716273119184,1645.3880390170264,6028.606169440468,1659.7751817782666,-3.3071407284194585,,,,11598,11598,11258,340,0,1a0e670e6c62b63cf990dd15c56b05b2c4788fac3f4055851d3057db9eda558e,af7e94fdf39fbe0cdeef9838c043e9f87382ed9e9e343321a025ca0b5c9e2950,90a5d0a4cc3a5a880e2406dec82f7e578b4b4b5dd01593b743324a420e5d4c12,8f5f83da7c55e8c34a1ed4f5edebb52a900851fee291f6b040745a36665752bd,d04812a498535f8eaef9c9bf0960886190bb4ed5326d7ad247f949302122e814,0.97338276797150047,0.02661723202835916,82.394869719997601,0.3927842696321498,True,False,,,False,,observed_profile_hessian,34,1.91693081344,34,9.9999999999999995e-08,0,5f4dea4dd7e89cbf904f913be9571ab762a58721d74a405aa6b2f577d14d65bd,c6a10aa569a7117f3dda282ef1e1e403f4e725ca635de15df90ce7764bd0c773,"[{""attempt"": 0, ""tolerance"": 2e-07, ""free_valid"": true, ""free_nll"": 21.05535935306328, ""free_score"": 1.397770788003072e-13, ""sigma"": 1659.7751817782666}]",1,21.055359353063281,1.3977707880030721e-13,12627.204071778744,12596.154223415604,newton
calibration,stress,1,44,17,7,39844.759587139793,5692.1085124485417,3205.8751570827635,5721.7452957569049,-6.4034455461041677,,,,39644,39644,38564,1080,0,b9aeff4b7b38f8cf392647a06a0f01cfe6a7c375659157d6de7b91b241c4e960,4fe987244cf199b87430987a19fd44910b204f162280627f041e50e62716098a,da55e4f779373b66571be777a841f8ffaaac3e79f9e7567c498f36cc6107859c,8f5f83da7c55e8c34a1ed4f5edebb52a900851fee291f6b040745a36665752bd,d04812a498535f8eaef9c9bf0960886190bb4ed5326d7ad247f949302122e814,0.97338276797150047,0.02661723202835916,82.394869719997601,0.3927842696321498,True,False,,,False,,observed_profile_hessian,34,1.91693081344,34,9.9999999999999995e-07,0,4be2491142ea5b7c1e02bd1bb8e67e6dabaa5b731038982aa7fc3bad7f1a004a,44c700ed0a303e49e1fb3b95e02fdb8e526c75917f79fabe770967679f72adac,"[{""attempt"": 0, ""tolerance"": 2e-07, ""free_valid"": true, ""free_nll"": 41.11148041667174, ""free_score"": 1.021405182655144e-13, ""sigma"": 5721.745295756905}]",1,41.111480416671739,1.021405182655144e-13,125691.80548951276,125675.2938888706,newton
calibration,stress,0.10000000000000001,44,17,8,13163.104312136211,1645.3880390170264,7763.7135048162199,1660.8813089461485,-3.2509191224181921,,,,13143,13143,12821,322,0,1a0e670e6c62b63cf990dd15c56b05b2c4788fac3f4055851d3057db9eda558e,402dd2da3d61e44d8f8ab1476391a402ac29e76cf2c359d546556a7d4339b6fb,81a33ed7a4d0fe672c2001ac6a6791fce4f44736d34cac06c37dd29d892e61f5,8f5f83da7c55e8c34a1ed4f5edebb52a900851fee291f6b040745a36665752bd,d04812a498535f8eaef9c9bf0960886190bb4ed5326d7ad247f949302122e814,0.97338276797150047,0.02661723202835916,82.394869719997601,0.3927842696321498,True,False,,,False,,observed_profile_hessian,34,1.91693081344,34,9.9999999999999995e-08,0,d8b862b6f899531acc10c133535e4426ced58445353af6c60aafb7b749639481,91e4b8e0ef0476ba89c778156b0f52eaf587dd1c9d1c6679a5a193540b4cc7da,"[{""attempt"": 0, ""tolerance"": 2e-07, ""free_valid"": true, ""free_nll"": 21.179997520146536, ""free_score"": 1.2423395645555502e-12, ""sigma"": 1660.8813089461485}]",1,21.179997520146536,1.2423395645555502e-12,12632.532880673687,12592.546502349396,newton
calibration,stress,1,44,17,8,45536.868099588333,5692.1085124485417,8764.8820174241719,5723.4811743157297,-6.4247588071363637,,,,45468,45468,44268,1200,0,b9aeff4b7b38f8cf392647a06a0f01cfe6a7c375659157d6de7b91b241c4e960,3d5f7eec8d6ca48d4f741a06456b07022d70e1df722a63071753fb1f17053ff3,9fec312d07f350650259f1777f506b713328cada1705724cf40bb6d416b59648,8f5f83da7c55e8c34a1ed4f5edebb52a900851fee291f6b040745a36665752bd,d04812a498535f8eaef9c9bf0960886190bb4ed5326d7ad247f949302122e814,0.97338276797150047,0.02661723202835916,82.394869719997601,0.3927842696321498,True,False,,,False,,observed_profile_hessian,34,1.91693081344,34,9.9999999999999995e-07,0,6d35cd31dd65cf30cc6f533543014e3c83eed9c28e2172224d76505b411cf7d0,6c1ded745872484b1576210344fd1d06cc99d2d01b28f5c227b2058888e87770,"[{""attempt"": 0, ""tolerance"": 2e-07, ""free_valid"": true, ""free_nll"": 41.29775888442282, ""free_score"": 6.394884621840902e-14, ""sigma"": 5723.48117431573}]",1,41.297758884422819,6.3948846218409017e-14,125727.43437861555,125682.29156286133,newton
calibration,stress,0.10000000000000001,44,18,0,0,1645.3880390170264,-1293.4677481298095,1653.6887228666092,-0.78217123346383488,,,,0,0,0,0,0,a37a1594337f0ad23ad15e44e0632d6ce18d46a674a7c66956be1d2122f019c9,a37a1594337f0ad23ad15e44e0632d6ce18d46a674a7c66956be1d2122f019c9,f440d6087e5a50c4aef861dbe0f0dd7752e43e8d6fb7b0a6393f704d359bba12,8f5f83da7c55e8c34a1ed4f5edebb52a900851fee291f6b040745a36665752bd,d04812a498535f8eaef9c9bf0960886190bb4ed5326d7ad247f949302122e814,0.97338276797150047,0.02661723202835916,82.394869719997601,0.3927842696321498,True,False,,,False,,observed_profile_hessian,34,1.91693081344,34,9.9999999999999995e-08,0,456a561a3e675667cdd0017fdd226da49d2a3078ded3504a47e62a47fe4f9d9a,13376c8580914685fd1c810e1f7b0c4c979d26ed3af8b95f0c604870dacfdaae,"[{""attempt"": 0, ""tolerance"": 2e-07, ""free_valid"": true, ""free_nll"": 23.207940028772363, ""free_score"": 2.2293278334473143e-13, ""sigma"": 1653.6887228666092}]",1,23.207940028772363,2.2293278334473143e-13,12552.63294404209,12559.294845037652,newton
calibration,stress,1,44,18,0,0,5692.1085124485417,-29129.386511833498,5707.0664139559058,-5.1040910336352994,,,,0,0,0,0,0,d5cfddaaa1891787148ce0cd23dfc8b046a5c04f229783946626036815b5efb8,d5cfddaaa1891787148ce0cd23dfc8b046a5c04f229783946626036815b5efb8,f440d6087e5a50c4aef861dbe0f0dd7752e43e8d6fb7b0a6393f704d359bba12,8f5f83da7c55e8c34a1ed4f5edebb52a900851fee291f6b040745a36665752bd,d04812a498535f8eaef9c9bf0960886190bb4ed5326d7ad247f949302122e814,0.97338276797150047,0.02661723202835916,82.394869719997601,0.3927842696321498,True,False,,,False,,observed_profile_hessian,34,1.91693081344,34,9.9999999999999995e-07,0,3f28a6fe5ead819640ff74b5ca24bd6eb9a7499e45b7eb86795f07d17fe0ab03,5ce208a4ad573b4c26690182d7b7f8678152f51e168bd79f4200436534c7e882,"[{""attempt"": 0, ""tolerance"": 2e-07, ""free_valid"": true, ""free_nll"": 40.65174954876903, ""free_score"": 3.645972412869014e-13, ""sigma"": 5707.066413955906}]",1,40.651749548769033,3.6459724128690141e-13,125419.45760930819,125569.48615797811,newton
calibration,stress,0.10000000000000001,44,18,1,1645.3880390170264,1645.3880390170264,325.0457888213304,1655.1786992320726,-0.79770374691764367,,,,1698,1698,1657,41,0,a37a1594337f0ad23ad15e44e0632d6ce18d46a674a7c66956be1d2122f019c9,421438ff624f87e9a7090f4800f8b49d98be35715a7b8c01e10bc92bd61c038b,e27a6128832260c92243fbfe208854777ed0bc484458557e322e9d949ba8442d,8f5f83da7c55e8c34a1ed4f5edebb52a900851fee291f6b040745a36665752bd,d04812a498535f8eaef9c9bf0960886190bb4ed5326d7ad247f949302122e814,0.97338276797150047,0.02661723202835916,82.394869719997601,0.3927842696321498,True,False,,,False,,observed_profile_hessian,34,1.91693081344,34,9.9999999999999995e-08,0,8026da15aa2a57b4964ae3dc0cc05a9b2e868b8392d359161a93360ffba2971d,88c3c4dd31a84c917912fdf34d44ef80ae99c00b8601e006db260a4a182a75a8,"[{""attempt"": 0, ""tolerance"": 2e-07, ""free_valid"": true, ""free_nll"": 23.14114548926544, ""free_score"": 4.263256414560601e-14, ""sigma"": 1655.1786992320726}]",1,23.14114548926544,4.2632564145606011e-14,12562.712867927654,12561.038745888443,newton
calibration,stress,1,44,18,1,5692.1085124485417,5692.1085124485417,-23702.583364813094,5708.7927124720545,-5.1490207050332666,,,,5682,5682,5533,149,0,d5cfddaaa1891787148ce0cd23dfc8b046a5c04f229783946626036815b5efb8,df853e6ecc82fdd91ef681b299534b1cc57bb9101d6923e55ae82e66d70430ae,aa0d01ae2f5af758a23b5284c3210304cc04a9c76180fba51da1d0c2d02fcc99,8f5f83da7c55e8c34a1ed4f5edebb52a900851fee291f6b040745a36665752bd,d04812a498535f8eaef9c9bf0960886190bb4ed5326d7ad247f949302122e814,0.97338276797150047,0.02661723202835916,82.394869719997601,0.3927842696321498,True,False,,,False,,observed_profile_hessian,34,1.91693081344,34,9.9999999999999995e-07,0,dc43d6714f4ae23260b225285194872595ecf611de54b3498eb81a842628192b,0febc07147107b891f9c11f15d973000ffbfcf2cd949fc2d925a767e391feb55,"[{""attempt"": 0, ""tolerance"": 2e-07, ""free_valid"": true, ""free_nll"": 40.83513681924204, ""free_score"": 3.1175062531474396e-13, ""sigma"": 5708.7927124720545}]",1,40.835136819242038,3.1175062531474396e-13,125452.78710032252,125574.86533841059,newton
calibration,stress,0.10000000000000001,44,18,2,3290.7760780340527,1645.3880390170264,1890.2089211891098,1656.5716456092371,-0.84546126366291663,,,,3233,3233,3153,80,0,a37a1594337f0ad23ad15e44e0632d6ce18d46a674a7c66956be1d2122f019c9,635d300a0a439a2d4afe6bdee92916c96fbf4ada9380af61f3c7d66439a91291,31e2f34740c2531e58092238bb806813f1059aebe12668a6c616f97205f8d041,8f5f83da7c55e8c34a1ed4f5edebb52a900851fee291f6b040745a36665752bd,d04812a498535f8eaef9c9bf0960886190bb4ed5326d7ad247f949302122e814,0.97338276797150047,0.02661723202835916,82.394869719997601,0.3927842696321498,True,False,,,False,,observed_profile_hessian,34,1.91693081344,34,9.9999999999999995e-08,0,78dc2d5cb89a424206815aac3e184b7a314af02f1e4935100ec55782080f26e6,ff250e32f47f89329a0c67b5c6e9aff76ab697acc3afba5eeee5b4bb921c5655,"[{""attempt"": 0, ""tolerance"": 2e-07, ""free_valid"": true, ""free_nll"": 23.63482235927032, ""free_score"": 1.554312234475219e-14, ""sigma"": 1656.571645609237}]",1,23.63482235927032,1.5543122344752192e-14,12571.660301060752,12561.924932929544,newton
calibration,stress,1,44,18,2,11384.217024897083,5692.1085124485417,-18427.441716865218,5710.4564959636882,-5.2205386316897826,,,,11190,11190,10899,291,0,d5cfddaaa1891787148ce0cd23dfc8b046a5c04f229783946626036815b5efb8,fa84b975164a1bd4cb7d22867e2614854f4d1a8e3f2949e93482047640b4a888,d12af3e02f64ab3cbaf1aecedbec4fedd190d34f9eb7f050e642249377b93a94,8f5f83da7c55e8c34a1ed4f5edebb52a900851fee291f6b040745a36665752bd,d04812a498535f8eaef9c9bf0960886190bb4ed5326d7ad247f949302122e814,0.97338276797150047,0.02661723202835916,82.394869719997601,0.3927842696321498,True,False,,,False,,observed_profile_hessian,34,1.91693081344,34,9.9999999999999995e-07,0,109e2aa54009f96ce65b7b94173e834e603e6abdf7444c121fb833999b190b75,6cb7a1710da8b1b8f8e4753f991208551f6b1e69594e172a31aa11eac23399f9,"[{""attempt"": 0, ""tolerance"": 2e-07, ""free_valid"": true, ""free_nll"": 41.89378329776831, ""free_score"": 4.3076653355456074e-14, ""sigma"": 5710.456495963688}]",1,41.893783297768309,4.3076653355456074e-14,125487.68095172079,125582.58999950858,newton
calibration,stress,0.10000000000000001,44,18,3,4936.1641170510793,1645.3880390170264,3461.1247446306538,1658.1611410750977,-0.8895633457337313,,,,4966,4966,4832,134,0,a37a1594337f0ad23ad15e44e0632d6ce18d46a674a7c66956be1d2122f019c9,48448ce49cc5af7952fd3daf8b1f97fdb34315562f29e5b6dda9fe2faa3c9f52,96ab4ef36c423b313c587f60aaa6f4881a332a2e71a2fe6b9a5ad0aec0cefbed,8f5f83da7c55e8c34a1ed4f5edebb52a900851fee291f6b040745a36665752bd,d04812a498535f8eaef9c9bf0960886190bb4ed5326d7ad247f949302122e814,0.97338276797150047,0.02661723202835916,82.394869719997601,0.3927842696321498,True,False,,,False,,observed_profile_hessian,34,1.91693081344,34,9.9999999999999995e-08,0,4360ea401a1a3d868ce28f9b8e3ca6d81b76c8dc8ac0761b4eb7365432aea8ad,de07ccc721a6d666035a40e14ac015efdd8606ef739cd41f949d500d0a13548e,"[{""attempt"": 0, ""tolerance"": 2e-07, ""free_valid"": true, ""free_nll"": 24.556360835948688, ""free_score"": 3.019806626980426e-14, ""sigma"": 1658.1611410750977}]",1,24.556360835948688,3.0198066269804258e-14,12584.087524389059,12566.261281395869,newton
calibration,stress,1,44,18,3,17076.325537345627,5692.1085124485417,-12863.373111358458,5712.2894387462484,-5.2412782947629042,,,,17056,17056,16611,445,0,d5cfddaaa1891787148ce0cd23dfc8b046a5c04f229783946626036815b5efb8,649200277b28529a6b17e9b27a4f663a164c057dff359c21ada0a8d251914392,5ff9fea043acaae01cf579c008778db71f00a8bafc10ecdfb2964e2590ddfc3b,8f5f83da7c55e8c34a1ed4f5edebb52a900851fee291f6b040745a36665752bd,d04812a498535f8eaef9c9bf0960886190bb4ed5326d7ad247f949302122e814,0.97338276797150047,0.02661723202835916,82.394869719997601,0.3927842696321498,True,False,,,False,,observed_profile_hessian,34,1.91693081344,34,9.9999999999999995e-07,0,a8cb90133e824366a78a3d0530aa7eac1347f05a0c6f48004dd6b114a5d7cdd1,1ed2a77e8f5e1d7847ae7dcec00d611d824b9fbcd8bbf459ef66afad3f46fa96,"[{""attempt"": 0, ""tolerance"": 2e-07, ""free_valid"": true, ""free_nll"": 41.28155788117286, ""free_score"": 4.529709940470639e-14, ""sigma"": 5712.289438746248}]",1,41.281557881172859,4.5297099404706387e-14,125524.45471296061,125590.70647552735,newton
calibration,stress,0.10000000000000001,44,18,4,6581.5521560681054,1645.3880390170264,4801.3718833047114,1659.3842375145912,-1.0727956988610003,,,,6451,6451,6279,172,0,a37a1594337f0ad23ad15e44e0632d6ce18d46a674a7c66956be1d2122f019c9,ddd75d9246d30176d6549e6c7cd9ddb62eb9493e6ee18d769d00defb4418894c,4af60f87e17b910216d71f0e50925fa4a2555d80976d1fb8aec4a8836407f913,8f5f83da7c55e8c34a1ed4f5edebb52a900851fee291f6b040745a36665752bd,d04812a498535f8eaef9c9bf0960886190bb4ed5326d7ad247f949302122e814,0.97338276797150047,0.02661723202835916,82.394869719997601,0.3927842696321498,True,False,,,False,,observed_profile_hessian,34,1.91693081344,34,9.9999999999999995e-08,0,96342f1e5cff2abfe68adc12e9cf168847daa761b51e7ecc632a6f342ba19e6b,38545267d9ee84353287fb3962b5c865ccd5c16caa55e05fda7789abc949c712,"[{""attempt"": 0, ""tolerance"": 2e-07, ""free_valid"": true, ""free_nll"": 24.316598310660808, ""free_score"": 5.684341886080802e-14, ""sigma"": 1659.3842375145912}]",1,24.316598310660808,5.6843418860808015e-14,12592.717696196731,12567.988618741419,newton
calibration,stress,1,44,18,4,22768.434049794167,5692.1085124485417,-7434.4789252676201,5714.018084212953,-5.2857573304691297,,,,22801,22801,22235,566,0,d5cfddaaa1891787148ce0cd23dfc8b046a5c04f229783946626036815b5efb8,c28b53828b1aabe0cbe4471b0bafa7e942b43d691d4df08bca30f6b9e8c22d47,4fad64c8043f52ba83e78f50a1f4216dd6638199e4c239a43cfd768ba831d3d2,8f5f83da7c55e8c34a1ed4f5edebb52a900851fee291f6b040745a36665752bd,d04812a498535f8eaef9c9bf0960886190bb4ed5326d7ad247f949302122e814,0.97338276797150047,0.02661723202835916,82.394869719997601,0.3927842696321498,True,False,,,False,,observed_profile_hessian,34,1.91693081344,34,9.9999999999999995e-07,0,5a435862291355b90890e98a8a16d34da9baab7f9456c0b8e8ac8824fab228df,48522a082592f2a8a510c0352415d6e66919ae7134969f5ca075c88e22103ac8,"[{""attempt"": 0, ""tolerance"": 2e-07, ""free_valid"": true, ""free_nll"": 41.84550963932462, ""free_score"": 4.8405723873656825e-14, ""sigma"": 5714.018084212953}]",1,41.845509639324618,4.8405723873656825e-14,125559.53168187611,125597.82236413342,newton
calibration,stress,0.10000000000000001,44,18,5,8226.9401950851316,1645.3880390170264,6486.3143735715475,1661.0179709135514,-1.0479271458792518,,,,8216,8216,7974,242,0,a37a1594337f0ad23ad15e44e0632d6ce18d46a674a7c66956be1d2122f019c9,4ad200dea7f46adc56d67384e0d83a94ab32fdae4f5c8e364ab87b932be6aea4,c105acac362db6381e9da786b96f5bfb7490da4d47edf07933dd32d55aee55ab,8f5f83da7c55e8c34a1ed4f5edebb52a900851fee291f6b040745a36665752bd,d04812a498535f8eaef9c9bf0960886190bb4ed5326d7ad247f949302122e814,0.97338276797150047,0.02661723202835916,82.394869719997601,0.3927842696321498,True,False,,,False,,observed_profile_hessian,34,1.91693081344,34,9.9999999999999995e-08,0,205bd6b6c64fea2cdb7238bf0159d7ed0b09bece35ae005c68a7962ef54e14a7,0179dbc65d6a654baaaba99235ca13c853b2e2febf4b0d64179d855d298d4762,"[{""attempt"": 0, ""tolerance"": 2e-07, ""free_valid"": true, ""free_nll"": 24.75263873624185, ""free_score"": 1.9984014443252818e-14, ""sigma"": 1661.0179709135514}]",1,24.752638736241849,1.9984014443252818e-14,12604.159851501754,12570.752614061703,newton
calibration,stress,1,44,18,5,28460.542562242706,5692.1085124485417,-2113.907355682587,5715.7026601196721,-5.3492023178975412,,,,28495,28495,27735,760,0,d5cfddaaa1891787148ce0cd23dfc8b046a5c04f229783946626036815b5efb8,bf5fad190ca21f682b07aaf09607a3dee7e9e119e28e83e11c92a668935846d9,42fbde73e19d4456cc1ed28ade6285473c877158af3499a70d0be38192a096a6,8f5f83da7c55e8c34a1ed4f5edebb52a900851fee291f6b040745a36665752bd,d04812a498535f8eaef9c9bf0960886190bb4ed5326d7ad247f949302122e814,0.97338276797150047,0.02661723202835916,82.394869719997601,0.3927842696321498,True,False,,,False,,observed_profile_hessian,34,1.91693081344,34,9.9999999999999995e-07,0,63223aba2df5559e056319499e90ef685ca5220cfeb485bad2edd8972510afef,4457200d9c6908b50de8925b4f3ead4b229dc6b914898a8e44c04751a2842f3e,"[{""attempt"": 0, ""tolerance"": 2e-07, ""free_valid"": true, ""free_nll"": 41.67515463898327, ""free_score"": 4.192202140984591e-13, ""sigma"": 5715.702660119672}]",1,41.675154638983273,4.1922021409845911e-13,125600.56108421429,125611.44859303522,newton
calibration,stress,0.10000000000000001,44,18,6,9872.3282341021586,1645.3880390170264,8066.0326066224143,1662.3108034977738,-1.0866172701753505,,,,9713,9713,9458,255,0,a37a1594337f0ad23ad15e44e0632d6ce18d46a674a7c66956be1d2122f019c9,a3a8680799457159590aad7bb723439a5f00486d5ab4373c986701c4754598fc,01c3e639e6232385cb0e90754796267a26b342ef6b62d37aa18ef75d86f5063a,8f5f83da7c55e8c34a1ed4f5edebb52a900851fee291f6b040745a36665752bd,d04812a498535f8eaef9c9bf0960886190bb4ed5326d7ad247f949302122e814,0.97338276797150047,0.02661723202835916,82.394869719997601,0.3927842696321498,True,False,,,False,,observed_profile_hessian,34,1.91693081344,34,9.9999999999999995e-08,0,940734f1348f8041222261360a3d94eecad3469d5f1633ccd92d3efcee92583e,1c73bd710d6981e1379f95f2b62cae5a569572d0f1018c343c3a084ac6f35c38,"[{""attempt"": 0, ""tolerance"": 2e-07, ""free_valid"": true, ""free_nll"": 24.944299689471528, ""free_score"": 1.554312234475219e-14, ""sigma"": 1662.3108034977738}]",1,24.944299689471528,1.5543122344752192e-14,12611.41999139425,12569.876542993636,newton
calibration,stress,1,44,18,6,34152.651074691254,5692.1085124485417,3493.5229317566204,5717.4515096496525,-5.362376592296334,,,,34029,34029,33155,874,0,d5cfddaaa1891787148ce0cd23dfc8b046a5c04f229783946626036815b5efb8,4438a23cbb90662d0907526d0fadca9a216e9713ffab2b6fc8cfb827819de455,9e5e4f280267f14bd755446128d9f7be9b84ad0362beaa211e3fca76a39b74cc,8f5f83da7c55e8c34a1ed4f5edebb52a900851fee291f6b040745a36665752bd,d04812a498535f8eaef9c9bf0960886190bb4ed5326d7ad247f949302122e814,0.97338276797150047,0.02661723202835916,82.394869719997601,0.3927842696321498,True,False,,,False,,observed_profile_hessian,34,1.91693081344,34,9.9999999999999995e-07,0,b55c36b1c086f4b78978a4783217c26e5f2cacf7733cc2f06bfe88655ed1fcb3,f6d9e7f29fb9a3127830d3318bad67e345ce616c4ba37a8020d894a304b9b7fe,"[{""attempt"": 0, ""tolerance"": 2e-07, ""free_valid"": true, ""free_nll"": 42.32821120381048, ""free_score"": 2.7977620220553945e-14, ""sigma"": 5717.4515096496525}]",1,42.328211203810483,2.7977620220553945e-14,125627.62534067062,125609.63223343565,newton
calibration,stress,0.10000000000000001,44,18,7,11517.716273119184,1645.3880390170264,9818.8769365909702,1664.0556002069786,-1.0209029892492225,,,,11615,11615,11309,306,0,a37a1594337f0ad23ad15e44e0632d6ce18d46a674a7c66956be1d2122f019c9,6d1037e750b59a91217c583c3834ebc00861eb1867061b0888869e8972133f09,f91eea450a8ab9dc1e8a76f79d47d218fb6e483e4f1cb5d89a58484cf694a514,8f5f83da7c55e8c34a1ed4f5edebb52a900851fee291f6b040745a36665752bd,d04812a498535f8eaef9c9bf0960886190bb4ed5326d7ad247f949302122e814,0.97338276797150047,0.02661723202835916,82.394869719997601,0.3927842696321498,True,False,,,False,,observed_profile_hessian,34,1.91693081344,34,9.9999999999999995e-08,0,bb875827587ec8c2a00c4d78815656504ed7068beea0dbc94ce2f2265cfd6935,5cb9a47c26919b7702778c636b829ec036502b69c7854d69857c6d1d398b5961,"[{""attempt"": 0, ""tolerance"": 2e-07, ""free_valid"": true, ""free_nll"": 24.915168713910234, ""free_score"": 3.8324898810060404e-13, ""sigma"": 1664.0556002069786}]",1,24.915168713910234,3.8324898810060404e-13,12624.496237745201,12573.924906427705,newton
calibration,stress,1,44,18,7,39844.759587139793,5692.1085124485417,8493.6233692185342,5719.2177187719217,-5.4817175634036257,,,,39770,39770,38726,1044,0,d5cfddaaa1891787148ce0cd23dfc8b046a5c04f229783946626036815b5efb8,023c27e34c3b01843e3c23a6abfd0a4e700999317a800526dc094f59eb4c6d4d,d7a544ac3384d1b8e3fa842be40870e1a2dbab0a8952054559b630fb28be97a0,8f5f83da7c55e8c34a1ed4f5edebb52a900851fee291f6b040745a36665752bd,d04812a498535f8eaef9c9bf0960886190bb4ed5326d7ad247f949302122e814,0.97338276797150047,0.02661723202835916,82.394869719997601,0.3927842696321498,True,False,,,False,,observed_profile_hessian,34,1.91693081344,34,9.9999999999999995e-07,0,1b96ecf33dd1416e44bad3326e85577efa4012791f928979ae227f9e5a2ad023,efafdf15108d1af652db339be7392a77968af3207c9564b7a9eb772da794599a,"[{""attempt"": 0, ""tolerance"": 2e-07, ""free_valid"": true, ""free_nll"": 42.282050082103694, ""free_score"": 2.41140440948584e-13, ""sigma"": 5719.217718771922}]",1,42.282050082103694,2.41140440948584e-13,125665.37451040852,125621.62879037713,newton
calibration,stress,0.10000000000000001,44,18,8,13163.104312136211,1645.3880390170264,11136.102735712566,1665.2952838604895,-1.217202496199141,,,,13126,13126,12781,345,0,a37a1594337f0ad23ad15e44e0632d6ce18d46a674a7c66956be1d2122f019c9,dc8ef29d39d25e43b78d5e6c4a5e783b9c125559ec2c9cac5a7e6b70ee2902c7,ae314be0640ea0eb3d0c0c702f8ba5eff255c6d12419a600868e77b64c379d0c,8f5f83da7c55e8c34a1ed4f5edebb52a900851fee291f6b040745a36665752bd,d04812a498535f8eaef9c9bf0960886190bb4ed5326d7ad247f949302122e814,0.97338276797150047,0.02661723202835916,82.394869719997601,0.3927842696321498,True,False,,,False,,observed_profile_hessian,34,1.91693081344,34,9.9999999999999995e-08,0,e2f10e1f6fc419e489cb52d3e894d3897e00d57ecd78d0f6d9f452d7442da7fd,fb1eeb164bdd96e76b9b778d9584484885bf68513341c4afd67dc6f97bab050d,"[{""attempt"": 0, ""tolerance"": 2e-07, ""free_valid"": true, ""free_nll"": 26.675211730058702, ""free_score"": 2.3137047833188262e-12, ""sigma"": 1665.2952838604895}]",1,26.675211730058702,2.3137047833188262e-12,12632.639273142815,12575.283676910143,newton
calibration,stress,1,44,18,8,45536.868099588333,5692.1085124485417,13980.326248543914,5721.0057518454223,-5.5159080797751763,,,,45654,45654,44426,1228,0,d5cfddaaa1891787148ce0cd23dfc8b046a5c04f229783946626036815b5efb8,3c1f7635ef907d1a3de86c650de9ea9bb3a828809bee8c06d21d30f76b8092ba,f146a5ded073d9586f73e9fa4f1481756d3e44827ee749fcd155c602f7a27bbb,8f5f83da7c55e8c34a1ed4f5edebb52a900851fee291f6b040745a36665752bd,d04812a498535f8eaef9c9bf0960886190bb4ed5326d7ad247f949302122e814,0.97338276797150047,0.02661723202835916,82.394869719997601,0.3927842696321498,True,False,,,False,,observed_profile_hessian,34,1.91693081344,34,9.9999999999999995e-07,0,d6da602ed209b25fe32146bd103f7689d7973322e29a3bdc2df7909032aaa31f,a2415a33948fb8b46932bc42bfe415c15d8867fc195316eb568a5acab6813662,"[{""attempt"": 0, ""tolerance"": 2e-07, ""free_valid"": true, ""free_nll"": 43.390309187320405, ""free_score"": 1.7794017859174005e-07, ""sigma"": 5721.005751845422}]",1,43.390309187320405,1.7794017859174005e-07,125700.59128071793,125628.58674137932,newton
calibration,stress,0.10000000000000001,44,19,0,0,1645.3880390170264,-4657.2892617250382,1652.0212355362323,-2.8191461232720298,,,,0,0,0,0,0,7e21c03a57ff4b54c7bd5dd08af77e55ba25b7ff389e159e8c57b8780260b948,7e21c03a57ff4b54c7bd5dd08af77e55ba25b7ff389e159e8c57b8780260b948,f440d6087e5a50c4aef861dbe0f0dd7752e43e8d6fb7b0a6393f704d359bba12,8f5f83da7c55e8c34a1ed4f5edebb52a900851fee291f6b040745a36665752bd,d04812a498535f8eaef9c9bf0960886190bb4ed5326d7ad247f949302122e814,0.97338276797150047,0.02661723202835916,82.394869719997601,0.3927842696321498,True,False,,,False,,observed_profile_hessian,34,1.91693081344,34,9.9999999999999995e-08,0,7dc20513dccf4e8e2ebf34d0fb7ffadf8fd28e3daebb42cb96f546185c91ace1,2a7d133d9edcc43dd4cba28586b3bb7ed112c3dae2a1dbd88114d4f24363696e,"[{""attempt"": 0, ""tolerance"": 2e-07, ""free_valid"": true, ""free_nll"": 17.615601982264707, ""free_score"": 3.364530876126537e-13, ""sigma"": 1652.0212355362323}]",1,17.615601982264707,3.3645308761265369e-13,12564.09273896513,12588.079730534238,newton
calibration,stress,1,44,19,0,0,5692.1085124485417,-30113.50826365019,5705.9064475877794,-5.2776028734892648,,,,0,0,0,0,0,41d5d6236ad832a6743f4d3e010e33c211a037d85bdf42cb9fe9ffa1b36c31c1,41d5d6236ad832a6743f4d3e010e33c211a037d85bdf42cb9fe9ffa1b36c31c1,f440d6087e5a50c4aef861dbe0f0dd7752e43e8d6fb7b0a6393f704d359bba12,8f5f83da7c55e8c34a1ed4f5edebb52a900851fee291f6b040745a36665752bd,d04812a498535f8eaef9c9bf0960886190bb4ed5326d7ad247f949302122e814,0.97338276797150047,0.02661723202835916,82.394869719997601,0.3927842696321498,True,False,,,False,,observed_profile_hessian,34,1.91693081344,34,9.9999999999999995e-07,0,7be0d79b57e590c2e90f85f108d091539ccaf110c86da213e716636585766ccd,00b60bd19b52972a88476e32cf64204d84388828577d6cc90c62ac0ffb3de9c3,"[{""attempt"": 0, ""tolerance"": 2e-07, ""free_valid"": true, ""free_nll"": 30.64134158511277, ""free_score"": 2.1271873151818e-13, ""sigma"": 5705.906447587779}]",1,30.64134158511277,2.1271873151817999e-13,125541.48091054114,125696.57809867863,newton
calibration,stress,0.10000000000000001,44,19,1,1645.3880390170264,1645.3880390170264,-2937.9411075919093,1653.5508309877491,-2.7718102526494954,,,,1716,1716,1673,43,0,7e21c03a57ff4b54c7bd5dd08af77e55ba25b7ff389e159e8c57b8780260b948,f4ea4d7826e054ea7d2677a5140cbbb6b5cc8be157cc458f4f87dda1b17aeb1b,9d107ba0c2c8c1edd0892ec8003a23e3cb447f25fbcbad9fdff6155ac8227cbc,8f5f83da7c55e8c34a1ed4f5edebb52a900851fee291f6b040745a36665752bd,d04812a498535f8eaef9c9bf0960886190bb4ed5326d7ad247f949302122e814,0.97338276797150047,0.02661723202835916,82.394869719997601,0.3927842696321498,True,False,,,False,,observed_profile_hessian,34,1.91693081344,34,9.9999999999999995e-08,0,48f574ca2fd9daf246da7386a06f372ea4adcc070e79dbc8fa2b7eee52ed7827,01ca0c72f356bb06ff36a8f40572d7dbcded575df83250ce7c435ff6681c8466,"[{""attempt"": 0, ""tolerance"": 2e-07, ""free_valid"": true, ""free_nll"": 17.69822290723201, ""free_score"": 1.9761969838327786e-14, ""sigma"": 1653.5508309877491}]",1,17.698222907232012,1.9761969838327786e-14,12574.013010887256,12589.14463888329,newton
calibration,stress,1,44,19,1,5692.1085124485417,5692.1085124485417,-24625.7598303796,5707.7118315367807,-5.311737739686337,,,,5772,5772,5600,172,0,41d5d6236ad832a6743f4d3e010e33c211a037d85bdf42cb9fe9ffa1b36c31c1,a7aa5c204d80e7ce5dc61b10b429eb8d10c773baa5528f15095e9f8c3929fcc6,4b2d30d7c11a3a65e3308b9d47a4c0f5abd9e3332b20198bf230c6e7347bbb66,8f5f83da7c55e8c34a1ed4f5edebb52a900851fee291f6b040745a36665752bd,d04812a498535f8eaef9c9bf0960886190bb4ed5326d7ad247f949302122e814,0.97338276797150047,0.02661723202835916,82.394869719997601,0.3927842696321498,True,False,,,False,,observed_profile_hessian,34,1.91693081344,34,9.9999999999999995e-07,0,4d13ffebbbdb41f484cbb37960b77a609d12593996409a3abc219b9e23ffb049,286de370a60927fa846f68ef64b5e919c7153dba1e0523b3199f8ee226ed3edc,"[{""attempt"": 0, ""tolerance"": 2e-07, ""free_valid"": true, ""free_nll"": 31.18094588382322, ""free_score"": 1.441902153231922e-14, ""sigma"": 5707.711831536781}]",1,31.18094588382322,1.4419021532319221e-14,125576.01442406555,125702.8474078548,newton
calibration,stress,0.10000000000000001,44,19,2,3290.7760780340527,1645.3880390170264,-1476.5684712187019,1654.9709878337853,-2.8806212219422638,,,,3341,3341,3263,78,0,7e21c03a57ff4b54c7bd5dd08af77e55ba25b7ff389e159e8c57b8780260b948,b1f10bf8a27c6340c2bdb6efd418a11935f925885a8775b712b14f7ed0d49825,6573dfb88d1330159f3ca6cf0745735a059b212d70ed594103d376dac5089cf8,8f5f83da7c55e8c34a1ed4f5edebb52a900851fee291f6b040745a36665752bd,d04812a498535f8eaef9c9bf0960886190bb4ed5326d7ad247f949302122e814,0.97338276797150047,0.02661723202835916,82.394869719997601,0.3927842696321498,True,False,,,False,,observed_profile_hessian,34,1.91693081344,34,9.9999999999999995e-08,0,486341d97d9d711260cb924a97978f9ec91a76bb8769623af3cfc1363b28dc06,0db115a2f9b3dfeb8be0040346d97d298803b16e51f94b7ec2d660805e028009,"[{""attempt"": 0, ""tolerance"": 2e-07, ""free_valid"": true, ""free_nll"": 17.549109128064856, ""free_score"": 3.3861802251067274e-15, ""sigma"": 1654.9709878337853}]",1,17.549109128064856,3.3861802251067274e-15,12585.462015450383,12593.066961907416,newton
calibration,stress,1,44,19,2,11384.217024897083,5692.1085124485417,-18961.325365310051,5709.3918975269171,-5.3150217982674519,,,,11564,11564,11276,288,0,41d5d6236ad832a6743f4d3e010e33c211a037d85bdf42cb9fe9ffa1b36c31c1,dc605cce5415d0df67c01a38bed7111c0bbdb2daad4ee3a4c7d69dda16f5c17a,da458b4b50a68f581e0b3d2cda0a4cdd68d89d599c4806c413f532a99c6b7bd3,8f5f83da7c55e8c34a1ed4f5edebb52a900851fee291f6b040745a36665752bd,d04812a498535f8eaef9c9bf0960886190bb4ed5326d7ad247f949302122e814,0.97338276797150047,0.02661723202835916,82.394869719997601,0.3927842696321498,True,False,,,False,,observed_profile_hessian,34,1.91693081344,34,9.9999999999999995e-07,0,e5ea646cdcf2f6d127703a18fcfd6663bf886e427ec84f00ac5af73c066fb19d,b438e0f064373d195b3b5e23668b0f361d56ea686d4243e08473be1158f869b3,"[{""attempt"": 0, ""tolerance"": 2e-07, ""free_valid"": true, ""free_nll"": 31.251212419219492, ""free_score"": 1.056932319443149e-13, ""sigma"": 5709.391897526917}]",1,31.251212419219492,1.056932319443149e-13,125611.88405996877,125709.54283229684,newton
calibration,stress,0.10000000000000001,44,19,3,4936.1641170510793,1645.3880390170264,53.133837293491531,1656.4582761720535,-2.9478739971898911,,,,4970,4970,4825,145,0,7e21c03a57ff4b54c7bd5dd08af77e55ba25b7ff389e159e8c57b8780260b948,e64265d651a7a00f5cd04a049b0c934c6c9103bdb18969c7832f066dc731f42c,6567826692ce64709b2ce1d11fd98e21d3a60312a65e11da99af8b381d16c72f,8f5f83da7c55e8c34a1ed4f5edebb52a900851fee291f6b040745a36665752bd,d04812a498535f8eaef9c9bf0960886190bb4ed5326d7ad247f949302122e814,0.97338276797150047,0.02661723202835916,82.394869719997601,0.3927842696321498,True,False,,,False,,observed_profile_hessian,34,1.91693081344,34,9.9999999999999995e-08,0,4f29d4b34aa99d7bb6c302138a4100429328c0a799a9761695f975826f43d2b3,5c534555b31be416a1196f993094da476d228a85f3cc697716d8f7feb4642960,"[{""attempt"": 0, ""tolerance"": 2e-07, ""free_valid"": true, ""free_nll"": 18.49813483890821, ""free_score"": 2.9274820456670625e-08, ""sigma"": 1656.4582761720535}]",1,18.498134838908211,2.9274820456670625e-08,12593.897501392397,12593.62383986193,newton
calibration,stress,1,44,19,3,17076.325537345627,5692.1085124485417,-13861.36867576246,5711.1597720173895,-5.4170598351479438,,,,17169,17169,16696,473,0,41d5d6236ad832a6743f4d3e010e33c211a037d85bdf42cb9fe9ffa1b36c31c1,fa4d062101e868a290882ba0f73795ba3c4ae22579585c7c4a3ad66b67ee5dee,22045c98f18c562850a8855c1bf6a17b98f67fec7dce178049236dcbe338cf5b,8f5f83da7c55e8c34a1ed4f5edebb52a900851fee291f6b040745a36665752bd,d04812a498535f8eaef9c9bf0960886190bb4ed5326d7ad247f949302122e814,0.97338276797150047,0.02661723202835916,82.394869719997601,0.3927842696321498,True,False,,,False,,observed_profile_hessian,34,1.91693081344,34,9.9999999999999995e-07,0,9bbca085d88aa860eb5596cb89354e98546dcea94e7668c9588a9c0df496c6d4,52eefbc73d250532002aa2c211b876693d84a90c1a928597c4d7d72cd2d7d55e,"[{""attempt"": 0, ""tolerance"": 2e-07, ""free_valid"": true, ""free_nll"": 31.343924315134757, ""free_score"": 1.056932319443149e-13, ""sigma"": 5711.1597720173895}]",1,31.343924315134757,1.056932319443149e-13,125647.88874412421,125719.28060210784,newton
calibration,stress,0.10000000000000001,44,19,4,6581.5521560681054,1645.3880390170264,1505.3580636122324,1657.7450865001658,-3.0621077593858188,,,,6419,6419,6245,174,0,7e21c03a57ff4b54c7bd5dd08af77e55ba25b7ff389e159e8c57b8780260b948,35a0ad33b0a248bcc518917db00cb5aeef5d272cf84ee0ef770124791b4b829d,e296a618ed212a29582cedb5e1d690799091d446edba93f0d7f2d5b03bf83490,8f5f83da7c55e8c34a1ed4f5edebb52a900851fee291f6b040745a36665752bd,d04812a498535f8eaef9c9bf0960886190bb4ed5326d7ad247f949302122e814,0.97338276797150047,0.02661723202835916,82.394869719997601,0.3927842696321498,True,False,,,False,,observed_profile_hessian,34,1.91693081344,34,9.9999999999999995e-08,0,bd67ede2dc9b2e7f0e2cb25c87cebf6433b351849d78bc77d7678b0a5bca8cb7,0892a1e5c4c708f509029df173e974a63a12d29d803d03eac513673819adbfe6,"[{""attempt"": 0, ""tolerance"": 2e-07, ""free_valid"": true, ""free_nll"": 17.930621843378997, ""free_score"": 2.9821392022455484e-09, ""sigma"": 1657.7450865001658}]",1,17.930621843378997,2.9821392022455484e-09,12601.489536943855,12593.736312020268,newton
calibration,stress,1,44,19,4,22768.434049794167,5692.1085124485417,-8490.5993161102269,5712.8115443944635,-5.471742437675271,,,,22733,22733,22168,565,0,41d5d6236ad832a6743f4d3e010e33c211a037d85bdf42cb9fe9ffa1b36c31c1,7000f40d833aa5b8ca1701cbc69ea8676a69bb850763aebf2b74e146e11876e8,5fabbaf1c60651f59dccdaf0c354e9c37c57df065509b1c4a716e7cefad6ab53,8f5f83da7c55e8c34a1ed4f5edebb52a900851fee291f6b040745a36665752bd,d04812a498535f8eaef9c9bf0960886190bb4ed5326d7ad247f949302122e814,0.97338276797150047,0.02661723202835916,82.394869719997601,0.3927842696321498,True,False,,,False,,observed_profile_hessian,34,1.91693081344,34,9.9999999999999995e-07,0,8b77b628d5386b51615ff605e1ab2428dcc6b2352360b17ccca402026ebb36f9,37986856c5e265bc034e50de2abaebc06115c93eee18ea93a822720e72619084,"[{""attempt"": 0, ""tolerance"": 2e-07, ""free_valid"": true, ""free_nll"": 31.367485300450056, ""free_score"": 5.240252676230739e-14, ""sigma"": 5712.811544394463}]",1,31.367485300450056,5.2402526762307389e-14,125679.44305694541,125723.17320183592,newton
calibration,stress,0.10000000000000001,44,19,5,8226.9401950851316,1645.3880390170264,3437.5136152591899,1659.4120568846513,-2.8862189833774745,,,,8301,8301,8075,226,0,7e21c03a57ff4b54c7bd5dd08af77e55ba25b7ff389e159e8c57b8780260b948,4491e9302b5104c86a24efe453d513bc2ede9467547dbd9b3a6da25ff9e1f589,b6f7b0827f5a918fb90fb29d2488bbf0f67b73ec0774a5a70941b2b7cf3444c2,8f5f83da7c55e8c34a1ed4f5edebb52a900851fee291f6b040745a36665752bd,d04812a498535f8eaef9c9bf0960886190bb4ed5326d7ad247f949302122e814,0.97338276797150047,0.02661723202835916,82.394869719997601,0.3927842696321498,True,False,,,False,,observed_profile_hessian,34,1.91693081344,34,9.9999999999999995e-08,0,8166d736719ead1d44b423f9dc8b63889956875d88f9813d927e480ac27c1cf2,42d3d850afa82b56bf563ee9d2c5939d345714f7a3dbabdfc52b17001702a22c,"[{""attempt"": 0, ""tolerance"": 2e-07, ""free_valid"": true, ""free_nll"": 17.474347601436914, ""free_score"": 4.551914400963142e-14, ""sigma"": 1659.4120568846513}]",1,17.474347601436914,4.5519144009631418e-14,12613.085973134341,12595.381337352843,newton
calibration,stress,1,44,19,5,28460.542562242706,5692.1085124485417,-2361.5760757062808,5714.7284544319882,-5.3934528794706367,,,,28785,28785,28010,775,0,41d5d6236ad832a6743f4d3e010e33c211a037d85bdf42cb9fe9ffa1b36c31c1,240c37292380c5047b0c0413adc816ec8c6b03719dc9e1e143a7c161863d1cc0,902448cd416a31252b3455eb283bf60ce3d96b5026091c5c658980b8d479c66f,8f5f83da7c55e8c34a1ed4f5edebb52a900851fee291f6b040745a36665752bd,d04812a498535f8eaef9c9bf0960886190bb4ed5326d7ad247f949302122e814,0.97338276797150047,0.02661723202835916,82.394869719997601,0.3927842696321498,True,False,,,False,,observed_profile_hessian,34,1.91693081344,34,9.9999999999999995e-07,0,5a995bd7ab321abae89e59667cc6b564b042f3a27d4c09a0b1008f1dbee679eb,51c0d881118966ca3e5e300f987302301d57ad82cffa780d2f6a3035e73aabff,"[{""attempt"": 0, ""tolerance"": 2e-07, ""free_valid"": true, ""free_nll"": 32.101907937775586, ""free_score"": 3.108624468950438e-14, ""sigma"": 5714.728454431988}]",1,32.101907937775586,3.1086244689504383e-14,125714.51309103766,125726.67619756474,newton
calibration,stress,0.10000000000000001,44,19,6,9872.3282341021586,1645.3880390170264,4888.8136162062765,1660.7356726360358,-3.0007873618958874,,,,9848,9848,9588,260,0,7e21c03a57ff4b54c7bd5dd08af77e55ba25b7ff389e159e8c57b8780260b948,1c3773e03a51134afc900168ace733224d61e7858af2b0d000b53bbb0408899b,6923997adaff49113dbd4e46e404e3f338d91f6375fa22990679f296576419da,8f5f83da7c55e8c34a1ed4f5edebb52a900851fee291f6b040745a36665752bd,d04812a498535f8eaef9c9bf0960886190bb4ed5326d7ad247f949302122e814,0.97338276797150047,0.02661723202835916,82.394869719997601,0.3927842696321498,True,False,,,False,,observed_profile_hessian,34,1.91693081344,34,9.9999999999999995e-08,0,1462e1b437303bbea6d856509889d0f6b96e2bc6c0c761239af2fa993b5d5ef7,3bda7fc9a214a1636d3168b4908ebe63038f07d579fc3d64cd4e15c8569b6e60,"[{""attempt"": 0, ""tolerance"": 2e-07, ""free_valid"": true, ""free_nll"": 18.69576106702151, ""free_score"": 3.708144902248023e-14, ""sigma"": 1660.7356726360358}]",1,18.695761067021511,3.7081449022480228e-14,12622.987039340031,12597.807600313421,newton
calibration,stress,1,44,19,6,34152.651074691254,5692.1085124485417,3014.7713486272837,5716.3120592306386,-5.447197319429554,,,,34293,34293,33379,914,0,41d5d6236ad832a6743f4d3e010e33c211a037d85bdf42cb9fe9ffa1b36c31c1,7027efad636732e33510f9dab52adeb4313061f97432e1054dff5ce3ca2eef98,00352e2541ec8eb950ca1dfa5e0b5c693de5595b86de165469f8bc3114ab7cca,8f5f83da7c55e8c34a1ed4f5edebb52a900851fee291f6b040745a36665752bd,d04812a498535f8eaef9c9bf0960886190bb4ed5326d7ad247f949302122e814,0.97338276797150047,0.02661723202835916,82.394869719997601,0.3927842696321498,True,False,,,False,,observed_profile_hessian,34,1.91693081344,34,9.9999999999999995e-07,0,b2d125196c4072e4a5ab040da160680c0c62fbb058310b8afc99aec29d2eef3c,881d3bae1559769c17b70b840cb3ae00a2706c53dbfaf0afd5584fd0501e1329,"[{""attempt"": 0, ""tolerance"": 2e-07, ""free_valid"": true, ""free_nll"": 32.83546769055668, ""free_score"": 2.438049762076844e-13, ""sigma"": 5716.312059230639}]",1,32.835467690556683,2.4380497620768438e-13,125750.17518380639,125734.64784786945,newton
calibration,stress,0.10000000000000001,44,19,7,11517.716273119184,1645.3880390170264,6326.7808879365411,1662.3292685856647,-3.1226878352440792,,,,11618,11618,11304,314,0,7e21c03a57ff4b54c7bd5dd08af77e55ba25b7ff389e159e8c57b8780260b948,a52f2af2c6a6733b8da94a69fc92e3def6b3e580ec7819e82482f7b3c9f67fcf,a8a6c3f2b0e3110148c0a0df420fa0f34521d8b953a57f8ac495dbc4eff48617,8f5f83da7c55e8c34a1ed4f5edebb52a900851fee291f6b040745a36665752bd,d04812a498535f8eaef9c9bf0960886190bb4ed5326d7ad247f949302122e814,0.97338276797150047,0.02661723202835916,82.394869719997601,0.3927842696321498,True,False,,,False,,observed_profile_hessian,34,1.91693081344,34,9.9999999999999995e-08,0,15644197e4754639005af1464bb3ff142f122e912f5aebb91926b9991e638204,2291c0891de37902f89461e84b09d990359e35ca4fe3edaabc52ef757d868760,"[{""attempt"": 0, ""tolerance"": 2e-07, ""free_valid"": true, ""free_nll"": 18.44938772023336, ""free_score"": 1.9939605522267811e-13, ""sigma"": 1662.3292685856647}]",1,18.449387720233361,1.9939605522267811e-13,12634.334568162891,12601.74899503439,newton
calibration,stress,1,44,19,7,39844.759587139793,5692.1085124485417,7831.9624914964052,5718.035355157881,-5.5985657847964605,,,,39888,39888,38850,1038,0,41d5d6236ad832a6743f4d3e010e33c211a037d85bdf42cb9fe9ffa1b36c31c1,a77e9a9d402da02136359ea1af10e2aafc85f7d7df7039c666f2f4c0e0841fe3,89293ddd0eaba93a6d4e64900f2382e1adc9558171fa3b80fac3189cc410ac42,8f5f83da7c55e8c34a1ed4f5edebb52a900851fee291f6b040745a36665752bd,d04812a498535f8eaef9c9bf0960886190bb4ed5326d7ad247f949302122e814,0.97338276797150047,0.02661723202835916,82.394869719997601,0.3927842696321498,True,False,,,False,,observed_profile_hessian,34,1.91693081344,34,9.9999999999999995e-07,0,8b2cebeafb30bf7ba86fc76100ab4b22784f9d149d32e34547dec85028a72e97,0bb65531c7aa7e65b82fab5e215ff553ec8c7816a84857331aa6978ed7e86e88,"[{""attempt"": 0, ""tolerance"": 2e-07, ""free_valid"": true, ""free_nll"": 33.056464278139444, ""free_score"": 1.283417816466681e-13, ""sigma"": 5718.035355157881}]",1,33.056464278139444,1.283417816466681e-13,125787.60903548796,125747.27114627909,newton
calibration,stress,0.10000000000000001,44,19,8,13163.104312136211,1645.3880390170264,7586.4573029797966,1663.5847295078374,-3.3521869431959952,,,,13024,13024,12646,378,0,7e21c03a57ff4b54c7bd5dd08af77e55ba25b7ff389e159e8c57b8780260b948,88a25af7e5739ddee8ccbd5af7b5c200114ef131d85cccf0ebbb8454529fb6a2,5df790d4753a044b48e07569cbb7e9ead1e9163facf16885b511e7b3a08d9009,8f5f83da7c55e8c34a1ed4f5edebb52a900851fee291f6b040745a36665752bd,d04812a498535f8eaef9c9bf0960886190bb4ed5326d7ad247f949302122e814,0.97338276797150047,0.02661723202835916,82.394869719997601,0.3927842696321498,True,False,,,False,,observed_profile_hessian,34,1.91693081344,34,9.9999999999999995e-08,0,d40bc03a4b1c8ae13518d9da1db236b4dd7948944d074f401e15d6d4649c621b,1df7067d95e69bb601d466a4b9f5a783ebd16867b9ab88f29f59c906020d14bb,"[{""attempt"": 0, ""tolerance"": 2e-07, ""free_valid"": true, ""free_nll"": 17.5482739873987, ""free_score"": 9.949818746690653e-13, ""sigma"": 1663.5847295078374}]",1,17.548273987398701,9.9498187466906529e-13,12645.477927053293,12606.404492456581,newton
calibration,stress,1,44,19,8,45536.868099588333,5692.1085124485417,12778.805130993291,5719.5483871886927,-5.7273862814012286,,,,45217,45217,44053,1164,0,41d5d6236ad832a6743f4d3e010e33c211a037d85bdf42cb9fe9ffa1b36c31c1,8397eaa8e2aabc6d2cabe76832783f1a25c3037437868dc4941a67e613d166f0,3613d24a55d5494f7f80a87cefebe0bdb70947d4eee13d1b210ee051d571989b,8f5f83da7c55e8c34a1ed4f5edebb52a900851fee291f6b040745a36665752bd,d04812a498535f8eaef9c9bf0960886190bb4ed5326d7ad247f949302122e814,0.97338276797150047,0.02661723202835916,82.394869719997601,0.3927842696321498,True,False,,,False,,observed_profile_hessian,34,1.91693081344,34,9.9999999999999995e-07,0,08d47b5e362071a7586010c9411b88100de7f2cdade7b93014bd16d500263c9c,b163dadc929e3a18745dda0a710c453b4d2eeb29b92c97244cbe265ce0857352,"[{""attempt"": 0, ""tolerance"": 2e-07, ""free_valid"": true, ""free_nll"": 32.94299958574822, ""free_score"": 9.240679288424758e-08, ""sigma"": 5719.548387188693}]",1,32.942999585748218,9.2406792884247579e-08,125816.66151757837,125750.84531555296,newton
