cohort,source,exposure,mass_MeV,toy,z,A_expected,s0,Ahat,sigma_postfit,pull,q_true,profile_contains68,profile_contains95,actual_full,actual_support,actual_window,actual_training,actual_outside_support,background_hash,counts_hash,signal_hash,template_hash,mask_hash,window_fraction,training_fraction,kernel_const,kernel_ls,fit_valid,profile_valid,failure_reason,native_cls90,native_cls90_valid,native_cls90_failure,sigma_method,fit_bins,nominal_sigma_MeV,nuisance_rank,covariance_load,max_omitted_covariance_mode,gp_mean_hash,gp_covariance_factor_hash,attempts_json,attempt_count,free_nll,fit_score,min_lambda,min_background,fit_method
calibration,stress,0.10000000000000001,178,0,0,0,325.54529180311073,-79.387547569362468,318.90578062193919,-0.24893731124766255,,,,0,0,0,0,0,06d5b2b88bdee41eb8b6cdda0845fc700b9bca4985e2e39a4a516a4a991d8556,06d5b2b88bdee41eb8b6cdda0845fc700b9bca4985e2e39a4a516a4a991d8556,f440d6087e5a50c4aef861dbe0f0dd7752e43e8d6fb7b0a6393f704d359bba12,10e6620c3c865f4b2a6974810ae244d939d356efea6f49090fe3d444033911aa,e0bcc9067c39ec778ea8f9e4719f0f30fe198b91eca1c2b46107102782ae7e45,0.97580508276332323,0.024180429355294554,83.444353990418278,0.386918191618084,True,False,,,False,,observed_profile_hessian,138,7.6529937198400013,6,1e-08,5.5062335194907457e-09,8ee74c10de50cd9933634cb65ec4b3bf91eeded79bf317d70d8c2c94ecdc4de0,6fcee158166642158c6a45780a570bfd1b2ca57fe8f88b896e98148868d8e68d,"[{""attempt"": 0, ""tolerance"": 2e-07, ""free_valid"": true, ""free_nll"": 67.7173304851858, ""free_score"": 1.6098743171877317e-08, ""sigma"": 318.9057806219392}]",1,67.717330485185798,1.6098743171877317e-08,113.72308771196964,113.8077207693444,newton
calibration,stress,1,178,0,0,0,1071.7854858768533,-843.18649586856077,1052.812477123013,-0.80088953559204534,,,,0,0,0,0,0,239272673e298de64a92cc51b64494561362be270ca703a84631d27b7c5a14b2,239272673e298de64a92cc51b64494561362be270ca703a84631d27b7c5a14b2,f440d6087e5a50c4aef861dbe0f0dd7752e43e8d6fb7b0a6393f704d359bba12,10e6620c3c865f4b2a6974810ae244d939d356efea6f49090fe3d444033911aa,e0bcc9067c39ec778ea8f9e4719f0f30fe198b91eca1c2b46107102782ae7e45,0.97580508276332323,0.024180429355294554,83.444353990418278,0.386918191618084,True,False,,,False,,observed_profile_hessian,138,7.6529937198400013,73,9.9999999999999995e-08,9.8504246843833977e-09,5bf8affea04dea5d375b143282a1e0b1377b627701e0046517f3ddd2ea9b60f8,edf42cdbddefa150adb5af21f0cbda35e766857c492d58c3a32a351dc37605a6,"[{""attempt"": 0, ""tolerance"": 2e-07, ""free_valid"": true, ""free_nll"": 67.5799093959962, ""free_score"": 5.5779721952475825e-09, ""sigma"": 1052.812477123013}]",1,67.579909395996197,5.5779721952475825e-09,1135.2388797407266,1136.1377795463934,newton
calibration,stress,0.10000000000000001,178,0,1,325.54529180311073,325.54529180311073,244.34656614783125,320.43489937042455,-0.25340162951917822,,,,317,317,308,9,0,06d5b2b88bdee41eb8b6cdda0845fc700b9bca4985e2e39a4a516a4a991d8556,316c0096eba61b3204b64b5ce0fd59cd88d98754feaf10cb9b82653226bcfa20,cf911a7c2c1c2418a21949366a134d07755bfbecc84b68c62ce223c093fd1591,10e6620c3c865f4b2a6974810ae244d939d356efea6f49090fe3d444033911aa,e0bcc9067c39ec778ea8f9e4719f0f30fe198b91eca1c2b46107102782ae7e45,0.97580508276332323,0.024180429355294554,83.444353990418278,0.386918191618084,True,False,,,False,,observed_profile_hessian,138,7.6529937198400013,6,1e-08,5.5157849996361494e-09,f2619aa6bb817e9c4446dafab062c3a13205befc6f9fbcb8fca4de8ecfe90e77,3ec0306f98812bd102e76e59909073d9202aa655e106e30fca778a4c945c1d52,"[{""attempt"": 0, ""tolerance"": 2e-07, ""free_valid"": true, ""free_nll"": 67.25988484462707, ""free_score"": 8.17512724182734e-13, ""sigma"": 320.43489937042455}]",1,67.259884844627067,8.1751272418273402e-13,114.07076723695785,113.8102755403974,newton
calibration,stress,1,178,0,1,1071.7854858768533,1071.7854858768533,187.93067571852842,1054.46907538763,-0.83819889154493588,,,,1097,1097,1072,25,0,239272673e298de64a92cc51b64494561362be270ca703a84631d27b7c5a14b2,ee13121f325261cefe139ddb8d2a50123be5b752844a21b1c4b210e592bd0b79,114232d40e8bd39f612d396ec08e14e9f912453118cff18e5faffafffb86d0ee,10e6620c3c865f4b2a6974810ae244d939d356efea6f49090fe3d444033911aa,e0bcc9067c39ec778ea8f9e4719f0f30fe198b91eca1c2b46107102782ae7e45,0.97580508276332323,0.024180429355294554,83.444353990418278,0.386918191618084,True,False,,,False,,observed_profile_hessian,138,7.6529937198400013,72,9.9999999999999995e-08,9.939229178219786e-09,e52a8f7e7a86eeb02d1d7d7ded4d1329ca0559fc026f53bb781e7876fe52703e,1298cce2d7839a68ef695ccc136ed8097add7c5b933aa594ec45fc51a51e3f85,"[{""attempt"": 0, ""tolerance"": 2e-07, ""free_valid"": true, ""free_nll"": 67.82014628809928, ""free_score"": 1.199040866595169e-14, ""sigma"": 1054.46907538763}]",1,67.820146288099281,1.1990408665951691e-14,1136.817368588348,1136.6170204462585,newton
calibration,stress,0.10000000000000001,178,0,2,651.09058360622146,325.54529180311073,568.46143209356876,321.97898116421959,-0.25662902346569383,,,,667,667,649,18,0,06d5b2b88bdee41eb8b6cdda0845fc700b9bca4985e2e39a4a516a4a991d8556,a45724b47eba74ff43d1268b0851f5e0af0b64cadef431544a6a124c56fa80dc,be95facc1bfe7ea3b38fe7ebd6c7c366b8030f2fbf801ef3cefe34e5f0ff297d,10e6620c3c865f4b2a6974810ae244d939d356efea6f49090fe3d444033911aa,e0bcc9067c39ec778ea8f9e4719f0f30fe198b91eca1c2b46107102782ae7e45,0.97580508276332323,0.024180429355294554,83.444353990418278,0.386918191618084,True,False,,,False,,observed_profile_hessian,138,7.6529937198400013,6,1e-08,5.5171297431692474e-09,19f6e96c8ff52c4fcdd93b1dd7acc8ff3c92d8b763f6c56f12f63efc7bc9b9bc,7a737d5112c1ef3e978792f25d7f3fe9ae53157f12e5bf3be0a29108b4b4a185,"[{""attempt"": 0, ""tolerance"": 2e-07, ""free_valid"": true, ""free_nll"": 67.3950766778446, ""free_score"": 3.1188615579047507e-10, ""sigma"": 321.9789811642196}]",1,67.3950766778446,3.1188615579047507e-10,114.54028674723182,113.93426438641156,newton
calibration,stress,1,178,0,2,2143.5709717537065,1071.7854858768533,1270.0380048505058,1056.0931027168103,-0.82713632411387616,,,,2191,2191,2133,58,0,239272673e298de64a92cc51b64494561362be270ca703a84631d27b7c5a14b2,302cb6f401a7ca48ac5281c6783006ce1cde9eff6c770a293ad7c70dd450b7f0,3710a43218bfecc05257ef08f999956279daf97b7eea7ecbc7d3eacabd2b5eb5,10e6620c3c865f4b2a6974810ae244d939d356efea6f49090fe3d444033911aa,e0bcc9067c39ec778ea8f9e4719f0f30fe198b91eca1c2b46107102782ae7e45,0.97580508276332323,0.024180429355294554,83.444353990418278,0.386918191618084,True,False,,,False,,observed_profile_hessian,138,7.6529937198400013,72,9.9999999999999995e-08,9.9995104900276442e-09,18b05ccbb861b9b0e79045cd225bb34fac226a47065b3d44fd192ea522532e97,ea0cf6bfb8a30464ae5cf09ad5ffbb60cf53dd2f56e8c51ca7c96d145a098cc8,"[{""attempt"": 0, ""tolerance"": 2e-07, ""free_valid"": true, ""free_nll"": 66.65778140278796, ""free_score"": 9.181544413650045e-14, ""sigma"": 1056.0931027168103}]",1,66.657781402787961,9.1815444136500446e-14,1137.9504831377244,1136.5965277300616,newton
calibration,stress,0.10000000000000001,178,0,3,976.63587540933213,325.54529180311073,837.47902478701417,323.36517528075126,-0.4303396322795105,,,,1003,1003,971,32,0,06d5b2b88bdee41eb8b6cdda0845fc700b9bca4985e2e39a4a516a4a991d8556,03f3b9cbaf1d097f5df7f4f9e1251c1cfafa59fe84824d3634b9c899307f8edf,227b33a6bd1255254403c0d7f02ad05d0f27766d30c90b1a1c5591048110b414,10e6620c3c865f4b2a6974810ae244d939d356efea6f49090fe3d444033911aa,e0bcc9067c39ec778ea8f9e4719f0f30fe198b91eca1c2b46107102782ae7e45,0.97580508276332323,0.024180429355294554,83.444353990418278,0.386918191618084,True,False,,,False,,observed_profile_hessian,138,7.6529937198400013,6,1e-08,5.5116012078581433e-09,3cbd3424e73639ef14b748c0a7b8281243249acff7ef5304952952f06839bc1c,c8968283b1966d603ca559f851f67cb81d789c703169f98301603000001daedf,"[{""attempt"": 0, ""tolerance"": 2e-07, ""free_valid"": true, ""free_nll"": 65.06758720454938, ""free_score"": 4.892737909267808e-09, ""sigma"": 323.36517528075126}]",1,65.067587204549383,4.892737909267808e-09,115.11125106062568,114.2184358455816,newton
calibration,stress,1,178,0,3,3215.3564576305598,1071.7854858768533,2256.3305146295793,1057.6527053791117,-0.90674938769926494,,,,3286,3286,3194,92,0,239272673e298de64a92cc51b64494561362be270ca703a84631d27b7c5a14b2,5fdf9fb3628b6677142cf49ebb29603f291b5f1890d03807286ef2c64312f20f,c16c3bf831bbdd6438146cef52f42caaa436854bd29b1d807b1834b2b01c04b7,10e6620c3c865f4b2a6974810ae244d939d356efea6f49090fe3d444033911aa,e0bcc9067c39ec778ea8f9e4719f0f30fe198b91eca1c2b46107102782ae7e45,0.97580508276332323,0.024180429355294554,83.444353990418278,0.386918191618084,True,False,,,False,,observed_profile_hessian,138,7.6529937198400013,71,9.9999999999999995e-08,9.9816062063607491e-09,46ecdc6a5f1df48316e2b51cb5fbb5afd034eac19594471c00f185676d5297b6,8ece0b9634d8b08b1296ce40c57a45941ba6dc694eb92f988c0310f4189e97e6,"[{""attempt"": 0, ""tolerance"": 2e-07, ""free_valid"": true, ""free_nll"": 68.25650467698507, ""free_score"": 2.528088849373944e-12, ""sigma"": 1057.6527053791117}]",1,68.256504676985074,2.528088849373944e-12,1139.4881894035366,1137.0827724868063,newton
calibration,stress,0.10000000000000001,178,0,4,1302.1811672124429,325.54529180311073,1230.6074513269377,324.91773618231042,-0.22028257591129274,,,,1398,1398,1367,31,0,06d5b2b88bdee41eb8b6cdda0845fc700b9bca4985e2e39a4a516a4a991d8556,d7299a77730eff00f43167389d17d0c68a46be16fde565b7225385b62a4c30ff,a1b4039bd28abd84d6dfe62c9f96de4d91b3543351b34140cab470d3d5b56810,10e6620c3c865f4b2a6974810ae244d939d356efea6f49090fe3d444033911aa,e0bcc9067c39ec778ea8f9e4719f0f30fe198b91eca1c2b46107102782ae7e45,0.97580508276332323,0.024180429355294554,83.444353990418278,0.386918191618084,True,False,,,False,,observed_profile_hessian,138,7.6529937198400013,6,1e-08,5.5136859327469072e-09,62620fec73a2a01edbfdbdb6c99f9da73c7445e98c91d38fcbd4eb885c63d507,a2ea6552852c6ef158193f936ec975ecec5c2cbb9e0d66867e5ae93a1deeab24,"[{""attempt"": 0, ""tolerance"": 2e-07, ""free_valid"": true, ""free_nll"": 67.48292045817085, ""free_score"": 6.877297481500122e-08, ""sigma"": 324.9177361823104}]",1,67.482920458170852,6.877297481500122e-08,115.51964703390172,114.20772754246047,newton
calibration,stress,1,178,0,4,4287.1419435074131,1071.7854858768533,3385.2544788501659,1059.170290939393,-0.85150374059052436,,,,4391,4391,4293,98,0,239272673e298de64a92cc51b64494561362be270ca703a84631d27b7c5a14b2,df1d5be9766d54ec0d0036ab0006c616ce7570a268a8d2a2dc751b997e45214c,7b5a16233b7707951bf0a256d4e646770828c70f231f376a81242a2a221bc255,10e6620c3c865f4b2a6974810ae244d939d356efea6f49090fe3d444033911aa,e0bcc9067c39ec778ea8f9e4719f0f30fe198b91eca1c2b46107102782ae7e45,0.97580508276332323,0.024180429355294554,83.444353990418278,0.386918191618084,True,False,,,False,,observed_profile_hessian,138,7.6529937198400013,73,9.9999999999999995e-08,9.9316422795660078e-09,07b847f8bddd3081d7fe51d5ac412806005757395f2fea459e0888566f6d82bf,687238c6817f4a5e34873699e18dc1035da23ad8f25ad5fae3398a942c3481a5,"[{""attempt"": 0, ""tolerance"": 2e-07, ""free_valid"": true, ""free_nll"": 67.27488554611342, ""free_score"": 2.894706696565663e-11, ""sigma"": 1059.170290939393}]",1,67.274885546113424,2.8947066965656632e-11,1140.683874376768,1137.0749401634221,newton
calibration,stress,0.10000000000000001,178,0,5,1627.7264590155537,325.54529180311073,1499.2139182695341,326.01245681378583,-0.39419518506136192,,,,1608,1608,1570,38,0,06d5b2b88bdee41eb8b6cdda0845fc700b9bca4985e2e39a4a516a4a991d8556,0abdecfc49e7654b43f94b5ea2cb920dc660a2fc927722455eb24b7bd8eb08df,c19a12afd21fb9c0499a8bc67511234db2f07ece2051407f4e60d9eaf4ff9896,10e6620c3c865f4b2a6974810ae244d939d356efea6f49090fe3d444033911aa,e0bcc9067c39ec778ea8f9e4719f0f30fe198b91eca1c2b46107102782ae7e45,0.97580508276332323,0.024180429355294554,83.444353990418278,0.386918191618084,True,False,,,False,,observed_profile_hessian,138,7.6529937198400013,6,1e-08,5.5058188915543288e-09,97a74b94d32e18ec24e61cf0d988374e8c2662d63fda80a63252ff320d4da61c,38b23a6faababfc670a7f695daf2a8f1187b392843419ad5bdce64ad69ee1b44,"[{""attempt"": 0, ""tolerance"": 2e-07, ""free_valid"": true, ""free_nll"": 66.70324424485025, ""free_score"": 1.9394172280943686e-07, ""sigma"": 326.01245681378583}]",1,66.703244244850254,1.9394172280943686e-07,115.68638521063963,114.08811115574341,newton
calibration,stress,1,178,0,5,5358.9274293842664,1071.7854858768533,4147.1328539426286,1060.3295734867213,-1.1428470974895555,,,,5159,5159,5034,125,0,239272673e298de64a92cc51b64494561362be270ca703a84631d27b7c5a14b2,6b62fa950b9a801ae99f08baeef2f478574fca68af6bd761ab7a10dd775edb32,357ce49735c1e7722c36bc70757bb5f3580abc2f43f07ef07f8f7ae217bff340,10e6620c3c865f4b2a6974810ae244d939d356efea6f49090fe3d444033911aa,e0bcc9067c39ec778ea8f9e4719f0f30fe198b91eca1c2b46107102782ae7e45,0.97580508276332323,0.024180429355294554,83.444353990418278,0.386918191618084,True,False,,,False,,observed_profile_hessian,138,7.6529937198400013,73,9.9999999999999995e-08,9.9911379502065272e-09,608a27f5ac4ce5bae1865383e29e1f12c459cff991e4681e2eb2559bbd4665f8,ccefb02f0ac687cc8102a7908bfa401886e3f329c18561d32719ac0c3ae6aab7,"[{""attempt"": 0, ""tolerance"": 2e-07, ""free_valid"": true, ""free_nll"": 70.15843699113901, ""free_score"": 9.552930668732529e-11, ""sigma"": 1060.3295734867213}]",1,70.158436991139013,9.5529306687325288e-11,1141.4142380058693,1136.9930845187705,newton
calibration,stress,0.10000000000000001,178,0,6,1953.2717508186643,325.54529180311073,1784.1819118291444,327.47525605593631,-0.51634386373496721,,,,1948,1948,1909,39,0,06d5b2b88bdee41eb8b6cdda0845fc700b9bca4985e2e39a4a516a4a991d8556,1be7307f73b9832761c71cc81a38a3188df6f008537726bdb2c0faddda4bb07a,a56554d2a2447588e99677a3c3cc12a0819b168a87672f4211f362e9aae320b4,10e6620c3c865f4b2a6974810ae244d939d356efea6f49090fe3d444033911aa,e0bcc9067c39ec778ea8f9e4719f0f30fe198b91eca1c2b46107102782ae7e45,0.97580508276332323,0.024180429355294554,83.444353990418278,0.386918191618084,True,False,,,False,,observed_profile_hessian,138,7.6529937198400013,6,1e-08,5.5019219171904602e-09,da685524194e5ba4f41e0d987e15af21cf486962161b23ea6203b7f4fbe2e3dd,4fa7834a96618188f46abbb5b878942d46926944908c0c0c64e9047c4e5ea6e1,"[{""attempt"": 0, ""tolerance"": 2e-07, ""free_valid"": true, ""free_nll"": 64.8206962673424, ""free_score"": 2.581268532253489e-15, ""sigma"": 327.4752560559363}]",1,64.820696267342399,2.581268532253489e-15,116.27027952816694,114.36820829994413,newton
calibration,stress,1,178,0,6,6430.7129152611196,1071.7854858768533,5332.3482015921245,1062.258936423367,-1.0339896196752145,,,,6434,6434,6290,144,0,239272673e298de64a92cc51b64494561362be270ca703a84631d27b7c5a14b2,fcead63449336a49196a2dfc438170233457542b31332573da43f4355d7f8cc3,42d1f5af74be8ae3d91701783384d4b4488ec89c10d9974747179a12b8892cbb,10e6620c3c865f4b2a6974810ae244d939d356efea6f49090fe3d444033911aa,e0bcc9067c39ec778ea8f9e4719f0f30fe198b91eca1c2b46107102782ae7e45,0.97580508276332323,0.024180429355294554,83.444353990418278,0.386918191618084,True,False,,,False,,observed_profile_hessian,138,7.6529937198400013,73,9.9999999999999995e-08,9.9967289964407177e-09,92ca65dbe1bf3561df18895e213eb3f34e15e9a25e0a90b4ac05849de13e6a57,7fc2663b678087419c2bcb45d6aa358815f66cd788df6bcf321e1e58c680f4e5,"[{""attempt"": 0, ""tolerance"": 2e-07, ""free_valid"": true, ""free_nll"": 68.36160225581811, ""free_score"": 5.870205987967836e-10, ""sigma"": 1062.258936423367}]",1,68.361602255818113,5.8702059879678359e-10,1143.5486149544761,1137.8639333500562,newton
calibration,stress,0.10000000000000001,178,0,7,2278.8170426217753,325.54529180311073,2196.1414897599507,329.33401159843646,-0.25103861110656422,,,,2395,2395,2339,56,0,06d5b2b88bdee41eb8b6cdda0845fc700b9bca4985e2e39a4a516a4a991d8556,e9b49039aab2f48e27e70f23e1932d9d1645bdd2f324d51ec1122f0a5e29d27e,d0ae159f9dde991ab75acb4221390879f4852854353d51f91e676d6dd8257f64,10e6620c3c865f4b2a6974810ae244d939d356efea6f49090fe3d444033911aa,e0bcc9067c39ec778ea8f9e4719f0f30fe198b91eca1c2b46107102782ae7e45,0.97580508276332323,0.024180429355294554,83.444353990418278,0.386918191618084,True,False,,,False,,observed_profile_hessian,138,7.6529937198400013,6,1e-08,5.529247530804525e-09,c921f2683c4fea34e2677552f4f8102e22c73c80d2c4385e02057849ab105e4c,ede1d680073180f10bd9ca612d6fc0b3cf99207a0112d5a9bc34b50515198db7,"[{""attempt"": 0, ""tolerance"": 2e-07, ""free_valid"": true, ""free_nll"": 68.85353536103042, ""free_score"": 3.907985046680551e-14, ""sigma"": 329.33401159843646}]",1,68.853535361030424,3.907985046680551e-14,116.71139398212118,114.37014306309563,newton
calibration,stress,1,178,0,7,7502.4984011379729,1071.7854858768533,6388.5496840541227,1063.9340117560919,-1.0470092174656638,,,,7618,7618,7426,192,0,239272673e298de64a92cc51b64494561362be270ca703a84631d27b7c5a14b2,b8a96b82717e4f0fd610a685c89b007c8eba1a15fffb3d01cf62c9899b1ef3c0,dca19224334d49c66dc1d90d275c3da4014082125b6b7c9986d83ab9870078aa,10e6620c3c865f4b2a6974810ae244d939d356efea6f49090fe3d444033911aa,e0bcc9067c39ec778ea8f9e4719f0f30fe198b91eca1c2b46107102782ae7e45,0.97580508276332323,0.024180429355294554,83.444353990418278,0.386918191618084,True,False,,,False,,observed_profile_hessian,138,7.6529937198400013,72,9.9999999999999995e-08,9.9852276603386711e-09,51e7694afff7803ed70f8cba458e6c3f6b245e1a88bafd24ae7bb80503233b64,9d0d17eccab149267547b25806ec5d953b3ceed53649b454e2b560424c44f90f,"[{""attempt"": 0, ""tolerance"": 2e-07, ""free_valid"": true, ""free_nll"": 64.82829868788112, ""free_score"": 1.9033639664378654e-09, ""sigma"": 1063.9340117560919}]",1,64.828298687881116,1.9033639664378654e-09,1144.8404497169818,1138.0297784151671,newton
calibration,stress,0.10000000000000001,178,0,8,2604.3623344248858,325.54529180311073,2422.5206090604293,329.88964122378252,-0.55121987065093447,,,,2572,2572,2514,58,0,06d5b2b88bdee41eb8b6cdda0845fc700b9bca4985e2e39a4a516a4a991d8556,baa530d22e3ac0e6a7a849fb99e8416b5e45b092c2a2b7da3ff1cf683b0cd233,7da8f887af27c9b6f91a888333f5f15adf3fa3ecb7fdc683a1dd0800c462f5f0,10e6620c3c865f4b2a6974810ae244d939d356efea6f49090fe3d444033911aa,e0bcc9067c39ec778ea8f9e4719f0f30fe198b91eca1c2b46107102782ae7e45,0.97580508276332323,0.024180429355294554,83.444353990418278,0.386918191618084,True,False,,,False,,observed_profile_hessian,138,7.6529937198400013,6,1e-08,5.512849471918293e-09,60ba061bbf200e18fcbf9c16c57a88640efbb37e4efc487ecc30ea0d12e1b790,dd1953275543299f11bddc244c2a69b54996b4eaf0a228448bb34a7236955f01,"[{""attempt"": 0, ""tolerance"": 2e-07, ""free_valid"": true, ""free_nll"": 67.2498591743618, ""free_score"": 1.2982670494210424e-13, ""sigma"": 329.8896412237825}]",1,67.249859174361802,1.2982670494210424e-13,116.74192296209807,114.1593349873401,newton
calibration,stress,1,178,0,8,8574.2838870148262,1071.7854858768533,7414.0302384242386,1065.0819101940788,-1.0893562621668851,,,,8425,8425,8221,204,0,239272673e298de64a92cc51b64494561362be270ca703a84631d27b7c5a14b2,99bcbd1cfc21760fa678ae185de2a866cf081926e34d5c4a63753d79e1a303cc,b28232b854ce742cc063d80e209cdddcab360876db44ab943fd1370d7abf7a43,10e6620c3c865f4b2a6974810ae244d939d356efea6f49090fe3d444033911aa,e0bcc9067c39ec778ea8f9e4719f0f30fe198b91eca1c2b46107102782ae7e45,0.97580508276332323,0.024180429355294554,83.444353990418278,0.386918191618084,True,False,,,False,,observed_profile_hessian,138,7.6529937198400013,73,9.9999999999999995e-08,9.873317128654124e-09,30a564b27a51b2cd7bcca25e4ad94aed3814f4c458c8080534df63ac339e121f,559410304322c26c89f0695e89139ca8efccc22fafe14d15b7788f24db043608,"[{""attempt"": 0, ""tolerance"": 2e-07, ""free_valid"": true, ""free_nll"": 66.49269266913731, ""free_score"": 4.613410320430944e-09, ""sigma"": 1065.0819101940788}]",1,66.492692669137313,4.613410320430944e-09,1145.3081114679978,1137.404201273536,newton
calibration,stress,0.10000000000000001,178,1,0,0,325.54529180311073,-602.20370898804492,322.67355254769643,-1.8662939811251786,,,,0,0,0,0,0,138a75e30d564803c2b8137f0d01fe7926be4ff4395aa9ee0f1cda9c5917bc26,138a75e30d564803c2b8137f0d01fe7926be4ff4395aa9ee0f1cda9c5917bc26,f440d6087e5a50c4aef861dbe0f0dd7752e43e8d6fb7b0a6393f704d359bba12,10e6620c3c865f4b2a6974810ae244d939d356efea6f49090fe3d444033911aa,e0bcc9067c39ec778ea8f9e4719f0f30fe198b91eca1c2b46107102782ae7e45,0.97580508276332323,0.024180429355294554,83.444353990418278,0.386918191618084,True,False,,,False,,observed_profile_hessian,138,7.6529937198400013,6,1e-08,5.5450662678003856e-09,1f9530e5c314734d37384b6a52c0017f0fcd908f63268b4eb39c1f193ab23034,d9f02029527622371d496e65fcb0494e2168b63bb4146625ac79bd876571372e,"[{""attempt"": 0, ""tolerance"": 2e-07, ""free_valid"": true, ""free_nll"": 63.0388133057325, ""free_score"": 8.875851442713412e-10, ""sigma"": 322.67355254769643}]",1,63.038813305732504,8.8758514427134116e-10,116.12974695930568,116.7717411084454,newton
calibration,stress,1,178,1,0,0,1071.7854858768533,-1758.8990365410693,1057.5039595899841,-1.6632552725599536,,,,0,0,0,0,0,7e13302571e52f1e53b68aef559ecec1acc6fea346b225e0b2f6cf49a2f33cac,7e13302571e52f1e53b68aef559ecec1acc6fea346b225e0b2f6cf49a2f33cac,f440d6087e5a50c4aef861dbe0f0dd7752e43e8d6fb7b0a6393f704d359bba12,10e6620c3c865f4b2a6974810ae244d939d356efea6f49090fe3d444033911aa,e0bcc9067c39ec778ea8f9e4719f0f30fe198b91eca1c2b46107102782ae7e45,0.97580508276332323,0.024180429355294554,83.444353990418278,0.386918191618084,True,False,,,False,,observed_profile_hessian,138,7.6529937198400013,73,9.9999999999999995e-08,9.9940432017924083e-09,a29d9dd3e22bdf8a5ff7b5a6560c12930d745470a5b2417247ef42ce28ca44e2,7feeb38cdbcbda4bf87bc457e40cc4dd3cca466cc12aae0c1584eb4618ae7c27,"[{""attempt"": 0, ""tolerance"": 2e-07, ""free_valid"": true, ""free_nll"": 53.86201828622644, ""free_score"": 7.327471962526033e-15, ""sigma"": 1057.503959589984}]",1,53.862018286226437,7.3274719625260332e-15,1145.4939742335446,1147.3690920276285,newton
calibration,stress,0.10000000000000001,178,1,1,325.54529180311073,325.54529180311073,-329.55664733760898,324.03740447776551,-2.0216861698312698,,,,303,303,294,9,0,138a75e30d564803c2b8137f0d01fe7926be4ff4395aa9ee0f1cda9c5917bc26,cf3f3462875a79ed9e26ec0f0a19098a0e7d90ede79e71fe659c5834a97fa165,178a54abecb1b298fd40ebda85e058c69f1a3e25da6468662069554792b1717b,10e6620c3c865f4b2a6974810ae244d939d356efea6f49090fe3d444033911aa,e0bcc9067c39ec778ea8f9e4719f0f30fe198b91eca1c2b46107102782ae7e45,0.97580508276332323,0.024180429355294554,83.444353990418278,0.386918191618084,True,False,,,False,,observed_profile_hessian,138,7.6529937198400013,6,1e-08,5.5598712285817273e-09,4cf88a52e74f9215d3e0a0589dfa98e1d004a368193d1b677cfb0b542187feb7,9c58b2cc6b40b5ced24a2d2ca646b048fd71edbee8c6adfbbc7ce6518e7cb173,"[{""attempt"": 0, ""tolerance"": 2e-07, ""free_valid"": true, ""free_nll"": 64.64733680357205, ""free_score"": 1.791097825609711e-11, ""sigma"": 324.0374044777655}]",1,64.647336803572045,1.791097825609711e-11,116.59663534403055,116.94796735385223,newton
calibration,stress,1,178,1,1,1071.7854858768533,1071.7854858768533,-802.79728785059353,1059.0560044754375,-1.7700506543617105,,,,1026,1026,995,31,0,7e13302571e52f1e53b68aef559ecec1acc6fea346b225e0b2f6cf49a2f33cac,e613cea202b70abcb12f3446e715f8f4c7588b55776ba5b562de921bdfb7ae62,c10b747708e3dd11ea255f9075b23d73b0af4347c9c8d4e57b562964160846b2,10e6620c3c865f4b2a6974810ae244d939d356efea6f49090fe3d444033911aa,e0bcc9067c39ec778ea8f9e4719f0f30fe198b91eca1c2b46107102782ae7e45,0.97580508276332323,0.024180429355294554,83.444353990418278,0.386918191618084,True,False,,,False,,observed_profile_hessian,138,7.6529937198400013,73,9.9999999999999995e-08,9.9250277618163438e-09,100b3944632ecb185552db970577703b94034abcfd8d2e4aa85b2c48d6061c33,7f3ab599fa4f726e1b3ab30af9dd66a31ed03aaac30fc83981110f53d040a6b6,"[{""attempt"": 0, ""tolerance"": 2e-07, ""free_valid"": true, ""free_nll"": 54.234811771433264, ""free_score"": 3.720901586845571e-09, ""sigma"": 1059.0560044754375}]",1,54.234811771433264,3.7209015868455708e-09,1146.9983282383082,1147.8541701304337,newton
calibration,stress,0.10000000000000001,178,1,2,651.09058360622146,325.54529180311073,51.240370241568591,325.76327688948152,-1.8413684289164309,,,,665,665,644,21,0,138a75e30d564803c2b8137f0d01fe7926be4ff4395aa9ee0f1cda9c5917bc26,e33db37a020e60c8c395744dcd76cb70ef51708d18bdbb267ac4ebf93d0ae06e,48c10ac9aee6fe8436ef4a2203f67a267536d06e82bdb29334f26b238fd15270,10e6620c3c865f4b2a6974810ae244d939d356efea6f49090fe3d444033911aa,e0bcc9067c39ec778ea8f9e4719f0f30fe198b91eca1c2b46107102782ae7e45,0.97580508276332323,0.024180429355294554,83.444353990418278,0.386918191618084,True,False,,,False,,observed_profile_hessian,138,7.6529937198400013,6,1e-08,5.5627562149536544e-09,f58cedbe006a82530de6e9249ec706a20741469af16e6d29c3f0202e88545330,2a3950fefa9d8fe5a25712237266b5a243f6ea3c1ba3acf42e5883a560a0ff56,"[{""attempt"": 0, ""tolerance"": 2e-07, ""free_valid"": true, ""free_nll"": 61.15357791625619, ""free_score"": 2.9976021664879227e-15, ""sigma"": 325.7632768894815}]",1,61.153577916256189,2.9976021664879227e-15,116.98561959065134,116.93099352740421,newton
calibration,stress,1,178,1,2,2143.5709717537065,1071.7854858768533,332.02236072825701,1060.6935059166644,-1.7078907346188446,,,,2136,2136,2082,54,0,7e13302571e52f1e53b68aef559ecec1acc6fea346b225e0b2f6cf49a2f33cac,1f03ef4577734a9d714306a1911cd465a1d093dfc71243d565e02d0b40f4be7a,298b52d8d36f8a2e375d2b54843c90d927ca9f10fe6d97d2dc045d10e7800246,10e6620c3c865f4b2a6974810ae244d939d356efea6f49090fe3d444033911aa,e0bcc9067c39ec778ea8f9e4719f0f30fe198b91eca1c2b46107102782ae7e45,0.97580508276332323,0.024180429355294554,83.444353990418278,0.386918191618084,True,False,,,False,,observed_profile_hessian,138,7.6529937198400013,73,9.9999999999999995e-08,9.9624305608153212e-09,cd325a9e772d11cabde53bfe64be317e810861bb995309c31460b22fbff77141,209a5775dff97f9062a42dbcd1bf0d256804d3363cdf84449fc798666d908f86,"[{""attempt"": 0, ""tolerance"": 2e-07, ""free_valid"": true, ""free_nll"": 53.659139148794694, ""free_score"": 8.992806499463768e-15, ""sigma"": 1060.6935059166644}]",1,53.659139148794694,8.992806499463768e-15,1148.2987087760287,1147.9447481314996,newton
calibration,stress,0.10000000000000001,178,1,3,976.63587540933213,325.54529180311073,266.27250992745292,327.04466961587798,-2.1720683181175784,,,,946,945,918,27,1,138a75e30d564803c2b8137f0d01fe7926be4ff4395aa9ee0f1cda9c5917bc26,04e5c3f2e3222d60e84bc31f0399690ef9ade4d4f7b7160bf169a36f149ffe68,b169901b9bffddfd77f95f08e6b609c5bde5026ea44c7d47e15afd77a3300f74,10e6620c3c865f4b2a6974810ae244d939d356efea6f49090fe3d444033911aa,e0bcc9067c39ec778ea8f9e4719f0f30fe198b91eca1c2b46107102782ae7e45,0.97580508276332323,0.024180429355294554,83.444353990418278,0.386918191618084,True,False,,,False,,observed_profile_hessian,138,7.6529937198400013,6,1e-08,5.5498609317957867e-09,7eb7d3532ecdc53e7f66495d7debc7c12f9e5f5168cfab9a6e11071150502d4c,c5bf4bab73305082d9045cdfcc416ec761eba9c66281ccd5737e98b880094276,"[{""attempt"": 0, ""tolerance"": 2e-07, ""free_valid"": true, ""free_nll"": 64.36437603553983, ""free_score"": 6.106226635438361e-15, ""sigma"": 327.044669615878}]",1,64.364376035539834,6.106226635438361e-15,117.50242522117435,117.21855883028573,newton
calibration,stress,1,178,1,3,3215.3564576305598,1071.7854858768533,1262.7853646089495,1062.1697664786718,-1.8382853237244892,,,,3156,3155,3074,81,1,7e13302571e52f1e53b68aef559ecec1acc6fea346b225e0b2f6cf49a2f33cac,8a9f8c839e58d64510a550f4cd75348697dd5d204de35575bb4f24794486986b,ca6acb7a88c1d8298c0da22637153302aae96c51269e3b6347829e68a23d5705,10e6620c3c865f4b2a6974810ae244d939d356efea6f49090fe3d444033911aa,e0bcc9067c39ec778ea8f9e4719f0f30fe198b91eca1c2b46107102782ae7e45,0.97580508276332323,0.024180429355294554,83.444353990418278,0.386918191618084,True,False,,,False,,observed_profile_hessian,138,7.6529937198400013,73,9.9999999999999995e-08,9.9743087106663133e-09,fd4fadc2051286a5114ee026d0a0641dcff7e2231bd8fbed275b86e3e7f4199b,c4364dff1ff6c5ff541a8cae189604670fb0c306bdbe6a733cb5c65c72969731,"[{""attempt"": 0, ""tolerance"": 2e-07, ""free_valid"": true, ""free_nll"": 54.08597571515572, ""free_score"": 5.795364188543317e-14, ""sigma"": 1062.1697664786718}]",1,54.085975715155719,5.7953641885433171e-14,1149.5093982740916,1148.1631747228278,newton
calibration,stress,0.10000000000000001,178,1,4,1302.1811672124429,325.54529180311073,650.88488846352743,328.57067857875376,-1.9822105903245075,,,,1337,1337,1307,30,0,138a75e30d564803c2b8137f0d01fe7926be4ff4395aa9ee0f1cda9c5917bc26,e60178d82710c8c6fc28e72cce4fb1502ff83cdfcbf74fc594c41b2c04325984,4bae1df471472f5be0eb180f89e627737f41a586253b107d34c1bf5653c745d3,10e6620c3c865f4b2a6974810ae244d939d356efea6f49090fe3d444033911aa,e0bcc9067c39ec778ea8f9e4719f0f30fe198b91eca1c2b46107102782ae7e45,0.97580508276332323,0.024180429355294554,83.444353990418278,0.386918191618084,True,False,,,False,,observed_profile_hessian,138,7.6529937198400013,6,1e-08,5.5529918777486968e-09,f43c84e92685774b4745a472a7702ad95f9119b690d152f4e90b88fafab5ce0b,434e51e24388bdc41c625b81d1fbfc8ee4b5f4f275e45316e822739392482949,"[{""attempt"": 0, ""tolerance"": 2e-07, ""free_valid"": true, ""free_nll"": 67.41956463329106, ""free_score"": 5.068834241228615e-11, ""sigma"": 328.57067857875376}]",1,67.41956463329106,5.0688342412286147e-11,117.83526469186278,117.14137276804978,newton
calibration,stress,1,178,1,4,4287.1419435074131,1071.7854858768533,2470.5236630776158,1063.9293656252157,-1.7074613589242043,,,,4364,4364,4270,94,0,7e13302571e52f1e53b68aef559ecec1acc6fea346b225e0b2f6cf49a2f33cac,19e5f46a0cf4d44288ccb162264cbd7f9138ed0733bed327e0abc9dde38c9c17,e9c2c1d26e6c73d21ed970a03885d0ae1710c50abf56465f0fb079095ba0c2cf,10e6620c3c865f4b2a6974810ae244d939d356efea6f49090fe3d444033911aa,e0bcc9067c39ec778ea8f9e4719f0f30fe198b91eca1c2b46107102782ae7e45,0.97580508276332323,0.024180429355294554,83.444353990418278,0.386918191618084,True,False,,,False,,observed_profile_hessian,138,7.6529937198400013,74,9.9999999999999995e-08,9.883498481421004e-09,5632862e599371ec23f3d8dc2d5275935c8600d1a4e652e6aa05aa963b74203c,b87cc06def71eb5bf6da737c9fa377afbd9f97987834a6f09756858f8c8780da,"[{""attempt"": 0, ""tolerance"": 2e-07, ""free_valid"": true, ""free_nll"": 54.244600048205406, ""free_score"": 2.6440516442960416e-12, ""sigma"": 1063.9293656252157}]",1,54.244600048205406,2.6440516442960416e-12,1150.9310594921806,1148.2972966751558,newton
calibration,stress,0.10000000000000001,178,1,5,1627.7264590155537,325.54529180311073,932.17737786310624,329.58949570610855,-2.1103496628808256,,,,1576,1576,1542,34,0,138a75e30d564803c2b8137f0d01fe7926be4ff4395aa9ee0f1cda9c5917bc26,7293bf967ac89422b62d29cdc3f4aaaa4cd4eb2b9c6a3b0741b1da836313a6a1,b18df0c36b753747d6e5aef53e10b4fe4d603b02968d59020d65ded76c3a0190,10e6620c3c865f4b2a6974810ae244d939d356efea6f49090fe3d444033911aa,e0bcc9067c39ec778ea8f9e4719f0f30fe198b91eca1c2b46107102782ae7e45,0.97580508276332323,0.024180429355294554,83.444353990418278,0.386918191618084,True,False,,,False,,observed_profile_hessian,138,7.6529937198400013,6,1e-08,5.5361639748467669e-09,e3cf291f11512d85662bc3f7c001edc94f7ede68c20f8c0bf44194ca2de34922,ab2287031b341fa39b3c1d90164d3b80ea723629ee376c315ec444028a9a6c6e,"[{""attempt"": 0, ""tolerance"": 2e-07, ""free_valid"": true, ""free_nll"": 70.44976292749324, ""free_score"": 1.2591584996890504e-09, ""sigma"": 329.58949570610855}]",1,70.449762927493239,1.2591584996890504e-09,118.01948179092462,117.02571105584535,newton
calibration,stress,1,178,1,5,5358.9274293842664,1071.7854858768533,3441.3625787177962,1065.3128277591525,-1.8000016527539611,,,,5340,5340,5210,130,0,7e13302571e52f1e53b68aef559ecec1acc6fea346b225e0b2f6cf49a2f33cac,75e7b1c5e27355883eafa1851081e35357d2d5fa0ce7a23447dbb6049b9d064d,613bcbb1344ce1bfd341f41a13c1b9ad94431a365510f196850cb9b998a385b3,10e6620c3c865f4b2a6974810ae244d939d356efea6f49090fe3d444033911aa,e0bcc9067c39ec778ea8f9e4719f0f30fe198b91eca1c2b46107102782ae7e45,0.97580508276332323,0.024180429355294554,83.444353990418278,0.386918191618084,True,False,,,False,,observed_profile_hessian,138,7.6529937198400013,74,9.9999999999999995e-08,9.8100636520129484e-09,e543ca35cd1cd0d83daf95d1926437873e992da4c18b4274c139052db895dbf7,d69768f42507add7d1af096bfe12d687e3a4b41c505c7fa607705586acd51f2a,"[{""attempt"": 0, ""tolerance"": 2e-07, ""free_valid"": true, ""free_nll"": 53.98331882587352, ""free_score"": 2.075684069069439e-11, ""sigma"": 1065.3128277591525}]",1,53.983318825873518,2.0756840690694389e-11,1151.967825042045,1148.2990754019643,newton
calibration,stress,0.10000000000000001,178,1,6,1953.2717508186643,325.54529180311073,1233.2150316297345,331.22038111110879,-2.173950518302751,,,,1913,1913,1870,43,0,138a75e30d564803c2b8137f0d01fe7926be4ff4395aa9ee0f1cda9c5917bc26,f9cb30470d150e2e6c0d488b94684eef8cb23abd384afc178adf4ed23b1e462f,a11f08fb2cff066b36cbadd825a7978e5bad8e0894a22650b018ec85a0acf204,10e6620c3c865f4b2a6974810ae244d939d356efea6f49090fe3d444033911aa,e0bcc9067c39ec778ea8f9e4719f0f30fe198b91eca1c2b46107102782ae7e45,0.97580508276332323,0.024180429355294554,83.444353990418278,0.386918191618084,True,False,,,False,,observed_profile_hessian,138,7.6529937198400013,6,1e-08,5.5683444531761821e-09,10515ddff24a575d3e76b8da63383baf0ea7cd9664608105596104a6c37a3cb8,97466b2dbd3cb67142470a10a21b83012a2e7c7bf6f5aa259347c19245229bae,"[{""attempt"": 0, ""tolerance"": 2e-07, ""free_valid"": true, ""free_nll"": 58.67892307173748, ""free_score"": 1.403588090198582e-08, ""sigma"": 331.2203811111088}]",1,58.678923071737479,1.403588090198582e-08,118.55789034486443,117.24319097798764,newton
calibration,stress,1,178,1,6,6430.7129152611196,1071.7854858768533,4382.986937426439,1066.9678977040846,-1.9192011139613516,,,,6463,6463,6303,160,0,7e13302571e52f1e53b68aef559ecec1acc6fea346b225e0b2f6cf49a2f33cac,469caf0ac78726ed6788d237b778104e054714f242dd7983199aebd2ca8d19f5,e74c1b5b247b5f420d9a8ed74b6b15ef0e08baaf8fc0a8e2afcfcd5f70ab3083,10e6620c3c865f4b2a6974810ae244d939d356efea6f49090fe3d444033911aa,e0bcc9067c39ec778ea8f9e4719f0f30fe198b91eca1c2b46107102782ae7e45,0.97580508276332323,0.024180429355294554,83.444353990418278,0.386918191618084,True,False,,,False,,observed_profile_hessian,138,7.6529937198400013,73,9.9999999999999995e-08,9.9480514266400852e-09,ab17fea4e1ff71ede164d4da38630ffa8f36476e60abc2d83d5ce8d8d898e2ba,ab0632c84f21c5bd5dc4dfc7ac5643693ffbc593b8f082a340c00a0092c2be1e,"[{""attempt"": 0, ""tolerance"": 2e-07, ""free_valid"": true, ""free_nll"": 54.639471848787274, ""free_score"": 1.1497475194133244e-10, ""sigma"": 1066.9678977040846}]",1,54.639471848787274,1.1497475194133244e-10,1153.8720766581221,1149.1994850955227,newton
calibration,stress,0.10000000000000001,178,1,7,2278.8170426217753,325.54529180311073,1565.019241951099,332.73042049258316,-2.145273641087432,,,,2266,2266,2209,57,0,138a75e30d564803c2b8137f0d01fe7926be4ff4395aa9ee0f1cda9c5917bc26,fbd05b0edd963db2d1a12dde8a5816fcdf24340fafc6d18c88fd153ccb92db59,cf8fb428fee087ca6a2a0332e3c4c2a0a4b8427c0ce859af30df6a0150f03f06,10e6620c3c865f4b2a6974810ae244d939d356efea6f49090fe3d444033911aa,e0bcc9067c39ec778ea8f9e4719f0f30fe198b91eca1c2b46107102782ae7e45,0.97580508276332323,0.024180429355294554,83.444353990418278,0.386918191618084,True,False,,,False,,observed_profile_hessian,138,7.6529937198400013,6,1e-08,5.5610011867023426e-09,09ee65cdc376ad4b3c275aa35bf04a46d93e29c611b7ed4d14b8493484cf64de,fb6153bfedc19b2fe10bdc5180a526f2d9cdb4ae985b58be0f9eadb243acb2cc,"[{""attempt"": 0, ""tolerance"": 2e-07, ""free_valid"": true, ""free_nll"": 59.727427385549724, ""free_score"": 9.616284840641143e-08, ""sigma"": 332.73042049258316}]",1,59.727427385549724,9.6162848406411428e-08,118.87876182821,117.21033438143779,newton
calibration,stress,1,178,1,7,7502.4984011379729,1071.7854858768533,5444.8470290574869,1068.5450525986719,-1.9256571045613238,,,,7464,7464,7274,190,0,7e13302571e52f1e53b68aef559ecec1acc6fea346b225e0b2f6cf49a2f33cac,ff9a101136ea46016b2d8a9cf9aad4b0d518a006cbd0b4111c81ae32597e889d,ddeeae8d0883efa1992bd9c3b2096ec5e2b710c5250748878ba2e642b7c142af,10e6620c3c865f4b2a6974810ae244d939d356efea6f49090fe3d444033911aa,e0bcc9067c39ec778ea8f9e4719f0f30fe198b91eca1c2b46107102782ae7e45,0.97580508276332323,0.024180429355294554,83.444353990418278,0.386918191618084,True,False,,,False,,observed_profile_hessian,138,7.6529937198400013,74,9.9999999999999995e-08,9.9410252372469711e-09,d0309a99153753fd5fd4690c7b8e939252e368d6e44aaf0dc963e2a8b2d0976a,bcbc79972716ee8e0d2f32b8c0e412c01b7c11cd926fc27686cc594273a83a2b,"[{""attempt"": 0, ""tolerance"": 2e-07, ""free_valid"": true, ""free_nll"": 51.385026435638785, ""free_score"": 4.789416085948517e-10, ""sigma"": 1068.5450525986719}]",1,51.385026435638785,4.7894160859485169e-10,1154.7474105752324,1148.9427968150653,newton
calibration,stress,0.10000000000000001,178,1,8,2604.3623344248858,325.54529180311073,1801.0476324060839,334.01469187676122,-2.4050280468357199,,,,2540,2540,2469,71,0,138a75e30d564803c2b8137f0d01fe7926be4ff4395aa9ee0f1cda9c5917bc26,32452b125702bfb766d3769a532142510a1d3940bb9c0a9d8146e36d72037f2e,dd028b3549bffc5b677e10920fc1c1ac1f03714e5276d1577140ca367a44891a,10e6620c3c865f4b2a6974810ae244d939d356efea6f49090fe3d444033911aa,e0bcc9067c39ec778ea8f9e4719f0f30fe198b91eca1c2b46107102782ae7e45,0.97580508276332323,0.024180429355294554,83.444353990418278,0.386918191618084,True,False,,,False,,observed_profile_hessian,138,7.6529937198400013,6,1e-08,5.5588472316083054e-09,e106a602eb7611b4c19cdaac0943c6db72599ffa468a6da015c07ed8154519e8,ad3ab5404c60746719d415ee7c58ac4f60d7825b09eaf04cc49845a16412d277,"[{""attempt"": 0, ""tolerance"": 2e-07, ""free_valid"": true, ""free_nll"": 63.70335922381214, ""free_score"": 2.7755575615628914e-15, ""sigma"": 334.0146918767612}]",1,63.703359223812143,2.7755575615628914e-15,119.6476324345121,117.72758108798412,newton
calibration,stress,1,178,1,8,8574.2838870148262,1071.7854858768533,6313.0446187950947,1070.1600154657081,-2.1129917353861276,,,,8486,8486,8239,247,0,7e13302571e52f1e53b68aef559ecec1acc6fea346b225e0b2f6cf49a2f33cac,170c0fbd70441ceb236d7902c1ad043171300bb983421b9e07bdfa91d77d39a2,4271f40eed5f0c85801b2449c78abaf34143a424961f09499aeb148072015837,10e6620c3c865f4b2a6974810ae244d939d356efea6f49090fe3d444033911aa,e0bcc9067c39ec778ea8f9e4719f0f30fe198b91eca1c2b46107102782ae7e45,0.97580508276332323,0.024180429355294554,83.444353990418278,0.386918191618084,True,False,,,False,,observed_profile_hessian,138,7.6529937198400013,74,9.9999999999999995e-08,9.9112082297492682e-09,0d6bc97474e0bdbc393c282151af9a97dfd5e582f8199b46bc89cba60758d8b1,33ade4eeadc85c11ac390b855dd864f8925dce1514fec8063530ca82d0c92342,"[{""attempt"": 0, ""tolerance"": 2e-07, ""free_valid"": true, ""free_nll"": 54.61569733186937, ""free_score"": 1.1852524794964125e-09, ""sigma"": 1070.160015465708}]",1,54.61569733186937,1.1852524794964125e-09,1156.7238536984205,1149.9936764377471,newton
calibration,stress,0.10000000000000001,178,2,0,0,325.54529180311073,-1008.276738230948,327.27207428608716,-3.0808517360682472,,,,0,0,0,0,0,d68c8ebe472af9cf032699156e16a9a4709bdee22d841e8db62cc72463832dda,d68c8ebe472af9cf032699156e16a9a4709bdee22d841e8db62cc72463832dda,f440d6087e5a50c4aef861dbe0f0dd7752e43e8d6fb7b0a6393f704d359bba12,10e6620c3c865f4b2a6974810ae244d939d356efea6f49090fe3d444033911aa,e0bcc9067c39ec778ea8f9e4719f0f30fe198b91eca1c2b46107102782ae7e45,0.97580508276332323,0.024180429355294554,83.444353990418278,0.386918191618084,True,False,,,False,,observed_profile_hessian,138,7.6529937198400013,6,1e-08,5.8823189912349238e-09,3c2736ecd74b3d0e833fdd6a99f6513ccd6a2eb09a19ffc63d4ec5a4e2c7725c,b3ff494a13a1f6085474dbc1753861ecb4137dde8200b19ff0bde876089cfe7e,"[{""attempt"": 0, ""tolerance"": 2e-07, ""free_valid"": true, ""free_nll"": 69.31856305071277, ""free_score"": 4.534391928601167e-08, ""sigma"": 327.27207428608716}]",1,69.318563050712768,4.5343919286011669e-08,114.56699825537726,115.64189659458823,newton
calibration,stress,1,178,2,0,0,1071.7854858768533,-125.95528787150624,1059.2889122328404,-0.11890550955169465,,,,0,0,0,0,0,c458426ed1eeddef4f889c30e67af03939e96c66cfbf464103e6eee80cd763e0,c458426ed1eeddef4f889c30e67af03939e96c66cfbf464103e6eee80cd763e0,f440d6087e5a50c4aef861dbe0f0dd7752e43e8d6fb7b0a6393f704d359bba12,10e6620c3c865f4b2a6974810ae244d939d356efea6f49090fe3d444033911aa,e0bcc9067c39ec778ea8f9e4719f0f30fe198b91eca1c2b46107102782ae7e45,0.97580508276332323,0.024180429355294554,83.444353990418278,0.386918191618084,True,False,,,False,,observed_profile_hessian,138,7.6529937198400013,75,9.9999999999999995e-08,9.8458664493656854e-09,05292c3968ed974fa0bb61bb9b8dd3b122926aa743a8a3aa0d6f2da52886574a,c43bff1f825f6c5c0c51c54b510504be057c8e183b4d2dfd3f154bd3305acdb0,"[{""attempt"": 0, ""tolerance"": 2e-07, ""free_valid"": true, ""free_nll"": 77.0939225200749, ""free_score"": 5.377130102290906e-08, ""sigma"": 1059.2889122328404}]",1,77.093922520074898,5.3771301022909057e-08,1134.7727672423978,1134.9070449903754,newton
calibration,stress,0.10000000000000001,178,2,1,325.54529180311073,325.54529180311073,-676.84536020838493,328.83338848965991,-3.0483238232452652,,,,347,347,342,5,0,d68c8ebe472af9cf032699156e16a9a4709bdee22d841e8db62cc72463832dda,c8abfebd9db485d232454dac63363b0127f5a881e6c554e5102a9d872f7a84bb,c3a14fc2d305b3b482c2e970f951d471101236ca57397c454f231e1ab1270b6e,10e6620c3c865f4b2a6974810ae244d939d356efea6f49090fe3d444033911aa,e0bcc9067c39ec778ea8f9e4719f0f30fe198b91eca1c2b46107102782ae7e45,0.97580508276332323,0.024180429355294554,83.444353990418278,0.386918191618084,True,False,,,False,,observed_profile_hessian,138,7.6529937198400013,6,1e-08,5.8850605964235967e-09,5b33de7f411d16601178d604522cb67c8aea94e7a9204a37cdfb3442be70d329,2e78138c171ed810d8b72fbc33ff186526f913f669192d95666c420f7fc82687,"[{""attempt"": 0, ""tolerance"": 2e-07, ""free_valid"": true, ""free_nll"": 67.78876714092031, ""free_score"": 2.3436333429494027e-09, ""sigma"": 328.8333884896599}]",1,67.788767140920314,2.3436333429494027e-09,115.04072619113734,115.76229391754065,newton
calibration,stress,1,178,2,1,1071.7854858768533,1071.7854858768533,992.78635483015091,1060.8292577711209,-0.074469223457020089,,,,1084,1084,1065,19,0,c458426ed1eeddef4f889c30e67af03939e96c66cfbf464103e6eee80cd763e0,1aa8dc10f63cb4da22f4420b8a77b21882cac2197bf19c07bfa8d783fb0955e8,1b56ebb9bcd9f54f47363b5137d0a8ff8e337d2f29aeb8df911e6ec4f13d6e9d,10e6620c3c865f4b2a6974810ae244d939d356efea6f49090fe3d444033911aa,e0bcc9067c39ec778ea8f9e4719f0f30fe198b91eca1c2b46107102782ae7e45,0.97580508276332323,0.024180429355294554,83.444353990418278,0.386918191618084,True,False,,,False,,observed_profile_hessian,138,7.6529937198400013,74,9.9999999999999995e-08,9.8845554336525737e-09,7ed8606afba55b0cae75b22cb8f33cced3fa886810130f6c5657d0856aa8dd53,55495de37d03c06a0a4e2002fc001c4db014acf954103af6f12ac5b5ad9c1b81,"[{""attempt"": 0, ""tolerance"": 2e-07, ""free_valid"": true, ""free_nll"": 76.29590622083649, ""free_score"": 1.0844659287245761e-07, ""sigma"": 1060.8292577711209}]",1,76.295906220836486,1.0844659287245761e-07,1136.0709185466087,1135.012534113511,newton
calibration,stress,0.10000000000000001,178,2,2,651.09058360622146,325.54529180311073,-396.16453337107578,330.32268952220244,-3.1704001880467456,,,,610,610,590,20,0,d68c8ebe472af9cf032699156e16a9a4709bdee22d841e8db62cc72463832dda,c9ab4ded4fe81971fedb0236936fbaea1c5c02b03af40376d951e7de6b26f8c4,18e81a82bb9801d801ac987943f59287c5e18be86976de3e13b85c695ffccaba,10e6620c3c865f4b2a6974810ae244d939d356efea6f49090fe3d444033911aa,e0bcc9067c39ec778ea8f9e4719f0f30fe198b91eca1c2b46107102782ae7e45,0.97580508276332323,0.024180429355294554,83.444353990418278,0.386918191618084,True,False,,,False,,observed_profile_hessian,138,7.6529937198400013,6,1e-08,5.8937452497647742e-09,76f08d9116a618254e9b29c1726d19e4804f33688b49a02ee0e55e9b3aa18159,706162cc662a5b1aa2c62154d39b1739baea876c9cc0faf75a160af833e7732f,"[{""attempt"": 0, ""tolerance"": 2e-07, ""free_valid"": true, ""free_nll"": 67.21707275870065, ""free_score"": 1.7735757307235644e-10, ""sigma"": 330.32268952220244}]",1,67.217072758700652,1.7735757307235644e-10,115.30113004595341,115.72347103908393,newton
calibration,stress,1,178,2,2,2143.5709717537065,1071.7854858768533,1890.6893557712231,1062.4348723387982,-0.2380208166791446,,,,2088,2088,2038,50,0,c458426ed1eeddef4f889c30e67af03939e96c66cfbf464103e6eee80cd763e0,dc2b99ce1063324798a71ccd2b8a288f43a673299fd7ac05fb4ff5ae060b660c,2eddb55878dd8f2e390150ad02c0f99a11336647f63f3fc8c2a8e77a34994817,10e6620c3c865f4b2a6974810ae244d939d356efea6f49090fe3d444033911aa,e0bcc9067c39ec778ea8f9e4719f0f30fe198b91eca1c2b46107102782ae7e45,0.97580508276332323,0.024180429355294554,83.444353990418278,0.386918191618084,True,False,,,False,,observed_profile_hessian,138,7.6529937198400013,74,9.9999999999999995e-08,9.9540992912314136e-09,ee0ad13e6ef13797eb1c39e3df1933cb5b0a6409b8680d94b888c1896f064558,c2a0d9b629c15d03c8792d8b4654d7454479d0a590b399ef195e0551c9eff28d,"[{""attempt"": 0, ""tolerance"": 2e-07, ""free_valid"": true, ""free_nll"": 77.20146441568667, ""free_score"": 2.6145752229922437e-14, ""sigma"": 1062.4348723387982}]",1,77.201464415686672,2.6145752229922437e-14,1137.5890001284372,1135.5733840069663,newton
calibration,stress,0.10000000000000001,178,2,3,976.63587540933213,325.54529180311073,-80.913563976920301,331.90380400558456,-3.1863131022398838,,,,993,993,963,30,0,d68c8ebe472af9cf032699156e16a9a4709bdee22d841e8db62cc72463832dda,fc9524fef37ea8cd19602c145741123bc28f245ce680754cbc7ad3c949eb0e6e,6d4a2d3c9adfe9621f110ff2f769414ad93756bae964c7439436e4e0015838c8,10e6620c3c865f4b2a6974810ae244d939d356efea6f49090fe3d444033911aa,e0bcc9067c39ec778ea8f9e4719f0f30fe198b91eca1c2b46107102782ae7e45,0.97580508276332323,0.024180429355294554,83.444353990418278,0.386918191618084,True,False,,,False,,observed_profile_hessian,138,7.6529937198400013,6,1e-08,5.9038145570515426e-09,72980765a3c4138b008ae68544bee99b9e727d67723bfc08b18ff573aa5ebef8,a10e431088d802ddf670b5152a1b354ecf42afac94aa11744f4e98fe7f64af6f,"[{""attempt"": 0, ""tolerance"": 2e-07, ""free_valid"": true, ""free_nll"": 69.14847104688462, ""free_score"": 1.917910275039958e-13, ""sigma"": 331.90380400558456}]",1,69.148471046884623,1.9179102750399579e-13,115.9846196358022,116.07087954068807,newton
calibration,stress,1,178,2,3,3215.3564576305598,1071.7854858768533,3018.5799386740896,1064.1865598020706,-0.18490791595138067,,,,3253,3253,3157,96,0,c458426ed1eeddef4f889c30e67af03939e96c66cfbf464103e6eee80cd763e0,6b6122d3ed2b34ffc21af23eb3787e42f8f820fef8557c52250e8ad88b525e69,6deea038b91a4151ba2c4471b907d22d03a8e0c479026fa5a93608f8751fbe5e,10e6620c3c865f4b2a6974810ae244d939d356efea6f49090fe3d444033911aa,e0bcc9067c39ec778ea8f9e4719f0f30fe198b91eca1c2b46107102782ae7e45,0.97580508276332323,0.024180429355294554,83.444353990418278,0.386918191618084,True,False,,,False,,observed_profile_hessian,138,7.6529937198400013,74,9.9999999999999995e-08,9.8563258602145303e-09,f8119b5e92c2c849bcf0ae06f22f3f4a201ee8cf4186d889a4db46faa84a5a6a,016f5863a5ba4e9e0f4cbca6d39cd3e71fb7f211ea8c888e506336de45cac523,"[{""attempt"": 0, ""tolerance"": 2e-07, ""free_valid"": true, ""free_nll"": 78.43760698726555, ""free_score"": 5.686562332130052e-13, ""sigma"": 1064.1865598020706}]",1,78.437606987265553,5.6865623321300518e-13,1139.1482129064671,1135.9301811500773,newton
calibration,stress,0.10000000000000001,178,2,4,1302.1811672124429,325.54529180311073,175.35097521376397,333.23850313146863,-3.381452567484748,,,,1269,1269,1222,47,0,d68c8ebe472af9cf032699156e16a9a4709bdee22d841e8db62cc72463832dda,44a3d0180d337aaae6bfebc768ddbc7c872ca1c094725432964934cad8e1f167,cba6a8b339e45ad3db4da6c27012b39dfe24762be5f4c53683ffb41200245ed2,10e6620c3c865f4b2a6974810ae244d939d356efea6f49090fe3d444033911aa,e0bcc9067c39ec778ea8f9e4719f0f30fe198b91eca1c2b46107102782ae7e45,0.97580508276332323,0.024180429355294554,83.444353990418278,0.386918191618084,True,False,,,False,,observed_profile_hessian,138,7.6529937198400013,6,1e-08,5.9173458033315637e-09,2f8be4ce6f298324d87fc6adc05dfe766081bf96369061a916e9df1b13192303,652f00ebf6aa8d27833d98afdbe55ddbb066e321b219327a33436ed0b906af20,"[{""attempt"": 0, ""tolerance"": 2e-07, ""free_valid"": true, ""free_nll"": 68.89592925943572, ""free_score"": 4.282091770058116e-08, ""sigma"": 333.23850313146863}]",1,68.895929259435718,4.2820917700581163e-08,116.38227053252099,116.19533329109755,newton
calibration,stress,1,178,2,4,4287.1419435074131,1071.7854858768533,3772.3081028482297,1065.7271827224304,-0.48308220809759744,,,,4293,4293,4172,121,0,c458426ed1eeddef4f889c30e67af03939e96c66cfbf464103e6eee80cd763e0,6df6b073df2c0ff3ecd3ee5a0c80ea006f3de600bfab897002c69276bba8f09f,7f7cc0c799b773f6e1e4043db27fc56e750ec5a64513638c74087f2b3ee908ed,10e6620c3c865f4b2a6974810ae244d939d356efea6f49090fe3d444033911aa,e0bcc9067c39ec778ea8f9e4719f0f30fe198b91eca1c2b46107102782ae7e45,0.97580508276332323,0.024180429355294554,83.444353990418278,0.386918191618084,True,False,,,False,,observed_profile_hessian,138,7.6529937198400013,74,9.9999999999999995e-08,9.9962817922993549e-09,8c0035d2a669e3c0ae219c5d33d61822eb2e104b6c4f2026aa508c67792bc990,65d69ec1b23c1c1080842ba486a5d52c431f41bdf66256a81df34e8b763282ff,"[{""attempt"": 0, ""tolerance"": 2e-07, ""free_valid"": true, ""free_nll"": 77.88834180156425, ""free_score"": 6.063649582443986e-12, ""sigma"": 1065.7271827224304}]",1,77.888341801564252,6.0636495824439862e-12,1141.0513220909941,1137.0297597946565,newton
calibration,stress,0.10000000000000001,178,2,5,1627.7264590155537,325.54529180311073,528.29936074013096,334.4165937561711,-3.2875973226287751,,,,1560,1560,1525,35,0,d68c8ebe472af9cf032699156e16a9a4709bdee22d841e8db62cc72463832dda,a9f8a20afcb6c6bb8d7061ff01ca876dc06215fb3315078fa116f4ed372921e2,74f1c4b823270f0e815ab7d9736d55415a63538ca217c1fcb85e8f2300238f95,10e6620c3c865f4b2a6974810ae244d939d356efea6f49090fe3d444033911aa,e0bcc9067c39ec778ea8f9e4719f0f30fe198b91eca1c2b46107102782ae7e45,0.97580508276332323,0.024180429355294554,83.444353990418278,0.386918191618084,True,False,,,False,,observed_profile_hessian,138,7.6529937198400013,6,1e-08,5.8905625140597815e-09,322c922aa8b087347539a9dd8438a93b35218f9b85bb62f2f24d135a1ebcb990,07a514eb28628891924ec275b92788065d322940cdf95d53f98b416f0046d77f,"[{""attempt"": 0, ""tolerance"": 2e-07, ""free_valid"": true, ""free_nll"": 68.01019990595474, ""free_score"": 1.4795942249179461e-12, ""sigma"": 334.4165937561711}]",1,68.010199905954735,1.4795942249179461e-12,116.44850089183157,115.88529429989717,newton
calibration,stress,1,178,2,5,5358.9274293842664,1071.7854858768533,4854.5737847484224,1067.0633455730515,-0.47265576755894267,,,,5175,5175,5044,131,0,c458426ed1eeddef4f889c30e67af03939e96c66cfbf464103e6eee80cd763e0,0f800696003113e80431fe95b221c1b3a3ca6362fad2e95fe6745b47fe78bead,e27fa41be5a08fe2b28c1e67d132d820206908d650382c3b47451164a431fce9,10e6620c3c865f4b2a6974810ae244d939d356efea6f49090fe3d444033911aa,e0bcc9067c39ec778ea8f9e4719f0f30fe198b91eca1c2b46107102782ae7e45,0.97580508276332323,0.024180429355294554,83.444353990418278,0.386918191618084,True,False,,,False,,observed_profile_hessian,138,7.6529937198400013,73,9.9999999999999995e-08,9.9880174554970284e-09,cc88d90d791a416ad081af81802c9d5c47c01c021cf95f10fd0c5582a0f22b85,17e94cd18d8a1f94cc350f68c33caaf6aad38c5e383ca6e6f27389928ce411d8,"[{""attempt"": 0, ""tolerance"": 2e-07, ""free_valid"": true, ""free_nll"": 75.3564190486109, ""free_score"": 3.89365206743264e-11, ""sigma"": 1067.0633455730515}]",1,75.356419048610903,3.8936520674326403e-11,1141.3781941830937,1136.2028558053,newton
calibration,stress,0.10000000000000001,178,2,6,1953.2717508186643,325.54529180311073,978.26485186499974,335.7409469952882,-2.9040452398776004,,,,1901,1901,1853,48,0,d68c8ebe472af9cf032699156e16a9a4709bdee22d841e8db62cc72463832dda,a9d97d2f4aeaa381c8a28a5e6087b9263a66ec650a186a881503c580578755d7,673b78957a9df2f06ab82fdc54f020a97d553837e76502ea8037caf9d50a3fe9,10e6620c3c865f4b2a6974810ae244d939d356efea6f49090fe3d444033911aa,e0bcc9067c39ec778ea8f9e4719f0f30fe198b91eca1c2b46107102782ae7e45,0.97580508276332323,0.024180429355294554,83.444353990418278,0.386918191618084,True,False,,,False,,observed_profile_hessian,138,7.6529937198400013,6,1e-08,5.9044487962478875e-09,bb174393d2b4357484c5deba6bbdce0afd7232b7aa22592e729055c6522b7bed,1de2ab6d2fb19aba74ae2679f709f66d6a53ac81e7ebd0d8b92cfe667b25f367,"[{""attempt"": 0, ""tolerance"": 2e-07, ""free_valid"": true, ""free_nll"": 71.35552784499085, ""free_score"": 3.488764832582092e-10, ""sigma"": 335.7409469952882}]",1,71.355527844990846,3.4887648325820919e-10,116.54865200009792,115.50574857417625,newton
calibration,stress,1,178,2,6,6430.7129152611196,1071.7854858768533,6152.6876762398761,1068.4817571862311,-0.26020588292813046,,,,6331,6331,6181,150,0,c458426ed1eeddef4f889c30e67af03939e96c66cfbf464103e6eee80cd763e0,2f7dc470dffb45824a41445b2596c79f4e86d12529c5811d1d4c4ce4f2e17f64,7b175bbd344beb0415730973015363e947b922d805ed47ff54001ad48c43b929,10e6620c3c865f4b2a6974810ae244d939d356efea6f49090fe3d444033911aa,e0bcc9067c39ec778ea8f9e4719f0f30fe198b91eca1c2b46107102782ae7e45,0.97580508276332323,0.024180429355294554,83.444353990418278,0.386918191618084,True,False,,,False,,observed_profile_hessian,138,7.6529937198400013,74,9.9999999999999995e-08,9.9955595978953556e-09,fce1405d2e38d428c30e0fd1836dedfd35c905f8873c849e748a444a4a1e11fe,7e03de0280c35468e2ac82a2452baf1fb236382917032eec05bc40621e187ac7,"[{""attempt"": 0, ""tolerance"": 2e-07, ""free_valid"": true, ""free_nll"": 77.08965755418374, ""free_score"": 2.8436553112243246e-10, ""sigma"": 1068.481757186231}]",1,77.089657554183745,2.8436553112243246e-10,1142.1430308923841,1135.5838061139984,newton
calibration,stress,0.10000000000000001,178,2,7,2278.8170426217753,325.54529180311073,1295.6342189558366,337.74433148843713,-2.9110268685578178,,,,2364,2364,2305,59,0,d68c8ebe472af9cf032699156e16a9a4709bdee22d841e8db62cc72463832dda,5e9487b03bb87d0a39494d3f95be09e621fb6be691a8e5029673041bb1b64211,3772d92f7a627b40d1f37baf116ec449d540425f839214d9b6339146c98bf299,10e6620c3c865f4b2a6974810ae244d939d356efea6f49090fe3d444033911aa,e0bcc9067c39ec778ea8f9e4719f0f30fe198b91eca1c2b46107102782ae7e45,0.97580508276332323,0.024180429355294554,83.444353990418278,0.386918191618084,True,False,,,False,,observed_profile_hessian,138,7.6529937198400013,6,1e-08,5.9097182650952008e-09,96cdf5fe87eaac5e440183fa2bab9011b40b94fb56389647c579395a246de6a3,ba238f96e5feb8759a2bdc921fd0f0595a08fff098eba600fe3eba29f81c07f8,"[{""attempt"": 0, ""tolerance"": 2e-07, ""free_valid"": true, ""free_nll"": 66.88765339415185, ""free_score"": 9.144728196908147e-09, ""sigma"": 337.7443314884371}]",1,66.887653394151855,9.1447281969081473e-09,117.44955112045835,116.06830823606528,newton
calibration,stress,1,178,2,7,7502.4984011379729,1071.7854858768533,7228.0446078055966,1070.4747441079817,-0.25638511776480682,,,,7609,7609,7408,201,0,c458426ed1eeddef4f889c30e67af03939e96c66cfbf464103e6eee80cd763e0,9b318ff8171c05e30f358f7de120f55d40430c8b87a3a91fc81911be20578f1a,757220af0ed964515733c00cd09bd21bd2d4c97c09cbc1153587597ba02f7cf3,10e6620c3c865f4b2a6974810ae244d939d356efea6f49090fe3d444033911aa,e0bcc9067c39ec778ea8f9e4719f0f30fe198b91eca1c2b46107102782ae7e45,0.97580508276332323,0.024180429355294554,83.444353990418278,0.386918191618084,True,False,,,False,,observed_profile_hessian,138,7.6529937198400013,74,9.9999999999999995e-08,9.907368275016782e-09,11235c47090ca36b78fbe9665eaa00b92e25f195a46f0122a46f09e1ade460c5,c6466559d49abb2bc6b00f75328e887404ccc69909994514ba9515fa59938cde,"[{""attempt"": 0, ""tolerance"": 2e-07, ""free_valid"": true, ""free_nll"": 80.03534829875234, ""free_score"": 1.077435807239624e-09, ""sigma"": 1070.4747441079817}]",1,80.035348298752339,1.077435807239624e-09,1144.5789320458871,1136.8732964301087,newton
calibration,stress,0.10000000000000001,178,2,8,2604.3623344248858,325.54529180311073,1478.9128780602477,339.31713396946458,-3.3168070329920862,,,,2657,2657,2587,70,0,d68c8ebe472af9cf032699156e16a9a4709bdee22d841e8db62cc72463832dda,1f99ba4f48f87e3fd541013b60062132c426352ca7e4d642a410535ad0303440,8c955bd7255d237e4b526eb28d7afe36dc5b95c2c2be4f6ce184fc0f6568cf6e,10e6620c3c865f4b2a6974810ae244d939d356efea6f49090fe3d444033911aa,e0bcc9067c39ec778ea8f9e4719f0f30fe198b91eca1c2b46107102782ae7e45,0.97580508276332323,0.024180429355294554,83.444353990418278,0.386918191618084,True,False,,,False,,observed_profile_hessian,138,7.6529937198400013,6,1e-08,5.9300309517724155e-09,19f87699d93738ec28c8276d0c2ca92dd606ce1a48a23476c6f7f11ebb0be9cc,b84bfc72a0ef8df727fb880e2a61891c39cfb02f95a57b08a02a589211ecde89,"[{""attempt"": 0, ""tolerance"": 2e-07, ""free_valid"": true, ""free_nll"": 71.01604973531052, ""free_score"": 4.2444044501266376e-08, ""sigma"": 339.3171339694646}]",1,71.016049735310517,4.2444044501266376e-08,118.04933671870154,116.47270508951823,newton
calibration,stress,1,178,2,8,8574.2838870148262,1071.7854858768533,7872.9304925374363,1071.6271481785366,-0.65447520219088562,,,,8440,8440,8238,202,0,c458426ed1eeddef4f889c30e67af03939e96c66cfbf464103e6eee80cd763e0,6f1877d29a2b53b9209f7e82ad3940f2cdba7e76891d71ee033abce1abbd0235,49f9cb9814fb4c3ead214cecbc76d5096ffeb367d8fc845c8298bb5187cd92e7,10e6620c3c865f4b2a6974810ae244d939d356efea6f49090fe3d444033911aa,e0bcc9067c39ec778ea8f9e4719f0f30fe198b91eca1c2b46107102782ae7e45,0.97580508276332323,0.024180429355294554,83.444353990418278,0.386918191618084,True,False,,,False,,observed_profile_hessian,138,7.6529937198400013,74,9.9999999999999995e-08,9.9927180938249131e-09,c5cdcfba2098175d6f89c50299fd70f9982a2c4f53850dd71b898e6832f46cd1,b4a79568bea87497e8e4dd472fd9a49a6fbe81094ec0e5a9cc9e0091ed4c24b4,"[{""attempt"": 0, ""tolerance"": 2e-07, ""free_valid"": true, ""free_nll"": 78.37891300828997, ""free_score"": 2.5700640504666694e-09, ""sigma"": 1071.6271481785366}]",1,78.37891300828997,2.5700640504666694e-09,1145.6231888411833,1137.2300566878025,newton
calibration,stress,0.10000000000000001,178,3,0,0,325.54529180311073,-620.59333939090061,319.71296178388098,-1.9410953372932318,,,,0,0,0,0,0,fab981faba98be969a9ac4ac03c009dc4c759ac299ba3a27bcbf4212701d7183,fab981faba98be969a9ac4ac03c009dc4c759ac299ba3a27bcbf4212701d7183,f440d6087e5a50c4aef861dbe0f0dd7752e43e8d6fb7b0a6393f704d359bba12,10e6620c3c865f4b2a6974810ae244d939d356efea6f49090fe3d444033911aa,e0bcc9067c39ec778ea8f9e4719f0f30fe198b91eca1c2b46107102782ae7e45,0.97580508276332323,0.024180429355294554,83.444353990418278,0.386918191618084,True,False,,,False,,observed_profile_hessian,138,7.6529937198400013,6,1e-08,5.5218066378607954e-09,477a03befe6708358fe2d691ae3f1269389962188549d518e715d0d36d1f5db5,78c5a7ee99d3be8cfac005c8c48ca864bbb62207b8b58276d45d053a5a1c406d,"[{""attempt"": 0, ""tolerance"": 2e-07, ""free_valid"": true, ""free_nll"": 78.70539670041546, ""free_score"": 4.6629367034256575e-15, ""sigma"": 319.712961783881}]",1,78.705396700415463,4.6629367034256575e-15,115.91474602680606,116.57634489598863,newton
calibration,stress,1,178,3,0,0,1071.7854858768533,-2159.903490966381,1063.2472002956135,-2.0314217525010791,,,,0,0,0,0,0,c99e51febafff7fb40a5389acbdf3a62f6a39e17cd6d9c63c13ddea4278d2d33,c99e51febafff7fb40a5389acbdf3a62f6a39e17cd6d9c63c13ddea4278d2d33,f440d6087e5a50c4aef861dbe0f0dd7752e43e8d6fb7b0a6393f704d359bba12,10e6620c3c865f4b2a6974810ae244d939d356efea6f49090fe3d444033911aa,e0bcc9067c39ec778ea8f9e4719f0f30fe198b91eca1c2b46107102782ae7e45,0.97580508276332323,0.024180429355294554,83.444353990418278,0.386918191618084,True,False,,,False,,observed_profile_hessian,138,7.6529937198400013,74,9.9999999999999995e-08,9.9862304898360115e-09,db9341df1fb4d9c286e7bbcf30611a855e8127bdcb5b6eb290091d5eee66f960,94374bc7c2a6dc45c186cbec39969a36bcc984708d432c8540cc4a2de84c76c0,"[{""attempt"": 0, ""tolerance"": 2e-07, ""free_valid"": true, ""free_nll"": 67.50058509640786, ""free_score"": 1.6539658531655732e-11, ""sigma"": 1063.2472002956135}]",1,67.50058509640786,1.6539658531655732e-11,1138.5215936828702,1140.8242121875569,newton
calibration,stress,0.10000000000000001,178,3,1,325.54529180311073,325.54529180311073,-303.27703715829932,321.0431915180871,-1.9586845183912991,,,,305,305,300,5,0,fab981faba98be969a9ac4ac03c009dc4c759ac299ba3a27bcbf4212701d7183,624a5914ecd168340a3f01d6af24cfa4765a1980ea7ec30119016b8800d186d4,6b3eba685b453813411518aceda5548b7e764881b9067c10197f90e1723e4949,10e6620c3c865f4b2a6974810ae244d939d356efea6f49090fe3d444033911aa,e0bcc9067c39ec778ea8f9e4719f0f30fe198b91eca1c2b46107102782ae7e45,0.97580508276332323,0.024180429355294554,83.444353990418278,0.386918191618084,True,False,,,False,,observed_profile_hessian,138,7.6529937198400013,6,1e-08,5.5393482017628709e-09,38ad98b56b07946a7e19a4d5a9b044c8d45b0db57013ef8f602b006c3cbfbb99,aff6aa18bc46ccfcb3d052012ce8e6d71e4391bc1c64bededd394c8a5f641270,"[{""attempt"": 0, ""tolerance"": 2e-07, ""free_valid"": true, ""free_nll"": 78.91586399224443, ""free_score"": 3.1019631308026874e-13, ""sigma"": 321.0431915180871}]",1,78.915863992244425,3.1019631308026874e-13,116.30322837859006,116.62654436040499,newton
calibration,stress,1,178,3,1,1071.7854858768533,1071.7854858768533,-1087.7679102596298,1064.8678877282337,-2.0280012394247593,,,,1108,1108,1085,23,0,c99e51febafff7fb40a5389acbdf3a62f6a39e17cd6d9c63c13ddea4278d2d33,15f6b0e4bee154eb75a6ce2253be077b6a61f6c6a9f360de0d5950de7327fc3c,9498a1d3f30809adcad6af6950f87ff29334e146503e53058d4a451856905f9e,10e6620c3c865f4b2a6974810ae244d939d356efea6f49090fe3d444033911aa,e0bcc9067c39ec778ea8f9e4719f0f30fe198b91eca1c2b46107102782ae7e45,0.97580508276332323,0.024180429355294554,83.444353990418278,0.386918191618084,True,False,,,False,,observed_profile_hessian,138,7.6529937198400013,74,9.9999999999999995e-08,9.9747617082367768e-09,d70b63c6ba445b6ac5587917ffb565b18cbf2edadf68da225e4562fa7481e70f,684937a331b066aa2086a325bf0047db987a8c376e456a1e5739ba1e1dabb130,"[{""attempt"": 0, ""tolerance"": 2e-07, ""free_valid"": true, ""free_nll"": 68.90076541248548, ""free_score"": 1.1444178937836114e-12, ""sigma"": 1064.8678877282337}]",1,68.900765412485484,1.1444178937836114e-12,1140.1386668470061,1141.298308715008,newton
calibration,stress,0.10000000000000001,178,3,2,651.09058360622146,325.54529180311073,-102.92669188278602,322.39871109015724,-2.3387726115261986,,,,606,606,589,17,0,fab981faba98be969a9ac4ac03c009dc4c759ac299ba3a27bcbf4212701d7183,526c8dd002cf3439dccf368d3d4051d94bad453dde12f058f37b1e24e539ef0e,60d73facc0262bf0d037cd1f9f4dacd1638bf4793a9c0cbbe226263d7d4ab5de,10e6620c3c865f4b2a6974810ae244d939d356efea6f49090fe3d444033911aa,e0bcc9067c39ec778ea8f9e4719f0f30fe198b91eca1c2b46107102782ae7e45,0.97580508276332323,0.024180429355294554,83.444353990418278,0.386918191618084,True,False,,,False,,observed_profile_hessian,138,7.6529937198400013,6,1e-08,5.5328405702349697e-09,80eefffaaf97db6da3ba43aa752bf4a854caa5aedd9a7dd59429e230da7cef2f,634fdd331c382fe5a6bc3fd443736148cf0221ec4c4f25b1c3c079238a136731,"[{""attempt"": 0, ""tolerance"": 2e-07, ""free_valid"": true, ""free_nll"": 80.10634402708817, ""free_score"": 2.3554713735052246e-11, ""sigma"": 322.39871109015724}]",1,80.10634402708817,2.3554713735052246e-11,116.74604890667698,116.85577645068379,newton
calibration,stress,1,178,3,2,2143.5709717537065,1071.7854858768533,-117.40701874701894,1066.3430514799463,-2.1203101453728048,,,,2095,2095,2050,45,0,c99e51febafff7fb40a5389acbdf3a62f6a39e17cd6d9c63c13ddea4278d2d33,d46495e2a023c524d6e978eb146093be8dd0699b8727431081d323e919ad7098,9de0a12d0e126f494d130a4ad913aeb8fb3d76632bd017828f961a749a69013c,10e6620c3c865f4b2a6974810ae244d939d356efea6f49090fe3d444033911aa,e0bcc9067c39ec778ea8f9e4719f0f30fe198b91eca1c2b46107102782ae7e45,0.97580508276332323,0.024180429355294554,83.444353990418278,0.386918191618084,True,False,,,False,,observed_profile_hessian,138,7.6529937198400013,74,9.9999999999999995e-08,9.9852752089292904e-09,442daa8b24ef038c2fc7ef801cc44bbae202e0a9c0faefc626ac6e2e83ae234f,24a7b27547c45636db05fadd2f007487639549e93ab0005e86c39fd39683e9f4,"[{""attempt"": 0, ""tolerance"": 2e-07, ""free_valid"": true, ""free_nll"": 67.91167774385056, ""free_score"": 4.5075054799781356e-14, ""sigma"": 1066.3430514799463}]",1,67.911677743850561,4.5075054799781356e-14,1141.0026960663856,1141.1278607207685,newton
calibration,stress,0.10000000000000001,178,3,3,976.63587540933213,325.54529180311073,408.4062626520743,324.05468644389441,-1.753499136188666,,,,980,980,952,28,0,fab981faba98be969a9ac4ac03c009dc4c759ac299ba3a27bcbf4212701d7183,e3231448eb7e67dad4aa347784e018b4b8bd85077545f5d419991a16a2a4083e,bcb7095d53e26e07e8fb857a8fbffff1aceadc561e475020101a8153b0f6418a,10e6620c3c865f4b2a6974810ae244d939d356efea6f49090fe3d444033911aa,e0bcc9067c39ec778ea8f9e4719f0f30fe198b91eca1c2b46107102782ae7e45,0.97580508276332323,0.024180429355294554,83.444353990418278,0.386918191618084,True,False,,,False,,observed_profile_hessian,138,7.6529937198400013,6,1e-08,5.5523948829204061e-09,f1da32f2f31c46edc8a49c946c7c85495524d932dd82afbb6e544405b4cba322,387fed9f49db7d534c91ee439416b291c39d9a36703c8e6d4b75d1e515e318f9,"[{""attempt"": 0, ""tolerance"": 2e-07, ""free_valid"": true, ""free_nll"": 80.94629627711552, ""free_score"": 3.195854247906027e-09, ""sigma"": 324.0546864438944}]",1,80.946296277115522,3.195854247906027e-09,117.04166991345126,116.60627832223166,newton
calibration,stress,1,178,3,3,3215.3564576305598,1071.7854858768533,986.51014019416641,1067.8859035540459,-2.0871577291343009,,,,3175,3175,3103,72,0,c99e51febafff7fb40a5389acbdf3a62f6a39e17cd6d9c63c13ddea4278d2d33,55807a462e791609dfeec600d86da53bce441dcc7c9091af0d64a8203046b4f0,7e6d45a98c2d3afae688689e0b3e6f71c34f194bfec029395bd4c86c25bc7915,10e6620c3c865f4b2a6974810ae244d939d356efea6f49090fe3d444033911aa,e0bcc9067c39ec778ea8f9e4719f0f30fe198b91eca1c2b46107102782ae7e45,0.97580508276332323,0.024180429355294554,83.444353990418278,0.386918191618084,True,False,,,False,,observed_profile_hessian,138,7.6529937198400013,74,9.9999999999999995e-08,9.9624331033240626e-09,52837073c1fb5604e59fb58820f18fe6b1f331a3bfa755641ae3b15856c8963f,63d2b2bfc19beba2bdee8cf1c62414b86c4b7c3de2219e7df36526bf69f4f21a,"[{""attempt"": 0, ""tolerance"": 2e-07, ""free_valid"": true, ""free_nll"": 67.66021604201033, ""free_score"": 4.440892098500626e-15, ""sigma"": 1067.8859035540459}]",1,67.660216042010333,4.4408920985006262e-15,1142.4129376060589,1141.3612440867082,newton
calibration,stress,0.10000000000000001,178,3,4,1302.1811672124429,325.54529180311073,543.99778330635047,325.10794014641499,-2.3320974060634705,,,,1229,1229,1198,31,0,fab981faba98be969a9ac4ac03c009dc4c759ac299ba3a27bcbf4212701d7183,d1b3d7a377ed4bdcbbf06328a67565bc52bf010bec26dcf0cbb87dfa565aad48,8b05d9a0e04889ff093c2b6de1eb0b446f3d93d8bf899c606effed1aa25bd50b,10e6620c3c865f4b2a6974810ae244d939d356efea6f49090fe3d444033911aa,e0bcc9067c39ec778ea8f9e4719f0f30fe198b91eca1c2b46107102782ae7e45,0.97580508276332323,0.024180429355294554,83.444353990418278,0.386918191618084,True,False,,,False,,observed_profile_hessian,138,7.6529937198400013,6,1e-08,5.5299130357093623e-09,672ebe591109410739bd9760209fc0b29238dd791dbeaefd5f4bc28003a66f9d,f4ff0d0f6e8739be934c9d44ac1644cd23f1b533e3272714aff4f9581b0ea90e,"[{""attempt"": 0, ""tolerance"": 2e-07, ""free_valid"": true, ""free_nll"": 75.84945049721374, ""free_score"": 1.5936655106685294e-08, ""sigma"": 325.107940146415}]",1,75.849450497213738,1.5936655106685294e-08,117.62125991322907,117.04131762988689,newton
calibration,stress,1,178,3,4,4287.1419435074131,1071.7854858768533,1886.78407534497,1069.3522132818368,-2.24468406045166,,,,4161,4161,4062,99,0,c99e51febafff7fb40a5389acbdf3a62f6a39e17cd6d9c63c13ddea4278d2d33,c987496da82f429c88055dcbe5c20e5a130cab35594d4c537f7e0dfaf9a5c3fb,24ae99d8bb6e7afa463194c1d7b5c1afff835a0c8db502492507d2e0ba50ebec,10e6620c3c865f4b2a6974810ae244d939d356efea6f49090fe3d444033911aa,e0bcc9067c39ec778ea8f9e4719f0f30fe198b91eca1c2b46107102782ae7e45,0.97580508276332323,0.024180429355294554,83.444353990418278,0.386918191618084,True,False,,,False,,observed_profile_hessian,138,7.6529937198400013,74,9.9999999999999995e-08,9.9803704096213162e-09,6d082582130d3e841f084efd07fcd5eb08bbe796084618e029c809af8974d9e5,8bc6616b5b1044741476891b6d5053bf7675163767d25634dad1d045650be039,"[{""attempt"": 0, ""tolerance"": 2e-07, ""free_valid"": true, ""free_nll"": 68.8892847388108, ""free_score"": 1.9984014443252818e-14, ""sigma"": 1069.3522132818368}]",1,68.889284738810801,1.9984014443252818e-14,1143.6308009370566,1141.6193481363141,newton
calibration,stress,0.10000000000000001,178,3,5,1627.7264590155537,325.54529180311073,938.09778816902815,327.06152053310728,-2.1085594836177521,,,,1645,1645,1596,49,0,fab981faba98be969a9ac4ac03c009dc4c759ac299ba3a27bcbf4212701d7183,b3c7167f4e1117fb6fb67fe67a235a3ae0a544f68d7fa839f927a83d7112fcdc,96c04912758acfbd674c0b522a052a178840233d3762f062e8261e7cae85f4cb,10e6620c3c865f4b2a6974810ae244d939d356efea6f49090fe3d444033911aa,e0bcc9067c39ec778ea8f9e4719f0f30fe198b91eca1c2b46107102782ae7e45,0.97580508276332323,0.024180429355294554,83.444353990418278,0.386918191618084,True,False,,,False,,observed_profile_hessian,138,7.6529937198400013,6,1e-08,5.5072764644599672e-09,802f824e9f5bd5cf533c1c9f0acaf711ecf0b4944b8241ba9a8933b4d6e3a941,7303fd5ea2b9d2d02198e4673f4c54bf06ecabc450131fe4160103b463843f7d,"[{""attempt"": 0, ""tolerance"": 2e-07, ""free_valid"": true, ""free_nll"": 78.63652968741879, ""free_score"": 1.3250531849529068e-07, ""sigma"": 327.0615205331073}]",1,78.636529687418786,1.3250531849529068e-07,118.20297414120884,117.20289180638321,newton
calibration,stress,1,178,3,5,5358.9274293842664,1071.7854858768533,2962.8321712084171,1071.1432790160909,-2.2369512138252934,,,,5403,5403,5271,132,0,c99e51febafff7fb40a5389acbdf3a62f6a39e17cd6d9c63c13ddea4278d2d33,c048ea54ee9e76e02aaea2ecb861580c362a59fbfd5eb9625aefa26f1e59aec1,330127f30dfb1a9e00a84c552404ac0a51ae3d87d1bf62dd890588081786c6cd,10e6620c3c865f4b2a6974810ae244d939d356efea6f49090fe3d444033911aa,e0bcc9067c39ec778ea8f9e4719f0f30fe198b91eca1c2b46107102782ae7e45,0.97580508276332323,0.024180429355294554,83.444353990418278,0.386918191618084,True,False,,,False,,observed_profile_hessian,138,7.6529937198400013,74,9.9999999999999995e-08,9.9788862026135347e-09,c36466ef81f685bd3bb034ad2998d5edfcfee0583f961b49765cbe454f105fff,663e88e61b95bdd19300ec8ba017fcc825b12626dfe60f3266ff7dd1753314b2,"[{""attempt"": 0, ""tolerance"": 2e-07, ""free_valid"": true, ""free_nll"": 69.63978694256646, ""free_score"": 3.4861002973229915e-14, ""sigma"": 1071.143279016091}]",1,69.63978694256646,3.4861002973229915e-14,1145.7270295399003,1142.5684290689815,newton
calibration,stress,0.10000000000000001,178,3,6,1953.2717508186643,325.54529180311073,1213.97793786838,328.58460900307568,-2.2499343934376554,,,,1996,1996,1938,58,0,fab981faba98be969a9ac4ac03c009dc4c759ac299ba3a27bcbf4212701d7183,5e8df70c2836f95283b4531772333bfc0180c5459e97c7eaa7b96905decc6aff,93f534e444ca2f8c812a58e575e034e36ce437262384fe9bbc38ccb9e8e5f42d,10e6620c3c865f4b2a6974810ae244d939d356efea6f49090fe3d444033911aa,e0bcc9067c39ec778ea8f9e4719f0f30fe198b91eca1c2b46107102782ae7e45,0.97580508276332323,0.024180429355294554,83.444353990418278,0.386918191618084,True,False,,,False,,observed_profile_hessian,138,7.6529937198400013,6,1e-08,5.5409541756544253e-09,33b9b8c1b1678f53be7d321911fa9fbde2c285b3a59d9c7b27b0bcdb29655f48,ee8e6071e6d1c559d221208ea5e8ff43db7cb4d11147ed52a1a6e0dcdd1bdcf9,"[{""attempt"": 0, ""tolerance"": 2e-07, ""free_valid"": true, ""free_nll"": 80.23804363347604, ""free_score"": 6.439293542825908e-15, ""sigma"": 328.5846090030757}]",1,80.238043633476039,6.4392935428259079e-15,118.6809498963059,117.38675870873274,newton
calibration,stress,1,178,3,6,6430.7129152611196,1071.7854858768533,4129.4353372781588,1073.119675989328,-2.1444743111819027,,,,6587,6587,6415,172,0,c99e51febafff7fb40a5389acbdf3a62f6a39e17cd6d9c63c13ddea4278d2d33,8db4a94881e50ddcff2463a05900394559d49d03ec65ad5512ef2c76982184f8,c0c6d61898f4b9c90334f00cca2ef44417d753efd96a5b47f51651811f8f3fdf,10e6620c3c865f4b2a6974810ae244d939d356efea6f49090fe3d444033911aa,e0bcc9067c39ec778ea8f9e4719f0f30fe198b91eca1c2b46107102782ae7e45,0.97580508276332323,0.024180429355294554,83.444353990418278,0.386918191618084,True,False,,,False,,observed_profile_hessian,138,7.6529937198400013,74,9.9999999999999995e-08,9.9834411783254319e-09,470749139154fc15a3e95cdde86d58bc365e500cff404c23d69fab92fd1c6402,e4f3026a74adc73532189fa1028a8daa95913902cc9b22c81cea3c6b7be943dd,"[{""attempt"": 0, ""tolerance"": 2e-07, ""free_valid"": true, ""free_nll"": 71.06091532517063, ""free_score"": 4.0967229608668276e-13, ""sigma"": 1073.119675989328}]",1,71.060915325170626,4.0967229608668276e-13,1147.2365503595618,1142.8342637475475,newton
calibration,stress,0.10000000000000001,178,3,7,2278.8170426217753,325.54529180311073,1680.9427062863301,329.66799494198119,-1.8135649972350698,,,,2288,2288,2241,47,0,fab981faba98be969a9ac4ac03c009dc4c759ac299ba3a27bcbf4212701d7183,79bfec93636337d6a41bea9e2476c24ac059b4e657c6a6f9b011955cfc2b9e5e,e780e5f50aa961156b2b30b6e0ec2d20dc8dec931c721cdf410ee35a55a55c8f,10e6620c3c865f4b2a6974810ae244d939d356efea6f49090fe3d444033911aa,e0bcc9067c39ec778ea8f9e4719f0f30fe198b91eca1c2b46107102782ae7e45,0.97580508276332323,0.024180429355294554,83.444353990418278,0.386918191618084,True,False,,,False,,observed_profile_hessian,138,7.6529937198400013,6,1e-08,5.540221276138012e-09,f105ab19780d5930a8a099bd4ab72b41b90ac3e127cc8716cfa6b6ba5cc34393,1a574792db59faf0ba8966679ed527d010773fa42125ce2d8bb8a3f82cc2f9e1,"[{""attempt"": 0, ""tolerance"": 2e-07, ""free_valid"": true, ""free_nll"": 79.98869630796241, ""free_score"": 1.3100631690576847e-14, ""sigma"": 329.6679949419812}]",1,79.988696307962414,1.3100631690576847e-14,118.54783987505135,116.75582935374729,newton
calibration,stress,1,178,3,7,7502.4984011379729,1071.7854858768533,5097.1890963579644,1074.3144225552282,-2.2389248941283357,,,,7491,7491,7307,184,0,c99e51febafff7fb40a5389acbdf3a62f6a39e17cd6d9c63c13ddea4278d2d33,8dd9974aef3c14345f1cb7e9d00f73d9176c2286213b2ac0a8515cfda2ba844b,6d32ae1c1eaa5bb14378a72998e86a019a6e33faaed761920fe49401ba2417da,10e6620c3c865f4b2a6974810ae244d939d356efea6f49090fe3d444033911aa,e0bcc9067c39ec778ea8f9e4719f0f30fe198b91eca1c2b46107102782ae7e45,0.97580508276332323,0.024180429355294554,83.444353990418278,0.386918191618084,True,False,,,False,,observed_profile_hessian,138,7.6529937198400013,75,9.9999999999999995e-08,9.9575534041441505e-09,82210dcd4f233b1d1f176628590dda3413c50087103b65bbed77b0ef9f0dee53,a7715c73229b962315312efc02605bbbb3755e6b9cd61db38fc642f4c778cb3e,"[{""attempt"": 0, ""tolerance"": 2e-07, ""free_valid"": true, ""free_nll"": 70.57746338820868, ""free_score"": 5.079714426869941e-12, ""sigma"": 1074.3144225552282}]",1,70.577463388208685,5.0797144268699412e-12,1147.746652872595,1142.3126684449342,newton
calibration,stress,0.10000000000000001,178,3,8,2604.3623344248858,325.54529180311073,1987.643113008131,331.49645212641764,-1.8604097192013573,,,,2698,2698,2632,66,0,fab981faba98be969a9ac4ac03c009dc4c759ac299ba3a27bcbf4212701d7183,9f4e6e569ff1e82eb7d0ef3a66bea2aad9b563db278e52fca2d1e5e94c3bfd6d,ac7f81d4ecaebbd1e23cdfa24659d766de70588c45da767c84c48c1f9a7a9da6,10e6620c3c865f4b2a6974810ae244d939d356efea6f49090fe3d444033911aa,e0bcc9067c39ec778ea8f9e4719f0f30fe198b91eca1c2b46107102782ae7e45,0.97580508276332323,0.024180429355294554,83.444353990418278,0.386918191618084,True,False,,,False,,observed_profile_hessian,138,7.6529937198400013,6,1e-08,5.5455230645304968e-09,773cdfd6050b72ae06ef55b2aa22922bfde41b278460d8547a8d9c19d9fd3f41,ae4785b87cdf087a9b56bc77f3ddcdeeda111a5b48275ba744c41aa741fa3cc0,"[{""attempt"": 0, ""tolerance"": 2e-07, ""free_valid"": true, ""free_nll"": 77.22486886440711, ""free_score"": 1.1834977442504169e-13, ""sigma"": 331.49645212641764}]",1,77.224868864407114,1.1834977442504169e-13,119.33343004829656,117.21445397743612,newton
calibration,stress,1,178,3,8,8574.2838870148262,1071.7854858768533,6050.3495808615125,1076.0283984629082,-2.3456019467132272,,,,8662,8662,8458,204,0,c99e51febafff7fb40a5389acbdf3a62f6a39e17cd6d9c63c13ddea4278d2d33,f8aa89447b2e16eb651d3ae17ccddd4f6a9fbc13cc4276dd801f1de7593c09ba,ab4bc8a67fe2bfe9336fe24128a32cdd33f867437a60cfbe6b348c1656417ebe,10e6620c3c865f4b2a6974810ae244d939d356efea6f49090fe3d444033911aa,e0bcc9067c39ec778ea8f9e4719f0f30fe198b91eca1c2b46107102782ae7e45,0.97580508276332323,0.024180429355294554,83.444353990418278,0.386918191618084,True,False,,,False,,observed_profile_hessian,138,7.6529937198400013,75,9.9999999999999995e-08,9.8003983713972373e-09,5c7e05a4cf0f45eae6a3703198116d2f24671651e16e12109d351ba49bcabbd0,dc127f0a2aa1bc71dffa080398911ed7bb45f494739c61c789c006ff78f81c2f,"[{""attempt"": 0, ""tolerance"": 2e-07, ""free_valid"": true, ""free_nll"": 66.13083836769947, ""free_score"": 4.543876386264856e-11, ""sigma"": 1076.0283984629082}]",1,66.130838367699468,4.5438763862648557e-11,1150.1424666811542,1143.6923419589232,newton
calibration,stress,0.10000000000000001,178,4,0,0,325.54529180311073,-201.65708639236252,322.70203084135431,-0.62490182000590044,,,,0,0,0,0,0,feb8c84b54620396548a4aedada1a50b44e3e5ad3bad7c30a6860f9f54d6cebf,feb8c84b54620396548a4aedada1a50b44e3e5ad3bad7c30a6860f9f54d6cebf,f440d6087e5a50c4aef861dbe0f0dd7752e43e8d6fb7b0a6393f704d359bba12,10e6620c3c865f4b2a6974810ae244d939d356efea6f49090fe3d444033911aa,e0bcc9067c39ec778ea8f9e4719f0f30fe198b91eca1c2b46107102782ae7e45,0.97580508276332323,0.024180429355294554,83.444353990418278,0.386918191618084,True,False,,,False,,observed_profile_hessian,138,7.6529937198400013,6,1e-08,5.4646302865912253e-09,0d36ec8c60917804ae19b2b07805ea8a8b11a045b44b903dbcd099d7362672b9,a0c28b791e8811a934224c1e742734c6dbe231694c324981f4c09700cd12bed1,"[{""attempt"": 0, ""tolerance"": 2e-07, ""free_valid"": true, ""free_nll"": 67.92940846449508, ""free_score"": 8.755604630206193e-08, ""sigma"": 322.7020308413543}]",1,67.929408464495083,8.755604630206193e-08,117.03270385269214,117.24768537416767,newton
calibration,stress,1,178,4,0,0,1071.7854858768533,-1145.2621821112027,1058.018477353671,-1.0824595284722691,,,,0,0,0,0,0,21879c3ed9505ce906dee31f50bd7d38ac5729f8cf95e4f987f4734801e3cd29,21879c3ed9505ce906dee31f50bd7d38ac5729f8cf95e4f987f4734801e3cd29,f440d6087e5a50c4aef861dbe0f0dd7752e43e8d6fb7b0a6393f704d359bba12,10e6620c3c865f4b2a6974810ae244d939d356efea6f49090fe3d444033911aa,e0bcc9067c39ec778ea8f9e4719f0f30fe198b91eca1c2b46107102782ae7e45,0.97580508276332323,0.024180429355294554,83.444353990418278,0.386918191618084,True,False,,,False,,observed_profile_hessian,138,7.6529937198400013,73,9.9999999999999995e-08,9.9985090404568443e-09,458259409582c4f0d6f93ae1cfed54fd31e883f17457871010c111c78bbf197e,9870fefc8fd0cfcbef5f4cf7e9fe12cec0ee2e3d7b72b222f9b02e3f1fc16ccf,"[{""attempt"": 0, ""tolerance"": 2e-07, ""free_valid"": true, ""free_nll"": 64.82203284542885, ""free_score"": 9.894862706971708e-15, ""sigma"": 1058.018477353671}]",1,64.822032845428851,9.8948627069717077e-15,1141.2352161595313,1142.4561512171747,newton
calibration,stress,0.10000000000000001,178,4,1,325.54529180311073,325.54529180311073,167.82839261117431,324.195817841066,-0.48648653225149152,,,,328,328,321,7,0,feb8c84b54620396548a4aedada1a50b44e3e5ad3bad7c30a6860f9f54d6cebf,f18c76e380cd649f168475ae66e9c3f43ce1334c1f0884fc93b7ae92c762f6d1,be2c3b55ad97abcdba6b93ff12d31875b6b29f38af8e373d3a0f544b3f0e398e,10e6620c3c865f4b2a6974810ae244d939d356efea6f49090fe3d444033911aa,e0bcc9067c39ec778ea8f9e4719f0f30fe198b91eca1c2b46107102782ae7e45,0.97580508276332323,0.024180429355294554,83.444353990418278,0.386918191618084,True,False,,,False,,observed_profile_hessian,138,7.6529937198400013,6,1e-08,5.4738637750722914e-09,4981ee84d32bc33589fa8d3ca29b079df92b4bec2dd4b73d957c814d03d1b5f1,c4574d658aa5e45c80a5178df355cb9115ee8ea80a65c062c6ca2336e447e444,"[{""attempt"": 0, ""tolerance"": 2e-07, ""free_valid"": true, ""free_nll"": 67.77832641820402, ""free_score"": 1.7111312367035225e-13, ""sigma"": 324.195817841066}]",1,67.778326418204017,1.7111312367035225e-13,117.33173280528091,117.15281519898295,newton
calibration,stress,1,178,4,1,1071.7854858768533,1071.7854858768533,-92.344475636397775,1059.6371379364896,-1.0986118925392216,,,,1087,1086,1060,26,1,21879c3ed9505ce906dee31f50bd7d38ac5729f8cf95e4f987f4734801e3cd29,3a8969b9f72b54f0dca9941f6c0ddeb4ba36a51821b8507a837a3bf7eff51422,f55f712ea1a905fac9fcd1ed1bb052524fe11b16cf4dd549f5d1b2e29417c8fe,10e6620c3c865f4b2a6974810ae244d939d356efea6f49090fe3d444033911aa,e0bcc9067c39ec778ea8f9e4719f0f30fe198b91eca1c2b46107102782ae7e45,0.97580508276332323,0.024180429355294554,83.444353990418278,0.386918191618084,True,False,,,False,,observed_profile_hessian,138,7.6529937198400013,73,9.9999999999999995e-08,9.9866207921453463e-09,17e3fd4d2252f19002c9fb0f69715b5f4d1c50ed76c270f5ed5bd29ed427b4b7,830b83238b9fb5edba2505ac5d516d763de3ea5182aeb51b339af983739b1982,"[{""attempt"": 0, ""tolerance"": 2e-07, ""free_valid"": true, ""free_nll"": 65.21290167268211, ""free_score"": 2.5845739923258115e-09, ""sigma"": 1059.6371379364896}]",1,65.212901672682108,2.5845739923258115e-09,1142.4879636326089,1142.5864097434167,newton
calibration,stress,0.10000000000000001,178,4,2,651.09058360622146,325.54529180311073,441.82886791829037,325.62675224364614,-0.64264288559237792,,,,669,669,658,11,0,feb8c84b54620396548a4aedada1a50b44e3e5ad3bad7c30a6860f9f54d6cebf,4d760c96a259a99a95a00e6dbcb03d0f31b954b456e5a2c1e51ebe1c71e07359,77cd53ed25676c314885db08f95ab03daf5d8f0e99bc328283fbed2fa651d25a,10e6620c3c865f4b2a6974810ae244d939d356efea6f49090fe3d444033911aa,e0bcc9067c39ec778ea8f9e4719f0f30fe198b91eca1c2b46107102782ae7e45,0.97580508276332323,0.024180429355294554,83.444353990418278,0.386918191618084,True,False,,,False,,observed_profile_hessian,138,7.6529937198400013,6,1e-08,5.4786461751748494e-09,381be7cf02cafaed1aee529038b135c108db32cfddb90eb5375875656330b662,3b2c3e4f0dd30eb32dd04b5866c39fcdf35de80bbbf153310ea081cb52957804,"[{""attempt"": 0, ""tolerance"": 2e-07, ""free_valid"": true, ""free_nll"": 66.28448234708813, ""free_score"": 9.536921252717434e-11, ""sigma"": 325.62675224364614}]",1,66.284482347088129,9.5369212527174341e-11,117.84379241788386,117.37276983218571,newton
calibration,stress,1,178,4,2,2143.5709717537065,1071.7854858768533,964.12215500689661,1061.2410649020064,-1.1113863341273158,,,,2158,2158,2115,43,0,21879c3ed9505ce906dee31f50bd7d38ac5729f8cf95e4f987f4734801e3cd29,3f61b2a495cf4b986d7e214faf96a1c019a8ccd03bf9f8914bc56c7e79c0311b,cffc1c3823b7fcebec022436404c91821e8911ade685e917634e94264732758b,10e6620c3c865f4b2a6974810ae244d939d356efea6f49090fe3d444033911aa,e0bcc9067c39ec778ea8f9e4719f0f30fe198b91eca1c2b46107102782ae7e45,0.97580508276332323,0.024180429355294554,83.444353990418278,0.386918191618084,True,False,,,False,,observed_profile_hessian,138,7.6529937198400013,73,9.9999999999999995e-08,9.9831127327142623e-09,b57056865d30f73182484ecca9bcd2a739a9a3d228bb1141283d477ec1f48599,2faf66a4e3471e5ef3a0f738a3bc23d16c70b227ce38d6e51e0d98c087b1c615,"[{""attempt"": 0, ""tolerance"": 2e-07, ""free_valid"": true, ""free_nll"": 63.63429010175116, ""free_score"": 2.4424906541753444e-15, ""sigma"": 1061.2410649020064}]",1,63.634290101751162,2.4424906541753444e-15,1143.8219512589831,1142.7941250046238,newton
calibration,stress,0.10000000000000001,178,4,3,976.63587540933213,325.54529180311073,737.13861853586559,326.82566132673878,-0.73279820165049081,,,,943,943,927,16,0,feb8c84b54620396548a4aedada1a50b44e3e5ad3bad7c30a6860f9f54d6cebf,dc1d6d0913250b0de63eec89d62313501ae159105e0cd770424191e530693ee6,dcbc68ea0905f29a46b695868fe426b0c39dca3b4692402e32403fd98f7828cb,10e6620c3c865f4b2a6974810ae244d939d356efea6f49090fe3d444033911aa,e0bcc9067c39ec778ea8f9e4719f0f30fe198b91eca1c2b46107102782ae7e45,0.97580508276332323,0.024180429355294554,83.444353990418278,0.386918191618084,True,False,,,False,,observed_profile_hessian,138,7.6529937198400013,6,1e-08,5.4607222386649679e-09,32649886f003f950e17e3d5532645624c1223a00f11405cd76008321edd901b4,a06bcd245ada9d5987381155ae9d83429b1de4e83c67b07b314e3c0f972ff0c7,"[{""attempt"": 0, ""tolerance"": 2e-07, ""free_valid"": true, ""free_nll"": 65.95196006678843, ""free_score"": 1.976519004021071e-09, ""sigma"": 326.8256613267388}]",1,65.95196006678843,1.9765190040210712e-09,118.22157904300285,117.4357341982406,newton
calibration,stress,1,178,4,3,3215.3564576305598,1071.7854858768533,1957.2093330215862,1062.7224948547098,-1.1838905553429369,,,,3199,3199,3118,81,0,21879c3ed9505ce906dee31f50bd7d38ac5729f8cf95e4f987f4734801e3cd29,71f55f51a46f0efa51aee412d282833caf4e0c6aa4523c80dfc026eb2b3b01aa,975a9ff2e0b0af386e735a17dbded878d65d7062d75a48d0f9bb478cbd78e36e,10e6620c3c865f4b2a6974810ae244d939d356efea6f49090fe3d444033911aa,e0bcc9067c39ec778ea8f9e4719f0f30fe198b91eca1c2b46107102782ae7e45,0.97580508276332323,0.024180429355294554,83.444353990418278,0.386918191618084,True,False,,,False,,observed_profile_hessian,138,7.6529937198400013,73,9.9999999999999995e-08,9.9435033375671405e-09,47698b5099d32bda8c86796da588cda45d498fdbb0a5a74d848d4a921cfb9803,a1be7947a507ef26c085c835f1842dc96e487ced9b87d9bd5df91abb29f20d94,"[{""attempt"": 0, ""tolerance"": 2e-07, ""free_valid"": true, ""free_nll"": 65.2615369601589, ""free_score"": 4.533873276812983e-14, ""sigma"": 1062.7224948547098}]",1,65.261536960158907,4.533873276812983e-14,1145.6034662784748,1143.516934891026,newton
calibration,stress,0.10000000000000001,178,4,4,1302.1811672124429,325.54529180311073,987.03660742021543,328.44763338950702,-0.95949712451877101,,,,1282,1281,1249,32,1,feb8c84b54620396548a4aedada1a50b44e3e5ad3bad7c30a6860f9f54d6cebf,326ede19030028898f11fcda42dc966ae8bcb61c5a91433cfb8539f05f0a5a55,9d6e349bb77cfd0f848b845b41ef37527a038784f1e82c0b2844db07c550f2d4,10e6620c3c865f4b2a6974810ae244d939d356efea6f49090fe3d444033911aa,e0bcc9067c39ec778ea8f9e4719f0f30fe198b91eca1c2b46107102782ae7e45,0.97580508276332323,0.024180429355294554,83.444353990418278,0.386918191618084,True,False,,,False,,observed_profile_hessian,138,7.6529937198400013,6,1e-08,5.4902732920817765e-09,37dc8cc4f0a2bcc8cd0f4a1700ed234efe223b04375a9242e4bfdb433a250e77,bdc8edb78799dab50e8056136c360435c7c425faae18d2ca86f24b320a62ddca,"[{""attempt"": 0, ""tolerance"": 2e-07, ""free_valid"": true, ""free_nll"": 63.0133507004313, ""free_score"": 1.4914122103970584e-08, ""sigma"": 328.447633389507}]",1,63.013350700431303,1.4914122103970584e-08,118.87830896552164,117.82605419277152,newton
calibration,stress,1,178,4,4,4287.1419435074131,1071.7854858768533,2995.4159513367281,1064.4771779201878,-1.2134839703134863,,,,4333,4332,4224,108,1,21879c3ed9505ce906dee31f50bd7d38ac5729f8cf95e4f987f4734801e3cd29,fcc0f1d9d4ca7928f3ca20173f6a400d240ea5c0c6785e05ee6726e8a5c4f503,46a4cd6e49471cd9ef87be9ab1b8fae35123660b5259e60b5251ec998bf4ff26,10e6620c3c865f4b2a6974810ae244d939d356efea6f49090fe3d444033911aa,e0bcc9067c39ec778ea8f9e4719f0f30fe198b91eca1c2b46107102782ae7e45,0.97580508276332323,0.024180429355294554,83.444353990418278,0.386918191618084,True,False,,,False,,observed_profile_hessian,138,7.6529937198400013,74,9.9999999999999995e-08,9.8565784529808039e-09,c5f7046f52e44af1498f784f81760b38f561083ce091fd0cac7be5f2179a1fda,521f90a7f54d716ff60f9160b05bd59234e01b21435c2f3d3dd6f56a47a731a7,"[{""attempt"": 0, ""tolerance"": 2e-07, ""free_valid"": true, ""free_nll"": 65.28934782094635, ""free_score"": 1.9903523273967494e-12, ""sigma"": 1064.4771779201878}]",1,65.289347820946347,1.9903523273967494e-12,1147.4009188253824,1144.2075816102572,newton
calibration,stress,0.10000000000000001,178,4,5,1627.7264590155537,325.54529180311073,1394.5733372258803,329.78858432483082,-0.70697753916195383,,,,1606,1606,1563,43,0,feb8c84b54620396548a4aedada1a50b44e3e5ad3bad7c30a6860f9f54d6cebf,20be83c8c724c1dbdc7a23e52f1c164fbb7db143daf9f9e6dfee8ddbbc8c40e2,14eafd8f1a1e748cf112b93ed1e551870cf9f65ce3862200c19ff8a82416afd2,10e6620c3c865f4b2a6974810ae244d939d356efea6f49090fe3d444033911aa,e0bcc9067c39ec778ea8f9e4719f0f30fe198b91eca1c2b46107102782ae7e45,0.97580508276332323,0.024180429355294554,83.444353990418278,0.386918191618084,True,False,,,False,,observed_profile_hessian,138,7.6529937198400013,6,1e-08,5.4856086247063633e-09,fec1efced5c557d0b48ec380e0149d94cca07b935026b1f7ca62ef74200d3877,3a6ff3a750255c90a95094919bcbdba7d10717eee51e42fb18ca8c8e3530ed38,"[{""attempt"": 0, ""tolerance"": 2e-07, ""free_valid"": true, ""free_nll"": 64.3053378994067, ""free_score"": 1.0722488680975362e-07, ""sigma"": 329.7885843248308}]",1,64.305337899406695,1.0722488680975362e-07,118.81887634182453,117.3321569648387,newton
calibration,stress,1,178,4,5,5358.9274293842664,1071.7854858768533,4208.2025631718652,1066.0205176022641,-1.0794584599559653,,,,5418,5418,5284,134,0,21879c3ed9505ce906dee31f50bd7d38ac5729f8cf95e4f987f4734801e3cd29,1f3a3401bb57994a93d9ea222b20820ec9f3046bf3a789a9c53edeca795056b0,0ce28d72a18850c61299026c63e8d1be7d76483d7f52a92b76d227536c4ec800,10e6620c3c865f4b2a6974810ae244d939d356efea6f49090fe3d444033911aa,e0bcc9067c39ec778ea8f9e4719f0f30fe198b91eca1c2b46107102782ae7e45,0.97580508276332323,0.024180429355294554,83.444353990418278,0.386918191618084,True,False,,,False,,observed_profile_hessian,138,7.6529937198400013,73,9.9999999999999995e-08,9.9794595286394053e-09,c62d4f0eb0033529bc366ac3b152f351b9c208e617a08a79d83687be13657668,633c521c58fc24157b1e8d4571475686c22221e1dd4c7e77e78d6e8fb3d1bfa8,"[{""attempt"": 0, ""tolerance"": 2e-07, ""free_valid"": true, ""free_nll"": 63.242573203038454, ""free_score"": 2.3057139530990867e-11, ""sigma"": 1066.0205176022641}]",1,63.242573203038454,2.3057139530990867e-11,1147.5188644536045,1143.032606093471,newton
calibration,stress,0.10000000000000001,178,4,6,1953.2717508186643,325.54529180311073,1689.5562393876912,331.37813723135991,-0.79581445424944697,,,,1994,1994,1953,41,0,feb8c84b54620396548a4aedada1a50b44e3e5ad3bad7c30a6860f9f54d6cebf,2f292fe61e59a7c5ddd529b16cac0c7e32092e1c53297dd23930e71a0e95c8e1,990dac6e20b00811d28ad3a90dbc1a4df5804e4484933fc5bf4240f465b1ce5d,10e6620c3c865f4b2a6974810ae244d939d356efea6f49090fe3d444033911aa,e0bcc9067c39ec778ea8f9e4719f0f30fe198b91eca1c2b46107102782ae7e45,0.97580508276332323,0.024180429355294554,83.444353990418278,0.386918191618084,True,False,,,False,,observed_profile_hessian,138,7.6529937198400013,6,1e-08,5.4953019528388955e-09,ed7591eefdc1e539693b197be8b7d9318a77da74c58b3dde35207d66da14e932,995a84b025d235ade69a0935c7c5948dfe6db406d8ec49b62ee7d87b9e77290c,"[{""attempt"": 0, ""tolerance"": 2e-07, ""free_valid"": true, ""free_nll"": 64.00539429133603, ""free_score"": 3.164135620181696e-15, ""sigma"": 331.3781372313599}]",1,64.005394291336032,3.1641356201816961e-15,119.74478104657834,117.94358785540368,newton
calibration,stress,1,178,4,6,6430.7129152611196,1071.7854858768533,5011.8808255862332,1067.2142599884794,-1.3294725744108804,,,,6357,6357,6220,137,0,21879c3ed9505ce906dee31f50bd7d38ac5729f8cf95e4f987f4734801e3cd29,dc67df6b6189392937c832de9277e837684c25a1b042c87f944e93c3c4550b1b,c889ff9d3826f06d45d42650bdb041c23dcce0a283fa389ae80d4cc08bad1367,10e6620c3c865f4b2a6974810ae244d939d356efea6f49090fe3d444033911aa,e0bcc9067c39ec778ea8f9e4719f0f30fe198b91eca1c2b46107102782ae7e45,0.97580508276332323,0.024180429355294554,83.444353990418278,0.386918191618084,True,False,,,False,,observed_profile_hessian,138,7.6529937198400013,74,9.9999999999999995e-08,9.9208672567050746e-09,d2e63120d79a53c5d48f03cc309010296851b3acc91d64a5caabc2086fe0e7d7,1776a539fe0807928cbca07dec43e9f4091e9ab94c0cf02d976cb00284f13443,"[{""attempt"": 0, ""tolerance"": 2e-07, ""free_valid"": true, ""free_nll"": 66.20666284947097, ""free_score"": 1.1822701151409376e-10, ""sigma"": 1067.2142599884794}]",1,66.206662849470973,1.1822701151409376e-10,1148.9403758832518,1143.5973364462832,newton
calibration,stress,0.10000000000000001,178,4,7,2278.8170426217753,325.54529180311073,1995.4659362786504,332.43875824162905,-0.85234076749009702,,,,2178,2178,2112,66,0,feb8c84b54620396548a4aedada1a50b44e3e5ad3bad7c30a6860f9f54d6cebf,be39019b2941c8a807e05a32c9a6eb3264c5dc08c87b83e1fe036b9cc83402f6,10cdf9ff94688c2606ba3206134b4e798fcbd0af311b806762da8e807a0989c5,10e6620c3c865f4b2a6974810ae244d939d356efea6f49090fe3d444033911aa,e0bcc9067c39ec778ea8f9e4719f0f30fe198b91eca1c2b46107102782ae7e45,0.97580508276332323,0.024180429355294554,83.444353990418278,0.386918191618084,True,False,,,False,,observed_profile_hessian,138,7.6529937198400013,6,1e-08,5.4779599540445831e-09,2231bedf3055badacbf0d90f71601ac4ff1fbfcf4a8f975eba03a7bb268218c1,5f5bb893e9811818aa5169a440205454483e136a4ea5de53ce2c863889f6a122,"[{""attempt"": 0, ""tolerance"": 2e-07, ""free_valid"": true, ""free_nll"": 66.77217906054497, ""free_score"": 2.220446049250313e-16, ""sigma"": 332.43875824162905}]",1,66.772179060544971,2.2204460492503131e-16,119.59061365414271,117.46329786917147,newton
calibration,stress,1,178,4,7,7502.4984011379729,1071.7854858768533,6035.3723733304905,1068.9338489742477,-1.3725133966104088,,,,7392,7392,7201,191,0,21879c3ed9505ce906dee31f50bd7d38ac5729f8cf95e4f987f4734801e3cd29,24435a9bb8fb1f95bc508dfed6be62202b1a26fbbf6c8bd4f5b1d7acc796a72b,31231893682017292ab08dbb0b4cb4f7d068b5f17f68fd4a326d3428ae98d22e,10e6620c3c865f4b2a6974810ae244d939d356efea6f49090fe3d444033911aa,e0bcc9067c39ec778ea8f9e4719f0f30fe198b91eca1c2b46107102782ae7e45,0.97580508276332323,0.024180429355294554,83.444353990418278,0.386918191618084,True,False,,,False,,observed_profile_hessian,138,7.6529937198400013,73,9.9999999999999995e-08,9.9914164133228988e-09,d95a952b8d18277a3da731b66ab26099296815306a35c81bd117366e529c6c36,112a81566e00e2a4f9caebb9d9bb7d14c9eeb6f1a10e04690b6051472b3e9d4b,"[{""attempt"": 0, ""tolerance"": 2e-07, ""free_valid"": true, ""free_nll"": 67.30968471300767, ""free_score"": 4.1240735826342245e-10, ""sigma"": 1068.9338489742477}]",1,67.30968471300767,4.1240735826342245e-10,1150.3095533017679,1143.8753954018296,newton
calibration,stress,0.10000000000000001,178,4,8,2604.3623344248858,325.54529180311073,2361.1269249477477,334.17075047460935,-0.72787761685210506,,,,2621,2621,2561,60,0,feb8c84b54620396548a4aedada1a50b44e3e5ad3bad7c30a6860f9f54d6cebf,0c0867ab93043b56baec37a4d07c1288c466c33a18c66e21b7e4242419e43e9a,6374e5a79e2612ef06d9b84779e164b509bb8a0a578bc656807c3f1664806fdf,10e6620c3c865f4b2a6974810ae244d939d356efea6f49090fe3d444033911aa,e0bcc9067c39ec778ea8f9e4719f0f30fe198b91eca1c2b46107102782ae7e45,0.97580508276332323,0.024180429355294554,83.444353990418278,0.386918191618084,True,False,,,False,,observed_profile_hessian,138,7.6529937198400013,6,1e-08,5.4845737534246053e-09,69f9ba66417b7706ee5c127ab5bb0e97e9ee980cc9c3527d6d5d05db1b8f8e83,418bc7de61695171a5c2fd3c2e16ff50d1433fa5f9f7a349c35b602adf85374b,"[{""attempt"": 0, ""tolerance"": 2e-07, ""free_valid"": true, ""free_nll"": 71.29183502869869, ""free_score"": 8.074790835976842e-14, ""sigma"": 334.17075047460935}]",1,71.291835028698685,8.0747908359768417e-14,120.30688566686378,117.7897479465732,newton
calibration,stress,1,178,4,8,8574.2838870148262,1071.7854858768533,7101.6243909961104,1070.4638367374541,-1.3757209216026096,,,,8535,8535,8346,189,0,21879c3ed9505ce906dee31f50bd7d38ac5729f8cf95e4f987f4734801e3cd29,90fa92deb019189e2c722cc0cb5d00e2d509f8d05444ddf9105802dd7fa57565,a80461ad406d7ee353b86278f5d6ce3202548e0d2df9eb6223f5adf0dbe0a28c,10e6620c3c865f4b2a6974810ae244d939d356efea6f49090fe3d444033911aa,e0bcc9067c39ec778ea8f9e4719f0f30fe198b91eca1c2b46107102782ae7e45,0.97580508276332323,0.024180429355294554,83.444353990418278,0.386918191618084,True,False,,,False,,observed_profile_hessian,138,7.6529937198400013,74,9.9999999999999995e-08,9.9599766821816482e-09,5694b6006d76ee5096d08792913fbf143b008eecb220cfaeebfe7fd3c492d044,a8f44974e53a7e558b50f198de7e017d3232d568bad4e7fb28f807db183d7829,"[{""attempt"": 0, ""tolerance"": 2e-07, ""free_valid"": true, ""free_nll"": 64.62303574296894, ""free_score"": 1.705015989506009e-09, ""sigma"": 1070.4638367374541}]",1,64.623035742968938,1.7050159895060091e-09,1152.2570463899674,1144.6861841711532,newton
calibration,stress,0.10000000000000001,178,5,0,0,325.54529180311073,59.115555939480338,323.38434051882996,0.182802778404906,,,,0,0,0,0,0,a0f159fa1abb2a57ee0611e066251ae7d11ee336c30b1870c780a055a71360f5,a0f159fa1abb2a57ee0611e066251ae7d11ee336c30b1870c780a055a71360f5,f440d6087e5a50c4aef861dbe0f0dd7752e43e8d6fb7b0a6393f704d359bba12,10e6620c3c865f4b2a6974810ae244d939d356efea6f49090fe3d444033911aa,e0bcc9067c39ec778ea8f9e4719f0f30fe198b91eca1c2b46107102782ae7e45,0.97580508276332323,0.024180429355294554,83.444353990418278,0.386918191618084,True,False,,,False,,observed_profile_hessian,138,7.6529937198400013,6,1e-08,5.6632148596356977e-09,66a2c89ed842b816e09c3f637314ff911efa6797da08891aeb52d2dc0d11c781,b526592e661efe707aa5c52f2a015144dc560e83e6731d4d093ede581f8f8eb0,"[{""attempt"": 0, ""tolerance"": 2e-07, ""free_valid"": true, ""free_nll"": 69.51680653969731, ""free_score"": 1.9984014443252818e-15, ""sigma"": 323.38434051882996}]",1,69.516806539697313,1.9984014443252818e-15,112.71602272313532,112.65300112351737,newton
calibration,stress,1,178,5,0,0,1071.7854858768533,-541.60015807714694,1058.1124286031372,-0.51185501978474834,,,,0,0,0,0,0,0df14c3fc7f353b25dfd5d487c0da796fda7f685752afb8a3df65598b16d6fe9,0df14c3fc7f353b25dfd5d487c0da796fda7f685752afb8a3df65598b16d6fe9,f440d6087e5a50c4aef861dbe0f0dd7752e43e8d6fb7b0a6393f704d359bba12,10e6620c3c865f4b2a6974810ae244d939d356efea6f49090fe3d444033911aa,e0bcc9067c39ec778ea8f9e4719f0f30fe198b91eca1c2b46107102782ae7e45,0.97580508276332323,0.024180429355294554,83.444353990418278,0.386918191618084,True,False,,,False,,observed_profile_hessian,138,7.6529937198400013,73,9.9999999999999995e-08,9.991296950133245e-09,17bdf1d47ee281c8edd2f551775c0a76d416f25712f28b29ca8d7ccfbba01531,9c96c4ca80bdab6434443204568654e64ca1e55158e0627ba64e553049457be9,"[{""attempt"": 0, ""tolerance"": 2e-07, ""free_valid"": true, ""free_nll"": 55.07505797586129, ""free_score"": 6.661338147750939e-15, ""sigma"": 1058.1124286031372}]",1,55.075057975861291,6.6613381477509392e-15,1142.7801599166887,1143.3575461523913,newton
calibration,stress,0.10000000000000001,178,5,1,325.54529180311073,325.54529180311073,325.79325749454944,324.85756166954172,0.0007633058937102674,,,,307,307,295,12,0,a0f159fa1abb2a57ee0611e066251ae7d11ee336c30b1870c780a055a71360f5,3c185e04536f1e6c78c1f40efd82d136ebaddc0a2dcb171b13ca17379f54249b,f1816b0699215905b81e8794749760ba57267ded441d6cb7422c749bc48aaf81,10e6620c3c865f4b2a6974810ae244d939d356efea6f49090fe3d444033911aa,e0bcc9067c39ec778ea8f9e4719f0f30fe198b91eca1c2b46107102782ae7e45,0.97580508276332323,0.024180429355294554,83.444353990418278,0.386918191618084,True,False,,,False,,observed_profile_hessian,138,7.6529937198400013,6,1e-08,5.6624083908713961e-09,de32967404a84001cb356126bce443c10bffa9621fb2307ff8a0bd746232fc9a,6b314393cc1f0fdb89bf912f7448b5dfec3f27f707ddb04c82853254acb93178,"[{""attempt"": 0, ""tolerance"": 2e-07, ""free_valid"": true, ""free_nll"": 71.19062224853208, ""free_score"": 1.887379141862766e-15, ""sigma"": 324.8575616695417}]",1,71.19062224853208,1.8873791418627661e-15,113.1804432016484,112.83312324659177,newton
calibration,stress,1,178,5,1,1071.7854858768533,1071.7854858768533,373.03397131591208,1059.6670783683987,-0.65940664650715564,,,,1082,1082,1057,25,0,0df14c3fc7f353b25dfd5d487c0da796fda7f685752afb8a3df65598b16d6fe9,ec958ae834102857c6609650d8b6fd5f0c30ecd9e6497c822d80b0acb41f985f,4fc5e2f1ab5ea9a67c09d4e698fe5800f578b2e22dfbb3e3bde0180406ca2319,10e6620c3c865f4b2a6974810ae244d939d356efea6f49090fe3d444033911aa,e0bcc9067c39ec778ea8f9e4719f0f30fe198b91eca1c2b46107102782ae7e45,0.97580508276332323,0.024180429355294554,83.444353990418278,0.386918191618084,True,False,,,False,,observed_profile_hessian,138,7.6529937198400013,72,9.9999999999999995e-08,9.9849503471408267e-09,477ee06a119798bb08cbb0386ff5aebfbc8525884834e7b1738e3ac7a037701a,0eddc25f99503aa0c0f425b176b226ccb8cd7ae0b4c35a12c37bb5b3aaf69137,"[{""attempt"": 0, ""tolerance"": 2e-07, ""free_valid"": true, ""free_nll"": 56.642043442237146, ""free_score"": 9.020249047697604e-09, ""sigma"": 1059.6670783683987}]",1,56.642043442237146,9.0202490476976038e-09,1144.5358600928823,1144.1381780071681,newton
calibration,stress,0.10000000000000001,178,5,2,651.09058360622146,325.54529180311073,613.84209009794768,326.2642769468921,-0.11416663159337218,,,,623,623,605,18,0,a0f159fa1abb2a57ee0611e066251ae7d11ee336c30b1870c780a055a71360f5,3253324542c2e23dce69a28afa0f393f478008cf37b5ed058f570454110c46b4,182e6220a0f70643cedda95f39313e3098b38374b9b8d5d05c2b5d49b13795c8,10e6620c3c865f4b2a6974810ae244d939d356efea6f49090fe3d444033911aa,e0bcc9067c39ec778ea8f9e4719f0f30fe198b91eca1c2b46107102782ae7e45,0.97580508276332323,0.024180429355294554,83.444353990418278,0.386918191618084,True,False,,,False,,observed_profile_hessian,138,7.6529937198400013,6,1e-08,5.6696816326193198e-09,0dbf4c8a4db417caa27c30eb1c531dafc340ffb63276d16f71dfc932b08d314e,5b86a78f4ceb45efb59cc20878fcd31f2eb860431046676e922926f247421da5,"[{""attempt"": 0, ""tolerance"": 2e-07, ""free_valid"": true, ""free_nll"": 70.83526526783501, ""free_score"": 1.3715917290824109e-11, ""sigma"": 326.2642769468921}]",1,70.835265267835013,1.3715917290824109e-11,113.73879082925896,113.08438929626142,newton
calibration,stress,1,178,5,2,2143.5709717537065,1071.7854858768533,1543.934754905277,1061.2144521688533,-0.56504716423991885,,,,2100,2100,2051,49,0,0df14c3fc7f353b25dfd5d487c0da796fda7f685752afb8a3df65598b16d6fe9,cc0aab5bc06438c807c930907db6a473e414ad54e7050adce24e5cdee7c7a263,061dda66bfd4f912e085a5153b1852c82f72f32dbaf896f4e93a033898ef5714,10e6620c3c865f4b2a6974810ae244d939d356efea6f49090fe3d444033911aa,e0bcc9067c39ec778ea8f9e4719f0f30fe198b91eca1c2b46107102782ae7e45,0.97580508276332323,0.024180429355294554,83.444353990418278,0.386918191618084,True,False,,,False,,observed_profile_hessian,138,7.6529937198400013,72,9.9999999999999995e-08,9.9993316293393392e-09,a0aa7ee62b74d1ed4c08de65ed4d084a1b36d05875d05dec392b99af682564b3,2eec890b274a386455a30bd24e79144a934ce1082c943e1798c3cf90186bed7e,"[{""attempt"": 0, ""tolerance"": 2e-07, ""free_valid"": true, ""free_nll"": 56.58578526338869, ""free_score"": 4.274358644806853e-15, ""sigma"": 1061.2144521688533}]",1,56.585785263388694,4.2743586448068527e-15,1145.5969773976728,1143.9510275894788,newton
calibration,stress,0.10000000000000001,178,5,3,976.63587540933213,325.54529180311073,1067.9139148812517,327.81843601992136,0.2784408362755188,,,,1031,1031,1005,26,0,a0f159fa1abb2a57ee0611e066251ae7d11ee336c30b1870c780a055a71360f5,0a6d90a1413239a6ff5baf1919afe840d9b98097d6cf43752da2362970965988,6527229df5ead231ab79de9f812cc05510c2197b0a0ad2d445ea46c0d811365d,10e6620c3c865f4b2a6974810ae244d939d356efea6f49090fe3d444033911aa,e0bcc9067c39ec778ea8f9e4719f0f30fe198b91eca1c2b46107102782ae7e45,0.97580508276332323,0.024180429355294554,83.444353990418278,0.386918191618084,True,False,,,False,,observed_profile_hessian,138,7.6529937198400013,6,1e-08,5.6728664726864426e-09,affe37149cf0df501debb58e3557f34d5c93485a08729cef1df10aef703614a3,117db070c86667628292fcd4441bea828400d4a8ff844097319256af7e834735,"[{""attempt"": 0, ""tolerance"": 2e-07, ""free_valid"": true, ""free_nll"": 68.09943279256447, ""free_score"": 2.8637019422461663e-09, ""sigma"": 327.81843601992136}]",1,68.099432792564471,2.8637019422461663e-09,114.1164914994978,112.97801547401676,newton
calibration,stress,1,178,5,3,3215.3564576305598,1071.7854858768533,2574.3298543439437,1062.92533870941,-0.6030777326890544,,,,3330,3330,3246,84,0,0df14c3fc7f353b25dfd5d487c0da796fda7f685752afb8a3df65598b16d6fe9,a2bef20537da6a8211f8721520bb52ee0e8bdea2030d023731c15739b56d1cf8,42a97352c9571e6f34d6f788e2478fb68c4596ef949e13279ccf141de50261a0,10e6620c3c865f4b2a6974810ae244d939d356efea6f49090fe3d444033911aa,e0bcc9067c39ec778ea8f9e4719f0f30fe198b91eca1c2b46107102782ae7e45,0.97580508276332323,0.024180429355294554,83.444353990418278,0.386918191618084,True,False,,,False,,observed_profile_hessian,138,7.6529937198400013,73,9.9999999999999995e-08,9.8875546448259059e-09,c2b6d5b61b3fb8bbac6d0a410ad5e8838c8cddb493207df147889f7a8d3ab35f,7db69dc72be055f881b42baa8b93a19c792bbab36fbb66a17967d45a3f50a315,"[{""attempt"": 0, ""tolerance"": 2e-07, ""free_valid"": true, ""free_nll"": 55.22910018924497, ""free_score"": 1.7064127888488656e-13, ""sigma"": 1062.92533870941}]",1,55.229100189244967,1.7064127888488656e-13,1147.2616536814094,1144.5172257083207,newton
calibration,stress,0.10000000000000001,178,5,4,1302.1811672124429,325.54529180311073,1293.9415888225494,328.90611438972508,-0.025051460065379973,,,,1261,1261,1227,34,0,a0f159fa1abb2a57ee0611e066251ae7d11ee336c30b1870c780a055a71360f5,b8faaff8877dc1c0dad57c543edabe2482d0c07bb28d383a6e71006e63c2709c,65fef1ea2d58b04b636f7d86ef91085cf14751a53c91ae02a0863647a5b12b48,10e6620c3c865f4b2a6974810ae244d939d356efea6f49090fe3d444033911aa,e0bcc9067c39ec778ea8f9e4719f0f30fe198b91eca1c2b46107102782ae7e45,0.97580508276332323,0.024180429355294554,83.444353990418278,0.386918191618084,True,False,,,False,,observed_profile_hessian,138,7.6529937198400013,6,1e-08,5.6498634248411466e-09,a013eafad80927cc8f1b4530260c4c486f8c465eb2d66fbc295c0de402c0595e,db3211d8f07b2fad61afe73fd4b4aaaa54e756294d961d94c446be6f08b2c072,"[{""attempt"": 0, ""tolerance"": 2e-07, ""free_valid"": true, ""free_nll"": 71.20013272397406, ""free_score"": 1.1226189089441618e-08, ""sigma"": 328.9061143897251}]",1,71.200132723974065,1.1226189089441618e-08,114.06474731156833,112.68530889736699,newton
calibration,stress,1,178,5,4,4287.1419435074131,1071.7854858768533,3689.4437559427442,1064.732420539405,-0.56135999621563926,,,,4423,4423,4303,120,0,0df14c3fc7f353b25dfd5d487c0da796fda7f685752afb8a3df65598b16d6fe9,19d219ee1fcc9ba3d6e51f2f784379cc63241fc9b1f6da43134bbf66d413517a,8ea26b6edd7790dad4d9d05a23e0829bc2ef49c058efa447b45b045d44b51331,10e6620c3c865f4b2a6974810ae244d939d356efea6f49090fe3d444033911aa,e0bcc9067c39ec778ea8f9e4719f0f30fe198b91eca1c2b46107102782ae7e45,0.97580508276332323,0.024180429355294554,83.444353990418278,0.386918191618084,True,False,,,False,,observed_profile_hessian,138,7.6529937198400013,73,9.9999999999999995e-08,9.9241554762438542e-09,1dba7cc92503f9cfb38f67cd992604b927d2dbc1f424127aaa2921818ac67cf3,f4618e5279d375a391ca8024872974d99aa6cb364f4627c96175a7208af88c51,"[{""attempt"": 0, ""tolerance"": 2e-07, ""free_valid"": true, ""free_nll"": 55.180166558761734, ""free_score"": 3.519351476910515e-12, ""sigma"": 1064.732420539405}]",1,55.180166558761734,3.519351476910515e-12,1148.465382395407,1144.5321596843155,newton
calibration,stress,0.10000000000000001,178,5,5,1627.7264590155537,325.54529180311073,1611.4572240860816,330.93611016486801,-0.04916125629616834,,,,1659,1659,1614,45,0,a0f159fa1abb2a57ee0611e066251ae7d11ee336c30b1870c780a055a71360f5,b22ad8a210e76c16beb2f30d959394d5f519eca142d386543658ccb9776b3d5e,c604d946f5c434c9e8ec002778f3a1e091d24064f5e4bcbd81ebb2550379e971,10e6620c3c865f4b2a6974810ae244d939d356efea6f49090fe3d444033911aa,e0bcc9067c39ec778ea8f9e4719f0f30fe198b91eca1c2b46107102782ae7e45,0.97580508276332323,0.024180429355294554,83.444353990418278,0.386918191618084,True,False,,,False,,observed_profile_hessian,138,7.6529937198400013,6,1e-08,5.6829519706040606e-09,b3e6ad71cf9a674a4fe192b83ee4018ee9ce21fbbc0671ab6abce937f106294b,23cf905d9ac4c77036ea84bebd97fea41dfd8c5dabc299ed69b864b73bf31d07,"[{""attempt"": 0, ""tolerance"": 2e-07, ""free_valid"": true, ""free_nll"": 68.76530734942835, ""free_score"": 1.0690238316790612e-07, ""sigma"": 330.936110164868}]",1,68.765307349428355,1.0690238316790612e-07,114.95196832343696,113.23403451796329,newton
calibration,stress,1,178,5,5,5358.9274293842664,1071.7854858768533,4634.1104435495172,1066.08657648901,-0.67988566953147556,,,,5392,5392,5261,131,0,0df14c3fc7f353b25dfd5d487c0da796fda7f685752afb8a3df65598b16d6fe9,7858be53fde9bcb94ca4d1ec8a284f663c60c854885f792b7c2e7f3c81f32a8f,35fc299131b35b37e675f3932344eb9d60bf4e49d1cedd2b3885b2a90b3dc1de,10e6620c3c865f4b2a6974810ae244d939d356efea6f49090fe3d444033911aa,e0bcc9067c39ec778ea8f9e4719f0f30fe198b91eca1c2b46107102782ae7e45,0.97580508276332323,0.024180429355294554,83.444353990418278,0.386918191618084,True,False,,,False,,observed_profile_hessian,138,7.6529937198400013,73,9.9999999999999995e-08,9.9178678403338717e-09,a645ea4e410a9fbff381c741cd6c4fd1dda4c610736e8bff20c2b83921d1c2ce,67c648b1bd5e426a46ca0d1099007d1d46c1d289fa7e5b253ba07b9af7495862,"[{""attempt"": 0, ""tolerance"": 2e-07, ""free_valid"": true, ""free_nll"": 56.624180437692445, ""free_score"": 2.741112892223896e-11, ""sigma"": 1066.08657648901}]",1,56.624180437692445,2.7411128922238959e-11,1149.6041327788907,1144.663824795359,newton
calibration,stress,0.10000000000000001,178,5,6,1953.2717508186643,325.54529180311073,1816.6928319271863,331.70853009936144,-0.41174376447469274,,,,1881,1881,1834,47,0,a0f159fa1abb2a57ee0611e066251ae7d11ee336c30b1870c780a055a71360f5,5be07fbc1c4838ab5547c59adca42890f6dec72d1ac4b851de1f1435c3ac0fb5,233558c6975aeda5a852b5f210416c85ac8d1e3f33ab3b6a4cb2108503807cc2,10e6620c3c865f4b2a6974810ae244d939d356efea6f49090fe3d444033911aa,e0bcc9067c39ec778ea8f9e4719f0f30fe198b91eca1c2b46107102782ae7e45,0.97580508276332323,0.024180429355294554,83.444353990418278,0.386918191618084,True,False,,,False,,observed_profile_hessian,138,7.6529937198400013,6,1e-08,5.6858290473328319e-09,c423afb0e4706d1c7034619b52f0dca08ad0ab96c09832b29920e46102ecdba2,8521fdc4b725c9fea89c1f6848344a32237a0f250ff9d4d2c61d4f764926b9d5,"[{""attempt"": 0, ""tolerance"": 2e-07, ""free_valid"": true, ""free_nll"": 65.65333192029905, ""free_score"": 2.3314683517128287e-15, ""sigma"": 331.70853009936144}]",1,65.653331920299053,2.3314683517128287e-15,115.33562946787154,113.3988991696786,newton
calibration,stress,1,178,5,6,6430.7129152611196,1071.7854858768533,5747.6524455862327,1067.4292356298924,-0.63991171206006114,,,,6396,6396,6245,151,0,0df14c3fc7f353b25dfd5d487c0da796fda7f685752afb8a3df65598b16d6fe9,8d9594f82810e74b8d42dfa94a25c278909e2dfd040630e6f07c6f5b2c12a824,97f868d139179a723bb3b4263c636318a6f151900e022b27a3ca7c0d8ef17f8c,10e6620c3c865f4b2a6974810ae244d939d356efea6f49090fe3d444033911aa,e0bcc9067c39ec778ea8f9e4719f0f30fe198b91eca1c2b46107102782ae7e45,0.97580508276332323,0.024180429355294554,83.444353990418278,0.386918191618084,True,False,,,False,,observed_profile_hessian,138,7.6529937198400013,72,9.9999999999999995e-08,9.9598927052232122e-09,afe3c761c6a83b04e6b8a35d2f19b6c8d97fe1feea24bafdd5badb9da38e4d0d,0e60ac199dea0dd6fbc94fe7a4a69d41780865e56d10ab2b34bccf64f7438a56,"[{""attempt"": 0, ""tolerance"": 2e-07, ""free_valid"": true, ""free_nll"": 53.08993539991971, ""free_score"": 1.618969402983339e-10, ""sigma"": 1067.4292356298924}]",1,53.08993539991971,1.618969402983339e-10,1150.6070268369867,1144.4795998778343,newton
calibration,stress,0.10000000000000001,178,5,7,2278.8170426217753,325.54529180311073,2170.3844524848864,333.70344086067763,-0.32493698553788614,,,,2316,2316,2250,66,0,a0f159fa1abb2a57ee0611e066251ae7d11ee336c30b1870c780a055a71360f5,3ff0ad59fce15d99154147700c001f5ea927da0c9a6dd3c15cf02584cdb03b4f,ca2ef4d2c07f1c05423ccbdccc7a8efde36056b4b081a3b67879aba5bcb02672,10e6620c3c865f4b2a6974810ae244d939d356efea6f49090fe3d444033911aa,e0bcc9067c39ec778ea8f9e4719f0f30fe198b91eca1c2b46107102782ae7e45,0.97580508276332323,0.024180429355294554,83.444353990418278,0.386918191618084,True,False,,,False,,observed_profile_hessian,138,7.6529937198400013,6,1e-08,5.6897754211832827e-09,eb85d3599b0f0d15ff5d5c171e057f0df32130748109c16bce92a0f3fe26dc57,19b1f24412503ce9fd69f836022fb185bc8640dff0578364a70640be9defc605,"[{""attempt"": 0, ""tolerance"": 2e-07, ""free_valid"": true, ""free_nll"": 71.64099927553154, ""free_score"": 3.4416913763379853e-15, ""sigma"": 333.70344086067763}]",1,71.640999275531541,3.4416913763379853e-15,116.04787261267032,113.73408061989008,newton
calibration,stress,1,178,5,7,7502.4984011379729,1071.7854858768533,6731.6614057143852,1069.1803727250096,-0.72096066771125156,,,,7572,7572,7392,180,0,0df14c3fc7f353b25dfd5d487c0da796fda7f685752afb8a3df65598b16d6fe9,a8a5f5564645e4a938b4cf5dcbe32b9a5f9b7e20aaba35b8cd7909304434962d,353308f4ec833aba33848f96ddd0bcdd83098d8c5fe11fea3d0767127232f0a6,10e6620c3c865f4b2a6974810ae244d939d356efea6f49090fe3d444033911aa,e0bcc9067c39ec778ea8f9e4719f0f30fe198b91eca1c2b46107102782ae7e45,0.97580508276332323,0.024180429355294554,83.444353990418278,0.386918191618084,True,False,,,False,,observed_profile_hessian,138,7.6529937198400013,72,9.9999999999999995e-08,9.94091586954106e-09,4b7cc3e8c9f08c3b0a566247339ba18e0da8ce8d28f19657dd2e2788a1df844b,5af07f762d4e8a374edbf0dde2fd25a42e014679ce5a50db92673235ba7ec62e,"[{""attempt"": 0, ""tolerance"": 2e-07, ""free_valid"": true, ""free_nll"": 57.105072776398096, ""free_score"": 6.574550903692966e-10, ""sigma"": 1069.1803727250096}]",1,57.105072776398096,6.5745509036929661e-10,1152.5571813251274,1145.3807272914576,newton
calibration,stress,0.10000000000000001,178,5,8,2604.3623344248858,325.54529180311073,2586.6723097127729,335.05272747036298,-0.05279773379453459,,,,2619,2619,2548,71,0,a0f159fa1abb2a57ee0611e066251ae7d11ee336c30b1870c780a055a71360f5,b282e679383fa75d0092c0e89335ed0e175f5770fb4204d660aa43cc2f423029,ed38abfb7abb3b92753ad08fdb1cdf8fc0d56fcb444d75b2fec07559e5f8e0af,10e6620c3c865f4b2a6974810ae244d939d356efea6f49090fe3d444033911aa,e0bcc9067c39ec778ea8f9e4719f0f30fe198b91eca1c2b46107102782ae7e45,0.97580508276332323,0.024180429355294554,83.444353990418278,0.386918191618084,True,False,,,False,,observed_profile_hessian,138,7.6529937198400013,6,1e-08,5.6955018312769887e-09,d753bc59c1e7034fc5dc09e7e77c4a44b370f1abe754c67d36f80addf98d1703,10e42944ce94786a00fc15fa962677c49e6abbd278f4d20abe122652f64ff3dc,"[{""attempt"": 0, ""tolerance"": 2e-07, ""free_valid"": true, ""free_nll"": 76.3569855613247, ""free_score"": 5.140332604014475e-14, ""sigma"": 335.052727470363}]",1,76.356985561324706,5.1403326040144748e-14,115.89375043228679,113.13616447957344,newton
calibration,stress,1,178,5,8,8574.2838870148262,1071.7854858768533,7757.2441947538846,1070.8169982352708,-0.7630059044705495,,,,8604,8604,8392,212,0,0df14c3fc7f353b25dfd5d487c0da796fda7f685752afb8a3df65598b16d6fe9,8183cc49ad0256c1257a7ff3348b3a0d467e7ad940be10d27463d138c4d5e1e1,38c83104cd7f1af011a428331fe44284363e2ab127959cdc4b98703c5dc22a00,10e6620c3c865f4b2a6974810ae244d939d356efea6f49090fe3d444033911aa,e0bcc9067c39ec778ea8f9e4719f0f30fe198b91eca1c2b46107102782ae7e45,0.97580508276332323,0.024180429355294554,83.444353990418278,0.386918191618084,True,False,,,False,,observed_profile_hessian,138,7.6529937198400013,73,9.9999999999999995e-08,9.9362556054711769e-09,78332f46b03f8837268adc9f9a47183fe1a2b597dd78d2cbddb61afd485933d5,606450693013cc71d04b27f31e95bfa557efb0fa3d9a3210e3505b3d8e48d778,"[{""attempt"": 0, ""tolerance"": 2e-07, ""free_valid"": true, ""free_nll"": 55.395358784915715, ""free_score"": 1.9861454703118397e-09, ""sigma"": 1070.8169982352708}]",1,55.395358784915715,1.9861454703118397e-09,1154.1724543985813,1145.9026524824678,newton
calibration,stress,0.10000000000000001,178,6,0,0,325.54529180311073,181.9068455505512,324.06612540072922,0.56132631982318837,,,,0,0,0,0,0,a716d3833c0c6925cc8ebea943cc1d4a65f1d5a2dbcf71c5d1f83c595294febc,a716d3833c0c6925cc8ebea943cc1d4a65f1d5a2dbcf71c5d1f83c595294febc,f440d6087e5a50c4aef861dbe0f0dd7752e43e8d6fb7b0a6393f704d359bba12,10e6620c3c865f4b2a6974810ae244d939d356efea6f49090fe3d444033911aa,e0bcc9067c39ec778ea8f9e4719f0f30fe198b91eca1c2b46107102782ae7e45,0.97580508276332323,0.024180429355294554,83.444353990418278,0.386918191618084,True,False,,,False,,observed_profile_hessian,138,7.6529937198400013,6,1e-08,5.6407597797115279e-09,c3ec77f4b625cd9851a3ebcf88b87d344f880f4376ff31f8194fdfc8641afc43,4eec22f5f204d299803f06d3e5b4b86a800dc59245e970a5ecdeabc1978a7eab,"[{""attempt"": 0, ""tolerance"": 2e-07, ""free_valid"": true, ""free_nll"": 64.66771507722552, ""free_score"": 7.327471962526033e-15, ""sigma"": 324.0661254007292}]",1,64.667715077225523,7.3274719625260332e-15,114.40866829029221,114.21474200124932,newton
calibration,stress,1,178,6,0,0,1071.7854858768533,1829.0440272167757,1054.3728436975014,1.7347222456931248,,,,0,0,0,0,0,e14c1583a4089331fe9c9cc7fbab55287e9429bb54639d8e46e980e3cd2a87bc,e14c1583a4089331fe9c9cc7fbab55287e9429bb54639d8e46e980e3cd2a87bc,f440d6087e5a50c4aef861dbe0f0dd7752e43e8d6fb7b0a6393f704d359bba12,10e6620c3c865f4b2a6974810ae244d939d356efea6f49090fe3d444033911aa,e0bcc9067c39ec778ea8f9e4719f0f30fe198b91eca1c2b46107102782ae7e45,0.97580508276332323,0.024180429355294554,83.444353990418278,0.386918191618084,True,False,,,False,,observed_profile_hessian,138,7.6529937198400013,73,9.9999999999999995e-08,9.9310719235714937e-09,0ebf3ba13234c9dd924320857ae90843639e7ce0101627ff1f425a0134c6db66,42aacaf568a9f4743a06e29cd0df2e7553a5875d5f9b8ed5100edd6b0574c209,"[{""attempt"": 0, ""tolerance"": 2e-07, ""free_valid"": true, ""free_nll"": 62.26732846609204, ""free_score"": 7.771561172376096e-15, ""sigma"": 1054.3728436975014}]",1,62.267328466092039,7.7715611723760958e-15,1131.3199761892783,1129.3700785940521,newton
calibration,stress,0.10000000000000001,178,6,1,325.54529180311073,325.54529180311073,505.91972890803277,325.76507600839324,0.55369482608465603,,,,345,345,330,15,0,a716d3833c0c6925cc8ebea943cc1d4a65f1d5a2dbcf71c5d1f83c595294febc,ffc6ff7acb9ac02e8d205ace2ac481a362c52a89486404133bc0635e6a9ae053,f5017eb4efdc771532a167cf4dcc72c5f9cd6f4ebaf71a6b3157f575add5f110,10e6620c3c865f4b2a6974810ae244d939d356efea6f49090fe3d444033911aa,e0bcc9067c39ec778ea8f9e4719f0f30fe198b91eca1c2b46107102782ae7e45,0.97580508276332323,0.024180429355294554,83.444353990418278,0.386918191618084,True,False,,,False,,observed_profile_hessian,138,7.6529937198400013,6,1e-08,5.6536164044570508e-09,d3c673593a3e851b2e32384c7b1eddc0e416f31f5abf58e97cf098df63eb8ce7,897f4dbe7a950e7b5e195a19c02c6aff261ae15da71f8a7734fd3c21c6e73172,"[{""attempt"": 0, ""tolerance"": 2e-07, ""free_valid"": true, ""free_nll"": 65.79721369318023, ""free_score"": 4.785061236134425e-14, ""sigma"": 325.76507600839324}]",1,65.797213693180225,4.7850612361344247e-14,114.89357656506,114.35422833281629,newton
calibration,stress,1,178,6,1,1071.7854858768533,1071.7854858768533,2906.2642967941183,1056.0748971457917,1.7370726412257615,,,,1126,1126,1090,36,0,e14c1583a4089331fe9c9cc7fbab55287e9429bb54639d8e46e980e3cd2a87bc,203c9b605925cccf9e9591b216ee9956cd9853c9e9c7b87f4e0820b07dc2c547,a03ff5e9ef33a1a92b4377f4e5105beb3ca4802ff78b82f70c351e6f519ef22c,10e6620c3c865f4b2a6974810ae244d939d356efea6f49090fe3d444033911aa,e0bcc9067c39ec778ea8f9e4719f0f30fe198b91eca1c2b46107102782ae7e45,0.97580508276332323,0.024180429355294554,83.444353990418278,0.386918191618084,True,False,,,False,,observed_profile_hessian,138,7.6529937198400013,73,9.9999999999999995e-08,9.9079036356829297e-09,576d4d95a3bafaf4d9ff49825af01f08bd37cc4811d4528c0448da3eab727605,17f824ecc3e1381aff9f27cf68aebede4e1d7d0a8dcf99f5ef6e3d669d23e084,"[{""attempt"": 0, ""tolerance"": 2e-07, ""free_valid"": true, ""free_nll"": 62.26867193307715, ""free_score"": 2.978728375069295e-13, ""sigma"": 1056.0748971457917}]",1,62.268671933077151,2.978728375069295e-13,1132.7410041416658,1129.6427092515019,newton
calibration,stress,0.10000000000000001,178,6,2,651.09058360622146,325.54529180311073,841.26922305176174,326.98444715274229,0.58161371619214441,,,,660,660,647,13,0,a716d3833c0c6925cc8ebea943cc1d4a65f1d5a2dbcf71c5d1f83c595294febc,0a533e248cee083f50d242404123c9ce89874241e74feec36b9ba46116b62804,d40ad0b037830901c3e5bb75a3fad3ccf7a294084fcdd18cb99e7f9793543bd1,10e6620c3c865f4b2a6974810ae244d939d356efea6f49090fe3d444033911aa,e0bcc9067c39ec778ea8f9e4719f0f30fe198b91eca1c2b46107102782ae7e45,0.97580508276332323,0.024180429355294554,83.444353990418278,0.386918191618084,True,False,,,False,,observed_profile_hessian,138,7.6529937198400013,6,1e-08,5.6572570863524677e-09,447dc065dda56de155166a05840ad292f2e487dedf792c4c2a5288b81fd0b25d,86686de43ded09ee5fc1cab7af3c4655b586f41e5eef73cfd9ce1302e906edee,"[{""attempt"": 0, ""tolerance"": 2e-07, ""free_valid"": true, ""free_nll"": 61.95011787783417, ""free_score"": 6.681166730970745e-11, ""sigma"": 326.9844471527423}]",1,61.950117877834167,6.6811667309707445e-11,115.20850919710141,114.31165334751171,newton
calibration,stress,1,178,6,2,2143.5709717537065,1071.7854858768533,3965.9133690182985,1057.5148868564302,1.7232309633783869,,,,2144,2144,2090,54,0,e14c1583a4089331fe9c9cc7fbab55287e9429bb54639d8e46e980e3cd2a87bc,49c8b27e33877be0fda307f118e8bc9f2925067bfea0acaf8ef71928da2644ea,e51c879f4de08cdd68a31e3c00e260de3ad17e0d3647674bd8a6f4e0a505820d,10e6620c3c865f4b2a6974810ae244d939d356efea6f49090fe3d444033911aa,e0bcc9067c39ec778ea8f9e4719f0f30fe198b91eca1c2b46107102782ae7e45,0.97580508276332323,0.024180429355294554,83.444353990418278,0.386918191618084,True,False,,,False,,observed_profile_hessian,138,7.6529937198400013,73,9.9999999999999995e-08,9.9000567579595157e-09,9488027f7c9204697e604c351248cac160ebc28a861e5f89beb1c9e50266cf13,6e2a3bb2bb8bca773418733588ac391cbbf5f31e5d83dca69668c21aa706b14a,"[{""attempt"": 0, ""tolerance"": 2e-07, ""free_valid"": true, ""free_nll"": 63.789417642153985, ""free_score"": 5.2334803157805254e-12, ""sigma"": 1057.5148868564302}]",1,63.789417642153985,5.2334803157805254e-12,1133.681138036477,1129.4531780606355,newton
calibration,stress,0.10000000000000001,178,6,3,976.63587540933213,325.54529180311073,1026.1405537295209,328.39655229960118,0.15074664448676942,,,,942,942,916,26,0,a716d3833c0c6925cc8ebea943cc1d4a65f1d5a2dbcf71c5d1f83c595294febc,4ac7736b72b2f352bd57a21d07d39689fb6b3f49808cc9b28bc78bda8824cbce,0e091b1937ecd65ee0bf77be2b788ee06cf86bfc2edb34a414866bb69d72f7df,10e6620c3c865f4b2a6974810ae244d939d356efea6f49090fe3d444033911aa,e0bcc9067c39ec778ea8f9e4719f0f30fe198b91eca1c2b46107102782ae7e45,0.97580508276332323,0.024180429355294554,83.444353990418278,0.386918191618084,True,False,,,False,,observed_profile_hessian,138,7.6529937198400013,6,1e-08,5.6485689981881971e-09,87e5839443d6d92257d02c55ccd4ce679b2db6c9d8a90ca17501fbf2dee0cc0c,dafe2d7e9566e6cb8773356a724669ac089d08b2bb595385c5d3eb02ab341fd5,"[{""attempt"": 0, ""tolerance"": 2e-07, ""free_valid"": true, ""free_nll"": 64.29519967329104, ""free_score"": 7.680722724501265e-10, ""sigma"": 328.3965522996012}]",1,64.295199673291037,7.6807227245012655e-10,115.72417327541895,114.63023077414084,newton
calibration,stress,1,178,6,3,3215.3564576305598,1071.7854858768533,4911.1705158495888,1059.1393656729676,1.6011245669652963,,,,3267,3267,3186,81,0,e14c1583a4089331fe9c9cc7fbab55287e9429bb54639d8e46e980e3cd2a87bc,082b1875f8d76bcea4dee483fb264bba488ef3ff4066cf5d4ae7b5e05243bb3d,d51f63444db66f69c6be2352e1459407cc5093ac81b600a5f1dd7947b1b8c3be,10e6620c3c865f4b2a6974810ae244d939d356efea6f49090fe3d444033911aa,e0bcc9067c39ec778ea8f9e4719f0f30fe198b91eca1c2b46107102782ae7e45,0.97580508276332323,0.024180429355294554,83.444353990418278,0.386918191618084,True,False,,,False,,observed_profile_hessian,138,7.6529937198400013,73,9.9999999999999995e-08,9.9840414557258148e-09,6280e2c7fd878c571f32579b30379e833e29adaf91b1227d3c4d01dfa8f2c3f0,c4b4c7fb7e1679ba36da5b718d6ec771f280b376af56090199e84d66d98a8c78,"[{""attempt"": 0, ""tolerance"": 2e-07, ""free_valid"": true, ""free_nll"": 63.051227867642574, ""free_score"": 4.1217917967628637e-11, ""sigma"": 1059.1393656729676}]",1,63.051227867642574,4.1217917967628637e-11,1135.4063766259399,1130.1707019040068,newton
calibration,stress,0.10000000000000001,178,6,4,1302.1811672124429,325.54529180311073,1404.5257002500912,329.73795756664737,0.31038141254017487,,,,1266,1266,1237,29,0,a716d3833c0c6925cc8ebea943cc1d4a65f1d5a2dbcf71c5d1f83c595294febc,165f4b04046d35ab19f8c64eae3da8896e28de103ff959006d5d26673072a04d,29f2c1543a857fe620c5a4b55221d754b0ac20129dbf2da235ddf216afa62d49,10e6620c3c865f4b2a6974810ae244d939d356efea6f49090fe3d444033911aa,e0bcc9067c39ec778ea8f9e4719f0f30fe198b91eca1c2b46107102782ae7e45,0.97580508276332323,0.024180429355294554,83.444353990418278,0.386918191618084,True,False,,,False,,observed_profile_hessian,138,7.6529937198400013,6,1e-08,5.6463908592818154e-09,ba340e8d4eb1d536da32ad61703fce0ea64a34fcadca407a260988e599959b65,5181d223a8282e2bc6f3ac5b619ca51c64e018dce61bdd56ae3d0dd76526bb97,"[{""attempt"": 0, ""tolerance"": 2e-07, ""free_valid"": true, ""free_nll"": 64.18743519856436, ""free_score"": 1.5192682334408403e-08, ""sigma"": 329.73795756664737}]",1,64.187435198564359,1.5192682334408403e-08,116.09202159399774,114.59469225440907,newton
calibration,stress,1,178,6,4,4287.1419435074131,1071.7854858768533,5965.2839305074131,1060.6944643707118,1.5821162864233549,,,,4244,4244,4144,100,0,e14c1583a4089331fe9c9cc7fbab55287e9429bb54639d8e46e980e3cd2a87bc,762d0519aa999e10302b4406f9829e53d3df16155861b6ac6c5f74e479d2764a,58ce2a421e549a1caedf4284a339b5d9f86e0be439c686af81362b6676e0ff67,10e6620c3c865f4b2a6974810ae244d939d356efea6f49090fe3d444033911aa,e0bcc9067c39ec778ea8f9e4719f0f30fe198b91eca1c2b46107102782ae7e45,0.97580508276332323,0.024180429355294554,83.444353990418278,0.386918191618084,True,False,,,False,,observed_profile_hessian,138,7.6529937198400013,73,9.9999999999999995e-08,9.7940607737632382e-09,e06a5a11c13fdfcca31e9d6801b4f326a1fb0119d185c8c100e4b2a35e8d0d70,767e59a180b262176b73d444d0399c60596579bf6cebc5ecf160b433fc5f1211,"[{""attempt"": 0, ""tolerance"": 2e-07, ""free_valid"": true, ""free_nll"": 61.693482825438636, ""free_score"": 2.0472379347324932e-10, ""sigma"": 1060.6944643707118}]",1,61.693482825438636,2.0472379347324932e-10,1137.131234978478,1130.7717965954459,newton
calibration,stress,0.10000000000000001,178,6,5,1627.7264590155537,325.54529180311073,1844.2238624414854,331.31530139453764,0.65344824858578365,,,,1633,1633,1590,43,0,a716d3833c0c6925cc8ebea943cc1d4a65f1d5a2dbcf71c5d1f83c595294febc,7265e87c69c02f5b4c795d165b3338def73b302ecd8352422a3cbe39d7ddac9d,d2f4644d4745ccd00ef6140c6d9dbaf171ca32cff9f8aa70b00b73fd4547bb3c,10e6620c3c865f4b2a6974810ae244d939d356efea6f49090fe3d444033911aa,e0bcc9067c39ec778ea8f9e4719f0f30fe198b91eca1c2b46107102782ae7e45,0.97580508276332323,0.024180429355294554,83.444353990418278,0.386918191618084,True,False,,,False,,observed_profile_hessian,138,7.6529937198400013,6,1e-08,5.6594393023532575e-09,7bc24999be44402f453b992197fc3f74c9cdbb461203e7c70a5a8393635d51b0,cb7e7f6973347bfe4a786f2eb15bae3b49570718f894e5298bb72c1604e957d5,"[{""attempt"": 0, ""tolerance"": 2e-07, ""free_valid"": true, ""free_nll"": 70.078847068461, ""free_score"": 1.4204647125204417e-07, ""sigma"": 331.31530139453764}]",1,70.078847068461002,1.4204647125204417e-07,116.37682924041859,114.41074880663837,newton
calibration,stress,1,178,6,5,5358.9274293842664,1071.7854858768533,7012.006040553124,1062.078971651227,1.5564554569786806,,,,5340,5340,5232,108,0,e14c1583a4089331fe9c9cc7fbab55287e9429bb54639d8e46e980e3cd2a87bc,bd9a37e29db67fa509d636470d471cdcb034f6a7803fac07f73dd932c6685711,da52dcabc2c3fdbb0b2621b5731b00bd902d077e232ea50a5fbb007d8cf951b4,10e6620c3c865f4b2a6974810ae244d939d356efea6f49090fe3d444033911aa,e0bcc9067c39ec778ea8f9e4719f0f30fe198b91eca1c2b46107102782ae7e45,0.97580508276332323,0.024180429355294554,83.444353990418278,0.386918191618084,True,False,,,False,,observed_profile_hessian,138,7.6529937198400013,73,9.9999999999999995e-08,9.9253747103183319e-09,6e36b83a7968b2995b02399dfb9025f320cf4f7b56344a0908e5ef94ab64c5ff,e161508a9685b216978f4761dbdf1274cad9046e12a93a1d3360a498b8ff978f,"[{""attempt"": 0, ""tolerance"": 2e-07, ""free_valid"": true, ""free_nll"": 62.39279234648365, ""free_score"": 8.963155773145104e-10, ""sigma"": 1062.078971651227}]",1,62.392792346483652,8.9631557731451039e-10,1137.8350628364151,1130.3597404752622,newton
calibration,stress,0.10000000000000001,178,6,6,1953.2717508186643,325.54529180311073,2065.2836627890042,332.82685240310184,0.33654709997580723,,,,1987,1987,1943,44,0,a716d3833c0c6925cc8ebea943cc1d4a65f1d5a2dbcf71c5d1f83c595294febc,2fa77fceb0c928a229c75a77dbe8796195f55892619d08320304c825bc089e6d,dad7a1a934f4d43764f7341fdabfdc30dc3e74bf1a864890538b4ecb37ddd648,10e6620c3c865f4b2a6974810ae244d939d356efea6f49090fe3d444033911aa,e0bcc9067c39ec778ea8f9e4719f0f30fe198b91eca1c2b46107102782ae7e45,0.97580508276332323,0.024180429355294554,83.444353990418278,0.386918191618084,True,False,,,False,,observed_profile_hessian,138,7.6529937198400013,6,1e-08,5.6229846466776938e-09,cc2099dad5c9459def54778c20387a7a828636d33d86b544c69b952f0082536a,cca62be8ebfde419df13bfc60843ab953ba231167e656e1013f9bea9b31c0040,"[{""attempt"": 0, ""tolerance"": 2e-07, ""free_valid"": true, ""free_nll"": 69.84592570878507, ""free_score"": 2.1649348980190553e-15, ""sigma"": 332.82685240310184}]",1,69.845925708785074,2.1649348980190553e-15,117.12625521965789,114.92450852159712,newton
calibration,stress,1,178,6,6,6430.7129152611196,1071.7854858768533,7952.1060837561108,1063.7998844054453,1.4301497779775503,,,,6465,6465,6313,152,0,e14c1583a4089331fe9c9cc7fbab55287e9429bb54639d8e46e980e3cd2a87bc,8bed879bf84a60017c151c4a22b8940f0c6f0dee4b95fd6913516950ba88b4cd,e5ff8e72e93740c46cd8179fb9fe67d23ad181730240fd433d0b441797464c15,10e6620c3c865f4b2a6974810ae244d939d356efea6f49090fe3d444033911aa,e0bcc9067c39ec778ea8f9e4719f0f30fe198b91eca1c2b46107102782ae7e45,0.97580508276332323,0.024180429355294554,83.444353990418278,0.386918191618084,True,False,,,False,,observed_profile_hessian,138,7.6529937198400013,73,9.9999999999999995e-08,9.9874463399176737e-09,52ae95de4aa87e00b84e9ce3d7c1b9878b73e9c65c83381aa561e4594c7ca022,5281f6f43363b39614950ad44fe852f654389e66ebb64fa277f81199f25773c1,"[{""attempt"": 0, ""tolerance"": 2e-07, ""free_valid"": true, ""free_nll"": 59.24759472162051, ""free_score"": 2.5804843817311962e-09, ""sigma"": 1063.7998844054453}]",1,59.247594721620509,2.5804843817311962e-09,1140.0998581862073,1131.6223189367586,newton
calibration,stress,0.10000000000000001,178,6,7,2278.8170426217753,325.54529180311073,2311.3533110474868,333.61003562281564,0.097527846741689586,,,,2182,2182,2127,55,0,a716d3833c0c6925cc8ebea943cc1d4a65f1d5a2dbcf71c5d1f83c595294febc,62fed7db0f0e5be332bbd09a2767ebc52ea1dcb335b267b38b7d39fc6226b1dc,ed608cc3234eaec338260f952ece472de78efc0cee21a8ee5fbb573d370e9da3,10e6620c3c865f4b2a6974810ae244d939d356efea6f49090fe3d444033911aa,e0bcc9067c39ec778ea8f9e4719f0f30fe198b91eca1c2b46107102782ae7e45,0.97580508276332323,0.024180429355294554,83.444353990418278,0.386918191618084,True,False,,,False,,observed_profile_hessian,138,7.6529937198400013,6,1e-08,5.6429738105688283e-09,7c56b46b4470dedcb1e49728266f7ff33de02dafbb33731a800d704968d62603,330ab25ff64e32e047a0994026133dbb94559f85622af460cf22deacecbabead,"[{""attempt"": 0, ""tolerance"": 2e-07, ""free_valid"": true, ""free_nll"": 65.80281621728057, ""free_score"": 1.4432899320127035e-14, ""sigma"": 333.61003562281564}]",1,65.802816217280565,1.4432899320127035e-14,117.03035457615823,114.56627924726209,newton
calibration,stress,1,178,6,7,7502.4984011379729,1071.7854858768533,8931.9013915146988,1065.1647196542906,1.3419548770265808,,,,7411,7411,7234,177,0,e14c1583a4089331fe9c9cc7fbab55287e9429bb54639d8e46e980e3cd2a87bc,7e57aed0aa025c65d788c663d6f8197604bb6c6334b6be5a92079e17b32228d3,4cb7a53ee97a4e3ddb88064cfaa581a40f6c9d618682fdfbd091b30f7246ec87,10e6620c3c865f4b2a6974810ae244d939d356efea6f49090fe3d444033911aa,e0bcc9067c39ec778ea8f9e4719f0f30fe198b91eca1c2b46107102782ae7e45,0.97580508276332323,0.024180429355294554,83.444353990418278,0.386918191618084,True,False,,,False,,observed_profile_hessian,138,7.6529937198400013,73,9.9999999999999995e-08,9.9466354860391477e-09,4c9015162ec18f71e7b8afa293533f571fa9d2d0d54f6c4b46835b2f30f5afc1,4245a768d9ebe4caa05488ff02e7f414f94469ef9b32560c96a3c5ad971b6613,"[{""attempt"": 0, ""tolerance"": 2e-07, ""free_valid"": true, ""free_nll"": 64.86406072625807, ""free_score"": 6.293989995853622e-09, ""sigma"": 1065.1647196542906}]",1,64.864060726258074,6.2939899958536216e-09,1140.9236259097311,1131.401551654026,newton
calibration,stress,0.10000000000000001,178,6,8,2604.3623344248858,325.54529180311073,2730.3479601064646,336.11325276571176,0.37483087811892152,,,,2691,2691,2617,74,0,a716d3833c0c6925cc8ebea943cc1d4a65f1d5a2dbcf71c5d1f83c595294febc,51cb2a8be5f960c78c7a2a80bc1bdf29dc6902b10aa9a7bdee1fc0722b05f7a3,47a5a277e0363c6a68fc774f0cb41713912612776ed3db3f16b7197fc4e327ac,10e6620c3c865f4b2a6974810ae244d939d356efea6f49090fe3d444033911aa,e0bcc9067c39ec778ea8f9e4719f0f30fe198b91eca1c2b46107102782ae7e45,0.97580508276332323,0.024180429355294554,83.444353990418278,0.386918191618084,True,False,,,False,,observed_profile_hessian,138,7.6529937198400013,6,1e-08,5.6631601394100299e-09,094941400feefebe68501a2ea1130d483920c3820a2577e088299683a250693a,d5e460db93b9d5e99a3c8f0c8f290137b3a0b964ca2097f39ae79be4739cc0a1,"[{""attempt"": 0, ""tolerance"": 2e-07, ""free_valid"": true, ""free_nll"": 69.07624629091958, ""free_score"": 6.905587213168474e-14, ""sigma"": 336.11325276571176}]",1,69.076246290919585,6.9055872131684737e-14,118.11497674267758,115.20422181151075,newton
calibration,stress,1,178,6,8,8574.2838870148262,1071.7854858768533,10191.211619075386,1067.5116471369445,1.5146698739982309,,,,8798,8798,8566,232,0,e14c1583a4089331fe9c9cc7fbab55287e9429bb54639d8e46e980e3cd2a87bc,5a72dd9fc6354c522a06f5e6463225a4aa9242fdaa1f12f269a9f1c230a61dde,ed6b4ca0ed16cb59deed01f76d25e293efd7de3e8dfa9431aa9d50b265b825fe,10e6620c3c865f4b2a6974810ae244d939d356efea6f49090fe3d444033911aa,e0bcc9067c39ec778ea8f9e4719f0f30fe198b91eca1c2b46107102782ae7e45,0.97580508276332323,0.024180429355294554,83.444353990418278,0.386918191618084,True,False,,,False,,observed_profile_hessian,138,7.6529937198400013,73,9.9999999999999995e-08,9.9407329084874839e-09,4eb57db59b0045f99efc0e5da42866dcd47df961c90172328a68cc7171129c5d,6d6b5133ebec9c9045993ab93524d9c09edb0d67a85006ec3b077162189f70ff,"[{""attempt"": 0, ""tolerance"": 2e-07, ""free_valid"": true, ""free_nll"": 59.91069345788043, ""free_score"": 1.72873452219946e-08, ""sigma"": 1067.5116471369445}]",1,59.910693457880427,1.7287345221994599e-08,1143.3183707217354,1132.4537776705142,newton
calibration,stress,0.10000000000000001,178,7,0,0,325.54529180311073,-139.96490255104445,323.79987118726535,-0.43225743740366596,,,,0,0,0,0,0,fd3d2a172a5dcd51003d203616f02677bbd23ee46f7fa9e04db623b7338ed26e,fd3d2a172a5dcd51003d203616f02677bbd23ee46f7fa9e04db623b7338ed26e,f440d6087e5a50c4aef861dbe0f0dd7752e43e8d6fb7b0a6393f704d359bba12,10e6620c3c865f4b2a6974810ae244d939d356efea6f49090fe3d444033911aa,e0bcc9067c39ec778ea8f9e4719f0f30fe198b91eca1c2b46107102782ae7e45,0.97580508276332323,0.024180429355294554,83.444353990418278,0.386918191618084,True,False,,,False,,observed_profile_hessian,138,7.6529937198400013,6,1e-08,5.6235278288023169e-09,d073aad1458a70f7e83959957332b34616dc861c256ac1aa101d336a764aad52,3e66322af3c15ae6c50d7e1b5e283271d64c321966ba38644a8ad15820ddbfc6,"[{""attempt"": 0, ""tolerance"": 2e-07, ""free_valid"": true, ""free_nll"": 57.88747669150079, ""free_score"": 4.550027021821279e-12, ""sigma"": 323.79987118726535}]",1,57.887476691500787,4.550027021821279e-12,114.01243378623086,114.16164683022502,newton
calibration,stress,1,178,7,0,0,1071.7854858768533,-1068.7216679367132,1061.1715091633321,-1.0071149278963718,,,,0,0,0,0,0,7a7223507c31bceb13b03bfedcaf0d2853b26fe13137c24c403385721e7babd5,7a7223507c31bceb13b03bfedcaf0d2853b26fe13137c24c403385721e7babd5,f440d6087e5a50c4aef861dbe0f0dd7752e43e8d6fb7b0a6393f704d359bba12,10e6620c3c865f4b2a6974810ae244d939d356efea6f49090fe3d444033911aa,e0bcc9067c39ec778ea8f9e4719f0f30fe198b91eca1c2b46107102782ae7e45,0.97580508276332323,0.024180429355294554,83.444353990418278,0.386918191618084,True,False,,,False,,observed_profile_hessian,138,7.6529937198400013,74,9.9999999999999995e-08,9.9524921266614341e-09,5bab93e94c98da1ed247ec8c03a2e904229499d96af27828a88a24715b82a4f2,07c4e8875157ddb695e9dc7fddabc7ae8a6ea26a3b016c788df02ea835fb46d1,"[{""attempt"": 0, ""tolerance"": 2e-07, ""free_valid"": true, ""free_nll"": 64.33842753287321, ""free_score"": 1.174060848541103e-14, ""sigma"": 1061.171509163332}]",1,64.338427532873212,1.174060848541103e-14,1131.8058129097401,1132.945150060332,newton
calibration,stress,0.10000000000000001,178,7,1,325.54529180311073,325.54529180311073,236.04265759162297,325.33173140464254,-0.27511191061829066,,,,329,329,322,7,0,fd3d2a172a5dcd51003d203616f02677bbd23ee46f7fa9e04db623b7338ed26e,0eee6e88633ac66f1f6d96558445af92349c4814660fa4b962a7317286d89408,4a9310b7ae216dc970c12b8a689b72e4a3358d740cd14ad1af31e27fdf7d4647,10e6620c3c865f4b2a6974810ae244d939d356efea6f49090fe3d444033911aa,e0bcc9067c39ec778ea8f9e4719f0f30fe198b91eca1c2b46107102782ae7e45,0.97580508276332323,0.024180429355294554,83.444353990418278,0.386918191618084,True,False,,,False,,observed_profile_hessian,138,7.6529937198400013,6,1e-08,5.6346669840221655e-09,80e0c710a72fd00b829a46f3d96dcbab3fc41ed7dbb63671c62d9b8b64bce116,98ebcd121b0b67ed92b4e268fe540f22d54e2a454c143426b0cac979e85d798b,"[{""attempt"": 0, ""tolerance"": 2e-07, ""free_valid"": true, ""free_nll"": 58.33327160444103, ""free_score"": 1.5543122344752192e-15, ""sigma"": 325.33173140464254}]",1,58.33327160444103,1.5543122344752192e-15,114.37331834484783,114.12167923525838,newton
calibration,stress,1,178,7,1,1071.7854858768533,1071.7854858768533,87.941030969791981,1062.8462771714053,-0.92566956862793492,,,,1104,1104,1073,31,0,7a7223507c31bceb13b03bfedcaf0d2853b26fe13137c24c403385721e7babd5,d2fab5c059522511ad711779f784c70b8a438f966b367d3907e128453edbf320,0983c6566a0ac311059c076f5f3b29d9a55a9eca038057fc50855fc66133b0a6,10e6620c3c865f4b2a6974810ae244d939d356efea6f49090fe3d444033911aa,e0bcc9067c39ec778ea8f9e4719f0f30fe198b91eca1c2b46107102782ae7e45,0.97580508276332323,0.024180429355294554,83.444353990418278,0.386918191618084,True,False,,,False,,observed_profile_hessian,138,7.6529937198400013,75,9.9999999999999995e-08,9.9869260558825238e-09,655f2e0769b4943991243181927fd7f770641a533399dd39b12ebec77be60160,1f3f3cdd7a5e7f09e927b2ba4ebf87b3bf718acee706ee2e8f808a1e5bcf500a,"[{""attempt"": 0, ""tolerance"": 2e-07, ""free_valid"": true, ""free_nll"": 63.53326421023208, ""free_score"": 1.1388065712658602e-08, ""sigma"": 1062.8462771714053}]",1,63.533264210232083,1.1388065712658602e-08,1133.1866286392622,1133.0928769294846,newton
calibration,stress,0.10000000000000001,178,7,2,651.09058360622146,325.54529180311073,501.43004069343971,326.64952552065711,-0.45816856055196475,,,,661,661,649,12,0,fd3d2a172a5dcd51003d203616f02677bbd23ee46f7fa9e04db623b7338ed26e,a9fa85d7e3b9fb7ec02b02e04273683f7534875091549519a1fcc738192052a2,540560dc42db6539a838619323e3657dafbe2f1090d028cec2782152ecb5aa20,10e6620c3c865f4b2a6974810ae244d939d356efea6f49090fe3d444033911aa,e0bcc9067c39ec778ea8f9e4719f0f30fe198b91eca1c2b46107102782ae7e45,0.97580508276332323,0.024180429355294554,83.444353990418278,0.386918191618084,True,False,,,False,,observed_profile_hessian,138,7.6529937198400013,6,1e-08,5.6286435859967976e-09,b949188261ddf5444f6c99e9dec4e894c7f6e524a3149ec1c34c50dd994bf005,406372d85e70859060ac9ef5c7a8547434315fbf229d719bab8d78571c4c95c3,"[{""attempt"": 0, ""tolerance"": 2e-07, ""free_valid"": true, ""free_nll"": 58.64562486274442, ""free_score"": 5.331290964250002e-13, ""sigma"": 326.6495255206571}]",1,58.64562486274442,5.3312909642500017e-13,114.88132181127226,114.34675992212509,newton
calibration,stress,1,178,7,2,2143.5709717537065,1071.7854858768533,974.92098408573042,1064.2367579165002,-1.0981109034007526,,,,2111,2111,2065,46,0,7a7223507c31bceb13b03bfedcaf0d2853b26fe13137c24c403385721e7babd5,cf2c46633b53843061829693e8fe7c02f6177d560139bc2fe6ffff16c3c6eeb0,116d332ec0d02c871323641d3d41823a4050e11d0a062368b1be86d078fd6247,10e6620c3c865f4b2a6974810ae244d939d356efea6f49090fe3d444033911aa,e0bcc9067c39ec778ea8f9e4719f0f30fe198b91eca1c2b46107102782ae7e45,0.97580508276332323,0.024180429355294554,83.444353990418278,0.386918191618084,True,False,,,False,,observed_profile_hessian,138,7.6529937198400013,74,9.9999999999999995e-08,9.9595731080881562e-09,a09b29745936e85256c597c2fe9d319ad93f82544972134bf657f0599e6e930e,145a6ab44ec4e43c3e1cb8d55606d87ef9f3c6a8b7bcb199d2598e1d6686d49f,"[{""attempt"": 0, ""tolerance"": 2e-07, ""free_valid"": true, ""free_nll"": 64.97503159647022, ""free_score"": 1.061850360972727e-07, ""sigma"": 1064.2367579165002}]",1,64.975031596470217,1.061850360972727e-07,1134.3324838677074,1133.2931452546852,newton
calibration,stress,0.10000000000000001,178,7,3,976.63587540933213,325.54529180311073,772.24948629981816,328.0298784230003,-0.62307247770263818,,,,953,953,933,20,0,fd3d2a172a5dcd51003d203616f02677bbd23ee46f7fa9e04db623b7338ed26e,170384e2caf60337b3c1c102404f58dd5817990a9ff74e66ea250e3c4ff0d9a6,b68cd5fb9228d82996caf3e4a3f6ed2c41aeefe3f64226b65d054d8cef31bc59,10e6620c3c865f4b2a6974810ae244d939d356efea6f49090fe3d444033911aa,e0bcc9067c39ec778ea8f9e4719f0f30fe198b91eca1c2b46107102782ae7e45,0.97580508276332323,0.024180429355294554,83.444353990418278,0.386918191618084,True,False,,,False,,observed_profile_hessian,138,7.6529937198400013,6,1e-08,5.6262384562519238e-09,18aa16f2a588518aa5d8df28d8a4c6386602e0836bd1f55212826226db09e800,9e4ba6d8f28894d855a5592c7ec3289963a4fce225b35cd73b86b42e8d70df16,"[{""attempt"": 0, ""tolerance"": 2e-07, ""free_valid"": true, ""free_nll"": 59.696121228802184, ""free_score"": 6.511857719715408e-11, ""sigma"": 328.0298784230003}]",1,59.696121228802184,6.5118577197154082e-11,115.18760393680363,114.36432828359692,newton
calibration,stress,1,178,7,3,3215.3564576305598,1071.7854858768533,2043.7463335242824,1066.0350843253884,-1.0990352393961775,,,,3260,3260,3191,69,0,7a7223507c31bceb13b03bfedcaf0d2853b26fe13137c24c403385721e7babd5,9649c92693cc21f70e20ea58af86964b3257196f2f844d39308f9f507a60ff57,724f0503811b16962eef16cac20031f97d8f759c3f6fbe1b80f55eae07de4159,10e6620c3c865f4b2a6974810ae244d939d356efea6f49090fe3d444033911aa,e0bcc9067c39ec778ea8f9e4719f0f30fe198b91eca1c2b46107102782ae7e45,0.97580508276332323,0.024180429355294554,83.444353990418278,0.386918191618084,True,False,,,False,,observed_profile_hessian,138,7.6529937198400013,74,9.9999999999999995e-08,9.9836339592335543e-09,20b1f34f3028763b59e339d7583ec6a07740dd6e061d736b83a35699d7e4f8ab,0cc7ec88cf9c3ba6441950ca579aaa95b11c623adf26b63677e5b93515ee673a,"[{""attempt"": 0, ""tolerance"": 2e-07, ""free_valid"": true, ""free_nll"": 66.04070186757808, ""free_score"": 3.813616089587413e-14, ""sigma"": 1066.0350843253884}]",1,66.040701867578079,3.8136160895874127e-14,1136.2541416947956,1134.0753553989537,newton
calibration,stress,0.10000000000000001,178,7,4,1302.1811672124429,325.54529180311073,1205.2436024874814,329.58602656803652,-0.29411915831010099,,,,1298,1298,1268,30,0,fd3d2a172a5dcd51003d203616f02677bbd23ee46f7fa9e04db623b7338ed26e,1d2f5d1bf92d5b23292059da25848cd20b2e2d0289578e623e35c1c522629be9,f9619642500de8d12c1aef1eb50156d76cfede21d606419feb4f5a66365942b2,10e6620c3c865f4b2a6974810ae244d939d356efea6f49090fe3d444033911aa,e0bcc9067c39ec778ea8f9e4719f0f30fe198b91eca1c2b46107102782ae7e45,0.97580508276332323,0.024180429355294554,83.444353990418278,0.386918191618084,True,False,,,False,,observed_profile_hessian,138,7.6529937198400013,6,1e-08,5.6344983464815238e-09,aa1c606f202b3bcff122bfb29ca778b66f5abfe5d86dea57e3fd8487538f3868,8ab9e88da53294388d4c2da64309a19be724d2bb218b81f41668e6cde4078444,"[{""attempt"": 0, ""tolerance"": 2e-07, ""free_valid"": true, ""free_nll"": 61.44899522325933, ""free_score"": 3.2286099349576602e-09, ""sigma"": 329.5860265680365}]",1,61.448995223259331,3.2286099349576602e-09,115.31908231339285,114.03420257994638,newton
calibration,stress,1,178,7,4,4287.1419435074131,1071.7854858768533,3243.3767527535397,1067.3997976822927,-0.97785777458480083,,,,4221,4221,4128,93,0,7a7223507c31bceb13b03bfedcaf0d2853b26fe13137c24c403385721e7babd5,80e4e5b0679be8f493c3136ed9fd5983571b2bd70df9684b455f4a8d68c242ed,8f0338e6c33e80744580bf70206484aa9f76d00d70bf44cff90c7c16674876ef,10e6620c3c865f4b2a6974810ae244d939d356efea6f49090fe3d444033911aa,e0bcc9067c39ec778ea8f9e4719f0f30fe198b91eca1c2b46107102782ae7e45,0.97580508276332323,0.024180429355294554,83.444353990418278,0.386918191618084,True,False,,,False,,observed_profile_hessian,138,7.6529937198400013,74,9.9999999999999995e-08,9.9933185425413161e-09,c498471da69cfe1decd3a7e143297995dded1074160629b8bbb0dfe62595345f,ee1907b9a088cdb72b6f3757e4e530cb1154182ad8bfe664a5628c10067c0cb4,"[{""attempt"": 0, ""tolerance"": 2e-07, ""free_valid"": true, ""free_nll"": 64.17876402513122, ""free_score"": 1.0752509993494641e-12, ""sigma"": 1067.3997976822927}]",1,64.178764025131215,1.0752509993494641e-12,1136.8230017533647,1133.3653197968345,newton
calibration,stress,0.10000000000000001,178,7,5,1627.7264590155537,325.54529180311073,1544.0179219651327,331.1983365972377,-0.25274443679412839,,,,1695,1695,1662,33,0,fd3d2a172a5dcd51003d203616f02677bbd23ee46f7fa9e04db623b7338ed26e,3a19fe7fabcef496d350c0be129f47017e5f632fb54ce08534d5c3655f9af6e8,9c2ffa76c103bcb5843a6b06cb510c2756dece317ee24685d0074f9d289b8949,10e6620c3c865f4b2a6974810ae244d939d356efea6f49090fe3d444033911aa,e0bcc9067c39ec778ea8f9e4719f0f30fe198b91eca1c2b46107102782ae7e45,0.97580508276332323,0.024180429355294554,83.444353990418278,0.386918191618084,True,False,,,False,,observed_profile_hessian,138,7.6529937198400013,6,1e-08,5.6530233591962262e-09,c0bb887e1677e627775ab55eb91668c6dffd00de4b4125221ca97fe8bad34e13,aaf3317b174df89265a242cf3c97a1d5775aa615d399b1fffb1c430a9785d54a,"[{""attempt"": 0, ""tolerance"": 2e-07, ""free_valid"": true, ""free_nll"": 60.64059304822125, ""free_score"": 4.642764117601672e-08, ""sigma"": 331.1983365972377}]",1,60.640593048221248,4.6427641176016721e-08,116.08428566937128,114.43824719887732,newton
calibration,stress,1,178,7,5,5358.9274293842664,1071.7854858768533,4097.9419298464491,1068.9057404886048,-1.1796975652515547,,,,5305,5305,5196,109,0,7a7223507c31bceb13b03bfedcaf0d2853b26fe13137c24c403385721e7babd5,a4e38a1225e59ff95f86144471974f53862f4224bc0064faa7c28e1150cc26c4,c232fb2432a2e360ee64834f43fb373ea326cb71739c8543947ebc125557f600,10e6620c3c865f4b2a6974810ae244d939d356efea6f49090fe3d444033911aa,e0bcc9067c39ec778ea8f9e4719f0f30fe198b91eca1c2b46107102782ae7e45,0.97580508276332323,0.024180429355294554,83.444353990418278,0.386918191618084,True,False,,,False,,observed_profile_hessian,138,7.6529937198400013,74,9.9999999999999995e-08,9.9316758669545433e-09,69cf62dd891a98094be1cd0ba7c0154f78648ffef51707fedbebb1bc110da8c1,a35d6d8c3bc4b1ea885b44f97500191504ed3fc9b4b3ceaaa8f957193467865d,"[{""attempt"": 0, ""tolerance"": 2e-07, ""free_valid"": true, ""free_nll"": 63.535431173423355, ""free_score"": 1.1628864537982508e-11, ""sigma"": 1068.9057404886048}]",1,63.535431173423355,1.1628864537982508e-11,1138.8231169993676,1134.4544047127949,newton
calibration,stress,0.10000000000000001,178,7,6,1953.2717508186643,325.54529180311073,1644.5792652375044,332.2848409190953,-0.92899960385589875,,,,1956,1956,1907,49,0,fd3d2a172a5dcd51003d203616f02677bbd23ee46f7fa9e04db623b7338ed26e,a78878cc2f8e48aab830e85d973380042788ad88913b4fb6a63e78e6939692b4,42069d633612b49a612d66b312a2fb75ae727c6113e2fe8e2459853cd23538d7,10e6620c3c865f4b2a6974810ae244d939d356efea6f49090fe3d444033911aa,e0bcc9067c39ec778ea8f9e4719f0f30fe198b91eca1c2b46107102782ae7e45,0.97580508276332323,0.024180429355294554,83.444353990418278,0.386918191618084,True,False,,,False,,observed_profile_hessian,138,7.6529937198400013,6,1e-08,5.6458825010497786e-09,bf0f043c686a04903759eef0c627d0e0e62efcb2162c9eff2fb2bb85a65a82ed,88fe861c85a184d2641ae29e671fb00d10447a63c623ff9a11c44a4c0e737916,"[{""attempt"": 0, ""tolerance"": 2e-07, ""free_valid"": true, ""free_nll"": 56.478463538719645, ""free_score"": 1.0238438663545679e-07, ""sigma"": 332.2848409190953}]",1,56.478463538719645,1.0238438663545679e-07,116.62517791637438,114.87193354022602,newton
calibration,stress,1,178,7,6,6430.7129152611196,1071.7854858768533,5017.8310965886012,1070.6355781158588,-1.3196664182960893,,,,6391,6391,6235,156,0,7a7223507c31bceb13b03bfedcaf0d2853b26fe13137c24c403385721e7babd5,13d949fd092fad3ea5353fbd11b3c751348abf594f9031adf1351bb0ba07206e,bff42cd58d1ea0773a0a4a063b05c54ad91a08d915e12713c2512e06d94ccdee,10e6620c3c865f4b2a6974810ae244d939d356efea6f49090fe3d444033911aa,e0bcc9067c39ec778ea8f9e4719f0f30fe198b91eca1c2b46107102782ae7e45,0.97580508276332323,0.024180429355294554,83.444353990418278,0.386918191618084,True,False,,,False,,observed_profile_hessian,138,7.6529937198400013,75,9.9999999999999995e-08,9.9968146691850379e-09,f0175f581e7ebfbf65d9f93a4fde448f5e5c9128efd698a6157e331391a02903,486965406c5987e6641836fea4a47134280175e4c2aed5047d317672007b5092,"[{""attempt"": 0, ""tolerance"": 2e-07, ""free_valid"": true, ""free_nll"": 64.22772925538246, ""free_score"": 6.388756190744971e-11, ""sigma"": 1070.6355781158588}]",1,64.227729255382457,6.3887561907449708e-11,1140.0674360889968,1134.7180532185482,newton
calibration,stress,0.10000000000000001,178,7,7,2278.8170426217753,325.54529180311073,2046.9903736972678,334.04777610853222,-0.69399255287718753,,,,2334,2334,2270,64,0,fd3d2a172a5dcd51003d203616f02677bbd23ee46f7fa9e04db623b7338ed26e,19c5983a9587ad4abf84d98b36296ca7920d608f3532c042e7afb2581f5199f0,4d6544a9fdb124a151d2bd9b3d08d466f61949859ef936f5a603dd4bdc1a4b33,10e6620c3c865f4b2a6974810ae244d939d356efea6f49090fe3d444033911aa,e0bcc9067c39ec778ea8f9e4719f0f30fe198b91eca1c2b46107102782ae7e45,0.97580508276332323,0.024180429355294554,83.444353990418278,0.386918191618084,True,False,,,False,,observed_profile_hessian,138,7.6529937198400013,6,1e-08,5.6424188670890548e-09,c95a01b96fb07d3519bfca2a7a0da0e14efe895b840d52a9544b09ec77ab26b5,a0bdc2dc420f2bdfda94c948a9d7eaf66feff3b540bae35c1ba00f612a2eff79,"[{""attempt"": 0, ""tolerance"": 2e-07, ""free_valid"": true, ""free_nll"": 62.484079980943456, ""free_score"": 4.440892098500626e-15, ""sigma"": 334.0477761085322}]",1,62.484079980943456,4.4408920985006262e-15,117.27853407770371,115.09628939264971,newton
calibration,stress,1,178,7,7,7502.4984011379729,1071.7854858768533,6124.4880249331936,1072.0093434374085,-1.2854462366775419,,,,7496,7496,7322,174,0,7a7223507c31bceb13b03bfedcaf0d2853b26fe13137c24c403385721e7babd5,1ec714da46d10f24c222fd2a7c57ee29b7c25d8b74de8ea44e235289df4f1aa2,3638deb5ce6f3bc0d4393fd5149610b5e4f0120dbf00cee2d9fa2922caac9b71,10e6620c3c865f4b2a6974810ae244d939d356efea6f49090fe3d444033911aa,e0bcc9067c39ec778ea8f9e4719f0f30fe198b91eca1c2b46107102782ae7e45,0.97580508276332323,0.024180429355294554,83.444353990418278,0.386918191618084,True,False,,,False,,observed_profile_hessian,138,7.6529937198400013,74,9.9999999999999995e-08,9.9445376066598004e-09,2929e04433dacc5738951def35d6780017ba790d48d986d4b7d133b8eef8399b,059bf4cc2cbb593bff65808e54764fb7f34785acab7fbeb354dc3c6daffe3d33,"[{""attempt"": 0, ""tolerance"": 2e-07, ""free_valid"": true, ""free_nll"": 63.44896622529659, ""free_score"": 3.300751338919383e-10, ""sigma"": 1072.0093434374085}]",1,63.448966225296587,3.3007513389193832e-10,1141.3018240100655,1134.7726621669899,newton
calibration,stress,0.10000000000000001,178,7,8,2604.3623344248858,325.54529180311073,2394.4835475317909,334.95238838716091,-0.62659289549684483,,,,2609,2609,2552,57,0,fd3d2a172a5dcd51003d203616f02677bbd23ee46f7fa9e04db623b7338ed26e,e67f86542f7b7249f2888d31f58df5ef1399a25ddbbf380ba2ac2561cdca25e1,fa1d5a482366cf15a8fc70c84d06639698dd33a90b7db95db2d05fff76c95c4b,10e6620c3c865f4b2a6974810ae244d939d356efea6f49090fe3d444033911aa,e0bcc9067c39ec778ea8f9e4719f0f30fe198b91eca1c2b46107102782ae7e45,0.97580508276332323,0.024180429355294554,83.444353990418278,0.386918191618084,True,False,,,False,,observed_profile_hessian,138,7.6529937198400013,6,1e-08,5.6616780401560482e-09,6af92bd028e8851cc0d4de8638c4216e2563cc80a63f6d57694fab72b1ebee6e,cd734ca3acb7548f4446c550d0f337dd718de121041f9cb8a0623891045e1ab3,"[{""attempt"": 0, ""tolerance"": 2e-07, ""free_valid"": true, ""free_nll"": 62.8376974685154, ""free_score"": 8.326672684688674e-15, ""sigma"": 334.9523883871609}]",1,62.837697468515401,8.3266726846886741e-15,116.8189609851989,114.26626261289904,newton
calibration,stress,1,178,7,8,8574.2838870148262,1071.7854858768533,7279.6020378665617,1073.6470220092908,-1.2058729010632518,,,,8588,8588,8394,194,0,7a7223507c31bceb13b03bfedcaf0d2853b26fe13137c24c403385721e7babd5,938dc55ae8c7acdb3aec6dbea9436fd5545f1407e49c85082c1e060d396ce6a3,82dc3a9bb531bbb8c111d343ca8e7e82932e34c27bb7eba36402aee751e8d125,10e6620c3c865f4b2a6974810ae244d939d356efea6f49090fe3d444033911aa,e0bcc9067c39ec778ea8f9e4719f0f30fe198b91eca1c2b46107102782ae7e45,0.97580508276332323,0.024180429355294554,83.444353990418278,0.386918191618084,True,False,,,False,,observed_profile_hessian,138,7.6529937198400013,74,9.9999999999999995e-08,9.9956547312830805e-09,6021881c86d803aa2bf757190c06a328b497da9c9c79f64b1adf5ab076c6ad55,afb26a4b6ae284d29d7d5588d3126ebaec3d7dc2c3c9ae9c68ce637c15e5457b,"[{""attempt"": 0, ""tolerance"": 2e-07, ""free_valid"": true, ""free_nll"": 66.98060466818937, ""free_score"": 1.224933265930872e-09, ""sigma"": 1073.6470220092908}]",1,66.980604668189372,1.224933265930872e-09,1142.1816940055846,1134.4210943171017,newton
calibration,stress,0.10000000000000001,178,8,0,0,325.54529180311073,-204.22140966196685,323.06958571399736,-0.63212824324093819,,,,0,0,0,0,0,4f6c66a60737e9508cfbaf23ad48981d868f99a8199c138973f99bc20c7a188f,4f6c66a60737e9508cfbaf23ad48981d868f99a8199c138973f99bc20c7a188f,f440d6087e5a50c4aef861dbe0f0dd7752e43e8d6fb7b0a6393f704d359bba12,10e6620c3c865f4b2a6974810ae244d939d356efea6f49090fe3d444033911aa,e0bcc9067c39ec778ea8f9e4719f0f30fe198b91eca1c2b46107102782ae7e45,0.97580508276332323,0.024180429355294554,83.444353990418278,0.386918191618084,True,False,,,False,,observed_profile_hessian,138,7.6529937198400013,6,1e-08,5.6393764104660881e-09,007c09379a547a7dc6cdaaf8189f47901cbece4b0b6f290d5718257f70549511,4e6bda8078920ce5280925dd329fce9f87812f038c4791161115d2a56b2eac28,"[{""attempt"": 0, ""tolerance"": 2e-07, ""free_valid"": true, ""free_nll"": 64.07244969858968, ""free_score"": 2.909767982117728e-10, ""sigma"": 323.06958571399736}]",1,64.072449698589679,2.909767982117728e-10,115.20345872131232,115.42117400299394,newton
calibration,stress,1,178,8,0,0,1071.7854858768533,269.25062020028423,1062.9142580317,0.2533135840127701,,,,0,0,0,0,0,c23593ab7233dc56f0f7eb16b145aebd18962fb36329557cd7f633441287c285,c23593ab7233dc56f0f7eb16b145aebd18962fb36329557cd7f633441287c285,f440d6087e5a50c4aef861dbe0f0dd7752e43e8d6fb7b0a6393f704d359bba12,10e6620c3c865f4b2a6974810ae244d939d356efea6f49090fe3d444033911aa,e0bcc9067c39ec778ea8f9e4719f0f30fe198b91eca1c2b46107102782ae7e45,0.97580508276332323,0.024180429355294554,83.444353990418278,0.386918191618084,True,False,,,False,,observed_profile_hessian,138,7.6529937198400013,74,9.9999999999999995e-08,9.8599395526457687e-09,b60bbbd30fa6d753c12de14c9d28aa21aaddb1759ca4363a4592ea6e17f571e8,fc1d0604b25a72708a7c99023beddd3241003348ceba91b68df3854868a53743,"[{""attempt"": 0, ""tolerance"": 2e-07, ""free_valid"": true, ""free_nll"": 55.84921903627892, ""free_score"": 3.552713678800501e-15, ""sigma"": 1062.9142580317}]",1,55.849219036278917,3.5527136788005009e-15,1138.2476200410779,1137.9605787621206,newton
calibration,stress,0.10000000000000001,178,8,1,325.54529180311073,325.54529180311073,124.44121068603881,324.63830965748832,-0.61947119343138535,,,,341,341,333,8,0,4f6c66a60737e9508cfbaf23ad48981d868f99a8199c138973f99bc20c7a188f,fdad0015f9b88a7eb1ec555ad81805ad8a663e83d3deb1e10b90f3511d8e37dc,41eebd0618ce057c6f1737df2537c3a524f14008a20293c4948ad15d3d3764d6,10e6620c3c865f4b2a6974810ae244d939d356efea6f49090fe3d444033911aa,e0bcc9067c39ec778ea8f9e4719f0f30fe198b91eca1c2b46107102782ae7e45,0.97580508276332323,0.024180429355294554,83.444353990418278,0.386918191618084,True,False,,,False,,observed_profile_hessian,138,7.6529937198400013,6,1e-08,5.6330077610059655e-09,24dc749207cf76ee8c075c1cf679741817cced44ff2da287fb3d0a3dae857eee,ca7d54cdfe5bda46e9a55cf25a2b036f6d9a74e29bc404086880d05c58c297f0,"[{""attempt"": 0, ""tolerance"": 2e-07, ""free_valid"": true, ""free_nll"": 63.88735408307895, ""free_score"": 7.185363415374013e-13, ""sigma"": 324.6383096574883}]",1,63.887354083078947,7.1853634153740131e-13,115.62461957398693,115.49195594541754,newton
calibration,stress,1,178,8,1,1071.7854858768533,1071.7854858768533,1341.7611999491471,1064.4775737980076,0.25362273543164726,,,,1077,1077,1057,20,0,c23593ab7233dc56f0f7eb16b145aebd18962fb36329557cd7f633441287c285,6da1eebb941cbf2dec7d8483515e36fb53ab459997af850757fc2586813d4eb1,0a0edcb1445cdbedf6d0ea3f6df3721088aa67c9e3a44972823d8119ed060134,10e6620c3c865f4b2a6974810ae244d939d356efea6f49090fe3d444033911aa,e0bcc9067c39ec778ea8f9e4719f0f30fe198b91eca1c2b46107102782ae7e45,0.97580508276332323,0.024180429355294554,83.444353990418278,0.386918191618084,True,False,,,False,,observed_profile_hessian,138,7.6529937198400013,73,9.9999999999999995e-08,9.9614243947790033e-09,d4e8bf9b6baf5c14c864235b7c6d8090e16c6cdd57fe782987fc28593af43cfb,44a926ae9cc94591e3266f4021cb9319338e441405b1eaff2677f1863ded5458,"[{""attempt"": 0, ""tolerance"": 2e-07, ""free_valid"": true, ""free_nll"": 55.30098559442183, ""free_score"": 9.658538902002078e-08, ""sigma"": 1064.4775737980076}]",1,55.300985594421832,9.6585389020020784e-08,1139.5623789439901,1138.1319612513498,newton
calibration,stress,0.10000000000000001,178,8,2,651.09058360622146,325.54529180311073,372.61148208819634,326.31545180871706,-0.85340458128616858,,,,693,693,673,20,0,4f6c66a60737e9508cfbaf23ad48981d868f99a8199c138973f99bc20c7a188f,ae19c135a03c0f94718a097e3001bc2237f46e168c77a799aadef0d8aa37b191,07db0f2cf34e48a6cdcfef07a4c33ae8358c4727c6bf014f5c7c853b11c069f0,10e6620c3c865f4b2a6974810ae244d939d356efea6f49090fe3d444033911aa,e0bcc9067c39ec778ea8f9e4719f0f30fe198b91eca1c2b46107102782ae7e45,0.97580508276332323,0.024180429355294554,83.444353990418278,0.386918191618084,True,False,,,False,,observed_profile_hessian,138,7.6529937198400013,6,1e-08,5.6439150657394365e-09,64656130d6bc15ae6c21da59e6cbca1f9d717a6c4c6efead81d6924e10063da6,854bd3d39b3111b82881629769a53806d332c95a538465744a4b6f38b87dc55a,"[{""attempt"": 0, ""tolerance"": 2e-07, ""free_valid"": true, ""free_nll"": 65.90181267684756, ""free_score"": 6.217248937900877e-15, ""sigma"": 326.31545180871706}]",1,65.901812676847555,6.2172489379008766e-15,116.33525978503326,115.93802810440333,newton
calibration,stress,1,178,8,2,2143.5709717537065,1071.7854858768533,2363.5271016216539,1066.2441999995988,0.20629057571242129,,,,2194,2194,2138,56,0,c23593ab7233dc56f0f7eb16b145aebd18962fb36329557cd7f633441287c285,94a52567aa439de073f0a09a0d8e1ef38d61ab39554a7eaf2b09acf65fd04052,b1f51233ff82b271329234f8b66abc3cede0093c7f6e4b25e2c38e8852c58e99,10e6620c3c865f4b2a6974810ae244d939d356efea6f49090fe3d444033911aa,e0bcc9067c39ec778ea8f9e4719f0f30fe198b91eca1c2b46107102782ae7e45,0.97580508276332323,0.024180429355294554,83.444353990418278,0.386918191618084,True,False,,,False,,observed_profile_hessian,138,7.6529937198400013,74,9.9999999999999995e-08,9.8712422193150749e-09,c234d77c956b407459e11e22f1807f7b64e0a72086a938f039df0c9d049fc522,e4a91ee9469fe672cff6126559e99d71cd315c5aec645cc31891faadcd63ca69,"[{""attempt"": 0, ""tolerance"": 2e-07, ""free_valid"": true, ""free_nll"": 55.572192987232654, ""free_score"": 3.375077994860476e-14, ""sigma"": 1066.2441999995988}]",1,55.572192987232654,3.3750779948604759e-14,1140.9956670984027,1138.4759706104417,newton
calibration,stress,0.10000000000000001,178,8,3,976.63587540933213,325.54529180311073,745.1257506914252,327.60302222161852,-0.70667884303366957,,,,1012,1012,980,32,0,4f6c66a60737e9508cfbaf23ad48981d868f99a8199c138973f99bc20c7a188f,1a5d0d3e485882257eae2b3d4e30f8ab791d4ba7eaf339ebfa72e68f99ce2168,fa57c793a7c4aaad91ed0ca6dc939a31398dcc2ab9d58d86417382b03b25e0d4,10e6620c3c865f4b2a6974810ae244d939d356efea6f49090fe3d444033911aa,e0bcc9067c39ec778ea8f9e4719f0f30fe198b91eca1c2b46107102782ae7e45,0.97580508276332323,0.024180429355294554,83.444353990418278,0.386918191618084,True,False,,,False,,observed_profile_hessian,138,7.6529937198400013,6,1e-08,5.6690630491694623e-09,7e0a857cdee6391f6ac6bf501a3c2e4e47582a31a2f805dac3cffe84210a2ed4,55f88b08aee3c3007b5b213016ab2029aeab6ae53a0c9861b19d4edcc0bd57a3,"[{""attempt"": 0, ""tolerance"": 2e-07, ""free_valid"": true, ""free_nll"": 64.89375035746828, ""free_score"": 8.317790900491673e-13, ""sigma"": 327.6030222216185}]",1,64.893750357468278,8.3177909004916728e-13,116.54530238971464,115.75094266529332,newton
calibration,stress,1,178,8,3,3215.3564576305598,1071.7854858768533,3276.8740419395481,1067.7978931031892,0.057611636721073174,,,,3297,3297,3207,90,0,c23593ab7233dc56f0f7eb16b145aebd18962fb36329557cd7f633441287c285,6c40aab4ae1979a1c286ab7024a46a95087407ee42124ff93a17baf24d1daf21,760561ef3b7363914868ccc04b77cefd9c7ef0b7ce4f78dd06f0b01b44ce9b2b,10e6620c3c865f4b2a6974810ae244d939d356efea6f49090fe3d444033911aa,e0bcc9067c39ec778ea8f9e4719f0f30fe198b91eca1c2b46107102782ae7e45,0.97580508276332323,0.024180429355294554,83.444353990418278,0.386918191618084,True,False,,,False,,observed_profile_hessian,138,7.6529937198400013,74,9.9999999999999995e-08,9.9103218353793791e-09,496bac54be9948ef7a1411093993b74987bc20fe4760ace2a22bd8202877e14c,5998133df9a2451df87b8f43857b70fa43f019f210eed466de8cd37aa248299e,"[{""attempt"": 0, ""tolerance"": 2e-07, ""free_valid"": true, ""free_nll"": 56.704218160396074, ""free_score"": 7.549516567451064e-15, ""sigma"": 1067.7978931031892}]",1,56.704218160396074,7.5495165674510645e-15,1143.0139600273494,1139.5205674577019,newton
calibration,stress,0.10000000000000001,178,8,4,1302.1811672124429,325.54529180311073,937.44274480533159,328.76117721620182,-1.1094327666531318,,,,1243,1243,1204,39,0,4f6c66a60737e9508cfbaf23ad48981d868f99a8199c138973f99bc20c7a188f,700bb99d6d263558ae65a5e5439c6666aa95786e45410d601ce5fb30944a4c3e,33d29a5e4ca8baa06d511b0847f1a5136f12c530112e96d4f824719239879ddf,10e6620c3c865f4b2a6974810ae244d939d356efea6f49090fe3d444033911aa,e0bcc9067c39ec778ea8f9e4719f0f30fe198b91eca1c2b46107102782ae7e45,0.97580508276332323,0.024180429355294554,83.444353990418278,0.386918191618084,True,False,,,False,,observed_profile_hessian,138,7.6529937198400013,6,1e-08,5.634400543329128e-09,a7cf3198c125e2553e081d38c355847c25099896f29283e6e31f7ec393bf77f5,3c88bcdb98872c20b9f0ca125f8442772b26e8f69758f9dc20691da3673572f4,"[{""attempt"": 0, ""tolerance"": 2e-07, ""free_valid"": true, ""free_nll"": 61.57899408186932, ""free_score"": 3.6282976623169816e-11, ""sigma"": 328.7611772162018}]",1,61.578994081869318,3.6282976623169816e-11,116.90786557252832,115.9084815628718,newton
calibration,stress,1,178,8,4,4287.1419435074131,1071.7854858768533,4220.8483046078154,1069.0209467995239,-0.062013414328381616,,,,4145,4145,4039,106,0,c23593ab7233dc56f0f7eb16b145aebd18962fb36329557cd7f633441287c285,60a19eaaafda1298dacb249cab70e453118728b8895431f45bb9ac29d419a79e,b9fe91ff47d7600e1631dd5a97e52f176a7947af366d7538686626a5a64c0178,10e6620c3c865f4b2a6974810ae244d939d356efea6f49090fe3d444033911aa,e0bcc9067c39ec778ea8f9e4719f0f30fe198b91eca1c2b46107102782ae7e45,0.97580508276332323,0.024180429355294554,83.444353990418278,0.386918191618084,True,False,,,False,,observed_profile_hessian,138,7.6529937198400013,73,9.9999999999999995e-08,9.9458862155868309e-09,ac4f877b9b26867c9a32aa360574e5b16b67edd2c7f054a474dad506d24c8bdb,c0af4aedc0c78f1670fe6a8b1e4affa543b1166f1c23acd4ba592f71f1b8eea9,"[{""attempt"": 0, ""tolerance"": 2e-07, ""free_valid"": true, ""free_nll"": 55.341298771710825, ""free_score"": 5.997424779025096e-13, ""sigma"": 1069.020946799524}]",1,55.341298771710825,5.9974247790250956e-13,1143.4986448244995,1138.9989051591328,newton
calibration,stress,0.10000000000000001,178,8,5,1627.7264590155537,325.54529180311073,1360.0954605662287,330.27016280956911,-0.81033962066878784,,,,1613,1613,1573,40,0,4f6c66a60737e9508cfbaf23ad48981d868f99a8199c138973f99bc20c7a188f,c53958dbdeb43c5435a0732f415e3d93ad7707e07470875e48e8ac5d65a96164,dcebe4d30332f97f300d1e21dc9c02f205d600968be2c4cf249aa40cd12e2363,10e6620c3c865f4b2a6974810ae244d939d356efea6f49090fe3d444033911aa,e0bcc9067c39ec778ea8f9e4719f0f30fe198b91eca1c2b46107102782ae7e45,0.97580508276332323,0.024180429355294554,83.444353990418278,0.386918191618084,True,False,,,False,,observed_profile_hessian,138,7.6529937198400013,6,1e-08,5.6509475507960839e-09,241850e530212ada6c4b7a40f9cd6aa40210fd9367c45b4fe98560cd373bb5f2,ce996588c11c28d0a3c9920d9c2ad7be8e1f02c2540c44bc3085d86bac2ff5d2,"[{""attempt"": 0, ""tolerance"": 2e-07, ""free_valid"": true, ""free_nll"": 71.77148449644136, ""free_score"": 2.797053033631869e-09, ""sigma"": 330.2701628095691}]",1,71.77148449644136,2.7970530336318689e-09,117.14371191579937,115.6937485314451,newton
calibration,stress,1,178,8,5,5358.9274293842664,1071.7854858768533,5579.8248582126298,1070.9192070012355,0.20626899525587516,,,,5405,5405,5277,128,0,c23593ab7233dc56f0f7eb16b145aebd18962fb36329557cd7f633441287c285,8f127fac3259826349f49af67cc9bece8e5d107549a4d20713bbeebc843cd47b,412ebefb6abc244da75418c2b58a1fe24c86e175b2b5cb7f59838b3cf8056f42,10e6620c3c865f4b2a6974810ae244d939d356efea6f49090fe3d444033911aa,e0bcc9067c39ec778ea8f9e4719f0f30fe198b91eca1c2b46107102782ae7e45,0.97580508276332323,0.024180429355294554,83.444353990418278,0.386918191618084,True,False,,,False,,observed_profile_hessian,138,7.6529937198400013,74,9.9999999999999995e-08,9.9680860128791488e-09,ab1d7b6da048c4d4330cdf00a3433aa4b545873a27c71fceb1fa02b5bba6184b,c10edc3a4ba84c160cd0b63e451c24bdfe36add4014d0a8aa274f91f76170adc,"[{""attempt"": 0, ""tolerance"": 2e-07, ""free_valid"": true, ""free_nll"": 57.70238350495717, ""free_score"": 1.2926104631105773e-11, ""sigma"": 1070.9192070012355}]",1,57.702383504957169,1.2926104631105773e-11,1145.077888219226,1139.1293780079282,newton
calibration,stress,0.10000000000000001,178,8,6,1953.2717508186643,325.54529180311073,1704.2951717188016,332.02688131054759,-0.74986873989576985,,,,2024,2024,1970,54,0,4f6c66a60737e9508cfbaf23ad48981d868f99a8199c138973f99bc20c7a188f,7777067f754f73740e73a0808645cc2bc355d7d7ab914b46abd420aeebbce482,4af8569f334413c42ee5d82792092b3f7c5f1fa9d7e751c9b14e104cf5c1d3a3,10e6620c3c865f4b2a6974810ae244d939d356efea6f49090fe3d444033911aa,e0bcc9067c39ec778ea8f9e4719f0f30fe198b91eca1c2b46107102782ae7e45,0.97580508276332323,0.024180429355294554,83.444353990418278,0.386918191618084,True,False,,,False,,observed_profile_hessian,138,7.6529937198400013,6,1e-08,5.683967900553471e-09,95d885cd2277a5dbc1ed4a4c86becba256f8b41973af3d0da5df45c7828ec44d,6592208e4e167ae867f7c35fd02f850eba731f87db3a55c05af611e034e6586a,"[{""attempt"": 0, ""tolerance"": 2e-07, ""free_valid"": true, ""free_nll"": 65.41638606538034, ""free_score"": 3.8416788195050344e-08, ""sigma"": 332.0268813105476}]",1,65.416386065380337,3.8416788195050344e-08,117.8063910765693,115.98948508226853,newton
calibration,stress,1,178,8,6,6430.7129152611196,1071.7854858768533,6348.2407213054776,1072.4210486579545,-0.076902811688421391,,,,6516,6515,6355,160,1,c23593ab7233dc56f0f7eb16b145aebd18962fb36329557cd7f633441287c285,78dececf596717f50a796bacc81ba8bbe97879daee934ee99f75341554bcd0ae,a1bd7dd325e1b2a4a4c99ae872b60310abe0a415ef25874b53b9f36dacb73c01,10e6620c3c865f4b2a6974810ae244d939d356efea6f49090fe3d444033911aa,e0bcc9067c39ec778ea8f9e4719f0f30fe198b91eca1c2b46107102782ae7e45,0.97580508276332323,0.024180429355294554,83.444353990418278,0.386918191618084,True,False,,,False,,observed_profile_hessian,138,7.6529937198400013,74,9.9999999999999995e-08,9.9956773068069027e-09,09059ee33bc7f79456c24f693118fa759920f4fc884d9a0d6e86e691ba37c0e9,3cd7cd946d2527ed90b00a1bd6989b368a14a50d69bf7fd955b463903f76a17b,"[{""attempt"": 0, ""tolerance"": 2e-07, ""free_valid"": true, ""free_nll"": 53.842578938753974, ""free_score"": 7.178879712910202e-11, ""sigma"": 1072.4210486579545}]",1,53.842578938753974,7.1788797129102022e-11,1146.9768848129611,1140.2091858772351,newton
calibration,stress,0.10000000000000001,178,8,7,2278.8170426217753,325.54529180311073,2104.1788442178681,333.48525391020024,-0.52367592376643168,,,,2376,2376,2324,52,0,4f6c66a60737e9508cfbaf23ad48981d868f99a8199c138973f99bc20c7a188f,6b94b7997106cc785d396f2736493c78e2b51f013f16ade1afedc0ed52932fc6,dbf5f8d7e937ed1179149b80eee172c13a85a45b2878043e84332be3724dee99,10e6620c3c865f4b2a6974810ae244d939d356efea6f49090fe3d444033911aa,e0bcc9067c39ec778ea8f9e4719f0f30fe198b91eca1c2b46107102782ae7e45,0.97580508276332323,0.024180429355294554,83.444353990418278,0.386918191618084,True,False,,,False,,observed_profile_hessian,138,7.6529937198400013,6,1e-08,5.6557278715382003e-09,d5053824262bba4b3bed029a5b51406474bf19ec88347a3280034014d0fe9828,f82c289d86400453f54b0b7d8c0a51e5ef90decc334d20101ba790f85346f82c,"[{""attempt"": 0, ""tolerance"": 2e-07, ""free_valid"": true, ""free_nll"": 63.3954580209177, ""free_score"": 7.105427357601002e-15, ""sigma"": 333.48525391020024}]",1,63.395458020917701,7.1054273576010019e-15,117.96821825752363,115.72500638989587,newton
calibration,stress,1,178,8,7,7502.4984011379729,1071.7854858768533,7527.5136270708927,1074.0432204296865,0.023290706981895986,,,,7577,7577,7390,187,0,c23593ab7233dc56f0f7eb16b145aebd18962fb36329557cd7f633441287c285,e842275fbe456571455bf48a60be56073f1d33efd536e51b7f2458be378fc532,32036950e6896719d5f779aea0dbcb211e23187b7b1530d9b5732f25d7bf16c0,10e6620c3c865f4b2a6974810ae244d939d356efea6f49090fe3d444033911aa,e0bcc9067c39ec778ea8f9e4719f0f30fe198b91eca1c2b46107102782ae7e45,0.97580508276332323,0.024180429355294554,83.444353990418278,0.386918191618084,True,False,,,False,,observed_profile_hessian,138,7.6529937198400013,74,9.9999999999999995e-08,9.9455579569151e-09,f305168e4bcc9f1937ee2d3662a11c06673a0fa61c68ba9585d7c23cff07b461,90b9af06c15ddd671bf908b11a79921ccae03066a18eb465cd0f10253472ba40,"[{""attempt"": 0, ""tolerance"": 2e-07, ""free_valid"": true, ""free_nll"": 55.84868570961575, ""free_score"": 3.409921234265312e-10, ""sigma"": 1074.0432204296865}]",1,55.848685709615751,3.4099212342653118e-10,1147.4150081241412,1139.3901161581487,newton
calibration,stress,0.10000000000000001,178,8,8,2604.3623344248858,325.54529180311073,2213.9886690070098,334.90399555496066,-1.1656285699756972,,,,2645,2645,2567,78,0,4f6c66a60737e9508cfbaf23ad48981d868f99a8199c138973f99bc20c7a188f,8c50b04c12da0c4d0fefab8217c6eb1621e9a823f09fb14b12061fe9b41ce938,332161a2d1795a38ac1161683f4fa2d935e69d1245711aea5580efff9fba0d10,10e6620c3c865f4b2a6974810ae244d939d356efea6f49090fe3d444033911aa,e0bcc9067c39ec778ea8f9e4719f0f30fe198b91eca1c2b46107102782ae7e45,0.97580508276332323,0.024180429355294554,83.444353990418278,0.386918191618084,True,False,,,False,,observed_profile_hessian,138,7.6529937198400013,6,1e-08,5.6713264790560431e-09,8e1b60ac78ee6d0cee2ec548a5118396a6bd42172f7641a25d25ace66015bed8,2186ac572344b749332d2f34a6d20556a114a1202e8e9ef8199f8f0d42633e1f,"[{""attempt"": 0, ""tolerance"": 2e-07, ""free_valid"": true, ""free_nll"": 68.12379991401721, ""free_score"": 6.661338147750939e-15, ""sigma"": 334.90399555496066}]",1,68.123799914017212,6.6613381477509392e-15,119.07898693839482,116.71870959278927,newton
calibration,stress,1,178,8,8,8574.2838870148262,1071.7854858768533,8425.9673420915242,1075.5168862686812,-0.13790257207198339,,,,8556,8556,8331,225,0,c23593ab7233dc56f0f7eb16b145aebd18962fb36329557cd7f633441287c285,7c37251f4b082b939f43b987c70e423fd225ab8e8e6cd780601bdf7edee31e6b,a0ecf8a50d38b7b7e8b0bb8b7f67ba2b2b119c30d789a1dcb4a339cae44c3335,10e6620c3c865f4b2a6974810ae244d939d356efea6f49090fe3d444033911aa,e0bcc9067c39ec778ea8f9e4719f0f30fe198b91eca1c2b46107102782ae7e45,0.97580508276332323,0.024180429355294554,83.444353990418278,0.386918191618084,True,False,,,False,,observed_profile_hessian,138,7.6529937198400013,74,9.9999999999999995e-08,9.955658527664639e-09,99e43c42e3f3e999ee54940f2f1772689b2a831e9480ef9320f498bf621b2152,3a2d35e88770e9cc63b23486dc2fce3c8f99a1f774403580aa9a2f1476135446,"[{""attempt"": 0, ""tolerance"": 2e-07, ""free_valid"": true, ""free_nll"": 60.147528819843345, ""free_score"": 1.064349053336855e-09, ""sigma"": 1075.5168862686812}]",1,60.147528819843345,1.0643490533368549e-09,1149.4270695449779,1140.4443587882554,newton
calibration,stress,0.10000000000000001,178,9,0,0,325.54529180311073,471.95721555194223,318.56563476774926,1.4815069927301585,,,,0,0,0,0,0,f4c28145cffca7f7feba7364629abc3c19562322afdfa56a8dbea3984ff219ca,f4c28145cffca7f7feba7364629abc3c19562322afdfa56a8dbea3984ff219ca,f440d6087e5a50c4aef861dbe0f0dd7752e43e8d6fb7b0a6393f704d359bba12,10e6620c3c865f4b2a6974810ae244d939d356efea6f49090fe3d444033911aa,e0bcc9067c39ec778ea8f9e4719f0f30fe198b91eca1c2b46107102782ae7e45,0.97580508276332323,0.024180429355294554,83.444353990418278,0.386918191618084,True,False,,,False,,observed_profile_hessian,138,7.6529937198400013,6,1e-08,5.5239733220818686e-09,267119bb12de3f08a4d442c304dca6506c44d51459988ffe5680afb95d39a047,4e275c4cc82a05ff5e69c3e00996cbba6368eca35278ac63062455bdd3f26fe1,"[{""attempt"": 0, ""tolerance"": 2e-07, ""free_valid"": true, ""free_nll"": 81.10883075097561, ""free_score"": 9.673681300448322e-11, ""sigma"": 318.56563476774926}]",1,81.108830750975613,9.6736813004483224e-11,113.73198153775348,113.22883988235289,newton
calibration,stress,1,178,9,0,0,1071.7854858768533,509.75914375845821,1058.2124275715073,0.48171721525545202,,,,0,0,0,0,0,a2deed908257977660cd715cfce1e2860337c122643ea333135f709ede7bb41f,a2deed908257977660cd715cfce1e2860337c122643ea333135f709ede7bb41f,f440d6087e5a50c4aef861dbe0f0dd7752e43e8d6fb7b0a6393f704d359bba12,10e6620c3c865f4b2a6974810ae244d939d356efea6f49090fe3d444033911aa,e0bcc9067c39ec778ea8f9e4719f0f30fe198b91eca1c2b46107102782ae7e45,0.97580508276332323,0.024180429355294554,83.444353990418278,0.386918191618084,True,False,,,False,,observed_profile_hessian,138,7.6529937198400013,74,9.9999999999999995e-08,9.9203638599886954e-09,ae3a0101e8f6ba9a7d54ba5a28ab697eaca64e1b958021481789a995acadb286,1edf6a6b06f3e82eff6bc0f946db907babfc6872ef66461550eaa6a5fefee719,"[{""attempt"": 0, ""tolerance"": 2e-07, ""free_valid"": true, ""free_nll"": 73.53899801453582, ""free_score"": 1.454392162258955e-14, ""sigma"": 1058.2124275715073}]",1,73.538998014535821,1.4543921622589551e-14,1139.881812927915,1139.3383715925679,newton
calibration,stress,0.10000000000000001,178,9,1,325.54529180311073,325.54529180311073,789.69038311434667,320.06428108110089,1.450162104135658,,,,325,325,316,9,0,f4c28145cffca7f7feba7364629abc3c19562322afdfa56a8dbea3984ff219ca,b9f9361c2b1a84169fdbf6477878b067dcdac5b362b08522b8644af04d0382ef,353d05563c9edf07cd158506d28d4cd44868909f710b44ebc00ed23fe6bc2f07,10e6620c3c865f4b2a6974810ae244d939d356efea6f49090fe3d444033911aa,e0bcc9067c39ec778ea8f9e4719f0f30fe198b91eca1c2b46107102782ae7e45,0.97580508276332323,0.024180429355294554,83.444353990418278,0.386918191618084,True,False,,,False,,observed_profile_hessian,138,7.6529937198400013,6,1e-08,5.5003575984810121e-09,12e4b0ee08739567b4ffaf36a699083ee878e7895d59cd9df13b5267ad7d2804,c18b347b95c42820d960fce53714b5e01c0e2d2b177be6fec159ef85f7c7264b,"[{""attempt"": 0, ""tolerance"": 2e-07, ""free_valid"": true, ""free_nll"": 82.81050340453402, ""free_score"": 2.7280987469069373e-09, ""sigma"": 320.0642810811009}]",1,82.810503404534018,2.7280987469069373e-09,114.12261405222823,113.28074509987114,newton
calibration,stress,1,178,9,1,1071.7854858768533,1071.7854858768533,1576.5498542529747,1059.7880712454505,0.47628802594742198,,,,1093,1093,1069,24,0,a2deed908257977660cd715cfce1e2860337c122643ea333135f709ede7bb41f,94b17bfc7ff7c3a154489ac08e9b282f6ff58a44186a37c1b65a5fd1171c2eca,65e858d31e0e4b9eaab3faf036b3fae7a66d8e7460da88c137ead439eb87253a,10e6620c3c865f4b2a6974810ae244d939d356efea6f49090fe3d444033911aa,e0bcc9067c39ec778ea8f9e4719f0f30fe198b91eca1c2b46107102782ae7e45,0.97580508276332323,0.024180429355294554,83.444353990418278,0.386918191618084,True,False,,,False,,observed_profile_hessian,138,7.6529937198400013,73,9.9999999999999995e-08,9.9566342216833522e-09,f19dea3c54c6b5545e2f7a1f610c07b25785248eddb82e7c6f1fcbbbae73f6af,04bbcc995c955373e63f0de2672b40c9475e604bf0b0805061b9201564205608,"[{""attempt"": 0, ""tolerance"": 2e-07, ""free_valid"": true, ""free_nll"": 73.65007362708253, ""free_score"": 1.1245122266689833e-07, ""sigma"": 1059.7880712454505}]",1,73.650073627082534,1.1245122266689833e-07,1141.2485384442832,1139.5678185032548,newton
calibration,stress,0.10000000000000001,178,9,2,651.09058360622146,325.54529180311073,1142.8350635471577,321.53797955654085,1.5293511535375728,,,,693,693,675,18,0,f4c28145cffca7f7feba7364629abc3c19562322afdfa56a8dbea3984ff219ca,16329f0eb5730096868280df1a2581315335b12cae0d8ba6bba74117dadc0913,7b62a89696ebbf865190d1d6f5c56efe71d3da42a0d63a16849e561995243fbb,10e6620c3c865f4b2a6974810ae244d939d356efea6f49090fe3d444033911aa,e0bcc9067c39ec778ea8f9e4719f0f30fe198b91eca1c2b46107102782ae7e45,0.97580508276332323,0.024180429355294554,83.444353990418278,0.386918191618084,True,False,,,False,,observed_profile_hessian,138,7.6529937198400013,6,1e-08,5.4877189043617455e-09,f801ed399e1c6acfc9fbdaa74c4871ca1976b9e99b0f0e2036cea57aeb2e94f7,90900cdcdd61cd877596925fc316efcce097a3ad9fcf3c49b477033f85fc93ee,"[{""attempt"": 0, ""tolerance"": 2e-07, ""free_valid"": true, ""free_nll"": 78.93701231599624, ""free_score"": 3.4769446197180365e-08, ""sigma"": 321.53797955654085}]",1,78.937012315996242,3.4769446197180365e-08,114.62955067942893,113.41120311152388,newton
calibration,stress,1,178,9,2,2143.5709717537065,1071.7854858768533,2551.514869492139,1061.4864361586885,0.38431381112574697,,,,2196,2196,2139,57,0,a2deed908257977660cd715cfce1e2860337c122643ea333135f709ede7bb41f,c23f134c1d917aeb8f7ba19ee63957051a31dee395c21863b98326684bb233b2,f35d6af1c048bc7bee13e6ecc25c47ea676887736abe534e192cd67cf01718eb,10e6620c3c865f4b2a6974810ae244d939d356efea6f49090fe3d444033911aa,e0bcc9067c39ec778ea8f9e4719f0f30fe198b91eca1c2b46107102782ae7e45,0.97580508276332323,0.024180429355294554,83.444353990418278,0.386918191618084,True,False,,,False,,observed_profile_hessian,138,7.6529937198400013,73,9.9999999999999995e-08,9.9367176981030772e-09,c66d81e6bb32996cc535a75e96ea8ae1bf488ec7f2d5c3f24093928f728a4f5f,25c34f105142234f98c1ee94decae920b6e536c32edeea9169277dbf495ae819,"[{""attempt"": 0, ""tolerance"": 2e-07, ""free_valid"": true, ""free_nll"": 73.11757841067727, ""free_score"": 2.3314683517128287e-14, ""sigma"": 1061.4864361586885}]",1,73.117578410677268,2.3314683517128287e-14,1143.1456819440327,1140.4255764494824,newton
calibration,stress,0.10000000000000001,178,9,3,976.63587540933213,325.54529180311073,1524.8468851328712,323.14709067719031,1.6964751518409233,,,,1036,1036,1008,28,0,f4c28145cffca7f7feba7364629abc3c19562322afdfa56a8dbea3984ff219ca,a431108cda53518ece228c1367c8ddd9eceb48369724655e03f25d0221b33d61,234fb1549d3f57d7e21092cea2c36f3c53cfacd90b1066f8a93e73bedf27ec38,10e6620c3c865f4b2a6974810ae244d939d356efea6f49090fe3d444033911aa,e0bcc9067c39ec778ea8f9e4719f0f30fe198b91eca1c2b46107102782ae7e45,0.97580508276332323,0.024180429355294554,83.444353990418278,0.386918191618084,True,False,,,False,,observed_profile_hessian,138,7.6529937198400013,6,1e-08,5.5027424136107395e-09,d0579d22027e011aeaafcfd19ffc05ac77d19b0131026eb52fc639e17f239318,7f32a21e944a113ff7b328c044d4f6f185b77ef8eec97339308ab464f275f7bf,"[{""attempt"": 0, ""tolerance"": 2e-07, ""free_valid"": true, ""free_nll"": 83.18415157958265, ""free_score"": 3.028827189055505e-15, ""sigma"": 323.1470906771903}]",1,83.184151579582647,3.0288271890555052e-15,114.92221200026268,113.2966112874503,newton
calibration,stress,1,178,9,3,3215.3564576305598,1071.7854858768533,3612.5054341063005,1063.1323673165973,0.37356493761747267,,,,3293,3293,3209,84,0,a2deed908257977660cd715cfce1e2860337c122643ea333135f709ede7bb41f,739fee8dffb1c26001dbe3c124980297a4eeacdb8b41985c8ebd739fc0079b38,a0a4be8f5fa482df3ba78e898f3b10d2d98433ef8f014a99d093a1175de3f674,10e6620c3c865f4b2a6974810ae244d939d356efea6f49090fe3d444033911aa,e0bcc9067c39ec778ea8f9e4719f0f30fe198b91eca1c2b46107102782ae7e45,0.97580508276332323,0.024180429355294554,83.444353990418278,0.386918191618084,True,False,,,False,,observed_profile_hessian,138,7.6529937198400013,72,9.9999999999999995e-08,9.9919044121753479e-09,29d3356bf349cc861b4f7835806adaf0797c99beaecb3f734682918caa020274,11b8bdd972f587113cbc25a7e9597564c6a9719720ec68a653a4e082a000a489,"[{""attempt"": 0, ""tolerance"": 2e-07, ""free_valid"": true, ""free_nll"": 73.50787977028213, ""free_score"": 5.750955267558311e-13, ""sigma"": 1063.1323673165973}]",1,73.50787977028213,5.7509552675583109e-13,1144.4794590641172,1140.6282583527684,newton
calibration,stress,0.10000000000000001,178,9,4,1302.1811672124429,325.54529180311073,1756.0551229036728,324.37537939371606,1.3992244310883186,,,,1323,1323,1291,32,0,f4c28145cffca7f7feba7364629abc3c19562322afdfa56a8dbea3984ff219ca,2d6005eca1972d76accb58e3685717275a10e6391c6452b5fbd52fd6eb3c1fb8,0effb06997875a9933086f436a593d698ee2a846b25d36e1abcd3bc7b07f7dfe,10e6620c3c865f4b2a6974810ae244d939d356efea6f49090fe3d444033911aa,e0bcc9067c39ec778ea8f9e4719f0f30fe198b91eca1c2b46107102782ae7e45,0.97580508276332323,0.024180429355294554,83.444353990418278,0.386918191618084,True,False,,,False,,observed_profile_hessian,138,7.6529937198400013,6,1e-08,5.4996752863406974e-09,91f653b73e763c73d23f29a7573de3c81abac2ae5da043eef59f441c133dc237,0bc1e119198241816eeb1b21ba86f9f54b35d52c263c4885c5c2d397ac009904,"[{""attempt"": 0, ""tolerance"": 2e-07, ""free_valid"": true, ""free_nll"": 77.81925630385084, ""free_score"": 3.5041414214731503e-15, ""sigma"": 324.37537939371606}]",1,77.819256303850835,3.5041414214731503e-15,115.38884681951134,113.51676084985591,newton
calibration,stress,1,178,9,4,4287.1419435074131,1071.7854858768533,4690.2991387073325,1064.5994133119239,0.37869379802278347,,,,4316,4316,4209,107,0,a2deed908257977660cd715cfce1e2860337c122643ea333135f709ede7bb41f,8295dd2ce0007a48c9cc05ff8f0ffa2cbc9e2da1e6611a8c3366c82c59d958c0,ea386cb3618422f25fdc1d938d5e38df426f0a06d20785e48beb757c28a33ae0,10e6620c3c865f4b2a6974810ae244d939d356efea6f49090fe3d444033911aa,e0bcc9067c39ec778ea8f9e4719f0f30fe198b91eca1c2b46107102782ae7e45,0.97580508276332323,0.024180429355294554,83.444353990418278,0.386918191618084,True,False,,,False,,observed_profile_hessian,138,7.6529937198400013,74,9.9999999999999995e-08,9.7677987395431116e-09,455b3af345c7518c434ead860968692d041881469cc9a870ff90be81e262259b,e6eda639cf535360d762fe2e80f7bc29b1d5c2e83830f2d764a612bd3cbba432,"[{""attempt"": 0, ""tolerance"": 2e-07, ""free_valid"": true, ""free_nll"": 74.22998858676854, ""free_score"": 7.828848680446754e-12, ""sigma"": 1064.5994133119239}]",1,74.229988586768542,7.8288486804467539e-12,1145.3861782807799,1140.3859689499122,newton
calibration,stress,0.10000000000000001,178,9,5,1627.7264590155537,325.54529180311073,2035.1140534791032,325.93621024466,1.2498997707488499,,,,1672,1672,1630,42,0,f4c28145cffca7f7feba7364629abc3c19562322afdfa56a8dbea3984ff219ca,1b57c7b2233c7dda8aee45efe03fa11b1933bda968b61f7359768fc3aee99a12,307b12501d620c6f22c3fa93f0341990f926e8c6d100ebe3297e9348965b39ef,10e6620c3c865f4b2a6974810ae244d939d356efea6f49090fe3d444033911aa,e0bcc9067c39ec778ea8f9e4719f0f30fe198b91eca1c2b46107102782ae7e45,0.97580508276332323,0.024180429355294554,83.444353990418278,0.386918191618084,True,False,,,False,,observed_profile_hessian,138,7.6529937198400013,6,1e-08,5.528391329793961e-09,c3fd294fe39cb0df0d49f999bb3a90de404101375974b243fba2df0bdbae79a8,31e7579738358686166968307a49f8530c5c94ee65eede6e0701f8bc738ed2d4,"[{""attempt"": 0, ""tolerance"": 2e-07, ""free_valid"": true, ""free_nll"": 82.3818077141137, ""free_score"": 1.3287981825982342e-14, ""sigma"": 325.93621024466}]",1,82.381807714113705,1.3287981825982342e-14,115.90841380830342,113.73883016797495,newton
calibration,stress,1,178,9,5,5358.9274293842664,1071.7854858768533,5608.190217105097,1065.9052048592905,0.23385080266470379,,,,5324,5324,5203,121,0,a2deed908257977660cd715cfce1e2860337c122643ea333135f709ede7bb41f,6fee185cca347f5062ce8c97417c908c8aeeb6f4c6f4edde7e4f78d37ba27296,f9255c521f854be2f146e79f5c82eb72e1350105776901c32a73b2ad1cdbf528,10e6620c3c865f4b2a6974810ae244d939d356efea6f49090fe3d444033911aa,e0bcc9067c39ec778ea8f9e4719f0f30fe198b91eca1c2b46107102782ae7e45,0.97580508276332323,0.024180429355294554,83.444353990418278,0.386918191618084,True,False,,,False,,observed_profile_hessian,138,7.6529937198400013,73,9.9999999999999995e-08,9.8875339656390788e-09,df3f504764492ba91a5fc5cc1c283622f36cc913fde4f9e6538413f5164a3a18,cfd131989bf8a740d4a89cc5a8e0225892507701fbb902d64bcad0ed4d2d1012,"[{""attempt"": 0, ""tolerance"": 2e-07, ""free_valid"": true, ""free_nll"": 74.58435173079327, ""free_score"": 5.0471182788669466e-11, ""sigma"": 1065.9052048592905}]",1,74.584351730793273,5.0471182788669466e-11,1146.1302042873131,1140.1514544840375,newton
calibration,stress,0.10000000000000001,178,9,6,1953.2717508186643,325.54529180311073,2337.3580114936881,327.14782766817115,1.1740449674163993,,,,1952,1952,1903,49,0,f4c28145cffca7f7feba7364629abc3c19562322afdfa56a8dbea3984ff219ca,f1621cebc6f1353baca47b173c5ada5488d4f8202e15302d15a0916ed0af7cd2,441d856a76dfa838141e3fd039dc6486ccab0504d8b1ee3fee0fe2c8a890a535,10e6620c3c865f4b2a6974810ae244d939d356efea6f49090fe3d444033911aa,e0bcc9067c39ec778ea8f9e4719f0f30fe198b91eca1c2b46107102782ae7e45,0.97580508276332323,0.024180429355294554,83.444353990418278,0.386918191618084,True,False,,,False,,observed_profile_hessian,138,7.6529937198400013,6,1e-08,5.5147324376600634e-09,6cdabf2f8a5a8d433a710c825dc8bbc7390ea84ac52a0986b817982a79f0d091,6e8fd81c011ddf089f68cb6ea2906f01cfb9dc5213208095b272af5002ad1319,"[{""attempt"": 0, ""tolerance"": 2e-07, ""free_valid"": true, ""free_nll"": 79.56432304367904, ""free_score"": 9.955372030218124e-14, ""sigma"": 327.14782766817115}]",1,79.564323043679039,9.9553720302181237e-14,116.10286070521281,113.61106242262605,newton
calibration,stress,1,178,9,6,6430.7129152611196,1071.7854858768533,6527.4908689455006,1067.5227023419452,0.090656576644288861,,,,6322,6322,6169,153,0,a2deed908257977660cd715cfce1e2860337c122643ea333135f709ede7bb41f,07d354660d691003b7b69e8d16c83181bb6c368bd484f1801a9c92e3fadfe71e,8daa14edc43eb06e55f87dc56fb622064c6183e96c32efa55e6a9331fc2a030b,10e6620c3c865f4b2a6974810ae244d939d356efea6f49090fe3d444033911aa,e0bcc9067c39ec778ea8f9e4719f0f30fe198b91eca1c2b46107102782ae7e45,0.97580508276332323,0.024180429355294554,83.444353990418278,0.386918191618084,True,False,,,False,,observed_profile_hessian,138,7.6529937198400013,74,9.9999999999999995e-08,9.8477961784957818e-09,b9bec2277034d5420d2fcbec6e6ea5b6881e1884434abde8663e7e8cb365ac0a,aa9026339da442c411ef1e5cbe717b815ef6cf189acd2a4a360d654c5b96a99a,"[{""attempt"": 0, ""tolerance"": 2e-07, ""free_valid"": true, ""free_nll"": 72.67867052448345, ""free_score"": 2.1396995286693254e-10, ""sigma"": 1067.5227023419452}]",1,72.678670524483451,2.1396995286693254e-10,1147.9528291102749,1140.9940361239815,newton
calibration,stress,0.10000000000000001,178,9,7,2278.8170426217753,325.54529180311073,2542.9116216197044,328.22824225470629,0.80460650547246571,,,,2214,2214,2156,58,0,f4c28145cffca7f7feba7364629abc3c19562322afdfa56a8dbea3984ff219ca,013366adc9bea53c8e2eed0193b00836655f3e64dcfa57b3df9c1ba28107d68f,fe1299b1639ebcc8fb999f12f8be5cbc7326d5ff4f249203d161786e00a908ab,10e6620c3c865f4b2a6974810ae244d939d356efea6f49090fe3d444033911aa,e0bcc9067c39ec778ea8f9e4719f0f30fe198b91eca1c2b46107102782ae7e45,0.97580508276332323,0.024180429355294554,83.444353990418278,0.386918191618084,True,False,,,False,,observed_profile_hessian,138,7.6529937198400013,6,1e-08,5.504095275349704e-09,d57b0c4d54598aae1219fdd066bd9bcc6b1d53a26d89864f4fe5ca2c00eb9417,b2031c1b6d1032e2e4c79d2d504d04165073d8b239446becf6affe3ca5e7fd7e,"[{""attempt"": 0, ""tolerance"": 2e-07, ""free_valid"": true, ""free_nll"": 82.15782897232391, ""free_score"": 4.028999356364693e-13, ""sigma"": 328.2282422547063}]",1,82.157828972323912,4.0289993563646931e-13,116.71531244768545,114.00437865818326,newton
calibration,stress,1,178,9,7,7502.4984011379729,1071.7854858768533,7477.4655570732584,1069.1938068872603,-0.023412821794761889,,,,7401,7401,7199,202,0,a2deed908257977660cd715cfce1e2860337c122643ea333135f709ede7bb41f,81f1c6ce96938e9c67bd844a5d4f195d14b956b2f39e514c1879ac14cf00f37a,d755e8f16685d644fbdfd22b41f17126090e608f7c1cd1f06481cc8bb56905d3,10e6620c3c865f4b2a6974810ae244d939d356efea6f49090fe3d444033911aa,e0bcc9067c39ec778ea8f9e4719f0f30fe198b91eca1c2b46107102782ae7e45,0.97580508276332323,0.024180429355294554,83.444353990418278,0.386918191618084,True,False,,,False,,observed_profile_hessian,138,7.6529937198400013,74,9.9999999999999995e-08,9.8372473206570095e-09,8fa02dde1554072c052099562971bc3b519f80996209370be7d8f73843fea37b,a6c7ed3f6ec2c83ce28f65f6f4ba08f35a57dc67c7eb7cc284dc2d3f627861ae,"[{""attempt"": 0, ""tolerance"": 2e-07, ""free_valid"": true, ""free_nll"": 72.70720983721597, ""free_score"": 7.207197061376291e-10, ""sigma"": 1069.1938068872603}]",1,72.70720983721597,7.2071970613762915e-10,1149.8399713550652,1141.8684343711739,newton
calibration,stress,0.10000000000000001,178,9,8,2604.3623344248858,325.54529180311073,3008.4170704483677,329.74075284527549,1.2253709392514087,,,,2612,2612,2554,58,0,f4c28145cffca7f7feba7364629abc3c19562322afdfa56a8dbea3984ff219ca,1b4341945c89a99d395d00a777f8ae729788d79ee136530767df1c7eeb605759,1d0c00f5e0be9ec7c3c8d2ee84ef8def4a2e12ae39e70e23653f7c73635af0b1,10e6620c3c865f4b2a6974810ae244d939d356efea6f49090fe3d444033911aa,e0bcc9067c39ec778ea8f9e4719f0f30fe198b91eca1c2b46107102782ae7e45,0.97580508276332323,0.024180429355294554,83.444353990418278,0.386918191618084,True,False,,,False,,observed_profile_hessian,138,7.6529937198400013,6,1e-08,5.5170640780972389e-09,bde5d180517c706b9b3101306263ba0f56ee1330e80bf09ae5666646acd6428b,a7528988e56641a07328b35ab3f56574e7f5b1fd118eb8eae7ba92247fd09012,"[{""attempt"": 0, ""tolerance"": 2e-07, ""free_valid"": true, ""free_nll"": 79.45165220614463, ""free_score"": 3.3878195387915255e-12, ""sigma"": 329.7407528452755}]",1,79.45165220614463,3.3878195387915255e-12,116.99883014297296,113.79163276345926,newton
calibration,stress,1,178,9,8,8574.2838870148262,1071.7854858768533,8805.5083607041324,1070.5772473933519,0.21598112070127873,,,,8638,8638,8442,196,0,a2deed908257977660cd715cfce1e2860337c122643ea333135f709ede7bb41f,ae505a7d12d75d8f18a899ae548d8ece6ba1a2aa77f0b8787b302f7968fd80f0,ef1de936e0a139fe82305663c2d6ae831fb87f534de683cf17368f7ffdf832b1,10e6620c3c865f4b2a6974810ae244d939d356efea6f49090fe3d444033911aa,e0bcc9067c39ec778ea8f9e4719f0f30fe198b91eca1c2b46107102782ae7e45,0.97580508276332323,0.024180429355294554,83.444353990418278,0.386918191618084,True,False,,,False,,observed_profile_hessian,138,7.6529937198400013,74,9.9999999999999995e-08,9.9518776103922632e-09,3b62a43a802fbed1a333e1cf70561745c908f133bc5ad94957a19aa40def40f6,1244175030964f859c2da3c59029c58b05eb97e8145790b06927b733478f8a48,"[{""attempt"": 0, ""tolerance"": 2e-07, ""free_valid"": true, ""free_nll"": 72.37674216991205, ""free_score"": 3.3826224044020137e-09, ""sigma"": 1070.5772473933519}]",1,72.376742169912049,3.3826224044020137e-09,1150.986557920839,1141.5992280797916,newton
