scope_key,scope_label,dataset_set,mass_MeV,mass_GeV,n_toys,toy_id_min,toy_id_max,eps2_observed,expected_q025,expected_q16,expected_median,expected_q84,expected_q975,expected_mean,expected_std,observed_empirical_cdf,quantile_method,conditional_on_frozen_gp,gp_refit_per_toy
all_2015_2016_2021,2015 full + 2016 full + 2021 10%,2015+2016+2021,50,0.05,50,0,49,7.742945664604561e-06,2.555529102874231e-06,3.2430246404139566e-06,4.715190167152669e-06,6.665750014864333e-06,7.950938539025414e-06,4.8735161131886685e-06,1.5828985056424318e-06,0.96,linear,True,False
all_2015_2016_2021,2015 full + 2016 full + 2021 10%,2015+2016+2021,51,0.051,50,0,49,6.907612505263728e-06,2.136097457462964e-06,2.781882938509363e-06,4.673612827939207e-06,5.746427832452035e-06,7.631295903517394e-06,4.426884879204816e-06,1.4907206557465787e-06,0.94,linear,True,False
all_2015_2016_2021,2015 full + 2016 full + 2021 10%,2015+2016+2021,52,0.052,50,0,49,6.028277771146405e-06,2.619436732207385e-06,3.2551343921958347e-06,4.412939915882375e-06,6.293713851034104e-06,1.0461690432129548e-05,4.85595291498231e-06,1.825575799184569e-06,0.78,linear,True,False
all_2015_2016_2021,2015 full + 2016 full + 2021 10%,2015+2016+2021,53,0.053,50,0,49,4.820846660911696e-06,2.3485879519288833e-06,2.7663130168119174e-06,4.087447686691872e-06,5.9862688204162275e-06,8.546473868201163e-06,4.517850140138013e-06,1.7250213710883721e-06,0.64,linear,True,False
all_2015_2016_2021,2015 full + 2016 full + 2021 10%,2015+2016+2021,54,0.054,50,0,49,4.1450885193592825e-06,2.1222601810365053e-06,2.5117761683028365e-06,3.596569086642567e-06,5.5016317639989704e-06,6.339265172715712e-06,3.923882683505681e-06,1.3919967068766968e-06,0.6,linear,True,False
all_2015_2016_2021,2015 full + 2016 full + 2021 10%,2015+2016+2021,55,0.055,50,0,49,3.034958647452665e-06,1.616279357784305e-06,3.1390738684821966e-06,4.043722674315567e-06,5.6765921141676346e-06,7.398830714912223e-06,4.247914927266461e-06,1.4386377266496642e-06,0.14,linear,True,False
all_2015_2016_2021,2015 full + 2016 full + 2021 10%,2015+2016+2021,56,0.056,50,0,49,3.226051522730868e-06,2.0968765273732547e-06,2.4459644559362495e-06,3.5602806256432084e-06,4.964577672939835e-06,6.122058510890485e-06,3.7105192172317864e-06,1.166087391615164e-06,0.46,linear,True,False
all_2015_2016_2021,2015 full + 2016 full + 2021 10%,2015+2016+2021,57,0.057,50,0,49,2.7045464283974757e-06,1.945363351114979e-06,2.647094933558043e-06,3.8500669954601934e-06,5.034875037928004e-06,8.511352184248878e-06,3.99802272640066e-06,1.49977108382889e-06,0.18,linear,True,False
all_2015_2016_2021,2015 full + 2016 full + 2021 10%,2015+2016+2021,58,0.058,50,0,49,2.351173278744785e-06,2.15629376551772e-06,2.7023285904834514e-06,3.603256992374498e-06,4.9984092807728465e-06,6.703287332570052e-06,3.799068400726939e-06,1.2296815708803337e-06,0.1,linear,True,False
all_2015_2016_2021,2015 full + 2016 full + 2021 10%,2015+2016+2021,59,0.059,50,0,49,2.1316282311782747e-06,1.8607364561835524e-06,2.511860494015241e-06,3.7015941701546298e-06,4.711615023192976e-06,5.491078082836001e-06,3.602294732376219e-06,1.0871513110184647e-06,0.06,linear,True,False
all_2015_2016_2021,2015 full + 2016 full + 2021 10%,2015+2016+2021,60,0.06,50,0,49,2.011726660298597e-06,1.884985121070737e-06,2.350202941487246e-06,3.4376241538659605e-06,4.6078724019498675e-06,5.487209614066914e-06,3.543639936332449e-06,1.1303419595063451e-06,0.04,linear,True,False
all_2015_2016_2021,2015 full + 2016 full + 2021 10%,2015+2016+2021,61,0.061,50,0,49,2.06768804084532e-06,1.6175304299333294e-06,2.2660145647193587e-06,3.261460981549785e-06,4.71413099147143e-06,6.417465368597074e-06,3.5207304611800024e-06,1.345130733960806e-06,0.14,linear,True,False
all_2015_2016_2021,2015 full + 2016 full + 2021 10%,2015+2016+2021,62,0.062,50,0,49,2.5999139101415995e-06,1.5982595760724818e-06,2.0683609143962135e-06,3.516624284278135e-06,4.9843500133205765e-06,6.740625779530384e-06,3.6483381022667813e-06,1.4010601236177086e-06,0.26,linear,True,False
all_2015_2016_2021,2015 full + 2016 full + 2021 10%,2015+2016+2021,63,0.063,50,0,49,3.157580846576684e-06,1.42883050509193e-06,1.8661538558933398e-06,2.6527032553407335e-06,4.009193606693863e-06,5.247416265521654e-06,2.8788513058609967e-06,1.0783556679209473e-06,0.64,linear,True,False
all_2015_2016_2021,2015 full + 2016 full + 2021 10%,2015+2016+2021,64,0.064,50,0,49,5.109031108563609e-06,1.7721055511309914e-06,1.997590192916554e-06,3.0516308883795317e-06,4.087491950254754e-06,4.504113430919886e-06,3.087380491668619e-06,9.278363535772149e-07,0.98,linear,True,False
all_2015_2016_2021,2015 full + 2016 full + 2021 10%,2015+2016+2021,65,0.065,50,0,49,6.471517366791821e-06,1.5524961989466027e-06,2.00418932449222e-06,2.862883290969636e-06,4.110570367397427e-06,5.039196854726856e-06,2.9688975109228595e-06,1.0074709662804124e-06,1.0,linear,True,False
all_2015_2016_2021,2015 full + 2016 full + 2021 10%,2015+2016+2021,66,0.066,50,0,49,6.635650984800362e-06,1.3978079132262484e-06,1.8200981132253667e-06,2.5417409780347126e-06,3.485032846742243e-06,4.139535485334905e-06,2.6333282459194243e-06,9.49443978812162e-07,0.98,linear,True,False
all_2015_2016_2021,2015 full + 2016 full + 2021 10%,2015+2016+2021,67,0.067,50,0,49,5.386693215302956e-06,1.3547476465618697e-06,1.7157523174067578e-06,2.6174156946615023e-06,3.897633698871325e-06,5.366697626813145e-06,2.7583529996010482e-06,1.1204051590536376e-06,0.96,linear,True,False
all_2015_2016_2021,2015 full + 2016 full + 2021 10%,2015+2016+2021,68,0.068,50,0,49,3.7484556326456616e-06,1.3847093747964227e-06,1.8176722350638607e-06,2.612880817885335e-06,3.6948310167540694e-06,5.783204540015898e-06,2.8719224689811074e-06,1.1621555135760162e-06,0.84,linear,True,False
all_2015_2016_2021,2015 full + 2016 full + 2021 10%,2015+2016+2021,69,0.069,50,0,49,2.0508788261056015e-06,1.3871077966115306e-06,1.7396065608285703e-06,2.1922453383350357e-06,3.782300058264003e-06,4.571848895489592e-06,2.62026992865063e-06,9.377803158847403e-07,0.32,linear,True,False
all_2015_2016_2021,2015 full + 2016 full + 2021 10%,2015+2016+2021,70,0.07,50,0,49,1.34400194810712e-06,1.48267449210087e-06,2.0199686089247336e-06,2.67989930202867e-06,3.6417844252029183e-06,4.530401312388786e-06,2.8486413786008616e-06,8.724240612034158e-07,0.02,linear,True,False
all_2015_2016_2021,2015 full + 2016 full + 2021 10%,2015+2016+2021,71,0.071,50,0,49,9.587545144076227e-07,1.416092858626016e-06,1.6089341550118069e-06,2.3790195595893184e-06,3.2469808633944837e-06,4.310705561332117e-06,2.479313937859721e-06,8.117106330983635e-07,0.0,linear,True,False
all_2015_2016_2021,2015 full + 2016 full + 2021 10%,2015+2016+2021,72,0.072,50,0,49,8.004291009961892e-07,1.4136639933813506e-06,1.5964385462815115e-06,2.5326900747643605e-06,3.2556410471156426e-06,3.912259621775652e-06,2.4566887909768915e-06,8.078621048244763e-07,0.0,linear,True,False
all_2015_2016_2021,2015 full + 2016 full + 2021 10%,2015+2016+2021,73,0.073,50,0,49,8.932245805487365e-07,1.2182916805953754e-06,1.4023384209774586e-06,2.1590391062335526e-06,3.273685402601548e-06,4.246538524050882e-06,2.322144252072723e-06,8.886338780166903e-07,0.0,linear,True,False
all_2015_2016_2021,2015 full + 2016 full + 2021 10%,2015+2016+2021,74,0.074,50,0,49,1.3894398453086273e-06,1.139768822316843e-06,1.6329082839522585e-06,2.2078148572932935e-06,3.1441417692213758e-06,4.419702964237279e-06,2.341744152702757e-06,8.116927722753696e-07,0.08,linear,True,False
all_2015_2016_2021,2015 full + 2016 full + 2021 10%,2015+2016+2021,75,0.075,50,0,49,1.7936324476854336e-06,1.4036625543876807e-06,1.614677247210512e-06,2.3162775060380725e-06,3.3444759773381367e-06,4.112439020583063e-06,2.5042937643806436e-06,8.93559689310191e-07,0.2,linear,True,False
all_2015_2016_2021,2015 full + 2016 full + 2021 10%,2015+2016+2021,76,0.076,50,0,49,2.3843112385204307e-06,1.1554787360492058e-06,1.6630196739447296e-06,2.309167368620155e-06,3.365876140706983e-06,4.708034271173362e-06,2.5061900963553145e-06,9.436357773973223e-07,0.56,linear,True,False
all_2015_2016_2021,2015 full + 2016 full + 2021 10%,2015+2016+2021,77,0.077,50,0,49,3.04474704411804e-06,9.836426760958386e-07,1.5135682477534643e-06,2.1741551721692294e-06,2.942205396588993e-06,3.945440630931722e-06,2.286912176305213e-06,7.708673894134373e-07,0.84,linear,True,False
all_2015_2016_2021,2015 full + 2016 full + 2021 10%,2015+2016+2021,78,0.078,50,0,49,3.730359567878903e-06,1.099430195274307e-06,1.4062853906930673e-06,1.9556722781488756e-06,3.167723412868337e-06,4.011370563060463e-06,2.184042435536197e-06,8.560694938847704e-07,0.9,linear,True,False
all_2015_2016_2021,2015 full + 2016 full + 2021 10%,2015+2016+2021,79,0.079,50,0,49,4.141859912728571e-06,1.231725072662116e-06,1.4286074704291242e-06,1.9874059769661994e-06,3.1362664303166996e-06,4.119008341560616e-06,2.2177910896690636e-06,8.378145787543148e-07,0.96,linear,True,False
all_2015_2016_2021,2015 full + 2016 full + 2021 10%,2015+2016+2021,80,0.08,50,0,49,3.9026189083612495e-06,1.2998397199481969e-06,1.5291015338958448e-06,2.0844963466457226e-06,3.0518111740517916e-06,3.981085528791821e-06,2.288454786862224e-06,7.899979375099772e-07,0.92,linear,True,False
all_2015_2016_2021,2015 full + 2016 full + 2021 10%,2015+2016+2021,81,0.081,50,0,49,3.507550391398093e-06,9.528300143201385e-07,1.324166130509234e-06,1.9263050233374696e-06,2.798918486389404e-06,3.856640206012613e-06,2.1221541748317294e-06,9.149071781224318e-07,0.94,linear,True,False
all_2015_2016_2021,2015 full + 2016 full + 2021 10%,2015+2016+2021,82,0.082,50,0,49,2.3693916456611577e-06,1.205218465418797e-06,1.6458099553969565e-06,1.9945752396796978e-06,2.830264193784489e-06,4.077213276572083e-06,2.1901830878388955e-06,7.41824945233734e-07,0.7,linear,True,False
all_2015_2016_2021,2015 full + 2016 full + 2021 10%,2015+2016+2021,83,0.083,50,0,49,1.6675718483913278e-06,1.2505252337818977e-06,1.5399543304822226e-06,2.4046200647048324e-06,3.093869656745225e-06,3.6790058912872277e-06,2.371692182173796e-06,7.299223949850581e-07,0.24,linear,True,False
all_2015_2016_2021,2015 full + 2016 full + 2021 10%,2015+2016+2021,84,0.084,50,0,49,1.322158868955613e-06,1.1366190945744047e-06,1.4485161346414308e-06,2.106801298280172e-06,3.079769059210906e-06,4.135146247494318e-06,2.2725008170133325e-06,8.2261517141251e-07,0.14,linear,True,False
all_2015_2016_2021,2015 full + 2016 full + 2021 10%,2015+2016+2021,85,0.085,50,0,49,1.4258924495463958e-06,9.605140717285725e-07,1.441313285948139e-06,2.1097666968630927e-06,3.146631875278078e-06,3.811723242238633e-06,2.2319222460989387e-06,8.209764261797783e-07,0.14,linear,True,False
all_2015_2016_2021,2015 full + 2016 full + 2021 10%,2015+2016+2021,86,0.086,50,0,49,1.429496923838071e-06,1.023426963800426e-06,1.387231493489576e-06,1.8471169817426452e-06,2.8971234888008754e-06,3.763050619421899e-06,2.0827986285627254e-06,8.164181710274668e-07,0.2,linear,True,False
all_2015_2016_2021,2015 full + 2016 full + 2021 10%,2015+2016+2021,87,0.087,50,0,49,1.4429256312202808e-06,1.182583697151008e-06,1.4859346670208954e-06,2.105395460947236e-06,2.912073551778756e-06,4.015990611999609e-06,2.237375217209792e-06,7.64274343637258e-07,0.14,linear,True,False
all_2015_2016_2021,2015 full + 2016 full + 2021 10%,2015+2016+2021,88,0.088,50,0,49,1.6837251761833967e-06,1.1100689203081731e-06,1.534360364627819e-06,2.028813502538029e-06,2.888579605600294e-06,3.5667737575611927e-06,2.1729622393067675e-06,6.830606887205491e-07,0.2,linear,True,False
all_2015_2016_2021,2015 full + 2016 full + 2021 10%,2015+2016+2021,89,0.089,50,0,49,2.1550917797488058e-06,1.017473825289326e-06,1.4208536920058828e-06,2.1176183588488064e-06,3.184938908955698e-06,3.828791117581876e-06,2.2398643919710166e-06,8.599719939491469e-07,0.52,linear,True,False
all_2015_2016_2021,2015 full + 2016 full + 2021 10%,2015+2016+2021,90,0.09,50,0,49,3.194049877471847e-06,9.361903027428753e-07,1.4418228129523364e-06,2.1883729705504584e-06,3.041098014110209e-06,3.5946852751081717e-06,2.2125136608923335e-06,8.066928026047145e-07,0.86,linear,True,False
individual_2015_full,2015 full,2015,19,0.019,50,0,49,6.028720311142007e-06,9.890937777276825e-06,1.1823775818199172e-05,1.4668173436717945e-05,2.1603380045147845e-05,2.9875190588416957e-05,1.641155809217157e-05,5.398117502557452e-06,0.0,linear,True,False
individual_2015_full,2015 full,2015,20,0.02,50,0,49,1.3250739100729953e-05,6.746160163993291e-06,9.188458709208971e-06,1.3397629169592586e-05,1.8369409572350752e-05,2.3072698666647396e-05,1.3748605348727907e-05,4.605274171002525e-06,0.48,linear,True,False
individual_2015_full,2015 full,2015,21,0.021,50,0,49,2.62940119494728e-05,6.773693533683033e-06,7.689385369919898e-06,1.2137610388322976e-05,1.6226623412914817e-05,1.9643517291201514e-05,1.221116038806348e-05,3.921351244106817e-06,1.0,linear,True,False
individual_2015_full,2015 full,2015,22,0.022,50,0,49,1.6849498786461963e-05,5.073891683571807e-06,6.872716727870151e-06,8.996664425063066e-06,1.3512091103248242e-05,1.9258010753892854e-05,1.0032404683264099e-05,3.6064159416330407e-06,0.96,linear,True,False
individual_2015_full,2015 full,2015,23,0.023,50,0,49,5.967122211967021e-06,4.782838612726494e-06,6.321246324516829e-06,9.628088527625206e-06,1.2337784247570505e-05,1.5226354093657037e-05,9.51638210554685e-06,2.9534842533577597e-06,0.14,linear,True,False
individual_2015_full,2015 full,2015,24,0.024,50,0,49,5.086191137630236e-06,4.911410962919696e-06,6.143510127791936e-06,8.571050148722231e-06,1.3282884115767123e-05,1.9286790833846432e-05,9.480423137140565e-06,3.788267804411778e-06,0.04,linear,True,False
individual_2015_full,2015 full,2015,25,0.025,50,0,49,6.982118142580113e-06,4.278493016395932e-06,5.730015680577473e-06,8.234165138554172e-06,1.0848220532170718e-05,1.4411522227609634e-05,8.472828573251024e-06,2.791392531420399e-06,0.38,linear,True,False
individual_2015_full,2015 full,2015,26,0.026,50,0,49,8.504925358416046e-06,4.400610137718333e-06,4.936152676692965e-06,6.78503555568863e-06,1.1720884847199878e-05,1.585947500423066e-05,8.033420073739557e-06,3.5261979579472407e-06,0.66,linear,True,False
individual_2015_full,2015 full,2015,27,0.027,50,0,49,7.721166893556462e-06,3.2117294155955554e-06,5.31920523054228e-06,7.076285210005465e-06,1.0182123361467241e-05,1.6094858575193673e-05,7.668888882940276e-06,3.223640160236638e-06,0.66,linear,True,False
individual_2015_full,2015 full,2015,28,0.028,50,0,49,7.527736631736017e-06,3.719145735962598e-06,4.542639551540919e-06,7.640757095751495e-06,1.101470985453142e-05,1.353031170816136e-05,7.821253768654097e-06,2.970650522470414e-06,0.46,linear,True,False
individual_2015_full,2015 full,2015,29,0.029,50,0,49,8.39795864481337e-06,3.7635825597937124e-06,4.766413481442039e-06,6.690990852423615e-06,9.059332913325563e-06,1.4582040161634066e-05,7.022886369359417e-06,2.5515993504194247e-06,0.74,linear,True,False
individual_2015_full,2015 full,2015,30,0.03,50,0,49,1.023124658847981e-05,3.282225709909525e-06,4.917748971665481e-06,7.645848011210227e-06,9.529635128944527e-06,1.2097459272847625e-05,7.345724518188042e-06,2.377409545878934e-06,0.9,linear,True,False
individual_2015_full,2015 full,2015,31,0.031,50,0,49,8.58777369557878e-06,3.906254321703438e-06,4.622134531078177e-06,6.838527928975981e-06,9.014483481561578e-06,1.1420288415455255e-05,6.96923782599301e-06,2.1528019022532585e-06,0.78,linear,True,False
individual_2015_full,2015 full,2015,32,0.032,50,0,49,6.498708636725469e-06,3.6611893071407274e-06,4.641763487107071e-06,5.81184065352192e-06,9.577795580499866e-06,1.4891713114594558e-05,6.855798005299077e-06,2.8277254305706535e-06,0.62,linear,True,False
individual_2015_full,2015 full,2015,33,0.033,50,0,49,4.684199957165572e-06,3.5818166999372634e-06,4.3933170946207755e-06,6.044160817773445e-06,8.659038989070278e-06,1.317677605651908e-05,6.579174145604603e-06,2.4938492186610687e-06,0.22,linear,True,False
individual_2015_full,2015 full,2015,34,0.034,50,0,49,3.892664198845847e-06,3.7507941123593202e-06,4.7485979271745645e-06,6.723194335541473e-06,1.0789143697771928e-05,1.2704292593264534e-05,7.301919314764631e-06,2.8835302347264936e-06,0.06,linear,True,False
individual_2015_full,2015 full,2015,35,0.035,50,0,49,3.588134781178029e-06,3.842614097773437e-06,4.698567486923181e-06,6.457526501730236e-06,8.416339594066647e-06,1.1200461805873311e-05,6.6418606886510715e-06,2.084641180730769e-06,0.02,linear,True,False
individual_2015_full,2015 full,2015,36,0.036,50,0,49,5.20694440023428e-06,3.5409682656728813e-06,5.155384024099556e-06,6.743598056548517e-06,9.683524383522694e-06,1.2895719303054317e-05,7.200009751706747e-06,2.5442605102927804e-06,0.22,linear,True,False
individual_2015_full,2015 full,2015,37,0.037,50,0,49,7.58231184821308e-06,3.51999087044618e-06,4.406518542193099e-06,5.75684830719392e-06,9.375706622790416e-06,1.1802762909342472e-05,6.677904796302663e-06,2.5974844464771724e-06,0.68,linear,True,False
individual_2015_full,2015 full,2015,38,0.038,50,0,49,1.2192184480002685e-05,4.140182233875758e-06,4.775502712985574e-06,6.873754755015797e-06,9.32929047353798e-06,1.3861325338211266e-05,7.390000520699415e-06,2.7436800180491764e-06,0.96,linear,True,False
individual_2015_full,2015 full,2015,39,0.039,50,0,49,1.4949852389226707e-05,3.1971304851592348e-06,4.8219486773585234e-06,7.074895775131078e-06,9.44298998714506e-06,1.1642334356095807e-05,7.086899286452896e-06,2.31565689378487e-06,1.0,linear,True,False
individual_2015_full,2015 full,2015,40,0.04,50,0,49,1.317242998300001e-05,3.511149798079786e-06,4.406317814450545e-06,6.142333105470792e-06,9.792377003034795e-06,1.155558275483226e-05,6.774771500060392e-06,2.5384004142235364e-06,0.98,linear,True,False
individual_2015_full,2015 full,2015,41,0.041,50,0,49,9.396311128623854e-06,4.077760551771208e-06,5.044673661971571e-06,6.809586959112438e-06,1.0689046766557761e-05,1.546041901644267e-05,7.787031864573399e-06,3.003599469328706e-06,0.68,linear,True,False
individual_2015_full,2015 full,2015,42,0.042,50,0,49,5.9512731721207875e-06,4.3978614890561365e-06,5.835138719730769e-06,7.061773862792605e-06,1.0122888887647237e-05,1.1661597062423974e-05,7.5680565721421745e-06,2.0951797331499684e-06,0.2,linear,True,False
individual_2015_full,2015 full,2015,43,0.043,50,0,49,4.280074516821396e-06,3.3016974836175873e-06,4.7753502527477035e-06,7.400192648059156e-06,1.1505016847920148e-05,1.425488752832312e-05,7.992158433206806e-06,3.180572574590172e-06,0.1,linear,True,False
individual_2015_full,2015 full,2015,44,0.044,50,0,49,3.7098331384777297e-06,4.567748767199157e-06,6.033776852339428e-06,8.177542145823267e-06,1.1788088289629512e-05,1.5058450210062028e-05,8.64738255075921e-06,3.1174510458258707e-06,0.0,linear,True,False
individual_2015_full,2015 full,2015,45,0.045,50,0,49,3.683545528067656e-06,4.754859043330571e-06,6.428317696767586e-06,8.509392597208643e-06,1.137189630599119e-05,1.3992109718333334e-05,8.903564284824463e-06,2.7647123627018372e-06,0.0,linear,True,False
individual_2015_full,2015 full,2015,46,0.046,50,0,49,4.575335944936353e-06,4.814121925329402e-06,6.182827828348503e-06,8.125605172770678e-06,1.186799420987954e-05,1.5487803759457546e-05,8.791352891969763e-06,2.8679820773146274e-06,0.0,linear,True,False
individual_2015_full,2015 full,2015,47,0.047,50,0,49,7.24043299558171e-06,3.8043110087888895e-06,6.043581336815497e-06,8.389636420179173e-06,1.0735753210534963e-05,1.6030983718411854e-05,8.691463512017934e-06,3.2211053108742387e-06,0.32,linear,True,False
individual_2015_full,2015 full,2015,48,0.048,50,0,49,1.2699075567649636e-05,3.928457619170031e-06,5.610550444110461e-06,8.343983035118537e-06,1.1093273635729832e-05,1.4231080733278196e-05,8.659126972995469e-06,2.9721827545083418e-06,0.9,linear,True,False
individual_2015_full,2015 full,2015,49,0.049,50,0,49,1.959028266321166e-05,5.253147211308852e-06,6.339950128431687e-06,8.705468804679175e-06,1.4091229090040149e-05,1.7776924716580375e-05,1.006047232415765e-05,3.85024132717844e-06,0.98,linear,True,False
individual_2015_full,2015 full,2015,50,0.05,50,0,49,2.4600041512683968e-05,5.027320386593678e-06,6.886082711083932e-06,9.79976960992237e-06,1.3756064923671635e-05,1.87926210144238e-05,1.0328545957121119e-05,3.7526818724654984e-06,1.0,linear,True,False
individual_2015_full,2015 full,2015,51,0.051,50,0,49,2.6396501975452937e-05,5.495676110371978e-06,7.037513223456505e-06,9.57418031757422e-06,1.307866697803581e-05,1.8425636518490243e-05,1.0073376812839564e-05,3.5449022943469762e-06,1.0,linear,True,False
individual_2015_full,2015 full,2015,52,0.052,50,0,49,2.112987415099241e-05,5.15675276121219e-06,6.483513550578691e-06,9.069869548653462e-06,1.3482359763749642e-05,1.8288887476407574e-05,1.0245338926804251e-05,4.367217091276195e-06,0.98,linear,True,False
individual_2015_full,2015 full,2015,53,0.053,50,0,49,1.3931219940487204e-05,5.508801385933164e-06,6.924111391318368e-06,9.545578078735572e-06,1.5606145492641697e-05,2.2530700385951827e-05,1.0716277710144364e-05,4.490326585776355e-06,0.76,linear,True,False
individual_2015_full,2015 full,2015,54,0.054,50,0,49,8.595411764451371e-06,5.463857420534695e-06,7.901876931714347e-06,1.025441312450891e-05,1.464622529737124e-05,1.996972336167951e-05,1.1091870554442674e-05,3.6798712344580993e-06,0.24,linear,True,False
individual_2015_full,2015 full,2015,55,0.055,50,0,49,5.880489423159788e-06,6.58002764901922e-06,9.242757744431602e-06,1.2989195112201824e-05,1.6975864499241117e-05,1.9882169207047157e-05,1.3165059731743366e-05,3.9675206135065476e-06,0.02,linear,True,False
individual_2015_full,2015 full,2015,56,0.056,50,0,49,4.862577527049574e-06,6.258458129915368e-06,8.08398909734097e-06,1.1871605205950193e-05,1.5694203762977254e-05,2.0198427584778143e-05,1.2272170880784875e-05,4.637575039004834e-06,0.0,linear,True,False
individual_2015_full,2015 full,2015,57,0.057,50,0,49,4.840915191776256e-06,7.461957224035447e-06,8.985622567780597e-06,1.1674722175200582e-05,1.4509664422037857e-05,1.899170197990778e-05,1.2038231443042308e-05,3.143581893128049e-06,0.0,linear,True,False
individual_2015_full,2015 full,2015,58,0.058,50,0,49,5.283110366417453e-06,7.78988746047535e-06,9.871147605058216e-06,1.3193617414164334e-05,1.9929599990316306e-05,2.6084072782072086e-05,1.4686312853813281e-05,5.391795654878766e-06,0.0,linear,True,False
individual_2015_full,2015 full,2015,59,0.059,50,0,49,6.560630951998236e-06,7.187957771290028e-06,8.515535441464144e-06,1.1945315533503033e-05,1.7281087444144325e-05,2.448808908836278e-05,1.2905993999371208e-05,4.8785806327698625e-06,0.0,linear,True,False
individual_2015_full,2015 full,2015,60,0.06,50,0,49,9.649835443871993e-06,7.736514610574325e-06,1.0309835968284695e-05,1.3909998585141909e-05,1.8384004632005668e-05,2.2301173859994044e-05,1.4262181914519115e-05,4.172211603274909e-06,0.12,linear,True,False
individual_2015_full,2015 full,2015,61,0.061,50,0,49,1.4498074188678366e-05,8.288579799619956e-06,9.856898387838199e-06,1.4444918677861437e-05,2.1474399562924967e-05,2.5760155238170586e-05,1.533669495593369e-05,5.316364231756738e-06,0.5,linear,True,False
individual_2015_full,2015 full,2015,62,0.062,50,0,49,2.1905379680511607e-05,7.35475626707211e-06,1.1291772344067839e-05,1.473554941996085e-05,1.9583254927182844e-05,3.0134357392102505e-05,1.5748808580444393e-05,5.672926942863407e-06,0.88,linear,True,False
individual_2015_full,2015 full,2015,63,0.063,50,0,49,3.086520458550718e-05,7.345860793338706e-06,1.0408172256335614e-05,1.3999304686296407e-05,1.92772190845255e-05,2.609990510897487e-05,1.4662643026435009e-05,5.2475383643109144e-06,1.0,linear,True,False
individual_2015_full,2015 full,2015,64,0.064,50,0,49,3.553340024767333e-05,9.564739292850906e-06,1.2012272432869276e-05,1.5223592629411714e-05,2.1801013301613717e-05,2.574223677528941e-05,1.6255453001177906e-05,4.590001683721572e-06,1.0,linear,True,False
individual_2015_full,2015 full,2015,65,0.065,50,0,49,3.587910361077515e-05,9.632509548624417e-06,1.154884794639247e-05,1.5114361201609019e-05,2.3367924877481735e-05,2.8950600512142822e-05,1.691562762165356e-05,5.530898272491538e-06,1.0,linear,True,False
individual_2015_full,2015 full,2015,66,0.066,50,0,49,3.2955619088693855e-05,9.313280089701514e-06,1.2223124742474411e-05,1.7466449645169353e-05,2.2889565956930728e-05,2.760499446360592e-05,1.7752875692278902e-05,5.111057348384494e-06,1.0,linear,True,False
individual_2015_full,2015 full,2015,67,0.067,50,0,49,2.768283880277978e-05,8.99486151445796e-06,1.2484122709938166e-05,1.8032014627442716e-05,2.646654548789193e-05,4.597662554351416e-05,2.0337529483833872e-05,9.455351366592111e-06,0.86,linear,True,False
individual_2015_full,2015 full,2015,68,0.068,50,0,49,2.3446497653259305e-05,1.1566185881204076e-05,1.540775639100899e-05,1.907174239124322e-05,2.7326122164956356e-05,3.194173238821271e-05,2.0661484573748038e-05,6.016481326542978e-06,0.66,linear,True,False
individual_2015_full,2015 full,2015,69,0.069,50,0,49,1.947443839085616e-05,1.1129416004560843e-05,1.4704862805943496e-05,1.8141727609950868e-05,2.7964256858324512e-05,3.9673405418092473e-05,2.0741492741778085e-05,7.615424704070229e-06,0.58,linear,True,False
individual_2015_full,2015 full,2015,70,0.07,50,0,49,1.565806608082301e-05,1.023124410369509e-05,1.2720436810465626e-05,1.7380445770008494e-05,2.9048336782093553e-05,3.333714681539248e-05,2.0015305642017938e-05,7.557206124610253e-06,0.34,linear,True,False
individual_2015_full,2015 full,2015,71,0.071,50,0,49,1.5349752708402096e-05,1.3511553614891673e-05,1.6066544409060745e-05,2.2851382035799787e-05,3.0332766271424012e-05,3.857487251886404e-05,2.3551401787841162e-05,6.874864203402334e-06,0.14,linear,True,False
individual_2015_full,2015 full,2015,72,0.072,50,0,49,1.610036110064495e-05,1.2004019005384986e-05,1.4320273964440266e-05,2.4639730538044838e-05,3.1890881135364286e-05,3.793944815168597e-05,2.3521972477766806e-05,8.215605237849803e-06,0.24,linear,True,False
individual_2015_full,2015 full,2015,73,0.073,50,0,49,1.8060263608492097e-05,1.0104554350272217e-05,1.4960566113191914e-05,2.156212125009261e-05,3.412399161930432e-05,4.78389987137659e-05,2.4378448107659248e-05,1.0563570302481855e-05,0.36,linear,True,False
individual_2015_full,2015 full,2015,74,0.074,50,0,49,2.172967850118017e-05,1.3106678956041066e-05,1.6722435078129035e-05,2.4770898584419247e-05,3.8125171739381e-05,5.078983756396982e-05,2.7000399860791507e-05,1.1904931344422256e-05,0.42,linear,True,False
individual_2015_full,2015 full,2015,75,0.075,50,0,49,2.2157460566905165e-05,1.2285296717977145e-05,1.751283004329884e-05,2.5441076640417248e-05,3.7401136834962343e-05,4.520196062728173e-05,2.6694373031930468e-05,9.654777637636484e-06,0.38,linear,True,False
individual_2015_full,2015 full,2015,76,0.076,50,0,49,2.3038664525082577e-05,1.327993738624373e-05,1.8721797553216824e-05,2.797001801990311e-05,3.82738947394952e-05,5.6986137870134884e-05,2.9425995921271013e-05,1.1205655124495737e-05,0.32,linear,True,False
individual_2015_full,2015 full,2015,77,0.077,50,0,49,2.170891795673728e-05,1.6435492688952e-05,2.0468774000854773e-05,2.8013499541524402e-05,4.031531857261205e-05,5.825799770507834e-05,3.04830931934697e-05,1.1870673642805854e-05,0.26,linear,True,False
individual_2015_full,2015 full,2015,78,0.078,50,0,49,2.0461441937903383e-05,1.4999836370320448e-05,2.1940855302997162e-05,3.123000450216205e-05,4.293506697903211e-05,5.720498504753718e-05,3.216948160495912e-05,1.1580470081908149e-05,0.12,linear,True,False
individual_2015_full,2015 full,2015,79,0.079,50,0,49,1.907848650283686e-05,1.3795019055427647e-05,2.0270066293549864e-05,2.9827567564404692e-05,4.8276721883223516e-05,6.263506258426382e-05,3.363619826079772e-05,1.3567167580330964e-05,0.12,linear,True,False
individual_2015_full,2015 full,2015,80,0.08,50,0,49,1.7796144002855142e-05,1.7308197880347725e-05,2.5884630795474565e-05,3.4802157339192805e-05,4.698202830288194e-05,6.450600611311527e-05,3.620478377586639e-05,1.3165303216244961e-05,0.04,linear,True,False
individual_2015_full,2015 full,2015,81,0.081,50,0,49,1.820732728186423e-05,1.8607866575454176e-05,2.5957754149285178e-05,3.231220202918541e-05,4.806918661169352e-05,7.013694348726722e-05,3.6014834753583935e-05,1.2573311289360433e-05,0.02,linear,True,False
individual_2015_full,2015 full,2015,82,0.082,50,0,49,1.8935745222284348e-05,1.7558670963822097e-05,2.2463272795616593e-05,3.4531827905953576e-05,4.9161538578210315e-05,5.818230190199017e-05,3.521823857685327e-05,1.1561215972758852e-05,0.04,linear,True,False
individual_2015_full,2015 full,2015,83,0.083,50,0,49,2.0601261323099612e-05,1.8367204211413498e-05,2.481240353910277e-05,3.0949388966456135e-05,4.7900699506640415e-05,6.529755292975791e-05,3.4907905072592714e-05,1.328173642364724e-05,0.04,linear,True,False
individual_2015_full,2015 full,2015,84,0.084,50,0,49,2.695644681605396e-05,2.18630506392251e-05,2.712340172555686e-05,3.376337950744549e-05,4.67039267840524e-05,6.256388792933408e-05,3.687965290808446e-05,1.2399461272441726e-05,0.14,linear,True,False
individual_2015_full,2015 full,2015,85,0.085,50,0,49,3.615194931503812e-05,2.2287392261288544e-05,2.6242469539070104e-05,4.158930369328239e-05,5.531432219004227e-05,7.495822024704362e-05,4.196059522767002e-05,1.44845648809245e-05,0.38,linear,True,False
individual_2015_full,2015 full,2015,86,0.086,50,0,49,4.520923378113312e-05,2.1353274957932166e-05,3.026529002091664e-05,4.326081917775654e-05,5.742673651967032e-05,8.941039340288732e-05,4.524491083506821e-05,1.7129267372308414e-05,0.52,linear,True,False
individual_2015_full,2015 full,2015,87,0.087,50,0,49,5.7152117639701926e-05,2.662421128031884e-05,3.0780576889101403e-05,3.820630864645126e-05,5.870859610240951e-05,7.548695891349947e-05,4.330794213351146e-05,1.440829768010086e-05,0.8,linear,True,False
individual_2015_full,2015 full,2015,88,0.088,50,0,49,7.126044479076086e-05,2.4618049517204207e-05,3.035904563496525e-05,4.1070257275620836e-05,6.058867324713248e-05,8.660771782515119e-05,4.597355048608602e-05,1.9247795952149145e-05,0.9,linear,True,False
individual_2015_full,2015 full,2015,89,0.089,50,0,49,8.640307256262115e-05,2.242107410478507e-05,2.7172582025809784e-05,4.70659376465313e-05,6.262914344738154e-05,7.872763855905429e-05,4.6425545716418645e-05,1.722715481594045e-05,0.98,linear,True,False
individual_2015_full,2015 full,2015,90,0.09,50,0,49,0.0001041715448033,2.2181378122990946e-05,2.929539550067262e-05,4.260067196617506e-05,6.47329794702662e-05,9.030632471800158e-05,4.740791029928919e-05,1.911267117265022e-05,1.0,linear,True,False
individual_2016_full,2016 full,2016,39,0.039,50,0,49,1.0664582835313749e-05,7.598840886727198e-06,1.0419657370243231e-05,1.5216760545433822e-05,2.098057718220295e-05,3.0574394201145964e-05,1.620288145173862e-05,6.251340512154495e-06,0.2,linear,True,False
individual_2016_full,2016 full,2016,40,0.04,50,0,49,1.0141064804301658e-05,8.513026127976667e-06,1.0426672595632665e-05,1.460341123511551e-05,1.8467358388757373e-05,2.121842224910606e-05,1.4586234288557919e-05,4.286289021477917e-06,0.12,linear,True,False
individual_2016_full,2016 full,2016,41,0.041,50,0,49,8.572192675964256e-06,7.002311942961692e-06,7.542596958221673e-06,1.053396449574647e-05,1.3511102262328473e-05,2.2600903714861422e-05,1.1175249086693765e-05,3.838398878702706e-06,0.26,linear,True,False
individual_2016_full,2016 full,2016,42,0.042,50,0,49,9.994959521740008e-06,5.4715397956164796e-06,6.695155777106982e-06,9.555698232062384e-06,1.4863169354195672e-05,1.7816913396264714e-05,1.0442324551761301e-05,3.8031430816261686e-06,0.52,linear,True,False
individual_2016_full,2016 full,2016,43,0.043,50,0,49,9.714898040490975e-06,4.276152037016274e-06,6.424530336597293e-06,9.33516392403773e-06,1.3163377540851905e-05,1.969404041570042e-05,9.796584859383238e-06,3.944096551902837e-06,0.56,linear,True,False
individual_2016_full,2016 full,2016,44,0.044,50,0,49,9.73162396962856e-06,4.0506830791689045e-06,6.3265484971187764e-06,9.065531386176044e-06,1.2836173062253656e-05,1.8096470314621738e-05,9.658991342224913e-06,3.7721607260407246e-06,0.54,linear,True,False
individual_2016_full,2016 full,2016,45,0.045,50,0,49,1.2657851007280056e-05,3.603477695868315e-06,4.8120700671033135e-06,6.765436220224206e-06,1.1732305569611852e-05,1.4254094413287887e-05,7.646021218759442e-06,3.2636328887558328e-06,0.92,linear,True,False
individual_2016_full,2016 full,2016,46,0.046,50,0,49,8.265448195405712e-06,3.6616986652525634e-06,4.684861607039605e-06,6.948269071566076e-06,1.089948992943419e-05,1.3706227690287239e-05,7.76309078032591e-06,2.9551224364762557e-06,0.62,linear,True,False
individual_2016_full,2016 full,2016,47,0.047,50,0,49,7.115966083448559e-06,3.082098865242518e-06,4.45072649364893e-06,6.001733249891396e-06,8.539307917636629e-06,1.157525152845494e-05,6.44165291462724e-06,2.2240044164230567e-06,0.7,linear,True,False
individual_2016_full,2016 full,2016,48,0.048,50,0,49,5.718628647816774e-06,3.572898909011701e-06,4.512342586826393e-06,6.941224232554447e-06,1.0336802066257068e-05,1.3281834596222404e-05,7.474277698991938e-06,2.7730905481775684e-06,0.3,linear,True,False
individual_2016_full,2016 full,2016,49,0.049,50,0,49,4.754462256862382e-06,2.7331083630183413e-06,3.931419520435303e-06,5.6025407748349035e-06,7.983530380332314e-06,1.0233055421835991e-05,6.118524078084681e-06,2.4916860455303353e-06,0.26,linear,True,False
individual_2016_full,2016 full,2016,50,0.05,50,0,49,4.374305013850468e-06,3.3935886735708302e-06,4.245190835217501e-06,5.8767576933697874e-06,8.409960241718351e-06,9.600139232209818e-06,6.227605874883138e-06,1.969617165078285e-06,0.2,linear,True,False
individual_2016_full,2016 full,2016,51,0.051,50,0,49,4.879759852331163e-06,2.917015090391169e-06,3.647728744212283e-06,5.4137267626970275e-06,8.116721212413251e-06,1.0202398550542615e-05,5.864363464763327e-06,2.14274897711793e-06,0.36,linear,True,False
individual_2016_full,2016 full,2016,52,0.052,50,0,49,6.034605819214095e-06,3.36757482774517e-06,4.2222422858541946e-06,5.915598729216561e-06,8.17617540188161e-06,1.1401337140293034e-05,6.317645042270125e-06,2.1534650883308614e-06,0.52,linear,True,False
individual_2016_full,2016 full,2016,53,0.053,50,0,49,6.67498908547269e-06,3.303347606428377e-06,3.970578307730865e-06,5.083383644014378e-06,7.195519484510477e-06,9.242870156354195e-06,5.635328532324006e-06,1.659797909794788e-06,0.7,linear,True,False
individual_2016_full,2016 full,2016,54,0.054,50,0,49,6.9387349299721974e-06,2.499338571472406e-06,3.2926035551890488e-06,4.805745482881084e-06,7.026843194527002e-06,9.20426810464881e-06,5.097910783764709e-06,1.8885222345210292e-06,0.82,linear,True,False
individual_2016_full,2016 full,2016,55,0.055,50,0,49,5.9751311259950984e-06,2.4944373695497063e-06,3.7003256368899324e-06,5.348081452868484e-06,6.799593988588294e-06,8.284679317951711e-06,5.2985275111206214e-06,1.7071649651901104e-06,0.64,linear,True,False
individual_2016_full,2016 full,2016,56,0.056,50,0,49,5.993150973880777e-06,2.6723478054341953e-06,3.3799743993353952e-06,4.7213817985397926e-06,6.154234250892565e-06,7.426046021427658e-06,4.789466981092465e-06,1.4333083139419217e-06,0.78,linear,True,False
individual_2016_full,2016 full,2016,57,0.057,50,0,49,4.401397542367041e-06,2.7854965890360286e-06,3.519091151499757e-06,4.753451844549559e-06,6.852488177418649e-06,8.417947989563498e-06,5.221795589269741e-06,1.904797889663141e-06,0.4,linear,True,False
individual_2016_full,2016 full,2016,58,0.058,50,0,49,3.922929821075501e-06,2.671267707030297e-06,3.2882852276920355e-06,4.430071276235079e-06,7.345943580133037e-06,9.824917983390626e-06,5.05421361502604e-06,1.9515828972668325e-06,0.32,linear,True,False
individual_2016_full,2016 full,2016,59,0.059,50,0,49,3.4853821936879786e-06,2.4505659810498437e-06,3.207610391619073e-06,4.722434922540346e-06,6.314336657012425e-06,9.07180280264128e-06,5.016084283386664e-06,1.744596720879684e-06,0.2,linear,True,False
individual_2016_full,2016 full,2016,60,0.06,50,0,49,3.3258259963086112e-06,2.4675079223960864e-06,3.3369391074948657e-06,4.956513347123775e-06,7.560901416676934e-06,8.586219154059148e-06,5.296804988715438e-06,1.925872877139243e-06,0.16,linear,True,False
individual_2016_full,2016 full,2016,61,0.061,50,0,49,3.3588539084667205e-06,2.3659537135886714e-06,3.312084976203933e-06,4.521872280799986e-06,6.481281001765375e-06,9.327901874706075e-06,4.939284613223611e-06,1.9541326361614435e-06,0.18,linear,True,False
individual_2016_full,2016 full,2016,62,0.062,50,0,49,3.195961105720977e-06,2.357245981710291e-06,3.398830423982517e-06,4.998630072148075e-06,7.392423864743348e-06,1.1523422037434618e-05,5.492447105219431e-06,2.290750873702486e-06,0.12,linear,True,False
individual_2016_full,2016 full,2016,63,0.063,50,0,49,3.0428153540885297e-06,2.2674128746527376e-06,2.861843118685349e-06,3.841016991273796e-06,6.596032987422058e-06,8.159482052595482e-06,4.420091479728345e-06,1.8010537081493582e-06,0.24,linear,True,False
individual_2016_full,2016 full,2016,64,0.064,50,0,49,3.698653731270465e-06,2.458352429531656e-06,3.5322403280038197e-06,4.688125473660585e-06,6.255615994171941e-06,6.908427260592597e-06,4.682947671618429e-06,1.290112422479751e-06,0.2,linear,True,False
individual_2016_full,2016 full,2016,65,0.065,50,0,49,5.248666145944773e-06,2.468771736641025e-06,2.9496226568759978e-06,4.3645384183005795e-06,6.1212466189262045e-06,7.802139635768965e-06,4.503850834222585e-06,1.4428811280702694e-06,0.68,linear,True,False
individual_2016_full,2016 full,2016,66,0.066,50,0,49,6.198706277623963e-06,2.1245719915557338e-06,2.7810437005943485e-06,3.700228722808256e-06,5.167471334632933e-06,7.628978254032705e-06,4.028450563432783e-06,1.5483891362371746e-06,0.88,linear,True,False
individual_2016_full,2016 full,2016,67,0.067,50,0,49,7.469926413268197e-06,2.163599012524451e-06,3.1818128280662648e-06,4.157360432471796e-06,5.442918506763622e-06,6.877538966054114e-06,4.331218283679337e-06,1.291417782546124e-06,0.98,linear,True,False
individual_2016_full,2016 full,2016,68,0.068,50,0,49,8.929945083107e-06,2.1383188382428328e-06,2.8911495060766323e-06,4.419219685917368e-06,6.934005729063161e-06,9.254477251696363e-06,4.761566332677102e-06,1.9837145426719286e-06,0.96,linear,True,False
individual_2016_full,2016 full,2016,69,0.069,50,0,49,8.79801359974906e-06,2.17951903015259e-06,2.8606664581498732e-06,4.014054861720531e-06,6.28524466308241e-06,8.175235077561885e-06,4.466782656756085e-06,1.7787859465657332e-06,0.98,linear,True,False
individual_2016_full,2016 full,2016,70,0.07,50,0,49,7.965472499908609e-06,2.293225904887847e-06,3.4551839146783093e-06,4.724529221677841e-06,6.992525689968591e-06,8.962186939609212e-06,5.04229896018569e-06,1.8346460768789583e-06,0.9,linear,True,False
individual_2016_full,2016 full,2016,71,0.071,50,0,49,5.641448827170459e-06,2.4371282282774535e-06,3.086228199723644e-06,4.301552350412819e-06,5.969336081663934e-06,7.338326495912848e-06,4.463383469204024e-06,1.3971971248061684e-06,0.76,linear,True,False
individual_2016_full,2016 full,2016,72,0.072,50,0,49,2.3898834165411996e-06,2.1370402915556267e-06,2.6877316860655494e-06,3.902538326972738e-06,5.426847821072294e-06,9.5084374955993e-06,4.266916614630497e-06,1.775406228523705e-06,0.1,linear,True,False
individual_2016_full,2016 full,2016,73,0.073,50,0,49,1.599589239559275e-06,1.9957390203839265e-06,2.370006371624052e-06,3.467438639893585e-06,4.857969234563274e-06,5.819841903789236e-06,3.600969356666108e-06,1.206167410451613e-06,0.02,linear,True,False
individual_2016_full,2016 full,2016,74,0.074,50,0,49,1.97730358544422e-06,2.2591364732025656e-06,3.0171640594911146e-06,4.2223252818019826e-06,5.216717117494486e-06,8.23519344351068e-06,4.312228904220675e-06,1.3587713138052397e-06,0.0,linear,True,False
individual_2016_full,2016 full,2016,75,0.075,50,0,49,1.809513266989474e-06,2.0735281632928505e-06,2.69616871896974e-06,4.125761569753097e-06,5.60069511363215e-06,7.326184451043553e-06,4.11812738570434e-06,1.3639735056839083e-06,0.0,linear,True,False
individual_2016_full,2016 full,2016,76,0.076,50,0,49,1.8681974830806056e-06,2.44798062396937e-06,3.069669564210875e-06,3.919746082239087e-06,5.462204222688284e-06,8.046019585308304e-06,4.30381730187627e-06,1.473266363681931e-06,0.0,linear,True,False
individual_2016_full,2016 full,2016,77,0.077,50,0,49,1.9059043111592885e-06,2.1606214009603675e-06,2.9099573356462756e-06,3.8852362519520404e-06,6.169081825790283e-06,7.505748800483873e-06,4.286429774868426e-06,1.507448194077169e-06,0.0,linear,True,False
individual_2016_full,2016 full,2016,78,0.078,50,0,49,2.4404528716312543e-06,2.1413127754283026e-06,2.708256243514611e-06,4.181206850600088e-06,5.581110493617985e-06,7.327491627676405e-06,4.256304672706368e-06,1.5073929780037383e-06,0.1,linear,True,False
individual_2016_full,2016 full,2016,79,0.079,50,0,49,3.440684910447054e-06,2.120194385963742e-06,3.1615781932684564e-06,3.970465233585001e-06,5.8129219356356604e-06,8.542861701753325e-06,4.447856901039098e-06,1.7547862955774739e-06,0.38,linear,True,False
individual_2016_full,2016 full,2016,80,0.08,50,0,49,4.094942570756306e-06,2.9316457533798793e-06,3.3660426565458532e-06,4.661197819741817e-06,6.156147058248018e-06,7.495699703347337e-06,4.801830155157372e-06,1.3137191589914555e-06,0.28,linear,True,False
individual_2016_full,2016 full,2016,81,0.081,50,0,49,4.403713502332421e-06,1.997037924619991e-06,2.879226452121257e-06,4.340761590815004e-06,6.658094643813746e-06,7.945601658469764e-06,4.593394502286176e-06,1.7994677937952022e-06,0.52,linear,True,False
individual_2016_full,2016 full,2016,82,0.082,50,0,49,4.488547978827345e-06,2.6377066654225395e-06,3.2435482689268147e-06,4.494342068876624e-06,6.372010031041511e-06,8.32417004262706e-06,4.766118352850822e-06,1.640228279752829e-06,0.5,linear,True,False
individual_2016_full,2016 full,2016,83,0.083,50,0,49,4.692676407256771e-06,2.650539007994461e-06,3.3604951028595945e-06,4.425902840820813e-06,6.310368260866954e-06,7.0549873453525296e-06,4.630076004028737e-06,1.4930685386539272e-06,0.62,linear,True,False
individual_2016_full,2016 full,2016,84,0.084,50,0,49,4.302279985844929e-06,2.516463604750483e-06,3.2380390033242144e-06,4.4618654552079315e-06,6.313352608399373e-06,7.68523139827826e-06,4.739910597088848e-06,1.5223384121393266e-06,0.46,linear,True,False
individual_2016_full,2016 full,2016,85,0.085,50,0,49,7.221786258424779e-06,2.2847011043311125e-06,3.1091374038832147e-06,4.0674568115129875e-06,5.3388545842991545e-06,6.618921598373359e-06,4.154262781126659e-06,1.1909244197249375e-06,0.98,linear,True,False
individual_2016_full,2016 full,2016,86,0.086,50,0,49,8.5159576760463e-06,2.285637641715746e-06,3.0242477103552696e-06,4.228745318966298e-06,7.122621603278317e-06,9.01366775432235e-06,4.7216324446303e-06,1.8529671972397016e-06,0.96,linear,True,False
individual_2016_full,2016 full,2016,87,0.087,50,0,49,9.560420353577143e-06,2.3834756645423174e-06,3.445349522983142e-06,4.361469080937919e-06,6.501547354572567e-06,9.421341081800782e-06,4.968369827668249e-06,1.8046628158924936e-06,0.96,linear,True,False
individual_2016_full,2016 full,2016,88,0.088,50,0,49,1.095647615260898e-05,2.789943599449536e-06,3.236391038663844e-06,4.4209140421340855e-06,6.433673651274648e-06,7.900094447756277e-06,4.756400062598062e-06,1.5274753222683174e-06,1.0,linear,True,False
individual_2016_full,2016 full,2016,89,0.089,50,0,49,1.2103759897480822e-05,2.1324666105710104e-06,3.318982039806906e-06,4.352785686905628e-06,6.612447143823713e-06,8.739387518198503e-06,4.853386762948059e-06,1.8204937911622752e-06,1.0,linear,True,False
individual_2016_full,2016 full,2016,90,0.09,50,0,49,1.315209710142724e-05,2.295181903058005e-06,2.7724430465169412e-06,4.895910566779461e-06,6.188433796206266e-06,9.081035206381403e-06,4.89476923199475e-06,2.0812499757180106e-06,1.0,linear,True,False
individual_2016_full,2016 full,2016,91,0.091,50,0,49,1.3323124361087852e-05,2.208070440788838e-06,3.2960318318715205e-06,4.451828221999238e-06,6.2305120345572004e-06,8.957729633131832e-06,4.749254505572644e-06,1.631892610958812e-06,1.0,linear,True,False
individual_2016_full,2016 full,2016,92,0.092,50,0,49,1.2891370387710144e-05,3.0752017309156985e-06,3.714935622781292e-06,4.736958917643218e-06,7.214162540461395e-06,9.22684947673474e-06,5.260788120358447e-06,1.7680314120522489e-06,1.0,linear,True,False
individual_2016_full,2016 full,2016,93,0.093,50,0,49,1.1358973160156414e-05,2.676259454481695e-06,3.2472143136093616e-06,4.62358017050364e-06,6.997671661315744e-06,9.282512263326371e-06,5.050003877796089e-06,1.9478963215830955e-06,1.0,linear,True,False
individual_2016_full,2016 full,2016,94,0.094,50,0,49,8.074201120130147e-06,2.712888484492559e-06,3.2625487200078323e-06,4.471770463825988e-06,6.756849356852625e-06,8.633234854767095e-06,4.816320222451526e-06,1.7247542626370423e-06,0.92,linear,True,False
individual_2016_full,2016 full,2016,95,0.095,50,0,49,5.823393316158571e-06,2.8560501568568692e-06,4.000993228741069e-06,4.998031085977245e-06,7.2263810547673585e-06,9.820089388544485e-06,5.4583244856310214e-06,1.8134615352680637e-06,0.7,linear,True,False
individual_2016_full,2016 full,2016,96,0.096,50,0,49,3.970430899472557e-06,2.5718680839940942e-06,3.733678070149054e-06,5.812492575937661e-06,7.081249267206242e-06,9.51775308282789e-06,5.591708002543227e-06,1.880896988289842e-06,0.22,linear,True,False
individual_2016_full,2016 full,2016,97,0.097,50,0,49,2.858743869536095e-06,3.276959830211333e-06,3.843665715307941e-06,4.975885146086992e-06,8.26087433011934e-06,1.0014126397153404e-05,5.699238591479216e-06,2.098124524621094e-06,0.02,linear,True,False
individual_2016_full,2016 full,2016,98,0.098,50,0,49,2.025474767993195e-06,3.1073903984642615e-06,4.0392516423006265e-06,5.186953541752108e-06,8.130634456544568e-06,9.995478170423094e-06,5.8128850780489875e-06,2.039937824887779e-06,0.0,linear,True,False
individual_2016_full,2016 full,2016,99,0.099,50,0,49,1.7523041834873133e-06,2.2982394056004854e-06,3.4926756042338743e-06,4.951213335839652e-06,7.395113189636023e-06,1.1232443681172362e-05,5.447784153666305e-06,2.2579802693402003e-06,0.0,linear,True,False
individual_2016_full,2016 full,2016,100,0.1,50,0,49,1.561098514644861e-06,2.7768265594637507e-06,3.997816026212119e-06,5.264604682698116e-06,7.792574198855092e-06,9.533275400024962e-06,5.638116679036377e-06,1.9157936796275913e-06,0.0,linear,True,False
individual_2016_full,2016 full,2016,101,0.101,50,0,49,1.552967404613409e-06,2.926232799678631e-06,3.7321675828057633e-06,5.227019159155971e-06,8.09670686996094e-06,1.0834971013080582e-05,5.6937247279404054e-06,2.2300899533941595e-06,0.0,linear,True,False
individual_2016_full,2016 full,2016,102,0.102,50,0,49,1.558837304938822e-06,2.957951755751269e-06,3.373765637712724e-06,4.7352922111050685e-06,7.371053022806961e-06,9.107487917504577e-06,5.274791755095377e-06,1.9586026769028687e-06,0.0,linear,True,False
individual_2016_full,2016 full,2016,103,0.103,50,0,49,1.6208021801378416e-06,2.840658138316369e-06,3.6888291107643613e-06,5.585518333642452e-06,7.806681194246897e-06,1.1586655902958483e-05,6.066345365671538e-06,2.2749673438715906e-06,0.0,linear,True,False
individual_2016_full,2016 full,2016,104,0.104,50,0,49,1.7894689254143975e-06,3.263408979135697e-06,4.16007124411146e-06,5.6184258399192456e-06,7.068948585244677e-06,1.1730565881469414e-05,5.9301377158706075e-06,2.0953880429761363e-06,0.0,linear,True,False
individual_2016_full,2016 full,2016,105,0.105,50,0,49,2.0656462739798725e-06,3.069426945654046e-06,4.091729940128442e-06,5.765557524042825e-06,8.386039889373394e-06,1.1507048072153803e-05,6.2332392954133705e-06,2.292272041537023e-06,0.0,linear,True,False
individual_2016_full,2016 full,2016,106,0.106,50,0,49,2.5157446449264872e-06,2.8976358263968965e-06,3.865825682287342e-06,5.4361193565975375e-06,7.281105136522726e-06,1.0242470990688441e-05,5.76466753060958e-06,2.077485627252915e-06,0.0,linear,True,False
individual_2016_full,2016 full,2016,107,0.107,50,0,49,3.063557693320141e-06,3.4398368108899004e-06,4.4445109683934844e-06,5.944339981087359e-06,8.11313732411901e-06,1.1373471282898685e-05,6.491545480985241e-06,2.250906825130212e-06,0.0,linear,True,False
individual_2016_full,2016 full,2016,108,0.108,50,0,49,3.9407161287176e-06,3.021058461167241e-06,4.552680437594652e-06,6.270732613543306e-06,8.516719188849595e-06,1.1234837915170328e-05,6.548844573671718e-06,2.190499616389515e-06,0.1,linear,True,False
individual_2016_full,2016 full,2016,109,0.109,50,0,49,5.282844584276796e-06,3.5586405269111834e-06,4.458978584764031e-06,6.269748219615597e-06,9.56592781089614e-06,1.2071990671164584e-05,6.880055439589536e-06,2.5164771781057406e-06,0.3,linear,True,False
individual_2016_full,2016 full,2016,110,0.11,50,0,49,8.491856223535266e-06,3.7867508598472558e-06,4.8882572893369995e-06,5.720408514651052e-06,8.152228170089126e-06,1.0682980504904398e-05,6.420116737050012e-06,1.956725160778594e-06,0.86,linear,True,False
individual_2016_full,2016 full,2016,111,0.111,50,0,49,1.0283886445931732e-05,4.325137120763645e-06,5.023632690344052e-06,7.716915181832519e-06,1.0693826032708674e-05,1.2905792038652808e-05,7.630534529589777e-06,2.514399857301412e-06,0.82,linear,True,False
individual_2016_full,2016 full,2016,112,0.112,50,0,49,1.3747277775890464e-05,3.737628298438029e-06,5.3300393976122366e-06,8.035320361253347e-06,1.20223448329901e-05,1.6164344003341288e-05,8.67100133528638e-06,3.5034154443120096e-06,0.9,linear,True,False
individual_2016_full,2016 full,2016,113,0.113,50,0,49,1.631625744378539e-05,4.389876628281012e-06,5.956485524726591e-06,9.275720020712896e-06,1.1870468420656499e-05,1.6339518683710867e-05,9.260983385215626e-06,3.2424261109229946e-06,0.96,linear,True,False
individual_2016_full,2016 full,2016,114,0.114,50,0,49,1.851658655415296e-05,3.732472160331338e-06,5.0446135796381285e-06,7.489829865412669e-06,9.95238821220727e-06,1.3156632565383818e-05,7.667355012519395e-06,2.4553207703665694e-06,1.0,linear,True,False
individual_2016_full,2016 full,2016,115,0.115,50,0,49,1.904648625934967e-05,4.889399798010484e-06,5.529045894309819e-06,7.92395327516431e-06,1.0404367983189514e-05,1.54317730220934e-05,8.20951898568534e-06,2.988418618626978e-06,1.0,linear,True,False
individual_2016_full,2016 full,2016,116,0.116,50,0,49,2.0417550562473895e-05,4.18908353301599e-06,5.144812984989687e-06,7.0784373749267295e-06,9.920153794489877e-06,1.650840816209112e-05,8.002313547462263e-06,3.4279030576368237e-06,1.0,linear,True,False
individual_2016_full,2016 full,2016,117,0.117,50,0,49,2.146207845168307e-05,4.239507959188754e-06,5.076386459310624e-06,7.014536129411859e-06,1.0620980054140868e-05,1.669455257512557e-05,8.037969579220228e-06,3.2447184101507093e-06,1.0,linear,True,False
individual_2016_full,2016 full,2016,118,0.118,50,0,49,1.9872213903049525e-05,5.112266427341306e-06,5.602025653729947e-06,8.512340700243954e-06,1.165255270785694e-05,1.4498970680855762e-05,8.813546292439323e-06,3.0159037488033733e-06,1.0,linear,True,False
individual_2016_full,2016 full,2016,119,0.119,50,0,49,2.1409720830682224e-05,4.311348805806818e-06,6.058002522229647e-06,7.715779141646403e-06,1.1006376130948437e-05,1.3278388688729088e-05,8.236905035231181e-06,2.471324732348093e-06,1.0,linear,True,False
individual_2016_full,2016 full,2016,120,0.12,50,0,49,2.008136547637599e-05,4.273510097532565e-06,6.227073185143493e-06,8.93649220555795e-06,1.1908836669343679e-05,1.6233296328132312e-05,9.266100991354872e-06,3.428722557832305e-06,1.0,linear,True,False
individual_2016_full,2016 full,2016,121,0.121,50,0,49,1.9747108389801684e-05,4.300615050399964e-06,5.518998334557053e-06,7.767704339597478e-06,1.1116898911024147e-05,1.6151776355443862e-05,8.307010123433908e-06,2.927776739366298e-06,1.0,linear,True,False
individual_2016_full,2016 full,2016,122,0.122,50,0,49,1.7922179719008534e-05,4.7037035845893e-06,5.973170689759339e-06,8.0253681910806e-06,1.0895018438165448e-05,1.460937789043711e-05,8.566266510004484e-06,2.6488132560692337e-06,1.0,linear,True,False
individual_2016_full,2016 full,2016,123,0.123,50,0,49,1.6144813756920687e-05,4.271441067694362e-06,6.246154805898175e-06,8.80736442723852e-06,1.2898594396423692e-05,1.555693768992632e-05,9.335050683183542e-06,3.031835187578589e-06,1.0,linear,True,False
individual_2016_full,2016 full,2016,124,0.124,50,0,49,1.4502135484107416e-05,4.589664067059295e-06,6.321694867430161e-06,8.982623732432356e-06,1.2686736976024807e-05,1.572308157907627e-05,9.445222535654882e-06,3.2040895266396702e-06,0.96,linear,True,False
individual_2016_full,2016 full,2016,125,0.125,50,0,49,1.31369337755368e-05,4.86486452262143e-06,6.535488941410099e-06,9.039495316644135e-06,1.1758677754191325e-05,1.5553549604808494e-05,9.25386121640406e-06,2.8249664170377142e-06,0.92,linear,True,False
individual_2016_full,2016 full,2016,126,0.126,50,0,49,1.1676104751173049e-05,5.129701215469805e-06,7.3945169358377455e-06,1.0323954906366184e-05,1.387741990869981e-05,1.640344280831841e-05,1.0449536831626806e-05,3.160756982738334e-06,0.6,linear,True,False
individual_2016_full,2016 full,2016,127,0.127,50,0,49,8.14120027140832e-06,6.030806819473222e-06,7.87799126736465e-06,1.1384596367395586e-05,1.3924550180066362e-05,1.874197100866478e-05,1.1324176703274736e-05,3.3083191555993074e-06,0.18,linear,True,False
individual_2016_full,2016 full,2016,128,0.128,50,0,49,8.146809378999376e-06,5.872575587484794e-06,7.908510016488094e-06,9.886297953435365e-06,1.4215126083041723e-05,1.752568739562318e-05,1.092900487707653e-05,3.37820870673109e-06,0.18,linear,True,False
individual_2016_full,2016 full,2016,129,0.129,50,0,49,8.366563559002857e-06,6.461410443185471e-06,7.691566205542602e-06,1.1068875486920918e-05,1.628646944391777e-05,1.9304895977467404e-05,1.1523983390830264e-05,3.877274186382717e-06,0.34,linear,True,False
individual_2016_full,2016 full,2016,130,0.13,50,0,49,8.846155561022397e-06,6.815885551548839e-06,8.263574124128566e-06,1.0981716165446293e-05,1.5365585213682008e-05,2.3199526382927297e-05,1.201278220121054e-05,4.493455718832587e-06,0.26,linear,True,False
individual_2016_full,2016 full,2016,131,0.131,50,0,49,8.770520964709905e-06,6.151776057175556e-06,8.043829204748128e-06,1.204390868505519e-05,1.7521989640579897e-05,2.2713858845338117e-05,1.2782831122318016e-05,4.707127777454855e-06,0.22,linear,True,False
individual_2016_full,2016 full,2016,132,0.132,50,0,49,9.021714034329768e-06,6.806659835497733e-06,8.064368647726909e-06,1.167530689938464e-05,1.5459411212252955e-05,2.26672790386102e-05,1.2081159719478588e-05,4.3897659287249365e-06,0.26,linear,True,False
individual_2016_full,2016 full,2016,133,0.133,50,0,49,9.302903770143518e-06,6.769137769419272e-06,1.0461976144597989e-05,1.246938589874494e-05,1.7751668288357514e-05,1.9881124135218372e-05,1.3409367262121976e-05,3.5698406567664104e-06,0.08,linear,True,False
individual_2016_full,2016 full,2016,134,0.134,50,0,49,9.31964235778444e-06,6.741895540503278e-06,8.716766226998121e-06,1.2379519890727046e-05,2.0162794434729465e-05,2.4054286465568735e-05,1.4010317997676868e-05,5.420178008509715e-06,0.2,linear,True,False
individual_2016_full,2016 full,2016,135,0.135,50,0,49,8.955268365414767e-06,7.539521423819765e-06,8.418208580180383e-06,1.2209420901885923e-05,1.654709360226767e-05,1.9582563384161104e-05,1.2675583115530391e-05,3.7337559477830452e-06,0.2,linear,True,False
individual_2016_full,2016 full,2016,136,0.136,50,0,49,8.541296080379278e-06,6.435035119746419e-06,9.341184494051063e-06,1.2020891123576951e-05,1.826107119560796e-05,2.7774366322788596e-05,1.362019522356659e-05,5.264087603996805e-06,0.12,linear,True,False
individual_2016_full,2016 full,2016,137,0.137,50,0,49,8.55209766557605e-06,7.672616443626043e-06,9.255290138424357e-06,1.2850381744369213e-05,1.6232439740046056e-05,2.1522695650905246e-05,1.3359135882447515e-05,4.222679600797983e-06,0.1,linear,True,False
individual_2016_full,2016 full,2016,138,0.138,50,0,49,7.243413035284106e-06,6.935055289981303e-06,8.687747904569226e-06,1.4195241596639547e-05,2.0118320320454402e-05,2.9016254545570353e-05,1.4698782535105193e-05,5.9852364322700814e-06,0.06,linear,True,False
individual_2016_full,2016 full,2016,139,0.139,50,0,49,7.657630815783135e-06,7.552419837051708e-06,9.299379841076236e-06,1.4628896189285484e-05,1.9956054711988402e-05,2.4800781686583704e-05,1.4980242082193052e-05,4.804169019906423e-06,0.04,linear,True,False
individual_2016_full,2016 full,2016,140,0.14,50,0,49,8.520507469308898e-06,8.28579153348037e-06,9.93229656258181e-06,1.4721792032431101e-05,2.10881542626365e-05,2.7896110411626336e-05,1.5741138946075407e-05,5.536608532093678e-06,0.04,linear,True,False
individual_2016_full,2016 full,2016,141,0.141,50,0,49,6.3186503803837374e-06,7.593971252093132e-06,9.87739132190174e-06,1.2797478945757723e-05,1.8986960410087017e-05,2.340696629745067e-05,1.3932665263094763e-05,4.669265046115629e-06,0.02,linear,True,False
individual_2016_full,2016 full,2016,142,0.142,50,0,49,6.445936990321186e-06,7.3850273631733765e-06,1.049544647964254e-05,1.3973456146255672e-05,1.978331737117054e-05,2.7627951365410237e-05,1.546628382171689e-05,5.6866741497233156e-06,0.0,linear,True,False
individual_2016_full,2016 full,2016,143,0.143,50,0,49,6.5917375167042055e-06,8.416029933059348e-06,9.74924845609449e-06,1.281829129760054e-05,1.8361372762957263e-05,2.4420763658123286e-05,1.4090447146223538e-05,5.035095869044791e-06,0.02,linear,True,False
individual_2016_full,2016 full,2016,144,0.144,50,0,49,1.0563474884602586e-05,9.047569711154185e-06,1.084424456978959e-05,1.5479028835316247e-05,2.256945742713091e-05,3.117966860684656e-05,1.6358774205220124e-05,5.9921047866965186e-06,0.16,linear,True,False
individual_2016_full,2016 full,2016,145,0.145,50,0,49,7.118869176708773e-06,8.31983878145726e-06,1.0957839274682431e-05,1.6345931382424815e-05,2.1410036820734233e-05,2.5763868684950877e-05,1.6294744675075158e-05,5.1818445168794135e-06,0.0,linear,True,False
individual_2016_full,2016 full,2016,146,0.146,50,0,49,7.508033134575749e-06,8.236448962559669e-06,9.799799221470031e-06,1.2971931187377178e-05,1.969790973389745e-05,2.6545707985561216e-05,1.4635477555096784e-05,5.31913631923683e-06,0.0,linear,True,False
individual_2016_full,2016 full,2016,147,0.147,50,0,49,7.878913611651916e-06,8.028541484194051e-06,1.107644174878511e-05,1.7526065391254716e-05,2.7578163115078823e-05,3.362358460874112e-05,1.8726287357460726e-05,7.377349402226846e-06,0.04,linear,True,False
individual_2016_full,2016 full,2016,148,0.148,50,0,49,8.844937368686325e-06,9.705110003271189e-06,1.1905794988057193e-05,1.5433305679084126e-05,2.1892284366757433e-05,2.7965532495577117e-05,1.7105879039128535e-05,5.9276928774119345e-06,0.02,linear,True,False
individual_2016_full,2016 full,2016,149,0.149,50,0,49,1.538083892677749e-05,8.606832584609048e-06,1.2211602568970046e-05,1.944943851342245e-05,2.5236250409755855e-05,3.073228873537064e-05,1.920533709926631e-05,6.800732022836802e-06,0.32,linear,True,False
individual_2016_full,2016 full,2016,150,0.15,50,0,49,1.65012612309309e-05,9.90364250993351e-06,1.1446129798641867e-05,1.8479619131158156e-05,2.5074432235271566e-05,3.473001777522642e-05,1.9079435540404464e-05,6.672595261825803e-06,0.38,linear,True,False
individual_2016_full,2016 full,2016,151,0.151,50,0,49,1.9927960120614524e-05,1.053500472202516e-05,1.2607159706395808e-05,1.9163631895061805e-05,2.593064849030716e-05,4.029602360824206e-05,1.9638354107668027e-05,7.843261094169655e-06,0.56,linear,True,False
individual_2016_full,2016 full,2016,152,0.152,50,0,49,2.253545167872423e-05,1.0622782737522133e-05,1.4639996626466306e-05,2.033148175466255e-05,2.8924337526540093e-05,3.4291536165930075e-05,2.1118085989337426e-05,6.777822320960617e-06,0.58,linear,True,False
individual_2016_full,2016 full,2016,153,0.153,50,0,49,2.454322319251886e-05,1.0456934412256485e-05,1.323689857819838e-05,1.9552788251790207e-05,2.580313574299751e-05,3.303786821252441e-05,1.9796386392694087e-05,6.161607248512431e-06,0.8,linear,True,False
individual_2016_full,2016 full,2016,154,0.154,50,0,49,2.6338039769264065e-05,1.0000708443569595e-05,1.5036235875965105e-05,2.0769751078526525e-05,2.8476069248116017e-05,3.567829484309347e-05,2.138203152503127e-05,7.058175943294157e-06,0.78,linear,True,False
individual_2016_full,2016 full,2016,155,0.155,50,0,49,2.875456804954529e-05,1.0433612538826076e-05,1.2625334797520174e-05,1.784604188916074e-05,2.5520958527719585e-05,3.4780340490985933e-05,1.9260959647341276e-05,6.8070052055111695e-06,0.88,linear,True,False
individual_2016_full,2016 full,2016,156,0.156,50,0,49,3.3289381404800225e-05,1.131961509269112e-05,1.5216271348679572e-05,2.080961242192352e-05,3.09975729187216e-05,3.924915051154685e-05,2.2481104860667076e-05,7.4524567209878e-06,0.9,linear,True,False
individual_2016_full,2016 full,2016,157,0.157,50,0,49,3.5768338070915704e-05,1.1235902789072947e-05,1.4951673365607366e-05,2.2136308175176306e-05,2.9368011148714314e-05,4.515272977273955e-05,2.288871581349355e-05,8.423430941566002e-06,0.94,linear,True,False
individual_2016_full,2016 full,2016,158,0.158,50,0,49,3.8915364850746094e-05,9.990613986850282e-06,1.6631212155759056e-05,2.351500878979856e-05,3.2072866006591024e-05,4.3764597837079866e-05,2.399876246205174e-05,8.780057242374253e-06,0.94,linear,True,False
individual_2016_full,2016 full,2016,159,0.159,50,0,49,4.163202075518953e-05,1.267832986172344e-05,1.6820040185320408e-05,2.055441853139174e-05,3.30389952546149e-05,4.59228730707286e-05,2.4216198903217783e-05,9.364095487142214e-06,0.9,linear,True,False
individual_2016_full,2016 full,2016,160,0.16,50,0,49,4.524895251696392e-05,1.1140085547934191e-05,1.6560559438081276e-05,2.299720731265761e-05,3.5808197357533365e-05,4.862553398471576e-05,2.522273033111778e-05,9.681319836457272e-06,0.94,linear,True,False
individual_2016_full,2016 full,2016,161,0.161,50,0,49,4.6006921617317143e-05,1.3126427825804871e-05,1.442060947810168e-05,1.9823655939000872e-05,3.2772682288516054e-05,4.086511799943591e-05,2.3351787449444806e-05,9.42887609115991e-06,0.98,linear,True,False
individual_2016_full,2016 full,2016,162,0.162,50,0,49,4.819607609866948e-05,1.2646658461095032e-05,1.798021861302956e-05,2.657940145384692e-05,3.588678260728266e-05,4.278863956835317e-05,2.6865427542314023e-05,8.452924276458373e-06,1.0,linear,True,False
individual_2016_full,2016 full,2016,163,0.163,50,0,49,4.680187149726162e-05,1.4053667280016103e-05,1.8812072583650962e-05,2.4923249909362412e-05,3.7683587178247754e-05,5.283806918089119e-05,2.7786158735761546e-05,1.045841448774796e-05,0.94,linear,True,False
individual_2016_full,2016 full,2016,164,0.164,50,0,49,4.345976298637963e-05,1.405517895194444e-05,2.0694470915346874e-05,2.9187199179873296e-05,3.882504828708658e-05,4.9010135802779687e-05,2.9199496554612454e-05,9.52202694560972e-06,0.9,linear,True,False
individual_2016_full,2016 full,2016,165,0.165,50,0,49,4.181359412010826e-05,1.1686666640919761e-05,1.79307610719102e-05,2.507822474216482e-05,3.795995240141217e-05,4.934485011698635e-05,2.7207731431153677e-05,9.616597568015687e-06,0.94,linear,True,False
individual_2016_full,2016 full,2016,166,0.166,50,0,49,3.8263854479334975e-05,1.4354982681523666e-05,2.04277258269109e-05,2.8472193082830443e-05,3.767326039751018e-05,5.577441173121276e-05,2.9731835443868366e-05,1.0366395083517587e-05,0.86,linear,True,False
individual_2016_full,2016 full,2016,167,0.167,50,0,49,3.888515381098399e-05,1.642025706804317e-05,2.03074833809162e-05,2.8173363800241654e-05,3.75393096129585e-05,4.775712921296288e-05,2.8634298619068218e-05,8.59822303186562e-06,0.86,linear,True,False
individual_2016_full,2016 full,2016,168,0.168,50,0,49,3.873029284210074e-05,1.327344034132888e-05,1.788515023174543e-05,2.64689725469166e-05,3.979532666967124e-05,5.731991882982959e-05,2.8647249838793915e-05,1.1939557310841367e-05,0.82,linear,True,False
individual_2016_full,2016 full,2016,169,0.169,50,0,49,3.613907050367914e-05,1.3008631705245847e-05,1.798992089161972e-05,2.598334750697713e-05,3.507372517286854e-05,5.122570238556773e-05,2.7324654706850418e-05,9.602017988795045e-06,0.88,linear,True,False
individual_2016_full,2016 full,2016,170,0.17,50,0,49,2.8963843528567417e-05,1.5212311693109102e-05,1.8550995838774327e-05,2.643796920285559e-05,3.984543691008756e-05,4.80051105248343e-05,2.8389252540849922e-05,9.8501944668802e-06,0.6,linear,True,False
individual_2016_full,2016 full,2016,171,0.171,50,0,49,2.610300748076116e-05,1.5510147983809525e-05,2.095627761134354e-05,2.910441973050548e-05,3.94010920143349e-05,5.358799279052401e-05,3.1005203573143916e-05,1.1580291393054828e-05,0.3,linear,True,False
individual_2016_full,2016 full,2016,172,0.172,50,0,49,2.293423017978123e-05,1.6028216936278772e-05,1.925540412515051e-05,3.0011190639462198e-05,4.122636465940275e-05,5.872040901736262e-05,3.104305588553044e-05,1.125562606531319e-05,0.28,linear,True,False
individual_2016_full,2016 full,2016,173,0.173,50,0,49,2.1066189821824608e-05,1.5929517713018515e-05,1.9761638793060785e-05,2.9538021699765283e-05,4.4228139223792004e-05,5.501292767000881e-05,3.1595606355759173e-05,1.1871073786694843e-05,0.2,linear,True,False
individual_2016_full,2016 full,2016,174,0.174,50,0,49,2.004443397254061e-05,1.7847410824854757e-05,2.204015578508405e-05,2.891890816353832e-05,4.234079198568053e-05,5.368476259306228e-05,3.15522319369061e-05,1.1236912359252262e-05,0.12,linear,True,False
individual_2016_full,2016 full,2016,175,0.175,50,0,49,2.0987393212315855e-05,1.6866288097839277e-05,2.2937735573586732e-05,3.184882835269916e-05,4.709012118550731e-05,6.183999028860129e-05,3.488706252429941e-05,1.3781989579224781e-05,0.12,linear,True,False
individual_2016_full,2016 full,2016,176,0.176,50,0,49,1.9928140667515196e-05,2.0388753403915022e-05,2.405895828757073e-05,3.327237564116402e-05,4.592032739171934e-05,6.448081144990604e-05,3.518881717103375e-05,1.2340839201840163e-05,0.02,linear,True,False
individual_2016_full,2016 full,2016,177,0.177,50,0,49,2.106738603431099e-05,1.806297301322206e-05,2.370202781675045e-05,3.676944410234525e-05,4.869903554320203e-05,7.1668447284064e-05,3.782445905596918e-05,1.4862476026859545e-05,0.1,linear,True,False
individual_2016_full,2016 full,2016,178,0.178,50,0,49,2.1422647665541944e-05,1.969221475990491e-05,2.5001204969614906e-05,3.2575301401317166e-05,5.5503004536171616e-05,6.575026068623394e-05,3.7146925858085626e-05,1.3632508725386625e-05,0.08,linear,True,False
individual_2016_full,2016 full,2016,179,0.179,50,0,49,2.2830002699672696e-05,1.6918077002338645e-05,2.505647650485076e-05,3.618664886040905e-05,4.711901698951535e-05,6.115761210267947e-05,3.621428854079943e-05,1.1909195988221961e-05,0.12,linear,True,False
individual_2016_full,2016 full,2016,180,0.18,50,0,49,2.4564011967894433e-05,1.7287849274449485e-05,2.506897669493285e-05,3.7188173949915694e-05,5.170919197756e-05,7.05145672355407e-05,3.920216617520024e-05,1.4386890941327237e-05,0.16,linear,True,False
individual_2021_10pct,2021 10%,2021,50,0.05,50,0,49,2.1149103752779968e-05,6.647419036043615e-06,8.35812151792264e-06,1.0542989357138293e-05,1.7068287578247948e-05,2.2703182113559285e-05,1.2235063787580751e-05,4.8047107846963975e-06,0.9,linear,True,False
individual_2021_10pct,2021 10%,2021,51,0.051,50,0,49,1.1668758890409897e-05,4.998284637455528e-06,6.353536789257014e-06,1.0157530928520116e-05,1.4711580350518763e-05,2.1283020978607732e-05,1.0749611656355424e-05,4.36604757099424e-06,0.62,linear,True,False
individual_2021_10pct,2021 10%,2021,52,0.052,50,0,49,8.045157900312727e-06,5.075254072570771e-06,6.770376418274619e-06,1.0238479383529777e-05,1.47189014621977e-05,1.9623816356070117e-05,1.1020094613871201e-05,4.3263914222823154e-06,0.24,linear,True,False
individual_2021_10pct,2021 10%,2021,53,0.053,50,0,49,6.398160947997226e-06,4.7669733139743694e-06,6.2740540908505345e-06,8.096067643684541e-06,1.400418331976708e-05,1.740163412072616e-05,9.579424701471796e-06,3.621456436729988e-06,0.18,linear,True,False
individual_2021_10pct,2021 10%,2021,54,0.054,50,0,49,6.2664593612279555e-06,4.552843398082498e-06,5.334869624553259e-06,7.279720775574272e-06,1.0938325986975679e-05,1.4007460657324025e-05,7.995205757094379e-06,2.7448456122605815e-06,0.32,linear,True,False
individual_2021_10pct,2021 10%,2021,55,0.055,50,0,49,5.798976335094624e-06,3.8136109145581102e-06,5.583320239718628e-06,6.855434733706326e-06,1.0327310023306687e-05,1.264767864789554e-05,7.543145444889809e-06,2.522698670698215e-06,0.24,linear,True,False
individual_2021_10pct,2021 10%,2021,56,0.056,50,0,49,6.938518394247164e-06,4.024767375525607e-06,4.711073158403262e-06,6.835248899345726e-06,8.85554266988804e-06,1.010071395990911e-05,6.876206350473235e-06,1.9550164499598562e-06,0.54,linear,True,False
individual_2021_10pct,2021 10%,2021,57,0.057,50,0,49,7.169610243391224e-06,3.4833931496995946e-06,4.4656871183054786e-06,6.750947300401665e-06,8.652828863030665e-06,1.4091237525923132e-05,6.909038500850769e-06,2.717456498494452e-06,0.62,linear,True,False
individual_2021_10pct,2021 10%,2021,58,0.058,50,0,49,5.770514369531544e-06,3.3222254793086443e-06,4.023229059323608e-06,6.0014586649066285e-06,7.48437770290399e-06,1.204458436217691e-05,6.095587985659437e-06,2.1578362472345754e-06,0.44,linear,True,False
individual_2021_10pct,2021 10%,2021,59,0.059,50,0,49,4.694809674652309e-06,2.876048363977189e-06,4.195458156350158e-06,5.417908444732673e-06,7.612490893992832e-06,1.0135709130044467e-05,5.723753671298718e-06,1.8116822060894685e-06,0.3,linear,True,False
individual_2021_10pct,2021 10%,2021,60,0.06,50,0,49,3.739200585900289e-06,2.9761045956932173e-06,3.4880843389001625e-06,4.886156250492507e-06,6.166860929939348e-06,8.234817669222283e-06,5.004662546059169e-06,1.4412183567743145e-06,0.22,linear,True,False
individual_2021_10pct,2021 10%,2021,61,0.061,50,0,49,3.3717514693123736e-06,2.2944355290833447e-06,3.2134462921022274e-06,5.286737210878916e-06,6.760724765889842e-06,9.397345987462496e-06,5.166694478760086e-06,1.8246089552790972e-06,0.2,linear,True,False
individual_2021_10pct,2021 10%,2021,62,0.062,50,0,49,4.2500421450269414e-06,2.4232767340700257e-06,3.34854254448424e-06,4.561312606536405e-06,5.969477480452629e-06,7.582334032880118e-06,4.6185336214037355e-06,1.4567420011992693e-06,0.46,linear,True,False
individual_2021_10pct,2021 10%,2021,63,0.063,50,0,49,5.237726853987156e-06,2.13009438660485e-06,2.7359089389928395e-06,4.115022981952098e-06,5.39844104737782e-06,7.756779744542688e-06,4.219022387694376e-06,1.4916210198986903e-06,0.82,linear,True,False
individual_2021_10pct,2021 10%,2021,64,0.064,50,0,49,7.83580598492397e-06,2.462869860994633e-06,2.9052918268665475e-06,3.853032374045095e-06,5.516121560050725e-06,6.977152711902577e-06,4.124958667644119e-06,1.2878297913936922e-06,1.0,linear,True,False
individual_2021_10pct,2021 10%,2021,65,0.065,50,0,49,8.420895898381368e-06,2.031640936088063e-06,2.7817920895535163e-06,3.8034645319168597e-06,5.338646019014532e-06,7.238211716696216e-06,4.014154464182438e-06,1.4213599040350518e-06,1.0,linear,True,False
individual_2021_10pct,2021 10%,2021,66,0.066,50,0,49,8.09837329627897e-06,1.7585456454204124e-06,2.4395037281503916e-06,3.5025787028655306e-06,4.957550568966962e-06,6.05004429478018e-06,3.745146385380411e-06,1.2636272544652183e-06,1.0,linear,True,False
individual_2021_10pct,2021 10%,2021,67,0.067,50,0,49,5.252571974604276e-06,1.6706331907340363e-06,2.0903300564769726e-06,3.359196082708247e-06,4.9663572661934295e-06,7.085220855769365e-06,3.6175133484192e-06,1.481385992340157e-06,0.9,linear,True,False
individual_2021_10pct,2021 10%,2021,68,0.068,50,0,49,2.748865000279625e-06,1.844483088412269e-06,2.1494326834029295e-06,3.4405568638773394e-06,5.460649636351751e-06,6.146496222537221e-06,3.6077762312573856e-06,1.3795731721243393e-06,0.36,linear,True,False
individual_2021_10pct,2021 10%,2021,69,0.069,50,0,49,1.4679678560054414e-06,1.780206303281183e-06,2.158477699244313e-06,3.0798516904908897e-06,4.481948949762937e-06,5.974553807760193e-06,3.3009563745377687e-06,1.1480274744415161e-06,0.0,linear,True,False
individual_2021_10pct,2021 10%,2021,70,0.07,50,0,49,1.0904394755562134e-06,1.8554955541073028e-06,2.3605607122861994e-06,3.391522780930988e-06,4.293878577743724e-06,5.284158393780359e-06,3.3765740252091364e-06,9.67850911386197e-07,0.0,linear,True,False
individual_2021_10pct,2021 10%,2021,71,0.071,50,0,49,9.22004017783275e-07,1.5172996021828034e-06,1.8840895107576821e-06,2.8006469977622454e-06,4.494017938288173e-06,5.662799594982978e-06,3.0622093125255217e-06,1.2275256318275855e-06,0.0,linear,True,False
individual_2021_10pct,2021 10%,2021,72,0.072,50,0,49,1.0655329476920496e-06,1.5148500574137706e-06,2.18154258411301e-06,2.898469531795142e-06,4.14256355299169e-06,4.652905626192105e-06,3.013017424600352e-06,9.080338122227039e-07,0.0,linear,True,False
individual_2021_10pct,2021 10%,2021,73,0.073,50,0,49,1.6292719997291636e-06,1.5376433400160663e-06,2.0753326989806364e-06,2.830769675459082e-06,4.485838607731001e-06,5.241866993104843e-06,3.15708061682801e-06,1.2153898479381753e-06,0.08,linear,True,False
individual_2021_10pct,2021 10%,2021,74,0.074,50,0,49,2.5771138422343087e-06,1.4114076482649137e-06,1.8922715208822825e-06,2.76797750291978e-06,3.505578227145645e-06,4.808138917228619e-06,2.7984140556154334e-06,9.283461862633131e-07,0.46,linear,True,False
individual_2021_10pct,2021 10%,2021,75,0.075,50,0,49,3.859457532033964e-06,1.3836720025259444e-06,2.0701153185847506e-06,3.152332442991158e-06,4.36533511721129e-06,5.351533130428265e-06,3.1853206019845914e-06,1.095803732821623e-06,0.78,linear,True,False
individual_2021_10pct,2021 10%,2021,76,0.076,50,0,49,5.055248666067921e-06,1.308292479133397e-06,1.911262308297939e-06,2.7984244351780908e-06,4.34249906526795e-06,5.46110959025866e-06,3.0780080835401447e-06,1.1955434190831273e-06,0.94,linear,True,False
individual_2021_10pct,2021 10%,2021,77,0.077,50,0,49,6.189369852428778e-06,1.3993320578698982e-06,1.8769780111827642e-06,2.408341254177104e-06,3.690000067656447e-06,4.9323443394447e-06,2.718907222687766e-06,9.698416420506802e-07,1.0,linear,True,False
individual_2021_10pct,2021 10%,2021,78,0.078,50,0,49,6.325972345129411e-06,1.2317789597461583e-06,1.7572646337464235e-06,2.266766839244713e-06,3.4285240964267856e-06,5.046529119146275e-06,2.586472220552475e-06,9.772596901409063e-07,1.0,linear,True,False
individual_2021_10pct,2021 10%,2021,79,0.079,50,0,49,5.944902153866691e-06,1.218777956728017e-06,1.7368299035951577e-06,2.4183010310671284e-06,3.4466595520927376e-06,4.629124307043481e-06,2.5985441360803985e-06,9.793671479960034e-07,0.98,linear,True,False
individual_2021_10pct,2021 10%,2021,80,0.08,50,0,49,5.221034569145116e-06,1.299218456273206e-06,1.7085228809336296e-06,2.2100061227269906e-06,3.6785525728810173e-06,4.7712833837348425e-06,2.5652833958266354e-06,9.719134733836865e-07,1.0,linear,True,False
individual_2021_10pct,2021 10%,2021,81,0.081,50,0,49,4.461039060518347e-06,1.2304989194280952e-06,1.6421373798969106e-06,2.241223500996966e-06,3.3479050407918524e-06,4.4578095062457246e-06,2.411260663484398e-06,9.12172532281646e-07,0.96,linear,True,False
individual_2021_10pct,2021 10%,2021,82,0.082,50,0,49,2.877768735995597e-06,1.514261520457967e-06,1.7228521856219688e-06,2.3644557488067006e-06,3.2074563332918017e-06,4.472995581692491e-06,2.4886020900982837e-06,8.426439861115262e-07,0.72,linear,True,False
individual_2021_10pct,2021 10%,2021,83,0.083,50,0,49,1.8664779501165972e-06,1.3493299790758498e-06,1.6990131558597703e-06,2.9603425438702502e-06,3.6142863742136693e-06,4.264547873854546e-06,2.7832431321649966e-06,8.820409912626177e-07,0.22,linear,True,False
individual_2021_10pct,2021 10%,2021,84,0.084,50,0,49,1.4786743242991347e-06,1.2155489085970384e-06,1.5783875448370512e-06,2.6100280408884707e-06,3.52192434633282e-06,4.471393905547285e-06,2.623822642769009e-06,9.505833012744406e-07,0.12,linear,True,False
individual_2021_10pct,2021 10%,2021,85,0.085,50,0,49,1.2052617089781856e-06,1.1204614028558686e-06,1.4670659786765315e-06,2.56359424809471e-06,3.600594472628553e-06,5.186811963267268e-06,2.679551951976498e-06,1.0770763964465432e-06,0.06,linear,True,False
individual_2021_10pct,2021 10%,2021,86,0.086,50,0,49,1.124573851168775e-06,1.231093456033608e-06,1.5011346093009972e-06,2.1791289074296252e-06,3.0715047280340117e-06,4.3830839617117315e-06,2.2982180298162284e-06,8.694178644297707e-07,0.02,linear,True,False
individual_2021_10pct,2021 10%,2021,87,0.087,50,0,49,1.0588234424693088e-06,1.1488409588027787e-06,1.6986713193846203e-06,2.4000323477901056e-06,3.2129871143787474e-06,4.119148348020833e-06,2.4474193984505935e-06,7.959909496776803e-07,0.02,linear,True,False
individual_2021_10pct,2021 10%,2021,88,0.088,50,0,49,1.1330190472273286e-06,1.3042235719388244e-06,1.6908203444728943e-06,2.2979477935224403e-06,3.0431561599641194e-06,4.181062944529342e-06,2.399477307391626e-06,7.27030868171839e-07,0.0,linear,True,False
individual_2021_10pct,2021 10%,2021,89,0.089,50,0,49,1.3538057849223548e-06,1.193696126124365e-06,1.682599611729233e-06,2.33339920414094e-06,3.574501674067394e-06,4.1281286697845e-06,2.5016280005011016e-06,8.848250911171854e-07,0.08,linear,True,False
individual_2021_10pct,2021 10%,2021,90,0.09,50,0,49,1.9373832172373834e-06,1.2362540231981571e-06,1.5196629114785586e-06,2.339185044420988e-06,3.3662460096889546e-06,4.639434568426978e-06,2.5011261050074397e-06,9.899236933024688e-07,0.36,linear,True,False
individual_2021_10pct,2021 10%,2021,91,0.091,50,0,49,2.793553523236596e-06,1.053655659469591e-06,1.5449688935788318e-06,2.2967600449799774e-06,3.1800640243083456e-06,3.8629960820298605e-06,2.368128866679027e-06,8.125275882465066e-07,0.7,linear,True,False
individual_2021_10pct,2021 10%,2021,92,0.092,50,0,49,3.463222821589818e-06,1.3179295222566815e-06,1.913917277054515e-06,2.573557744744416e-06,3.408137337257441e-06,4.220165493894439e-06,2.6322363312103045e-06,7.974619646163722e-07,0.84,linear,True,False
individual_2021_10pct,2021 10%,2021,93,0.093,50,0,49,3.853792542962685e-06,1.2560066684596682e-06,1.6737151290811207e-06,2.390464805185119e-06,3.3602070197462083e-06,4.214851066304939e-06,2.477131509881785e-06,8.523102001665135e-07,0.92,linear,True,False
individual_2021_10pct,2021 10%,2021,94,0.094,50,0,49,3.7500500191006656e-06,1.1837038869033927e-06,1.5560911924753255e-06,2.2819244964682263e-06,3.4658731399149953e-06,4.7674929770704815e-06,2.4829706071148793e-06,1.0468327816256805e-06,0.9,linear,True,False
individual_2021_10pct,2021 10%,2021,95,0.095,50,0,49,3.12088474742731e-06,1.297408154417916e-06,1.6976279479221566e-06,2.313592925145473e-06,3.4599185301483512e-06,4.196742306707722e-06,2.506607163950108e-06,8.707176377560447e-07,0.76,linear,True,False
individual_2021_10pct,2021 10%,2021,96,0.096,50,0,49,2.5145442536810286e-06,1.496274272234068e-06,1.6505714573845327e-06,2.2874071117117978e-06,2.8988364682210542e-06,4.173733471975616e-06,2.3944589234852104e-06,7.875551991550748e-07,0.6,linear,True,False
individual_2021_10pct,2021 10%,2021,97,0.097,50,0,49,2.055785064990245e-06,1.1559045346858343e-06,1.5611643265189885e-06,2.1498351998089262e-06,2.959650640419929e-06,3.7361354079262016e-06,2.2681732063453643e-06,7.200670429795056e-07,0.44,linear,True,False
individual_2021_10pct,2021 10%,2021,98,0.098,50,0,49,2.072610001652843e-06,1.0924640121873472e-06,1.4903132167068846e-06,2.068419476211222e-06,2.828639981173671e-06,3.7925965894097786e-06,2.2188240446801575e-06,7.70470741050634e-07,0.5,linear,True,False
individual_2021_10pct,2021 10%,2021,99,0.099,50,0,49,2.1458634869101453e-06,1.2606887477173865e-06,1.659370292033083e-06,2.3087797856698943e-06,3.192484339535853e-06,5.320327188107083e-06,2.5305751342131603e-06,9.59688294882759e-07,0.38,linear,True,False
individual_2021_10pct,2021 10%,2021,100,0.1,50,0,49,2.5924860129575142e-06,1.3208578713444765e-06,1.624478545254739e-06,2.207217218999327e-06,3.5095968154095856e-06,4.2817069394022414e-06,2.4027519855419612e-06,8.750338742365684e-07,0.74,linear,True,False
individual_2021_10pct,2021 10%,2021,101,0.101,50,0,49,2.8188082660589303e-06,1.1778402224938647e-06,1.5448262351222141e-06,2.2307139495799044e-06,3.1056041251254193e-06,4.051771328938172e-06,2.361803502946836e-06,8.076191915136169e-07,0.74,linear,True,False
individual_2021_10pct,2021 10%,2021,102,0.102,50,0,49,2.725524076831037e-06,1.1191592949251285e-06,1.5245033256261704e-06,1.9034011645210719e-06,2.979759140837618e-06,4.214906535978523e-06,2.1867316938674293e-06,8.130200918724622e-07,0.78,linear,True,False
individual_2021_10pct,2021 10%,2021,103,0.103,50,0,49,2.929495928147284e-06,1.0765443624790104e-06,1.4045364053131806e-06,2.2957574352135768e-06,3.383158387214061e-06,4.503848035534154e-06,2.4409591770250625e-06,9.76160422810286e-07,0.68,linear,True,False
individual_2021_10pct,2021 10%,2021,104,0.104,50,0,49,2.799902525928957e-06,1.1695534281056663e-06,1.5564235572056986e-06,2.477107266537839e-06,3.3436743533800005e-06,5.045297461725835e-06,2.5470660508934385e-06,1.0588881367434284e-06,0.68,linear,True,False
individual_2021_10pct,2021 10%,2021,105,0.105,50,0,49,2.5417911982891046e-06,1.225241300314795e-06,1.500410520686462e-06,2.204719681904914e-06,3.2424806647407418e-06,4.223514238848306e-06,2.402149367102677e-06,8.665787195647663e-07,0.64,linear,True,False
individual_2021_10pct,2021 10%,2021,106,0.106,50,0,49,2.2402171649779056e-06,1.181574887006878e-06,1.4684069520062668e-06,2.2358229927820937e-06,3.1699752123234887e-06,4.240233673692404e-06,2.3301774058065526e-06,8.484837805175719e-07,0.5,linear,True,False
individual_2021_10pct,2021 10%,2021,107,0.107,50,0,49,1.977491500552418e-06,1.408994825189161e-06,1.5758597784651092e-06,2.358443879444776e-06,3.2679178042675797e-06,4.650907498851658e-06,2.4456749008567833e-06,9.129184580652984e-07,0.42,linear,True,False
individual_2021_10pct,2021 10%,2021,108,0.108,50,0,49,1.7643046095747374e-06,1.260587540800357e-06,1.4807950782472934e-06,2.188328893810658e-06,2.8774719568303107e-06,4.246938837371065e-06,2.2794364341038974e-06,8.03541180633017e-07,0.34,linear,True,False
individual_2021_10pct,2021 10%,2021,109,0.109,50,0,49,1.7109136281894191e-06,1.0566969597427478e-06,1.4828133858673435e-06,2.0187454770269818e-06,2.5613299649602205e-06,3.6957374470327336e-06,2.1052339162270908e-06,6.920792449488857e-07,0.34,linear,True,False
individual_2021_10pct,2021 10%,2021,110,0.11,50,0,49,1.5789998509717312e-06,1.210900322712248e-06,1.5047980688519353e-06,2.1485208859350525e-06,3.1344938623275567e-06,3.7099047126021413e-06,2.255437498106233e-06,7.250742347950293e-07,0.22,linear,True,False
individual_2021_10pct,2021 10%,2021,111,0.111,50,0,49,1.5157510017982805e-06,1.17997865528407e-06,1.4453842899101615e-06,2.1176585299766195e-06,3.25016151960088e-06,4.222679231303665e-06,2.3146888475523615e-06,8.815237272215486e-07,0.2,linear,True,False
individual_2021_10pct,2021 10%,2021,112,0.112,50,0,49,1.3972837982367754e-06,1.2450093031026457e-06,1.7716725258148426e-06,2.4358209839181655e-06,3.6098174168238825e-06,4.9980723877659155e-06,2.628981302130568e-06,9.532616158440546e-07,0.04,linear,True,False
individual_2021_10pct,2021 10%,2021,113,0.113,50,0,49,1.3888047576551003e-06,1.0271683637132953e-06,1.5545694038864566e-06,2.042858014636537e-06,3.060158070754936e-06,3.76318974570047e-06,2.2161824659319754e-06,8.43451932782631e-07,0.08,linear,True,False
individual_2021_10pct,2021 10%,2021,114,0.114,50,0,49,1.4836808028204337e-06,1.3000619503310667e-06,1.4533133445141192e-06,2.1943166604257177e-06,3.217833840753863e-06,5.003325049226466e-06,2.4320252015834033e-06,1.0237171318119292e-06,0.18,linear,True,False
individual_2021_10pct,2021 10%,2021,115,0.115,50,0,49,1.5197162860472105e-06,1.1943364473433835e-06,1.584874487024421e-06,2.3055185501766885e-06,3.6444235635140565e-06,4.224137050034638e-06,2.4870214218774835e-06,9.41593351807797e-07,0.14,linear,True,False
individual_2021_10pct,2021 10%,2021,116,0.116,50,0,49,1.621681423469353e-06,1.3545402810783114e-06,1.5781211216691643e-06,2.1684277064266918e-06,3.07147088743728e-06,3.907735907727923e-06,2.296002851228349e-06,7.270927720713451e-07,0.18,linear,True,False
individual_2021_10pct,2021 10%,2021,117,0.117,50,0,49,1.8022127064003567e-06,1.2791504759630637e-06,1.5517648598510792e-06,2.367598231209483e-06,3.3392769933721916e-06,4.15166641079337e-06,2.5065108023647795e-06,8.302429667735555e-07,0.22,linear,True,False
individual_2021_10pct,2021 10%,2021,118,0.118,50,0,49,2.2088550347280836e-06,1.3685777604768265e-06,1.6693737781163489e-06,2.294351559992372e-06,3.4630369120477026e-06,4.919276666198598e-06,2.549843210037666e-06,9.804411629895848e-07,0.48,linear,True,False
individual_2021_10pct,2021 10%,2021,119,0.119,50,0,49,2.5472071890006544e-06,1.332121959629541e-06,1.690466648847321e-06,2.4323593581242495e-06,3.2232677622125657e-06,3.856293700875475e-06,2.4781622851377756e-06,7.279166381583371e-07,0.6,linear,True,False
individual_2021_10pct,2021 10%,2021,120,0.12,50,0,49,2.9058301356628557e-06,1.2461312844658798e-06,1.598215636182593e-06,2.114876211372687e-06,3.849229323965603e-06,4.503332756711078e-06,2.4662581519937542e-06,9.981566277944855e-07,0.74,linear,True,False
individual_2021_10pct,2021 10%,2021,121,0.121,50,0,49,3.2964990781114792e-06,1.1989017112923524e-06,1.6463043944422368e-06,2.4023609656328296e-06,3.253454649743696e-06,3.8613030235629e-06,2.4153653389526703e-06,7.526005695301638e-07,0.84,linear,True,False
individual_2021_10pct,2021 10%,2021,122,0.122,50,0,49,3.3893743088891573e-06,1.1454696526217668e-06,1.392979842527158e-06,2.130277229563663e-06,3.111019387904497e-06,4.147833473676035e-06,2.279713865230041e-06,8.208960647819827e-07,0.88,linear,True,False
individual_2021_10pct,2021 10%,2021,123,0.123,50,0,49,3.5439974200845286e-06,1.2732179640390797e-06,1.4670428028085687e-06,2.166209953253096e-06,3.1691744178313026e-06,4.89185301458591e-06,2.3836230068048754e-06,9.297560133967409e-07,0.9,linear,True,False
individual_2021_10pct,2021 10%,2021,124,0.124,50,0,49,3.4195057415351237e-06,1.5357649252988863e-06,1.7632624105326799e-06,2.666402150248088e-06,3.304574515432594e-06,5.0046968474699e-06,2.6229351921146553e-06,9.015776471002983e-07,0.86,linear,True,False
individual_2021_10pct,2021 10%,2021,125,0.125,50,0,49,3.3014531986203486e-06,1.330657538052962e-06,1.6266467734396414e-06,2.5040809438304958e-06,3.6955550549603186e-06,4.97425654631376e-06,2.725087398890406e-06,1.0716654082617816e-06,0.68,linear,True,False
individual_2021_10pct,2021 10%,2021,126,0.126,50,0,49,3.3379339049687177e-06,1.2451200511511036e-06,1.69103850400525e-06,2.1396507587198174e-06,3.144014090270051e-06,4.273789377444932e-06,2.38113244252801e-06,7.812438381972684e-07,0.88,linear,True,False
individual_2021_10pct,2021 10%,2021,127,0.127,50,0,49,3.28363801205649e-06,1.2796539237317056e-06,1.711067326275493e-06,2.5081977832217842e-06,3.548921863779111e-06,5.170780545923483e-06,2.6708228449494665e-06,1.0372343864607082e-06,0.76,linear,True,False
individual_2021_10pct,2021 10%,2021,128,0.128,50,0,49,3.180764723261548e-06,1.3983898923409852e-06,1.7286314415942939e-06,2.4997541245896897e-06,3.3521247009642025e-06,4.403386749108915e-06,2.5960564332621222e-06,8.442006607416583e-07,0.78,linear,True,False
individual_2021_10pct,2021 10%,2021,129,0.129,50,0,49,3.246494785029433e-06,1.306671605084648e-06,1.8748426894395245e-06,2.283855169840445e-06,3.152890006068691e-06,4.7966565130691995e-06,2.554791406630563e-06,9.095760325797759e-07,0.84,linear,True,False
individual_2021_10pct,2021 10%,2021,130,0.13,50,0,49,3.0375027146222004e-06,1.375473755205491e-06,1.592761753989595e-06,2.530002643401843e-06,3.5125125630529148e-06,5.01720895847406e-06,2.729059881632806e-06,1.1475976109458822e-06,0.72,linear,True,False
individual_2021_10pct,2021 10%,2021,131,0.131,50,0,49,2.640118833814903e-06,1.2920333011026943e-06,1.7904926564617203e-06,2.4485186093050966e-06,3.1662216130444394e-06,4.145219402795115e-06,2.5095305345276264e-06,7.650921922454953e-07,0.62,linear,True,False
individual_2021_10pct,2021 10%,2021,132,0.132,50,0,49,2.372366448045492e-06,1.4834458065899025e-06,1.7193435651696113e-06,2.2993797777458114e-06,3.216679523982177e-06,4.3009735636351476e-06,2.491177576096684e-06,8.261689920880066e-07,0.6,linear,True,False
individual_2021_10pct,2021 10%,2021,133,0.133,50,0,49,2.192650497481907e-06,1.3378379478554893e-06,1.6225782247660868e-06,2.1614342252339523e-06,3.1727230085533007e-06,4.219728406097885e-06,2.408796338222709e-06,8.235305413222132e-07,0.52,linear,True,False
individual_2021_10pct,2021 10%,2021,134,0.134,50,0,49,1.9948306527689083e-06,1.4179277310191494e-06,1.815377484807034e-06,2.788592682691277e-06,3.474269843175785e-06,5.088824213449094e-06,2.772371857692365e-06,9.772290665462112e-07,0.18,linear,True,False
individual_2021_10pct,2021 10%,2021,135,0.135,50,0,49,1.7881196217885546e-06,1.377924458645838e-06,1.8054124436453079e-06,2.7255074825987064e-06,3.742166355905675e-06,4.715866066293915e-06,2.8067233817082294e-06,8.944560387654993e-07,0.14,linear,True,False
individual_2021_10pct,2021 10%,2021,136,0.136,50,0,49,1.7338848309904471e-06,1.5647685959810403e-06,1.8031707453951153e-06,2.598569674327486e-06,3.5633190333090363e-06,4.304042863753216e-06,2.6668931909067173e-06,8.628797653504984e-07,0.14,linear,True,False
individual_2021_10pct,2021 10%,2021,137,0.137,50,0,49,1.7121425403613303e-06,1.3736318699510668e-06,1.851542886261198e-06,2.7211453623382305e-06,4.1666099172082e-06,4.849042981970654e-06,2.871214701659851e-06,1.0098757185823894e-06,0.1,linear,True,False
individual_2021_10pct,2021 10%,2021,138,0.138,50,0,49,1.801099913564835e-06,1.5176692836644996e-06,1.983681651411011e-06,2.9642811174651953e-06,3.899922138437472e-06,4.875131785513032e-06,2.9778270419382934e-06,9.973137687795519e-07,0.08,linear,True,False
individual_2021_10pct,2021 10%,2021,139,0.139,50,0,49,1.8580396389271905e-06,1.4048282781441114e-06,1.8081979846467717e-06,2.455422602132681e-06,3.415074190551293e-06,4.167407088087356e-06,2.61810612463816e-06,8.34876377355052e-07,0.2,linear,True,False
individual_2021_10pct,2021 10%,2021,140,0.14,50,0,49,1.966627836097653e-06,1.3131014704160999e-06,1.6076293345807887e-06,2.5050027701834786e-06,3.450719029913102e-06,4.7346332551490596e-06,2.5752773261376795e-06,9.133736033451777e-07,0.3,linear,True,False
individual_2021_10pct,2021 10%,2021,141,0.141,50,0,49,1.9543959357969462e-06,1.4535886071165733e-06,1.8095386137564038e-06,2.4879170459948176e-06,3.7573000320848004e-06,5.179648859215545e-06,2.7059719291366706e-06,1.0314958560239966e-06,0.3,linear,True,False
individual_2021_10pct,2021 10%,2021,142,0.142,50,0,49,2.1400988776368977e-06,1.357011190928071e-06,1.7195287896358832e-06,2.7077877609296777e-06,4.05677716094628e-06,5.464912498021397e-06,2.869083302523861e-06,1.1688628015677442e-06,0.38,linear,True,False
individual_2021_10pct,2021 10%,2021,143,0.143,50,0,49,2.3194033674085966e-06,1.4305141107885422e-06,2.2111531929028284e-06,2.928612989015299e-06,4.2779570990590914e-06,5.801266088611722e-06,3.185382407672912e-06,1.1589644734086259e-06,0.24,linear,True,False
individual_2021_10pct,2021 10%,2021,144,0.144,50,0,49,2.3481294362222636e-06,1.35815431983239e-06,1.923483518653595e-06,2.5904984234539634e-06,3.730256244518416e-06,4.498686135263196e-06,2.7996460053238916e-06,9.721559230425756e-07,0.36,linear,True,False
individual_2021_10pct,2021 10%,2021,145,0.145,50,0,49,2.6290689207574277e-06,1.3363238218498997e-06,1.7649532656701704e-06,2.51254214711861e-06,3.5793290589021273e-06,4.575156205735254e-06,2.702439108171732e-06,9.527798030932505e-07,0.54,linear,True,False
individual_2021_10pct,2021 10%,2021,146,0.146,50,0,49,2.637881503135425e-06,1.670588955547852e-06,1.8999419030713431e-06,2.7499598486853576e-06,4.1270575200182585e-06,6.101615388704897e-06,3.0921970573440415e-06,1.2973468853893889e-06,0.44,linear,True,False
individual_2021_10pct,2021 10%,2021,147,0.147,50,0,49,2.7648373096492773e-06,1.8060807751754203e-06,2.10697486386076e-06,2.8129840414375163e-06,4.082747135854459e-06,5.145890542687009e-06,3.0665068541665426e-06,1.0925796971233128e-06,0.48,linear,True,False
individual_2021_10pct,2021 10%,2021,148,0.148,50,0,49,2.8739197025719114e-06,1.434326919576506e-06,1.9187595354941476e-06,2.6674921491248523e-06,3.956281779051061e-06,5.068177111681554e-06,2.8575574091610234e-06,1.0473550872894057e-06,0.58,linear,True,False
individual_2021_10pct,2021 10%,2021,149,0.149,50,0,49,2.8066396999540815e-06,1.4687265927272834e-06,2.197470121113711e-06,2.986410204388179e-06,4.10699440136833e-06,5.593425266428408e-06,3.11206307885904e-06,1.0358868461848868e-06,0.46,linear,True,False
individual_2021_10pct,2021 10%,2021,150,0.15,50,0,49,2.890474472960937e-06,1.397366160359684e-06,1.8351988360112332e-06,2.901103360332573e-06,4.00942816457325e-06,5.258122441273699e-06,2.9929255995270717e-06,1.0850257190404342e-06,0.48,linear,True,False
individual_2021_10pct,2021 10%,2021,151,0.151,50,0,49,2.9250712136601417e-06,1.4159301882701536e-06,2.0116250811415152e-06,2.8792067154335485e-06,4.133481648127555e-06,5.818699480772972e-06,3.1097284920783553e-06,1.174119805979316e-06,0.52,linear,True,False
individual_2021_10pct,2021 10%,2021,152,0.152,50,0,49,2.9229521057533206e-06,1.6963627202781108e-06,2.142795207796069e-06,3.041863572922445e-06,4.240832343991417e-06,4.954555168870766e-06,3.1595701931177494e-06,9.847005867736448e-07,0.46,linear,True,False
individual_2021_10pct,2021 10%,2021,153,0.153,50,0,49,3.0133897390437505e-06,1.7690376772734994e-06,2.28717012853051e-06,3.0480190992499457e-06,3.7619090832524175e-06,5.210426665562279e-06,3.138232323866726e-06,9.206718981855276e-07,0.5,linear,True,False
individual_2021_10pct,2021 10%,2021,154,0.154,50,0,49,3.0833149431150477e-06,1.4949355700402573e-06,1.9988991325923342e-06,2.8669658468485227e-06,4.443293949108149e-06,5.837788043005169e-06,3.1110054954872465e-06,1.2270470754866366e-06,0.56,linear,True,False
individual_2021_10pct,2021 10%,2021,155,0.155,50,0,49,3.55135103519246e-06,1.853288609596336e-06,2.363089078829487e-06,2.9857323826701276e-06,4.339378179721239e-06,6.374205755795299e-06,3.3061823529659447e-06,1.2864549505488659e-06,0.7,linear,True,False
individual_2021_10pct,2021 10%,2021,156,0.156,50,0,49,4.038742748897131e-06,1.364742382366026e-06,2.115800594642878e-06,2.8266172799685846e-06,4.156925149245912e-06,6.408491566661216e-06,3.1807677718428814e-06,1.3172986989941524e-06,0.78,linear,True,False
individual_2021_10pct,2021 10%,2021,157,0.157,50,0,49,4.5097429057809876e-06,1.2360818425315338e-06,1.980275611380249e-06,3.0914718880563366e-06,4.258716205374636e-06,5.551171475860447e-06,3.138502728791474e-06,1.1881522168741037e-06,0.86,linear,True,False
individual_2021_10pct,2021 10%,2021,158,0.158,50,0,49,4.908269379347297e-06,1.6324123100325104e-06,2.254044027416978e-06,2.9664932359606552e-06,3.9556105270929005e-06,5.6435920635088146e-06,3.1142366269212587e-06,1.0347646086103444e-06,0.94,linear,True,False
individual_2021_10pct,2021 10%,2021,159,0.159,50,0,49,5.212147736260507e-06,1.6329366480537487e-06,2.322553053837208e-06,3.0525837017569513e-06,4.624150345213137e-06,5.961251223368962e-06,3.3779124996544596e-06,1.2501097484691594e-06,0.88,linear,True,False
individual_2021_10pct,2021 10%,2021,160,0.16,50,0,49,5.379936440154978e-06,1.709812983663006e-06,2.3143620942731535e-06,3.426149686527754e-06,4.873649161210912e-06,5.887365304128668e-06,3.587055325727893e-06,1.2446786530014555e-06,0.9,linear,True,False
individual_2021_10pct,2021 10%,2021,161,0.161,50,0,49,5.304542614759899e-06,1.4622915645019319e-06,2.4500555993559063e-06,3.253406961581611e-06,4.582827846565667e-06,6.056010082818908e-06,3.4731840141820662e-06,1.2059056441192945e-06,0.92,linear,True,False
individual_2021_10pct,2021 10%,2021,162,0.162,50,0,49,4.907166960603145e-06,1.714565501139589e-06,2.2294176983579496e-06,3.2362859071731383e-06,4.721962353182312e-06,5.833092713177195e-06,3.4343074549000754e-06,1.2387612016794291e-06,0.84,linear,True,False
individual_2021_10pct,2021 10%,2021,163,0.163,50,0,49,4.5100350036279776e-06,2.0453642356753782e-06,2.600275837165518e-06,3.2016523666360857e-06,4.235106190927902e-06,6.000484070509592e-06,3.4433236450131017e-06,1.0878870843545097e-06,0.84,linear,True,False
individual_2021_10pct,2021 10%,2021,164,0.164,50,0,49,4.0604189847021365e-06,1.960053839589803e-06,2.440416106669891e-06,3.430222911878068e-06,4.549744440903429e-06,5.274998895962231e-06,3.55032699653319e-06,1.138972976580077e-06,0.72,linear,True,False
individual_2021_10pct,2021 10%,2021,165,0.165,50,0,49,3.5848547067958434e-06,1.5306914985514535e-06,2.329519223758057e-06,3.3263074179909984e-06,4.833644769426083e-06,6.052817732460354e-06,3.4471505269596283e-06,1.2577516487477628e-06,0.54,linear,True,False
individual_2021_10pct,2021 10%,2021,166,0.166,50,0,49,3.2060296224770773e-06,1.6040744450672614e-06,2.4102377021126977e-06,3.7920343690113493e-06,5.4413166390704916e-06,6.5931162261606345e-06,3.980056572303016e-06,1.4210487630767844e-06,0.3,linear,True,False
individual_2021_10pct,2021 10%,2021,167,0.167,50,0,49,2.770216786510296e-06,1.8240013230247593e-06,2.5121555290798195e-06,3.488408111401259e-06,5.789157110506259e-06,6.550320920906176e-06,3.85808367543593e-06,1.472486123227732e-06,0.28,linear,True,False
individual_2021_10pct,2021 10%,2021,168,0.168,50,0,49,2.4686385471778207e-06,1.9293580409831994e-06,2.400233453023946e-06,3.423770403964928e-06,4.73607682351451e-06,6.495441664401125e-06,3.720045457261953e-06,1.3224789045499145e-06,0.2,linear,True,False
individual_2021_10pct,2021 10%,2021,169,0.169,50,0,49,2.2052730639204988e-06,1.8548977645699953e-06,2.4780727433106836e-06,3.892849046002383e-06,5.654113892978765e-06,7.50848490692297e-06,4.050737972364682e-06,1.5598903124883286e-06,0.08,linear,True,False
individual_2021_10pct,2021 10%,2021,170,0.17,50,0,49,2.123607751668168e-06,1.64763454902938e-06,2.7135587031096264e-06,3.702615108139454e-06,5.293752941572508e-06,6.389411481244607e-06,3.827738044200897e-06,1.3242481876772032e-06,0.1,linear,True,False
individual_2021_10pct,2021 10%,2021,171,0.171,50,0,49,2.041347209099655e-06,2.7013144136477663e-06,3.051257011302124e-06,3.887309624182525e-06,5.777604532519093e-06,7.669550598829314e-06,4.215225871944465e-06,1.4430182036534303e-06,0.02,linear,True,False
individual_2021_10pct,2021 10%,2021,172,0.172,50,0,49,1.9710505928916466e-06,2.0895430937619832e-06,2.4605072574367094e-06,3.5135397697828982e-06,5.459995514047507e-06,7.114403246150698e-06,3.8908875964843425e-06,1.4785998993632364e-06,0.02,linear,True,False
individual_2021_10pct,2021 10%,2021,173,0.173,50,0,49,1.9935314435126856e-06,2.0742668842270513e-06,2.830352513469326e-06,3.604884420498933e-06,5.27249273436244e-06,7.212910365801117e-06,3.9946213900560004e-06,1.3629055154659694e-06,0.02,linear,True,False
individual_2021_10pct,2021 10%,2021,174,0.174,50,0,49,2.140306812195275e-06,1.802592465263893e-06,2.610607773872136e-06,3.758714981206828e-06,5.6095406678902245e-06,7.3232070300574025e-06,4.009005745266627e-06,1.535801816713937e-06,0.1,linear,True,False
individual_2021_10pct,2021 10%,2021,175,0.175,50,0,49,2.4322658468295294e-06,2.135439405269645e-06,2.7876149931822496e-06,3.7529682662839206e-06,5.452833305567904e-06,7.159118042603825e-06,4.042181478371444e-06,1.3839915956878228e-06,0.1,linear,True,False
individual_2021_10pct,2021 10%,2021,176,0.176,50,0,49,2.7431652492848986e-06,2.3475473187053365e-06,3.0007197141037434e-06,3.8829061408986735e-06,5.8625852233962054e-06,7.513425634710477e-06,4.309337236490737e-06,1.5078221683169709e-06,0.1,linear,True,False
individual_2021_10pct,2021 10%,2021,177,0.177,50,0,49,3.320011398401311e-06,2.1406027251420105e-06,2.627703702354151e-06,3.602557524967087e-06,5.430105545232911e-06,7.281360594121206e-06,3.96172912874579e-06,1.4486717547947018e-06,0.4,linear,True,False
individual_2021_10pct,2021 10%,2021,178,0.178,50,0,49,4.165820091868971e-06,1.8174972054908826e-06,2.4598034201368033e-06,3.3948584178972833e-06,5.26788288973511e-06,9.320526026734551e-06,4.0148094644100416e-06,1.9167222391305846e-06,0.68,linear,True,False
individual_2021_10pct,2021 10%,2021,179,0.179,50,0,49,5.176022035476851e-06,2.6433440282731137e-06,2.985513978940168e-06,4.151966204204348e-06,5.554467073154263e-06,6.671413192257188e-06,4.378190916161421e-06,1.2803836987529613e-06,0.74,linear,True,False
individual_2021_10pct,2021 10%,2021,180,0.18,50,0,49,5.945400428771237e-06,2.376770753811011e-06,2.94651414883803e-06,4.035852947683732e-06,5.53351158177383e-06,7.993084866851683e-06,4.330246204756709e-06,1.4787459676115202e-06,0.9,linear,True,False
individual_2021_10pct,2021 10%,2021,181,0.181,50,0,49,7.0945775109059235e-06,2.5838602631468708e-06,3.2029119382366654e-06,3.9668949243810885e-06,5.858222534247428e-06,8.394868752619633e-06,4.42057045923163e-06,1.5470178827945025e-06,0.92,linear,True,False
individual_2021_10pct,2021 10%,2021,182,0.182,50,0,49,7.169424106904123e-06,2.212794470469262e-06,2.5082819741622426e-06,4.088396624407853e-06,5.610573490806578e-06,7.70712690014721e-06,4.283539606335171e-06,1.6168356220397536e-06,0.94,linear,True,False
individual_2021_10pct,2021 10%,2021,183,0.183,50,0,49,7.18641886817881e-06,2.114940886604215e-06,2.6824979241206736e-06,3.894900662012561e-06,5.786439090019081e-06,7.173619977609007e-06,4.2584675455462264e-06,1.525736789736728e-06,0.98,linear,True,False
individual_2021_10pct,2021 10%,2021,184,0.184,50,0,49,6.7045278396222065e-06,2.5342233329237857e-06,3.0101749345522967e-06,4.381549318678128e-06,6.21503632087021e-06,7.415128833123365e-06,4.61378671745291e-06,1.627461159768188e-06,0.86,linear,True,False
individual_2021_10pct,2021 10%,2021,185,0.185,50,0,49,6.158231036899832e-06,2.5371753432962244e-06,3.3349879777056066e-06,4.422334714914445e-06,6.111439382532745e-06,8.156481345195215e-06,4.737252545722344e-06,1.5179243109797706e-06,0.84,linear,True,False
individual_2021_10pct,2021 10%,2021,186,0.186,50,0,49,5.538223433940131e-06,2.1320730568000662e-06,3.2459907122639597e-06,4.304008894541264e-06,5.947251847071115e-06,7.487588393768392e-06,4.469650101446604e-06,1.4234730511845286e-06,0.78,linear,True,False
individual_2021_10pct,2021 10%,2021,187,0.187,50,0,49,4.759132626156695e-06,2.534493491497104e-06,2.9650643453213503e-06,4.193547357843736e-06,6.095482627001262e-06,7.731266268395942e-06,4.482099796845872e-06,1.6506589420148522e-06,0.62,linear,True,False
individual_2021_10pct,2021 10%,2021,188,0.188,50,0,49,4.133286009743146e-06,2.0230912913745694e-06,3.1262485523896332e-06,4.004880714483161e-06,5.657323227757241e-06,7.946098788426322e-06,4.290596150398057e-06,1.4249965921987817e-06,0.52,linear,True,False
individual_2021_10pct,2021 10%,2021,189,0.189,50,0,49,3.6311665190690296e-06,2.7495677818449973e-06,3.143805405276802e-06,4.682867917317185e-06,6.426333440369948e-06,8.387430278773885e-06,4.87882695665637e-06,1.7554774584297747e-06,0.36,linear,True,False
individual_2021_10pct,2021 10%,2021,190,0.19,50,0,49,3.289509020784863e-06,2.580729630064637e-06,3.0025430333022122e-06,4.279890913386517e-06,5.658804800740603e-06,6.994682002304726e-06,4.420939797193303e-06,1.2946119225930117e-06,0.2,linear,True,False
individual_2021_10pct,2021 10%,2021,191,0.191,50,0,49,3.146690384086126e-06,2.8010906553877495e-06,3.373864854542435e-06,4.6394936975871655e-06,6.723502476913235e-06,8.156759125382204e-06,5.048285180899527e-06,1.6297907480719397e-06,0.1,linear,True,False
individual_2021_10pct,2021 10%,2021,192,0.192,50,0,49,3.0346978065075724e-06,2.4628327208455935e-06,3.3461003429517684e-06,4.455791444166837e-06,6.794552014395424e-06,8.48805232422293e-06,4.90317382774115e-06,1.7224785949392762e-06,0.12,linear,True,False
individual_2021_10pct,2021 10%,2021,193,0.193,50,0,49,3.0720036234424384e-06,2.2952907311941664e-06,3.2380295077622743e-06,4.097591280031267e-06,6.139696891057064e-06,7.607840984180912e-06,4.5214753566607685e-06,1.5725740963771252e-06,0.16,linear,True,False
individual_2021_10pct,2021 10%,2021,194,0.194,50,0,49,3.273296131659548e-06,2.919717269346722e-06,3.438415365689567e-06,4.5813315531399e-06,6.636017884577392e-06,8.61954317901052e-06,5.143206236047347e-06,1.7431668520508782e-06,0.08,linear,True,False
individual_2021_10pct,2021 10%,2021,195,0.195,50,0,49,3.512925121479368e-06,2.7459200114327035e-06,3.7448491026261244e-06,4.882961793837306e-06,7.22961445693977e-06,1.041587729793668e-05,5.4553349569296435e-06,2.044299779314741e-06,0.12,linear,True,False
individual_2021_10pct,2021 10%,2021,196,0.196,50,0,49,3.794548785354163e-06,2.3804093410232307e-06,3.0502998946986418e-06,4.359844257109231e-06,6.99772714645918e-06,8.227277441818806e-06,4.939669786699795e-06,1.8148440406162362e-06,0.28,linear,True,False
individual_2021_10pct,2021 10%,2021,197,0.197,50,0,49,4.187555717763499e-06,2.760482766815483e-06,3.474568033818123e-06,4.807571707559528e-06,7.049459464768881e-06,8.803320884412246e-06,5.185975649581283e-06,1.7869269108299307e-06,0.32,linear,True,False
individual_2021_10pct,2021 10%,2021,198,0.198,50,0,49,4.67807504381858e-06,3.467054533784327e-06,3.996086388491377e-06,4.9286016274099646e-06,7.200681293590729e-06,9.712072608048808e-06,5.499045696701696e-06,1.8041064109009485e-06,0.44,linear,True,False
individual_2021_10pct,2021 10%,2021,199,0.199,50,0,49,5.292319114462122e-06,3.0734425638666392e-06,3.801032348086987e-06,5.068647993369774e-06,7.2777178369322586e-06,9.436799530588648e-06,5.559585307530031e-06,1.8269724892593775e-06,0.58,linear,True,False
individual_2021_10pct,2021 10%,2021,200,0.2,50,0,49,5.576546521686897e-06,2.5298347469596917e-06,3.710105686915235e-06,5.173677717158961e-06,6.398490379192455e-06,8.725280693263416e-06,5.159133200992642e-06,1.7746291023214185e-06,0.62,linear,True,False
individual_2021_10pct,2021 10%,2021,201,0.201,50,0,49,5.908629402981996e-06,3.6500482710944866e-06,4.010616434808384e-06,5.673556489770727e-06,7.88373707558948e-06,1.101341989517541e-05,6.108381709063119e-06,2.056797229260305e-06,0.56,linear,True,False
individual_2021_10pct,2021 10%,2021,202,0.202,50,0,49,6.26832555534087e-06,2.7203565753744237e-06,4.061501907683195e-06,6.389491338267291e-06,7.807355664768199e-06,1.0347684819953438e-05,6.117454856327007e-06,1.9563273273519265e-06,0.48,linear,True,False
individual_2021_10pct,2021 10%,2021,203,0.203,50,0,49,7.067546949963339e-06,2.9793680424413437e-06,3.562636495343337e-06,5.505250406313526e-06,8.096496568933908e-06,1.0817345590512611e-05,5.832048460376234e-06,2.239730546407062e-06,0.74,linear,True,False
individual_2021_10pct,2021 10%,2021,204,0.204,50,0,49,7.577166658936389e-06,3.027936086336394e-06,3.884373359606829e-06,5.5449956756984786e-06,8.766214202258889e-06,1.198019890800553e-05,6.260824481757068e-06,2.5815458344940356e-06,0.76,linear,True,False
individual_2021_10pct,2021 10%,2021,205,0.205,50,0,49,8.300804061242706e-06,3.1098927820736147e-06,4.5338839300375175e-06,6.368595245961237e-06,9.29880053243e-06,1.2445508069988906e-05,6.815861712563701e-06,2.466504269361402e-06,0.78,linear,True,False
individual_2021_10pct,2021 10%,2021,206,0.206,50,0,49,8.699228259363099e-06,3.441295033520257e-06,3.996975293219169e-06,5.4143681465218465e-06,8.142769649080713e-06,1.2760711764343715e-05,6.098610560799024e-06,2.4168789580921167e-06,0.86,linear,True,False
individual_2021_10pct,2021 10%,2021,207,0.207,50,0,49,9.024392982144168e-06,2.7093322827481775e-06,3.768382420659498e-06,5.328570253201168e-06,7.697647719756304e-06,9.57308179032913e-06,5.6462626945445296e-06,2.0414767356169816e-06,0.94,linear,True,False
individual_2021_10pct,2021 10%,2021,208,0.208,50,0,49,9.469836723266198e-06,2.6765448823212526e-06,3.602263414311116e-06,5.458303835582097e-06,7.5744614366064675e-06,9.555251918746586e-06,5.657538947986481e-06,2.0039121700684783e-06,0.94,linear,True,False
individual_2021_10pct,2021 10%,2021,209,0.209,50,0,49,9.583646131832987e-06,3.2203512853210635e-06,4.112695277401507e-06,5.930006228698717e-06,8.144892070455635e-06,1.0143117275745953e-05,6.099715105162851e-06,2.0279763062851046e-06,0.94,linear,True,False
individual_2021_10pct,2021 10%,2021,210,0.21,50,0,49,9.415899498690109e-06,3.0834610497270324e-06,4.392464582342281e-06,5.662538760439547e-06,7.930423832743096e-06,1.174155236496095e-05,6.043021320620757e-06,2.054247927530845e-06,0.94,linear,True,False
individual_2021_10pct,2021 10%,2021,211,0.211,50,0,49,8.789028134371958e-06,2.963138843668186e-06,3.993848146884909e-06,5.5622651403557075e-06,8.193239169209727e-06,1.0504222037654203e-05,6.045731344269231e-06,2.1565454813030313e-06,0.88,linear,True,False
individual_2021_10pct,2021 10%,2021,212,0.212,50,0,49,8.34077054529259e-06,2.86213863424184e-06,4.6493820339460065e-06,6.059270300445965e-06,7.883850697661903e-06,1.0826569938784092e-05,6.2334030942726446e-06,1.896226234417863e-06,0.9,linear,True,False
individual_2021_10pct,2021 10%,2021,213,0.213,50,0,49,7.618614302712816e-06,3.217637477142917e-06,4.450411984013179e-06,6.403201698484211e-06,8.292621379299428e-06,1.1796300180436869e-05,6.640445423589997e-06,2.3322636459271346e-06,0.7,linear,True,False
individual_2021_10pct,2021 10%,2021,214,0.214,50,0,49,7.1159838707810926e-06,3.5106956236124544e-06,4.403535724077908e-06,6.249559891634984e-06,8.774577179147952e-06,1.1757982399549098e-05,6.795055396431611e-06,2.6175597197000806e-06,0.62,linear,True,False
individual_2021_10pct,2021 10%,2021,215,0.215,50,0,49,6.235161045137607e-06,3.4091048694276033e-06,4.917095805158195e-06,7.1919757473953045e-06,9.347368462143909e-06,1.1374690189081251e-05,7.242751780270764e-06,2.5597138522732334e-06,0.42,linear,True,False
individual_2021_10pct,2021 10%,2021,216,0.216,50,0,49,5.642076468501701e-06,3.5393942057997444e-06,4.664086114110709e-06,6.533442922799896e-06,8.996847635061875e-06,1.1929214289880527e-05,6.768040006681092e-06,2.229473656530424e-06,0.36,linear,True,False
individual_2021_10pct,2021 10%,2021,217,0.217,50,0,49,5.146051567686867e-06,2.9480234773812228e-06,4.147047390109138e-06,6.388477216806976e-06,9.015383780553506e-06,1.14925754420428e-05,6.715198620887318e-06,2.527085448313506e-06,0.28,linear,True,False
individual_2021_10pct,2021 10%,2021,218,0.218,50,0,49,4.8180387660593665e-06,3.3187280960713794e-06,4.992203404460841e-06,6.23648572149753e-06,7.925422717344485e-06,9.79912498003368e-06,6.3726461807322956e-06,1.7128206178087423e-06,0.14,linear,True,False
individual_2021_10pct,2021 10%,2021,219,0.219,50,0,49,4.472292907526556e-06,3.1114148620925696e-06,4.526633380265565e-06,7.145295280026301e-06,1.066483917218026e-05,1.2378794224413659e-05,7.493265894471835e-06,3.011037136718481e-06,0.14,linear,True,False
individual_2021_10pct,2021 10%,2021,220,0.22,50,0,49,4.346298825627309e-06,4.021278155018664e-06,4.7515467871129905e-06,7.042769906258938e-06,9.021902841160415e-06,1.312798776545009e-05,7.117421066614915e-06,2.4166980225263665e-06,0.06,linear,True,False
individual_2021_10pct,2021 10%,2021,221,0.221,50,0,49,4.31877682176439e-06,3.5769746110228387e-06,4.998050676050379e-06,7.289735353538825e-06,1.027440870626934e-05,1.2890426865999405e-05,7.501968346660802e-06,2.6188867440856132e-06,0.1,linear,True,False
individual_2021_10pct,2021 10%,2021,222,0.222,50,0,49,4.251425977829511e-06,3.98756437625484e-06,4.8144821637855214e-06,6.451147543460579e-06,1.0598174195298262e-05,1.4025667178967255e-05,7.622848179080593e-06,3.1193277039595826e-06,0.1,linear,True,False
individual_2021_10pct,2021 10%,2021,223,0.223,50,0,49,4.40312814082684e-06,3.3661425894586163e-06,5.107709502557953e-06,7.000736327088057e-06,9.97194750336292e-06,1.557277952808151e-05,7.654565371960746e-06,3.1993145646220406e-06,0.12,linear,True,False
individual_2021_10pct,2021 10%,2021,224,0.224,50,0,49,4.6963286391004256e-06,3.4801142327206886e-06,5.246322730323288e-06,7.926416153403238e-06,1.0591110677594928e-05,1.2010755369001801e-05,7.84877866891817e-06,2.6486990166253174e-06,0.14,linear,True,False
individual_2021_10pct,2021 10%,2021,225,0.225,50,0,49,5.182188597247978e-06,3.838774341748568e-06,5.53363429551063e-06,7.90125456558831e-06,1.095342427537094e-05,1.4250734326961206e-05,8.259653119466741e-06,2.8631694482112344e-06,0.12,linear,True,False
individual_2021_10pct,2021 10%,2021,226,0.226,50,0,49,5.528459269498944e-06,3.602366257317625e-06,5.1564945914348e-06,7.65132394317879e-06,9.848015144390363e-06,1.4396834937938956e-05,7.719469258664548e-06,2.651122711557943e-06,0.22,linear,True,False
individual_2021_10pct,2021 10%,2021,227,0.227,50,0,49,5.885231575706903e-06,4.820209923203519e-06,5.247039310551929e-06,7.208190354720689e-06,1.1750985985398844e-05,1.5210738411815649e-05,8.225628895540062e-06,2.971704793646096e-06,0.24,linear,True,False
individual_2021_10pct,2021 10%,2021,228,0.228,50,0,49,6.27211297751112e-06,4.273044337394635e-06,5.24907858329812e-06,7.529772886898373e-06,1.0152968464090766e-05,1.2226671581983404e-05,7.581593463887154e-06,2.3050848417354932e-06,0.32,linear,True,False
individual_2021_10pct,2021 10%,2021,229,0.229,50,0,49,6.825847289654411e-06,4.0193722651088315e-06,5.083165992517032e-06,7.239342970620439e-06,1.0132450108787572e-05,1.6844193044279445e-05,7.917613280154044e-06,3.197321573501407e-06,0.44,linear,True,False
individual_2021_10pct,2021 10%,2021,230,0.23,50,0,49,7.182229042242793e-06,3.972414080030222e-06,5.67061280041834e-06,7.304468472931738e-06,1.2608022318966948e-05,1.5723419821755774e-05,8.387422363995108e-06,3.406295055810792e-06,0.48,linear,True,False
individual_2021_10pct,2021 10%,2021,231,0.231,50,0,49,7.459130476891241e-06,4.4353484156100514e-06,5.33148032434124e-06,8.212484792883357e-06,1.079780016732808e-05,1.584152715382722e-05,8.45969313004814e-06,3.369585148765819e-06,0.46,linear,True,False
individual_2021_10pct,2021 10%,2021,232,0.232,50,0,49,7.909910514444357e-06,4.507911222779724e-06,5.996244719298858e-06,8.416283857531525e-06,1.3019608771705606e-05,1.439967580679355e-05,9.125512065657526e-06,3.058929250243933e-06,0.44,linear,True,False
individual_2021_10pct,2021 10%,2021,233,0.233,50,0,49,7.82647549017899e-06,4.0410283106125034e-06,5.79801581130149e-06,8.478942419041259e-06,1.1879233730698854e-05,1.425813158428944e-05,8.943578939418538e-06,3.001827631060038e-06,0.38,linear,True,False
individual_2021_10pct,2021 10%,2021,234,0.234,50,0,49,8.245078286192522e-06,4.5042525678195855e-06,5.926795342344599e-06,8.25098877383614e-06,1.312805616587011e-05,1.583034517497712e-05,9.134311077922013e-06,3.5649613855283522e-06,0.5,linear,True,False
individual_2021_10pct,2021 10%,2021,235,0.235,50,0,49,8.374858789063952e-06,5.07213519593438e-06,6.024332054354122e-06,8.765923706714892e-06,1.1454685278121392e-05,1.4398856322422697e-05,8.87583524748105e-06,2.6665714396377373e-06,0.42,linear,True,False
individual_2021_10pct,2021 10%,2021,236,0.236,50,0,49,8.537809593179385e-06,4.615311112824741e-06,6.637497915430832e-06,9.06640111400954e-06,1.3577757081613982e-05,1.7954827631987565e-05,1.0053308918118037e-05,3.655736664796071e-06,0.44,linear,True,False
individual_2021_10pct,2021 10%,2021,237,0.237,50,0,49,8.954676362728871e-06,4.997885869719348e-06,6.3440993006939796e-06,8.81334769151001e-06,1.392230600268399e-05,2.105408253247265e-05,9.959654544180328e-06,4.2276967021568225e-06,0.52,linear,True,False
individual_2021_10pct,2021 10%,2021,238,0.238,50,0,49,9.247316069589856e-06,5.548179042491115e-06,6.796834975542121e-06,9.564388283954257e-06,1.3175744858673964e-05,2.1079103300403356e-05,1.0132702322936738e-05,3.85416754836925e-06,0.46,linear,True,False
individual_2021_10pct,2021 10%,2021,239,0.239,50,0,49,9.295376091763116e-06,4.841481769253148e-06,6.08558540281036e-06,9.056614683769258e-06,1.4051670539380536e-05,1.648902715186203e-05,9.883082751714123e-06,3.900573349808113e-06,0.54,linear,True,False
individual_2021_10pct,2021 10%,2021,240,0.24,50,0,49,9.39925631575727e-06,4.598328767247783e-06,6.814803302804144e-06,8.946142379993468e-06,1.3596326016931125e-05,1.7440918448484617e-05,9.963291677077806e-06,3.7198284637119735e-06,0.52,linear,True,False
individual_2021_10pct,2021 10%,2021,241,0.241,50,0,49,9.8274308062036e-06,5.308095016446735e-06,7.087386596804563e-06,9.800637168684032e-06,1.3900022988221097e-05,2.0940943454471454e-05,1.0590378063217116e-05,4.124751156525826e-06,0.54,linear,True,False
individual_2021_10pct,2021 10%,2021,242,0.242,50,0,49,1.061907284956326e-05,4.9914503916496e-06,6.763769221635758e-06,9.33097796690866e-06,1.5039560932160575e-05,1.6333387638319976e-05,9.96117922162407e-06,3.5389262151786045e-06,0.66,linear,True,False
individual_2021_10pct,2021 10%,2021,243,0.243,50,0,49,1.1027616365747397e-05,4.544237927317208e-06,6.933210786617585e-06,9.52764337019332e-06,1.5519152731843237e-05,1.851716521828767e-05,1.06615930855959e-05,4.297004607091546e-06,0.62,linear,True,False
individual_2021_10pct,2021 10%,2021,244,0.244,50,0,49,1.2213529597745256e-05,5.199919708894691e-06,6.906006880853761e-06,9.68334830194671e-06,1.351995475975795e-05,2.0943644042081082e-05,1.0713498602672202e-05,4.303627794931444e-06,0.74,linear,True,False
individual_2021_10pct,2021 10%,2021,245,0.245,50,0,49,1.281708679087512e-05,5.258093382075413e-06,7.079926646598696e-06,1.0033222717389131e-05,1.5179189585281159e-05,1.89289710135436e-05,1.0791574870399782e-05,3.877879217879613e-06,0.7,linear,True,False
individual_2021_10pct,2021 10%,2021,246,0.246,50,0,49,1.3716612607058708e-05,6.014953648652093e-06,7.401890234761376e-06,1.0467304829637753e-05,1.5317425239509393e-05,2.0141643882725253e-05,1.1359389983285524e-05,4.047086650004407e-06,0.72,linear,True,False
individual_2021_10pct,2021 10%,2021,247,0.247,50,0,49,1.5362962500998715e-05,5.551751886063308e-06,7.03646320700233e-06,9.907746904057253e-06,1.3096996103473315e-05,1.6582540553969084e-05,1.0366912966687986e-05,3.5320718628294623e-06,0.92,linear,True,False
individual_2021_10pct,2021 10%,2021,248,0.248,50,0,49,1.6225393949797522e-05,5.771672415561634e-06,7.534483242094245e-06,1.2524584882528168e-05,1.6988441048359724e-05,1.9618017767744237e-05,1.2281640766277369e-05,4.311719834146089e-06,0.78,linear,True,False
individual_2021_10pct,2021 10%,2021,249,0.249,50,0,49,1.728090548144796e-05,6.179103340500026e-06,8.413716522077857e-06,1.1814828451071974e-05,1.672361889080898e-05,2.257560357037468e-05,1.253422515102158e-05,4.526801433444503e-06,0.84,linear,True,False
individual_2021_10pct,2021 10%,2021,250,0.25,50,0,49,1.868743236757855e-05,5.865565681726475e-06,7.884267416977177e-06,1.0699296733151546e-05,1.3948333389456122e-05,2.030160617539373e-05,1.1246802074667817e-05,4.340315381838071e-06,0.94,linear,True,False
pair_2015_2016,2015 full + 2016 full,2015+2016,39,0.039,50,0,49,1.1291577977114103e-05,2.717934094326138e-06,4.187435567205291e-06,6.215123534580284e-06,9.144730412400021e-06,1.1622916929411449e-05,6.564431332198525e-06,2.4647234219167095e-06,0.94,linear,True,False
pair_2015_2016,2015 full + 2016 full,2015+2016,40,0.04,50,0,49,9.720066785052284e-06,3.2340816785063825e-06,4.375554044994983e-06,5.6830765798118435e-06,7.523737601879078e-06,1.0462187138956259e-05,6.163641710511923e-06,2.0981782321856005e-06,0.92,linear,True,False
pair_2015_2016,2015 full + 2016 full,2015+2016,41,0.041,50,0,49,6.551291737497137e-06,3.3187093531293403e-06,4.099796589846719e-06,5.763431745580831e-06,9.192698377374175e-06,1.2113533583711202e-05,6.407396383996174e-06,2.533646716185836e-06,0.64,linear,True,False
pair_2015_2016,2015 full + 2016 full,2015+2016,42,0.042,50,0,49,4.991482177015796e-06,3.180054726558259e-06,4.254945955700028e-06,6.030126814970317e-06,8.019002506237768e-06,1.1247245044827295e-05,6.185184310788243e-06,2.1266435994285732e-06,0.32,linear,True,False
pair_2015_2016,2015 full + 2016 full,2015+2016,43,0.043,50,0,49,3.889101073331844e-06,2.782498244335676e-06,3.7281780788469182e-06,5.602803219756134e-06,8.817570580019907e-06,1.2313317503791158e-05,6.191833446857696e-06,2.58762604624236e-06,0.18,linear,True,False
pair_2015_2016,2015 full + 2016 full,2015+2016,44,0.044,50,0,49,3.5593170678946893e-06,2.88738005596039e-06,4.327071455079733e-06,6.345966598369773e-06,9.004631306990144e-06,1.2977184648521748e-05,6.657800343633786e-06,2.5555970997380057e-06,0.08,linear,True,False
pair_2015_2016,2015 full + 2016 full,2015+2016,45,0.045,50,0,49,4.653709483268997e-06,3.190103109296354e-06,3.624626847217496e-06,5.240361367279619e-06,8.515637512886466e-06,1.0228874279600214e-05,5.833615485941407e-06,2.2975557762965106e-06,0.42,linear,True,False
pair_2015_2016,2015 full + 2016 full,2015+2016,46,0.046,50,0,49,3.952590701560629e-06,2.869631278972712e-06,4.031379366895976e-06,5.363494899326774e-06,7.702278943516924e-06,9.618665947120775e-06,5.789086248714511e-06,1.9424200095423047e-06,0.16,linear,True,False
pair_2015_2016,2015 full + 2016 full,2015+2016,47,0.047,50,0,49,4.967745878782499e-06,2.255031408924175e-06,3.6555175935187308e-06,4.658606104050948e-06,6.702822490406405e-06,9.165122651004891e-06,5.0715513814517815e-06,1.7940361297886455e-06,0.6,linear,True,False
pair_2015_2016,2015 full + 2016 full,2015+2016,48,0.048,50,0,49,5.915121928353475e-06,2.3548930129112865e-06,3.542868130406406e-06,5.241563409866343e-06,8.338447003690072e-06,1.0615786634413838e-05,5.762485748041938e-06,2.30943780659937e-06,0.58,linear,True,False
pair_2015_2016,2015 full + 2016 full,2015+2016,49,0.049,50,0,49,6.509656571732958e-06,2.4138180693518764e-06,3.494501444259682e-06,5.048972310580498e-06,6.548888944625429e-06,1.0211321031662922e-05,5.220368456756248e-06,2.16798652693901e-06,0.82,linear,True,False
pair_2015_2016,2015 full + 2016 full,2015+2016,50,0.05,50,0,49,6.978922154491182e-06,3.004805593145497e-06,3.6091637307825763e-06,5.205590485538181e-06,7.322002687336321e-06,8.737292413886058e-06,5.371392564454289e-06,1.7413907226902819e-06,0.8,linear,True,False
pair_2015_2016,2015 full + 2016 full,2015+2016,51,0.051,50,0,49,7.630348894072117e-06,2.6291004935615265e-06,3.148722314155646e-06,4.935858565493709e-06,6.803205541041562e-06,8.040794214991566e-06,4.982688429032485e-06,1.6453766791466368e-06,0.94,linear,True,False
pair_2015_2016,2015 full + 2016 full,2015+2016,52,0.052,50,0,49,7.67050151779983e-06,2.7988372159073758e-06,3.685153073672042e-06,5.005090124549927e-06,6.912419826981218e-06,9.729278291000095e-06,5.348784864181336e-06,1.9634262178890033e-06,0.88,linear,True,False
pair_2015_2016,2015 full + 2016 full,2015+2016,53,0.053,50,0,49,6.6232239208351236e-06,2.4700495261563732e-06,3.5543620656409873e-06,4.652770921383265e-06,6.9385548307547154e-06,8.933118028949674e-06,5.016065145556657e-06,1.8749388758377485e-06,0.82,linear,True,False
pair_2015_2016,2015 full + 2016 full,2015+2016,54,0.054,50,0,49,5.532124865968393e-06,2.4454782121638143e-06,3.2005011649911743e-06,3.94434093682992e-06,6.191288018876948e-06,7.419163955907199e-06,4.553325603909782e-06,1.5737101521968848e-06,0.72,linear,True,False
pair_2015_2016,2015 full + 2016 full,2015+2016,55,0.055,50,0,49,4.038239960076961e-06,2.3644935689957558e-06,3.581210876721166e-06,5.068796066686443e-06,6.44559271103438e-06,8.000196656031965e-06,5.046299878891678e-06,1.5509414153876243e-06,0.28,linear,True,False
pair_2015_2016,2015 full + 2016 full,2015+2016,56,0.056,50,0,49,3.665564098923029e-06,2.4167359566630405e-06,3.053784538389925e-06,4.484995227233342e-06,5.635991487831594e-06,6.492632301305626e-06,4.4000524721769486e-06,1.2345012901133233e-06,0.34,linear,True,False
pair_2015_2016,2015 full + 2016 full,2015+2016,57,0.057,50,0,49,2.8436762935121143e-06,2.6365845027038105e-06,3.270243567011968e-06,4.4271376527226675e-06,6.116265498668439e-06,7.548130538043412e-06,4.7654875412789576e-06,1.6575474743044703e-06,0.1,linear,True,False
pair_2015_2016,2015 full + 2016 full,2015+2016,58,0.058,50,0,49,2.6846801836835248e-06,2.2855412042370446e-06,3.3570556078702933e-06,4.253487626122733e-06,6.54770056144092e-06,8.346095216844027e-06,4.843483275825736e-06,1.6734692881422506e-06,0.06,linear,True,False
pair_2015_2016,2015 full + 2016 full,2015+2016,59,0.059,50,0,49,2.6696604781304312e-06,2.279609861268036e-06,2.9866120330688132e-06,4.449710535561328e-06,6.181585437173028e-06,8.070309737198049e-06,4.6087939578186605e-06,1.5958732850416922e-06,0.12,linear,True,False
pair_2015_2016,2015 full + 2016 full,2015+2016,60,0.06,50,0,49,2.885040535435793e-06,2.223790606911926e-06,3.3730872206532294e-06,4.902608219120826e-06,6.504578411920793e-06,8.321211911507485e-06,4.970148160521687e-06,1.710559429452066e-06,0.08,linear,True,False
pair_2015_2016,2015 full + 2016 full,2015+2016,61,0.061,50,0,49,3.2744060201544397e-06,2.2033845457150297e-06,2.9773293854356956e-06,4.424917572274801e-06,6.360796071055759e-06,9.008827888763448e-06,4.747128426987481e-06,1.8699039066342336e-06,0.18,linear,True,False
pair_2015_2016,2015 full + 2016 full,2015+2016,62,0.062,50,0,49,3.496402840821202e-06,2.4005475118155913e-06,3.275860565269836e-06,4.988144448666382e-06,6.805229406137535e-06,1.0511352255881712e-05,5.2559081663391996e-06,2.165264109233421e-06,0.22,linear,True,False
pair_2015_2016,2015 full + 2016 full,2015+2016,63,0.063,50,0,49,3.6520607461514366e-06,2.157213947153425e-06,2.7054371414672923e-06,3.6424926699834385e-06,5.63389034994393e-06,7.286320911572866e-06,4.112927606719291e-06,1.4867385378249752e-06,0.5,linear,True,False
pair_2015_2016,2015 full + 2016 full,2015+2016,64,0.064,50,0,49,4.588501537810783e-06,2.418838295147549e-06,3.3156403764576167e-06,4.3340675305179466e-06,5.861536444447573e-06,6.925925331747991e-06,4.520371384607966e-06,1.3165725667472777e-06,0.56,linear,True,False
pair_2015_2016,2015 full + 2016 full,2015+2016,65,0.065,50,0,49,6.272879529634472e-06,2.353076750500136e-06,2.7739955492457504e-06,4.283890478926419e-06,6.022784540233256e-06,6.888069611160884e-06,4.362967788302601e-06,1.3758346733812854e-06,0.88,linear,True,False
pair_2015_2016,2015 full + 2016 full,2015+2016,66,0.066,50,0,49,6.942056080750632e-06,2.12545458721824e-06,2.710531251146349e-06,3.6679105755250215e-06,4.8768538468491085e-06,7.846566242451139e-06,3.9319881545537095e-06,1.5502514801208506e-06,0.96,linear,True,False
pair_2015_2016,2015 full + 2016 full,2015+2016,67,0.067,50,0,49,7.862043494156529e-06,2.174347687839973e-06,3.2646878672561754e-06,4.07598264013204e-06,5.433676670805334e-06,7.001748021624504e-06,4.2663700520197915e-06,1.293448213245737e-06,0.98,linear,True,False
pair_2015_2016,2015 full + 2016 full,2015+2016,68,0.068,50,0,49,8.914658427043925e-06,2.1816753306603794e-06,2.8177788356386314e-06,4.33355429643747e-06,6.8763598011784556e-06,9.306672773203254e-06,4.713535617101288e-06,2.0060117987244793e-06,0.96,linear,True,False
pair_2015_2016,2015 full + 2016 full,2015+2016,69,0.069,50,0,49,8.491892976005593e-06,2.16580545550802e-06,2.9226910815943238e-06,3.807731911952372e-06,6.087185498430391e-06,8.327969281059954e-06,4.364250877854029e-06,1.765300589961383e-06,0.98,linear,True,False
pair_2015_2016,2015 full + 2016 full,2015+2016,70,0.07,50,0,49,7.372940839688298e-06,2.276856201951887e-06,3.230447369694705e-06,4.361237395070776e-06,6.675778954114005e-06,9.111774513608032e-06,4.846805063162652e-06,1.775546644051797e-06,0.88,linear,True,False
pair_2015_2016,2015 full + 2016 full,2015+2016,71,0.071,50,0,49,5.165566980961819e-06,2.2472486408938464e-06,3.169477654240463e-06,4.17879721314174e-06,5.765020972100427e-06,7.270013914838289e-06,4.445056452126947e-06,1.4085919556968717e-06,0.68,linear,True,False
pair_2015_2016,2015 full + 2016 full,2015+2016,72,0.072,50,0,49,2.2596849802385786e-06,1.9307776069444164e-06,2.834571136147049e-06,4.0092122986941e-06,5.204126174659068e-06,9.316167152734815e-06,4.215096579681799e-06,1.7892752503969878e-06,0.08,linear,True,False
pair_2015_2016,2015 full + 2016 full,2015+2016,73,0.073,50,0,49,1.5476290966093753e-06,1.948178813873412e-06,2.3376422170275023e-06,3.3336701927279298e-06,4.959217473845109e-06,6.212208377731798e-06,3.5637462801206277e-06,1.2435684501766743e-06,0.02,linear,True,False
pair_2015_2016,2015 full + 2016 full,2015+2016,74,0.074,50,0,49,1.941784707333063e-06,2.2504633582445864e-06,2.9570480981219804e-06,4.218202509840499e-06,5.2835758279052734e-06,7.823399861318081e-06,4.273996540022468e-06,1.2929801077859717e-06,0.0,linear,True,False
pair_2015_2016,2015 full + 2016 full,2015+2016,75,0.075,50,0,49,1.7770836700793394e-06,2.173181933059834e-06,2.6890603637314453e-06,3.913309366026481e-06,5.514554077563628e-06,7.4539667533740185e-06,4.074606361473349e-06,1.4019069720698607e-06,0.0,linear,True,False
pair_2015_2016,2015 full + 2016 full,2015+2016,76,0.076,50,0,49,1.8321501740072043e-06,2.3690306362124383e-06,3.0638254536611974e-06,3.8213336038661685e-06,5.616086556257605e-06,8.178311277382525e-06,4.28330310595033e-06,1.4771486671464374e-06,0.0,linear,True,False
pair_2015_2016,2015 full + 2016 full,2015+2016,77,0.077,50,0,49,1.8465813050088395e-06,2.1345202773096873e-06,2.9533693539748846e-06,4.0378213821191195e-06,5.8343639898865285e-06,7.228658809084524e-06,4.243250345579503e-06,1.4135211610015995e-06,0.0,linear,True,False
pair_2015_2016,2015 full + 2016 full,2015+2016,78,0.078,50,0,49,2.326459128371039e-06,2.097937566876305e-06,2.669944311895482e-06,4.215216037774689e-06,5.6913811904221875e-06,7.362344271885104e-06,4.238312439379854e-06,1.5138623350285328e-06,0.08,linear,True,False
pair_2015_2016,2015 full + 2016 full,2015+2016,79,0.079,50,0,49,3.2000735350199335e-06,2.0478006701238762e-06,2.938475999915002e-06,3.985250549035232e-06,5.576494509343494e-06,8.704887285539504e-06,4.405619622641572e-06,1.7130851128958823e-06,0.26,linear,True,False
pair_2015_2016,2015 full + 2016 full,2015+2016,80,0.08,50,0,49,3.735493416862728e-06,3.0352223798387673e-06,3.4168467708469145e-06,4.725844030102315e-06,6.050772828814319e-06,6.840911608939786e-06,4.788842902329977e-06,1.2409282404528897e-06,0.24,linear,True,False
pair_2015_2016,2015 full + 2016 full,2015+2016,81,0.081,50,0,49,4.008975013865553e-06,1.9667583336028595e-06,2.713734573741975e-06,4.313235631760091e-06,6.540303858134452e-06,7.726125881197566e-06,4.583284294566015e-06,1.8431845744913549e-06,0.42,linear,True,False
pair_2015_2016,2015 full + 2016 full,2015+2016,82,0.082,50,0,49,4.08613143139308e-06,2.6102235341065297e-06,3.135945676328652e-06,4.433804370546266e-06,6.615454364533012e-06,8.563407800885389e-06,4.721649227681885e-06,1.686710712317811e-06,0.38,linear,True,False
pair_2015_2016,2015 full + 2016 full,2015+2016,83,0.083,50,0,49,4.342171203403332e-06,2.6031186130594598e-06,3.237772564007269e-06,4.265822267252846e-06,6.1464164095789545e-06,7.0292996631540794e-06,4.545726425118359e-06,1.435683293178376e-06,0.54,linear,True,False
pair_2015_2016,2015 full + 2016 full,2015+2016,84,0.084,50,0,49,4.121575895488996e-06,2.5614828816936476e-06,3.1091123367610374e-06,4.342338485737672e-06,6.288807843155133e-06,7.399677366345506e-06,4.677284884234062e-06,1.4773646936547948e-06,0.46,linear,True,False
pair_2015_2016,2015 full + 2016 full,2015+2016,85,0.085,50,0,49,7.1260157357383985e-06,2.2887904925713676e-06,3.03662301170659e-06,4.007380752631759e-06,5.231387300406759e-06,6.918894931255694e-06,4.154979273915315e-06,1.210891803035683e-06,0.98,linear,True,False
pair_2015_2016,2015 full + 2016 full,2015+2016,86,0.086,50,0,49,8.533474712927826e-06,2.3554213312925134e-06,3.0439508504365894e-06,4.161607745598158e-06,6.898989917344516e-06,8.909184705375519e-06,4.715996838812482e-06,1.8245991833291087e-06,0.96,linear,True,False
pair_2015_2016,2015 full + 2016 full,2015+2016,87,0.087,50,0,49,9.715048736940388e-06,2.345880003686815e-06,3.4013350967662067e-06,4.414171561597475e-06,6.409595836094635e-06,9.170762635989982e-06,4.939819001254852e-06,1.7809702633631097e-06,0.98,linear,True,False
pair_2015_2016,2015 full + 2016 full,2015+2016,88,0.088,50,0,49,1.1217601551391898e-05,2.7942934331698063e-06,3.2031422478615074e-06,4.382125522237323e-06,6.156388408718342e-06,8.126014313758388e-06,4.73655826164552e-06,1.5547792498589218e-06,1.0,linear,True,False
pair_2015_2016,2015 full + 2016 full,2015+2016,89,0.089,50,0,49,1.2540526424650963e-05,2.1357305260419355e-06,3.3915344809795997e-06,4.21023550906465e-06,6.61467528303872e-06,9.018430753669732e-06,4.826375827019632e-06,1.8289805501653442e-06,1.0,linear,True,False
pair_2015_2016,2015 full + 2016 full,2015+2016,90,0.09,50,0,49,1.371310068028537e-05,2.3049170720017066e-06,2.7362613588204846e-06,4.85385295371735e-06,6.055182338445386e-06,8.916750091340219e-06,4.849945730105092e-06,2.0453022926479395e-06,1.0,linear,True,False
pair_2015_2021,2015 full + 2021 10%,2015+2021,50,0.05,50,0,49,2.087189651257696e-05,3.6911534730826717e-06,5.5635664765313975e-06,7.16770524595719e-06,1.0290044264207593e-05,1.3334045917160244e-05,7.78326791799854e-06,2.5592850617565628e-06,1.0,linear,True,False
pair_2015_2021,2015 full + 2021 10%,2015+2021,51,0.051,50,0,49,1.65083651102567e-05,3.559648932199861e-06,4.2557393062301395e-06,6.714573358182814e-06,9.932154369415924e-06,1.233980775647369e-05,7.202854831355528e-06,2.6668437898460025e-06,1.0,linear,True,False
pair_2015_2021,2015 full + 2021 10%,2015+2021,52,0.052,50,0,49,1.062724243973929e-05,3.5135468704054923e-06,4.537496270061275e-06,6.650198105235357e-06,9.579255519461309e-06,1.576827355601748e-05,7.4732595752346e-06,3.1513969326215882e-06,0.88,linear,True,False
pair_2015_2021,2015 full + 2021 10%,2015+2021,53,0.053,50,0,49,6.323459687187614e-06,3.6239482362748095e-06,4.454741162764348e-06,6.341759002739683e-06,9.806717900767842e-06,1.451872143742745e-05,7.228386449225331e-06,3.098727552606899e-06,0.5,linear,True,False
pair_2015_2021,2015 full + 2021 10%,2015+2021,54,0.054,50,0,49,4.650035185570424e-06,3.4803067926146452e-06,4.49865693846759e-06,6.0076018098659e-06,8.806601087677064e-06,1.15256473943826e-05,6.427213506952226e-06,2.2714491925448337e-06,0.24,linear,True,False
pair_2015_2021,2015 full + 2021 10%,2015+2021,55,0.055,50,0,49,3.5498059047585236e-06,3.4473246706459307e-06,4.642306475790959e-06,6.443989438968992e-06,9.031917452989064e-06,1.1542460323088008e-05,6.735450424012221e-06,2.1727141868363895e-06,0.04,linear,True,False
pair_2015_2021,2015 full + 2021 10%,2015+2021,56,0.056,50,0,49,3.719707601201881e-06,3.149663942175444e-06,4.239762993722585e-06,5.99385539928284e-06,7.900637807306094e-06,9.98299049824303e-06,5.984729172141565e-06,1.7669384611664952e-06,0.08,linear,True,False
pair_2015_2021,2015 full + 2021 10%,2015+2021,57,0.057,50,0,49,3.874242660700899e-06,3.408075994784289e-06,3.5778658387553484e-06,5.546463608685248e-06,7.714790133777704e-06,1.1225653175999086e-05,6.002212379928971e-06,2.2385307015746828e-06,0.2,linear,True,False
pair_2015_2021,2015 full + 2021 10%,2015+2021,58,0.058,50,0,49,3.4859365942293133e-06,3.2990133989715627e-06,3.806126517665405e-06,5.625998456635037e-06,6.974556847833124e-06,9.594958466913765e-06,5.710411348706731e-06,1.9012840847145053e-06,0.08,linear,True,False
pair_2015_2021,2015 full + 2021 10%,2015+2021,59,0.059,50,0,49,3.3340883677837725e-06,2.8557748011936917e-06,3.559105484879623e-06,4.960383705098968e-06,6.313193037654166e-06,9.107270282301195e-06,5.129834638614142e-06,1.6269340849667706e-06,0.04,linear,True,False
pair_2015_2021,2015 full + 2021 10%,2015+2021,60,0.06,50,0,49,3.1836723489646064e-06,2.811790440925638e-06,3.619686586613328e-06,4.589724620112173e-06,5.847788190699866e-06,7.690105403691893e-06,4.671340497443206e-06,1.240333411503881e-06,0.1,linear,True,False
pair_2015_2021,2015 full + 2021 10%,2015+2021,61,0.061,50,0,49,3.2504054928528803e-06,2.21640317772577e-06,3.134275058287336e-06,4.851504026257933e-06,6.42015436788022e-06,8.698826122743145e-06,4.90845486747887e-06,1.6974002324215747e-06,0.18,linear,True,False
pair_2015_2021,2015 full + 2021 10%,2015+2021,62,0.062,50,0,49,4.601043981187489e-06,2.3694472300090994e-06,3.241130786128083e-06,4.251484527822675e-06,5.8592454758244244e-06,7.410129928971104e-06,4.4619378392149864e-06,1.3814095900167082e-06,0.58,linear,True,False
pair_2015_2021,2015 full + 2021 10%,2015+2021,63,0.063,50,0,49,6.1303835281846415e-06,2.144127388621521e-06,2.6361743315512118e-06,3.8153734249022325e-06,5.159413749775789e-06,7.363116030107266e-06,3.950151239437151e-06,1.3421358877842435e-06,0.92,linear,True,False
pair_2015_2021,2015 full + 2021 10%,2015+2021,64,0.064,50,0,49,8.798633040306914e-06,2.4903431458352095e-06,2.842910417926995e-06,3.7660942197648175e-06,5.0353641132995336e-06,6.802129034331704e-06,3.9890097896224744e-06,1.1754328188777555e-06,1.0,linear,True,False
pair_2015_2021,2015 full + 2021 10%,2015+2021,65,0.065,50,0,49,9.266213937819702e-06,1.8464854653393378e-06,2.6579299318213287e-06,3.846477478440916e-06,5.2997734795387855e-06,7.1046846316008e-06,3.924368697271168e-06,1.4089621999448758e-06,1.0,linear,True,False
pair_2015_2021,2015 full + 2021 10%,2015+2021,66,0.066,50,0,49,8.676238665225749e-06,1.722933898222278e-06,2.289529092346043e-06,3.5940489525369367e-06,5.045242380841178e-06,6.144263580914063e-06,3.689580415680674e-06,1.2923121464636054e-06,1.0,linear,True,False
pair_2015_2021,2015 full + 2021 10%,2015+2021,67,0.067,50,0,49,5.559989730459605e-06,1.6357020809515094e-06,2.06296369627275e-06,3.235416757550441e-06,4.922405974665317e-06,6.781364169028091e-06,3.5971928546987003e-06,1.5086436759067443e-06,0.92,linear,True,False
pair_2015_2021,2015 full + 2021 10%,2015+2021,68,0.068,50,0,49,2.7987804901745027e-06,1.8318040589991045e-06,2.0999436832526925e-06,3.4216800972724015e-06,4.969900505220351e-06,6.364965245827848e-06,3.58078439554433e-06,1.3494273331336553e-06,0.34,linear,True,False
pair_2015_2021,2015 full + 2021 10%,2015+2021,69,0.069,50,0,49,1.4612128612551264e-06,1.8322718040538745e-06,2.1540076725636754e-06,3.116944865612789e-06,4.49936714065146e-06,6.044602472216445e-06,3.2746356845108822e-06,1.1784068861378553e-06,0.0,linear,True,False
pair_2015_2021,2015 full + 2021 10%,2015+2021,70,0.07,50,0,49,1.0609621878839782e-06,1.8423337507088945e-06,2.2738320740162938e-06,3.2985432800608624e-06,4.130309204652448e-06,5.062118194794446e-06,3.2968583185410024e-06,9.405875294909767e-07,0.0,linear,True,False
pair_2015_2021,2015 full + 2021 10%,2015+2021,71,0.071,50,0,49,8.984767680660844e-07,1.5173428627375352e-06,1.9773152155509267e-06,2.7527084999262804e-06,4.462080751251586e-06,5.777402077179436e-06,3.0533357739429955e-06,1.2138036381562418e-06,0.0,linear,True,False
pair_2015_2021,2015 full + 2021 10%,2015+2021,72,0.072,50,0,49,1.0347492070384605e-06,1.4738103563685324e-06,2.2185054388077523e-06,2.923248898931625e-06,4.007352866017362e-06,4.404533642072902e-06,2.9889676828221306e-06,8.795775007976109e-07,0.0,linear,True,False
pair_2015_2021,2015 full + 2021 10%,2015+2021,73,0.073,50,0,49,1.5841650754049106e-06,1.4903123224638672e-06,2.050203645760056e-06,2.873758127963879e-06,4.520003698394118e-06,5.145504136007251e-06,3.127297923677432e-06,1.2055799808725428e-06,0.06,linear,True,False
pair_2015_2021,2015 full + 2021 10%,2015+2021,74,0.074,50,0,49,2.5343723177770525e-06,1.3634032895620476e-06,1.9367757723206397e-06,2.6679968072650193e-06,3.5277895003292705e-06,4.974625410185432e-06,2.7931720896298906e-06,9.329066717752443e-07,0.44,linear,True,False
pair_2015_2021,2015 full + 2021 10%,2015+2021,75,0.075,50,0,49,3.782772611635831e-06,1.3760778493998326e-06,2.0477383464657786e-06,3.1315949978365354e-06,4.185307071315109e-06,5.2399934882128745e-06,3.1631142360248924e-06,1.0741196667106994e-06,0.78,linear,True,False
pair_2015_2021,2015 full + 2021 10%,2015+2021,76,0.076,50,0,49,4.9632374770315e-06,1.3129030073557879e-06,1.9047630795585354e-06,2.733527617719967e-06,4.221963973949323e-06,5.523229662563362e-06,3.0714692166802296e-06,1.1840697078344475e-06,0.94,linear,True,False
pair_2015_2021,2015 full + 2021 10%,2015+2021,77,0.077,50,0,49,6.046242820541451e-06,1.3641038123487773e-06,1.893378808796273e-06,2.452154157527897e-06,3.755014418213427e-06,4.765849629523274e-06,2.7139700252001668e-06,9.634214565988405e-07,1.0,linear,True,False
pair_2015_2021,2015 full + 2021 10%,2015+2021,78,0.078,50,0,49,6.158078969131071e-06,1.1870238211216303e-06,1.763919749042501e-06,2.353237177690541e-06,3.514726211285715e-06,5.101819766206289e-06,2.5860059635175524e-06,9.818154488958885e-07,1.0,linear,True,False
pair_2015_2021,2015 full + 2021 10%,2015+2021,79,0.079,50,0,49,5.745864267616012e-06,1.1842856114546187e-06,1.7381747075844845e-06,2.5135403657722073e-06,3.5338033822475464e-06,4.731943013320822e-06,2.6011917428340912e-06,9.961300135868852e-07,0.98,linear,True,False
pair_2015_2021,2015 full + 2021 10%,2015+2021,80,0.08,50,0,49,5.0048578422525855e-06,1.2940371866478748e-06,1.6822015214775033e-06,2.17670803967291e-06,3.7010564284019713e-06,4.815467425186448e-06,2.5737542838112586e-06,9.816855304048698e-07,1.0,linear,True,False
pair_2015_2021,2015 full + 2021 10%,2015+2021,81,0.081,50,0,49,4.267723735114304e-06,1.2307602236481758e-06,1.6660798660598791e-06,2.2282135404324744e-06,3.348258579018515e-06,4.397940636416761e-06,2.409597777537031e-06,9.156736875256761e-07,0.96,linear,True,False
pair_2015_2021,2015 full + 2021 10%,2015+2021,82,0.082,50,0,49,2.741192468031613e-06,1.520348930493761e-06,1.7192603583531274e-06,2.331866320211848e-06,3.148864223330895e-06,4.3573130345513975e-06,2.4705780480066383e-06,8.202485923326491e-07,0.72,linear,True,False
pair_2015_2021,2015 full + 2021 10%,2015+2021,83,0.083,50,0,49,1.793982946625874e-06,1.348510966747823e-06,1.702499671634444e-06,2.904495393617801e-06,3.5898571147950973e-06,4.287888581171949e-06,2.7584152112860324e-06,8.777566931075941e-07,0.22,linear,True,False
pair_2015_2021,2015 full + 2021 10%,2015+2021,84,0.084,50,0,49,1.446102194056333e-06,1.201140814385654e-06,1.577596401850498e-06,2.53936820500257e-06,3.510610746410896e-06,4.410447045131125e-06,2.608911752913451e-06,9.358730756821034e-07,0.12,linear,True,False
pair_2015_2021,2015 full + 2021 10%,2015+2021,85,0.085,50,0,49,1.2012585607585994e-06,1.0974526734649576e-06,1.4731404346877967e-06,2.6043138331052242e-06,3.579305067544528e-06,5.163900455902719e-06,2.6813672242848313e-06,1.070243596572178e-06,0.06,linear,True,False
pair_2015_2021,2015 full + 2021 10%,2015+2021,86,0.086,50,0,49,1.116917533634346e-06,1.2422269061694152e-06,1.4501951204695273e-06,2.2155207810739427e-06,3.206253255432698e-06,4.339200543666933e-06,2.304591906945332e-06,8.746676122582128e-07,0.02,linear,True,False
pair_2015_2021,2015 full + 2021 10%,2015+2021,87,0.087,50,0,49,1.072505246750849e-06,1.1530401670222813e-06,1.6967730440286605e-06,2.3798762586223997e-06,3.205788219580958e-06,4.074032031496018e-06,2.442308909859888e-06,7.836451098717233e-07,0.02,linear,True,False
pair_2015_2021,2015 full + 2021 10%,2015+2021,88,0.088,50,0,49,1.1568149405684735e-06,1.3217278905963855e-06,1.689884357358452e-06,2.3045722928781807e-06,3.0248325658936626e-06,4.191728251642438e-06,2.39660421366037e-06,7.197927841835031e-07,0.0,linear,True,False
pair_2015_2021,2015 full + 2021 10%,2015+2021,89,0.089,50,0,49,1.3960629403288706e-06,1.2015551863771335e-06,1.6325379828444099e-06,2.356072129335645e-06,3.58060708865754e-06,4.020723932896717e-06,2.497399760682325e-06,8.841425045166513e-07,0.12,linear,True,False
pair_2015_2021,2015 full + 2021 10%,2015+2021,90,0.09,50,0,49,2.0223301953564675e-06,1.229932489500713e-06,1.5632605985065682e-06,2.332536339418506e-06,3.3410514783416927e-06,4.6648636667394624e-06,2.492232977797949e-06,9.845717847905392e-07,0.4,linear,True,False
pair_2016_2021,2016 full + 2021 10%,2016+2021,50,0.05,50,0,49,5.201077727687083e-06,2.9814098122120606e-06,3.815743344850581e-06,5.212627779534235e-06,7.698827845237392e-06,9.29828941035231e-06,5.5098889723735125e-06,1.8682705849113731e-06,0.5,linear,True,False
pair_2016_2021,2016 full + 2021 10%,2016+2021,51,0.051,50,0,49,4.563285769769519e-06,2.4388415960106866e-06,3.1514372517517537e-06,4.678576204952818e-06,6.863002624685343e-06,9.05138705431285e-06,5.036246368783317e-06,1.910399282728339e-06,0.48,linear,True,False
pair_2016_2021,2016 full + 2021 10%,2016+2021,52,0.052,50,0,49,4.6982650192190485e-06,3.008234783139777e-06,3.5920403541122506e-06,5.467992918897681e-06,7.769506666104325e-06,9.221912819451498e-06,5.561168859359242e-06,1.9067834413443908e-06,0.36,linear,True,False
pair_2016_2021,2016 full + 2021 10%,2016+2021,53,0.053,50,0,49,4.681651957307144e-06,2.6133825457057897e-06,3.2883178614081744e-06,4.847946802338469e-06,6.4401072010760845e-06,7.92628530904871e-06,4.928519197585572e-06,1.5135419957928484e-06,0.44,linear,True,False
pair_2016_2021,2016 full + 2021 10%,2016+2021,54,0.054,50,0,49,4.925112062955042e-06,2.2895394792918185e-06,2.476615197358e-06,4.066361859499081e-06,6.156032207689864e-06,7.477687738472408e-06,4.2621599750539185e-06,1.5828476770609565e-06,0.66,linear,True,False
pair_2016_2021,2016 full + 2021 10%,2016+2021,55,0.055,50,0,49,4.200122251114061e-06,1.8888464852072814e-06,2.918195527069634e-06,4.168062975943704e-06,5.885227882267649e-06,7.450811341599172e-06,4.3770639113892684e-06,1.5672625198196942e-06,0.5,linear,True,False
pair_2016_2021,2016 full + 2021 10%,2016+2021,56,0.056,50,0,49,4.7815991885317835e-06,2.0872313953511318e-06,2.540152266473443e-06,3.820563666296454e-06,5.043753347279609e-06,6.926145770598663e-06,3.92729614696836e-06,1.286630538727648e-06,0.72,linear,True,False
pair_2016_2021,2016 full + 2021 10%,2016+2021,57,0.057,50,0,49,3.800998437187511e-06,1.974125988284415e-06,2.8733870850170435e-06,4.163297457963599e-06,5.435341360475586e-06,9.056035325612269e-06,4.25471923373055e-06,1.6304286722650012e-06,0.42,linear,True,False
pair_2016_2021,2016 full + 2021 10%,2016+2021,58,0.058,50,0,49,3.1731696320042143e-06,2.1940818734872422e-06,2.54312618663522e-06,3.7485454717754664e-06,4.938168531203845e-06,7.468795253783836e-06,3.885715784341454e-06,1.3556054355115182e-06,0.36,linear,True,False
pair_2016_2021,2016 full + 2021 10%,2016+2021,59,0.059,50,0,49,2.6205316482742847e-06,1.987597904292692e-06,2.7590263089417125e-06,3.6294520273199102e-06,5.085085276250819e-06,5.969720782361558e-06,3.8095479886970464e-06,1.1767813836333592e-06,0.16,linear,True,False
pair_2016_2021,2016 full + 2021 10%,2016+2021,60,0.06,50,0,49,2.2080630521247865e-06,2.0151204419294805e-06,2.4389820311860796e-06,3.4023241432250783e-06,4.983917387401986e-06,5.982738040351816e-06,3.6702215750153872e-06,1.2230144759819836e-06,0.08,linear,True,False
pair_2016_2021,2016 full + 2021 10%,2016+2021,61,0.061,50,0,49,2.089274234899384e-06,1.566299805388014e-06,2.197403205715461e-06,3.3771721466041268e-06,4.7837844322758025e-06,6.675561513909999e-06,3.599677193201782e-06,1.3786462360333837e-06,0.06,linear,True,False
pair_2016_2021,2016 full + 2021 10%,2016+2021,62,0.062,50,0,49,2.4001736106293634e-06,1.6818082379694538e-06,2.1267890504754946e-06,3.4236398037062766e-06,5.119075980703138e-06,6.554303209165772e-06,3.719316540517256e-06,1.449296549822621e-06,0.2,linear,True,False
pair_2016_2021,2016 full + 2021 10%,2016+2021,63,0.063,50,0,49,2.749270387213743e-06,1.486448294637651e-06,1.9003112873185572e-06,2.7096635906972385e-06,4.138525058721942e-06,5.944640841303392e-06,3.005337054684648e-06,1.208458534403192e-06,0.5,linear,True,False
pair_2016_2021,2016 full + 2021 10%,2016+2021,64,0.064,50,0,49,4.508016159006371e-06,1.7783211247558396e-06,2.0137333094999687e-06,3.114363212490387e-06,4.190818525216771e-06,4.893367958295046e-06,3.1474100749733836e-06,9.60884406368605e-07,0.94,linear,True,False
pair_2016_2021,2016 full + 2021 10%,2016+2021,65,0.065,50,0,49,5.925176470944284e-06,1.573620885411592e-06,2.007887117409841e-06,2.9622867807811756e-06,3.969022725557849e-06,5.091823853903528e-06,3.004908818593479e-06,9.98518164173875e-07,1.0,linear,True,False
pair_2016_2021,2016 full + 2021 10%,2016+2021,66,0.066,50,0,49,6.284552403450534e-06,1.4062691896968389e-06,1.8268285725654255e-06,2.579516016697702e-06,3.428851125205286e-06,4.1769195942920675e-06,2.6504538706691997e-06,9.286541327939234e-07,0.98,linear,True,False
pair_2016_2021,2016 full + 2021 10%,2016+2021,67,0.067,50,0,49,5.182823830926797e-06,1.3775158522342377e-06,1.5910488306889823e-06,2.6541502182080266e-06,3.910313815883847e-06,5.313725257747848e-06,2.7683864612912103e-06,1.1154992393055329e-06,0.96,linear,True,False
pair_2016_2021,2016 full + 2021 10%,2016+2021,68,0.068,50,0,49,3.693708094730844e-06,1.4097149046233907e-06,1.8911444529777497e-06,2.6188074878931513e-06,3.710989812868379e-06,5.648928934584348e-06,2.880479756287687e-06,1.142902870478419e-06,0.84,linear,True,False
pair_2016_2021,2016 full + 2021 10%,2016+2021,69,0.069,50,0,49,2.062758591634156e-06,1.41671061612779e-06,1.7232835987939736e-06,2.3683549451542485e-06,3.664098170232013e-06,4.734040509143621e-06,2.633962015991933e-06,9.450560737108711e-07,0.32,linear,True,False
pair_2016_2021,2016 full + 2021 10%,2016+2021,70,0.07,50,0,49,1.3780851530416035e-06,1.4582270408569535e-06,2.126479686659034e-06,2.656584842807716e-06,3.886708553940559e-06,4.481133139948699e-06,2.904582486758113e-06,8.867755464695627e-07,0.0,linear,True,False
pair_2016_2021,2016 full + 2021 10%,2016+2021,71,0.071,50,0,49,9.850889745748911e-07,1.4357728839373826e-06,1.645125561924271e-06,2.3467213707694254e-06,3.2112896288067457e-06,4.321181548103291e-06,2.478731120776852e-06,8.157859506522491e-07,0.0,linear,True,False
pair_2016_2021,2016 full + 2021 10%,2016+2021,72,0.072,50,0,49,8.186773010117024e-07,1.4960593320761178e-06,1.5841070975961892e-06,2.531223249365957e-06,3.3190909884465545e-06,3.905201713685725e-06,2.470793348723474e-06,8.09816492010405e-07,0.0,linear,True,False
pair_2016_2021,2016 full + 2021 10%,2016+2021,73,0.073,50,0,49,9.08789077873098e-07,1.275083233807806e-06,1.4209811744064864e-06,2.1206959236221427e-06,3.1150332740341215e-06,4.355076606941353e-06,2.3346131974499866e-06,8.838059175273586e-07,0.0,linear,True,False
pair_2016_2021,2016 full + 2021 10%,2016+2021,74,0.074,50,0,49,1.404115193765308e-06,1.0810452802572262e-06,1.6216772595385478e-06,2.2058081172092686e-06,3.0815730966197436e-06,4.4990606838692104e-06,2.3486492140003603e-06,8.248420013849218e-07,0.08,linear,True,False
pair_2016_2021,2016 full + 2021 10%,2016+2021,75,0.075,50,0,49,1.8110828025792947e-06,1.3970626092191572e-06,1.578417907667044e-06,2.360061125141094e-06,3.2777116582039098e-06,4.339819863912336e-06,2.5176415071740205e-06,9.033495667437286e-07,0.2,linear,True,False
pair_2016_2021,2016 full + 2021 10%,2016+2021,76,0.076,50,0,49,2.4199956233724455e-06,1.1773423369656624e-06,1.670076636463615e-06,2.2360773967989243e-06,3.379608077020447e-06,4.622209302295536e-06,2.5110855394078342e-06,9.47786874523646e-07,0.58,linear,True,False
pair_2016_2021,2016 full + 2021 10%,2016+2021,77,0.077,50,0,49,3.115865407167745e-06,1.0079792638648765e-06,1.553760683917356e-06,2.21210720323245e-06,3.054280935104738e-06,4.027416183739984e-06,2.293961824244897e-06,7.937335282338154e-07,0.84,linear,True,False
pair_2016_2021,2016 full + 2021 10%,2016+2021,78,0.078,50,0,49,3.833240025879155e-06,1.1153644039327416e-06,1.3954178453428652e-06,1.9659367607955287e-06,3.153354680038346e-06,4.003224788018327e-06,2.1842090733838905e-06,8.51983337317178e-07,0.92,linear,True,False
pair_2016_2021,2016 full + 2021 10%,2016+2021,79,0.079,50,0,49,4.285288736302566e-06,1.2259374848123203e-06,1.471840341916048e-06,1.9807055040732463e-06,3.097279153778529e-06,4.022222593378821e-06,2.219539333602245e-06,8.214464394761352e-07,0.98,linear,True,False
pair_2016_2021,2016 full + 2021 10%,2016+2021,80,0.08,50,0,49,4.059394105144888e-06,1.2847912847431525e-06,1.5424034769326976e-06,2.073598643350923e-06,3.080414253397586e-06,3.944650778120675e-06,2.283943327224554e-06,7.908313056299358e-07,0.98,linear,True,False
pair_2016_2021,2016 full + 2021 10%,2016+2021,81,0.081,50,0,49,3.6307022181415502e-06,9.513996193125113e-07,1.3098604857371714e-06,1.9012526294652931e-06,2.8369353136574373e-06,3.8137386420638737e-06,2.121780925591332e-06,9.020665894624897e-07,0.96,linear,True,False
pair_2016_2021,2016 full + 2021 10%,2016+2021,82,0.082,50,0,49,2.4725361741626237e-06,1.2047180775183947e-06,1.624869176154913e-06,1.9838731892290595e-06,2.8131961221645575e-06,4.075436521764081e-06,2.1989802451610174e-06,7.453906133723768e-07,0.74,linear,True,False
pair_2016_2021,2016 full + 2021 10%,2016+2021,83,0.083,50,0,49,1.7194883286274894e-06,1.2421614730515996e-06,1.5471977178574145e-06,2.390597143791754e-06,3.1527640026285266e-06,3.7186151535504457e-06,2.3893317568675237e-06,7.390478330583046e-07,0.26,linear,True,False
pair_2016_2021,2016 full + 2021 10%,2016+2021,84,0.084,50,0,49,1.3456956615661328e-06,1.1392905114059266e-06,1.4462699913161192e-06,2.108136496562159e-06,3.085217809546316e-06,4.148648749484447e-06,2.2851168663026694e-06,8.349267992231957e-07,0.14,linear,True,False
pair_2016_2021,2016 full + 2021 10%,2016+2021,85,0.085,50,0,49,1.4307762428075611e-06,9.627596562892458e-07,1.4498707100577909e-06,2.107991709474786e-06,3.1703999565720513e-06,3.843167438043551e-06,2.2308638513528662e-06,8.265230627543793e-07,0.16,linear,True,False
pair_2016_2021,2016 full + 2021 10%,2016+2021,86,0.086,50,0,49,1.4230317359989297e-06,1.0100669017079681e-06,1.3794928422696112e-06,1.8222095375717568e-06,2.9369545166553873e-06,3.7155504026946707e-06,2.079189218958416e-06,8.156372848789103e-07,0.18,linear,True,False
pair_2016_2021,2016 full + 2021 10%,2016+2021,87,0.087,50,0,49,1.423133044035329e-06,1.167759668597718e-06,1.4665715068618084e-06,2.1222075988623727e-06,2.917530683890681e-06,4.048764712068197e-06,2.2407163976840834e-06,7.739524076555682e-07,0.12,linear,True,False
pair_2016_2021,2016 full + 2021 10%,2016+2021,88,0.088,50,0,49,1.6454808652408133e-06,1.1133120185358095e-06,1.5293664698424718e-06,2.046786030720584e-06,2.926531038737177e-06,3.5619286723677275e-06,2.1747105723366998e-06,6.798614814495577e-07,0.2,linear,True,False
pair_2016_2021,2016 full + 2021 10%,2016+2021,89,0.089,50,0,49,2.0878524000370772e-06,1.031872719841676e-06,1.4261873131006525e-06,2.08481304607476e-06,3.1804390354356205e-06,3.933398080473472e-06,2.2419111458255524e-06,8.589806302956464e-07,0.5,linear,True,False
pair_2016_2021,2016 full + 2021 10%,2016+2021,90,0.09,50,0,49,3.0741586286821245e-06,9.505942762805884e-07,1.4185842522677796e-06,2.1769876079208024e-06,3.049448908972731e-06,3.6175581013317026e-06,2.2228565004437437e-06,8.149014781265271e-07,0.84,linear,True,False
pair_2016_2021,2016 full + 2021 10%,2016+2021,91,0.091,50,0,49,4.076352754924584e-06,9.254153872094023e-07,1.387053151132708e-06,2.027477999542455e-06,2.7610134087928388e-06,3.399157194443635e-06,2.0915672377161618e-06,6.911407381952523e-07,1.0,linear,True,False
pair_2016_2021,2016 full + 2021 10%,2016+2021,92,0.092,50,0,49,4.555452062171563e-06,1.2065995026430527e-06,1.6954764962779377e-06,2.4169222789701994e-06,3.0256930528824155e-06,3.906276472981706e-06,2.401098244026936e-06,6.966954237144521e-07,1.0,linear,True,False
pair_2016_2021,2016 full + 2021 10%,2016+2021,93,0.093,50,0,49,4.554111523380558e-06,1.0948669573849333e-06,1.4914437656149324e-06,2.1096050086832685e-06,2.867787497591463e-06,3.7348346097831864e-06,2.1937845050699443e-06,7.504777205872904e-07,1.0,linear,True,False
pair_2016_2021,2016 full + 2021 10%,2016+2021,94,0.094,50,0,49,3.922051751377303e-06,1.0724309450057169e-06,1.3143961355623572e-06,1.9293440191075554e-06,3.136657817841978e-06,3.924716962743367e-06,2.182011703179733e-06,9.015758800945646e-07,0.96,linear,True,False
pair_2016_2021,2016 full + 2021 10%,2016+2021,95,0.095,50,0,49,2.949717986246188e-06,1.051566839569371e-06,1.6052458024104739e-06,2.1025295668686006e-06,3.2925268080660276e-06,3.932119657731904e-06,2.3208274023532555e-06,8.184659637026912e-07,0.76,linear,True,False
pair_2016_2021,2016 full + 2021 10%,2016+2021,96,0.096,50,0,49,2.058931997007922e-06,1.3035143808184487e-06,1.5506866775443202e-06,2.0558599752184513e-06,2.867849353434887e-06,3.6252063128180827e-06,2.2221430412567937e-06,7.666427852406183e-07,0.52,linear,True,False
pair_2016_2021,2016 full + 2021 10%,2016+2021,97,0.097,50,0,49,1.4889892990531057e-06,1.1127221723608544e-06,1.3656155143698032e-06,2.026103429386697e-06,2.7515299091516314e-06,4.119629955544137e-06,2.1535602315269035e-06,8.184062852055042e-07,0.24,linear,True,False
pair_2016_2021,2016 full + 2021 10%,2016+2021,98,0.098,50,0,49,1.276342403677358e-06,1.030499973265465e-06,1.3361392385526145e-06,2.0293532976096273e-06,2.7193978067141407e-06,3.7494683520117672e-06,2.1095796006762243e-06,7.387634366341335e-07,0.12,linear,True,False
pair_2016_2021,2016 full + 2021 10%,2016+2021,99,0.099,50,0,49,1.2098584613091893e-06,1.3120361897977663e-06,1.4911146075496265e-06,2.114813254650975e-06,2.898223638579341e-06,5.1967130898996634e-06,2.29448658083249e-06,9.615171365183888e-07,0.02,linear,True,False
pair_2016_2021,2016 full + 2021 10%,2016+2021,100,0.1,50,0,49,1.3151682269616618e-06,1.2835396435775469e-06,1.515515709654133e-06,1.958156224058019e-06,3.24365083444376e-06,3.9984310174511e-06,2.215416687504416e-06,8.002307267933096e-07,0.04,linear,True,False
pair_2016_2021,2016 full + 2021 10%,2016+2021,101,0.101,50,0,49,1.4119770731409416e-06,9.524283885485998e-07,1.4592951286464512e-06,2.0208630634396456e-06,3.139502260887115e-06,3.879167575915491e-06,2.210174416105632e-06,8.287809236220641e-07,0.12,linear,True,False
pair_2016_2021,2016 full + 2021 10%,2016+2021,102,0.102,50,0,49,1.3599127947492755e-06,1.0783930452985888e-06,1.3433182259561336e-06,1.752018084990973e-06,2.5239233292090684e-06,3.19356305381712e-06,1.940891803190979e-06,6.429532156549039e-07,0.2,linear,True,False
pair_2016_2021,2016 full + 2021 10%,2016+2021,103,0.103,50,0,49,1.4950564277960351e-06,1.1178799054902379e-06,1.3838409775065927e-06,2.163100481913446e-06,3.261560992395898e-06,4.294375026856049e-06,2.2681678637163253e-06,9.058845165907579e-07,0.28,linear,True,False
pair_2016_2021,2016 full + 2021 10%,2016+2021,104,0.104,50,0,49,1.538335798393114e-06,1.1052247668441518e-06,1.463897518786498e-06,2.2347312399480114e-06,2.9496075155174697e-06,4.682727256324736e-06,2.3393416836919106e-06,9.420933364337076e-07,0.22,linear,True,False
pair_2016_2021,2016 full + 2021 10%,2016+2021,105,0.105,50,0,49,1.533688264470268e-06,1.1250184104604665e-06,1.5071298133745554e-06,2.081638093428264e-06,3.203719821037963e-06,4.041753539936134e-06,2.250358861873857e-06,8.307749319889929e-07,0.2,linear,True,False
pair_2016_2021,2016 full + 2021 10%,2016+2021,106,0.106,50,0,49,1.5008724821433343e-06,1.0904545946881541e-06,1.2968388024828147e-06,1.9655524662384665e-06,2.6081151947938794e-06,3.972363404174103e-06,2.1126750198057153e-06,7.927641710515696e-07,0.24,linear,True,False
pair_2016_2021,2016 full + 2021 10%,2016+2021,107,0.107,50,0,49,1.458740237510587e-06,1.3242293337688492e-06,1.4621839298382418e-06,2.0811864606457014e-06,3.1031073534977507e-06,3.987370528965246e-06,2.284937834005367e-06,7.973860105939207e-07,0.12,linear,True,False
pair_2016_2021,2016 full + 2021 10%,2016+2021,108,0.108,50,0,49,1.43867293972568e-06,1.1169380501620986e-06,1.4576964340792192e-06,2.043255635620381e-06,2.659677854129831e-06,3.566379513389554e-06,2.1217337462315553e-06,6.619320635774711e-07,0.12,linear,True,False
pair_2016_2021,2016 full + 2021 10%,2016+2021,109,0.109,50,0,49,1.54127354051186e-06,1.1355355153719321e-06,1.3939619541253695e-06,1.8923533865465238e-06,2.6950602370393734e-06,3.5112360542374086e-06,2.001758461208945e-06,6.506964763249767e-07,0.28,linear,True,False
pair_2016_2021,2016 full + 2021 10%,2016+2021,110,0.11,50,0,49,1.6220233574755432e-06,1.1174369827249183e-06,1.4412871189693152e-06,1.976897596849977e-06,2.7709629717167363e-06,3.3899891610847856e-06,2.0832262440592747e-06,6.627060497310353e-07,0.34,linear,True,False
pair_2016_2021,2016 full + 2021 10%,2016+2021,111,0.111,50,0,49,1.660552066759613e-06,1.1708823858298558e-06,1.473148386560605e-06,1.982031021014635e-06,3.182035357395309e-06,4.326762693768556e-06,2.247893113178186e-06,8.598241641368423e-07,0.3,linear,True,False
pair_2016_2021,2016 full + 2021 10%,2016+2021,112,0.112,50,0,49,1.625221200533562e-06,1.2512541115954507e-06,1.6727906540028804e-06,2.3280622503207204e-06,3.625947250316993e-06,4.455894755418609e-06,2.582286562014992e-06,9.495853198020101e-07,0.14,linear,True,False
pair_2016_2021,2016 full + 2021 10%,2016+2021,113,0.113,50,0,49,1.6931800447671812e-06,9.956021755887637e-07,1.5055204508529e-06,2.0838704707859076e-06,3.1435079156960985e-06,3.725660955554093e-06,2.2287712897453683e-06,8.517922758597807e-07,0.3,linear,True,False
pair_2016_2021,2016 full + 2021 10%,2016+2021,114,0.114,50,0,49,1.884717607037166e-06,1.1954540284331635e-06,1.4161828520628568e-06,2.083234139877972e-06,2.9513430614979307e-06,4.823909632714911e-06,2.3107964629304996e-06,9.898593783972852e-07,0.38,linear,True,False
pair_2016_2021,2016 full + 2021 10%,2016+2021,115,0.115,50,0,49,1.9268947580164366e-06,1.1989612977849674e-06,1.5237970650682649e-06,2.22823347082986e-06,3.2127085033658236e-06,4.008695412057276e-06,2.3620463579748565e-06,8.379301837976909e-07,0.38,linear,True,False
pair_2016_2021,2016 full + 2021 10%,2016+2021,116,0.116,50,0,49,2.128761145621545e-06,1.275456151196122e-06,1.5073879981140899e-06,2.10126569330304e-06,2.8517217281213275e-06,3.481447017069421e-06,2.181586538262929e-06,6.803957004629369e-07,0.5,linear,True,False
pair_2016_2021,2016 full + 2021 10%,2016+2021,117,0.117,50,0,49,2.4413350497526076e-06,1.1936343920067379e-06,1.494238948444368e-06,2.24500380052646e-06,3.129201310573564e-06,4.083238604754782e-06,2.3899653904386504e-06,7.974633059879552e-07,0.54,linear,True,False
pair_2016_2021,2016 full + 2021 10%,2016+2021,118,0.118,50,0,49,2.7970337914065342e-06,1.2969526701741994e-06,1.5736615208079822e-06,2.259574604329253e-06,3.441671366347179e-06,4.695801193241997e-06,2.4688177557415e-06,9.405717579815177e-07,0.66,linear,True,False
pair_2016_2021,2016 full + 2021 10%,2016+2021,119,0.119,50,0,49,3.3392976830380404e-06,1.3831174858996826e-06,1.6928597258271438e-06,2.3371325337258448e-06,3.0534859402671943e-06,3.920690812481247e-06,2.3657119576098554e-06,6.810070103027303e-07,0.94,linear,True,False
pair_2016_2021,2016 full + 2021 10%,2016+2021,120,0.12,50,0,49,3.621062726391608e-06,1.1827491843948366e-06,1.5150594874279136e-06,2.1780587539611013e-06,3.6044384319194787e-06,4.520848173994603e-06,2.4243911690049857e-06,9.820301527305833e-07,0.84,linear,True,False
pair_2016_2021,2016 full + 2021 10%,2016+2021,121,0.121,50,0,49,3.987694686077164e-06,1.170746240667039e-06,1.5585833515802121e-06,2.235897913643673e-06,3.138114099453849e-06,3.807515244284375e-06,2.2997635863484484e-06,7.574595048771376e-07,0.98,linear,True,False
pair_2016_2021,2016 full + 2021 10%,2016+2021,122,0.122,50,0,49,3.923120893574014e-06,1.0377853196618246e-06,1.4260901131941328e-06,2.085343849363406e-06,3.0056318110702757e-06,3.960691222262577e-06,2.184047729900805e-06,7.789394283389844e-07,0.94,linear,True,False
pair_2016_2021,2016 full + 2021 10%,2016+2021,123,0.123,50,0,49,3.926712278021485e-06,1.2053683382525592e-06,1.5128218246470331e-06,2.234876330786633e-06,3.0077641338717333e-06,4.442129373042036e-06,2.3034483715608346e-06,8.485096131588585e-07,0.94,linear,True,False
pair_2016_2021,2016 full + 2021 10%,2016+2021,124,0.124,50,0,49,3.677936563085066e-06,1.3485783883807555e-06,1.7601120424848215e-06,2.5659547917186046e-06,3.270924486992302e-06,4.78460070909539e-06,2.5519110619237477e-06,9.151096721657988e-07,0.88,linear,True,False
pair_2016_2021,2016 full + 2021 10%,2016+2021,125,0.125,50,0,49,3.455885366689993e-06,1.2122416707370548e-06,1.5901496220043328e-06,2.451922509941922e-06,3.668733456882384e-06,4.747239034864712e-06,2.6116002039382246e-06,1.010231457048381e-06,0.82,linear,True,False
pair_2016_2021,2016 full + 2021 10%,2016+2021,126,0.126,50,0,49,3.3733236832248373e-06,1.1930636354715966e-06,1.5200024492401948e-06,2.1375974708983737e-06,3.0802638552074534e-06,4.037016157782751e-06,2.3468291236547688e-06,7.886435524049874e-07,0.88,linear,True,False
pair_2016_2021,2016 full + 2021 10%,2016+2021,127,0.127,50,0,49,3.01917463727592e-06,1.2809106683903871e-06,1.658265234534897e-06,2.5199499594142252e-06,3.6331457021044137e-06,5.031291397110888e-06,2.6324677981572746e-06,1.0132701504987013e-06,0.66,linear,True,False
pair_2016_2021,2016 full + 2021 10%,2016+2021,128,0.128,50,0,49,2.913849395074934e-06,1.3128849544878167e-06,1.6604464901389476e-06,2.409626344106077e-06,3.3187378652954228e-06,4.310039676983644e-06,2.5272829647253545e-06,8.422469703468312e-07,0.68,linear,True,False
pair_2016_2021,2016 full + 2021 10%,2016+2021,129,0.129,50,0,49,2.984355310019612e-06,1.3085556865125314e-06,1.8389043872594837e-06,2.2193962536073884e-06,3.0149112489534667e-06,4.520616415631618e-06,2.4875540985060444e-06,8.755680192961792e-07,0.82,linear,True,False
pair_2016_2021,2016 full + 2021 10%,2016+2021,130,0.13,50,0,49,2.814645672846914e-06,1.305997298941751e-06,1.6034414051482832e-06,2.4571141618742517e-06,3.5539349328641143e-06,5.0618849122764115e-06,2.6769534665695013e-06,1.0981409953507704e-06,0.62,linear,True,False
pair_2016_2021,2016 full + 2021 10%,2016+2021,131,0.131,50,0,49,2.436801282789529e-06,1.2103309114914806e-06,1.7387101794882041e-06,2.368446363289209e-06,3.202616330063069e-06,4.0663783001228445e-06,2.482081228617143e-06,7.700938814672778e-07,0.52,linear,True,False
pair_2016_2021,2016 full + 2021 10%,2016+2021,132,0.132,50,0,49,2.198998134149547e-06,1.3982751045635678e-06,1.7397247140007739e-06,2.197852532602824e-06,3.1872578892137627e-06,4.163270610801909e-06,2.4229609001608663e-06,7.838749080971891e-07,0.5,linear,True,False
pair_2016_2021,2016 full + 2021 10%,2016+2021,133,0.133,50,0,49,2.042213121884831e-06,1.3306145450849326e-06,1.6012712157157457e-06,2.1574964528247707e-06,3.268070261287604e-06,4.1018422185489645e-06,2.3912535574949763e-06,8.148654113246698e-07,0.46,linear,True,False
pair_2016_2021,2016 full + 2021 10%,2016+2021,134,0.134,50,0,49,1.8573054039235512e-06,1.366648061751253e-06,1.7456899952092115e-06,2.662303974955463e-06,3.5241063287807394e-06,4.785332543511368e-06,2.7486077596360486e-06,9.828338726060692e-07,0.22,linear,True,False
pair_2016_2021,2016 full + 2021 10%,2016+2021,135,0.135,50,0,49,1.655663925481393e-06,1.2784042274399657e-06,1.760748453678418e-06,2.5514537931979627e-06,3.7400421534669283e-06,4.6413230704150436e-06,2.7359672106850815e-06,9.07266102955214e-07,0.12,linear,True,False
pair_2016_2021,2016 full + 2021 10%,2016+2021,136,0.136,50,0,49,1.590773401581274e-06,1.5468096521964983e-06,1.7797270674281062e-06,2.539206509357658e-06,3.51647993438231e-06,4.251776388541978e-06,2.6068593495875366e-06,8.382241673892507e-07,0.08,linear,True,False
pair_2016_2021,2016 full + 2021 10%,2016+2021,137,0.137,50,0,49,1.567581491511188e-06,1.300521847160963e-06,1.8033614460744054e-06,2.6396543961383006e-06,3.916650428687885e-06,4.78968127466835e-06,2.7994292168429858e-06,9.861397580440808e-07,0.1,linear,True,False
pair_2016_2021,2016 full + 2021 10%,2016+2021,138,0.138,50,0,49,1.590509772269745e-06,1.4547918636506952e-06,1.9931784097288614e-06,2.82650971617469e-06,3.761942559647949e-06,4.7050105296059685e-06,2.926575787434005e-06,9.599747272815523e-07,0.04,linear,True,False
pair_2016_2021,2016 full + 2021 10%,2016+2021,139,0.139,50,0,49,1.6527034788838416e-06,1.3590390388473552e-06,1.7510164729303533e-06,2.4950000821524675e-06,3.35301598422678e-06,4.456652652892962e-06,2.5899600508786314e-06,8.407639161680436e-07,0.14,linear,True,False
pair_2016_2021,2016 full + 2021 10%,2016+2021,140,0.14,50,0,49,1.7771560546176195e-06,1.24456728509207e-06,1.563118095676561e-06,2.4730282308386215e-06,3.3572435441038736e-06,4.761868533434457e-06,2.5652993358261587e-06,9.408438476154361e-07,0.26,linear,True,False
pair_2016_2021,2016 full + 2021 10%,2016+2021,141,0.141,50,0,49,1.6612964611061977e-06,1.3707920720753759e-06,1.7781838405989825e-06,2.4537504122409112e-06,3.6238966865931105e-06,4.679808764822652e-06,2.6389550929666583e-06,9.798889572063148e-07,0.12,linear,True,False
pair_2016_2021,2016 full + 2021 10%,2016+2021,142,0.142,50,0,49,1.8114389201516313e-06,1.2725590419900334e-06,1.755066311805599e-06,2.7369145941710284e-06,3.996536231385666e-06,5.531252809936489e-06,2.83304309601902e-06,1.117503397522532e-06,0.18,linear,True,False
pair_2016_2021,2016 full + 2021 10%,2016+2021,143,0.143,50,0,49,1.9675870890540734e-06,1.412023906060115e-06,2.0865176475946006e-06,2.768787175599426e-06,4.149438062617346e-06,5.8433666755768135e-06,3.100176114555213e-06,1.164003076868283e-06,0.12,linear,True,False
pair_2016_2021,2016 full + 2021 10%,2016+2021,144,0.144,50,0,49,2.173275535230102e-06,1.3442459218798978e-06,1.8629029026825088e-06,2.458555122842093e-06,3.686583868987961e-06,4.384976578673404e-06,2.7652416511121122e-06,9.65453092614259e-07,0.34,linear,True,False
pair_2016_2021,2016 full + 2021 10%,2016+2021,145,0.145,50,0,49,2.2428740535319477e-06,1.380698122011728e-06,1.7302777993928467e-06,2.494256812753273e-06,3.7379070538420624e-06,4.612184506185404e-06,2.690199134308634e-06,9.753033200115145e-07,0.42,linear,True,False
pair_2016_2021,2016 full + 2021 10%,2016+2021,146,0.146,50,0,49,2.268263915979832e-06,1.7096936957507416e-06,1.870954592369767e-06,2.658429672142178e-06,3.894205208878637e-06,5.646745089396729e-06,2.970237394472422e-06,1.1800234028125525e-06,0.3,linear,True,False
pair_2016_2021,2016 full + 2021 10%,2016+2021,147,0.147,50,0,49,2.391363738588981e-06,1.7571918914891014e-06,2.18373346572365e-06,2.9342172872549916e-06,4.059442188923542e-06,5.139247232988323e-06,3.079164271142747e-06,1.1119079929215065e-06,0.32,linear,True,False
pair_2016_2021,2016 full + 2021 10%,2016+2021,148,0.148,50,0,49,2.5377539731978325e-06,1.344920419919665e-06,1.8619258005349734e-06,2.6688136770792524e-06,4.007806300620451e-06,5.0606062433152675e-06,2.8347184229960657e-06,1.0403610499017293e-06,0.44,linear,True,False
pair_2016_2021,2016 full + 2021 10%,2016+2021,149,0.149,50,0,49,2.7223336554016774e-06,1.4502250814688083e-06,2.065374169390767e-06,2.956821544264346e-06,4.139122518143793e-06,5.527998858327189e-06,3.0986693513134737e-06,1.0420199522560632e-06,0.38,linear,True,False
pair_2016_2021,2016 full + 2021 10%,2016+2021,150,0.15,50,0,49,2.8245772679168495e-06,1.357898707587785e-06,1.835748492918599e-06,2.7567574341245587e-06,4.198143196704086e-06,5.3132085572745825e-06,2.973937468440752e-06,1.094680722947589e-06,0.5,linear,True,False
pair_2016_2021,2016 full + 2021 10%,2016+2021,151,0.151,50,0,49,2.9327953834725376e-06,1.4100205801763044e-06,2.0132838013230773e-06,2.844428043164439e-06,4.246205829685952e-06,5.679182158636455e-06,3.0716357403650013e-06,1.144853289444845e-06,0.5,linear,True,False
pair_2016_2021,2016 full + 2021 10%,2016+2021,152,0.152,50,0,49,2.9758521159956498e-06,1.6700934380296095e-06,2.055601660806296e-06,3.0620503970996727e-06,4.101147391612534e-06,4.985574344263311e-06,3.149274576144858e-06,9.613670147957883e-07,0.44,linear,True,False
pair_2016_2021,2016 full + 2021 10%,2016+2021,153,0.153,50,0,49,3.0948758810580665e-06,1.7127206341756067e-06,2.2979720394942494e-06,3.082422742903912e-06,3.7623688963660953e-06,5.2020143706177485e-06,3.0931799476238864e-06,9.076576284757167e-07,0.52,linear,True,False
pair_2016_2021,2016 full + 2021 10%,2016+2021,154,0.154,50,0,49,3.1883400535043988e-06,1.529398830814436e-06,1.9905406964361352e-06,2.822452315264267e-06,4.18482197157078e-06,5.654800503626381e-06,3.0764518339632422e-06,1.1619178615709431e-06,0.58,linear,True,False
pair_2016_2021,2016 full + 2021 10%,2016+2021,155,0.155,50,0,49,3.69846087990027e-06,1.85231687199128e-06,2.3073616112556543e-06,2.903813757599194e-06,4.353963616273451e-06,5.691054378747863e-06,3.205268824763781e-06,1.1979076413210442e-06,0.78,linear,True,False
pair_2016_2021,2016 full + 2021 10%,2016+2021,156,0.156,50,0,49,4.268201881839307e-06,1.401710562665051e-06,2.097609116319409e-06,2.7980058213527867e-06,4.297906324048644e-06,6.528201765314999e-06,3.177589755513113e-06,1.3652096614121472e-06,0.84,linear,True,False
pair_2016_2021,2016 full + 2021 10%,2016+2021,157,0.157,50,0,49,4.769675901130625e-06,1.2360223946173877e-06,2.0055893553093753e-06,2.9674743346015618e-06,4.374517313446042e-06,5.665953760449513e-06,3.1038870863205787e-06,1.1537496569288832e-06,0.94,linear,True,False
pair_2016_2021,2016 full + 2021 10%,2016+2021,158,0.158,50,0,49,5.216012316347677e-06,1.6035044173576468e-06,2.249751659191179e-06,2.9685687842816076e-06,3.7954856676545215e-06,5.477472519153734e-06,3.0924270168548595e-06,1.0208721016907953e-06,0.94,linear,True,False
pair_2016_2021,2016 full + 2021 10%,2016+2021,159,0.159,50,0,49,5.547701760158401e-06,1.6095116234758264e-06,2.304423783424223e-06,2.9903318117707766e-06,4.816181139062871e-06,5.779004109665011e-06,3.3521515440105323e-06,1.2626145760305314e-06,0.92,linear,True,False
pair_2016_2021,2016 full + 2021 10%,2016+2021,160,0.16,50,0,49,5.76614648012521e-06,1.6824832660998587e-06,2.324873338992159e-06,3.3237006612972224e-06,4.766358780224447e-06,6.106323658936957e-06,3.5588726194546066e-06,1.2290205574706836e-06,0.96,linear,True,False
pair_2016_2021,2016 full + 2021 10%,2016+2021,161,0.161,50,0,49,5.6784216769359265e-06,1.49158205082964e-06,2.4792893658779564e-06,3.2030178877460144e-06,4.6101615569742524e-06,5.771382374523465e-06,3.3903456770284526e-06,1.163666936147219e-06,0.96,linear,True,False
pair_2016_2021,2016 full + 2021 10%,2016+2021,162,0.162,50,0,49,5.3025405986129306e-06,1.638991937675254e-06,2.175195902601224e-06,3.204093213441812e-06,4.785895596091765e-06,5.864591194373092e-06,3.4324457852195254e-06,1.243080618069279e-06,0.9,linear,True,False
pair_2016_2021,2016 full + 2021 10%,2016+2021,163,0.163,50,0,49,4.849011918685275e-06,2.0627213270401796e-06,2.5661810204158486e-06,3.265077767032347e-06,4.244639995225216e-06,5.949343233407727e-06,3.4338181038583592e-06,1.0611818561455748e-06,0.9,linear,True,False
pair_2016_2021,2016 full + 2021 10%,2016+2021,164,0.164,50,0,49,4.303705886355318e-06,2.0680063774980754e-06,2.3769155172501046e-06,3.3796656909155595e-06,4.615250926166768e-06,5.45239850999066e-06,3.539615105888696e-06,1.1060596053171151e-06,0.76,linear,True,False
pair_2016_2021,2016 full + 2021 10%,2016+2021,165,0.165,50,0,49,3.7773938342436222e-06,1.4796033484941087e-06,2.253403194703454e-06,3.4410338882172532e-06,4.692638134414304e-06,6.019405692321733e-06,3.4197597758514394e-06,1.2534234091092059e-06,0.64,linear,True,False
pair_2016_2021,2016 full + 2021 10%,2016+2021,166,0.166,50,0,49,3.3286769745908335e-06,1.6260579022628089e-06,2.3642875331181534e-06,3.8700592700883475e-06,5.4512817294379905e-06,6.980194267197858e-06,3.980183502244622e-06,1.4744508382694228e-06,0.34,linear,True,False
pair_2016_2021,2016 full + 2021 10%,2016+2021,167,0.167,50,0,49,2.882076248620888e-06,1.7621598874717954e-06,2.4820304118152095e-06,3.514208917429378e-06,5.701393320142611e-06,6.274074771641544e-06,3.832173152618036e-06,1.4387789227789532e-06,0.36,linear,True,False
pair_2016_2021,2016 full + 2021 10%,2016+2021,168,0.168,50,0,49,2.5656444283129036e-06,1.916894093282675e-06,2.3069893404901153e-06,3.362029720817512e-06,4.683939023544421e-06,6.3781051493484794e-06,3.6811719596515513e-06,1.3091007242281138e-06,0.24,linear,True,False
pair_2016_2021,2016 full + 2021 10%,2016+2021,169,0.169,50,0,49,2.266117186471723e-06,1.8846967695440797e-06,2.4748090946314323e-06,3.8215836824164665e-06,5.53484341897983e-06,7.178260308277319e-06,3.9699224537143765e-06,1.4902110149789233e-06,0.08,linear,True,False
pair_2016_2021,2016 full + 2021 10%,2016+2021,170,0.17,50,0,49,2.1182111964352926e-06,1.623832505805998e-06,2.5869858026880554e-06,3.681065791167036e-06,5.404709025615718e-06,6.19422379907817e-06,3.759876168918315e-06,1.274018286089639e-06,0.1,linear,True,False
pair_2016_2021,2016 full + 2021 10%,2016+2021,171,0.171,50,0,49,2.0113206240400367e-06,2.7100451264139203e-06,2.942164502066017e-06,3.8604667954033466e-06,6.012296785210576e-06,7.777517613963385e-06,4.187168864758235e-06,1.477150280557599e-06,0.0,linear,True,False
pair_2016_2021,2016 full + 2021 10%,2016+2021,172,0.172,50,0,49,1.9122957905475226e-06,1.989158747351237e-06,2.40642025733484e-06,3.4854490365605115e-06,5.311735049727141e-06,7.027222121232943e-06,3.8490230753811545e-06,1.463241639772081e-06,0.02,linear,True,False
pair_2016_2021,2016 full + 2021 10%,2016+2021,173,0.173,50,0,49,1.9143938375454056e-06,2.0445038735513164e-06,2.737472296437292e-06,3.6481068262712892e-06,4.9530383250526396e-06,7.009845076898808e-06,3.935732983253915e-06,1.3091289369290766e-06,0.02,linear,True,False
pair_2016_2021,2016 full + 2021 10%,2016+2021,174,0.174,50,0,49,2.0375408332485607e-06,1.7791656324061812e-06,2.5357013974040834e-06,3.7096862659592164e-06,5.600397777367342e-06,7.2125101807360675e-06,3.959331789571045e-06,1.5077530129383387e-06,0.08,linear,True,False
pair_2016_2021,2016 full + 2021 10%,2016+2021,175,0.175,50,0,49,2.3167229612100777e-06,2.1437910970127766e-06,2.7944912289154576e-06,3.80069730997791e-06,5.47147880636895e-06,7.037133810030732e-06,4.016274666405181e-06,1.3501979640745129e-06,0.08,linear,True,False
pair_2016_2021,2016 full + 2021 10%,2016+2021,176,0.176,50,0,49,2.581880798159939e-06,2.3989977151789417e-06,2.879194541187667e-06,3.8716860000112754e-06,5.847583157207538e-06,7.4692218092120244e-06,4.276097602897352e-06,1.4861329076048896e-06,0.08,linear,True,False
pair_2016_2021,2016 full + 2021 10%,2016+2021,177,0.177,50,0,49,3.1271685038881895e-06,2.1038402839912934e-06,2.6921974317701693e-06,3.779658873708236e-06,5.389936483921794e-06,7.2154985968016745e-06,3.952512351927554e-06,1.4263481680970334e-06,0.34,linear,True,False
pair_2016_2021,2016 full + 2021 10%,2016+2021,178,0.178,50,0,49,3.904730786949601e-06,1.82178494845508e-06,2.425508457512576e-06,3.3566037338122327e-06,5.322914470142901e-06,9.399652498731322e-06,3.993491832227497e-06,1.9271230365786436e-06,0.62,linear,True,False
pair_2016_2021,2016 full + 2021 10%,2016+2021,179,0.179,50,0,49,4.879066238468261e-06,2.692699630717284e-06,2.9072006849868796e-06,4.147931446303705e-06,5.468176104360181e-06,6.54084833377213e-06,4.317720520921075e-06,1.2777085464273386e-06,0.72,linear,True,False
pair_2016_2021,2016 full + 2021 10%,2016+2021,180,0.18,50,0,49,5.640221254859945e-06,2.336481738611955e-06,2.8452677371131016e-06,4.071367287977367e-06,5.473769349443414e-06,8.203434448414424e-06,4.291345988673213e-06,1.4801479761460666e-06,0.86,linear,True,False
