dataset,mass_GeV,mass_MeV,state_source,selected_path_id,selected_method_family,const_opt,ls_opt,lml,eligible_path_count,selected_cluster_path_count,selected_cluster_method_family_count,selected_cluster_method_families,selected_cluster_path_ids,selected_cluster_pass,best_prior_label,n_train,n_train_low,n_train_high,n_query,train_centers_sha256,train_counts_sha256,query_centers_sha256,two_training_sidebands,reconstruction_success,reconstruction_warning_count,reconstruction_warnings,reconstruction_error,reconstructed_lml,reconstructed_minus_selected_fixed_lml,analytic_lml_minus_reconstructed_lml,selected_gradient_constant_log,selected_gradient_length_log,selected_gradient_infinity,selected_coordinates_interior,prediction_closure_pass,prediction_mean_max_abs_difference,prediction_covariance_max_abs_difference,prediction_mean_sha256,prediction_covariance_sha256,covariance_ok,minimum_eigenvalue,maximum_diagonal,median_diagonal,jitter_relative_median_diagonal,selected_state_certificate_pass,state_resolved
2016,0.039,39,v4p9p11p1_uniform_postpolish_max_fixed_lml,trust_lbfgsb__fixed_lattice_center,trust_lbfgsb,79.02543052274585,0.38971719571968716,2360.8063586606286,12,12,3,direct_lbfgsb|powell_lbfgsb|trust_lbfgsb,direct_lbfgsb__archived|direct_lbfgsb__lattice_c1000_f0p1|direct_lbfgsb__lattice_c1000_f0p5|direct_lbfgsb__lattice_c100_f0p1|direct_lbfgsb__lattice_c100_f0p5|direct_lbfgsb__lattice_c100_f0p9|direct_lbfgsb__v4p9p11_seed_2711|direct_lbfgsb__v4p9p11_seed_6043|direct_lbfgsb__v4p9p11_seed_9151|powell_lbfgsb__card_initializer|trust_lbfgsb__best_prior_source|trust_lbfgsb__fixed_lattice_center,True,v4p9p11_seed_2711,688,20,668,32,dd6e2554360e136150fa2cef795e23618f4fbae6069e2582ec2359acd7a0a6f3,e72a12e0add7355bca380cfeb8bd47b9510c65156ca3e10c8280b1a7f372d468,6fa7c909ec1e7a02e7d9b91d814f2d3e8ed2971809db010af77cb4beeae40019,True,True,0,,,2360.8063586606286,0.0,0.0,2.0044972035603163e-06,3.391103660060542e-05,3.391103660060542e-05,True,True,4.0745362639427185e-10,3.410605131648481e-13,e7f77eb457fc366907fd7bd869ce17afb0ed75ec6fd7bbfce2cc12cc4b4f56bb,96a66035f7949c84c539ff543f2757e57f245e204d3cc1f5a00e9328ef9628b3,True,30309.51428512884,231676.86149962104,193063.61153954786,0.0,True,True
2016,0.04,40,v4p9p11p1_uniform_postpolish_max_fixed_lml,direct_lbfgsb__v4p9p11_seed_9151,direct_lbfgsb,91.61931966304267,0.3983645340184565,2355.9749368668886,12,12,3,direct_lbfgsb|powell_lbfgsb|trust_lbfgsb,direct_lbfgsb__archived|direct_lbfgsb__lattice_c1000_f0p1|direct_lbfgsb__lattice_c1000_f0p9|direct_lbfgsb__lattice_c100_f0p1|direct_lbfgsb__lattice_c100_f0p5|direct_lbfgsb__v4p9p11_seed_2711|direct_lbfgsb__v4p9p11_seed_6043|direct_lbfgsb__v4p9p11_seed_9151|powell_lbfgsb__best_prior_source|powell_lbfgsb__card_initializer|trust_lbfgsb__best_prior_source|trust_lbfgsb__fixed_lattice_center,True,v4p9p11_seed_6043,688,24,664,32,d42d0c78047c695731f2eb5f4add084af8b0abf9c74f98ee0657760bbf401810,d1adbc789515953d1929b221669c3bbc78cbf18a53981c221d8bada708eb2884,7f181fa1c063609ea25a5dd44399b00a2c9337fe62fa4eb5ee07b1387a80b27e,True,True,0,,,2355.9749368668886,0.0,0.0,3.867751642543879e-05,-0.00023102228393405785,0.00023102228393405785,True,True,4.511093720793724e-10,3.552713678800501e-13,1f241d045dc3be9b75fed04a10c9ffa9f385f6bae619350af7da2964d2a6814d,727a53f4040f8393acbab93f5b443b645d9766483986af642ef3b198ecad0305,True,45825.138773049315,252166.63381012995,218314.64503356576,0.0,True,True
2016,0.041,41,v4p9p11p1_uniform_postpolish_max_fixed_lml,direct_lbfgsb__lattice_c1000_f0p1,direct_lbfgsb,94.77017897570602,0.40852922497325,2353.247317766225,13,13,3,direct_lbfgsb|powell_lbfgsb|trust_lbfgsb,direct_lbfgsb__archived|direct_lbfgsb__lattice_c1000_f0p1|direct_lbfgsb__lattice_c1000_f0p5|direct_lbfgsb__lattice_c1000_f0p9|direct_lbfgsb__lattice_c100_f0p1|direct_lbfgsb__lattice_c100_f0p5|direct_lbfgsb__lattice_c100_f0p9|direct_lbfgsb__v4p9p11_seed_2711|direct_lbfgsb__v4p9p11_seed_6043|direct_lbfgsb__v4p9p11_seed_9151|powell_lbfgsb__card_initializer|trust_lbfgsb__best_prior_source|trust_lbfgsb__fixed_lattice_center,True,v4p9p11_seed_6043,688,28,660,32,ef57b69bdf0c42d002e6c320505abb4d4a438a5367d1ac2b7c0982b87b68672f,9bc64dd2b750617bb5cab0be75da9d16cc72f9a5ddd4d23fc96253e60fa2e80c,7dbc043409a41ecde3834467c1e03e6c3ee6b613466d00fb82c4c2039397cacd,True,True,0,,,2353.247317766225,0.0,0.0,1.7512310794991303e-06,-8.037298136369392e-06,8.037298136369392e-06,True,True,4.893081495538354e-10,3.268496584496461e-13,d5999ea47c9aaf7a1b4fe28ad6a29632bd549a549325cab33212dc5c5b6d07c8,80b5a02b663f463f452eb8564e8a2ece80315b9923a6fc3d12337c2f26117ccc,True,64804.47143795561,269832.58674425667,232201.189700028,0.0,True,True
2016,0.042,42,v4p9p11p1_uniform_postpolish_max_fixed_lml,trust_lbfgsb__fixed_lattice_center,trust_lbfgsb,89.16353986080526,0.39700147890395376,2339.874118783593,10,10,2,direct_lbfgsb|trust_lbfgsb,direct_lbfgsb__archived|direct_lbfgsb__lattice_c1000_f0p1|direct_lbfgsb__lattice_c1000_f0p5|direct_lbfgsb__lattice_c1000_f0p9|direct_lbfgsb__lattice_c100_f0p1|direct_lbfgsb__lattice_c100_f0p5|direct_lbfgsb__lattice_c100_f0p9|direct_lbfgsb__v4p9p11_seed_2711|direct_lbfgsb__v4p9p11_seed_6043|trust_lbfgsb__fixed_lattice_center,True,v4p9p11_seed_9151,686,31,655,34,0c1a9c7bf9263a903eaf3359a714c337a334bf4f377b195a6f6fa42747b39759,d7b9578a13bb43f1dad7b9246159b86573bd77fe6ab2c339b92f87db565357e1,2a1cd874ec1f130d7d422f9a69d8b4af051c33f8df5b17c0c0641f2d983249ec,True,True,0,,,2339.874118783593,0.0,0.0,-1.856256063180111e-05,0.0005092696834543101,0.0005092696834543101,True,True,4.3655745685100555e-10,3.836930773104541e-13,5b38aad3b9fc82320e16ec04dfeca9188332fcee95346c0f641e4852634200c5,47c36a7d4f9b0ab1b844ec87016fc75568236e7bacdab6aaff8a50eb1c75a5e2,True,80577.05861984634,294894.0712762394,267278.41996927944,0.0,True,True
2016,0.043,43,v4p9p11p1_uniform_postpolish_max_fixed_lml,direct_lbfgsb__lattice_c100_f0p1,direct_lbfgsb,84.63529301725939,0.3927521257036292,2338.0682857057072,13,13,3,direct_lbfgsb|powell_lbfgsb|trust_lbfgsb,direct_lbfgsb__archived|direct_lbfgsb__lattice_c1000_f0p1|direct_lbfgsb__lattice_c1000_f0p5|direct_lbfgsb__lattice_c1000_f0p9|direct_lbfgsb__lattice_c100_f0p1|direct_lbfgsb__lattice_c100_f0p5|direct_lbfgsb__lattice_c100_f0p9|direct_lbfgsb__v4p9p11_seed_2711|direct_lbfgsb__v4p9p11_seed_9151|powell_lbfgsb__best_prior_source|powell_lbfgsb__card_initializer|trust_lbfgsb__best_prior_source|trust_lbfgsb__fixed_lattice_center,True,v4p9p11_seed_9151,686,35,651,34,e21ef5208975fa0901f7c3054f17f5edaaaf60dd8fabf6747ddf23c48ebd7c36,962a9cbd5ee521a2ed028287638d4f5eba7773e1c93c1ee0c7993f70be2e7c3a,cee1735e0a33a759fe0aa522bf09085aba05f46958ebe12c1a36740c9b112d84,True,True,0,,,2338.0682857057072,0.0,0.0,-0.00025458376708958777,0.0018705362682372825,0.0018705362682372825,True,True,3.637978807091713e-10,3.836930773104541e-13,43779a5728a5a1c4c1b3a80ec2136615732ccc89c4dc5fdbb746b1b7aa7a3949,7b36bcd9fcb0e913683602fe1f783651656df6e7119e6557991938bfcc5ede76,True,103189.89382723407,312713.68830084393,285653.65549914597,0.0,True,True
2016,0.044,44,v4p9p11p1_uniform_postpolish_max_fixed_lml,trust_lbfgsb__fixed_lattice_center,trust_lbfgsb,82.3948697199976,0.3927842696321498,2336.4452963371577,14,14,3,direct_lbfgsb|powell_lbfgsb|trust_lbfgsb,direct_lbfgsb__archived|direct_lbfgsb__lattice_c1000_f0p1|direct_lbfgsb__lattice_c1000_f0p5|direct_lbfgsb__lattice_c1000_f0p9|direct_lbfgsb__lattice_c100_f0p1|direct_lbfgsb__lattice_c100_f0p5|direct_lbfgsb__lattice_c100_f0p9|direct_lbfgsb__v4p9p11_seed_2711|direct_lbfgsb__v4p9p11_seed_6043|direct_lbfgsb__v4p9p11_seed_9151|powell_lbfgsb__best_prior_source|powell_lbfgsb__card_initializer|trust_lbfgsb__best_prior_source|trust_lbfgsb__fixed_lattice_center,True,v4p9p11_seed_6043,686,39,647,34,5e5f4176298fe6c291f7e1685951d0b6a815f0792adc72fa2b4077142daf43d3,959e6e6a8ae976fa425628663cfaf0d34348b6037c65831bd3ac89a6230d2eeb,bb942fd4fc416f545dd5135a78e9044377c032165d8b35a9fabe55146918be6e,True,True,0,,,2336.4452963371577,0.0,0.0,2.301725299184293e-05,0.00023153702903472832,0.00023153702903472832,True,True,2.3646862246096134e-10,3.836930773104541e-13,f723f73af959e780b34bd9e7c6636eedf05621b478e8aa9181727978f9612982,f014e5e000b9b513dc8274cf08eebc2c511b777a875ca3e87ee0b08d2d485e14,True,126665.66303219442,328669.7969000335,305357.1785123034,0.0,True,True
2016,0.045,45,v4p9p11p1_uniform_postpolish_max_fixed_lml,trust_lbfgsb__best_prior_source,trust_lbfgsb,116.93792856879402,0.4373355724616446,2321.80908259636,12,6,3,direct_lbfgsb|powell_lbfgsb|trust_lbfgsb,direct_lbfgsb__archived|direct_lbfgsb__lattice_c1000_f0p5|direct_lbfgsb__v4p9p11_seed_2711|direct_lbfgsb__v4p9p11_seed_6043|powell_lbfgsb__best_prior_source|trust_lbfgsb__best_prior_source,True,v4p9p11_seed_6043,684,42,642,36,ab9c9ce600ed4b268c3850d699f3f82e4e20ba935a7f3d0bd39282aaa4673663,3776227960bf54b8ccfdc01c09b3c5f1274f87698e7b8dbc6f50564799bef524,eb5e58ebb45de39809ee8d50d43a34a424bf385c94e91700cee286f42b6dd2e2,True,True,0,,,2321.80908259636,0.0,0.0,1.9747042753746868e-05,0.0009897358552060133,0.0009897358552060133,True,True,7.439666660502553e-10,3.694822225952521e-13,462100acd58aebb11f929eee758917388dd48fd4224e786d7a2ad734957e3d9a,c496c3b280e95a24923b6b2576e8300f7af60a0c919edfcd64902b27b3b44adf,True,144460.92427590693,338764.76903032354,314090.37742934027,0.0,True,True
2016,0.046,46,v4p9p11p1_uniform_postpolish_max_fixed_lml,trust_lbfgsb__fixed_lattice_center,trust_lbfgsb,79.07988795128814,0.3836599093195682,2320.833228460584,13,13,3,direct_lbfgsb|powell_lbfgsb|trust_lbfgsb,direct_lbfgsb__archived|direct_lbfgsb__lattice_c1000_f0p1|direct_lbfgsb__lattice_c1000_f0p5|direct_lbfgsb__lattice_c1000_f0p9|direct_lbfgsb__lattice_c100_f0p1|direct_lbfgsb__lattice_c100_f0p5|direct_lbfgsb__v4p9p11_seed_2711|direct_lbfgsb__v4p9p11_seed_6043|direct_lbfgsb__v4p9p11_seed_9151|powell_lbfgsb__best_prior_source|powell_lbfgsb__card_initializer|trust_lbfgsb__best_prior_source|trust_lbfgsb__fixed_lattice_center,True,archived,684,46,638,36,5e2b1cffcc85217ab519fb10548e6566c1737c4165989188442e5083267cdf4e,6d5c0b61df5708d682ffa3864504e526a7280c994bc134c3718c17634d55e2c3,995b31cd59ea0856850e8bf7e46c5617ac9a2bd44daa8fcbc838042e7e03f8c6,True,True,0,,,2320.833228460584,0.0,0.0,6.860012770805898e-06,-6.265535537738547e-05,6.265535537738547e-05,True,True,2.8052227207808755e-10,4.121147867408581e-13,148b96f9051ff68eaaf91eb0fe49daa49901b1c3134d249f04567a564529a224,7c2159bf4fc982bbead7615f95e4b16ac21cda154bfc2f993b2a74429dfaedc5,True,168177.94288780395,369144.8476857699,354086.48820021,0.0,True,True
2016,0.047,47,v4p9p11p1_uniform_postpolish_max_fixed_lml,trust_lbfgsb__fixed_lattice_center,trust_lbfgsb,81.56019093896477,0.3860108302664244,2323.3980679074803,13,13,3,direct_lbfgsb|powell_lbfgsb|trust_lbfgsb,direct_lbfgsb__archived|direct_lbfgsb__lattice_c1000_f0p1|direct_lbfgsb__lattice_c1000_f0p5|direct_lbfgsb__lattice_c1000_f0p9|direct_lbfgsb__lattice_c100_f0p1|direct_lbfgsb__lattice_c100_f0p5|direct_lbfgsb__lattice_c100_f0p9|direct_lbfgsb__v4p9p11_seed_2711|direct_lbfgsb__v4p9p11_seed_6043|direct_lbfgsb__v4p9p11_seed_9151|powell_lbfgsb__card_initializer|trust_lbfgsb__best_prior_source|trust_lbfgsb__fixed_lattice_center,True,archived,684,50,634,36,01b1eb5c10f367f6059b83d3ee120a1b8beb3ca89c94512919148d8fd36e7004,95c89af440317d9cd7d53e90ac60a51225e75a757b4aefd8bb5e82b8b9930013,f761867a45052bcc6272eb04d36e28acae63305649322ebcc422b130c582679b,True,True,0,,,2323.3980679074803,0.0,0.0,0.0007816164019214469,-0.0008401648140870952,0.0008401648140870952,True,True,3.7834979593753815e-10,3.410605131648481e-13,b1e1f4f5156271a268403a111b4a265f7f097138c5f6c8c3b862d9d6d19e5981,0611e95e6b70e2a9a6cb7e1f7ee8af3dbd74af3c28cbd4cc8e2fa8181b55e35f,True,190748.3039128093,373076.7406131882,361128.565103831,0.0,True,True
2016,0.048,48,v4p9p11p1_uniform_postpolish_max_fixed_lml,direct_lbfgsb__lattice_c100_f0p1,direct_lbfgsb,82.44647548629506,0.3881156962180699,2325.704128747474,11,11,2,direct_lbfgsb|trust_lbfgsb,direct_lbfgsb__archived|direct_lbfgsb__lattice_c1000_f0p5|direct_lbfgsb__lattice_c1000_f0p9|direct_lbfgsb__lattice_c100_f0p1|direct_lbfgsb__lattice_c100_f0p5|direct_lbfgsb__lattice_c100_f0p9|direct_lbfgsb__v4p9p11_seed_2711|direct_lbfgsb__v4p9p11_seed_6043|direct_lbfgsb__v4p9p11_seed_9151|trust_lbfgsb__best_prior_source|trust_lbfgsb__fixed_lattice_center,True,v4p9p11_seed_9151,684,54,630,36,6c472030a9a02db200cce43beb41e0511cf63b4e0f1071c9bf37feeba4953378,68b066f10c578a7356adcb709af302163b2e92e9ce4a3cc1272afe58d06f21bc,0482388ca16c38f4ada29663444278ee3747bec84c409f5360c30e42445c10c3,True,True,0,,,2325.704128747474,0.0,0.0,-0.0001396639110611312,0.001409247055070807,0.001409247055070807,True,True,3.1650415621697903e-10,4.121147867408581e-13,0f12cdd82a633f19ceeefe25545d722b6b8fb4c7d3bccfa46ddb0a28521e7a54,5743ce9425c3c105c89fd1d02e17e6d21f7bc3a58352bb77afe16cd787b9aeed,True,212032.3917818624,377560.3151636137,366917.01157884696,0.0,True,True
2016,0.049,49,v4p9p11p1_uniform_postpolish_max_fixed_lml,trust_lbfgsb__best_prior_source,trust_lbfgsb,84.09418757880286,0.3902776283201675,2321.810047445391,12,12,3,direct_lbfgsb|powell_lbfgsb|trust_lbfgsb,direct_lbfgsb__archived|direct_lbfgsb__lattice_c1000_f0p1|direct_lbfgsb__lattice_c1000_f0p5|direct_lbfgsb__lattice_c1000_f0p9|direct_lbfgsb__lattice_c100_f0p1|direct_lbfgsb__lattice_c100_f0p9|direct_lbfgsb__v4p9p11_seed_2711|direct_lbfgsb__v4p9p11_seed_6043|direct_lbfgsb__v4p9p11_seed_9151|powell_lbfgsb__card_initializer|trust_lbfgsb__best_prior_source|trust_lbfgsb__fixed_lattice_center,True,v4p9p11_seed_9151,682,57,625,38,b4add5430ec0ddfe901c6a1e95e76ca9de3a2c5bdac3f1a6514c6fd6c11406ed,a7be7442f8ba4658fdcf3be42b6ec3187c366b70d6d1c258808847c6c121723a,e946329f230d6af0be15c4547a4c9f30198c073d754b8592cfbf016fce9c0dc2,True,True,0,,,2321.810047445391,0.0,0.0,-0.00022481508996874988,-0.00047388850545500944,0.00047388850545500944,True,True,9.022187441587448e-10,3.694822225952521e-13,7ba1d4a2cb8e4a26d3889a7d72423532aa589b3cf9d15a759d7928c8db41948b,7b4f65ea0443cbf049cfcd75534d125c911a4496bfcda50564cd4e4772c4b6ad,True,227011.96464227972,393432.26301403216,378791.75205300126,0.0,True,True
2016,0.05,50,v4p9p11p1_uniform_postpolish_max_fixed_lml,direct_lbfgsb__lattice_c100_f0p9,direct_lbfgsb,83.33265229063035,0.38885844900799066,2320.4657276771995,12,12,3,direct_lbfgsb|powell_lbfgsb|trust_lbfgsb,direct_lbfgsb__archived|direct_lbfgsb__lattice_c1000_f0p5|direct_lbfgsb__lattice_c1000_f0p9|direct_lbfgsb__lattice_c100_f0p1|direct_lbfgsb__lattice_c100_f0p5|direct_lbfgsb__lattice_c100_f0p9|direct_lbfgsb__v4p9p11_seed_2711|direct_lbfgsb__v4p9p11_seed_6043|direct_lbfgsb__v4p9p11_seed_9151|powell_lbfgsb__best_prior_source|trust_lbfgsb__best_prior_source|trust_lbfgsb__fixed_lattice_center,True,v4p9p11_seed_9151,682,61,621,38,a94621cfd5589e3c8edd0ad526cee9f67645bf39b9e266e1f0a1b7524482f200,f71da3965b3ad70cb64cfdfe36b10aef435f88a1432342e79e6d79b0f536c32f,49db128dfe9781421a5d820ea2aefe93df75f77fd7903e2a9b0abbad073c6ed4,True,True,0,,,2320.4657276771995,0.0,0.0,-0.0010314751328422882,0.0001162571118639145,0.0010314751328422882,True,True,1.1641532182693481e-09,3.268496584496461e-13,361fa77ba3d568e023cdac083e76b8470a227bc94b18061749be4ad69065b123,350e260f21803043312a8d963953d352a574d2df9667121d6a29ffdfc626a9e0,True,245674.20548088435,399464.0943698777,385155.7173716418,0.0,True,True
2016,0.051,51,v4p9p11p1_uniform_postpolish_max_fixed_lml,trust_lbfgsb__fixed_lattice_center,trust_lbfgsb,81.96032677067045,0.38644156815729913,2320.0557515637306,9,9,3,direct_lbfgsb|powell_lbfgsb|trust_lbfgsb,direct_lbfgsb__archived|direct_lbfgsb__lattice_c1000_f0p9|direct_lbfgsb__lattice_c100_f0p1|direct_lbfgsb__lattice_c100_f0p5|direct_lbfgsb__lattice_c100_f0p9|direct_lbfgsb__v4p9p11_seed_2711|direct_lbfgsb__v4p9p11_seed_6043|powell_lbfgsb__best_prior_source|trust_lbfgsb__fixed_lattice_center,True,v4p9p11_seed_9151,682,65,617,38,445bb37e58d5b7141377cfc8b74141d46075576f136f939c2d524fb1895c5695,16dd29d9226a044661c50d5f7faaac3fb13db7a5037f855f61e8752bcf1275e1,b3198de369a0fc4a59f3f8b6c62cc5052ae80c1901e9107d8b02b6d859f630c6,True,True,0,,,2320.0557515637306,0.0,0.0,0.0005742863291854585,0.0038230448546351255,0.0038230448546351255,True,True,8.440110832452774e-10,3.410605131648481e-13,9f385e7ba9fcc6c10b79e076256cd03665d26a9ac7f577e4682fdc831df96bc1,59f9594ed98d6f3d460770ab982a3cf6a5e9fbcec28234856062526d7b2197ae,True,262666.2863944637,405205.1914884258,390424.37975175283,0.0,True,True
2016,0.052,52,v4p9p11p1_uniform_postpolish_max_fixed_lml,trust_lbfgsb__best_prior_source,trust_lbfgsb,75.70972113672583,0.38018383122581173,2312.8726297288545,13,13,3,direct_lbfgsb|powell_lbfgsb|trust_lbfgsb,direct_lbfgsb__archived|direct_lbfgsb__lattice_c1000_f0p1|direct_lbfgsb__lattice_c1000_f0p5|direct_lbfgsb__lattice_c1000_f0p9|direct_lbfgsb__lattice_c100_f0p5|direct_lbfgsb__lattice_c100_f0p9|direct_lbfgsb__v4p9p11_seed_2711|direct_lbfgsb__v4p9p11_seed_6043|direct_lbfgsb__v4p9p11_seed_9151|powell_lbfgsb__best_prior_source|powell_lbfgsb__card_initializer|trust_lbfgsb__best_prior_source|trust_lbfgsb__fixed_lattice_center,True,archived,680,68,612,40,5a7c2fb6ed038d4c4a11e853caf5185677ffc8162ce3828ef38af94296d6d509,715e141311e458fc10ce3478a9028eed2a6781be0970e9ad50b60af154f6a55a,16c92874b805fe125f07b134937b2459d8b3781c5880dc386f4cdbd6c6f2a962,True,True,0,,,2312.8726297288545,0.0,0.0,8.937259720905441e-06,0.00016125684541534315,0.00016125684541534315,True,True,5.238689482212067e-10,3.979039320256561e-13,9bcfabe434ed68a1f34c9c99f4648a6b00156464c1f76b0822768cddc4a1ec7a,3ac9c51d4fa0527c37a17c94e45665138b5bbfa1d84d9cab84622b0d57706ddf,True,274382.45837406034,422018.7714250928,402621.4386688622,0.0,True,True
2016,0.053,53,v4p9p11p1_uniform_postpolish_max_fixed_lml,trust_lbfgsb__best_prior_source,trust_lbfgsb,77.94955600751472,0.38434654654690564,2312.90572719008,13,13,3,direct_lbfgsb|powell_lbfgsb|trust_lbfgsb,direct_lbfgsb__archived|direct_lbfgsb__lattice_c1000_f0p1|direct_lbfgsb__lattice_c1000_f0p5|direct_lbfgsb__lattice_c1000_f0p9|direct_lbfgsb__lattice_c100_f0p1|direct_lbfgsb__lattice_c100_f0p5|direct_lbfgsb__lattice_c100_f0p9|direct_lbfgsb__v4p9p11_seed_2711|direct_lbfgsb__v4p9p11_seed_6043|direct_lbfgsb__v4p9p11_seed_9151|powell_lbfgsb__card_initializer|trust_lbfgsb__best_prior_source|trust_lbfgsb__fixed_lattice_center,True,v4p9p11_seed_9151,680,72,608,40,338559496c9406dfb23247e293dfa4b1265c41d15f27d8372d95b521999dc9fc,714c6f8f42239ad0f777949a1466b0b80092588afab63a391b3be9ba8741c4ee,8b7faa512db0becbff980862ce27ed86f96e4f049bc7638e35d6e41f9b24d52d,True,True,0,,,2312.90572719008,0.0,0.0,-0.0008260412491813653,0.009085643441840307,0.009085643441840307,True,True,4.3655745685100555e-10,3.694822225952521e-13,dd7a4d3ae4158e9734b621b85fce4efebbe4f70c5da9e4007ced6a2a2cda0367,c2857962922a45ada6be72984e979ee5756cf21cd2a754fb4f4b620c84fe3547,True,288606.8872500569,420135.4966261741,402463.54449742375,0.0,True,True
2016,0.054,54,v4p9p11p1_uniform_postpolish_max_fixed_lml,direct_lbfgsb__lattice_c1000_f0p5,direct_lbfgsb,83.35716314941808,0.38636467282928294,2312.3168706395613,13,13,3,direct_lbfgsb|powell_lbfgsb|trust_lbfgsb,direct_lbfgsb__archived|direct_lbfgsb__lattice_c1000_f0p1|direct_lbfgsb__lattice_c1000_f0p5|direct_lbfgsb__lattice_c1000_f0p9|direct_lbfgsb__lattice_c100_f0p1|direct_lbfgsb__lattice_c100_f0p5|direct_lbfgsb__lattice_c100_f0p9|direct_lbfgsb__v4p9p11_seed_2711|direct_lbfgsb__v4p9p11_seed_6043|direct_lbfgsb__v4p9p11_seed_9151|powell_lbfgsb__best_prior_source|trust_lbfgsb__best_prior_source|trust_lbfgsb__fixed_lattice_center,True,v4p9p11_seed_9151,680,76,604,40,1eec6b713a3bf9fe18d1a9bac02e94b38cd639afc96489c0598fb8a263d77b4e,610e8141e6423d49d88e61de9345db33d9b181fab8678cd52cb8f6dccaf03e32,d8e90be6777f1f97ce2b2b8a3c22f01c72064571c3a0d80a0469d700c08a058c,True,True,0,,,2312.3168706395613,0.0,0.0,1.9458591610113687e-05,-3.761015589737514e-05,3.761015589737514e-05,True,True,6.984919309616089e-10,3.410605131648481e-13,3636986c06c3807f1bc54738aae5fa9b9f2feb36085e0559cf50a2d30f727d3a,a2b5421495ed6edaed0210f9ce884eb30679a0f29d40970184338bc1f2c81b67,True,301021.81825561664,418240.31908818544,402727.26204575226,0.0,True,True
2016,0.055,55,v4p9p11p1_uniform_postpolish_max_fixed_lml,powell_lbfgsb__best_prior_source,powell_lbfgsb,85.55103112197182,0.3900975571985881,2302.9975330088173,14,14,3,direct_lbfgsb|powell_lbfgsb|trust_lbfgsb,direct_lbfgsb__archived|direct_lbfgsb__lattice_c1000_f0p1|direct_lbfgsb__lattice_c1000_f0p5|direct_lbfgsb__lattice_c1000_f0p9|direct_lbfgsb__lattice_c100_f0p1|direct_lbfgsb__lattice_c100_f0p5|direct_lbfgsb__lattice_c100_f0p9|direct_lbfgsb__v4p9p11_seed_2711|direct_lbfgsb__v4p9p11_seed_6043|direct_lbfgsb__v4p9p11_seed_9151|powell_lbfgsb__best_prior_source|powell_lbfgsb__card_initializer|trust_lbfgsb__best_prior_source|trust_lbfgsb__fixed_lattice_center,True,v4p9p11_seed_6043,678,79,599,42,724861d68dc5ba32ecf6ff45f322595cb34465458db3d1a84011ee186b0e4493,21d1f284804bc0fcc51d06384227b9b00e0fe70818c518f6df59209cc9f98c33,fe572fe90f5e0b0328c7d550867f61157ab0997c11ac365b6018355b0d8c455f,True,True,0,,,2302.9975330088173,0.0,0.0,-0.000564446804711878,0.008623543169233378,0.008623543169233378,True,True,6.402842700481415e-10,3.694822225952521e-13,118dc3f0ea58e2a99301af57aa925393406a01746698984348bdb610c1ec5bed,79fd6e7b03159601ae196ef091bdefe0250661d1c2d2e3030df42242a01f8ce2,True,309565.2838167514,424648.3975051434,407164.4697865107,0.0,True,True
2016,0.056,56,v4p9p11p1_uniform_postpolish_max_fixed_lml,direct_lbfgsb__lattice_c100_f0p1,direct_lbfgsb,73.72062959384652,0.37727082103765575,2301.091764994659,11,11,3,direct_lbfgsb|powell_lbfgsb|trust_lbfgsb,direct_lbfgsb__archived|direct_lbfgsb__lattice_c1000_f0p1|direct_lbfgsb__lattice_c1000_f0p5|direct_lbfgsb__lattice_c100_f0p1|direct_lbfgsb__lattice_c100_f0p5|direct_lbfgsb__lattice_c100_f0p9|direct_lbfgsb__v4p9p11_seed_2711|direct_lbfgsb__v4p9p11_seed_6043|powell_lbfgsb__best_prior_source|trust_lbfgsb__best_prior_source|trust_lbfgsb__fixed_lattice_center,True,v4p9p11_seed_9151,678,83,595,42,ee1d10df8c61e2805af2499df0876ab6758c227f356c381a71c6bd225a9b1869,d43ba89725aa32fb344c6ec7ce65d08d17055a4dad11d3ab60db35afd65f34e8,ac3c329bf14af3194e9981bb894e7caafcbb170637b8ceee65c6dc015271b400,True,True,0,,,2301.091764994659,0.0,0.0,1.6230372502545545e-05,-0.00022303840729145263,0.00022303840729145263,True,True,5.529727786779404e-10,3.552713678800501e-13,c39299fd0743c8e44c069efbef54a4145968205f026b334736cc696c21deb94f,92e423302ac2f157fe9e82d75792dd7a6ad5daa445a0e2da91574aae695d1590,True,319273.4214216916,426739.3323530606,409114.3603338252,0.0,True,True
2016,0.057,57,v4p9p11p1_uniform_postpolish_max_fixed_lml,direct_lbfgsb__lattice_c1000_f0p9,direct_lbfgsb,83.16725998332963,0.3867084095242281,2295.4174859642694,13,13,3,direct_lbfgsb|powell_lbfgsb|trust_lbfgsb,direct_lbfgsb__archived|direct_lbfgsb__lattice_c1000_f0p1|direct_lbfgsb__lattice_c1000_f0p5|direct_lbfgsb__lattice_c1000_f0p9|direct_lbfgsb__lattice_c100_f0p1|direct_lbfgsb__lattice_c100_f0p5|direct_lbfgsb__lattice_c100_f0p9|direct_lbfgsb__v4p9p11_seed_2711|direct_lbfgsb__v4p9p11_seed_6043|direct_lbfgsb__v4p9p11_seed_9151|powell_lbfgsb__best_prior_source|trust_lbfgsb__best_prior_source|trust_lbfgsb__fixed_lattice_center,True,v4p9p11_seed_2711,678,87,591,42,6d585852caef25b17dcf5dd8798c91c658733ccf8d0c2b5862310e645f29a7eb,21a24a507afae3c61eb67a6bddbe5385275d8ee0121e718d05f22dc3b59c8f04,c72ef6b4ba709098a1313f5aa1f37999057a3a0a6bee778ded2eb622f001e038,True,True,0,,,2295.4174859642694,0.0,0.0,4.45120061345918e-06,-0.0001100080239496418,0.0001100080239496418,True,True,4.802132025361061e-10,3.410605131648481e-13,dd06c23731c223bdcedef8556df9dcc6472f5ed82471c45c615dc35ad7df97b5,5088998b14021057cf85f3a32aedc6c7d96f7758f78108537330f19466e50f3e,True,328103.9208090934,420793.9527256619,405767.3919513264,0.0,True,True
2016,0.058,58,v4p9p11p1_uniform_postpolish_max_fixed_lml,trust_lbfgsb__best_prior_source,trust_lbfgsb,82.69498974698344,0.3856591904075475,2281.806305615747,12,12,3,direct_lbfgsb|powell_lbfgsb|trust_lbfgsb,direct_lbfgsb__archived|direct_lbfgsb__lattice_c1000_f0p5|direct_lbfgsb__lattice_c1000_f0p9|direct_lbfgsb__lattice_c100_f0p1|direct_lbfgsb__lattice_c100_f0p5|direct_lbfgsb__lattice_c100_f0p9|direct_lbfgsb__v4p9p11_seed_2711|direct_lbfgsb__v4p9p11_seed_6043|direct_lbfgsb__v4p9p11_seed_9151|powell_lbfgsb__best_prior_source|trust_lbfgsb__best_prior_source|trust_lbfgsb__fixed_lattice_center,True,v4p9p11_seed_2711,676,90,586,44,573a80235dfa4f292c183edef7c9e61e852d8f1f104cf2cd1802751ea9ba0f31,fafc6556b3e813a5dc0f585970171591201d2613f113aec27cf4f9325e6810ea,290c13840553997fa330ff1eeb224867c178fbc41827d1ba5c6fadf33e9fabdf,True,True,0,,,2281.806305615747,0.0,0.0,-1.84130899934883e-05,-2.5303545590594203e-05,2.5303545590594203e-05,True,True,6.548361852765083e-10,3.694822225952521e-13,d9cc41222f13ba3c649676fdd53be96a35fc227f8bdfd2b6dc4106ca84da4001,66204842f55cdb372ac9f229319bfe6c4c839c6a0636afa4aaf898695a3b225b,True,333728.66448015004,427352.312010895,409900.2440268304,0.0,True,True
2016,0.059,59,v4p9p11p1_uniform_postpolish_max_fixed_lml,trust_lbfgsb__best_prior_source,trust_lbfgsb,84.4500626314896,0.3859440724801431,2277.408737447509,10,10,2,direct_lbfgsb|trust_lbfgsb,direct_lbfgsb__archived|direct_lbfgsb__lattice_c1000_f0p5|direct_lbfgsb__lattice_c1000_f0p9|direct_lbfgsb__lattice_c100_f0p1|direct_lbfgsb__lattice_c100_f0p5|direct_lbfgsb__v4p9p11_seed_2711|direct_lbfgsb__v4p9p11_seed_6043|direct_lbfgsb__v4p9p11_seed_9151|trust_lbfgsb__best_prior_source|trust_lbfgsb__fixed_lattice_center,True,v4p9p11_seed_6043,676,94,582,44,b2abc7ea6f7cb5738aee41c065eb712a5cc8e5390b6867d056f38302eb627bad,65532103ae3ff8439ff9f56d2336f04aea7a69c7fb16cd5eb48fd8f036bae378,cd18f6a907326cebde85401a56573c220ba7fdc843ded50ef41691170c239a80,True,True,0,,,2277.408737447509,0.0,0.0,-5.5410376639998886e-05,0.0002922349109588253,0.0002922349109588253,True,True,6.443769962061197e-10,3.410605131648481e-13,ea327ffc1eae68445f1ff857c5282cddf712abce7f8e3ac1d8906f77151f18ac,c9848cfc0488fa619a425fb7b34fb58219f87f77cdbfc5b1a914373ea8f30f29,True,340218.9595505745,424478.0241506036,408041.066510018,0.0,True,True
2016,0.06,60,v4p9p11p1_uniform_postpolish_max_fixed_lml,powell_lbfgsb__best_prior_source,powell_lbfgsb,79.74334637838771,0.380904969334658,2277.667430963879,12,12,3,direct_lbfgsb|powell_lbfgsb|trust_lbfgsb,direct_lbfgsb__archived|direct_lbfgsb__lattice_c1000_f0p1|direct_lbfgsb__lattice_c1000_f0p5|direct_lbfgsb__lattice_c1000_f0p9|direct_lbfgsb__lattice_c100_f0p1|direct_lbfgsb__lattice_c100_f0p9|direct_lbfgsb__v4p9p11_seed_2711|direct_lbfgsb__v4p9p11_seed_6043|direct_lbfgsb__v4p9p11_seed_9151|powell_lbfgsb__best_prior_source|trust_lbfgsb__best_prior_source|trust_lbfgsb__fixed_lattice_center,True,v4p9p11_seed_6043,676,98,578,44,14bbbc97b27dbc5f301597f89874b24e8e70825231b6ae4d56974362950974de,cb5a535dae95057f3415c5fe57973b61da2d575d06aeb479e7155b7c12342408,56814328fe0fb5bf3b1d6eb01977cf78a0e39f605aa900283d801c3e8d1ae23c,True,True,0,,,2277.667430963879,0.0,0.0,-0.0018226062080581211,0.009072997926086296,0.009072997926086296,True,True,4.1654857341200113e-10,3.552713678800501e-13,f7a319cd713258e6be8b478991c5873e4ffc9725550772f96cafe95ed9ac911e,ac3ffe28181a29442145d2516aafd52f8853154e0ac1bb1cbb5fbe26a1618a3a,True,344167.4170654974,422957.9282433725,407056.2971469588,0.0,True,True
2016,0.061,61,v4p9p11p1_uniform_postpolish_max_fixed_lml,direct_lbfgsb__v4p9p11_seed_6043,direct_lbfgsb,82.5772248080984,0.3840404119746321,2269.253795464381,11,11,2,direct_lbfgsb|trust_lbfgsb,direct_lbfgsb__lattice_c1000_f0p1|direct_lbfgsb__lattice_c1000_f0p5|direct_lbfgsb__lattice_c1000_f0p9|direct_lbfgsb__lattice_c100_f0p1|direct_lbfgsb__lattice_c100_f0p5|direct_lbfgsb__lattice_c100_f0p9|direct_lbfgsb__v4p9p11_seed_2711|direct_lbfgsb__v4p9p11_seed_6043|direct_lbfgsb__v4p9p11_seed_9151|trust_lbfgsb__best_prior_source|trust_lbfgsb__fixed_lattice_center,True,archived,674,101,573,46,90fe53dfd96939e44cb5f80626cd6f39aa351d54f523c018b981b97c050b6b33,8ac6c1ace2e2f85bb1dbac2e6d8dcd6d78a97bfca5f5914c8fba81f82dd77ede,777aa46d3be1e65ac40d140cb0cef600eae628159afb6209a64243e9a60082ed,True,True,0,,,2269.253795464381,0.0,0.0,-0.00024793468247978845,1.7931815555794225e-05,0.00024793468247978845,True,True,5.020410753786564e-10,3.979039320256561e-13,0fea43c42c45ed16b6b62457fcbac5bfb1e3a102e854835c7bec2bdc20084410,433f84d8798d2961952223753097cb39e464f53a16dff5e70b50a6914ff84de4,True,339003.1664728891,424976.04374045116,407935.75022561173,0.0,True,True
2016,0.062,62,v4p9p11p1_uniform_postpolish_max_fixed_lml,powell_lbfgsb__best_prior_source,powell_lbfgsb,75.88398575772327,0.3785390347041629,2271.0256517960456,10,10,3,direct_lbfgsb|powell_lbfgsb|trust_lbfgsb,direct_lbfgsb__archived|direct_lbfgsb__lattice_c1000_f0p5|direct_lbfgsb__lattice_c1000_f0p9|direct_lbfgsb__lattice_c100_f0p5|direct_lbfgsb__lattice_c100_f0p9|direct_lbfgsb__v4p9p11_seed_2711|direct_lbfgsb__v4p9p11_seed_6043|powell_lbfgsb__best_prior_source|trust_lbfgsb__best_prior_source|trust_lbfgsb__fixed_lattice_center,True,archived,674,105,569,46,1e0f411a3dff1c7f2778dd7de0b10b72f2a44d02f27b86c7fc67c8319812adba,31bad17ccf87112afc4c3d58d27695f2cf17adae1c8fbc911af0579aee681bc9,de65a25ba37c307561a77bc3608ba2fb881d5a72cf3cde658aacfdd72e57a108,True,True,0,,,2271.0256517960456,0.0,0.0,-0.0006781293626918521,-0.0015377302434034748,0.0015377302434034748,True,True,6.184563972055912e-10,3.836930773104541e-13,fab14423d73f87d8c2d247722e0b3bfad1b53761172816c7429b9b03649d3871,5fffe5daa3b4b68e150b648057c6a2385e79eb821222be15bb93115a77915a50,True,334491.8568134897,421230.0702758886,405240.36748084275,0.0,True,True
2016,0.063,63,v4p9p11p1_uniform_postpolish_max_fixed_lml,direct_lbfgsb__v4p9p11_seed_6043,direct_lbfgsb,72.89455377849563,0.37453031346838356,2267.399481285779,13,13,3,direct_lbfgsb|powell_lbfgsb|trust_lbfgsb,direct_lbfgsb__archived|direct_lbfgsb__lattice_c1000_f0p1|direct_lbfgsb__lattice_c1000_f0p5|direct_lbfgsb__lattice_c1000_f0p9|direct_lbfgsb__lattice_c100_f0p1|direct_lbfgsb__lattice_c100_f0p5|direct_lbfgsb__lattice_c100_f0p9|direct_lbfgsb__v4p9p11_seed_2711|direct_lbfgsb__v4p9p11_seed_6043|direct_lbfgsb__v4p9p11_seed_9151|powell_lbfgsb__best_prior_source|trust_lbfgsb__best_prior_source|trust_lbfgsb__fixed_lattice_center,True,v4p9p11_seed_9151,674,109,565,46,3762893b7c2a18eae83ce2b43c741d431f6effba75c2692855346a5289229bbd,c7803b2ba8f2422cd21cc677b6cd036c7d8e1200c49ba19c4c83569804285db4,fb9e361576e3eae36e889f323612453f42b283d62d9454c1c34344ba15cfc416,True,True,0,,,2267.399481285779,0.0,0.0,0.0005368020710834323,-0.0075519651171360915,0.0075519651171360915,True,True,4.3655745685100555e-10,3.979039320256561e-13,805ff8caae380f6ec03955f5909d74c3ef8cb24e3f788bf1e1dbc9bb186229b4,5753c584cc2eafe4b655572dee4a81d1bc7d5ee4185e2f04d8a11fc33f855621,True,329561.6705877474,416603.74671239336,401862.9624279926,0.0,True,True
2016,0.064,64,v4p9p11p1_uniform_postpolish_max_fixed_lml,trust_lbfgsb__fixed_lattice_center,trust_lbfgsb,84.54471238634568,0.3871467083955703,2256.0309204750647,11,11,2,direct_lbfgsb|trust_lbfgsb,direct_lbfgsb__archived|direct_lbfgsb__lattice_c1000_f0p1|direct_lbfgsb__lattice_c1000_f0p9|direct_lbfgsb__lattice_c100_f0p1|direct_lbfgsb__lattice_c100_f0p5|direct_lbfgsb__lattice_c100_f0p9|direct_lbfgsb__v4p9p11_seed_2711|direct_lbfgsb__v4p9p11_seed_6043|direct_lbfgsb__v4p9p11_seed_9151|trust_lbfgsb__best_prior_source|trust_lbfgsb__fixed_lattice_center,True,v4p9p11_seed_9151,672,112,560,48,8366d56752f1102b38dafcca61ff8d6cb60f925d02eb4ce8a95fe57753ebbb67,f39e77fec63f515e188708edf268f4c9dbfa4459d71a01f235a7234eb4d8dbae,65cabe7f3fe0aacc8ee00befa4fb31d4b4be9824bac75ab6dd19ec1cf451929d,True,True,0,,,2256.0309204750647,0.0,0.0,0.0004578269129432902,-0.0010173549965720083,0.0010173549965720083,True,True,2.9831426218152046e-10,3.410605131648481e-13,d0c7ddee5000de8222dbdc6131e50254d990887ebb3c097e492d04782dd874ef,52760a8c30181076609de9a3f5fea7cde7f866bd6ec181c0428f0a1be7b4b324,True,322559.1668856029,412512.2319594105,398087.65203416423,0.0,True,True
2016,0.065,65,v4p9p11p1_uniform_postpolish_max_fixed_lml,direct_lbfgsb__v4p9p11_seed_2711,direct_lbfgsb,100.8794652650895,0.40371752948508755,2261.862129182835,9,9,2,direct_lbfgsb|trust_lbfgsb,direct_lbfgsb__archived|direct_lbfgsb__lattice_c1000_f0p1|direct_lbfgsb__lattice_c100_f0p1|direct_lbfgsb__lattice_c100_f0p5|direct_lbfgsb__v4p9p11_seed_2711|direct_lbfgsb__v4p9p11_seed_6043|direct_lbfgsb__v4p9p11_seed_9151|trust_lbfgsb__best_prior_source|trust_lbfgsb__fixed_lattice_center,True,archived,672,116,556,48,97b128f3cf89f4620535cea3e8b5a447ad837038a764638b8e7dcda31162987a,21a0ef71774be0f2aadf575469f5963f020db141bcab954ec2f5ef093b06afbb,c0229c3196fbcd2766c0a08ac5dccdd5e258a9f7f7e73fa60a291e6627769723,True,True,0,,,2261.862129182835,0.0,0.0,-0.0001800087089715497,2.319361129538904e-05,0.0001800087089715497,True,True,4.0745362639427185e-10,3.979039320256561e-13,8c85f76e20fd54600dc1a4e823ca4ded3e9222721ff7e010f9f658e2ea38a6a1,7400aa0453e6d07c6173162841ed06a085d2fec5f59906eb329272fc7844a6e5,True,316502.97329561505,400977.9435844589,389568.8066038308,0.0,True,True
2016,0.066,66,v4p9p11p1_uniform_postpolish_max_fixed_lml,direct_lbfgsb__v4p9p11_seed_6043,direct_lbfgsb,98.89106499364357,0.4012956174303309,2260.5694961173676,12,12,3,direct_lbfgsb|powell_lbfgsb|trust_lbfgsb,direct_lbfgsb__archived|direct_lbfgsb__lattice_c1000_f0p1|direct_lbfgsb__lattice_c1000_f0p5|direct_lbfgsb__lattice_c1000_f0p9|direct_lbfgsb__lattice_c100_f0p1|direct_lbfgsb__lattice_c100_f0p5|direct_lbfgsb__lattice_c100_f0p9|direct_lbfgsb__v4p9p11_seed_2711|direct_lbfgsb__v4p9p11_seed_6043|direct_lbfgsb__v4p9p11_seed_9151|powell_lbfgsb__best_prior_source|trust_lbfgsb__best_prior_source,True,v4p9p11_seed_9151,672,120,552,48,8b072816418d1df9e4266c30f8594d578752e096161325b1dbc789dc16fe8c33,596c8f7b5f19fa4a541d9128e729e97bba12d79ca4e79d413d967633b24f422d,9a141fc8f06d1834e906f33d918e2d4e6c7d92d15cebc051de6ef9e18df6a123,True,True,0,,,2260.5694961173676,0.0,0.0,7.0915363738803894e-06,1.2542540764210969e-05,1.2542540764210969e-05,True,True,3.637978807091713e-10,3.410605131648481e-13,92963327c6ff1a357876388f6507d46f979a1d704c6f842b8e44f4025237f8f6,42452d8697dcce76bbe1068d9aff9676207e903a2b8b697559b13aaf0bc7636c,True,310537.9172390937,395532.80832783546,385560.1962292164,0.0,True,True
2016,0.067,67,v4p9p11p1_uniform_postpolish_max_fixed_lml,direct_lbfgsb__lattice_c100_f0p9,direct_lbfgsb,89.66675304893371,0.3901033526146084,2249.209513166188,12,12,3,direct_lbfgsb|powell_lbfgsb|trust_lbfgsb,direct_lbfgsb__lattice_c1000_f0p1|direct_lbfgsb__lattice_c1000_f0p5|direct_lbfgsb__lattice_c1000_f0p9|direct_lbfgsb__lattice_c100_f0p1|direct_lbfgsb__lattice_c100_f0p5|direct_lbfgsb__lattice_c100_f0p9|direct_lbfgsb__v4p9p11_seed_2711|direct_lbfgsb__v4p9p11_seed_6043|direct_lbfgsb__v4p9p11_seed_9151|powell_lbfgsb__best_prior_source|trust_lbfgsb__best_prior_source|trust_lbfgsb__fixed_lattice_center,True,v4p9p11_seed_9151,670,123,547,50,738386477d90ad8947d867c49d1c19da68726994a9ba45e8e4e70c7707dca8a9,001d6687eaa1a3720e9f673b18f608137d9be0adbf0f8b2899c55b1ea403fd1f,c0b9231ef92f79c921d2e726c0bc39e7642e6071a0dfa5dddd23af789f1860b2,True,True,0,,,2249.209513166188,0.0,0.0,3.472936824536873e-05,-0.0004918516939270965,0.0004918516939270965,True,True,5.966285243630409e-10,3.836930773104541e-13,3fd659ff479f964b4e7bd3b254f0a8c373222e3449c92cafe6e46b1af2dbd505,94562cb3b1822149663e10c8b141d50d06889989d396513f46097cd61ee6313c,True,302607.05612286,396988.2307081281,385843.5994495719,0.0,True,True
2016,0.068,68,v4p9p11p1_uniform_postpolish_max_fixed_lml,direct_lbfgsb__v4p9p11_seed_6043,direct_lbfgsb,88.42543719978056,0.389012645338637,2250.575487430571,13,13,3,direct_lbfgsb|powell_lbfgsb|trust_lbfgsb,direct_lbfgsb__archived|direct_lbfgsb__lattice_c1000_f0p1|direct_lbfgsb__lattice_c1000_f0p5|direct_lbfgsb__lattice_c1000_f0p9|direct_lbfgsb__lattice_c100_f0p1|direct_lbfgsb__lattice_c100_f0p5|direct_lbfgsb__lattice_c100_f0p9|direct_lbfgsb__v4p9p11_seed_2711|direct_lbfgsb__v4p9p11_seed_6043|direct_lbfgsb__v4p9p11_seed_9151|powell_lbfgsb__best_prior_source|trust_lbfgsb__best_prior_source|trust_lbfgsb__fixed_lattice_center,True,v4p9p11_seed_6043,670,127,543,50,423f4a47b8fef6250b4ae0c7847402661cff16db9066b944bbfacebb53ed0bb5,38e147671f5926d487370ed403f5b6269a8ea4f4fcbfb04b09764c90e98d2c0a,bd9c26d1ae51ce2b426e4ffbd4734d060caae92de72a9b681fbd22962772c856,True,True,0,,,2250.575487430571,0.0,0.0,2.083790218390759e-06,3.397771362654061e-05,3.397771362654061e-05,True,True,7.566995918750763e-10,3.694822225952521e-13,b62e3b67bae5b1f4c42d5d66fdefdc1b5ed6a2cdd1073e565eccf66e98ee38a8,3a23cecf742a57a7ff7a9def6ad399ce51eb6380581bfcac04c1cb1ea750a9f4,True,296036.5083273026,390803.6170966949,380630.4506176806,0.0,True,True
2016,0.069,69,v4p9p11p1_uniform_postpolish_max_fixed_lml,trust_lbfgsb__fixed_lattice_center,trust_lbfgsb,93.43043024893471,0.39576372686900696,2252.9306547852793,13,13,3,direct_lbfgsb|powell_lbfgsb|trust_lbfgsb,direct_lbfgsb__archived|direct_lbfgsb__lattice_c1000_f0p1|direct_lbfgsb__lattice_c1000_f0p5|direct_lbfgsb__lattice_c1000_f0p9|direct_lbfgsb__lattice_c100_f0p1|direct_lbfgsb__lattice_c100_f0p5|direct_lbfgsb__lattice_c100_f0p9|direct_lbfgsb__v4p9p11_seed_2711|direct_lbfgsb__v4p9p11_seed_6043|direct_lbfgsb__v4p9p11_seed_9151|powell_lbfgsb__best_prior_source|trust_lbfgsb__best_prior_source|trust_lbfgsb__fixed_lattice_center,True,v4p9p11_seed_6043,670,131,539,50,d5e4e5ddf9e3b7e1c7fb18f922f5afd44dcdeb422a14b773e1232d9dd2fcc65d,53828047a934dfd7cac69123252cc274f795bf38453d137f0f6b5f73891ce256,25666873a5b0f46eaa606d08f43fc41cfff20419930e7bbe1ac8fbf7a4fb892b,True,True,0,,,2252.9306547852793,0.0,0.0,0.00020898590049255565,0.000618550783743398,0.000618550783743398,True,True,5.529727786779404e-10,3.694822225952521e-13,b2b9d834823e9160a7d0308ece685fa866eb3d1b6ff7cdf6cb704177655083ef,faca8cd3f332ae436ab0a46392fc9ed3aad1c1ef09a3c538dd5c3d914e1fd40d,True,289359.47240195266,383152.51039966464,370951.6810364079,0.0,True,True
2016,0.07,70,v4p9p11p1_uniform_postpolish_max_fixed_lml,trust_lbfgsb__best_prior_source,trust_lbfgsb,91.96180576408614,0.3938505564535455,2246.337893776884,12,12,3,direct_lbfgsb|powell_lbfgsb|trust_lbfgsb,direct_lbfgsb__archived|direct_lbfgsb__lattice_c1000_f0p1|direct_lbfgsb__lattice_c1000_f0p5|direct_lbfgsb__lattice_c1000_f0p9|direct_lbfgsb__lattice_c100_f0p1|direct_lbfgsb__lattice_c100_f0p9|direct_lbfgsb__v4p9p11_seed_2711|direct_lbfgsb__v4p9p11_seed_6043|direct_lbfgsb__v4p9p11_seed_9151|powell_lbfgsb__card_initializer|trust_lbfgsb__best_prior_source|trust_lbfgsb__fixed_lattice_center,True,v4p9p11_seed_2711,668,134,534,52,ca90a487c1734fbc3e9d7c45cb19eca7da4dd3d883d8a7fef97d36ee26d5c6f1,adef7e3f4e8ffe6723fc98af494b80ee39463660989ac5c9359f1174430206c6,0cb703db89787c894db80095729bc97ab62117e225ee83532f68567c10ee83fd,True,True,0,,,2246.337893776884,0.0,0.0,7.641278722872102e-07,-9.601327923659486e-07,9.601327923659486e-07,True,True,8.731149137020111e-10,3.836930773104541e-13,018d24c990a9893466fccd91ed8fc759e886a868d9f1dc6127049b0cb996318d,9b0c8dc9dc96e3f294c8d60c98d092733e370a2dbb0611129062215aa610ef3e,True,280532.27426013956,381233.9064681426,367435.263484259,0.0,True,True
2016,0.071,71,v4p9p11p1_uniform_postpolish_max_fixed_lml,direct_lbfgsb__v4p9p11_seed_6043,direct_lbfgsb,95.21852186707189,0.39787264117119553,2242.8590801510513,12,12,3,direct_lbfgsb|powell_lbfgsb|trust_lbfgsb,direct_lbfgsb__archived|direct_lbfgsb__lattice_c1000_f0p1|direct_lbfgsb__lattice_c1000_f0p5|direct_lbfgsb__lattice_c1000_f0p9|direct_lbfgsb__lattice_c100_f0p1|direct_lbfgsb__lattice_c100_f0p5|direct_lbfgsb__lattice_c100_f0p9|direct_lbfgsb__v4p9p11_seed_6043|direct_lbfgsb__v4p9p11_seed_9151|powell_lbfgsb__best_prior_source|trust_lbfgsb__best_prior_source|trust_lbfgsb__fixed_lattice_center,True,v4p9p11_seed_2711,668,138,530,52,1db90f6326a92bc57a6355ba50ec54dc4cfed41cdc1f9ea47efb75fdc62f983e,ee25c7e50f94af692d5d62fa9c16c2c26fecb798783a42f40372b92fb0fd11b0,0804e9bee1f14a22d97837ea493de484b72fd13150b988085ca4c87dad10f8bc,True,True,0,,,2242.8590801510513,0.0,0.0,0.0001022615792860464,9.09293529420698e-07,0.0001022615792860464,True,True,9.89530235528946e-10,3.979039320256561e-13,115ef58faf6aae545827255ad0a919f6689daab4b3593abb22a0534a002c9ca9,afcce12d835aa423844d4f2c2b6f1adfcd648accc930a6ef14cb880fcc5a42e0,True,273386.14735363686,374255.9148139509,357913.2454979846,0.0,True,True
2016,0.072,72,v4p9p11p1_uniform_postpolish_max_fixed_lml,trust_lbfgsb__best_prior_source,trust_lbfgsb,127.64856051096507,0.43989853547614105,2244.1967269091488,13,13,3,direct_lbfgsb|powell_lbfgsb|trust_lbfgsb,direct_lbfgsb__archived|direct_lbfgsb__lattice_c1000_f0p1|direct_lbfgsb__lattice_c1000_f0p5|direct_lbfgsb__lattice_c1000_f0p9|direct_lbfgsb__lattice_c100_f0p1|direct_lbfgsb__lattice_c100_f0p5|direct_lbfgsb__v4p9p11_seed_2711|direct_lbfgsb__v4p9p11_seed_6043|direct_lbfgsb__v4p9p11_seed_9151|powell_lbfgsb__best_prior_source|powell_lbfgsb__card_initializer|trust_lbfgsb__best_prior_source|trust_lbfgsb__fixed_lattice_center,True,v4p9p11_seed_6043,668,142,526,52,a62ba78df1344e969de49d7f3b2e74965c2dda5b2508f51b58193ab102f0724a,c4889c960d7a5ac637f43bd00faeb4f6a7f773eadec0c848d2e7f498dfa99119,9d6f1162cdfc2d2918bdbbd31352cee200af432f6804de89c003d9b7958fe015,True,True,0,,,2244.1967269091488,0.0,0.0,1.5087052545249547e-06,0.00038305771055930255,0.00038305771055930255,True,True,6.766640581190586e-10,3.836930773104541e-13,ef69f658eefcccdd54f1fd176bd3fd70e2ea9ae2b68f68c96a987ef5299ae952,35ae7a86a0a51244c27a7e6bb1eb6c6f318a210631c27f5619160198e67a32f9,True,266228.84149160195,364853.34670732386,341188.8180711096,0.0,True,True
2016,0.073,73,v4p9p11p1_uniform_postpolish_max_fixed_lml,direct_lbfgsb__lattice_c1000_f0p5,direct_lbfgsb,136.91403777047321,0.4528744028985122,2233.6023425381704,12,12,3,direct_lbfgsb|powell_lbfgsb|trust_lbfgsb,direct_lbfgsb__lattice_c1000_f0p1|direct_lbfgsb__lattice_c1000_f0p5|direct_lbfgsb__lattice_c1000_f0p9|direct_lbfgsb__lattice_c100_f0p1|direct_lbfgsb__lattice_c100_f0p5|direct_lbfgsb__lattice_c100_f0p9|direct_lbfgsb__v4p9p11_seed_2711|direct_lbfgsb__v4p9p11_seed_6043|direct_lbfgsb__v4p9p11_seed_9151|powell_lbfgsb__best_prior_source|trust_lbfgsb__best_prior_source|trust_lbfgsb__fixed_lattice_center,True,v4p9p11_seed_2711,666,145,521,54,96196bd9db74baf368d45bcd70f7edbf157a44af3701568190daa0725d38c8af,3cefa812d88bf4a53a20dd8e119e0b4712aa12bfe5d86165131b3f0e68f6266c,6b93ee52baff91a89b2312b382bcf06a3c5016ea1d49e5e7b61d0845bb15eb0f,True,True,0,,,2233.6023425381704,0.0,0.0,-5.407268005734681e-06,6.404171368252569e-06,6.404171368252569e-06,True,True,7.130438461899757e-10,7.958078640513122e-13,4d76bb533cfbd087f51a118cad6aa792b825e305a0b520a89153eeceb00ccc0c,c55a05d439c910912eb9cec0f3a34fd28f3351926333c7aed3b44e82ab4b81ec,True,256928.0795809529,361166.7627378238,333771.8500732323,0.0,True,True
2016,0.074,74,v4p9p11p1_uniform_postpolish_max_fixed_lml,direct_lbfgsb__archived,direct_lbfgsb,99.25984655040864,0.40344520151273106,2232.8098153147494,13,13,3,direct_lbfgsb|powell_lbfgsb|trust_lbfgsb,direct_lbfgsb__archived|direct_lbfgsb__lattice_c1000_f0p1|direct_lbfgsb__lattice_c1000_f0p5|direct_lbfgsb__lattice_c1000_f0p9|direct_lbfgsb__lattice_c100_f0p1|direct_lbfgsb__lattice_c100_f0p5|direct_lbfgsb__lattice_c100_f0p9|direct_lbfgsb__v4p9p11_seed_2711|direct_lbfgsb__v4p9p11_seed_6043|direct_lbfgsb__v4p9p11_seed_9151|powell_lbfgsb__card_initializer|trust_lbfgsb__best_prior_source|trust_lbfgsb__fixed_lattice_center,True,v4p9p11_seed_9151,666,149,517,54,a4fdf66d02c7111dce6b3c93baa9f3d05eb424dd0cf627b5cf68d23980be526b,47045a2ae7ee3a205cb3cf4be9acf0cd2a6efbf3ffdce4c18101f03c82d37d43,8d3529358afba47b04806a98a07ca6602eea12910defd708f16db9bbca2e8b52,True,True,0,,,2232.8098153147494,0.0,0.0,-2.7469941452244472e-05,-0.001707953991572374,0.001707953991572374,True,True,4.94765117764473e-10,3.979039320256561e-13,0ec180f54d03d00d21233ba4833e1da8f144165a0d555720ace40077ba7289d9,ae7bef8f0bd78caddb7fa216370ada9adc0ae4666ad31fce98ef5d03150b9a2b,True,249158.7305167087,358890.04886757216,333036.7072057416,0.0,True,True
2016,0.075,75,v4p9p11p1_uniform_postpolish_max_fixed_lml,trust_lbfgsb__fixed_lattice_center,trust_lbfgsb,104.56201645743339,0.40845723828052,2225.2241514052557,13,13,3,direct_lbfgsb|powell_lbfgsb|trust_lbfgsb,direct_lbfgsb__archived|direct_lbfgsb__lattice_c1000_f0p1|direct_lbfgsb__lattice_c1000_f0p5|direct_lbfgsb__lattice_c1000_f0p9|direct_lbfgsb__lattice_c100_f0p1|direct_lbfgsb__lattice_c100_f0p9|direct_lbfgsb__v4p9p11_seed_2711|direct_lbfgsb__v4p9p11_seed_6043|direct_lbfgsb__v4p9p11_seed_9151|powell_lbfgsb__best_prior_source|powell_lbfgsb__card_initializer|trust_lbfgsb__best_prior_source|trust_lbfgsb__fixed_lattice_center,True,v4p9p11_seed_2711,664,152,512,56,8a95d33a37e8e21d2670d5da3012743d29e61d6f75ec669e8b57c056b99e3218,46a276212ba482a6dc683afb4f7cb0ce221107d07c5b9288321957d9899501f5,4b9ed62929a021d169ecbc8713d105e5d5ab44b64a711521d7461febfd3bafde,True,True,0,,,2225.2241514052557,0.0,0.0,0.000127327590942086,0.0037408442355330775,0.0037408442355330775,True,True,6.693881005048752e-10,2.984279490192421e-13,ae20f3630178aee81701cbce44017f9617cbae1a7f5af1821787323ac9b7c909,e5d1effd8963d8be6f23e54ca015b14e391612bb6c49e81f5105810e65ef8a5e,True,239701.2290259705,354864.33075329737,325817.27282246866,0.0,True,True
2016,0.076,76,v4p9p11p1_uniform_postpolish_max_fixed_lml,trust_lbfgsb__fixed_lattice_center,trust_lbfgsb,108.58562729610973,0.41317246314442063,2225.5555731082827,13,13,3,direct_lbfgsb|powell_lbfgsb|trust_lbfgsb,direct_lbfgsb__archived|direct_lbfgsb__lattice_c1000_f0p1|direct_lbfgsb__lattice_c1000_f0p5|direct_lbfgsb__lattice_c1000_f0p9|direct_lbfgsb__lattice_c100_f0p1|direct_lbfgsb__lattice_c100_f0p5|direct_lbfgsb__lattice_c100_f0p9|direct_lbfgsb__v4p9p11_seed_2711|direct_lbfgsb__v4p9p11_seed_6043|direct_lbfgsb__v4p9p11_seed_9151|powell_lbfgsb__card_initializer|trust_lbfgsb__best_prior_source|trust_lbfgsb__fixed_lattice_center,True,v4p9p11_seed_6043,664,156,508,56,2f0b5cc237e1674b5184e9e57a1ef6f4442b941f5ff6520236813d7fa1181e3d,c71af1ac2a494b6f319c1dd7e5d96f2c4aa18bf1a186b8f34c8d6edbc2554338,9483a927f00c98ebb883c0c3debfae0b1827c9a1ff73636b5b1c5c6b580db8ae,True,True,0,,,2225.5555731082827,0.0,0.0,4.01555668162488e-06,-8.058497810394658e-06,8.058497810394658e-06,True,True,6.693881005048752e-10,3.126388037344441e-13,889ffedf743b6dadf32f0fe687fa996a18b9cb185a9b30c9e980a54a90e0a0f6,c4b85cfaf1e4ea1a28a3c4ae450db0dcdeefaf9b075bd13868e3f1358b8ea536,True,232061.71538671947,348426.1376928588,315504.4947070149,0.0,True,True
2016,0.077,77,v4p9p11p1_uniform_postpolish_max_fixed_lml,trust_lbfgsb__best_prior_source,trust_lbfgsb,125.58802990102092,0.4405929727716058,2226.3488758942435,12,12,2,direct_lbfgsb|trust_lbfgsb,direct_lbfgsb__archived|direct_lbfgsb__lattice_c1000_f0p1|direct_lbfgsb__lattice_c1000_f0p5|direct_lbfgsb__lattice_c1000_f0p9|direct_lbfgsb__lattice_c100_f0p1|direct_lbfgsb__lattice_c100_f0p5|direct_lbfgsb__lattice_c100_f0p9|direct_lbfgsb__v4p9p11_seed_2711|direct_lbfgsb__v4p9p11_seed_6043|direct_lbfgsb__v4p9p11_seed_9151|trust_lbfgsb__best_prior_source|trust_lbfgsb__fixed_lattice_center,True,v4p9p11_seed_2711,664,160,504,56,72d1c59f5b3aeaece06caa0e141840eba7ea693a6c13188b593ad664ded3bef8,3162d3ce3f5672acbbe5a2b2ed9ef78de35c1b89108ad319f9479dd3e7db1a5a,f726ff4beea07a324a561b895ab5a13d4f3eafb85fc32bcdc52490cc7c77b38e,True,True,0,,,2226.3488758942435,0.0,0.0,-0.0002867656967985694,-9.37065500882924e-06,0.0002867656967985694,True,True,5.966285243630409e-10,3.836930773104541e-13,1fec7be9103b8b15421e7b6433f656469a522899e7b6b06c39e389a014b4783c,80fdb438ce7ee6c95b4882ccd59af40d7e95434f0663b46c2e365808aca787a2,True,224403.69296133379,340487.54281272076,302802.7366042249,0.0,True,True
2016,0.078,78,v4p9p11p1_uniform_postpolish_max_fixed_lml,trust_lbfgsb__best_prior_source,trust_lbfgsb,126.04293852969167,0.44336224393452345,2216.1228367211734,12,12,2,direct_lbfgsb|trust_lbfgsb,direct_lbfgsb__archived|direct_lbfgsb__lattice_c1000_f0p1|direct_lbfgsb__lattice_c1000_f0p5|direct_lbfgsb__lattice_c1000_f0p9|direct_lbfgsb__lattice_c100_f0p1|direct_lbfgsb__lattice_c100_f0p5|direct_lbfgsb__lattice_c100_f0p9|direct_lbfgsb__v4p9p11_seed_2711|direct_lbfgsb__v4p9p11_seed_6043|direct_lbfgsb__v4p9p11_seed_9151|trust_lbfgsb__best_prior_source|trust_lbfgsb__fixed_lattice_center,True,v4p9p11_seed_2711,662,163,499,58,cabf98db0b12fadcc4d7c64d74af9f97b55a3eb797d47feb13933190195fb31b,6b833c76536b0b9d3a662534d3220b74e652f4778eecc30fd73843fcf3637f0d,aa164fb81c3f01837ffb9a96a30abd7959ba7c14c8769048b7ac4b6ee3383f08,True,True,0,,,2216.1228367211734,0.0,0.0,3.1675213851549205e-05,0.000563086882318685,0.000563086882318685,True,True,1.2514647096395493e-09,3.979039320256561e-13,43bed8e54743bb72381b3570c5aa0fe590ce297995ff42dbd360f0da7ccb2ed9,481514e954030ce5d6c44caf9f1b460341d77d62080c35edebd6a615ef7a6289,True,214850.31046250413,336011.5178874502,295439.7749673348,0.0,True,True
2016,0.079,79,v4p9p11p1_uniform_postpolish_max_fixed_lml,trust_lbfgsb__best_prior_source,trust_lbfgsb,108.34283679012842,0.41322371887826825,2215.292624955461,14,14,3,direct_lbfgsb|powell_lbfgsb|trust_lbfgsb,direct_lbfgsb__archived|direct_lbfgsb__lattice_c1000_f0p1|direct_lbfgsb__lattice_c1000_f0p5|direct_lbfgsb__lattice_c1000_f0p9|direct_lbfgsb__lattice_c100_f0p1|direct_lbfgsb__lattice_c100_f0p5|direct_lbfgsb__lattice_c100_f0p9|direct_lbfgsb__v4p9p11_seed_2711|direct_lbfgsb__v4p9p11_seed_6043|direct_lbfgsb__v4p9p11_seed_9151|powell_lbfgsb__best_prior_source|powell_lbfgsb__card_initializer|trust_lbfgsb__best_prior_source|trust_lbfgsb__fixed_lattice_center,True,v4p9p11_seed_6043,662,167,495,58,6d93f3bf11aeadd062e31059f68e32095d79402c830fd76c6063c42934adf26c,bf5ded3d9741f7a90fb9805349d6f5807594ab232e05abdfce4c124eccca8d37,03fb35d6fb4e8460f5f1ac4ad428930e984d56605834958a704a19d78fb8f527,True,True,0,,,2215.292624955461,0.0,0.0,9.700001213237833e-05,0.0017625725492966073,0.0017625725492966073,True,True,7.8580342233181e-10,3.552713678800501e-13,8ba4cb888980bcb015efeaa6bc7d9351835b63f0264b40021593e4699620fb2f,f317d5da0c83c4d3650c9f3f7249b0f7017ec4b7acdb911a03dfa19c151cef95,True,207309.9194978048,330559.80599245447,289570.7570287095,0.0,True,True
2016,0.08,80,v4p9p11p1_uniform_postpolish_max_fixed_lml,trust_lbfgsb__best_prior_source,trust_lbfgsb,98.215099140315,0.40119410422573765,2216.8706395096306,13,13,3,direct_lbfgsb|powell_lbfgsb|trust_lbfgsb,direct_lbfgsb__archived|direct_lbfgsb__lattice_c1000_f0p1|direct_lbfgsb__lattice_c1000_f0p5|direct_lbfgsb__lattice_c1000_f0p9|direct_lbfgsb__lattice_c100_f0p1|direct_lbfgsb__lattice_c100_f0p5|direct_lbfgsb__lattice_c100_f0p9|direct_lbfgsb__v4p9p11_seed_2711|direct_lbfgsb__v4p9p11_seed_6043|direct_lbfgsb__v4p9p11_seed_9151|powell_lbfgsb__best_prior_source|trust_lbfgsb__best_prior_source|trust_lbfgsb__fixed_lattice_center,True,v4p9p11_seed_9151,662,171,491,58,415fd4546cea8a34c90d2043b76a71f2f452429292e8b0622abdb7a96d242887,1330f689efe13b0a286f06193dec6136f0087b25eca5bc094a23c443cec2847a,35ced778837649f8cc681fc199dfbe994139bb31ece2f940aa03639e45f3d912,True,True,0,,,2216.8706395096306,0.0,0.0,-1.5330550126095727e-05,0.0001835508375773949,0.0001835508375773949,True,True,1.0186340659856796e-09,4.263256414560601e-13,91d31bfb10b01da9c819551859a0848d01c3cd299e60144383449b77bb4a2ae2,5a5c1eb96a5b8630a8cdc417754f552571d2753640dcfda1e18ed087825462af,True,199823.21605068428,323867.55262392963,281711.4457291922,0.0,True,True
2016,0.081,81,v4p9p11p1_uniform_postpolish_max_fixed_lml,trust_lbfgsb__fixed_lattice_center,trust_lbfgsb,92.59214898552663,0.39498533566967964,2210.0196462862386,13,13,3,direct_lbfgsb|powell_lbfgsb|trust_lbfgsb,direct_lbfgsb__archived|direct_lbfgsb__lattice_c1000_f0p1|direct_lbfgsb__lattice_c1000_f0p5|direct_lbfgsb__lattice_c1000_f0p9|direct_lbfgsb__lattice_c100_f0p1|direct_lbfgsb__lattice_c100_f0p5|direct_lbfgsb__lattice_c100_f0p9|direct_lbfgsb__v4p9p11_seed_2711|direct_lbfgsb__v4p9p11_seed_6043|direct_lbfgsb__v4p9p11_seed_9151|powell_lbfgsb__best_prior_source|trust_lbfgsb__best_prior_source|trust_lbfgsb__fixed_lattice_center,True,v4p9p11_seed_2711,660,174,486,60,81e6e4a62767b1c0a90a5d47908620c00043d4dfab2bd69d15fc784b7e7dbd3c,10030f9ddaec8e952f191caaed160bf4f7a516cba3aa11392bfe41a4a0b7176b,f991349212d20f9028f2c8f391d79866ccb443f96b5fda9f659300c754869543,True,True,0,,,2210.0196462862386,0.0,0.0,2.250123928842526e-06,2.1092617377947384e-05,2.1092617377947384e-05,True,True,9.604264050722122e-10,3.268496584496461e-13,c38e4ec00c797ecdac0209e4a3c9560f9c7be7ef6cbe2b61caca1f427bcd37b5,7b0acafc660e79474c48ed7df3e3ba4c9ce7ed04f7fe80352dbd60c5a79d4884,True,190574.03354870153,319126.4592021359,275478.68708441686,0.0,True,True
2016,0.082,82,v4p9p11p1_uniform_postpolish_max_fixed_lml,direct_lbfgsb__lattice_c100_f0p9,direct_lbfgsb,86.1517752635423,0.3897055586423336,2208.885229382631,13,13,3,direct_lbfgsb|powell_lbfgsb|trust_lbfgsb,direct_lbfgsb__archived|direct_lbfgsb__lattice_c1000_f0p1|direct_lbfgsb__lattice_c1000_f0p5|direct_lbfgsb__lattice_c1000_f0p9|direct_lbfgsb__lattice_c100_f0p1|direct_lbfgsb__lattice_c100_f0p5|direct_lbfgsb__lattice_c100_f0p9|direct_lbfgsb__v4p9p11_seed_2711|direct_lbfgsb__v4p9p11_seed_6043|direct_lbfgsb__v4p9p11_seed_9151|powell_lbfgsb__best_prior_source|trust_lbfgsb__best_prior_source|trust_lbfgsb__fixed_lattice_center,True,archived,660,178,482,60,d7384ae228b1a9ef0245899e507f15bb7bd94ab8f8b33d72edd30965fff3c694,ec4775656cc678dc0338537cf41044a896cda70a07a1f2ff17b8c48f586aa02f,14aa90efad2e6b8ddd8842ca89f5958470bb0d61ee83de5c2a7418bf823a68d4,True,True,0,,,2208.885229382631,0.0,0.0,2.0560735132625848e-05,-0.00023852179966933962,0.00023852179966933962,True,True,6.402842700481415e-10,3.836930773104541e-13,6ffd03281f88ee626ad1b15bf50bf830567ae13087771d03204c51fc3ee4f82d,bd3ffa718724b5c0e7e81a3b6e929b327c3e1a758f7f5e5ec5dcb1e35ea31db9,True,183216.79383807682,311605.3117546117,266472.5622887139,0.0,True,True
2016,0.083,83,v4p9p11p1_uniform_postpolish_max_fixed_lml,trust_lbfgsb__best_prior_source,trust_lbfgsb,93.30598397168794,0.3986113165594776,2199.763166595152,14,14,3,direct_lbfgsb|powell_lbfgsb|trust_lbfgsb,direct_lbfgsb__archived|direct_lbfgsb__lattice_c1000_f0p1|direct_lbfgsb__lattice_c1000_f0p5|direct_lbfgsb__lattice_c1000_f0p9|direct_lbfgsb__lattice_c100_f0p1|direct_lbfgsb__lattice_c100_f0p5|direct_lbfgsb__lattice_c100_f0p9|direct_lbfgsb__v4p9p11_seed_2711|direct_lbfgsb__v4p9p11_seed_6043|direct_lbfgsb__v4p9p11_seed_9151|powell_lbfgsb__best_prior_source|powell_lbfgsb__card_initializer|trust_lbfgsb__best_prior_source|trust_lbfgsb__fixed_lattice_center,True,v4p9p11_seed_6043,658,181,477,62,c0c8e8ee507a361ce49c49988ab152b1541f400488157d5c3ab905cf53805963,e1319c047313b1069e7993745576c51329e1175e752b8a3b36c6c09556c8116c,d5818f0ce9957b1523d20b3eeb9b4e0d8de9ca175c4d7d24811b31aa42280006,True,True,0,,,2199.763166595152,0.0,0.0,3.210561440734623e-07,1.2617625219932287e-05,1.2617625219932287e-05,True,True,8.003553375601768e-10,3.694822225952521e-13,01c80d4573aed34e53d87ec1ac0a1f0c57e3b3eadebe07c6a086aa8484cbba98,41deb65281946d226ee597dd7cefd676a1a46e0b6c1180ff08a2203d8b9d2dd7,True,174122.5617320944,305565.71775633364,257428.14921036147,0.0,True,True
2016,0.084,84,v4p9p11p1_uniform_postpolish_max_fixed_lml,direct_lbfgsb__lattice_c1000_f0p5,direct_lbfgsb,88.34479945056032,0.39355115347932007,2199.7069741548507,12,12,3,direct_lbfgsb|powell_lbfgsb|trust_lbfgsb,direct_lbfgsb__archived|direct_lbfgsb__lattice_c1000_f0p1|direct_lbfgsb__lattice_c1000_f0p5|direct_lbfgsb__lattice_c1000_f0p9|direct_lbfgsb__lattice_c100_f0p1|direct_lbfgsb__lattice_c100_f0p9|direct_lbfgsb__v4p9p11_seed_2711|direct_lbfgsb__v4p9p11_seed_6043|direct_lbfgsb__v4p9p11_seed_9151|powell_lbfgsb__best_prior_source|trust_lbfgsb__best_prior_source|trust_lbfgsb__fixed_lattice_center,True,v4p9p11_seed_6043,658,185,473,62,8430b5778d6dd41fad6bf395134a5b8b7bc318ea45a0e5267281cc03a81e8909,3d825ac7212730aece1b0a006e7e103c5729be5516690d1ab2bd656ee75cc626,b23596dee7b1bfb7c3b88c4d04e77307e544c4bea7d4216128f1bb7f36be605b,True,True,0,,,2199.7069741548507,0.0,0.0,4.976742572463773e-06,-0.0003735820862743542,0.0003735820862743542,True,True,7.275957614183426e-10,3.694822225952521e-13,bba3b11f0990487f3297381febc670426bf999cd7a64a087ff197a2b5d5c09eb,85cee7166f74e29ffca6da7be52e6c3c2668520b57d61f1184965527b724cd6c,True,167154.91940338217,297910.6517466203,248619.52833207714,0.0,True,True
2016,0.085,85,v4p9p11p1_uniform_postpolish_max_fixed_lml,direct_lbfgsb__lattice_c1000_f0p9,direct_lbfgsb,149.99214515857201,0.46018498649710526,2205.3471275306388,11,10,2,direct_lbfgsb|trust_lbfgsb,direct_lbfgsb__archived|direct_lbfgsb__lattice_c1000_f0p1|direct_lbfgsb__lattice_c1000_f0p9|direct_lbfgsb__lattice_c100_f0p1|direct_lbfgsb__lattice_c100_f0p5|direct_lbfgsb__lattice_c100_f0p9|direct_lbfgsb__v4p9p11_seed_6043|direct_lbfgsb__v4p9p11_seed_9151|trust_lbfgsb__best_prior_source|trust_lbfgsb__fixed_lattice_center,True,v4p9p11_seed_9151,658,189,469,62,9520d15b2939766fe7eb96b9c42cf0f7f9eab0b0b878457d158551cc111853e6,e2baecff8fc2d48fdbc11f159eb28820984d032b5c4cdae62380bdb1f34c8f2a,1d71b1a0d2c50f8ce4b14a84f5a93022675ae6d531db3b1798bd2db26f846c1a,True,True,0,,,2205.3471275306388,0.0,0.0,-0.0003219681750256441,0.0018807609032662554,0.0018807609032662554,True,True,1.3533281162381172e-09,7.105427357601002e-13,947be2b32c370b26324fbe41632f5da56e4bd7dd2cb2c882e7fa6ce5da644151,b2d6f4e6d82ab7ba9d31333fc5782ad109301a63852053ec12d19f5aec68ca52,True,160074.49543702687,286805.2010811791,231738.46616161312,0.0,True,True
2016,0.086,86,v4p9p11p1_uniform_postpolish_max_fixed_lml,direct_lbfgsb__lattice_c1000_f0p1,direct_lbfgsb,155.42053076771379,0.4659153563197878,2200.273928422977,11,11,2,direct_lbfgsb|trust_lbfgsb,direct_lbfgsb__archived|direct_lbfgsb__lattice_c1000_f0p1|direct_lbfgsb__lattice_c1000_f0p5|direct_lbfgsb__lattice_c1000_f0p9|direct_lbfgsb__lattice_c100_f0p1|direct_lbfgsb__lattice_c100_f0p9|direct_lbfgsb__v4p9p11_seed_2711|direct_lbfgsb__v4p9p11_seed_6043|direct_lbfgsb__v4p9p11_seed_9151|trust_lbfgsb__best_prior_source|trust_lbfgsb__fixed_lattice_center,True,v4p9p11_seed_2711,656,192,464,64,7b16edc36185a338b79f589326977a136bc4366b07dbfc08123ee390cf2e4dda,e3122faf951158e76cb397f5d109254baaaf30d08bcdd9ba6500c3c4a1c6e7fc,17670e2fdabb4f5ada7d4252dfb059fcec6e7767fdfa16666c0b3ef4fa9b81ea,True,True,0,,,2200.273928422977,0.0,0.0,-0.001253613682688782,0.008132998258071301,0.008132998258071301,True,True,6.330083124339581e-10,7.105427357601002e-13,b89663ed5f6c483a86df1de77bd092a61a67bfbc87ca2d66ca9394ad4039b85b,ab22268e4ba5e7f9447ea72537b71a8d4bc77d5f1eb616f725984fe1c7282bbd,True,151681.87083581003,280717.84972667496,223553.34752009838,0.0,True,True
2016,0.087,87,v4p9p11p1_uniform_postpolish_max_fixed_lml,powell_lbfgsb__best_prior_source,powell_lbfgsb,145.16387430997892,0.46174805783336653,2201.4608506529044,12,12,3,direct_lbfgsb|powell_lbfgsb|trust_lbfgsb,direct_lbfgsb__archived|direct_lbfgsb__lattice_c1000_f0p1|direct_lbfgsb__lattice_c1000_f0p5|direct_lbfgsb__lattice_c1000_f0p9|direct_lbfgsb__lattice_c100_f0p5|direct_lbfgsb__lattice_c100_f0p9|direct_lbfgsb__v4p9p11_seed_2711|direct_lbfgsb__v4p9p11_seed_6043|direct_lbfgsb__v4p9p11_seed_9151|powell_lbfgsb__best_prior_source|trust_lbfgsb__best_prior_source|trust_lbfgsb__fixed_lattice_center,True,v4p9p11_seed_6043,656,196,460,64,aea068e88a4630835af06d10b76ce32c9c69d4d2cfc77f40725167171716bf91,5572542243a0306e0789cf8d73030d8b196fb3e6fa9fa2c13088a778962a8a33,34d1a43a32922bb269da9d7552a5997a2efeb72d3bdd7c464f9ccaf54d324972,True,True,0,,,2201.4608506529044,0.0,0.0,0.0005563117806411272,0.004505572111494505,0.004505572111494505,True,True,4.706635081674904e-10,8.526512829121202e-13,e2f003cfe1f7af9f7da119a47d36f39534783884650638fb6f3ca6d5e8f1a16d,4d9130571de6e7262b53b1ef7254d577bb3bfe38c8126214181b2803c7048a1b,True,145211.3108540157,272652.7233723452,215122.1299312953,0.0,True,True
2016,0.088,88,v4p9p11p1_uniform_postpolish_max_fixed_lml,direct_lbfgsb__lattice_c100_f0p1,direct_lbfgsb,139.22068598950088,0.45853898241645646,2202.7069940823167,11,11,3,direct_lbfgsb|powell_lbfgsb|trust_lbfgsb,direct_lbfgsb__archived|direct_lbfgsb__lattice_c1000_f0p9|direct_lbfgsb__lattice_c100_f0p1|direct_lbfgsb__lattice_c100_f0p5|direct_lbfgsb__lattice_c100_f0p9|direct_lbfgsb__v4p9p11_seed_6043|direct_lbfgsb__v4p9p11_seed_9151|powell_lbfgsb__best_prior_source|powell_lbfgsb__card_initializer|trust_lbfgsb__best_prior_source|trust_lbfgsb__fixed_lattice_center,True,v4p9p11_seed_9151,656,200,456,64,e860f9f3a01baf7db56986026f3cb31f5ea7b4419270f4e04d89542e332e9eea,dc410b27867899abe5878cbf2f5333402426d687d4863c94d197fe5caf0e55b0,402495a4b792a97e94508a605a2010edeba44771c814d9d1f277d3fb864bb472,True,True,0,,,2202.7069940823167,0.0,0.0,-1.073696074220654e-05,0.00024801301901215865,0.00024801301901215865,True,True,7.712515071034431e-10,7.389644451905042e-13,9cd741b3ac46d8ca6be582fd1a84e07a76afcab041842757d4a5d6688be0ee21,db245ac3aa86deb2cc4916da4bb838a7163cb33ca8ac92df91cf0de28e29cfce,True,138931.5909177361,264501.47683826974,206830.9339628531,0.0,True,True
2016,0.089,89,v4p9p11p1_uniform_postpolish_max_fixed_lml,direct_lbfgsb__lattice_c1000_f0p5,direct_lbfgsb,130.55643080161724,0.4502466554465461,2190.625764496137,13,13,3,direct_lbfgsb|powell_lbfgsb|trust_lbfgsb,direct_lbfgsb__archived|direct_lbfgsb__lattice_c1000_f0p1|direct_lbfgsb__lattice_c1000_f0p5|direct_lbfgsb__lattice_c1000_f0p9|direct_lbfgsb__lattice_c100_f0p1|direct_lbfgsb__lattice_c100_f0p5|direct_lbfgsb__lattice_c100_f0p9|direct_lbfgsb__v4p9p11_seed_2711|direct_lbfgsb__v4p9p11_seed_6043|direct_lbfgsb__v4p9p11_seed_9151|powell_lbfgsb__best_prior_source|trust_lbfgsb__best_prior_source|trust_lbfgsb__fixed_lattice_center,True,v4p9p11_seed_2711,654,203,451,66,e9f161eb988b4ed6b368a44ba16d39b6b2f1ffa62d249f8661db80464e282562,c34e81ec334e3d9d4a31b85681e84422c2d8d5af9d0c8e1e01aac27a19bd2061,f36db93a3f5624f06f03e360b09b3e013af6bef929e5f4f08994f50a7181ebfe,True,True,0,,,2190.625764496137,0.0,0.0,1.717675876946985e-05,-0.00012247644235087674,0.00012247644235087674,True,True,1.076841726899147e-09,7.389644451905042e-13,45ad227f93c78becd1a3e71204f9167e5f3f98b863b8554ec41a852a0a6ce215,0ca398d9e7d1b1cbb9ac9a50d32683b49d06d42d7088453f20e709be4a1aeaaf,True,131365.76109202,258928.13752484525,200032.54345476,0.0,True,True
2016,0.09,90,v4p9p11p1_uniform_postpolish_max_fixed_lml,direct_lbfgsb__lattice_c1000_f0p5,direct_lbfgsb,130.7516071974543,0.4492843239954903,2191.2706363249645,12,12,2,direct_lbfgsb|trust_lbfgsb,direct_lbfgsb__archived|direct_lbfgsb__lattice_c1000_f0p1|direct_lbfgsb__lattice_c1000_f0p5|direct_lbfgsb__lattice_c1000_f0p9|direct_lbfgsb__lattice_c100_f0p1|direct_lbfgsb__lattice_c100_f0p5|direct_lbfgsb__lattice_c100_f0p9|direct_lbfgsb__v4p9p11_seed_2711|direct_lbfgsb__v4p9p11_seed_6043|direct_lbfgsb__v4p9p11_seed_9151|trust_lbfgsb__best_prior_source|trust_lbfgsb__fixed_lattice_center,True,v4p9p11_seed_9151,654,207,447,66,88b8ec858379b65fcc29f3b37f9963f2a904a66d91b09e609d36154a90dd52b6,b07f7e3718b69b635e1a9b1a99d5b24280e392dd60f0c7f392de018cef852bf7,f8ccbe6fd00f489bab5bf33a7f4203a9da0ad92855e1fe308aa7d3556b0582be,True,True,0,,,2191.2706363249645,0.0,0.0,-0.0017422405974250356,0.0020843750558873853,0.0020843750558873853,True,True,9.185896487906575e-10,5.968558980384842e-13,62a4a75ee9b56256cbe8891f4a830e42a7a10863f7d713445a699f0a9a277b25,3c4d0f976d4b5ae3052c816ec3e217f9e2cadc38edd0b2a073ba38fcec19c00a,True,125527.03705700384,250688.86938416676,191924.36011674732,0.0,True,True
2016,0.091,91,v4p9p11p1_uniform_postpolish_max_fixed_lml,direct_lbfgsb__v4p9p11_seed_9151,direct_lbfgsb,132.32095344722035,0.4494295711899529,2183.73059897374,12,12,2,direct_lbfgsb|trust_lbfgsb,direct_lbfgsb__archived|direct_lbfgsb__lattice_c1000_f0p1|direct_lbfgsb__lattice_c1000_f0p5|direct_lbfgsb__lattice_c1000_f0p9|direct_lbfgsb__lattice_c100_f0p1|direct_lbfgsb__lattice_c100_f0p5|direct_lbfgsb__lattice_c100_f0p9|direct_lbfgsb__v4p9p11_seed_2711|direct_lbfgsb__v4p9p11_seed_6043|direct_lbfgsb__v4p9p11_seed_9151|trust_lbfgsb__best_prior_source|trust_lbfgsb__fixed_lattice_center,True,v4p9p11_seed_9151,652,210,442,68,2905293384571c50134f676f6dd96bfe4cc5b4514d7b026948434f2e18e447c8,54954dd4fef4be1cf56ec0d35d659b32e980425a5cd6de4138a44f8ce3dc3b5a,b716c7e4f36ced89fe7270fe90cd7b06aa2da33cd469551a7019d0f60c2b7f5e,True,True,0,,,2183.73059897374,0.0,0.0,-4.436245284500571e-05,0.0083844918764045,0.0083844918764045,True,True,9.167706593871117e-10,5.684341886080801e-13,166ab7a9bf653879687c14f3c659f5bea43b736945fb07bc1c20984ce901441e,8588ac5cb52dc4ac80d96effe5eb56d0e82e6f6d178bb96169615075894d1379,True,118496.78519345242,244780.82817035835,184823.82423203284,0.0,True,True
2016,0.092,92,v4p9p11p1_uniform_postpolish_max_fixed_lml,direct_lbfgsb__v4p9p11_seed_6043,direct_lbfgsb,122.83647559019832,0.43396588737540837,2187.5302666402918,13,13,3,direct_lbfgsb|powell_lbfgsb|trust_lbfgsb,direct_lbfgsb__archived|direct_lbfgsb__lattice_c1000_f0p1|direct_lbfgsb__lattice_c1000_f0p5|direct_lbfgsb__lattice_c1000_f0p9|direct_lbfgsb__lattice_c100_f0p1|direct_lbfgsb__lattice_c100_f0p5|direct_lbfgsb__lattice_c100_f0p9|direct_lbfgsb__v4p9p11_seed_2711|direct_lbfgsb__v4p9p11_seed_6043|direct_lbfgsb__v4p9p11_seed_9151|powell_lbfgsb__card_initializer|trust_lbfgsb__best_prior_source|trust_lbfgsb__fixed_lattice_center,True,v4p9p11_seed_9151,652,214,438,68,c59e56b6a7f0815974606de98ad823578ffd4ddd969c071314569dfc0d770f5c,5a455cfc961e180bd4bacafd4b93ec8c627685b8ce190bda20ea8aa5b6f7053c,5653b3fcef66ff0ebf7d7389f6d5c58fc6ed46a15360c1ed8238e1f12ec2ac84,True,True,0,,,2187.5302666402918,0.0,0.0,4.383415151018358e-05,1.4130849970298799e-05,4.383415151018358e-05,True,True,1.0186340659856796e-09,3.694822225952521e-13,623f657cd2448a24943a963fe6793272609d4c7a8668359a6bb5543fc17df433,c041050b616d383db7e9f39e419c103a41ba848de25bb304519ef7d7950137a5,True,113033.95637781564,237032.7401965692,177798.10276948713,0.0,True,True
2016,0.093,93,v4p9p11p1_uniform_postpolish_max_fixed_lml,direct_lbfgsb__archived,direct_lbfgsb,111.09259071768776,0.41573169940481036,2181.108036216974,13,13,3,direct_lbfgsb|powell_lbfgsb|trust_lbfgsb,direct_lbfgsb__archived|direct_lbfgsb__lattice_c1000_f0p1|direct_lbfgsb__lattice_c1000_f0p5|direct_lbfgsb__lattice_c1000_f0p9|direct_lbfgsb__lattice_c100_f0p1|direct_lbfgsb__lattice_c100_f0p5|direct_lbfgsb__lattice_c100_f0p9|direct_lbfgsb__v4p9p11_seed_2711|direct_lbfgsb__v4p9p11_seed_6043|direct_lbfgsb__v4p9p11_seed_9151|powell_lbfgsb__card_initializer|trust_lbfgsb__best_prior_source|trust_lbfgsb__fixed_lattice_center,True,v4p9p11_seed_6043,650,217,433,70,e2405d434a9bb8be61bc49741e76e262e04d2ffdc8216a83bb14518ad5664e4d,7e1a5ce2fae58e24feb52448e0f4d5d5a6f9ec84dff55a133dcc7c2c7d8a6735,c4c192dfc1c5dccb8c6404ec0087dbe0058c1c58bf99b40777a2b47f1750455f,True,True,0,,,2181.108036216974,0.0,0.0,0.0003951525405826423,9.016863642955516e-05,0.0003951525405826423,True,True,8.221832104027271e-10,3.410605131648481e-13,89494e85d0b29dda6a00ff35ca34bc3a63cc27f78d1e26be68507766936b087b,d6c6802f78a5171a77aa2e1da80012801cee3e8ca3ce0d0e7b6617fbd6de5137,True,106533.9506070996,231774.40844704455,172108.09728615603,0.0,True,True
2016,0.094,94,v4p9p11p1_uniform_postpolish_max_fixed_lml,direct_lbfgsb__lattice_c1000_f0p1,direct_lbfgsb,134.21218250742612,0.4403310342981535,2186.5740052137003,14,14,3,direct_lbfgsb|powell_lbfgsb|trust_lbfgsb,direct_lbfgsb__archived|direct_lbfgsb__lattice_c1000_f0p1|direct_lbfgsb__lattice_c1000_f0p5|direct_lbfgsb__lattice_c1000_f0p9|direct_lbfgsb__lattice_c100_f0p1|direct_lbfgsb__lattice_c100_f0p5|direct_lbfgsb__lattice_c100_f0p9|direct_lbfgsb__v4p9p11_seed_2711|direct_lbfgsb__v4p9p11_seed_6043|direct_lbfgsb__v4p9p11_seed_9151|powell_lbfgsb__best_prior_source|powell_lbfgsb__card_initializer|trust_lbfgsb__best_prior_source|trust_lbfgsb__fixed_lattice_center,True,v4p9p11_seed_6043,650,221,429,70,396e566cc40f854950fe640fdba0af4d59a67802c1ab7cf6eb5c0e40aaffbf9e,978adacef3b6533b6d906dea13d53e33e2e13ba1ef9cab456398068165cd3cc8,9cec8f928cc976350e0ccaff1c3661d6e3b1827f25db535359fe15b676d194c0,True,True,0,,,2186.5740052137003,0.0,0.0,5.864379675068391e-05,0.0005766255672578387,0.0005766255672578387,True,True,1.1568772606551647e-09,7.389644451905042e-13,477bdb959df74813f65e318e6acec6e5075287f3f5af9331e08950e3d23b763f,1a5ed53f092d123daafb018c3beedf2e4d74ea8756a81252e8a2d579be57a930,True,101654.94095232156,222973.06357558377,163263.15275341703,0.0,True,True
2016,0.095,95,v4p9p11p1_uniform_postpolish_max_fixed_lml,direct_lbfgsb__v4p9p11_seed_2711,direct_lbfgsb,131.49409448145818,0.4389418639712342,2187.97068442037,13,13,3,direct_lbfgsb|powell_lbfgsb|trust_lbfgsb,direct_lbfgsb__archived|direct_lbfgsb__lattice_c1000_f0p1|direct_lbfgsb__lattice_c1000_f0p9|direct_lbfgsb__lattice_c100_f0p1|direct_lbfgsb__lattice_c100_f0p5|direct_lbfgsb__lattice_c100_f0p9|direct_lbfgsb__v4p9p11_seed_2711|direct_lbfgsb__v4p9p11_seed_6043|direct_lbfgsb__v4p9p11_seed_9151|powell_lbfgsb__best_prior_source|powell_lbfgsb__card_initializer|trust_lbfgsb__best_prior_source|trust_lbfgsb__fixed_lattice_center,True,v4p9p11_seed_9151,650,225,425,70,923c59d0e1ecb6dc9f95989de5fcee95bac64a99b27142e686afe11c9713edc3,b969230b23193f3d78cb64874dcf7b0207d8947fce6b64a070d9a47aad587156,27b180d5b770a91faa9775fa9348edd63356bb3320a768f3eea0872a3cdb261b,True,True,0,,,2187.97068442037,0.0,0.0,-4.511049583076605e-05,0.00013557423726588526,0.00013557423726588526,True,True,9.458744898438454e-10,7.105427357601002e-13,ab299638b21e2fc2bd74083761c3a7ec6928e95a6f16c26dc1a5b9889f3cac5b,a7c565076459ee9e92f6d8ce020578f1d52a06dee1ba2671dc3287e3d250b813,True,96786.54254260086,214830.77907613188,155846.29231073865,0.0,True,True
2016,0.096,96,v4p9p11p1_uniform_postpolish_max_fixed_lml,powell_lbfgsb__best_prior_source,powell_lbfgsb,132.0984899267261,0.44004982490263544,2179.408589018949,13,13,3,direct_lbfgsb|powell_lbfgsb|trust_lbfgsb,direct_lbfgsb__archived|direct_lbfgsb__lattice_c1000_f0p1|direct_lbfgsb__lattice_c1000_f0p5|direct_lbfgsb__lattice_c1000_f0p9|direct_lbfgsb__lattice_c100_f0p1|direct_lbfgsb__lattice_c100_f0p5|direct_lbfgsb__lattice_c100_f0p9|direct_lbfgsb__v4p9p11_seed_2711|direct_lbfgsb__v4p9p11_seed_6043|direct_lbfgsb__v4p9p11_seed_9151|powell_lbfgsb__best_prior_source|trust_lbfgsb__best_prior_source|trust_lbfgsb__fixed_lattice_center,True,v4p9p11_seed_2711,648,228,420,72,86bc2d5aec37ad39c2905e2ae227baa5de91c520a148ac120daba201cdebf23d,167e3c89ed76e97a376d8b7246df214caa3e052717483da01c0469e2964663d7,12716bf143f3eb707d25ea82495e476afbd557719d81a84b65802856c5ecd4f3,True,True,0,,,2179.408589018949,0.0,0.0,0.0006286168839063658,-0.000258571419129015,0.0006286168839063658,True,True,5.820766091346741e-10,7.105427357601002e-13,1a8251a9a2e876da8d6172bcbb8143251994328897b791d6ac4b139f07bb948d,d06b32fb1ac69c01f22e5aa4fb68c83770a2dd5d9ce8803d9708466e21606a66,True,91002.27448997219,208970.7014955154,149282.20546966762,0.0,True,True
2016,0.097,97,v4p9p11p1_uniform_postpolish_max_fixed_lml,trust_lbfgsb__best_prior_source,trust_lbfgsb,134.38416257238927,0.4417867657428517,2179.655551923651,14,14,3,direct_lbfgsb|powell_lbfgsb|trust_lbfgsb,direct_lbfgsb__archived|direct_lbfgsb__lattice_c1000_f0p1|direct_lbfgsb__lattice_c1000_f0p5|direct_lbfgsb__lattice_c1000_f0p9|direct_lbfgsb__lattice_c100_f0p1|direct_lbfgsb__lattice_c100_f0p5|direct_lbfgsb__lattice_c100_f0p9|direct_lbfgsb__v4p9p11_seed_2711|direct_lbfgsb__v4p9p11_seed_6043|direct_lbfgsb__v4p9p11_seed_9151|powell_lbfgsb__best_prior_source|powell_lbfgsb__card_initializer|trust_lbfgsb__best_prior_source|trust_lbfgsb__fixed_lattice_center,True,v4p9p11_seed_6043,648,232,416,72,cc71242f9e5e724a9fea66d1cc261380b017c12bb68a716fb417481452658852,bdff5beea84cc059bf97a52b5008858cf855dce05eb8ebee92af4614a4685b80,a3d14ef4bf75c841d6f500d11b0647057600911e18613387ba8974c512ff9424,True,True,0,,,2179.655551923651,0.0,0.0,1.0037376012845649e-06,0.00012912292259443785,0.00012912292259443785,True,True,6.693881005048752e-10,7.105427357601002e-13,ce9c9740f51892d1a96e196198fceb3c8181a9d60032093002a617642e159cbc,2d9bf031fe4412430c47275a9bb784a174d2f0b3d9990fcead9c170b202ab91a,True,86595.30843585273,200993.58006044794,142238.3879053027,0.0,True,True
2016,0.098,98,v4p9p11p1_uniform_postpolish_max_fixed_lml,direct_lbfgsb__lattice_c100_f0p9,direct_lbfgsb,154.04442794787286,0.4619851732863842,2175.2507556335913,14,14,3,direct_lbfgsb|powell_lbfgsb|trust_lbfgsb,direct_lbfgsb__archived|direct_lbfgsb__lattice_c1000_f0p1|direct_lbfgsb__lattice_c1000_f0p5|direct_lbfgsb__lattice_c1000_f0p9|direct_lbfgsb__lattice_c100_f0p1|direct_lbfgsb__lattice_c100_f0p5|direct_lbfgsb__lattice_c100_f0p9|direct_lbfgsb__v4p9p11_seed_2711|direct_lbfgsb__v4p9p11_seed_6043|direct_lbfgsb__v4p9p11_seed_9151|powell_lbfgsb__best_prior_source|powell_lbfgsb__card_initializer|trust_lbfgsb__best_prior_source|trust_lbfgsb__fixed_lattice_center,True,archived,646,235,411,74,9c49f17feaa4962035342ef06583bb31a197cfe75b1f7e6c85591c1185cf552e,a874afe1fecee2aef9d2fd146fadc355ec383099188a112c6ce1220078e93996,f9e77c27228ec630f9b08256a4cda714e829ef4706c9d06cfd3da878c8986a5b,True,True,0,,,2175.2507556335913,0.0,0.0,1.552115301343397e-05,-0.0001212446935454529,0.0001212446935454529,True,True,1.1641532182693481e-09,7.389644451905042e-13,44a817bfd0645d85770d338daa2ed51b1ebf45f70779d411e4748a3fdb35bd05,c77e1529080b1d0736ffa4745ec43c8202066dee2a25476909733cbae7fa0c89,True,81387.69009887589,194860.27338883918,135314.82922894385,0.0,True,True
2016,0.099,99,v4p9p11p1_uniform_postpolish_max_fixed_lml,direct_lbfgsb__archived,direct_lbfgsb,158.3368858832738,0.46446733927942707,2180.458346775262,10,10,2,direct_lbfgsb|trust_lbfgsb,direct_lbfgsb__archived|direct_lbfgsb__lattice_c1000_f0p1|direct_lbfgsb__lattice_c1000_f0p9|direct_lbfgsb__lattice_c100_f0p1|direct_lbfgsb__lattice_c100_f0p5|direct_lbfgsb__lattice_c100_f0p9|direct_lbfgsb__v4p9p11_seed_2711|direct_lbfgsb__v4p9p11_seed_9151|trust_lbfgsb__best_prior_source|trust_lbfgsb__fixed_lattice_center,True,archived,646,239,407,74,80f65e7df6d4898ba197fe3acf99661e8f1d2e6a37ef01d071362e0ea754f935,cd272d4f997304a4edf78deb4fcb5263b9a60851489dd4976481ed7471ebc7dc,bd4e30bfe2d6c66de7abca1e720e5cbbd93bfce0b0d47fd290c819e0dec71660,True,True,0,,,2180.458346775262,0.0,0.0,-0.0010631907071347014,-0.001585770228111093,0.001585770228111093,True,True,1.076841726899147e-09,7.105427357601002e-13,d769aaec904bdeb779e29bc9c78386e895b3bee6439909cf8e90514c39bcebc9,c40034e592229f77650996127c274b32bc99ae4a79964dae37636aa759d43e0a,True,77373.43563389294,187120.44283090404,128834.12766660331,0.0,True,True
2016,0.1,100,v4p9p11p1_uniform_postpolish_max_fixed_lml,trust_lbfgsb__fixed_lattice_center,trust_lbfgsb,172.96612198349834,0.4718833825508708,2181.2693707871795,13,12,2,direct_lbfgsb|trust_lbfgsb,direct_lbfgsb__archived|direct_lbfgsb__lattice_c1000_f0p1|direct_lbfgsb__lattice_c1000_f0p5|direct_lbfgsb__lattice_c1000_f0p9|direct_lbfgsb__lattice_c100_f0p1|direct_lbfgsb__lattice_c100_f0p5|direct_lbfgsb__lattice_c100_f0p9|direct_lbfgsb__v4p9p11_seed_2711|direct_lbfgsb__v4p9p11_seed_6043|direct_lbfgsb__v4p9p11_seed_9151|trust_lbfgsb__best_prior_source|trust_lbfgsb__fixed_lattice_center,True,archived,646,243,403,74,c2db440867b8ce11eff600c358b52f3de8bb0f05c40aa0fdc33d13407a5edab7,d9396ea8bc142b2271cc60964e9c2796c55e706dfbbc0b425ee1dba0fcef51f4,ef74feafa198e5ee4f4f60292b7b50e3497e569a9a98ee5b9c162d8d1a00a337,True,True,0,,,2181.2693707871795,0.0,0.0,4.3995768446080736e-05,-1.4360411891399937e-06,4.3995768446080736e-05,True,True,8.731149137020111e-10,9.663381206337363e-13,ddcfc2b9361b39590f59377d414573a3027bf65935255ed41914f5c8a6812897,e8f6ed69f18bc6cc3f97760ac061e06a35c9a7398ec0b23a8a53eb5b66fc9288,True,73560.60222171777,179528.87079605064,122594.66658798675,0.0,True,True
2016,0.101,101,v4p9p11p1_uniform_postpolish_max_fixed_lml,direct_lbfgsb__v4p9p11_seed_2711,direct_lbfgsb,167.1947117108669,0.4713835665303332,2174.0747827730092,11,11,2,direct_lbfgsb|trust_lbfgsb,direct_lbfgsb__archived|direct_lbfgsb__lattice_c1000_f0p1|direct_lbfgsb__lattice_c1000_f0p5|direct_lbfgsb__lattice_c100_f0p1|direct_lbfgsb__lattice_c100_f0p5|direct_lbfgsb__lattice_c100_f0p9|direct_lbfgsb__v4p9p11_seed_2711|direct_lbfgsb__v4p9p11_seed_6043|direct_lbfgsb__v4p9p11_seed_9151|trust_lbfgsb__best_prior_source|trust_lbfgsb__fixed_lattice_center,True,v4p9p11_seed_6043,644,246,398,76,6ba12a81c63fab272ce3405fb4264da90a378ae225d7517046390f8e47751581,4b026ff49fa3847c0c8c1c302d4e5aff7ed526661b58a2a29dc5b9426a6108da,560869822a8c427713415e747c71eb520a662e9f931ec3ac8446e6bd3799d5b5,True,True,0,,,2174.0747827730092,0.0,0.0,0.0001286121693295694,-0.0023888220754072313,0.0023888220754072313,True,True,1.0186340659856796e-09,7.389644451905042e-13,38291a4b1d9d53b953d224c228ca21763f6b429de96693cc40c157a4b0083d85,2a9d06afc27028cdaf5dbfeb17292fa7b25b21c671629fcde31f24ea8abd8b1d,True,68972.91038785578,174083.86794976777,117087.46470358311,0.0,True,True
2016,0.102,102,v4p9p11p1_uniform_postpolish_max_fixed_lml,direct_lbfgsb__archived,direct_lbfgsb,174.67715099080826,0.47516896769097544,2177.2865012331627,11,11,2,direct_lbfgsb|trust_lbfgsb,direct_lbfgsb__archived|direct_lbfgsb__lattice_c1000_f0p1|direct_lbfgsb__lattice_c1000_f0p5|direct_lbfgsb__lattice_c1000_f0p9|direct_lbfgsb__lattice_c100_f0p1|direct_lbfgsb__lattice_c100_f0p5|direct_lbfgsb__lattice_c100_f0p9|direct_lbfgsb__v4p9p11_seed_2711|direct_lbfgsb__v4p9p11_seed_6043|trust_lbfgsb__best_prior_source|trust_lbfgsb__fixed_lattice_center,True,v4p9p11_seed_6043,644,250,394,76,16b5aa6206f49ce8f17f8dede16b833038a85a58b5f8507cd98b958807cb68aa,e4b9bf14b963c33af338a0304d5a4e7d5851ab56cb1ea99ddadb236b729fb635,6817ad23f712cdc451799c0b27a88d94cd8423f5165bd9bf41a3ba0dcacf6107,True,True,0,,,2177.2865012331627,0.0,0.0,-1.4069317627917676e-05,0.0015562046544648548,0.0015562046544648548,True,True,9.313225746154785e-10,7.958078640513122e-13,b60cead51f7e3446550969b16e703efd23c9ca471e2ad829a026e221479310ff,81c4fb291b3d50394ebca901a08fdcf27e76c0cd17918515a542576df2ae7983,True,65500.11890448691,166840.95956066655,111399.58909821892,0.0,True,True
2016,0.103,103,v4p9p11p1_uniform_postpolish_max_fixed_lml,trust_lbfgsb__fixed_lattice_center,trust_lbfgsb,176.54506324021577,0.4775337971135743,2171.441600670702,13,12,2,direct_lbfgsb|trust_lbfgsb,direct_lbfgsb__archived|direct_lbfgsb__lattice_c1000_f0p1|direct_lbfgsb__lattice_c1000_f0p5|direct_lbfgsb__lattice_c1000_f0p9|direct_lbfgsb__lattice_c100_f0p1|direct_lbfgsb__lattice_c100_f0p5|direct_lbfgsb__lattice_c100_f0p9|direct_lbfgsb__v4p9p11_seed_2711|direct_lbfgsb__v4p9p11_seed_6043|direct_lbfgsb__v4p9p11_seed_9151|trust_lbfgsb__best_prior_source|trust_lbfgsb__fixed_lattice_center,True,v4p9p11_seed_6043,642,253,389,78,f1704b7d4afdbf205a9662eef56dea50e611095cf76dd14b93654e86407ea888,191a26b63c2c72d4ece7213ff26bc9271cc91abe0d75d508410f3ce3c4203e8e,5d44791141e6840c88a482bb349dec444367b93c4b64f9f9b4c2a39ac8520798,True,True,0,,,2171.441600670702,0.0,0.0,9.137786067075047e-06,2.2563274397512935e-05,2.2563274397512935e-05,True,True,1.3969838619232178e-09,7.958078640513122e-13,67d95adbb36ba12fb8f78cab6a5fbc7cd2a1e86b97998821175fc450eb906745,567a58cec14f5d1a1d924c36a3528009024e9bf7df2e48282a043e90363e6d9b,True,61380.21017220984,161678.70955114183,106332.12399749053,0.0,True,True
2016,0.104,104,v4p9p11p1_uniform_postpolish_max_fixed_lml,trust_lbfgsb__best_prior_source,trust_lbfgsb,172.3415512442526,0.475884926965892,2175.105072678032,10,10,2,direct_lbfgsb|trust_lbfgsb,direct_lbfgsb__archived|direct_lbfgsb__lattice_c1000_f0p1|direct_lbfgsb__lattice_c1000_f0p5|direct_lbfgsb__lattice_c100_f0p1|direct_lbfgsb__lattice_c100_f0p5|direct_lbfgsb__lattice_c100_f0p9|direct_lbfgsb__v4p9p11_seed_2711|direct_lbfgsb__v4p9p11_seed_6043|trust_lbfgsb__best_prior_source|trust_lbfgsb__fixed_lattice_center,True,v4p9p11_seed_9151,642,257,385,78,107eb69ebeedabcf1aae29135754ede0597d47a8625b7540ce8ad774a72ab533,7149f3e1135b462aebff1158cc0f09e5c88d39ab0282f149a05a1ea2bd7c4c78,80b0c58f775343a20dcef36a603f3b4660eb83068c0df5d1313f0e6e70f44efc,True,True,0,,,2175.105072678032,0.0,0.0,3.764209609186114e-06,-6.692222852600278e-07,3.764209609186114e-06,True,True,6.984919309616089e-10,8.526512829121202e-13,9428a0c42fb736f496ded1dd0b4e9aaf52e42ad212ba8c392a1c1a2f600d40ab,3de16b90abdb942bc0c2fbd5c919e51c3122625836682d2b226e658a6e3fbfc1,True,58210.01119477895,154757.0832478663,101095.12208362191,0.0,True,True
2016,0.105,105,v4p9p11p1_uniform_postpolish_max_fixed_lml,direct_lbfgsb__lattice_c1000_f0p5,direct_lbfgsb,168.05767877038346,0.4738693760109565,2166.861598458365,11,11,2,direct_lbfgsb|trust_lbfgsb,direct_lbfgsb__lattice_c1000_f0p1|direct_lbfgsb__lattice_c1000_f0p5|direct_lbfgsb__lattice_c1000_f0p9|direct_lbfgsb__lattice_c100_f0p1|direct_lbfgsb__lattice_c100_f0p5|direct_lbfgsb__lattice_c100_f0p9|direct_lbfgsb__v4p9p11_seed_2711|direct_lbfgsb__v4p9p11_seed_6043|direct_lbfgsb__v4p9p11_seed_9151|trust_lbfgsb__best_prior_source|trust_lbfgsb__fixed_lattice_center,True,v4p9p11_seed_9151,640,260,380,80,571b63ae428b7e8790b83999afc22dae483e49bffefeaf92dad834440b495f18,8dd613a3d58a98b9b9be9689f2f7adead8efb27bd11b6081ffee7bfb73c3df91,ff84569c18c273ddd0e0ac8891f31df2603e0d02efa9ab6c725c67747d39e925,True,True,0,,,2166.861598458365,0.0,0.0,-0.0007637989467998703,0.009560633865020826,0.009560633865020826,True,True,6.984919309616089e-10,7.105427357601002e-13,d956475dae8ca5757ea5d69ced390ef5abb2475fbbbc2a5395bf358d51d6bbbb,150c36bbe0578e1547db2308270e86710696542ef42eb22ad232e6f2c61d8df5,True,54452.83755717685,149799.51841429507,96383.05805432482,0.0,True,True
2016,0.106,106,v4p9p11p1_uniform_postpolish_max_fixed_lml,direct_lbfgsb__v4p9p11_seed_9151,direct_lbfgsb,164.04078914052053,0.4706213763423494,2168.8993802825075,13,13,3,direct_lbfgsb|powell_lbfgsb|trust_lbfgsb,direct_lbfgsb__archived|direct_lbfgsb__lattice_c1000_f0p1|direct_lbfgsb__lattice_c1000_f0p5|direct_lbfgsb__lattice_c1000_f0p9|direct_lbfgsb__lattice_c100_f0p1|direct_lbfgsb__lattice_c100_f0p5|direct_lbfgsb__lattice_c100_f0p9|direct_lbfgsb__v4p9p11_seed_2711|direct_lbfgsb__v4p9p11_seed_6043|direct_lbfgsb__v4p9p11_seed_9151|powell_lbfgsb__best_prior_source|trust_lbfgsb__best_prior_source|trust_lbfgsb__fixed_lattice_center,True,v4p9p11_seed_9151,640,264,376,80,3b445d136bde6821a172d182807f53fc89d47b8ebb5fdd0445f28e707b0260b5,c52e3915d2be833efb3ec4222fdadde090777bc94efd63a7b50e9cb6c8e7119a,c4f041352b23639e5c2750f76c26986803fd10da218f1078736cfa1a81575cde,True,True,0,,,2168.8993802825075,0.0,0.0,2.248091316875987e-06,6.575980734148744e-05,6.575980734148744e-05,True,True,8.440110832452774e-10,8.242295734817162e-13,0a1353e03925dcdb016eb36d72b1fa69e492d768daa3e130ca1d856975a6f2ed,df6d34fc9384d68a3bc7fc37f30bfaf1571045d3eae7e96371b96176ead9b098,True,51583.90136363439,143180.3337145195,91533.40966512688,0.0,True,True
2016,0.107,107,v4p9p11p1_uniform_postpolish_max_fixed_lml,direct_lbfgsb__lattice_c100_f0p1,direct_lbfgsb,153.05277631926143,0.46494238937327736,2170.8817446085054,9,9,2,direct_lbfgsb|trust_lbfgsb,direct_lbfgsb__archived|direct_lbfgsb__lattice_c1000_f0p1|direct_lbfgsb__lattice_c100_f0p1|direct_lbfgsb__lattice_c100_f0p5|direct_lbfgsb__lattice_c100_f0p9|direct_lbfgsb__v4p9p11_seed_2711|direct_lbfgsb__v4p9p11_seed_9151|trust_lbfgsb__best_prior_source|trust_lbfgsb__fixed_lattice_center,True,v4p9p11_seed_6043,640,268,372,80,107fc5acffe0bafb7bdf684c31ed66f42ee7da70fbe2a337632ddda9aceaecc3,1ab52235d1d92bf3cf09763550755ab107da65d7a74567653e256aee15365adf,528f31fbc5757eaa17ec656c851f87a9b8dcd3c874f0ba1bc82c3e78a6fa4a25,True,True,0,,,2170.8817446085054,0.0,0.0,4.511985689692025e-05,-0.0011375413024735934,0.0011375413024735934,True,True,6.511982064694166e-10,7.105427357601002e-13,5ee3399c5bf9111c83c833ce7c6fe24c7f129fdd81852204de10ddc233cc1f73,62b0f41ec74bcc70eba12c7cbcca678ab93f50a934b06627052639c1820eeb71,True,48887.24975024961,136799.78103255937,86977.11177520093,0.0,True,True
2016,0.108,108,v4p9p11p1_uniform_postpolish_max_fixed_lml,direct_lbfgsb__v4p9p11_seed_9151,direct_lbfgsb,150.27778621516276,0.46145071649570174,2164.5119698549306,12,12,3,direct_lbfgsb|powell_lbfgsb|trust_lbfgsb,direct_lbfgsb__archived|direct_lbfgsb__lattice_c1000_f0p1|direct_lbfgsb__lattice_c1000_f0p5|direct_lbfgsb__lattice_c1000_f0p9|direct_lbfgsb__lattice_c100_f0p5|direct_lbfgsb__lattice_c100_f0p9|direct_lbfgsb__v4p9p11_seed_2711|direct_lbfgsb__v4p9p11_seed_6043|direct_lbfgsb__v4p9p11_seed_9151|powell_lbfgsb__card_initializer|trust_lbfgsb__best_prior_source|trust_lbfgsb__fixed_lattice_center,True,v4p9p11_seed_9151,638,271,367,82,a50b0a0916358475d52819615e5927a8a0a014ffb9e35529ccdfbacd267ab127,dd7033c294cde161ef6110787518b3700a202bc45dd4908b50816e1f2e3f02f8,f51759e30db128b8b2fb1e0650bdbdb9bf66d8fec2a26ea7b5492a416b8f0d7f,True,True,0,,,2164.5119698549306,0.0,0.0,7.401297208510197e-07,2.1960145312159562e-06,2.1960145312159562e-06,True,True,8.221832104027271e-10,7.673861546209082e-13,a891d95a87e265a1ac2e20e0f9d0394f0ec4626cbc614c787037afc2cb782dd5,c19d4dca87618c9beab8e74e5f72ca135bc0eca3c64cb5719bb60a4b5a973e5b,True,45677.33307950213,132227.7944826702,82830.17440787259,0.0,True,True
2016,0.109,109,v4p9p11p1_uniform_postpolish_max_fixed_lml,direct_lbfgsb__v4p9p11_seed_6043,direct_lbfgsb,143.19803109901775,0.45261590692545817,2163.156562684476,11,11,3,direct_lbfgsb|powell_lbfgsb|trust_lbfgsb,direct_lbfgsb__archived|direct_lbfgsb__lattice_c1000_f0p1|direct_lbfgsb__lattice_c1000_f0p9|direct_lbfgsb__lattice_c100_f0p1|direct_lbfgsb__lattice_c100_f0p5|direct_lbfgsb__lattice_c100_f0p9|direct_lbfgsb__v4p9p11_seed_2711|direct_lbfgsb__v4p9p11_seed_6043|powell_lbfgsb__card_initializer|trust_lbfgsb__best_prior_source|trust_lbfgsb__fixed_lattice_center,True,v4p9p11_seed_9151,638,275,363,82,e2e737578cbb6b3bbd7a8e3b990f394329644e657f8afea3c6c989c02a3587db,beaddd2b9c5046d86222b416e437cc1e2714bf785e5f94b86021fca6aa9be972,c4a1882d2913ac2534423112e6e98dcf65a8d7629f1b59c0e319386548dc5db9,True,True,0,,,2163.156562684476,0.0,0.0,0.0009566065498929034,-0.00017751389991423796,0.0009566065498929034,True,True,6.548361852765083e-10,7.958078640513122e-13,a738178fb1ce68915a5a4a546cc68595a6c1748e8240dbd24942b9ac90a9e8f7,7d8965fb90b659be4e626f5353d84bed08eba5446361a208cf18125a6a16c758,True,43250.98207413373,126217.19378062953,78689.60374183254,0.0,True,True
2016,0.11,110,v4p9p11p1_uniform_postpolish_max_fixed_lml,direct_lbfgsb__v4p9p11_seed_6043,direct_lbfgsb,116.41840317404515,0.4201839845793437,2159.8554523808516,10,10,2,direct_lbfgsb|trust_lbfgsb,direct_lbfgsb__lattice_c1000_f0p5|direct_lbfgsb__lattice_c1000_f0p9|direct_lbfgsb__lattice_c100_f0p1|direct_lbfgsb__lattice_c100_f0p5|direct_lbfgsb__lattice_c100_f0p9|direct_lbfgsb__v4p9p11_seed_2711|direct_lbfgsb__v4p9p11_seed_6043|direct_lbfgsb__v4p9p11_seed_9151|trust_lbfgsb__best_prior_source|trust_lbfgsb__fixed_lattice_center,True,v4p9p11_seed_9151,636,278,358,84,6e39cd0550622c688a77d51c99f4951d55bd0061e5eb1ecdabac49b623c9c6b3,e1a5ea10802df6b7eb952379642911ecc02f2a56be84d79a0cdd013bbd85de23,0b1d2c09ebc93b43d5455e9fc9db898099d582fc40a1c2b443f3eab14c720efc,True,True,0,,,2159.8554523808516,0.0,0.0,-0.00030157560286878544,0.0006062825254898065,0.0006062825254898065,True,True,5.311449058353901e-10,3.836930773104541e-13,00b71c4fcd6baf73198f8afaca5f8dce82c923fdf45e7542171ba29e6b3a5acc,f3747e51ea3da7b2f7f3cf0b23ac521ec9283568eed56cc52a1c2316b3872976,True,40354.72407973969,122181.0660245747,75390.96122764894,0.0,True,True
2016,0.111,111,v4p9p11p1_uniform_postpolish_max_fixed_lml,direct_lbfgsb__lattice_c100_f0p1,direct_lbfgsb,153.5832737002917,0.4540933367617375,2160.3703723835306,12,11,2,direct_lbfgsb|trust_lbfgsb,direct_lbfgsb__archived|direct_lbfgsb__lattice_c1000_f0p1|direct_lbfgsb__lattice_c1000_f0p5|direct_lbfgsb__lattice_c1000_f0p9|direct_lbfgsb__lattice_c100_f0p1|direct_lbfgsb__lattice_c100_f0p5|direct_lbfgsb__lattice_c100_f0p9|direct_lbfgsb__v4p9p11_seed_2711|direct_lbfgsb__v4p9p11_seed_9151|trust_lbfgsb__best_prior_source|trust_lbfgsb__fixed_lattice_center,True,v4p9p11_seed_2711,636,282,354,84,02a257c7e01786676fcd1378451789bbe5d71f89bf223e69adeb7ddb94bdd78e,230ec29142db929d28c981fee6fbc2ddbb16eca4a894f52ad6447157c3e8c4eb,3c3a20542fa08cdd6117bb2f1fed90f1c252c7a1c755d17fec90f5b477e137bc,True,True,0,,,2160.3703723835306,0.0,0.0,3.060570814813263e-07,-9.492995543349315e-06,9.492995543349315e-06,True,True,5.111360223963857e-10,7.105427357601002e-13,03151211fd72e0f66b7480367eec136d9fb89d40e41b07e00623283e6e9e56f7,9b40e22d2cd1e6ac83cff1c90c12cf8bb4a18016d9c28546b9e16ca512b7cd8e,True,38193.581971653686,116126.77035781792,70807.38848846965,0.0,True,True
2016,0.112,112,v4p9p11p1_uniform_postpolish_max_fixed_lml,direct_lbfgsb__v4p9p11_seed_2711,direct_lbfgsb,103.13224487986137,0.4084081459901521,2150.5751144478454,12,12,3,direct_lbfgsb|powell_lbfgsb|trust_lbfgsb,direct_lbfgsb__archived|direct_lbfgsb__lattice_c1000_f0p1|direct_lbfgsb__lattice_c1000_f0p5|direct_lbfgsb__lattice_c1000_f0p9|direct_lbfgsb__lattice_c100_f0p1|direct_lbfgsb__lattice_c100_f0p5|direct_lbfgsb__lattice_c100_f0p9|direct_lbfgsb__v4p9p11_seed_2711|direct_lbfgsb__v4p9p11_seed_6043|direct_lbfgsb__v4p9p11_seed_9151|powell_lbfgsb__best_prior_source|trust_lbfgsb__fixed_lattice_center,True,v4p9p11_seed_9151,634,285,349,86,5839776982b4247cf491c347eef323853d0f47c130beb7f6686c217b35628636,b64e0485ce28b248d31248388e39ab7079bc28d4bf73103bc470fbae040e6dd3,844f6621bb0710bdf588651c145874ab3c644d8716fa1a494b5a3e3742a4a8e7,True,True,0,,,2150.5751144478454,0.0,0.0,-0.00014294825664680415,-0.001776292226322179,0.001776292226322179,True,True,4.474713932722807e-10,3.836930773104541e-13,6feeae8b9d4ff3ac6d8a521db3d3af5ebd8210760c7515f29a2f5647dba57c09,2c670bf8039498d783c86874172223317a52baf3bb3f678af99c9ee77adf6be3,True,35668.54147553962,112449.11847829097,68144.12634142263,0.0,True,True
2016,0.113,113,v4p9p11p1_uniform_postpolish_max_fixed_lml,direct_lbfgsb__lattice_c100_f0p1,direct_lbfgsb,98.95773246807823,0.4049839783600436,2149.2920224616464,12,12,3,direct_lbfgsb|powell_lbfgsb|trust_lbfgsb,direct_lbfgsb__archived|direct_lbfgsb__lattice_c1000_f0p9|direct_lbfgsb__lattice_c100_f0p1|direct_lbfgsb__lattice_c100_f0p5|direct_lbfgsb__lattice_c100_f0p9|direct_lbfgsb__v4p9p11_seed_2711|direct_lbfgsb__v4p9p11_seed_6043|direct_lbfgsb__v4p9p11_seed_9151|powell_lbfgsb__best_prior_source|powell_lbfgsb__card_initializer|trust_lbfgsb__best_prior_source|trust_lbfgsb__fixed_lattice_center,True,v4p9p11_seed_6043,634,289,345,86,f7654a9cc074e3358355ebca842f344348aa5dc5854f0bf9bf9fb2ac5325652e,f98c9ff06bd556734607188162772f886f557d424f6d92e0fda80310871311b3,62613bec0046bd03dc361cb69a8a81be1284c73802f35d10685265e049e9c38f,True,True,0,,,2149.2920224616464,0.0,0.0,-1.375291839024323e-06,2.0034453978093838e-05,2.0034453978093838e-05,True,True,3.637978807091713e-10,3.979039320256561e-13,8ab8609036c652041e638c6a1d04ca02f8260d3f1350a9f5eee7ec05dd1e1590,7b5dfa42ddf60ac025bad3f931b79ccb43808e4b24d49f6f0ad42bd61e5d77ca,True,33746.10338220118,107059.60551339504,64554.8079505467,0.0,True,True
2016,0.114,114,v4p9p11p1_uniform_postpolish_max_fixed_lml,powell_lbfgsb__card_initializer,powell_lbfgsb,102.9324048216873,0.4086208886423363,2139.498722703919,11,11,3,direct_lbfgsb|powell_lbfgsb|trust_lbfgsb,direct_lbfgsb__archived|direct_lbfgsb__lattice_c1000_f0p1|direct_lbfgsb__lattice_c1000_f0p5|direct_lbfgsb__lattice_c1000_f0p9|direct_lbfgsb__lattice_c100_f0p5|direct_lbfgsb__lattice_c100_f0p9|direct_lbfgsb__v4p9p11_seed_2711|direct_lbfgsb__v4p9p11_seed_6043|powell_lbfgsb__card_initializer|trust_lbfgsb__best_prior_source|trust_lbfgsb__fixed_lattice_center,True,v4p9p11_seed_9151,632,292,340,88,75747932e57ab71db61d38fafcd6157a2852371c15eab94417f02908bb779975,3a94592535b972603a1bcf4f4d7b78b45f3725b77393921ade09b88856f6bf2e,e2241bd6d60e548936d5bb28fad74ade944e1c3cd991b9e41317aba171146473,True,True,0,,,2139.498722703919,0.0,0.0,-0.00047752601866187075,-0.00027686121043601236,0.00047752601866187075,True,True,4.220055416226387e-10,3.552713678800501e-13,bc270bede08fb7c7c65c56f75fb86e1b327af945e9ab053065a677cd02f0e04d,d2c10e0ea760e3c5a447da4a8ecb9554c98e539d2559f93b1f7afc3d30248204,True,31488.09773777402,103186.28250993337,61259.63936372704,0.0,True,True
2016,0.115,115,v4p9p11p1_uniform_postpolish_max_fixed_lml,trust_lbfgsb__best_prior_source,trust_lbfgsb,98.91042633477065,0.40470595958215133,2141.7363369546415,14,14,3,direct_lbfgsb|powell_lbfgsb|trust_lbfgsb,direct_lbfgsb__archived|direct_lbfgsb__lattice_c1000_f0p1|direct_lbfgsb__lattice_c1000_f0p5|direct_lbfgsb__lattice_c1000_f0p9|direct_lbfgsb__lattice_c100_f0p1|direct_lbfgsb__lattice_c100_f0p5|direct_lbfgsb__lattice_c100_f0p9|direct_lbfgsb__v4p9p11_seed_2711|direct_lbfgsb__v4p9p11_seed_6043|direct_lbfgsb__v4p9p11_seed_9151|powell_lbfgsb__best_prior_source|powell_lbfgsb__card_initializer|trust_lbfgsb__best_prior_source|trust_lbfgsb__fixed_lattice_center,True,v4p9p11_seed_9151,632,296,336,88,9269c2cf24663605df13f2ef531b21f98298b968a3396a8423066671436f78a0,88772ea3a7c8bfeebfbbe56d232765d2aefff39ddf01d9a52a186bf54ba6d950,9b8eafa2535eea3af391654cb3b0ad83af2f1282c6f07451141ae736c21d11e3,True,True,0,,,2141.7363369546415,0.0,0.0,2.0978448156674858e-06,2.6359690576344633e-05,2.6359690576344633e-05,True,True,4.656612873077393e-10,4.121147867408581e-13,c74d178b5d7a9a27d310cb14d376e43388f75bd5ece285560baac47fd3b19c8f,2277364550673044d63a38d84bbef77c17bf377d697cd27e243dad9e85496582,True,29822.480927840574,98242.44059816338,58103.20466829611,0.0,True,True
2016,0.116,116,v4p9p11p1_uniform_postpolish_max_fixed_lml,direct_lbfgsb__archived,direct_lbfgsb,120.82644714200002,0.42351758992646665,2145.0201640551722,12,12,3,direct_lbfgsb|powell_lbfgsb|trust_lbfgsb,direct_lbfgsb__archived|direct_lbfgsb__lattice_c1000_f0p1|direct_lbfgsb__lattice_c1000_f0p5|direct_lbfgsb__lattice_c1000_f0p9|direct_lbfgsb__lattice_c100_f0p1|direct_lbfgsb__lattice_c100_f0p5|direct_lbfgsb__lattice_c100_f0p9|direct_lbfgsb__v4p9p11_seed_2711|direct_lbfgsb__v4p9p11_seed_9151|powell_lbfgsb__best_prior_source|trust_lbfgsb__best_prior_source|trust_lbfgsb__fixed_lattice_center,True,v4p9p11_seed_6043,632,300,332,88,75e887bc9ad208b48831295d2abde883c5bebc54a19caa240598598dc842237b,5f3a11cec7fa502f844d7d7d16f265a0d375b9146b71a26e3f7d546be81d9cb8,8ff2c5fd0e1854f8418d6d0c7b97dc1e6288e54fd23105ec682c4c5fb689c6df,True,True,0,,,2145.0201640551722,0.0,0.0,-0.00031601628913932654,0.005532025237432844,0.005532025237432844,True,True,3.6197889130562544e-10,3.694822225952521e-13,acdb8f1bc4bbb87af313301d738ecf057c53a1f11feb1e0858eb78ce2cc1d399,88b83db9eec5daf18f86fae69fa867dabd5ddd3dfe9aa49b88d240ceb10ba2ec,True,28203.693205903153,93282.004307637,54573.76654750164,0.0,True,True
2016,0.117,117,v4p9p11p1_uniform_postpolish_max_fixed_lml,powell_lbfgsb__best_prior_source,powell_lbfgsb,147.19584628397052,0.44567712358615147,2140.820571353059,13,11,3,direct_lbfgsb|powell_lbfgsb|trust_lbfgsb,direct_lbfgsb__archived|direct_lbfgsb__lattice_c1000_f0p5|direct_lbfgsb__lattice_c1000_f0p9|direct_lbfgsb__lattice_c100_f0p1|direct_lbfgsb__lattice_c100_f0p5|direct_lbfgsb__lattice_c100_f0p9|direct_lbfgsb__v4p9p11_seed_2711|direct_lbfgsb__v4p9p11_seed_6043|direct_lbfgsb__v4p9p11_seed_9151|powell_lbfgsb__best_prior_source|trust_lbfgsb__best_prior_source,True,v4p9p11_seed_9151,630,303,327,90,51bf9f29077abc3af1d9127551a685e73bc25ca7afeca8f38e0d82085afab31b,de8b844b59ea01faeba33289d42bd4d9e973eaa5139aef9b544bf0946fc5c0d7,686d2589e4719e3e1a182f71396a749b215ca8ba33406fbf8a5c1461ad7a17b8,True,True,0,,,2140.820571353059,0.0,0.0,0.00034237316047379103,-0.009642307853284553,0.009642307853284553,True,True,6.111804395914078e-10,7.105427357601002e-13,1c3c4c7f7070390b50a5203f6f6bec7130bd6cdffd58a7abafd9f49176292071,bfeb332710947230e4c951c8cc4caa2cc0973be62af94e25329d5909bf6a9099,True,26309.7581585541,89689.90636257196,51383.481283534864,0.0,True,True
2016,0.118,118,v4p9p11p1_uniform_postpolish_max_fixed_lml,trust_lbfgsb__best_prior_source,trust_lbfgsb,123.03896004844279,0.4252733593924619,2142.870983794596,11,11,2,direct_lbfgsb|trust_lbfgsb,direct_lbfgsb__archived|direct_lbfgsb__lattice_c1000_f0p1|direct_lbfgsb__lattice_c1000_f0p9|direct_lbfgsb__lattice_c100_f0p1|direct_lbfgsb__lattice_c100_f0p5|direct_lbfgsb__lattice_c100_f0p9|direct_lbfgsb__v4p9p11_seed_2711|direct_lbfgsb__v4p9p11_seed_6043|direct_lbfgsb__v4p9p11_seed_9151|trust_lbfgsb__best_prior_source|trust_lbfgsb__fixed_lattice_center,True,v4p9p11_seed_6043,630,307,323,90,c155dae8aa830c5db4af7f5f06b377a7d4e7ea7e4877005262bc6c9b413c5f8e,fe387c760be5fb378af5a1d2c01924a22d8881a2921a86b233800891800fcbbd,c1519552c55b7be9f018890422dff94cc220aeb1fdaea16639ed248a46c2e955,True,True,0,,,2142.870983794596,0.0,0.0,-0.0005042582610471306,0.0014140805778390503,0.0014140805778390503,True,True,4.511093720793724e-10,3.836930773104541e-13,acb486c7e4df7f13f74234b9c240a61c2090f454212bfbef1490ae1e90ca62e2,b1120c58f763277e877ca71a4c729cd9fb3e5ee65cbce1260b3d474a2b7a122b,True,24898.68400676506,85367.46850279668,48907.32517302388,0.0,True,True
2016,0.119,119,v4p9p11p1_uniform_postpolish_max_fixed_lml,trust_lbfgsb__best_prior_source,trust_lbfgsb,172.72901110260798,0.4637374575929835,2138.476876653167,11,11,3,direct_lbfgsb|powell_lbfgsb|trust_lbfgsb,direct_lbfgsb__lattice_c1000_f0p5|direct_lbfgsb__lattice_c1000_f0p9|direct_lbfgsb__lattice_c100_f0p1|direct_lbfgsb__lattice_c100_f0p5|direct_lbfgsb__lattice_c100_f0p9|direct_lbfgsb__v4p9p11_seed_2711|direct_lbfgsb__v4p9p11_seed_6043|direct_lbfgsb__v4p9p11_seed_9151|powell_lbfgsb__best_prior_source|trust_lbfgsb__best_prior_source|trust_lbfgsb__fixed_lattice_center,True,v4p9p11_seed_2711,628,310,318,92,460a4dec9bb7b3dc8bcd13096fb174a0044d13d5ce17a0592eae53a5563408a9,00733df3a1e0a6f5cffe0b0b8eb73ffaa4f76045bf220ecd0cbd79cbcfbbc6ca,42450ea19bc4dd2b71281d7ae2379ac5be0d25c8973b026d087161069fa0d19d,True,True,0,,,2138.476876653167,0.0,0.0,0.00022317803760674873,-0.007669655228886899,0.007669655228886899,True,True,6.111804395914078e-10,7.389644451905042e-13,cbb9f3705c1653983c64f7164bd787e9e8e3965342f40cebbe8753da3abd624e,3e166b2f68ea776e20f55ba6bc910876f7ee9d177f9f754cf41cb328bdb6d731,True,23196.919934070793,81848.08592796119,45775.9932234486,0.0,True,True
2016,0.12,120,v4p9p11p1_uniform_postpolish_max_fixed_lml,direct_lbfgsb__lattice_c1000_f0p9,direct_lbfgsb,173.74969407848747,0.46512308277346,2137.071481874726,10,10,2,direct_lbfgsb|trust_lbfgsb,direct_lbfgsb__lattice_c1000_f0p1|direct_lbfgsb__lattice_c1000_f0p5|direct_lbfgsb__lattice_c1000_f0p9|direct_lbfgsb__lattice_c100_f0p1|direct_lbfgsb__lattice_c100_f0p5|direct_lbfgsb__lattice_c100_f0p9|direct_lbfgsb__v4p9p11_seed_2711|direct_lbfgsb__v4p9p11_seed_6043|direct_lbfgsb__v4p9p11_seed_9151|trust_lbfgsb__best_prior_source,True,v4p9p11_seed_2711,628,314,314,92,eb93f679edfff9023ec8128abe8ba6a58c2fe3d2a8174ddff11c55a24908c81e,2d2277c7430be80a6a28e0337f06b6e02e8ee445445bd2f5105fb9ddf3f8da23,281e20dc00f8c78de03918bb83435d9e1d085bc50eb8152e7a53c090950709c4,True,True,0,,,2137.071481874726,0.0,0.0,-7.236337570363427e-06,-4.652611424269601e-05,4.652611424269601e-05,True,True,7.130438461899757e-10,8.242295734817162e-13,efcfca112a3fda6ca759f64ddc04b928b1cdc60326d09ed8dea93772a69f60cd,ca97f7571ff6d0d478f20197e4f1cd0be0157bc93e9ad9154092fab541f7d967,True,21945.18651040715,77696.863520163,43264.21307823491,0.0,True,True
2016,0.121,121,v4p9p11p1_uniform_postpolish_max_fixed_lml,trust_lbfgsb__best_prior_source,trust_lbfgsb,182.42314516471373,0.4727955639808103,2135.605390427782,10,9,2,direct_lbfgsb|trust_lbfgsb,direct_lbfgsb__archived|direct_lbfgsb__lattice_c1000_f0p1|direct_lbfgsb__lattice_c1000_f0p5|direct_lbfgsb__lattice_c1000_f0p9|direct_lbfgsb__lattice_c100_f0p9|direct_lbfgsb__v4p9p11_seed_6043|direct_lbfgsb__v4p9p11_seed_9151|trust_lbfgsb__best_prior_source|trust_lbfgsb__fixed_lattice_center,True,v4p9p11_seed_9151,626,317,309,94,508e631b1c49241a50645492b71944d2a8f5fdf6fdad7a10ec2e49d941dcfa4a,ed141afb95ef20bc29188842aed6921c5874f7ef23bcaa621bb8f4c992d20e0b,eecf62b5d760ab2d7e26df79956861ce4dde66270fbae5eb3bcf798fcd2f78a5,True,True,0,,,2135.605390427782,0.0,0.0,2.8427985489426972e-05,9.881321858290688e-06,2.8427985489426972e-05,True,True,9.076757123693824e-10,7.673861546209082e-13,92c25edfd6d00019222135b0e93395e7ad01d0cfacd7d3e6b3ba0bd2c5cf6b06,73972e24f9124a3aa430ee3cf0eb1cf38a06b21d0e77210239537f9206c96d44,True,20453.79936479175,74678.46355858898,40904.84977392417,0.0,True,True
2016,0.122,122,v4p9p11p1_uniform_postpolish_max_fixed_lml,direct_lbfgsb__archived,direct_lbfgsb,176.78231619452245,0.47135993479582017,2137.997305266977,11,11,3,direct_lbfgsb|powell_lbfgsb|trust_lbfgsb,direct_lbfgsb__archived|direct_lbfgsb__lattice_c1000_f0p1|direct_lbfgsb__lattice_c1000_f0p5|direct_lbfgsb__lattice_c1000_f0p9|direct_lbfgsb__lattice_c100_f0p1|direct_lbfgsb__v4p9p11_seed_2711|direct_lbfgsb__v4p9p11_seed_6043|direct_lbfgsb__v4p9p11_seed_9151|powell_lbfgsb__best_prior_source|trust_lbfgsb__best_prior_source|trust_lbfgsb__fixed_lattice_center,True,v4p9p11_seed_9151,626,321,305,94,e57652ba39b6bd38bd9581a231176efc822a9c18739a1163c5b73b4b1384330a,7704add38529c443a2116412406af09b6ffa9e482f421964df49e503d7f21c26,1ad97a99fc89b0723f5eadd6906b6248d4ca27ee164f64d84e3e79be16f661e1,True,True,0,,,2137.997305266977,0.0,0.0,-8.877203448366625e-07,1.925836514160604e-06,1.925836514160604e-06,True,True,6.111804395914078e-10,8.526512829121202e-13,2a3c154b675c765df749152b7d11a2b369fca1432fa85d37cfe4e950ab9d17a7,033e2c04a283d20aed645559ddf620eaed60f8593d0d87697913dd709cd89b81,True,19356.58174151029,70879.87310015314,38696.103142282285,0.0,True,True
2016,0.123,123,v4p9p11p1_uniform_postpolish_max_fixed_lml,trust_lbfgsb__fixed_lattice_center,trust_lbfgsb,172.23042101305043,0.4698955010720415,2132.9427506828297,9,9,2,direct_lbfgsb|trust_lbfgsb,direct_lbfgsb__archived|direct_lbfgsb__lattice_c1000_f0p1|direct_lbfgsb__lattice_c1000_f0p5|direct_lbfgsb__lattice_c1000_f0p9|direct_lbfgsb__lattice_c100_f0p9|direct_lbfgsb__v4p9p11_seed_2711|direct_lbfgsb__v4p9p11_seed_6043|trust_lbfgsb__best_prior_source|trust_lbfgsb__fixed_lattice_center,True,v4p9p11_seed_9151,624,324,300,96,62d98b2c88fdcaf3f5d00a6cc597a59e4fd59083d4ca074074b639dadd899652,357c2f908bdb2fe40cc14a1f89050af64d2188224728446cfed75fd38fa7e0fc,ebddef335995b452a8140d08b06de6d2aab07ea013abb9ec006d10c24a04c45c,True,True,0,,,2132.9427506828297,0.0,0.0,5.365384457143834e-06,-4.1008221225053265e-06,5.365384457143834e-06,True,True,5.420588422566652e-10,6.821210263296962e-13,79c2ef9ad51fb69dfe5fa1d519154411786d116d66b151b17aa92cfd8581281f,0e775f0744c7c1ed034465297397794546ca79eabc3f0261af221a872043f457,True,18067.630341758457,68182.71065409038,36689.56272728935,0.0,True,True
2016,0.124,124,v4p9p11p1_uniform_postpolish_max_fixed_lml,direct_lbfgsb__lattice_c100_f0p1,direct_lbfgsb,167.4779556477861,0.4680005520232898,2133.81267287865,9,9,2,direct_lbfgsb|trust_lbfgsb,direct_lbfgsb__archived|direct_lbfgsb__lattice_c1000_f0p1|direct_lbfgsb__lattice_c1000_f0p5|direct_lbfgsb__lattice_c1000_f0p9|direct_lbfgsb__lattice_c100_f0p1|direct_lbfgsb__lattice_c100_f0p5|direct_lbfgsb__v4p9p11_seed_2711|direct_lbfgsb__v4p9p11_seed_9151|trust_lbfgsb__best_prior_source,True,v4p9p11_seed_6043,624,328,296,96,06b35c62e00ddc946406294a40f11101da3eddaa22288a1c4256298178a6b0eb,bd533fa7115ea3b4918b6143b9d57d0dbc5f5862cac8c11d46a65667c707360c,6f37afe5d1acb4fde509f058ee2b7ac47b5a2c698fd9c5cb9b2de2091d21cd6a,True,True,0,,,2133.81267287865,0.0,0.0,-1.367760130025879e-06,6.062274096151069e-06,6.062274096151069e-06,True,True,8.731149137020111e-10,7.389644451905042e-13,258da53463855b67bbc67ba87a7563d69663f2bd275c6b63b6de12cc2556c048,b4373e742cb0e85395df859193b1e8dc5100145d9327d6d05f5c58a173517def,True,17101.062790265118,64682.99334115422,34707.98660224041,0.0,True,True
2016,0.125,125,v4p9p11p1_uniform_postpolish_max_fixed_lml,direct_lbfgsb__lattice_c100_f0p1,direct_lbfgsb,166.43045680000876,0.4673673148379828,2128.278103343677,12,12,2,direct_lbfgsb|trust_lbfgsb,direct_lbfgsb__archived|direct_lbfgsb__lattice_c1000_f0p1|direct_lbfgsb__lattice_c1000_f0p5|direct_lbfgsb__lattice_c1000_f0p9|direct_lbfgsb__lattice_c100_f0p1|direct_lbfgsb__lattice_c100_f0p5|direct_lbfgsb__lattice_c100_f0p9|direct_lbfgsb__v4p9p11_seed_2711|direct_lbfgsb__v4p9p11_seed_6043|direct_lbfgsb__v4p9p11_seed_9151|trust_lbfgsb__best_prior_source|trust_lbfgsb__fixed_lattice_center,True,v4p9p11_seed_9151,622,331,291,98,b9051ac33d2aca488a3b0add2d0587468cb6d2ffc305528425f851c4edf40357,0e708db36bac6a6c5420ddc01359305a5499c6d3ca052572a2aa0980d9723ee8,3972413cc4b63599712eeb0c2297c49955d17d6c9623230d11febdee725120f1,True,True,0,,,2128.278103343677,0.0,0.0,1.95382975085651e-06,3.8437425229889415e-06,3.8437425229889415e-06,True,True,1.0186340659856796e-09,7.673861546209082e-13,44cc21093d413ff731a7c3f6e5b04deee3f0fe77b41d6543d3a11114836e5b96,2d4b78ac8cbe7edbe6f0858619ac8837f429904564de0c53060f269d8e8940da,True,15966.368083079837,62188.28751705957,32898.17818315736,0.0,True,True
2016,0.126,126,v4p9p11p1_uniform_postpolish_max_fixed_lml,direct_lbfgsb__lattice_c1000_f0p9,direct_lbfgsb,154.00293941652936,0.4598641935706612,2125.0165343929,11,11,2,direct_lbfgsb|trust_lbfgsb,direct_lbfgsb__archived|direct_lbfgsb__lattice_c1000_f0p1|direct_lbfgsb__lattice_c1000_f0p5|direct_lbfgsb__lattice_c1000_f0p9|direct_lbfgsb__lattice_c100_f0p5|direct_lbfgsb__lattice_c100_f0p9|direct_lbfgsb__v4p9p11_seed_2711|direct_lbfgsb__v4p9p11_seed_6043|direct_lbfgsb__v4p9p11_seed_9151|trust_lbfgsb__best_prior_source|trust_lbfgsb__fixed_lattice_center,True,v4p9p11_seed_9151,622,335,287,98,e25536b4329a40ec7d0e9226b317e677b0671afd2fc6f2bdbcbdd1609343d07e,a4dec85f7f05e264bfe79d934ab5652abfbacef172efdd6da830e713c9afe8f6,f7076a5e34a3c02d3117e514d98481f80b8b733bfb44cdc919ed628dfdd4f6e7,True,True,0,,,2125.0165343929,0.0,0.0,-1.7063698998279737e-06,-1.1172769165152195e-05,1.1172769165152195e-05,True,True,6.984919309616089e-10,7.389644451905042e-13,aeb3a0f532c5854602a0c252ce5c38126ee76c1f45bcf72d55d23c3a298e05e7,b1df90e2185c82d2272599a48f49c9cde0d90fcd2540432ee2d395a87b53e014,True,15119.263789560575,59017.59639773191,31165.527317943735,0.0,True,True
2016,0.127,127,v4p9p11p1_uniform_postpolish_max_fixed_lml,trust_lbfgsb__fixed_lattice_center,trust_lbfgsb,93.88152541651979,0.3986825770594523,2128.599089862827,11,11,2,direct_lbfgsb|trust_lbfgsb,direct_lbfgsb__archived|direct_lbfgsb__lattice_c1000_f0p1|direct_lbfgsb__lattice_c1000_f0p5|direct_lbfgsb__lattice_c1000_f0p9|direct_lbfgsb__lattice_c100_f0p1|direct_lbfgsb__lattice_c100_f0p5|direct_lbfgsb__v4p9p11_seed_2711|direct_lbfgsb__v4p9p11_seed_6043|direct_lbfgsb__v4p9p11_seed_9151|trust_lbfgsb__best_prior_source|trust_lbfgsb__fixed_lattice_center,True,v4p9p11_seed_9151,622,339,283,98,983997729c02ad23768883f40f72c4aa98e985e4276074b846baaeabf7341ce8,5d6b763515fc7941d84ca021471fbab8fa6e684875c51d7e9d9d0633e2d37bbd,9bd647774cc56e918224e3a14d0e7189956948cfe06a55e7491159ae1337584f,True,True,0,,,2128.599089862827,0.0,0.0,0.001107671357473678,-0.0036437139971970726,0.0036437139971970726,True,True,7.275957614183426e-10,3.979039320256561e-13,1c3e2459d2a6161960dddf6b305a49afd64324379b701c1c3202978079213181,f83b4e9b309ee06f3d7a999cc9f7ba03c096bdd19f0153d010782bab8b1fe862,True,14326.847655709003,56376.388759427326,29986.743438170786,0.0,True,True
2016,0.128,128,v4p9p11p1_uniform_postpolish_max_fixed_lml,direct_lbfgsb__lattice_c100_f0p9,direct_lbfgsb,85.6081788924622,0.3904070045008517,2120.9610382703722,13,13,3,direct_lbfgsb|powell_lbfgsb|trust_lbfgsb,direct_lbfgsb__archived|direct_lbfgsb__lattice_c1000_f0p5|direct_lbfgsb__lattice_c1000_f0p9|direct_lbfgsb__lattice_c100_f0p1|direct_lbfgsb__lattice_c100_f0p5|direct_lbfgsb__lattice_c100_f0p9|direct_lbfgsb__v4p9p11_seed_2711|direct_lbfgsb__v4p9p11_seed_6043|direct_lbfgsb__v4p9p11_seed_9151|powell_lbfgsb__best_prior_source|powell_lbfgsb__card_initializer|trust_lbfgsb__best_prior_source|trust_lbfgsb__fixed_lattice_center,True,v4p9p11_seed_9151,620,342,278,100,1aec165fcb317f7308c03fc6bb710ec0ce7d34dd00736e25549e2a8c1c50424f,5a27bd8c4c560b16bfa7142843c06ae39d872e9afbe5e14d6158bf1dd34f5693,65b3c8c8b2235ca6af4af370abf9d5035bb8ded198424f2ded9a46bd5cb64d21,True,True,0,,,2120.9610382703722,0.0,0.0,9.843914048095081e-07,1.524338950975807e-07,9.843914048095081e-07,True,True,4.3655745685100555e-10,4.121147867408581e-13,345efb0e94d9c845ffaca257057a5ea4537190e740129efb3ef7264f82dc6544,48cac043597963c29a46b8d7b6089cb8c9ffc06f7e6b6234eb2d47487a423bb1,True,13385.209022869372,54259.91344593192,28527.11838108002,0.0,True,True
2016,0.129,129,v4p9p11p1_uniform_postpolish_max_fixed_lml,trust_lbfgsb__best_prior_source,trust_lbfgsb,87.24908904402471,0.3922460106074138,2123.3763718346063,11,11,2,direct_lbfgsb|trust_lbfgsb,direct_lbfgsb__archived|direct_lbfgsb__lattice_c1000_f0p1|direct_lbfgsb__lattice_c1000_f0p5|direct_lbfgsb__lattice_c1000_f0p9|direct_lbfgsb__lattice_c100_f0p5|direct_lbfgsb__lattice_c100_f0p9|direct_lbfgsb__v4p9p11_seed_2711|direct_lbfgsb__v4p9p11_seed_6043|direct_lbfgsb__v4p9p11_seed_9151|trust_lbfgsb__best_prior_source|trust_lbfgsb__fixed_lattice_center,True,v4p9p11_seed_2711,620,346,274,100,0515f75864a66e07d5c3812fc21f6e6182be65371e73c5a497819ba0e0b4d1fa,90f8bb92a3abe101e849c0b9b20cff552771af2b1af4a0264c6a602b5f1caa8b,85afd2c6885f6335eea7b46fbce2b29cfff0c6862e84a4ad03b824e3a4b9a25a,True,True,0,,,2123.3763718346063,0.0,0.0,-0.00037157145428820087,0.003575798087222134,0.003575798087222134,True,True,3.346940502524376e-10,3.836930773104541e-13,06fa32d43fd615bb56f3532855c5600291eba3aa242ea9d01f6b1d20957ae895,a2edc783450356d39ab42a8fd966e14fc4878df11a03a96fde2c7454390a2e07,True,12683.94593964511,51387.27447638245,26930.44284825388,0.0,True,True
2016,0.13,130,v4p9p11p1_uniform_postpolish_max_fixed_lml,trust_lbfgsb__best_prior_source,trust_lbfgsb,95.67572533145906,0.4005325545411327,2114.9087421216327,11,11,3,direct_lbfgsb|powell_lbfgsb|trust_lbfgsb,direct_lbfgsb__archived|direct_lbfgsb__lattice_c1000_f0p1|direct_lbfgsb__lattice_c1000_f0p5|direct_lbfgsb__lattice_c1000_f0p9|direct_lbfgsb__lattice_c100_f0p1|direct_lbfgsb__lattice_c100_f0p5|direct_lbfgsb__v4p9p11_seed_6043|direct_lbfgsb__v4p9p11_seed_9151|powell_lbfgsb__card_initializer|trust_lbfgsb__best_prior_source|trust_lbfgsb__fixed_lattice_center,True,v4p9p11_seed_9151,618,349,269,102,314bfb0bfe4e9eb452e31cf52c1253f2eeeb49af8818627fb885b15d9f983204,a1f262614835466f3a117945885aa7ba7dfd7d714bb03fa80f4c392b13b68555,6d76f1296ca4ae3b23b997077e90c789bc8dfe9ca4101e1406d4458b883fd4cc,True,True,0,,,2114.9087421216327,0.0,0.0,-0.0005703696912692354,0.0028137380937147583,0.0028137380937147583,True,True,4.802132025361061e-10,3.552713678800501e-13,0b443d1a69d94ab68e289a1978f4cd4732d7309f19a9c0a487d03c0307f1fcd9,666c4c6e790e77e6be4616a19fb429712db78934ad1e5800ed2f1abd606ec271,True,11851.893063833979,49285.04249105962,25436.16649004101,0.0,True,True
2016,0.131,131,v4p9p11p1_uniform_postpolish_max_fixed_lml,trust_lbfgsb__best_prior_source,trust_lbfgsb,88.68362024421535,0.3939492018303469,2117.2999928232075,12,12,3,direct_lbfgsb|powell_lbfgsb|trust_lbfgsb,direct_lbfgsb__archived|direct_lbfgsb__lattice_c1000_f0p1|direct_lbfgsb__lattice_c1000_f0p5|direct_lbfgsb__lattice_c1000_f0p9|direct_lbfgsb__lattice_c100_f0p1|direct_lbfgsb__lattice_c100_f0p9|direct_lbfgsb__v4p9p11_seed_2711|direct_lbfgsb__v4p9p11_seed_6043|direct_lbfgsb__v4p9p11_seed_9151|powell_lbfgsb__best_prior_source|trust_lbfgsb__best_prior_source|trust_lbfgsb__fixed_lattice_center,True,v4p9p11_seed_2711,618,353,265,102,1efb9dc2fe439edee607659a0e44ef46290c6c96dcf59a155a552d0ffc37fb02,bc35e792741cc85bd63c049dcc6820d88aa244bf256115c3895e78c2ab4049b9,0242f21dbe5ce5ac1346176374c37b6b85327e67b8d3a9c2b11d3fd815edf4c8,True,True,0,,,2117.2999928232075,0.0,0.0,-4.5051935703875063e-07,6.579918224839037e-06,6.579918224839037e-06,True,True,2.837623469531536e-10,3.694822225952521e-13,785723d21c60cf9cda6066a687a8c714e805229115591ec6f0524d561857cfed,758f8f6cd90d85cdc92dd74061fe45cfb39d308c25237cae3cfd15afa7e00d3d,True,11240.94711522751,46744.1606322708,24116.646314030353,0.0,True,True
2016,0.132,132,v4p9p11p1_uniform_postpolish_max_fixed_lml,direct_lbfgsb__lattice_c1000_f0p1,direct_lbfgsb,89.1624351092559,0.39446098496517845,2112.6015630358306,12,12,3,direct_lbfgsb|powell_lbfgsb|trust_lbfgsb,direct_lbfgsb__archived|direct_lbfgsb__lattice_c1000_f0p1|direct_lbfgsb__lattice_c1000_f0p5|direct_lbfgsb__lattice_c1000_f0p9|direct_lbfgsb__lattice_c100_f0p5|direct_lbfgsb__lattice_c100_f0p9|direct_lbfgsb__v4p9p11_seed_2711|direct_lbfgsb__v4p9p11_seed_6043|direct_lbfgsb__v4p9p11_seed_9151|powell_lbfgsb__best_prior_source|trust_lbfgsb__best_prior_source|trust_lbfgsb__fixed_lattice_center,True,v4p9p11_seed_9151,616,356,260,104,2ffea4e7de7ddf592920101c8e818cb8daa3aa74588cb46ae90aff534b582bd8,4a535dd1c3ebfc90de7633f60588f4fdf04c96841921cc78e290897dc8b67782,f8c3bd3698f1c91e1aaecec4b4815a9e3fb4836692735ff52ca5673dca5630ec,True,True,0,,,2112.6015630358306,0.0,0.0,-4.8987038024914405e-05,0.0007386439399569232,0.0007386439399569232,True,True,3.92901711165905e-10,3.836930773104541e-13,e1fd356badd91a2d3e4c194446953fca646f6ed9163b5f9e54ee4eb7fe35f467,1142285287e4dbe7a7b058caab113676e198d0e7fc782692895fb9207d5edfec,True,10513.479015090434,44893.2906305939,22863.52195828628,0.0,True,True
2016,0.133,133,v4p9p11p1_uniform_postpolish_max_fixed_lml,direct_lbfgsb__lattice_c1000_f0p5,direct_lbfgsb,84.5921777573874,0.38998809498455506,2113.412825478795,10,10,3,direct_lbfgsb|powell_lbfgsb|trust_lbfgsb,direct_lbfgsb__archived|direct_lbfgsb__lattice_c1000_f0p1|direct_lbfgsb__lattice_c1000_f0p5|direct_lbfgsb__lattice_c1000_f0p9|direct_lbfgsb__lattice_c100_f0p5|direct_lbfgsb__lattice_c100_f0p9|direct_lbfgsb__v4p9p11_seed_6043|powell_lbfgsb__best_prior_source|trust_lbfgsb__best_prior_source|trust_lbfgsb__fixed_lattice_center,True,v4p9p11_seed_6043,616,360,256,104,3eeac778d977247472e09d8eb0e252ac416a868bff484385badacbf00b1006d9,577a9c1c509d264c0aafea568fc7d806a4ae11e71c3a0e229c12065d07f0e147,8c0e99def01ee398ec572e649fd653fa8fbdd3fa0a811d29cc6e44e7888a1802,True,True,0,,,2113.412825478795,0.0,0.0,0.0017548205730098085,-0.008874149079372676,0.008874149079372676,True,True,3.41970007866621e-10,3.979039320256561e-13,be2d466c2f25e032752405374753e6af542794727384b6546a031aabdd3a5212,5a8273d623fd17b1ef2da4ce1d5a6a5cc11f779f1c82d029f59c8e14a65757df,True,9969.918683072685,42545.99277542285,21649.7765145144,0.0,True,True
2016,0.134,134,v4p9p11p1_uniform_postpolish_max_fixed_lml,direct_lbfgsb__lattice_c1000_f0p9,direct_lbfgsb,85.30754599788527,0.39094117298696257,2109.7975675804155,12,12,3,direct_lbfgsb|powell_lbfgsb|trust_lbfgsb,direct_lbfgsb__archived|direct_lbfgsb__lattice_c1000_f0p1|direct_lbfgsb__lattice_c1000_f0p5|direct_lbfgsb__lattice_c1000_f0p9|direct_lbfgsb__lattice_c100_f0p5|direct_lbfgsb__lattice_c100_f0p9|direct_lbfgsb__v4p9p11_seed_2711|direct_lbfgsb__v4p9p11_seed_6043|direct_lbfgsb__v4p9p11_seed_9151|powell_lbfgsb__best_prior_source|trust_lbfgsb__best_prior_source|trust_lbfgsb__fixed_lattice_center,True,v4p9p11_seed_2711,614,363,251,106,7d1d63a720a93ebd9e5a0300008079198f6bf5da524be61113054530a3b7a139,fe229103b39c1225d094384c9e56c52ece9492d6a008c20555b15246d6f05190,1fdc6ee01338be06a1349140287f826989b28da2fccd116f37df465295ee27c4,True,True,0,,,2109.7975675804155,0.0,0.0,0.001113975813213348,-0.0032358899099380026,0.0032358899099380026,True,True,2.6921043172478676e-10,4.263256414560601e-13,520029396c62700eb5febdd84c8ac79b1392e91f86b34d89c0e6e15197f9da01,140fd3b31f810c11c4d4afdb76739f5ee7c7320f65c8c544795432069ca75066,True,9339.147381065239,40868.29699280089,20543.907653047707,0.0,True,True
2016,0.135,135,v4p9p11p1_uniform_postpolish_max_fixed_lml,trust_lbfgsb__fixed_lattice_center,trust_lbfgsb,91.91391906590937,0.39743269870318926,2113.7725197362847,11,11,3,direct_lbfgsb|powell_lbfgsb|trust_lbfgsb,direct_lbfgsb__archived|direct_lbfgsb__lattice_c1000_f0p5|direct_lbfgsb__lattice_c1000_f0p9|direct_lbfgsb__lattice_c100_f0p5|direct_lbfgsb__lattice_c100_f0p9|direct_lbfgsb__v4p9p11_seed_2711|direct_lbfgsb__v4p9p11_seed_6043|direct_lbfgsb__v4p9p11_seed_9151|powell_lbfgsb__best_prior_source|trust_lbfgsb__best_prior_source|trust_lbfgsb__fixed_lattice_center,True,v4p9p11_seed_9151,614,367,247,106,89bd022aebf44f34c290ffcee17be80e2d513d20cfabc892341dbc3026702810,fe1ca1a22f4dc798f8d7fa3d5698b80e94d75eccca19a2700ad0e8a9da2bd57b,544e98f531b8ee91b1b238ff1ce9a34b65f402f2402a5ba4ddebf2d24a36e9e9,True,True,0,,,2113.7725197362847,0.0,0.0,5.733440822250355e-06,-3.3170638434814695e-05,3.3170638434814695e-05,True,True,4.69299266114831e-10,4.121147867408581e-13,48f5597f436ea6a928ad24b79ebd7cb290dd4cf433f7ab809b5ed34867ac99dc,89614da9b5401fe48acf26a30ca35401d1d1c2f9d3b956f80804f0baef76cca0,True,8866.232026600936,38651.259554789285,19375.675777818476,0.0,True,True
2016,0.136,136,v4p9p11p1_uniform_postpolish_max_fixed_lml,trust_lbfgsb__best_prior_source,trust_lbfgsb,99.65073802083323,0.4043995245922704,2117.8290055733582,13,13,3,direct_lbfgsb|powell_lbfgsb|trust_lbfgsb,direct_lbfgsb__archived|direct_lbfgsb__lattice_c1000_f0p1|direct_lbfgsb__lattice_c1000_f0p5|direct_lbfgsb__lattice_c1000_f0p9|direct_lbfgsb__lattice_c100_f0p1|direct_lbfgsb__lattice_c100_f0p5|direct_lbfgsb__lattice_c100_f0p9|direct_lbfgsb__v4p9p11_seed_2711|direct_lbfgsb__v4p9p11_seed_6043|direct_lbfgsb__v4p9p11_seed_9151|powell_lbfgsb__best_prior_source|trust_lbfgsb__best_prior_source|trust_lbfgsb__fixed_lattice_center,True,v4p9p11_seed_2711,614,371,243,106,27b2ca7f35ad3e05ce59ba319c3c902b92322eb3703bb3ccd117b6c29741a8da,260f2e01437e63299bf2a04e1b0d3cd4d7e61db01336c16b4f6439ac056ea197,08ecdc7a0d7157ae88a1749150621b0870df755d6582aae899e7ff01ff1dfb24,True,True,0,,,2117.8290055733582,0.0,0.0,-2.2226005298781658e-07,1.5480144870703334e-06,1.5480144870703334e-06,True,True,3.346940502524376e-10,4.121147867408581e-13,1ea18cbf9223f3ee16a0465ef8d81fb609ccaebdb9fe3ff5db738ca1b6d69a83,8b72c2eb21df5d4e4f66bdc623db2c84b9171ce33fdf10b082fe94f2c758a56c,True,8416.167469099975,36541.7950831707,18261.453663899283,0.0,True,True
2016,0.137,137,v4p9p11p1_uniform_postpolish_max_fixed_lml,trust_lbfgsb__best_prior_source,trust_lbfgsb,99.8474122275579,0.4045459404601307,2113.9633646659504,11,11,3,direct_lbfgsb|powell_lbfgsb|trust_lbfgsb,direct_lbfgsb__archived|direct_lbfgsb__lattice_c1000_f0p1|direct_lbfgsb__lattice_c1000_f0p9|direct_lbfgsb__lattice_c100_f0p1|direct_lbfgsb__lattice_c100_f0p5|direct_lbfgsb__lattice_c100_f0p9|direct_lbfgsb__v4p9p11_seed_2711|direct_lbfgsb__v4p9p11_seed_6043|powell_lbfgsb__best_prior_source|trust_lbfgsb__best_prior_source|trust_lbfgsb__fixed_lattice_center,True,v4p9p11_seed_2711,612,374,238,108,d1d96f2307ae1a4d9571760c5cbda95c29d469dfe2aac7178fe7b9b07b6321e4,1ab76b510750cc94c0dbd6df09917990c6183ce1e7f4b1be906e72f6eed194de,edb20bcb8db1b0bdb5d4350d2229e11df0e967cfb21f0171cfd5daabd5bf45ff,True,True,0,,,2113.9633646659504,0.0,0.0,0.00064501640996768,-0.0013113299348146245,0.0013113299348146245,True,True,2.864908310584724e-10,4.263256414560601e-13,b124ba5b98454e4c167a382314b365eb4cc30a23a61a10773ba91a67965660a2,1cb06599b58c2cf0d5670f635416b1b828c1b672ac5eb224edd4dcd38fa6258b,True,7887.227136172394,35078.854853481454,17306.508259805072,0.0,True,True
2016,0.138,138,v4p9p11p1_uniform_postpolish_max_fixed_lml,direct_lbfgsb__v4p9p11_seed_6043,direct_lbfgsb,121.0331932738771,0.42185988918081574,2120.92279999124,11,10,2,direct_lbfgsb|trust_lbfgsb,direct_lbfgsb__archived|direct_lbfgsb__lattice_c1000_f0p1|direct_lbfgsb__lattice_c1000_f0p5|direct_lbfgsb__lattice_c1000_f0p9|direct_lbfgsb__lattice_c100_f0p1|direct_lbfgsb__lattice_c100_f0p5|direct_lbfgsb__v4p9p11_seed_2711|direct_lbfgsb__v4p9p11_seed_6043|trust_lbfgsb__best_prior_source|trust_lbfgsb__fixed_lattice_center,True,v4p9p11_seed_9151,612,378,234,108,5cc8dfd2ffd2b5fccce8e093defb5ea90802be5482edb794ae5d394e22f2ef06,d226d9e8602f2847f2a424862140c736e9d47aa00b60787f5ffec32f0b10b306,a0796f84a63fd0413daf0937d1a86b3d80f19b67b611fe44843454305a315ff4,True,True,0,,,2120.92279999124,0.0,0.0,6.38234026473844e-05,-6.801311350891847e-05,6.801311350891847e-05,True,True,4.765752237290144e-10,4.121147867408581e-13,e82e70b7ff3f2c237af2e82da204c365c959ea03607460d844e642a450626834,2aa9520ed89265170758307ed60c66127c437cc5a5e35b0ad8c5383280b6b197,True,7504.997812368246,33147.36364788991,16275.657158983184,0.0,True,True
2016,0.139,139,v4p9p11p1_uniform_postpolish_max_fixed_lml,direct_lbfgsb__v4p9p11_seed_6043,direct_lbfgsb,114.79450382994249,0.4173843830454775,2114.10977335968,12,11,3,direct_lbfgsb|powell_lbfgsb|trust_lbfgsb,direct_lbfgsb__archived|direct_lbfgsb__lattice_c1000_f0p1|direct_lbfgsb__lattice_c1000_f0p5|direct_lbfgsb__lattice_c1000_f0p9|direct_lbfgsb__lattice_c100_f0p5|direct_lbfgsb__v4p9p11_seed_2711|direct_lbfgsb__v4p9p11_seed_6043|direct_lbfgsb__v4p9p11_seed_9151|powell_lbfgsb__card_initializer|trust_lbfgsb__best_prior_source|trust_lbfgsb__fixed_lattice_center,True,v4p9p11_seed_6043,610,381,229,110,bd0ab995bbb5a963c0bd6510f72eeced74ddd3f3fdae1e69d6f9b662f644b4fa,60c858164d0cb8ad7afdb99a5f26afbadf51b571d1968e8d95778fe743e82045,92ba6e5f0c8a2264eb90ee8b03435a6ed791c30242945bee2abadf76f04d206d,True,True,0,,,2114.10977335968,0.0,0.0,0.0004538458805740295,-0.005173124812487043,0.005173124812487043,True,True,4.4019543565809727e-10,4.405364961712621e-13,6966a858f57c1d47af962939f78634ac48b32fd98993186fb0a27f17df7f067e,c50a4519c2e7e9b20363e6c1fc7e8a387fa9925e799a2cfd90c1efcc7b79d097,True,7032.085995265729,31797.81284937553,15414.309389423583,0.0,True,True
2016,0.14,140,v4p9p11p1_uniform_postpolish_max_fixed_lml,trust_lbfgsb__best_prior_source,trust_lbfgsb,103.74690249226947,0.40776894848426654,2117.5665655867388,13,13,3,direct_lbfgsb|powell_lbfgsb|trust_lbfgsb,direct_lbfgsb__archived|direct_lbfgsb__lattice_c1000_f0p1|direct_lbfgsb__lattice_c1000_f0p5|direct_lbfgsb__lattice_c1000_f0p9|direct_lbfgsb__lattice_c100_f0p1|direct_lbfgsb__lattice_c100_f0p5|direct_lbfgsb__lattice_c100_f0p9|direct_lbfgsb__v4p9p11_seed_2711|direct_lbfgsb__v4p9p11_seed_6043|direct_lbfgsb__v4p9p11_seed_9151|powell_lbfgsb__card_initializer|trust_lbfgsb__best_prior_source|trust_lbfgsb__fixed_lattice_center,True,v4p9p11_seed_2711,610,385,225,110,23fab7c6fce0ea3553f7411b305ec9986ccc14f886788c7d1bdf230e83951b57,d63f24a089aac6e9b2b9f815ef7405c3d63e020f79b75d6ec4beea64f813b0a2,480c4891d2765f8b921f484b675752255d2ae762925231216aaeaa9c0f369b76,True,True,0,,,2117.5665655867388,0.0,0.0,-4.831456385959197e-07,-2.4637109318667864e-06,2.4637109318667864e-06,True,True,3.637978807091713e-10,3.836930773104541e-13,e4086d0d0f2b1fe03ffeb5770c3c63c1fcf297a3370de3b37d8881257afe1699,f218880ff233b2a52d6428193c57b5b02239b92daf2d088cfc4cfc56939a7890,True,6677.201517889609,30082.30187838551,14589.749165041125,0.0,True,True
2016,0.141,141,v4p9p11p1_uniform_postpolish_max_fixed_lml,trust_lbfgsb__best_prior_source,trust_lbfgsb,150.28883164995145,0.4471547803525816,2111.7539322022762,12,12,3,direct_lbfgsb|powell_lbfgsb|trust_lbfgsb,direct_lbfgsb__archived|direct_lbfgsb__lattice_c1000_f0p1|direct_lbfgsb__lattice_c1000_f0p9|direct_lbfgsb__lattice_c100_f0p1|direct_lbfgsb__lattice_c100_f0p5|direct_lbfgsb__lattice_c100_f0p9|direct_lbfgsb__v4p9p11_seed_2711|direct_lbfgsb__v4p9p11_seed_6043|direct_lbfgsb__v4p9p11_seed_9151|powell_lbfgsb__best_prior_source|trust_lbfgsb__best_prior_source|trust_lbfgsb__fixed_lattice_center,True,v4p9p11_seed_2711,608,388,220,112,2f4e8d53d66a65f3f0e86bd09e74c4ff2f06b7b21c9bba6bb7b6f3418b16d185,62c6e4ea2a20701114cd4e801af6d8591238ee698368b31ee9624db072e9a5bd,ab6726b245f0c250cdd9610039116124a92260937d225b75bd6a881c5714c982,True,True,0,,,2111.7539322022762,0.0,0.0,-0.001034853010238898,0.0003139151353473161,0.001034853010238898,True,True,5.784386303275824e-10,8.526512829121202e-13,64e82a1f254cf72a27c9452f468f9bc174f4d3eb99371001f32b44442fd02354,8d97fb8d2c5c9b496dcdc4b04e585655f630b2528e675295a4a441ed14b10285,True,6288.619698116115,28771.655625269,13673.920062246574,0.0,True,True
2016,0.142,142,v4p9p11p1_uniform_postpolish_max_fixed_lml,trust_lbfgsb__fixed_lattice_center,trust_lbfgsb,150.76231900954056,0.44809218044671945,2113.432928087216,14,14,3,direct_lbfgsb|powell_lbfgsb|trust_lbfgsb,direct_lbfgsb__archived|direct_lbfgsb__lattice_c1000_f0p1|direct_lbfgsb__lattice_c1000_f0p5|direct_lbfgsb__lattice_c1000_f0p9|direct_lbfgsb__lattice_c100_f0p1|direct_lbfgsb__lattice_c100_f0p5|direct_lbfgsb__lattice_c100_f0p9|direct_lbfgsb__v4p9p11_seed_2711|direct_lbfgsb__v4p9p11_seed_6043|direct_lbfgsb__v4p9p11_seed_9151|powell_lbfgsb__best_prior_source|powell_lbfgsb__card_initializer|trust_lbfgsb__best_prior_source|trust_lbfgsb__fixed_lattice_center,True,v4p9p11_seed_9151,608,392,216,112,7941222865f4434f8010c36988d1c625d983caa88ca44c2b87430a4392c46563,704835b3f5e8b51496ac6e4b78fb52bb4ac76148a8a0b41d3c9b0d5121053d3b,c0d5c9ddd2dd37a61c70cf1214f63c079c20eb4b5b988411c6cc2739b9ade9a3,True,True,0,,,2113.432928087216,0.0,0.0,-4.4166267827758097e-05,0.0004467616431481201,0.0004467616431481201,True,True,6.002665031701326e-10,7.958078640513122e-13,774bbfb2f24216cdb7160326414379ceb38c7fe389aa702fb350f769d60b2a0d,cb81f16335ad5cd87030041142d9a3f25b931ee51c75e80a21341d1db4c8f58c,True,5983.995265348219,27202.209871660372,12924.052138587676,0.0,True,True
2016,0.143,143,v4p9p11p1_uniform_postpolish_max_fixed_lml,trust_lbfgsb__best_prior_source,trust_lbfgsb,151.09529873575582,0.4510359785127246,2107.7700699318,14,4,3,direct_lbfgsb|powell_lbfgsb|trust_lbfgsb,direct_lbfgsb__archived|direct_lbfgsb__v4p9p11_seed_2711|powell_lbfgsb__best_prior_source|trust_lbfgsb__best_prior_source,True,v4p9p11_seed_2711,606,395,211,114,ef2d90c60f5255bb67b0b7e8f4e7b1722d90e32deab065763cfcc8daeaa3d266,a9cc770c330047bc3568ce9d12b94c164743a334b9df1db88b0cadd6d56e10c0,96d20759a03f41dfdc7a2452b7e645bdecf5550ecf996e50de8aceb1ebc1a1c6,True,True,0,,,2107.7700699318,0.0,0.0,0.0035549389951852425,-0.007091825575386653,0.007091825575386653,True,True,6.766640581190586e-10,8.242295734817162e-13,a676eef6b7d445442f73596b89cf8b54a8536745a443bc1c65211b55c2bea34a,c1cc8c9b5cce41c221f2f873cd0197fee001e1581ced2c202165b3d67d448e4e,True,5627.3003016044395,26072.019503259868,12232.556398935967,0.0,True,True
2016,0.144,144,v4p9p11p1_uniform_postpolish_max_fixed_lml,trust_lbfgsb__fixed_lattice_center,trust_lbfgsb,97.46797449613973,0.40176440962457827,2114.493119834847,13,12,3,direct_lbfgsb|powell_lbfgsb|trust_lbfgsb,direct_lbfgsb__archived|direct_lbfgsb__lattice_c1000_f0p1|direct_lbfgsb__lattice_c1000_f0p5|direct_lbfgsb__lattice_c1000_f0p9|direct_lbfgsb__lattice_c100_f0p5|direct_lbfgsb__lattice_c100_f0p9|direct_lbfgsb__v4p9p11_seed_2711|direct_lbfgsb__v4p9p11_seed_6043|direct_lbfgsb__v4p9p11_seed_9151|powell_lbfgsb__best_prior_source|trust_lbfgsb__best_prior_source|trust_lbfgsb__fixed_lattice_center,True,archived,606,399,207,114,6342e2e8f0029610b2b6dc1c4569689a891d3815b7f07ac7e55739c408ecd632,007a0ee23ae377067304900ac0ce94ba3bbc63f1a44f9f37e22e8566cc42335e,68617c4d1101dd10287b549feab16213dad30da8b1fe58bcc5f9d0d4eeb30a93,True,True,0,,,2114.493119834847,0.0,0.0,-1.1728912711690627e-06,2.579130359022836e-05,2.579130359022836e-05,True,True,3.128661774098873e-10,4.121147867408581e-13,b0e0cba3454aee09c9890a89580b273005ca5b9264a6244a4b86adf2257942a5,e4b83e728f6424337c8ff0e38df9f998f63feded94fc47646a7140d7a78bdd1b,True,5347.480061938962,24751.039572622172,11715.11627371619,0.0,True,True
2016,0.145,145,v4p9p11p1_uniform_postpolish_max_fixed_lml,trust_lbfgsb__best_prior_source,trust_lbfgsb,157.2402182136291,0.4563281214718042,2117.670990924224,9,9,2,direct_lbfgsb|trust_lbfgsb,direct_lbfgsb__archived|direct_lbfgsb__lattice_c1000_f0p1|direct_lbfgsb__lattice_c1000_f0p5|direct_lbfgsb__lattice_c1000_f0p9|direct_lbfgsb__lattice_c100_f0p1|direct_lbfgsb__v4p9p11_seed_2711|direct_lbfgsb__v4p9p11_seed_6043|trust_lbfgsb__best_prior_source|trust_lbfgsb__fixed_lattice_center,True,archived,606,403,203,114,086356b4585dfdc657e7c95fc31bef6cca49a1c85feb6f033a7f2f04d985a7ea,872579547168720255123f07fbd322f8f93bd5a3ec6c122d3c17f7814a6d8030,6899afa08c27ff4b1c0682ac81ea3a9aceafa7847bfdd94143e0e8c74781cc3b,True,True,0,,,2117.670990924224,0.0,0.0,8.2581842180417e-05,-0.00018226138313441774,0.00018226138313441774,True,True,5.675246939063072e-10,8.526512829121202e-13,fd35022e752d5b7c10a50edbf1966c138e8a7de94fe2388f5fd3951c51aae31d,d52e294379047bf948cd4b0ca6d87d3ace89c411d8ef1b29de2ed8034a1041e0,True,5111.384283083237,23303.379493774737,10957.580652527953,0.0,True,True
2016,0.146,146,v4p9p11p1_uniform_postpolish_max_fixed_lml,direct_lbfgsb__lattice_c1000_f0p5,direct_lbfgsb,157.77700292510852,0.4588194127168336,2115.4720459544556,11,11,2,direct_lbfgsb|trust_lbfgsb,direct_lbfgsb__archived|direct_lbfgsb__lattice_c1000_f0p1|direct_lbfgsb__lattice_c1000_f0p5|direct_lbfgsb__lattice_c1000_f0p9|direct_lbfgsb__lattice_c100_f0p1|direct_lbfgsb__lattice_c100_f0p9|direct_lbfgsb__v4p9p11_seed_2711|direct_lbfgsb__v4p9p11_seed_6043|direct_lbfgsb__v4p9p11_seed_9151|trust_lbfgsb__best_prior_source|trust_lbfgsb__fixed_lattice_center,True,v4p9p11_seed_6043,604,406,198,116,56e4a6616c82baf499d158a94aa0372ec71bd19f112d7e1d6aac16fea7dc5bb2,93efe975f1d8aeab691d1a8f09ed32e41ab26d8915e66c140dd4fcef886dd039,04af582720740475e42dc45a503695a44898f3f22ff83b356f9b90b6c26c83a5,True,True,0,,,2115.4720459544556,0.0,0.0,9.17603554923163e-06,-0.0004116236613416601,0.0004116236613416601,True,True,7.003109203651547e-10,8.810729923425242e-13,2639e8748bdeb1b1942b6b07be5e4c7301d47922c9a4a865eb2f96f2e9bf0471,ff0a4c27b07c9aa7d16911a5c3d46c506ff8ab5ae80e0a1add6837c8c430ddca,True,4818.345178535879,22346.335706850346,10398.224125227305,0.0,True,True
2016,0.147,147,v4p9p11p1_uniform_postpolish_max_fixed_lml,direct_lbfgsb__lattice_c100_f0p9,direct_lbfgsb,162.3656994238118,0.46304020669520435,2127.6466549343654,11,2,2,direct_lbfgsb|powell_lbfgsb,direct_lbfgsb__lattice_c100_f0p9|powell_lbfgsb__card_initializer,True,v4p9p11_seed_6043,604,410,194,116,12ce676b5b9ee44a9dbf5a189107c91d75ecece223e3920c08430ddc99047ef4,155eb8d9e187c44a7fc38b5e1cdf30618f7b20b66a39f0999f06f64943535530,2f8ec6097602426629d001f84de3e24c6367da4d6be877576f84d2884cfc3e54,True,True,0,,,2127.6466549343654,0.0,0.0,-0.003769629000711367,0.0073276052156104115,0.0073276052156104115,True,True,6.039044819772243e-10,8.526512829121202e-13,e86c6765cb07ddb0436079f04709a64399ba0dd72ebe127212f06624c32f2ae9,6de6cdb059974b7f6556f8c4123cb0fbc3de58a7c246598202a58f5a5e4f1a44,True,4601.261465105994,21134.435650669257,9862.045182262089,0.0,True,True
2016,0.148,148,v4p9p11p1_uniform_postpolish_max_fixed_lml,direct_lbfgsb__lattice_c1000_f0p9,direct_lbfgsb,162.84352128865362,0.46261137692089876,2124.9736595370587,11,11,2,direct_lbfgsb|trust_lbfgsb,direct_lbfgsb__archived|direct_lbfgsb__lattice_c1000_f0p1|direct_lbfgsb__lattice_c1000_f0p9|direct_lbfgsb__lattice_c100_f0p1|direct_lbfgsb__lattice_c100_f0p5|direct_lbfgsb__lattice_c100_f0p9|direct_lbfgsb__v4p9p11_seed_2711|direct_lbfgsb__v4p9p11_seed_6043|direct_lbfgsb__v4p9p11_seed_9151|trust_lbfgsb__best_prior_source|trust_lbfgsb__fixed_lattice_center,True,v4p9p11_seed_2711,602,413,189,118,fd99be73e782a8a73fe6741fdb38024e1b317f30d74b46127485bd525f27e6b0,03065b63ee3b281cdaf2cc8b2284d2a5eeb5fdb825d686e510ae1f900e6a6c72,8b263c3212c6ec29ea6d601d767ba5f2b58e15eef197c5025a63ec1efce2889e,True,True,0,,,2124.9736595370587,0.0,0.0,0.00010403089055769148,-0.0009552318551171521,0.0009552318551171521,True,True,8.412825991399586e-10,9.379164112033322e-13,af6dee8135a87925890d79285fe259967e5473f0fd68542acbaf2cffd54ec30f,2ed387687a7edbfec3459254bfeccfd51e9636c15b7606f80905091f51a405e8,True,4339.253995575499,20278.77392175098,9371.361894891144,0.0,True,True
2016,0.149,149,v4p9p11p1_uniform_postpolish_max_fixed_lml,direct_lbfgsb__v4p9p11_seed_6043,direct_lbfgsb,101.67821100561424,0.40586522106160217,2124.61853749163,14,12,3,direct_lbfgsb|powell_lbfgsb|trust_lbfgsb,direct_lbfgsb__archived|direct_lbfgsb__lattice_c1000_f0p1|direct_lbfgsb__lattice_c1000_f0p9|direct_lbfgsb__lattice_c100_f0p1|direct_lbfgsb__lattice_c100_f0p5|direct_lbfgsb__lattice_c100_f0p9|direct_lbfgsb__v4p9p11_seed_2711|direct_lbfgsb__v4p9p11_seed_6043|direct_lbfgsb__v4p9p11_seed_9151|powell_lbfgsb__best_prior_source|trust_lbfgsb__best_prior_source|trust_lbfgsb__fixed_lattice_center,True,v4p9p11_seed_2711,602,417,185,118,c7fa93df5168b9dcaf8ca5363a762036f068c64abcfec620d68bfa9626f0a7ef,bd44045f34b9805cced4b8458442be09f95581d80d85c77a129157585f145ef1,117e7e8ce74496de475e1f2f2e03ebe8753423f640c8df39e7dec7eca61d51fb,True,True,0,,,2124.61853749163,0.0,0.0,-0.0008521740301753538,0.0039931620611980525,0.0039931620611980525,True,True,4.0381564758718014e-10,3.836930773104541e-13,84c7ad4074f4567dd01654543bc0e9711c3491746fc86276f427368417c3bbd1,9a923f88e6bdf7d59b173be56ca986528b7547a5c7f53a036f7f4e2f7d1e690c,True,4133.584293404076,19234.966815991622,8950.094819263817,0.0,True,True
2016,0.15,150,v4p9p11p1_uniform_postpolish_max_fixed_lml,trust_lbfgsb__fixed_lattice_center,trust_lbfgsb,102.0550372852676,0.40629934136271645,2128.5170755273434,11,9,2,direct_lbfgsb|trust_lbfgsb,direct_lbfgsb__archived|direct_lbfgsb__lattice_c1000_f0p1|direct_lbfgsb__lattice_c1000_f0p9|direct_lbfgsb__lattice_c100_f0p1|direct_lbfgsb__lattice_c100_f0p5|direct_lbfgsb__v4p9p11_seed_6043|direct_lbfgsb__v4p9p11_seed_9151|trust_lbfgsb__best_prior_source|trust_lbfgsb__fixed_lattice_center,True,v4p9p11_seed_9151,602,421,181,118,8ca148257462936b744acae7d2a5a451dfe4d5d99bbc7f2c398aaa227922ebe2,bffa9905bc2ce654687a5a0217c64f39c260c9caf23510e34d229351678c6be6,acd52522dfdbcd39681cc3e095e4fe7c6aac64e6f4059d3823ccb9dff25f30e7,True,True,0,,,2128.5170755273434,0.0,0.0,5.224291461710192e-06,3.11136066240711e-06,5.224291461710192e-06,True,True,3.2378011383116245e-10,3.979039320256561e-13,eda3074bdb371a48f60d78911c7e20577c99356f5df260b4dcac7a0d9556f1fa,f027092017e77d8e6e51ad31ad72e3f7b1eceeb3b073754186125fbd7226e251,True,3952.3815981668367,18188.6833257208,8492.811891669207,0.0,True,True
2016,0.151,151,v4p9p11p1_uniform_postpolish_max_fixed_lml,trust_lbfgsb__best_prior_source,trust_lbfgsb,94.29682497890286,0.3988278754655583,2125.5348950003654,13,13,3,direct_lbfgsb|powell_lbfgsb|trust_lbfgsb,direct_lbfgsb__archived|direct_lbfgsb__lattice_c1000_f0p1|direct_lbfgsb__lattice_c1000_f0p5|direct_lbfgsb__lattice_c1000_f0p9|direct_lbfgsb__lattice_c100_f0p1|direct_lbfgsb__lattice_c100_f0p5|direct_lbfgsb__lattice_c100_f0p9|direct_lbfgsb__v4p9p11_seed_2711|direct_lbfgsb__v4p9p11_seed_6043|direct_lbfgsb__v4p9p11_seed_9151|powell_lbfgsb__card_initializer|trust_lbfgsb__best_prior_source|trust_lbfgsb__fixed_lattice_center,True,v4p9p11_seed_6043,600,424,176,120,c9584306c6e70680bdc3a1d8c0ab1af234cc960533348e62b1437f0e66ca5b08,b3052bcd2b803ab4c64c5ae8fdfc2741accd2d34141c818aefcc8cbc17723f64,650cc15a8978772507d0dabd72bb02d094ed0372823e0339b8c481740730c771,True,True,0,,,2125.5348950003654,0.0,0.0,-0.0007177568522890028,0.007553324403482143,0.007553324403482143,True,True,3.383320290595293e-10,4.121147867408581e-13,bff0ad941b64de61db8995998f41dfc482dc2538911f772fe930187142b4acfa,b595cebb4d49254f4ff480efbeaf3a2108ca1f9d0350d2e6b2209a27a074d3d1,True,3728.61458537858,17445.003425032504,8076.069121042094,0.0,True,True
2016,0.152,152,v4p9p11p1_uniform_postpolish_max_fixed_lml,trust_lbfgsb__best_prior_source,trust_lbfgsb,92.03793335236307,0.3966543271197724,2130.5689939414674,13,13,3,direct_lbfgsb|powell_lbfgsb|trust_lbfgsb,direct_lbfgsb__archived|direct_lbfgsb__lattice_c1000_f0p1|direct_lbfgsb__lattice_c1000_f0p5|direct_lbfgsb__lattice_c1000_f0p9|direct_lbfgsb__lattice_c100_f0p5|direct_lbfgsb__lattice_c100_f0p9|direct_lbfgsb__v4p9p11_seed_2711|direct_lbfgsb__v4p9p11_seed_6043|direct_lbfgsb__v4p9p11_seed_9151|powell_lbfgsb__best_prior_source|powell_lbfgsb__card_initializer|trust_lbfgsb__best_prior_source|trust_lbfgsb__fixed_lattice_center,True,archived,600,428,172,120,0af878d1559bf40b709d9a4a3b814cc4a8a16a2cdee8c2ea6b4ca9a24f45be53,c44fba76cfaedda2fa349e2800525bfe5fcb5d4da005f640defbbfbc2d463c23,e9c549e8aeebd485d52cfcbf00b25f0646f154e5f52bcb1a7a60e55ac930661d,True,True,0,,,2130.5689939414674,0.0,0.0,-2.2095194710940474e-05,0.00011259941981621429,0.00011259941981621429,True,True,5.20230969414115e-10,4.405364961712621e-13,c772a14e98b6011d37c2c1c3887816af861f409f1d3b93507f7ab19a9d590160,a7656654d469548369ab72d60bd69a3fb80667cfc053e23e95febb698013c089,True,3561.9630960737322,16491.470049946896,7662.395002493353,0.0,True,True
2016,0.153,153,v4p9p11p1_uniform_postpolish_max_fixed_lml,trust_lbfgsb__best_prior_source,trust_lbfgsb,94.6817791387533,0.39920873857032824,2128.436364282863,11,11,2,direct_lbfgsb|trust_lbfgsb,direct_lbfgsb__archived|direct_lbfgsb__lattice_c1000_f0p1|direct_lbfgsb__lattice_c1000_f0p5|direct_lbfgsb__lattice_c1000_f0p9|direct_lbfgsb__lattice_c100_f0p5|direct_lbfgsb__lattice_c100_f0p9|direct_lbfgsb__v4p9p11_seed_2711|direct_lbfgsb__v4p9p11_seed_6043|direct_lbfgsb__v4p9p11_seed_9151|trust_lbfgsb__best_prior_source|trust_lbfgsb__fixed_lattice_center,True,v4p9p11_seed_6043,598,431,167,122,b124aa203136cda3ad099aeec0cabce66808ea5da9bc99b311415a9165ed917b,1e20a5eca14a250a813ffbc4452fa1a48885ba4aefe6d8d9b64d6eb2e38f97f6,cac6f4b10d66da9f1f58626b782d902f8c641ae663cb4a8a2e3ee995311339dc,True,True,0,,,2128.436364282863,0.0,0.0,-6.457962114711749e-06,7.050822333829502e-05,7.050822333829502e-05,True,True,5.165929906070232e-10,5.115907697472721e-13,a7ac0564b86be582aa783dde327ca3c4ae1081af9d9a50bce22b44f6fcea1716,62b4e3aa3b8d765d82ffe2163f7b9c0691b0c107e9a79d6099a7c2d16591300f,True,3371.065182172009,15821.95918077369,7296.549868844972,0.0,True,True
2016,0.154,154,v4p9p11p1_uniform_postpolish_max_fixed_lml,trust_lbfgsb__fixed_lattice_center,trust_lbfgsb,100.80470634326686,0.4048921796496632,2132.655114320154,13,12,3,direct_lbfgsb|powell_lbfgsb|trust_lbfgsb,direct_lbfgsb__archived|direct_lbfgsb__lattice_c1000_f0p1|direct_lbfgsb__lattice_c1000_f0p5|direct_lbfgsb__lattice_c1000_f0p9|direct_lbfgsb__lattice_c100_f0p1|direct_lbfgsb__lattice_c100_f0p5|direct_lbfgsb__lattice_c100_f0p9|direct_lbfgsb__v4p9p11_seed_2711|direct_lbfgsb__v4p9p11_seed_6043|powell_lbfgsb__best_prior_source|trust_lbfgsb__best_prior_source|trust_lbfgsb__fixed_lattice_center,True,v4p9p11_seed_2711,598,435,163,122,5dad10e05fc1c606b7a07d249362a89385dcab7c99f69a6b3bcf570437bd0ddc,3a5a98c3f74ba5f2ed3839a0ebdf2cb758b3a17507f11d130a3645244615b3b1,908de3c737fa8af3dfb52556cfac5a90e677c68ab0e7a63383d7e9605c963597,True,True,0,,,2132.655114320154,0.0,0.0,1.3209884923023055e-05,0.00011626307516070487,0.00011626307516070487,True,True,5.238689482212067e-10,3.979039320256561e-13,572b75bfb74f0c1986534b311e1dab0d40861f4549477cc60fd9a836fd8cbcb5,11a630d5e3b6fee22a65add5c16d831845f91e3437ae1f47d76add7ace815ade,True,3227.0801758202783,14967.75230350981,6933.628529725557,0.0,True,True
2016,0.155,155,v4p9p11p1_uniform_postpolish_max_fixed_lml,direct_lbfgsb__lattice_c100_f0p9,direct_lbfgsb,101.50795512944346,0.405515886173725,2135.4013832613045,12,12,3,direct_lbfgsb|powell_lbfgsb|trust_lbfgsb,direct_lbfgsb__archived|direct_lbfgsb__lattice_c1000_f0p5|direct_lbfgsb__lattice_c1000_f0p9|direct_lbfgsb__lattice_c100_f0p1|direct_lbfgsb__lattice_c100_f0p5|direct_lbfgsb__lattice_c100_f0p9|direct_lbfgsb__v4p9p11_seed_2711|direct_lbfgsb__v4p9p11_seed_6043|direct_lbfgsb__v4p9p11_seed_9151|powell_lbfgsb__best_prior_source|trust_lbfgsb__best_prior_source|trust_lbfgsb__fixed_lattice_center,True,archived,598,439,159,122,81f217add0a72c1dde723a553c72a8c66048c6a9cf504f3dbde45706c5229c49,fcadfb39a4fb3e9472fe81377500c7a2dd6b1faccf71965f08d812843c77ef25,dfbfbaa814afafb0bf0d7510fc95a45cf23f6cdfddc1f290a81d55254d380259,True,True,0,,,2135.4013832613045,0.0,0.0,1.8870654396132633e-05,2.32979997004905e-05,2.32979997004905e-05,True,True,5.165929906070232e-10,3.979039320256561e-13,b54a7d14f764a56f209a535a3e481be4d20c800a92082b6b79beca4e0bbd9134,71c0cfe9d1218ad4c965f21ed57393810441918338540d9c2eb3185d79735b2f,True,3091.2504431721554,14164.003768686161,6597.849381140335,0.0,True,True
2016,0.156,156,v4p9p11p1_uniform_postpolish_max_fixed_lml,direct_lbfgsb__v4p9p11_seed_2711,direct_lbfgsb,102.91447407745434,0.4063972899676903,2134.324043817018,10,10,3,direct_lbfgsb|powell_lbfgsb|trust_lbfgsb,direct_lbfgsb__archived|direct_lbfgsb__lattice_c1000_f0p5|direct_lbfgsb__lattice_c1000_f0p9|direct_lbfgsb__lattice_c100_f0p1|direct_lbfgsb__lattice_c100_f0p9|direct_lbfgsb__v4p9p11_seed_2711|direct_lbfgsb__v4p9p11_seed_9151|powell_lbfgsb__best_prior_source|trust_lbfgsb__best_prior_source|trust_lbfgsb__fixed_lattice_center,True,v4p9p11_seed_2711,596,442,154,124,044ee45e62f907dfae5f82324cf72ea67a190a71282ed41bdf18f07b81a84edc,c40eedd2f246a6928a261625dfdfaeebab234b4126e3d92e63346ae93a6c85c5,71d1f74a3322c674a5d80ad0b80c781e2e7016ff90f259980f4cf77c14049b08,True,True,0,,,2134.324043817018,0.0,0.0,-3.103783596955967e-05,0.0004739916827743576,0.0004739916827743576,True,True,2.6921043172478676e-10,4.973799150320701e-13,a2ff7feeed4586d3920074c6427d5e09e19cd2aeb7faa8bd42a947f1af6b429a,287a0f92ccf9bf4eff6f59812288966b9b76a838a8f071fed0f5f66eef17e09a,True,2922.533283895011,13583.56966279346,6279.111527880168,0.0,True,True
2016,0.157,157,v4p9p11p1_uniform_postpolish_max_fixed_lml,direct_lbfgsb__lattice_c100_f0p9,direct_lbfgsb,96.29681157030159,0.4005995859388982,2138.4968775696225,10,10,3,direct_lbfgsb|powell_lbfgsb|trust_lbfgsb,direct_lbfgsb__lattice_c1000_f0p1|direct_lbfgsb__lattice_c1000_f0p5|direct_lbfgsb__lattice_c1000_f0p9|direct_lbfgsb__lattice_c100_f0p1|direct_lbfgsb__lattice_c100_f0p9|direct_lbfgsb__v4p9p11_seed_2711|direct_lbfgsb__v4p9p11_seed_9151|powell_lbfgsb__best_prior_source|trust_lbfgsb__best_prior_source|trust_lbfgsb__fixed_lattice_center,True,v4p9p11_seed_6043,596,446,150,124,45ae1d3af09006bccbc2f15e39c439f28d1c1fd0bd40fd4affcf018195f48edd,c31f8bab5e0c52325271c5d66d15a857583caa15e7f23dda45863fc2f77ffc74,247c83847ae911721ddda846fa2bcbc1fa809a5e4ecf47ed94cd0762fad004ec,True,True,0,,,2138.4968775696225,0.0,0.0,0.0008383885178344935,-0.0039494942620716495,0.0039494942620716495,True,True,4.2928149923682213e-10,4.689582056016661e-13,e8c4b711ee93360385533fc4f1ba0cd509279d0e2c70365b09ec2046fc970995,6aa6a6585caf9ae9f3057c4562c66e92a648926b4718ec88bc04a036cff0ec0f,True,2803.777896299466,12857.53780165245,5987.475146240464,0.0,True,True
2016,0.158,158,v4p9p11p1_uniform_postpolish_max_fixed_lml,direct_lbfgsb__lattice_c100_f0p5,direct_lbfgsb,98.56715580152533,0.4025061268547776,2135.973567380717,10,9,3,direct_lbfgsb|powell_lbfgsb|trust_lbfgsb,direct_lbfgsb__archived|direct_lbfgsb__lattice_c1000_f0p9|direct_lbfgsb__lattice_c100_f0p1|direct_lbfgsb__lattice_c100_f0p5|direct_lbfgsb__v4p9p11_seed_6043|direct_lbfgsb__v4p9p11_seed_9151|powell_lbfgsb__card_initializer|trust_lbfgsb__best_prior_source|trust_lbfgsb__fixed_lattice_center,True,v4p9p11_seed_6043,594,449,145,126,6e2265eadd0f18eb63b514049ce4ec69e18d10d24d00633a544c52cbed5bd090,fc6f8738df34f620d062e6f082cf9c93d57c27c71b99fb6513a969f3606be6ff,eb04951cc32959bd9fbf87bf2799b0beb5c228a7db78ed1f707ec7b0d6092d92,True,True,0,,,2135.973567380717,0.0,0.0,3.351016897580755e-05,-6.56222112884882e-05,6.56222112884882e-05,True,True,3.5652192309498787e-10,4.547473508864641e-13,f23c8ae2a17ec197d42fa8e79faeb4d8ae432208d35affe9c378f3664e3dbcad,fafefc0412bb0f198ca6b3ff2fcaac8b93320d0b7370d884c00c9fbc960f73c6,True,2659.590002417678,12344.356618838334,5716.424129351051,0.0,True,True
2016,0.159,159,v4p9p11p1_uniform_postpolish_max_fixed_lml,direct_lbfgsb__v4p9p11_seed_6043,direct_lbfgsb,97.38779487395094,0.4013560297043324,2140.5681359857217,11,11,3,direct_lbfgsb|powell_lbfgsb|trust_lbfgsb,direct_lbfgsb__archived|direct_lbfgsb__lattice_c1000_f0p1|direct_lbfgsb__lattice_c1000_f0p5|direct_lbfgsb__lattice_c1000_f0p9|direct_lbfgsb__lattice_c100_f0p1|direct_lbfgsb__lattice_c100_f0p9|direct_lbfgsb__v4p9p11_seed_2711|direct_lbfgsb__v4p9p11_seed_6043|powell_lbfgsb__best_prior_source|trust_lbfgsb__best_prior_source|trust_lbfgsb__fixed_lattice_center,True,archived,594,453,141,126,16137556da0baa38abee4398c19b0c3b1c1661a5e57c8c63c09313965076b204,dee612b220cac1216cb0b780f6810970b7856c0aa417cb9b8bf0a0a931e7bbdc,dffbde984125b05bbde00bef2b84a78da26aa7cb4eb40136dfe219e6de529554,True,True,0,,,2140.5681359857217,0.0,0.0,1.0762523203643957e-06,3.273327847951799e-05,3.273327847951799e-05,True,True,3.2741809263825417e-10,5.258016244624741e-13,5faee49efc3980fe7ba1015be8b901df57cc601901a2e541889465d6c1dca8ac,655084ff1e2cf7a6c6494a7f34c18828bc9b0edb87931139e93999204c63d0ef,True,2550.527126436079,11685.701484781523,5445.480183777725,0.0,True,True
2016,0.16,160,v4p9p11p1_uniform_postpolish_max_fixed_lml,trust_lbfgsb__fixed_lattice_center,trust_lbfgsb,105.72542902616834,0.4080814037379081,2144.1056651537515,12,12,3,direct_lbfgsb|powell_lbfgsb|trust_lbfgsb,direct_lbfgsb__archived|direct_lbfgsb__lattice_c1000_f0p1|direct_lbfgsb__lattice_c1000_f0p5|direct_lbfgsb__lattice_c1000_f0p9|direct_lbfgsb__lattice_c100_f0p1|direct_lbfgsb__lattice_c100_f0p5|direct_lbfgsb__v4p9p11_seed_2711|direct_lbfgsb__v4p9p11_seed_6043|direct_lbfgsb__v4p9p11_seed_9151|powell_lbfgsb__best_prior_source|trust_lbfgsb__best_prior_source|trust_lbfgsb__fixed_lattice_center,True,archived,594,457,137,126,6d95892722a117c72cd8e1f43a7ab24b02b73b2641879df799468dbf8d4a327e,574df5381b3033840ece2d7c4cd0f5ce2d2680d657cd9357f89fe14b4ad90652,d372fc95b4e26189b531eb3f3b534efc985d945d946b3498f0cae5002e600b74,True,True,0,,,2144.1056651537515,0.0,0.0,-3.0858583705399575e-05,0.0032299670594796957,0.0032299670594796957,True,True,3.41970007866621e-10,4.121147867408581e-13,8431148b900952d360603c7c70a683d88996e62a8bd57e2723c31c360455bb78,7103e17873c622e9f0b66e6ac34e9d90c28a8285d735ed7a7988cce1cae9ead3,True,2445.282335542814,11068.73331539361,5179.64110221337,0.0,True,True
2016,0.161,161,v4p9p11p1_uniform_postpolish_max_fixed_lml,direct_lbfgsb__v4p9p11_seed_9151,direct_lbfgsb,104.15564906141894,0.407058798340775,2140.8079431294123,13,13,3,direct_lbfgsb|powell_lbfgsb|trust_lbfgsb,direct_lbfgsb__archived|direct_lbfgsb__lattice_c1000_f0p1|direct_lbfgsb__lattice_c1000_f0p5|direct_lbfgsb__lattice_c1000_f0p9|direct_lbfgsb__lattice_c100_f0p1|direct_lbfgsb__lattice_c100_f0p5|direct_lbfgsb__lattice_c100_f0p9|direct_lbfgsb__v4p9p11_seed_2711|direct_lbfgsb__v4p9p11_seed_6043|direct_lbfgsb__v4p9p11_seed_9151|powell_lbfgsb__best_prior_source|trust_lbfgsb__best_prior_source|trust_lbfgsb__fixed_lattice_center,True,v4p9p11_seed_9151,592,460,132,128,d2b055b52bcf8d359c2ceef69bcd40887e547d1ff980b5678da7c8b11e9c86b1,0a12f8d14590bbbbd0e6e790142d7e89d9ddcb73934578bb73d40acd1238e2ad,8d899e447f55e6725bd9e7c17efca83db17e524d54a84f0fa9bdf9bdd733e2fd,True,True,0,,,2140.8079431294123,0.0,0.0,-7.06401143421283e-05,0.0006617592109608925,0.0006617592109608925,True,True,5.820766091346741e-10,4.405364961712621e-13,1d0b719db5a08eaae1af5ee4ee8da1595f10bce6ca2c2466ffd8cd171af5d609,c72d8da70ba25d84ea9d01c3bf7c2c80951a2ee9c843e3713bd44b917dfa5a06,True,2328.9628870195825,10646.083020915392,4966.442973013554,0.0,True,True
2016,0.162,162,v4p9p11p1_uniform_postpolish_max_fixed_lml,direct_lbfgsb__lattice_c1000_f0p1,direct_lbfgsb,110.52169764021941,0.4122058242203061,2143.3865756542746,12,11,3,direct_lbfgsb|powell_lbfgsb|trust_lbfgsb,direct_lbfgsb__archived|direct_lbfgsb__lattice_c1000_f0p1|direct_lbfgsb__lattice_c1000_f0p9|direct_lbfgsb__lattice_c100_f0p1|direct_lbfgsb__lattice_c100_f0p5|direct_lbfgsb__lattice_c100_f0p9|direct_lbfgsb__v4p9p11_seed_2711|direct_lbfgsb__v4p9p11_seed_9151|powell_lbfgsb__card_initializer|trust_lbfgsb__best_prior_source|trust_lbfgsb__fixed_lattice_center,True,v4p9p11_seed_9151,592,464,128,128,4b755ea8481a550c3e100b80e7124ba5b96dbe3e28063ce160e13c318811d337,55a400a331432df210ec99507407ae252b048f5e2418a15bc58650fcf3544634,d907ec1bc4fe70a4f85e4f9ad049021b9e89dd02ceb3fe8e181f8cb404b65713,True,True,0,,,2143.3865756542746,0.0,0.0,-1.0043780694892276e-05,-3.3787170007772025e-06,1.0043780694892276e-05,True,True,4.43833414465189e-10,4.121147867408581e-13,381aa04bfb33777253dee83da7301abfe7266cae5aff2d645760630b79fad782,415ef08b3f98467390aa2e6fde664fcdbb2449823aaaaa524fcdf220a102c3dc,True,2236.722237680871,10093.951948610027,4730.260023920015,0.0,True,True
2016,0.163,163,v4p9p11p1_uniform_postpolish_max_fixed_lml,trust_lbfgsb__fixed_lattice_center,trust_lbfgsb,103.49252914092293,0.4066181017880666,2146.4344603866966,12,12,2,direct_lbfgsb|trust_lbfgsb,direct_lbfgsb__archived|direct_lbfgsb__lattice_c1000_f0p1|direct_lbfgsb__lattice_c1000_f0p5|direct_lbfgsb__lattice_c1000_f0p9|direct_lbfgsb__lattice_c100_f0p1|direct_lbfgsb__lattice_c100_f0p5|direct_lbfgsb__lattice_c100_f0p9|direct_lbfgsb__v4p9p11_seed_2711|direct_lbfgsb__v4p9p11_seed_6043|direct_lbfgsb__v4p9p11_seed_9151|trust_lbfgsb__best_prior_source|trust_lbfgsb__fixed_lattice_center,True,archived,592,468,124,128,f031ea3904c82ca054cebd7724d7181a1842c99689455e0afad82d25ac47eb38,25e2d2ce5c6de8efaad58505aea67c76c2393e3b6dff11217eb396d3bce610d9,57b55b31308d620a5386c904e0d76c5263b93af904b2dcefa3bdb088a2d1abe9,True,True,0,,,2146.4344603866966,0.0,0.0,-5.29468412612123e-07,0.0005849349109757702,0.0005849349109757702,True,True,3.2014213502407074e-10,4.689582056016661e-13,92e5ae835c88a5ba3094fdf50499838cb7db1a97852a4331fc01533733724ccb,65a79ecf96ffe2daef037f5b63fd3d7be12b997af78248a0b46364157235e64b,True,2153.3991843632703,9579.590296975342,4529.972713807081,0.0,True,True
2016,0.164,164,v4p9p11p1_uniform_postpolish_max_fixed_lml,direct_lbfgsb__lattice_c100_f0p9,direct_lbfgsb,94.11902654897644,0.39817475178458117,2144.977587058882,13,13,3,direct_lbfgsb|powell_lbfgsb|trust_lbfgsb,direct_lbfgsb__archived|direct_lbfgsb__lattice_c1000_f0p1|direct_lbfgsb__lattice_c1000_f0p5|direct_lbfgsb__lattice_c1000_f0p9|direct_lbfgsb__lattice_c100_f0p1|direct_lbfgsb__lattice_c100_f0p5|direct_lbfgsb__lattice_c100_f0p9|direct_lbfgsb__v4p9p11_seed_2711|direct_lbfgsb__v4p9p11_seed_6043|direct_lbfgsb__v4p9p11_seed_9151|powell_lbfgsb__best_prior_source|trust_lbfgsb__best_prior_source|trust_lbfgsb__fixed_lattice_center,True,v4p9p11_seed_2711,590,471,119,130,ab90bf65d054a37ada19b54cd04e7dafb5d5c9d0b6ab9399d5827268d48e13a8,8a9bb2532d48d57aaa1c7917ee321a077bd0c6de75ffb45c5529d14452b0e285,3a945667b38be06da5f1b6fe1a2a19421990198754e85a40c25ba250bdbdacb4,True,True,0,,,2144.977587058882,0.0,0.0,-4.2316880770875663e-07,1.2273898416989125e-05,1.2273898416989125e-05,True,True,4.656612873077393e-10,4.405364961712621e-13,9bd3d8b47f0fb519e7d3c033529241da66f5b5e697b4217618071c589b21bf8b,ddc3d5d13f44a14cbe9b869e23ed845ccdd9f0790cfd3668c6289ecb271cd8f8,True,2054.485685626794,9219.744372454237,4360.066653349384,0.0,True,True
2016,0.165,165,v4p9p11p1_uniform_postpolish_max_fixed_lml,direct_lbfgsb__lattice_c1000_f0p5,direct_lbfgsb,94.38582526911559,0.39839145013759897,2146.3812910786583,12,12,3,direct_lbfgsb|powell_lbfgsb|trust_lbfgsb,direct_lbfgsb__archived|direct_lbfgsb__lattice_c1000_f0p1|direct_lbfgsb__lattice_c1000_f0p5|direct_lbfgsb__lattice_c1000_f0p9|direct_lbfgsb__lattice_c100_f0p5|direct_lbfgsb__lattice_c100_f0p9|direct_lbfgsb__v4p9p11_seed_2711|direct_lbfgsb__v4p9p11_seed_6043|direct_lbfgsb__v4p9p11_seed_9151|powell_lbfgsb__best_prior_source|trust_lbfgsb__best_prior_source|trust_lbfgsb__fixed_lattice_center,True,v4p9p11_seed_6043,590,475,115,130,fa0e745323c34817c6802018c06f7de70627c7fa125a569dfc456bef87005e4e,309b248fbb609d3978d141144b516e0004cfc1e0606d53521d0182e1e9726d18,d4a00dca6c0e24ea2f0865f12ab9c32ec47283d9051ae268d59a1be831c29151,True,True,0,,,2146.3812910786583,0.0,0.0,-1.0024718489015117e-06,-5.217609621706063e-06,5.217609621706063e-06,True,True,2.9103830456733704e-10,4.121147867408581e-13,a5f44e25f4ca658fb794552a26c2d85b6d6d56e818b07c4906839fd80fd6f7fd,af6a606c3506119e376ff43c7de1103e5572747cbd5bf38c6c8ed4f1b9332fa6,True,1975.3616274216417,8748.448392045475,4161.101383322995,0.0,True,True
2016,0.166,166,v4p9p11p1_uniform_postpolish_max_fixed_lml,trust_lbfgsb__fixed_lattice_center,trust_lbfgsb,91.69462233382313,0.39574021260295106,2147.7362441128234,12,12,3,direct_lbfgsb|powell_lbfgsb|trust_lbfgsb,direct_lbfgsb__archived|direct_lbfgsb__lattice_c1000_f0p1|direct_lbfgsb__lattice_c1000_f0p5|direct_lbfgsb__lattice_c1000_f0p9|direct_lbfgsb__lattice_c100_f0p5|direct_lbfgsb__lattice_c100_f0p9|direct_lbfgsb__v4p9p11_seed_2711|direct_lbfgsb__v4p9p11_seed_6043|direct_lbfgsb__v4p9p11_seed_9151|powell_lbfgsb__best_prior_source|trust_lbfgsb__best_prior_source|trust_lbfgsb__fixed_lattice_center,True,v4p9p11_seed_6043,590,479,111,130,bf221d6114d8bb20b2d5bd4ce488966031be72a8fb299d0e809abf0bf7f36a8d,8e8eb00d8ed9cb01ad5cb84eaf069e1b7363bf36d23fb4abe19ce0f672c57019,eb46869c2916087b25a7670c170f5b0a39ebf9fff30caa82b97c0db7ea6f495a,True,True,0,,,2147.7362441128234,0.0,0.0,5.768264847996917e-06,2.378160127925306e-05,2.378160127925306e-05,True,True,2.6921043172478676e-10,4.263256414560601e-13,71455975c6285a558a26ee4fc915c2f69c0cd5158ae3017a4130413da1f8dc6a,72c0628d302fe65c33d83fda14f7db86f7f445a597f95cbddc394031da8c18c8,True,1901.6119732357029,8314.248447356113,3985.6643938809584,0.0,True,True
2016,0.167,167,v4p9p11p1_uniform_postpolish_max_fixed_lml,trust_lbfgsb__best_prior_source,trust_lbfgsb,99.97660343496872,0.4035729130868951,2146.4615527153055,13,13,3,direct_lbfgsb|powell_lbfgsb|trust_lbfgsb,direct_lbfgsb__archived|direct_lbfgsb__lattice_c1000_f0p1|direct_lbfgsb__lattice_c1000_f0p5|direct_lbfgsb__lattice_c1000_f0p9|direct_lbfgsb__lattice_c100_f0p1|direct_lbfgsb__lattice_c100_f0p5|direct_lbfgsb__lattice_c100_f0p9|direct_lbfgsb__v4p9p11_seed_2711|direct_lbfgsb__v4p9p11_seed_6043|direct_lbfgsb__v4p9p11_seed_9151|powell_lbfgsb__card_initializer|trust_lbfgsb__best_prior_source|trust_lbfgsb__fixed_lattice_center,True,v4p9p11_seed_9151,588,482,106,132,d1d953e183190bdf8acbb6127edf8efc1eacccd017efdfb0153854e903014404,d307adc34c94ea77b0c247c2c1f4a8ab450cee1d40f3262b2bab3d6db4f7bf8c,9050d5e35680c167f4ce676a69f95d5fd8ddf003306128c798ac41d9ec561cda,True,True,0,,,2146.4615527153055,0.0,0.0,0.00016899583700477898,-0.00029583109701686647,0.00029583109701686647,True,True,4.5838532969355583e-10,4.831690603168681e-13,354182beb7a12dfe185ede12948e206c37a7cea23e66d07e48785ba240ec2936,31e6a52b93daff6453d7ea89fc570641fe62ca70916c74f240440ec77f5f737a,True,1807.308405657786,7991.614662075924,3793.5750627221987,0.0,True,True
2016,0.168,168,v4p9p11p1_uniform_postpolish_max_fixed_lml,trust_lbfgsb__best_prior_source,trust_lbfgsb,108.86015967047999,0.4110665799398631,2152.8047087185664,13,13,3,direct_lbfgsb|powell_lbfgsb|trust_lbfgsb,direct_lbfgsb__archived|direct_lbfgsb__lattice_c1000_f0p1|direct_lbfgsb__lattice_c1000_f0p5|direct_lbfgsb__lattice_c1000_f0p9|direct_lbfgsb__lattice_c100_f0p1|direct_lbfgsb__lattice_c100_f0p5|direct_lbfgsb__lattice_c100_f0p9|direct_lbfgsb__v4p9p11_seed_2711|direct_lbfgsb__v4p9p11_seed_6043|direct_lbfgsb__v4p9p11_seed_9151|powell_lbfgsb__best_prior_source|trust_lbfgsb__best_prior_source|trust_lbfgsb__fixed_lattice_center,True,v4p9p11_seed_9151,588,486,102,132,333f269d41e7774666ed2b5f8e62214c821fd1a93c7ca6251a4cc1dd388c7060,29d0a15a151dee348ac95d81a2184d0df93e4fe43b6369fe8a2bb702796e1e31,f07eea3ddd11cd6b35edd0adfdcdc7c37876f58f47d1dd01a80b34b85424b59c,True,True,0,,,2152.8047087185664,0.0,0.0,-9.644983666171865e-06,2.761680755000848e-05,2.761680755000848e-05,True,True,3.8562575355172157e-10,5.258016244624741e-13,d50153e58312023ed4c23114a0dc2a8679a585fdbd85693107a42382cce8b143,89e1ebe1f1f78853101ed4a0909ab5eb8a784d714f1d1faf8b997bc2208da378,True,1736.2645073042154,7576.233029546176,3601.35002297767,0.0,True,True
2016,0.169,169,v4p9p11p1_uniform_postpolish_max_fixed_lml,trust_lbfgsb__best_prior_source,trust_lbfgsb,108.5773035460769,0.41120884444115985,2156.3822174123143,13,13,3,direct_lbfgsb|powell_lbfgsb|trust_lbfgsb,direct_lbfgsb__archived|direct_lbfgsb__lattice_c1000_f0p1|direct_lbfgsb__lattice_c1000_f0p5|direct_lbfgsb__lattice_c1000_f0p9|direct_lbfgsb__lattice_c100_f0p1|direct_lbfgsb__lattice_c100_f0p5|direct_lbfgsb__lattice_c100_f0p9|direct_lbfgsb__v4p9p11_seed_2711|direct_lbfgsb__v4p9p11_seed_6043|direct_lbfgsb__v4p9p11_seed_9151|powell_lbfgsb__card_initializer|trust_lbfgsb__best_prior_source|trust_lbfgsb__fixed_lattice_center,True,v4p9p11_seed_2711,588,490,98,132,c96c6d164971ef82af9a5f39195c5066e0cee8cb166d9a6155ecafe70ab441ad,0a1164afe1541ac9886e171a0aa8ce8c1c27d537750a9c79b37a94ff3975205a,698b25e0f4317b02a3b69231f88d12693362954da13b69d85b1f647ef79fbce9,True,True,0,,,2156.3822174123143,0.0,0.0,-6.429210062107495e-05,0.00017154153344472138,0.00017154153344472138,True,True,6.984919309616089e-10,5.115907697472721e-13,43f1a9ed2e917f423d10b91a19f54a85b88fa027367be617ef46583ca00eeb85,609bd8c9d1127dc0e0d4b065f2a5a9fc9b013cfa4c5bb3d0e46d86440ba423a2,True,1670.0195994158541,7202.737253428675,3444.037084809335,0.0,True,True
2016,0.17,170,v4p9p11p1_uniform_postpolish_max_fixed_lml,direct_lbfgsb__v4p9p11_seed_9151,direct_lbfgsb,92.50004498634105,0.39655897004774515,2153.9206323936787,12,12,3,direct_lbfgsb|powell_lbfgsb|trust_lbfgsb,direct_lbfgsb__lattice_c1000_f0p1|direct_lbfgsb__lattice_c1000_f0p5|direct_lbfgsb__lattice_c1000_f0p9|direct_lbfgsb__lattice_c100_f0p1|direct_lbfgsb__lattice_c100_f0p5|direct_lbfgsb__lattice_c100_f0p9|direct_lbfgsb__v4p9p11_seed_2711|direct_lbfgsb__v4p9p11_seed_6043|direct_lbfgsb__v4p9p11_seed_9151|powell_lbfgsb__card_initializer|trust_lbfgsb__best_prior_source|trust_lbfgsb__fixed_lattice_center,True,v4p9p11_seed_2711,586,493,93,134,e1c11870102f19eab7347ec44f33e6bac5782527bf615dd9c5672673124c45f0,93a08601db69378576c87787cc28ec13b5b5e5ae3076a0713b3732ad04a7e95a,0bcb8784af09edd8d762703ccae8a575647552eefa85e93f4a8bc96b02a71f9e,True,True,0,,,2153.9206323936787,0.0,0.0,7.229882118022594e-05,-9.813720963342355e-06,7.229882118022594e-05,True,True,3.637978807091713e-10,4.689582056016661e-13,8f1689835b7f4059362b4b295a5b4f85833bf7be949f56b8f58930e8aae169d5,90cb9924945797de571783837894402fb32363c1d0865b01f71030d463fe83df,True,1597.2936264958653,6957.043991940276,3339.9584682876484,0.0,True,True
2016,0.171,171,v4p9p11p1_uniform_postpolish_max_fixed_lml,direct_lbfgsb__lattice_c1000_f0p9,direct_lbfgsb,89.6435191185207,0.3936786046546035,2158.5462884012977,12,12,2,direct_lbfgsb|trust_lbfgsb,direct_lbfgsb__archived|direct_lbfgsb__lattice_c1000_f0p1|direct_lbfgsb__lattice_c1000_f0p5|direct_lbfgsb__lattice_c1000_f0p9|direct_lbfgsb__lattice_c100_f0p1|direct_lbfgsb__lattice_c100_f0p5|direct_lbfgsb__lattice_c100_f0p9|direct_lbfgsb__v4p9p11_seed_2711|direct_lbfgsb__v4p9p11_seed_6043|direct_lbfgsb__v4p9p11_seed_9151|trust_lbfgsb__best_prior_source|trust_lbfgsb__fixed_lattice_center,True,archived,586,497,89,134,ff32aa9c5556ca63d3eced8e3b471e59c6c4534ab3e340eac065bbfc53e4d4f3,30b2009e6cbcf3b0aec3ce4934bda35941734baa1474ddc2f27681ecf30ebbf2,ca6340caaae6c8a27867c0e9ccea124a21b68014665ad703a0b2fc9b267835b3,True,True,0,,,2158.5462884012977,0.0,0.0,5.934968161040442e-07,-2.9406352490741773e-06,2.9406352490741773e-06,True,True,4.729372449219227e-10,4.405364961712621e-13,498ffb893c8e10ed197a85678cce1984a442edb98b1bae5b2bf3baa33ce69de8,e9396ab7a22e55903412179c5e4e0fa33425f16f1a7ee78560d484d977909246,True,1538.5946138453057,6620.425279073831,3203.7445345943834,0.0,True,True
2016,0.172,172,v4p9p11p1_uniform_postpolish_max_fixed_lml,direct_lbfgsb__lattice_c1000_f0p9,direct_lbfgsb,86.61426819954254,0.39040665383554085,2164.374196983088,12,12,3,direct_lbfgsb|powell_lbfgsb|trust_lbfgsb,direct_lbfgsb__archived|direct_lbfgsb__lattice_c1000_f0p1|direct_lbfgsb__lattice_c1000_f0p5|direct_lbfgsb__lattice_c1000_f0p9|direct_lbfgsb__lattice_c100_f0p5|direct_lbfgsb__lattice_c100_f0p9|direct_lbfgsb__v4p9p11_seed_2711|direct_lbfgsb__v4p9p11_seed_6043|direct_lbfgsb__v4p9p11_seed_9151|powell_lbfgsb__best_prior_source|trust_lbfgsb__best_prior_source|trust_lbfgsb__fixed_lattice_center,True,v4p9p11_seed_6043,586,501,85,134,01dba80e1127927b57c6142eff29d8f9a878e3a354fb79ee2e3ac83177f1bb54,15de9fe7d25081bb7e6579d59147033e0dae0572a7402d18dd7207b0fb7175cb,31d8920451b2b88f67ef21d946784de675ab23ca13f7abe34ee3966b4474095d,True,True,0,,,2164.374196983088,0.0,0.0,1.0560687895997777e-05,-0.00012274172613792973,0.00012274172613792973,True,True,4.511093720793724e-10,4.689582056016661e-13,71d3f0c82ec9416a0c2fd3be0c86513a466cceea3d325ac801b1ab2095523382,22a0f1d74e9579e51e99bbe900f58be67a4197afdda23cf7f1d2440c7f1e9790,True,1485.475924735963,6303.380969494069,3079.734624866226,0.0,True,True
2016,0.173,173,v4p9p11p1_uniform_postpolish_max_fixed_lml,direct_lbfgsb__lattice_c1000_f0p9,direct_lbfgsb,84.04777707555365,0.3875232009286188,2160.3731181226426,12,12,3,direct_lbfgsb|powell_lbfgsb|trust_lbfgsb,direct_lbfgsb__archived|direct_lbfgsb__lattice_c1000_f0p1|direct_lbfgsb__lattice_c1000_f0p5|direct_lbfgsb__lattice_c1000_f0p9|direct_lbfgsb__lattice_c100_f0p1|direct_lbfgsb__lattice_c100_f0p5|direct_lbfgsb__v4p9p11_seed_2711|direct_lbfgsb__v4p9p11_seed_6043|direct_lbfgsb__v4p9p11_seed_9151|powell_lbfgsb__best_prior_source|trust_lbfgsb__best_prior_source|trust_lbfgsb__fixed_lattice_center,True,v4p9p11_seed_2711,584,504,80,136,79e3e65ac5331d62d0af90f4bde5bd597d85d99a552df5cc6d25b60d7bbf9f53,5c8fa9cdf3e64c98ce69eeb6eb165cbb74758adc71039a3aecbf76899bbb38e9,ed88cd6b245ce085a7b6ebe8ccd879ba13c360f7b0d32c830adc25de1a148102,True,True,0,,,2160.3731181226426,0.0,0.0,-6.138663325024705e-06,6.608323773851591e-05,6.608323773851591e-05,True,True,2.6921043172478676e-10,4.973799150320701e-13,ecb6fcf849196d5ab33e750094011a5977aeb0b48945b7a7e9c0b31cded001d1,95efe0840e87f5bba1c1e7badb73421b45c0c6bd3dcf1f4271d189208760e651,True,1417.6105107377482,6082.00804218294,2968.8603188798033,0.0,True,True
2016,0.174,174,v4p9p11p1_uniform_postpolish_max_fixed_lml,trust_lbfgsb__best_prior_source,trust_lbfgsb,83.88296917325472,0.3873697579936672,2162.207898838755,12,12,2,direct_lbfgsb|trust_lbfgsb,direct_lbfgsb__archived|direct_lbfgsb__lattice_c1000_f0p1|direct_lbfgsb__lattice_c1000_f0p5|direct_lbfgsb__lattice_c1000_f0p9|direct_lbfgsb__lattice_c100_f0p1|direct_lbfgsb__lattice_c100_f0p5|direct_lbfgsb__lattice_c100_f0p9|direct_lbfgsb__v4p9p11_seed_2711|direct_lbfgsb__v4p9p11_seed_6043|direct_lbfgsb__v4p9p11_seed_9151|trust_lbfgsb__best_prior_source|trust_lbfgsb__fixed_lattice_center,True,v4p9p11_seed_2711,584,508,76,136,b8b03519b2d61f6b9737c4d2ffbc3693fb4a8858395a1c0c84c65281e908016f,c22c0c7c97d703a0f61bad00a2e07fb1c563f4cf4065514f28658bca0a6c213d,c7f3ff10c9106176842a5d95752c520c5d1f8d93523c43aa6fc147dae461b572,True,True,0,,,2162.207898838755,0.0,0.0,-6.325947643205303e-05,0.00017794107096473694,0.00017794107096473694,True,True,2.546585164964199e-10,4.689582056016661e-13,95016dd2d681095d41c685739d1fc4c255ce423468481346ff2d11638dae1a53,15c7bfbc7efd9bbdcf67c5713295ea91e5f5f0960d7f382fbeb67d0f4658c7d3,True,1364.6768519231891,5791.325423467356,2848.062960782447,0.0,True,True
2016,0.175,175,v4p9p11p1_uniform_postpolish_max_fixed_lml,trust_lbfgsb__fixed_lattice_center,trust_lbfgsb,86.87835991742713,0.39081564073428954,2166.475027443888,10,10,3,direct_lbfgsb|powell_lbfgsb|trust_lbfgsb,direct_lbfgsb__archived|direct_lbfgsb__lattice_c1000_f0p1|direct_lbfgsb__lattice_c1000_f0p9|direct_lbfgsb__lattice_c100_f0p9|direct_lbfgsb__v4p9p11_seed_6043|direct_lbfgsb__v4p9p11_seed_9151|powell_lbfgsb__best_prior_source|powell_lbfgsb__card_initializer|trust_lbfgsb__best_prior_source|trust_lbfgsb__fixed_lattice_center,True,archived,584,512,72,136,ac162d4df85799157a53dde606481e581f1507d4b99cb87f988ccc39cb3dc0dc,960e7ae985d5333dc1cba6173827ad249d3e1805f2d53f72548f388c3f0e630d,22a4e7a448184371a38f77d6bfbc3d7bb330ea7daa3c5b547ffb9bd288a57e64,True,True,0,,,2166.475027443888,0.0,0.0,-0.0004670119148844107,-0.0006221111038269704,0.0006221111038269704,True,True,2.9103830456733704e-10,4.405364961712621e-13,7f965018de9d81e2892007c61ccd2481f6ca2f9d4367bcb92f1412e3b693dc06,b679739b5fe38c814405f0ce6c22f4cbdedcddebf9716cb08de9597fa25a706d,True,1305.5357812737643,5505.914079176248,2715.311582576147,0.0,True,True
2016,0.176,176,v4p9p11p1_uniform_postpolish_max_fixed_lml,trust_lbfgsb__best_prior_source,trust_lbfgsb,83.54822169048424,0.3870981894064119,2168.9200742654443,11,11,2,direct_lbfgsb|trust_lbfgsb,direct_lbfgsb__archived|direct_lbfgsb__lattice_c1000_f0p1|direct_lbfgsb__lattice_c1000_f0p5|direct_lbfgsb__lattice_c1000_f0p9|direct_lbfgsb__lattice_c100_f0p1|direct_lbfgsb__lattice_c100_f0p5|direct_lbfgsb__lattice_c100_f0p9|direct_lbfgsb__v4p9p11_seed_2711|direct_lbfgsb__v4p9p11_seed_6043|trust_lbfgsb__best_prior_source|trust_lbfgsb__fixed_lattice_center,True,v4p9p11_seed_9151,584,516,68,136,29e40a3e8caa6426eecbef87e439efc1bf1bac91f816826856d6e7abce65b809,50645eb8e49979b883b1e0269b93e55f714ad37e9066fa5957e0a4b9474cb04a,56302c56a1762dfb5f2a6da27306ff8ed66740f921665b641d7fb0e7b0bce25b,True,True,0,,,2168.9200742654443,0.0,0.0,-6.508453039795928e-05,-2.490170643413979e-05,6.508453039795928e-05,True,True,2.9831426218152046e-10,5.258016244624741e-13,63558af5bfd9a586ee4c7dd11b3aa724e780bc6a7a4ccccea6c2729000f25b47,ed3a13e33d51ecddba2cb2c251eb6e70a82690b0fbd72d7f3295294f5b8b3f36,True,1261.2337617054495,5257.475514872477,2625.581861342157,0.0,True,True
2016,0.177,177,v4p9p11p1_uniform_postpolish_max_fixed_lml,direct_lbfgsb__lattice_c100_f0p1,direct_lbfgsb,88.79467814964077,0.3929178413224748,2165.076536369988,11,11,3,direct_lbfgsb|powell_lbfgsb|trust_lbfgsb,direct_lbfgsb__archived|direct_lbfgsb__lattice_c1000_f0p1|direct_lbfgsb__lattice_c1000_f0p5|direct_lbfgsb__lattice_c100_f0p1|direct_lbfgsb__lattice_c100_f0p5|direct_lbfgsb__lattice_c100_f0p9|direct_lbfgsb__v4p9p11_seed_2711|direct_lbfgsb__v4p9p11_seed_6043|powell_lbfgsb__best_prior_source|trust_lbfgsb__best_prior_source|trust_lbfgsb__fixed_lattice_center,True,archived,582,519,63,138,cee7d1539653298cb509a53f9bc5e424c5eac1840ec35d14bf868c6d70d632ce,f80745bc9ac3c673687aa0be097dbc314c1271c1b305eaf24b20ad7f26964a6b,79cdcfd283ceb6a09395aa1a6d574045b3a81f3f24764f44917705b35cec7516,True,True,0,,,2165.076536369988,0.0,0.0,-4.868190286434472e-05,3.050430167731385e-05,4.868190286434472e-05,True,True,2.9831426218152046e-10,4.831690603168681e-13,949cb987a4f7a99d09e2d1cd3c865faccf1d581b6d968e8626e113a9ba947bfb,9db32e5b8d0be1366f8aa3058b3228a3c195d8aa5d6b9a738bc693592e3c525f,True,1199.0751170222836,5061.672882370939,2520.9850379162117,0.0,True,True
2016,0.178,178,v4p9p11p1_uniform_postpolish_max_fixed_lml,trust_lbfgsb__fixed_lattice_center,trust_lbfgsb,83.44435399041828,0.38691819161808405,2167.8639608480066,13,13,3,direct_lbfgsb|powell_lbfgsb|trust_lbfgsb,direct_lbfgsb__archived|direct_lbfgsb__lattice_c1000_f0p1|direct_lbfgsb__lattice_c1000_f0p5|direct_lbfgsb__lattice_c1000_f0p9|direct_lbfgsb__lattice_c100_f0p1|direct_lbfgsb__lattice_c100_f0p5|direct_lbfgsb__lattice_c100_f0p9|direct_lbfgsb__v4p9p11_seed_2711|direct_lbfgsb__v4p9p11_seed_6043|direct_lbfgsb__v4p9p11_seed_9151|powell_lbfgsb__best_prior_source|trust_lbfgsb__best_prior_source|trust_lbfgsb__fixed_lattice_center,True,v4p9p11_seed_9151,582,523,59,138,b565fbeb91ab8679d8000b9d9ee1acda8977954665bc74d6790e94d2b40515b9,201e1455117f330c5fbc4ee4b6777429a1a85200d012e192f2c48b2f6a5cee82,32fafbff2c2a0a9ae32475d83c499d830b0e7497a8c2c83e51b0e6a6cd15e571,True,True,0,,,2167.8639608480066,0.0,0.0,-8.979169630062432e-05,0.0004191829743505377,0.0004191829743505377,True,True,2.9103830456733704e-10,4.405364961712621e-13,1fcfe0626cb558a99f0ae42a5d2923334077ff00d410519df6fa4c675e955943,23326a81887aae6cece25374bcf8654fc78ef16503e4b570611b5827cd03b585,True,1153.230068101778,4838.121086404868,2441.1145608178285,0.0,True,True
2016,0.179,179,v4p9p11p1_uniform_postpolish_max_fixed_lml,trust_lbfgsb__best_prior_source,trust_lbfgsb,87.25273197583105,0.39122916077702385,2162.222933082114,10,10,3,direct_lbfgsb|powell_lbfgsb|trust_lbfgsb,direct_lbfgsb__archived|direct_lbfgsb__lattice_c1000_f0p1|direct_lbfgsb__lattice_c1000_f0p9|direct_lbfgsb__lattice_c100_f0p1|direct_lbfgsb__lattice_c100_f0p9|direct_lbfgsb__v4p9p11_seed_2711|direct_lbfgsb__v4p9p11_seed_9151|powell_lbfgsb__best_prior_source|trust_lbfgsb__best_prior_source|trust_lbfgsb__fixed_lattice_center,True,v4p9p11_seed_9151,582,527,55,138,beaf8e62f63a162288e0cf08c602372e10a71de24b8096099b4a629c6149087e,119fbd5b8048b0cf530f3859b77de046740908f64f44ff5d121f7bccbdc0e60c,ebd15414eb9ee1469372d9fb1e7e940e870a760b0f033b20d2b69d8756457232,True,True,0,,,2162.222933082114,0.0,0.0,8.988830244150748e-05,-8.838466085041711e-05,8.988830244150748e-05,True,True,2.473825588822365e-10,5.258016244624741e-13,53ddb14504fb8248e1d41968f3fd26d6984ff22676bfed64750ea6b3c6b7476c,69e5c6c7644c82573d99b775cc0bf44123700a5cfe040229af67c72ef8ace272,True,1109.1282212106796,4609.949228011037,2351.1516138142597,0.0,True,True
2016,0.18,180,v4p9p11p1_uniform_postpolish_max_fixed_lml,direct_lbfgsb__v4p9p11_seed_2711,direct_lbfgsb,83.47050923034536,0.38677396979382134,2165.9324311176383,11,11,3,direct_lbfgsb|powell_lbfgsb|trust_lbfgsb,direct_lbfgsb__archived|direct_lbfgsb__lattice_c1000_f0p1|direct_lbfgsb__lattice_c1000_f0p9|direct_lbfgsb__lattice_c100_f0p5|direct_lbfgsb__lattice_c100_f0p9|direct_lbfgsb__v4p9p11_seed_2711|direct_lbfgsb__v4p9p11_seed_6043|direct_lbfgsb__v4p9p11_seed_9151|powell_lbfgsb__best_prior_source|trust_lbfgsb__best_prior_source|trust_lbfgsb__fixed_lattice_center,True,archived,582,531,51,138,11bf22201be6f99964a569abe8a2a7a6d7cd232ec0039e0cc42334ff7b7078bc,f283b85fd924afa956e81aaa8c31d55c0b955cf81d64c66f6a8718e706e79a71,1c654b31e293eb4715c3b9967fa27a1c01fcd8f4cbb9e67954ed85f7eac32331,True,True,0,,,2165.9324311176383,0.0,0.0,-0.00025888354004651105,0.003756641132393002,0.003756641132393002,True,True,3.4924596548080444e-10,4.121147867408581e-13,430e68a4363f8a078d590f7137dd24838ed4b421b48e451982583d66ae336dac,f8bc881e0e946662c1ed7ad912a6a8df601b284836b598ef39da8ce12e7d3fae,True,1065.8369053362758,4408.491057683274,2281.289925185293,0.0,True,True
