cohort,source,mass_MeV,toy,policy,z,A_expected,s0,background_hash,signal_hash,counts_hash,actual_full,actual_window,actual_training,actual_outside_support,Ahat,sigma,fit_valid,score,min_lambda,covariance_load,nuisance_rank,failure_reason
calibration,functional,220,0,gaussian_baseline,0,0,2143.9585234711762,ffba38fd4baddc0276312dfde1e6cf1c59f3196e0ea11e0e24d8740561b0aa55,d3bb56f8ed6d718b0d014fd9eec6c619f30907068e2667d838febcc69349baac,ffba38fd4baddc0276312dfde1e6cf1c59f3196e0ea11e0e24d8740561b0aa55,0,0,0,0,2257.4313939540525,2100.2734349978341,True,4.9137383051345296e-10,34224.042471576162,9.9999999999999995e-07,41,
calibration,functional,220,0,common_starter,0,0,2143.9585234711762,ffba38fd4baddc0276312dfde1e6cf1c59f3196e0ea11e0e24d8740561b0aa55,d3bb56f8ed6d718b0d014fd9eec6c619f30907068e2667d838febcc69349baac,ffba38fd4baddc0276312dfde1e6cf1c59f3196e0ea11e0e24d8740561b0aa55,0,0,0,0,2472.3253991404049,2691.384893809292,True,8.8031537615052002e-10,34229.089217353037,9.9999999999999995e-07,48,
calibration,functional,220,0,gaussian_starter,0,0,2143.9585234711762,ffba38fd4baddc0276312dfde1e6cf1c59f3196e0ea11e0e24d8740561b0aa55,d3bb56f8ed6d718b0d014fd9eec6c619f30907068e2667d838febcc69349baac,ffba38fd4baddc0276312dfde1e6cf1c59f3196e0ea11e0e24d8740561b0aa55,0,0,0,0,2281.1734325025741,2119.0171461335531,True,1.0886429535617026e-09,34223.855558796466,9.9999999999999995e-07,48,
calibration,functional,220,0,morph_starter,0,0,2143.9585234711762,ffba38fd4baddc0276312dfde1e6cf1c59f3196e0ea11e0e24d8740561b0aa55,d3bb56f8ed6d718b0d014fd9eec6c619f30907068e2667d838febcc69349baac,ffba38fd4baddc0276312dfde1e6cf1c59f3196e0ea11e0e24d8740561b0aa55,0,0,0,0,2519.0313898114414,2919.6877827299604,True,7.5289330325745141e-10,34232.372159870763,9.9999999999999995e-07,48,
calibration,functional,220,0,direct_starter,0,0,2143.9585234711762,ffba38fd4baddc0276312dfde1e6cf1c59f3196e0ea11e0e24d8740561b0aa55,d3bb56f8ed6d718b0d014fd9eec6c619f30907068e2667d838febcc69349baac,ffba38fd4baddc0276312dfde1e6cf1c59f3196e0ea11e0e24d8740561b0aa55,0,0,0,0,2447.5106557610952,2868.1255656496737,True,7.630935883184975e-10,34232.392864404639,9.9999999999999995e-07,48,
calibration,functional,220,0,gaussian_baseline,0.5,1071.9792617355881,2143.9585234711762,ffba38fd4baddc0276312dfde1e6cf1c59f3196e0ea11e0e24d8740561b0aa55,e3461f66f0e2d729f79644776111bc27854f40bf266099a40cd4748164746b25,42d6e187800b5da618bc2488579647b97633fef7c605eead3fefc04bebf10f10,1054,802,250,2,2939.3841840944215,2100.6845863240942,True,3.3864080428713805e-09,34230.294443494378,9.9999999999999995e-07,41,
calibration,functional,220,0,common_starter,0.5,1071.9792617355881,2143.9585234711762,ffba38fd4baddc0276312dfde1e6cf1c59f3196e0ea11e0e24d8740561b0aa55,e3461f66f0e2d729f79644776111bc27854f40bf266099a40cd4748164746b25,42d6e187800b5da618bc2488579647b97633fef7c605eead3fefc04bebf10f10,1054,834,218,2,3354.0901790653252,2691.9859070016496,True,7.4230421809318159e-10,34236.073547103566,9.9999999999999995e-07,48,
calibration,functional,220,0,gaussian_starter,0.5,1071.9792617355881,2143.9585234711762,ffba38fd4baddc0276312dfde1e6cf1c59f3196e0ea11e0e24d8740561b0aa55,e3461f66f0e2d729f79644776111bc27854f40bf266099a40cd4748164746b25,42d6e187800b5da618bc2488579647b97633fef7c605eead3fefc04bebf10f10,1054,834,218,2,2970.1135803344168,2119.4321819478064,True,9.9619223981051164e-10,34230.052480353894,9.9999999999999995e-07,48,
calibration,functional,220,0,morph_starter,0.5,1071.9792617355881,2143.9585234711762,ffba38fd4baddc0276312dfde1e6cf1c59f3196e0ea11e0e24d8740561b0aa55,e3461f66f0e2d729f79644776111bc27854f40bf266099a40cd4748164746b25,42d6e187800b5da618bc2488579647b97633fef7c605eead3fefc04bebf10f10,1054,834,218,2,3470.8916356671107,2920.3038866592606,True,5.6570814699341554e-10,34240.289131130114,9.9999999999999995e-07,48,
calibration,functional,220,0,direct_starter,0.5,1071.9792617355881,2143.9585234711762,ffba38fd4baddc0276312dfde1e6cf1c59f3196e0ea11e0e24d8740561b0aa55,e3461f66f0e2d729f79644776111bc27854f40bf266099a40cd4748164746b25,42d6e187800b5da618bc2488579647b97633fef7c605eead3fefc04bebf10f10,1054,834,218,2,3384.9913652813175,2868.7378452158036,True,5.7264681885271784e-10,34240.259748445751,9.9999999999999995e-07,48,
calibration,functional,220,0,gaussian_baseline,1,2143.9585234711762,2143.9585234711762,ffba38fd4baddc0276312dfde1e6cf1c59f3196e0ea11e0e24d8740561b0aa55,d560635c314e710c1fa1241eb0c7dd55dd1bc3d6ca3d32620093637615bb1260,8d8bc56d211be7db23f5ec88efac6a8b0001a8dca33076813e5eb3d4c725b853,2058,1592,463,3,3616.6974067180277,2101.0735435563756,True,1.3075331151135572e-08,34235.688439801983,9.9999999999999995e-07,41,
calibration,functional,220,0,common_starter,1,2143.9585234711762,2143.9585234711762,ffba38fd4baddc0276312dfde1e6cf1c59f3196e0ea11e0e24d8740561b0aa55,d560635c314e710c1fa1241eb0c7dd55dd1bc3d6ca3d32620093637615bb1260,8d8bc56d211be7db23f5ec88efac6a8b0001a8dca33076813e5eb3d4c725b853,2058,1658,397,3,4226.9224855733792,2692.5537978971724,True,2.1432731145409889e-09,34242.211771802198,9.9999999999999995e-07,48,
calibration,functional,220,0,gaussian_starter,1,2143.9585234711762,2143.9585234711762,ffba38fd4baddc0276312dfde1e6cf1c59f3196e0ea11e0e24d8740561b0aa55,d560635c314e710c1fa1241eb0c7dd55dd1bc3d6ca3d32620093637615bb1260,8d8bc56d211be7db23f5ec88efac6a8b0001a8dca33076813e5eb3d4c725b853,2058,1658,397,3,3654.3041819929826,2119.8173925796073,True,2.3904520585205091e-09,34235.39211977071,9.9999999999999995e-07,48,
calibration,functional,220,0,morph_starter,1,2143.9585234711762,2143.9585234711762,ffba38fd4baddc0276312dfde1e6cf1c59f3196e0ea11e0e24d8740561b0aa55,d560635c314e710c1fa1241eb0c7dd55dd1bc3d6ca3d32620093637615bb1260,8d8bc56d211be7db23f5ec88efac6a8b0001a8dca33076813e5eb3d4c725b853,2058,1658,397,3,4415.3787935152968,2920.8810428619527,True,1.5420791310560844e-09,34247.340450359363,9.9999999999999995e-07,48,
calibration,functional,220,0,direct_starter,1,2143.9585234711762,2143.9585234711762,ffba38fd4baddc0276312dfde1e6cf1c59f3196e0ea11e0e24d8740561b0aa55,d560635c314e710c1fa1241eb0c7dd55dd1bc3d6ca3d32620093637615bb1260,8d8bc56d211be7db23f5ec88efac6a8b0001a8dca33076813e5eb3d4c725b853,2058,1658,397,3,4313.9951858380264,2869.3132533528237,True,1.5601482328264638e-09,34247.266925226584,9.9999999999999995e-07,48,
calibration,functional,220,0,gaussian_baseline,2,4287.9170469423525,2143.9585234711762,ffba38fd4baddc0276312dfde1e6cf1c59f3196e0ea11e0e24d8740561b0aa55,ba145cd0d289802125727c43869d270d663b8109af4054eb7d06e6be48862865,3ddc92e7187254993440531f720b06201e0ae6a204fd226e14e21d6973293e9f,4161,3205,948,8,4997.4824293539205,2101.8808579443812,True,8.2240714016634797e-08,34246.377301596236,9.9999999999999995e-07,41,
calibration,functional,220,0,common_starter,2,4287.9170469423525,2143.9585234711762,ffba38fd4baddc0276312dfde1e6cf1c59f3196e0ea11e0e24d8740561b0aa55,ba145cd0d289802125727c43869d270d663b8109af4054eb7d06e6be48862865,3ddc92e7187254993440531f720b06201e0ae6a204fd226e14e21d6973293e9f,4161,3337,816,8,6009.0446233418179,2693.7424434197665,True,2.7852197215239016e-08,34254.401367261067,9.9999999999999995e-07,48,
calibration,functional,220,0,gaussian_starter,2,4287.9170469423525,2143.9585234711762,ffba38fd4baddc0276312dfde1e6cf1c59f3196e0ea11e0e24d8740561b0aa55,ba145cd0d289802125727c43869d270d663b8109af4054eb7d06e6be48862865,3ddc92e7187254993440531f720b06201e0ae6a204fd226e14e21d6973293e9f,4161,3337,816,8,5047.1608178518909,2120.6305828231266,True,2.7389561507717985e-08,34245.98688403688,9.9999999999999995e-07,48,
calibration,functional,220,0,morph_starter,2,4287.9170469423525,2143.9585234711762,ffba38fd4baddc0276312dfde1e6cf1c59f3196e0ea11e0e24d8740561b0aa55,ba145cd0d289802125727c43869d270d663b8109af4054eb7d06e6be48862865,3ddc92e7187254993440531f720b06201e0ae6a204fd226e14e21d6973293e9f,4161,3337,816,8,6337.0993660073545,2922.0930940389844,True,2.2129466259457331e-08,34261.424255588907,9.9999999999999995e-07,48,
calibration,functional,220,0,direct_starter,2,4287.9170469423525,2143.9585234711762,ffba38fd4baddc0276312dfde1e6cf1c59f3196e0ea11e0e24d8740561b0aa55,ba145cd0d289802125727c43869d270d663b8109af4054eb7d06e6be48862865,3ddc92e7187254993440531f720b06201e0ae6a204fd226e14e21d6973293e9f,4161,3337,816,8,6206.0781931880338,2870.5205429454077,True,2.2510160180289063e-08,34261.252375833923,9.9999999999999995e-07,48,
calibration,functional,220,0,gaussian_baseline,3,6431.8755704135292,2143.9585234711762,ffba38fd4baddc0276312dfde1e6cf1c59f3196e0ea11e0e24d8740561b0aa55,6030c84a2234775640399e87ad1fd7d8d05b0f10b73587496b706cfdc130bc27,51a1531a7dbb4e1ac701020701e58ebcce0c7810815c5504c066f9e4dfe0fb4a,6354,4907,1433,14,6448.1599706611223,2102.7368347252223,True,3.47499806707674e-14,34258.978157261023,9.9999999999999995e-07,41,
calibration,functional,220,0,common_starter,3,6431.8755704135292,2143.9585234711762,ffba38fd4baddc0276312dfde1e6cf1c59f3196e0ea11e0e24d8740561b0aa55,6030c84a2234775640399e87ad1fd7d8d05b0f10b73587496b706cfdc130bc27,51a1531a7dbb4e1ac701020701e58ebcce0c7810815c5504c066f9e4dfe0fb4a,6354,5097,1243,14,7882.2921450027652,2694.9986346798892,True,1.5332550828972558e-07,34268.573616378169,9.9999999999999995e-07,48,
calibration,functional,220,0,gaussian_starter,3,6431.8755704135292,2143.9585234711762,ffba38fd4baddc0276312dfde1e6cf1c59f3196e0ea11e0e24d8740561b0aa55,6030c84a2234775640399e87ad1fd7d8d05b0f10b73587496b706cfdc130bc27,51a1531a7dbb4e1ac701020701e58ebcce0c7810815c5504c066f9e4dfe0fb4a,6354,5097,1243,14,6511.1203322385663,2121.4989693707926,True,1.4700869876982381e-07,34258.48409166537,9.9999999999999995e-07,48,
calibration,functional,220,0,morph_starter,3,6431.8755704135292,2143.9585234711762,ffba38fd4baddc0276312dfde1e6cf1c59f3196e0ea11e0e24d8740561b0aa55,6030c84a2234775640399e87ad1fd7d8d05b0f10b73587496b706cfdc130bc27,51a1531a7dbb4e1ac701020701e58ebcce0c7810815c5504c066f9e4dfe0fb4a,6354,5097,1243,14,8361.3004411941456,2923.3792415268204,True,1.2848853359059831e-07,34277.56877795561,9.9999999999999995e-07,48,
calibration,functional,220,0,direct_starter,3,6431.8755704135292,2143.9585234711762,ffba38fd4baddc0276312dfde1e6cf1c59f3196e0ea11e0e24d8740561b0aa55,6030c84a2234775640399e87ad1fd7d8d05b0f10b73587496b706cfdc130bc27,51a1531a7dbb4e1ac701020701e58ebcce0c7810815c5504c066f9e4dfe0fb4a,6354,5097,1243,14,8199.31528691936,2871.7997251776192,True,1.3079305949403874e-07,34277.292144571489,9.9999999999999995e-07,48,
calibration,functional,220,0,gaussian_baseline,4,8575.834093884705,2143.9585234711762,ffba38fd4baddc0276312dfde1e6cf1c59f3196e0ea11e0e24d8740561b0aa55,f87c821b62a082a4f0a19f56da673bf98a51f15b1030d8dfcca068bc93ad9074,e8bbaa0744712912dcbac47019f0fe5c2793daac5a1f14bc53d8a8f3589556ba,8506,6560,1930,16,7843.3918397104981,2103.5616954214906,True,1.2878587085651816e-14,34270.639638100336,9.9999999999999995e-07,41,
calibration,functional,220,0,common_starter,4,8575.834093884705,2143.9585234711762,ffba38fd4baddc0276312dfde1e6cf1c59f3196e0ea11e0e24d8740561b0aa55,f87c821b62a082a4f0a19f56da673bf98a51f15b1030d8dfcca068bc93ad9074,e8bbaa0744712912dcbac47019f0fe5c2793daac5a1f14bc53d8a8f3589556ba,8506,6809,1681,16,9666.1376706363571,2696.2116389365965,True,3.9745984281580604e-14,34281.850542693712,9.9999999999999995e-07,48,
calibration,functional,220,0,gaussian_starter,4,8575.834093884705,2143.9585234711762,ffba38fd4baddc0276312dfde1e6cf1c59f3196e0ea11e0e24d8740561b0aa55,f87c821b62a082a4f0a19f56da673bf98a51f15b1030d8dfcca068bc93ad9074,e8bbaa0744712912dcbac47019f0fe5c2793daac5a1f14bc53d8a8f3589556ba,8506,6809,1681,16,7919.1779292350793,2122.3322000310382,True,5.6399329650957952e-14,34270.045348796106,9.9999999999999995e-07,48,
calibration,functional,220,0,morph_starter,4,8575.834093884705,2143.9585234711762,ffba38fd4baddc0276312dfde1e6cf1c59f3196e0ea11e0e24d8740561b0aa55,f87c821b62a082a4f0a19f56da673bf98a51f15b1030d8dfcca068bc93ad9074,e8bbaa0744712912dcbac47019f0fe5c2793daac5a1f14bc53d8a8f3589556ba,8506,6809,1681,16,10291.662670663185,2924.6162800225429,True,2.3536728122053319e-14,34292.711599763723,9.9999999999999995e-07,48,
calibration,functional,220,0,direct_starter,4,8575.834093884705,2143.9585234711762,ffba38fd4baddc0276312dfde1e6cf1c59f3196e0ea11e0e24d8740561b0aa55,f87c821b62a082a4f0a19f56da673bf98a51f15b1030d8dfcca068bc93ad9074,e8bbaa0744712912dcbac47019f0fe5c2793daac5a1f14bc53d8a8f3589556ba,8506,6809,1681,16,10097.187626346376,2873.0310648370769,True,3.0420110874729289e-14,34292.348620377343,9.9999999999999995e-07,48,
calibration,functional,220,0,gaussian_baseline,5,10719.792617355881,2143.9585234711762,ffba38fd4baddc0276312dfde1e6cf1c59f3196e0ea11e0e24d8740561b0aa55,4ea79782aa3792fac16947eb9ae16564aec502b864b105442a0e75848dc14f6a,47c4eeafc9f7af516d63cd058e54ee8eed86502dfac237039e70d72868e300d3,10691,8240,2430,21,9292.4746382370686,2104.4178534938865,True,2.55351295663786e-15,34282.849161458929,9.9999999999999995e-07,41,
calibration,functional,220,0,common_starter,5,10719.792617355881,2143.9585234711762,ffba38fd4baddc0276312dfde1e6cf1c59f3196e0ea11e0e24d8740561b0aa55,4ea79782aa3792fac16947eb9ae16564aec502b864b105442a0e75848dc14f6a,47c4eeafc9f7af516d63cd058e54ee8eed86502dfac237039e70d72868e300d3,10691,8553,2117,21,11541.325378789012,2697.4699540581842,True,8.1712414612411521e-14,34295.605785900472,9.9999999999999995e-07,48,
calibration,functional,220,0,gaussian_starter,5,10719.792617355881,2143.9585234711762,ffba38fd4baddc0276312dfde1e6cf1c59f3196e0ea11e0e24d8740561b0aa55,4ea79782aa3792fac16947eb9ae16564aec502b864b105442a0e75848dc14f6a,47c4eeafc9f7af516d63cd058e54ee8eed86502dfac237039e70d72868e300d3,10691,8553,2117,21,9382.794598789369,2123.1948599188395,True,9.1038288019262836e-15,34282.140420642958,9.9999999999999995e-07,48,
calibration,functional,220,0,morph_starter,5,10719.792617355881,2143.9585234711762,ffba38fd4baddc0276312dfde1e6cf1c59f3196e0ea11e0e24d8740561b0aa55,4ea79782aa3792fac16947eb9ae16564aec502b864b105442a0e75848dc14f6a,47c4eeafc9f7af516d63cd058e54ee8eed86502dfac237039e70d72868e300d3,10691,8553,2117,21,12311.867787942281,2925.9007002741996,True,6.4392935428259079e-14,34308.468367750473,9.9999999999999995e-07,48,
calibration,functional,220,0,direct_starter,5,10719.792617355881,2143.9585234711762,ffba38fd4baddc0276312dfde1e6cf1c59f3196e0ea11e0e24d8740561b0aa55,4ea79782aa3792fac16947eb9ae16564aec502b864b105442a0e75848dc14f6a,47c4eeafc9f7af516d63cd058e54ee8eed86502dfac237039e70d72868e300d3,10691,8553,2117,21,12085.070898313325,2874.3097123597586,True,1.6292522886374172e-14,34308.007345211066,9.9999999999999995e-07,48,
calibration,functional,220,0,gaussian_baseline,6,12863.751140827058,2143.9585234711762,ffba38fd4baddc0276312dfde1e6cf1c59f3196e0ea11e0e24d8740561b0aa55,bda84269e8b48b9fe097f3cfde1aae04610abf41ab654fde69f0a7e5b1c132bd,685bb89c5633cd8c2b5c838fc6b32b1cdadc1f5b349f290d54d38d5d7ae61528,12833,9876,2933,24,10758.895341932741,2105.2457243569575,True,4.9182879990894435e-14,34293.315480527141,9.9999999999999995e-07,41,
calibration,functional,220,0,common_starter,6,12863.751140827058,2143.9585234711762,ffba38fd4baddc0276312dfde1e6cf1c59f3196e0ea11e0e24d8740561b0aa55,bda84269e8b48b9fe097f3cfde1aae04610abf41ab654fde69f0a7e5b1c132bd,685bb89c5633cd8c2b5c838fc6b32b1cdadc1f5b349f290d54d38d5d7ae61528,12833,10269,2540,24,13452.660727062066,2698.6788336727591,True,1.5182299861749016e-14,34307.555503292067,9.9999999999999995e-07,48,
calibration,functional,220,0,gaussian_starter,6,12863.751140827058,2143.9585234711762,ffba38fd4baddc0276312dfde1e6cf1c59f3196e0ea11e0e24d8740561b0aa55,bda84269e8b48b9fe097f3cfde1aae04610abf41ab654fde69f0a7e5b1c132bd,685bb89c5633cd8c2b5c838fc6b32b1cdadc1f5b349f290d54d38d5d7ae61528,12833,10269,2540,24,10864.970759455538,2124.0146128789593,True,5.440092820663267e-14,34292.481694062604,9.9999999999999995e-07,48,
calibration,functional,220,0,morph_starter,6,12863.751140827058,2143.9585234711762,ffba38fd4baddc0276312dfde1e6cf1c59f3196e0ea11e0e24d8740561b0aa55,bda84269e8b48b9fe097f3cfde1aae04610abf41ab654fde69f0a7e5b1c132bd,685bb89c5633cd8c2b5c838fc6b32b1cdadc1f5b349f290d54d38d5d7ae61528,12833,10269,2540,24,14365.091704924822,2927.1270595406604,True,6.1284310959308641e-14,34322.484636748464,9.9999999999999995e-07,48,
calibration,functional,220,0,direct_starter,6,12863.751140827058,2143.9585234711762,ffba38fd4baddc0276312dfde1e6cf1c59f3196e0ea11e0e24d8740561b0aa55,bda84269e8b48b9fe097f3cfde1aae04610abf41ab654fde69f0a7e5b1c132bd,685bb89c5633cd8c2b5c838fc6b32b1cdadc1f5b349f290d54d38d5d7ae61528,12833,10269,2540,24,14106.23054918056,2875.5315685139562,True,6.4170890823334048e-14,34321.920364017416,9.9999999999999995e-07,48,
calibration,functional,220,0,gaussian_baseline,8,17151.66818776941,2143.9585234711762,ffba38fd4baddc0276312dfde1e6cf1c59f3196e0ea11e0e24d8740561b0aa55,2b83d713096ce27e09febd24f038c4143f00fd7f01cbc5a06b6396d380d2df17,93966d24f582f828956785653c4ee5a958382dfa903c5259916c3cc4b819b466,17099,13179,3887,33,13613.986820218239,2106.9126532810251,True,6.4392935428259079e-14,34315.253327200007,9.9999999999999995e-07,41,
calibration,functional,220,0,common_starter,8,17151.66818776941,2143.9585234711762,ffba38fd4baddc0276312dfde1e6cf1c59f3196e0ea11e0e24d8740561b0aa55,2b83d713096ce27e09febd24f038c4143f00fd7f01cbc5a06b6396d380d2df17,93966d24f582f828956785653c4ee5a958382dfa903c5259916c3cc4b819b466,17099,13711,3355,33,17159.02081091256,2701.1261377034293,True,2.9837243786801082e-14,34332.468471699562,9.9999999999999995e-07,48,
calibration,functional,220,0,gaussian_starter,8,17151.66818776941,2143.9585234711762,ffba38fd4baddc0276312dfde1e6cf1c59f3196e0ea11e0e24d8740561b0aa55,2b83d713096ce27e09febd24f038c4143f00fd7f01cbc5a06b6396d380d2df17,93966d24f582f828956785653c4ee5a958382dfa903c5259916c3cc4b819b466,17099,13711,3355,33,13747.943574209577,2125.6882481952725,True,3.8635761256955448e-14,34314.200355364221,9.9999999999999995e-07,48,
calibration,functional,220,0,morph_starter,8,17151.66818776941,2143.9585234711762,ffba38fd4baddc0276312dfde1e6cf1c59f3196e0ea11e0e24d8740561b0aa55,2b83d713096ce27e09febd24f038c4143f00fd7f01cbc5a06b6396d380d2df17,93966d24f582f828956785653c4ee5a958382dfa903c5259916c3cc4b819b466,17099,13711,3355,33,18352.999120927252,2929.6186094963605,True,5.9507954119908391e-14,34351.376489878698,9.9999999999999995e-07,48,
calibration,functional,220,0,direct_starter,8,17151.66818776941,2143.9585234711762,ffba38fd4baddc0276312dfde1e6cf1c59f3196e0ea11e0e24d8740561b0aa55,2b83d713096ce27e09febd24f038c4143f00fd7f01cbc5a06b6396d380d2df17,93966d24f582f828956785653c4ee5a958382dfa903c5259916c3cc4b819b466,17099,13711,3355,33,18032.455747953514,2878.0118240993993,True,9.8365759981788869e-14,34350.608941085768,9.9999999999999995e-07,48,
calibration,functional,220,0,gaussian_baseline,10,21439.585234711762,2143.9585234711762,ffba38fd4baddc0276312dfde1e6cf1c59f3196e0ea11e0e24d8740561b0aa55,5e0ed28d3f37b8fb2dccc1ca5dc4799cd8b8fd81978609aa8d353259d0816c7b,ec405ea65588283c34c3ab6846bff7e222ae2c3457e2162fe8916c739e6c180f,21403,16496,4864,43,16443.5477332929,2108.5582389393271,True,3.1286084833936911e-13,34338.251695138795,9.9999999999999995e-07,41,
calibration,functional,220,0,common_starter,10,21439.585234711762,2143.9585234711762,ffba38fd4baddc0276312dfde1e6cf1c59f3196e0ea11e0e24d8740561b0aa55,5e0ed28d3f37b8fb2dccc1ca5dc4799cd8b8fd81978609aa8d353259d0816c7b,ec405ea65588283c34c3ab6846bff7e222ae2c3457e2162fe8916c739e6c180f,21403,17167,4193,43,20824.414673964897,2703.5243676244513,True,3.9812597663058114e-13,34358.460393311652,9.9999999999999995e-07,48,
calibration,functional,220,0,gaussian_starter,10,21439.585234711762,2143.9585234711762,ffba38fd4baddc0276312dfde1e6cf1c59f3196e0ea11e0e24d8740561b0aa55,5e0ed28d3f37b8fb2dccc1ca5dc4799cd8b8fd81978609aa8d353259d0816c7b,ec405ea65588283c34c3ab6846bff7e222ae2c3457e2162fe8916c739e6c180f,21403,17167,4193,43,16604.326224432945,2127.3314248031861,True,1.8030021919912542e-13,34336.988738123378,9.9999999999999995e-07,48,
calibration,functional,220,0,morph_starter,10,21439.585234711762,2143.9585234711762,ffba38fd4baddc0276312dfde1e6cf1c59f3196e0ea11e0e24d8740561b0aa55,5e0ed28d3f37b8fb2dccc1ca5dc4799cd8b8fd81978609aa8d353259d0816c7b,ec405ea65588283c34c3ab6846bff7e222ae2c3457e2162fe8916c739e6c180f,21403,17167,4193,43,22305.483387226086,2932.060047167517,True,1.7275070263167436e-13,34381.264846782025,9.9999999999999995e-07,48,
calibration,functional,220,0,direct_starter,10,21439.585234711762,2143.9585234711762,ffba38fd4baddc0276312dfde1e6cf1c59f3196e0ea11e0e24d8740561b0aa55,5e0ed28d3f37b8fb2dccc1ca5dc4799cd8b8fd81978609aa8d353259d0816c7b,ec405ea65588283c34c3ab6846bff7e222ae2c3457e2162fe8916c739e6c180f,21403,17167,4193,43,21919.579258851023,2880.4431325261721,True,1.9428902930940239e-13,34380.315198753648,9.9999999999999995e-07,48,
calibration,functional,220,0,gaussian_baseline,12,25727.502281654117,2143.9585234711762,ffba38fd4baddc0276312dfde1e6cf1c59f3196e0ea11e0e24d8740561b0aa55,46b770d9c50b2cff5cc1e67dd28a0d814b2695660303dd2f26493a36440d0fd2,b8f7596ab15a3fa39496ea04b50e4c6c666116c44adcaf10e6d04cf50b0ccba9,25730,19819,5857,54,19199.493477450706,2110.233450412145,True,1.1171064073778325e-12,34361.706030856367,9.9999999999999995e-07,41,
calibration,functional,220,0,common_starter,12,25727.502281654117,2143.9585234711762,ffba38fd4baddc0276312dfde1e6cf1c59f3196e0ea11e0e24d8740561b0aa55,46b770d9c50b2cff5cc1e67dd28a0d814b2695660303dd2f26493a36440d0fd2,b8f7596ab15a3fa39496ea04b50e4c6c666116c44adcaf10e6d04cf50b0ccba9,25730,20636,5040,54,24375.685737276268,2705.9618801399452,True,1.0540457395791236e-12,34384.93995466629,9.9999999999999995e-07,48,
calibration,functional,220,0,gaussian_starter,12,25727.502281654117,2143.9585234711762,ffba38fd4baddc0276312dfde1e6cf1c59f3196e0ea11e0e24d8740561b0aa55,46b770d9c50b2cff5cc1e67dd28a0d814b2695660303dd2f26493a36440d0fd2,b8f7596ab15a3fa39496ea04b50e4c6c666116c44adcaf10e6d04cf50b0ccba9,25730,20636,5040,54,19386.935238883263,2129.0126102844638,True,8.9173113337892573e-13,34360.234368062876,9.9999999999999995e-07,48,
calibration,functional,220,0,morph_starter,12,25727.502281654117,2143.9585234711762,ffba38fd4baddc0276312dfde1e6cf1c59f3196e0ea11e0e24d8740561b0aa55,46b770d9c50b2cff5cc1e67dd28a0d814b2695660303dd2f26493a36440d0fd2,b8f7596ab15a3fa39496ea04b50e4c6c666116c44adcaf10e6d04cf50b0ccba9,25730,20636,5040,54,26136.366297716628,2934.5486997170883,True,8.4332540950526891e-13,34411.513453149921,9.9999999999999995e-07,48,
calibration,functional,220,0,direct_starter,12,25727.502281654117,2143.9585234711762,ffba38fd4baddc0276312dfde1e6cf1c59f3196e0ea11e0e24d8740561b0aa55,46b770d9c50b2cff5cc1e67dd28a0d814b2695660303dd2f26493a36440d0fd2,b8f7596ab15a3fa39496ea04b50e4c6c666116c44adcaf10e6d04cf50b0ccba9,25730,20636,5040,54,25689.133289953388,2882.9201209862354,True,9.1748830755022937e-13,34410.377984292478,9.9999999999999995e-07,48,
calibration,functional,220,0,gaussian_baseline,16,34303.33637553882,2143.9585234711762,ffba38fd4baddc0276312dfde1e6cf1c59f3196e0ea11e0e24d8740561b0aa55,abd9ce49c44886838ca98c81fd7c1634e107737e9704f8901db605203ecb892e,1abea8dec07336c0133d9e5a096b07dc08c5e711b1c472518c601e0da9d81d9c,34383,26501,7807,75,24910.820811884794,2113.5825732276376,True,9.4377838877335307e-12,34407.735934402917,9.9999999999999995e-07,41,
calibration,functional,220,0,common_starter,16,34303.33637553882,2143.9585234711762,ffba38fd4baddc0276312dfde1e6cf1c59f3196e0ea11e0e24d8740561b0aa55,abd9ce49c44886838ca98c81fd7c1634e107737e9704f8901db605203ecb892e,1abea8dec07336c0133d9e5a096b07dc08c5e711b1c472518c601e0da9d81d9c,34383,27610,6698,75,31800.487904083802,2710.8429453763124,True,1.1501244401301847e-11,34436.854343767111,9.9999999999999995e-08,36,
calibration,functional,220,0,gaussian_starter,16,34303.33637553882,2143.9585234711762,ffba38fd4baddc0276312dfde1e6cf1c59f3196e0ea11e0e24d8740561b0aa55,abd9ce49c44886838ca98c81fd7c1634e107737e9704f8901db605203ecb892e,1abea8dec07336c0133d9e5a096b07dc08c5e711b1c472518c601e0da9d81d9c,34383,27610,6698,75,25155.072857123694,2132.3650791476257,True,8.7114759850237533e-12,34405.819070919031,9.9999999999999995e-08,36,
calibration,functional,220,0,morph_starter,16,34303.33637553882,2143.9585234711762,ffba38fd4baddc0276312dfde1e6cf1c59f3196e0ea11e0e24d8740561b0aa55,abd9ce49c44886838ca98c81fd7c1634e107737e9704f8901db605203ecb892e,1abea8dec07336c0133d9e5a096b07dc08c5e711b1c472518c601e0da9d81d9c,34383,27610,6698,75,34127.865779888096,2939.5249477179577,True,8.9350749021832598e-12,34471.387151259718,9.9999999999999995e-08,36,
calibration,functional,220,0,direct_starter,16,34303.33637553882,2143.9585234711762,ffba38fd4baddc0276312dfde1e6cf1c59f3196e0ea11e0e24d8740561b0aa55,abd9ce49c44886838ca98c81fd7c1634e107737e9704f8901db605203ecb892e,1abea8dec07336c0133d9e5a096b07dc08c5e711b1c472518c601e0da9d81d9c,34383,27610,6698,75,33554.411619158869,2887.8734149070215,True,9.2943430729519605e-12,34469.856357983248,9.9999999999999995e-08,36,
calibration,functional,220,1,gaussian_baseline,0,0,2143.9585234711762,4fbf1fe50ea99065dd152ded41ef6906d33828b8c4ed68d9b3096ed692093fa9,d3bb56f8ed6d718b0d014fd9eec6c619f30907068e2667d838febcc69349baac,4fbf1fe50ea99065dd152ded41ef6906d33828b8c4ed68d9b3096ed692093fa9,0,0,0,0,-2097.6756093498248,2100.7951132960593,True,3.6276954051839283e-08,34271.754351510899,9.9999999999999995e-07,41,
calibration,functional,220,1,common_starter,0,0,2143.9585234711762,4fbf1fe50ea99065dd152ded41ef6906d33828b8c4ed68d9b3096ed692093fa9,d3bb56f8ed6d718b0d014fd9eec6c619f30907068e2667d838febcc69349baac,4fbf1fe50ea99065dd152ded41ef6906d33828b8c4ed68d9b3096ed692093fa9,0,0,0,0,-2413.9332881559412,2690.9433166886433,True,2.0773242959126748e-08,34267.752026648202,9.9999999999999995e-07,48,
calibration,functional,220,1,gaussian_starter,0,0,2143.9585234711762,4fbf1fe50ea99065dd152ded41ef6906d33828b8c4ed68d9b3096ed692093fa9,d3bb56f8ed6d718b0d014fd9eec6c619f30907068e2667d838febcc69349baac,4fbf1fe50ea99065dd152ded41ef6906d33828b8c4ed68d9b3096ed692093fa9,0,0,0,0,-2026.8112402240024,2118.6561851209208,True,2.1488613388687128e-08,34271.1260130066,9.9999999999999995e-07,48,
calibration,functional,220,1,morph_starter,0,0,2143.9585234711762,4fbf1fe50ea99065dd152ded41ef6906d33828b8c4ed68d9b3096ed692093fa9,d3bb56f8ed6d718b0d014fd9eec6c619f30907068e2667d838febcc69349baac,4fbf1fe50ea99065dd152ded41ef6906d33828b8c4ed68d9b3096ed692093fa9,0,0,0,0,-2682.9606685008916,2919.4899245079878,True,2.0587352461687303e-08,34265.541098805086,9.9999999999999995e-07,48,
calibration,functional,220,1,direct_starter,0,0,2143.9585234711762,4fbf1fe50ea99065dd152ded41ef6906d33828b8c4ed68d9b3096ed692093fa9,d3bb56f8ed6d718b0d014fd9eec6c619f30907068e2667d838febcc69349baac,4fbf1fe50ea99065dd152ded41ef6906d33828b8c4ed68d9b3096ed692093fa9,0,0,0,0,-2585.5551884389538,2867.9092395450871,True,2.0237321707305966e-08,34265.422533794306,9.9999999999999995e-07,48,
calibration,functional,220,1,gaussian_baseline,0.5,1071.9792617355881,2143.9585234711762,4fbf1fe50ea99065dd152ded41ef6906d33828b8c4ed68d9b3096ed692093fa9,e68e855c8ff1bf10d5b6a224ff6570267f4d6b8e4755f16847a3b44a904cc83b,f4604eab21d1a299294a6a90ce590193411df1cd5191d13452b2727a1eac9f73,997,776,220,1,-1436.376496208773,2101.1928242151062,True,1.3543653143432977e-08,34277.250895040146,9.9999999999999995e-07,41,
calibration,functional,220,1,common_starter,0.5,1071.9792617355881,2143.9585234711762,4fbf1fe50ea99065dd152ded41ef6906d33828b8c4ed68d9b3096ed692093fa9,e68e855c8ff1bf10d5b6a224ff6570267f4d6b8e4755f16847a3b44a904cc83b,f4604eab21d1a299294a6a90ce590193411df1cd5191d13452b2727a1eac9f73,997,811,185,1,-1567.2910534396285,2691.5186788979549,True,5.7932410812977508e-09,34274.00877780281,9.9999999999999995e-07,48,
calibration,functional,220,1,gaussian_starter,0.5,1071.9792617355881,2143.9585234711762,4fbf1fe50ea99065dd152ded41ef6906d33828b8c4ed68d9b3096ed692093fa9,e68e855c8ff1bf10d5b6a224ff6570267f4d6b8e4755f16847a3b44a904cc83b,f4604eab21d1a299294a6a90ce590193411df1cd5191d13452b2727a1eac9f73,997,811,185,1,-1358.9454474664913,2119.0512894199842,True,6.2162227865147912e-09,34276.571086411721,9.9999999999999995e-07,48,
calibration,functional,220,1,morph_starter,0.5,1071.9792617355881,2143.9585234711762,4fbf1fe50ea99065dd152ded41ef6906d33828b8c4ed68d9b3096ed692093fa9,e68e855c8ff1bf10d5b6a224ff6570267f4d6b8e4755f16847a3b44a904cc83b,f4604eab21d1a299294a6a90ce590193411df1cd5191d13452b2727a1eac9f73,997,811,185,1,-1766.9222637870928,2920.0767176372556,True,5.8611172026878933e-09,34272.684342378569,9.9999999999999995e-07,48,
calibration,functional,220,1,direct_starter,0.5,1071.9792617355881,2143.9585234711762,4fbf1fe50ea99065dd152ded41ef6906d33828b8c4ed68d9b3096ed692093fa9,e68e855c8ff1bf10d5b6a224ff6570267f4d6b8e4755f16847a3b44a904cc83b,f4604eab21d1a299294a6a90ce590193411df1cd5191d13452b2727a1eac9f73,997,811,185,1,-1685.5846725147037,2868.493657555719,True,5.7021398158774161e-09,34272.52768535028,9.9999999999999995e-07,48,
calibration,functional,220,1,gaussian_baseline,1,2143.9585234711762,2143.9585234711762,4fbf1fe50ea99065dd152ded41ef6906d33828b8c4ed68d9b3096ed692093fa9,402d8d0b929e6cf7ab59f192ceab903cf375f24b2ded41ad077377a5d0529586,63b6d4c0a3b2139521a6fe4834f88036571842e58174698856b4747c6133241d,2012,1571,439,2,-754.39825522849912,2101.5996642023747,True,3.5074972926096848e-09,34282.663813654392,9.9999999999999995e-07,41,
calibration,functional,220,1,common_starter,1,2143.9585234711762,2143.9585234711762,4fbf1fe50ea99065dd152ded41ef6906d33828b8c4ed68d9b3096ed692093fa9,402d8d0b929e6cf7ab59f192ceab903cf375f24b2ded41ad077377a5d0529586,63b6d4c0a3b2139521a6fe4834f88036571842e58174698856b4747c6133241d,2012,1636,374,2,-697.81763362912147,2692.1186771136954,True,8.7126486580935136e-10,34280.227032504285,9.9999999999999995e-07,48,
calibration,functional,220,1,gaussian_starter,1,2143.9585234711762,2143.9585234711762,4fbf1fe50ea99065dd152ded41ef6906d33828b8c4ed68d9b3096ed692093fa9,402d8d0b929e6cf7ab59f192ceab903cf375f24b2ded41ad077377a5d0529586,63b6d4c0a3b2139521a6fe4834f88036571842e58174698856b4747c6133241d,2012,1636,374,2,-670.59348711211578,2119.4630021736625,True,1.0016488194430906e-09,34281.934435859846,9.9999999999999995e-07,48,
calibration,functional,220,1,morph_starter,1,2143.9585234711762,2143.9585234711762,4fbf1fe50ea99065dd152ded41ef6906d33828b8c4ed68d9b3096ed692093fa9,402d8d0b929e6cf7ab59f192ceab903cf375f24b2ded41ad077377a5d0529586,63b6d4c0a3b2139521a6fe4834f88036571842e58174698856b4747c6133241d,2012,1636,374,2,-827.20330324544136,2920.6888685068002,True,9.2108756732933728e-10,34279.817550764106,9.9999999999999995e-07,48,
calibration,functional,220,1,direct_starter,1,2143.9585234711762,2143.9585234711762,4fbf1fe50ea99065dd152ded41ef6906d33828b8c4ed68d9b3096ed692093fa9,402d8d0b929e6cf7ab59f192ceab903cf375f24b2ded41ad077377a5d0529586,63b6d4c0a3b2139521a6fe4834f88036571842e58174698856b4747c6133241d,2012,1636,374,2,-761.89393457203619,2869.1030285540141,True,8.7727397568571064e-10,34279.619736748631,9.9999999999999995e-07,48,
calibration,functional,220,1,gaussian_baseline,2,4287.9170469423525,2143.9585234711762,4fbf1fe50ea99065dd152ded41ef6906d33828b8c4ed68d9b3096ed692093fa9,4267a7515861f73e6982b91eecd1adca2cfb9c6900e6c35b71fab9e8fbd91d4a,343577750e27b2ee35c2c24ca6f18410f18a9faa4e6e5a76d332849635ba6215,4166,3219,938,9,742.46143142858114,2102.4414576205204,True,1.4173884288481986e-11,34293.226121873784,9.9999999999999995e-07,41,
calibration,functional,220,1,common_starter,2,4287.9170469423525,2143.9585234711762,4fbf1fe50ea99065dd152ded41ef6906d33828b8c4ed68d9b3096ed692093fa9,4267a7515861f73e6982b91eecd1adca2cfb9c6900e6c35b71fab9e8fbd91d4a,343577750e27b2ee35c2c24ca6f18410f18a9faa4e6e5a76d332849635ba6215,4166,3355,802,9,1236.2378765206281,2693.3505998376013,True,2.0083046337049382e-11,34292.406267470462,9.9999999999999995e-07,48,
calibration,functional,220,1,gaussian_starter,2,4287.9170469423525,2143.9585234711762,4fbf1fe50ea99065dd152ded41ef6906d33828b8c4ed68d9b3096ed692093fa9,4267a7515861f73e6982b91eecd1adca2cfb9c6900e6c35b71fab9e8fbd91d4a,343577750e27b2ee35c2c24ca6f18410f18a9faa4e6e5a76d332849635ba6215,4166,3355,802,9,840.99015833698047,2120.3043972698324,True,8.4133255917606675e-12,34292.381634126381,9.9999999999999995e-07,48,
calibration,functional,220,1,morph_starter,2,4287.9170469423525,2143.9585234711762,4fbf1fe50ea99065dd152ded41ef6906d33828b8c4ed68d9b3096ed692093fa9,4267a7515861f73e6982b91eecd1adca2cfb9c6900e6c35b71fab9e8fbd91d4a,343577750e27b2ee35c2c24ca6f18410f18a9faa4e6e5a76d332849635ba6215,4166,3355,802,9,1256.1857210790179,2921.9397823528211,True,1.2935930104873705e-11,34294.062841435822,9.9999999999999995e-07,48,
calibration,functional,220,1,direct_starter,2,4287.9170469423525,2143.9585234711762,4fbf1fe50ea99065dd152ded41ef6906d33828b8c4ed68d9b3096ed692093fa9,4267a7515861f73e6982b91eecd1adca2cfb9c6900e6c35b71fab9e8fbd91d4a,343577750e27b2ee35c2c24ca6f18410f18a9faa4e6e5a76d332849635ba6215,4166,3355,802,9,1286.7487966626411,2870.3489707240337,True,1.5958456778264463e-11,34293.770161005748,9.9999999999999995e-07,48,
calibration,functional,220,1,gaussian_baseline,3,6431.8755704135292,2143.9585234711762,4fbf1fe50ea99065dd152ded41ef6906d33828b8c4ed68d9b3096ed692093fa9,d3c6d78f3ba7cbdfe9b3ebde694b3fe17d50ad0a3aaaf1ac6950a2b0ec47338d,fb275424ad3879fc7cccc40ff191752b8b1e5bb970c0904af49794790c0131a5,6334,4896,1426,12,2215.8278935229237,2103.2686930136597,True,1.1964506052564161e-09,34305.044641092158,9.9999999999999995e-07,41,
calibration,functional,220,1,common_starter,3,6431.8755704135292,2143.9585234711762,4fbf1fe50ea99065dd152ded41ef6906d33828b8c4ed68d9b3096ed692093fa9,d3c6d78f3ba7cbdfe9b3ebde694b3fe17d50ad0a3aaaf1ac6950a2b0ec47338d,fb275424ad3879fc7cccc40ff191752b8b1e5bb970c0904af49794790c0131a5,6334,5097,1225,12,3139.4036811681353,2694.566445088612,True,6.9781657119349916e-09,34305.818992051056,9.9999999999999995e-07,48,
calibration,functional,220,1,gaussian_starter,3,6431.8755704135292,2143.9585234711762,4fbf1fe50ea99065dd152ded41ef6906d33828b8c4ed68d9b3096ed692093fa9,d3c6d78f3ba7cbdfe9b3ebde694b3fe17d50ad0a3aaaf1ac6950a2b0ec47338d,fb275424ad3879fc7cccc40ff191752b8b1e5bb970c0904af49794790c0131a5,6334,5097,1225,12,2329.0213664516659,2121.1319229812275,True,5.3354942686212325e-09,34304.085192791135,9.9999999999999995e-07,48,
calibration,functional,220,1,morph_starter,3,6431.8755704135292,2143.9585234711762,4fbf1fe50ea99065dd152ded41ef6906d33828b8c4ed68d9b3096ed692093fa9,d3c6d78f3ba7cbdfe9b3ebde694b3fe17d50ad0a3aaaf1ac6950a2b0ec47338d,fb275424ad3879fc7cccc40ff191752b8b1e5bb970c0904af49794790c0131a5,6334,5097,1225,12,3312.0800075561424,2923.1783440402014,True,5.9488754478032035e-09,34309.482920272952,9.9999999999999995e-07,48,
calibration,functional,220,1,direct_starter,3,6431.8755704135292,2143.9585234711762,4fbf1fe50ea99065dd152ded41ef6906d33828b8c4ed68d9b3096ed692093fa9,d3c6d78f3ba7cbdfe9b3ebde694b3fe17d50ad0a3aaaf1ac6950a2b0ec47338d,fb275424ad3879fc7cccc40ff191752b8b1e5bb970c0904af49794790c0131a5,6334,5097,1225,12,3308.6369482115929,2871.5822211065092,True,6.3078477441358416e-09,34309.095345901362,9.9999999999999995e-07,48,
calibration,functional,220,1,gaussian_baseline,4,8575.834093884705,2143.9585234711762,4fbf1fe50ea99065dd152ded41ef6906d33828b8c4ed68d9b3096ed692093fa9,938b625eb2b70bc5a46cfab2cc0ba806cfd3bed63d1ae190146907a8fffc9ded,16f91771f3049ad76327a4464ade1fe7d3ce350e9ad42ae72d9407552fe77ee2,8455,6532,1911,12,3578.3176034016951,2104.0778388013887,True,2.0397577182862392e-08,34317.116946684815,9.9999999999999995e-07,41,
calibration,functional,220,1,common_starter,4,8575.834093884705,2143.9585234711762,4fbf1fe50ea99065dd152ded41ef6906d33828b8c4ed68d9b3096ed692093fa9,938b625eb2b70bc5a46cfab2cc0ba806cfd3bed63d1ae190146907a8fffc9ded,16f91771f3049ad76327a4464ade1fe7d3ce350e9ad42ae72d9407552fe77ee2,8455,6803,1640,12,4933.0237003084258,2695.7373491121275,True,6.2867044570147357e-08,34319.168228516057,9.9999999999999995e-07,48,
calibration,functional,220,1,gaussian_starter,4,8575.834093884705,2143.9585234711762,4fbf1fe50ea99065dd152ded41ef6906d33828b8c4ed68d9b3096ed692093fa9,938b625eb2b70bc5a46cfab2cc0ba806cfd3bed63d1ae190146907a8fffc9ded,16f91771f3049ad76327a4464ade1fe7d3ce350e9ad42ae72d9407552fe77ee2,8455,6803,1640,12,3705.30975279021,2121.9418004881695,True,5.1173636161916392e-08,34316.049463484283,9.9999999999999995e-07,48,
calibration,functional,220,1,morph_starter,4,8575.834093884705,2143.9585234711762,4fbf1fe50ea99065dd152ded41ef6906d33828b8c4ed68d9b3096ed692093fa9,938b625eb2b70bc5a46cfab2cc0ba806cfd3bed63d1ae190146907a8fffc9ded,16f91771f3049ad76327a4464ade1fe7d3ce350e9ad42ae72d9407552fe77ee2,8455,6803,1640,12,5245.1668528942146,2924.3775153204865,True,5.5525790965127442e-08,34324.74385818986,9.9999999999999995e-07,48,
calibration,functional,220,1,direct_starter,4,8575.834093884705,2143.9585234711762,4fbf1fe50ea99065dd152ded41ef6906d33828b8c4ed68d9b3096ed692093fa9,938b625eb2b70bc5a46cfab2cc0ba806cfd3bed63d1ae190146907a8fffc9ded,16f91771f3049ad76327a4464ade1fe7d3ce350e9ad42ae72d9407552fe77ee2,8455,6803,1640,12,5210.0378434600079,2872.7755572047113,True,5.7779077689001923e-08,34324.265741742718,9.9999999999999995e-07,48,
calibration,functional,220,1,gaussian_baseline,5,10719.792617355881,2143.9585234711762,4fbf1fe50ea99065dd152ded41ef6906d33828b8c4ed68d9b3096ed692093fa9,4b567e951004903b5cd679fdc0dcd200068832552dd5e5a17142f44dae80e959,2659175f7d1e1b658331fa37a37be1f883fdf5bd9ac7d28866c346d22d025e50,10596,8151,2428,17,4961.1339504907764,2104.9122464141133,True,1.0601438693580434e-07,34328.643049874488,9.9999999999999995e-07,41,
calibration,functional,220,1,common_starter,5,10719.792617355881,2143.9585234711762,4fbf1fe50ea99065dd152ded41ef6906d33828b8c4ed68d9b3096ed692093fa9,4b567e951004903b5cd679fdc0dcd200068832552dd5e5a17142f44dae80e959,2659175f7d1e1b658331fa37a37be1f883fdf5bd9ac7d28866c346d22d025e50,10596,8490,2089,17,6730.1891244828103,2696.9614153007496,True,4.0911718457437019e-14,34332.126134388047,9.9999999999999995e-07,48,
calibration,functional,220,1,gaussian_starter,5,10719.792617355881,2143.9585234711762,4fbf1fe50ea99065dd152ded41ef6906d33828b8c4ed68d9b3096ed692093fa9,4b567e951004903b5cd679fdc0dcd200068832552dd5e5a17142f44dae80e959,2659175f7d1e1b658331fa37a37be1f883fdf5bd9ac7d28866c346d22d025e50,10596,8490,2089,17,5101.252265963969,2122.7861636810467,True,2.6952398646251652e-14,34327.473574134128,9.9999999999999995e-07,48,
calibration,functional,220,1,morph_starter,5,10719.792617355881,2143.9585234711762,4fbf1fe50ea99065dd152ded41ef6906d33828b8c4ed68d9b3096ed692093fa9,4b567e951004903b5cd679fdc0dcd200068832552dd5e5a17142f44dae80e959,2659175f7d1e1b658331fa37a37be1f883fdf5bd9ac7d28866c346d22d025e50,10596,8490,2089,17,7179.1483662206811,2925.6311142386458,True,4.9238391142125693e-14,34339.630255784192,9.9999999999999995e-07,48,
calibration,functional,220,1,direct_starter,5,10719.792617355881,2143.9585234711762,4fbf1fe50ea99065dd152ded41ef6906d33828b8c4ed68d9b3096ed692093fa9,4b567e951004903b5cd679fdc0dcd200068832552dd5e5a17142f44dae80e959,2659175f7d1e1b658331fa37a37be1f883fdf5bd9ac7d28866c346d22d025e50,10596,8490,2089,17,7113.6172408925404,2874.0230471200402,True,2.7006175074006933e-14,34339.055622918117,9.9999999999999995e-07,48,
calibration,functional,220,1,gaussian_baseline,6,12863.751140827058,2143.9585234711762,4fbf1fe50ea99065dd152ded41ef6906d33828b8c4ed68d9b3096ed692093fa9,94025f616e20089cd46555d5ddd657627e991cb2706a9c85545afc8fabf8fdd9,bfeca17a9a862c1db618274e385d45512358054dfba574afffeea832d7ea1770,12706,9785,2897,24,6356.9238091872967,2105.717779784386,True,1.2101430968414206e-14,34339.435833887728,9.9999999999999995e-07,41,
calibration,functional,220,1,common_starter,6,12863.751140827058,2143.9585234711762,4fbf1fe50ea99065dd152ded41ef6906d33828b8c4ed68d9b3096ed692093fa9,94025f616e20089cd46555d5ddd657627e991cb2706a9c85545afc8fabf8fdd9,bfeca17a9a862c1db618274e385d45512358054dfba574afffeea832d7ea1770,12706,10189,2493,24,8542.2843836254033,2698.1449835558415,True,1.2295719997723609e-13,34344.375325590408,9.9999999999999995e-07,48,
calibration,functional,220,1,gaussian_starter,6,12863.751140827058,2143.9585234711762,4fbf1fe50ea99065dd152ded41ef6906d33828b8c4ed68d9b3096ed692093fa9,94025f616e20089cd46555d5ddd657627e991cb2706a9c85545afc8fabf8fdd9,bfeca17a9a862c1db618274e385d45512358054dfba574afffeea832d7ea1770,12706,10189,2493,24,6510.388238449711,2123.5942947772551,True,1.1535217225855376e-13,34338.162707795978,9.9999999999999995e-07,48,
calibration,functional,220,1,morph_starter,6,12863.751140827058,2143.9585234711762,4fbf1fe50ea99065dd152ded41ef6906d33828b8c4ed68d9b3096ed692093fa9,94025f616e20089cd46555d5ddd657627e991cb2706a9c85545afc8fabf8fdd9,bfeca17a9a862c1db618274e385d45512358054dfba574afffeea832d7ea1770,12706,10189,2493,24,9133.5585420438965,2926.8362778744822,True,4.4297898682543746e-14,34353.804605581587,9.9999999999999995e-07,48,
calibration,functional,220,1,direct_starter,6,12863.751140827058,2143.9585234711762,4fbf1fe50ea99065dd152ded41ef6906d33828b8c4ed68d9b3096ed692093fa9,94025f616e20089cd46555d5ddd657627e991cb2706a9c85545afc8fabf8fdd9,bfeca17a9a862c1db618274e385d45512358054dfba574afffeea832d7ea1770,12706,10189,2493,24,9035.257253035581,2875.2234712965696,True,1.7430501486614958e-14,34353.141791785783,9.9999999999999995e-07,48,
calibration,functional,220,1,gaussian_baseline,8,17151.66818776941,2143.9585234711762,4fbf1fe50ea99065dd152ded41ef6906d33828b8c4ed68d9b3096ed692093fa9,d3c5e4c30afc6afa98255e3b5c88f744d270393efcf66d1b3bf13d0a0de84e03,aa2564435c2b162aa2f3099a58d6966f6d234a935c079e06d40307162731ab17,17021,13102,3886,33,9149.2567765502572,2107.4100625255264,True,1.4002687898084787e-14,34363.488072529493,9.9999999999999995e-07,41,
calibration,functional,220,1,common_starter,8,17151.66818776941,2143.9585234711762,4fbf1fe50ea99065dd152ded41ef6906d33828b8c4ed68d9b3096ed692093fa9,d3c5e4c30afc6afa98255e3b5c88f744d270393efcf66d1b3bf13d0a0de84e03,aa2564435c2b162aa2f3099a58d6966f6d234a935c079e06d40307162731ab17,17021,13638,3350,33,12136.059205216627,2700.6165826104152,True,7.9158901655773661e-14,34371.524371304346,9.9999999999999995e-07,48,
calibration,functional,220,1,gaussian_starter,8,17151.66818776941,2143.9585234711762,4fbf1fe50ea99065dd152ded41ef6906d33828b8c4ed68d9b3096ed692093fa9,d3c5e4c30afc6afa98255e3b5c88f744d270393efcf66d1b3bf13d0a0de84e03,aa2564435c2b162aa2f3099a58d6966f6d234a935c079e06d40307162731ab17,17021,13638,3350,33,9329.9016903931679,2125.3012860352105,True,1.099120794378905e-14,34362.003312208006,9.9999999999999995e-07,48,
calibration,functional,220,1,morph_starter,8,17151.66818776941,2143.9585234711762,4fbf1fe50ea99065dd152ded41ef6906d33828b8c4ed68d9b3096ed692093fa9,d3c5e4c30afc6afa98255e3b5c88f744d270393efcf66d1b3bf13d0a0de84e03,aa2564435c2b162aa2f3099a58d6966f6d234a935c079e06d40307162731ab17,17021,13638,3350,33,13011.828157727732,2929.3637416492857,True,2.2426505097428162e-14,34384.76169026865,9.9999999999999995e-07,48,
calibration,functional,220,1,direct_starter,8,17151.66818776941,2143.9585234711762,4fbf1fe50ea99065dd152ded41ef6906d33828b8c4ed68d9b3096ed692093fa9,d3c5e4c30afc6afa98255e3b5c88f744d270393efcf66d1b3bf13d0a0de84e03,aa2564435c2b162aa2f3099a58d6966f6d234a935c079e06d40307162731ab17,17021,13638,3350,33,12850.164092175726,2877.7381399020551,True,3.5527136788005009e-14,34383.916278789715,9.9999999999999995e-07,48,
calibration,functional,220,1,gaussian_baseline,10,21439.585234711762,2143.9585234711762,4fbf1fe50ea99065dd152ded41ef6906d33828b8c4ed68d9b3096ed692093fa9,6b78e75acdba5f87a21b9e109f6d6a582fd37194c1b2eb57f1bae9865da06f9a,89e7459348c7544859b33606e1f58749b54d59bd5b1df80ad9f6c960301c470b,21260,16400,4816,44,11945.654353537984,2109.0890372159229,True,5.262457136723242e-14,34387.15519828329,9.9999999999999995e-07,41,
calibration,functional,220,1,common_starter,10,21439.585234711762,2143.9585234711762,4fbf1fe50ea99065dd152ded41ef6906d33828b8c4ed68d9b3096ed692093fa9,6b78e75acdba5f87a21b9e109f6d6a582fd37194c1b2eb57f1bae9865da06f9a,89e7459348c7544859b33606e1f58749b54d59bd5b1df80ad9f6c960301c470b,21260,17071,4145,44,15744.835179351798,2703.0757306098531,True,3.2800151483769469e-14,34398.23448407316,9.9999999999999995e-07,48,
calibration,functional,220,1,gaussian_starter,10,21439.585234711762,2143.9585234711762,4fbf1fe50ea99065dd152ded41ef6906d33828b8c4ed68d9b3096ed692093fa9,6b78e75acdba5f87a21b9e109f6d6a582fd37194c1b2eb57f1bae9865da06f9a,89e7459348c7544859b33606e1f58749b54d59bd5b1df80ad9f6c960301c470b,21260,17071,4145,44,12152.821312879199,2126.9944746019351,True,3.6297354011338712e-14,34385.464583368535,9.9999999999999995e-07,48,
calibration,functional,220,1,morph_starter,10,21439.585234711762,2143.9585234711762,4fbf1fe50ea99065dd152ded41ef6906d33828b8c4ed68d9b3096ed692093fa9,6b78e75acdba5f87a21b9e109f6d6a582fd37194c1b2eb57f1bae9865da06f9a,89e7459348c7544859b33606e1f58749b54d59bd5b1df80ad9f6c960301c470b,21260,17071,4145,44,16904.418700271373,2931.8783618005873,True,6.0951244051921094e-14,34415.304090779187,9.9999999999999995e-07,48,
calibration,functional,220,1,direct_starter,10,21439.585234711762,2143.9585234711762,4fbf1fe50ea99065dd152ded41ef6906d33828b8c4ed68d9b3096ed692093fa9,6b78e75acdba5f87a21b9e109f6d6a582fd37194c1b2eb57f1bae9865da06f9a,89e7459348c7544859b33606e1f58749b54d59bd5b1df80ad9f6c960301c470b,21260,17071,4145,44,16680.834784920935,2880.2398146318396,True,6.5572547391923308e-15,34414.267746512523,9.9999999999999995e-07,48,
calibration,functional,220,1,gaussian_baseline,12,25727.502281654117,2143.9585234711762,4fbf1fe50ea99065dd152ded41ef6906d33828b8c4ed68d9b3096ed692093fa9,88901c9da2ee5c2cfbc8ae2adf70c504457c4d976de613f97f796ce4de7d9ee1,3a14feed3963eb201a230b27dbbb49d14c186195926503effb1c6d72a94aabe3,25478,19661,5762,55,14749.70157329842,2110.7140765661034,True,1.7341683644644945e-13,34409.213363960538,9.9999999999999995e-07,41,
calibration,functional,220,1,common_starter,12,25727.502281654117,2143.9585234711762,4fbf1fe50ea99065dd152ded41ef6906d33828b8c4ed68d9b3096ed692093fa9,88901c9da2ee5c2cfbc8ae2adf70c504457c4d976de613f97f796ce4de7d9ee1,3a14feed3963eb201a230b27dbbb49d14c186195926503effb1c6d72a94aabe3,25478,20456,4967,55,19372.375564096172,2705.4726110366628,True,3.815836535636663e-13,34423.290925110276,9.9999999999999995e-07,48,
calibration,functional,220,1,gaussian_starter,12,25727.502281654117,2143.9585234711762,4fbf1fe50ea99065dd152ded41ef6906d33828b8c4ed68d9b3096ed692093fa9,88901c9da2ee5c2cfbc8ae2adf70c504457c4d976de613f97f796ce4de7d9ee1,3a14feed3963eb201a230b27dbbb49d14c186195926503effb1c6d72a94aabe3,25478,20456,4967,55,14983.046308210136,2128.6402567413097,True,2.9820590441431705e-13,34407.320248736854,9.9999999999999995e-07,48,
calibration,functional,220,1,morph_starter,12,25727.502281654117,2143.9585234711762,4fbf1fe50ea99065dd152ded41ef6906d33828b8c4ed68d9b3096ed692093fa9,88901c9da2ee5c2cfbc8ae2adf70c504457c4d976de613f97f796ce4de7d9ee1,3a14feed3963eb201a230b27dbbb49d14c186195926503effb1c6d72a94aabe3,25478,20456,4967,55,20813.495904700179,2934.3236659061963,True,2.5146551507759796e-13,34444.229639279794,9.9999999999999995e-07,48,
calibration,functional,220,1,direct_starter,12,25727.502281654117,2143.9585234711762,4fbf1fe50ea99065dd152ded41ef6906d33828b8c4ed68d9b3096ed692093fa9,88901c9da2ee5c2cfbc8ae2adf70c504457c4d976de613f97f796ce4de7d9ee1,3a14feed3963eb201a230b27dbbb49d14c186195926503effb1c6d72a94aabe3,25478,20456,4967,55,20528.225306692046,2882.6739074600669,True,2.4225066397320916e-13,34442.999295390713,9.9999999999999995e-07,48,
calibration,functional,220,1,gaussian_baseline,16,34303.33637553882,2143.9585234711762,4fbf1fe50ea99065dd152ded41ef6906d33828b8c4ed68d9b3096ed692093fa9,df8bd19dd5c6d16e92fb06527db0d11947bb59e7adbbb0589c5231cf40d420ad,2c57d533a75d6096405b9ed7befee2de7b81499eda4a4a82640843393fd8f191,34007,26251,7677,79,20319.033997525246,2114.0184034512913,True,1.9828583219805296e-12,34456.207360436754,9.9999999999999995e-07,41,
calibration,functional,220,1,common_starter,16,34303.33637553882,2143.9585234711762,4fbf1fe50ea99065dd152ded41ef6906d33828b8c4ed68d9b3096ed692093fa9,df8bd19dd5c6d16e92fb06527db0d11947bb59e7adbbb0589c5231cf40d420ad,2c57d533a75d6096405b9ed7befee2de7b81499eda4a4a82640843393fd8f191,34007,27304,6624,79,26554.601016542354,2710.3046436023305,True,4.3844927688496682e-12,34476.37036515036,9.9999999999999995e-07,48,
calibration,functional,220,1,gaussian_starter,16,34303.33637553882,2143.9585234711762,4fbf1fe50ea99065dd152ded41ef6906d33828b8c4ed68d9b3096ed692093fa9,df8bd19dd5c6d16e92fb06527db0d11947bb59e7adbbb0589c5231cf40d420ad,2c57d533a75d6096405b9ed7befee2de7b81499eda4a4a82640843393fd8f191,34007,27304,6624,79,20605.313437446632,2131.9674970943306,True,3.1998848015746262e-12,34453.904571329142,9.9999999999999995e-07,48,
calibration,functional,220,1,morph_starter,16,34303.33637553882,2143.9585234711762,4fbf1fe50ea99065dd152ded41ef6906d33828b8c4ed68d9b3096ed692093fa9,df8bd19dd5c6d16e92fb06527db0d11947bb59e7adbbb0589c5231cf40d420ad,2c57d533a75d6096405b9ed7befee2de7b81499eda4a4a82640843393fd8f191,34007,27304,6624,79,28564.133624548525,2939.2567133282682,True,3.4361402612148595e-12,34504.920972609936,9.9999999999999995e-07,48,
calibration,functional,220,1,direct_starter,16,34303.33637553882,2143.9585234711762,4fbf1fe50ea99065dd152ded41ef6906d33828b8c4ed68d9b3096ed692093fa9,df8bd19dd5c6d16e92fb06527db0d11947bb59e7adbbb0589c5231cf40d420ad,2c57d533a75d6096405b9ed7befee2de7b81499eda4a4a82640843393fd8f191,34007,27304,6624,79,28152.231237987584,2887.5839784665864,True,3.6621816690285414e-12,34503.325751032477,9.9999999999999995e-07,48,
calibration,functional,220,2,gaussian_baseline,0,0,2143.9585234711762,b96089b877fa8c8bdddd1a171c9013979192390c46b2bd1549e6c3da944f79b6,d3bb56f8ed6d718b0d014fd9eec6c619f30907068e2667d838febcc69349baac,b96089b877fa8c8bdddd1a171c9013979192390c46b2bd1549e6c3da944f79b6,0,0,0,0,-1859.9629468910796,2103.0661298961782,True,1.3202085624719473e-07,34266.806325882892,9.9999999999999995e-07,41,
calibration,functional,220,2,common_starter,0,0,2143.9585234711762,b96089b877fa8c8bdddd1a171c9013979192390c46b2bd1549e6c3da944f79b6,d3bb56f8ed6d718b0d014fd9eec6c619f30907068e2667d838febcc69349baac,b96089b877fa8c8bdddd1a171c9013979192390c46b2bd1549e6c3da944f79b6,0,0,0,0,-2508.7568941551858,2693.3361896905849,True,1.0817457163359023e-07,34265.412196002253,9.9999999999999995e-07,48,
calibration,functional,220,2,gaussian_starter,0,0,2143.9585234711762,b96089b877fa8c8bdddd1a171c9013979192390c46b2bd1549e6c3da944f79b6,d3bb56f8ed6d718b0d014fd9eec6c619f30907068e2667d838febcc69349baac,b96089b877fa8c8bdddd1a171c9013979192390c46b2bd1549e6c3da944f79b6,0,0,0,0,-1839.6288676426166,2120.8460565281221,True,9.9281813326079771e-08,34266.614353602417,9.9999999999999995e-07,48,
calibration,functional,220,2,morph_starter,0,0,2143.9585234711762,b96089b877fa8c8bdddd1a171c9013979192390c46b2bd1549e6c3da944f79b6,d3bb56f8ed6d718b0d014fd9eec6c619f30907068e2667d838febcc69349baac,b96089b877fa8c8bdddd1a171c9013979192390c46b2bd1549e6c3da944f79b6,0,0,0,0,-2895.3132719323844,2922.2031506426051,True,1.1204537531117609e-07,34263.591231787024,9.9999999999999995e-07,48,
calibration,functional,220,2,direct_starter,0,0,2143.9585234711762,b96089b877fa8c8bdddd1a171c9013979192390c46b2bd1549e6c3da944f79b6,d3bb56f8ed6d718b0d014fd9eec6c619f30907068e2667d838febcc69349baac,b96089b877fa8c8bdddd1a171c9013979192390c46b2bd1549e6c3da944f79b6,0,0,0,0,-2887.5863711999523,2870.524452283862,True,1.1404995825525788e-07,34263.908166485373,9.9999999999999995e-07,48,
calibration,functional,220,2,gaussian_baseline,0.5,1071.9792617355881,2143.9585234711762,b96089b877fa8c8bdddd1a171c9013979192390c46b2bd1549e6c3da944f79b6,2413e655c6bbb57699cb9795024a751100e9090c4f708da060dac23ef22e9f6b,aa33db944ce53a79bcb96fbfe3db4b33428d873a7125acbbc1ca0cc86f9d213f,1077,838,238,1,-1111.2792218661198,2103.4822403062808,True,6.1517596794402607e-08,34272.415875687118,9.9999999999999995e-07,41,
calibration,functional,220,2,common_starter,0.5,1071.9792617355881,2143.9585234711762,b96089b877fa8c8bdddd1a171c9013979192390c46b2bd1549e6c3da944f79b6,2413e655c6bbb57699cb9795024a751100e9090c4f708da060dac23ef22e9f6b,aa33db944ce53a79bcb96fbfe3db4b33428d873a7125acbbc1ca0cc86f9d213f,1077,872,204,1,-1539.5558862780224,2693.9490074576383,True,4.4484035677250233e-08,34271.820610627772,9.9999999999999995e-07,48,
calibration,functional,220,2,gaussian_starter,0.5,1071.9792617355881,2143.9585234711762,b96089b877fa8c8bdddd1a171c9013979192390c46b2bd1549e6c3da944f79b6,2413e655c6bbb57699cb9795024a751100e9090c4f708da060dac23ef22e9f6b,aa33db944ce53a79bcb96fbfe3db4b33428d873a7125acbbc1ca0cc86f9d213f,1077,872,204,1,-1083.2700394504102,2121.25910517394,True,4.083859306280857e-08,34272.163440584263,9.9999999999999995e-07,48,
calibration,functional,220,2,morph_starter,0.5,1071.9792617355881,2143.9585234711762,b96089b877fa8c8bdddd1a171c9013979192390c46b2bd1549e6c3da944f79b6,2413e655c6bbb57699cb9795024a751100e9090c4f708da060dac23ef22e9f6b,aa33db944ce53a79bcb96fbfe3db4b33428d873a7125acbbc1ca0cc86f9d213f,1077,872,204,1,-1849.6609079937098,2922.8248183092119,True,4.7146690662636104e-08,34271.027473478054,9.9999999999999995e-07,48,
calibration,functional,220,2,direct_starter,0.5,1071.9792617355881,2143.9585234711762,b96089b877fa8c8bdddd1a171c9013979192390c46b2bd1549e6c3da944f79b6,2413e655c6bbb57699cb9795024a751100e9090c4f708da060dac23ef22e9f6b,aa33db944ce53a79bcb96fbfe3db4b33428d873a7125acbbc1ca0cc86f9d213f,1077,872,204,1,-1859.5583422732636,2871.1444040735969,True,4.8012743780745382e-08,34271.297760591966,9.9999999999999995e-07,48,
calibration,functional,220,2,gaussian_baseline,1,2143.9585234711762,2143.9585234711762,b96089b877fa8c8bdddd1a171c9013979192390c46b2bd1549e6c3da944f79b6,0c962399078c31bd0624940746e8dc1c4627730c64098da928ea2fcecbbce760,85b25203b4188f8a0e28765d3b53361c8a65836ffcf9123642addd61336170c0,2105,1636,468,1,-400.06508621736305,2103.8844310325326,True,2.6045516854367179e-08,34277.551508107128,9.9999999999999995e-07,41,
calibration,functional,220,2,common_starter,1,2143.9585234711762,2143.9585234711762,b96089b877fa8c8bdddd1a171c9013979192390c46b2bd1549e6c3da944f79b6,0c962399078c31bd0624940746e8dc1c4627730c64098da928ea2fcecbbce760,85b25203b4188f8a0e28765d3b53361c8a65836ffcf9123642addd61336170c0,2105,1701,403,1,-618.18906050767862,2694.5502028414035,True,1.6242096667618e-08,34277.711200406717,9.9999999999999995e-07,48,
calibration,functional,220,2,gaussian_starter,1,2143.9585234711762,2143.9585234711762,b96089b877fa8c8bdddd1a171c9013979192390c46b2bd1549e6c3da944f79b6,0c962399078c31bd0624940746e8dc1c4627730c64098da928ea2fcecbbce760,85b25203b4188f8a0e28765d3b53361c8a65836ffcf9123642addd61336170c0,2105,1701,403,1,-365.48310966163598,2121.6658786361863,True,1.4937421410898821e-08,34277.247936247382,9.9999999999999995e-07,48,
calibration,functional,220,2,morph_starter,1,2143.9585234711762,2143.9585234711762,b96089b877fa8c8bdddd1a171c9013979192390c46b2bd1549e6c3da944f79b6,0c962399078c31bd0624940746e8dc1c4627730c64098da928ea2fcecbbce760,85b25203b4188f8a0e28765d3b53361c8a65836ffcf9123642addd61336170c0,2105,1701,403,1,-859.44827328530289,2923.435301513603,True,1.7738441382419978e-08,34277.912226029301,9.9999999999999995e-07,48,
calibration,functional,220,2,direct_starter,1,2143.9585234711762,2143.9585234711762,b96089b877fa8c8bdddd1a171c9013979192390c46b2bd1549e6c3da944f79b6,0c962399078c31bd0624940746e8dc1c4627730c64098da928ea2fcecbbce760,85b25203b4188f8a0e28765d3b53361c8a65836ffcf9123642addd61336170c0,2105,1701,403,1,-885.04879548664724,2871.7522218459044,True,1.8059116091428962e-08,34278.133826328609,9.9999999999999995e-07,48,
calibration,functional,220,2,gaussian_baseline,2,4287.9170469423525,2143.9585234711762,b96089b877fa8c8bdddd1a171c9013979192390c46b2bd1549e6c3da944f79b6,764d0a0accbc8d29e1fa054331cbdc4919d06c2f7c00a1be42ba3ffea2dd7d0d,4ac68fd1a996c2d28a6337d6508e71c231d6f4694622d57afd71707345588120,4287,3341,943,3,1084.1941922686062,2104.7463494883937,True,1.9258901140517537e-09,34289.083132821877,9.9999999999999995e-07,41,
calibration,functional,220,2,common_starter,2,4287.9170469423525,2143.9585234711762,b96089b877fa8c8bdddd1a171c9013979192390c46b2bd1549e6c3da944f79b6,764d0a0accbc8d29e1fa054331cbdc4919d06c2f7c00a1be42ba3ffea2dd7d0d,4ac68fd1a996c2d28a6337d6508e71c231d6f4694622d57afd71707345588120,4287,3473,811,3,1282.5980202166274,2695.816150017602,True,8.1635087578746379e-10,34290.947187253165,9.9999999999999995e-07,48,
calibration,functional,220,2,gaussian_starter,2,4287.9170469423525,2143.9585234711762,b96089b877fa8c8bdddd1a171c9013979192390c46b2bd1549e6c3da944f79b6,764d0a0accbc8d29e1fa054331cbdc4919d06c2f7c00a1be42ba3ffea2dd7d0d,4ac68fd1a996c2d28a6337d6508e71c231d6f4694622d57afd71707345588120,4287,3473,811,3,1132.4626269869239,2122.5317654826135,True,8.0245798894651443e-10,34288.672939149634,9.9999999999999995e-07,48,
calibration,functional,220,2,morph_starter,2,4287.9170469423525,2143.9585234711762,b96089b877fa8c8bdddd1a171c9013979192390c46b2bd1549e6c3da944f79b6,764d0a0accbc8d29e1fa054331cbdc4919d06c2f7c00a1be42ba3ffea2dd7d0d,4ac68fd1a996c2d28a6337d6508e71c231d6f4694622d57afd71707345588120,4287,3473,811,3,1195.3293292029002,2924.7251327505705,True,8.4170770353608759e-10,34293.145940027433,9.9999999999999995e-07,48,
calibration,functional,220,2,direct_starter,2,4287.9170469423525,2143.9585234711762,b96089b877fa8c8bdddd1a171c9013979192390c46b2bd1549e6c3da944f79b6,764d0a0accbc8d29e1fa054331cbdc4919d06c2f7c00a1be42ba3ffea2dd7d0d,4ac68fd1a996c2d28a6337d6508e71c231d6f4694622d57afd71707345588120,4287,3473,811,3,1135.3971881229165,2873.0362468796088,True,8.531358952623691e-10,34293.274487977105,9.9999999999999995e-07,48,
calibration,functional,220,2,gaussian_baseline,3,6431.8755704135292,2143.9585234711762,b96089b877fa8c8bdddd1a171c9013979192390c46b2bd1549e6c3da944f79b6,7be1659883f1a61103dc8145cded66e737ea23341c506a2aa2301b62d3feb569,afc4ef769972060d8a6ff36a03eb04e925c65c17e91b45ae5475f7f0a9aa740e,6424,4969,1449,6,2413.3167402907206,2105.6031695098168,True,2.6933522079275463e-10,34301.16536581696,9.9999999999999995e-07,41,
calibration,functional,220,2,common_starter,3,6431.8755704135292,2143.9585234711762,b96089b877fa8c8bdddd1a171c9013979192390c46b2bd1549e6c3da944f79b6,7be1659883f1a61103dc8145cded66e737ea23341c506a2aa2301b62d3feb569,afc4ef769972060d8a6ff36a03eb04e925c65c17e91b45ae5475f7f0a9aa740e,6424,5181,1237,6,2987.8992768441103,2697.044005023859,True,4.0600478534713602e-10,34304.536754202731,9.9999999999999995e-07,48,
calibration,functional,220,2,gaussian_starter,3,6431.8755704135292,2143.9585234711762,b96089b877fa8c8bdddd1a171c9013979192390c46b2bd1549e6c3da944f79b6,7be1659883f1a61103dc8145cded66e737ea23341c506a2aa2301b62d3feb569,afc4ef769972060d8a6ff36a03eb04e925c65c17e91b45ae5475f7f0a9aa740e,6424,5181,1237,6,2474.5594400546474,2123.3872044258896,True,4.181791579682681e-10,34300.653530097567,9.9999999999999995e-07,48,
calibration,functional,220,2,morph_starter,3,6431.8755704135292,2143.9585234711762,b96089b877fa8c8bdddd1a171c9013979192390c46b2bd1549e6c3da944f79b6,7be1659883f1a61103dc8145cded66e737ea23341c506a2aa2301b62d3feb569,afc4ef769972060d8a6ff36a03eb04e925c65c17e91b45ae5475f7f0a9aa740e,6424,5181,1237,6,3037.3705189500047,2925.9840031947278,True,2.7107038835794128e-10,34308.534094062787,9.9999999999999995e-07,48,
calibration,functional,220,2,direct_starter,3,6431.8755704135292,2143.9585234711762,b96089b877fa8c8bdddd1a171c9013979192390c46b2bd1549e6c3da944f79b6,7be1659883f1a61103dc8145cded66e737ea23341c506a2aa2301b62d3feb569,afc4ef769972060d8a6ff36a03eb04e925c65c17e91b45ae5475f7f0a9aa740e,6424,5181,1237,6,2947.4477822248377,2874.2878022135114,True,2.6769930716596946e-10,34308.57563026253,9.9999999999999995e-07,48,
calibration,functional,220,2,gaussian_baseline,4,8575.834093884705,2143.9585234711762,b96089b877fa8c8bdddd1a171c9013979192390c46b2bd1549e6c3da944f79b6,96286192a4010f8832f5027440b5635eba0cc090f958b269c8d7c0149b79531b,39da6bd443007caef1a931f5d8965505f650de9a9389c95e31a283f05feaa299,8553,6624,1915,14,3846.0510717300717,2106.4089425045099,True,3.6524752111688485e-09,34312.124939393507,9.9999999999999995e-07,41,
calibration,functional,220,2,common_starter,4,8575.834093884705,2143.9585234711762,b96089b877fa8c8bdddd1a171c9013979192390c46b2bd1549e6c3da944f79b6,96286192a4010f8832f5027440b5635eba0cc090f958b269c8d7c0149b79531b,39da6bd443007caef1a931f5d8965505f650de9a9389c95e31a283f05feaa299,8553,6904,1635,14,4850.9035612385169,2698.2296377108878,True,1.2305466756679095e-08,34316.975749525438,9.9999999999999995e-07,48,
calibration,functional,220,2,gaussian_starter,4,8575.834093884705,2143.9585234711762,b96089b877fa8c8bdddd1a171c9013979192390c46b2bd1549e6c3da944f79b6,96286192a4010f8832f5027440b5635eba0cc090f958b269c8d7c0149b79531b,39da6bd443007caef1a931f5d8965505f650de9a9389c95e31a283f05feaa299,8553,6904,1635,14,3920.8690477626401,2124.1927165453617,True,1.0722063237267321e-08,34311.50721829768,9.9999999999999995e-07,48,
calibration,functional,220,2,morph_starter,4,8575.834093884705,2143.9585234711762,b96089b877fa8c8bdddd1a171c9013979192390c46b2bd1549e6c3da944f79b6,96286192a4010f8832f5027440b5635eba0cc090f958b269c8d7c0149b79531b,39da6bd443007caef1a931f5d8965505f650de9a9389c95e31a283f05feaa299,8553,6904,1635,14,5049.1666188195431,2927.1902431391477,True,9.4016686658093818e-09,34322.940699649676,9.9999999999999995e-07,48,
calibration,functional,220,2,direct_starter,4,8575.834093884705,2143.9585234711762,b96089b877fa8c8bdddd1a171c9013979192390c46b2bd1549e6c3da944f79b6,96286192a4010f8832f5027440b5635eba0cc090f958b269c8d7c0149b79531b,39da6bd443007caef1a931f5d8965505f650de9a9389c95e31a283f05feaa299,8553,6904,1635,14,4925.8317291398316,2875.4888879699547,True,9.4363271641029201e-09,34322.890215536914,9.9999999999999995e-07,48,
calibration,functional,220,2,gaussian_baseline,5,10719.792617355881,2143.9585234711762,b96089b877fa8c8bdddd1a171c9013979192390c46b2bd1549e6c3da944f79b6,0d68e6f38269586f3dd34ebdfcd4b6e90f6b38fedf5252c042ab88c4690b2c47,023e0f61df7220422bb5d334368be7ceaff928e154d63b25c8d2b40869f93513,10647,8215,2415,17,5206.2525484119342,2107.2122727326487,True,3.3805808818954119e-08,34323.16546527177,9.9999999999999995e-07,41,
calibration,functional,220,2,common_starter,5,10719.792617355881,2143.9585234711762,b96089b877fa8c8bdddd1a171c9013979192390c46b2bd1549e6c3da944f79b6,0d68e6f38269586f3dd34ebdfcd4b6e90f6b38fedf5252c042ab88c4690b2c47,023e0f61df7220422bb5d334368be7ceaff928e154d63b25c8d2b40869f93513,10647,8562,2068,17,6614.5038821861699,2699.4058651240975,True,8.3431334618744302e-08,34329.45049938625,9.9999999999999995e-07,48,
calibration,functional,220,2,gaussian_starter,5,10719.792617355881,2143.9585234711762,b96089b877fa8c8bdddd1a171c9013979192390c46b2bd1549e6c3da944f79b6,0d68e6f38269586f3dd34ebdfcd4b6e90f6b38fedf5252c042ab88c4690b2c47,023e0f61df7220422bb5d334368be7ceaff928e154d63b25c8d2b40869f93513,10647,8562,2068,17,5294.7082848384471,2124.9991563782582,True,7.3917360121633635e-08,34322.440788694694,9.9999999999999995e-07,48,
calibration,functional,220,2,morph_starter,5,10719.792617355881,2143.9585234711762,b96089b877fa8c8bdddd1a171c9013979192390c46b2bd1549e6c3da944f79b6,0d68e6f38269586f3dd34ebdfcd4b6e90f6b38fedf5252c042ab88c4690b2c47,023e0f61df7220422bb5d334368be7ceaff928e154d63b25c8d2b40869f93513,10647,8562,2068,17,6949.0176398706462,2928.3901880729773,True,6.8497815197687828e-08,34337.298566492471,9.9999999999999995e-07,48,
calibration,functional,220,2,direct_starter,5,10719.792617355881,2143.9585234711762,b96089b877fa8c8bdddd1a171c9013979192390c46b2bd1549e6c3da944f79b6,0d68e6f38269586f3dd34ebdfcd4b6e90f6b38fedf5252c042ab88c4690b2c47,023e0f61df7220422bb5d334368be7ceaff928e154d63b25c8d2b40869f93513,10647,8562,2068,17,6794.0542669500301,2876.6830527349525,True,6.9098430977021508e-08,34337.161534002036,9.9999999999999995e-07,48,
calibration,functional,220,2,gaussian_baseline,6,12863.751140827058,2143.9585234711762,b96089b877fa8c8bdddd1a171c9013979192390c46b2bd1549e6c3da944f79b6,32a76d97389a995727fd5995e0f024f8e831083530d52b8bcd90067c43d3164d,33bde63cf58edf79300956cdd9380a52ee714dd7f7fb6f82d0ab77e53d43ec96,12703,9785,2895,23,6528.6491597002305,2108.0039202989738,True,1.4085480293246633e-07,34334.42000648145,9.9999999999999995e-07,41,
calibration,functional,220,2,common_starter,6,12863.751140827058,2143.9585234711762,b96089b877fa8c8bdddd1a171c9013979192390c46b2bd1549e6c3da944f79b6,32a76d97389a995727fd5995e0f024f8e831083530d52b8bcd90067c43d3164d,33bde63cf58edf79300956cdd9380a52ee714dd7f7fb6f82d0ab77e53d43ec96,12703,10191,2489,23,8332.7534035727949,2700.5693702613189,True,2.7200464103316335e-14,34342.077847201188,9.9999999999999995e-07,48,
calibration,functional,220,2,gaussian_starter,6,12863.751140827058,2143.9585234711762,b96089b877fa8c8bdddd1a171c9013979192390c46b2bd1549e6c3da944f79b6,32a76d97389a995727fd5995e0f024f8e831083530d52b8bcd90067c43d3164d,33bde63cf58edf79300956cdd9380a52ee714dd7f7fb6f82d0ab77e53d43ec96,12703,10191,2489,23,6629.6734026335525,2125.7978703019844,True,1.0746958878371515e-13,34333.597505858794,9.9999999999999995e-07,48,
calibration,functional,220,2,morph_starter,6,12863.751140827058,2143.9585234711762,b96089b877fa8c8bdddd1a171c9013979192390c46b2bd1549e6c3da944f79b6,32a76d97389a995727fd5995e0f024f8e831083530d52b8bcd90067c43d3164d,33bde63cf58edf79300956cdd9380a52ee714dd7f7fb6f82d0ab77e53d43ec96,12703,10191,2489,23,8798.8038313844827,2929.5786387897756,True,1.9761969838327786e-14,34351.766027037527,9.9999999999999995e-07,48,
calibration,functional,220,2,direct_starter,6,12863.751140827058,2143.9585234711762,b96089b877fa8c8bdddd1a171c9013979192390c46b2bd1549e6c3da944f79b6,32a76d97389a995727fd5995e0f024f8e831083530d52b8bcd90067c43d3164d,33bde63cf58edf79300956cdd9380a52ee714dd7f7fb6f82d0ab77e53d43ec96,12703,10191,2489,23,8614.739247820773,2877.8657918783488,True,3.3639757646142243e-14,34351.536982020458,9.9999999999999995e-07,48,
calibration,functional,220,2,gaussian_baseline,8,17151.66818776941,2143.9585234711762,b96089b877fa8c8bdddd1a171c9013979192390c46b2bd1549e6c3da944f79b6,40be4fe71136269aa16e4e19e9478c8205cfd5e363152d53cfbf6dbcecadeceb,1cc3d664232cf8111924b5004e2222f57261f6636e0a0b73571ea90b161fb691,17101,13223,3847,31,9532.7869220019966,2109.7151127577763,True,1.354472090042691e-14,34357.656032639847,9.9999999999999995e-07,41,
calibration,functional,220,2,common_starter,8,17151.66818776941,2143.9585234711762,b96089b877fa8c8bdddd1a171c9013979192390c46b2bd1549e6c3da944f79b6,40be4fe71136269aa16e4e19e9478c8205cfd5e363152d53cfbf6dbcecadeceb,1cc3d664232cf8111924b5004e2222f57261f6636e0a0b73571ea90b161fb691,17101,13777,3293,31,12245.80762986537,2703.0759942690133,True,2.3092638912203256e-14,34368.375030224008,9.9999999999999995e-08,37,
calibration,functional,220,2,gaussian_starter,8,17151.66818776941,2143.9585234711762,b96089b877fa8c8bdddd1a171c9013979192390c46b2bd1549e6c3da944f79b6,40be4fe71136269aa16e4e19e9478c8205cfd5e363152d53cfbf6dbcecadeceb,1cc3d664232cf8111924b5004e2222f57261f6636e0a0b73571ea90b161fb691,17101,13777,3293,31,9664.0508744448834,2127.5031108724702,True,5.7620574978045624e-14,34356.596631817141,9.9999999999999995e-08,37,
calibration,functional,220,2,morph_starter,8,17151.66818776941,2143.9585234711762,b96089b877fa8c8bdddd1a171c9013979192390c46b2bd1549e6c3da944f79b6,40be4fe71136269aa16e4e19e9478c8205cfd5e363152d53cfbf6dbcecadeceb,1cc3d664232cf8111924b5004e2222f57261f6636e0a0b73571ea90b161fb691,17101,13777,3293,31,13012.836051553564,2932.1281118604497,True,4.2632564145606011e-14,34382.247453682263,9.9999999999999995e-08,37,
calibration,functional,220,2,direct_starter,8,17151.66818776941,2143.9585234711762,b96089b877fa8c8bdddd1a171c9013979192390c46b2bd1549e6c3da944f79b6,40be4fe71136269aa16e4e19e9478c8205cfd5e363152d53cfbf6dbcecadeceb,1cc3d664232cf8111924b5004e2222f57261f6636e0a0b73571ea90b161fb691,17101,13777,3293,31,12762.29820618572,2880.4046982034756,True,8.2378548427186615e-14,34381.809601238907,9.9999999999999995e-08,37,
calibration,functional,220,2,gaussian_baseline,10,21439.585234711762,2143.9585234711762,b96089b877fa8c8bdddd1a171c9013979192390c46b2bd1549e6c3da944f79b6,d24d86bc37cef34583f80a6bc5a24ea28ae0fafad0cd7c7d28d07aa35383025c,fb50b225bead42e5f1bb970c60bc01fd8661825ffed3a0c267cfb7c96bb4b873,21294,16465,4792,37,12368.603673819529,2111.3376841912623,True,1.0519363158323358e-14,34379.517873826007,9.9999999999999995e-07,41,
calibration,functional,220,2,common_starter,10,21439.585234711762,2143.9585234711762,b96089b877fa8c8bdddd1a171c9013979192390c46b2bd1549e6c3da944f79b6,d24d86bc37cef34583f80a6bc5a24ea28ae0fafad0cd7c7d28d07aa35383025c,fb50b225bead42e5f1bb970c60bc01fd8661825ffed3a0c267cfb7c96bb4b873,21294,17145,4112,37,15914.800864969575,2705.4729881375747,True,1.8207657603852567e-14,34393.271038855084,9.9999999999999995e-07,48,
calibration,functional,220,2,gaussian_starter,10,21439.585234711762,2143.9585234711762,b96089b877fa8c8bdddd1a171c9013979192390c46b2bd1549e6c3da944f79b6,d24d86bc37cef34583f80a6bc5a24ea28ae0fafad0cd7c7d28d07aa35383025c,fb50b225bead42e5f1bb970c60bc01fd8661825ffed3a0c267cfb7c96bb4b873,21294,17145,4112,37,12527.27804603513,2129.1379895649161,True,2.3842039453825237e-14,34378.244861651896,9.9999999999999995e-07,48,
calibration,functional,220,2,morph_starter,10,21439.585234711762,2143.9585234711762,b96089b877fa8c8bdddd1a171c9013979192390c46b2bd1549e6c3da944f79b6,d24d86bc37cef34583f80a6bc5a24ea28ae0fafad0cd7c7d28d07aa35383025c,fb50b225bead42e5f1bb970c60bc01fd8661825ffed3a0c267cfb7c96bb4b873,21294,17145,4112,37,16965.012304170923,2934.5688792094397,True,3.0447866450344918e-14,34411.062431078986,9.9999999999999995e-07,48,
calibration,functional,220,2,direct_starter,10,21439.585234711762,2143.9585234711762,b96089b877fa8c8bdddd1a171c9013979192390c46b2bd1549e6c3da944f79b6,d24d86bc37cef34583f80a6bc5a24ea28ae0fafad0cd7c7d28d07aa35383025c,fb50b225bead42e5f1bb970c60bc01fd8661825ffed3a0c267cfb7c96bb4b873,21294,17145,4112,37,16650.106902829833,2882.8345984063044,True,2.5923707624997405e-14,34410.438031444413,9.9999999999999995e-07,48,
calibration,functional,220,2,gaussian_baseline,12,25727.502281654117,2143.9585234711762,b96089b877fa8c8bdddd1a171c9013979192390c46b2bd1549e6c3da944f79b6,ab0ad8599ec0aa7b2b67b50ce6e4f9655d915c87bed692899ac3a9b3b988dba0,741054d9d4f862536cb56407e0bcdda2cfc13f5a75ca338feab29171cd3e3d53,25596,19792,5752,52,15298.539877722989,2112.9730549446504,True,9.7477581562088744e-14,34402.044008221848,9.9999999999999995e-07,41,
calibration,functional,220,2,common_starter,12,25727.502281654117,2143.9585234711762,b96089b877fa8c8bdddd1a171c9013979192390c46b2bd1549e6c3da944f79b6,ab0ad8599ec0aa7b2b67b50ce6e4f9655d915c87bed692899ac3a9b3b988dba0,741054d9d4f862536cb56407e0bcdda2cfc13f5a75ca338feab29171cd3e3d53,25596,20588,4956,52,19726.665206078735,2707.8904328866111,True,1.3500311979441904e-13,34418.806772426957,9.9999999999999995e-07,48,
calibration,functional,220,2,gaussian_starter,12,25727.502281654117,2143.9585234711762,b96089b877fa8c8bdddd1a171c9013979192390c46b2bd1549e6c3da944f79b6,ab0ad8599ec0aa7b2b67b50ce6e4f9655d915c87bed692899ac3a9b3b988dba0,741054d9d4f862536cb56407e0bcdda2cfc13f5a75ca338feab29171cd3e3d53,25596,20588,4956,52,15484.929827518637,2130.7848864644775,True,1.6164847238542279e-13,34400.555748988634,9.9999999999999995e-07,48,
calibration,functional,220,2,morph_starter,12,25727.502281654117,2143.9585234711762,b96089b877fa8c8bdddd1a171c9013979192390c46b2bd1549e6c3da944f79b6,ab0ad8599ec0aa7b2b67b50ce6e4f9655d915c87bed692899ac3a9b3b988dba0,741054d9d4f862536cb56407e0bcdda2cfc13f5a75ca338feab29171cd3e3d53,25596,20588,4956,52,21073.68872076528,2937.030807948177,True,2.0738966099997924e-13,34440.65797640432,9.9999999999999995e-07,48,
calibration,functional,220,2,direct_starter,12,25727.502281654117,2143.9585234711762,b96089b877fa8c8bdddd1a171c9013979192390c46b2bd1549e6c3da944f79b6,ab0ad8599ec0aa7b2b67b50ce6e4f9655d915c87bed692899ac3a9b3b988dba0,741054d9d4f862536cb56407e0bcdda2cfc13f5a75ca338feab29171cd3e3d53,25596,20588,4956,52,20692.600986507092,2885.2871289010754,True,1.5409895581797173e-13,34439.836288743121,9.9999999999999995e-07,48,
calibration,functional,220,2,gaussian_baseline,16,34303.33637553882,2143.9585234711762,b96089b877fa8c8bdddd1a171c9013979192390c46b2bd1549e6c3da944f79b6,463c03c05a8ffcbe6e2596a2f00fc7a43a1b70ca456c8be48a6a12abc32ec8a1,4f90a145efacfc377aaf4dac91690479e6ebf16accd740f7b64dffcef7c52ed3,34051,26275,7713,63,20771.258735077794,2116.2267778314767,True,1.3697931677825181e-12,34448.682528327627,9.9999999999999995e-07,41,
calibration,functional,220,2,common_starter,16,34303.33637553882,2143.9585234711762,b96089b877fa8c8bdddd1a171c9013979192390c46b2bd1549e6c3da944f79b6,463c03c05a8ffcbe6e2596a2f00fc7a43a1b70ca456c8be48a6a12abc32ec8a1,4f90a145efacfc377aaf4dac91690479e6ebf16accd740f7b64dffcef7c52ed3,34051,27344,6644,63,26812.542214076337,2712.6367822199572,True,3.0020430585864233e-12,34471.264802853402,9.9999999999999995e-07,48,
calibration,functional,220,2,gaussian_starter,16,34303.33637553882,2143.9585234711762,b96089b877fa8c8bdddd1a171c9013979192390c46b2bd1549e6c3da944f79b6,463c03c05a8ffcbe6e2596a2f00fc7a43a1b70ca456c8be48a6a12abc32ec8a1,4f90a145efacfc377aaf4dac91690479e6ebf16accd740f7b64dffcef7c52ed3,34051,27344,6644,63,21011.014498832381,2134.0483163801032,True,2.2171153801764376e-12,34446.779095929931,9.9999999999999995e-07,48,
calibration,functional,220,2,morph_starter,16,34303.33637553882,2143.9585234711762,b96089b877fa8c8bdddd1a171c9013979192390c46b2bd1549e6c3da944f79b6,463c03c05a8ffcbe6e2596a2f00fc7a43a1b70ca456c8be48a6a12abc32ec8a1,4f90a145efacfc377aaf4dac91690479e6ebf16accd740f7b64dffcef7c52ed3,34051,27344,6644,63,28717.06036858106,2941.8811973523066,True,2.3894219935982619e-12,34500.637728688598,9.9999999999999995e-07,48,
calibration,functional,220,2,direct_starter,16,34303.33637553882,2143.9585234711762,b96089b877fa8c8bdddd1a171c9013979192390c46b2bd1549e6c3da944f79b6,463c03c05a8ffcbe6e2596a2f00fc7a43a1b70ca456c8be48a6a12abc32ec8a1,4f90a145efacfc377aaf4dac91690479e6ebf16accd740f7b64dffcef7c52ed3,34051,27344,6644,63,28213.186586432395,2890.1150178035391,True,2.3674395777106838e-12,34499.447455685964,9.9999999999999995e-07,48,
calibration,functional,220,3,gaussian_baseline,0,0,2143.9585234711762,b0f9b7c537e4ce90747e987f176fbaa84f5d7e14ed3b27c2bdb552083be0813e,d3bb56f8ed6d718b0d014fd9eec6c619f30907068e2667d838febcc69349baac,b0f9b7c537e4ce90747e987f176fbaa84f5d7e14ed3b27c2bdb552083be0813e,0,0,0,0,-36.922491305964627,2100.6180656936381,True,6.9412808834101725e-12,34245.41109881585,9.9999999999999995e-07,41,
calibration,functional,220,3,common_starter,0,0,2143.9585234711762,b0f9b7c537e4ce90747e987f176fbaa84f5d7e14ed3b27c2bdb552083be0813e,d3bb56f8ed6d718b0d014fd9eec6c619f30907068e2667d838febcc69349baac,b0f9b7c537e4ce90747e987f176fbaa84f5d7e14ed3b27c2bdb552083be0813e,0,0,0,0,565.06572514481763,2690.3797072105599,True,3.387522429232348e-09,34241.789076112327,9.9999999999999995e-07,48,
calibration,functional,220,3,gaussian_starter,0,0,2143.9585234711762,b0f9b7c537e4ce90747e987f176fbaa84f5d7e14ed3b27c2bdb552083be0813e,d3bb56f8ed6d718b0d014fd9eec6c619f30907068e2667d838febcc69349baac,b0f9b7c537e4ce90747e987f176fbaa84f5d7e14ed3b27c2bdb552083be0813e,0,0,0,0,34.108620218304743,2118.2531189578922,True,2.3317965336389079e-09,34244.804880037816,9.9999999999999995e-07,48,
calibration,functional,220,3,morph_starter,0,0,2143.9585234711762,b0f9b7c537e4ce90747e987f176fbaa84f5d7e14ed3b27c2bdb552083be0813e,d3bb56f8ed6d718b0d014fd9eec6c619f30907068e2667d838febcc69349baac,b0f9b7c537e4ce90747e987f176fbaa84f5d7e14ed3b27c2bdb552083be0813e,0,0,0,0,656.94308773303976,2918.7643283107782,True,3.4724098596505826e-09,34242.17802572198,9.9999999999999995e-07,48,
calibration,functional,220,3,direct_starter,0,0,2143.9585234711762,b0f9b7c537e4ce90747e987f176fbaa84f5d7e14ed3b27c2bdb552083be0813e,d3bb56f8ed6d718b0d014fd9eec6c619f30907068e2667d838febcc69349baac,b0f9b7c537e4ce90747e987f176fbaa84f5d7e14ed3b27c2bdb552083be0813e,0,0,0,0,659.48588716487791,2867.2331955250102,True,3.5049955160459945e-09,34242.086469663795,9.9999999999999995e-07,48,
calibration,functional,220,3,gaussian_baseline,0.5,1071.9792617355881,2143.9585234711762,b0f9b7c537e4ce90747e987f176fbaa84f5d7e14ed3b27c2bdb552083be0813e,fd5a59f6b7866b89d7e69410f693da6e7dd47113602be60f5246c784517686f3,ba26625f75763975cd48d06c8635693e8ab40144e02c2dd222567215de17ebd2,1096,835,257,4,704.30030743444468,2101.0492781100652,True,4.8444090405830309e-10,34251.040480933269,9.9999999999999995e-07,41,
calibration,functional,220,3,common_starter,0.5,1071.9792617355881,2143.9585234711762,b0f9b7c537e4ce90747e987f176fbaa84f5d7e14ed3b27c2bdb552083be0813e,fd5a59f6b7866b89d7e69410f693da6e7dd47113602be60f5246c784517686f3,ba26625f75763975cd48d06c8635693e8ab40144e02c2dd222567215de17ebd2,1096,867,225,4,1514.5949649681349,2691.0210003841248,True,1.4211498755578589e-08,34248.266442851527,9.9999999999999995e-07,48,
calibration,functional,220,3,gaussian_starter,0.5,1071.9792617355881,2143.9585234711762,b0f9b7c537e4ce90747e987f176fbaa84f5d7e14ed3b27c2bdb552083be0813e,fd5a59f6b7866b89d7e69410f693da6e7dd47113602be60f5246c784517686f3,ba26625f75763975cd48d06c8635693e8ab40144e02c2dd222567215de17ebd2,1096,867,225,4,782.35272819274439,2118.6899567283713,True,1.0201454347935623e-08,34250.379609813492,9.9999999999999995e-07,48,
calibration,functional,220,3,morph_starter,0.5,1071.9792617355881,2143.9585234711762,b0f9b7c537e4ce90747e987f176fbaa84f5d7e14ed3b27c2bdb552083be0813e,fd5a59f6b7866b89d7e69410f693da6e7dd47113602be60f5246c784517686f3,ba26625f75763975cd48d06c8635693e8ab40144e02c2dd222567215de17ebd2,1096,867,225,4,1677.9948839430633,2919.4165357943371,True,1.4167439998935549e-08,34249.677541693556,9.9999999999999995e-07,48,
calibration,functional,220,3,direct_starter,0.5,1071.9792617355881,2143.9585234711762,b0f9b7c537e4ce90747e987f176fbaa84f5d7e14ed3b27c2bdb552083be0813e,fd5a59f6b7866b89d7e69410f693da6e7dd47113602be60f5246c784517686f3,ba26625f75763975cd48d06c8635693e8ab40144e02c2dd222567215de17ebd2,1096,867,225,4,1663.9648121439607,2867.8828828407754,True,1.433584884136252e-08,34249.537468811504,9.9999999999999995e-07,48,
calibration,functional,220,3,gaussian_baseline,1,2143.9585234711762,2143.9585234711762,b0f9b7c537e4ce90747e987f176fbaa84f5d7e14ed3b27c2bdb552083be0813e,8154428e9c7409a7ff1974c873d4db34e22b669be13a584c0304396110758743,51effbd65fac0e0b1005c4a6495b0bceed38570d5b9db1d31d6d537c3bd1a3a5,2119,1632,481,6,1472.2794626590901,2101.4564259309618,True,3.9827140474457678e-09,34256.235141949379,9.9999999999999995e-07,41,
calibration,functional,220,3,common_starter,1,2143.9585234711762,2143.9585234711762,b0f9b7c537e4ce90747e987f176fbaa84f5d7e14ed3b27c2bdb552083be0813e,8154428e9c7409a7ff1974c873d4db34e22b669be13a584c0304396110758743,51effbd65fac0e0b1005c4a6495b0bceed38570d5b9db1d31d6d537c3bd1a3a5,2119,1694,419,6,2520.9084470225198,2691.6226734811803,True,4.3056872567337479e-08,34254.207797204981,9.9999999999999995e-07,48,
calibration,functional,220,3,gaussian_starter,1,2143.9585234711762,2143.9585234711762,b0f9b7c537e4ce90747e987f176fbaa84f5d7e14ed3b27c2bdb552083be0813e,8154428e9c7409a7ff1974c873d4db34e22b669be13a584c0304396110758743,51effbd65fac0e0b1005c4a6495b0bceed38570d5b9db1d31d6d537c3bd1a3a5,2119,1694,419,6,1558.2003793966053,2119.0964218285594,True,3.2168305352797688e-08,34255.512587406753,9.9999999999999995e-07,48,
calibration,functional,220,3,morph_starter,1,2143.9585234711762,2143.9585234711762,b0f9b7c537e4ce90747e987f176fbaa84f5d7e14ed3b27c2bdb552083be0813e,8154428e9c7409a7ff1974c873d4db34e22b669be13a584c0304396110758743,51effbd65fac0e0b1005c4a6495b0bceed38570d5b9db1d31d6d537c3bd1a3a5,2119,1694,419,6,2756.9350833746284,2920.0257263132489,True,4.2038778347297523e-08,34256.716264158342,9.9999999999999995e-07,48,
calibration,functional,220,3,direct_starter,1,2143.9585234711762,2143.9585234711762,b0f9b7c537e4ce90747e987f176fbaa84f5d7e14ed3b27c2bdb552083be0813e,8154428e9c7409a7ff1974c873d4db34e22b669be13a584c0304396110758743,51effbd65fac0e0b1005c4a6495b0bceed38570d5b9db1d31d6d537c3bd1a3a5,2119,1694,419,6,2725.8456420330813,2868.4901447605585,True,4.2607224193247362e-08,34256.52285613869,9.9999999999999995e-07,48,
calibration,functional,220,3,gaussian_baseline,2,4287.9170469423525,2143.9585234711762,b0f9b7c537e4ce90747e987f176fbaa84f5d7e14ed3b27c2bdb552083be0813e,0ecff2d6a59d47eefceb677afaf596b9c6e9b31995b383d60510decba240e73f,17876db00c68695b88b42bd1981d289083d568a63e873bcbad0119fc58f7351b,4292,3307,973,12,2774.6486467581963,2102.3087269194179,True,3.8517049133490744e-08,34269.0671041694,9.9999999999999995e-07,41,
calibration,functional,220,3,common_starter,2,4287.9170469423525,2143.9585234711762,b0f9b7c537e4ce90747e987f176fbaa84f5d7e14ed3b27c2bdb552083be0813e,0ecff2d6a59d47eefceb677afaf596b9c6e9b31995b383d60510decba240e73f,17876db00c68695b88b42bd1981d289083d568a63e873bcbad0119fc58f7351b,4292,3447,833,12,4198.4326812406243,2692.8476215893111,True,1.9360158659553761e-07,34268.476519178272,9.9999999999999995e-07,48,
calibration,functional,220,3,gaussian_starter,2,4287.9170469423525,2143.9585234711762,b0f9b7c537e4ce90747e987f176fbaa84f5d7e14ed3b27c2bdb552083be0813e,0ecff2d6a59d47eefceb677afaf596b9c6e9b31995b383d60510decba240e73f,17876db00c68695b88b42bd1981d289083d568a63e873bcbad0119fc58f7351b,4292,3447,833,12,2873.0584334487762,2119.9464765143143,True,1.5413650633622211e-07,34268.247714205303,9.9999999999999995e-07,48,
calibration,functional,220,3,morph_starter,2,4287.9170469423525,2143.9585234711762,b0f9b7c537e4ce90747e987f176fbaa84f5d7e14ed3b27c2bdb552083be0813e,0ecff2d6a59d47eefceb677afaf596b9c6e9b31995b383d60510decba240e73f,17876db00c68695b88b42bd1981d289083d568a63e873bcbad0119fc58f7351b,4292,3447,833,12,4572.3869863944747,2921.282919461139,True,1.8667983886500039e-07,34272.739399871905,9.9999999999999995e-07,48,
calibration,functional,220,3,direct_starter,2,4287.9170469423525,2143.9585234711762,b0f9b7c537e4ce90747e987f176fbaa84f5d7e14ed3b27c2bdb552083be0813e,0ecff2d6a59d47eefceb677afaf596b9c6e9b31995b383d60510decba240e73f,17876db00c68695b88b42bd1981d289083d568a63e873bcbad0119fc58f7351b,4292,3447,833,12,4509.9004994434908,2869.7400786711451,True,1.8917266181306402e-07,34272.468552707462,9.9999999999999995e-07,48,
calibration,functional,220,3,gaussian_baseline,3,6431.8755704135292,2143.9585234711762,b0f9b7c537e4ce90747e987f176fbaa84f5d7e14ed3b27c2bdb552083be0813e,c5f9c28a87817e02db1cfb809dafa4e377be3662013101825416402313bc4e8c,d4795556fa06a07193a9a4aa10c9b238876626b6cc18dec148ee15fd2151b387,6407,4943,1452,12,4183.59369160591,2103.1127406958572,True,1.7052964185193531e-07,34279.846099443093,9.9999999999999995e-07,41,
calibration,functional,220,3,common_starter,3,6431.8755704135292,2143.9585234711762,b0f9b7c537e4ce90747e987f176fbaa84f5d7e14ed3b27c2bdb552083be0813e,c5f9c28a87817e02db1cfb809dafa4e377be3662013101825416402313bc4e8c,d4795556fa06a07193a9a4aa10c9b238876626b6cc18dec148ee15fd2151b387,6407,5160,1235,12,6049.5023139188015,2694.0116176872211,True,6.2505556286396313e-14,34280.597221558863,9.9999999999999995e-07,48,
calibration,functional,220,3,gaussian_starter,3,6431.8755704135292,2143.9585234711762,b0f9b7c537e4ce90747e987f176fbaa84f5d7e14ed3b27c2bdb552083be0813e,c5f9c28a87817e02db1cfb809dafa4e377be3662013101825416402313bc4e8c,d4795556fa06a07193a9a4aa10c9b238876626b6cc18dec148ee15fd2151b387,6407,5160,1235,12,4296.3863723653294,2120.7414069488741,True,8.0602191587786365e-14,34278.91467418414,9.9999999999999995e-07,48,
calibration,functional,220,3,morph_starter,3,6431.8755704135292,2143.9585234711762,b0f9b7c537e4ce90747e987f176fbaa84f5d7e14ed3b27c2bdb552083be0813e,c5f9c28a87817e02db1cfb809dafa4e377be3662013101825416402313bc4e8c,d4795556fa06a07193a9a4aa10c9b238876626b6cc18dec148ee15fd2151b387,6407,5160,1235,12,6564.8423733824166,2922.4665897930927,True,6.7557071048440775e-14,34286.844092810941,9.9999999999999995e-07,48,
calibration,functional,220,3,direct_starter,3,6431.8755704135292,2143.9585234711762,b0f9b7c537e4ce90747e987f176fbaa84f5d7e14ed3b27c2bdb552083be0813e,c5f9c28a87817e02db1cfb809dafa4e377be3662013101825416402313bc4e8c,d4795556fa06a07193a9a4aa10c9b238876626b6cc18dec148ee15fd2151b387,6407,5160,1235,12,6470.7122289819999,2870.9191747884638,True,3.602673714908633e-14,34286.475393238783,9.9999999999999995e-07,48,
calibration,functional,220,3,gaussian_baseline,4,8575.834093884705,2143.9585234711762,b0f9b7c537e4ce90747e987f176fbaa84f5d7e14ed3b27c2bdb552083be0813e,dac40f01559493c157ce3bc97442f2b7b06a9857c0b2d6a2a4eac13c9a7b51f6,2ceeea1f4670a69aa0f511343c5e56f21dfdbb2680a8066191b97714b9ae4daf,8602,6646,1942,14,5620.5332585559008,2103.9869986663934,True,5.4393989312728763e-14,34292.311672253963,9.9999999999999995e-07,41,
calibration,functional,220,3,common_starter,4,8575.834093884705,2143.9585234711762,b0f9b7c537e4ce90747e987f176fbaa84f5d7e14ed3b27c2bdb552083be0813e,dac40f01559493c157ce3bc97442f2b7b06a9857c0b2d6a2a4eac13c9a7b51f6,2ceeea1f4670a69aa0f511343c5e56f21dfdbb2680a8066191b97714b9ae4daf,8602,6915,1673,14,7907.5971882537906,2695.3054243118727,True,1.6153745008296028e-13,34294.604693029672,9.9999999999999995e-07,48,
calibration,functional,220,3,gaussian_starter,4,8575.834093884705,2143.9585234711762,b0f9b7c537e4ce90747e987f176fbaa84f5d7e14ed3b27c2bdb552083be0813e,dac40f01559493c157ce3bc97442f2b7b06a9857c0b2d6a2a4eac13c9a7b51f6,2ceeea1f4670a69aa0f511343c5e56f21dfdbb2680a8066191b97714b9ae4daf,8602,6915,1673,14,5746.0255658247661,2121.6391904700599,True,4.4575454438700035e-14,34291.282435128043,9.9999999999999995e-07,48,
calibration,functional,220,3,morph_starter,4,8575.834093884705,2143.9585234711762,b0f9b7c537e4ce90747e987f176fbaa84f5d7e14ed3b27c2bdb552083be0813e,dac40f01559493c157ce3bc97442f2b7b06a9857c0b2d6a2a4eac13c9a7b51f6,2ceeea1f4670a69aa0f511343c5e56f21dfdbb2680a8066191b97714b9ae4daf,8602,6915,1673,14,8563.8507831347833,2923.7920034636063,True,2.0539125955565396e-14,34302.847557280707,9.9999999999999995e-07,48,
calibration,functional,220,3,direct_starter,4,8575.834093884705,2143.9585234711762,b0f9b7c537e4ce90747e987f176fbaa84f5d7e14ed3b27c2bdb552083be0813e,dac40f01559493c157ce3bc97442f2b7b06a9857c0b2d6a2a4eac13c9a7b51f6,2ceeea1f4670a69aa0f511343c5e56f21dfdbb2680a8066191b97714b9ae4daf,8602,6915,1673,14,8437.8254189400486,2872.2375735266523,True,3.549938121238938e-14,34302.381370539551,9.9999999999999995e-07,48,
calibration,functional,220,3,gaussian_baseline,5,10719.792617355881,2143.9585234711762,b0f9b7c537e4ce90747e987f176fbaa84f5d7e14ed3b27c2bdb552083be0813e,4e7425d13b990aba64de8de41bb83f79e8422acbd08d51cfa8de69cb8013f61a,e316359ac74169d326b9cc8c70c9f9c32996a67d66fdd0d79babffd0fb0e9dd4,10730,8304,2410,16,7136.4792615704719,2104.8151095055218,True,1.8429702208777599e-14,34303.25736284606,9.9999999999999995e-07,41,
calibration,functional,220,3,common_starter,5,10719.792617355881,2143.9585234711762,b0f9b7c537e4ce90747e987f176fbaa84f5d7e14ed3b27c2bdb552083be0813e,4e7425d13b990aba64de8de41bb83f79e8422acbd08d51cfa8de69cb8013f61a,e316359ac74169d326b9cc8c70c9f9c32996a67d66fdd0d79babffd0fb0e9dd4,10730,8643,2071,16,9884.023144143739,2696.5170833394641,True,4.0301095793893182e-14,34307.082298220026,9.9999999999999995e-07,48,
calibration,functional,220,3,gaussian_starter,5,10719.792617355881,2143.9585234711762,b0f9b7c537e4ce90747e987f176fbaa84f5d7e14ed3b27c2bdb552083be0813e,4e7425d13b990aba64de8de41bb83f79e8422acbd08d51cfa8de69cb8013f61a,e316359ac74169d326b9cc8c70c9f9c32996a67d66fdd0d79babffd0fb0e9dd4,10730,8643,2071,16,7277.3196834453274,2122.4628856109571,True,6.0507154842071031e-14,34302.108432174115,9.9999999999999995e-07,48,
calibration,functional,220,3,morph_starter,5,10719.792617355881,2143.9585234711762,b0f9b7c537e4ce90747e987f176fbaa84f5d7e14ed3b27c2bdb552083be0813e,4e7425d13b990aba64de8de41bb83f79e8422acbd08d51cfa8de69cb8013f61a,e316359ac74169d326b9cc8c70c9f9c32996a67d66fdd0d79babffd0fb0e9dd4,10730,8643,2071,16,10688.607976642015,2925.0197449043649,True,3.6914915568786455e-14,34317.455185353901,9.9999999999999995e-07,48,
calibration,functional,220,3,direct_starter,5,10719.792617355881,2143.9585234711762,b0f9b7c537e4ce90747e987f176fbaa84f5d7e14ed3b27c2bdb552083be0813e,4e7425d13b990aba64de8de41bb83f79e8422acbd08d51cfa8de69cb8013f61a,e316359ac74169d326b9cc8c70c9f9c32996a67d66fdd0d79babffd0fb0e9dd4,10730,8643,2071,16,10529.412140760283,2873.4611584348168,True,7.2997163869104043e-14,34316.882036094998,9.9999999999999995e-07,48,
calibration,functional,220,3,gaussian_baseline,6,12863.751140827058,2143.9585234711762,b0f9b7c537e4ce90747e987f176fbaa84f5d7e14ed3b27c2bdb552083be0813e,62578256427a28c8f17484ce36492e15a42c8a2e4364993a0e1f22aa0937202f,956a88d98a9c1d9f97298a83594c8038e8228ff7e80dc28465bdb475ed54a336,12906,9995,2892,19,8562.873244057002,2105.6549015904689,True,2.042810365310288e-14,34314.591138492971,9.9999999999999995e-07,41,
calibration,functional,220,3,common_starter,6,12863.751140827058,2143.9585234711762,b0f9b7c537e4ce90747e987f176fbaa84f5d7e14ed3b27c2bdb552083be0813e,62578256427a28c8f17484ce36492e15a42c8a2e4364993a0e1f22aa0937202f,956a88d98a9c1d9f97298a83594c8038e8228ff7e80dc28465bdb475ed54a336,12906,10412,2475,19,11734.282662993011,2697.7376204918273,True,5.1514348342607263e-14,34319.912464301306,9.9999999999999995e-07,48,
calibration,functional,220,3,gaussian_starter,6,12863.751140827058,2143.9585234711762,b0f9b7c537e4ce90747e987f176fbaa84f5d7e14ed3b27c2bdb552083be0813e,62578256427a28c8f17484ce36492e15a42c8a2e4364993a0e1f22aa0937202f,956a88d98a9c1d9f97298a83594c8038e8228ff7e80dc28465bdb475ed54a336,12906,10412,2475,19,8717.824568663129,2123.2997349195243,True,7.0998762424778761e-14,34313.33249019496,9.9999999999999995e-07,48,
calibration,functional,220,3,morph_starter,6,12863.751140827058,2143.9585234711762,b0f9b7c537e4ce90747e987f176fbaa84f5d7e14ed3b27c2bdb552083be0813e,62578256427a28c8f17484ce36492e15a42c8a2e4364993a0e1f22aa0937202f,956a88d98a9c1d9f97298a83594c8038e8228ff7e80dc28465bdb475ed54a336,12906,10412,2475,19,12685.882579982805,2926.264576658155,True,4.0842329518397946e-14,34332.243257111979,9.9999999999999995e-07,48,
calibration,functional,220,3,direct_starter,6,12863.751140827058,2143.9585234711762,b0f9b7c537e4ce90747e987f176fbaa84f5d7e14ed3b27c2bdb552083be0813e,62578256427a28c8f17484ce36492e15a42c8a2e4364993a0e1f22aa0937202f,956a88d98a9c1d9f97298a83594c8038e8228ff7e80dc28465bdb475ed54a336,12906,10412,2475,19,12492.603841221753,2874.700100035639,True,6.399047958183246e-14,34331.582818267918,9.9999999999999995e-07,48,
calibration,functional,220,3,gaussian_baseline,8,17151.66818776941,2143.9585234711762,b0f9b7c537e4ce90747e987f176fbaa84f5d7e14ed3b27c2bdb552083be0813e,166687c19b5874e0d74d9a681abb97da88f5b1e80d4bfd9e938f109d78b6905c,74aca13237d279b3d00ca79bd00b791e44037facf13dc74b45c84e72802719a8,17161,13223,3903,35,11267.193578809347,2107.3052695822994,True,8.9567242511634504e-14,34337.857564320977,9.9999999999999995e-07,41,
calibration,functional,220,3,common_starter,8,17151.66818776941,2143.9585234711762,b0f9b7c537e4ce90747e987f176fbaa84f5d7e14ed3b27c2bdb552083be0813e,166687c19b5874e0d74d9a681abb97da88f5b1e80d4bfd9e938f109d78b6905c,74aca13237d279b3d00ca79bd00b791e44037facf13dc74b45c84e72802719a8,17161,13762,3364,35,15215.209200988687,2700.1703730942563,True,1.5060175329040248e-13,34346.172611482601,9.9999999999999995e-07,48,
calibration,functional,220,3,gaussian_starter,8,17151.66818776941,2143.9585234711762,b0f9b7c537e4ce90747e987f176fbaa84f5d7e14ed3b27c2bdb552083be0813e,166687c19b5874e0d74d9a681abb97da88f5b1e80d4bfd9e938f109d78b6905c,74aca13237d279b3d00ca79bd00b791e44037facf13dc74b45c84e72802719a8,17161,13762,3364,35,11446.461670888379,2124.9800089097648,True,3.3639757646142243e-14,34336.411303099529,9.9999999999999995e-07,48,
calibration,functional,220,3,morph_starter,8,17151.66818776941,2143.9585234711762,b0f9b7c537e4ce90747e987f176fbaa84f5d7e14ed3b27c2bdb552083be0813e,166687c19b5874e0d74d9a681abb97da88f5b1e80d4bfd9e938f109d78b6905c,74aca13237d279b3d00ca79bd00b791e44037facf13dc74b45c84e72802719a8,17161,13762,3364,35,16439.617557248825,2928.7564243201878,True,8.7922724656408491e-14,34362.203626042596,9.9999999999999995e-07,48,
calibration,functional,220,3,direct_starter,8,17151.66818776941,2143.9585234711762,b0f9b7c537e4ce90747e987f176fbaa84f5d7e14ed3b27c2bdb552083be0813e,166687c19b5874e0d74d9a681abb97da88f5b1e80d4bfd9e938f109d78b6905c,74aca13237d279b3d00ca79bd00b791e44037facf13dc74b45c84e72802719a8,17161,13762,3364,35,16184.744086900591,2877.1785370271896,True,3.9418121544620988e-14,34361.367889765432,9.9999999999999995e-07,48,
calibration,functional,220,3,gaussian_baseline,10,21439.585234711762,2143.9585234711762,b0f9b7c537e4ce90747e987f176fbaa84f5d7e14ed3b27c2bdb552083be0813e,c219bce54ccdd59fcc59b53db360e0225df7d7b04b5c97733714f342eba7c78b,abca9a8a9604a91acb89809370c351379e2799af9d0f6e4609f5dab417065747,21413,16493,4873,47,14017.319987171042,2108.9427004653967,True,2.0453083671156946e-13,34360.987092844989,9.9999999999999995e-07,41,
calibration,functional,220,3,common_starter,10,21439.585234711762,2143.9585234711762,b0f9b7c537e4ce90747e987f176fbaa84f5d7e14ed3b27c2bdb552083be0813e,c219bce54ccdd59fcc59b53db360e0225df7d7b04b5c97733714f342eba7c78b,abca9a8a9604a91acb89809370c351379e2799af9d0f6e4609f5dab417065747,21413,17167,4199,47,18777.748923655341,2702.5680113824774,True,6.2461147365411307e-13,34372.213257111951,9.9999999999999995e-07,48,
calibration,functional,220,3,gaussian_starter,10,21439.585234711762,2143.9585234711762,b0f9b7c537e4ce90747e987f176fbaa84f5d7e14ed3b27c2bdb552083be0813e,c219bce54ccdd59fcc59b53db360e0225df7d7b04b5c97733714f342eba7c78b,abca9a8a9604a91acb89809370c351379e2799af9d0f6e4609f5dab417065747,21413,17167,4199,47,14222.340761014353,2126.6323470950765,True,4.0756287233989497e-13,34359.341661669365,9.9999999999999995e-07,48,
calibration,functional,220,3,morph_starter,10,21439.585234711762,2143.9585234711762,b0f9b7c537e4ce90747e987f176fbaa84f5d7e14ed3b27c2bdb552083be0813e,c219bce54ccdd59fcc59b53db360e0225df7d7b04b5c97733714f342eba7c78b,abca9a8a9604a91acb89809370c351379e2799af9d0f6e4609f5dab417065747,21413,17167,4199,47,20282.223881534272,2931.2069948122789,True,5.4703463980843026e-13,34392.027505204875,9.9999999999999995e-07,48,
calibration,functional,220,3,direct_starter,10,21439.585234711762,2143.9585234711762,b0f9b7c537e4ce90747e987f176fbaa84f5d7e14ed3b27c2bdb552083be0813e,c219bce54ccdd59fcc59b53db360e0225df7d7b04b5c97733714f342eba7c78b,abca9a8a9604a91acb89809370c351379e2799af9d0f6e4609f5dab417065747,21413,17167,4199,47,19964.836129542597,2879.6167703803276,True,5.8539284530922941e-13,34391.00986253743,9.9999999999999995e-07,48,
calibration,functional,220,3,gaussian_baseline,12,25727.502281654117,2143.9585234711762,b0f9b7c537e4ce90747e987f176fbaa84f5d7e14ed3b27c2bdb552083be0813e,08bce2561dfccd27d48ace39e35b0e652cf5287148b63edb92bdeded0aadf30f,162788948bb173ef4cdb3b043b5ec46d5b329fde91ac8e5fa1db13c6c5b05fbd,25753,19864,5835,54,16954.466823524734,2110.630991658933,True,8.6886053907164751e-13,34383.334522239638,9.9999999999999995e-07,41,
calibration,functional,220,3,common_starter,12,25727.502281654117,2143.9585234711762,b0f9b7c537e4ce90747e987f176fbaa84f5d7e14ed3b27c2bdb552083be0813e,08bce2561dfccd27d48ace39e35b0e652cf5287148b63edb92bdeded0aadf30f,162788948bb173ef4cdb3b043b5ec46d5b329fde91ac8e5fa1db13c6c5b05fbd,25753,20676,5023,54,22581.342021787386,2705.0350871932019,True,2.3529260137489239e-12,34397.676488829071,9.9999999999999995e-07,48,
calibration,functional,220,3,gaussian_starter,12,25727.502281654117,2143.9585234711762,b0f9b7c537e4ce90747e987f176fbaa84f5d7e14ed3b27c2bdb552083be0813e,08bce2561dfccd27d48ace39e35b0e652cf5287148b63edb92bdeded0aadf30f,162788948bb173ef4cdb3b043b5ec46d5b329fde91ac8e5fa1db13c6c5b05fbd,25753,20676,5023,54,17188.506624367252,2128.3241974283715,True,1.6653900480889661e-12,34381.464165268852,9.9999999999999995e-07,48,
calibration,functional,220,3,morph_starter,12,25727.502281654117,2143.9585234711762,b0f9b7c537e4ce90747e987f176fbaa84f5d7e14ed3b27c2bdb552083be0813e,08bce2561dfccd27d48ace39e35b0e652cf5287148b63edb92bdeded0aadf30f,162788948bb173ef4cdb3b043b5ec46d5b329fde91ac8e5fa1db13c6c5b05fbd,25753,20676,5023,54,24380.889738219597,2933.7169536049273,True,1.939448601717686e-12,34421.547705945559,9.9999999999999995e-07,48,
calibration,functional,220,3,direct_starter,12,25727.502281654117,2143.9585234711762,b0f9b7c537e4ce90747e987f176fbaa84f5d7e14ed3b27c2bdb552083be0813e,08bce2561dfccd27d48ace39e35b0e652cf5287148b63edb92bdeded0aadf30f,162788948bb173ef4cdb3b043b5ec46d5b329fde91ac8e5fa1db13c6c5b05fbd,25753,20676,5023,54,23999.76385322955,2882.1162134504598,True,1.9075296897597127e-12,34420.322604391738,9.9999999999999995e-07,48,
calibration,functional,220,3,gaussian_baseline,16,34303.33637553882,2143.9585234711762,b0f9b7c537e4ce90747e987f176fbaa84f5d7e14ed3b27c2bdb552083be0813e,b9b3b381ac87d0d4bb80967a41716763f9b9151e4a412b9bfd27d998e76b65da,89891b05a3589360076f1c43b0e7db1f115271328f282f89e2eb81ea3f5de5b1,34360,26490,7798,72,22669.036224123269,2113.9852057226367,True,7.4708572661563721e-12,34429.228664083697,9.9999999999999995e-07,41,
calibration,functional,220,3,common_starter,16,34303.33637553882,2143.9585234711762,b0f9b7c537e4ce90747e987f176fbaa84f5d7e14ed3b27c2bdb552083be0813e,b9b3b381ac87d0d4bb80967a41716763f9b9151e4a412b9bfd27d998e76b65da,89891b05a3589360076f1c43b0e7db1f115271328f282f89e2eb81ea3f5de5b1,34360,27577,6711,72,29974.601324589155,2709.9301932950439,True,1.9546142482340656e-11,34449.672095231625,9.9999999999999995e-07,48,
calibration,functional,220,3,gaussian_starter,16,34303.33637553882,2143.9585234711762,b0f9b7c537e4ce90747e987f176fbaa84f5d7e14ed3b27c2bdb552083be0813e,b9b3b381ac87d0d4bb80967a41716763f9b9151e4a412b9bfd27d998e76b65da,89891b05a3589360076f1c43b0e7db1f115271328f282f89e2eb81ea3f5de5b1,34360,27577,6711,72,22958.465770745039,2131.68849792125,True,1.3909429164016274e-11,34426.93040702281,9.9999999999999995e-07,48,
calibration,functional,220,3,morph_starter,16,34303.33637553882,2143.9585234711762,b0f9b7c537e4ce90747e987f176fbaa84f5d7e14ed3b27c2bdb552083be0813e,b9b3b381ac87d0d4bb80967a41716763f9b9151e4a412b9bfd27d998e76b65da,89891b05a3589360076f1c43b0e7db1f115271328f282f89e2eb81ea3f5de5b1,34360,27577,6711,72,32341.151894687318,2938.7052363138996,True,1.5950352150184699e-11,34481.458107838982,9.9999999999999995e-07,48,
calibration,functional,220,3,direct_starter,16,34303.33637553882,2143.9585234711762,b0f9b7c537e4ce90747e987f176fbaa84f5d7e14ed3b27c2bdb552083be0813e,b9b3b381ac87d0d4bb80967a41716763f9b9151e4a412b9bfd27d998e76b65da,89891b05a3589360076f1c43b0e7db1f115271328f282f89e2eb81ea3f5de5b1,34360,27577,6711,72,31830.712182269312,2887.082368217878,True,1.6671830582737357e-11,34479.855389580393,9.9999999999999995e-07,48,
calibration,functional,220,4,gaussian_baseline,0,0,2143.9585234711762,775967f39f8ed23336e84479db0d43e634b5d73e5af99fbf5e331a4150c0b7c0,d3bb56f8ed6d718b0d014fd9eec6c619f30907068e2667d838febcc69349baac,775967f39f8ed23336e84479db0d43e634b5d73e5af99fbf5e331a4150c0b7c0,0,0,0,0,-2404.2568008424291,2102.1665449583952,True,1.1473519967442058e-08,34287.285794433417,9.9999999999999995e-07,41,
calibration,functional,220,4,common_starter,0,0,2143.9585234711762,775967f39f8ed23336e84479db0d43e634b5d73e5af99fbf5e331a4150c0b7c0,d3bb56f8ed6d718b0d014fd9eec6c619f30907068e2667d838febcc69349baac,775967f39f8ed23336e84479db0d43e634b5d73e5af99fbf5e331a4150c0b7c0,0,0,0,0,-3706.3238154828405,2693.522388242799,True,1.095240652615459e-07,34288.217072547392,9.9999999999999995e-07,48,
calibration,functional,220,4,gaussian_starter,0,0,2143.9585234711762,775967f39f8ed23336e84479db0d43e634b5d73e5af99fbf5e331a4150c0b7c0,d3bb56f8ed6d718b0d014fd9eec6c619f30907068e2667d838febcc69349baac,775967f39f8ed23336e84479db0d43e634b5d73e5af99fbf5e331a4150c0b7c0,0,0,0,0,-2498.8106211854756,2121.0323125710584,True,8.5003643068848334e-08,34288.098009066998,9.9999999999999995e-07,48,
calibration,functional,220,4,morph_starter,0,0,2143.9585234711762,775967f39f8ed23336e84479db0d43e634b5d73e5af99fbf5e331a4150c0b7c0,d3bb56f8ed6d718b0d014fd9eec6c619f30907068e2667d838febcc69349baac,775967f39f8ed23336e84479db0d43e634b5d73e5af99fbf5e331a4150c0b7c0,0,0,0,0,-3939.634999645913,2922.4776303518365,True,1.0214021789467509e-07,34284.023111944021,9.9999999999999995e-07,48,
calibration,functional,220,4,direct_starter,0,0,2143.9585234711762,775967f39f8ed23336e84479db0d43e634b5d73e5af99fbf5e331a4150c0b7c0,d3bb56f8ed6d718b0d014fd9eec6c619f30907068e2667d838febcc69349baac,775967f39f8ed23336e84479db0d43e634b5d73e5af99fbf5e331a4150c0b7c0,0,0,0,0,-3870.8903700453407,2870.7897724034901,True,1.0300636343885117e-07,34284.188244557241,9.9999999999999995e-07,48,
calibration,functional,220,4,gaussian_baseline,0.5,1071.9792617355881,2143.9585234711762,775967f39f8ed23336e84479db0d43e634b5d73e5af99fbf5e331a4150c0b7c0,ac91f5cd681c641ee01c1eb6e0efc60449a27f5292b3e2e0107534f5d1bd24b9,ba8b76cef9f7e44dfaddcf922da45f3da112d55ff6202dbbe7848ebe420de001,1031,792,237,2,-1704.9431245872497,2102.5757728565727,True,2.7278417857878878e-09,34292.698759896011,9.9999999999999995e-07,41,
calibration,functional,220,4,common_starter,0.5,1071.9792617355881,2143.9585234711762,775967f39f8ed23336e84479db0d43e634b5d73e5af99fbf5e331a4150c0b7c0,ac91f5cd681c641ee01c1eb6e0efc60449a27f5292b3e2e0107534f5d1bd24b9,ba8b76cef9f7e44dfaddcf922da45f3da112d55ff6202dbbe7848ebe420de001,1031,821,208,2,-2805.9374847698059,2694.1271249190627,True,4.8853091183520547e-08,34294.403925467544,9.9999999999999995e-07,48,
calibration,functional,220,4,gaussian_starter,0.5,1071.9792617355881,2143.9585234711762,775967f39f8ed23336e84479db0d43e634b5d73e5af99fbf5e331a4150c0b7c0,ac91f5cd681c641ee01c1eb6e0efc60449a27f5292b3e2e0107534f5d1bd24b9,ba8b76cef9f7e44dfaddcf922da45f3da112d55ff6202dbbe7848ebe420de001,1031,821,208,2,-1792.8231952673207,2121.4463070790971,True,3.6658286461932477e-08,34293.458278873506,9.9999999999999995e-07,48,
calibration,functional,220,4,morph_starter,0.5,1071.9792617355881,2143.9585234711762,775967f39f8ed23336e84479db0d43e634b5d73e5af99fbf5e331a4150c0b7c0,ac91f5cd681c641ee01c1eb6e0efc60449a27f5292b3e2e0107534f5d1bd24b9,ba8b76cef9f7e44dfaddcf922da45f3da112d55ff6202dbbe7848ebe420de001,1031,821,208,2,-2970.35478119246,2923.0940403288355,True,4.5711703977602269e-08,34291.174469789774,9.9999999999999995e-07,48,
calibration,functional,220,4,direct_starter,0.5,1071.9792617355881,2143.9585234711762,775967f39f8ed23336e84479db0d43e634b5d73e5af99fbf5e331a4150c0b7c0,ac91f5cd681c641ee01c1eb6e0efc60449a27f5292b3e2e0107534f5d1bd24b9,ba8b76cef9f7e44dfaddcf922da45f3da112d55ff6202dbbe7848ebe420de001,1031,821,208,2,-2916.5914063268988,2871.4032198171285,True,4.6007611664844461e-08,34291.290143885366,9.9999999999999995e-07,48,
calibration,functional,220,4,gaussian_baseline,1,2143.9585234711762,2143.9585234711762,775967f39f8ed23336e84479db0d43e634b5d73e5af99fbf5e331a4150c0b7c0,8c917d9c4a3e3279f3bc468104b33454c96f48bf39bf5147e4858cd9ff65c31a,bfa1004a4cf99a50f42c4bde4f3d187980e29a3d3b0d2c43b48d2cf7a5351f01,2109,1623,483,3,-1036.9801195620171,2102.9977880517831,True,2.8541725927144768e-10,34299.03944216462,9.9999999999999995e-07,41,
calibration,functional,220,4,common_starter,1,2143.9585234711762,2143.9585234711762,775967f39f8ed23336e84479db0d43e634b5d73e5af99fbf5e331a4150c0b7c0,8c917d9c4a3e3279f3bc468104b33454c96f48bf39bf5147e4858cd9ff65c31a,bfa1004a4cf99a50f42c4bde4f3d187980e29a3d3b0d2c43b48d2cf7a5351f01,2109,1683,423,3,-1960.0664431593377,2694.7451387834426,True,1.8086951325546607e-08,34301.566869007867,9.9999999999999995e-07,48,
calibration,functional,220,4,gaussian_starter,1,2143.9585234711762,2143.9585234711762,775967f39f8ed23336e84479db0d43e634b5d73e5af99fbf5e331a4150c0b7c0,8c917d9c4a3e3279f3bc468104b33454c96f48bf39bf5147e4858cd9ff65c31a,bfa1004a4cf99a50f42c4bde4f3d187980e29a3d3b0d2c43b48d2cf7a5351f01,2109,1683,423,3,-1118.9980034946357,2121.874649332352,True,1.2797073789538871e-08,34299.753341828386,9.9999999999999995e-07,48,
calibration,functional,220,4,morph_starter,1,2143.9585234711762,2143.9585234711762,775967f39f8ed23336e84479db0d43e634b5d73e5af99fbf5e331a4150c0b7c0,8c917d9c4a3e3279f3bc468104b33454c96f48bf39bf5147e4858cd9ff65c31a,bfa1004a4cf99a50f42c4bde4f3d187980e29a3d3b0d2c43b48d2cf7a5351f01,2109,1683,423,3,-2052.6764556621288,2923.7280628807216,True,1.6928026425055975e-08,34299.21199389566,9.9999999999999995e-07,48,
calibration,functional,220,4,direct_starter,1,2143.9585234711762,2143.9585234711762,775967f39f8ed23336e84479db0d43e634b5d73e5af99fbf5e331a4150c0b7c0,8c917d9c4a3e3279f3bc468104b33454c96f48bf39bf5147e4858cd9ff65c31a,bfa1004a4cf99a50f42c4bde4f3d187980e29a3d3b0d2c43b48d2cf7a5351f01,2109,1683,423,3,-2014.5936543704236,2872.0333303216357,True,1.7004451846602819e-08,34299.287684715069,9.9999999999999995e-07,48,
calibration,functional,220,4,gaussian_baseline,2,4287.9170469423525,2143.9585234711762,775967f39f8ed23336e84479db0d43e634b5d73e5af99fbf5e331a4150c0b7c0,d5263287f135ab3dc3ac86616b4314a9261fde8e6f736c0e044e26b999f353fb,08af20482343e328e919b1253d41280e278b7b5f2ee4d9d49df29afa7f5c312a,4241,3286,949,6,459.50622870337099,2103.8394894443891,True,4.4948544886125319e-11,34309.359052624131,9.9999999999999995e-07,41,
calibration,functional,220,4,common_starter,2,4287.9170469423525,2143.9585234711762,775967f39f8ed23336e84479db0d43e634b5d73e5af99fbf5e331a4150c0b7c0,d5263287f135ab3dc3ac86616b4314a9261fde8e6f736c0e044e26b999f353fb,08af20482343e328e919b1253d41280e278b7b5f2ee4d9d49df29afa7f5c312a,4241,3416,819,6,-23.578502869787258,2695.9795581302283,True,5.6265969661239978e-10,34313.484963318282,9.9999999999999995e-07,48,
calibration,functional,220,4,gaussian_starter,2,4287.9170469423525,2143.9585234711762,775967f39f8ed23336e84479db0d43e634b5d73e5af99fbf5e331a4150c0b7c0,d5263287f135ab3dc3ac86616b4314a9261fde8e6f736c0e044e26b999f353fb,08af20482343e328e919b1253d41280e278b7b5f2ee4d9d49df29afa7f5c312a,4241,3416,819,6,391.74755228804457,2122.7170478309963,True,4.1477876688844617e-10,34309.960167711492,9.9999999999999995e-07,48,
calibration,functional,220,4,morph_starter,2,4287.9170469423525,2143.9585234711762,775967f39f8ed23336e84479db0d43e634b5d73e5af99fbf5e331a4150c0b7c0,d5263287f135ab3dc3ac86616b4314a9261fde8e6f736c0e044e26b999f353fb,08af20482343e328e919b1253d41280e278b7b5f2ee4d9d49df29afa7f5c312a,4241,3416,819,6,30.390202205606975,2924.9804776590368,True,5.4589915920999488e-10,34313.21159021023,9.9999999999999995e-07,48,
calibration,functional,220,4,direct_starter,2,4287.9170469423525,2143.9585234711762,775967f39f8ed23336e84479db0d43e634b5d73e5af99fbf5e331a4150c0b7c0,d5263287f135ab3dc3ac86616b4314a9261fde8e6f736c0e044e26b999f353fb,08af20482343e328e919b1253d41280e278b7b5f2ee4d9d49df29afa7f5c312a,4241,3416,819,6,35.742309614264776,2873.281133389969,True,5.4278215255720852e-10,34313.183431555692,9.9999999999999995e-07,48,
calibration,functional,220,4,gaussian_baseline,3,6431.8755704135292,2143.9585234711762,775967f39f8ed23336e84479db0d43e634b5d73e5af99fbf5e331a4150c0b7c0,10565ba878d700ee5c67198bcb2ad872f8794fdd63e3b4377a5e42a7937e1f74,1b2ec98d8a53aa4f3c935a733e086075b4a8193db620b4e1dd7d3ee3c520b162,6420,4972,1438,10,1871.0316957002369,2104.662503207107,True,6.7092025927972809e-09,34320.779729201313,9.9999999999999995e-07,41,
calibration,functional,220,4,common_starter,3,6431.8755704135292,2143.9585234711762,775967f39f8ed23336e84479db0d43e634b5d73e5af99fbf5e331a4150c0b7c0,10565ba878d700ee5c67198bcb2ad872f8794fdd63e3b4377a5e42a7937e1f74,1b2ec98d8a53aa4f3c935a733e086075b4a8193db620b4e1dd7d3ee3c520b162,6420,5172,1238,10,1813.8135892315545,2697.1921858821261,True,1.5594020519316132e-10,34326.349550573483,9.9999999999999995e-07,48,
calibration,functional,220,4,gaussian_starter,3,6431.8755704135292,2143.9585234711762,775967f39f8ed23336e84479db0d43e634b5d73e5af99fbf5e331a4150c0b7c0,10565ba878d700ee5c67198bcb2ad872f8794fdd63e3b4377a5e42a7937e1f74,1b2ec98d8a53aa4f3c935a733e086075b4a8193db620b4e1dd7d3ee3c520b162,6420,5172,1238,10,1815.4921164106415,2123.5455921433563,True,2.9980939952878316e-10,34321.285211114606,9.9999999999999995e-07,48,
calibration,functional,220,4,morph_starter,3,6431.8755704135292,2143.9585234711762,775967f39f8ed23336e84479db0d43e634b5d73e5af99fbf5e331a4150c0b7c0,10565ba878d700ee5c67198bcb2ad872f8794fdd63e3b4377a5e42a7937e1f74,1b2ec98d8a53aa4f3c935a733e086075b4a8193db620b4e1dd7d3ee3c520b162,6420,5172,1238,10,2012.5223361578999,2926.217417802653,True,1.5223877714021228e-10,34328.026012463459,9.9999999999999995e-07,48,
calibration,functional,220,4,direct_starter,3,6431.8755704135292,2143.9585234711762,775967f39f8ed23336e84479db0d43e634b5d73e5af99fbf5e331a4150c0b7c0,10565ba878d700ee5c67198bcb2ad872f8794fdd63e3b4377a5e42a7937e1f74,1b2ec98d8a53aa4f3c935a733e086075b4a8193db620b4e1dd7d3ee3c520b162,6420,5172,1238,10,1985.4391617955403,2874.5125712122217,True,1.5754347826302251e-10,34327.904934680293,9.9999999999999995e-07,48,
calibration,functional,220,4,gaussian_baseline,4,8575.834093884705,2143.9585234711762,775967f39f8ed23336e84479db0d43e634b5d73e5af99fbf5e331a4150c0b7c0,4ae0199645105f0a76c53065b3a48584d2a7585cd72cb4eab59bae0bb9c23860,666204e47cdbd9b029558b21dbd40b359fc58ce4367048fd9f88c7d997f950f2,8477,6586,1876,15,3326.362143510863,2105.4636951490888,True,5.8114059224567693e-08,34330.964431707209,9.9999999999999995e-07,41,
calibration,functional,220,4,common_starter,4,8575.834093884705,2143.9585234711762,775967f39f8ed23336e84479db0d43e634b5d73e5af99fbf5e331a4150c0b7c0,4ae0199645105f0a76c53065b3a48584d2a7585cd72cb4eab59bae0bb9c23860,666204e47cdbd9b029558b21dbd40b359fc58ce4367048fd9f88c7d997f950f2,8477,6841,1621,15,3706.5121224095224,2698.3832770197837,True,9.944284395935199e-09,34338.033100624554,9.9999999999999995e-07,48,
calibration,functional,220,4,gaussian_starter,4,8575.834093884705,2143.9585234711762,775967f39f8ed23336e84479db0d43e634b5d73e5af99fbf5e331a4150c0b7c0,4ae0199645105f0a76c53065b3a48584d2a7585cd72cb4eab59bae0bb9c23860,666204e47cdbd9b029558b21dbd40b359fc58ce4367048fd9f88c7d997f950f2,8477,6841,1621,15,3284.7789235392283,2124.3580300857329,True,1.1786624787291089e-08,34331.359915478359,9.9999999999999995e-07,48,
calibration,functional,220,4,morph_starter,4,8575.834093884705,2143.9585234711762,775967f39f8ed23336e84479db0d43e634b5d73e5af99fbf5e331a4150c0b7c0,4ae0199645105f0a76c53065b3a48584d2a7585cd72cb4eab59bae0bb9c23860,666204e47cdbd9b029558b21dbd40b359fc58ce4367048fd9f88c7d997f950f2,8477,6841,1621,15,4049.5367223389385,2927.4287785084562,True,9.21292375721805e-09,34341.7393571426,9.9999999999999995e-07,48,
calibration,functional,220,4,direct_starter,4,8575.834093884705,2143.9585234711762,775967f39f8ed23336e84479db0d43e634b5d73e5af99fbf5e331a4150c0b7c0,4ae0199645105f0a76c53065b3a48584d2a7585cd72cb4eab59bae0bb9c23860,666204e47cdbd9b029558b21dbd40b359fc58ce4367048fd9f88c7d997f950f2,8477,6841,1621,15,3990.9464306980917,2875.7191074142702,True,9.4739489586714853e-09,34341.514442963482,9.9999999999999995e-07,48,
calibration,functional,220,4,gaussian_baseline,5,10719.792617355881,2143.9585234711762,775967f39f8ed23336e84479db0d43e634b5d73e5af99fbf5e331a4150c0b7c0,70306ddd8231e8b741210698680cf974bc9b66957f1c2b5879229b52bab0a838,5d47246458cdb9c3b82181c88bc984751465ae6c0c2848a2ae02d2d332e6c95c,10664,8235,2408,21,4705.3749175112607,2106.3052388256883,True,3.8163916471489756e-14,34343.602418938463,9.9999999999999995e-07,41,
calibration,functional,220,4,common_starter,5,10719.792617355881,2143.9585234711762,775967f39f8ed23336e84479db0d43e634b5d73e5af99fbf5e331a4150c0b7c0,70306ddd8231e8b741210698680cf974bc9b66957f1c2b5879229b52bab0a838,5d47246458cdb9c3b82181c88bc984751465ae6c0c2848a2ae02d2d332e6c95c,10664,8567,2076,21,5506.5274373929578,2699.5945545664504,True,7.5394267384787383e-08,34352.053025145105,9.9999999999999995e-07,48,
calibration,functional,220,4,gaussian_starter,5,10719.792617355881,2143.9585234711762,775967f39f8ed23336e84479db0d43e634b5d73e5af99fbf5e331a4150c0b7c0,70306ddd8231e8b741210698680cf974bc9b66957f1c2b5879229b52bab0a838,5d47246458cdb9c3b82181c88bc984751465ae6c0c2848a2ae02d2d332e6c95c,10664,8567,2076,21,4678.0744535398508,2125.2000470873677,True,8.0020861936702659e-08,34343.884822009466,9.9999999999999995e-07,48,
calibration,functional,220,4,morph_starter,5,10719.792617355881,2143.9585234711762,775967f39f8ed23336e84479db0d43e634b5d73e5af99fbf5e331a4150c0b7c0,70306ddd8231e8b741210698680cf974bc9b66957f1c2b5879229b52bab0a838,5d47246458cdb9c3b82181c88bc984751465ae6c0c2848a2ae02d2d332e6c95c,10664,8567,2076,21,5989.2051602260963,2928.6713529609206,True,6.966105248196186e-08,34357.678976932861,9.9999999999999995e-07,48,
calibration,functional,220,4,direct_starter,5,10719.792617355881,2143.9585234711762,775967f39f8ed23336e84479db0d43e634b5d73e5af99fbf5e331a4150c0b7c0,70306ddd8231e8b741210698680cf974bc9b66957f1c2b5879229b52bab0a838,5d47246458cdb9c3b82181c88bc984751465ae6c0c2848a2ae02d2d332e6c95c,10664,8567,2076,21,5899.0020195486195,2876.9544872548718,True,7.1304585680387333e-08,34357.362554873391,9.9999999999999995e-07,48,
calibration,functional,220,4,gaussian_baseline,6,12863.751140827058,2143.9585234711762,775967f39f8ed23336e84479db0d43e634b5d73e5af99fbf5e331a4150c0b7c0,d2e3afa9767b0e0afb79e98fd69ed8fa46a09de99556de183a1646ac331d0eea,a5612eae31ae05f8084ea094f1fd46cb2755495437b29108dde53bc3c1f3abd7,12752,9859,2868,25,6152.0115866980668,2107.1117716556018,True,3.5013658639115874e-14,34354.203959663617,9.9999999999999995e-07,41,
calibration,functional,220,4,common_starter,6,12863.751140827058,2143.9585234711762,775967f39f8ed23336e84479db0d43e634b5d73e5af99fbf5e331a4150c0b7c0,d2e3afa9767b0e0afb79e98fd69ed8fa46a09de99556de183a1646ac331d0eea,a5612eae31ae05f8084ea094f1fd46cb2755495437b29108dde53bc3c1f3abd7,12752,10244,2483,25,7380.7943692039917,2700.7994906591211,True,1.8540724511240114e-14,34364.185812163916,9.9999999999999995e-07,48,
calibration,functional,220,4,gaussian_starter,6,12863.751140827058,2143.9585234711762,775967f39f8ed23336e84479db0d43e634b5d73e5af99fbf5e331a4150c0b7c0,d2e3afa9767b0e0afb79e98fd69ed8fa46a09de99556de183a1646ac331d0eea,a5612eae31ae05f8084ea094f1fd46cb2755495437b29108dde53bc3c1f3abd7,12752,10244,2483,25,6138.0086124671352,2126.0202047953248,True,1.1879386363489175e-14,34354.382060778582,9.9999999999999995e-07,48,
calibration,functional,220,4,morph_starter,6,12863.751140827058,2143.9585234711762,775967f39f8ed23336e84479db0d43e634b5d73e5af99fbf5e331a4150c0b7c0,d2e3afa9767b0e0afb79e98fd69ed8fa46a09de99556de183a1646ac331d0eea,a5612eae31ae05f8084ea094f1fd46cb2755495437b29108dde53bc3c1f3abd7,12752,10244,2483,25,8004.843117369639,2929.8961299722951,True,7.2164496600635175e-15,34371.828651280252,9.9999999999999995e-07,48,
calibration,functional,220,4,direct_starter,6,12863.751140827058,2143.9585234711762,775967f39f8ed23336e84479db0d43e634b5d73e5af99fbf5e331a4150c0b7c0,d2e3afa9767b0e0afb79e98fd69ed8fa46a09de99556de183a1646ac331d0eea,a5612eae31ae05f8084ea094f1fd46cb2755495437b29108dde53bc3c1f3abd7,12752,10244,2483,25,7883.1204528315911,2878.1749015977225,True,3.1308289294429414e-14,34371.411056921483,9.9999999999999995e-07,48,
calibration,functional,220,4,gaussian_baseline,8,17151.66818776941,2143.9585234711762,775967f39f8ed23336e84479db0d43e634b5d73e5af99fbf5e331a4150c0b7c0,04ea09571a71c4ed332abef8944e0865b548607472709a1f3eb0565a2081a188,0452880f2123c7fea3febc0b7a1e935b937dc72bd2c2a8dead5b62b4dde28589,16961,13072,3856,33,8892.6708251311702,2108.7429975534574,True,2.5951463200613034e-14,34377.779536110851,9.9999999999999995e-07,41,
calibration,functional,220,4,common_starter,8,17151.66818776941,2143.9585234711762,775967f39f8ed23336e84479db0d43e634b5d73e5af99fbf5e331a4150c0b7c0,04ea09571a71c4ed332abef8944e0865b548607472709a1f3eb0565a2081a188,0452880f2123c7fea3febc0b7a1e935b937dc72bd2c2a8dead5b62b4dde28589,16961,13592,3336,33,10946.755527175828,2703.187239665494,True,4.6407322429331543e-14,34390.573240651356,9.9999999999999995e-07,48,
calibration,functional,220,4,gaussian_starter,8,17151.66818776941,2143.9585234711762,775967f39f8ed23336e84479db0d43e634b5d73e5af99fbf5e331a4150c0b7c0,04ea09571a71c4ed332abef8944e0865b548607472709a1f3eb0565a2081a188,0452880f2123c7fea3febc0b7a1e935b937dc72bd2c2a8dead5b62b4dde28589,16961,13592,3336,33,8905.68059265595,2127.6607047806488,True,1.354472090042691e-14,34377.744730130602,9.9999999999999995e-07,48,
calibration,functional,220,4,morph_starter,8,17151.66818776941,2143.9585234711762,775967f39f8ed23336e84479db0d43e634b5d73e5af99fbf5e331a4150c0b7c0,04ea09571a71c4ed332abef8944e0865b548607472709a1f3eb0565a2081a188,0452880f2123c7fea3febc0b7a1e935b937dc72bd2c2a8dead5b62b4dde28589,16961,13592,3336,33,11843.699374034091,2932.3366666390689,True,2.7422508708241367e-14,34402.035921232011,9.9999999999999995e-07,48,
calibration,functional,220,4,direct_starter,8,17151.66818776941,2143.9585234711762,775967f39f8ed23336e84479db0d43e634b5d73e5af99fbf5e331a4150c0b7c0,04ea09571a71c4ed332abef8944e0865b548607472709a1f3eb0565a2081a188,0452880f2123c7fea3febc0b7a1e935b937dc72bd2c2a8dead5b62b4dde28589,16961,13592,3336,33,11662.103998744005,2880.6031806019241,True,3.9412917374193057e-14,34401.424926556589,9.9999999999999995e-07,48,
calibration,functional,220,4,gaussian_baseline,10,21439.585234711762,2143.9585234711762,775967f39f8ed23336e84479db0d43e634b5d73e5af99fbf5e331a4150c0b7c0,978fdbc94e41792ecc06a50d2fc51cb993be5964699c34769e83e0c313c4e8ec,cfaffc75e3b099e16a300f2dfc9cd7a9a62d78d5b16780fb0f00e11676087b3a,21254,16390,4823,41,11791.576310231074,2110.4186793153799,True,1.3045120539345589e-14,34399.955396923535,9.9999999999999995e-07,41,
calibration,functional,220,4,common_starter,10,21439.585234711762,2143.9585234711762,775967f39f8ed23336e84479db0d43e634b5d73e5af99fbf5e331a4150c0b7c0,978fdbc94e41792ecc06a50d2fc51cb993be5964699c34769e83e0c313c4e8ec,cfaffc75e3b099e16a300f2dfc9cd7a9a62d78d5b16780fb0f00e11676087b3a,21254,17048,4165,41,14706.83951532836,2705.6379419702107,True,8.6042284408449632e-14,34415.790975675256,9.9999999999999995e-07,48,
calibration,functional,220,4,gaussian_starter,10,21439.585234711762,2143.9585234711762,775967f39f8ed23336e84479db0d43e634b5d73e5af99fbf5e331a4150c0b7c0,978fdbc94e41792ecc06a50d2fc51cb993be5964699c34769e83e0c313c4e8ec,cfaffc75e3b099e16a300f2dfc9cd7a9a62d78d5b16780fb0f00e11676087b3a,21254,17048,4165,41,11832.768791824063,2129.3404713123618,True,3.8524738954492932e-14,34399.69844755232,9.9999999999999995e-07,48,
calibration,functional,220,4,morph_starter,10,21439.585234711762,2143.9585234711762,775967f39f8ed23336e84479db0d43e634b5d73e5af99fbf5e331a4150c0b7c0,978fdbc94e41792ecc06a50d2fc51cb993be5964699c34769e83e0c313c4e8ec,cfaffc75e3b099e16a300f2dfc9cd7a9a62d78d5b16780fb0f00e11676087b3a,21254,17048,4165,41,15890.906495213409,2934.8317710304636,True,2.1316282072803006e-14,34431.284335568249,9.9999999999999995e-07,48,
calibration,functional,220,4,direct_starter,10,21439.585234711762,2143.9585234711762,775967f39f8ed23336e84479db0d43e634b5d73e5af99fbf5e331a4150c0b7c0,978fdbc94e41792ecc06a50d2fc51cb993be5964699c34769e83e0c313c4e8ec,cfaffc75e3b099e16a300f2dfc9cd7a9a62d78d5b16780fb0f00e11676087b3a,21254,17048,4165,41,15647.142666176587,2883.0872984206171,True,3.6637359812630166e-14,34430.46509862598,9.9999999999999995e-07,48,
calibration,functional,220,4,gaussian_baseline,12,25727.502281654117,2143.9585234711762,775967f39f8ed23336e84479db0d43e634b5d73e5af99fbf5e331a4150c0b7c0,dbf49ffb5750f631720012e001599c35ebf97ce14edbda2eda7a103efbc5487e,bd70d72803b30954372c0253bdf6aa9c30a27eac8f6458e9ba8afe9f958d575a,25556,19676,5831,49,14637.439590686208,2112.0744101885175,True,2.5468516184901091e-13,34422.385566111683,9.9999999999999995e-07,41,
calibration,functional,220,4,common_starter,12,25727.502281654117,2143.9585234711762,775967f39f8ed23336e84479db0d43e634b5d73e5af99fbf5e331a4150c0b7c0,dbf49ffb5750f631720012e001599c35ebf97ce14edbda2eda7a103efbc5487e,bd70d72803b30954372c0253bdf6aa9c30a27eac8f6458e9ba8afe9f958d575a,25556,20475,5032,49,18416.499841341301,2708.0621969161452,True,1.0058620603103918e-13,34441.098582176928,9.9999999999999995e-07,48,
calibration,functional,220,4,gaussian_starter,12,25727.502281654117,2143.9585234711762,775967f39f8ed23336e84479db0d43e634b5d73e5af99fbf5e331a4150c0b7c0,dbf49ffb5750f631720012e001599c35ebf97ce14edbda2eda7a103efbc5487e,bd70d72803b30954372c0253bdf6aa9c30a27eac8f6458e9ba8afe9f958d575a,25556,20475,5032,49,14705.221268184081,2131.0092325637324,True,1.3888890038060708e-13,34421.920188300122,9.9999999999999995e-07,48,
calibration,functional,220,4,morph_starter,12,25727.502281654117,2143.9585234711762,775967f39f8ed23336e84479db0d43e634b5d73e5af99fbf5e331a4150c0b7c0,dbf49ffb5750f631720012e001599c35ebf97ce14edbda2eda7a103efbc5487e,bd70d72803b30954372c0253bdf6aa9c30a27eac8f6458e9ba8afe9f958d575a,25556,20475,5032,49,19881.560984560645,2937.3066274305556,True,9.3036689463588118e-14,34460.578666555353,9.9999999999999995e-07,48,
calibration,functional,220,4,direct_starter,12,25727.502281654117,2143.9585234711762,775967f39f8ed23336e84479db0d43e634b5d73e5af99fbf5e331a4150c0b7c0,dbf49ffb5750f631720012e001599c35ebf97ce14edbda2eda7a103efbc5487e,bd70d72803b30954372c0253bdf6aa9c30a27eac8f6458e9ba8afe9f958d575a,25556,20475,5032,49,19575.054681635651,2885.5505534198796,True,1.0014211682118912e-13,34459.560685972967,9.9999999999999995e-07,48,
calibration,functional,220,4,gaussian_baseline,16,34303.33637553882,2143.9585234711762,775967f39f8ed23336e84479db0d43e634b5d73e5af99fbf5e331a4150c0b7c0,66ed3fa491e49133079459beaefe6f8b341aa373bc6ade4c40bdfb55519106e2,255f5bf97781ddffa53f5243816a494638d43ca03f165512e6f1befcfc7ddf7f,34040,26253,7720,67,20316.66812565452,2115.3690432179856,True,2.7789992529392293e-12,34468.394843426475,9.9999999999999995e-07,41,
calibration,functional,220,4,common_starter,16,34303.33637553882,2143.9585234711762,775967f39f8ed23336e84479db0d43e634b5d73e5af99fbf5e331a4150c0b7c0,66ed3fa491e49133079459beaefe6f8b341aa373bc6ade4c40bdfb55519106e2,255f5bf97781ddffa53f5243816a494638d43ca03f165512e6f1befcfc7ddf7f,34040,27312,6661,67,25765.844948591293,2712.8949830821402,True,2.674083177112152e-12,34493.162362057083,9.9999999999999995e-07,48,
calibration,functional,220,4,gaussian_starter,16,34303.33637553882,2143.9585234711762,775967f39f8ed23336e84479db0d43e634b5d73e5af99fbf5e331a4150c0b7c0,66ed3fa491e49133079459beaefe6f8b341aa373bc6ade4c40bdfb55519106e2,255f5bf97781ddffa53f5243816a494638d43ca03f165512e6f1befcfc7ddf7f,34040,27312,6661,67,20438.553179203802,2134.3221564536411,True,2.2654100817476319e-12,34467.505471066012,9.9999999999999995e-07,48,
calibration,functional,220,4,morph_starter,16,34303.33637553882,2143.9585234711762,775967f39f8ed23336e84479db0d43e634b5d73e5af99fbf5e331a4150c0b7c0,66ed3fa491e49133079459beaefe6f8b341aa373bc6ade4c40bdfb55519106e2,255f5bf97781ddffa53f5243816a494638d43ca03f165512e6f1befcfc7ddf7f,34040,27312,6661,67,27800.875295286387,2942.2327935782937,True,2.2895019213819978e-12,34520.482058863454,9.9999999999999995e-07,48,
calibration,functional,220,4,direct_starter,16,34303.33637553882,2143.9585234711762,775967f39f8ed23336e84479db0d43e634b5d73e5af99fbf5e331a4150c0b7c0,66ed3fa491e49133079459beaefe6f8b341aa373bc6ade4c40bdfb55519106e2,255f5bf97781ddffa53f5243816a494638d43ca03f165512e6f1befcfc7ddf7f,34040,27312,6661,67,27366.624775145778,2890.455316164117,True,2.3270274596143281e-12,34519.084444333748,9.9999999999999995e-07,48,
calibration,functional,220,5,gaussian_baseline,0,0,2143.9585234711762,ad75f8d0dd3dc181508e86c02c71f1850dd7cfbff4f46bfbbac935f039b17f1a,d3bb56f8ed6d718b0d014fd9eec6c619f30907068e2667d838febcc69349baac,ad75f8d0dd3dc181508e86c02c71f1850dd7cfbff4f46bfbbac935f039b17f1a,0,0,0,0,-3157.6221795989491,2103.3367230430285,True,1.412379266318986e-07,34320.972459477642,9.9999999999999995e-07,41,
calibration,functional,220,5,common_starter,0,0,2143.9585234711762,ad75f8d0dd3dc181508e86c02c71f1850dd7cfbff4f46bfbbac935f039b17f1a,d3bb56f8ed6d718b0d014fd9eec6c619f30907068e2667d838febcc69349baac,ad75f8d0dd3dc181508e86c02c71f1850dd7cfbff4f46bfbbac935f039b17f1a,0,0,0,0,-4109.1212495031959,2694.7563187842193,True,2.8643754035329039e-14,34317.72689436646,9.9999999999999995e-07,48,
calibration,functional,220,5,gaussian_starter,0,0,2143.9585234711762,ad75f8d0dd3dc181508e86c02c71f1850dd7cfbff4f46bfbbac935f039b17f1a,d3bb56f8ed6d718b0d014fd9eec6c619f30907068e2667d838febcc69349baac,ad75f8d0dd3dc181508e86c02c71f1850dd7cfbff4f46bfbbac935f039b17f1a,0,0,0,0,-3224.4652010714067,2121.9079075766263,True,1.5765166949677223e-14,34321.523241829134,9.9999999999999995e-07,48,
calibration,functional,220,5,morph_starter,0,0,2143.9585234711762,ad75f8d0dd3dc181508e86c02c71f1850dd7cfbff4f46bfbbac935f039b17f1a,d3bb56f8ed6d718b0d014fd9eec6c619f30907068e2667d838febcc69349baac,ad75f8d0dd3dc181508e86c02c71f1850dd7cfbff4f46bfbbac935f039b17f1a,0,0,0,0,-4685.4087379540397,2923.8257063800879,True,4.496403249731884e-14,34314.493262144562,9.9999999999999995e-07,48,
calibration,functional,220,5,direct_starter,0,0,2143.9585234711762,ad75f8d0dd3dc181508e86c02c71f1850dd7cfbff4f46bfbbac935f039b17f1a,d3bb56f8ed6d718b0d014fd9eec6c619f30907068e2667d838febcc69349baac,ad75f8d0dd3dc181508e86c02c71f1850dd7cfbff4f46bfbbac935f039b17f1a,0,0,0,0,-4518.0339258413205,2872.1153531637779,True,5.7620574978045624e-14,34314.29779354942,9.9999999999999995e-07,48,
calibration,functional,220,5,gaussian_baseline,0.5,1071.9792617355881,2143.9585234711762,ad75f8d0dd3dc181508e86c02c71f1850dd7cfbff4f46bfbbac935f039b17f1a,323e0773fec32cf135d45c13b5ad874e99482c69631e6044892cca4b44fb671b,febc32ab583654bb149e9971f6c3ffca288c841c29bb85ba7a288ab6cd35a9b3,1065,808,252,5,-2464.7800394516134,2103.7330240603769,True,6.8938157682385537e-08,34326.147658135516,9.9999999999999995e-07,41,
calibration,functional,220,5,common_starter,0.5,1071.9792617355881,2143.9585234711762,ad75f8d0dd3dc181508e86c02c71f1850dd7cfbff4f46bfbbac935f039b17f1a,323e0773fec32cf135d45c13b5ad874e99482c69631e6044892cca4b44fb671b,febc32ab583654bb149e9971f6c3ffca288c841c29bb85ba7a288ab6cd35a9b3,1065,838,222,5,-3212.6853032531803,2695.3431467948399,True,1.8305865123746656e-07,34323.643750049247,9.9999999999999995e-07,48,
calibration,functional,220,5,gaussian_starter,0.5,1071.9792617355881,2143.9585234711762,ad75f8d0dd3dc181508e86c02c71f1850dd7cfbff4f46bfbbac935f039b17f1a,323e0773fec32cf135d45c13b5ad874e99482c69631e6044892cca4b44fb671b,febc32ab583654bb149e9971f6c3ffca288c841c29bb85ba7a288ab6cd35a9b3,1065,838,222,5,-2526.1076435366326,2122.3085860751739,True,1.7870028889976908e-07,34326.655757695924,9.9999999999999995e-07,48,
calibration,functional,220,5,morph_starter,0.5,1071.9792617355881,2143.9585234711762,ad75f8d0dd3dc181508e86c02c71f1850dd7cfbff4f46bfbbac935f039b17f1a,323e0773fec32cf135d45c13b5ad874e99482c69631e6044892cca4b44fb671b,febc32ab583654bb149e9971f6c3ffca288c841c29bb85ba7a288ab6cd35a9b3,1065,838,222,5,-3720.1776711299058,2924.4219419379137,True,1.9115881333409135e-07,34321.369155870256,9.9999999999999995e-07,48,
calibration,functional,220,5,direct_starter,0.5,1071.9792617355881,2143.9585234711762,ad75f8d0dd3dc181508e86c02c71f1850dd7cfbff4f46bfbbac935f039b17f1a,323e0773fec32cf135d45c13b5ad874e99482c69631e6044892cca4b44fb671b,febc32ab583654bb149e9971f6c3ffca288c841c29bb85ba7a288ab6cd35a9b3,1065,838,222,5,-3567.5384581980848,2872.7096264624897,True,1.8746415619830259e-07,34321.123590415373,9.9999999999999995e-07,48,
calibration,functional,220,5,gaussian_baseline,1,2143.9585234711762,2143.9585234711762,ad75f8d0dd3dc181508e86c02c71f1850dd7cfbff4f46bfbbac935f039b17f1a,04d46c7e490a53313f6f36c54a6b23d72359c45ead36c09642a8a74114f6a325,d3d940b75e0ecbe4df66c483bf734e20c5c3c7b38dbacd6e4b9e88ffb93b6dcf,2162,1637,518,7,-1788.8191713073459,2104.1450580893306,True,2.9308845961306673e-08,34332.202290422538,9.9999999999999995e-07,41,
calibration,functional,220,5,common_starter,1,2143.9585234711762,2143.9585234711762,ad75f8d0dd3dc181508e86c02c71f1850dd7cfbff4f46bfbbac935f039b17f1a,04d46c7e490a53313f6f36c54a6b23d72359c45ead36c09642a8a74114f6a325,d3d940b75e0ecbe4df66c483bf734e20c5c3c7b38dbacd6e4b9e88ffb93b6dcf,2162,1701,454,7,-2339.3916922050707,2695.9444444894302,True,9.0866881463647076e-08,34330.429809469453,9.9999999999999995e-07,48,
calibration,functional,220,5,gaussian_starter,1,2143.9585234711762,2143.9585234711762,ad75f8d0dd3dc181508e86c02c71f1850dd7cfbff4f46bfbbac935f039b17f1a,04d46c7e490a53313f6f36c54a6b23d72359c45ead36c09642a8a74114f6a325,d3d940b75e0ecbe4df66c483bf734e20c5c3c7b38dbacd6e4b9e88ffb93b6dcf,2162,1701,454,7,-1844.0215470625901,2122.725419918278,True,8.9623157228935213e-08,34332.662588204963,9.9999999999999995e-07,48,
calibration,functional,220,5,morph_starter,1,2143.9585234711762,2143.9585234711762,ad75f8d0dd3dc181508e86c02c71f1850dd7cfbff4f46bfbbac935f039b17f1a,04d46c7e490a53313f6f36c54a6b23d72359c45ead36c09642a8a74114f6a325,d3d940b75e0ecbe4df66c483bf734e20c5c3c7b38dbacd6e4b9e88ffb93b6dcf,2162,1701,454,7,-2774.8089051026236,2925.0385824020505,True,9.6688601347594272e-08,34329.06696089005,9.9999999999999995e-07,48,
calibration,functional,220,5,direct_starter,1,2143.9585234711762,2143.9585234711762,ad75f8d0dd3dc181508e86c02c71f1850dd7cfbff4f46bfbbac935f039b17f1a,04d46c7e490a53313f6f36c54a6b23d72359c45ead36c09642a8a74114f6a325,d3d940b75e0ecbe4df66c483bf734e20c5c3c7b38dbacd6e4b9e88ffb93b6dcf,2162,1701,454,7,-2637.5438834482429,2873.3231168347038,True,9.4275062756388195e-08,34328.776642749755,9.9999999999999995e-07,48,
calibration,functional,220,5,gaussian_baseline,2,4287.9170469423525,2143.9585234711762,ad75f8d0dd3dc181508e86c02c71f1850dd7cfbff4f46bfbbac935f039b17f1a,4aaaba1310672062997ec43760e3413004a3425f7c36d7ddf2cbc8991e281d2b,9b7e7be77548d903e6252ea04532cca6509f57110991ac8dd8d54c2ee55e0b3a,4293,3269,1013,11,-369.53839254068203,2104.9763138546109,True,2.1300806674062756e-09,34343.469922469769,9.9999999999999995e-07,41,
calibration,functional,220,5,common_starter,2,4287.9170469423525,2143.9585234711762,ad75f8d0dd3dc181508e86c02c71f1850dd7cfbff4f46bfbbac935f039b17f1a,4aaaba1310672062997ec43760e3413004a3425f7c36d7ddf2cbc8991e281d2b,9b7e7be77548d903e6252ea04532cca6509f57110991ac8dd8d54c2ee55e0b3a,4293,3401,881,11,-509.94181468416326,2697.1584153389385,True,1.3011147936836664e-08,34343.257293575887,9.9999999999999995e-07,48,
calibration,functional,220,5,gaussian_starter,2,4287.9170469423525,2143.9585234711762,ad75f8d0dd3dc181508e86c02c71f1850dd7cfbff4f46bfbbac935f039b17f1a,4aaaba1310672062997ec43760e3413004a3425f7c36d7ddf2cbc8991e281d2b,9b7e7be77548d903e6252ea04532cca6509f57110991ac8dd8d54c2ee55e0b3a,4293,3401,881,11,-411.36717798603269,2123.5606668434639,True,1.3209720872708886e-08,34343.825360733259,9.9999999999999995e-07,48,
calibration,functional,220,5,morph_starter,2,4287.9170469423525,2143.9585234711762,ad75f8d0dd3dc181508e86c02c71f1850dd7cfbff4f46bfbbac935f039b17f1a,4aaaba1310672062997ec43760e3413004a3425f7c36d7ddf2cbc8991e281d2b,9b7e7be77548d903e6252ea04532cca6509f57110991ac8dd8d54c2ee55e0b3a,4293,3401,881,11,-802.70239533423728,2926.2767508777056,True,1.479389399872133e-08,34343.841644950931,9.9999999999999995e-07,48,
calibration,functional,220,5,direct_starter,2,4287.9170469423525,2143.9585234711762,ad75f8d0dd3dc181508e86c02c71f1850dd7cfbff4f46bfbbac935f039b17f1a,4aaaba1310672062997ec43760e3413004a3425f7c36d7ddf2cbc8991e281d2b,9b7e7be77548d903e6252ea04532cca6509f57110991ac8dd8d54c2ee55e0b3a,4293,3401,881,11,-696.87608867319705,2874.5556342115328,True,1.4148905824740154e-08,34343.455054700935,9.9999999999999995e-07,48,
calibration,functional,220,5,gaussian_baseline,3,6431.8755704135292,2143.9585234711762,ad75f8d0dd3dc181508e86c02c71f1850dd7cfbff4f46bfbbac935f039b17f1a,2b8cf95a1db1e147546bec0d1f208f18724125b96016f37434904aef494eaa53,358804a56e6ac8c7b37a70cb87671237cc21071a664728babe1bd82132e49c01,6512,4980,1518,14,1110.3703354081524,2105.8381208554556,True,1.1528777932312551e-11,34354.951996588665,9.9999999999999995e-07,41,
calibration,functional,220,5,common_starter,3,6431.8755704135292,2143.9585234711762,ad75f8d0dd3dc181508e86c02c71f1850dd7cfbff4f46bfbbac935f039b17f1a,2b8cf95a1db1e147546bec0d1f208f18724125b96016f37434904aef494eaa53,358804a56e6ac8c7b37a70cb87671237cc21071a664728babe1bd82132e49c01,6512,5180,1318,14,1413.9880026815097,2698.4255716216476,True,5.4491577916593315e-10,34356.269636519239,9.9999999999999995e-07,48,
calibration,functional,220,5,gaussian_starter,3,6431.8755704135292,2143.9585234711762,ad75f8d0dd3dc181508e86c02c71f1850dd7cfbff4f46bfbbac935f039b17f1a,2b8cf95a1db1e147546bec0d1f208f18724125b96016f37434904aef494eaa53,358804a56e6ac8c7b37a70cb87671237cc21071a664728babe1bd82132e49c01,6512,5180,1318,14,1082.3088248495519,2124.4312221762007,True,5.336837638481029e-10,34355.199514572552,9.9999999999999995e-07,48,
calibration,functional,220,5,morph_starter,3,6431.8755704135292,2143.9585234711762,ad75f8d0dd3dc181508e86c02c71f1850dd7cfbff4f46bfbbac935f039b17f1a,2b8cf95a1db1e147546bec0d1f208f18724125b96016f37434904aef494eaa53,358804a56e6ac8c7b37a70cb87671237cc21071a664728babe1bd82132e49c01,6512,5180,1318,14,1268.1216120110823,2927.5701312461083,True,5.7602589365046697e-10,34358.915717260395,9.9999999999999995e-07,48,
calibration,functional,220,5,direct_starter,3,6431.8755704135292,2143.9585234711762,ad75f8d0dd3dc181508e86c02c71f1850dd7cfbff4f46bfbbac935f039b17f1a,2b8cf95a1db1e147546bec0d1f208f18724125b96016f37434904aef494eaa53,358804a56e6ac8c7b37a70cb87671237cc21071a664728babe1bd82132e49c01,6512,5180,1318,14,1341.4878006776494,2875.8430194584121,True,5.5663329501243197e-10,34358.425509466178,9.9999999999999995e-07,48,
calibration,functional,220,5,gaussian_baseline,4,8575.834093884705,2143.9585234711762,ad75f8d0dd3dc181508e86c02c71f1850dd7cfbff4f46bfbbac935f039b17f1a,d855e34362c6ee6fa8919805fe9908dcf0d1a3a9740897375bd9c5aa3e7ba5f9,a0995565fe9425b4671e560f592b564f4e0b9125cdaf4191828eba778046a887,8738,6689,2030,19,2643.0675045950925,2106.7128121440014,True,2.3350843481040329e-09,34366.237231959829,9.9999999999999995e-07,41,
calibration,functional,220,5,common_starter,4,8575.834093884705,2143.9585234711762,ad75f8d0dd3dc181508e86c02c71f1850dd7cfbff4f46bfbbac935f039b17f1a,d855e34362c6ee6fa8919805fe9908dcf0d1a3a9740897375bd9c5aa3e7ba5f9,a0995565fe9425b4671e560f592b564f4e0b9125cdaf4191828eba778046a887,8738,6960,1759,19,3399.3964750124046,2699.7079079138171,True,7.2185091237741972e-10,34369.181502071246,9.9999999999999995e-07,48,
calibration,functional,220,5,gaussian_starter,4,8575.834093884705,2143.9585234711762,ad75f8d0dd3dc181508e86c02c71f1850dd7cfbff4f46bfbbac935f039b17f1a,d855e34362c6ee6fa8919805fe9908dcf0d1a3a9740897375bd9c5aa3e7ba5f9,a0995565fe9425b4671e560f592b564f4e0b9125cdaf4191828eba778046a887,8738,6960,1759,19,2630.6924958303148,2125.3048432140909,True,4.6077064386196298e-10,34366.360763970137,9.9999999999999995e-07,48,
calibration,functional,220,5,morph_starter,4,8575.834093884705,2143.9585234711762,ad75f8d0dd3dc181508e86c02c71f1850dd7cfbff4f46bfbbac935f039b17f1a,d855e34362c6ee6fa8919805fe9908dcf0d1a3a9740897375bd9c5aa3e7ba5f9,a0995565fe9425b4671e560f592b564f4e0b9125cdaf4191828eba778046a887,8738,6960,1759,19,3402.4734743565068,2928.8726107262719,True,4.1081460455671959e-10,34373.967019754127,9.9999999999999995e-07,48,
calibration,functional,220,5,direct_starter,4,8575.834093884705,2143.9585234711762,ad75f8d0dd3dc181508e86c02c71f1850dd7cfbff4f46bfbbac935f039b17f1a,d855e34362c6ee6fa8919805fe9908dcf0d1a3a9740897375bd9c5aa3e7ba5f9,a0995565fe9425b4671e560f592b564f4e0b9125cdaf4191828eba778046a887,8738,6960,1759,19,3443.0019466010995,2877.140131594821,True,4.9125092882462695e-10,34373.367178344932,9.9999999999999995e-07,48,
calibration,functional,220,5,gaussian_baseline,5,10719.792617355881,2143.9585234711762,ad75f8d0dd3dc181508e86c02c71f1850dd7cfbff4f46bfbbac935f039b17f1a,2d2286b37b1c3f8badc1a7db70c0f73cf7509286ab49b24a84d617fd13d626bf,0d74193187a9e0097cd39c6cac7e5594a82a65fffcbc6302d41f44d32af4415c,10958,8404,2528,26,4058.6652468459679,2107.5623558361535,True,3.2516141335037219e-08,34378.747687443407,9.9999999999999995e-07,41,
calibration,functional,220,5,common_starter,5,10719.792617355881,2143.9585234711762,ad75f8d0dd3dc181508e86c02c71f1850dd7cfbff4f46bfbbac935f039b17f1a,2d2286b37b1c3f8badc1a7db70c0f73cf7509286ab49b24a84d617fd13d626bf,0d74193187a9e0097cd39c6cac7e5594a82a65fffcbc6302d41f44d32af4415c,10958,8738,2194,26,5218.9831119992414,2700.9529594817659,True,1.8538059531891804e-08,34383.277119705395,9.9999999999999995e-07,48,
calibration,functional,220,5,gaussian_starter,5,10719.792617355881,2143.9585234711762,ad75f8d0dd3dc181508e86c02c71f1850dd7cfbff4f46bfbbac935f039b17f1a,2d2286b37b1c3f8badc1a7db70c0f73cf7509286ab49b24a84d617fd13d626bf,0d74193187a9e0097cd39c6cac7e5594a82a65fffcbc6302d41f44d32af4415c,10958,8738,2194,26,4059.3387802691309,2126.1634778104949,True,1.4209839860335194e-08,34378.76941769429,9.9999999999999995e-07,48,
calibration,functional,220,5,morph_starter,5,10719.792617355881,2143.9585234711762,ad75f8d0dd3dc181508e86c02c71f1850dd7cfbff4f46bfbbac935f039b17f1a,2d2286b37b1c3f8badc1a7db70c0f73cf7509286ab49b24a84d617fd13d626bf,0d74193187a9e0097cd39c6cac7e5594a82a65fffcbc6302d41f44d32af4415c,10958,8738,2194,26,5373.3762501057408,2930.1473877666285,True,1.3717700753090867e-08,34389.95737278062,9.9999999999999995e-07,48,
calibration,functional,220,5,direct_starter,5,10719.792617355881,2143.9585234711762,ad75f8d0dd3dc181508e86c02c71f1850dd7cfbff4f46bfbbac935f039b17f1a,2d2286b37b1c3f8badc1a7db70c0f73cf7509286ab49b24a84d617fd13d626bf,0d74193187a9e0097cd39c6cac7e5594a82a65fffcbc6302d41f44d32af4415c,10958,8738,2194,26,5381.3917744955088,2878.4091146770193,True,1.4996658026511511e-08,34389.266335900451,9.9999999999999995e-07,48,
calibration,functional,220,5,gaussian_baseline,6,12863.751140827058,2143.9585234711762,ad75f8d0dd3dc181508e86c02c71f1850dd7cfbff4f46bfbbac935f039b17f1a,d68d3d56b4d0ad8c15233eba60134bc839424febf6e832ff300ef1039a06abe6,7c3cbaf3d683cb91b17faa0a7bd96b0c3a31dcbfda0c0a375a5faf28afe59e68,13129,10068,3031,30,5537.9362645329511,2108.3761655582061,True,1.5862827240642474e-07,34389.687795995917,9.9999999999999995e-07,41,
calibration,functional,220,5,common_starter,6,12863.751140827058,2143.9585234711762,ad75f8d0dd3dc181508e86c02c71f1850dd7cfbff4f46bfbbac935f039b17f1a,d68d3d56b4d0ad8c15233eba60134bc839424febf6e832ff300ef1039a06abe6,7c3cbaf3d683cb91b17faa0a7bd96b0c3a31dcbfda0c0a375a5faf28afe59e68,13129,10471,2628,30,7156.8740414730873,2702.1518751804979,True,1.2281975758643426e-07,34395.659378088603,9.9999999999999995e-07,48,
calibration,functional,220,5,gaussian_starter,6,12863.751140827058,2143.9585234711762,ad75f8d0dd3dc181508e86c02c71f1850dd7cfbff4f46bfbbac935f039b17f1a,d68d3d56b4d0ad8c15233eba60134bc839424febf6e832ff300ef1039a06abe6,7c3cbaf3d683cb91b17faa0a7bd96b0c3a31dcbfda0c0a375a5faf28afe59e68,13129,10471,2628,30,5553.65576684795,2126.9769451570924,True,9.9865849367830606e-08,34389.590837576005,9.9999999999999995e-07,48,
calibration,functional,220,5,morph_starter,6,12863.751140827058,2143.9585234711762,ad75f8d0dd3dc181508e86c02c71f1850dd7cfbff4f46bfbbac935f039b17f1a,d68d3d56b4d0ad8c15233eba60134bc839424febf6e832ff300ef1039a06abe6,7c3cbaf3d683cb91b17faa0a7bd96b0c3a31dcbfda0c0a375a5faf28afe59e68,13129,10471,2628,30,7459.3360862713189,2931.3657423183336,True,9.8824876504366443e-08,34404.415913272947,9.9999999999999995e-07,48,
calibration,functional,220,5,direct_starter,6,12863.751140827058,2143.9585234711762,ad75f8d0dd3dc181508e86c02c71f1850dd7cfbff4f46bfbbac935f039b17f1a,d68d3d56b4d0ad8c15233eba60134bc839424febf6e832ff300ef1039a06abe6,7c3cbaf3d683cb91b17faa0a7bd96b0c3a31dcbfda0c0a375a5faf28afe59e68,13129,10471,2628,30,7435.1899774565445,2879.6231063204064,True,1.0503743708145663e-07,34403.618046170886,9.9999999999999995e-07,48,
calibration,functional,220,5,gaussian_baseline,8,17151.66818776941,2143.9585234711762,ad75f8d0dd3dc181508e86c02c71f1850dd7cfbff4f46bfbbac935f039b17f1a,f9cb86fce6a37ad12734cd393fb52e3c2843e51ed156ba151b0ff6e33c6c3b25,6943b93d346ced3c3d9f981f9a26bdc490223e93184ac4f1c75d088eaf6e7d0e,17325,13347,3941,37,8397.2803552319001,2109.9918679574066,True,1.5876189252139739e-14,34410.998135809386,9.9999999999999995e-07,41,
calibration,functional,220,5,common_starter,8,17151.66818776941,2143.9585234711762,ad75f8d0dd3dc181508e86c02c71f1850dd7cfbff4f46bfbbac935f039b17f1a,f9cb86fce6a37ad12734cd393fb52e3c2843e51ed156ba151b0ff6e33c6c3b25,6943b93d346ced3c3d9f981f9a26bdc490223e93184ac4f1c75d088eaf6e7d0e,17325,13877,3411,37,10856.906545282489,2704.5282399699122,True,1.609823385706477e-14,34420.025067885341,9.9999999999999995e-07,48,
calibration,functional,220,5,gaussian_starter,8,17151.66818776941,2143.9585234711762,ad75f8d0dd3dc181508e86c02c71f1850dd7cfbff4f46bfbbac935f039b17f1a,f9cb86fce6a37ad12734cd393fb52e3c2843e51ed156ba151b0ff6e33c6c3b25,6943b93d346ced3c3d9f981f9a26bdc490223e93184ac4f1c75d088eaf6e7d0e,17325,13877,3411,37,8439.7222916698192,2128.596980099227,True,5.1736392947532295e-14,34410.692199998506,9.9999999999999995e-07,48,
calibration,functional,220,5,morph_starter,8,17151.66818776941,2143.9585234711762,ad75f8d0dd3dc181508e86c02c71f1850dd7cfbff4f46bfbbac935f039b17f1a,f9cb86fce6a37ad12734cd393fb52e3c2843e51ed156ba151b0ff6e33c6c3b25,6943b93d346ced3c3d9f981f9a26bdc490223e93184ac4f1c75d088eaf6e7d0e,17325,13877,3411,37,11450.488896608029,2933.7804018033708,True,2.7977620220553945e-14,34432.708521982604,9.9999999999999995e-07,48,
calibration,functional,220,5,direct_starter,8,17151.66818776941,2143.9585234711762,ad75f8d0dd3dc181508e86c02c71f1850dd7cfbff4f46bfbbac935f039b17f1a,f9cb86fce6a37ad12734cd393fb52e3c2843e51ed156ba151b0ff6e33c6c3b25,6943b93d346ced3c3d9f981f9a26bdc490223e93184ac4f1c75d088eaf6e7d0e,17325,13877,3411,37,11362.15017049416,2882.0292800657689,True,1.6653345369377348e-14,34431.718401868369,9.9999999999999995e-07,48,
calibration,functional,220,5,gaussian_baseline,10,21439.585234711762,2143.9585234711762,ad75f8d0dd3dc181508e86c02c71f1850dd7cfbff4f46bfbbac935f039b17f1a,a93c9a05e9fa68ce9dfa6a38cf85bf991fa2aecfd4a86b7ee2e22ebc35315c50,ab4e57a6a2a633e8c56305fa6c82a4b825d9e5ece21e6691449c019edd8599af,21597,16629,4923,45,11127.331320914825,2111.6235258208631,True,1.0880185641326534e-14,34434.321781617509,9.9999999999999995e-07,41,
calibration,functional,220,5,common_starter,10,21439.585234711762,2143.9585234711762,ad75f8d0dd3dc181508e86c02c71f1850dd7cfbff4f46bfbbac935f039b17f1a,a93c9a05e9fa68ce9dfa6a38cf85bf991fa2aecfd4a86b7ee2e22ebc35315c50,ab4e57a6a2a633e8c56305fa6c82a4b825d9e5ece21e6691449c019edd8599af,21597,17288,4264,45,14385.669548591135,2706.9158343754634,True,7.7493567118835927e-14,34446.288488561127,9.9999999999999995e-07,48,
calibration,functional,220,5,gaussian_starter,10,21439.585234711762,2143.9585234711762,ad75f8d0dd3dc181508e86c02c71f1850dd7cfbff4f46bfbbac935f039b17f1a,a93c9a05e9fa68ce9dfa6a38cf85bf991fa2aecfd4a86b7ee2e22ebc35315c50,ab4e57a6a2a633e8c56305fa6c82a4b825d9e5ece21e6691449c019edd8599af,21597,17288,4264,45,11195.232299904583,2130.2443068303132,True,1.7263968032921184e-14,34433.817151577801,9.9999999999999995e-07,48,
calibration,functional,220,5,morph_starter,10,21439.585234711762,2143.9585234711762,ad75f8d0dd3dc181508e86c02c71f1850dd7cfbff4f46bfbbac935f039b17f1a,a93c9a05e9fa68ce9dfa6a38cf85bf991fa2aecfd4a86b7ee2e22ebc35315c50,ab4e57a6a2a633e8c56305fa6c82a4b825d9e5ece21e6691449c019edd8599af,21597,17288,4264,45,15262.354234663861,2936.2233489328596,True,1.0480505352461478e-13,34462.692844354096,9.9999999999999995e-07,48,
calibration,functional,220,5,direct_starter,10,21439.585234711762,2143.9585234711762,ad75f8d0dd3dc181508e86c02c71f1850dd7cfbff4f46bfbbac935f039b17f1a,a93c9a05e9fa68ce9dfa6a38cf85bf991fa2aecfd4a86b7ee2e22ebc35315c50,ab4e57a6a2a633e8c56305fa6c82a4b825d9e5ece21e6691449c019edd8599af,21597,17288,4264,45,15112.027071303546,2884.4592176387396,True,1.5265566588595902e-14,34461.52225281662,9.9999999999999995e-07,48,
calibration,functional,220,5,gaussian_baseline,12,25727.502281654117,2143.9585234711762,ad75f8d0dd3dc181508e86c02c71f1850dd7cfbff4f46bfbbac935f039b17f1a,df572786795d594107eb7a165a05420c2ba95f926c9b88dc961ae1b45471212a,f12c2c97dce784a5d44c72f8f5411f794b8f00f7959001074d0710d7eee81ca3,25838,19849,5937,52,13920.868154533462,2113.2809738329429,True,7.1942451995710144e-14,34457.156344705494,9.9999999999999995e-07,41,
calibration,functional,220,5,common_starter,12,25727.502281654117,2143.9585234711762,ad75f8d0dd3dc181508e86c02c71f1850dd7cfbff4f46bfbbac935f039b17f1a,df572786795d594107eb7a165a05420c2ba95f926c9b88dc961ae1b45471212a,f12c2c97dce784a5d44c72f8f5411f794b8f00f7959001074d0710d7eee81ca3,25838,20655,5131,52,18018.053444629826,2709.3307461456234,True,1.0325074129013956e-13,34472.004549466794,9.9999999999999995e-07,48,
calibration,functional,220,5,gaussian_starter,12,25727.502281654117,2143.9585234711762,ad75f8d0dd3dc181508e86c02c71f1850dd7cfbff4f46bfbbac935f039b17f1a,df572786795d594107eb7a165a05420c2ba95f926c9b88dc961ae1b45471212a,f12c2c97dce784a5d44c72f8f5411f794b8f00f7959001074d0710d7eee81ca3,25838,20655,5131,52,14017.627515104628,2131.9029911473858,True,8.2156503822261584e-14,34456.424459793248,9.9999999999999995e-07,48,
calibration,functional,220,5,morph_starter,12,25727.502281654117,2143.9585234711762,ad75f8d0dd3dc181508e86c02c71f1850dd7cfbff4f46bfbbac935f039b17f1a,df572786795d594107eb7a165a05420c2ba95f926c9b88dc961ae1b45471212a,f12c2c97dce784a5d44c72f8f5411f794b8f00f7959001074d0710d7eee81ca3,25838,20655,5131,52,19163.828939861232,2938.6866040132236,True,8.5265128291212022e-14,34492.338483129592,9.9999999999999995e-07,48,
calibration,functional,220,5,direct_starter,12,25727.502281654117,2143.9585234711762,ad75f8d0dd3dc181508e86c02c71f1850dd7cfbff4f46bfbbac935f039b17f1a,df572786795d594107eb7a165a05420c2ba95f926c9b88dc961ae1b45471212a,f12c2c97dce784a5d44c72f8f5411f794b8f00f7959001074d0710d7eee81ca3,25838,20655,5131,52,18952.547376046419,2886.9108788854978,True,1.4743761767022079e-13,34490.971778715633,9.9999999999999995e-07,48,
calibration,functional,220,5,gaussian_baseline,16,34303.33637553882,2143.9585234711762,ad75f8d0dd3dc181508e86c02c71f1850dd7cfbff4f46bfbbac935f039b17f1a,bd6fae09d1ac2a6a294b784a61e3e4cdf6c05ad8168f463a01ff4b97de1c82de,44f3ba98536b08b28cd382264b1225d332e73034854dfff6abffb85429405c5d,34370,26366,7936,68,19568.655553006614,2116.564290739454,True,1.3291590050812374e-12,34501.988654597561,9.9999999999999995e-07,41,
calibration,functional,220,5,common_starter,16,34303.33637553882,2143.9585234711762,ad75f8d0dd3dc181508e86c02c71f1850dd7cfbff4f46bfbbac935f039b17f1a,bd6fae09d1ac2a6a294b784a61e3e4cdf6c05ad8168f463a01ff4b97de1c82de,44f3ba98536b08b28cd382264b1225d332e73034854dfff6abffb85429405c5d,34370,27432,6870,68,25361.888119394709,2714.1593294781578,True,1.7332801860447944e-12,34522.658186068264,9.9999999999999995e-07,48,
calibration,functional,220,5,gaussian_starter,16,34303.33637553882,2143.9585234711762,ad75f8d0dd3dc181508e86c02c71f1850dd7cfbff4f46bfbbac935f039b17f1a,bd6fae09d1ac2a6a294b784a61e3e4cdf6c05ad8168f463a01ff4b97de1c82de,44f3ba98536b08b28cd382264b1225d332e73034854dfff6abffb85429405c5d,34370,27432,6870,68,19718.707748015317,2135.2162902025825,True,1.2245759961615477e-12,34500.840863134763,9.9999999999999995e-07,48,
calibration,functional,220,5,morph_starter,16,34303.33637553882,2143.9585234711762,ad75f8d0dd3dc181508e86c02c71f1850dd7cfbff4f46bfbbac935f039b17f1a,bd6fae09d1ac2a6a294b784a61e3e4cdf6c05ad8168f463a01ff4b97de1c82de,44f3ba98536b08b28cd382264b1225d332e73034854dfff6abffb85429405c5d,34370,27432,6870,68,27057.1448654663,2943.609305161734,True,1.3749001936957939e-12,34550.912718612082,9.9999999999999995e-07,48,
calibration,functional,220,5,direct_starter,16,34303.33637553882,2143.9585234711762,ad75f8d0dd3dc181508e86c02c71f1850dd7cfbff4f46bfbbac935f039b17f1a,bd6fae09d1ac2a6a294b784a61e3e4cdf6c05ad8168f463a01ff4b97de1c82de,44f3ba98536b08b28cd382264b1225d332e73034854dfff6abffb85429405c5d,34370,27432,6870,68,26720.383162557635,2891.8115654966168,True,1.3706813462022183e-12,34549.159069084744,9.9999999999999995e-07,48,
calibration,functional,220,6,gaussian_baseline,0,0,2143.9585234711762,9743967e5a6d27483b3c9d579d6e61e5fd089b9a4bcb05fd2a08757bfe908fcb,d3bb56f8ed6d718b0d014fd9eec6c619f30907068e2667d838febcc69349baac,9743967e5a6d27483b3c9d579d6e61e5fd089b9a4bcb05fd2a08757bfe908fcb,0,0,0,0,3438.3413445927431,2102.1836047220372,True,9.5475111150378211e-09,34254.049706892169,9.9999999999999995e-07,41,
calibration,functional,220,6,common_starter,0,0,2143.9585234711762,9743967e5a6d27483b3c9d579d6e61e5fd089b9a4bcb05fd2a08757bfe908fcb,d3bb56f8ed6d718b0d014fd9eec6c619f30907068e2667d838febcc69349baac,9743967e5a6d27483b3c9d579d6e61e5fd089b9a4bcb05fd2a08757bfe908fcb,0,0,0,0,3888.8347999418393,2693.1084643328327,True,2.2567895108238645e-08,34261.0132910541,9.9999999999999995e-07,48,
calibration,functional,220,6,gaussian_starter,0,0,2143.9585234711762,9743967e5a6d27483b3c9d579d6e61e5fd089b9a4bcb05fd2a08757bfe908fcb,d3bb56f8ed6d718b0d014fd9eec6c619f30907068e2667d838febcc69349baac,9743967e5a6d27483b3c9d579d6e61e5fd089b9a4bcb05fd2a08757bfe908fcb,0,0,0,0,3539.2990816700521,2119.981261879027,True,2.7777829092467954e-08,34253.203363808643,9.9999999999999995e-07,48,
calibration,functional,220,6,morph_starter,0,0,2143.9585234711762,9743967e5a6d27483b3c9d579d6e61e5fd089b9a4bcb05fd2a08757bfe908fcb,d3bb56f8ed6d718b0d014fd9eec6c619f30907068e2667d838febcc69349baac,9743967e5a6d27483b3c9d579d6e61e5fd089b9a4bcb05fd2a08757bfe908fcb,0,0,0,0,4080.0066881137709,2921.3512588472781,True,1.9272057338870496e-08,34265.652939870502,9.9999999999999995e-07,48,
calibration,functional,220,6,direct_starter,0,0,2143.9585234711762,9743967e5a6d27483b3c9d579d6e61e5fd089b9a4bcb05fd2a08757bfe908fcb,d3bb56f8ed6d718b0d014fd9eec6c619f30907068e2667d838febcc69349baac,9743967e5a6d27483b3c9d579d6e61e5fd089b9a4bcb05fd2a08757bfe908fcb,0,0,0,0,4017.5746445416862,2869.8329819721735,True,1.9695299724453719e-08,34265.441761101865,9.9999999999999995e-07,48,
calibration,functional,220,6,gaussian_baseline,0.5,1071.9792617355881,2143.9585234711762,9743967e5a6d27483b3c9d579d6e61e5fd089b9a4bcb05fd2a08757bfe908fcb,97fab131ffded613b173e152356186937a3731a3bfd2436face2faa07caba646,55fb1a9b8780333e2adb901ce15ef8b1e0f166195d71abe2a897b8f893c4863b,1065,820,241,4,4160.3690425862978,2102.5948682827507,True,2.8862399359397273e-08,34259.680726909908,9.9999999999999995e-07,41,
calibration,functional,220,6,common_starter,0.5,1071.9792617355881,2143.9585234711762,9743967e5a6d27483b3c9d579d6e61e5fd089b9a4bcb05fd2a08757bfe908fcb,97fab131ffded613b173e152356186937a3731a3bfd2436face2faa07caba646,55fb1a9b8780333e2adb901ce15ef8b1e0f166195d71abe2a897b8f893c4863b,1065,852,209,4,4838.3005575253837,2693.7153803822202,True,6.0849432326204322e-08,34267.327330507942,9.9999999999999995e-07,48,
calibration,functional,220,6,gaussian_starter,0.5,1071.9792617355881,2143.9585234711762,9743967e5a6d27483b3c9d579d6e61e5fd089b9a4bcb05fd2a08757bfe908fcb,97fab131ffded613b173e152356186937a3731a3bfd2436face2faa07caba646,55fb1a9b8780333e2adb901ce15ef8b1e0f166195d71abe2a897b8f893c4863b,1065,852,209,4,4268.3447653888452,2120.3963563191069,True,6.9608705022261574e-08,34258.779562351257,9.9999999999999995e-07,48,
calibration,functional,220,6,morph_starter,0.5,1071.9792617355881,2143.9585234711762,9743967e5a6d27483b3c9d579d6e61e5fd089b9a4bcb05fd2a08757bfe908fcb,97fab131ffded613b173e152356186937a3731a3bfd2436face2faa07caba646,55fb1a9b8780333e2adb901ce15ef8b1e0f166195d71abe2a897b8f893c4863b,1065,852,209,4,5099.2777941145305,2921.9700297564204,True,5.2787931525966059e-08,34272.99672807748,9.9999999999999995e-07,48,
calibration,functional,220,6,direct_starter,0.5,1071.9792617355881,2143.9585234711762,9743967e5a6d27483b3c9d579d6e61e5fd089b9a4bcb05fd2a08757bfe908fcb,97fab131ffded613b173e152356186937a3731a3bfd2436face2faa07caba646,55fb1a9b8780333e2adb901ce15ef8b1e0f166195d71abe2a897b8f893c4863b,1065,852,209,4,5021.7771560714154,2870.4492772136118,True,5.3911816288998438e-08,34272.730378749693,9.9999999999999995e-07,48,
calibration,functional,220,6,gaussian_baseline,1,2143.9585234711762,2143.9585234711762,9743967e5a6d27483b3c9d579d6e61e5fd089b9a4bcb05fd2a08757bfe908fcb,3eabd422425d60dceb1353429e25ee21b474e51086f4ff9216b27010196cbd5e,7e7771a4f2b6f0cfd0c9b39dfe12907e87a9e478126e76e679eca67aee852c9f,2180,1693,481,6,4932.9835102714815,2103.0133585558174,True,7.3660300192734951e-08,34265.142893872064,9.9999999999999995e-07,41,
calibration,functional,220,6,common_starter,1,2143.9585234711762,2143.9585234711762,9743967e5a6d27483b3c9d579d6e61e5fd089b9a4bcb05fd2a08757bfe908fcb,3eabd422425d60dceb1353429e25ee21b474e51086f4ff9216b27010196cbd5e,7e7771a4f2b6f0cfd0c9b39dfe12907e87a9e478126e76e679eca67aee852c9f,2180,1765,409,6,5859.9480011153228,2694.3243336016772,True,1.4659683778006638e-07,34273.487177679242,9.9999999999999995e-08,36,
calibration,functional,220,6,gaussian_starter,1,2143.9585234711762,2143.9585234711762,9743967e5a6d27483b3c9d579d6e61e5fd089b9a4bcb05fd2a08757bfe908fcb,3eabd422425d60dceb1353429e25ee21b474e51086f4ff9216b27010196cbd5e,7e7771a4f2b6f0cfd0c9b39dfe12907e87a9e478126e76e679eca67aee852c9f,2180,1765,409,6,5048.760901537119,2120.8069282619067,True,1.5917659568209785e-07,34264.180638680395,9.9999999999999995e-08,36,
calibration,functional,220,6,morph_starter,1,2143.9585234711762,2143.9585234711762,9743967e5a6d27483b3c9d579d6e61e5fd089b9a4bcb05fd2a08757bfe908fcb,3eabd422425d60dceb1353429e25ee21b474e51086f4ff9216b27010196cbd5e,7e7771a4f2b6f0cfd0c9b39dfe12907e87a9e478126e76e679eca67aee852c9f,2180,1765,409,6,6197.5570334893555,2922.5855140901954,True,1.2877682009637681e-07,34280.257871025155,9.9999999999999995e-08,36,
calibration,functional,220,6,direct_starter,1,2143.9585234711762,2143.9585234711762,9743967e5a6d27483b3c9d579d6e61e5fd089b9a4bcb05fd2a08757bfe908fcb,3eabd422425d60dceb1353429e25ee21b474e51086f4ff9216b27010196cbd5e,7e7771a4f2b6f0cfd0c9b39dfe12907e87a9e478126e76e679eca67aee852c9f,2180,1765,409,6,6104.6414531851415,2871.0629832474742,True,1.3146477173542337e-07,34279.928312682154,9.9999999999999995e-08,36,
calibration,functional,220,6,gaussian_baseline,2,4287.9170469423525,2143.9585234711762,9743967e5a6d27483b3c9d579d6e61e5fd089b9a4bcb05fd2a08757bfe908fcb,79993d3956d1759e2c67239e28949b03a8181098b1c2e9f97640e61b06bd7d9b,4494a147de04842581a49ad9701a028956bf7e0476e6ce8381734e9b532e5b4f,4407,3399,996,12,6430.9452943005626,2103.8660235469092,True,3.2529534621517087e-14,34276.763633153358,9.9999999999999995e-07,41,
calibration,functional,220,6,common_starter,2,4287.9170469423525,2143.9585234711762,9743967e5a6d27483b3c9d579d6e61e5fd089b9a4bcb05fd2a08757bfe908fcb,79993d3956d1759e2c67239e28949b03a8181098b1c2e9f97640e61b06bd7d9b,4494a147de04842581a49ad9701a028956bf7e0476e6ce8381734e9b532e5b4f,4407,3527,868,12,7815.8507630753356,2695.5881002187816,True,2.2704060853584451e-14,34286.606215466803,9.9999999999999995e-07,48,
calibration,functional,220,6,gaussian_starter,2,4287.9170469423525,2143.9585234711762,9743967e5a6d27483b3c9d579d6e61e5fd089b9a4bcb05fd2a08757bfe908fcb,79993d3956d1759e2c67239e28949b03a8181098b1c2e9f97640e61b06bd7d9b,4494a147de04842581a49ad9701a028956bf7e0476e6ce8381734e9b532e5b4f,4407,3527,868,12,6559.9341587801064,2121.6734467807678,True,3.5638159090467525e-14,34275.699369127229,9.9999999999999995e-07,48,
calibration,functional,220,6,morph_starter,2,4287.9170469423525,2143.9585234711762,9743967e5a6d27483b3c9d579d6e61e5fd089b9a4bcb05fd2a08757bfe908fcb,79993d3956d1759e2c67239e28949b03a8181098b1c2e9f97640e61b06bd7d9b,4494a147de04842581a49ad9701a028956bf7e0476e6ce8381734e9b532e5b4f,4407,3527,868,12,8299.2707389918687,2923.8730734577512,True,1.4002687898084787e-14,34295.489240495277,9.9999999999999995e-07,48,
calibration,functional,220,6,direct_starter,2,4287.9170469423525,2143.9585234711762,9743967e5a6d27483b3c9d579d6e61e5fd089b9a4bcb05fd2a08757bfe908fcb,79993d3956d1759e2c67239e28949b03a8181098b1c2e9f97640e61b06bd7d9b,4494a147de04842581a49ad9701a028956bf7e0476e6ce8381734e9b532e5b4f,4407,3527,868,12,8174.1034932896473,2872.3446736945566,True,3.079481114554028e-14,34295.051330365495,9.9999999999999995e-07,48,
calibration,functional,220,6,gaussian_baseline,3,6431.8755704135292,2143.9585234711762,9743967e5a6d27483b3c9d579d6e61e5fd089b9a4bcb05fd2a08757bfe908fcb,6310ef9c6ba25c4e9ef913ad0dcc3223636cb4e1a42958b670bda105cac500ba,c66824df68d7977e5e464b632adc8fc3aae0d757b81fbc89a67cb1425c2ffe55,6508,5012,1481,15,7826.1412327565158,2104.6833851340216,True,3.1641356201816961e-14,34288.074864319176,9.9999999999999995e-07,41,
calibration,functional,220,6,common_starter,3,6431.8755704135292,2143.9585234711762,9743967e5a6d27483b3c9d579d6e61e5fd089b9a4bcb05fd2a08757bfe908fcb,6310ef9c6ba25c4e9ef913ad0dcc3223636cb4e1a42958b670bda105cac500ba,c66824df68d7977e5e464b632adc8fc3aae0d757b81fbc89a67cb1425c2ffe55,6508,5208,1285,15,9615.1640419842151,2696.7764435657282,True,3.7081449022480228e-14,34299.443944259954,9.9999999999999995e-07,48,
calibration,functional,220,6,gaussian_starter,3,6431.8755704135292,2143.9585234711762,9743967e5a6d27483b3c9d579d6e61e5fd089b9a4bcb05fd2a08757bfe908fcb,6310ef9c6ba25c4e9ef913ad0dcc3223636cb4e1a42958b670bda105cac500ba,c66824df68d7977e5e464b632adc8fc3aae0d757b81fbc89a67cb1425c2ffe55,6508,5208,1285,15,7969.2110987867864,2122.4917956733398,True,5.9507954119908391e-14,34286.900135889657,9.9999999999999995e-07,48,
calibration,functional,220,6,morph_starter,3,6431.8755704135292,2143.9585234711762,9743967e5a6d27483b3c9d579d6e61e5fd089b9a4bcb05fd2a08757bfe908fcb,6310ef9c6ba25c4e9ef913ad0dcc3223636cb4e1a42958b670bda105cac500ba,c66824df68d7977e5e464b632adc8fc3aae0d757b81fbc89a67cb1425c2ffe55,6508,5208,1285,15,10242.502062238735,2925.0853850208946,True,1.7562340470789195e-14,34310.226674784833,9.9999999999999995e-07,48,
calibration,functional,220,6,direct_starter,3,6431.8755704135292,2143.9585234711762,9743967e5a6d27483b3c9d579d6e61e5fd089b9a4bcb05fd2a08757bfe908fcb,6310ef9c6ba25c4e9ef913ad0dcc3223636cb4e1a42958b670bda105cac500ba,c66824df68d7977e5e464b632adc8fc3aae0d757b81fbc89a67cb1425c2ffe55,6508,5208,1285,15,10085.702188048197,2873.5510563583834,True,1.0791367799356522e-13,34309.6968752268,9.9999999999999995e-07,48,
calibration,functional,220,6,gaussian_baseline,4,8575.834093884705,2143.9585234711762,9743967e5a6d27483b3c9d579d6e61e5fd089b9a4bcb05fd2a08757bfe908fcb,92e71cc7546b9ce1b451035269b6f9f4d6ad07a56aef8a58e7b46a419080f859,5ec0ee1f01067a5f1d89f8fd6a3ac73cf7b865df92eefbcb0b8de59bf3e1e253,8619,6625,1974,20,9227.3466820781996,2105.5048244876921,True,6.3699046037868357e-15,34299.791877890159,9.9999999999999995e-07,41,
calibration,functional,220,6,common_starter,4,8575.834093884705,2143.9585234711762,9743967e5a6d27483b3c9d579d6e61e5fd089b9a4bcb05fd2a08757bfe908fcb,92e71cc7546b9ce1b451035269b6f9f4d6ad07a56aef8a58e7b46a419080f859,5ec0ee1f01067a5f1d89f8fd6a3ac73cf7b865df92eefbcb0b8de59bf3e1e253,8619,6892,1707,20,11434.902049125083,2697.9767463644489,True,6.5947247662734299e-14,34312.619649890854,9.9999999999999995e-07,48,
calibration,functional,220,6,gaussian_starter,4,8575.834093884705,2143.9585234711762,9743967e5a6d27483b3c9d579d6e61e5fd089b9a4bcb05fd2a08757bfe908fcb,92e71cc7546b9ce1b451035269b6f9f4d6ad07a56aef8a58e7b46a419080f859,5ec0ee1f01067a5f1d89f8fd6a3ac73cf7b865df92eefbcb0b8de59bf3e1e253,8619,6892,1707,20,9384.7768246335527,2123.3120391827274,True,9.2703622556200571e-14,34298.504381952494,9.9999999999999995e-07,48,
calibration,functional,220,6,morph_starter,4,8575.834093884705,2143.9585234711762,9743967e5a6d27483b3c9d579d6e61e5fd089b9a4bcb05fd2a08757bfe908fcb,92e71cc7546b9ce1b451035269b6f9f4d6ad07a56aef8a58e7b46a419080f859,5ec0ee1f01067a5f1d89f8fd6a3ac73cf7b865df92eefbcb0b8de59bf3e1e253,8619,6892,1707,20,12201.231537316628,2926.3101658356818,True,5.1514348342607263e-14,34325.352803368238,9.9999999999999995e-07,48,
calibration,functional,220,6,direct_starter,4,8575.834093884705,2143.9585234711762,9743967e5a6d27483b3c9d579d6e61e5fd089b9a4bcb05fd2a08757bfe908fcb,92e71cc7546b9ce1b451035269b6f9f4d6ad07a56aef8a58e7b46a419080f859,5ec0ee1f01067a5f1d89f8fd6a3ac73cf7b865df92eefbcb0b8de59bf3e1e253,8619,6892,1707,20,12012.997763148418,2874.7704841501927,True,1.5473733405713119e-14,34324.72832576053,9.9999999999999995e-07,48,
calibration,functional,220,6,gaussian_baseline,5,10719.792617355881,2143.9585234711762,9743967e5a6d27483b3c9d579d6e61e5fd089b9a4bcb05fd2a08757bfe908fcb,17e52d26a10808366045154dc8749c62193335df9cf1206b1715461ef46673c3,a581a320cd091da7ba5da37713b9f1af9770432a9a410672c54c1e349c4addbc,10754,8269,2460,25,10628.761815624981,2106.3359517065428,True,3.5083047578154947e-14,34311.232428352196,9.9999999999999995e-07,41,
calibration,functional,220,6,common_starter,5,10719.792617355881,2143.9585234711762,9743967e5a6d27483b3c9d579d6e61e5fd089b9a4bcb05fd2a08757bfe908fcb,17e52d26a10808366045154dc8749c62193335df9cf1206b1715461ef46673c3,a581a320cd091da7ba5da37713b9f1af9770432a9a410672c54c1e349c4addbc,10754,8617,2112,25,13262.190796636218,2699.1776160634117,True,9.7477581562088744e-14,34325.476383251167,9.9999999999999995e-07,48,
calibration,functional,220,6,gaussian_starter,5,10719.792617355881,2143.9585234711762,9743967e5a6d27483b3c9d579d6e61e5fd089b9a4bcb05fd2a08757bfe908fcb,17e52d26a10808366045154dc8749c62193335df9cf1206b1715461ef46673c3,a581a320cd091da7ba5da37713b9f1af9770432a9a410672c54c1e349c4addbc,10754,8617,2112,25,10800.397793479751,2124.1339995041139,True,2.3536728122053319e-14,34309.833735812608,9.9999999999999995e-07,48,
calibration,functional,220,6,morph_starter,5,10719.792617355881,2143.9585234711762,9743967e5a6d27483b3c9d579d6e61e5fd089b9a4bcb05fd2a08757bfe908fcb,17e52d26a10808366045154dc8749c62193335df9cf1206b1715461ef46673c3,a581a320cd091da7ba5da37713b9f1af9770432a9a410672c54c1e349c4addbc,10754,8617,2112,25,14167.264747465413,2927.5335296545409,True,2.19824158875781e-14,34340.171747296656,9.9999999999999995e-07,48,
calibration,functional,220,6,direct_starter,5,10719.792617355881,2143.9585234711762,9743967e5a6d27483b3c9d579d6e61e5fd089b9a4bcb05fd2a08757bfe908fcb,17e52d26a10808366045154dc8749c62193335df9cf1206b1715461ef46673c3,a581a320cd091da7ba5da37713b9f1af9770432a9a410672c54c1e349c4addbc,10754,8617,2112,25,13947.504086030374,2875.988751118663,True,4.7406523151494184e-14,34339.452119057998,9.9999999999999995e-07,48,
calibration,functional,220,6,gaussian_baseline,6,12863.751140827058,2143.9585234711762,9743967e5a6d27483b3c9d579d6e61e5fd089b9a4bcb05fd2a08757bfe908fcb,2c05614abb90c0f5bba1b2fdf2cd402b634b66b642589ac30d33ec05b84dfb89,80c285eed54501e634dc180eba8b9257608afc506a73ebec39d2eacad24b14f0,12883,9920,2931,32,12092.491201702636,2107.1520866464225,True,8.1046280797636427e-14,34322.076883994443,9.9999999999999995e-07,41,
calibration,functional,220,6,common_starter,6,12863.751140827058,2143.9585234711762,9743967e5a6d27483b3c9d579d6e61e5fd089b9a4bcb05fd2a08757bfe908fcb,2c05614abb90c0f5bba1b2fdf2cd402b634b66b642589ac30d33ec05b84dfb89,80c285eed54501e634dc180eba8b9257608afc506a73ebec39d2eacad24b14f0,12883,10343,2508,32,15177.692879245336,2700.3686984948417,True,1.4960255256823984e-14,34337.758985259141,9.9999999999999995e-07,48,
calibration,functional,220,6,gaussian_starter,6,12863.751140827058,2143.9585234711762,9743967e5a6d27483b3c9d579d6e61e5fd089b9a4bcb05fd2a08757bfe908fcb,2c05614abb90c0f5bba1b2fdf2cd402b634b66b642589ac30d33ec05b84dfb89,80c285eed54501e634dc180eba8b9257608afc506a73ebec39d2eacad24b14f0,12883,10343,2508,32,12279.642401850399,2124.941537886792,True,2.8421709430404007e-14,34320.556241460188,9.9999999999999995e-07,48,
calibration,functional,220,6,morph_starter,6,12863.751140827058,2143.9585234711762,9743967e5a6d27483b3c9d579d6e61e5fd089b9a4bcb05fd2a08757bfe908fcb,2c05614abb90c0f5bba1b2fdf2cd402b634b66b642589ac30d33ec05b84dfb89,80c285eed54501e634dc180eba8b9257608afc506a73ebec39d2eacad24b14f0,12883,10343,2508,32,16226.495805733659,2928.7417105929039,True,7.3607786532647879e-14,34354.518957460547,9.9999999999999995e-07,48,
calibration,functional,220,6,direct_starter,6,12863.751140827058,2143.9585234711762,9743967e5a6d27483b3c9d579d6e61e5fd089b9a4bcb05fd2a08757bfe908fcb,2c05614abb90c0f5bba1b2fdf2cd402b634b66b642589ac30d33ec05b84dfb89,80c285eed54501e634dc180eba8b9257608afc506a73ebec39d2eacad24b14f0,12883,10343,2508,32,15974.621773816414,2877.1928629886484,True,7.7826634026223473e-14,34353.695517505868,9.9999999999999995e-07,48,
calibration,functional,220,6,gaussian_baseline,8,17151.66818776941,2143.9585234711762,9743967e5a6d27483b3c9d579d6e61e5fd089b9a4bcb05fd2a08757bfe908fcb,a2b4d564902a7b60d34570784d98c1042ac8492146fd490dc24b1cd918cfaab3,ed51e71c08ead45324629e82c923a5b0a71baecb135c6d1a57059b8cf9ccfd85,17235,13316,3881,38,14979.454477972753,2108.8467399215983,True,8.2378548427186615e-14,34345.127633336931,9.9999999999999995e-07,41,
calibration,functional,220,6,common_starter,8,17151.66818776941,2143.9585234711762,9743967e5a6d27483b3c9d579d6e61e5fd089b9a4bcb05fd2a08757bfe908fcb,a2b4d564902a7b60d34570784d98c1042ac8492146fd490dc24b1cd918cfaab3,ed51e71c08ead45324629e82c923a5b0a71baecb135c6d1a57059b8cf9ccfd85,17235,13881,3316,38,18936.978957519616,2702.8556578529005,True,3.4627856138058632e-13,34363.755189458454,9.9999999999999995e-07,48,
calibration,functional,220,6,gaussian_starter,8,17151.66818776941,2143.9585234711762,9743967e5a6d27483b3c9d579d6e61e5fd089b9a4bcb05fd2a08757bfe908fcb,a2b4d564902a7b60d34570784d98c1042ac8492146fd490dc24b1cd918cfaab3,ed51e71c08ead45324629e82c923a5b0a71baecb135c6d1a57059b8cf9ccfd85,17235,13881,3316,38,15194.064753946443,2126.6448743626534,True,2.5202062658991053e-13,34343.393967990349,9.9999999999999995e-07,48,
calibration,functional,220,6,morph_starter,8,17151.66818776941,2143.9585234711762,9743967e5a6d27483b3c9d579d6e61e5fd089b9a4bcb05fd2a08757bfe908fcb,a2b4d564902a7b60d34570784d98c1042ac8492146fd490dc24b1cd918cfaab3,ed51e71c08ead45324629e82c923a5b0a71baecb135c6d1a57059b8cf9ccfd85,17235,13881,3316,38,20274.482489739537,2931.2774379665639,True,2.7533531010703882e-13,34384.537765044472,9.9999999999999995e-07,48,
calibration,functional,220,6,direct_starter,8,17151.66818776941,2143.9585234711762,9743967e5a6d27483b3c9d579d6e61e5fd089b9a4bcb05fd2a08757bfe908fcb,a2b4d564902a7b60d34570784d98c1042ac8492146fd490dc24b1cd918cfaab3,ed51e71c08ead45324629e82c923a5b0a71baecb135c6d1a57059b8cf9ccfd85,17235,13881,3316,38,19958.236319054144,2879.7162646585398,True,1.226796442210798e-13,34383.515930370195,9.9999999999999995e-07,48,
calibration,functional,220,6,gaussian_baseline,10,21439.585234711762,2143.9585234711762,9743967e5a6d27483b3c9d579d6e61e5fd089b9a4bcb05fd2a08757bfe908fcb,57129d0c89bba8ec3c2d6d1039ae578452c1fef1f36489654542b9a7a0a99827,ab6ba6e689eb86b43960aee3c0fdfd7d8681ca64d466e05a8f2f1c14cc30b867,21459,16571,4839,49,17700.600744015912,2110.4695305216383,True,5.595524044110789e-13,34368.592968850193,9.9999999999999995e-07,41,
calibration,functional,220,6,common_starter,10,21439.585234711762,2143.9585234711762,9743967e5a6d27483b3c9d579d6e61e5fd089b9a4bcb05fd2a08757bfe908fcb,57129d0c89bba8ec3c2d6d1039ae578452c1fef1f36489654542b9a7a0a99827,ab6ba6e689eb86b43960aee3c0fdfd7d8681ca64d466e05a8f2f1c14cc30b867,21459,17266,4144,49,22446.278884685034,2705.2272743244212,True,1.1078915562734437e-12,34390.195555245664,9.9999999999999995e-07,48,
calibration,functional,220,6,gaussian_starter,10,21439.585234711762,2143.9585234711762,9743967e5a6d27483b3c9d579d6e61e5fd089b9a4bcb05fd2a08757bfe908fcb,57129d0c89bba8ec3c2d6d1039ae578452c1fef1f36489654542b9a7a0a99827,ab6ba6e689eb86b43960aee3c0fdfd7d8681ca64d466e05a8f2f1c14cc30b867,21459,17266,4144,49,17940.14666694984,2128.2793773329768,True,8.8395957220654964e-13,34366.666425850839,9.9999999999999995e-07,48,
calibration,functional,220,6,morph_starter,10,21439.585234711762,2143.9585234711762,9743967e5a6d27483b3c9d579d6e61e5fd089b9a4bcb05fd2a08757bfe908fcb,57129d0c89bba8ec3c2d6d1039ae578452c1fef1f36489654542b9a7a0a99827,ab6ba6e689eb86b43960aee3c0fdfd7d8681ca64d466e05a8f2f1c14cc30b867,21459,17266,4144,49,24063.276242978271,2933.6998339389856,True,9.0938367947046572e-13,34414.688824786812,9.9999999999999995e-07,48,
calibration,functional,220,6,direct_starter,10,21439.585234711762,2143.9585234711762,9743967e5a6d27483b3c9d579d6e61e5fd089b9a4bcb05fd2a08757bfe908fcb,57129d0c89bba8ec3c2d6d1039ae578452c1fef1f36489654542b9a7a0a99827,ab6ba6e689eb86b43960aee3c0fdfd7d8681ca64d466e05a8f2f1c14cc30b867,21459,17266,4144,49,23683.465025007124,2882.1265812900683,True,9.4069196876489514e-13,34413.496471014987,9.9999999999999995e-07,48,
calibration,functional,220,6,gaussian_baseline,12,25727.502281654117,2143.9585234711762,9743967e5a6d27483b3c9d579d6e61e5fd089b9a4bcb05fd2a08757bfe908fcb,e54734e9a599520af239c88fe94389d7fbb35786608d27faed32361e9ca0b60b,54677131053d92627e2befb1988509b569a1e476be8072ccc667cf959943dd78,25697,19827,5811,59,20468.105170398427,2112.0920809394515,True,1.7494894422043217e-12,34390.862189264131,9.9999999999999995e-07,41,
calibration,functional,220,6,common_starter,12,25727.502281654117,2143.9585234711762,9743967e5a6d27483b3c9d579d6e61e5fd089b9a4bcb05fd2a08757bfe908fcb,e54734e9a599520af239c88fe94389d7fbb35786608d27faed32361e9ca0b60b,54677131053d92627e2befb1988509b569a1e476be8072ccc667cf959943dd78,25697,20651,4987,59,26042.744738972036,2707.6049564468904,True,3.865352482534945e-12,34415.32875480278,9.9999999999999995e-07,48,
calibration,functional,220,6,gaussian_starter,12,25727.502281654117,2143.9585234711762,9743967e5a6d27483b3c9d579d6e61e5fd089b9a4bcb05fd2a08757bfe908fcb,e54734e9a599520af239c88fe94389d7fbb35786608d27faed32361e9ca0b60b,54677131053d92627e2befb1988509b569a1e476be8072ccc667cf959943dd78,25697,20651,4987,59,20733.59114319957,2129.9110483126374,True,2.9783953081619075e-12,34388.735230716557,9.9999999999999995e-07,48,
calibration,functional,220,6,morph_starter,12,25727.502281654117,2143.9585234711762,9743967e5a6d27483b3c9d579d6e61e5fd089b9a4bcb05fd2a08757bfe908fcb,e54734e9a599520af239c88fe94389d7fbb35786608d27faed32361e9ca0b60b,54677131053d92627e2befb1988509b569a1e476be8072ccc667cf959943dd78,25697,20651,4987,59,27937.045596519863,2936.1231139450856,True,3.0118130212031247e-12,34443.665741539327,9.9999999999999995e-07,48,
calibration,functional,220,6,direct_starter,12,25727.502281654117,2143.9585234711762,9743967e5a6d27483b3c9d579d6e61e5fd089b9a4bcb05fd2a08757bfe908fcb,e54734e9a599520af239c88fe94389d7fbb35786608d27faed32361e9ca0b60b,54677131053d92627e2befb1988509b569a1e476be8072ccc667cf959943dd78,25697,20651,4987,59,27494.895111101687,2884.5390358531713,True,3.1312730186527915e-12,34442.286870267897,9.9999999999999995e-07,48,
calibration,functional,220,6,gaussian_baseline,16,34303.33637553882,2143.9585234711762,9743967e5a6d27483b3c9d579d6e61e5fd089b9a4bcb05fd2a08757bfe908fcb,dd8147335744d35f72a16ce34586f9c2834881b698cca268d7820a71f824f3d5,eb4b4b80fbcfaa731128c0183ebb6dcf45f0f132e8ff36fca4b7c85bbb89ace4,34420,26568,7775,77,26302.294228086193,2115.4614962087289,True,1.4398926495573505e-11,34437.162840915989,9.9999999999999995e-07,41,
calibration,functional,220,6,common_starter,16,34303.33637553882,2143.9585234711762,9743967e5a6d27483b3c9d579d6e61e5fd089b9a4bcb05fd2a08757bfe908fcb,dd8147335744d35f72a16ce34586f9c2834881b698cca268d7820a71f824f3d5,eb4b4b80fbcfaa731128c0183ebb6dcf45f0f132e8ff36fca4b7c85bbb89ace4,34420,27646,6697,77,33588.60330437986,2712.5604746583804,True,2.9124036515781881e-11,34467.875404297338,9.9999999999999995e-07,48,
calibration,functional,220,6,gaussian_starter,16,34303.33637553882,2143.9585234711762,9743967e5a6d27483b3c9d579d6e61e5fd089b9a4bcb05fd2a08757bfe908fcb,dd8147335744d35f72a16ce34586f9c2834881b698cca268d7820a71f824f3d5,eb4b4b80fbcfaa731128c0183ebb6dcf45f0f132e8ff36fca4b7c85bbb89ace4,34420,27646,6697,77,26622.348581966191,2133.3130191219348,True,2.2883361872061414e-11,34434.614161131714,9.9999999999999995e-07,48,
calibration,functional,220,6,morph_starter,16,34303.33637553882,2143.9585234711762,9743967e5a6d27483b3c9d579d6e61e5fd089b9a4bcb05fd2a08757bfe908fcb,dd8147335744d35f72a16ce34586f9c2834881b698cca268d7820a71f824f3d5,eb4b4b80fbcfaa731128c0183ebb6dcf45f0f132e8ff36fca4b7c85bbb89ace4,34420,27646,6697,77,36063.191055767486,2941.1728991369901,True,2.3141266680681838e-11,34504.283691300872,9.9999999999999995e-07,48,
calibration,functional,220,6,direct_starter,16,34303.33637553882,2143.9585234711762,9743967e5a6d27483b3c9d579d6e61e5fd089b9a4bcb05fd2a08757bfe908fcb,dd8147335744d35f72a16ce34586f9c2834881b698cca268d7820a71f824f3d5,eb4b4b80fbcfaa731128c0183ebb6dcf45f0f132e8ff36fca4b7c85bbb89ace4,34420,27646,6697,77,35491.970251880259,2889.5657437532554,True,2.4175994539632484e-11,34502.50592912476,9.9999999999999995e-07,48,
calibration,functional,220,7,gaussian_baseline,0,0,2143.9585234711762,506bbda35ba201035ad18c9125b49709baeb07fff0bce1a970b34e0cb03177ba,d3bb56f8ed6d718b0d014fd9eec6c619f30907068e2667d838febcc69349baac,506bbda35ba201035ad18c9125b49709baeb07fff0bce1a970b34e0cb03177ba,0,0,0,0,-1800.9922616160259,2100.9000588240265,True,4.6360137950784974e-11,34265.522233434633,9.9999999999999995e-07,41,
calibration,functional,220,7,common_starter,0,0,2143.9585234711762,506bbda35ba201035ad18c9125b49709baeb07fff0bce1a970b34e0cb03177ba,d3bb56f8ed6d718b0d014fd9eec6c619f30907068e2667d838febcc69349baac,506bbda35ba201035ad18c9125b49709baeb07fff0bce1a970b34e0cb03177ba,0,0,0,0,-2225.7672689579044,2690.9184795888095,True,1.0739913403057244e-09,34262.985328073424,9.9999999999999995e-07,48,
calibration,functional,220,7,gaussian_starter,0,0,2143.9585234711762,506bbda35ba201035ad18c9125b49709baeb07fff0bce1a970b34e0cb03177ba,d3bb56f8ed6d718b0d014fd9eec6c619f30907068e2667d838febcc69349baac,506bbda35ba201035ad18c9125b49709baeb07fff0bce1a970b34e0cb03177ba,0,0,0,0,-1770.0484210927143,2118.676043462935,True,1.098377389041616e-09,34265.240954174733,9.9999999999999995e-07,48,
calibration,functional,220,7,morph_starter,0,0,2143.9585234711762,506bbda35ba201035ad18c9125b49709baeb07fff0bce1a970b34e0cb03177ba,d3bb56f8ed6d718b0d014fd9eec6c619f30907068e2667d838febcc69349baac,506bbda35ba201035ad18c9125b49709baeb07fff0bce1a970b34e0cb03177ba,0,0,0,0,-2146.7959637935801,2919.5147286777756,True,9.6814534167322108e-10,34259.492422448573,9.9999999999999995e-07,48,
calibration,functional,220,7,direct_starter,0,0,2143.9585234711762,506bbda35ba201035ad18c9125b49709baeb07fff0bce1a970b34e0cb03177ba,d3bb56f8ed6d718b0d014fd9eec6c619f30907068e2667d838febcc69349baac,506bbda35ba201035ad18c9125b49709baeb07fff0bce1a970b34e0cb03177ba,0,0,0,0,-2144.7119721904928,2867.9342847402859,True,9.815339652163857e-10,34259.744162138246,9.9999999999999995e-07,48,
calibration,functional,220,7,gaussian_baseline,0.5,1071.9792617355881,2143.9585234711762,506bbda35ba201035ad18c9125b49709baeb07fff0bce1a970b34e0cb03177ba,1bc478d68b9e057a56983e36c9f9aab12c191c356411972d1a1670d4819b23fc,a2f923c9c49978be6da1223397bb48729d0a099065e675b20764e0080e52effc,1078,843,234,1,-1090.1323152330917,2101.3098316569285,True,9.1640028898609671e-11,34271.548339063338,9.9999999999999995e-07,41,
calibration,functional,220,7,common_starter,0.5,1071.9792617355881,2143.9585234711762,506bbda35ba201035ad18c9125b49709baeb07fff0bce1a970b34e0cb03177ba,1bc478d68b9e057a56983e36c9f9aab12c191c356411972d1a1670d4819b23fc,a2f923c9c49978be6da1223397bb48729d0a099065e675b20764e0080e52effc,1078,869,208,1,-1307.4543812678839,2691.5216273944693,True,3.236443335552508e-09,34269.779842206226,9.9999999999999995e-07,48,
calibration,functional,220,7,gaussian_starter,0.5,1071.9792617355881,2143.9585234711762,506bbda35ba201035ad18c9125b49709baeb07fff0bce1a970b34e0cb03177ba,1bc478d68b9e057a56983e36c9f9aab12c191c356411972d1a1670d4819b23fc,a2f923c9c49978be6da1223397bb48729d0a099065e675b20764e0080e52effc,1078,869,208,1,-1053.1494295230896,2119.0922268090317,True,3.1874438644052816e-09,34271.220512256223,9.9999999999999995e-07,48,
calibration,functional,220,7,morph_starter,0.5,1071.9792617355881,2143.9585234711762,506bbda35ba201035ad18c9125b49709baeb07fff0bce1a970b34e0cb03177ba,1bc478d68b9e057a56983e36c9f9aab12c191c356411972d1a1670d4819b23fc,a2f923c9c49978be6da1223397bb48729d0a099065e675b20764e0080e52effc,1078,869,208,1,-1154.0921645447872,2920.1305702118211,True,3.5483354032805892e-09,34267.252335857265,9.9999999999999995e-07,48,
calibration,functional,220,7,direct_starter,0.5,1071.9792617355881,2143.9585234711762,506bbda35ba201035ad18c9125b49709baeb07fff0bce1a970b34e0cb03177ba,1bc478d68b9e057a56983e36c9f9aab12c191c356411972d1a1670d4819b23fc,a2f923c9c49978be6da1223397bb48729d0a099065e675b20764e0080e52effc,1078,869,208,1,-1168.6049612795657,2868.5472122626898,True,3.4963401063237143e-09,34267.459093371384,9.9999999999999995e-07,48,
calibration,functional,220,7,gaussian_baseline,1,2143.9585234711762,2143.9585234711762,506bbda35ba201035ad18c9125b49709baeb07fff0bce1a970b34e0cb03177ba,f7121d18e8e0320e07a4313e494da46b61b958054cc0ac0b786966ec8324e813,c21729b2b27cfc99d366bdd26b8c432a27e228b1d4cf604f2b3ed26c0cd7c1bc,2218,1734,477,7,-325.83801358251702,2101.7541485655579,True,1.1878976691193088e-09,34277.690243514968,9.9999999999999995e-07,41,
calibration,functional,220,7,common_starter,1,2143.9585234711762,2143.9585234711762,506bbda35ba201035ad18c9125b49709baeb07fff0bce1a970b34e0cb03177ba,f7121d18e8e0320e07a4313e494da46b61b958054cc0ac0b786966ec8324e813,c21729b2b27cfc99d366bdd26b8c432a27e228b1d4cf604f2b3ed26c0cd7c1bc,2218,1793,418,7,-337.53803087873405,2692.1748320088718,True,1.242043978777474e-08,34276.849827845537,9.9999999999999995e-07,48,
calibration,functional,220,7,gaussian_starter,1,2143.9585234711762,2143.9585234711762,506bbda35ba201035ad18c9125b49709baeb07fff0bce1a970b34e0cb03177ba,f7121d18e8e0320e07a4313e494da46b61b958054cc0ac0b786966ec8324e813,c21729b2b27cfc99d366bdd26b8c432a27e228b1d4cf604f2b3ed26c0cd7c1bc,2218,1793,418,7,-281.84542358082069,2119.5386694795898,True,1.2315141795227191e-08,34277.307803715616,9.9999999999999995e-07,48,
calibration,functional,220,7,morph_starter,1,2143.9585234711762,2143.9585234711762,506bbda35ba201035ad18c9125b49709baeb07fff0bce1a970b34e0cb03177ba,f7121d18e8e0320e07a4313e494da46b61b958054cc0ac0b786966ec8324e813,c21729b2b27cfc99d366bdd26b8c432a27e228b1d4cf604f2b3ed26c0cd7c1bc,2218,1793,418,7,-102.68692001846286,2920.7953571679982,True,1.4051587338137494e-08,34275.329010877322,9.9999999999999995e-07,48,
calibration,functional,220,7,direct_starter,1,2143.9585234711762,2143.9585234711762,506bbda35ba201035ad18c9125b49709baeb07fff0bce1a970b34e0cb03177ba,f7121d18e8e0320e07a4313e494da46b61b958054cc0ac0b786966ec8324e813,c21729b2b27cfc99d366bdd26b8c432a27e228b1d4cf604f2b3ed26c0cd7c1bc,2218,1793,418,7,-135.91477095695384,2869.2091161910771,True,1.3809340226877964e-08,34275.493319103974,9.9999999999999995e-07,48,
calibration,functional,220,7,gaussian_baseline,2,4287.9170469423525,2143.9585234711762,506bbda35ba201035ad18c9125b49709baeb07fff0bce1a970b34e0cb03177ba,841fb79112e7c02a1c13ae9de2c7735cc06fde37107e77fcdcf27376def4f9fa,3faae06a201c4daacb4aa8606a9eb0899f797a211bd88c0834be4ecc247c4cb3,4360,3392,958,10,1075.2151640452271,2102.5829075479937,True,2.0882311324577074e-08,34289.196059508213,9.9999999999999995e-07,41,
calibration,functional,220,7,common_starter,2,4287.9170469423525,2143.9585234711762,506bbda35ba201035ad18c9125b49709baeb07fff0bce1a970b34e0cb03177ba,841fb79112e7c02a1c13ae9de2c7735cc06fde37107e77fcdcf27376def4f9fa,3faae06a201c4daacb4aa8606a9eb0899f797a211bd88c0834be4ecc247c4cb3,4360,3517,833,10,1475.2744878087021,2693.3909133932511,True,8.3304527276339968e-08,34289.85309475282,9.9999999999999995e-07,48,
calibration,functional,220,7,gaussian_starter,2,4287.9170469423525,2143.9585234711762,506bbda35ba201035ad18c9125b49709baeb07fff0bce1a970b34e0cb03177ba,841fb79112e7c02a1c13ae9de2c7735cc06fde37107e77fcdcf27376def4f9fa,3faae06a201c4daacb4aa8606a9eb0899f797a211bd88c0834be4ecc247c4cb3,4360,3517,833,10,1132.3237054419194,2120.3710237942855,True,8.1385042483006487e-08,34288.71161257998,9.9999999999999995e-07,48,
calibration,functional,220,7,morph_starter,2,4287.9170469423525,2143.9585234711762,506bbda35ba201035ad18c9125b49709baeb07fff0bce1a970b34e0cb03177ba,841fb79112e7c02a1c13ae9de2c7735cc06fde37107e77fcdcf27376def4f9fa,3faae06a201c4daacb4aa8606a9eb0899f797a211bd88c0834be4ecc247c4cb3,4360,3517,833,10,1855.0355105974929,2922.0362001788917,True,8.994825539954121e-08,34290.246727296617,9.9999999999999995e-07,48,
calibration,functional,220,7,direct_starter,2,4287.9170469423525,2143.9585234711762,506bbda35ba201035ad18c9125b49709baeb07fff0bce1a970b34e0cb03177ba,841fb79112e7c02a1c13ae9de2c7735cc06fde37107e77fcdcf27376def4f9fa,3faae06a201c4daacb4aa8606a9eb0899f797a211bd88c0834be4ecc247c4cb3,4360,3517,833,10,1790.2252171624084,2870.4440976443893,True,8.9144952641895259e-08,34290.317076183252,9.9999999999999995e-07,48,
calibration,functional,220,7,gaussian_baseline,3,6431.8755704135292,2143.9585234711762,506bbda35ba201035ad18c9125b49709baeb07fff0bce1a970b34e0cb03177ba,a0bcdcf1e2a060cf6810faf10c9c697ab3d9efdad1b35c7738c2ad87c21cc576,4155d6aa4a1eef660b6967d7ef21fe196cd9d9cd802bd82acc18f5d45060e3aa,6575,5137,1424,14,2596.2346937760753,2103.4399704963139,True,1.2708876606648545e-07,34300.513937260985,9.9999999999999995e-07,41,
calibration,functional,220,7,common_starter,3,6431.8755704135292,2143.9585234711762,506bbda35ba201035ad18c9125b49709baeb07fff0bce1a970b34e0cb03177ba,a0bcdcf1e2a060cf6810faf10c9c697ab3d9efdad1b35c7738c2ad87c21cc576,4155d6aa4a1eef660b6967d7ef21fe196cd9d9cd802bd82acc18f5d45060e3aa,6575,5335,1226,14,3449.3673145327148,2694.6439357856411,True,3.0531133177191805e-14,34302.760864599506,9.9999999999999995e-07,48,
calibration,functional,220,7,gaussian_starter,3,6431.8755704135292,2143.9585234711762,506bbda35ba201035ad18c9125b49709baeb07fff0bce1a970b34e0cb03177ba,a0bcdcf1e2a060cf6810faf10c9c697ab3d9efdad1b35c7738c2ad87c21cc576,4155d6aa4a1eef660b6967d7ef21fe196cd9d9cd802bd82acc18f5d45060e3aa,6575,5335,1226,14,2668.7589173991573,2121.2220897688176,True,1.2434497875801753e-14,34299.90861901742,9.9999999999999995e-07,48,
calibration,functional,220,7,morph_starter,3,6431.8755704135292,2143.9585234711762,506bbda35ba201035ad18c9125b49709baeb07fff0bce1a970b34e0cb03177ba,a0bcdcf1e2a060cf6810faf10c9c697ab3d9efdad1b35c7738c2ad87c21cc576,4155d6aa4a1eef660b6967d7ef21fe196cd9d9cd802bd82acc18f5d45060e3aa,6575,5335,1226,14,3986.0427247533435,2923.3089671944194,True,3.5527136788005009e-14,34305.243265424877,9.9999999999999995e-07,48,
calibration,functional,220,7,direct_starter,3,6431.8755704135292,2143.9585234711762,506bbda35ba201035ad18c9125b49709baeb07fff0bce1a970b34e0cb03177ba,a0bcdcf1e2a060cf6810faf10c9c697ab3d9efdad1b35c7738c2ad87c21cc576,4155d6aa4a1eef660b6967d7ef21fe196cd9d9cd802bd82acc18f5d45060e3aa,6575,5335,1226,14,3885.2293454165642,2871.7126275592395,True,8.737455203799982e-14,34305.218754437519,9.9999999999999995e-07,48,
calibration,functional,220,7,gaussian_baseline,4,8575.834093884705,2143.9585234711762,506bbda35ba201035ad18c9125b49709baeb07fff0bce1a970b34e0cb03177ba,6c74f7f0c8cde44e78bb47aaad7cb54ffc6758b4ca5a718e3db0e5836da7c4bd,417ffe868920875523c851df96c8409e3ee45522f7d2220f0164fdace28fe016,8753,6831,1902,20,4077.7595839878823,2104.2858630524997,True,1.0436096431476471e-13,34311.940060418761,9.9999999999999995e-07,41,
calibration,functional,220,7,common_starter,4,8575.834093884705,2143.9585234711762,506bbda35ba201035ad18c9125b49709baeb07fff0bce1a970b34e0cb03177ba,6c74f7f0c8cde44e78bb47aaad7cb54ffc6758b4ca5a718e3db0e5836da7c4bd,417ffe868920875523c851df96c8409e3ee45522f7d2220f0164fdace28fe016,8753,7090,1643,20,5365.14360535795,2695.8990678509604,True,6.9944050551384862e-14,34315.776677132213,9.9999999999999995e-07,48,
calibration,functional,220,7,gaussian_starter,4,8575.834093884705,2143.9585234711762,506bbda35ba201035ad18c9125b49709baeb07fff0bce1a970b34e0cb03177ba,6c74f7f0c8cde44e78bb47aaad7cb54ffc6758b4ca5a718e3db0e5836da7c4bd,417ffe868920875523c851df96c8409e3ee45522f7d2220f0164fdace28fe016,8753,7090,1643,20,4163.8264044185735,2122.0788945356458,True,5.0182080713057076e-14,34311.229696544433,9.9999999999999995e-07,48,
calibration,functional,220,7,morph_starter,4,8575.834093884705,2143.9585234711762,506bbda35ba201035ad18c9125b49709baeb07fff0bce1a970b34e0cb03177ba,6c74f7f0c8cde44e78bb47aaad7cb54ffc6758b4ca5a718e3db0e5836da7c4bd,417ffe868920875523c851df96c8409e3ee45522f7d2220f0164fdace28fe016,8753,7090,1643,20,6047.9389722078868,2924.5866734168417,True,7.6827433304060833e-14,34320.313500399177,9.9999999999999995e-07,48,
calibration,functional,220,7,direct_starter,4,8575.834093884705,2143.9585234711762,506bbda35ba201035ad18c9125b49709baeb07fff0bce1a970b34e0cb03177ba,6c74f7f0c8cde44e78bb47aaad7cb54ffc6758b4ca5a718e3db0e5836da7c4bd,417ffe868920875523c851df96c8409e3ee45522f7d2220f0164fdace28fe016,8753,7090,1643,20,5913.8157349953499,2872.985094318944,True,4.1522341120980855e-14,34320.190245894548,9.9999999999999995e-07,48,
calibration,functional,220,7,gaussian_baseline,5,10719.792617355881,2143.9585234711762,506bbda35ba201035ad18c9125b49709baeb07fff0bce1a970b34e0cb03177ba,d97eb3d55ef7ef62ac86baebbb30f53693871958e12854fcddbd6ca04e29d372,8d25905898aa776306a9ba83ec4fed6cc917e17b2b46a07dd3d516762483eb45,10930,8561,2342,27,5603.650131832489,2105.1600776494065,True,2.5646151868841116e-14,34323.319495884665,9.9999999999999995e-07,41,
calibration,functional,220,7,common_starter,5,10719.792617355881,2143.9585234711762,506bbda35ba201035ad18c9125b49709baeb07fff0bce1a970b34e0cb03177ba,d97eb3d55ef7ef62ac86baebbb30f53693871958e12854fcddbd6ca04e29d372,8d25905898aa776306a9ba83ec4fed6cc917e17b2b46a07dd3d516762483eb45,10930,8866,2037,27,7314.6851494429202,2697.2032141714594,True,2.5091040356528538e-14,34328.931333472785,9.9999999999999995e-07,48,
calibration,functional,220,7,gaussian_starter,5,10719.792617355881,2143.9585234711762,506bbda35ba201035ad18c9125b49709baeb07fff0bce1a970b34e0cb03177ba,d97eb3d55ef7ef62ac86baebbb30f53693871958e12854fcddbd6ca04e29d372,8d25905898aa776306a9ba83ec4fed6cc917e17b2b46a07dd3d516762483eb45,10930,8866,2037,27,5702.6736980800142,2122.975352164869,True,2.1427304375265521e-14,34322.509619860029,9.9999999999999995e-07,48,
calibration,functional,220,7,morph_starter,5,10719.792617355881,2143.9585234711762,506bbda35ba201035ad18c9125b49709baeb07fff0bce1a970b34e0cb03177ba,d97eb3d55ef7ef62ac86baebbb30f53693871958e12854fcddbd6ca04e29d372,8d25905898aa776306a9ba83ec4fed6cc917e17b2b46a07dd3d516762483eb45,10930,8866,2037,27,8151.4317951974017,2925.9153702203639,True,7.0277117458772409e-14,34335.535485042259,9.9999999999999995e-07,48,
calibration,functional,220,7,direct_starter,5,10719.792617355881,2143.9585234711762,506bbda35ba201035ad18c9125b49709baeb07fff0bce1a970b34e0cb03177ba,d97eb3d55ef7ef62ac86baebbb30f53693871958e12854fcddbd6ca04e29d372,8d25905898aa776306a9ba83ec4fed6cc917e17b2b46a07dd3d516762483eb45,10930,8866,2037,27,7983.646004520152,2874.3079091608756,True,1.226796442210798e-13,34335.310034655471,9.9999999999999995e-07,48,
calibration,functional,220,7,gaussian_baseline,6,12863.751140827058,2143.9585234711762,506bbda35ba201035ad18c9125b49709baeb07fff0bce1a970b34e0cb03177ba,643b878e00873d93f2db8f87f6e8426780bc207aa4ce42d677f5421137d93ebf,074b638ea646f8b6b3af0d5cae42f6a8135e2b91f4dc3a15dd9f895d6a843db9,13094,10256,2807,31,7046.7158558990068,2105.9970602909025,True,1.865174681370263e-14,34334.890014630924,9.9999999999999995e-07,41,
calibration,functional,220,7,common_starter,6,12863.751140827058,2143.9585234711762,506bbda35ba201035ad18c9125b49709baeb07fff0bce1a970b34e0cb03177ba,643b878e00873d93f2db8f87f6e8426780bc207aa4ce42d677f5421137d93ebf,074b638ea646f8b6b3af0d5cae42f6a8135e2b91f4dc3a15dd9f895d6a843db9,13094,10638,2425,31,9186.6795993060878,2698.4282034943612,True,8.7818641247849882e-14,34342.014699190207,9.9999999999999995e-07,48,
calibration,functional,220,7,gaussian_starter,6,12863.751140827058,2143.9585234711762,506bbda35ba201035ad18c9125b49709baeb07fff0bce1a970b34e0cb03177ba,643b878e00873d93f2db8f87f6e8426780bc207aa4ce42d677f5421137d93ebf,074b638ea646f8b6b3af0d5cae42f6a8135e2b91f4dc3a15dd9f895d6a843db9,13094,10638,2425,31,7159.9952685976332,2123.8081087540586,True,3.3861802251067274e-14,34333.968661310995,9.9999999999999995e-07,48,
calibration,functional,220,7,morph_starter,6,12863.751140827058,2143.9585234711762,506bbda35ba201035ad18c9125b49709baeb07fff0bce1a970b34e0cb03177ba,643b878e00873d93f2db8f87f6e8426780bc207aa4ce42d677f5421137d93ebf,074b638ea646f8b6b3af0d5cae42f6a8135e2b91f4dc3a15dd9f895d6a843db9,13094,10638,2425,31,10174.145547964126,2927.1644569978757,True,7.6161299489285739e-14,34350.59113053335,9.9999999999999995e-07,48,
calibration,functional,220,7,direct_starter,6,12863.751140827058,2143.9585234711762,506bbda35ba201035ad18c9125b49709baeb07fff0bce1a970b34e0cb03177ba,643b878e00873d93f2db8f87f6e8426780bc207aa4ce42d677f5421137d93ebf,074b638ea646f8b6b3af0d5cae42f6a8135e2b91f4dc3a15dd9f895d6a843db9,13094,10638,2425,31,9972.1671809294785,2875.5517356101982,True,3.0656033267462135e-14,34350.275728820256,9.9999999999999995e-07,48,
calibration,functional,220,7,gaussian_baseline,8,17151.66818776941,2143.9585234711762,506bbda35ba201035ad18c9125b49709baeb07fff0bce1a970b34e0cb03177ba,4dd710b4bab9fee91091fea8ea37b0283f5c12450a2c288eba4c38f962aec10d,5517182e3c81cd0cc3b9a1080f97e54a72372150df89be41d9bc1839d96c8beb,17426,13619,3770,37,9879.1638881593117,2107.6878150972211,True,4.0079051188968151e-14,34358.41740374166,9.9999999999999995e-07,41,
calibration,functional,220,7,common_starter,8,17151.66818776941,2143.9585234711762,506bbda35ba201035ad18c9125b49709baeb07fff0bce1a970b34e0cb03177ba,4dd710b4bab9fee91091fea8ea37b0283f5c12450a2c288eba4c38f962aec10d,5517182e3c81cd0cc3b9a1080f97e54a72372150df89be41d9bc1839d96c8beb,17426,14155,3234,37,12855.799054557176,2700.8830626605359,True,1.5043521983670871e-13,34368.542194631009,9.9999999999999995e-07,48,
calibration,functional,220,7,gaussian_starter,8,17151.66818776941,2143.9585234711762,506bbda35ba201035ad18c9125b49709baeb07fff0bce1a970b34e0cb03177ba,4dd710b4bab9fee91091fea8ea37b0283f5c12450a2c288eba4c38f962aec10d,5517182e3c81cd0cc3b9a1080f97e54a72372150df89be41d9bc1839d96c8beb,17426,14155,3234,37,10020.704389248151,2125.4895992761276,True,2.6645352591003757e-14,34357.275546557888,9.9999999999999995e-07,48,
calibration,functional,220,7,morph_starter,8,17151.66818776941,2143.9585234711762,506bbda35ba201035ad18c9125b49709baeb07fff0bce1a970b34e0cb03177ba,4dd710b4bab9fee91091fea8ea37b0283f5c12450a2c288eba4c38f962aec10d,5517182e3c81cd0cc3b9a1080f97e54a72372150df89be41d9bc1839d96c8beb,17426,14155,3234,37,14131.583709022743,2929.6666830928011,True,6.8167693711984612e-14,34381.015960676574,9.9999999999999995e-07,48,
calibration,functional,220,7,direct_starter,8,17151.66818776941,2143.9585234711762,506bbda35ba201035ad18c9125b49709baeb07fff0bce1a970b34e0cb03177ba,4dd710b4bab9fee91091fea8ea37b0283f5c12450a2c288eba4c38f962aec10d,5517182e3c81cd0cc3b9a1080f97e54a72372150df89be41d9bc1839d96c8beb,17426,14155,3234,37,13865.547474626102,2878.043204838295,True,1.5876189252139739e-13,34380.511589271337,9.9999999999999995e-07,48,
calibration,functional,220,7,gaussian_baseline,10,21439.585234711762,2143.9585234711762,506bbda35ba201035ad18c9125b49709baeb07fff0bce1a970b34e0cb03177ba,0fb4978b001321faba32dcfaa0aca9554c83806e932f80c37fc1855dad24e9c0,ea43188fadd3b0b3f0f855e7b3908d2ecd1575c77eed44d5f1280d5170952849,21656,16880,4733,43,12645.984682481632,2109.3323260996413,True,1.4971357487070236e-13,34381.135265290133,9.9999999999999995e-07,41,
calibration,functional,220,7,common_starter,10,21439.585234711762,2143.9585234711762,506bbda35ba201035ad18c9125b49709baeb07fff0bce1a970b34e0cb03177ba,0fb4978b001321faba32dcfaa0aca9554c83806e932f80c37fc1855dad24e9c0,ea43188fadd3b0b3f0f855e7b3908d2ecd1575c77eed44d5f1280d5170952849,21656,17560,4053,43,16462.596652191274,2703.2760998201406,True,4.6518344731794059e-13,34394.056552467657,9.9999999999999995e-07,48,
calibration,functional,220,7,gaussian_starter,10,21439.585234711762,2143.9585234711762,506bbda35ba201035ad18c9125b49709baeb07fff0bce1a970b34e0cb03177ba,0fb4978b001321faba32dcfaa0aca9554c83806e932f80c37fc1855dad24e9c0,ea43188fadd3b0b3f0f855e7b3908d2ecd1575c77eed44d5f1280d5170952849,21656,17560,4053,43,12814.313848399794,2127.139404136441,True,4.1211478674085811e-13,34379.785154704761,9.9999999999999995e-07,48,
calibration,functional,220,7,morph_starter,10,21439.585234711762,2143.9585234711762,506bbda35ba201035ad18c9125b49709baeb07fff0bce1a970b34e0cb03177ba,0fb4978b001321faba32dcfaa0aca9554c83806e932f80c37fc1855dad24e9c0,ea43188fadd3b0b3f0f855e7b3908d2ecd1575c77eed44d5f1280d5170952849,21656,17560,4053,43,18018.441520820616,2932.1132777818352,True,3.4583447217073626e-13,34410.37624876116,9.9999999999999995e-07,48,
calibration,functional,220,7,direct_starter,10,21439.585234711762,2143.9585234711762,506bbda35ba201035ad18c9125b49709baeb07fff0bce1a970b34e0cb03177ba,0fb4978b001321faba32dcfaa0aca9554c83806e932f80c37fc1855dad24e9c0,ea43188fadd3b0b3f0f855e7b3908d2ecd1575c77eed44d5f1280d5170952849,21656,17560,4053,43,17690.235201624262,2880.4778516471156,True,3.8796743595526095e-13,34409.682927570946,9.9999999999999995e-07,48,
calibration,functional,220,7,gaussian_baseline,12,25727.502281654117,2143.9585234711762,506bbda35ba201035ad18c9125b49709baeb07fff0bce1a970b34e0cb03177ba,dfce89077d1a52bb1f9fd8fc7fb4ed777f4640e31fdac47a968f154754865d91,3a04272240763a979b653cd2d5b0767a3f35dff48786b616ab9f6fc588f4095a,25972,20226,5696,50,15502.448591444416,2111.0234297930733,True,7.9319883994344309e-13,34404.152948595423,9.9999999999999995e-07,41,
calibration,functional,220,7,common_starter,12,25727.502281654117,2143.9585234711762,506bbda35ba201035ad18c9125b49709baeb07fff0bce1a970b34e0cb03177ba,dfce89077d1a52bb1f9fd8fc7fb4ed777f4640e31fdac47a968f154754865d91,3a04272240763a979b653cd2d5b0767a3f35dff48786b616ab9f6fc588f4095a,25972,21043,4879,50,20122.565025230444,2705.7383836816598,True,1.9699797348948778e-12,34420.333424622695,9.9999999999999995e-07,48,
calibration,functional,220,7,gaussian_starter,12,25727.502281654117,2143.9585234711762,506bbda35ba201035ad18c9125b49709baeb07fff0bce1a970b34e0cb03177ba,dfce89077d1a52bb1f9fd8fc7fb4ed777f4640e31fdac47a968f154754865d91,3a04272240763a979b653cd2d5b0767a3f35dff48786b616ab9f6fc588f4095a,25972,21043,4879,50,15698.548114889976,2128.8338370020629,True,1.4245271628965384e-12,34402.586931720391,9.9999999999999995e-07,48,
calibration,functional,220,7,morph_starter,12,25727.502281654117,2143.9585234711762,506bbda35ba201035ad18c9125b49709baeb07fff0bce1a970b34e0cb03177ba,dfce89077d1a52bb1f9fd8fc7fb4ed777f4640e31fdac47a968f154754865d91,3a04272240763a979b653cd2d5b0767a3f35dff48786b616ab9f6fc588f4095a,25972,21043,4879,50,21975.577368040045,2934.6220065674238,True,1.6756040999155175e-12,34440.498393393958,9.9999999999999995e-07,48,
calibration,functional,220,7,direct_starter,12,25727.502281654117,2143.9585234711762,506bbda35ba201035ad18c9125b49709baeb07fff0bce1a970b34e0cb03177ba,dfce89077d1a52bb1f9fd8fc7fb4ed777f4640e31fdac47a968f154754865d91,3a04272240763a979b653cd2d5b0767a3f35dff48786b616ab9f6fc588f4095a,25972,21043,4879,50,21580.438337486641,2882.9752768065473,True,1.5800138974952915e-12,34439.62931166363,9.9999999999999995e-07,48,
calibration,functional,220,7,gaussian_baseline,16,34303.33637553882,2143.9585234711762,506bbda35ba201035ad18c9125b49709baeb07fff0bce1a970b34e0cb03177ba,0213d17a0720ae21598b2043ae41d21b3ebb343a37ef9761de320f43412018cc,8b4e900fcf0425ae7c7f44959835e05eb7b78e407d988683654e99af7050c85d,34617,26881,7667,69,21335.538591062785,2114.3156705190786,True,7.6092465661758979e-12,34448.015199797293,9.9999999999999995e-07,41,
calibration,functional,220,7,common_starter,16,34303.33637553882,2143.9585234711762,506bbda35ba201035ad18c9125b49709baeb07fff0bce1a970b34e0cb03177ba,0213d17a0720ae21598b2043ae41d21b3ebb343a37ef9761de320f43412018cc,8b4e900fcf0425ae7c7f44959835e05eb7b78e407d988683654e99af7050c85d,34617,27961,6587,69,27699.372719429219,2710.5641091056887,True,1.7554513398465588e-11,34470.245507285596,9.9999999999999995e-07,48,
calibration,functional,220,7,gaussian_starter,16,34303.33637553882,2143.9585234711762,506bbda35ba201035ad18c9125b49709baeb07fff0bce1a970b34e0cb03177ba,0213d17a0720ae21598b2043ae41d21b3ebb343a37ef9761de320f43412018cc,8b4e900fcf0425ae7c7f44959835e05eb7b78e407d988683654e99af7050c85d,34617,27961,6587,69,21587.967270404322,2132.1394089847859,True,1.3410272892144803e-11,34446.012517167233,9.9999999999999995e-07,48,
calibration,functional,220,7,morph_starter,16,34303.33637553882,2143.9585234711762,506bbda35ba201035ad18c9125b49709baeb07fff0bce1a970b34e0cb03177ba,0213d17a0720ae21598b2043ae41d21b3ebb343a37ef9761de320f43412018cc,8b4e900fcf0425ae7c7f44959835e05eb7b78e407d988683654e99af7050c85d,34617,27961,6587,69,30140.185956054589,2939.5316446962875,True,1.4806433856762169e-11,34498.49249943711,9.9999999999999995e-07,48,
calibration,functional,220,7,direct_starter,16,34303.33637553882,2143.9585234711762,506bbda35ba201035ad18c9125b49709baeb07fff0bce1a970b34e0cb03177ba,0213d17a0720ae21598b2043ae41d21b3ebb343a37ef9761de320f43412018cc,8b4e900fcf0425ae7c7f44959835e05eb7b78e407d988683654e99af7050c85d,34617,27961,6587,69,29611.668971499719,2887.8646440899038,True,1.5291906629855134e-11,34497.239208278115,9.9999999999999995e-07,48,
calibration,functional,220,8,gaussian_baseline,0,0,2143.9585234711762,24f4fb24a38311538bf1df3a286714902ff944da4bc5b2340a236b8e9b858a23,d3bb56f8ed6d718b0d014fd9eec6c619f30907068e2667d838febcc69349baac,24f4fb24a38311538bf1df3a286714902ff944da4bc5b2340a236b8e9b858a23,0,0,0,0,-257.98399937991354,2097.4232068773886,True,2.6992941215553401e-10,34162.701339504303,9.9999999999999995e-07,41,
calibration,functional,220,8,common_starter,0,0,2143.9585234711762,24f4fb24a38311538bf1df3a286714902ff944da4bc5b2340a236b8e9b858a23,d3bb56f8ed6d718b0d014fd9eec6c619f30907068e2667d838febcc69349baac,24f4fb24a38311538bf1df3a286714902ff944da4bc5b2340a236b8e9b858a23,0,0,0,0,526.61551950295757,2685.4169276940952,True,1.7121558815169635e-07,34157.434806832047,9.9999999999999995e-07,48,
calibration,functional,220,8,gaussian_starter,0,0,2143.9585234711762,24f4fb24a38311538bf1df3a286714902ff944da4bc5b2340a236b8e9b858a23,d3bb56f8ed6d718b0d014fd9eec6c619f30907068e2667d838febcc69349baac,24f4fb24a38311538bf1df3a286714902ff944da4bc5b2340a236b8e9b858a23,0,0,0,0,-160.73613230841133,2113.9608918150443,True,1.4245265478329827e-07,34161.902512486449,9.9999999999999995e-07,48,
calibration,functional,220,8,morph_starter,0,0,2143.9585234711762,24f4fb24a38311538bf1df3a286714902ff944da4bc5b2340a236b8e9b858a23,d3bb56f8ed6d718b0d014fd9eec6c619f30907068e2667d838febcc69349baac,24f4fb24a38311538bf1df3a286714902ff944da4bc5b2340a236b8e9b858a23,0,0,0,0,668.48242665348164,2912.9889915372355,True,1.7611811520268361e-07,34157.548440480292,9.9999999999999995e-07,48,
calibration,functional,220,8,direct_starter,0,0,2143.9585234711762,24f4fb24a38311538bf1df3a286714902ff944da4bc5b2340a236b8e9b858a23,d3bb56f8ed6d718b0d014fd9eec6c619f30907068e2667d838febcc69349baac,24f4fb24a38311538bf1df3a286714902ff944da4bc5b2340a236b8e9b858a23,0,0,0,0,614.31477687209974,2861.6424779455492,True,1.742743309662842e-07,34157.714146168633,9.9999999999999995e-07,48,
calibration,functional,220,8,gaussian_baseline,0.5,1071.9792617355881,2143.9585234711762,24f4fb24a38311538bf1df3a286714902ff944da4bc5b2340a236b8e9b858a23,8c071fce5919735d51afb2398c89a8b02baa29bea65b281c11bacfc3ea2f7cc5,297d00a9daee85b21033eeff6e60f25d642c3d0d1e1f62e14d60bcd1208ef320,1036,787,245,4,463.40313468106638,2097.8306365961962,True,2.1592352350552346e-09,34168.000468853643,9.9999999999999995e-07,41,
calibration,functional,220,8,common_starter,0.5,1071.9792617355881,2143.9585234711762,24f4fb24a38311538bf1df3a286714902ff944da4bc5b2340a236b8e9b858a23,8c071fce5919735d51afb2398c89a8b02baa29bea65b281c11bacfc3ea2f7cc5,297d00a9daee85b21033eeff6e60f25d642c3d0d1e1f62e14d60bcd1208ef320,1036,823,209,4,1483.0371087902429,2686.014511164452,True,3.8413716652030416e-14,34163.371122736746,9.9999999999999995e-07,48,
calibration,functional,220,8,gaussian_starter,0.5,1071.9792617355881,2143.9585234711762,24f4fb24a38311538bf1df3a286714902ff944da4bc5b2340a236b8e9b858a23,8c071fce5919735d51afb2398c89a8b02baa29bea65b281c11bacfc3ea2f7cc5,297d00a9daee85b21033eeff6e60f25d642c3d0d1e1f62e14d60bcd1208ef320,1036,823,209,4,567.72735448178571,2114.3683952389742,True,4.5297099404706387e-14,34167.147299696924,9.9999999999999995e-07,48,
calibration,functional,220,8,morph_starter,0.5,1071.9792617355881,2143.9585234711762,24f4fb24a38311538bf1df3a286714902ff944da4bc5b2340a236b8e9b858a23,8c071fce5919735d51afb2398c89a8b02baa29bea65b281c11bacfc3ea2f7cc5,297d00a9daee85b21033eeff6e60f25d642c3d0d1e1f62e14d60bcd1208ef320,1036,823,209,4,1689.951481741957,2913.5963578261531,True,1.0258460747536446e-13,34164.546056757055,9.9999999999999995e-07,48,
calibration,functional,220,8,direct_starter,0.5,1071.9792617355881,2143.9585234711762,24f4fb24a38311538bf1df3a286714902ff944da4bc5b2340a236b8e9b858a23,8c071fce5919735d51afb2398c89a8b02baa29bea65b281c11bacfc3ea2f7cc5,297d00a9daee85b21033eeff6e60f25d642c3d0d1e1f62e14d60bcd1208ef320,1036,823,209,4,1621.6465023613005,2862.2471970481215,True,9.9920072216264089e-15,34164.651972512642,9.9999999999999995e-07,48,
calibration,functional,220,8,gaussian_baseline,1,2143.9585234711762,2143.9585234711762,24f4fb24a38311538bf1df3a286714902ff944da4bc5b2340a236b8e9b858a23,4933572f5a8c3396bb3a1cd7c0aa2e6e70a47b36f6f33eaaf1190a8c3cc41d4a,4fff1baa8726953759abdd4d10d81157a343c84993bb92943587aec7df5089bd,2111,1617,487,7,1178.3955638089342,2098.2483328547814,True,9.9912920159539453e-09,34173.906913498227,9.9999999999999995e-07,41,
calibration,functional,220,8,common_starter,1,2143.9585234711762,2143.9585234711762,24f4fb24a38311538bf1df3a286714902ff944da4bc5b2340a236b8e9b858a23,4933572f5a8c3396bb3a1cd7c0aa2e6e70a47b36f6f33eaaf1190a8c3cc41d4a,4fff1baa8726953759abdd4d10d81157a343c84993bb92943587aec7df5089bd,2111,1683,421,7,2396.8589444853546,2686.6281514905813,True,5.1292303737682232e-14,34170.10730442121,9.9999999999999995e-07,48,
calibration,functional,220,8,gaussian_starter,1,2143.9585234711762,2143.9585234711762,24f4fb24a38311538bf1df3a286714902ff944da4bc5b2340a236b8e9b858a23,4933572f5a8c3396bb3a1cd7c0aa2e6e70a47b36f6f33eaaf1190a8c3cc41d4a,4fff1baa8726953759abdd4d10d81157a343c84993bb92943587aec7df5089bd,2111,1683,421,7,1289.671626257599,2114.792239348074,True,7.460698725481052e-14,34172.998944385181,9.9999999999999995e-07,48,
calibration,functional,220,8,morph_starter,1,2143.9585234711762,2143.9585234711762,24f4fb24a38311538bf1df3a286714902ff944da4bc5b2340a236b8e9b858a23,4933572f5a8c3396bb3a1cd7c0aa2e6e70a47b36f6f33eaaf1190a8c3cc41d4a,4fff1baa8726953759abdd4d10d81157a343c84993bb92943587aec7df5089bd,2111,1683,421,7,2680.0186799151406,2914.2244557518366,True,2.5757174171303632e-14,34172.233732295819,9.9999999999999995e-07,48,
calibration,functional,220,8,direct_starter,1,2143.9585234711762,2143.9585234711762,24f4fb24a38311538bf1df3a286714902ff944da4bc5b2340a236b8e9b858a23,4933572f5a8c3396bb3a1cd7c0aa2e6e70a47b36f6f33eaaf1190a8c3cc41d4a,4fff1baa8726953759abdd4d10d81157a343c84993bb92943587aec7df5089bd,2111,1683,421,7,2595.1957150259113,2862.8719706286752,True,2.5091040356528538e-14,34172.294528134291,9.9999999999999995e-07,48,
calibration,functional,220,8,gaussian_baseline,2,4287.9170469423525,2143.9585234711762,24f4fb24a38311538bf1df3a286714902ff944da4bc5b2340a236b8e9b858a23,239c68a4570fa08ff5c5fd5880d77eba255f918ab04dc3ab4b2f7ebf5243f372,5d27c1f2a02587f427967bf362f7159a0f2caaaebcd6aa6104a2800e7133a267,4257,3286,959,12,2610.7537192477203,2099.1052856201886,True,7.1346798635740782e-08,34185.270876872222,9.9999999999999995e-07,41,
calibration,functional,220,8,common_starter,2,4287.9170469423525,2143.9585234711762,24f4fb24a38311538bf1df3a286714902ff944da4bc5b2340a236b8e9b858a23,239c68a4570fa08ff5c5fd5880d77eba255f918ab04dc3ab4b2f7ebf5243f372,5d27c1f2a02587f427967bf362f7159a0f2caaaebcd6aa6104a2800e7133a267,4257,3425,820,12,4248.2320975550556,2687.8774700638287,True,1.9317880628477724e-14,34183.01458184277,9.9999999999999995e-07,48,
calibration,functional,220,8,gaussian_starter,2,4287.9170469423525,2143.9585234711762,24f4fb24a38311538bf1df3a286714902ff944da4bc5b2340a236b8e9b858a23,239c68a4570fa08ff5c5fd5880d77eba255f918ab04dc3ab4b2f7ebf5243f372,5d27c1f2a02587f427967bf362f7159a0f2caaaebcd6aa6104a2800e7133a267,4257,3425,820,12,2736.089229844843,2115.6502051455459,True,5.9063864910058328e-14,34184.254394273572,9.9999999999999995e-07,48,
calibration,functional,220,8,morph_starter,2,4287.9170469423525,2143.9585234711762,24f4fb24a38311538bf1df3a286714902ff944da4bc5b2340a236b8e9b858a23,239c68a4570fa08ff5c5fd5880d77eba255f918ab04dc3ab4b2f7ebf5243f372,5d27c1f2a02587f427967bf362f7159a0f2caaaebcd6aa6104a2800e7133a267,4257,3425,820,12,4674.3277223874547,2915.4975662789207,True,5.5733195836182858e-14,34187.11992263751,9.9999999999999995e-07,48,
calibration,functional,220,8,direct_starter,2,4287.9170469423525,2143.9585234711762,24f4fb24a38311538bf1df3a286714902ff944da4bc5b2340a236b8e9b858a23,239c68a4570fa08ff5c5fd5880d77eba255f918ab04dc3ab4b2f7ebf5243f372,5d27c1f2a02587f427967bf362f7159a0f2caaaebcd6aa6104a2800e7133a267,4257,3425,820,12,4557.8829162529728,2864.1393017219748,True,5.440092820663267e-14,34187.082305008844,9.9999999999999995e-07,48,
calibration,functional,220,8,gaussian_baseline,3,6431.8755704135292,2143.9585234711762,24f4fb24a38311538bf1df3a286714902ff944da4bc5b2340a236b8e9b858a23,0957fb6598077a55fdfcf52b32722da49cce840b321e40b735e28f9a731adbf9,8ef639daa78ba278dc7b9cf141b827c81f317121f5772da7d115f86bf99ef271,6429,4928,1484,17,3962.3922320680012,2099.9450137874246,True,5.1569859493838521e-14,34196.891492293711,9.9999999999999995e-07,41,
calibration,functional,220,8,common_starter,3,6431.8755704135292,2143.9585234711762,24f4fb24a38311538bf1df3a286714902ff944da4bc5b2340a236b8e9b858a23,0957fb6598077a55fdfcf52b32722da49cce840b321e40b735e28f9a731adbf9,8ef639daa78ba278dc7b9cf141b827c81f317121f5772da7d115f86bf99ef271,6429,5151,1261,17,6005.0156904469131,2689.0934610900335,True,1.9317880628477724e-14,34196.034811242185,9.9999999999999995e-07,48,
calibration,functional,220,8,gaussian_starter,3,6431.8755704135292,2143.9585234711762,24f4fb24a38311538bf1df3a286714902ff944da4bc5b2340a236b8e9b858a23,0957fb6598077a55fdfcf52b32722da49cce840b321e40b735e28f9a731adbf9,8ef639daa78ba278dc7b9cf141b827c81f317121f5772da7d115f86bf99ef271,6429,5151,1261,17,4100.5384337273354,2116.4859632514886,True,5.0182080713057076e-14,34195.777117987236,9.9999999999999995e-07,48,
calibration,functional,220,8,morph_starter,3,6431.8755704135292,2143.9585234711762,24f4fb24a38311538bf1df3a286714902ff944da4bc5b2340a236b8e9b858a23,0957fb6598077a55fdfcf52b32722da49cce840b321e40b735e28f9a731adbf9,8ef639daa78ba278dc7b9cf141b827c81f317121f5772da7d115f86bf99ef271,6429,5151,1261,17,6568.0025789147858,2916.7399842090667,True,2.9309887850104133e-14,34202.012411523552,9.9999999999999995e-07,48,
calibration,functional,220,8,direct_starter,3,6431.8755704135292,2143.9585234711762,24f4fb24a38311538bf1df3a286714902ff944da4bc5b2340a236b8e9b858a23,0957fb6598077a55fdfcf52b32722da49cce840b321e40b735e28f9a731adbf9,8ef639daa78ba278dc7b9cf141b827c81f317121f5772da7d115f86bf99ef271,6429,5151,1261,17,6420.7346057626328,2865.3748939935667,True,1.8429702208777599e-14,34201.88497779797,9.9999999999999995e-07,48,
calibration,functional,220,8,gaussian_baseline,4,8575.834093884705,2143.9585234711762,24f4fb24a38311538bf1df3a286714902ff944da4bc5b2340a236b8e9b858a23,8997402bb2c1b30b77e8d92b798f642d9c41c9225f8bb49989f75ba8f298cd9f,a049303ddc6b349522382eaab89607b950fd788156f2b65ed0d612f88b0c87ba,8529,6547,1960,22,5312.1928517317401,2100.7706633051125,True,7.8881345899617372e-14,34208.369263813001,9.9999999999999995e-07,41,
calibration,functional,220,8,common_starter,4,8575.834093884705,2143.9585234711762,24f4fb24a38311538bf1df3a286714902ff944da4bc5b2340a236b8e9b858a23,8997402bb2c1b30b77e8d92b798f642d9c41c9225f8bb49989f75ba8f298cd9f,a049303ddc6b349522382eaab89607b950fd788156f2b65ed0d612f88b0c87ba,8529,6841,1666,22,7744.3859908682398,2690.2982097170161,True,3.9968028886505635e-14,34208.99751787306,9.9999999999999995e-07,48,
calibration,functional,220,8,gaussian_starter,4,8575.834093884705,2143.9585234711762,24f4fb24a38311538bf1df3a286714902ff944da4bc5b2340a236b8e9b858a23,8997402bb2c1b30b77e8d92b798f642d9c41c9225f8bb49989f75ba8f298cd9f,a049303ddc6b349522382eaab89607b950fd788156f2b65ed0d612f88b0c87ba,8529,6841,1666,22,5463.5921059607326,2117.3118937318541,True,7.0166095156309893e-14,34207.152754323819,9.9999999999999995e-07,48,
calibration,functional,220,8,morph_starter,4,8575.834093884705,2143.9585234711762,24f4fb24a38311538bf1df3a286714902ff944da4bc5b2340a236b8e9b858a23,8997402bb2c1b30b77e8d92b798f642d9c41c9225f8bb49989f75ba8f298cd9f,a049303ddc6b349522382eaab89607b950fd788156f2b65ed0d612f88b0c87ba,8529,6841,1666,22,8444.1754230422539,2917.9692009963774,True,6.4170890823334048e-14,34216.823224812921,9.9999999999999995e-07,48,
calibration,functional,220,8,direct_starter,4,8575.834093884705,2143.9585234711762,24f4fb24a38311538bf1df3a286714902ff944da4bc5b2340a236b8e9b858a23,8997402bb2c1b30b77e8d92b798f642d9c41c9225f8bb49989f75ba8f298cd9f,a049303ddc6b349522382eaab89607b950fd788156f2b65ed0d612f88b0c87ba,8529,6841,1666,22,8264.7582684508325,2866.5978370445482,True,1.1368683772161603e-13,34216.614153259368,9.9999999999999995e-07,48,
calibration,functional,220,8,gaussian_baseline,5,10719.792617355881,2143.9585234711762,24f4fb24a38311538bf1df3a286714902ff944da4bc5b2340a236b8e9b858a23,d3f87ffa30a0b0a94bb2a5956914958e14ce98a484e6d0c9ca87db5d7fdedaa0,08475be0c246504748b2327c12eeeaba3149c6fa1561d92483ccb7a069c2d71a,10681,8214,2438,29,6771.4313766286605,2101.5882351929226,True,4.6518344731794059e-14,34219.497522792444,9.9999999999999995e-07,41,
calibration,functional,220,8,common_starter,5,10719.792617355881,2143.9585234711762,24f4fb24a38311538bf1df3a286714902ff944da4bc5b2340a236b8e9b858a23,d3f87ffa30a0b0a94bb2a5956914958e14ce98a484e6d0c9ca87db5d7fdedaa0,08475be0c246504748b2327c12eeeaba3149c6fa1561d92483ccb7a069c2d71a,10681,8568,2084,29,9634.6128802530347,2691.5088336467493,True,7.1720407390785113e-14,34221.672270365809,9.9999999999999995e-07,48,
calibration,functional,220,8,gaussian_starter,5,10719.792617355881,2143.9585234711762,24f4fb24a38311538bf1df3a286714902ff944da4bc5b2340a236b8e9b858a23,d3f87ffa30a0b0a94bb2a5956914958e14ce98a484e6d0c9ca87db5d7fdedaa0,08475be0c246504748b2327c12eeeaba3149c6fa1561d92483ccb7a069c2d71a,10681,8568,2084,29,6936.1784724400977,2118.1392741899754,True,1.6875389974302379e-14,34218.178073081239,9.9999999999999995e-07,48,
calibration,functional,220,8,morph_starter,5,10719.792617355881,2143.9585234711762,24f4fb24a38311538bf1df3a286714902ff944da4bc5b2340a236b8e9b858a23,d3f87ffa30a0b0a94bb2a5956914958e14ce98a484e6d0c9ca87db5d7fdedaa0,08475be0c246504748b2327c12eeeaba3149c6fa1561d92483ccb7a069c2d71a,10681,8568,2084,29,10482.909594912782,2919.2016608877952,True,1.5765166949677223e-14,34231.507081656622,9.9999999999999995e-07,48,
calibration,functional,220,8,direct_starter,5,10719.792617355881,2143.9585234711762,24f4fb24a38311538bf1df3a286714902ff944da4bc5b2340a236b8e9b858a23,d3f87ffa30a0b0a94bb2a5956914958e14ce98a484e6d0c9ca87db5d7fdedaa0,08475be0c246504748b2327c12eeeaba3149c6fa1561d92483ccb7a069c2d71a,10681,8568,2084,29,10271.65831132518,2867.8251647851112,True,7.3496764230185363e-14,34231.195154789726,9.9999999999999995e-07,48,
calibration,functional,220,8,gaussian_baseline,6,12863.751140827058,2143.9585234711762,24f4fb24a38311538bf1df3a286714902ff944da4bc5b2340a236b8e9b858a23,d0c3bbd810b861a32f668b0f6a89af7dee00a945710f22da830b79719f0c1193,759161379978a0471f57fc3be662c9f44392d5a2e691f92bfb2c09485a33696e,12807,9905,2867,35,8246.4338140619275,2102.4202978857375,True,3.6637359812630166e-14,34230.559052799013,9.9999999999999995e-07,41,
calibration,functional,220,8,common_starter,6,12863.751140827058,2143.9585234711762,24f4fb24a38311538bf1df3a286714902ff944da4bc5b2340a236b8e9b858a23,d0c3bbd810b861a32f668b0f6a89af7dee00a945710f22da830b79719f0c1193,759161379978a0471f57fc3be662c9f44392d5a2e691f92bfb2c09485a33696e,12807,10323,2449,35,11537.749699761891,2692.7305690773533,True,1.34781075189494e-13,34234.341548276563,9.9999999999999995e-07,48,
calibration,functional,220,8,gaussian_starter,6,12863.751140827058,2143.9585234711762,24f4fb24a38311538bf1df3a286714902ff944da4bc5b2340a236b8e9b858a23,d0c3bbd810b861a32f668b0f6a89af7dee00a945710f22da830b79719f0c1193,759161379978a0471f57fc3be662c9f44392d5a2e691f92bfb2c09485a33696e,12807,10323,2449,35,8425.2599474419549,2118.9720295368902,True,4.0190073491430667e-14,34229.131393023672,9.9999999999999995e-07,48,
calibration,functional,220,8,morph_starter,6,12863.751140827058,2143.9585234711762,24f4fb24a38311538bf1df3a286714902ff944da4bc5b2340a236b8e9b858a23,d0c3bbd810b861a32f668b0f6a89af7dee00a945710f22da830b79719f0c1193,759161379978a0471f57fc3be662c9f44392d5a2e691f92bfb2c09485a33696e,12807,10323,2449,35,12536.935503037617,2920.44235774872,True,9.6367358537463588e-14,34246.193222449328,9.9999999999999995e-07,48,
calibration,functional,220,8,direct_starter,6,12863.751140827058,2143.9585234711762,24f4fb24a38311538bf1df3a286714902ff944da4bc5b2340a236b8e9b858a23,d0c3bbd810b861a32f668b0f6a89af7dee00a945710f22da830b79719f0c1193,759161379978a0471f57fc3be662c9f44392d5a2e691f92bfb2c09485a33696e,12807,10323,2449,35,12292.218456665627,2869.0605400149107,True,9.6589403142388619e-14,34245.784016066413,9.9999999999999995e-07,48,
calibration,functional,220,8,gaussian_baseline,8,17151.66818776941,2143.9585234711762,24f4fb24a38311538bf1df3a286714902ff944da4bc5b2340a236b8e9b858a23,1d53ee82ee1c96193deb488a58ef74caa0e2a4a996ca71e938879ed8dd7115dc,51d5d1c63adb026ff228330475ed340f0337506b2c50a8ef8bb5ad878031c190,17147,13239,3856,52,11040.19195919589,2104.0922349985094,True,5.9618976422370906e-14,34254.146765788879,9.9999999999999995e-07,41,
calibration,functional,220,8,common_starter,8,17151.66818776941,2143.9585234711762,24f4fb24a38311538bf1df3a286714902ff944da4bc5b2340a236b8e9b858a23,1d53ee82ee1c96193deb488a58ef74caa0e2a4a996ca71e938879ed8dd7115dc,51d5d1c63adb026ff228330475ed340f0337506b2c50a8ef8bb5ad878031c190,17147,13792,3303,52,15148.534012597203,2695.1741477255664,True,5.3579363168410055e-13,34260.937476198967,9.9999999999999995e-07,48,
calibration,functional,220,8,gaussian_starter,8,17151.66818776941,2143.9585234711762,24f4fb24a38311538bf1df3a286714902ff944da4bc5b2340a236b8e9b858a23,1d53ee82ee1c96193deb488a58ef74caa0e2a4a996ca71e938879ed8dd7115dc,51d5d1c63adb026ff228330475ed340f0337506b2c50a8ef8bb5ad878031c190,17147,13792,3303,52,11245.465057126052,2120.6535966438478,True,3.8813396940895473e-13,34252.515587820904,9.9999999999999995e-07,48,
calibration,functional,220,8,morph_starter,8,17151.66818776941,2143.9585234711762,24f4fb24a38311538bf1df3a286714902ff944da4bc5b2340a236b8e9b858a23,1d53ee82ee1c96193deb488a58ef74caa0e2a4a996ca71e938879ed8dd7115dc,51d5d1c63adb026ff228330475ed340f0337506b2c50a8ef8bb5ad878031c190,17147,13792,3303,52,16435.303727660881,2922.9390746386894,True,4.5630166312093934e-13,34276.60990578917,9.9999999999999995e-07,48,
calibration,functional,220,8,direct_starter,8,17151.66818776941,2143.9585234711762,24f4fb24a38311538bf1df3a286714902ff944da4bc5b2340a236b8e9b858a23,1d53ee82ee1c96193deb488a58ef74caa0e2a4a996ca71e938879ed8dd7115dc,51d5d1c63adb026ff228330475ed340f0337506b2c50a8ef8bb5ad878031c190,17147,13792,3303,52,16127.10984816243,2871.5446170370751,True,4.4031445156633708e-13,34276.015884522691,9.9999999999999995e-07,48,
calibration,functional,220,8,gaussian_baseline,10,21439.585234711762,2143.9585234711762,24f4fb24a38311538bf1df3a286714902ff944da4bc5b2340a236b8e9b858a23,9485b1648e9755e20841479de0cd659e0c4211fb45e4d1cfd3faf3601101482f,96245163088d9f552438e33e5e12d6e7cd04b094d0595c9f04f8a8bb900c46bb,21360,16466,4834,60,13789.082323326695,2105.7426914390794,True,3.3339997429493451e-13,34277.604779696791,9.9999999999999995e-07,41,
calibration,functional,220,8,common_starter,10,21439.585234711762,2143.9585234711762,24f4fb24a38311538bf1df3a286714902ff944da4bc5b2340a236b8e9b858a23,9485b1648e9755e20841479de0cd659e0c4211fb45e4d1cfd3faf3601101482f,96245163088d9f552438e33e5e12d6e7cd04b094d0595c9f04f8a8bb900c46bb,21360,17160,4140,60,18689.547543792189,2697.5754597967266,True,1.9750867608081535e-12,34287.423579971299,9.9999999999999995e-07,48,
calibration,functional,220,8,gaussian_starter,10,21439.585234711762,2143.9585234711762,24f4fb24a38311538bf1df3a286714902ff944da4bc5b2340a236b8e9b858a23,9485b1648e9755e20841479de0cd659e0c4211fb45e4d1cfd3faf3601101482f,96245163088d9f552438e33e5e12d6e7cd04b094d0595c9f04f8a8bb900c46bb,21360,17160,4140,60,14021.061261262674,2122.3075963875071,True,1.3802292642139946e-12,34275.767686857318,9.9999999999999995e-07,48,
calibration,functional,220,8,morph_starter,10,21439.585234711762,2143.9585234711762,24f4fb24a38311538bf1df3a286714902ff944da4bc5b2340a236b8e9b858a23,9485b1648e9755e20841479de0cd659e0c4211fb45e4d1cfd3faf3601101482f,96245163088d9f552438e33e5e12d6e7cd04b094d0595c9f04f8a8bb900c46bb,21360,17160,4140,60,20251.232718695221,2925.3882672151326,True,1.6300294447546548e-12,34306.874515908072,9.9999999999999995e-07,48,
calibration,functional,220,8,direct_starter,10,21439.585234711762,2143.9585234711762,24f4fb24a38311538bf1df3a286714902ff944da4bc5b2340a236b8e9b858a23,9485b1648e9755e20841479de0cd659e0c4211fb45e4d1cfd3faf3601101482f,96245163088d9f552438e33e5e12d6e7cd04b094d0595c9f04f8a8bb900c46bb,21360,17160,4140,60,19881.71732253518,2873.9821917517479,True,1.6497914145929826e-12,34306.095923259381,9.9999999999999995e-07,48,
calibration,functional,220,8,gaussian_baseline,12,25727.502281654117,2143.9585234711762,24f4fb24a38311538bf1df3a286714902ff944da4bc5b2340a236b8e9b858a23,068ec7460edb3e0c7ffde8b946465d529a2c1b422727548364e92b9afb73f8cc,2727b2fd45a26e6905961651015a036821606838f12d5d66df3e1f1377f86aba,25574,19749,5757,68,16580.768406031515,2107.3805755436601,True,8.9139806647153819e-13,34300.62065750805,9.9999999999999995e-07,41,
calibration,functional,220,8,common_starter,12,25727.502281654117,2143.9585234711762,24f4fb24a38311538bf1df3a286714902ff944da4bc5b2340a236b8e9b858a23,068ec7460edb3e0c7ffde8b946465d529a2c1b422727548364e92b9afb73f8cc,2727b2fd45a26e6905961651015a036821606838f12d5d66df3e1f1377f86aba,25574,20566,4940,68,22313.014743654585,2699.9877262208115,True,5.915046230597909e-12,34313.353186518267,9.9999999999999995e-07,48,
calibration,functional,220,8,gaussian_starter,12,25727.502281654117,2143.9585234711762,24f4fb24a38311538bf1df3a286714902ff944da4bc5b2340a236b8e9b858a23,068ec7460edb3e0c7ffde8b946465d529a2c1b422727548364e92b9afb73f8cc,2727b2fd45a26e6905961651015a036821606838f12d5d66df3e1f1377f86aba,25574,20566,4940,68,16838.294286413398,2123.9675800107316,True,4.1826542229728148e-12,34298.587641722232,9.9999999999999995e-07,48,
calibration,functional,220,8,morph_starter,12,25727.502281654117,2143.9585234711762,24f4fb24a38311538bf1df3a286714902ff944da4bc5b2340a236b8e9b858a23,068ec7460edb3e0c7ffde8b946465d529a2c1b422727548364e92b9afb73f8cc,2727b2fd45a26e6905961651015a036821606838f12d5d66df3e1f1377f86aba,25574,20566,4940,68,24155.746696488604,2927.8543279311239,True,4.9611426078399745e-12,34336.671788070198,9.9999999999999995e-07,48,
calibration,functional,220,8,direct_starter,12,25727.502281654117,2143.9585234711762,24f4fb24a38311538bf1df3a286714902ff944da4bc5b2340a236b8e9b858a23,068ec7460edb3e0c7ffde8b946465d529a2c1b422727548364e92b9afb73f8cc,2727b2fd45a26e6905961651015a036821606838f12d5d66df3e1f1377f86aba,25574,20566,4940,68,23723.352000900402,2876.4363389321265,True,5.1414428270390999e-12,34335.704942993463,9.9999999999999995e-07,48,
calibration,functional,220,8,gaussian_baseline,16,34303.33637553882,2143.9585234711762,24f4fb24a38311538bf1df3a286714902ff944da4bc5b2340a236b8e9b858a23,01d883ba8373d7e78dadc9bfe77e009839a1f77cfaf1eba8f6f2a8599ddca2b1,4e1ac300b3c6b6570b8e2529c252e17649948237252010592e5f466add0339d1,34222,26442,7694,86,22456.180207025209,2110.7191675549516,True,9.0197987967499671e-12,34345.693956131297,9.9999999999999995e-07,41,
calibration,functional,220,8,common_starter,16,34303.33637553882,2143.9585234711762,24f4fb24a38311538bf1df3a286714902ff944da4bc5b2340a236b8e9b858a23,01d883ba8373d7e78dadc9bfe77e009839a1f77cfaf1eba8f6f2a8599ddca2b1,4e1ac300b3c6b6570b8e2529c252e17649948237252010592e5f466add0339d1,34222,27537,6599,86,29932.952841780367,2704.8696415360673,True,4.2005066092087873e-11,34364.593786452599,9.9999999999999995e-07,48,
calibration,functional,220,8,gaussian_starter,16,34303.33637553882,2143.9585234711762,24f4fb24a38311538bf1df3a286714902ff944da4bc5b2340a236b8e9b858a23,01d883ba8373d7e78dadc9bfe77e009839a1f77cfaf1eba8f6f2a8599ddca2b1,4e1ac300b3c6b6570b8e2529c252e17649948237252010592e5f466add0339d1,34222,27537,6599,86,22771.613825037941,2127.3037836260869,True,3.028466366572502e-11,34343.215759180661,9.9999999999999995e-07,48,
calibration,functional,220,8,morph_starter,16,34303.33637553882,2143.9585234711762,24f4fb24a38311538bf1df3a286714902ff944da4bc5b2340a236b8e9b858a23,01d883ba8373d7e78dadc9bfe77e009839a1f77cfaf1eba8f6f2a8599ddca2b1,4e1ac300b3c6b6570b8e2529c252e17649948237252010592e5f466add0339d1,34222,27537,6599,86,32362.244473689916,2932.8165996614698,True,3.5221936478535554e-11,34396.066023001193,9.9999999999999995e-07,48,
calibration,functional,220,8,direct_starter,16,34303.33637553882,2143.9585234711762,24f4fb24a38311538bf1df3a286714902ff944da4bc5b2340a236b8e9b858a23,01d883ba8373d7e78dadc9bfe77e009839a1f77cfaf1eba8f6f2a8599ddca2b1,4e1ac300b3c6b6570b8e2529c252e17649948237252010592e5f466add0339d1,34222,27537,6599,86,31799.61021399188,2881.3788456350017,True,3.6467051600652667e-11,34394.69474786162,9.9999999999999995e-07,48,
calibration,functional,220,9,gaussian_baseline,0,0,2143.9585234711762,67351fd8d6500cdf7a8f820082e5af69456572072c6c851c868f02dbc3ab290d,d3bb56f8ed6d718b0d014fd9eec6c619f30907068e2667d838febcc69349baac,67351fd8d6500cdf7a8f820082e5af69456572072c6c851c868f02dbc3ab290d,0,0,0,0,2083.1988963665954,2100.5869164763499,True,2.5646951007374241e-08,34213.320911336879,9.9999999999999995e-07,41,
calibration,functional,220,9,common_starter,0,0,2143.9585234711762,67351fd8d6500cdf7a8f820082e5af69456572072c6c851c868f02dbc3ab290d,d3bb56f8ed6d718b0d014fd9eec6c619f30907068e2667d838febcc69349baac,67351fd8d6500cdf7a8f820082e5af69456572072c6c851c868f02dbc3ab290d,0,0,0,0,3024.3280906662694,2691.7203481377906,True,2.1763710764122202e-08,34213.614244344113,9.9999999999999995e-07,48,
calibration,functional,220,9,gaussian_starter,0,0,2143.9585234711762,67351fd8d6500cdf7a8f820082e5af69456572072c6c851c868f02dbc3ab290d,d3bb56f8ed6d718b0d014fd9eec6c619f30907068e2667d838febcc69349baac,67351fd8d6500cdf7a8f820082e5af69456572072c6c851c868f02dbc3ab290d,0,0,0,0,2030.6637619559124,2119.0217353323187,True,1.5479632575754465e-08,34213.783638317655,9.9999999999999995e-07,48,
calibration,functional,220,9,morph_starter,0,0,2143.9585234711762,67351fd8d6500cdf7a8f820082e5af69456572072c6c851c868f02dbc3ab290d,d3bb56f8ed6d718b0d014fd9eec6c619f30907068e2667d838febcc69349baac,67351fd8d6500cdf7a8f820082e5af69456572072c6c851c868f02dbc3ab290d,0,0,0,0,3180.7332525513752,2920.020523869297,True,1.9452769724898067e-08,34217.188325753494,9.9999999999999995e-07,48,
calibration,functional,220,9,direct_starter,0,0,2143.9585234711762,67351fd8d6500cdf7a8f820082e5af69456572072c6c851c868f02dbc3ab290d,d3bb56f8ed6d718b0d014fd9eec6c619f30907068e2667d838febcc69349baac,67351fd8d6500cdf7a8f820082e5af69456572072c6c851c868f02dbc3ab290d,0,0,0,0,3199.0514456480755,2868.4824611212566,True,2.0453699400846403e-08,34216.717545854284,9.9999999999999995e-07,48,
calibration,functional,220,9,gaussian_baseline,0.5,1071.9792617355881,2143.9585234711762,67351fd8d6500cdf7a8f820082e5af69456572072c6c851c868f02dbc3ab290d,449f294914b506bda4140eab4cb056bfda8e3e9c08db4c1630331184c02a4894,305466c7cb6da257718da209cf1654d124f5e7552cd3641b1501572e95cb43cd,1093,846,245,2,2787.1144139080334,2101.0111719747551,True,6.2342485396271741e-08,34219.662817095152,9.9999999999999995e-07,41,
calibration,functional,220,9,common_starter,0.5,1071.9792617355881,2143.9585234711762,67351fd8d6500cdf7a8f820082e5af69456572072c6c851c868f02dbc3ab290d,449f294914b506bda4140eab4cb056bfda8e3e9c08db4c1630331184c02a4894,305466c7cb6da257718da209cf1654d124f5e7552cd3641b1501572e95cb43cd,1093,878,213,2,3945.8399330482785,2692.3427522117236,True,5.8586977980806809e-08,34220.645382117553,9.9999999999999995e-07,48,
calibration,functional,220,9,gaussian_starter,0.5,1071.9792617355881,2143.9585234711762,67351fd8d6500cdf7a8f820082e5af69456572072c6c851c868f02dbc3ab290d,449f294914b506bda4140eab4cb056bfda8e3e9c08db4c1630331184c02a4894,305466c7cb6da257718da209cf1654d124f5e7552cd3641b1501572e95cb43cd,1093,878,213,2,2740.953153371594,2119.4505866644763,True,4.3734923155236416e-08,34220.075732289282,9.9999999999999995e-07,48,
calibration,functional,220,9,morph_starter,0.5,1071.9792617355881,2143.9585234711762,67351fd8d6500cdf7a8f820082e5af69456572072c6c851c868f02dbc3ab290d,449f294914b506bda4140eab4cb056bfda8e3e9c08db4c1630331184c02a4894,305466c7cb6da257718da209cf1654d124f5e7552cd3641b1501572e95cb43cd,1093,878,213,2,4173.4857082169656,2920.6585602260811,True,5.2721836290778312e-08,34225.203667093621,9.9999999999999995e-07,48,
calibration,functional,220,9,direct_starter,0.5,1071.9792617355881,2143.9585234711762,67351fd8d6500cdf7a8f820082e5af69456572072c6c851c868f02dbc3ab290d,449f294914b506bda4140eab4cb056bfda8e3e9c08db4c1630331184c02a4894,305466c7cb6da257718da209cf1654d124f5e7552cd3641b1501572e95cb43cd,1093,878,213,2,4176.9292988139241,2869.117029098014,True,5.5056592347668687e-08,34224.679979496002,9.9999999999999995e-07,48,
calibration,functional,220,9,gaussian_baseline,1,2143.9585234711762,2143.9585234711762,67351fd8d6500cdf7a8f820082e5af69456572072c6c851c868f02dbc3ab290d,86c2eef120575f9ed91287a97601016d04248955047cfa47b4c7e18aab3c7985,0243fead3cc7ea4e479d557b5d346cd815c66ea5efcac28da67a91b7a1b5eec2,2187,1694,485,8,3535.0689230148801,2101.441555907063,True,1.3477442073472901e-07,34226.014493934461,9.9999999999999995e-07,41,
calibration,functional,220,9,common_starter,1,2143.9585234711762,2143.9585234711762,67351fd8d6500cdf7a8f820082e5af69456572072c6c851c868f02dbc3ab290d,86c2eef120575f9ed91287a97601016d04248955047cfa47b4c7e18aab3c7985,0243fead3cc7ea4e479d557b5d346cd815c66ea5efcac28da67a91b7a1b5eec2,2187,1751,428,8,4904.505038352153,2692.9781517444017,True,1.3428041629537715e-07,34227.84950700921,9.9999999999999995e-07,48,
calibration,functional,220,9,gaussian_starter,1,2143.9585234711762,2143.9585234711762,67351fd8d6500cdf7a8f820082e5af69456572072c6c851c868f02dbc3ab290d,86c2eef120575f9ed91287a97601016d04248955047cfa47b4c7e18aab3c7985,0243fead3cc7ea4e479d557b5d346cd815c66ea5efcac28da67a91b7a1b5eec2,2187,1751,428,8,3496.3402172500223,2119.886978263622,True,1.0440900843899925e-07,34226.368886428187,9.9999999999999995e-07,48,
calibration,functional,220,9,morph_starter,1,2143.9585234711762,2143.9585234711762,67351fd8d6500cdf7a8f820082e5af69456572072c6c851c868f02dbc3ab290d,86c2eef120575f9ed91287a97601016d04248955047cfa47b4c7e18aab3c7985,0243fead3cc7ea4e479d557b5d346cd815c66ea5efcac28da67a91b7a1b5eec2,2187,1751,428,8,5209.6354332604396,2921.3076904346435,True,1.2158472378204221e-07,34233.416668927101,9.9999999999999995e-07,48,
calibration,functional,220,9,direct_starter,1,2143.9585234711762,2143.9585234711762,67351fd8d6500cdf7a8f820082e5af69456572072c6c851c868f02dbc3ab290d,86c2eef120575f9ed91287a97601016d04248955047cfa47b4c7e18aab3c7985,0243fead3cc7ea4e479d557b5d346cd815c66ea5efcac28da67a91b7a1b5eec2,2187,1751,428,8,5195.7508316716894,2869.7632017625047,True,1.2629492514987239e-07,34232.846005046529,9.9999999999999995e-07,48,
calibration,functional,220,9,gaussian_baseline,2,4287.9170469423525,2143.9585234711762,67351fd8d6500cdf7a8f820082e5af69456572072c6c851c868f02dbc3ab290d,d80bf2f68f656b1cf4c6bfce573c39a3602d66f73acb768cf56cbf25f5f6a003,8a93d4887820bc0a218395c6bf86396b408d0e0fdf2da487117b26bffb770758,4341,3346,980,15,4920.9134732282128,2102.2596526737207,True,1.4765966227514582e-14,34237.173831639033,9.9999999999999995e-07,41,
calibration,functional,220,9,common_starter,2,4287.9170469423525,2143.9585234711762,67351fd8d6500cdf7a8f820082e5af69456572072c6c851c868f02dbc3ab290d,d80bf2f68f656b1cf4c6bfce573c39a3602d66f73acb768cf56cbf25f5f6a003,8a93d4887820bc0a218395c6bf86396b408d0e0fdf2da487117b26bffb770758,4341,3480,846,15,6723.8939463498136,2694.1629173346869,True,3.8725966877706242e-14,34240.33563550542,9.9999999999999995e-07,48,
calibration,functional,220,9,gaussian_starter,2,4287.9170469423525,2143.9585234711762,67351fd8d6500cdf7a8f820082e5af69456572072c6c851c868f02dbc3ab290d,d80bf2f68f656b1cf4c6bfce573c39a3602d66f73acb768cf56cbf25f5f6a003,8a93d4887820bc0a218395c6bf86396b408d0e0fdf2da487117b26bffb770758,4341,3480,846,15,4896.0167200632104,2120.7016331716904,True,8.2975293302922637e-14,34237.419309623023,9.9999999999999995e-07,48,
calibration,functional,220,9,morph_starter,2,4287.9170469423525,2143.9585234711762,67351fd8d6500cdf7a8f820082e5af69456572072c6c851c868f02dbc3ab290d,d80bf2f68f656b1cf4c6bfce573c39a3602d66f73acb768cf56cbf25f5f6a003,8a93d4887820bc0a218395c6bf86396b408d0e0fdf2da487117b26bffb770758,4341,3480,846,15,7167.931015065782,2922.5165054985641,True,6.6988081748320383e-14,34247.853744467444,9.9999999999999995e-07,48,
calibration,functional,220,9,direct_starter,2,4287.9170469423525,2143.9585234711762,67351fd8d6500cdf7a8f820082e5af69456572072c6c851c868f02dbc3ab290d,d80bf2f68f656b1cf4c6bfce573c39a3602d66f73acb768cf56cbf25f5f6a003,8a93d4887820bc0a218395c6bf86396b408d0e0fdf2da487117b26bffb770758,4341,3480,846,15,7122.8207716122715,2870.9664727555569,True,2.8588242884097781e-14,34247.18732671364,9.9999999999999995e-07,48,
calibration,functional,220,9,gaussian_baseline,3,6431.8755704135292,2143.9585234711762,67351fd8d6500cdf7a8f820082e5af69456572072c6c851c868f02dbc3ab290d,e6de2549754106f84a089d8994bb1381a945f901e7ace3c6ce9b3d7de68b3fd8,db1d9866479934b480c7d9b2674bc09ffde3eb6ed3c8b79a13c8c7fe9857ba4e,6531,5049,1462,20,6377.8011503368807,2103.0848863239944,True,1.2212453270876722e-14,34248.186790171472,9.9999999999999995e-07,41,
calibration,functional,220,9,common_starter,3,6431.8755704135292,2143.9585234711762,67351fd8d6500cdf7a8f820082e5af69456572072c6c851c868f02dbc3ab290d,e6de2549754106f84a089d8994bb1381a945f901e7ace3c6ce9b3d7de68b3fd8,db1d9866479934b480c7d9b2674bc09ffde3eb6ed3c8b79a13c8c7fe9857ba4e,6531,5259,1252,20,8619.4531246431306,2695.3710362280131,True,1.0456913113188193e-13,34252.843171740788,9.9999999999999995e-07,48,
calibration,functional,220,9,gaussian_starter,3,6431.8755704135292,2143.9585234711762,67351fd8d6500cdf7a8f820082e5af69456572072c6c851c868f02dbc3ab290d,e6de2549754106f84a089d8994bb1381a945f901e7ace3c6ce9b3d7de68b3fd8,db1d9866479934b480c7d9b2674bc09ffde3eb6ed3c8b79a13c8c7fe9857ba4e,6531,5259,1252,20,6366.6460163043002,2121.5251361144096,True,3.6859404417555197e-14,34248.324755905829,9.9999999999999995e-07,48,
calibration,functional,220,9,morph_starter,3,6431.8755704135292,2143.9585234711762,67351fd8d6500cdf7a8f820082e5af69456572072c6c851c868f02dbc3ab290d,e6de2549754106f84a089d8994bb1381a945f901e7ace3c6ce9b3d7de68b3fd8,db1d9866479934b480c7d9b2674bc09ffde3eb6ed3c8b79a13c8c7fe9857ba4e,6531,5259,1252,20,9215.6014341232312,2923.7456759988654,True,3.2474023470285829e-14,34262.361151515186,9.9999999999999995e-07,48,
calibration,functional,220,9,direct_starter,3,6431.8755704135292,2143.9585234711762,67351fd8d6500cdf7a8f820082e5af69456572072c6c851c868f02dbc3ab290d,e6de2549754106f84a089d8994bb1381a945f901e7ace3c6ce9b3d7de68b3fd8,db1d9866479934b480c7d9b2674bc09ffde3eb6ed3c8b79a13c8c7fe9857ba4e,6531,5259,1252,20,9138.7903027781686,2872.1906841840837,True,2.4924506902834764e-14,34261.590266500803,9.9999999999999995e-07,48,
calibration,functional,220,9,gaussian_baseline,4,8575.834093884705,2143.9585234711762,67351fd8d6500cdf7a8f820082e5af69456572072c6c851c868f02dbc3ab290d,b32feac3906173b4edbd10821eba5e6b744e1e1413e71b16b7d067b558f88679,172d028b6b4ddf4149ee5a0189f2a05005935e76bf4cc1e778e6922c97463bd3,8716,6732,1961,23,7736.6743584394435,2103.9519896768734,True,5.6427085226573581e-14,34260.956993497879,9.9999999999999995e-07,41,
calibration,functional,220,9,common_starter,4,8575.834093884705,2143.9585234711762,67351fd8d6500cdf7a8f820082e5af69456572072c6c851c868f02dbc3ab290d,b32feac3906173b4edbd10821eba5e6b744e1e1413e71b16b7d067b558f88679,172d028b6b4ddf4149ee5a0189f2a05005935e76bf4cc1e778e6922c97463bd3,8716,7010,1683,23,10374.581118366626,2696.6400360080575,True,3.1058489113888754e-14,34267.082650058488,9.9999999999999995e-07,48,
calibration,functional,220,9,gaussian_starter,4,8575.834093884705,2143.9585234711762,67351fd8d6500cdf7a8f820082e5af69456572072c6c851c868f02dbc3ab290d,b32feac3906173b4edbd10821eba5e6b744e1e1413e71b16b7d067b558f88679,172d028b6b4ddf4149ee5a0189f2a05005935e76bf4cc1e778e6922c97463bd3,8716,7010,1683,23,7737.6832416402967,2122.4048006644871,True,7.2719608112947753e-15,34261.00012805302,9.9999999999999995e-07,48,
calibration,functional,220,9,morph_starter,4,8575.834093884705,2143.9585234711762,67351fd8d6500cdf7a8f820082e5af69456572072c6c851c868f02dbc3ab290d,b32feac3906173b4edbd10821eba5e6b744e1e1413e71b16b7d067b558f88679,172d028b6b4ddf4149ee5a0189f2a05005935e76bf4cc1e778e6922c97463bd3,8716,7010,1683,23,11106.566321795,2925.0474143565812,True,2.3009372185356369e-14,34278.474572702733,9.9999999999999995e-07,48,
calibration,functional,220,9,direct_starter,4,8575.834093884705,2143.9585234711762,67351fd8d6500cdf7a8f820082e5af69456572072c6c851c868f02dbc3ab290d,b32feac3906173b4edbd10821eba5e6b744e1e1413e71b16b7d067b558f88679,172d028b6b4ddf4149ee5a0189f2a05005935e76bf4cc1e778e6922c97463bd3,8716,7010,1683,23,10999.549348390983,2873.4849487619645,True,1.6875389974302379e-14,34277.611466767834,9.9999999999999995e-07,48,
calibration,functional,220,9,gaussian_baseline,5,10719.792617355881,2143.9585234711762,67351fd8d6500cdf7a8f820082e5af69456572072c6c851c868f02dbc3ab290d,4cb4b855285e93ddb5da646a1eab34c1168cd6fd52ffba68d141cb6d8c614087,bd20a0f275d44f511d148e2ec938aa05931fc3443757b1edfd99b283eb8a2b11,10833,8365,2440,28,9132.6543693746698,2104.7867537151747,True,8.1185058675714572e-14,34272.315446854824,9.9999999999999995e-07,41,
calibration,functional,220,9,common_starter,5,10719.792617355881,2143.9585234711762,67351fd8d6500cdf7a8f820082e5af69456572072c6c851c868f02dbc3ab290d,4cb4b855285e93ddb5da646a1eab34c1168cd6fd52ffba68d141cb6d8c614087,bd20a0f275d44f511d148e2ec938aa05931fc3443757b1edfd99b283eb8a2b11,10833,8722,2083,28,12182.27920398192,2697.8452132950129,True,2.4313884239290928e-14,34279.923689473027,9.9999999999999995e-07,48,
calibration,functional,220,9,gaussian_starter,5,10719.792617355881,2143.9585234711762,67351fd8d6500cdf7a8f820082e5af69456572072c6c851c868f02dbc3ab290d,4cb4b855285e93ddb5da646a1eab34c1168cd6fd52ffba68d141cb6d8c614087,bd20a0f275d44f511d148e2ec938aa05931fc3443757b1edfd99b283eb8a2b11,10833,8722,2083,28,9147.6595362290082,2123.2312014083191,True,7.9936057773011271e-15,34272.248692368252,9.9999999999999995e-07,48,
calibration,functional,220,9,morph_starter,5,10719.792617355881,2143.9585234711762,67351fd8d6500cdf7a8f820082e5af69456572072c6c851c868f02dbc3ab290d,4cb4b855285e93ddb5da646a1eab34c1168cd6fd52ffba68d141cb6d8c614087,bd20a0f275d44f511d148e2ec938aa05931fc3443757b1edfd99b283eb8a2b11,10833,8722,2083,28,13052.834372676774,2926.2745886268472,True,4.368727601899991e-14,34293.251617080692,9.9999999999999995e-07,48,
calibration,functional,220,9,direct_starter,5,10719.792617355881,2143.9585234711762,67351fd8d6500cdf7a8f820082e5af69456572072c6c851c868f02dbc3ab290d,4cb4b855285e93ddb5da646a1eab34c1168cd6fd52ffba68d141cb6d8c614087,bd20a0f275d44f511d148e2ec938aa05931fc3443757b1edfd99b283eb8a2b11,10833,8722,2083,28,12914.309619783096,2874.7068300641686,True,2.5701663020072374e-14,34292.295514999219,9.9999999999999995e-07,48,
calibration,functional,220,9,gaussian_baseline,6,12863.751140827058,2143.9585234711762,67351fd8d6500cdf7a8f820082e5af69456572072c6c851c868f02dbc3ab290d,c115011c5f3b6541cccc0bb8882096a66c2e367ea3b4da4cd433f7d4038cde67,65190645380330b935df06efc7193ea7bb01b6dabfff13fdfd064e95eb5b9cae,12903,9942,2929,32,10450.412527439415,2105.5831900924927,True,2.3925306180672123e-14,34283.463337707602,9.9999999999999995e-07,41,
calibration,functional,220,9,common_starter,6,12863.751140827058,2143.9585234711762,67351fd8d6500cdf7a8f820082e5af69456572072c6c851c868f02dbc3ab290d,c115011c5f3b6541cccc0bb8882096a66c2e367ea3b4da4cd433f7d4038cde67,65190645380330b935df06efc7193ea7bb01b6dabfff13fdfd064e95eb5b9cae,12903,10370,2501,32,13879.364687126334,2699.0020976542796,True,8.0740969465864509e-14,34292.525203016841,9.9999999999999995e-07,48,
calibration,functional,220,9,gaussian_starter,6,12863.751140827058,2143.9585234711762,67351fd8d6500cdf7a8f820082e5af69456572072c6c851c868f02dbc3ab290d,c115011c5f3b6541cccc0bb8882096a66c2e367ea3b4da4cd433f7d4038cde67,65190645380330b935df06efc7193ea7bb01b6dabfff13fdfd064e95eb5b9cae,12903,10370,2501,32,10478.093157156762,2124.027285727911,True,5.6683824301018149e-14,34283.297428612168,9.9999999999999995e-07,48,
calibration,functional,220,9,morph_starter,6,12863.751140827058,2143.9585234711762,67351fd8d6500cdf7a8f820082e5af69456572072c6c851c868f02dbc3ab290d,c115011c5f3b6541cccc0bb8882096a66c2e367ea3b4da4cd433f7d4038cde67,65190645380330b935df06efc7193ea7bb01b6dabfff13fdfd064e95eb5b9cae,12903,10370,2501,32,14885.084152260781,2927.455604687736,True,1.6986412276764895e-14,34307.648172561305,9.9999999999999995e-07,48,
calibration,functional,220,9,direct_starter,6,12863.751140827058,2143.9585234711762,67351fd8d6500cdf7a8f820082e5af69456572072c6c851c868f02dbc3ab290d,c115011c5f3b6541cccc0bb8882096a66c2e367ea3b4da4cd433f7d4038cde67,65190645380330b935df06efc7193ea7bb01b6dabfff13fdfd064e95eb5b9cae,12903,10370,2501,32,14716.79557674394,2875.8825375796014,True,2.0095036745715333e-14,34306.604990194668,9.9999999999999995e-07,48,
calibration,functional,220,9,gaussian_baseline,8,17151.66818776941,2143.9585234711762,67351fd8d6500cdf7a8f820082e5af69456572072c6c851c868f02dbc3ab290d,c906af802e4fac5df534b7f580f68976987e7e70a9b236308644e3621c2a4ce7,db559d585aa545718f68327ce786ab87f01e1af45ad02dbecd114c429f105fe6,17098,13177,3881,40,13190.74004513159,2107.2008999514028,True,1.1600442828552104e-13,34305.652562326584,9.9999999999999995e-07,41,
calibration,functional,220,9,common_starter,8,17151.66818776941,2143.9585234711762,67351fd8d6500cdf7a8f820082e5af69456572072c6c851c868f02dbc3ab290d,c906af802e4fac5df534b7f580f68976987e7e70a9b236308644e3621c2a4ce7,db559d585aa545718f68327ce786ab87f01e1af45ad02dbecd114c429f105fe6,17098,13732,3326,40,17451.961386942185,2701.3775165753104,True,1.6109336087311021e-13,34317.481441491451,9.9999999999999995e-07,48,
calibration,functional,220,9,gaussian_starter,8,17151.66818776941,2143.9585234711762,67351fd8d6500cdf7a8f820082e5af69456572072c6c851c868f02dbc3ab290d,c906af802e4fac5df534b7f580f68976987e7e70a9b236308644e3621c2a4ce7,db559d585aa545718f68327ce786ab87f01e1af45ad02dbecd114c429f105fe6,17098,13732,3326,40,13242.788504576836,2125.6669699179242,True,1.7109230698864053e-13,34305.297124444791,9.9999999999999995e-07,48,
calibration,functional,220,9,morph_starter,8,17151.66818776941,2143.9585234711762,67351fd8d6500cdf7a8f820082e5af69456572072c6c851c868f02dbc3ab290d,c906af802e4fac5df534b7f580f68976987e7e70a9b236308644e3621c2a4ce7,db559d585aa545718f68327ce786ab87f01e1af45ad02dbecd114c429f105fe6,17098,13732,3326,40,18728.992028412988,2929.8830495879015,True,1.7780221739371882e-13,34336.44198716247,9.9999999999999995e-07,48,
calibration,functional,220,9,direct_starter,8,17151.66818776941,2143.9585234711762,67351fd8d6500cdf7a8f820082e5af69456572072c6c851c868f02dbc3ab290d,c906af802e4fac5df534b7f580f68976987e7e70a9b236308644e3621c2a4ce7,db559d585aa545718f68327ce786ab87f01e1af45ad02dbecd114c429f105fe6,17098,13732,3326,40,18501.020578443196,2878.298895627895,True,1.0252909632413321e-13,34335.203495712049,9.9999999999999995e-07,48,
calibration,functional,220,9,gaussian_baseline,10,21439.585234711762,2143.9585234711762,67351fd8d6500cdf7a8f820082e5af69456572072c6c851c868f02dbc3ab290d,57110cf94d14ca45c4064e2cdb0208fe721c2240a197e805afb8aeb2416f8c50,8bf2da7f4e99813e9a9b37d0fcdaabf7aa3f59b2f97269c6e669932ebfc48a5c,21434,16519,4862,53,16074.884676273079,2108.8785495430275,True,6.4243055319934683e-13,34329.058047316437,9.9999999999999995e-07,41,
calibration,functional,220,9,common_starter,10,21439.585234711762,2143.9585234711762,67351fd8d6500cdf7a8f820082e5af69456572072c6c851c868f02dbc3ab290d,57110cf94d14ca45c4064e2cdb0208fe721c2240a197e805afb8aeb2416f8c50,8bf2da7f4e99813e9a9b37d0fcdaabf7aa3f59b2f97269c6e669932ebfc48a5c,21434,17212,4169,53,21209.128407472046,2703.8249289214809,True,1.117217429680295e-12,34343.816143823657,9.9999999999999995e-07,48,
calibration,functional,220,9,gaussian_starter,10,21439.585234711762,2143.9585234711762,67351fd8d6500cdf7a8f820082e5af69456572072c6c851c868f02dbc3ab290d,57110cf94d14ca45c4064e2cdb0208fe721c2240a197e805afb8aeb2416f8c50,8bf2da7f4e99813e9a9b37d0fcdaabf7aa3f59b2f97269c6e669932ebfc48a5c,21434,17212,4169,53,16156.29012622496,2127.3460729181115,True,6.9912131639426889e-13,34328.472029353572,9.9999999999999995e-07,48,
calibration,functional,220,9,morph_starter,10,21439.585234711762,2143.9585234711762,67351fd8d6500cdf7a8f820082e5af69456572072c6c851c868f02dbc3ab290d,57110cf94d14ca45c4064e2cdb0208fe721c2240a197e805afb8aeb2416f8c50,8bf2da7f4e99813e9a9b37d0fcdaabf7aa3f59b2f97269c6e669932ebfc48a5c,21434,17212,4169,53,22774.701682409959,2932.378268398355,True,8.1956663677829056e-13,34366.798276097848,9.9999999999999995e-07,48,
calibration,functional,220,9,direct_starter,10,21439.585234711762,2143.9585234711762,67351fd8d6500cdf7a8f820082e5af69456572072c6c851c868f02dbc3ab290d,57110cf94d14ca45c4064e2cdb0208fe721c2240a197e805afb8aeb2416f8c50,8bf2da7f4e99813e9a9b37d0fcdaabf7aa3f59b2f97269c6e669932ebfc48a5c,21434,17212,4169,53,22483.548939272201,2880.7837746222649,True,8.2400752887679118e-13,34365.355901480216,9.9999999999999995e-07,48,
calibration,functional,220,9,gaussian_baseline,12,25727.502281654117,2143.9585234711762,67351fd8d6500cdf7a8f820082e5af69456572072c6c851c868f02dbc3ab290d,57953594e9694dde8e6224ac37826f89811017e857b225a49f013f49d626bfcc,b8e88318a2c48f03c3984e4c77da9dc3c21f6e84a7cf1a190ae4b908e195bfb9,25652,19745,5841,66,18770.99326028876,2110.5125099742631,True,2.1520563109334034e-12,34352.135418511141,9.9999999999999995e-07,41,
calibration,functional,220,9,common_starter,12,25727.502281654117,2143.9585234711762,67351fd8d6500cdf7a8f820082e5af69456572072c6c851c868f02dbc3ab290d,57953594e9694dde8e6224ac37826f89811017e857b225a49f013f49d626bfcc,b8e88318a2c48f03c3984e4c77da9dc3c21f6e84a7cf1a190ae4b908e195bfb9,25652,20564,5022,66,24683.192509547185,2706.2264061178375,True,3.3290037393385319e-12,34369.853891676838,9.9999999999999995e-07,48,
calibration,functional,220,9,gaussian_starter,12,25727.502281654117,2143.9585234711762,67351fd8d6500cdf7a8f820082e5af69456572072c6c851c868f02dbc3ab290d,57953594e9694dde8e6224ac37826f89811017e857b225a49f013f49d626bfcc,b8e88318a2c48f03c3984e4c77da9dc3c21f6e84a7cf1a190ae4b908e195bfb9,25652,20564,5022,66,18877.668291438462,2129.0009234019008,True,2.2500890040078048e-12,34351.352376075629,9.9999999999999995e-07,48,
calibration,functional,220,9,morph_starter,12,25727.502281654117,2143.9585234711762,67351fd8d6500cdf7a8f820082e5af69456572072c6c851c868f02dbc3ab290d,57953594e9694dde8e6224ac37826f89811017e857b225a49f013f49d626bfcc,b8e88318a2c48f03c3984e4c77da9dc3c21f6e84a7cf1a190ae4b908e195bfb9,25652,20564,5022,66,26522.037432539008,2934.8357908841663,True,2.6586510770698624e-12,34396.525998083016,9.9999999999999995e-07,48,
calibration,functional,220,9,direct_starter,12,25727.502281654117,2143.9585234711762,67351fd8d6500cdf7a8f820082e5af69456572072c6c851c868f02dbc3ab290d,57953594e9694dde8e6224ac37826f89811017e857b225a49f013f49d626bfcc,b8e88318a2c48f03c3984e4c77da9dc3c21f6e84a7cf1a190ae4b908e195bfb9,25652,20564,5022,66,26168.026216469865,2883.2288124720526,True,2.8502755711201644e-12,34394.914603272817,9.9999999999999995e-07,48,
calibration,functional,220,9,gaussian_baseline,16,34303.33637553882,2143.9585234711762,67351fd8d6500cdf7a8f820082e5af69456572072c6c851c868f02dbc3ab290d,81c1e28d167ea4e2ed427970adaaea572bf125cad8d06b0b0225ed7df7a264b4,f248c2994078203b22c35e32fb18894d3d90885f184c9b0d57c1c35d08845591,34066,26264,7724,78,24349.426929530793,2113.7444142254863,True,1.5181134127573159e-11,34397.12181571671,9.9999999999999995e-07,41,
calibration,functional,220,9,common_starter,16,34303.33637553882,2143.9585234711762,67351fd8d6500cdf7a8f820082e5af69456572072c6c851c868f02dbc3ab290d,81c1e28d167ea4e2ed427970adaaea572bf125cad8d06b0b0225ed7df7a264b4,f248c2994078203b22c35e32fb18894d3d90885f184c9b0d57c1c35d08845591,34066,27336,6652,78,31933.951827789137,2710.9506892626259,True,2.4602653247995931e-11,34420.596668194841,9.9999999999999995e-07,48,
calibration,functional,220,9,gaussian_starter,16,34303.33637553882,2143.9585234711762,67351fd8d6500cdf7a8f820082e5af69456572072c6c851c868f02dbc3ab290d,81c1e28d167ea4e2ed427970adaaea572bf125cad8d06b0b0225ed7df7a264b4,f248c2994078203b22c35e32fb18894d3d90885f184c9b0d57c1c35d08845591,34066,27336,6652,78,24509.243438418958,2132.2514400099867,True,1.7348927849880624e-11,34395.924716276393,9.9999999999999995e-07,48,
calibration,functional,220,9,morph_starter,16,34303.33637553882,2143.9585234711762,67351fd8d6500cdf7a8f820082e5af69456572072c6c851c868f02dbc3ab290d,81c1e28d167ea4e2ed427970adaaea572bf125cad8d06b0b0225ed7df7a264b4,f248c2994078203b22c35e32fb18894d3d90885f184c9b0d57c1c35d08845591,34066,27336,6652,78,34330.640333038231,2939.651500191605,True,1.9674817330894712e-11,34455.025995422417,9.9999999999999995e-07,48,
calibration,functional,220,9,direct_starter,16,34303.33637553882,2143.9585234711762,67351fd8d6500cdf7a8f820082e5af69456572072c6c851c868f02dbc3ab290d,81c1e28d167ea4e2ed427970adaaea572bf125cad8d06b0b0225ed7df7a264b4,f248c2994078203b22c35e32fb18894d3d90885f184c9b0d57c1c35d08845591,34066,27336,6652,78,33852.241273596679,2888.0235631815131,True,2.0708212922215807e-11,34453.032262783992,9.9999999999999995e-07,48,
