scope_key,scope_label,dataset_set,mass_MeV,n_fit_bins,dimuon_factor,signal_yield_per_eps2_fitted_window,eps2_current_ee_raw,eps2_fixed_ee_raw,eps2_current_display,eps2_fixed_display,fixed_over_current,p0_current,log_p0_current,Z_current,p0_fixed,log_p0_fixed,Z_fixed,signed_r_fixed,Ahat_fixed_window,sigma_A_fixed_window,eps2_hat_fixed_unbounded_ee_raw,eps2_fixed_asimov_ee_raw,eps2_profiled_asimov_ee_raw,eps2_fixed_asimov_display,eps2_profiled_asimov_display,fixed_over_profiled_asimov,fixed_cls_at_limit,inherited_2016_numerical_exception,fixed_background_uncertainty_omitted,conditional_on_frozen_gp,gp_reoptimized,prior_2021_fixed_limit_relative_delta,prior_2021_fixed_r_delta,checkpoint_completed,checkpoint_status,status_profiled,status_p0_profiled,eps2_profiled_calibrated,eps2_profiled_calibrated_ee_raw,eps2_profiled_mc_low,eps2_profiled_mc_low_ee_raw,eps2_profiled_mc_high,eps2_profiled_mc_high_ee_raw,p0_profiled_calibrated,p0_profiled_mc_se,eps2_profiled_asymptotic,eps2_profiled_asymptotic_ee_raw,p0_profiled_asymptotic,status_fixed,status_p0_fixed,eps2_fixed_calibrated,eps2_fixed_calibrated_ee_raw,eps2_fixed_mc_low,eps2_fixed_mc_low_ee_raw,eps2_fixed_mc_high,eps2_fixed_mc_high_ee_raw,p0_fixed_calibrated,p0_fixed_mc_se,eps2_fixed_asymptotic,eps2_fixed_asymptotic_ee_raw,p0_fixed_asymptotic,ratio_fixed_over_profiled_calibrated,checkpoint_path,ntoys_per_proposal,nvalidation,sigma_reference,gp_backend,signed_r_profiled_asymptotic,limiting_truth_profiled,p0_limiting_truth_profiled,p0_profiled_weighted_estimate_unclipped,log_p0_profiled_calibrated,signed_r_fixed_asymptotic,limiting_truth_fixed,p0_limiting_truth_fixed,p0_fixed_weighted_estimate_unclipped,log_p0_fixed_calibrated,numerical_audit_passed
individual_2015_full,2015 full,2015,19,16,1.0,265796818.52123833,6.028720311142007e-06,1.1952205443670581e-06,6.028720311142007e-06,1.1952205443670581e-06,0.1982544358805476,0.5,-0.6931471805599453,0.0,0.5,-0.6931471805599453,0.0,-6.281151736539158,-5707.480326957091,906.2953505373649,-2.1473094970476625e-05,5.63319055530681e-06,1.6242399804934887e-05,5.63319055530681e-06,1.6242399804934887e-05,0.3468200895778524,0.09999999999960837,False,True,True,False,,,True,completed_point,resolved,bounded_atom,6.6274480572224025e-06,6.6274480572224025e-06,6.332434091598875e-06,6.332434091598875e-06,6.922462022845931e-06,6.922462022845931e-06,1.0,0.0,6.028734063384577e-06,6.028734063384577e-06,0.5,resolved,bounded_atom,1.646671310398952e-05,1.646671310398952e-05,1.5955652950058184e-05,1.5955652950058184e-05,1.6977773257920856e-05,1.6977773257920856e-05,1.0,0.0,1.1952205443670581e-06,1.1952205443670581e-06,0.5,2.4846234873232342,/Users/emryspeets/Desktop/gp_mods/hps-gpr-emrys-validation_workflow/study_results/v4p9p13_calibration_20260905/refined_v1/attempt1_batch002/individual_2015_full/m019/result.json,,500,2624.471283628719,eigenfeature_rtol_1e-15,-3.2106186896115254,gp,gp,1.0,0.0,-6.281151736539158,gp,gp,1.0,0.0,True
individual_2015_full,2015 full,2015,20,18,1.0,379009431.6061488,1.3250739100729953e-05,1.4642929267698412e-06,1.3250739100729953e-05,1.4642929267698412e-06,0.11050650953418717,0.4833791450286052,-0.7269539539094306,0.0416743648887986,0.5,-0.6931471805599453,0.0,-4.131744117464654,-4565.5758313209635,1103.4387495598749,-1.2046074452483085e-05,4.801999179414914e-06,1.3069826831673178e-05,4.801999179414914e-06,1.3069826831673178e-05,0.3674110790647843,0.09999999999905043,False,True,True,False,,,True,completed_point,resolved,resolved,1.3966575879665653e-05,1.3966575879665653e-05,1.350927900834539e-05,1.350927900834539e-05,1.4423872750985916e-05,1.4423872750985916e-05,0.9916734528537294,0.016020663872344458,1.3247666341930427e-05,1.3247666341930427e-05,0.4848575274371633,resolved,bounded_atom,1.4587312585428571e-05,1.4587312585428571e-05,1.3845190830108424e-05,1.3845190830108424e-05,1.5329434340748716e-05,1.5329434340748716e-05,1.0,0.0,1.4642929267698412e-06,1.4642929267698412e-06,0.5,1.0444444444444445,/Users/emryspeets/Desktop/gp_mods/hps-gpr-emrys-validation_workflow/study_results/v4p9p13_calibration_20260905/study_results/v4p9p13_calibration_20260905/chunked_v1/attempt1_remaining_2015_batch001/individual_2015_full/m020/result.json,,500,3011.392845161942,eigenfeature_rtol_1e-15,0.03796566847057856,gp,stress,0.9916734528537294,-0.008361406480086485,-4.131744117464654,gp,gp,1.0,0.0,True
individual_2015_full,2015 full,2015,21,18,1.0,492318919.8096628,2.62940119494728e-05,1.8729931810284704e-05,2.62940119494728e-05,1.8729931810284704e-05,0.7123268920040269,0.005940912807469,-5.125892486122727,2.515634723312826,9.23613411572798e-10,-20.802727517578322,6.010701123451329,6.010701123451329,7597.686365354237,1266.276425991758,1.5432448479314193e-05,4.221730197203135e-06,1.136778194058442e-05,4.221730197203135e-06,1.136778194058442e-05,0.3713767751060586,0.09999999999989903,False,True,True,False,,,True,completed_point,resolved,resolved,2.5807121270591234e-05,2.5807121270591234e-05,2.518821728028221e-05,2.518821728028221e-05,2.642602526090026e-05,2.642602526090026e-05,0.00845171107381642,0.0006316145382802757,2.6294102151615193e-05,2.6294102151615193e-05,0.005939157409582324,resolved,resolved,2.8398631356340985e-05,2.8398631356340985e-05,2.7605012041217918e-05,2.7605012041217918e-05,2.919225067146405e-05,2.919225067146405e-05,0.1069548014692061,0.005817661335139938,1.8729931810284704e-05,1.8729931810284704e-05,9.23613411572798e-10,1.100418410041841,/Users/emryspeets/Desktop/gp_mods/hps-gpr-emrys-validation_workflow/study_results/v4p9p13_calibration_20260905/derived/individual_2015_full/m021/result.json,256,500,3402.2651895790996,eigenfeature_rtol_1e-15,2.5157388880992775,stress,stress,0.00845171107381642,-4.773386364169414,6.010701123451329,gp,stress,0.1069548014692061,-2.2353489499387202,True
individual_2015_full,2015 full,2015,22,20,1.0,612933316.5056059,1.6849498786461963e-05,2.936626744084558e-05,1.6849498786461963e-05,2.936626744084558e-05,1.7428570317142278,0.0770457924519072,-2.5633553267290545,1.425227031378324,3.3075467292246185e-30,-67.88134604465279,11.359991684426843,11.359991684426843,16169.361917111364,1427.6319549872383,2.638029534647343e-05,3.8142603878194705e-06,1.0060638541528098e-05,3.8142603878194705e-06,1.0060638541528098e-05,0.37912706753900804,0.09999999999986905,False,True,True,False,,,True,completed_point,limited_mc,resolved,2.8478229094353735e-05,2.8478229094353735e-05,2.7970457982183605e-05,2.7970457982183605e-05,2.8986000206523865e-05,2.8986000206523865e-05,0.14994218080414828,0.007269879504554926,1.6865840283127078e-05,1.6865840283127078e-05,0.07702342293369148,resolved,resolved,5.6668105858745306e-05,5.6668105858745306e-05,5.5998958379220075e-05,5.5998958379220075e-05,5.733725333827053e-05,5.733725333827053e-05,0.005263959906073947,0.0004110983718725127,2.936626744084558e-05,2.936626744084558e-05,3.3075467292246185e-30,1.9898746397113811,/Users/emryspeets/Desktop/gp_mods/hps-gpr-emrys-validation_workflow/study_results/v4p9p13_calibration_20260905/refined_v1/attempt1_batch001/individual_2015_full/m022/result.json,,500,3748.779684726695,eigenfeature_rtol_1e-15,1.425381870113801,stress,gp,0.14994218080414828,-1.8975055205008646,11.359991684426843,stress,gp,0.005263959906073947,-5.246871701615417,True
individual_2015_full,2015 full,2015,23,20,1.0,719405630.3758705,5.967122211967021e-06,8.348390130942852e-07,5.967122211967021e-06,8.348390130942852e-07,0.1399064714009077,0.5,-0.6931471805599453,0.0,0.5,-0.6931471805599453,0.0,-5.592080528319587,-8665.507762534015,1547.5102983432882,-1.2045371062784864e-05,3.5474241136084486e-06,9.271116714597163e-06,3.5474241136084486e-06,9.271116714597163e-06,0.382631804000818,0.09999999999995442,False,True,True,False,,,True,completed_point,resolved,bounded_atom,1.158050037389344e-05,1.158050037389344e-05,1.1208205855964243e-05,1.1208205855964243e-05,1.1952794891822639e-05,1.1952794891822639e-05,1.0,0.0,5.96785478800438e-06,5.96785478800438e-06,0.5,resolved,bounded_atom,1.576357085115533e-05,1.576357085115533e-05,1.5181213284234626e-05,1.5181213284234626e-05,1.6345928418076034e-05,1.6345928418076034e-05,1.0,0.0,8.348390130942852e-07,8.348390130942852e-07,0.5,1.3612167300380227,/Users/emryspeets/Desktop/gp_mods/hps-gpr-emrys-validation_workflow/study_results/v4p9p13_calibration_20260905/derived/individual_2015_full/m023/result.json,256,500,4054.6687374838334,eigenfeature_rtol_1e-15,-1.2388229223996416,stress,gp,1.0,0.0,-5.592080528319587,stress,gp,1.0,0.0,True
individual_2015_full,2015 full,2015,24,22,1.0,829316244.2441415,5.086191137630236e-06,9.02099793623158e-07,5.086191137630236e-06,9.02099793623158e-07,0.1773625428562768,0.5,-0.6931471805599453,0.0,0.5,-0.6931471805599453,0.0,-4.745003449201367,-7939.832877835214,1671.517874236661,-9.573950749115939e-06,3.32180143550202e-06,8.868983998910428e-06,3.32180143550202e-06,8.868983998910428e-06,0.3745413720342837,0.0999999999753867,False,True,True,False,,,True,completed_point,resolved,bounded_atom,5.0758129720934775e-06,5.0758129720934775e-06,4.7597308868129195e-06,4.7597308868129195e-06,5.3918950573740355e-06,5.3918950573740355e-06,1.0,0.0,5.08387474038182e-06,5.08387474038182e-06,0.5,resolved,bounded_atom,9.983134227270989e-06,9.983134227270989e-06,9.47300549200446e-06,9.47300549200446e-06,1.0493262962537517e-05,1.0493262962537517e-05,1.0,0.0,9.02099793623158e-07,9.02099793623158e-07,0.5,1.966804979253112,/Users/emryspeets/Desktop/gp_mods/hps-gpr-emrys-validation_workflow/study_results/v4p9p13_calibration_20260905/derived/individual_2015_full/m024/result.json,256,500,4471.4533714878735,eigenfeature_rtol_1e-15,-1.6021946542633738,gp,gp,1.0,0.0,-4.745003449201367,stress,gp,1.0,0.0,True
individual_2015_full,2015 full,2015,25,22,1.0,917968056.1605799,6.982118142580113e-06,1.1026242622272805e-06,6.982118142580113e-06,1.1026242622272805e-06,0.1579211694375349,0.5,-0.6931471805599453,0.0,0.5,-0.6931471805599453,0.0,-3.482075054066192,-6127.58149505426,1758.4457957670088,-6.67515765274338e-06,3.155637599089377e-06,8.047059515911103e-06,3.155637599089377e-06,8.047059515911103e-06,0.392147913514231,0.10000000002016722,False,True,True,False,,,True,completed_point,resolved,bounded_atom,7.911313771521417e-06,7.911313771521417e-06,7.616238089660317e-06,7.616238089660317e-06,8.20638945338252e-06,8.20638945338252e-06,1.0,0.0,6.981853503664723e-06,6.981853503664723e-06,0.5,resolved,bounded_atom,8.981443170567795e-06,8.981443170567795e-06,8.546003674513324e-06,8.546003674513324e-06,9.416882666622263e-06,9.416882666622263e-06,1.0,0.0,1.1026242622272805e-06,1.1026242622272805e-06,0.5,1.135265700483092,/Users/emryspeets/Desktop/gp_mods/hps-gpr-emrys-validation_workflow/study_results/v4p9p13_calibration_20260905/derived/individual_2015_full/m025/result.json,256,500,4490.7181910075005,eigenfeature_rtol_1e-15,-0.3835725896719329,gp,gp,1.0,0.0,-3.482075054066192,gp,gp,1.0,0.0,True
individual_2015_full,2015 full,2015,26,24,1.0,1007997705.006175,8.504925358416046e-06,9.318982769855262e-07,8.504925358416046e-06,9.318982769855262e-07,0.10957159971584779,0.3834249031797314,-0.9586114969595555,0.2964979839594137,0.5,-0.6931471805599453,0.0,-4.0807791567726035,-7559.780009848728,1850.9971382275025,-7.499798831191204e-06,3.025973480979747e-06,7.620808348809716e-06,3.025973480979747e-06,7.620808348809716e-06,0.3970672588101983,0.09999999999939983,False,True,True,False,,,True,completed_point,resolved,resolved,9.772554743288815e-06,9.772554743288815e-06,9.429033696723486e-06,9.429033696723486e-06,1.0116075789854147e-05,1.0116075789854147e-05,0.909910907785889,0.0147465541610352,8.504848094067744e-06,8.504848094067744e-06,0.3839056926344714,resolved,bounded_atom,9.012467152144131e-06,9.012467152144131e-06,8.590116547811304e-06,8.590116547811304e-06,9.434817756476954e-06,9.434817756476954e-06,1.0,0.0,9.318982769855262e-07,9.318982769855262e-07,0.5,0.9222222222222224,/Users/emryspeets/Desktop/gp_mods/hps-gpr-emrys-validation_workflow/study_results/v4p9p13_calibration_20260905/study_results/v4p9p13_calibration_20260905/chunked_v1/attempt1_remaining_2015_batch001/individual_2015_full/m026/result.json,,500,4669.9675274819965,eigenfeature_rtol_1e-15,0.2952389032830797,gp,stress,0.909910907785889,-0.09440858779609504,-4.0807791567726035,gp,gp,1.0,0.0,True
individual_2015_full,2015 full,2015,27,24,1.0,1075273836.6436706,7.721166893556462e-06,4.949955960545426e-06,7.721166893556462e-06,4.949955960545426e-06,0.6410891033421785,0.443594676918176,-0.8128440233115195,0.1418615650756263,0.0717997576612377,-2.6338741781253296,1.4625172701031768,1.4625172701031768,2793.2434114079424,1910.4355929771982,2.5977042463217498e-06,2.9218671278374134e-06,7.3213812418547925e-06,2.9218671278374134e-06,7.3213812418547925e-06,0.3990868705393615,0.09999999999805402,False,True,True,False,,,True,completed_point,resolved,resolved,8.24106183897546e-06,8.24106183897546e-06,7.976917329496426e-06,7.976917329496426e-06,8.505206348454495e-06,8.505206348454495e-06,0.8458681528160962,0.02168708835254297,7.721172665126943e-06,7.721172665126943e-06,0.44360692850195427,resolved,resolved,1.3283061698264243e-05,1.3283061698264243e-05,1.283447951275632e-05,1.283447951275632e-05,1.3731643883772166e-05,1.3731643883772166e-05,0.8661896076295871,0.021528235787286947,4.949955960545426e-06,4.949955960545426e-06,0.0717997576612377,1.611814345991561,/Users/emryspeets/Desktop/gp_mods/hps-gpr-emrys-validation_workflow/study_results/v4p9p13_calibration_20260905/derived/individual_2015_full/m027/result.json,256,500,4785.902815385863,eigenfeature_rtol_1e-15,0.1418305444011273,gp,stress,0.8458681528160962,-0.16739177925654486,1.4625172701031768,gp,stress,0.8661896076295871,-0.1436514479304903,True
individual_2015_full,2015 full,2015,28,26,1.0,1143174129.2279308,7.527736631736017e-06,9.651459179539154e-06,7.527736631736017e-06,9.651459179539154e-06,1.282119666467844,0.4715599882342036,-0.7517089565090043,0.0713490273140018,8.527070697691016e-06,-11.672264667199562,4.300333304985918,4.300333304985918,8498.067667639849,1977.7608437234321,7.433747362161893e-06,2.8425966656263887e-06,7.230349251890213e-06,2.8425966656263887e-06,7.230349251890213e-06,0.39314790566766267,0.09999999999988074,False,True,True,False,,,True,completed_point,resolved,resolved,7.314484906953117e-06,7.314484906953117e-06,7.024697100517899e-06,7.024697100517899e-06,7.604272713388333e-06,7.604272713388333e-06,0.5290583060001516,0.014904497293487353,7.502830306383853e-06,7.502830306383853e-06,0.4609313724716886,resolved,resolved,1.6689388097554997e-05,1.6689388097554997e-05,1.6087391304849245e-05,1.6087391304849245e-05,1.729138489026075e-05,1.729138489026075e-05,0.22804512838770685,0.009800587110374008,9.651459179539154e-06,9.651459179539154e-06,8.527070697691016e-06,2.28169014084507,/Users/emryspeets/Desktop/gp_mods/hps-gpr-emrys-validation_workflow/study_results/v4p9p13_calibration_20260905/derived/individual_2015_full/m028/result.json,256,500,5024.889338145034,eigenfeature_rtol_1e-15,0.0980875859786121,gp,stress,0.5290583060001516,-0.6366566339155864,4.300333304985918,gp,stress,0.22804512838770685,-1.4782117380885262,True
individual_2015_full,2015 full,2015,29,26,1.0,1187516060.1752234,8.39795864481337e-06,6.020204847278692e-06,8.39795864481337e-06,6.020204847278692e-06,0.7168652647505959,0.2958487306022029,-1.217907000549042,0.536377814339531,0.011789032465948574,-4.440585631757152,2.2639357795806734,2.2639357795806734,4555.199334305614,2012.9200792733363,3.835905455993137e-06,2.787230619615117e-06,6.927565616950711e-06,2.787230619615117e-06,6.927565616950711e-06,0.4023391150269559,0.09999999999979156,False,True,True,False,,,True,completed_point,resolved,resolved,1.0989289991749268e-05,1.0989289991749268e-05,1.0638272601841088e-05,1.0638272601841088e-05,1.1340307381657448e-05,1.1340307381657448e-05,0.41384902109160765,0.013056376728260157,8.398060735949212e-06,8.398060735949212e-06,0.30302107041935444,resolved,resolved,1.5595579209847764e-05,1.5595579209847764e-05,1.5141899035273547e-05,1.5141899035273547e-05,1.604925938442198e-05,1.604925938442198e-05,0.3692969601868033,0.012864116416744415,6.020204847278692e-06,6.020204847278692e-06,0.011789032465948574,1.4191616766467066,/Users/emryspeets/Desktop/gp_mods/hps-gpr-emrys-validation_workflow/study_results/v4p9p13_calibration_20260905/derived/individual_2015_full/m029/result.json,256,500,5001.181645077884,eigenfeature_rtol_1e-15,0.5157312280073695,stress,gp,0.41384902109160765,-0.8822540550235729,2.2639357795806734,stress,gp,0.3692969601868033,-0.9961541884415387,True
individual_2015_full,2015 full,2015,30,28,1.0,1233369661.5803795,1.023124658847981e-05,9.722286008669535e-06,1.023124658847981e-05,9.722286008669535e-06,0.9502542944880876,0.1291357069094645,-2.0468914360295667,1.1304861912307904,2.710202873664442e-06,-12.81848706474383,4.547821580328629,4.547821580328629,9352.7894538809,2058.255885352989,7.583119437117249e-06,2.7421600545662486e-06,6.756821480407656e-06,2.7421600545662486e-06,6.756821480407656e-06,0.40583580053395274,0.09999999999985765,False,True,True,False,,,True,completed_point,resolved,resolved,1.4826146622147215e-05,1.4826146622147215e-05,1.4471727024521702e-05,1.4471727024521702e-05,1.518056621977273e-05,1.518056621977273e-05,0.22917470728176692,0.008524240874640335,1.0231088644399515e-05,1.0231088644399515e-05,0.12913742796095257,resolved,resolved,2.400423738823835e-05,2.400423738823835e-05,2.3446713605662028e-05,2.3446713605662028e-05,2.456176117081467e-05,2.456176117081467e-05,0.2220069535101575,0.008928464459792935,9.722286008669535e-06,9.722286008669535e-06,2.710202873664442e-06,1.619047619047619,/Users/emryspeets/Desktop/gp_mods/hps-gpr-emrys-validation_workflow/study_results/v4p9p13_calibration_20260905/derived/individual_2015_full/m030/result.json,256,500,5066.284174378888,eigenfeature_rtol_1e-15,1.1304780179625207,stress,gp,0.22917470728176692,-1.4732706524045935,4.547821580328629,stress,gp,0.2220069535101575,-1.5050465754825584,True
individual_2015_full,2015 full,2015,31,28,1.0,1256547871.260905,8.58777369557878e-06,3.5511724439875863e-06,8.58777369557878e-06,3.5511724439875863e-06,0.4135149073404003,0.2476290026147326,-1.3958236100769659,0.6819698664427923,0.23512422893724172,-1.4476412707400923,0.7220748531968371,0.7220748531968371,1497.4030849843907,2074.0215687883465,1.1916800937172377e-06,2.715221849292688e-06,6.663556358284083e-06,2.715221849292688e-06,6.663556358284083e-06,0.4074733825755288,0.09999999999997085,False,True,True,False,,,True,completed_point,resolved,resolved,1.2722563384578677e-05,1.2722563384578677e-05,1.2394348260804748e-05,1.2394348260804748e-05,1.305077850835261e-05,1.305077850835261e-05,0.3386682785234722,0.012272519314505473,8.58757679956251e-06,8.58757679956251e-06,0.24776922533836954,resolved,resolved,1.7596381198571507e-05,1.7596381198571507e-05,1.7092449622693337e-05,1.7092449622693337e-05,1.8100312774449674e-05,1.8100312774449674e-05,0.5521174917722461,0.01531562036938872,3.5511724439875863e-06,3.5511724439875863e-06,0.23512422893724172,1.3830845771144282,/Users/emryspeets/Desktop/gp_mods/hps-gpr-emrys-validation_workflow/study_results/v4p9p13_calibration_20260905/derived/individual_2015_full/m031/result.json,256,500,5090.232020019669,eigenfeature_rtol_1e-15,0.6815264271780445,stress,gp,0.3386682785234722,-1.0827341801034442,0.7220748531968371,stress,gp,0.5521174917722461,-0.5939944079403493,True
individual_2015_full,2015 full,2015,32,28,1.0,1268245860.5861568,6.498708636725469e-06,2.6596896107007003e-06,6.498708636725469e-06,2.6596896107007003e-06,0.4092643260955378,0.5,-0.6931471805599453,0.0,0.5,-0.6931471805599453,0.0,-0.0390397755785448,-81.20763627505285,2080.1109897907313,-6.403146172108961e-08,2.6987173507072417e-06,6.549713228874682e-06,2.6987173507072417e-06,6.549713228874682e-06,0.41203595583541497,0.1000000000010304,False,True,True,False,,,True,completed_point,resolved,bounded_atom,8.523415584785775e-06,8.523415584785775e-06,8.234286642564571e-06,8.234286642564571e-06,8.812544527006982e-06,8.812544527006982e-06,1.0,0.0,6.5001708862610984e-06,6.5001708862610984e-06,0.5,resolved,bounded_atom,1.3251733719411463e-05,1.3251733719411463e-05,1.2792293340454858e-05,1.2792293340454858e-05,1.3711174098368066e-05,1.3711174098368066e-05,1.0,0.0,2.6596896107007003e-06,2.6596896107007003e-06,0.5,1.5547445255474455,/Users/emryspeets/Desktop/gp_mods/hps-gpr-emrys-validation_workflow/study_results/v4p9p13_calibration_20260905/derived/individual_2015_full/m032/result.json,256,500,5049.827285703987,eigenfeature_rtol_1e-15,-0.020205544411513197,stress,gp,1.0,0.0,-0.0390397755785448,stress,gp,1.0,0.0,True
individual_2015_full,2015 full,2015,33,30,1.0,1284695858.4220338,4.684199957165572e-06,1.3342906790525786e-06,4.684199957165572e-06,1.3342906790525786e-06,0.28484921464795093,0.4999513009912829,-0.6932445833208741,0.0001220703125,0.5,-0.6931471805599453,0.0,-2.091210868402023,-4392.781637268714,2099.8064959455437,-3.41931641522086e-06,2.6908017360656223e-06,6.656962987670491e-06,2.6908017360656223e-06,6.656962987670491e-06,0.4042086069953094,0.1000000000000053,False,True,True,False,,,True,completed_point,resolved,bounded_atom,4.710918806577328e-06,4.710918806577328e-06,4.460930122372924e-06,4.460930122372924e-06,4.960907490781732e-06,4.960907490781732e-06,1.0,0.0,4.701732074936642e-06,4.701732074936642e-06,0.5,resolved,bounded_atom,8.315245947180115e-06,8.315245947180115e-06,7.922968137046788e-06,7.922968137046788e-06,8.707523757313444e-06,8.707523757313444e-06,1.0,0.0,1.3342906790525786e-06,1.3342906790525786e-06,0.5,1.7651006711409394,/Users/emryspeets/Desktop/gp_mods/hps-gpr-emrys-validation_workflow/study_results/v4p9p13_calibration_20260905/derived/individual_2015_full/m033/result.json,256,500,5199.117642027265,eigenfeature_rtol_1e-15,-0.9640901255957575,gp,gp,1.0,0.0,-2.091210868402023,stress,gp,1.0,0.0,True
individual_2015_full,2015 full,2015,34,30,1.0,1279253117.7166407,3.892664198845847e-06,8.066623701560832e-07,3.892664198845847e-06,8.066623701560832e-07,0.20722629257238628,0.4999513009912829,-0.6932445833208741,0.0001220703125,0.5,-0.6931471805599453,0.0,-4.221871040289761,-8836.15408842923,2091.3662014461456,-6.907275789330123e-06,2.6929038893836205e-06,6.530308398128893e-06,2.6929038893836205e-06,6.530308398128893e-06,0.4123700942141123,0.09999999999796863,False,True,True,False,,,True,completed_point,resolved,bounded_atom,4.2679835119835565e-06,4.2679835119835565e-06,4.135977884353833e-06,4.135977884353833e-06,4.39998913961328e-06,4.39998913961328e-06,1.0,0.0,3.901599032005271e-06,3.901599032005271e-06,0.5,resolved,bounded_atom,6.306865221627544e-06,6.306865221627544e-06,6.1343456266485934e-06,6.1343456266485934e-06,6.479384816606494e-06,6.479384816606494e-06,1.0,0.0,8.066623701560832e-07,8.066623701560832e-07,0.5,1.4777154606898686,/Users/emryspeets/Desktop/gp_mods/hps-gpr-emrys-validation_workflow/study_results/v4p9p13_calibration_20260905/refined_v1/attempt1_batch002/individual_2015_full/m034/result.json,,500,5078.566743005172,eigenfeature_rtol_1e-15,-1.470860325624459,gp,gp,1.0,0.0,-4.221871040289761,gp,gp,1.0,0.0,True
individual_2015_full,2015 full,2015,35,32,1.0,1278301415.3520532,3.588134781178029e-06,4.4394361441272736e-07,3.588134781178029e-06,4.4394361441272736e-07,0.12372545667500684,0.5,-0.6931471805599453,0.0,0.5,-0.6931471805599453,0.0,-8.27790123024197,-17373.454695088953,2095.6612285561646,-1.3591047061701157e-05,2.703815624113014e-06,6.518239125677247e-06,2.703815624113014e-06,6.518239125677247e-06,0.4148076761194438,0.09999999999990432,False,True,True,False,,,True,completed_point,resolved,bounded_atom,4.070969799026205e-06,4.070969799026205e-06,3.851363567322512e-06,3.851363567322512e-06,4.290576030729899e-06,4.290576030729899e-06,1.0,0.0,3.6097183916579445e-06,3.6097183916579445e-06,0.5,resolved,bounded_atom,4.73656562168068e-06,4.73656562168068e-06,4.372502582831867e-06,4.372502582831867e-06,5.100628660529493e-06,5.100628660529493e-06,1.0,0.0,4.4394361441272736e-07,4.4394361441272736e-07,0.5,1.1634980988593155,/Users/emryspeets/Desktop/gp_mods/hps-gpr-emrys-validation_workflow/study_results/v4p9p13_calibration_20260905/derived/individual_2015_full/m035/result.json,256,500,5065.41890769342,eigenfeature_rtol_1e-15,-1.7135461529836604,gp,gp,1.0,0.0,-8.27790123024197,gp,gp,1.0,0.0,True
individual_2015_full,2015 full,2015,36,32,1.0,1257258770.7311766,5.20694440023428e-06,1.9276058724258747e-06,5.20694440023428e-06,1.9276058724258747e-06,0.3701990503949196,0.4999513009912829,-0.6932445833208741,0.0001220703125,0.5,-0.6931471805599453,0.0,-0.9513279048777926,-1974.820280491132,2075.4999645497064,-1.570734940542628e-06,2.7169302431193096e-06,6.609363194368042e-06,2.7169302431193096e-06,6.609363194368042e-06,0.4110729223406054,0.10000000002773371,False,True,True,False,,,True,completed_point,resolved,bounded_atom,5.870056738713693e-06,5.870056738713693e-06,5.62199090453367e-06,5.62199090453367e-06,6.118122572893716e-06,6.118122572893716e-06,1.0,0.0,5.225206247396818e-06,5.225206247396818e-06,0.5,resolved,bounded_atom,9.856672812599464e-06,9.856672812599464e-06,9.409902859524559e-06,9.409902859524559e-06,1.0303442765674369e-05,1.0303442765674369e-05,1.0,0.0,1.9276058724258747e-06,1.9276058724258747e-06,0.5,1.679144385026738,/Users/emryspeets/Desktop/gp_mods/hps-gpr-emrys-validation_workflow/study_results/v4p9p13_calibration_20260905/derived/individual_2015_full/m036/result.json,256,500,5051.674229347551,eigenfeature_rtol_1e-15,-0.6415887743974512,gp,gp,1.0,0.0,-0.9513279048777926,gp,gp,1.0,0.0,True
individual_2015_full,2015 full,2015,37,34,1.0,1242364151.784438,7.58231184821308e-06,3.0903462734682647e-06,7.58231184821308e-06,3.0903462734682647e-06,0.4075730905471219,0.3755954958082854,-0.9792425237106543,0.3170693360638267,0.3727264436648973,-0.9869105234042722,0.324640875349246,0.324640875349246,671.033791874876,2067.1255606856057,5.401264926318534e-07,2.7373427455389908e-06,6.737209448531665e-06,2.7373427455389908e-06,6.737209448531665e-06,0.40630215914329015,0.09999999999997769,False,True,True,False,,,True,completed_point,resolved,resolved,8.471467492560877e-06,8.471467492560877e-06,8.33845451228749e-06,8.33845451228749e-06,8.604480472834265e-06,8.604480472834265e-06,0.6306297834940506,0.018524504009953483,7.583794810266366e-06,7.583794810266366e-06,0.3757540792954277,resolved,resolved,1.1729878393151207e-05,1.1729878393151207e-05,1.1528845423671628e-05,1.1528845423671628e-05,1.1930911362630786e-05,1.1930911362630786e-05,0.7756652053100442,0.018256483066302454,3.0903462734682647e-06,3.0903462734682647e-06,0.3727264436648973,1.3846335836679615,/Users/emryspeets/Desktop/gp_mods/hps-gpr-emrys-validation_workflow/study_results/v4p9p13_calibration_20260905/refined_v1/attempt1_batch002/individual_2015_full/m037/result.json,,500,5088.40371406194,eigenfeature_rtol_1e-15,0.31665136175541325,gp,stress,0.6306297834940506,-0.46103630258045425,0.324640875349246,gp,stress,0.7756652053100442,-0.2540342883505322,True
individual_2015_full,2015 full,2015,38,34,1.0,1208728121.9124308,1.2192184480002685e-05,1.2293187718219042e-05,1.2192184480002685e-05,1.2293187718219042e-05,1.0082842609855536,0.0542722491686994,-2.913742247713653,1.6047696914350191,8.507292141795751e-10,-20.884927235194436,6.024011904914992,6.024011904914992,12249.619359414222,2035.7247502384264,1.0134304925439367e-05,2.7661432947372814e-06,6.867705624374479e-06,2.7661432947372814e-06,6.867705624374479e-06,0.4027754603982791,0.09999999999989713,False,True,True,False,,,True,completed_point,resolved,resolved,1.3242788535089734e-05,1.3242788535089734e-05,1.2908542872511446e-05,1.2908542872511446e-05,1.3577034197668022e-05,1.3577034197668022e-05,0.055162958503506686,0.003005544012285088,1.219205320864568e-05,1.219205320864568e-05,0.05427550019332956,resolved,resolved,2.074486085792382e-05,2.074486085792382e-05,2.0182037082005283e-05,2.0182037082005283e-05,2.1307684633842356e-05,2.1307684633842356e-05,0.049008255677794696,0.0027853769810549517,1.2293187718219042e-05,1.2293187718219042e-05,8.507292141795751e-10,1.5665024630541873,/Users/emryspeets/Desktop/gp_mods/hps-gpr-emrys-validation_workflow/study_results/v4p9p13_calibration_20260905/derived/individual_2015_full/m038/result.json,256,500,5046.520091397828,eigenfeature_rtol_1e-15,1.604740157854616,gp,stress,0.055162958503506686,-2.897463592551417,6.024011904914992,gp,stress,0.049008255677794696,-3.0157665118429144,True
individual_2015_full,2015 full,2015,39,36,1.0,1180158100.8325508,1.4949852389226707e-05,1.6578230048949484e-05,1.4949852389226707e-05,1.6578230048949484e-05,1.1089226580522114,0.0128929255150321,-4.351076527733536,2.2294218308738527,1.575205472659873e-17,-38.689560858298535,8.440848934591413,8.440848934591413,16981.921558912694,2015.0515446161444,1.4389530984816933e-05,2.802490622017428e-06,6.9941917989755905e-06,2.802490622017428e-06,6.9941917989755905e-06,0.4006882714351495,0.09999999999982771,False,True,True,False,,,True,completed_point,resolved,resolved,1.6675699137725688e-05,1.6675699137725688e-05,1.6326732603284236e-05,1.6326732603284236e-05,1.7024665672167143e-05,1.7024665672167143e-05,0.008962465358049246,0.0006064896534067266,1.4950959513310929e-05,1.4950959513310929e-05,0.013075743062783708,resolved,resolved,2.5378952472554637e-05,2.5378952472554637e-05,2.4723216365097178e-05,2.4723216365097178e-05,2.6034688580012093e-05,2.6034688580012093e-05,0.003934130128859018,0.0003083860041128584,1.6578230048949484e-05,1.6578230048949484e-05,1.575205472659873e-17,1.5219123505976098,/Users/emryspeets/Desktop/gp_mods/hps-gpr-emrys-validation_workflow/study_results/v4p9p13_calibration_20260905/derived/individual_2015_full/m039/result.json,256,500,5017.998132126433,eigenfeature_rtol_1e-15,2.2239547905804233,stress,gp,0.008962465358049246,-4.714709938274552,8.440848934591413,stress,gp,0.003934130128859018,-5.538065481560551,True
individual_2016_full,2016 full,2016,39,32,1.0,484625180.86774397,1.0664582835313749e-05,1.6753468880809676e-06,1.0664582835313749e-05,1.6753468880809676e-06,0.1570944606040635,0.5,-0.6931471805599453,0.0,0.5,-0.6931471805599453,0.0,-3.825998377957222,-5814.383907310823,1518.245012101996,-1.1997692519608448e-05,5.162609936325047e-06,1.5057793719174526e-05,5.162609936325047e-06,1.5057793719174526e-05,0.3428530123739843,0.09999999999997378,True,True,True,False,,,True,completed_point,resolved,bounded_atom,1.251542462836805e-05,1.251542462836805e-05,1.1964609707799281e-05,1.1964609707799281e-05,1.306623954893682e-05,1.306623954893682e-05,1.0,0.0,1.0664432285315823e-05,1.0664432285315823e-05,0.5,resolved,bounded_atom,1.9881645981064675e-05,1.9881645981064675e-05,1.88407621717324e-05,1.88407621717324e-05,2.0922529790396947e-05,2.0922529790396947e-05,1.0,0.0,1.6753468880809676e-06,1.6753468880809676e-06,0.5,1.5885714285714285,/Users/emryspeets/Desktop/gp_mods/hps-gpr-emrys-validation_workflow/study_results/v4p9p13_calibration_20260905/chunked_v1/attempt1_remaining_2016_batch001/individual_2016_full/m039/result.json,,500,4436.32634452808,eigenfeature_rtol_1e-15,-0.9558427768792759,gp,gp,1.0,0.0,-3.825998377957222,gp,gp,1.0,0.0,True
individual_2015_full,2015 full,2015,40,36,1.0,1136337223.8014278,1.317242998300001e-05,1.0229295679414956e-05,1.317242998300001e-05,1.0229295679414956e-05,0.7765686128236488,0.0374263188152148,-3.285381110413824,1.7813662524518146,1.9699477578858723e-06,-13.137503534405667,4.614528057040581,4.614528057040581,9095.169145384953,1972.7188941228192,8.003934883835427e-06,2.852682697329821e-06,7.021900840849554e-06,2.852682697329821e-06,7.021900840849554e-06,0.4062550528675204,0.0999999999999021,False,True,True,False,,,True,completed_point,resolved,resolved,1.5807880661235e-05,1.5807880661235e-05,1.545104192444243e-05,1.545104192444243e-05,1.6164719398027568e-05,1.6164719398027568e-05,0.03978869777324548,0.002363710080916104,1.3173337857866586e-05,1.3173337857866586e-05,0.03743415375530699,resolved,resolved,2.01433753573543e-05,2.01433753573543e-05,1.961119002871804e-05,1.961119002871804e-05,2.0675560685990564e-05,2.0675560685990564e-05,0.088700290111338,0.0045562421780391965,1.0229295679414956e-05,1.0229295679414956e-05,1.9699477578858723e-06,1.2742616033755272,/Users/emryspeets/Desktop/gp_mods/hps-gpr-emrys-validation_workflow/study_results/v4p9p13_calibration_20260905/derived/individual_2015_full/m040/result.json,256,500,4850.790406689501,eigenfeature_rtol_1e-15,1.7812702782769714,stress,gp,0.03978869777324548,-3.2241723825670316,4.614528057040581,stress,gp,0.088700290111338,-2.422492118969156,True
individual_2016_full,2016 full,2016,40,32,1.0,601387335.188843,1.0141064804301658e-05,2.420700037556781e-06,1.0141064804301658e-05,2.420700037556781e-06,0.23870274811082592,0.5,-0.6931471805599453,0.0,0.5,-0.6931471805599453,0.0,-1.9409082355789802,-3315.2375703608072,1707.3517255049867,-5.512649462961806e-06,4.674398460926047e-06,1.301482417076435e-05,4.674398460926047e-06,1.301482417076435e-05,0.3591595552574818,0.100000000000013,True,True,True,False,,,True,completed_point,resolved,bounded_atom,1.3784435893514445e-05,1.3784435893514445e-05,1.325184027747357e-05,1.325184027747357e-05,1.4317031509555317e-05,1.4317031509555317e-05,1.0,0.0,1.0140841750311627e-05,1.0140841750311627e-05,0.5,resolved,bounded_atom,2.2129273766269827e-05,2.2129273766269827e-05,2.1063889824441867e-05,2.1063889824441867e-05,2.3194657708097784e-05,2.3194657708097784e-05,1.0,0.0,2.420700037556781e-06,2.420700037556781e-06,0.5,1.6053811659192827,/Users/emryspeets/Desktop/gp_mods/hps-gpr-emrys-validation_workflow/study_results/v4p9p13_calibration_20260905/derived/individual_2016_full/m040/result.json,256,500,4758.26233920407,eigenfeature_rtol_1e-15,-0.6823006268043484,gp,gp,1.0,0.0,-1.9409082355789802,gp,gp,1.0,0.0,True
individual_2015_full,2015 full,2015,41,38,1.0,1097632123.9433112,9.396311128623854e-06,6.957390533471391e-06,9.396311128623854e-06,6.957390533471391e-06,0.7404385016878791,0.2406067994270128,-1.4245912155457239,0.7043519864388825,0.004010068375045168,-5.518946986675569,2.6512209012558086,2.6512209012558086,5143.855103764765,1941.1831641041367,4.6863197528195035e-06,2.9074676083877263e-06,7.231175513937405e-06,2.9074676083877263e-06,7.231175513937405e-06,0.4020739923659518,0.09999999999981879,False,True,True,False,,,True,completed_point,resolved,resolved,1.2157772097957921e-05,1.2157772097957921e-05,1.1793659586451162e-05,1.1793659586451162e-05,1.252188460946468e-05,1.252188460946468e-05,0.3121143430093958,0.010928770524549561,9.397656804540402e-06,9.397656804540402e-06,0.24073698988885278,resolved,resolved,1.9095257871368938e-05,1.9095257871368938e-05,1.848878075571632e-05,1.848878075571632e-05,1.970173498702155e-05,1.970173498702155e-05,0.3063813369190965,0.011240731619592647,6.957390533471391e-06,6.957390533471391e-06,0.004010068375045168,1.5706214689265536,/Users/emryspeets/Desktop/gp_mods/hps-gpr-emrys-validation_workflow/study_results/v4p9p13_calibration_20260905/derived/individual_2015_full/m041/result.json,256,500,4825.22439242496,eigenfeature_rtol_1e-15,0.7039338341785866,stress,gp,0.3121143430093958,-1.1643856743070409,2.6512209012558086,stress,gp,0.3063813369190965,-1.182924753809299,True
individual_2016_full,2016 full,2016,41,32,1.0,723551459.900038,8.572192675964256e-06,1.2045192886717807e-06,8.572192675964256e-06,1.2045192886717807e-06,0.14051472408560725,0.5,-0.6931471805599453,0.0,0.5,-0.6931471805599453,0.0,-4.558678145953322,-8590.359659817761,1882.683027120017,-1.1872493023515645e-05,4.287564109927672e-06,1.0982245109558097e-05,4.287564109927672e-06,1.0982245109558097e-05,0.39040870670388766,0.09999999998645748,True,True,True,False,,,True,completed_point,resolved,bounded_atom,5.2290380295488584e-05,5.2290380295488584e-05,5.1724410349082454e-05,5.1724410349082454e-05,5.285635024189472e-05,5.285635024189472e-05,1.0,0.0,8.572309851589938e-06,8.572309851589938e-06,0.5,resolved,bounded_atom,6.720193924858481e-05,6.720193924858481e-05,6.64260094839581e-05,6.64260094839581e-05,6.797786901321153e-05,6.797786901321153e-05,1.0,0.0,1.2045192886717807e-06,1.2045192886717807e-06,0.5,1.2851683018718214,/Users/emryspeets/Desktop/gp_mods/hps-gpr-emrys-validation_workflow/study_results/v4p9p13_calibration_20260905/chunked_v1/attempt1_remaining_2016_batch001/individual_2016_full/m041/result.json,,500,4830.737522277499,exact_cached_cholesky,-0.6767313461540024,stress,gp,1.0,0.0,-4.558678145953322,stress,gp,1.0,0.0,True
individual_2015_full,2015 full,2015,42,38,1.0,1047010243.0474423,5.9512731721207875e-06,1.8955610895192055e-06,5.9512731721207875e-06,1.8955610895192055e-06,0.31851354066540116,0.5,-0.6931471805599453,0.0,0.5,-0.6931471805599453,0.0,-1.2693870675335457,-2400.7160544700255,1890.7626356694468,-2.2929250887579366e-06,2.9723370176550633e-06,7.347629945861308e-06,2.9723370176550633e-06,7.347629945861308e-06,0.40453003751628624,0.09999999999923899,False,True,True,False,,,True,completed_point,resolved,bounded_atom,7.433045421304222e-06,7.433045421304222e-06,7.133260450475577e-06,7.133260450475577e-06,7.732830392132866e-06,7.732830392132866e-06,1.0,0.0,5.951391935892823e-06,5.951391935892823e-06,0.5,resolved,bounded_atom,1.2493099816088785e-05,1.2493099816088785e-05,1.2009450835428503e-05,1.2009450835428503e-05,1.2976748796749067e-05,1.2976748796749067e-05,1.0,0.0,1.8955610895192055e-06,1.8955610895192055e-06,0.5,1.68075117370892,/Users/emryspeets/Desktop/gp_mods/hps-gpr-emrys-validation_workflow/study_results/v4p9p13_calibration_20260905/derived/individual_2015_full/m042/result.json,256,500,4676.7923038602285,eigenfeature_rtol_1e-15,-0.5741296481460689,stress,gp,1.0,0.0,-1.2693870675335457,stress,gp,1.0,0.0,True
individual_2016_full,2016 full,2016,42,34,1.0,856749737.7936817,9.994959521740008e-06,2.318240392978109e-06,9.994959521740008e-06,2.318240392978109e-06,0.23194094862872738,0.4836016549323014,-0.7264937381375504,0.0411161371901838,0.5,-0.6931471805599453,0.0,-1.5368032053631853,-3168.9514349043375,2061.4621701652954,-3.698806425158742e-06,3.960842589017765e-06,9.844886676833441e-06,3.960842589017765e-06,9.844886676833441e-06,0.40232485340214713,0.09999999997187461,True,True,True,False,,,True,completed_point,resolved,limited_mc,6.529370422589913e-05,6.529370422589913e-05,6.465952621876434e-05,6.465952621876434e-05,6.59278822330339e-05,6.59278822330339e-05,0.40444637131439926,0.013994540800672101,9.995475854911734e-06,9.995475854911734e-06,0.4836373368259591,resolved,bounded_atom,0.00010000020825884851,0.00010000020825884851,9.931949391563143e-05,9.931949391563143e-05,0.00010068092260206559,0.00010068092260206559,1.0,0.0,2.318240392978109e-06,2.318240392978109e-06,0.5,1.53154441832361,/Users/emryspeets/Desktop/gp_mods/hps-gpr-emrys-validation_workflow/study_results/v4p9p13_calibration_20260905/refined_v1/attempt1_pilot_m042/individual_2016_full/m042/result.json,,500,5127.662814479145,eigenfeature_rtol_1e-15,0.041026620477451474,stress,gp,0.40444637131439926,-0.9052361314600198,-1.5368032053631853,stress,gp,1.0,0.0,True
individual_2015_full,2015 full,2015,43,40,1.0,1001510969.1776872,4.280074516821396e-06,1.1252034741394023e-06,4.280074516821396e-06,1.1252034741394023e-06,0.26289343087770267,0.5,-0.6931471805599453,0.0,0.5,-0.6931471805599453,0.0,-3.2328377821596366,-5986.544350133826,1850.5708808735017,-5.9775125129674925e-06,3.0432180469846474e-06,7.626534480176984e-06,3.0432180469846474e-06,7.626534480176984e-06,0.39903026137161396,0.10000000000002618,False,True,True,False,,,True,completed_point,resolved,bounded_atom,4.6544839835347405e-06,4.6544839835347405e-06,4.401147140598793e-06,4.401147140598793e-06,4.907820826470686e-06,4.907820826470686e-06,1.0,0.0,4.299406294680501e-06,4.299406294680501e-06,0.5,resolved,bounded_atom,1.0069622937141306e-05,1.0069622937141306e-05,9.615874996448991e-06,9.615874996448991e-06,1.052337087783362e-05,1.052337087783362e-05,1.0,0.0,1.1252034741394023e-06,1.1252034741394023e-06,0.5,2.1634241245136185,/Users/emryspeets/Desktop/gp_mods/hps-gpr-emrys-validation_workflow/study_results/v4p9p13_calibration_20260905/derived/individual_2015_full/m043/result.json,256,500,4643.37856784127,eigenfeature_rtol_1e-15,-1.6568782066491883,stress,gp,1.0,0.0,-3.2328377821596366,stress,gp,1.0,0.0,True
individual_2016_full,2016 full,2016,43,34,1.0,983989163.9298545,9.714898040490975e-06,5.276584933741682e-06,9.714898040490975e-06,5.276584933741682e-06,0.5431436245392661,0.4041226482005333,-0.9060368624386984,0.2426903334616023,0.16734260044815774,-1.7877120683277083,0.9647197487307195,0.9647197487307195,2132.607406826595,2210.9601634744236,2.167307816998096e-06,3.695945885879627e-06,8.897063665677139e-06,3.695945885879627e-06,8.897063665677139e-06,0.415411873485603,0.10000000003631075,True,True,True,False,,,True,completed_point,resolved,limited_mc,5.60624460448392e-05,5.60624460448392e-05,5.567518450428306e-05,5.567518450428306e-05,5.6449707585395354e-05,5.6449707585395354e-05,0.440102843412026,0.013687589971874055,9.742364747516813e-06,9.742364747516813e-06,0.4040899576337908,resolved,limited_mc,9.114786048131677e-05,9.114786048131677e-05,9.025234603351451e-05,9.025234603351451e-05,9.204337492911904e-05,9.204337492911904e-05,0.4008952537289628,0.013294539975688312,5.276584933741682e-06,5.276584933741682e-06,0.16734260044815774,1.6258273926973499,/Users/emryspeets/Desktop/gp_mods/hps-gpr-emrys-validation_workflow/study_results/v4p9p13_calibration_20260905/refined_v1/attempt1_batch001/individual_2016_full/m043/result.json,,500,5322.187694142229,eigenfeature_rtol_1e-15,0.24277472647609483,stress,gp,0.440102843412026,-0.8207468443542741,0.9647197487307195,stress,gp,0.4008952537289628,-0.9140550984435114,True
individual_2015_full,2015 full,2015,44,40,1.0,946331631.4626917,3.7098331384777297e-06,7.741486622675457e-07,3.7098331384777297e-06,7.741486622675457e-07,0.20867479300840067,0.5,-0.6931471805599453,0.0,0.5,-0.6931471805599453,0.0,-5.276809482779219,-9478.918039428254,1794.3447732500008,-1.0016486529967536e-05,3.125189924470365e-06,7.80031311485889e-06,3.125189924470365e-06,7.80031311485889e-06,0.4006492916953758,0.10000000000001907,False,True,True,False,,,True,completed_point,resolved,bounded_atom,3.797301497810913e-06,3.797301497810913e-06,3.549892288265408e-06,3.549892288265408e-06,4.044710707356417e-06,4.044710707356417e-06,1.0,0.0,3.7224698949526014e-06,3.7224698949526014e-06,0.5,resolved,bounded_atom,7.15004086904884e-06,7.15004086904884e-06,6.687212237496105e-06,6.687212237496105e-06,7.612869500601575e-06,7.612869500601575e-06,1.0,0.0,7.741486622675457e-07,7.741486622675457e-07,0.5,1.8829268292682926,/Users/emryspeets/Desktop/gp_mods/hps-gpr-emrys-validation_workflow/study_results/v4p9p13_calibration_20260905/derived/individual_2015_full/m044/result.json,256,500,4487.500826947588,eigenfeature_rtol_1e-15,-2.225332307293157,stress,gp,1.0,0.0,-5.276809482779219,stress,gp,1.0,0.0,True
individual_2016_full,2016 full,2016,44,34,1.0,1109408932.652681,9.73162396962856e-06,1.0740482076317002e-05,9.73162396962856e-06,1.0740482076317002e-05,1.103668011612141,0.3318462181410898,-1.1030836157453636,0.4348208958674844,7.280903895488335e-05,-9.527670449000853,3.7984256807562184,3.7984256807562184,8907.684912615516,2346.5218776530064,8.029216865341586e-06,3.4764425455550644e-06,8.209133132442356e-06,3.4764425455550644e-06,8.209133132442356e-06,0.4234847321230815,0.09999999999991685,True,True,True,False,,,True,completed_point,limited_mc,resolved,3.85209460102803e-05,3.85209460102803e-05,3.801681606240198e-05,3.801681606240198e-05,3.902507595815863e-05,3.902507595815863e-05,0.43588560109641283,0.013146878773172587,9.714798798651386e-06,9.714798798651386e-06,0.32623027416977324,resolved,limited_mc,6.779456587237556e-05,6.779456587237556e-05,6.719580825117214e-05,6.719580825117214e-05,6.839332349357898e-05,6.839332349357898e-05,0.19168687098036452,0.008611205111927738,1.0740482076317002e-05,1.0740482076317002e-05,7.280903895488335e-05,1.7599403154398867,/Users/emryspeets/Desktop/gp_mods/hps-gpr-emrys-validation_workflow/study_results/v4p9p13_calibration_20260905/refined_v1/attempt1_batch001/individual_2016_full/m044/result.json,,500,5536.580611891385,eigenfeature_rtol_1e-15,0.45034659228745266,stress,gp,0.43588560109641283,-0.8303754528678863,3.7984256807562184,stress,gp,0.19168687098036452,-1.651892118597944,True
individual_2015_full,2015 full,2015,45,42,1.0,897618768.8901477,3.683545528067656e-06,3.853484882735095e-07,3.683545528067656e-06,3.853484882735095e-07,0.1046134723562542,0.5,-0.6931471805599453,0.0,0.5,-0.6931471805599453,0.0,-11.507697790301401,-20159.605469442642,1747.4781863896485,-2.2458983889528956e-05,3.2161240344120122e-06,8.208796468875204e-06,3.2161240344120122e-06,8.208796468875204e-06,0.3917899592962738,0.1000000000000379,False,True,True,False,,,True,completed_point,resolved,bounded_atom,3.4080163921333763e-06,3.4080163921333763e-06,3.267082391918523e-06,3.267082391918523e-06,3.54895039234823e-06,3.54895039234823e-06,1.0,0.0,3.700006896456564e-06,3.700006896456564e-06,0.5,resolved,bounded_atom,4.102777799806648e-06,4.102777799806648e-06,3.894936017679356e-06,3.894936017679356e-06,4.310619581933938e-06,4.310619581933938e-06,1.0,0.0,3.853484882735095e-07,3.853484882735095e-07,0.5,1.2038609348467244,/Users/emryspeets/Desktop/gp_mods/hps-gpr-emrys-validation_workflow/study_results/v4p9p13_calibration_20260905/refined_v1/attempt1_batch002/individual_2015_full/m045/result.json,,500,4479.424957715678,eigenfeature_rtol_1e-15,-2.431781099458486,gp,gp,1.0,0.0,-11.507697790301401,gp,gp,1.0,0.0,True
individual_2016_full,2016 full,2016,45,36,1.0,1242121283.5588267,1.2657851007280056e-05,1.4098492738586752e-05,1.2657851007280056e-05,1.4098492738586752e-05,1.1138140850668983,0.0559608839046586,-2.883102334015486,1.5896143173641142,4.180463000543998e-09,-19.29284383086343,5.761015703210004,5.761015703210004,14322.556969658532,2488.2830188824237,1.1530723415850894e-05,3.29122484281099e-06,7.152863652559113e-06,3.29122484281099e-06,7.152863652559113e-06,0.4601268810196701,0.09999999999977557,True,True,True,False,,,True,completed_point,limited_mc,resolved,2.5411015815024594e-05,2.5411015815024594e-05,2.5074965255269385e-05,2.5074965255269385e-05,2.5747066374779804e-05,2.5747066374779804e-05,0.11238504638206363,0.004952543916785361,1.2630257744824933e-05,1.2630257744824933e-05,0.05607745017703345,resolved,resolved,4.412412991887138e-05,4.412412991887138e-05,4.365544562885529e-05,4.365544562885529e-05,4.4592814208887475e-05,4.4592814208887475e-05,0.06258146789633741,0.0033375938885497293,1.4098492738586752e-05,1.4098492738586752e-05,4.180463000543998e-09,1.7364173963003249,/Users/emryspeets/Desktop/gp_mods/hps-gpr-emrys-validation_workflow/study_results/v4p9p13_calibration_20260905/refined_v1/attempt1_batch001/individual_2016_full/m045/result.json,,500,5401.251521829646,eigenfeature_rtol_1e-15,1.5885815321269015,stress,gp,0.11238504638206363,-2.1858243896785434,5.761015703210004,stress,gp,0.06258146789633741,-2.7712860846991836,True
individual_2015_full,2015 full,2015,46,42,1.0,842185463.3812419,4.575335944936353e-06,5.782721029456844e-07,4.575335944936353e-06,5.782721029456844e-07,0.12638899304993628,0.5,-0.6931471805599453,0.0,0.5,-0.6931471805599453,0.0,-7.743773014041497,-13096.845985598133,1688.3470287087775,-1.5551023563166667e-05,3.307829796662748e-06,8.247652340998349e-06,3.307829796662748e-06,8.247652340998349e-06,0.4010631947008507,0.10000000000757961,False,True,True,False,,,True,completed_point,resolved,bounded_atom,4.250084635053238e-06,4.250084635053238e-06,3.989416575193729e-06,3.989416575193729e-06,4.510752694912747e-06,4.510752694912747e-06,1.0,0.0,4.57559842744414e-06,4.57559842744414e-06,0.5,resolved,bounded_atom,5.111852948151591e-06,5.111852948151591e-06,4.718542494668189e-06,4.718542494668189e-06,5.505163401634993e-06,5.505163401634993e-06,1.0,0.0,5.782721029456844e-07,5.782721029456844e-07,0.5,1.2027649769585254,/Users/emryspeets/Desktop/gp_mods/hps-gpr-emrys-validation_workflow/study_results/v4p9p13_calibration_20260905/derived/individual_2015_full/m046/result.json,256,500,4222.654522728769,eigenfeature_rtol_1e-15,-1.707394067564753,gp,gp,1.0,0.0,-7.743773014041497,gp,gp,1.0,0.0,True
individual_2016_full,2016 full,2016,46,36,1.0,1361271131.1962006,8.265448195405712e-06,1.638397681685329e-06,8.265448195405712e-06,1.638397681685329e-06,0.19822248509113158,0.3725540170708014,-0.9873732394051775,0.3250965048487984,0.5,-0.6931471805599453,0.0,-1.9185235445942972,-4988.586078907115,2599.501188450813,-3.6646528120547558e-06,3.143310869314943e-06,7.340342887149163e-06,3.143310869314943e-06,7.340342887149163e-06,0.4282239832171845,0.10000000000002937,True,True,True,False,,,True,completed_point,resolved,resolved,6.867955888061026e-06,6.867955888061026e-06,6.612922166868673e-06,6.612922166868673e-06,7.122989609253378e-06,7.122989609253378e-06,0.97282505785742,0.025812644305874755,8.285400469530861e-06,8.285400469530861e-06,0.3727502278937024,resolved,bounded_atom,6.58905412610931e-06,6.58905412610931e-06,6.198612608147758e-06,6.198612608147758e-06,6.97949564407086e-06,6.97949564407086e-06,1.0,0.0,1.638397681685329e-06,1.638397681685329e-06,0.5,0.9593908629441624,/Users/emryspeets/Desktop/gp_mods/hps-gpr-emrys-validation_workflow/study_results/v4p9p13_calibration_20260905/derived/individual_2016_full/m046/result.json,256,500,6074.574671754031,eigenfeature_rtol_1e-15,0.32457803188827355,gp,stress,0.97282505785742,-0.02755100961367683,-1.9185235445942972,gp,gp,1.0,0.0,True
individual_2015_full,2015 full,2015,47,44,1.0,792779353.8958437,7.24043299558171e-06,1.923701327369387e-06,7.24043299558171e-06,1.923701327369387e-06,0.2656887134434193,0.5,-0.6931471805599453,0.0,0.5,-0.6931471805599453,0.0,-1.6495346348661928,-2704.5405475146767,1638.9522362403509,-3.4114669286279146e-06,3.4038622120840196e-06,8.526052931070694e-06,3.4038622120840196e-06,8.526052931070694e-06,0.3992307155025562,0.1000000000423453,False,True,True,False,,,True,completed_point,resolved,bounded_atom,7.248346709987947e-06,7.248346709987947e-06,6.9184732134214294e-06,6.9184732134214294e-06,7.578220206554464e-06,7.578220206554464e-06,1.0,0.0,7.244580018436255e-06,7.244580018436255e-06,0.5,resolved,bounded_atom,1.0406844159032976e-05,1.0406844159032976e-05,9.963476035947036e-06,9.963476035947036e-06,1.0850212282118912e-05,1.0850212282118912e-05,1.0,0.0,1.923701327369387e-06,1.923701327369387e-06,0.5,1.4357541899441344,/Users/emryspeets/Desktop/gp_mods/hps-gpr-emrys-validation_workflow/study_results/v4p9p13_calibration_20260905/derived/individual_2015_full/m047/result.json,256,500,4109.114366253271,eigenfeature_rtol_1e-15,-0.4411904837657204,gp,gp,1.0,0.0,-1.6495346348661928,gp,gp,1.0,0.0,True
individual_2016_full,2016 full,2016,47,36,1.0,1475111694.3249226,7.115966083448559e-06,1.7913318631416976e-06,7.115966083448559e-06,1.7913318631416976e-06,0.25173417665779224,0.4402386550049545,-0.8204383013757817,0.1503641674994847,0.5,-0.6931471805599453,0.0,-1.4866823352472465,-4015.0610501112556,2700.1281346423616,-2.7218691747601718e-06,3.0126938702250943e-06,6.768420742663806e-06,3.0126938702250943e-06,6.768420742663806e-06,0.4451103122527526,0.0999999999833143,True,True,True,False,,,True,completed_point,resolved,mc_boundary,6.20423069648308e-06,6.20423069648308e-06,5.969444218158335e-06,5.969444218158335e-06,6.439017174807824e-06,6.439017174807824e-06,1.0,0.015042743868657185,7.148074666338371e-06,7.148074666338371e-06,0.4417639330015542,resolved,bounded_atom,6.2685232425606245e-06,6.2685232425606245e-06,5.9255420071528775e-06,5.9255420071528775e-06,6.611504477968372e-06,6.611504477968372e-06,1.0,0.0,1.7913318631416976e-06,1.7913318631416976e-06,0.5,1.010362694300518,/Users/emryspeets/Desktop/gp_mods/hps-gpr-emrys-validation_workflow/study_results/v4p9p13_calibration_20260905/chunked_v1/attempt1_remaining_2016_batch001/individual_2016_full/m047/result.json,,500,6069.675940922263,eigenfeature_rtol_1e-15,0.14649851009384357,gp,stress,1.0050506793335352,0.0,-1.4866823352472465,gp,gp,1.0,0.0,True
individual_2015_full,2015 full,2015,48,44,1.0,739300189.8655212,1.2699075567649636e-05,1.2247301368415762e-05,1.2699075567649636e-05,1.2247301368415762e-05,0.9644246388780653,0.1534975907284794,-1.8740704076580008,1.021547362973059,4.1194003822723954e-06,-12.399802943477962,4.458882655578586,4.458882655578586,7030.864088587967,1578.5102094310744,9.51016134578145e-06,3.5074466860106635e-06,8.706859020999486e-06,3.5074466860106635e-06,8.706859020999486e-06,0.4028371973809717,0.09999999999983847,False,True,True,False,,,True,completed_point,resolved,resolved,1.4142388284017865e-05,1.4142388284017865e-05,1.3720242398061732e-05,1.3720242398061732e-05,1.4564534169973995e-05,1.4564534169973995e-05,0.3028021235235131,0.010570949204972032,1.2694573009885767e-05,1.2694573009885767e-05,0.153280771464043,resolved,resolved,2.2330086764238733e-05,2.2330086764238733e-05,2.1673310429332865e-05,2.1673310429332865e-05,2.2986863099144597e-05,2.2986863099144597e-05,0.251056444014497,0.00976320375029459,1.2247301368415762e-05,1.2247301368415762e-05,4.1194003822723954e-06,1.5789473684210527,/Users/emryspeets/Desktop/gp_mods/hps-gpr-emrys-validation_workflow/study_results/v4p9p13_calibration_20260905/derived/individual_2015_full/m048/result.json,256,500,3913.158491144357,eigenfeature_rtol_1e-15,1.0224635772332507,gp,stress,0.3028021235235131,-1.1946757444859932,4.458882655578586,gp,stress,0.251056444014497,-1.382077488579514,True
individual_2016_full,2016 full,2016,48,36,1.0,1583569543.1138406,5.718628647816774e-06,1.9006030285419046e-06,5.718628647816774e-06,1.9006030285419046e-06,0.33235293731959775,0.5,-0.6931471805599453,0.0,0.5,-0.6931471805599453,0.0,-1.1862780053517945,-3310.789996203511,2790.4619376922096,-2.0907133574275257e-06,2.8998807277744804e-06,6.296966143130811e-06,2.8998807277744804e-06,6.296966143130811e-06,0.4605202984834024,0.09999999999985569,True,True,True,False,,,True,completed_point,resolved,bounded_atom,5.293543097424647e-06,5.293543097424647e-06,5.077363153065991e-06,5.077363153065991e-06,5.509723041783302e-06,5.509723041783302e-06,1.0,0.0,5.739497006042549e-06,5.739497006042549e-06,0.5,resolved,bounded_atom,6.430009977097734e-06,6.430009977097734e-06,6.118757897112947e-06,6.118757897112947e-06,6.741262057082523e-06,6.741262057082523e-06,1.0,0.0,1.9006030285419046e-06,1.9006030285419046e-06,0.5,1.2146892655367232,/Users/emryspeets/Desktop/gp_mods/hps-gpr-emrys-validation_workflow/study_results/v4p9p13_calibration_20260905/chunked_v1/attempt1_remaining_2016_batch001/individual_2016_full/m048/result.json,,500,6062.060926005639,eigenfeature_rtol_1e-15,-0.2497190304360028,gp,gp,1.0,0.0,-1.1862780053517945,gp,gp,1.0,0.0,True
individual_2015_full,2015 full,2015,49,46,1.0,691430467.0749465,1.959028266321166e-05,1.7117965472998575e-05,1.959028266321166e-05,1.7117965472998575e-05,0.8737987995009475,0.0121842869796204,-4.407608109856714,2.251267910387808,4.542448169120887e-11,-23.81496991192145,6.481443875213168,6.481443875213168,9878.804502617291,1526.6294177523678,1.428748800209652e-05,3.6242964542420763e-06,9.095432406497e-06,3.6242964542420763e-06,9.095432406497e-06,0.39847434319375385,0.09999999999990664,False,True,True,False,,,True,completed_point,resolved,resolved,2.168517745099631e-05,2.168517745099631e-05,2.1225053243370248e-05,2.1225053243370248e-05,2.2145301658622373e-05,2.2145301658622373e-05,0.027355953800198486,0.0016905174411940183,1.9592792617053807e-05,1.9592792617053807e-05,0.012187466324791738,resolved,resolved,2.9201553698951208e-05,2.9201553698951208e-05,2.847355889930327e-05,2.847355889930327e-05,2.992954849859914e-05,2.992954849859914e-05,0.08225807605317711,0.004498256629914998,1.7117965472998575e-05,1.7117965472998575e-05,4.542448169120887e-11,1.3466135458167332,/Users/emryspeets/Desktop/gp_mods/hps-gpr-emrys-validation_workflow/study_results/v4p9p13_calibration_20260905/derived/individual_2015_full/m049/result.json,256,500,3823.1183741311174,eigenfeature_rtol_1e-15,2.2511674659892806,gp,stress,0.027355953800198486,-3.598821084583856,6.481443875213168,gp,stress,0.08225807605317711,-2.4978937050605112,True
individual_2016_full,2016 full,2016,49,38,1.0,1699920325.3469028,4.754462256862382e-06,2.130390809887669e-06,4.754462256862382e-06,2.130390809887669e-06,0.44808238971983766,0.5,-0.6931471805599453,0.0,0.5,-0.6931471805599453,0.0,-0.7516332984045946,-2175.5429285700257,2894.138230782854,-1.2797911149900879e-06,2.8013112537850723e-06,6.0224543120143e-06,2.8013112537850723e-06,6.0224543120143e-06,0.4651444591612238,0.09999999999999509,True,True,True,False,,,True,completed_point,resolved,bounded_atom,4.719546330003839e-06,4.719546330003839e-06,4.517283464190767e-06,4.517283464190767e-06,4.921809195816912e-06,4.921809195816912e-06,1.0,0.0,4.7471028249846325e-06,4.7471028249846325e-06,0.5,resolved,bounded_atom,7.065017839460293e-06,7.065017839460293e-06,6.790130893396286e-06,6.790130893396286e-06,7.339904785524301e-06,7.339904785524301e-06,1.0,0.0,2.130390809887669e-06,2.130390809887669e-06,0.5,1.496969696969697,/Users/emryspeets/Desktop/gp_mods/hps-gpr-emrys-validation_workflow/study_results/v4p9p13_calibration_20260905/chunked_v1/attempt1_remaining_2016_batch001/individual_2016_full/m049/result.json,,500,6223.788786649141,eigenfeature_rtol_1e-15,-0.6503932100301699,gp,gp,1.0,0.0,-0.7516332984045946,gp,gp,1.0,0.0,True
individual_2015_full,2015 full,2015,50,46,1.0,640811835.9898628,2.4600041512683968e-05,2.532335402629939e-05,2.4600041512683968e-05,2.532335402629939e-05,1.0294028980903336,0.0012433061942815,-6.689981161888306,3.0249658056072275,4.912968567608587e-23,-51.36757878349701,9.81373837369393,9.81373837369393,14348.391068825313,1465.7941445940883,2.2390958254791496e-05,3.749362331019209e-06,9.380444424528862e-06,3.749362331019209e-06,9.380444424528862e-06,0.39969986083122305,0.09999999999987585,False,True,True,False,,,True,completed_point,resolved,resolved,2.7508004471377832e-05,2.7508004471377832e-05,2.719873176798055e-05,2.719873176798055e-05,2.7817277174775117e-05,2.7817277174775117e-05,0.0014836986102349276,0.00012203126777894425,2.460007897586973e-05,2.460007897586973e-05,0.0012439576951337014,resolved,resolved,3.921588086502087e-05,3.921588086502087e-05,3.878587508705787e-05,3.878587508705787e-05,3.964588664298387e-05,3.964588664298387e-05,0.004054370613808178,0.00033160559408606816,2.532335402629939e-05,2.532335402629939e-05,4.912968567608587e-23,1.4256170746891188,/Users/emryspeets/Desktop/gp_mods/hps-gpr-emrys-validation_workflow/study_results/v4p9p13_calibration_20260905/refined_v1/attempt1_batch002/individual_2015_full/m050/result.json,,500,3654.241445800656,eigenfeature_rtol_1e-15,3.0248073568306686,gp,stress,0.0014836986102349276,-6.513217247696697,9.81373837369393,gp,stress,0.004054370613808178,-5.50795981583921,True
individual_2016_full,2016 full,2016,50,38,1.0,1797437612.8343296,4.374305013850468e-06,2.20877537313279e-06,4.374305013850468e-06,2.20877537313279e-06,0.5049431546586466,0.5,-0.6931471805599453,0.0,0.5,-0.6931471805599453,0.0,-0.5641308561358269,-1674.6159276446065,2968.276845648326,-9.316684571899834e-07,2.71703004134214e-06,5.780230563076736e-06,2.71703004134214e-06,5.780230563076736e-06,0.4700556511877102,0.09999999998943554,True,True,True,False,,,True,completed_point,resolved,bounded_atom,4.694438632310538e-06,4.694438632310538e-06,4.494564938748772e-06,4.494564938748772e-06,4.894312325872305e-06,4.894312325872305e-06,1.0,0.0,4.3958682358947605e-06,4.3958682358947605e-06,0.5,resolved,bounded_atom,7.522082954696418e-06,7.522082954696418e-06,7.216324567270731e-06,7.216324567270731e-06,7.827841342122105e-06,7.827841342122105e-06,1.0,0.0,2.20877537313279e-06,2.20877537313279e-06,0.5,1.6023391812865497,/Users/emryspeets/Desktop/gp_mods/hps-gpr-emrys-validation_workflow/study_results/v4p9p13_calibration_20260905/chunked_v1/attempt1_remaining_2016_batch001/individual_2016_full/m050/result.json,,500,6316.134226981059,eigenfeature_rtol_1e-15,-0.7516209203389673,gp,gp,1.0,0.0,-0.5641308561358269,gp,gp,1.0,0.0,True
individual_2021_10pct,2021 10%,2021,50,15,1.0,653080147.4521304,2.1149103752779968e-05,1.9204248134367248e-05,2.1149103752779968e-05,1.9204248134367248e-05,0.9080407547692381,0.0583714350119029,-2.840928635317859,1.5685927192524247,1.7442309204437044e-10,-22.469537204707603,6.275351101767374,6.275351101767374,10411.897065887415,1661.570781953691,1.594275542826937e-05,4.177120635061094e-06,1.2050660688512978e-05,4.177120635061094e-06,1.2050660688512978e-05,0.3466300100079028,0.09999999999983948,False,True,True,False,0.0,0.0,True,completed_point,resolved,resolved,1.532739715769887e-05,1.532739715769887e-05,1.5054217984077181e-05,1.5054217984077181e-05,1.5600576331320558e-05,1.5600576331320558e-05,0.863075402163147,0.023370948382126628,2.1148594450435577e-05,2.1148594450435577e-05,0.058363824052140016,resolved,resolved,2.1870041485357087e-05,2.1870041485357087e-05,2.1451308754073935e-05,2.1451308754073935e-05,2.2288774216640238e-05,2.2288774216640238e-05,0.9146268499167733,0.022989929723975018,1.9204248134367248e-05,1.9204248134367248e-05,1.7442309204437044e-10,1.4268594504561318,/Users/emryspeets/Desktop/gp_mods/hps-gpr-emrys-validation_workflow/study_results/v4p9p13_calibration_20260905/refined_v1/attempt1_batch002/individual_2021_10pct/m050/result.json,,500,4784.494291052473,eigenfeature_rtol_1e-15,1.5686580080573722,gp,stress,0.863075402163147,-0.14725321956810142,6.275351101767374,gp,stress,0.9146268499167733,-0.08923911118409031,True
all_2015_2016_2021,2015 full + 2016 full + 2021 10%,2015+2016+2021,50,99,1.0,3091329596.2763224,7.742945664604561e-06,1.0534881814518174e-05,7.742945664604561e-06,1.0534881814518174e-05,1.360578037203132,0.0706215424417923,-2.650420047290336,1.4711776312415186,1.2704951563248053e-14,-31.99678459056235,7.619784775846543,7.619784775846543,27874.263295455607,3661.1016547614418,9.016917293138752e-06,1.9463365469530613e-06,4.555696526613498e-06,1.9463365469530613e-06,4.555696526613498e-06,0.42723138724955434,0.09999999999974249,True,True,True,False,,,True,completed_point,resolved,mc_boundary,7.659610986400022e-06,7.659610986400022e-06,7.4203952649814595e-06,7.4203952649814595e-06,7.898826707818585e-06,7.898826707818585e-06,1.0,0.016278982996897888,7.733657656526771e-06,7.733657656526771e-06,0.07107665537343182,resolved,mc_boundary,1.3761334992515294e-05,1.3761334992515294e-05,1.3408479250845871e-05,1.3408479250845871e-05,1.4114190734184717e-05,1.4114190734184717e-05,1.0,0.01627898544208991,1.0534881814518174e-05,1.0534881814518174e-05,1.2704951563248053e-14,1.7966101694915253,/Users/emryspeets/Desktop/gp_mods/hps-gpr-emrys-validation_workflow/study_results/v4p9p13_calibration_20260905/chunked_v1/attempt1_combined/all_2015_2016_2021/m050/result.json,,500,8561.674897436082,eigenfeature_rtol_1e-15,1.4678193101410568,gp,stress,1.008353957087477,0.0,7.619784775846543,gp,stress,1.0083494064890997,0.0,True
individual_2015_full,2015 full,2015,51,48,1.0,595870064.4024618,2.6396501975452937e-05,3.119346914682586e-05,2.6396501975452937e-05,3.119346914682586e-05,1.181727380992898,0.0008462825153401,-7.0746573116220395,3.139465223457327,5.477036964203069e-33,-74.28474381403747,11.906451291461677,11.906451291461677,16775.220578791843,1413.449662269982,2.815248085270742e-05,3.883943926854053e-06,9.801543724281527e-06,3.883943926854053e-06,9.801543724281527e-06,0.39625838909765754,0.09999999999986516,False,True,True,False,,,True,completed_point,limited_mc,limited_mc,2.9233981155503604e-05,2.9233981155503604e-05,2.86299562919178e-05,2.86299562919178e-05,2.98380060190894e-05,2.98380060190894e-05,0.0004348923864587012,2.797326147826101e-05,2.6396452163393688e-05,2.6396452163393688e-05,0.000846942447149935,resolved,limited_mc,4.6737129108480285e-05,4.6737129108480285e-05,4.5744372693972134e-05,4.5744372693972134e-05,4.772988552298843e-05,4.772988552298843e-05,0.00032606500169980827,2.3011777907717507e-05,3.119346914682586e-05,3.119346914682586e-05,5.477036964203069e-33,1.5987261146496816,/Users/emryspeets/Desktop/gp_mods/hps-gpr-emrys-validation_workflow/study_results/v4p9p13_calibration_20260905/study_results/v4p9p13_calibration_20260905/chunked_v1/attempt1_remaining_2015_batch001/individual_2015_full/m051/result.json,,500,3550.5027737824785,eigenfeature_rtol_1e-15,3.1392368271805537,gp,stress,0.0004348923864587012,-7.740411944932175,11.906451291461677,gp,stress,0.00032606500169980827,-8.02841380475625,True
individual_2016_full,2016 full,2016,51,38,1.0,1887900491.9118023,4.879759852331163e-06,3.053353181423125e-06,4.879759852331163e-06,3.053353181423125e-06,0.6257179192874572,0.5,-0.6931471805599453,0.0,0.3500022400566992,-1.0498157243571606,0.38531441872908406,0.38531441872908406,1169.1518971230619,3034.4244303927762,6.192868226540415e-07,2.6440343634103034e-06,5.595749045380559e-06,2.6440343634103034e-06,5.595749045380559e-06,0.47250767358715356,0.10000000000001938,True,True,True,False,,,True,completed_point,resolved,bounded_atom,5.448216765883518e-06,5.448216765883518e-06,5.2470877711383e-06,5.2470877711383e-06,5.649345760628736e-06,5.649345760628736e-06,1.0,0.0,4.8855897799346184e-06,4.8855897799346184e-06,0.5,resolved,resolved,8.982913496920141e-06,8.982913496920141e-06,8.659842444744794e-06,8.659842444744794e-06,9.30598454909549e-06,9.30598454909549e-06,0.9688696980066628,0.014532127469412069,3.053353181423125e-06,3.053353181423125e-06,0.3500022400566992,1.6487804878048777,/Users/emryspeets/Desktop/gp_mods/hps-gpr-emrys-validation_workflow/study_results/v4p9p13_calibration_20260905/chunked_v1/attempt1_remaining_2016_batch002/individual_2016_full/m051/result.json,,500,6422.285182347628,eigenfeature_rtol_1e-15,-0.3671432864862202,gp,gp,1.0,0.0,0.38531441872908406,gp,stress,0.9688696980066628,-0.031625146714709396,True
individual_2021_10pct,2021 10%,2021,51,14,1.0,771364840.0945914,1.1668758890409897e-05,4.656461050941558e-06,1.1668758890409897e-05,4.656461050941558e-06,0.39905366926113484,0.4076375485856442,-0.8973768607144292,0.2336263142727887,0.30026504113130276,-1.2030897239185643,0.5236383791852991,0.5236383791852991,940.2763070073288,1795.8575598922757,1.218977399711431e-06,3.830227016562205e-06,1.0694622638203402e-05,3.830227016562205e-06,1.0694622638203402e-05,0.35814513014043553,0.09999999999996885,False,True,True,False,0.0,0.0,True,completed_point,resolved,resolved,9.600036916553103e-06,9.600036916553103e-06,9.19028935880325e-06,9.19028935880325e-06,1.0009784474302955e-05,1.0009784474302955e-05,0.9233717020182342,0.0243978867766821,1.1671566078191142e-05,1.1671566078191142e-05,0.4075539439538909,resolved,resolved,1.371433845221872e-05,1.371433845221872e-05,1.297171153302853e-05,1.297171153302853e-05,1.4456965371408906e-05,1.4456965371408906e-05,0.9569650110339207,0.023958652368300276,4.656461050941558e-06,4.656461050941558e-06,0.30026504113130276,1.4285714285714286,/Users/emryspeets/Desktop/gp_mods/hps-gpr-emrys-validation_workflow/study_results/v4p9p13_calibration_20260905/derived/individual_2021_10pct/m051/result.json,256,500,5015.115134672023,eigenfeature_rtol_1e-15,0.23384168336159922,gp,stress,0.9233717020182342,-0.07972341479984467,0.5236383791852991,gp,stress,0.9569650110339207,-0.04398844929063763,True
all_2015_2016_2021,2015 full + 2016 full + 2021 10%,2015+2016+2021,51,100,1.0,3255135396.4088554,6.907612505263728e-06,8.820498600585666e-06,6.907612505263728e-06,8.820498600585666e-06,1.2769243488780362,0.1118988428955194,-2.190160004240336,1.216491660939714,9.9947056779696e-11,-23.026380502342214,6.361422229595909,6.361422229595909,23894.435265952114,3758.6056197209828,7.340534987365821e-06,1.8980854599175607e-06,4.424162053547885e-06,1.8980854599175607e-06,4.424162053547885e-06,0.4290271099801649,0.0999999999999577,True,True,True,False,,,True,completed_point,resolved,mc_boundary,7.690611752681496e-06,7.690611752681496e-06,7.459478892585316e-06,7.459478892585316e-06,7.921744612777674e-06,7.921744612777674e-06,1.0,0.016306230620570506,6.912266370692585e-06,6.912266370692585e-06,0.11096563484153427,resolved,mc_boundary,1.3532114668652688e-05,1.3532114668652688e-05,1.3171839214211498e-05,1.3171839214211498e-05,1.3892390123093874e-05,1.3892390123093874e-05,1.0,0.016334695626650877,8.820498600585666e-06,8.820498600585666e-06,9.9947056779696e-11,1.7595628415300548,/Users/emryspeets/Desktop/gp_mods/hps-gpr-emrys-validation_workflow/study_results/v4p9p13_calibration_20260905/chunked_v1/attempt1_combined/all_2015_2016_2021/m051/result.json,,500,8755.05400172817,eigenfeature_rtol_1e-15,1.221408819224686,gp,stress,1.0197296183079598,0.0,6.361422229595909,gp,stress,1.0116106125940203,0.0,True
individual_2015_full,2015 full,2015,52,48,1.0,549579204.2247295,2.112987415099241e-05,1.9559690880324982e-05,2.112987415099241e-05,1.9559690880324982e-05,0.9256889435570216,0.0144103396742289,-4.239809297129932,2.1859306513261156,1.2274292739015447e-11,-25.123514061910758,6.676039485247267,6.676039485247267,9015.14779925296,1352.9122892846285,1.64037280340152e-05,4.039113016246352e-06,9.986743572082727e-06,4.039113016246352e-06,9.986743572082727e-06,0.40444745447729546,0.0999999999998266,False,True,True,False,,,True,completed_point,resolved,resolved,2.362016711625728e-05,2.362016711625728e-05,2.314858576200157e-05,2.314858576200157e-05,2.4091748470512985e-05,2.4091748470512985e-05,0.007282393401025938,0.0005179827410156018,2.1129008606529982e-05,2.1129008606529982e-05,0.014405825579291055,resolved,resolved,3.35804785508236e-05,3.35804785508236e-05,3.276844425410341e-05,3.276844425410341e-05,3.439251284754378e-05,3.439251284754378e-05,0.017698258888991576,0.001223017491438105,1.9559690880324982e-05,1.9559690880324982e-05,1.2274292739015447e-11,1.421686746987952,/Users/emryspeets/Desktop/gp_mods/hps-gpr-emrys-validation_workflow/study_results/v4p9p13_calibration_20260905/derived/individual_2015_full/m052/result.json,256,500,3336.5211623859404,eigenfeature_rtol_1e-15,2.1860540505127295,gp,stress,0.007282393401025938,-4.922295706927355,6.676039485247267,gp,stress,0.017698258888991576,-4.034289012094371,True
individual_2016_full,2016 full,2016,52,40,1.0,1987835028.0738173,6.034605819214095e-06,3.9773497444633686e-06,6.034605819214095e-06,3.9773497444633686e-06,0.6590902311795654,0.4043323153687373,-0.9055181763464543,0.242149103874204,0.11795110464392367,-2.137485107814752,1.1852915095701397,1.1852915095701397,3692.947796972289,3116.0908284753577,1.857773781434318e-06,2.578375406329371e-06,5.522237480926692e-06,2.578375406329371e-06,5.522237480926692e-06,0.4669077371690092,0.09999999999044198,True,True,True,False,,,True,completed_point,resolved,resolved,7.186371759876557e-06,7.186371759876557e-06,6.950309306357537e-06,6.950309306357537e-06,7.422434213395579e-06,7.422434213395579e-06,0.9063382478886082,0.023511640942723015,6.045627293390023e-06,6.045627293390023e-06,0.40426783773984387,resolved,resolved,1.0543508932373634e-05,1.0543508932373634e-05,1.0156149796565015e-05,1.0156149796565015e-05,1.0930868068182256e-05,1.0930868068182256e-05,0.9942925420858151,0.02273144522505802,3.9773497444633686e-06,3.9773497444633686e-06,0.11795110464392367,1.4671532846715327,/Users/emryspeets/Desktop/gp_mods/hps-gpr-emrys-validation_workflow/study_results/v4p9p13_calibration_20260905/derived/individual_2016_full/m052/result.json,256,500,6673.434865538385,eigenfeature_rtol_1e-15,0.2423155372539379,gp,stress,0.9063382478886082,-0.09834270057354977,1.1852915095701397,gp,stress,0.9942925420858151,-0.005723807692231782,True
individual_2021_10pct,2021 10%,2021,52,15,1.0,914406325.7988971,8.045157900312727e-06,1.366653964872587e-06,8.045157900312727e-06,1.366653964872587e-06,0.16987285791114964,0.5,-0.6931471805599453,0.0,0.5,-0.6931471805599453,0.0,-3.034155820726569,-5945.962659916028,1958.5242685923392,-6.50253885188422e-06,3.5274502900984676e-06,9.83114231716545e-06,3.5274502900984676e-06,9.83114231716545e-06,0.3588037052357019,0.09999999998767277,False,True,True,False,0.0,0.0,True,completed_point,resolved,bounded_atom,7.517619341505099e-06,7.517619341505099e-06,7.16885262665996e-06,7.16885262665996e-06,7.866386056350237e-06,7.866386056350237e-06,1.0,0.0,8.015471354999516e-06,8.015471354999516e-06,0.5,resolved,bounded_atom,1.1346468944010801e-05,1.1346468944010801e-05,1.071237578142656e-05,1.071237578142656e-05,1.1980562106595042e-05,1.1980562106595042e-05,1.0,0.0,1.366653964872587e-06,1.366653964872587e-06,0.5,1.5093167701863353,/Users/emryspeets/Desktop/gp_mods/hps-gpr-emrys-validation_workflow/study_results/v4p9p13_calibration_20260905/derived/individual_2021_10pct/m052/result.json,256,500,5465.169634441065,eigenfeature_rtol_1e-15,-0.5552932427466654,gp,gp,1.0,0.0,-3.034155820726569,gp,gp,1.0,0.0,True
all_2015_2016_2021,2015 full + 2016 full + 2021 10%,2015+2016+2021,52,103,1.0,3451820558.0974436,6.028277771146405e-06,4.057612134121441e-06,6.028277771146405e-06,4.057612134121441e-06,0.6730964113071717,0.1857208171919668,-1.683510715711049,0.8937762209907274,0.010165927823873436,-4.5887135597393245,2.3201668035023424,2.3201668035023424,9006.800321860288,3882.8600926157733,2.6092898429299028e-06,1.8500912522680212e-06,4.336896110161833e-06,1.8500912522680212e-06,4.336896110161833e-06,0.42659339889029174,0.09999999999990183,True,True,True,False,,,True,completed_point,resolved,resolved,7.044579282037612e-06,7.044579282037612e-06,6.847355734235429e-06,6.847355734235429e-06,7.241802829839795e-06,7.241802829839795e-06,0.632182508349397,0.01890590281569108,6.0368561143525855e-06,6.0368561143525855e-06,0.1857415960049354,resolved,resolved,9.928325186965289e-06,9.928325186965289e-06,9.636037197257567e-06,9.636037197257567e-06,1.0220613176673013e-05,1.0220613176673013e-05,0.8602815316518518,0.018579858602260805,4.057612134121441e-06,4.057612134121441e-06,0.010165927823873436,1.4093567251461987,/Users/emryspeets/Desktop/gp_mods/hps-gpr-emrys-validation_workflow/study_results/v4p9p13_calibration_20260905/derived/all_2015_2016_2021/m052/result.json,256,500,9100.958536190787,eigenfeature_rtol_1e-15,0.8936985675655945,gp,stress,0.632182508349397,-0.45857714749006306,2.3201668035023424,gp,stress,0.8602815316518518,-0.15049558092008405,True
individual_2015_full,2015 full,2015,53,50,1.0,508471430.4772233,1.3931219940487204e-05,9.249978054582699e-06,1.3931219940487204e-05,9.249978054582699e-06,0.6639747340216932,0.2108520575824742,-1.5565985403241427,0.8034682944697353,0.009890434839262621,-4.616187166744535,2.3304786020373065,2.3304786020373065,3028.6972982431857,1300.492648600406,5.956474870968891e-06,4.204159881803615e-06,1.034915555947709e-05,4.204159881803615e-06,1.034915555947709e-05,0.4062321662518364,0.09999999999980147,False,True,True,False,,,True,completed_point,resolved,resolved,1.5630077040274226e-05,1.5630077040274226e-05,1.5141636743596058e-05,1.5141636743596058e-05,1.611851733695239e-05,1.611851733695239e-05,0.14446998785225973,0.006456471812704236,1.3931166444401208e-05,1.3931166444401208e-05,0.21184794934082396,resolved,resolved,2.2118033547557867e-05,2.2118033547557867e-05,2.1328273910519056e-05,2.1328273910519056e-05,2.290779318459667e-05,2.290779318459667e-05,0.18792016450778187,0.008208469492710636,9.249978054582699e-06,9.249978054582699e-06,0.009890434839262621,1.4150943396226414,/Users/emryspeets/Desktop/gp_mods/hps-gpr-emrys-validation_workflow/study_results/v4p9p13_calibration_20260905/derived/individual_2015_full/m053/result.json,256,500,3198.9726314012332,eigenfeature_rtol_1e-15,0.8000257146579688,stress,stress,0.14446998785225973,-1.9346834895257143,2.3304786020373065,gp,stress,0.18792016450778187,-1.6717380632179535,True
individual_2016_full,2016 full,2016,53,40,1.0,2066853129.874199,6.67498908547269e-06,2.5413608828201906e-06,6.67498908547269e-06,2.5413608828201906e-06,0.38072884468847396,0.2646867115443165,-1.3292083729574218,0.6289627807988956,0.4921941684110463,-0.7088819891021834,0.01956756679936571,0.01956756679936571,62.01890808724446,3169.5040855030643,3.000644176928977e-08,2.5229315136632678e-06,5.286898940688559e-06,2.5229315136632678e-06,5.286898940688559e-06,0.47720441452862045,0.10000000000169298,True,True,True,False,,,True,completed_point,resolved,resolved,1.1299430771499402e-05,1.1299430771499402e-05,1.1061194672720789e-05,1.1061194672720789e-05,1.1537666870278017e-05,1.1537666870278017e-05,0.13670885791196302,0.005829293208540784,6.681584288105496e-06,6.681584288105496e-06,0.264761540837509,resolved,resolved,1.2806021541032657e-05,1.2806021541032657e-05,1.2498562582616798e-05,1.2498562582616798e-05,1.3113480499448513e-05,1.3113480499448513e-05,0.27566635547711527,0.009758518439398706,2.5413608828201906e-06,2.5413608828201906e-06,0.4921941684110463,1.1333333333333335,/Users/emryspeets/Desktop/gp_mods/hps-gpr-emrys-validation_workflow/study_results/v4p9p13_calibration_20260905/derived/individual_2016_full/m053/result.json,256,500,6642.990607892018,eigenfeature_rtol_1e-15,0.6287342037892237,stress,gp,0.13670885791196302,-1.989901739166007,0.01956756679936571,stress,gp,0.27566635547711527,-1.2885640014889268,True
individual_2021_10pct,2021 10%,2021,53,14,1.0,1047657087.0368962,6.398160947997226e-06,1.2374076905262882e-06,6.398160947997226e-06,1.2374076905262882e-06,0.19340052564848742,0.5,-0.6931471805599453,0.0,0.5,-0.6931471805599453,0.0,-3.131366758099986,-6514.930014424862,2079.361810244041,-6.218571033439131e-06,3.2686106491736387e-06,8.543281995510692e-06,3.2686106491736387e-06,8.543281995510692e-06,0.382594259547001,0.10000000000002414,False,True,True,False,0.0,0.0,True,completed_point,resolved,bounded_atom,7.50656887111707e-06,7.50656887111707e-06,7.188988919446974e-06,7.188988919446974e-06,7.824148822787166e-06,7.824148822787166e-06,1.0,0.0,6.389523177390821e-06,6.389523177390821e-06,0.5,resolved,bounded_atom,9.778827556428184e-06,9.778827556428184e-06,9.309053582909728e-06,9.309053582909728e-06,1.0248601529946638e-05,1.0248601529946638e-05,1.0,0.0,1.2374076905262882e-06,1.2374076905262882e-06,0.5,1.3027027027027027,/Users/emryspeets/Desktop/gp_mods/hps-gpr-emrys-validation_workflow/study_results/v4p9p13_calibration_20260905/derived/individual_2021_10pct/m053/result.json,256,500,5441.252377708179,eigenfeature_rtol_1e-15,-0.7983812495234839,gp,gp,1.0,0.0,-3.131366758099986,gp,gp,1.0,0.0,True
all_2015_2016_2021,2015 full + 2016 full + 2021 10%,2015+2016+2021,53,104,1.0,3622981647.388318,4.820846660911696e-06,1.390274381206163e-06,4.820846660911696e-06,1.390274381206163e-06,0.2883880112758535,0.3338639147995363,-1.0970218097519109,0.4292685113202413,0.5,-0.6931471805599453,0.0,-0.7134666217312273,-2833.916212302581,3971.762987303577,-7.822055114039711e-07,1.8037646680573271e-06,4.123360651590384e-06,1.8037646680573271e-06,4.123360651590384e-06,0.43745013363349944,0.09999999999999128,True,True,True,False,,,True,completed_point,resolved,resolved,7.872753622919827e-06,7.872753622919827e-06,7.682743546438858e-06,7.682743546438858e-06,8.062763699400797e-06,8.062763699400797e-06,0.15581876351833357,0.006794953919418101,4.829594842471373e-06,4.829594842471373e-06,0.3359786583131914,resolved,bounded_atom,7.794417765975351e-06,7.794417765975351e-06,7.5386428496336594e-06,7.5386428496336594e-06,8.050192682317044e-06,8.050192682317044e-06,1.0,0.0,1.390274381206163e-06,1.390274381206163e-06,0.5,0.9900497512437811,/Users/emryspeets/Desktop/gp_mods/hps-gpr-emrys-validation_workflow/study_results/v4p9p13_calibration_20260905/derived/all_2015_2016_2021/m053/result.json,256,500,9081.899905352733,eigenfeature_rtol_1e-15,0.42346323539628866,stress,gp,0.15581876351833357,-1.8590617194315775,-0.7134666217312273,stress,gp,1.0,0.0,True
individual_2015_full,2015 full,2015,54,50,1.0,466651332.3540599,8.595411764451371e-06,6.226903266508131e-06,8.595411764451371e-06,6.226903266508131e-06,0.7244450221990711,0.5,-0.6931471805599453,0.0,0.17015984649633015,-1.7710170102042775,0.953533772724692,0.953533772724692,1184.2031655025532,1242.2737420134567,2.5376615974259536e-06,4.3781009343620785e-06,1.0672009615646345e-05,4.3781009343620785e-06,1.0672009615646345e-05,0.41024147204133876,0.09999999994646151,False,True,True,False,,,True,completed_point,resolved,bounded_atom,9.680660265259927e-06,9.680660265259927e-06,9.280527641791993e-06,9.280527641791993e-06,1.0080792888727858e-05,1.0080792888727858e-05,1.0,0.0,8.59634231759824e-06,8.59634231759824e-06,0.5,resolved,resolved,1.9969529552421e-05,1.9969529552421e-05,1.9304433940607938e-05,1.9304433940607938e-05,2.0634625164234063e-05,2.0634625164234063e-05,0.32017996509302116,0.012893565757411794,6.226903266508131e-06,6.226903266508131e-06,0.17015984649633015,2.06282722513089,/Users/emryspeets/Desktop/gp_mods/hps-gpr-emrys-validation_workflow/study_results/v4p9p13_calibration_20260905/derived/individual_2015_full/m054/result.json,256,500,3027.429871145919,eigenfeature_rtol_1e-15,-0.5902233901964781,stress,gp,1.0,0.0,0.953533772724692,stress,gp,0.32017996509302116,-1.1388720503551781,True
individual_2016_full,2016 full,2016,54,40,1.0,2139413690.1860988,6.9387349299721974e-06,3.665939621831013e-06,6.9387349299721974e-06,3.665939621831013e-06,0.5283296824030288,0.2004707907588722,-1.6070867248488039,0.8399407973884369,0.14209205338688874,-1.951280168124807,1.0709673584890012,1.0709673584890012,3444.525378256661,3216.6761267084735,1.610032409373353e-06,2.4731456592261928e-06,5.086023118962729e-06,2.4731456592261928e-06,5.086023118962729e-06,0.48626315716208923,0.09999999997879591,True,True,True,False,,,True,completed_point,limited_mc,resolved,2.0067558803283258e-05,2.0067558803283258e-05,1.9883619997621076e-05,1.9883619997621076e-05,2.0251497608945433e-05,2.0251497608945433e-05,0.10104502584736191,0.004465191666222164,6.943158497779575e-06,6.943158497779575e-06,0.20047185031343584,resolved,resolved,2.7294578843761273e-05,2.7294578843761273e-05,2.7036519162221297e-05,2.7036519162221297e-05,2.755263852530125e-05,2.755263852530125e-05,0.16805261456720433,0.006963978871534377,3.665939621831013e-06,3.665939621831013e-06,0.14209205338688874,1.3601344892681018,/Users/emryspeets/Desktop/gp_mods/hps-gpr-emrys-validation_workflow/study_results/v4p9p13_calibration_20260905/refined_v1/attempt1_batch002/individual_2016_full/m054/result.json,,500,6614.930181280963,eigenfeature_rtol_1e-15,0.8399370180997477,stress,gp,0.10104502584736191,-2.292189061011454,1.0709673584890012,stress,gp,0.16805261456720433,-1.7834781666624626,True
individual_2021_10pct,2021 10%,2021,54,14,1.0,1197945417.1515815,6.2664593612279555e-06,2.7289963371984948e-06,6.2664593612279555e-06,2.7289963371984948e-06,0.43549254529334874,0.5,-0.6931471805599453,0.0,0.5,-0.6931471805599453,0.0,-0.29321529876667507,-649.4647581258398,2214.8655195127335,-5.421488732517602e-07,3.042130831874422e-06,7.777823461497732e-06,3.042130831874422e-06,7.777823461497732e-06,0.3911288096128394,0.10000000000000313,False,True,True,False,-3.3306690738754696e-16,-5.551115123125783e-17,True,completed_point,resolved,bounded_atom,8.385490094117809e-06,8.385490094117809e-06,8.085629184371898e-06,8.085629184371898e-06,8.685351003863721e-06,8.685351003863721e-06,1.0,0.0,6.28673393133444e-06,6.28673393133444e-06,0.5,resolved,bounded_atom,1.4554551088468795e-05,1.4554551088468795e-05,1.399118233693609e-05,1.399118233693609e-05,1.5117919840001505e-05,1.5117919840001505e-05,1.0,0.0,2.7289963371984948e-06,2.7289963371984948e-06,0.5,1.7356828193832599,/Users/emryspeets/Desktop/gp_mods/hps-gpr-emrys-validation_workflow/study_results/v4p9p13_calibration_20260905/derived/individual_2021_10pct/m054/result.json,256,500,5664.343642681749,eigenfeature_rtol_1e-15,-0.5799850569622956,stress,gp,1.0,0.0,-0.29321529876667507,gp,gp,1.0,0.0,True
all_2015_2016_2021,2015 full + 2016 full + 2021 10%,2015+2016+2021,54,104,1.0,3804010439.6917405,4.1450885193592825e-06,2.5177318164202146e-06,4.1450885193592825e-06,2.5177318164202146e-06,0.6074012182517605,0.4441320102137384,-0.8116334404396207,0.1405011797546596,0.1648917162313066,-1.8024662857826745,0.9745501880443995,0.9745501880443995,3960.510409092528,4064.3107041306675,1.0411407833605918e-06,1.7573784707285234e-06,3.95372794881566e-06,1.7573784707285234e-06,3.95372794881566e-06,0.4444864425370862,0.10000000002142129,True,True,True,False,,,True,completed_point,resolved,resolved,1.284433700818619e-05,1.284433700818619e-05,1.2701414010076141e-05,1.2701414010076141e-05,1.2987260006296239e-05,1.2987260006296239e-05,0.18673745301938807,0.007339924736238243,4.165250183232631e-06,4.165250183232631e-06,0.4445359094495577,resolved,resolved,1.779426355048453e-05,1.779426355048453e-05,1.7599057024076964e-05,1.7599057024076964e-05,1.7989470076892095e-05,1.7989470076892095e-05,0.09784964125277969,0.004940941327924112,2.5177318164202146e-06,2.5177318164202146e-06,0.1648917162313066,1.385378127274577,/Users/emryspeets/Desktop/gp_mods/hps-gpr-emrys-validation_workflow/study_results/v4p9p13_calibration_20260905/chunked_v1/attempt1_combined/all_2015_2016_2021/m054/result.json,,500,9143.390328899975,eigenfeature_rtol_1e-15,0.13947878535693375,stress,gp,0.18673745301938807,-1.6780516432001147,0.9745501880443995,stress,gp,0.09784964125277969,-2.3243232514443743,True
individual_2015_full,2015 full,2015,55,52,1.0,429954299.43054926,5.880489423159788e-06,2.4634444370431743e-06,5.880489423159788e-06,2.4634444370431743e-06,0.4189182667927462,0.5,-0.6931471805599453,0.0,0.5,-0.6931471805599453,0.0,-1.8011148969877038,-2147.1274101313425,1191.4206263267208,-4.993850306823526e-06,4.563408558830976e-06,1.1130255001917272e-05,4.563408558830976e-06,1.1130255001917272e-05,0.41000036010359986,0.10000000000002299,False,True,True,False,,,True,completed_point,resolved,bounded_atom,6.633975022094543e-06,6.633975022094543e-06,6.261054323371322e-06,6.261054323371322e-06,7.006895720817764e-06,7.006895720817764e-06,1.0,0.0,5.884369738461329e-06,5.884369738461329e-06,0.5,resolved,bounded_atom,1.5963828340020334e-05,1.5963828340020334e-05,1.5205382419126774e-05,1.5205382419126774e-05,1.6722274260913896e-05,1.6722274260913896e-05,1.0,0.0,2.4634444370431743e-06,2.4634444370431743e-06,0.5,2.406374501992032,/Users/emryspeets/Desktop/gp_mods/hps-gpr-emrys-validation_workflow/study_results/v4p9p13_calibration_20260905/derived/individual_2015_full/m055/result.json,256,500,2909.1249293406054,eigenfeature_rtol_1e-15,-1.869622623988607,stress,gp,1.0,0.0,-1.8011148969877038,stress,gp,1.0,0.0,True
individual_2016_full,2016 full,2016,55,42,1.0,2221029509.760231,5.9751311259950984e-06,2.238374108612059e-06,5.9751311259950984e-06,2.238374108612059e-06,0.37461506055890614,0.3030719822961873,-1.1937849363529922,0.5155854643489997,0.5,-0.6931471805599453,0.0,-0.22113718204167698,-725.403246289807,3280.248232335541,-3.26606757407792e-07,2.4299298766008083e-06,4.949491720025441e-06,2.4299298766008083e-06,4.949491720025441e-06,0.4909453362189518,0.09999999999941778,True,True,True,False,,,True,completed_point,resolved,resolved,2.557563448432013e-05,2.557563448432013e-05,2.530675557829836e-05,2.530675557829836e-05,2.58445133903419e-05,2.58445133903419e-05,0.18927191814599,0.0073843597829016654,5.980979564538051e-06,5.980979564538051e-06,0.30591115213812947,resolved,bounded_atom,3.702171550709485e-05,3.702171550709485e-05,3.6722065959892094e-05,3.6722065959892094e-05,3.732136505429759e-05,3.732136505429759e-05,1.0,0.0,2.238374108612059e-06,2.238374108612059e-06,0.5,1.4475384972283702,/Users/emryspeets/Desktop/gp_mods/hps-gpr-emrys-validation_workflow/study_results/v4p9p13_calibration_20260905/refined_v1/attempt1_batch001/individual_2016_full/m055/result.json,,500,6682.94014491499,eigenfeature_rtol_1e-15,0.5074739580828732,stress,gp,0.18927191814599,-1.6645705775398558,-0.22113718204167698,stress,gp,1.0,0.0,True
individual_2021_10pct,2021 10%,2021,55,15,1.0,1369200620.455513,5.798976335094624e-06,1.4062972437733775e-06,5.798976335094624e-06,1.4062972437733775e-06,0.24250784319685115,0.5,-0.6931471805599453,0.0,0.5,-0.6931471805599453,0.0,-2.1030966950395467,-4979.513344731161,2366.910341911856,-3.636803307227943e-06,2.8455551011412643e-06,7.221137489644089e-06,2.8455551011412643e-06,7.221137489644089e-06,0.3940591222950824,0.10000000000002263,False,True,True,False,2.220446049250313e-16,0.0,True,completed_point,resolved,bounded_atom,8.265519679761822e-06,8.265519679761822e-06,8.010139091259441e-06,8.010139091259441e-06,8.520900268264201e-06,8.520900268264201e-06,1.0,0.0,5.799487855600985e-06,5.799487855600985e-06,0.5,resolved,bounded_atom,1.2552614949347828e-05,1.2552614949347828e-05,1.2053292336782338e-05,1.2053292336782338e-05,1.3051937561913316e-05,1.3051937561913316e-05,1.0,0.0,1.4062972437733775e-06,1.4062972437733775e-06,0.5,1.5186721991701244,/Users/emryspeets/Desktop/gp_mods/hps-gpr-emrys-validation_workflow/study_results/v4p9p13_calibration_20260905/derived/individual_2021_10pct/m055/result.json,256,500,6010.770947142712,eigenfeature_rtol_1e-15,-0.5977582328954282,stress,gp,1.0,0.0,-2.1030966950395467,stress,gp,1.0,0.0,True
all_2015_2016_2021,2015 full + 2016 full + 2021 10%,2015+2016+2021,55,109,1.0,4020184429.6462936,3.034958647452665e-06,8.476984596751339e-07,3.034958647452665e-06,8.476984596751339e-07,0.2793113706463953,0.5,-0.6931471805599453,0.0,0.5,-0.6931471805599453,0.0,-2.0976684262948484,-8778.504804636681,4184.079562480157,-2.183607483253955e-06,1.7125782849126006e-06,3.832783144372455e-06,1.7125782849126006e-06,3.832783144372455e-06,0.4468236840967956,0.10000000000001126,True,True,True,False,,,True,completed_point,resolved,bounded_atom,1.5152901325379333e-05,1.5152901325379333e-05,1.5032920494375568e-05,1.5032920494375568e-05,1.5272882156383094e-05,1.5272882156383094e-05,1.0,0.0,3.1108839291387874e-06,3.1108839291387874e-06,0.5,resolved,bounded_atom,2.1493855866091847e-05,2.1493855866091847e-05,2.1343750373920174e-05,2.1343750373920174e-05,2.1643961358263517e-05,2.1643961358263517e-05,1.0,0.0,8.476984596751339e-07,8.476984596751339e-07,0.5,1.4184647154068217,/Users/emryspeets/Desktop/gp_mods/hps-gpr-emrys-validation_workflow/study_results/v4p9p13_calibration_20260905/chunked_resource8_v1/attempt2_combined/all_2015_2016_2021/m055/result.json,,500,9367.416020868926,eigenfeature_rtol_1e-15,-0.5683086290002352,stress,gp,1.0,0.0,-2.0976684262948484,stress,gp,1.0,0.0,True
individual_2015_full,2015 full,2015,56,52,1.0,393232473.65717894,4.862577527049574e-06,1.142455630483486e-06,4.862577527049574e-06,1.142455630483486e-06,0.2349485687638351,0.5,-0.6931471805599453,0.0,0.5,-0.6931471805599453,0.0,-5.478828982537785,-6233.483000677049,1135.643431746572,-1.5851902928320756e-05,4.76564010848684e-06,1.1565515814507322e-05,4.76564010848684e-06,1.1565515814507322e-05,0.4120559934308344,0.10000000000000664,False,True,True,False,,,True,completed_point,resolved,bounded_atom,5.2455352094521565e-06,5.2455352094521565e-06,4.893555280898256e-06,4.893555280898256e-06,5.597515138006056e-06,5.597515138006056e-06,1.0,0.0,4.861011820037901e-06,4.861011820037901e-06,0.5,resolved,bounded_atom,1.0820632840440573e-05,1.0820632840440573e-05,1.0121754702041862e-05,1.0121754702041862e-05,1.1519510978839286e-05,1.1519510978839286e-05,1.0,0.0,1.142455630483486e-06,1.142455630483486e-06,0.5,2.06282722513089,/Users/emryspeets/Desktop/gp_mods/hps-gpr-emrys-validation_workflow/study_results/v4p9p13_calibration_20260905/derived/individual_2015_full/m056/result.json,256,500,2764.6857865632833,eigenfeature_rtol_1e-15,-2.701240989771471,stress,gp,1.0,0.0,-5.478828982537785,stress,gp,1.0,0.0,True
individual_2016_full,2016 full,2016,56,42,1.0,2281480856.0787177,5.993150973880777e-06,6.693085420433089e-06,5.993150973880777e-06,6.693085420433089e-06,1.1167890563082346,0.2937393904976305,-1.2250623316308944,0.5424932140154451,0.0004466213354849334,-7.713799446557952,3.3221574718727105,3.3221574718727105,11017.129061575934,3317.504971557065,4.82893776304201e-06,2.390774834327292e-06,4.899496764955875e-06,2.390774834327292e-06,4.899496764955875e-06,0.48796334583329876,0.09999999999976675,True,True,True,False,,,True,completed_point,resolved,limited_mc,2.681255072562364e-05,2.681255072562364e-05,2.653751634305062e-05,2.653751634305062e-05,2.708758510819666e-05,2.708758510819666e-05,0.20279530362500517,0.007476482348369663,5.9995041466946e-06,5.9995041466946e-06,0.29365457926993177,resolved,limited_mc,4.5030208099217573e-05,4.5030208099217573e-05,4.474070487209622e-05,4.474070487209622e-05,4.531971132633893e-05,4.531971132633893e-05,0.04476865969845987,0.0026919788362764095,6.693085420433089e-06,6.693085420433089e-06,0.0004466213354849334,1.679445143433671,/Users/emryspeets/Desktop/gp_mods/hps-gpr-emrys-validation_workflow/study_results/v4p9p13_calibration_20260905/refined_v1/attempt1_batch001/individual_2016_full/m056/result.json,,500,6795.495974153154,eigenfeature_rtol_1e-15,0.5427395220024477,stress,gp,0.20279530362500517,-1.5955581652008792,3.3221574718727105,stress,gp,0.04476865969845987,-3.106246944669919,True
individual_2021_10pct,2021 10%,2021,56,14,1.0,1516587497.7196918,6.938518394247164e-06,3.0241476671776514e-06,6.938518394247164e-06,3.0241476671776514e-06,0.43584919652083365,0.4347081929066946,-0.8330802938986205,0.1643998447106549,0.371820323587365,-0.9893445425008334,0.32703601286453243,0.32703601286453243,806.8310846650147,2467.224129599887,5.320043095951592e-07,2.6763350936573114e-06,6.565472954154841e-06,2.6763350936573114e-06,6.565472954154841e-06,0.40763782172975693,0.09999999999997222,False,True,True,False,2.220446049250313e-16,5.551115123125783e-17,True,completed_point,resolved,resolved,9.167647991943525e-06,9.167647991943525e-06,8.874133809088608e-06,8.874133809088608e-06,9.461162174798442e-06,9.461162174798442e-06,0.2018105929403328,0.0076167026514020785,6.977843748898798e-06,6.977843748898798e-06,0.43521819498448455,resolved,resolved,1.3159004940816896e-05,1.3159004940816896e-05,1.2709351057783041e-05,1.2709351057783041e-05,1.3608658823850752e-05,1.3608658823850752e-05,0.16985712309082135,0.00715483753296935,3.0241476671776514e-06,3.0241476671776514e-06,0.371820323587365,1.4353741496598638,/Users/emryspeets/Desktop/gp_mods/hps-gpr-emrys-validation_workflow/study_results/v4p9p13_calibration_20260905/derived/individual_2021_10pct/m056/result.json,256,500,6053.24204759797,eigenfeature_rtol_1e-15,0.16310420379948404,stress,stress,0.2018105929403328,-1.6004256801690766,0.32703601286453243,stress,stress,0.16985712309082135,-1.772797647716945,True
all_2015_2016_2021,2015 full + 2016 full + 2021 10%,2015+2016+2021,56,108,1.0,4191300827.4555883,3.226051522730868e-06,2.0931680715501102e-06,3.226051522730868e-06,2.0931680715501102e-06,0.6488328090241514,0.5,-0.6931471805599453,0.0,0.27214733980137923,-1.3014116689012012,0.6063314483162544,0.6063314483162544,2579.8606144754576,4255.100520497077,6.155274270879794e-07,1.6697477156139456e-06,3.718126267869954e-06,1.6697477156139456e-06,3.718126267869954e-06,0.4490831121156391,0.10000000000002165,True,True,True,False,,,True,completed_point,resolved,bounded_atom,1.5719060988858616e-05,1.5719060988858616e-05,1.555031056403508e-05,1.555031056403508e-05,1.5887811413682158e-05,1.5887811413682158e-05,1.0,0.0,3.2486195358214106e-06,3.2486195358214106e-06,0.5,resolved,resolved,2.450359664050247e-05,2.450359664050247e-05,2.4235741974787296e-05,2.4235741974787296e-05,2.477145130621764e-05,2.477145130621764e-05,0.18397792410379507,0.00810412301630811,2.0931680715501102e-06,2.0931680715501102e-06,0.27214733980137923,1.5588460823372445,/Users/emryspeets/Desktop/gp_mods/hps-gpr-emrys-validation_workflow/study_results/v4p9p13_calibration_20260905/chunked_resource_v1/attempt1_m056_m066/all_2015_2016_2021/m056/result.json,,500,9473.977338605877,eigenfeature_rtol_1e-15,-0.3651531244495694,stress,gp,1.0,0.0,0.6063314483162544,stress,gp,0.18397792410379507,-1.692939506267817,True
individual_2015_full,2015 full,2015,57,52,1.0,359032703.52586657,4.840915191776256e-06,1.0365700784500646e-06,4.840915191776256e-06,1.0365700784500646e-06,0.21412688249754702,0.5,-0.6931471805599453,0.0,0.5,-0.6931471805599453,0.0,-6.406208822487912,-6945.131639084508,1081.6755430994733,-1.934400841728376e-05,4.975139512943013e-06,1.1987820488092067e-05,4.975139512943013e-06,1.1987820488092067e-05,0.41501618395812634,0.10000000006931582,False,True,True,False,,,True,completed_point,resolved,bounded_atom,5.323156677470626e-06,5.323156677470626e-06,4.96030155620029e-06,4.96030155620029e-06,5.6860117987409625e-06,5.6860117987409625e-06,1.0,0.0,4.840924536707525e-06,4.840924536707525e-06,0.5,resolved,bounded_atom,1.0190856099114888e-05,1.0190856099114888e-05,9.553406996019663e-06,9.553406996019663e-06,1.0828305202210113e-05,1.0828305202210113e-05,1.0,0.0,1.0365700784500646e-06,1.0365700784500646e-06,0.5,1.9144385026737967,/Users/emryspeets/Desktop/gp_mods/hps-gpr-emrys-validation_workflow/study_results/v4p9p13_calibration_20260905/derived/individual_2015_full/m057/result.json,256,500,2616.384798396986,eigenfeature_rtol_1e-15,-2.8598984622824686,stress,gp,1.0,0.0,-6.406208822487912,stress,gp,1.0,0.0,True
individual_2016_full,2016 full,2016,57,42,1.0,2335903871.418832,4.401397542367041e-06,2.2231171866165153e-06,4.401397542367041e-06,2.2231171866165153e-06,0.5050934766099174,0.4986364304075206,-0.6958780451636704,0.00341796875,0.5,-0.6931471805599453,0.0,-0.15896756021817274,-532.3318568032495,3348.6227035623283,-2.2789116594935485e-07,2.358432514176214e-06,4.7145077622028884e-06,2.358432514176214e-06,4.7145077622028884e-06,0.5002500013011366,0.10000000000002156,True,True,True,False,,,True,completed_point,resolved,bounded_atom,2.666236290307569e-05,2.666236290307569e-05,2.6454835846523703e-05,2.6454835846523703e-05,2.6869889959627677e-05,2.6869889959627677e-05,1.0,0.0,4.407832503158989e-06,4.407832503158989e-06,0.5,resolved,bounded_atom,4.094730302306972e-05,4.094730302306972e-05,4.066003571994221e-05,4.066003571994221e-05,4.123457032619724e-05,4.123457032619724e-05,1.0,0.0,2.2231171866165153e-06,2.2231171866165153e-06,0.5,1.5357717233061203,/Users/emryspeets/Desktop/gp_mods/hps-gpr-emrys-validation_workflow/study_results/v4p9p13_calibration_20260905/refined_v1/attempt1_batch001/individual_2016_full/m057/result.json,,500,6694.88283937682,eigenfeature_rtol_1e-15,-0.18106677666381255,stress,gp,1.0,0.0,-0.15896756021817274,stress,gp,1.0,0.0,True
individual_2021_10pct,2021 10%,2021,57,15,1.0,1700602888.1932414,7.169610243391224e-06,3.7359161258225004e-06,7.169610243391224e-06,3.7359161258225004e-06,0.5210765995635787,0.3536623433085857,-1.039412653497639,0.3754515313666307,0.14338178818835173,-1.9422443589630392,1.0652483117815579,1.0652483117815579,2780.855375645335,2610.9248354273464,1.6352173661187755e-06,2.5254312261920325e-06,6.174984377296145e-06,2.5254312261920325e-06,6.174984377296145e-06,0.40897775150288707,0.09999999997768641,False,True,True,False,4.440892098500626e-16,-2.220446049250313e-16,True,completed_point,resolved,resolved,8.50513710188762e-06,8.50513710188762e-06,8.224730002227156e-06,8.224730002227156e-06,8.785544201548084e-06,8.785544201548084e-06,0.2231943336143626,0.008400044239874085,7.167143175210587e-06,7.167143175210587e-06,0.3449335993022041,resolved,resolved,1.378418771685235e-05,1.378418771685235e-05,1.3356824028625192e-05,1.3356824028625192e-05,1.421155140507951e-05,1.421155140507951e-05,0.18084327427710625,0.007851453835970154,3.7359161258225004e-06,3.7359161258225004e-06,0.14338178818835173,1.620689655172414,/Users/emryspeets/Desktop/gp_mods/hps-gpr-emrys-validation_workflow/study_results/v4p9p13_calibration_20260905/derived/individual_2021_10pct/m057/result.json,256,500,6384.048869494988,eigenfeature_rtol_1e-15,0.39903529400495313,gp,stress,0.2231943336143626,-1.499712435829663,1.0652483117815579,stress,gp,0.18084327427710625,-1.7101245107856338,True
all_2015_2016_2021,2015 full + 2016 full + 2021 10%,2015+2016+2021,57,109,1.0,4395539463.13794,2.7045464283974757e-06,9.58799799481178e-07,2.7045464283974757e-06,9.58799799481178e-07,0.35451408391953376,0.5,-0.6931471805599453,0.0,0.5,-0.6931471805599453,0.0,-1.5183881699399027,-6607.001494916125,4350.74444238479,-1.503115044313455e-06,1.6285309731935656e-06,3.576487640326225e-06,1.6285309731935656e-06,3.576487640326225e-06,0.4553436603083077,0.09999999997632451,True,True,True,False,,,True,completed_point,resolved,bounded_atom,1.528155796076421e-05,1.528155796076421e-05,1.5141358634991744e-05,1.5141358634991744e-05,1.542175728653667e-05,1.542175728653667e-05,1.0,0.0,2.7113144961922204e-06,2.7113144961922204e-06,0.5,resolved,bounded_atom,2.2209043228575674e-05,2.2209043228575674e-05,2.2060807803432072e-05,2.2060807803432072e-05,2.235727865371927e-05,2.235727865371927e-05,1.0,0.0,9.58799799481178e-07,9.58799799481178e-07,0.5,1.4533232335078636,/Users/emryspeets/Desktop/gp_mods/hps-gpr-emrys-validation_workflow/study_results/v4p9p13_calibration_20260905/chunked_v1/attempt1_combined/all_2015_2016_2021/m057/result.json,,500,9557.147097479961,eigenfeature_rtol_1e-15,-0.7604204827546351,stress,gp,1.0,0.0,-1.5183881699399027,stress,gp,1.0,0.0,True
individual_2015_full,2015 full,2015,58,54,1.0,329114341.4931858,5.283110366417453e-06,7.450603349313434e-07,5.283110366417453e-06,7.450603349313434e-07,0.14102683518924453,0.5,-0.6931471805599453,0.0,0.5,-0.6931471805599453,0.0,-9.56741768861487,-9935.151707555808,1034.7644108063419,-3.018753805282445e-05,5.203613690488015e-06,1.2700508137795457e-05,5.203613690488015e-06,1.2700508137795457e-05,0.40971696833157206,0.0999999999949966,False,True,True,False,,,True,completed_point,resolved,bounded_atom,5.157094054620102e-06,5.157094054620102e-06,4.820704178898601e-06,4.820704178898601e-06,5.493483930341602e-06,5.493483930341602e-06,1.0,0.0,5.283127422334978e-06,5.283127422334978e-06,0.5,resolved,bounded_atom,8.263413865297707e-06,8.263413865297707e-06,7.521243536905168e-06,7.521243536905168e-06,9.005584193690247e-06,9.005584193690247e-06,1.0,0.0,7.450603349313434e-07,7.450603349313434e-07,0.5,1.6023391812865497,/Users/emryspeets/Desktop/gp_mods/hps-gpr-emrys-validation_workflow/study_results/v4p9p13_calibration_20260905/study_results/v4p9p13_calibration_20260905/chunked_v1/attempt1_remaining_2015_batch001/individual_2015_full/m058/result.json,,500,2540.9476323626195,eigenfeature_rtol_1e-15,-2.7387055478675624,stress,gp,1.0,0.0,-9.56741768861487,stress,gp,1.0,0.0,True
individual_2016_full,2016 full,2016,58,44,1.0,2399577200.694006,3.922929821075501e-06,1.6506363135625277e-06,3.922929821075501e-06,1.6506363135625277e-06,0.42076621016635807,0.5,-0.6931471805599453,0.0,0.5,-0.6931471805599453,0.0,-0.9551880692641286,-3245.412905106174,3397.309522438507,-1.3524936410329018e-06,2.3295286335095508e-06,4.684369574068107e-06,2.3295286335095508e-06,4.684369574068107e-06,0.4972982162648812,0.10000000003080592,True,True,True,False,,,True,completed_point,limited_mc,bounded_atom,2.3396341948341276e-05,2.3396341948341276e-05,2.309358455855552e-05,2.309358455855552e-05,2.3699099338127037e-05,2.3699099338127037e-05,1.0,0.0,3.9276500908755395e-06,3.9276500908755395e-06,0.5,resolved,bounded_atom,3.7414737572968214e-05,3.7414737572968214e-05,3.708839153763572e-05,3.708839153763572e-05,3.7741083608300706e-05,3.7741083608300706e-05,1.0,0.0,1.6506363135625277e-06,1.6506363135625277e-06,0.5,1.5991704026030786,/Users/emryspeets/Desktop/gp_mods/hps-gpr-emrys-validation_workflow/study_results/v4p9p13_calibration_20260905/refined_v1/attempt1_batch001/individual_2016_full/m058/result.json,,500,6833.4269847744035,eigenfeature_rtol_1e-15,-0.47833667033098937,stress,gp,1.0,0.0,-0.9551880692641286,stress,gp,1.0,0.0,True
individual_2021_10pct,2021 10%,2021,58,15,1.0,1870863577.4751842,5.770514369531544e-06,7.895308537864173e-07,5.770514369531544e-06,7.895308537864173e-07,0.13682157312616003,0.4732789778055637,-0.7480702592711035,0.0670298300995082,0.5,-0.6931471805599453,0.0,-3.753952175724935,-10227.612433974771,2723.077162918111,-5.466786866297007e-06,2.3967891928475546e-06,5.654592677826724e-06,2.3967891928475546e-06,5.654592677826724e-06,0.42386593153668706,0.09999999999995868,False,True,True,False,4.440892098500626e-16,0.0,True,completed_point,resolved,resolved,6.52609824523376e-06,6.52609824523376e-06,6.3219130407372976e-06,6.3219130407372976e-06,6.730283449730224e-06,6.730283449730224e-06,0.5024681394832647,0.01669025142245829,5.738243507826298e-06,5.738243507826298e-06,0.4840760701147448,resolved,bounded_atom,6.6335237307520115e-06,6.6335237307520115e-06,6.3195661123069295e-06,6.3195661123069295e-06,6.9474813491970935e-06,6.9474813491970935e-06,1.0,0.0,7.895308537864173e-07,7.895308537864173e-07,0.5,1.0164609053497942,/Users/emryspeets/Desktop/gp_mods/hps-gpr-emrys-validation_workflow/study_results/v4p9p13_calibration_20260905/derived/individual_2021_10pct/m058/result.json,256,500,6431.309700757889,eigenfeature_rtol_1e-15,0.03992597791622053,stress,gp,0.5024681394832647,-0.6882230450724292,-3.753952175724935,stress,gp,1.0,0.0,True
all_2015_2016_2021,2015 full + 2016 full + 2021 10%,2015+2016+2021,58,113,1.0,4599555119.662375,2.351173278744785e-06,3.480078506371858e-07,2.351173278744785e-06,3.480078506371858e-07,0.14801454821865614,0.5,-0.6931471805599453,0.0,0.5,-0.6931471805599453,0.0,-6.065906450976817,-26967.41977524177,4443.41124716667,-5.86304959363576e-06,1.5903891962877772e-06,3.4700174625805893e-06,1.5903891962877772e-06,3.4700174625805893e-06,0.45832311031225575,0.09999999996715932,True,True,True,False,,,True,completed_point,resolved,bounded_atom,1.2459576569155028e-05,1.2459576569155028e-05,1.2335400356560427e-05,1.2335400356560427e-05,1.2583752781749631e-05,1.2583752781749631e-05,1.0,0.0,2.3566900536989636e-06,2.3566900536989636e-06,0.5,resolved,bounded_atom,1.5226311247127121e-05,1.5226311247127121e-05,1.5058258559883247e-05,1.5058258559883247e-05,1.5394363934370994e-05,1.5394363934370994e-05,1.0,0.0,3.480078506371858e-07,3.480078506371858e-07,0.5,1.2220568783068786,/Users/emryspeets/Desktop/gp_mods/hps-gpr-emrys-validation_workflow/study_results/v4p9p13_calibration_20260905/chunked_v1/attempt1_combined/all_2015_2016_2021/m058/result.json,,500,9703.02801227215,eigenfeature_rtol_1e-15,-1.0793006382795192,stress,gp,1.0,0.0,-6.065906450976817,stress,gp,1.0,0.0,True
individual_2015_full,2015 full,2015,59,54,1.0,299717846.07866645,6.560630951998236e-06,7.711113888354144e-07,6.560630951998236e-06,7.711113888354144e-07,0.11753616298148115,0.5,-0.6931471805599453,0.0,0.5,-0.6931471805599453,0.0,-9.664002291572865,-9547.861179856502,984.2759413320184,-3.185616507250119e-05,5.438440404867955e-06,1.3163698021589713e-05,5.438440404867955e-06,1.3163698021589713e-05,0.4131392558495642,0.0999999999935883,False,True,True,False,,,True,completed_point,resolved,bounded_atom,6.282857038893274e-06,6.282857038893274e-06,5.855219587462511e-06,5.855219587462511e-06,6.710494490324037e-06,6.710494490324037e-06,1.0,0.0,6.560997160533551e-06,6.560997160533551e-06,0.5,resolved,bounded_atom,7.408144866754756e-06,7.408144866754756e-06,6.731114448599424e-06,6.731114448599424e-06,8.085175284910088e-06,8.085175284910088e-06,1.0,0.0,7.711113888354144e-07,7.711113888354144e-07,0.5,1.1791044776119404,/Users/emryspeets/Desktop/gp_mods/hps-gpr-emrys-validation_workflow/study_results/v4p9p13_calibration_20260905/study_results/v4p9p13_calibration_20260905/chunked_v1/attempt1_remaining_2015_batch001/individual_2015_full/m059/result.json,,500,2398.3562238946456,eigenfeature_rtol_1e-15,-2.066348766044854,stress,gp,1.0,0.0,-9.664002291572865,stress,gp,1.0,0.0,True
individual_2016_full,2016 full,2016,59,44,1.0,2442454414.0070076,3.4853821936879786e-06,9.94892952686135e-07,3.4853821936879786e-06,9.94892952686135e-07,0.28544730459915835,0.5,-0.6931471805599453,0.0,0.5,-0.6931471805599453,0.0,-2.6009072584079593,-8897.915299371123,3420.1039714839626,-3.643022055332245e-06,2.3047090661876815e-06,4.609212453888418e-06,2.3047090661876815e-06,4.609212453888418e-06,0.5000223116735236,0.09999999999300602,True,True,True,False,,,True,completed_point,limited_mc,bounded_atom,1.781710758624436e-05,1.781710758624436e-05,1.7626529956663728e-05,1.7626529956663728e-05,1.800768521582499e-05,1.800768521582499e-05,1.0,0.0,3.5184502493441767e-06,3.5184502493441767e-06,0.5,resolved,bounded_atom,2.5941757818675906e-05,2.5941757818675906e-05,2.5742093367935967e-05,2.5742093367935967e-05,2.6141422269415844e-05,2.6141422269415844e-05,1.0,0.0,9.94892952686135e-07,9.94892952686135e-07,0.5,1.4560027598814163,/Users/emryspeets/Desktop/gp_mods/hps-gpr-emrys-validation_workflow/study_results/v4p9p13_calibration_20260905/refined_v1/attempt1_batch001/individual_2016_full/m059/result.json,,500,6843.929436226842,eigenfeature_rtol_1e-15,-0.7406446253923138,stress,gp,1.0,0.0,-2.6009072584079593,stress,gp,1.0,0.0,True
individual_2021_10pct,2021 10%,2021,59,15,1.0,2043241863.5884314,4.694809674652309e-06,8.457412665686755e-07,4.694809674652309e-06,8.457412665686755e-07,0.18014388764999506,0.5,-0.6931471805599453,0.0,0.5,-0.6931471805599453,0.0,-3.2189010806026457,-9113.303085687157,2829.973557575851,-4.460217484816982e-06,2.2802708272778164e-06,5.3286233248422985e-06,2.2802708272778164e-06,5.3286233248422985e-06,0.42792869532494143,0.10000000000001845,False,True,True,False,0.0,0.0,True,completed_point,resolved,bounded_atom,4.732636190500331e-06,4.732636190500331e-06,4.5419299487144175e-06,4.5419299487144175e-06,4.923342432286244e-06,4.923342432286244e-06,1.0,0.0,4.7087017319705074e-06,4.7087017319705074e-06,0.5,resolved,bounded_atom,5.49188263817418e-06,5.49188263817418e-06,5.229785530097408e-06,5.229785530097408e-06,5.753979746250953e-06,5.753979746250953e-06,1.0,0.0,8.457412665686755e-07,8.457412665686755e-07,0.5,1.160427807486631,/Users/emryspeets/Desktop/gp_mods/hps-gpr-emrys-validation_workflow/study_results/v4p9p13_calibration_20260905/derived/individual_2021_10pct/m059/result.json,256,500,6618.982940450191,eigenfeature_rtol_1e-15,-0.3338513450435049,stress,gp,1.0,0.0,-3.2189010806026457,stress,gp,1.0,0.0,True
all_2015_2016_2021,2015 full + 2016 full + 2021 10%,2015+2016+2021,59,113,1.0,4785414123.674105,2.1316282311782747e-06,3.1027199911462456e-07,2.1316282311782747e-06,3.1027199911462456e-07,0.14555633790941078,0.4998622584051908,-0.6934227017020281,0.0003452669830012,0.5,-0.6931471805599453,0.0,-6.705061927967865,-30288.0142667667,4514.621640085156,-6.329235774376915e-06,1.5532828093725545e-06,3.3697984393281366e-06,1.5532828093725545e-06,3.3697984393281366e-06,0.4609423493240874,0.10000000000000948,True,True,True,False,,,True,completed_point,resolved,bounded_atom,8.770701502598387e-06,8.770701502598387e-06,8.588714290399204e-06,8.588714290399204e-06,8.952688714797569e-06,8.952688714797569e-06,1.0,0.0,2.1392044165146493e-06,2.1392044165146493e-06,0.5,resolved,bounded_atom,9.282859254574936e-06,9.282859254574936e-06,9.050130089965113e-06,9.050130089965113e-06,9.515588419184757e-06,9.515588419184757e-06,1.0,0.0,3.1027199911462456e-07,3.1027199911462456e-07,0.5,1.0583941605839418,/Users/emryspeets/Desktop/gp_mods/hps-gpr-emrys-validation_workflow/study_results/v4p9p13_calibration_20260905/derived/all_2015_2016_2021/m059/result.json,256,500,9803.54775943101,eigenfeature_rtol_1e-15,-1.2825878749977144,stress,gp,1.0,0.0,-6.705061927967865,stress,gp,1.0,0.0,True
individual_2015_full,2015 full,2015,60,56,1.0,274153542.1108969,9.649835443871993e-06,1.2696424035276321e-06,9.649835443871993e-06,1.2696424035276321e-06,0.1315714046019202,0.5,-0.6931471805599453,0.0,0.5,-0.6931471805599453,0.0,-5.915679801860755,-5580.265545195047,941.0253587531192,-2.0354526526371828e-05,5.673039841775511e-06,1.364063227053621e-05,5.673039841775511e-06,1.364063227053621e-05,0.4158927335083497,0.09999999989596009,False,True,True,False,,,True,completed_point,resolved,bounded_atom,9.393196232644847e-06,9.393196232644847e-06,8.922948470547128e-06,8.922948470547128e-06,9.863443994742568e-06,9.863443994742568e-06,1.0,0.0,9.64960451214391e-06,9.64960451214391e-06,0.5,resolved,bounded_atom,1.1077493488153581e-05,1.1077493488153581e-05,1.0238434567515007e-05,1.0238434567515007e-05,1.1916552408792153e-05,1.1916552408792153e-05,1.0,0.0,1.2696424035276321e-06,1.2696424035276321e-06,0.5,1.1793103448275866,/Users/emryspeets/Desktop/gp_mods/hps-gpr-emrys-validation_workflow/study_results/v4p9p13_calibration_20260905/derived/individual_2015_full/m060/result.json,256,500,2273.2605960141836,eigenfeature_rtol_1e-15,-0.955837415392814,stress,gp,1.0,0.0,-5.915679801860755,stress,gp,1.0,0.0,True
individual_2016_full,2016 full,2016,60,44,1.0,2479021341.1088243,3.3258259963086112e-06,8.508038531172357e-07,3.3258259963086112e-06,8.508038531172357e-07,0.25581730795945334,0.5,-0.6931471805599453,0.0,0.5,-0.6931471805599453,0.0,-3.198715073591179,-11002.597023381042,3438.492651528874,-4.438282495163905e-06,2.283203238470203e-06,4.575170957189691e-06,2.283203238470203e-06,4.575170957189691e-06,0.499042169098019,0.09999999999991285,True,True,True,False,,,True,completed_point,resolved,bounded_atom,1.0039028006853786e-05,1.0039028006853786e-05,9.830222309102e-06,9.830222309102e-06,1.0247833704605574e-05,1.0247833704605574e-05,1.0,0.0,3.3285262080494042e-06,3.3285262080494042e-06,0.5,resolved,bounded_atom,1.2950780718798392e-05,1.2950780718798392e-05,1.2641998035795336e-05,1.2641998035795336e-05,1.3259563401801447e-05,1.3259563401801447e-05,1.0,0.0,8.508038531172357e-07,8.508038531172357e-07,0.5,1.29004329004329,/Users/emryspeets/Desktop/gp_mods/hps-gpr-emrys-validation_workflow/study_results/v4p9p13_calibration_20260905/derived/individual_2016_full/m060/result.json,256,500,6895.089779526849,eigenfeature_rtol_1e-15,-0.878065909263243,stress,gp,1.0,0.0,-3.198715073591179,stress,gp,1.0,0.0,True
individual_2021_10pct,2021 10%,2021,60,15,1.0,2216550415.0261936,3.739200585900289e-06,1.5345121199955704e-06,3.739200585900289e-06,1.5345121199955704e-06,0.4103850769016997,0.5,-0.6931471805599453,0.0,0.5,-0.6931471805599453,0.0,-0.9710454460397574,-2848.554268349701,2933.1269448324197,-1.2851294737259738e-06,2.177453483550201e-06,5.034000970095038e-06,2.177453483550201e-06,5.034000970095038e-06,0.43254927769890605,0.09999999997286471,False,True,True,False,0.0,0.0,True,completed_point,resolved,bounded_atom,3.849332202089594e-06,3.849332202089594e-06,3.665926766413602e-06,3.665926766413602e-06,4.032737637765588e-06,4.032737637765588e-06,1.0,0.0,3.7466731669942955e-06,3.7466731669942955e-06,0.5,resolved,bounded_atom,6.742308577573079e-06,6.742308577573079e-06,6.4511884481862555e-06,6.4511884481862555e-06,7.033428706959903e-06,7.033428706959903e-06,1.0,0.0,1.5345121199955704e-06,1.5345121199955704e-06,0.5,1.751552795031056,/Users/emryspeets/Desktop/gp_mods/hps-gpr-emrys-validation_workflow/study_results/v4p9p13_calibration_20260905/derived/individual_2021_10pct/m060/result.json,256,500,6783.394894004777,eigenfeature_rtol_1e-15,-0.8129712338215594,stress,gp,1.0,0.0,-0.9710454460397574,stress,gp,1.0,0.0,True
all_2015_2016_2021,2015 full + 2016 full + 2021 10%,2015+2016+2021,60,115,1.0,4969725298.245915,2.011726660298597e-06,4.404331321922304e-07,2.011726660298597e-06,4.404331321922304e-07,0.21893289027986418,0.5,-0.6931471805599453,0.0,0.5,-0.6931471805599453,0.0,-4.3872131431975685,-20116.563060387372,4583.594580101333,-4.047821932429061e-06,1.518130194419034e-06,3.2859822515647356e-06,1.518130194419034e-06,3.2859822515647356e-06,0.46200194590099297,0.09999999999397094,True,True,True,False,,,True,completed_point,resolved,bounded_atom,4.588412212732879e-06,4.588412212732879e-06,4.447760777314043e-06,4.447760777314043e-06,4.729063648151714e-06,4.729063648151714e-06,1.0,0.0,2.0134924121534352e-06,2.0134924121534352e-06,0.5,resolved,bounded_atom,5.774532376568589e-06,5.774532376568589e-06,5.5754797444010595e-06,5.5754797444010595e-06,5.973585008736118e-06,5.973585008736118e-06,1.0,0.0,4.404331321922304e-07,4.404331321922304e-07,0.5,1.258503401360544,/Users/emryspeets/Desktop/gp_mods/hps-gpr-emrys-validation_workflow/study_results/v4p9p13_calibration_20260905/derived/all_2015_2016_2021/m060/result.json,256,500,9927.901279956073,eigenfeature_rtol_1e-15,-1.3918691954880849,stress,gp,1.0,0.0,-4.3872131431975685,stress,gp,1.0,0.0,True
individual_2015_full,2015 full,2015,61,56,1.0,249180260.10484445,1.4498074188678366e-05,2.8569023627546937e-06,1.4498074188678366e-05,2.8569023627546937e-06,0.19705392078802203,0.4569003328151388,-0.7832900019930876,0.1082458625150317,0.5,-0.6931471805599453,0.0,-2.187782858525215,-1959.7850754132644,894.9453521354864,-7.86492908623127e-06,5.922220211224958e-06,1.3935726244374539e-05,5.922220211224958e-06,1.3935726244374539e-05,0.4249667442782605,0.10000000000000771,False,True,True,False,,,True,completed_point,resolved,resolved,1.409655594128689e-05,1.409655594128689e-05,1.3576931214873894e-05,1.3576931214873894e-05,1.4616180667699883e-05,1.4616180667699883e-05,0.5835945469471948,0.018356256507290364,1.4498118512674367e-05,1.4498118512674367e-05,0.4571988937032292,resolved,bounded_atom,1.5155452162228625e-05,1.5155452162228625e-05,1.4429612771059406e-05,1.4429612771059406e-05,1.5881291553397845e-05,1.5881291553397845e-05,1.0,0.0,2.8569023627546937e-06,2.8569023627546937e-06,0.5,1.0751173708920185,/Users/emryspeets/Desktop/gp_mods/hps-gpr-emrys-validation_workflow/study_results/v4p9p13_calibration_20260905/derived/individual_2015_full/m061/result.json,256,500,2110.848286066393,eigenfeature_rtol_1e-15,0.1074931146267232,stress,gp,0.5835945469471948,-0.5385488061962233,-2.187782858525215,stress,gp,1.0,0.0,True
individual_2016_full,2016 full,2016,61,46,1.0,2525857840.838008,3.3588539084667205e-06,9.593616311344291e-07,3.3588539084667205e-06,9.593616311344291e-07,0.2856217201695346,0.5,-0.6931471805599453,0.0,0.5,-0.6931471805599453,0.0,-2.673014733899457,-9290.245828329336,3474.5621450860185,-3.6780556997804345e-06,2.2641468722096862e-06,4.529329084660075e-06,2.2641468722096862e-06,4.529329084660075e-06,0.4998857071079016,0.09999999999983575,True,True,True,False,,,True,completed_point,resolved,bounded_atom,3.5494472711287417e-06,3.5494472711287417e-06,3.4109621478982654e-06,3.4109621478982654e-06,3.687932394359219e-06,3.687932394359219e-06,1.0,0.0,3.3618207925166496e-06,3.3618207925166496e-06,0.5,resolved,bounded_atom,3.7645652875607865e-06,3.7645652875607865e-06,3.573143098789838e-06,3.573143098789838e-06,3.955987476331736e-06,3.955987476331736e-06,1.0,0.0,9.593616311344291e-07,9.593616311344291e-07,0.5,1.0606060606060606,/Users/emryspeets/Desktop/gp_mods/hps-gpr-emrys-validation_workflow/study_results/v4p9p13_calibration_20260905/derived/individual_2016_full/m061/result.json,256,500,6954.976364933123,eigenfeature_rtol_1e-15,-0.8205273940253491,stress,gp,1.0,0.0,-2.673014733899457,stress,gp,1.0,0.0,True
individual_2021_10pct,2021 10%,2021,61,16,1.0,2407531508.6433315,3.3717514693123736e-06,1.6803954586646268e-06,3.3717514693123736e-06,1.6803954586646268e-06,0.49837465007684045,0.5,-0.6931471805599453,0.0,0.5,-0.6931471805599453,0.0,-0.5889425032473431,-1797.4180898523355,3051.7187152875044,-7.465813358618093e-07,2.0855786578876397e-06,4.791135515821649e-06,2.0855786578876397e-06,4.791135515821649e-06,0.4352994506209404,0.10000000000001819,False,True,True,False,2.220446049250313e-16,0.0,True,completed_point,resolved,bounded_atom,3.345060468285766e-06,3.345060468285766e-06,3.1760589515589382e-06,3.1760589515589382e-06,3.5140619850125945e-06,3.5140619850125945e-06,1.0,0.0,3.3398047551992867e-06,3.3398047551992867e-06,0.5,resolved,bounded_atom,6.4170547758951435e-06,6.4170547758951435e-06,6.1189227107285165e-06,6.1189227107285165e-06,6.71518684106177e-06,6.71518684106177e-06,1.0,0.0,1.6803954586646268e-06,1.6803954586646268e-06,0.5,1.9183673469387756,/Users/emryspeets/Desktop/gp_mods/hps-gpr-emrys-validation_workflow/study_results/v4p9p13_calibration_20260905/derived/individual_2021_10pct/m061/result.json,256,500,7012.43078157514,eigenfeature_rtol_1e-15,-1.0028438917449203,stress,gp,1.0,0.0,-0.5889425032473431,stress,gp,1.0,0.0,True
all_2015_2016_2021,2015 full + 2016 full + 2021 10%,2015+2016+2021,61,118,1.0,5182569609.586184,2.06768804084532e-06,6.21475674587551e-07,2.06768804084532e-06,6.21475674587551e-07,0.3005654926230927,0.5,-0.6931471805599453,0.0,0.5,-0.6931471805599453,0.0,-2.7211707957733395,-12727.114494861606,4676.028422285235,-2.4557537001182386e-06,1.484837780811299e-06,3.2031981648534274e-06,1.484837780811299e-06,3.2031981648534274e-06,0.4635485238170528,0.10000000000005949,True,True,True,False,,,True,completed_point,resolved,bounded_atom,2.297266742653295e-06,2.297266742653295e-06,2.1933289077180173e-06,2.1933289077180173e-06,2.401204577588573e-06,2.401204577588573e-06,1.0,0.0,2.0717825576881304e-06,2.0717825576881304e-06,0.5,resolved,bounded_atom,3.301370087124272e-06,3.301370087124272e-06,3.1440627696272995e-06,3.1440627696272995e-06,3.458677404621245e-06,3.458677404621245e-06,1.0,0.0,6.21475674587551e-07,6.21475674587551e-07,0.5,1.4370860927152318,/Users/emryspeets/Desktop/gp_mods/hps-gpr-emrys-validation_workflow/study_results/v4p9p13_calibration_20260905/derived/all_2015_2016_2021/m061/result.json,256,500,10092.286987518315,eigenfeature_rtol_1e-15,-1.2259822364173314,stress,gp,1.0,0.0,-2.7211707957733395,stress,gp,1.0,0.0,True
individual_2015_full,2015 full,2015,62,58,1.0,227580343.5364236,2.1905379680511607e-05,9.296047130269307e-06,2.1905379680511607e-05,9.296047130269307e-06,0.4243727917913996,0.1289832469518883,-2.048072751644134,1.131210522990301,0.13296176965473122,-2.0176936382859902,1.1124992805712495,1.1124992805712495,950.7593088785437,855.0442231026016,4.177686412211507e-06,6.180900022592033e-06,1.4466819596247058e-05,6.180900022592033e-06,1.4466819596247058e-05,0.42724663713892336,0.09999999998358666,False,True,True,False,,,True,completed_point,resolved,resolved,2.0748231961704627e-05,2.0748231961704627e-05,2.0122681515652148e-05,2.0122681515652148e-05,2.141067584871083e-05,2.141067584871083e-05,0.17140923387503215,0.007341763584613737,2.1907944210671468e-05,2.1907944210671468e-05,0.12894950659300042,resolved,resolved,2.4045964194028544e-05,2.4045964194028544e-05,2.3033983148096437e-05,2.3033983148096437e-05,2.505794523996065e-05,2.505794523996065e-05,0.45533993661958916,0.014284415587913176,9.296047130269307e-06,9.296047130269307e-06,0.13296176965473122,1.1589403973509935,/Users/emryspeets/Desktop/gp_mods/hps-gpr-emrys-validation_workflow/study_results/v4p9p13_calibration_20260905/derived/individual_2015_full/m062/result.json,256,500,2001.3307581957695,eigenfeature_rtol_1e-15,1.131370902442731,gp,stress,0.17140923387503215,-1.7637014010196732,1.1124992805712495,stress,gp,0.45533993661958916,-0.7867110255318638,True
individual_2016_full,2016 full,2016,62,46,1.0,2552259646.8008537,3.195961105720977e-06,8.878516921435298e-07,3.195961105720977e-06,8.878516921435298e-07,0.27780428571368343,0.5,-0.6931471805599453,0.0,0.5,-0.6931471805599453,0.0,-2.9549469474084136,-10304.355120746084,3486.043232876213,-4.037345939180657e-06,2.2481932450140627e-06,4.492853386282163e-06,2.2481932450140627e-06,4.492853386282163e-06,0.50039319152465,0.09999999999990512,True,True,True,False,,,True,completed_point,resolved,bounded_atom,2.824690918266116e-06,2.824690918266116e-06,2.751875445244311e-06,2.751875445244311e-06,2.8975063912879207e-06,2.8975063912879207e-06,1.0,0.0,3.213769551842834e-06,3.213769551842834e-06,0.5,resolved,bounded_atom,3.2904715146799213e-06,3.2904715146799213e-06,3.189583835359756e-06,3.189583835359756e-06,3.391359194000087e-06,3.391359194000087e-06,1.0,0.0,8.878516921435298e-07,8.878516921435298e-07,0.5,1.1648961284230404,/Users/emryspeets/Desktop/gp_mods/hps-gpr-emrys-validation_workflow/study_results/v4p9p13_calibration_20260905/chunked_v1/attempt1_remaining_2016_batch001/individual_2016_full/m062/result.json,,500,6971.0754644612525,exact_cached_cholesky,-0.9272350908613984,gp,gp,1.0,0.0,-2.9549469474084136,gp,gp,1.0,0.0,True
individual_2021_10pct,2021 10%,2021,62,15,1.0,2556509374.1417775,4.2500421450269414e-06,5.835410626352176e-06,4.2500421450269414e-06,5.835410626352176e-06,1.3730241788732156,0.5,-0.6931471805599453,0.0,0.0002266478280566457,-8.392113163430983,3.5069374687298764,3.5069374687298764,10923.69360509119,3116.1978787876346,4.272894015402656e-06,2.0038816844780447e-06,4.339806168864432e-06,2.0038816844780447e-06,4.339806168864432e-06,0.4617445126592802,0.0999999999998119,False,True,True,False,0.0,0.0,True,completed_point,resolved,bounded_atom,4.060511685698336e-06,4.060511685698336e-06,3.902941927384682e-06,3.902941927384682e-06,4.218081444011989e-06,4.218081444011989e-06,1.0,0.0,4.25965407157608e-06,4.25965407157608e-06,0.5,resolved,resolved,8.038576433615994e-06,8.038576433615994e-06,7.791981131962789e-06,7.791981131962789e-06,8.285171735269202e-06,8.285171735269202e-06,0.3114031393238754,0.012155438901026586,5.835410626352176e-06,5.835410626352176e-06,0.0002266478280566457,1.979695431472081,/Users/emryspeets/Desktop/gp_mods/hps-gpr-emrys-validation_workflow/study_results/v4p9p13_calibration_20260905/derived/individual_2021_10pct/m062/result.json,256,500,6744.8438177786975,eigenfeature_rtol_1e-15,-0.050498715027146354,stress,gp,1.0,0.0,3.5069374687298764,stress,gp,0.3114031393238754,-1.1666669383103982,True
all_2015_2016_2021,2015 full + 2016 full + 2021 10%,2015+2016+2021,62,119,1.0,5336349364.479054,2.5999139101415995e-06,2.0249431243657412e-06,2.5999139101415995e-06,2.0249431243657412e-06,0.7788500674837562,0.5,-0.6931471805599453,0.0,0.18514936403874616,-1.686592406471806,0.8959139406042802,0.8959139406042802,4225.042608111289,4716.244848706647,7.917477510439848e-07,1.4538046479692939e-06,3.051140790370384e-06,1.4538046479692939e-06,3.051140790370384e-06,0.47647904434879046,0.100000000000055,True,True,True,False,,,True,completed_point,resolved,bounded_atom,1.985328032414823e-06,1.985328032414823e-06,1.8836989928337534e-06,1.8836989928337534e-06,2.086957071995892e-06,2.086957071995892e-06,1.0,0.0,2.606719792436287e-06,2.606719792436287e-06,0.5,resolved,resolved,3.1446436717811423e-06,3.1446436717811423e-06,3.01228501197371e-06,3.01228501197371e-06,3.2770023315885746e-06,3.2770023315885746e-06,0.9539839631193403,0.02392622042147622,2.0249431243657412e-06,2.0249431243657412e-06,0.18514936403874616,1.5839416058394158,/Users/emryspeets/Desktop/gp_mods/hps-gpr-emrys-validation_workflow/study_results/v4p9p13_calibration_20260905/derived/all_2015_2016_2021/m062/result.json,256,500,9898.421240580943,eigenfeature_rtol_1e-15,-0.42675865067743957,gp,gp,1.0,0.0,0.8959139406042802,gp,stress,0.9539839631193403,-0.04710841782258467,True
individual_2015_full,2015 full,2015,63,58,1.0,206680104.10773155,3.086520458550718e-05,2.541381152571494e-05,3.086520458550718e-05,2.541381152571494e-05,0.8233806277003601,0.0173365787192155,-4.054936632793985,2.1121549928048458,1.0432997117383745e-07,-16.075707160764495,5.191452394172019,5.191452394172019,4210.0522304170445,812.955843395526,2.036989602164398e-05,6.450440023879028e-06,1.4887304189996807e-05,6.450440023879028e-06,1.4887304189996807e-05,0.43328462571573284,0.0999999999998838,False,True,True,False,,,True,completed_point,resolved,resolved,3.18143289944182e-05,3.18143289944182e-05,3.1137521173715435e-05,3.1137521173715435e-05,3.2491136815120964e-05,3.2491136815120964e-05,0.024844402773474297,0.001496928862181297,3.086312097107696e-05,3.086312097107696e-05,0.017320278020390073,resolved,resolved,3.874278286431372e-05,3.874278286431372e-05,3.7415581560955046e-05,3.7415581560955046e-05,4.0069984167672385e-05,4.0069984167672385e-05,0.056842085828328746,0.0032391266324878465,2.541381152571494e-05,2.541381152571494e-05,1.0432997117383745e-07,1.2177777777777778,/Users/emryspeets/Desktop/gp_mods/hps-gpr-emrys-validation_workflow/study_results/v4p9p13_calibration_20260905/derived/individual_2015_full/m063/result.json,256,500,1870.3328223812198,eigenfeature_rtol_1e-15,2.112535363985931,gp,stress,0.024844402773474297,-3.6951227923140038,5.191452394172019,gp,stress,0.056842085828328746,-2.867478279939402,True
individual_2016_full,2016 full,2016,63,46,1.0,2572846814.164896,3.0428153540885297e-06,6.47130227457004e-07,3.0428153540885297e-06,6.47130227457004e-07,0.21267482648510916,0.4999026019832914,-0.6933419955685739,0.000244140625,0.5,-0.6931471805599453,0.0,-4.39873505810201,-15374.03531729916,3493.452803483867,-5.975495794252842e-06,2.2354941803817456e-06,4.454012378131726e-06,2.2354941803817456e-06,4.454012378131726e-06,0.5019056954932494,0.0999999999936885,True,True,True,False,,,True,completed_point,resolved,bounded_atom,2.654835244744203e-06,2.654835244744203e-06,2.5255026859066265e-06,2.5255026859066265e-06,2.7841678035817792e-06,2.7841678035817792e-06,1.0,0.0,3.037825672276557e-06,3.037825672276557e-06,0.5,resolved,bounded_atom,2.697143376134549e-06,2.697143376134549e-06,2.53186729926141e-06,2.53186729926141e-06,2.8624194530076873e-06,2.8624194530076873e-06,1.0,0.0,6.47130227457004e-07,6.47130227457004e-07,0.5,1.0159362549800797,/Users/emryspeets/Desktop/gp_mods/hps-gpr-emrys-validation_workflow/study_results/v4p9p13_calibration_20260905/chunked_v1/attempt1_remaining_2016_batch001/individual_2016_full/m063/result.json,,500,6966.549827898956,eigenfeature_rtol_1e-15,-1.0667936195967531,gp,gp,1.0,0.0,-4.39873505810201,gp,gp,1.0,0.0,True
individual_2021_10pct,2021 10%,2021,63,15,1.0,2719887545.85794,5.237726853987156e-06,5.6094784824264945e-06,5.237726853987156e-06,5.6094784824264945e-06,1.0709757570035077,0.2611547899376208,-1.3426419825578282,0.639789315354666,0.00023891469288269014,-8.339404003293932,3.492886595506388,3.492886595506388,11159.837719473893,3196.3291139059793,4.103051148739211e-06,1.931969353940105e-06,4.1316835220925315e-06,1.931969353940105e-06,4.1316835220925315e-06,0.4675985814522502,0.09999999999987111,False,True,True,False,-1.1102230246251565e-16,0.0,True,completed_point,resolved,resolved,4.493725160050149e-06,4.493725160050149e-06,4.332784100843122e-06,4.332784100843122e-06,4.654666219257177e-06,4.654666219257177e-06,0.46505753925851967,0.01277643667388907,5.24431832546057e-06,5.24431832546057e-06,0.26116213109765263,resolved,resolved,7.10361793859456e-06,7.10361793859456e-06,6.872126271001659e-06,6.872126271001659e-06,7.335109606187459e-06,7.335109606187459e-06,0.2958745061150923,0.010580939024653119,5.6094784824264945e-06,5.6094784824264945e-06,0.00023891469288269014,1.5807860262008737,/Users/emryspeets/Desktop/gp_mods/hps-gpr-emrys-validation_workflow/study_results/v4p9p13_calibration_20260905/derived/individual_2021_10pct/m063/result.json,256,500,6831.749643921819,eigenfeature_rtol_1e-15,0.6397667347041772,stress,gp,0.46505753925851967,-0.7655941407090827,3.492886595506388,gp,stress,0.2958745061150923,-1.2178198803843892,True
all_2015_2016_2021,2015 full + 2016 full + 2021 10%,2015+2016+2021,63,119,1.0,5499414464.130568,3.157580846576684e-06,2.00429979933358e-06,3.157580846576684e-06,2.00429979933358e-06,0.6347580305050803,0.4327047016002195,-0.8376997660829903,0.16949233210501,0.1781813720546208,-1.7249533033341664,0.9223179685537156,0.9223179685537156,4394.942198968735,4765.45762022224,7.991654798223243e-07,1.4254693086190813e-06,2.9682164642706323e-06,1.4254693086190813e-06,2.9682164642706323e-06,0.48024439112777306,0.10000000000000393,True,True,True,False,,,True,completed_point,resolved,mc_boundary,2.523468223198747e-06,2.523468223198747e-06,2.427261154627147e-06,2.427261154627147e-06,2.619675291770347e-06,2.619675291770347e-06,1.0,0.016057517744065154,3.161795876389713e-06,3.161795876389713e-06,0.4329207065216834,resolved,mc_boundary,3.397518669222894e-06,3.397518669222894e-06,3.251434944667222e-06,3.251434944667222e-06,3.543602393778567e-06,3.543602393778567e-06,1.0,0.016057503547421786,2.00429979933358e-06,2.00429979933358e-06,0.1781813720546208,1.3463687150837989,/Users/emryspeets/Desktop/gp_mods/hps-gpr-emrys-validation_workflow/study_results/v4p9p13_calibration_20260905/chunked_v1/attempt1_combined/all_2015_2016_2021/m063/result.json,,500,9923.645244376708,eigenfeature_rtol_1e-15,0.16894308026931854,gp,stress,1.0038486357756775,0.0,0.9223179685537156,gp,stress,1.0038660369408459,0.0,True
individual_2015_full,2015 full,2015,64,60,1.0,188557664.94891316,3.553340024767333e-05,2.2126020594236367e-05,3.553340024767333e-05,2.2126020594236367e-05,0.6226823338046615,0.0065460147411036,-5.028898850980282,2.481256039399501,2.035338639297575e-05,-10.80226325240263,4.10343109515952,4.10343109515952,3177.108471620215,775.8401009602774,1.6849532329969212e-05,6.75301637418831e-06,1.5491508914007488e-05,6.75301637418831e-06,1.5491508914007488e-05,0.4359172764689309,0.09999999999987155,False,True,True,False,,,True,completed_point,resolved,resolved,3.722505975995956e-05,3.722505975995956e-05,3.644423089854896e-05,3.644423089854896e-05,3.800588862137016e-05,3.800588862137016e-05,0.011279669453922872,0.0007804831250861549,3.5533397015495424e-05,3.5533397015495424e-05,0.006546004490658314,resolved,resolved,3.722505975995956e-05,3.722505975995956e-05,3.603049263881039e-05,3.603049263881039e-05,3.841962688110873e-05,3.841962688110873e-05,0.13481425128367103,0.006715886141046056,2.2126020594236367e-05,2.2126020594236367e-05,2.035338639297575e-05,1.0,/Users/emryspeets/Desktop/gp_mods/hps-gpr-emrys-validation_workflow/study_results/v4p9p13_calibration_20260905/derived/individual_2015_full/m064/result.json,256,500,1775.5751072687365,eigenfeature_rtol_1e-15,2.4812565975207033,gp,stress,0.011279669453922872,-4.484753337071829,4.10343109515952,gp,stress,0.13481425128367103,-2.00385736440312,True
individual_2016_full,2016 full,2016,64,48,1.0,2604077439.512384,3.698653731270465e-06,1.942480173348139e-06,3.698653731270465e-06,1.942480173348139e-06,0.5251857336428487,0.5,-0.6931471805599453,0.0,0.5,-0.6931471805599453,0.0,-0.36509816802487105,-1284.7954623916087,3518.9036377377565,-4.933783622933225e-07,2.223195200153339e-06,4.355620959140228e-06,2.223195200153339e-06,4.355620959140228e-06,0.5104198048932577,0.09999999999998355,True,True,True,False,,,True,completed_point,resolved,bounded_atom,3.289192897005362e-06,3.289192897005362e-06,3.159060838165411e-06,3.159060838165411e-06,3.4193249558453122e-06,3.4193249558453122e-06,1.0,0.0,3.702165439852662e-06,3.702165439852662e-06,0.5,resolved,bounded_atom,4.530397763799838e-06,4.530397763799838e-06,4.340872270537956e-06,4.340872270537956e-06,4.719923257061719e-06,4.719923257061719e-06,1.0,0.0,1.942480173348139e-06,1.942480173348139e-06,0.5,1.3773584905660379,/Users/emryspeets/Desktop/gp_mods/hps-gpr-emrys-validation_workflow/study_results/v4p9p13_calibration_20260905/chunked_v1/attempt1_remaining_2016_batch001/individual_2016_full/m064/result.json,,500,6895.346328389267,eigenfeature_rtol_1e-15,-0.4406994193021684,gp,gp,1.0,0.0,-0.36509816802487105,gp,gp,1.0,0.0,True
individual_2021_10pct,2021 10%,2021,64,15,1.0,2878604667.277968,7.83580598492397e-06,8.581642310828041e-06,7.83580598492397e-06,8.581642310828041e-06,1.095183102713244,0.0216865066558205,-3.8310650249374927,2.020100024645652,1.7293353905004228e-10,-22.478113762582744,6.27668532359732,6.27668532359732,20511.549765013693,3270.247025172162,7.1255181366775115e-06,1.866813686403457e-06,3.881957392275364e-06,1.866813686403457e-06,3.881957392275364e-06,0.4808949449363342,0.09999999999986546,False,True,True,False,2.220446049250313e-16,0.0,True,completed_point,resolved,resolved,6.969245965875812e-06,6.969245965875812e-06,6.7848749232810335e-06,6.7848749232810335e-06,7.1536170084705915e-06,7.1536170084705915e-06,0.1514764990318923,0.006068113917226804,7.81341435819452e-06,7.81341435819452e-06,0.02195583829801471,resolved,resolved,9.956065665536875e-06,9.956065665536875e-06,9.684873332446956e-06,9.684873332446956e-06,1.0227257998626795e-05,1.0227257998626795e-05,0.1454719590431534,0.006264927392978161,8.581642310828041e-06,8.581642310828041e-06,1.7293353905004228e-10,1.4285714285714288,/Users/emryspeets/Desktop/gp_mods/hps-gpr-emrys-validation_workflow/study_results/v4p9p13_calibration_20260905/derived/individual_2021_10pct/m064/result.json,256,500,6793.3812367503115,eigenfeature_rtol_1e-15,2.0149329344663633,gp,stress,0.1514764990318923,-1.8873247879670607,6.27668532359732,gp,stress,0.1454719590431534,-1.9277719322966336,True
all_2015_2016_2021,2015 full + 2016 full + 2021 10%,2015+2016+2021,64,123,1.0,5671239771.739265,5.109031108563609e-06,5.61728040907525e-06,5.109031108563609e-06,5.61728040907525e-06,1.0994805648491215,0.0491167958864395,-3.013554227595767,1.6534781383479948,5.0727528977628075e-08,-16.79679709584593,5.324098258106405,5.324098258106405,25673.819721338394,4824.227288793494,4.5270206788426265e-06,1.3985291716220088e-06,2.848540922463923e-06,1.3985291716220088e-06,2.848540922463923e-06,0.49096334217740956,0.09999999999989997,True,True,True,False,,,True,completed_point,resolved,mc_boundary,4.248160783606691e-06,4.248160783606691e-06,4.121123852243697e-06,4.121123852243697e-06,4.375197714969685e-06,4.375197714969685e-06,1.0,0.016345092497741666,5.121164710876621e-06,5.121164710876621e-06,0.04990552058195059,resolved,mc_boundary,6.250478605179272e-06,6.250478605179272e-06,6.086449213603317e-06,6.086449213603317e-06,6.414507996755225e-06,6.414507996755225e-06,1.0,0.016345092474150204,5.61728040907525e-06,5.61728040907525e-06,5.0727528977628075e-08,1.4713375796178345,/Users/emryspeets/Desktop/gp_mods/hps-gpr-emrys-validation_workflow/study_results/v4p9p13_calibration_20260905/chunked_v1/attempt1_combined/all_2015_2016_2021/m064/result.json,,500,9821.080618693833,eigenfeature_rtol_1e-15,1.6457703874752494,gp,stress,1.0007244151004684,0.0,5.324098258106405,gp,stress,1.0007244919831286,0.0,True
individual_2015_full,2015 full,2015,65,60,1.0,171030798.5868432,3.587910361077515e-05,1.89044013700173e-05,3.587910361077515e-05,1.89044013700173e-05,0.5268916853413239,0.0083074505720019,-4.790602507557385,2.395120560656825,0.000935463435600263,-6.974468498422575,3.1099915641878173,3.1099915641878173,2287.883678513463,736.8553476009726,1.3377027397505598e-05,7.076880428100242e-06,1.6013442393901176e-05,7.076880428100242e-06,1.6013442393901176e-05,0.44193373629617067,0.09999999999986098,False,True,True,False,,,True,completed_point,resolved,resolved,3.878275913784417e-05,3.878275913784417e-05,3.8019102445384325e-05,3.8019102445384325e-05,3.954641583030401e-05,3.954641583030401e-05,0.017071890714709614,0.0010761842964698226,3.58780524915701e-05,3.58780524915701e-05,0.008306282342844288,resolved,resolved,3.5132617101341186e-05,3.5132617101341186e-05,3.414969924131351e-05,3.414969924131351e-05,3.6115534961368866e-05,3.6115534961368866e-05,0.2184071070926141,0.009523923730147689,1.89044013700173e-05,1.89044013700173e-05,0.000935463435600263,0.9058823529411765,/Users/emryspeets/Desktop/gp_mods/hps-gpr-emrys-validation_workflow/study_results/v4p9p13_calibration_20260905/derived/individual_2015_full/m065/result.json,256,500,1664.7645532226957,eigenfeature_rtol_1e-15,2.39517212294695,gp,stress,0.017071890714709614,-4.070321985877764,3.1099915641878173,gp,stress,0.2184071070926141,-1.521394494008006,True
individual_2016_full,2016 full,2016,65,48,1.0,2614912595.6684265,5.248666145944773e-06,8.675268600603264e-06,5.248666145944773e-06,8.675268600603264e-06,1.6528520502882347,0.2757717654815049,-1.288181692026932,0.5954487742244268,1.2112683645133665e-07,-15.926427605229476,5.1635933562796215,5.1635933562796215,18171.885741033762,3521.1736572537134,6.949328161535987e-06,2.2132426205419303e-06,4.205407388545737e-06,2.2132426205419303e-06,4.205407388545737e-06,0.5262849507921958,0.09999999999988984,True,True,True,False,,,True,completed_point,resolved,resolved,4.77760214612397e-06,4.77760214612397e-06,4.675155341178693e-06,4.675155341178693e-06,4.8800489510692476e-06,4.8800489510692476e-06,0.9893183281989071,0.01553779423300901,5.2514024561468525e-06,5.2514024561468525e-06,0.2757640448547882,resolved,resolved,1.0475964718103739e-05,1.0475964718103739e-05,1.0344175763473022e-05,1.0344175763473022e-05,1.0607753672734455e-05,1.0607753672734455e-05,0.9893183281989071,0.01553779423300901,8.675268600603264e-06,8.675268600603264e-06,1.2112683645133665e-07,2.192724383005145,/Users/emryspeets/Desktop/gp_mods/hps-gpr-emrys-validation_workflow/study_results/v4p9p13_calibration_20260905/refined_v1/attempt1_batch002/individual_2016_full/m065/result.json,,500,6685.219652855825,eigenfeature_rtol_1e-15,0.5954718808772188,gp,stress,0.9893183281989071,-0.010739130392845825,5.1635933562796215,gp,stress,0.9893183281989071,-0.010739130392845825,True
individual_2021_10pct,2021 10%,2021,65,15,1.0,3031648871.8158636,8.420895898381368e-06,6.643095903090907e-06,8.420895898381368e-06,6.643095903090907e-06,0.7888823212228306,0.00813332161007,-4.8117858767369635,2.402877326574064,1.005558452847934e-06,-13.809967496307573,4.752303998766365,4.752303998766365,15859.744829370527,3339.05559757901,5.23139238742745e-06,1.8105449798949202e-06,3.7654210916706417e-06,1.8105449798949202e-06,3.7654210916706417e-06,0.4808346625295015,0.0999999999998529,False,True,True,False,0.0,0.0,True,completed_point,resolved,resolved,8.54840020277188e-06,8.54840020277188e-06,8.372992520590707e-06,8.372992520590707e-06,8.723807884953056e-06,8.723807884953056e-06,0.055893894232147516,0.0030281404568211242,8.432335486453766e-06,8.432335486453766e-06,0.008283103822833994,resolved,resolved,9.406816959535584e-06,9.406816959535584e-06,9.180885538299295e-06,9.180885538299295e-06,9.632748380771876e-06,9.632748380771876e-06,0.2355295766708074,0.008805356866297786,6.643095903090907e-06,6.643095903090907e-06,1.005558452847934e-06,1.100418410041841,/Users/emryspeets/Desktop/gp_mods/hps-gpr-emrys-validation_workflow/study_results/v4p9p13_calibration_20260905/derived/individual_2021_10pct/m065/result.json,256,500,6939.781845841372,eigenfeature_rtol_1e-15,2.396196475406168,gp,stress,0.055893894232147516,-2.8843001314030685,4.752303998766365,gp,stress,0.2355295766708074,-1.4459187824527064,True
all_2015_2016_2021,2015 full + 2016 full + 2021 10%,2015+2016+2021,65,123,1.0,5817592266.071133,6.471517366791821e-06,7.273838374246626e-06,6.471517366791821e-06,7.273838374246626e-06,1.1239772625152586,0.0052224867521403,-5.2547816012260355,2.56073919137083,5.856376724757493e-14,-30.468660195913298,7.4199918577086414,7.4199918577086414,36080.31538092477,4865.416920850784,6.201932643397736e-06,1.3745746017735978e-06,2.7631265562535987e-06,1.3745746017735978e-06,2.7631265562535987e-06,0.497470736062601,0.09999999999976261,True,True,True,False,,,True,completed_point,resolved,mc_boundary,6.325519487559807e-06,6.325519487559807e-06,6.195390184550643e-06,6.195390184550643e-06,6.455648790568973e-06,6.455648790568973e-06,1.0,0.01659234857235356,6.465175105890287e-06,6.465175105890287e-06,0.005190667715017133,resolved,mc_boundary,8.976463339192756e-06,8.976463339192756e-06,8.800824938508407e-06,8.800824938508407e-06,9.152101739877106e-06,9.152101739877106e-06,1.0,0.016592348572141907,7.273838374246626e-06,7.273838374246626e-06,5.856376724757493e-14,1.4190871369294606,/Users/emryspeets/Desktop/gp_mods/hps-gpr-emrys-validation_workflow/study_results/v4p9p13_calibration_20260905/chunked_v1/attempt1_combined/all_2015_2016_2021/m065/result.json,,500,9772.426423159548,eigenfeature_rtol_1e-15,2.5628618256353413,gp,stress,1.0152530353038187,0.0,7.4199918577086414,gp,stress,1.0152530360348708,0.0,True
individual_2015_full,2015 full,2015,66,62,1.0,155705535.4734954,3.2955619088693855e-05,2.1792529931298005e-05,3.2955619088693855e-05,2.1792529931298005e-05,0.6612690197883252,0.0265826144134837,-3.6274978703578706,1.9335764195407297,0.00019264517803347454,-8.554660516878469,3.5499595439252967,3.5499595439252967,2491.353682841458,703.1707361885555,1.600041819493015e-05,7.414371049680214e-06,1.6765663346921303e-05,7.414371049680214e-06,1.6765663346921303e-05,0.44223547236153476,0.09999999999986982,False,True,True,False,,,True,completed_point,resolved,resolved,3.6464250785768646e-05,3.6464250785768646e-05,3.572881707041095e-05,3.572881707041095e-05,3.7199684501126333e-05,3.7199684501126333e-05,0.04407747195790198,0.0025898945773446557,3.295322298328904e-05,3.295322298328904e-05,0.026571399103832192,resolved,resolved,4.124122687124052e-05,4.124122687124052e-05,4.0199417128525046e-05,4.0199417128525046e-05,4.228303661395599e-05,4.228303661395599e-05,0.20417348370323704,0.008655733418636064,2.1792529931298005e-05,2.1792529931298005e-05,0.00019264517803347454,1.131004366812227,/Users/emryspeets/Desktop/gp_mods/hps-gpr-emrys-validation_workflow/study_results/v4p9p13_calibration_20260905/derived/individual_2015_full/m066/result.json,256,500,1586.776787909291,eigenfeature_rtol_1e-15,1.9337587377311904,gp,stress,0.04407747195790198,-3.1218064670093915,3.5499595439252967,gp,stress,0.20417348370323704,-1.5887852362219086,True
individual_2016_full,2016 full,2016,66,48,1.0,2621238837.199465,6.198706277623963e-06,7.966320225457328e-06,6.198706277623963e-06,7.966320225457328e-06,1.2851585264193084,0.1443101093249115,-1.935790757964543,1.0611533438404068,1.6287383064888727e-06,-13.32770488797204,4.653879218578023,4.653879218578023,16370.719457149044,3519.396977765961,6.245413132455928e-06,2.2069871384042286e-06,4.177052794492393e-06,2.2069871384042286e-06,4.177052794492393e-06,0.5283598860216053,0.0999999999999966,True,True,True,False,,,True,completed_point,resolved,mc_boundary,6.0705983970278225e-06,6.0705983970278225e-06,5.883545938415667e-06,5.883545938415667e-06,6.257650855639978e-06,6.257650855639978e-06,1.0,0.02384059640302576,6.1713824229602184e-06,6.1713824229602184e-06,0.1443835456366675,resolved,mc_boundary,1.0355726677282756e-05,1.0355726677282756e-05,1.0135412333359092e-05,1.0135412333359092e-05,1.057604102120642e-05,1.057604102120642e-05,1.0,0.02384059640302576,7.966320225457328e-06,7.966320225457328e-06,1.6287383064888727e-06,1.7058823529411766,/Users/emryspeets/Desktop/gp_mods/hps-gpr-emrys-validation_workflow/study_results/v4p9p13_calibration_20260905/derived/individual_2016_full/m066/result.json,256,500,6656.204249236139,eigenfeature_rtol_1e-15,1.060830164045967,gp,stress,1.0096280094594563,0.0,4.653879218578023,gp,stress,1.0096280094594563,0.0,True
individual_2021_10pct,2021 10%,2021,66,16,1.0,3205206547.8219824,8.09837329627897e-06,6.587125712517585e-06,8.09837329627897e-06,6.587125712517585e-06,0.8133887475333137,0.0089911932808614,-4.711509705062137,2.365980602330801,5.345109241958475e-07,-14.441913668531427,4.878487966409054,4.878487966409054,16718.31229921601,3428.7855730076644,5.215985943425867e-06,1.7585489637734243e-06,3.6459374686412214e-06,1.7585489637734243e-06,3.6459374686412214e-06,0.48233108189559964,0.09999999999996885,False,True,True,False,-1.1102230246251565e-16,0.0,True,completed_point,resolved,resolved,8.623496358670632e-06,8.623496358670632e-06,8.454555201072746e-06,8.454555201072746e-06,8.792437516268516e-06,8.792437516268516e-06,0.09649703836933456,0.004468162708013726,8.098751515595002e-06,8.098751515595002e-06,0.008988826671284023,resolved,resolved,9.904899432047393e-06,9.904899432047393e-06,9.64071451681435e-06,9.64071451681435e-06,1.0169084347280434e-05,1.0169084347280434e-05,0.3178945670984618,0.011195023641381589,6.587125712517585e-06,6.587125712517585e-06,5.345109241958475e-07,1.1485943775100402,/Users/emryspeets/Desktop/gp_mods/hps-gpr-emrys-validation_workflow/study_results/v4p9p13_calibration_20260905/derived/individual_2021_10pct/m066/result.json,256,500,7104.279387998105,eigenfeature_rtol_1e-15,2.366078062551826,gp,stress,0.09649703836933456,-2.338242961581376,4.878487966409054,gp,stress,0.3178945670984618,-1.1460355011816517,True
all_2015_2016_2021,2015 full + 2016 full + 2021 10%,2015+2016+2021,66,126,1.0,5982150920.494942,6.635650984800362e-06,7.016043378383136e-06,6.635650984800362e-06,7.016043378383136e-06,1.0573255577266045,0.002844895053562,-5.8622291001116285,2.765142689691207,2.0690602285301332e-13,-29.20651170061181,7.25096518697252,7.25096518697252,35663.57895578954,4921.239063650606,5.961664864322557e-06,1.3521642943986023e-06,2.7105875553112924e-06,1.3521642943986023e-06,2.7105875553112924e-06,0.4988454594462695,0.09999999999997226,True,True,True,False,,,True,completed_point,resolved,mc_boundary,6.949447895710002e-06,6.949447895710002e-06,6.871277342659888e-06,6.871277342659888e-06,7.0276184487601175e-06,7.0276184487601175e-06,1.0,0.0159862494814932,6.665269819533934e-06,6.665269819533934e-06,0.0028886649746267417,resolved,mc_boundary,9.423741869690016e-06,9.423741869690016e-06,9.310255451808416e-06,9.310255451808416e-06,9.537228287571615e-06,9.537228287571615e-06,1.0,0.0159862494815009,7.016043378383136e-06,7.016043378383136e-06,2.0690602285301332e-13,1.356041805206919,/Users/emryspeets/Desktop/gp_mods/hps-gpr-emrys-validation_workflow/study_results/v4p9p13_calibration_20260905/chunked_resource_v1/attempt1_m056_m066/all_2015_2016_2021/m066/result.json,,500,9857.791667807274,eigenfeature_rtol_1e-15,2.7601586408223695,gp,stress,1.0087287212773692,0.0,7.25096518697252,gp,stress,1.0087287211067784,0.0,True
individual_2015_full,2015 full,2015,67,62,1.0,141050507.69537407,2.768283880277978e-05,2.503977501829594e-05,2.768283880277978e-05,2.503977501829594e-05,0.9045233834826782,0.1044606079832358,-2.2589452357416797,1.256537341947758,3.0015667195759757e-05,-10.413791072763235,4.012687608483184,4.012687608483184,2674.9325945035703,668.169534473244,1.896435991765876e-05,7.77142404671582e-06,1.7502058518363965e-05,7.77142404671582e-06,1.7502058518363965e-05,0.4440291431183186,0.09999999999984877,False,True,True,False,,,True,completed_point,resolved,resolved,3.1748777580735425e-05,3.1748777580735425e-05,3.0932096039181146e-05,3.0932096039181146e-05,3.256545912228971e-05,3.256545912228971e-05,0.1669127192595694,0.006628781316632413,2.7683507665502334e-05,2.7683507665502334e-05,0.10448443823508957,resolved,resolved,4.621026265677722e-05,4.621026265677722e-05,4.477685502055517e-05,4.477685502055517e-05,4.764367029299927e-05,4.764367029299927e-05,0.15687135667376806,0.006744944351444318,2.503977501829594e-05,2.503977501829594e-05,3.0015667195759757e-05,1.455497382198953,/Users/emryspeets/Desktop/gp_mods/hps-gpr-emrys-validation_workflow/study_results/v4p9p13_calibration_20260905/derived/individual_2015_full/m067/result.json,256,500,1500.5423904402905,eigenfeature_rtol_1e-15,1.2564058093381336,gp,stress,0.1669127192595694,-1.7902842423530902,4.012687608483184,gp,stress,0.15687135667376806,-1.8523291937561022,True
individual_2016_full,2016 full,2016,67,50,1.0,2638404759.690494,7.469926413268197e-06,7.378461289532488e-06,7.469926413268197e-06,7.378461289532488e-06,0.9877555522403477,0.057841835726558,-2.850042963624237,1.5731518066510817,1.1812833370351527e-05,-11.34632404371394,4.227543349725648,4.227543349725648,14936.718701434882,3534.782761548154,5.6612688582274536e-06,2.202426039701813e-06,4.253228045703074e-06,2.202426039701813e-06,4.253228045703074e-06,0.5178245831250141,0.0999999999998461,True,True,True,False,,,True,completed_point,resolved,mc_boundary,7.797357561938632e-06,7.797357561938632e-06,7.6083281368376724e-06,7.6083281368376724e-06,7.986386987039593e-06,7.986386987039593e-06,1.0,0.016207198350187264,7.471345439981522e-06,7.471345439981522e-06,0.05784177130523238,resolved,mc_boundary,1.030220817769094e-05,1.030220817769094e-05,1.0087246145973302e-05,1.0087246145973302e-05,1.0517170209408577e-05,1.0517170209408577e-05,1.0,0.016207198350187264,7.378461289532488e-06,7.378461289532488e-06,1.1812833370351527e-05,1.3212435233160624,/Users/emryspeets/Desktop/gp_mods/hps-gpr-emrys-validation_workflow/study_results/v4p9p13_calibration_20260905/chunked_v1/attempt1_remaining_2016_batch001/individual_2016_full/m067/result.json,,500,6821.997199395666,eigenfeature_rtol_1e-15,1.5731523632177686,gp,stress,1.004757104520534,0.0,4.227543349725648,gp,stress,1.004757104520534,0.0,True
individual_2021_10pct,2021 10%,2021,67,15,1.0,3312120624.1596165,5.252571974604276e-06,1.7639634518168697e-06,5.252571974604276e-06,1.7639634518168697e-06,0.335828516076596,0.1243584024611855,-2.084587539956553,1.1534717534678196,0.4697938590136893,-0.7554612783334141,0.07578805687760418,0.07578805687760418,261.6379607315291,3452.26044053123,7.899409182837792e-08,1.7148412198909895e-06,3.444203146488704e-06,1.7148412198909895e-06,3.444203146488704e-06,0.49789200780425386,0.10000000000061526,False,True,True,False,4.440892098500626e-16,6.938893903907228e-17,True,completed_point,resolved,resolved,6.0524733559267685e-06,6.0524733559267685e-06,5.91147717075442e-06,5.91147717075442e-06,6.193469541099117e-06,6.193469541099117e-06,0.5167938594042072,0.0167889584906137,5.25407807920391e-06,5.25407807920391e-06,0.12440775659271319,resolved,resolved,5.0055590457124085e-06,5.0055590457124085e-06,4.819678075112274e-06,4.819678075112274e-06,5.191440016312543e-06,5.191440016312543e-06,0.8933849832168345,0.01707878039672097,1.7639634518168697e-06,1.7639634518168697e-06,0.4697938590136893,0.827027027027027,/Users/emryspeets/Desktop/gp_mods/hps-gpr-emrys-validation_workflow/study_results/v4p9p13_calibration_20260905/derived/individual_2021_10pct/m067/result.json,256,500,6935.012957177641,eigenfeature_rtol_1e-15,1.1532311693452344,gp,stress,0.5167938594042072,-0.6601112085421394,0.07578805687760418,gp,stress,0.8933849832168345,-0.11273767878291474,True
all_2015_2016_2021,2015 full + 2016 full + 2021 10%,2015+2016+2021,67,127,1.0,6091575891.545483,5.386693215302956e-06,3.719114694068895e-06,5.386693215302956e-06,3.719114694068895e-06,0.6904263052336694,0.01979720387392,-3.9222145697428012,2.0579554746369206,0.0004712750973751627,-7.660068563590636,3.3071362971907723,3.3071362971907723,16325.414396466338,4937.685032343772,2.67999852371936e-06,1.3329146625425225e-06,2.645837141293569e-06,1.3329146625425225e-06,2.645837141293569e-06,0.5037780450428067,0.09999999999972416,True,True,True,False,,,True,completed_point,resolved,mc_boundary,6.006743846211906e-06,6.006743846211906e-06,5.884554893994995e-06,5.884554893994995e-06,6.128932798428818e-06,6.128932798428818e-06,1.0,0.024236094207097835,5.385359037501027e-06,5.385359037501027e-06,0.01996985677803682,resolved,mc_boundary,6.408868957255381e-06,6.408868957255381e-06,6.2596172421307334e-06,6.2596172421307334e-06,6.558120672380029e-06,6.558120672380029e-06,1.0,0.02423609420708544,3.719114694068895e-06,3.719114694068895e-06,0.0004712750973751627,1.0669456066945606,/Users/emryspeets/Desktop/gp_mods/hps-gpr-emrys-validation_workflow/study_results/v4p9p13_calibration_20260905/derived/all_2015_2016_2021/m067/result.json,256,500,9798.302527269927,eigenfeature_rtol_1e-15,2.054371869573021,gp,stress,1.000425131048241,0.0,3.3071362971907723,gp,stress,1.0004251316060795,0.0,True
individual_2015_full,2015 full,2015,68,64,1.0,128460915.8785327,2.3446497653259305e-05,3.554329733986611e-05,2.3446497653259305e-05,3.554329733986611e-05,1.5159320537123047,0.2624267001435922,-1.3377834734927416,0.6358819008172107,1.876823955882034e-09,-20.09368487389403,5.8946990841537446,5.8946990841537446,3747.6041156481533,638.0420892711401,2.9173107555855603e-05,8.128526195137346e-06,1.8476927546819998e-05,8.128526195137346e-06,1.8476927546819998e-05,0.4399284553419337,0.09999999999984836,False,True,True,False,,,True,completed_point,resolved,resolved,2.6146839571226912e-05,2.6146839571226912e-05,2.522585340710466e-05,2.522585340710466e-05,2.706782573534916e-05,2.706782573534916e-05,0.35103602471276163,0.008487062898279137,2.3446972545722895e-05,2.3446972545722895e-05,0.26242417989702604,resolved,resolved,5.931296493338722e-05,5.931296493338722e-05,5.776655983287096e-05,5.776655983287096e-05,6.0859370033903476e-05,6.0859370033903476e-05,0.05420892845201262,0.0022266259835621387,3.554329733986611e-05,3.554329733986611e-05,1.876823955882034e-09,2.268456375838926,/Users/emryspeets/Desktop/gp_mods/hps-gpr-emrys-validation_workflow/study_results/v4p9p13_calibration_20260905/study_results/v4p9p13_calibration_20260905/chunked_v1/attempt1_remaining_2015_batch001/individual_2015_full/m068/result.json,,500,1442.7262104263602,eigenfeature_rtol_1e-15,0.6358896336141645,gp,stress,0.35103602471276163,-1.0468664262735397,5.8946990841537446,gp,stress,0.05420892845201262,-2.914909652516346,True
individual_2016_full,2016 full,2016,68,50,1.0,2635223482.3708515,8.929945083107e-06,7.141918463797942e-06,8.929945083107e-06,7.141918463797942e-06,0.799771823603763,0.014687359223057,-4.220768071936833,2.1784208575685433,2.5044130501162827e-05,-10.594871069219414,4.055214762622392,4.055214762622392,14299.060737233336,3527.616512057025,5.426128308620259e-06,2.2007873932338875e-06,4.241863236795057e-06,2.2007873932338875e-06,4.241863236795057e-06,0.518825636372165,0.09999999999986924,True,True,True,False,,,True,completed_point,resolved,mc_boundary,9.468816177216688e-06,9.468816177216688e-06,9.286816395389534e-06,9.286816395389534e-06,9.650815959043839e-06,9.650815959043839e-06,1.0,0.016111004546550775,8.924274510472037e-06,8.924274510472037e-06,0.015028832613256079,resolved,mc_boundary,1.0516429881930023e-05,1.0516429881930023e-05,1.0283545437765767e-05,1.0283545437765767e-05,1.074931432609428e-05,1.074931432609428e-05,1.0,0.01611100454655077,7.141918463797942e-06,7.141918463797942e-06,2.5044130501162827e-05,1.1106382978723404,/Users/emryspeets/Desktop/gp_mods/hps-gpr-emrys-validation_workflow/study_results/v4p9p13_calibration_20260905/chunked_v1/attempt1_remaining_2016_batch001/individual_2016_full/m068/result.json,,500,6795.559963357798,eigenfeature_rtol_1e-15,2.169329656807778,gp,stress,1.0017079669236229,0.0,4.055214762622392,gp,stress,1.0017079669242277,0.0,True
individual_2021_10pct,2021 10%,2021,68,16,1.0,3471115492.28482,2.748865000279625e-06,1.0770780218553403e-06,2.748865000279625e-06,1.0770780218553403e-06,0.391826452643464,0.5,-0.6931471805599453,0.0,0.5,-0.6931471805599453,0.0,-1.2414861779952855,-4383.498189322621,3530.37944817376,-1.2628499970876037e-06,1.6735725503416218e-06,3.3325344906604585e-06,1.6735725503416218e-06,3.3325344906604585e-06,0.502192116850363,0.09999999999948239,False,True,True,False,-2.220446049250313e-16,0.0,True,completed_point,resolved,bounded_atom,3.1813688828818644e-06,3.1813688828818644e-06,3.0667505860454214e-06,3.0667505860454214e-06,3.2959871797183073e-06,3.2959871797183073e-06,1.0,0.0,2.7522616348119927e-06,2.7522616348119927e-06,0.5,resolved,bounded_atom,4.400102236025663e-06,4.400102236025663e-06,4.21459230253131e-06,4.21459230253131e-06,4.585612169520016e-06,4.585612169520016e-06,1.0,0.0,1.0770780218553403e-06,1.0770780218553403e-06,0.5,1.3830845771144278,/Users/emryspeets/Desktop/gp_mods/hps-gpr-emrys-validation_workflow/study_results/v4p9p13_calibration_20260905/derived/individual_2021_10pct/m068/result.json,256,500,7032.293773401212,eigenfeature_rtol_1e-15,-0.5201256826897731,gp,gp,1.0,0.0,-1.2414861779952855,gp,gp,1.0,0.0,True
all_2015_2016_2021,2015 full + 2016 full + 2021 10%,2015+2016+2021,68,130,1.0,6234799890.534204,3.7484556326456616e-06,2.9484135326103664e-06,3.7484556326456616e-06,2.9484135326103664e-06,0.7865675418250515,0.1546843414163939,-1.8663687455539428,1.016547620296784,0.008136904203125394,-4.811345490333675,2.4027162722679662,2.4027162722679662,11972.121294210603,4983.666768058002,1.9202093899415943e-06,1.314521045987373e-06,2.594531857090958e-06,1.314521045987373e-06,2.594531857090958e-06,0.5066505706587241,0.09999999999977083,True,True,True,False,,,True,completed_point,resolved,resolved,4.5594150836714495e-06,4.5594150836714495e-06,4.450543727601222e-06,4.450543727601222e-06,4.668286439741677e-06,4.668286439741677e-06,0.9976459933476453,0.0165574780384848,3.7655117596559065e-06,3.7655117596559065e-06,0.1560428353485137,resolved,resolved,5.791689430609679e-06,5.791689430609679e-06,5.642561134527925e-06,5.642561134527925e-06,5.940817726691434e-06,5.940817726691434e-06,0.9976459284324074,0.016557478047375337,2.9484135326103664e-06,2.9484135326103664e-06,0.008136904203125394,1.2702702702702702,/Users/emryspeets/Desktop/gp_mods/hps-gpr-emrys-validation_workflow/study_results/v4p9p13_calibration_20260905/chunked_v1/attempt1_combined/all_2015_2016_2021/m068/result.json,,500,9834.219473150184,eigenfeature_rtol_1e-15,1.0108553422609914,gp,stress,0.9976459933476453,-0.0023567816818283456,2.4027162722679662,gp,stress,0.9976459284324074,-0.0023568467502397827,True
individual_2015_full,2015 full,2015,69,64,1.0,116550641.9971464,1.947443839085616e-05,4.350816773811991e-05,1.947443839085616e-05,4.350816773811991e-05,2.2341166849026215,0.4924245304923859,-0.7084140676909824,0.018990027367204,5.998738016033737e-13,-28.14205709247818,7.1053997565551335,7.1053997565551335,4292.5311005059875,606.8720793448864,3.6829750801467787e-05,8.504267997751061e-06,1.926586472380659e-05,8.504267997751061e-06,1.926586472380659e-05,0.44141636618274616,0.09999999999985827,False,True,True,False,,,True,completed_point,resolved,resolved,2.2962983555714766e-05,2.2962983555714766e-05,2.2159857231946386e-05,2.2159857231946386e-05,2.376610987948315e-05,2.376610987948315e-05,0.5403234143039062,0.01709929046286204,1.9474600941505332e-05,1.9474600941505332e-05,0.49070920465120166,resolved,resolved,7.062718448211874e-05,7.062718448211874e-05,6.874942653207652e-05,6.874942653207652e-05,7.250494243216093e-05,7.250494243216093e-05,0.01239860453575763,0.0009682243672617896,4.350816773811991e-05,4.350816773811991e-05,5.998738016033737e-13,3.075697211155379,/Users/emryspeets/Desktop/gp_mods/hps-gpr-emrys-validation_workflow/study_results/v4p9p13_calibration_20260905/derived/individual_2015_full/m069/result.json,256,500,1364.832115041133,eigenfeature_rtol_1e-15,0.023290675836630973,gp,stress,0.5403234143039062,-0.6155874033244496,7.1053997565551335,gp,stress,0.01239860453575763,-4.390171350142859,True
individual_2016_full,2016 full,2016,69,50,1.0,2627661208.361147,8.79801359974906e-06,4.8096190226479695e-06,8.79801359974906e-06,4.8096190226479695e-06,0.5466710147828314,0.0151384919937775,-4.190514640043457,2.1664478087540244,0.010553427265397883,-4.551304612535993,2.3060676150386765,2.3060676150386765,8108.762460723818,3517.1382198060805,3.085923875925083e-06,2.2013661055050734e-06,4.1863082624443575e-06,2.2013661055050734e-06,4.1863082624443575e-06,0.5258490219780687,0.09999999999976057,True,True,True,False,,,True,completed_point,resolved,mc_boundary,9.583376715386675e-06,9.583376715386675e-06,9.398498013395429e-06,9.398498013395429e-06,9.76825541737792e-06,9.76825541737792e-06,1.0,0.025259010110311383,8.798332914183074e-06,8.798332914183074e-06,0.015138301399439762,resolved,mc_boundary,8.31089515981666e-06,8.31089515981666e-06,8.086381820508863e-06,8.086381820508863e-06,8.535408499124457e-06,8.535408499124457e-06,1.0,0.025258726914607385,4.8096190226479695e-06,4.8096190226479695e-06,0.010553427265397883,0.8672199170124482,/Users/emryspeets/Desktop/gp_mods/hps-gpr-emrys-validation_workflow/study_results/v4p9p13_calibration_20260905/derived/individual_2016_full/m069/result.json,256,500,6687.300843852755,eigenfeature_rtol_1e-15,2.1664528019890463,gp,stress,1.0550646038255271,0.0,2.3060676150386765,gp,stress,1.0551517490452749,0.0,True
individual_2021_10pct,2021 10%,2021,69,16,1.0,3591215173.6227455,1.4679678560054414e-06,4.5139659374865707e-07,1.4679678560054414e-06,4.5139659374865707e-07,0.3074976007832857,0.5,-0.6931471805599453,0.0,0.5,-0.6931471805599453,0.0,-4.662492758720433,-16664.449951711944,3572.3931889049372,-4.640337363829186e-06,1.6377422982094811e-06,3.1865616052829116e-06,1.6377422982094811e-06,3.1865616052829116e-06,0.5139528121767092,0.09999999997999882,False,True,True,False,2.220446049250313e-16,0.0,True,completed_point,resolved,bounded_atom,1.6572146414539299e-06,1.6572146414539299e-06,1.5798790410308168e-06,1.5798790410308168e-06,1.7345502418770426e-06,1.7345502418770426e-06,1.0,0.0,1.46872389594771e-06,1.46872389594771e-06,0.5,resolved,bounded_atom,2.5577102685453343e-06,2.5577102685453343e-06,2.413958204677865e-06,2.413958204677865e-06,2.701462332412804e-06,2.701462332412804e-06,1.0,0.0,4.5139659374865707e-07,4.5139659374865707e-07,0.5,1.5433789954337898,/Users/emryspeets/Desktop/gp_mods/hps-gpr-emrys-validation_workflow/study_results/v4p9p13_calibration_20260905/derived/individual_2021_10pct/m069/result.json,256,500,6956.904464761723,eigenfeature_rtol_1e-15,-2.3532314549773155,gp,gp,1.0,0.0,-4.662492758720433,gp,gp,1.0,0.0,True
all_2015_2016_2021,2015 full + 2016 full + 2021 10%,2015+2016+2021,69,130,1.0,6335427023.98104,2.0508788261056015e-06,8.337727145621195e-07,2.0508788261056015e-06,8.337727145621195e-07,0.4065441136497393,0.5,-0.6931471805599453,0.0,0.5,-0.6931471805599453,0.0,-1.2485436845519375,-6243.517283922069,5000.160633075626,-9.854927316326e-07,1.2984913266836213e-06,2.513849062145662e-06,1.2984913266836213e-06,2.513849062145662e-06,0.5165351198831769,0.09999999999948635,True,True,True,False,,,True,completed_point,resolved,bounded_atom,2.5669967195726114e-06,2.5669967195726114e-06,2.47963353866495e-06,2.47963353866495e-06,2.654359900480273e-06,2.654359900480273e-06,1.0,0.0,2.0516708461035406e-06,2.0516708461035406e-06,0.5,resolved,bounded_atom,3.510218770020222e-06,3.510218770020222e-06,3.3891782509261507e-06,3.3891782509261507e-06,3.631259289114294e-06,3.631259289114294e-06,1.0,0.0,8.337727145621195e-07,8.337727145621195e-07,0.5,1.3674418604651162,/Users/emryspeets/Desktop/gp_mods/hps-gpr-emrys-validation_workflow/study_results/v4p9p13_calibration_20260905/derived/all_2015_2016_2021/m069/result.json,256,500,9682.170277299201,eigenfeature_rtol_1e-15,-0.552938489756725,gp,gp,1.0,0.0,-1.2485436845519375,gp,gp,1.0,0.0,True
individual_2015_full,2015 full,2015,70,66,1.0,106344776.35946976,1.565806608082301e-05,1.891292708368924e-05,1.565806608082301e-05,1.891292708368924e-05,1.2078712010835473,0.5,-0.6931471805599453,0.0,0.014397936735517695,-4.2406703649217805,2.1862697831973477,2.1862697831973477,1263.9136104844113,578.9627811101028,1.1885055888519556e-05,8.935544926645e-06,2.0085717173418666e-05,8.935544926645e-06,2.0085717173418666e-05,0.4448705938401967,0.09999999999974866,False,True,True,False,,,True,completed_point,resolved,bounded_atom,1.859873871636746e-05,1.859873871636746e-05,1.783455549433836e-05,1.783455549433836e-05,1.9362921938396558e-05,1.9362921938396558e-05,1.0,0.0,1.5657934647796525e-05,1.5657934647796525e-05,0.5,resolved,resolved,4.635377957002351e-05,4.635377957002351e-05,4.48417671540369e-05,4.48417671540369e-05,4.7865791986010136e-05,4.7865791986010136e-05,0.3220687752040572,0.012947880275655889,1.891292708368924e-05,1.891292708368924e-05,0.014397936735517695,2.4923076923076923,/Users/emryspeets/Desktop/gp_mods/hps-gpr-emrys-validation_workflow/study_results/v4p9p13_calibration_20260905/derived/individual_2015_full/m070/result.json,256,500,1298.2998707595875,eigenfeature_rtol_1e-15,-0.6860028469587756,gp,gp,1.0,0.0,2.1862697831973477,gp,stress,0.3220687752040572,-1.1329901686540709,True
individual_2016_full,2016 full,2016,70,52,1.0,2630900423.295462,7.965472499908609e-06,5.173877083051708e-06,7.965472499908609e-06,5.173877083051708e-06,0.6495380008042297,0.0361284385346335,-3.320674952729566,1.7974962238701857,0.004953228387243052,-5.307715715548125,2.5790774684980033,2.5790774684980033,9085.493315061192,3523.7396644552696,3.453377875731502e-06,2.2026987459651776e-06,4.226988417995394e-06,2.2026987459651776e-06,4.226988417995394e-06,0.5211035678706177,0.09999999999988593,True,True,True,False,,,True,completed_point,resolved,resolved,8.95379165265468e-06,8.95379165265468e-06,8.772936170982002e-06,8.772936170982002e-06,9.134647134327363e-06,9.134647134327363e-06,0.1173145553927794,0.005424581159187752,7.96647700515296e-06,7.96647700515296e-06,0.036129874475434,resolved,resolved,1.3250005584645942e-05,1.3250005584645942e-05,1.2982871600539119e-05,1.2982871600539119e-05,1.3517139568752764e-05,1.3517139568752764e-05,0.06436171622632678,0.00338181994101935,5.173877083051708e-06,5.173877083051708e-06,0.004953228387243052,1.4798206278026909,/Users/emryspeets/Desktop/gp_mods/hps-gpr-emrys-validation_workflow/study_results/v4p9p13_calibration_20260905/derived/individual_2016_full/m070/result.json,256,500,6760.619694799951,eigenfeature_rtol_1e-15,1.7974781179522534,gp,stress,0.1173145553927794,-2.1428964441258844,2.5790774684980033,stress,gp,0.06436171622632678,-2.7432362911736057,True
individual_2021_10pct,2021 10%,2021,70,15,1.0,3666273035.390485,1.0904394755562134e-06,3.472264718020587e-07,1.0904394755562134e-06,3.472264718020587e-07,0.3184280096104782,0.5,-0.6931471805599453,0.0,0.5,-0.6931471805599453,0.0,-6.148048911739149,-22000.589085695163,3576.1680082396156,-6.000804870047531e-06,1.6062710791734202e-06,3.0468012399512482e-06,1.6062710791734202e-06,3.0468012399512482e-06,0.5271991681344865,0.09999999999363733,False,True,True,False,0.0,0.0,True,completed_point,resolved,bounded_atom,1.2661716363758542e-06,1.2661716363758542e-06,1.2025060078378014e-06,1.2025060078378014e-06,1.3340131318470068e-06,1.3340131318470068e-06,1.0,0.0,1.0906375056244365e-06,1.0906375056244365e-06,0.5,resolved,bounded_atom,1.982463019239909e-06,1.982463019239909e-06,1.8723219862624769e-06,1.8723219862624769e-06,2.0926040522173406e-06,2.0926040522173406e-06,1.0,0.0,3.472264718020587e-07,3.472264718020587e-07,0.5,1.5657142857142856,/Users/emryspeets/Desktop/gp_mods/hps-gpr-emrys-validation_workflow/study_results/v4p9p13_calibration_20260905/derived/individual_2021_10pct/m070/result.json,256,500,6790.77438701135,eigenfeature_rtol_1e-15,-3.3724145038689635,gp,gp,1.0,0.0,-6.148048911739149,stress,gp,1.0,0.0,True
all_2015_2016_2021,2015 full + 2016 full + 2021 10%,2015+2016+2021,70,133,1.0,6403518235.045417,1.34400194810712e-06,4.902751184852141e-07,1.34400194810712e-06,4.902751184852141e-07,0.36478750583339037,0.5,-0.6931471805599453,0.0,0.5,-0.6931471805599453,0.0,-3.0963382913120365,-15478.195746185906,4997.685620286979,-2.417139325297186e-06,1.2842786113733333e-06,2.453104780545092e-06,1.2842786113733333e-06,2.453104780545092e-06,0.5235319019222491,0.10000000000010771,True,True,True,False,,,True,completed_point,resolved,bounded_atom,1.6194873870145628e-06,1.6194873870145628e-06,1.5477708090495632e-06,1.5477708090495632e-06,1.691203964979562e-06,1.691203964979562e-06,1.0,0.0,1.3418196620481892e-06,1.3418196620481892e-06,0.5,resolved,bounded_atom,3.2389747740291257e-06,3.2389747740291257e-06,3.1183790107267873e-06,3.1183790107267873e-06,3.359570537331464e-06,3.359570537331464e-06,1.0,0.0,4.902751184852141e-07,4.902751184852141e-07,0.5,2.0,/Users/emryspeets/Desktop/gp_mods/hps-gpr-emrys-validation_workflow/study_results/v4p9p13_calibration_20260905/derived/all_2015_2016_2021/m070/result.json,256,500,9549.73653103775,eigenfeature_rtol_1e-15,-1.7563198625565672,gp,gp,1.0,0.0,-3.0963382913120365,stress,gp,1.0,0.0,True
individual_2015_full,2015 full,2015,71,66,1.0,96534796.13261202,1.5349752708402096e-05,2.0413782782915835e-05,1.5349752708402096e-05,2.0413782782915835e-05,1.3299095542915038,0.5,-0.6931471805599453,0.0,0.010923525193494496,-4.516836540843438,2.293016580648087,2.293016580648087,1260.7810386838082,550.7242457274265,1.3060379150248009e-05,9.362302324545035e-06,2.0873959075273587e-05,9.362302324545035e-06,2.0873959075273587e-05,0.44851588962034633,0.0999999999997809,False,True,True,False,,,True,completed_point,resolved,bounded_atom,1.7147617247882134e-05,1.7147617247882134e-05,1.6368963104940417e-05,1.6368963104940417e-05,1.7926271390823847e-05,1.7926271390823847e-05,1.0,0.0,1.5349843754405454e-05,1.5349843754405454e-05,0.5,resolved,resolved,4.856839567319216e-05,4.856839567319216e-05,4.717216679364182e-05,4.717216679364182e-05,4.99646245527425e-05,4.99646245527425e-05,0.25771000348389445,0.01122371922275145,2.0413782782915835e-05,2.0413782782915835e-05,0.010923525193494496,2.8323699421965314,/Users/emryspeets/Desktop/gp_mods/hps-gpr-emrys-validation_workflow/study_results/v4p9p13_calibration_20260905/derived/individual_2015_full/m071/result.json,256,500,1224.7615150497022,eigenfeature_rtol_1e-15,-0.8524439129555037,gp,gp,1.0,0.0,2.293016580648087,gp,stress,0.25771000348389445,-1.3559203437462461,True
individual_2016_full,2016 full,2016,71,52,1.0,2614840235.647342,5.641448827170459e-06,3.142761224413086e-06,5.641448827170459e-06,3.142761224413086e-06,0.5570840613278022,0.2127003653533062,-1.5478708390843958,0.7970866128030153,0.16920183113058984,-1.7766630095837648,0.9573241644852656,0.9573241644852656,3358.628717751688,3508.710416063379,1.2844489204214077e-06,2.207293811205306e-06,4.199272228530491e-06,2.207293811205306e-06,4.199272228530491e-06,0.5256372273768339,0.10000000001814138,True,True,True,False,,,True,completed_point,limited_mc,resolved,1.8428347635352817e-05,1.8428347635352817e-05,1.8188074468886054e-05,1.8188074468886054e-05,1.8668620801819576e-05,1.8668620801819576e-05,0.10823890824785275,0.004512981898652803,5.643878745438084e-06,5.643878745438084e-06,0.2127050437541626,resolved,limited_mc,2.9646002230113782e-05,2.9646002230113782e-05,2.9366891001177576e-05,2.9366891001177576e-05,2.992511345904999e-05,2.992511345904999e-05,0.17826472493339174,0.006941677776371094,3.142761224413086e-06,3.142761224413086e-06,0.16920183113058984,1.60871733140312,/Users/emryspeets/Desktop/gp_mods/hps-gpr-emrys-validation_workflow/study_results/v4p9p13_calibration_20260905/refined_v1/attempt1_batch002/individual_2016_full/m071/result.json,,500,6675.281021425745,eigenfeature_rtol_1e-15,0.7970705008406486,stress,gp,0.10823890824785275,-2.2234143815724243,0.9573241644852656,stress,gp,0.17826472493339174,-1.724485614777638,True
individual_2021_10pct,2021 10%,2021,71,16,1.0,3806165042.447282,9.22004017783275e-07,2.2243292620789957e-07,9.22004017783275e-07,2.2243292620789957e-07,0.2412494109761942,0.5,-0.6931471805599453,0.0,0.5,-0.6931471805599453,0.0,-9.707142129317033,-35380.29557644121,3641.1131767689308,-9.295523231880782e-06,1.576269576056349e-06,2.9587225586274465e-06,1.576269576056349e-06,2.9587225586274465e-06,0.5327534247711221,0.09999999999187732,False,True,True,False,-1.1102230246251565e-16,0.0,True,completed_point,resolved,bounded_atom,1.3841441247120025e-06,1.3841441247120025e-06,1.3172506887042924e-06,1.3172506887042924e-06,1.4510375607197127e-06,1.4510375607197127e-06,1.0,0.0,9.222050059673797e-07,9.222050059673797e-07,0.5,resolved,bounded_atom,2.0094681201402673e-06,2.0094681201402673e-06,1.8975947751586887e-06,1.8975947751586887e-06,2.121341465121847e-06,2.121341465121847e-06,1.0,0.0,2.2243292620789957e-07,2.2243292620789957e-07,0.5,1.4517766497461926,/Users/emryspeets/Desktop/gp_mods/hps-gpr-emrys-validation_workflow/study_results/v4p9p13_calibration_20260905/derived/individual_2021_10pct/m071/result.json,256,500,6846.091021238728,eigenfeature_rtol_1e-15,-4.018800157046639,stress,gp,1.0,0.0,-9.707142129317033,stress,gp,1.0,0.0,True
all_2015_2016_2021,2015 full + 2016 full + 2021 10%,2015+2016+2021,71,134,1.0,6517540074.227236,9.587545144076227e-07,2.452061622426071e-07,9.587545144076227e-07,2.452061622426071e-07,0.25575489716896976,0.5,-0.6931471805599453,0.0,0.5,-0.6931471805599453,0.0,-6.96238065903674,-35046.393684031216,5031.00306221178,-5.377242530907884e-06,1.270808865590827e-06,2.402550419225589e-06,1.270808865590827e-06,2.402550419225589e-06,0.5289416011508491,0.0999999999832151,True,True,True,False,,,True,completed_point,resolved,bounded_atom,4.085095444468219e-06,4.085095444468219e-06,3.971607126945055e-06,3.971607126945055e-06,4.198583761991383e-06,4.198583761991383e-06,1.0,0.0,9.59920350026718e-07,9.59920350026718e-07,0.5,resolved,bounded_atom,8.078903839898041e-06,8.078903839898041e-06,7.902554795103182e-06,7.902554795103182e-06,8.2552528846929e-06,8.2552528846929e-06,1.0,0.0,2.452061622426071e-07,2.452061622426071e-07,0.5,1.9776536312849162,/Users/emryspeets/Desktop/gp_mods/hps-gpr-emrys-validation_workflow/study_results/v4p9p13_calibration_20260905/derived/all_2015_2016_2021/m071/result.json,256,500,9519.47200585108,eigenfeature_rtol_1e-15,-2.9060527262286913,stress,gp,1.0,0.0,-6.96238065903674,stress,gp,1.0,0.0,True
individual_2015_full,2015 full,2015,72,68,1.0,88072274.29444216,1.610036110064495e-05,1.1370025792768662e-05,1.610036110064495e-05,1.1370025792768662e-05,0.7061969431426728,0.5,-0.6931471805599453,0.0,0.34807166427471814,-1.0553468885848074,0.3905318227364731,0.3905318227364731,205.27646725032812,525.7849548113937,2.330772866884876e-06,9.823388359136015e-06,2.176945151185824e-05,9.823388359136015e-06,2.176945151185824e-05,0.4512464796729043,0.10000000000001379,False,True,True,False,,,True,completed_point,resolved,bounded_atom,1.8296525529479626e-05,1.8296525529479626e-05,1.7455942969993778e-05,1.7455942969993778e-05,1.913710808896548e-05,1.913710808896548e-05,1.0,0.0,1.6100273937976017e-05,1.6100273937976017e-05,0.5,resolved,resolved,4.072785908822019e-05,4.072785908822019e-05,3.922811711438743e-05,3.922811711438743e-05,4.222760106205295e-05,4.222760106205295e-05,0.510127468436053,0.01680691658721493,1.1370025792768662e-05,1.1370025792768662e-05,0.34807166427471814,2.225988700564972,/Users/emryspeets/Desktop/gp_mods/hps-gpr-emrys-validation_workflow/study_results/v4p9p13_calibration_20260905/derived/individual_2015_full/m072/result.json,256,500,1165.3182301053782,eigenfeature_rtol_1e-15,-0.8325871754427883,gp,gp,1.0,0.0,0.3905318227364731,gp,stress,0.510127468436053,-0.6730946463831835,True
individual_2016_full,2016 full,2016,72,52,1.0,2595752479.756637,2.3898834165411996e-06,7.877270686689051e-07,2.3898834165411996e-06,7.877270686689051e-07,0.32960899398555465,0.5,-0.6931471805599453,0.0,0.5,-0.6931471805599453,0.0,-3.4002497187861556,-11873.890620767756,3490.7876973542207,-4.574353954534596e-06,2.2136724383797035e-06,3.951501841947718e-06,2.2136724383797035e-06,3.951501841947718e-06,0.5602104027588082,0.1000000000015581,True,True,True,False,,,True,completed_point,resolved,bounded_atom,2.1877846859877346e-05,2.1877846859877346e-05,2.1714097703335256e-05,2.1714097703335256e-05,2.2041596016419444e-05,2.2041596016419444e-05,1.0,0.0,2.3904719359786396e-06,2.3904719359786396e-06,0.5,limited_mc,bounded_atom,2.8722208543814335e-05,2.8722208543814335e-05,2.851610332827556e-05,2.851610332827556e-05,2.8928313759353112e-05,2.8928313759353112e-05,1.0,0.0,7.877270686689051e-07,7.877270686689051e-07,0.5,1.3128443913047556,/Users/emryspeets/Desktop/gp_mods/hps-gpr-emrys-validation_workflow/study_results/v4p9p13_calibration_20260905/refined_v1/attempt1_batch001/individual_2016_full/m072/result.json,,500,6235.516045891152,eigenfeature_rtol_1e-15,-1.4320706133250884,stress,gp,1.0,0.0,-3.4002497187861556,stress,gp,1.0,0.0,True
individual_2021_10pct,2021 10%,2021,72,15,1.0,3860929362.2115345,1.0655329476920496e-06,2.7295889654903627e-07,1.0655329476920496e-06,2.7295889654903627e-07,0.2561712400731172,0.5,-0.6931471805599453,0.0,0.5,-0.6931471805599453,0.0,-7.682035664656944,-27932.295853695785,3633.1846287229337,-7.234604219150026e-06,1.5500177263849245e-06,2.8526021337920516e-06,1.5500177263849245e-06,2.8526021337920516e-06,0.543369756343987,0.10000000000328935,False,True,True,False,-2.220446049250313e-16,0.0,True,completed_point,resolved,bounded_atom,2.181254897687499e-06,2.181254897687499e-06,2.099537013138616e-06,2.099537013138616e-06,2.262972782236382e-06,2.262972782236382e-06,1.0,0.0,1.0657183352596856e-06,1.0657183352596856e-06,0.5,resolved,bounded_atom,2.6147962438117222e-06,2.6147962438117222e-06,2.5079560695965993e-06,2.5079560695965993e-06,2.7216364180268455e-06,2.7216364180268455e-06,1.0,0.0,2.7295889654903627e-07,2.7295889654903627e-07,0.5,1.1987577639751552,/Users/emryspeets/Desktop/gp_mods/hps-gpr-emrys-validation_workflow/study_results/v4p9p13_calibration_20260905/derived/individual_2021_10pct/m072/result.json,256,500,6695.490051934912,eigenfeature_rtol_1e-15,-3.1860636092062236,stress,gp,1.0,0.0,-7.682035664656944,stress,gp,1.0,0.0,True
all_2015_2016_2021,2015 full + 2016 full + 2021 10%,2015+2016+2021,72,135,1.0,6544754116.262615,8.004291009961892e-07,2.1037969047414395e-07,8.004291009961892e-07,2.1037969047414395e-07,0.26283363537421606,0.5,-0.6931471805599453,0.0,0.5,-0.6931471805599453,0.0,-8.12477256464014,-40687.009795860606,5004.662656148964,-6.216736194070334e-06,1.259149205110094e-06,2.2999098284995037e-06,1.259149205110094e-06,2.2999098284995037e-06,0.5474776399958177,0.09999999999980627,True,True,True,False,,,True,completed_point,resolved,bounded_atom,7.209414782192462e-06,7.209414782192462e-06,7.089212870700493e-06,7.089212870700493e-06,7.32961669368443e-06,7.32961669368443e-06,1.0,0.0,8.018627086689273e-07,8.018627086689273e-07,0.5,resolved,bounded_atom,9.131925390777119e-06,9.131925390777119e-06,8.958872798279828e-06,8.958872798279828e-06,9.30497798327441e-06,9.30497798327441e-06,1.0,0.0,2.1037969047414395e-07,2.1037969047414395e-07,0.5,1.2666666666666666,/Users/emryspeets/Desktop/gp_mods/hps-gpr-emrys-validation_workflow/study_results/v4p9p13_calibration_20260905/derived/all_2015_2016_2021/m072/result.json,256,500,9150.806704794892,eigenfeature_rtol_1e-15,-3.49033909388161,stress,gp,1.0,0.0,-8.12477256464014,stress,gp,1.0,0.0,True
individual_2015_full,2015 full,2015,73,68,1.0,79943311.6863416,1.8060263608492097e-05,1.0729047890455434e-05,1.8060263608492097e-05,1.0729047890455434e-05,0.5940692850911955,0.5,-0.6931471805599453,0.0,0.45724518647231416,-0.7825355188910901,0.10737640425374842,0.10737640425374842,53.7224301580682,500.36046275311423,6.720065634614776e-07,1.0307952155790491e-05,2.2671594110236966e-05,1.0307952155790491e-05,2.2671594110236966e-05,0.4546637570198963,0.10000000000028735,False,True,True,False,,,True,completed_point,resolved,bounded_atom,1.9700257961794562e-05,1.9700257961794562e-05,1.8878858462779915e-05,1.8878858462779915e-05,2.052165746080921e-05,2.052165746080921e-05,1.0,0.0,1.806026263904313e-05,1.806026263904313e-05,0.5,resolved,resolved,3.8969909192183785e-05,3.8969909192183785e-05,3.759264362843167e-05,3.759264362843167e-05,4.0347174755935897e-05,4.0347174755935897e-05,0.5051318955487134,0.016079317404666508,1.0729047890455434e-05,1.0729047890455434e-05,0.45724518647231416,1.9781420765027327,/Users/emryspeets/Desktop/gp_mods/hps-gpr-emrys-validation_workflow/study_results/v4p9p13_calibration_20260905/derived/individual_2015_full/m073/result.json,256,500,1101.5721005751784,eigenfeature_rtol_1e-15,-0.6198122674297837,gp,gp,1.0,0.0,0.10737640425374842,gp,stress,0.5051318955487134,-0.6829357045037712,True
individual_2016_full,2016 full,2016,73,54,1.0,2587489365.177783,1.599589239559275e-06,4.788735104957918e-07,1.599589239559275e-06,4.788735104957918e-07,0.2993728006245734,0.5,-0.6931471805599453,0.0,0.5,-0.6931471805599453,0.0,-6.164885652484401,-21525.24627591664,3489.267307445425,-8.318969950408924e-06,2.220715474775278e-06,3.925800905790677e-06,2.220715474775278e-06,3.925800905790677e-06,0.5656719553708529,0.0999999999956599,True,True,True,False,,,True,completed_point,resolved,bounded_atom,2.8505448869445708e-05,2.8505448869445708e-05,2.8312585920805925e-05,2.8312585920805925e-05,2.8698311818085487e-05,2.8698311818085487e-05,1.0,0.0,1.5999805449916946e-06,1.5999805449916946e-06,0.5,resolved,bounded_atom,3.161501988303457e-05,3.161501988303457e-05,3.138023323017691e-05,3.138023323017691e-05,3.1849806535892224e-05,3.1849806535892224e-05,1.0,0.0,4.788735104957918e-07,4.788735104957918e-07,0.5,1.1090868987129663,/Users/emryspeets/Desktop/gp_mods/hps-gpr-emrys-validation_workflow/study_results/v4p9p13_calibration_20260905/refined_v1/attempt1_batch001/individual_2016_full/m073/result.json,,500,6175.233870623214,eigenfeature_rtol_1e-15,-2.826066976393351,stress,gp,1.0,0.0,-6.164885652484401,stress,gp,1.0,0.0,True
individual_2021_10pct,2021 10%,2021,73,16,1.0,3987591890.336484,1.6292719997291636e-06,5.002584671138093e-07,1.6292719997291636e-06,5.002584671138093e-07,0.307044168927575,0.5,-0.6931471805599453,0.0,0.5,-0.6931471805599453,0.0,-3.7704650451183674,-13923.766957364942,3691.43281270011,-3.4917733158971833e-06,1.5238783629508421e-06,2.8444929695902547e-06,1.5238783629508421e-06,2.8444929695902547e-06,0.5357293476349687,0.09999999999989669,False,True,True,False,0.0,-4.440892098500626e-16,True,completed_point,resolved,bounded_atom,3.8097348671199014e-06,3.8097348671199014e-06,3.6918020585399026e-06,3.6918020585399026e-06,3.9276676756999e-06,3.9276676756999e-06,1.0,0.0,1.6299409068250696e-06,1.6299409068250696e-06,0.5,resolved,bounded_atom,5.214743470596745e-06,5.214743470596745e-06,5.066477061990101e-06,5.066477061990101e-06,5.363009879203388e-06,5.363009879203388e-06,1.0,0.0,5.002584671138093e-07,5.002584671138093e-07,0.5,1.3687943262411348,/Users/emryspeets/Desktop/gp_mods/hps-gpr-emrys-validation_workflow/study_results/v4p9p13_calibration_20260905/derived/individual_2021_10pct/m073/result.json,256,500,6895.5088160950745,eigenfeature_rtol_1e-15,-1.6042391243797516,stress,gp,1.0,0.0,-3.7704650451183674,stress,gp,1.0,0.0,True
all_2015_2016_2021,2015 full + 2016 full + 2021 10%,2015+2016+2021,73,138,1.0,6655024567.200608,8.932245805487365e-07,2.550302743038529e-07,8.932245805487365e-07,2.550302743038529e-07,0.28551640859142013,0.5,-0.6931471805599453,0.0,0.5,-0.6931471805599453,0.0,-6.534956051619296,-32961.05002786845,5041.289109399584,-4.952806664353651e-06,1.2471869831555676e-06,2.2915713906220927e-06,1.2471869831555676e-06,2.2915713906220927e-06,0.5442496743760594,0.10000000003669765,True,True,True,False,,,True,completed_point,resolved,bounded_atom,1.135721334157421e-05,1.135721334157421e-05,1.1250772247379558e-05,1.1250772247379558e-05,1.1463654435768862e-05,1.1463654435768862e-05,1.0,0.0,8.939063556365812e-07,8.939063556365812e-07,0.5,resolved,bounded_atom,1.2550128400102162e-05,1.2550128400102162e-05,1.2414982069170253e-05,1.2414982069170253e-05,1.268527473103407e-05,1.268527473103407e-05,1.0,0.0,2.550302743038529e-07,2.550302743038529e-07,0.5,1.105035894162626,/Users/emryspeets/Desktop/gp_mods/hps-gpr-emrys-validation_workflow/study_results/v4p9p13_calibration_20260905/chunked_v1/attempt1_combined/all_2015_2016_2021/m073/result.json,,500,9271.264328508581,eigenfeature_rtol_1e-15,-3.004738294039544,stress,gp,1.0,0.0,-6.534956051619296,stress,gp,1.0,0.0,True
individual_2015_full,2015 full,2015,74,70,1.0,72985890.13558884,2.172967850118017e-05,1.6184328910819207e-05,2.172967850118017e-05,1.6184328910819207e-05,0.7448029619922916,0.5,-0.6931471805599453,0.0,0.13437250723637484,-2.0071394310713493,1.10595727041807,1.10595727041807,528.6491632047807,478.43153671149605,7.243169360854376e-06,1.0785442014229218e-05,2.3741272180429557e-05,1.0785442014229218e-05,2.3741272180429557e-05,0.45429082031753504,0.09999999998207329,False,True,True,False,,,True,completed_point,resolved,bounded_atom,2.468783278418083e-05,2.468783278418083e-05,2.3758496613313994e-05,2.3758496613313994e-05,2.561716895504767e-05,2.561716895504767e-05,1.0,0.0,2.1729871081827263e-05,2.1729871081827263e-05,0.5,resolved,resolved,4.6670149646807606e-05,4.6670149646807606e-05,4.496493180751344e-05,4.496493180751344e-05,4.837536748610176e-05,4.837536748610176e-05,0.31788943124694347,0.011707301769983323,1.6184328910819207e-05,1.6184328910819207e-05,0.13437250723637484,1.8904109589041098,/Users/emryspeets/Desktop/gp_mods/hps-gpr-emrys-validation_workflow/study_results/v4p9p13_calibration_20260905/derived/individual_2015_full/m074/result.json,256,500,1053.1439349900336,eigenfeature_rtol_1e-15,-0.23744764903567583,gp,gp,1.0,0.0,1.10595727041807,gp,stress,0.31788943124694347,-1.1460516571450978,True
individual_2016_full,2016 full,2016,74,54,1.0,2561084501.791276,1.97730358544422e-06,1.1302147855799687e-06,1.97730358544422e-06,1.1302147855799687e-06,0.5715939595214233,0.5,-0.6931471805599453,0.0,0.5,-0.6931471805599453,0.0,-2.012445375796772,-6980.4761095858885,3467.8970084777848,-2.725593827421e-06,2.22815971213048e-06,4.187635069006308e-06,2.22815971213048e-06,4.187635069006308e-06,0.5320806792888007,0.10000000000005979,True,True,True,False,,,True,completed_point,resolved,bounded_atom,4.3562323196090076e-05,4.3562323196090076e-05,4.327839967062464e-05,4.327839967062464e-05,4.384624672155551e-05,4.384624672155551e-05,1.0,0.0,1.9782820701473085e-06,1.9782820701473085e-06,0.5,resolved,bounded_atom,5.138600706283873e-05,5.138600706283873e-05,5.0987135106262595e-05,5.0987135106262595e-05,5.178487901941486e-05,5.178487901941486e-05,1.0,0.0,1.1302147855799687e-06,1.1302147855799687e-06,0.5,1.1795974891314076,/Users/emryspeets/Desktop/gp_mods/hps-gpr-emrys-validation_workflow/study_results/v4p9p13_calibration_20260905/refined_v1/attempt1_batch001/individual_2016_full/m074/result.json,,500,6519.91901490628,eigenfeature_rtol_1e-15,-2.264095113765316,stress,gp,1.0,0.0,-2.012445375796772,stress,gp,1.0,0.0,True
individual_2021_10pct,2021 10%,2021,74,16,1.0,4067654086.757612,2.5771138422343087e-06,8.772559331433131e-07,2.5771138422343087e-06,8.772559331433131e-07,0.3404024761214075,0.4998622584051908,-0.6934227017020281,0.0003452669830012,0.5,-0.6931471805599453,0.0,-1.5421329911547472,-5723.837725611274,3711.0570049852304,-1.4071594101979874e-06,1.5013092968062265e-06,2.794279977784699e-06,1.5013092968062265e-06,2.794279977784699e-06,0.5372794812051948,0.09999999997005957,False,True,True,False,-1.1102230246251565e-16,0.0,True,completed_point,resolved,bounded_atom,5.547366286557372e-06,5.547366286557372e-06,5.426755679872022e-06,5.426755679872022e-06,5.667976893242722e-06,5.667976893242722e-06,1.0,0.0,2.57890443844798e-06,2.57890443844798e-06,0.5,resolved,bounded_atom,5.865875355642006e-06,5.865875355642006e-06,5.7256347300504445e-06,5.7256347300504445e-06,6.006115981233567e-06,6.006115981233567e-06,1.0,0.0,8.772559331433131e-07,8.772559331433131e-07,0.5,1.0574162679425838,/Users/emryspeets/Desktop/gp_mods/hps-gpr-emrys-validation_workflow/study_results/v4p9p13_calibration_20260905/derived/individual_2021_10pct/m074/result.json,256,500,6909.785154834524,eigenfeature_rtol_1e-15,-0.2158578880688802,stress,gp,1.0,0.0,-1.5421329911547472,stress,gp,1.0,0.0,True
all_2015_2016_2021,2015 full + 2016 full + 2021 10%,2015+2016+2021,74,140,1.0,6701724478.684476,1.3894398453086273e-06,5.848643343345034e-07,1.3894398453086273e-06,5.848643343345034e-07,0.42093534046059494,0.5,-0.6931471805599453,0.0,0.5,-0.6931471805599453,0.0,-2.2603489255577536,-11387.410954209097,5037.029317849638,-1.6991762329871855e-06,1.2367690159645208e-06,2.313238329385396e-06,1.2367690159645208e-06,2.313238329385396e-06,0.5346483327090286,0.09999999999996348,True,True,True,False,,,True,completed_point,resolved,bounded_atom,1.6461708845524324e-05,1.6461708845524324e-05,1.6327640951364383e-05,1.6327640951364383e-05,1.659577673968427e-05,1.659577673968427e-05,1.0,0.0,1.3904648261871534e-06,1.3904648261871534e-06,0.5,resolved,bounded_atom,1.8921923644629734e-05,1.8921923644629734e-05,1.8854865160307747e-05,1.8854865160307747e-05,1.8988982128951718e-05,1.8988982128951718e-05,1.0,0.0,5.848643343345034e-07,5.848643343345034e-07,0.5,1.1494507540008096,/Users/emryspeets/Desktop/gp_mods/hps-gpr-emrys-validation_workflow/study_results/v4p9p13_calibration_20260905/scalar_reference_recovery_v1/attempt2_m074_finalized/all_2015_2016_2021/m074/result.json,,500,9424.60361714366,eigenfeature_rtol_1e-15,-1.452419347117753,stress,gp,1.0,0.0,-2.2603489255577536,stress,gp,1.0,0.0,True
individual_2015_full,2015 full,2015,75,70,1.0,66366288.14016959,2.2157460566905165e-05,3.842215244552867e-06,2.2157460566905165e-05,3.842215244552867e-06,0.1734050358772466,0.4999878252477924,-0.6931715303608147,3.0517578125e-05,0.5,-0.6931471805599453,0.0,-3.62947269589542,-1657.360515986013,455.2291788867536,-2.4972927708199802e-05,1.1362653888116914e-05,2.4768148865625567e-05,1.1362653888116914e-05,2.4768148865625567e-05,0.4587607232887135,0.10000000009478967,False,True,True,False,,,True,completed_point,resolved,bounded_atom,2.3167815786234545e-05,2.3167815786234545e-05,2.228620582045009e-05,2.228620582045009e-05,2.4049425752019e-05,2.4049425752019e-05,1.0,0.0,2.2157344727014134e-05,2.2157344727014134e-05,0.5,resolved,bounded_atom,2.410864079278214e-05,2.410864079278214e-05,2.2904549214374645e-05,2.2904549214374645e-05,2.5312732371189634e-05,2.5312732371189634e-05,1.0,0.0,3.842215244552867e-06,3.842215244552867e-06,0.5,1.0406091370558377,/Users/emryspeets/Desktop/gp_mods/hps-gpr-emrys-validation_workflow/study_results/v4p9p13_calibration_20260905/derived/individual_2015_full/m075/result.json,256,500,999.0250155842349,eigenfeature_rtol_1e-15,-0.2955844302018546,stress,gp,1.0,0.0,-3.62947269589542,gp,gp,1.0,0.0,True
individual_2016_full,2016 full,2016,75,56,1.0,2544589655.113146,1.809513266989474e-06,8.276680676795677e-07,1.809513266989474e-06,8.276680676795677e-07,0.4573981759506946,0.5,-0.6931471805599453,0.0,0.5,-0.6931471805599453,0.0,-3.232867992462212,-11192.386802305233,3460.842269395392,-4.398503617200141e-06,2.238566155594046e-06,4.1919037373206985e-06,2.238566155594046e-06,4.1919037373206985e-06,0.5340213649621759,0.09999999999997289,True,True,True,False,,,True,completed_point,resolved,bounded_atom,4.190382007068292e-05,4.190382007068292e-05,4.164710000275942e-05,4.164710000275942e-05,4.216054013860642e-05,4.216054013860642e-05,1.0,0.0,1.8103613642048614e-06,1.8103613642048614e-06,0.5,resolved,bounded_atom,4.297640604959086e-05,4.297640604959086e-05,4.285492032614398e-05,4.285492032614398e-05,4.3097891773037736e-05,4.3097891773037736e-05,1.0,0.0,8.276680676795677e-07,8.276680676795677e-07,0.5,1.0255963770629675,/Users/emryspeets/Desktop/gp_mods/hps-gpr-emrys-validation_workflow/study_results/v4p9p13_calibration_20260905/chunked_v1/attempt1_2016_m075/individual_2016_full/m075/result.json,,500,6484.530540797017,exact_cached_cholesky,-2.5988059003768615,stress,gp,1.0,0.0,-3.232867992462212,stress,gp,1.0,0.0,True
individual_2021_10pct,2021 10%,2021,75,16,1.0,4136635594.461861,3.859457532033964e-06,1.6598690322086163e-06,3.859457532033964e-06,1.6598690322086163e-06,0.43007832536865676,0.1758259503099344,-1.738260691940244,0.931389924872462,0.38028136704560445,-0.9668438606581661,0.30474190106296434,0.30474190106296434,1135.0488349595103,3724.737938436148,2.7438937006661083e-07,1.4812874412687856e-06,2.737125320587013e-06,1.4812874412687856e-06,2.737125320587013e-06,0.5411836389541359,0.1000000000000562,False,True,True,False,2.220446049250313e-16,5.551115123125783e-17,True,completed_point,resolved,resolved,6.525876808962028e-06,6.525876808962028e-06,6.4058972158782365e-06,6.4058972158782365e-06,6.6458564020458205e-06,6.6458564020458205e-06,0.19330897432271613,0.007319333918022858,3.860904686682339e-06,3.860904686682339e-06,0.17590481695536603,resolved,resolved,6.733872882554444e-06,6.733872882554444e-06,6.585871149539356e-06,6.585871149539356e-06,6.881874615569532e-06,6.881874615569532e-06,0.47358840320717954,0.01274496695263242,1.6598690322086163e-06,1.6598690322086163e-06,0.38028136704560445,1.0318725099601593,/Users/emryspeets/Desktop/gp_mods/hps-gpr-emrys-validation_workflow/study_results/v4p9p13_calibration_20260905/derived/individual_2021_10pct/m075/result.json,256,500,6883.231692245549,eigenfeature_rtol_1e-15,0.9310849289218097,stress,gp,0.19330897432271613,-1.6434654669303066,0.30474190106296434,stress,gp,0.47358840320717954,-0.7474166821834667,True
all_2015_2016_2021,2015 full + 2016 full + 2021 10%,2015+2016+2021,75,142,1.0,6747591537.715178,1.7936324476854336e-06,6.411204191150026e-07,1.7936324476854336e-06,6.411204191150026e-07,0.3574424737589504,0.5,-0.6931471805599453,0.0,0.5,-0.6931471805599453,0.0,-1.9130697031191561,-9634.920834171717,5035.629411555331,-1.427905168876631e-06,1.2280148561727977e-06,2.282041156735157e-06,1.2280148561727977e-06,2.282041156735157e-06,0.5381212571685952,0.10000000000014804,True,True,True,False,,,True,completed_point,resolved,bounded_atom,1.638782251842708e-05,1.638782251842708e-05,1.6195588588346664e-05,1.6195588588346664e-05,1.6580056448507497e-05,1.6580056448507497e-05,1.0,0.0,1.7888044063153131e-06,1.7888044063153131e-06,0.5,resolved,bounded_atom,1.638782251842708e-05,1.638782251842708e-05,1.6184477791332055e-05,1.6184477791332055e-05,1.6591167245522103e-05,1.6591167245522103e-05,1.0,0.0,6.411204191150026e-07,6.411204191150026e-07,0.5,1.0,/Users/emryspeets/Desktop/gp_mods/hps-gpr-emrys-validation_workflow/study_results/v4p9p13_calibration_20260905/derived/all_2015_2016_2021/m075/result.json,256,500,9361.128681220469,eigenfeature_rtol_1e-15,-0.665900785269954,stress,gp,1.0,0.0,-1.9130697031191561,stress,gp,1.0,0.0,True
individual_2015_full,2015 full,2015,76,72,1.0,60655727.408402726,2.3038664525082577e-05,2.6439754142367258e-06,2.3038664525082577e-05,2.6439754142367258e-06,0.11476252937136117,0.5,-0.6931471805599453,0.0,0.5,-0.6931471805599453,0.0,-5.9806543577198905,-2616.949593460554,435.24072695377777,-4.314431143229557e-05,1.1929725030831947e-05,2.6135190737580406e-05,1.1929725030831947e-05,2.6135190737580406e-05,0.4564621376065916,0.0999999999267774,False,True,True,False,,,True,completed_point,resolved,bounded_atom,2.469459902878234e-05,2.469459902878234e-05,2.3782986277020375e-05,2.3782986277020375e-05,2.56062117805443e-05,2.56062117805443e-05,1.0,0.0,2.3038716148258837e-05,2.3038716148258837e-05,0.5,resolved,bounded_atom,1.873811283088509e-05,1.873811283088509e-05,1.7431857080301163e-05,1.7431857080301163e-05,2.0044368581469016e-05,2.0044368581469016e-05,1.0,0.0,2.6439754142367258e-06,2.6439754142367258e-06,0.5,0.7587939698492462,/Users/emryspeets/Desktop/gp_mods/hps-gpr-emrys-validation_workflow/study_results/v4p9p13_calibration_20260905/derived/individual_2015_full/m076/result.json,256,500,963.453341684183,eigenfeature_rtol_1e-15,-0.33396280547522983,stress,gp,1.0,0.0,-5.9806543577198905,stress,gp,1.0,0.0,True
individual_2016_full,2016 full,2016,76,56,1.0,2511986539.4436593,1.8681974830806056e-06,7.346056800805603e-07,1.8681974830806056e-06,7.346056800805603e-07,0.39321628828512073,0.5,-0.6931471805599453,0.0,0.5,-0.6931471805599453,0.0,-3.7986335842985106,-13053.189779525963,3434.855311268076,-5.196361355669091e-06,2.250943761389169e-06,4.172822732029013e-06,2.250943761389169e-06,4.172822732029013e-06,0.5394295195220667,0.09999999999997697,True,True,True,False,,,True,completed_point,resolved,bounded_atom,3.4869048539118784e-05,3.4869048539118784e-05,3.458118566448268e-05,3.458118566448268e-05,3.515691141375489e-05,3.515691141375489e-05,1.0,0.0,1.8689916024636051e-06,1.8689916024636051e-06,0.5,resolved,bounded_atom,3.397077036169237e-05,3.397077036169237e-05,3.3656563619331285e-05,3.3656563619331285e-05,3.4284977104053456e-05,3.4284977104053456e-05,1.0,0.0,7.346056800805603e-07,7.346056800805603e-07,0.5,0.9742385234165865,/Users/emryspeets/Desktop/gp_mods/hps-gpr-emrys-validation_workflow/study_results/v4p9p13_calibration_20260905/refined_v1/attempt1_batch001/individual_2016_full/m076/result.json,,500,6372.295101373125,eigenfeature_rtol_1e-15,-2.4598906679609076,stress,gp,1.0,0.0,-3.7986335842985106,stress,gp,1.0,0.0,True
individual_2021_10pct,2021 10%,2021,76,16,1.0,4206202626.897277,5.055248666067921e-06,4.171944849510716e-06,5.055248666067921e-06,4.171944849510716e-06,0.8252699570475814,0.0352920287863228,-3.3440981539611925,1.80814421898352,0.00032458836631361833,-8.032952743595006,3.4101898491024865,3.4101898491024865,12752.641551695486,3740.8504223333757,3.031865719009007e-06,1.4623575824922092e-06,2.6732445471961686e-06,1.4623575824922092e-06,2.6732445471961686e-06,0.5470347200468443,0.09999999999988998,False,True,True,False,2.220446049250313e-16,0.0,True,completed_point,resolved,resolved,6.627489188484355e-06,6.627489188484355e-06,6.510034801527612e-06,6.510034801527612e-06,6.744943575441098e-06,6.744943575441098e-06,0.04785516608722726,0.0021534565758702753,5.05552679955717e-06,5.05552679955717e-06,0.0352922350247992,resolved,resolved,8.176442600352347e-06,8.176442600352347e-06,8.01485629281533e-06,8.01485629281533e-06,8.338028907889363e-06,8.338028907889363e-06,0.07751092811712967,0.0036056851604405298,4.171944849510716e-06,4.171944849510716e-06,0.00032458836631361833,1.2337164750957854,/Users/emryspeets/Desktop/gp_mods/hps-gpr-emrys-validation_workflow/study_results/v4p9p13_calibration_20260905/derived/individual_2021_10pct/m076/result.json,256,500,6835.632167806577,eigenfeature_rtol_1e-15,1.8081415680634723,stress,gp,0.04785516608722726,-3.0395762027055127,3.4101898491024865,stress,gp,0.07751092811712967,-2.5573363446005604,True
all_2015_2016_2021,2015 full + 2016 full + 2021 10%,2015+2016+2021,76,144,1.0,6778844893.749339,2.3843112385204307e-06,1.3023451897889148e-06,2.3843112385204307e-06,1.3023451897889148e-06,0.5462144240015733,0.4341895495474167,-0.8342740901200453,0.1657177215722658,0.4303520916873128,-0.843151587465532,0.17547783790646654,0.17547783790646654,881.9659554798413,5026.149389103967,1.3010564031242072e-07,1.219795147395639e-06,2.2426136962307615e-06,1.219795147395639e-06,2.2426136962307615e-06,0.5439167474299256,0.10000000000006588,True,True,True,False,,,True,completed_point,resolved,resolved,1.4272651735211136e-05,1.4272651735211136e-05,1.4197915932277231e-05,1.4197915932277231e-05,1.434738753814504e-05,1.434738753814504e-05,0.41814805842516395,0.011876818140088617,2.3856676009834998e-06,2.3856676009834998e-06,0.43424821155712423,resolved,resolved,1.4357861596316875e-05,1.4357861596316875e-05,1.4274815224194719e-05,1.4274815224194719e-05,1.444090796843903e-05,1.444090796843903e-05,0.44915026292417165,0.012629135579596664,1.3023451897889148e-06,1.3023451897889148e-06,0.4303520916873128,1.0059701492537314,/Users/emryspeets/Desktop/gp_mods/hps-gpr-emrys-validation_workflow/study_results/v4p9p13_calibration_20260905/chunked_v1/attempt1_combined/all_2015_2016_2021/m076/result.json,,500,9241.990909659573,eigenfeature_rtol_1e-15,0.16556864654922737,stress,gp,0.41814805842516395,-0.87191970241502,0.17547783790646654,stress,gp,0.44915026292417165,-0.8003977859254349,True
individual_2015_full,2015 full,2015,77,72,1.0,55244126.46997572,2.170891795673728e-05,2.2192860425649003e-06,2.170891795673728e-05,2.2192860425649003e-06,0.10222923348771297,0.499991391150154,-0.6931643984078634,2.1579186437577742e-05,0.5,-0.6931471805599453,0.0,-7.632844237787397,-3188.640034646321,414.78322034577445,-5.771907781688421e-05,1.2516952412099733e-05,2.7535741613604565e-05,1.2516952412099733e-05,2.7535741613604565e-05,0.4545711020877495,0.10000000000013347,False,True,True,False,,,True,completed_point,resolved,bounded_atom,2.3294457860547298e-05,2.3294457860547298e-05,2.2740260472808926e-05,2.2740260472808926e-05,2.3848655248285666e-05,2.3848655248285666e-05,1.0,0.0,2.170915834942075e-05,2.170915834942075e-05,0.5,resolved,bounded_atom,1.799125584300974e-05,1.799125584300974e-05,1.7247698814482788e-05,1.7247698814482788e-05,1.8734812871536684e-05,1.8734812871536684e-05,1.0,0.0,2.2192860425649003e-06,2.2192860425649003e-06,0.5,0.7723406121196177,/Users/emryspeets/Desktop/gp_mods/hps-gpr-emrys-validation_workflow/study_results/v4p9p13_calibration_20260905/refined_v1/attempt1_batch002/individual_2015_full/m077/result.json,,500,924.5055817058227,eigenfeature_rtol_1e-15,-0.6413423191927079,stress,gp,1.0,0.0,-7.632844237787397,stress,gp,1.0,0.0,True
individual_2016_full,2016 full,2016,77,56,1.0,2476107612.392164,1.9059043111592885e-06,5.691813142593635e-07,1.9059043111592885e-06,5.691813142593635e-07,0.2986410760113934,0.4999026019832914,-0.6933419955685739,0.000244140625,0.5,-0.6931471805599453,0.0,-5.191084300215372,-17693.598123419877,3406.5072630751692,-7.145730676190651e-06,2.2654361592176162e-06,4.0615598700491725e-06,2.2654361592176162e-06,4.0615598700491725e-06,0.557774902180671,0.10000000000004253,True,True,True,False,,,True,completed_point,resolved,bounded_atom,2.2877793715472675e-05,2.2877793715472675e-05,2.270490713988313e-05,2.270490713988313e-05,2.305068029106222e-05,2.305068029106222e-05,1.0,0.0,1.9065082500923528e-06,1.9065082500923528e-06,0.5,resolved,bounded_atom,2.2183358155812456e-05,2.2183358155812456e-05,2.1995215191288093e-05,2.1995215191288093e-05,2.2371501120336823e-05,2.2371501120336823e-05,1.0,0.0,5.691813142593635e-07,5.691813142593635e-07,0.5,0.9696458684654299,/Users/emryspeets/Desktop/gp_mods/hps-gpr-emrys-validation_workflow/study_results/v4p9p13_calibration_20260905/refined_v1/attempt1_batch001/individual_2016_full/m077/result.json,,500,6113.767735432796,eigenfeature_rtol_1e-15,-2.286068598175568,stress,gp,1.0,0.0,-5.191084300215372,stress,gp,1.0,0.0,True
individual_2021_10pct,2021 10%,2021,77,17,1.0,4300366428.875093,6.189369852428778e-06,8.485567853228702e-06,6.189369852428778e-06,8.485567853228702e-06,1.370990594446197,0.0047374170030692,-5.352263227868107,2.594428421826911,2.7016837185244134e-17,-38.15007140279235,8.377565547109654,8.377565547109654,31645.43634094666,3780.568536016582,7.3587767145751334e-06,1.4443210596905912e-06,2.6234279814406336e-06,1.4443210596905912e-06,2.6234279814406336e-06,0.5505472495941949,0.10000000000000282,False,True,True,False,-2.220446049250313e-16,0.0,True,completed_point,resolved,resolved,6.658939587233327e-06,6.658939587233327e-06,6.585936961207483e-06,6.585936961207483e-06,6.731942213259171e-06,6.731942213259171e-06,0.0078005611229214206,0.0005168747170480413,6.189527886961477e-06,6.189527886961477e-06,0.004737331998479015,limited_mc,resolved,1.1990636716257501e-05,1.1990636716257501e-05,1.1864006541372743e-05,1.1864006541372743e-05,1.211726689114226e-05,1.211726689114226e-05,0.0001601910353184765,1.3749748176227405e-05,8.485567853228702e-06,8.485567853228702e-06,2.7016837185244134e-17,1.8006826100729654,/Users/emryspeets/Desktop/gp_mods/hps-gpr-emrys-validation_workflow/study_results/v4p9p13_calibration_20260905/refined_v1/attempt1_batch002/individual_2021_10pct/m077/result.json,,500,6858.432568395862,eigenfeature_rtol_1e-15,2.5944345901433095,stress,gp,0.0078005611229214206,-4.853559609037985,8.377565547109654,stress,gp,0.0001601910353184765,-8.73914348420618,True
all_2015_2016_2021,2015 full + 2016 full + 2021 10%,2015+2016+2021,77,145,1.0,6831718167.737233,3.04474704411804e-06,3.535936016908802e-06,3.04474704411804e-06,3.535936016908802e-06,1.1613234090298765,0.1881234839691591,-1.6706567021471663,0.8848325186192947,0.00021841635248034337,-8.429107442902195,3.516769647984688,3.516769647984688,17702.509170168087,5035.102786985909,2.5912235744396084e-06,1.2120735984384464e-06,2.1966408337327907e-06,1.2120735984384464e-06,2.1966408337327907e-06,0.5517850619114406,0.10000000000006962,True,True,True,False,,,True,completed_point,resolved,resolved,1.0536216823320935e-05,1.0536216823320935e-05,1.04361901147323e-05,1.04361901147323e-05,1.0636243531909571e-05,1.0636243531909571e-05,0.19610662373951623,0.006875313241735744,3.0462801774418322e-06,3.0462801774418322e-06,0.18854098230276223,resolved,resolved,1.344344579059596e-05,1.344344579059596e-05,1.3342399868534e-05,1.3342399868534e-05,1.354449171265792e-05,1.354449171265792e-05,0.05749389126037096,0.0028611158337204378,3.535936016908802e-06,3.535936016908802e-06,0.00021841635248034337,1.2759272152448633,/Users/emryspeets/Desktop/gp_mods/hps-gpr-emrys-validation_workflow/study_results/v4p9p13_calibration_20260905/chunked_resource8_v1/attempt2_m077/all_2015_2016_2021/m077/result.json,,500,9123.139692487794,eigenfeature_rtol_1e-15,0.8832856323477757,stress,gp,0.19610662373951623,-1.6290967689942548,3.516769647984688,stress,gp,0.05749389126037096,-2.8560765757726596,True
individual_2015_full,2015 full,2015,78,74,1.0,50646139.456370555,2.0461441937903383e-05,2.1802408917522547e-06,2.0461441937903383e-05,2.1802408917522547e-06,0.10655362893626337,0.499991391150154,-0.6931643984078634,2.1579186437577742e-05,0.5,-0.6931471805599453,0.0,-8.156663343909848,-3263.35566359225,396.9039416359969,-6.443444058363992e-05,1.3080354706712151e-05,2.9020283352529933e-05,1.3080354706712151e-05,2.9020283352529933e-05,0.4507314607447425,0.10000000010292023,False,True,True,False,,,True,completed_point,resolved,bounded_atom,2.1632995439200943e-05,2.1632995439200943e-05,2.0641710359035657e-05,2.0641710359035657e-05,2.262428051936623e-05,2.262428051936623e-05,1.0,0.0,2.046152837604287e-05,2.046152837604287e-05,0.5,resolved,bounded_atom,1.8601620282115463e-05,1.8601620282115463e-05,1.7157612499246108e-05,1.7157612499246108e-05,2.0045628064984818e-05,2.0045628064984818e-05,1.0,0.0,2.1802408917522547e-06,2.1802408917522547e-06,0.5,0.8598726114649683,/Users/emryspeets/Desktop/gp_mods/hps-gpr-emrys-validation_workflow/study_results/v4p9p13_calibration_20260905/derived/individual_2015_full/m078/result.json,256,500,893.2506120746389,eigenfeature_rtol_1e-15,-0.9591846656827043,stress,gp,1.0,0.0,-8.156663343909848,stress,gp,1.0,0.0,True
individual_2016_full,2016 full,2016,78,58,1.0,2450389559.509656,2.4404528716312543e-06,5.719523665651092e-07,2.4404528716312543e-06,5.719523665651092e-07,0.23436320906406327,0.5,-0.6931471805599453,0.0,0.5,-0.6931471805599453,0.0,-5.200467706470108,-17654.566286294375,3392.8432185718366,-7.204799831838659e-06,2.2801638843228954e-06,4.093159292597946e-06,2.2801638843228954e-06,4.093159292597946e-06,0.557066979642433,0.10000000000001126,True,True,True,False,,,True,completed_point,resolved,bounded_atom,1.0497578358714353e-05,1.0497578358714353e-05,1.0267303287572994e-05,1.0267303287572994e-05,1.0727853429855713e-05,1.0727853429855713e-05,1.0,0.0,2.4412617157205883e-06,2.4412617157205883e-06,0.5,resolved,bounded_atom,1.54742080991419e-05,1.54742080991419e-05,1.516984725066834e-05,1.516984725066834e-05,1.5778568947615458e-05,1.5778568947615458e-05,1.0,0.0,5.719523665651092e-07,5.719523665651092e-07,0.5,1.4740740740740743,/Users/emryspeets/Desktop/gp_mods/hps-gpr-emrys-validation_workflow/study_results/v4p9p13_calibration_20260905/chunked_v1/attempt1_remaining_2016_batch002/individual_2016_full/m078/result.json,,500,6097.340778744453,eigenfeature_rtol_1e-15,-1.4760737446070722,stress,gp,1.0,0.0,-5.200467706470108,stress,gp,1.0,0.0,True
individual_2021_10pct,2021 10%,2021,78,16,1.0,4316710550.978365,6.325972345129411e-06,7.684493487492786e-06,6.325972345129411e-06,7.684493487492786e-06,1.2147529372949832,0.0024748462183818,-6.001577018879012,2.8102897012100323,2.1365776322739718e-14,-31.47698599028295,7.5523982300199,7.5523982300199,28355.839840403256,3757.381175002151,6.568853645741089e-06,1.430188480611997e-06,2.543296407572321e-06,1.430188480611997e-06,2.543296407572321e-06,0.5623365315791758,0.09999999999985476,False,True,True,False,0.0,0.0,True,completed_point,resolved,resolved,5.967088710963894e-06,5.967088710963894e-06,5.847516324187021e-06,5.847516324187021e-06,6.086661097740767e-06,6.086661097740767e-06,0.010296000911249981,0.0006407602391679834,6.329902772051056e-06,6.329902772051056e-06,0.0024875240153304193,resolved,resolved,9.228452986187076e-06,9.228452986187076e-06,9.06427599356054e-06,9.06427599356054e-06,9.39262997881361e-06,9.39262997881361e-06,0.00039408234676793606,3.1871769611802096e-05,7.684493487492786e-06,7.684493487492786e-06,2.1365776322739718e-14,1.5465587044534415,/Users/emryspeets/Desktop/gp_mods/hps-gpr-emrys-validation_workflow/study_results/v4p9p13_calibration_20260905/derived/individual_2021_10pct/m078/result.json,256,500,6674.1881256010965,eigenfeature_rtol_1e-15,2.8086449518656287,gp,stress,0.010296000911249981,-4.575999720183073,7.5523982300199,stress,gp,0.00039408234676793606,-7.838950668555128,True
all_2015_2016_2021,2015 full + 2016 full + 2021 10%,2015+2016+2021,78,148,1.0,6817746249.944392,3.730359567878903e-06,3.045201074656269e-06,3.730359567878903e-06,3.045201074656269e-06,0.8163291015905424,0.0630995221926668,-2.7630420816876193,1.5292638626530466,0.00205587588815246,-6.187053298895901,2.8694585831292048,2.8694585831292048,14346.203638604102,5000.727955153553,2.1042442931520244e-06,1.2063510682079167e-06,2.15425028691083e-06,1.2063510682079167e-06,2.15425028691083e-06,0.5599864953193578,0.0999999999996607,True,True,True,False,,,True,completed_point,resolved,resolved,6.261693213884367e-06,6.261693213884367e-06,6.142690475209127e-06,6.142690475209127e-06,6.380695952559608e-06,6.380695952559608e-06,0.08571172460655509,0.003642225710992466,3.7304257877626256e-06,3.7304257877626256e-06,0.06307805420232834,resolved,resolved,9.699485566605197e-06,9.699485566605197e-06,9.522609370317328e-06,9.522609370317328e-06,9.876361762893062e-06,9.876361762893062e-06,0.12301133975654795,0.005210294243468617,3.045201074656269e-06,3.045201074656269e-06,0.00205587588815246,1.5490196078431373,/Users/emryspeets/Desktop/gp_mods/hps-gpr-emrys-validation_workflow/study_results/v4p9p13_calibration_20260905/derived/all_2015_2016_2021/m078/result.json,256,500,8928.760350799977,eigenfeature_rtol_1e-15,1.5294371511854001,stress,gp,0.08571172460655509,-2.4567656528578983,2.8694585831292048,stress,gp,0.12301133975654795,-2.09547873471658,True
individual_2015_full,2015 full,2015,79,74,1.0,46222405.9411528,1.907848650283686e-05,2.1725409529776953e-06,1.907848650283686e-05,2.1725409529776953e-06,0.11387386272253049,0.5,-0.6931471805599453,0.0,0.5,-0.6931471805599453,0.0,-8.59144719930033,-3280.456466393559,378.47887231206215,-7.097113184826448e-05,1.3683363840551787e-05,3.0380780141034395e-05,1.3683363840551787e-05,3.0380780141034395e-05,0.45039540713011794,0.09999999963317759,False,True,True,False,,,True,completed_point,resolved,bounded_atom,1.9761789419024215e-05,1.9761789419024215e-05,1.8685505727097252e-05,1.8685505727097252e-05,2.0838073110951178e-05,2.0838073110951178e-05,1.0,0.0,1.907872712501898e-05,1.907872712501898e-05,0.5,resolved,bounded_atom,1.6948979976170404e-05,1.6948979976170404e-05,1.5736526480681886e-05,1.5736526480681886e-05,1.8161433471658925e-05,1.8161433471658925e-05,1.0,0.0,2.1725409529776953e-06,2.1725409529776953e-06,0.5,0.8576642335766423,/Users/emryspeets/Desktop/gp_mods/hps-gpr-emrys-validation_workflow/study_results/v4p9p13_calibration_20260905/derived/individual_2015_full/m079/result.json,256,500,853.4306126946248,eigenfeature_rtol_1e-15,-1.3038071165559115,stress,gp,1.0,0.0,-8.59144719930033,stress,gp,1.0,0.0,True
individual_2016_full,2016 full,2016,79,58,1.0,2409489354.602625,3.440684910447054e-06,7.100537878515521e-07,3.440684910447054e-06,7.100537878515521e-07,0.20636989620746576,0.5,-0.6931471805599453,0.0,0.5,-0.6931471805599453,0.0,-4.062050576755218,-13659.937804941275,3361.289149696799,-5.669225215229923e-06,2.2968835464735077e-06,4.248181360185046e-06,2.2968835464735077e-06,4.248181360185046e-06,0.5406745502911998,0.09999999999949132,True,True,True,False,,,True,completed_point,resolved,bounded_atom,3.450143230378503e-06,3.450143230378503e-06,3.315244614067507e-06,3.315244614067507e-06,3.5850418466895004e-06,3.5850418466895004e-06,1.0,0.0,3.4426618940716917e-06,3.4426618940716917e-06,0.5,resolved,bounded_atom,6.496760936736129e-06,6.496760936736129e-06,6.259981047326416e-06,6.259981047326416e-06,6.733540826145843e-06,6.733540826145843e-06,1.0,0.0,7.100537878515521e-07,7.100537878515521e-07,0.5,1.8830409356725148,/Users/emryspeets/Desktop/gp_mods/hps-gpr-emrys-validation_workflow/study_results/v4p9p13_calibration_20260905/derived/individual_2016_full/m079/result.json,256,500,6222.658908408002,eigenfeature_rtol_1e-15,-0.5721235321699389,gp,gp,1.0,0.0,-4.062050576755218,stress,gp,1.0,0.0,True
individual_2021_10pct,2021 10%,2021,79,16,1.0,4363401665.553101,5.944902153866691e-06,6.146148433154962e-06,5.944902153866691e-06,6.146148433154962e-06,1.0338519077487889,0.0044329799692514,-5.41868324178312,2.6171799047559157,2.442211844351554e-09,-19.83036171467178,5.8510625862799035,5.8510625862799035,21996.76128407874,3761.641110168972,5.041195601526282e-06,1.4168877337988065e-06,2.505371521145805e-06,1.4168877337988065e-06,2.505371521145805e-06,0.5655399695574124,0.09999999999982305,False,True,True,False,-1.1102230246251565e-16,0.0,True,completed_point,resolved,resolved,5.544933269139695e-06,5.544933269139695e-06,5.44488292559962e-06,5.44488292559962e-06,5.644983612679769e-06,5.644983612679769e-06,0.06723547834018537,0.0028500551393481014,5.9449422501514954e-06,5.9449422501514954e-06,0.004432975180407787,resolved,resolved,6.901419090345543e-06,6.901419090345543e-06,6.748020635426203e-06,6.748020635426203e-06,7.054817545264883e-06,7.054817545264883e-06,0.04721743590173352,0.002167520155617995,6.146148433154962e-06,6.146148433154962e-06,2.442211844351554e-09,1.2446351931330473,/Users/emryspeets/Desktop/gp_mods/hps-gpr-emrys-validation_workflow/study_results/v4p9p13_calibration_20260905/derived/individual_2021_10pct/m079/result.json,256,500,6645.774025598611,eigenfeature_rtol_1e-15,2.6171802734780463,gp,stress,0.06723547834018537,-2.699554219279535,5.8510625862799035,gp,stress,0.04721743590173352,-3.0529920499060004,True
all_2015_2016_2021,2015 full + 2016 full + 2021 10%,2015+2016+2021,79,148,1.0,6819113426.096878,4.141859912728571e-06,2.465598365559746e-06,4.141859912728571e-06,2.465598365559746e-06,0.5952877252034972,0.0311304781958761,-3.469567933391345,1.864432756819003,0.01857181927608967,-3.9861099398598725,2.0841817455705693,2.0841817455705693,10377.388768532219,4979.923078553361,1.521809085740934e-06,1.2011815180637444e-06,2.152578437619158e-06,1.2011815180637444e-06,2.152578437619158e-06,0.5580198598441326,0.0999999999998021,True,True,True,False,,,True,completed_point,resolved,resolved,3.823618350666644e-06,3.823618350666644e-06,3.7392684202139505e-06,3.7392684202139505e-06,3.907968281119337e-06,3.907968281119337e-06,0.6353943674124342,0.015168402145718853,4.142274505675511e-06,4.142274505675511e-06,0.031077030256543993,resolved,resolved,4.191667175864503e-06,4.191667175864503e-06,4.076928662056551e-06,4.076928662056551e-06,4.306405689672454e-06,4.306405689672454e-06,0.2697217162226715,0.009113734009228712,2.465598365559746e-06,2.465598365559746e-06,0.01857181927608967,1.0962566844919788,/Users/emryspeets/Desktop/gp_mods/hps-gpr-emrys-validation_workflow/study_results/v4p9p13_calibration_20260905/derived/all_2015_2016_2021/m079/result.json,256,500,8923.614881300984,eigenfeature_rtol_1e-15,1.8651951116169123,gp,stress,0.6353943674124342,-0.45350942181863096,2.0841817455705693,stress,gp,0.2697217162226715,-1.31036453215709,True
individual_2015_full,2015 full,2015,80,74,1.0,42254306.28966676,1.7796144002855142e-05,2.431638272076479e-06,1.7796144002855142e-05,2.431638272076479e-06,0.1366384915567303,0.5,-0.6931471805599453,0.0,0.5,-0.6931471805599453,0.0,-7.973830717977334,-2904.192270516829,361.1093355612149,-6.873127322473748e-05,1.4273018166534256e-05,3.169994927942179e-05,1.4273018166534256e-05,3.169994927942179e-05,0.4502536594214575,0.10000000003076034,False,True,True,False,,,True,completed_point,resolved,bounded_atom,1.828656989147637e-05,1.828656989147637e-05,1.7371200573980422e-05,1.7371200573980422e-05,1.9201939208972318e-05,1.9201939208972318e-05,1.0,0.0,1.779617854917377e-05,1.779617854917377e-05,0.5,resolved,bounded_atom,1.918961037994434e-05,1.918961037994434e-05,1.7828754091142943e-05,1.7828754091142943e-05,2.0550466668745735e-05,2.0550466668745735e-05,1.0,0.0,2.431638272076479e-06,2.431638272076479e-06,0.5,1.0493827160493827,/Users/emryspeets/Desktop/gp_mods/hps-gpr-emrys-validation_workflow/study_results/v4p9p13_calibration_20260905/derived/individual_2015_full/m080/result.json,256,500,814.0234536895113,eigenfeature_rtol_1e-15,-1.6584509942256105,stress,gp,1.0,0.0,-7.973830717977334,stress,gp,1.0,0.0,True
individual_2016_full,2016 full,2016,80,58,1.0,2366590909.6663113,4.094942570756306e-06,7.687265267612424e-07,4.094942570756306e-06,7.687265267612424e-07,0.18772583826963518,0.5,-0.6931471805599453,0.0,0.5,-0.6931471805599453,0.0,-3.715936068516546,-12370.308247971929,3327.591584484016,-5.227058127133658e-06,2.31494170350361e-06,4.337652469592772e-06,2.31494170350361e-06,4.337652469592772e-06,0.5336853792994029,0.10000000000004998,True,True,True,False,,,True,completed_point,resolved,bounded_atom,4.0172386976834645e-06,4.0172386976834645e-06,3.867947739809359e-06,3.867947739809359e-06,4.16652965555757e-06,4.16652965555757e-06,1.0,0.0,4.099357676204348e-06,4.099357676204348e-06,0.5,resolved,bounded_atom,2.945975044967874e-06,2.945975044967874e-06,2.7790149071722907e-06,2.7790149071722907e-06,3.1129351827634573e-06,3.1129351827634573e-06,1.0,0.0,7.687265267612424e-07,7.687265267612424e-07,0.5,0.7333333333333334,/Users/emryspeets/Desktop/gp_mods/hps-gpr-emrys-validation_workflow/study_results/v4p9p13_calibration_20260905/chunked_v1/attempt1_remaining_2016_batch001/individual_2016_full/m080/result.json,,500,6240.597716609587,eigenfeature_rtol_1e-15,-0.1514493214122988,gp,gp,1.0,0.0,-3.715936068516546,gp,gp,1.0,0.0,True
individual_2021_10pct,2021 10%,2021,80,17,1.0,4443452290.971718,5.221034569145116e-06,4.5420085047961705e-06,5.221034569145116e-06,4.5420085047961705e-06,0.86994415467735,0.016282767976401,-4.117647909739578,2.137399205960069,2.7069838254953156e-05,-10.517090429422293,4.036997365832572,4.036997365832572,15317.121059001485,3795.7101681914933,3.447121754884839e-06,1.404435941188147e-06,2.5044121348998182e-06,1.404435941188147e-06,2.5044121348998182e-06,0.5607846734237004,0.0999999999998692,False,True,True,False,-2.220446049250313e-16,0.0,True,completed_point,resolved,resolved,4.638842995393287e-06,4.638842995393287e-06,4.532621633787923e-06,4.532621633787923e-06,4.745064356998652e-06,4.745064356998652e-06,0.2561445812324786,0.009250452352750564,5.221176425014105e-06,5.221176425014105e-06,0.016282783603031398,resolved,resolved,5.067043887275745e-06,5.067043887275745e-06,4.934522685211625e-06,4.934522685211625e-06,5.199565089339865e-06,5.199565089339865e-06,0.5981808178807647,0.014055139961811623,4.5420085047961705e-06,4.5420085047961705e-06,2.7069838254953156e-05,1.0923076923076924,/Users/emryspeets/Desktop/gp_mods/hps-gpr-emrys-validation_workflow/study_results/v4p9p13_calibration_20260905/derived/individual_2021_10pct/m080/result.json,256,500,6765.120832111068,eigenfeature_rtol_1e-15,2.137398821379874,gp,stress,0.2561445812324786,-1.3620132234860076,4.036997365832572,gp,stress,0.5981808178807647,-0.5138621996983466,True
all_2015_2016_2021,2015 full + 2016 full + 2021 10%,2015+2016+2021,80,149,1.0,6852297506.927696,3.9026189083612495e-06,1.6403667724409062e-06,3.9026189083612495e-06,1.6403667724409062e-06,0.4203246104625966,0.0487498921847231,-3.02105229313615,1.6570974017530742,0.19705226032665268,-1.6242863045789377,0.8521974339043763,0.8521974339043763,4246.749461565362,4983.623099465087,6.197555575005149e-07,1.196449439949921e-06,2.1637806434995103e-06,1.196449439949921e-06,2.1637806434995103e-06,0.5529439610915864,0.10000000000019867,True,True,True,False,,,True,completed_point,resolved,resolved,3.3913427966754176e-06,3.3913427966754176e-06,3.307606943507537e-06,3.307606943507537e-06,3.4750786498432983e-06,3.4750786498432983e-06,0.9878891492202007,0.024600820396077895,3.903211314244316e-06,3.903211314244316e-06,0.04875477031386546,resolved,resolved,2.558922292036906e-06,2.558922292036906e-06,2.4659178208507207e-06,2.4659178208507207e-06,2.6519267632230917e-06,2.6519267632230917e-06,0.9816329024698973,0.02464713118037764,1.6403667724409062e-06,1.6403667724409062e-06,0.19705226032665268,0.7545454545454545,/Users/emryspeets/Desktop/gp_mods/hps-gpr-emrys-validation_workflow/study_results/v4p9p13_calibration_20260905/derived/all_2015_2016_2021/m080/result.json,256,500,9013.717252187604,eigenfeature_rtol_1e-15,1.6570491396701765,gp,stress,0.9878891492202007,-0.01218478467438569,0.8521974339043763,gp,stress,0.9816329024698973,-0.01853786692358022,True
individual_2015_full,2015 full,2015,81,76,1.0,38747793.793866165,1.820732728186423e-05,4.493273200628368e-06,1.820732728186423e-05,4.493273200628368e-06,0.24678378825562067,0.5,-0.6931471805599453,0.0,0.5,-0.6931471805599453,0.0,-4.1674348089172515,-1449.822144395107,346.268084564473,-3.7416895323331054e-05,1.482805692656367e-05,3.292674122967725e-05,1.482805692656367e-05,3.292674122967725e-05,0.45033478482222145,0.09999999999904954,False,True,True,False,,,True,completed_point,resolved,bounded_atom,1.899396401453589e-05,1.899396401453589e-05,1.8078480653763778e-05,1.8078480653763778e-05,1.990944737530801e-05,1.990944737530801e-05,1.0,0.0,1.8207304481004253e-05,1.8207304481004253e-05,0.5,resolved,bounded_atom,2.9858824088694282e-05,2.9858824088694282e-05,2.8152731657872852e-05,2.8152731657872852e-05,3.156491651951572e-05,3.156491651951572e-05,1.0,0.0,4.493273200628368e-06,4.493273200628368e-06,0.5,1.5720164609053497,/Users/emryspeets/Desktop/gp_mods/hps-gpr-emrys-validation_workflow/study_results/v4p9p13_calibration_20260905/derived/individual_2015_full/m081/result.json,256,500,775.3473063646827,eigenfeature_rtol_1e-15,-1.7143056604717264,stress,gp,1.0,0.0,-4.1674348089172515,stress,gp,1.0,0.0,True
individual_2016_full,2016 full,2016,81,60,1.0,2332736068.6482615,4.403713502332421e-06,7.354542314135862e-07,4.403713502332421e-06,7.354542314135862e-07,0.16700773813374864,0.5,-0.6931471805599453,0.0,0.5,-0.6931471805599453,0.0,-3.9691085504009633,-13135.073150073778,3307.8298758872247,-5.6307583728000105e-06,2.33468393679394e-06,4.439409673324672e-06,2.33468393679394e-06,4.439409673324672e-06,0.5258996372473768,0.09999999999977802,True,True,True,False,,,True,completed_point,resolved,bounded_atom,4.15365629796018e-06,4.15365629796018e-06,3.994066710635588e-06,3.994066710635588e-06,4.313245885284772e-06,4.313245885284772e-06,1.0,0.0,4.410098822649103e-06,4.410098822649103e-06,0.5,resolved,bounded_atom,2.9307524132815483e-06,2.9307524132815483e-06,2.751556781570556e-06,2.751556781570556e-06,3.1099480449925404e-06,3.1099480449925404e-06,1.0,0.0,7.354542314135862e-07,7.354542314135862e-07,0.5,0.7055837563451776,/Users/emryspeets/Desktop/gp_mods/hps-gpr-emrys-validation_workflow/study_results/v4p9p13_calibration_20260905/chunked_v1/attempt1_remaining_2016_batch001/individual_2016_full/m081/result.json,,500,6295.6402764798195,eigenfeature_rtol_1e-15,-0.01729245859881805,gp,gp,1.0,0.0,-3.9691085504009633,gp,gp,1.0,0.0,True
individual_2021_10pct,2021 10%,2021,81,16,1.0,4438982361.42218,4.461039060518347e-06,5.239240083974138e-06,4.461039060518347e-06,5.239240083974138e-06,1.1744438936531905,0.0431088011893711,-3.144028098789495,1.7156965181768842,4.819484347440375e-07,-14.545428710477621,4.898869392889762,4.898869392889762,18432.06942030073,3764.349950000345,4.152318689186092e-06,1.3940545446257134e-06,2.4276932211211722e-06,1.3940545446257134e-06,2.4276932211211722e-06,0.5742301096766677,0.09999999999989842,False,True,True,False,2.220446049250313e-16,0.0,True,completed_point,resolved,resolved,4.081638803496417e-06,4.081638803496417e-06,3.9811394491784615e-06,3.9811394491784615e-06,4.182138157814372e-06,4.182138157814372e-06,0.5879680866330477,0.014897199345094808,4.461461888100512e-06,4.461461888100512e-06,0.04310805626379731,resolved,resolved,5.92644730225186e-06,5.92644730225186e-06,5.809213488022083e-06,5.809213488022083e-06,6.043681116481636e-06,6.043681116481636e-06,0.6400524155677393,0.015339219529526521,5.239240083974138e-06,5.239240083974138e-06,4.819484347440375e-07,1.4519774011299436,/Users/emryspeets/Desktop/gp_mods/hps-gpr-emrys-validation_workflow/study_results/v4p9p13_calibration_20260905/derived/individual_2021_10pct/m081/result.json,256,500,6551.257908941714,eigenfeature_rtol_1e-15,1.7157046540398633,gp,stress,0.5879680866330477,-0.5310826069900129,4.898869392889762,gp,stress,0.6400524155677393,-0.44620520665739344,True
all_2015_2016_2021,2015 full + 2016 full + 2021 10%,2015+2016+2021,81,152,1.0,6810466223.864306,3.507550391398093e-06,2.270638181715857e-06,3.507550391398093e-06,2.270638181715857e-06,0.6473572517402355,0.0839878204256946,-2.477083485583811,1.378737701402665,0.03362814274206396,-3.392391980979665,1.8299575584079852,1.8299575584079852,9037.48027479128,4939.335006569749,1.3269987659763107e-06,1.192974593046636e-06,2.1255382419842056e-06,1.192974593046636e-06,2.1255382419842056e-06,0.5612576473491182,0.09999999999950242,True,True,True,False,,,True,completed_point,resolved,mc_boundary,3.089111028251654e-06,3.089111028251654e-06,3.0089319919251715e-06,3.0089319919251715e-06,3.1692900645781367e-06,3.1692900645781367e-06,1.0,0.016309285456244535,3.5064949749248172e-06,3.5064949749248172e-06,0.0833693321569926,resolved,mc_boundary,2.9679694193006085e-06,2.9679694193006085e-06,2.8698194270021594e-06,2.8698194270021594e-06,3.0661194115990577e-06,3.0661194115990577e-06,1.0,0.016309287604931957,2.270638181715857e-06,2.270638181715857e-06,0.03362814274206396,0.9607843137254901,/Users/emryspeets/Desktop/gp_mods/hps-gpr-emrys-validation_workflow/study_results/v4p9p13_calibration_20260905/chunked_v1/attempt1_combined/all_2015_2016_2021/m081/result.json,,500,8800.32891803383,eigenfeature_rtol_1e-15,1.3827593588556413,gp,stress,1.0159233360151163,0.0,1.8299575584079852,gp,stress,1.01591951458958,0.0,True
individual_2015_full,2015 full,2015,82,76,1.0,35370934.35740047,1.8935745222284348e-05,7.19788191152395e-06,1.8935745222284348e-05,7.19788191152395e-06,0.38012139617579943,0.5,-0.6931471805599453,0.0,0.5,-0.6931471805599453,0.0,-2.319082539909872,-768.8322263807023,330.62135204646677,-2.1736271329791537e-05,1.5460512647641918e-05,3.410110068146442e-05,1.5460512647641918e-05,3.410110068146442e-05,0.4533728336823289,0.10000000000000016,False,True,True,False,,,True,completed_point,resolved,bounded_atom,1.9670770133074517e-05,1.9670770133074517e-05,1.8593557594915657e-05,1.8593557594915657e-05,2.074798267123338e-05,2.074798267123338e-05,1.0,0.0,1.8935759483311576e-05,1.8935759483311576e-05,0.5,resolved,bounded_atom,3.7722546839558535e-05,3.7722546839558535e-05,3.59710505620897e-05,3.59710505620897e-05,3.947404311702738e-05,3.947404311702738e-05,1.0,0.0,7.19788191152395e-06,7.19788191152395e-06,0.5,1.9176954732510287,/Users/emryspeets/Desktop/gp_mods/hps-gpr-emrys-validation_workflow/study_results/v4p9p13_calibration_20260905/derived/individual_2015_full/m082/result.json,256,500,732.9959707775394,eigenfeature_rtol_1e-15,-1.7043683340117308,stress,gp,1.0,0.0,-2.319082539909872,stress,gp,1.0,0.0,True
individual_2016_full,2016 full,2016,82,60,1.0,2284701462.153276,4.488547978827345e-06,1.2181001956525601e-06,4.488547978827345e-06,1.2181001956525601e-06,0.2713795644824086,0.5,-0.6931471805599453,0.0,0.5,-0.6931471805599453,0.0,-1.9468117836499164,-6369.6462662381955,3271.1019134550897,-2.7879556133495697e-06,2.3563628358159667e-06,4.506295750360003e-06,2.3563628358159667e-06,4.506295750360003e-06,0.522904613091078,0.10000000000012113,True,True,True,False,,,True,completed_point,limited_mc,bounded_atom,4.045018070194816e-06,4.045018070194816e-06,3.899599672287111e-06,3.899599672287111e-06,4.19043646810252e-06,4.19043646810252e-06,1.0,0.0,4.483357628732904e-06,4.483357628732904e-06,0.5,resolved,bounded_atom,3.830995950078688e-06,3.830995950078688e-06,3.6453245436236118e-06,3.6453245436236118e-06,4.0166673565337635e-06,4.0166673565337635e-06,1.0,0.0,1.2181001956525601e-06,1.2181001956525601e-06,0.5,0.9470899470899471,/Users/emryspeets/Desktop/gp_mods/hps-gpr-emrys-validation_workflow/study_results/v4p9p13_calibration_20260905/chunked_v1/attempt1_remaining_2016_batch001/individual_2016_full/m082/result.json,,500,6258.901129759504,eigenfeature_rtol_1e-15,-0.013464875370626846,gp,gp,1.0,0.0,-1.9468117836499164,gp,gp,1.0,0.0,True
individual_2021_10pct,2021 10%,2021,82,17,1.0,4510072333.90899,2.877768735995597e-06,2.046554389832478e-06,2.877768735995597e-06,2.046554389832478e-06,0.7111601304975778,0.3340449443707416,-1.096479731074101,0.428770995223808,0.14364895726060567,-1.9403827524721111,1.064067958946572,1.064067958946572,4037.513890378456,3794.8147926536917,8.952215378060342e-07,1.3840049652122196e-06,2.4528196432813126e-06,1.3840049652122196e-06,2.4528196432813126e-06,0.564250603994975,0.09999999997769679,False,True,True,False,-4.440892098500626e-16,0.0,True,completed_point,resolved,resolved,2.66771831961652e-06,2.66771831961652e-06,2.5897045255981384e-06,2.5897045255981384e-06,2.7457321136349017e-06,2.7457321136349017e-06,0.9255930216238233,0.02193411538670446,2.8787328221012157e-06,2.8787328221012157e-06,0.334044941471885,resolved,resolved,3.191942443558631e-06,3.191942443558631e-06,3.084647213379531e-06,3.084647213379531e-06,3.2992376737377313e-06,3.2992376737377313e-06,0.9884422852787158,0.02135238411273758,2.046554389832478e-06,2.046554389832478e-06,0.14364895726060567,1.1965065502183407,/Users/emryspeets/Desktop/gp_mods/hps-gpr-emrys-validation_workflow/study_results/v4p9p13_calibration_20260905/derived/individual_2021_10pct/m082/result.json,256,500,6725.087909430022,eigenfeature_rtol_1e-15,0.4287710031897662,gp,stress,0.9255930216238233,-0.07732064243119538,1.064067958946572,gp,stress,0.9884422852787158,-0.011625024238152672,True
all_2015_2016_2021,2015 full + 2016 full + 2021 10%,2015+2016+2021,82,153,1.0,6830144730.419666,2.3693916456611577e-06,1.085729717062778e-06,2.3693916456611577e-06,1.085729717062778e-06,0.45823142790723176,0.3957622986964634,-0.9269415037703151,0.2643313602295298,0.5,-0.6931471805599453,0.0,-0.24661842987243573,-1218.1885824412577,4939.472692892597,-1.7835472461011938e-07,1.1897832319844224e-06,2.1500406338217305e-06,1.1897832319844224e-06,2.1500406338217305e-06,0.5533770912364406,0.09999999999983997,True,True,True,False,,,True,completed_point,resolved,resolved,2.113786196411596e-06,2.113786196411596e-06,2.04882634960412e-06,2.04882634960412e-06,2.178746043219072e-06,2.178746043219072e-06,0.9935643391555748,0.01310516036973803,2.37093337176658e-06,2.37093337176658e-06,0.39673179188790686,resolved,bounded_atom,2.134209251449389e-06,2.134209251449389e-06,2.0551899643650295e-06,2.0551899643650295e-06,2.213228538533749e-06,2.213228538533749e-06,1.0,0.0,1.085729717062778e-06,1.085729717062778e-06,0.5,1.0096618357487923,/Users/emryspeets/Desktop/gp_mods/hps-gpr-emrys-validation_workflow/study_results/v4p9p13_calibration_20260905/chunked_v1/attempt1_combined/all_2015_2016_2021/m082/result.json,,500,8927.514991709058,eigenfeature_rtol_1e-15,0.2618156358537285,gp,stress,0.9935643391555748,-0.0064564589909098654,-0.24661842987243573,gp,gp,1.0,0.0,True
individual_2015_full,2015 full,2015,83,78,1.0,32377795.798441168,2.0601261323099612e-05,1.2084486314551981e-05,2.0601261323099612e-05,1.2084486314551981e-05,0.5865896327911723,0.5,-0.6931471805599453,0.0,0.5,-0.6931471805599453,0.0,-0.7969089193390827,-252.70641492550305,316.797554416015,-7.804929541796346e-06,1.6140390815702515e-05,3.555628649354197e-05,1.6140390815702515e-05,3.555628649354197e-05,0.4539391597779501,0.09999999999999695,False,True,True,False,,,True,completed_point,resolved,bounded_atom,2.0003382787175832e-05,2.0003382787175832e-05,1.8972204842711238e-05,1.8972204842711238e-05,2.1034560731640426e-05,2.1034560731640426e-05,1.0,0.0,2.0601280004284724e-05,2.0601280004284724e-05,0.5,resolved,bounded_atom,4.962864590236029e-05,4.962864590236029e-05,4.7623386029053397e-05,4.7623386029053397e-05,5.1633905775667176e-05,5.1633905775667176e-05,1.0,0.0,1.2084486314551981e-05,1.2084486314551981e-05,0.5,2.481012658227848,/Users/emryspeets/Desktop/gp_mods/hps-gpr-emrys-validation_workflow/study_results/v4p9p13_calibration_20260905/derived/individual_2015_full/m083/result.json,256,500,699.5879892374489,eigenfeature_rtol_1e-15,-1.5692934515439212,stress,gp,1.0,0.0,-0.7969089193390827,stress,gp,1.0,0.0,True
individual_2016_full,2016 full,2016,83,62,1.0,2245927501.4988623,4.692676407256771e-06,3.755025391579522e-06,4.692676407256771e-06,3.755025391579522e-06,0.8001884352760267,0.4037349330513746,-0.9069967226614019,0.2436913590929139,0.10508969532966705,-2.252941052246078,1.2530723141409819,1.2530723141409819,4068.6273309867374,3247.394185718885,1.811557732060123e-06,2.378177698337179e-06,4.514176399574999e-06,2.378177698337179e-06,4.514176399574999e-06,0.5268242726538289,0.09999999999384121,True,True,True,False,,,True,completed_point,limited_mc,mc_boundary,4.223605716491083e-06,4.223605716491083e-06,4.073056049394243e-06,4.073056049394243e-06,4.374155383587923e-06,4.374155383587923e-06,1.0,0.013195072465778354,4.7212686459014934e-06,4.7212686459014934e-06,0.4522295405574919,resolved,mc_boundary,6.1317321569362936e-06,6.1317321569362936e-06,5.895130868528009e-06,5.895130868528009e-06,6.368333445344578e-06,6.368333445344578e-06,1.0,0.013195072465778354,3.755025391579522e-06,3.755025391579522e-06,0.10508969532966705,1.451776649746193,/Users/emryspeets/Desktop/gp_mods/hps-gpr-emrys-validation_workflow/study_results/v4p9p13_calibration_20260905/chunked_v1/attempt1_remaining_2016_batch001/individual_2016_full/m083/result.json,,500,6163.435360263232,eigenfeature_rtol_1e-15,0.12003038133060748,gp,stress,1.008885422762132,0.0,1.2530723141409819,gp,stress,1.008885422762132,0.0,True
individual_2021_10pct,2021 10%,2021,83,17,1.0,4535037980.858876,1.8664779501165972e-06,5.253746624420469e-07,1.8664779501165972e-06,5.253746624420469e-07,0.28147916904629233,0.5,-0.6931471805599453,0.0,0.5,-0.6931471805599453,0.0,-3.0938051601629524,-11728.878230291291,3789.9192424033204,-2.5862800443558794e-06,1.375475390484763e-06,2.4336946838239945e-06,1.375475390484763e-06,2.4336946838239945e-06,0.5651799297697927,0.10000000000009687,False,True,True,False,0.0,0.0,True,completed_point,resolved,bounded_atom,1.791581398082635e-06,1.791581398082635e-06,1.7199525762564532e-06,1.7199525762564532e-06,1.8632102199088167e-06,1.8632102199088167e-06,1.0,0.0,1.8669824691656308e-06,1.8669824691656308e-06,0.5,resolved,bounded_atom,1.6759955014321427e-06,1.6759955014321427e-06,1.5962192520069281e-06,1.5962192520069281e-06,1.7557717508573568e-06,1.7557717508573568e-06,1.0,0.0,5.253746624420469e-07,5.253746624420469e-07,0.5,0.9354838709677421,/Users/emryspeets/Desktop/gp_mods/hps-gpr-emrys-validation_workflow/study_results/v4p9p13_calibration_20260905/derived/individual_2021_10pct/m083/result.json,256,500,6709.586321428642,eigenfeature_rtol_1e-15,-0.7267362152726843,gp,gp,1.0,0.0,-3.0938051601629524,gp,gp,1.0,0.0,True
all_2015_2016_2021,2015 full + 2016 full + 2021 10%,2015+2016+2021,83,157,1.0,6813343278.156178,1.6675718483913278e-06,5.867285948791091e-07,1.6675718483913278e-06,5.867285948791091e-07,0.3518460661500817,0.5,-0.6931471805599453,0.0,0.5,-0.6931471805599453,0.0,-2.103687782707286,-10345.068944263363,4916.771428937821,-1.5183542824607153e-06,1.1873818796303065e-06,2.138300603553023e-06,1.1873818796303065e-06,2.138300603553023e-06,0.5552923090688654,0.10000000000006304,True,True,True,False,,,True,completed_point,resolved,bounded_atom,1.4928974086872332e-06,1.4928974086872332e-06,1.4320130479041126e-06,1.4320130479041126e-06,1.5537817694703535e-06,1.5537817694703535e-06,1.0,0.0,1.67008552111688e-06,1.67008552111688e-06,0.5,resolved,bounded_atom,1.5944550555367047e-06,1.5944550555367047e-06,1.520909063645338e-06,1.520909063645338e-06,1.6680010474280717e-06,1.6680010474280717e-06,1.0,0.0,5.867285948791091e-07,5.867285948791091e-07,0.5,1.0680272108843536,/Users/emryspeets/Desktop/gp_mods/hps-gpr-emrys-validation_workflow/study_results/v4p9p13_calibration_20260905/chunked_v1/attempt1_combined/all_2015_2016_2021/m083/result.json,,500,8856.923014492244,eigenfeature_rtol_1e-15,-0.6760956729013468,gp,gp,1.0,0.0,-2.103687782707286,gp,gp,1.0,0.0,True
individual_2015_full,2015 full,2015,84,78,1.0,29602436.992774468,2.695644681605396e-05,2.9891269482112476e-05,2.695644681605396e-05,2.9891269482112476e-05,1.1088727563423038,0.4999939126238955,-0.6931593553862673,1.52587890625e-05,0.053358557823076636,-2.9307209050436738,1.6131260947689858,1.6131260947689858,487.0414944286267,302.55214018312836,1.645274997283185e-05,1.6783298239279174e-05,3.627817656551874e-05,1.6783298239279174e-05,3.627817656551874e-05,0.4626279440745424,0.09999999999884601,False,True,True,False,,,True,completed_point,resolved,bounded_atom,2.84168952840811e-05,2.84168952840811e-05,2.7049667254063412e-05,2.7049667254063412e-05,2.9784123314098788e-05,2.9784123314098788e-05,1.0,0.0,2.6956503788970533e-05,2.6956503788970533e-05,0.5,resolved,resolved,6.716720703510078e-05,6.716720703510078e-05,6.484592199055593e-05,6.484592199055593e-05,6.948849207964564e-05,6.948849207964564e-05,0.49735517710335064,0.016974774470976783,2.9891269482112476e-05,2.9891269482112476e-05,0.053358557823076636,2.3636363636363633,/Users/emryspeets/Desktop/gp_mods/hps-gpr-emrys-validation_workflow/study_results/v4p9p13_calibration_20260905/derived/individual_2015_full/m084/result.json,256,500,652.574527749648,eigenfeature_rtol_1e-15,-0.8202233766357009,stress,gp,1.0,0.0,1.6131260947689858,stress,gp,0.49735517710335064,-0.6984508660614951,True
individual_2016_full,2016 full,2016,84,62,1.0,2195299189.354242,4.302279985844929e-06,3.1170596487651616e-06,4.302279985844929e-06,3.1170596487651616e-06,0.7245134345093068,0.4999026019832914,-0.6933419955685739,0.000244140625,0.24220588813753946,-1.417967137103578,0.6992244447059031,0.6992244447059031,2242.5140197321844,3207.408274235422,1.021507241749509e-06,2.4032817619305916e-06,4.585181513889623e-06,2.4032817619305916e-06,4.585181513889623e-06,0.5241410301098157,0.09999999999994331,True,True,True,False,,,True,completed_point,resolved,bounded_atom,3.810947830555517e-06,3.810947830555517e-06,3.667926372691454e-06,3.667926372691454e-06,3.95396928841958e-06,3.95396928841958e-06,1.0,0.0,4.31820724869668e-06,4.31820724869668e-06,0.5,resolved,mc_boundary,5.509541720745976e-06,5.509541720745976e-06,5.311929837861189e-06,5.311929837861189e-06,5.707153603630765e-06,5.707153603630765e-06,1.0,0.013675801877903267,3.1170596487651616e-06,3.1170596487651616e-06,0.24220588813753946,1.4457142857142857,/Users/emryspeets/Desktop/gp_mods/hps-gpr-emrys-validation_workflow/study_results/v4p9p13_calibration_20260905/chunked_v1/attempt1_remaining_2016_batch001/individual_2016_full/m084/result.json,,500,6119.256271059992,eigenfeature_rtol_1e-15,-0.16147551961575066,gp,gp,1.0,0.0,0.6992244447059031,gp,stress,1.0150225925628305,0.0,True
individual_2021_10pct,2021 10%,2021,84,17,1.0,4555790113.7876,1.4786743242991347e-06,6.627138685291824e-07,1.4786743242991347e-06,6.627138685291824e-07,0.4481810887216811,0.5,-0.6931471805599453,0.0,0.5,-0.6931471805599453,0.0,-2.17201989991369,-8223.540024640395,3785.3075404796928,-1.8050743821039412e-06,1.3673114652133206e-06,2.3894489112229353e-06,1.3673114652133206e-06,2.3894489112229353e-06,0.5722287925015822,0.09999999999995042,False,True,True,False,0.0,0.0,True,completed_point,resolved,bounded_atom,1.4696218897205893e-06,1.4696218897205893e-06,1.4095497375209607e-06,1.4095497375209607e-06,1.5296940419202179e-06,1.5296940419202179e-06,1.0,0.0,1.479092802370576e-06,1.479092802370576e-06,0.5,resolved,bounded_atom,1.940581800326029e-06,1.940581800326029e-06,1.8566377080872689e-06,1.8566377080872689e-06,2.0245258925647895e-06,2.0245258925647895e-06,1.0,0.0,6.627138685291824e-07,6.627138685291824e-07,0.5,1.3204633204633205,/Users/emryspeets/Desktop/gp_mods/hps-gpr-emrys-validation_workflow/study_results/v4p9p13_calibration_20260905/derived/individual_2021_10pct/m084/result.json,256,500,6617.737267590336,eigenfeature_rtol_1e-15,-1.3608219484679935,gp,gp,1.0,0.0,-2.17201989991369,gp,gp,1.0,0.0,True
all_2015_2016_2021,2015 full + 2016 full + 2021 10%,2015+2016+2021,84,157,1.0,6780691740.134615,1.322158868955613e-06,7.191208152512072e-07,1.322158868955613e-06,7.191208152512072e-07,0.543898945986157,0.5,-0.6931471805599453,0.0,0.5,-0.6931471805599453,0.0,-1.423915737785359,-6957.298113987081,4885.479900814788,-1.0260454804053606e-06,1.1854055398336227e-06,2.115350190656407e-06,1.1854055398336227e-06,2.115350190656407e-06,0.560382647312776,0.09999999999203377,True,True,True,False,,,True,completed_point,resolved,bounded_atom,1.250820071504811e-06,1.250820071504811e-06,1.1991523289969076e-06,1.1991523289969076e-06,1.3024878140127143e-06,1.3024878140127143e-06,1.0,0.0,1.3238534816520537e-06,1.3238534816520537e-06,0.5,resolved,bounded_atom,1.7983678136494873e-06,1.7983678136494873e-06,1.7233964739182133e-06,1.7233964739182133e-06,1.8733391533807614e-06,1.8733391533807614e-06,1.0,0.0,7.191208152512072e-07,7.191208152512072e-07,0.5,1.4377510040160644,/Users/emryspeets/Desktop/gp_mods/hps-gpr-emrys-validation_workflow/study_results/v4p9p13_calibration_20260905/chunked_v1/attempt1_combined/all_2015_2016_2021/m084/result.json,,500,8719.858970985135,eigenfeature_rtol_1e-15,-1.3270416647831007,gp,gp,1.0,0.0,-1.423915737785359,gp,gp,1.0,0.0,True
individual_2015_full,2015 full,2015,85,80,1.0,27135292.16584497,3.615194931503812e-05,4.7680862107479525e-05,3.615194931503812e-05,4.7680862107479525e-05,1.3189015533291237,0.5,-0.6931471805599453,0.0,0.0007074696861352498,-7.2538157758167605,3.191586090009784,3.191586090009784,921.4703962412505,289.9631934940217,3.395837386269604e-05,1.7491446981332785e-05,3.760320504064508e-05,1.7491446981332785e-05,3.760320504064508e-05,0.46515840770557676,0.09999999999984285,False,True,True,False,,,True,completed_point,resolved,bounded_atom,3.802243570313592e-05,3.802243570313592e-05,3.663213159971173e-05,3.663213159971173e-05,3.941273980656011e-05,3.941273980656011e-05,1.0,0.0,3.6152025375220265e-05,3.6152025375220265e-05,0.5,resolved,resolved,8.818348937722603e-05,8.818348937722603e-05,8.597940691237474e-05,8.597940691237474e-05,9.038757184207731e-05,9.038757184207731e-05,0.3076848537851468,0.012028736348760238,4.7680862107479525e-05,4.7680862107479525e-05,0.0007074696861352498,2.31924882629108,/Users/emryspeets/Desktop/gp_mods/hps-gpr-emrys-validation_workflow/study_results/v4p9p13_calibration_20260905/derived/individual_2015_full/m085/result.json,256,500,620.0187202473754,eigenfeature_rtol_1e-15,-0.10975082933383584,stress,gp,1.0,0.0,3.191586090009784,stress,gp,0.3076848537851468,-1.1786792218333537,True
individual_2016_full,2016 full,2016,85,62,1.0,2142806184.857744,7.221786258424779e-06,1.0018861326204897e-05,7.221786258424779e-06,1.0018861326204897e-05,1.3873106967846232,0.0690819500521547,-2.672461797205811,1.4826632618544842,1.8791394784248916e-08,-17.789866796140302,5.501849413181043,5.501849413181043,17409.89983844724,3166.442900360746,8.12481313591273e-06,2.4284023357479432e-06,4.234010820717207e-06,2.4284023357479432e-06,4.234010820717207e-06,0.5735465587063833,0.09999999999983492,True,True,True,False,,,True,completed_point,resolved,resolved,6.877188234951555e-06,6.877188234951555e-06,6.693659872865729e-06,6.693659872865729e-06,7.060716597037383e-06,7.060716597037383e-06,0.9929923743307492,0.015714810275222906,7.222411960721602e-06,7.222411960721602e-06,0.06908145545768107,resolved,resolved,1.1823937667109692e-05,1.1823937667109692e-05,1.1551127814874854e-05,1.1551127814874854e-05,1.2096747519344529e-05,1.2096747519344529e-05,0.9929931617516389,0.015714809971825196,1.0018861326204897e-05,1.0018861326204897e-05,1.8791394784248916e-08,1.719298245614035,/Users/emryspeets/Desktop/gp_mods/hps-gpr-emrys-validation_workflow/study_results/v4p9p13_calibration_20260905/chunked_v1/attempt1_remaining_2016_batch001/individual_2016_full/m085/result.json,,500,5515.408274820156,eigenfeature_rtol_1e-15,1.4826669831407115,gp,stress,0.9929923743307492,-0.007032294391678827,5.501849413181043,gp,stress,0.9929931617516389,-0.007031501414212066,True
individual_2021_10pct,2021 10%,2021,85,17,1.0,4574413636.826387,1.2052617089781856e-06,4.07809951618526e-07,1.2052617089781856e-06,4.07809951618526e-07,0.3383580085392948,0.4999026019832914,-0.6933419955685739,0.000244140625,0.5,-0.6931471805599453,0.0,-4.217113519633733,-15946.658860272297,3779.82786400532,-3.4860552906482866e-06,1.3602785449138116e-06,2.3586935786882555e-06,1.3602785449138116e-06,2.3586935786882555e-06,0.5767084614993975,0.09999999999792866,False,True,True,False,-2.220446049250313e-16,0.0,True,completed_point,resolved,bounded_atom,1.2154548089733002e-06,1.2154548089733002e-06,1.1664503439225334e-06,1.1664503439225334e-06,1.2644592740240672e-06,1.2644592740240672e-06,1.0,0.0,1.2054135589921464e-06,1.2054135589921464e-06,0.5,resolved,bounded_atom,1.4058947329599002e-06,1.4058947329599002e-06,1.3460713376096077e-06,1.3460713376096077e-06,1.4657181283101927e-06,1.4657181283101927e-06,1.0,0.0,4.07809951618526e-07,4.07809951618526e-07,0.5,1.1566820276497696,/Users/emryspeets/Desktop/gp_mods/hps-gpr-emrys-validation_workflow/study_results/v4p9p13_calibration_20260905/derived/individual_2021_10pct/m085/result.json,256,500,6559.254477405996,eigenfeature_rtol_1e-15,-1.9854988797108049,gp,gp,1.0,0.0,-4.217113519633733,gp,gp,1.0,0.0,True
all_2015_2016_2021,2015 full + 2016 full + 2021 10%,2015+2016+2021,85,159,1.0,6744355113.849977,1.4258924495463958e-06,8.946305550683266e-07,1.4258924495463958e-06,8.946305550683266e-07,0.6274179762666715,0.5,-0.6931471805599453,0.0,0.5,-0.6931471805599453,0.0,-0.7701999248415361,-3738.930540437736,4854.194947019323,-5.54379251584721e-07,1.183992658955402e-06,2.0574135167692354e-06,1.183992658955402e-06,2.0574135167692354e-06,0.5754762712041623,0.10000000000011651,True,True,True,False,,,True,completed_point,resolved,bounded_atom,1.416877013750462e-06,1.416877013750462e-06,1.3598908393704382e-06,1.3598908393704382e-06,1.4738631881304861e-06,1.4738631881304861e-06,1.0,0.0,1.4267643730563231e-06,1.4267643730563231e-06,0.5,resolved,bounded_atom,2.061800344147224e-06,2.061800344147224e-06,1.9878119916260702e-06,1.9878119916260702e-06,2.1357886966683776e-06,2.1357886966683776e-06,1.0,0.0,8.946305550683266e-07,8.946305550683266e-07,0.5,1.4551724137931035,/Users/emryspeets/Desktop/gp_mods/hps-gpr-emrys-validation_workflow/study_results/v4p9p13_calibration_20260905/chunked_v1/attempt1_combined/all_2015_2016_2021/m085/result.json,,500,8435.572288780722,eigenfeature_rtol_1e-15,-1.0180680119036123,gp,gp,1.0,0.0,-0.7701999248415361,gp,gp,1.0,0.0,True
individual_2015_full,2015 full,2015,86,80,1.0,24888899.415437207,4.520923378113312e-05,2.7777073600657177e-05,4.520923378113312e-05,2.7777073600657177e-05,0.6144115101603249,0.3576850012165221,-1.0281025647773971,0.3646535950818516,0.1268046272004772,-2.065107745527505,1.1416266193325182,1.1416266193325182,315.16971468465124,276.5157777914212,1.2663063537842453e-05,1.827741000675574e-05,3.9431594310912755e-05,1.827741000675574e-05,3.9431594310912755e-05,0.4635219631912636,0.09999999998507969,False,True,True,False,,,True,completed_point,resolved,resolved,4.586017480590402e-05,4.586017480590402e-05,4.445218023626771e-05,4.445218023626771e-05,4.726816937554034e-05,4.726816937554034e-05,0.5142006785873018,0.014852312350875222,4.5209227258390295e-05,4.5209227258390295e-05,0.3576829398659318,resolved,resolved,6.476579788915426e-05,6.476579788915426e-05,6.267616274293669e-05,6.267616274293669e-05,6.685543303537181e-05,6.685543303537181e-05,0.5506962340984425,0.015438688822965481,2.7777073600657177e-05,2.7777073600657177e-05,0.1268046272004772,1.412244897959184,/Users/emryspeets/Desktop/gp_mods/hps-gpr-emrys-validation_workflow/study_results/v4p9p13_calibration_20260905/derived/individual_2015_full/m086/result.json,256,500,596.3281125451822,eigenfeature_rtol_1e-15,0.36465911734107764,stress,gp,0.5142006785873018,-0.6651416644559605,1.1416266193325182,stress,gp,0.5506962340984425,-0.5965719211274182,True
individual_2016_full,2016 full,2016,86,64,1.0,2098567236.5861742,8.5159576760463e-06,1.3837951159767873e-05,8.5159576760463e-06,1.3837951159767873e-05,1.6249436277368177,0.024039216069378,-3.7280687792736997,1.9766745252865812,7.304513782357328e-16,-34.85286900448504,7.980205150107311,7.980205150107311,25017.75882148447,3137.9872521203315,1.1921352046924114e-05,2.4560170234160565e-06,4.278170509867683e-06,2.4560170234160565e-06,4.278170509867683e-06,0.5740811446741558,0.09999999999982297,True,True,True,False,,,True,completed_point,resolved,resolved,8.168019029566341e-06,8.168019029566341e-06,7.969282955932888e-06,7.969282955932888e-06,8.366755103199797e-06,8.366755103199797e-06,0.9996911473042623,0.014683013742508952,8.51627130933982e-06,8.51627130933982e-06,0.024039063886148855,resolved,mc_boundary,1.6010942774373825e-05,1.6010942774373825e-05,1.571816590110594e-05,1.571816590110594e-05,1.6303719647641713e-05,1.6303719647641713e-05,1.0,0.014528234349702896,1.3837951159767873e-05,1.3837951159767873e-05,7.304513782357328e-16,1.9601990049751246,/Users/emryspeets/Desktop/gp_mods/hps-gpr-emrys-validation_workflow/study_results/v4p9p13_calibration_20260905/chunked_v1/attempt1_remaining_2016_batch001/individual_2016_full/m086/result.json,,500,5457.87450690876,eigenfeature_rtol_1e-15,1.976677216231097,gp,stress,0.9996911473042623,-0.0003089004005542528,7.980205150107311,gp,stress,1.031151208433282,0.0,True
individual_2021_10pct,2021 10%,2021,86,18,1.0,4620908295.464289,1.124573851168775e-06,4.007641182458824e-07,1.124573851168775e-06,4.007641182458824e-07,0.35636976427058686,0.4999026019832914,-0.6933419955685739,0.000244140625,0.5,-0.6931471805599453,0.0,-4.280728134921776,-16269.447509498055,3799.005571805827,-3.52083323650191e-06,1.3534540142687336e-06,2.3523726411521664e-06,1.3534540142687336e-06,2.3523726411521664e-06,0.5753569781383899,0.09999999999684597,False,True,True,False,0.0,0.0,True,completed_point,resolved,bounded_atom,1.1339929939444705e-06,1.1339929939444705e-06,1.0834275465386632e-06,1.0834275465386632e-06,1.1845584413502775e-06,1.1845584413502775e-06,1.0,0.0,1.1117633583534888e-06,1.1117633583534888e-06,0.5,resolved,bounded_atom,1.5976453018133916e-06,1.5976453018133916e-06,1.5195908239711553e-06,1.5195908239711553e-06,1.6756997796556283e-06,1.6756997796556283e-06,1.0,0.0,4.007641182458824e-07,4.007641182458824e-07,0.5,1.4088669950738915,/Users/emryspeets/Desktop/gp_mods/hps-gpr-emrys-validation_workflow/study_results/v4p9p13_calibration_20260905/derived/individual_2021_10pct/m086/result.json,256,500,6608.176719090618,eigenfeature_rtol_1e-15,-2.261513079188056,gp,gp,1.0,0.0,-4.280728134921776,gp,gp,1.0,0.0,True
all_2015_2016_2021,2015 full + 2016 full + 2021 10%,2015+2016+2021,86,162,1.0,6744364431.4659,1.429496923838071e-06,1.2643720878920248e-06,1.429496923838071e-06,1.2643720878920248e-06,0.8844874492610304,0.5,-0.6931471805599453,0.0,0.42928390609363376,-0.8456367931717095,0.1781975774549703,0.1781975774549703,864.286587911109,4850.228425700276,1.281494493207946e-07,1.1828358316319228e-06,2.058470702014936e-06,1.1828358316319228e-06,2.058470702014936e-06,0.5746187353913285,0.10000000000007755,True,True,True,False,,,True,completed_point,resolved,bounded_atom,1.4567126008805764e-06,1.4567126008805764e-06,1.3959653493355094e-06,1.3959653493355094e-06,1.5174598524256433e-06,1.5174598524256433e-06,1.0,0.0,1.431441726366947e-06,1.431441726366947e-06,0.5,resolved,resolved,2.6396805519312456e-06,2.6396805519312456e-06,2.5420262524634248e-06,2.5420262524634248e-06,2.7373348513990664e-06,2.7373348513990664e-06,0.9920155947881648,0.024061943972129757,1.2643720878920248e-06,1.2643720878920248e-06,0.42928390609363376,1.8120805369127515,/Users/emryspeets/Desktop/gp_mods/hps-gpr-emrys-validation_workflow/study_results/v4p9p13_calibration_20260905/derived/all_2015_2016_2021/m086/result.json,256,500,8439.925392534456,eigenfeature_rtol_1e-15,-1.0099740001042337,gp,gp,1.0,0.0,0.1781975774549703,gp,stress,0.9920155947881648,-0.008016451268245356,True
individual_2015_full,2015 full,2015,87,82,1.0,22881794.916402504,5.7152117639701926e-05,2.275756537400184e-05,5.7152117639701926e-05,2.275756537400184e-05,0.39819286342931265,0.1868895708580119,-1.6772373667302265,0.8894167584287879,0.31775001151287363,-1.1464903326800844,0.47399983761030423,0.47399983761030423,125.41624572571115,264.7763838989187,5.481049287606726e-06,1.9074860571624508e-05,4.110877948356204e-05,1.9074860571624508e-05,4.110877948356204e-05,0.46400941140205526,0.09999999999999962,False,True,True,False,,,True,completed_point,resolved,resolved,5.7371752011231935e-05,5.7371752011231935e-05,5.562374324932983e-05,5.562374324932983e-05,5.9119760773134046e-05,5.9119760773134046e-05,0.3286648765317176,0.011893181955780392,5.7151631067698995e-05,5.7151631067698995e-05,0.18687986608482354,resolved,resolved,6.127459228410487e-05,6.127459228410487e-05,5.891675244171721e-05,5.891675244171721e-05,6.36324321264925e-05,6.36324321264925e-05,0.6758682339574499,0.016048452950045516,2.275756537400184e-05,2.275756537400184e-05,0.31775001151287363,1.068027210884354,/Users/emryspeets/Desktop/gp_mods/hps-gpr-emrys-validation_workflow/study_results/v4p9p13_calibration_20260905/derived/individual_2015_full/m087/result.json,256,500,571.5455405782692,eigenfeature_rtol_1e-15,0.8894528877056912,stress,gp,0.3286648765317176,-1.1127166597205045,0.47399983761030423,stress,gp,0.6758682339574499,-0.3917571421198676,True
individual_2016_full,2016 full,2016,87,64,1.0,2044103271.258802,9.560420353577143e-06,1.4383417154146237e-05,9.560420353577143e-06,1.4383417154146237e-05,1.504475391478421,0.0097744866547442,-4.627979690628428,2.3348937238323058,9.506983641123857e-17,-36.89191993224242,8.228141955202672,8.228141955202672,25435.034436615977,3094.3247470332544,1.2443125939010188e-05,2.486214740527003e-06,4.33841677978302e-06,2.486214740527003e-06,4.33841677978302e-06,0.5730695935237803,0.09999999999991241,True,True,True,False,,,True,completed_point,resolved,resolved,9.354472780397999e-06,9.354472780397999e-06,9.15801646748797e-06,9.15801646748797e-06,9.550929093308028e-06,9.550929093308028e-06,0.3202632627304439,0.006903639156181444,9.560569043275025e-06,9.560569043275025e-06,0.009774417507310092,resolved,mc_boundary,1.6566070738854607e-05,1.6566070738854607e-05,1.623307610567416e-05,1.623307610567416e-05,1.689906537203505e-05,1.689906537203505e-05,1.0,0.011939838079939657,1.4383417154146237e-05,1.4383417154146237e-05,9.506983641123857e-17,1.7709251101321588,/Users/emryspeets/Desktop/gp_mods/hps-gpr-emrys-validation_workflow/study_results/v4p9p13_calibration_20260905/chunked_v1/attempt1_remaining_2016_batch002/individual_2016_full/m087/result.json,,500,5391.0860719120265,eigenfeature_rtol_1e-15,2.334896370474252,gp,stress,0.3202632627304439,-1.138611925384615,8.228141955202672,gp,stress,1.0063312974066854,0.0,True
individual_2021_10pct,2021 10%,2021,87,17,1.0,4595112561.337547,1.0588234424693088e-06,3.2095965230452597e-07,1.0588234424693088e-06,3.2095965230452597e-07,0.3031285854004213,0.5,-0.6931471805599453,0.0,0.5,-0.6931471805599453,0.0,-5.519644560647671,-20780.02776911487,3762.6645724161626,-4.522202120564857e-06,1.3482893133026717e-06,2.306351862377514e-06,1.3482893133026717e-06,2.306351862377514e-06,0.5845982719708611,0.10000000000004146,False,True,True,False,0.0,0.0,True,completed_point,resolved,bounded_atom,1.1227579565179937e-06,1.1227579565179937e-06,1.0770586401133933e-06,1.0770586401133933e-06,1.1684572729225943e-06,1.1684572729225943e-06,1.0,0.0,1.059149502267899e-06,1.059149502267899e-06,0.5,resolved,bounded_atom,1.1775266373237495e-06,1.1775266373237495e-06,1.1252240964771936e-06,1.1252240964771936e-06,1.2298291781703055e-06,1.2298291781703055e-06,1.0,0.0,3.2095965230452597e-07,3.2095965230452597e-07,0.5,1.048780487804878,/Users/emryspeets/Desktop/gp_mods/hps-gpr-emrys-validation_workflow/study_results/v4p9p13_calibration_20260905/derived/individual_2021_10pct/m087/result.json,256,500,6442.707280343426,eigenfeature_rtol_1e-15,-2.3665497663537716,gp,gp,1.0,0.0,-5.519644560647671,gp,gp,1.0,0.0,True
all_2015_2016_2021,2015 full + 2016 full + 2021 10%,2015+2016+2021,87,163,1.0,6662097627.512751,1.4429256312202808e-06,8.554832302670827e-07,1.4429256312202808e-06,8.554832302670827e-07,0.5928810271001987,0.5,-0.6931471805599453,0.0,0.5,-0.6931471805599453,0.0,-0.8960904100829089,-4293.204139161652,4790.691656849267,-6.444222794682297e-07,1.1828842170739364e-06,2.0339457087490163e-06,1.1828842170739364e-06,2.0339457087490163e-06,0.5815711854971155,0.10000000000308813,True,True,True,False,,,True,completed_point,resolved,bounded_atom,1.5166337812344675e-06,1.5166337812344675e-06,1.4580400608763834e-06,1.4580400608763834e-06,1.5752275015925515e-06,1.5752275015925515e-06,1.0,0.0,1.4438482103537246e-06,1.4438482103537246e-06,0.5,resolved,bounded_atom,2.1348793990625305e-06,2.1348793990625305e-06,2.063090703367188e-06,2.063090703367188e-06,2.206668094757874e-06,2.206668094757874e-06,1.0,0.0,8.554832302670827e-07,8.554832302670827e-07,0.5,1.4076433121019107,/Users/emryspeets/Desktop/gp_mods/hps-gpr-emrys-validation_workflow/study_results/v4p9p13_calibration_20260905/derived/all_2015_2016_2021/m087/result.json,256,500,8237.62532750499,eigenfeature_rtol_1e-15,-0.949658483524674,gp,gp,1.0,0.0,-0.8960904100829089,gp,gp,1.0,0.0,True
individual_2015_full,2015 full,2015,88,82,1.0,20925895.499033663,7.126044479076086e-05,2.7913512005756255e-05,7.126044479076086e-05,2.7913512005756255e-05,0.3917111672221183,0.0762526888120987,-2.5737026010068527,1.4307377924001368,0.17968086108155595,-1.7165729956974096,0.9165819962110364,0.9165819962110364,231.38920089596508,252.8053601843078,1.1057553111963614e-05,1.9901738677673253e-05,4.248436851582916e-05,1.9901738677673253e-05,4.248436851582916e-05,0.4684484993641392,0.09999999991632531,False,True,True,False,,,True,completed_point,resolved,resolved,7.300198869620772e-05,7.300198869620772e-05,7.110258437950769e-05,7.110258437950769e-05,7.490139301290776e-05,7.490139301290776e-05,0.12696180837943039,0.0034148214085864205,7.126025214818657e-05,7.126025214818657e-05,0.07625164215198181,resolved,resolved,6.574212241702684e-05,6.574212241702684e-05,6.34367195025336e-05,6.34367195025336e-05,6.804752533152009e-05,6.804752533152009e-05,0.5619666290869697,0.009315867611186768,2.7913512005756255e-05,2.7913512005756255e-05,0.17968086108155595,0.9005524861878452,/Users/emryspeets/Desktop/gp_mods/hps-gpr-emrys-validation_workflow/study_results/v4p9p13_calibration_20260905/study_results/v4p9p13_calibration_20260905/chunked_v1/attempt1_remaining_2015_batch001/individual_2015_full/m088/result.json,,500,540.1571665603464,eigenfeature_rtol_1e-15,1.4307450937067863,stress,gp,0.12696180837943039,-2.0638689591711077,0.9165819962110364,stress,gp,0.5619666290869697,-0.576312809700248,True
individual_2016_full,2016 full,2016,88,64,1.0,1988992563.6308765,1.095647615260898e-05,1.491057046583552e-05,1.095647615260898e-05,1.491057046583552e-05,1.3608910618844348,0.0026331308669146,-5.939581697114933,2.790279133755591,1.4250369342912712e-17,-38.78974884871315,8.452550430148747,8.452550430148747,25748.417597275482,3049.411460029525,1.2945456945435797e-05,2.517926011934264e-06,4.401114946701947e-06,2.517926011934264e-06,4.401114946701947e-06,0.5721109406199708,0.0999999999999649,True,True,True,False,,,True,completed_point,resolved,resolved,1.0827401576890915e-05,1.0827401576890915e-05,1.062166291379518e-05,1.062166291379518e-05,1.1033140239986654e-05,1.1033140239986654e-05,0.004532053294657731,0.00034211060011466495,1.0922891958233119e-05,1.0922891958233119e-05,0.0025861564722151537,resolved,limited_mc,1.7139902110136198e-05,1.7139902110136198e-05,1.679022834647086e-05,1.679022834647086e-05,1.748957587380154e-05,1.748957587380154e-05,0.8189941770384799,0.020714308940911995,1.491057046583552e-05,1.491057046583552e-05,1.4250369342912712e-17,1.5830115830115832,/Users/emryspeets/Desktop/gp_mods/hps-gpr-emrys-validation_workflow/study_results/v4p9p13_calibration_20260905/derived/individual_2016_full/m088/result.json,256,500,5321.543467461006,eigenfeature_rtol_1e-15,2.796101650443983,gp,stress,0.004532053294657731,-5.396580176252306,8.452550430148747,gp,stress,0.8189941770384799,-0.1996783049974686,True
individual_2021_10pct,2021 10%,2021,88,17,1.0,4598377069.134253,1.1330190472273286e-06,3.6739548083305763e-07,1.1330190472273286e-06,3.6739548083305763e-07,0.32426240470725604,0.5,-0.6931471805599453,0.0,0.5,-0.6931471805599453,0.0,-4.7032768865693955,-17649.823840763715,3750.8983606124116,-3.838272411202392e-06,1.3429153468919707e-06,2.2812093416456925e-06,1.3429153468919707e-06,2.2812093416456925e-06,0.5886857126067943,0.09999999997738296,False,True,True,False,0.0,0.0,True,completed_point,resolved,bounded_atom,1.6576500478630914e-06,1.6576500478630914e-06,1.5954392884834062e-06,1.5954392884834062e-06,1.7198608072427764e-06,1.7198608072427764e-06,1.0,0.0,1.133107994962144e-06,1.133107994962144e-06,0.5,resolved,bounded_atom,1.6359814197864497e-06,1.6359814197864497e-06,1.5630041879661418e-06,1.5630041879661418e-06,1.7089586516067575e-06,1.7089586516067575e-06,1.0,0.0,3.6739548083305763e-07,3.6739548083305763e-07,0.5,0.9869281045751634,/Users/emryspeets/Desktop/gp_mods/hps-gpr-emrys-validation_workflow/study_results/v4p9p13_calibration_20260905/derived/individual_2021_10pct/m088/result.json,256,500,6376.993437902586,eigenfeature_rtol_1e-15,-2.0845677695290616,stress,gp,1.0,0.0,-4.7032768865693955,stress,gp,1.0,0.0,True
all_2015_2016_2021,2015 full + 2016 full + 2021 10%,2015+2016+2021,88,163,1.0,6608295528.264162,1.6837251761833967e-06,1.1334348517912388e-06,1.6837251761833967e-06,1.1334348517912388e-06,0.6731709353901004,0.5,-0.6931471805599453,0.0,0.5,-0.6931471805599453,0.0,-0.11483181534969795,-545.6925292032297,4752.057780638968,-8.257689548980715e-08,1.182770330870246e-06,2.022986184816991e-06,1.182770330870246e-06,2.022986184816991e-06,0.5846655502381718,0.10000000000007037,True,True,True,False,,,True,completed_point,resolved,bounded_atom,2.353966387569241e-06,2.353966387569241e-06,2.284819354076127e-06,2.284819354076127e-06,2.4231134210623543e-06,2.4231134210623543e-06,1.0,0.0,1.6851225626597098e-06,1.6851225626597098e-06,0.5,resolved,bounded_atom,2.5076948047166195e-06,2.5076948047166195e-06,2.4314168973716606e-06,2.4314168973716606e-06,2.583972712061579e-06,2.583972712061579e-06,1.0,0.0,1.1334348517912388e-06,1.1334348517912388e-06,0.5,1.0653061224489795,/Users/emryspeets/Desktop/gp_mods/hps-gpr-emrys-validation_workflow/study_results/v4p9p13_calibration_20260905/derived/all_2015_2016_2021/m088/result.json,256,500,8127.062492817218,eigenfeature_rtol_1e-15,-0.4964457173011144,stress,gp,1.0,0.0,-0.11483181534969795,gp,gp,1.0,0.0,True
individual_2015_full,2015 full,2015,89,84,1.0,19217320.04616657,8.640307256262115e-05,5.75506877914305e-05,8.640307256262115e-05,5.75506877914305e-05,0.6660722366061727,0.0258056995057267,-3.6571599003771427,1.9463609322922195,0.0004930054722774338,-7.61499028402896,3.2944881713828362,3.2944881713828362,794.5347918574344,242.45709360975738,4.1344723923455004e-05,2.0657800106881762e-05,4.370992380777535e-05,2.0657800106881762e-05,4.370992380777535e-05,0.4726112129073774,0.09999999999983167,False,True,True,False,,,True,completed_point,resolved,resolved,8.672349469975317e-05,8.672349469975317e-05,8.476156262354146e-05,8.476156262354146e-05,8.868542677596489e-05,8.868542677596489e-05,0.036040374862129416,0.0020453080231063103,8.640295098385883e-05,8.640295098385883e-05,0.02580798925120261,resolved,resolved,9.585228361551667e-05,9.585228361551667e-05,9.309883663689111e-05,9.309883663689111e-05,9.860573059414221e-05,9.860573059414221e-05,0.19308641712954122,0.008157245782887325,5.75506877914305e-05,5.75506877914305e-05,0.0004930054722774338,1.105263157894737,/Users/emryspeets/Desktop/gp_mods/hps-gpr-emrys-validation_workflow/study_results/v4p9p13_calibration_20260905/derived/individual_2015_full/m089/result.json,256,500,510.34431484545433,eigenfeature_rtol_1e-15,1.9463227831790306,stress,gp,0.036040374862129416,-3.323115445016142,3.2944881713828362,stress,gp,0.19308641712954122,-1.6446174331426882,True
individual_2016_full,2016 full,2016,89,66,1.0,1941972544.9102588,1.2103759897480822e-05,1.3675155015065668e-05,1.2103759897480822e-05,1.3675155015065668e-05,1.129827023246876,0.0009086293580855,-7.003573293818701,3.1185782635635535,2.5557956224399148e-14,-31.2978277285201,7.529036965339775,7.529036965339775,22690.297056508327,3016.5453296770775,1.1684149251222745e-05,2.5516735131172035e-06,4.52091783284166e-06,2.5516735131172035e-06,4.52091783284166e-06,0.5644149279999916,0.09999999999984979,True,True,True,False,,,True,completed_point,resolved,resolved,1.4686391262505784e-05,1.4686391262505784e-05,1.4428449060448035e-05,1.4428449060448035e-05,1.4944333464563532e-05,1.4944333464563532e-05,0.0016962586909511645,0.00012427681092956106,1.2103494894090368e-05,1.2103494894090368e-05,0.0009085070775993886,resolved,resolved,1.5717015210751806e-05,1.5717015210751806e-05,1.5413074650959486e-05,1.5413074650959486e-05,1.6020955770544122e-05,1.6020955770544122e-05,0.2469167808279541,0.010288708291172913,1.3675155015065668e-05,1.3675155015065668e-05,2.5557956224399148e-14,1.0701754385964914,/Users/emryspeets/Desktop/gp_mods/hps-gpr-emrys-validation_workflow/study_results/v4p9p13_calibration_20260905/derived/individual_2016_full/m089/result.json,256,500,5337.1824309887525,eigenfeature_rtol_1e-15,3.118617922954274,stress,gp,0.0016962586909511645,-6.37933022320199,7.529036965339775,gp,stress,0.2469167808279541,-1.3987039188492443,True
individual_2021_10pct,2021 10%,2021,89,17,1.0,4599094354.5997,1.3538057849223548e-06,5.24193319309636e-07,1.3538057849223548e-06,5.24193319309636e-07,0.38719979272337074,0.5,-0.6931471805599453,0.0,0.5,-0.6931471805599453,0.0,-2.988811398003417,-11180.171968512224,3739.552764847771,-2.430950771281868e-06,1.3382794952486978e-06,2.265199420721865e-06,1.3382794952486978e-06,2.265199420721865e-06,0.5907998576223457,0.09999999999865714,False,True,True,False,2.220446049250313e-16,0.0,True,completed_point,resolved,bounded_atom,2.721842591865013e-06,2.721842591865013e-06,2.6486807586914288e-06,2.6486807586914288e-06,2.7950044250385974e-06,2.7950044250385974e-06,1.0,0.0,1.3540150403262182e-06,1.3540150403262182e-06,0.5,resolved,bounded_atom,2.829425303005923e-06,2.829425303005923e-06,2.743511109165659e-06,2.743511109165659e-06,2.9153394968461863e-06,2.9153394968461863e-06,1.0,0.0,5.24193319309636e-07,5.24193319309636e-07,0.5,1.039525691699605,/Users/emryspeets/Desktop/gp_mods/hps-gpr-emrys-validation_workflow/study_results/v4p9p13_calibration_20260905/derived/individual_2021_10pct/m089/result.json,256,500,6333.222905096802,eigenfeature_rtol_1e-15,-1.4698307713887049,stress,gp,1.0,0.0,-2.988811398003417,stress,gp,1.0,0.0,True
all_2015_2016_2021,2015 full + 2016 full + 2021 10%,2015+2016+2021,89,167,1.0,6560284219.556126,2.1550917797488058e-06,1.7353050190012293e-06,2.1550917797488058e-06,1.7353050190012293e-06,0.8052116551637043,0.4319897972982636,-0.8393533083820515,0.1713105382907893,0.14906557804028298,-1.9033689487858247,1.040449410388839,1.040449410388839,4910.110047895469,4719.6236494832,7.484599574601496e-07,1.183166359080297e-06,2.0230065454713627e-06,1.183166359080297e-06,2.0230065454713627e-06,0.5848554280404555,0.09999999997353963,True,True,True,False,,,True,completed_point,resolved,resolved,4.515814843040883e-06,4.515814843040883e-06,4.432364416226823e-06,4.432364416226823e-06,4.599265269854943e-06,4.599265269854943e-06,0.3590041426025656,0.009955232637941173,2.1571432943670153e-06,2.1571432943670153e-06,0.4317777399618308,resolved,resolved,3.1322460400666547e-06,3.1322460400666547e-06,3.0381895617203576e-06,3.0381895617203576e-06,3.226302518412952e-06,3.226302518412952e-06,0.3183848456782851,0.010985806424585708,1.7353050190012293e-06,1.7353050190012293e-06,0.14906557804028298,0.6936170212765957,/Users/emryspeets/Desktop/gp_mods/hps-gpr-emrys-validation_workflow/study_results/v4p9p13_calibration_20260905/derived/all_2015_2016_2021/m089/result.json,256,500,8068.092964286209,eigenfeature_rtol_1e-15,0.17184996942531697,stress,gp,0.3590041426025656,-1.0244213512775227,1.040449410388839,gp,stress,0.3183848456782851,-1.1444944213761146,True
individual_2015_full,2015 full,2015,90,84,1.0,17567686.411679562,0.0001041715448033,0.00010032068574142929,0.0001041715448033,0.00010032068574142929,0.9630334841521068,0.0062883146423183,-5.069062186570486,2.495537974527703,8.635884853082904e-11,-23.172509843733163,6.383825677763236,6.383825677763236,1464.5609385911775,231.90656284783523,8.336675099217905e-05,2.142462675431791e-05,4.507596460096402e-05,2.142462675431791e-05,4.507596460096402e-05,0.47530046098802087,0.09999999999982963,False,True,True,False,,,True,completed_point,resolved,resolved,0.00010568923672012668,0.00010568923672012668,0.00010367898735370881,0.00010367898735370881,0.00010769948608654454,0.00010769948608654454,0.006619335218346643,0.00043119826523062803,0.00010417153756958722,0.00010417153756958722,0.006288340729585267,resolved,resolved,0.00013778111021814084,0.00013778111021814084,0.00013466006267179274,0.00013466006267179274,0.000140902157764489,0.000140902157764489,0.011528553063807111,0.0008225401761763613,0.00010032068574142929,0.00010032068574142929,8.635884853082904e-11,1.3036437246963561,/Users/emryspeets/Desktop/gp_mods/hps-gpr-emrys-validation_workflow/study_results/v4p9p13_calibration_20260905/derived/individual_2015_full/m090/result.json,256,500,481.0922410465306,eigenfeature_rtol_1e-15,2.4955365027313743,gp,stress,0.006619335218346643,-5.0177603342649935,6.383825677763236,stress,gp,0.011528553063807111,-4.462928445741134,True
individual_2016_full,2016 full,2016,90,66,1.0,1885323606.9162226,1.315209710142724e-05,1.3314254869991687e-05,1.315209710142724e-05,1.3314254869991687e-05,1.0123294230048567,0.0003088890981128,-8.082528251272347,3.4236866105162984,3.5604046840281546e-13,-28.663731995230393,7.177095223984885,7.177095223984885,21295.110835488085,2969.797645491009,1.1295201925742592e-05,2.5878976857014104e-06,4.58733966229538e-06,2.5878976857014104e-06,4.58733966229538e-06,0.5641391037537641,0.09999999999986328,True,True,True,False,,,True,completed_point,resolved,resolved,1.8736617271471226e-05,1.8736617271471226e-05,1.8444291432386783e-05,1.8444291432386783e-05,1.9028943110555666e-05,1.9028943110555666e-05,0.0004977505109911059,3.6318773391038664e-05,1.3133373986320932e-05,1.3133373986320932e-05,0.0003076811440637299,resolved,resolved,1.6296499673326134e-05,1.6296499673326134e-05,1.5996182188606985e-05,1.5996182188606985e-05,1.659681715804529e-05,1.659681715804529e-05,0.0005380220958106187,3.881152309916684e-05,1.3314254869991687e-05,1.3314254869991687e-05,3.5604046840281546e-13,0.869767441860465,/Users/emryspeets/Desktop/gp_mods/hps-gpr-emrys-validation_workflow/study_results/v4p9p13_calibration_20260905/derived/individual_2016_full/m090/result.json,256,500,5257.612927353886,eigenfeature_rtol_1e-15,3.424751369698562,stress,gp,0.0004977505109911059,-7.605411588418575,7.177095223984885,stress,gp,0.0005380220958106187,-7.52761092836589,True
individual_2021_10pct,2021 10%,2021,90,17,1.0,4598736371.3899355,1.9373832172373834e-06,1.1886135084137625e-06,1.9373832172373834e-06,1.1886135084137625e-06,0.6135149194224305,0.5,-0.6931471805599453,0.0,0.5,-0.6931471805599453,0.0,-0.31125584547185187,-1160.5158759181274,3728.3782452989126,-2.5235538247811537e-07,1.33381747736301e-06,2.2628842643336e-06,1.33381747736301e-06,2.2628842643336e-06,0.5894324771204363,0.09999999999996356,False,True,True,False,0.0,-5.551115123125783e-17,True,completed_point,resolved,bounded_atom,4.5353494973650355e-06,4.5353494973650355e-06,4.4388713979931795e-06,4.4388713979931795e-06,4.631827596736891e-06,4.631827596736891e-06,1.0,0.0,1.937859211970664e-06,1.937859211970664e-06,0.5,resolved,bounded_atom,5.803527792836775e-06,5.803527792836775e-06,5.670533327851475e-06,5.670533327851475e-06,5.936522257822075e-06,5.936522257822075e-06,1.0,0.0,1.1886135084137625e-06,1.1886135084137625e-06,0.5,1.2796208530805686,/Users/emryspeets/Desktop/gp_mods/hps-gpr-emrys-validation_workflow/study_results/v4p9p13_calibration_20260905/derived/individual_2021_10pct/m090/result.json,256,500,6326.256436928197,eigenfeature_rtol_1e-15,-0.420107300494692,stress,gp,1.0,0.0,-0.31125584547185187,stress,gp,1.0,0.0,True
all_2015_2016_2021,2015 full + 2016 full + 2021 10%,2015+2016+2021,90,167,1.0,6501627664.717837,3.194049877471847e-06,3.344104370591297e-06,3.194049877471847e-06,3.344104370591297e-06,1.0469793831892884,0.1060444580309974,-2.243896857413349,1.247842022675299,0.00038430300801232286,-7.864079233173723,3.3638597129741865,3.3638597129741865,15741.607108558703,4680.929610146972,2.421179421575177e-06,1.183740710210133e-06,2.027321021179001e-06,1.183740710210133e-06,2.027321021179001e-06,0.5838940640598308,0.09999999999999935,True,True,True,False,,,True,completed_point,resolved,resolved,6.817051574825305e-06,6.817051574825305e-06,6.7128695758613885e-06,6.7128695758613885e-06,6.921233573789221e-06,6.921233573789221e-06,0.06651265698009676,0.002907899352855799,3.1961695353558437e-06,3.1961695353558437e-06,0.10593312600405358,resolved,resolved,7.510311057010929e-06,7.510311057010929e-06,7.379463865769527e-06,7.379463865769527e-06,7.64115824825233e-06,7.64115824825233e-06,0.020408365837801454,0.001134345950813695,3.344104370591297e-06,3.344104370591297e-06,0.00038430300801232286,1.1016949152542372,/Users/emryspeets/Desktop/gp_mods/hps-gpr-emrys-validation_workflow/study_results/v4p9p13_calibration_20260905/derived/all_2015_2016_2021/m090/result.json,256,500,8013.004494588475,eigenfeature_rtol_1e-15,1.2484501533736982,stress,gp,0.06651265698009676,-2.7103630189031147,3.3638597129741865,stress,gp,0.020408365837801454,-3.8918103721076185,True
individual_2016_full,2016 full,2016,91,68,1.0,1836504895.4794202,1.3323124361087852e-05,1.2219372239326529e-05,1.3323124361087852e-05,1.2219372239326529e-05,0.9171551588165765,0.0003355683406958,-7.999684924245874,3.4011065295325404,9.387957731689832e-11,-23.08900824733232,6.37103306421187,6.37103306421187,18679.747829080236,2934.387179964008,1.0171357492735614e-05,2.62553146644693e-06,4.677646162914393e-06,2.62553146644693e-06,4.677646162914393e-06,0.5612933032991749,0.09999999999986524,True,True,True,False,,,True,completed_point,resolved,limited_mc,1.9816371166683134e-05,1.9816371166683134e-05,1.9520438631524737e-05,1.9520438631524737e-05,2.0112303701841534e-05,2.0112303701841534e-05,0.0004990622144179831,3.735725270771914e-05,1.3323027948290339e-05,1.3323027948290339e-05,0.000335550502213241,resolved,limited_mc,2.1238173582229908e-05,2.1238173582229908e-05,2.0895104354725184e-05,2.0895104354725184e-05,2.1581242809734628e-05,2.1581242809734628e-05,0.00225977004667906,0.00016500725931926273,1.2219372239326529e-05,1.2219372239326529e-05,9.387957731689832e-11,1.0717488789237668,/Users/emryspeets/Desktop/gp_mods/hps-gpr-emrys-validation_workflow/study_results/v4p9p13_calibration_20260905/derived/individual_2016_full/m091/result.json,256,500,5222.294193112223,eigenfeature_rtol_1e-15,3.4011210611799054,stress,gp,0.0004990622144179831,-7.602779791792084,6.37103306421187,stress,gp,0.00225977004667906,-6.092492220131803,True
individual_2021_10pct,2021 10%,2021,91,18,1.0,4632325518.026975,2.793553523236596e-06,1.9499799695332357e-06,2.793553523236596e-06,1.9499799695332357e-06,0.6980284978660438,0.2899526276060193,-1.2380377224278765,0.5535231175854425,0.1490348317763579,-1.9035752300455728,1.0405818389586428,1.0405818389586428,3896.1469200229676,3744.5931787526824,8.410779650222932e-07,1.3296384276613293e-06,2.272954447341371e-06,1.3296384276613293e-06,2.272954447341371e-06,0.5849824351810395,0.09999999997329138,False,True,True,False,0.0,0.0,True,completed_point,resolved,resolved,5.915724814910173e-06,5.915724814910173e-06,5.7987229167630816e-06,5.7987229167630816e-06,6.032726713057263e-06,6.032726713057263e-06,0.18499444707999113,0.0062255402512824696,2.794200104750056e-06,2.794200104750056e-06,0.2899177275374285,resolved,resolved,7.4702218465654e-06,7.4702218465654e-06,7.318835676442238e-06,7.318835676442238e-06,7.621608016688562e-06,7.621608016688562e-06,0.16823318119549344,0.006361776767691492,1.9499799695332357e-06,1.9499799695332357e-06,0.1490348317763579,1.2627737226277371,/Users/emryspeets/Desktop/gp_mods/hps-gpr-emrys-validation_workflow/study_results/v4p9p13_calibration_20260905/derived/individual_2021_10pct/m091/result.json,256,500,6400.832237718842,eigenfeature_rtol_1e-15,0.5536250846098374,stress,gp,0.18499444707999113,-1.6874294701381267,1.0405818389586428,stress,gp,0.16823318119549344,-1.7824042786308105,True
individual_2016_full,2016 full,2016,92,68,1.0,1779533983.3132849,1.2891370387710144e-05,1.2062017434033662e-05,1.2891370387710144e-05,1.2062017434033662e-05,0.9356660363690165,0.0009184035102576,-6.992873710261658,3.1154239560980264,3.643057548884276e-10,-21.73302761492536,6.159747224357515,6.159747224357515,17765.096708568344,2886.386602167765,9.983005031177771e-06,2.665352851456343e-06,4.8201101396095065e-06,2.665352851456343e-06,4.8201101396095065e-06,0.5529651344589965,0.0999999999998811,True,True,True,False,,,True,completed_point,resolved,resolved,2.0693523072106767e-05,2.0693523072106767e-05,2.048576765403033e-05,2.048576765403033e-05,2.0901278490183197e-05,2.0901278490183197e-05,0.0013482129097397329,9.287261833144281e-05,1.2891388754454859e-05,1.2891388754454859e-05,0.0009184004755959694,resolved,resolved,2.66912445255874e-05,2.66912445255874e-05,2.6458386619064542e-05,2.6458386619064542e-05,2.6924102432110264e-05,2.6924102432110264e-05,0.00335776740903465,0.00023197194996801496,1.2062017434033662e-05,1.2062017434033662e-05,3.643057548884276e-10,1.2898356859091378,/Users/emryspeets/Desktop/gp_mods/hps-gpr-emrys-validation_workflow/study_results/v4p9p13_calibration_20260905/refined_v1/attempt1_batch001/individual_2016_full/m092/result.json,,500,5214.413236980676,eigenfeature_rtol_1e-15,3.1154249306454664,stress,gp,0.0013482129097397329,-6.608975334053225,6.159747224357515,stress,gp,0.00335776740903465,-5.696478987456299,True
individual_2021_10pct,2021 10%,2021,92,17,1.0,4584189390.488783,3.463222821589818e-06,1.834526008789948e-06,3.463222821589818e-06,1.834526008789948e-06,0.5297164240641598,0.1109143995381807,-2.1989965505101687,1.2216796387109052,0.19108787529766336,-1.655021876647424,0.8738944258369984,0.8738944258369984,3232.804288388284,3699.635029508477,7.052074015736926e-07,1.3275487197887393e-06,2.227765214593357e-06,1.3275487197887393e-06,2.227765214593357e-06,0.5959105165537213,0.1000000000000328,False,True,True,False,8.881784197001252e-16,0.0,True,completed_point,resolved,resolved,6.559886357857165e-06,6.559886357857165e-06,6.448059610189146e-06,6.448059610189146e-06,6.6717131055251846e-06,6.6717131055251846e-06,0.06709736461657295,0.0029680756520315847,3.4798721679529128e-06,3.4798721679529128e-06,0.11090995379355634,resolved,resolved,6.983104832557628e-06,6.983104832557628e-06,6.861090688744269e-06,6.861090688744269e-06,7.105118976370986e-06,7.105118976370986e-06,0.22390541171834805,0.007706000598551818,1.834526008789948e-06,1.834526008789948e-06,0.19108787529766336,1.0645161290322582,/Users/emryspeets/Desktop/gp_mods/hps-gpr-emrys-validation_workflow/study_results/v4p9p13_calibration_20260905/derived/individual_2021_10pct/m092/result.json,256,500,6208.363653058254,eigenfeature_rtol_1e-15,1.221703142245884,stress,gp,0.06709736461657295,-2.7016105112367117,0.8738944258369984,stress,gp,0.22390541171834805,-1.4965315854223238,True
individual_2016_full,2016 full,2016,93,70,1.0,1730293737.37772,1.1358973160156414e-05,9.01393693994178e-06,1.1358973160156414e-05,9.01393693994178e-06,0.7935520942649765,0.0073375071513167,-4.914756119202608,2.440301355206304,1.3624259292348142e-05,-11.203658582757091,4.1953211844191785,4.1953211844191785,11945.171232341896,2848.846699545982,6.903551099043414e-06,2.706603603019654e-06,5.013143568896687e-06,2.706603603019654e-06,5.013143568896687e-06,0.5399014741593237,0.0999999999998072,True,True,True,False,,,True,completed_point,limited_mc,resolved,2.129370890172653e-05,2.129370890172653e-05,2.105989629058995e-05,2.105989629058995e-05,2.1527521512863106e-05,2.1527521512863106e-05,0.006469721092081992,0.00042975976536306664,1.1358963350878358e-05,1.1358963350878358e-05,0.007337625290198029,resolved,resolved,2.9041195556816795e-05,2.9041195556816795e-05,2.877840614057501e-05,2.877840614057501e-05,2.930398497305858e-05,2.930398497305858e-05,0.03676327079496852,0.0020528231359117134,9.01393693994178e-06,9.01393693994178e-06,1.3624259292348142e-05,1.3638392302086033,/Users/emryspeets/Desktop/gp_mods/hps-gpr-emrys-validation_workflow/study_results/v4p9p13_calibration_20260905/refined_v1/attempt1_batch001/individual_2016_full/m093/result.json,,500,5273.1906096609855,eigenfeature_rtol_1e-15,2.440295539440902,stress,gp,0.006469721092081992,-5.040622279268361,4.1953211844191785,stress,gp,0.03676327079496852,-3.303256008440669,True
individual_2021_10pct,2021 10%,2021,93,18,1.0,4611004478.764348,3.853792542962685e-06,1.5731854717943062e-06,3.853792542962685e-06,1.5731854717943062e-06,0.4082174777848541,0.0648929565947785,-2.7350161882065933,1.5149466579476312,0.322769979071599,-1.130815348548193,0.459966929361777,0.459966929361777,1708.195424681985,3713.9087001737116,3.7046058674394205e-07,1.3250618474997207e-06,2.2405290839879976e-06,1.3250618474997207e-06,2.2405290839879976e-06,0.5914057786481378,0.09999999999994273,False,True,True,False,0.0,0.0,True,completed_point,resolved,resolved,6.256965323229536e-06,6.256965323229536e-06,6.144491245787116e-06,6.144491245787116e-06,6.369439400671956e-06,6.369439400671956e-06,0.0491375500820071,0.0024715066343927246,3.852941253322454e-06,3.852941253322454e-06,0.0656860981393926,resolved,resolved,6.086707763413766e-06,6.086707763413766e-06,5.9591469416761646e-06,5.9591469416761646e-06,6.214268585151367e-06,6.214268585151367e-06,0.3529666712232955,0.010677983874999141,1.5731854717943062e-06,1.5731854717943062e-06,0.322769979071599,0.9727891156462585,/Users/emryspeets/Desktop/gp_mods/hps-gpr-emrys-validation_workflow/study_results/v4p9p13_calibration_20260905/derived/individual_2021_10pct/m093/result.json,256,500,6280.466966832023,eigenfeature_rtol_1e-15,1.50871278733551,stress,gp,0.0491375500820071,-3.0131317690129613,0.459966929361777,stress,gp,0.3529666712232955,-1.041381642304322,True
individual_2016_full,2016 full,2016,94,70,1.0,1673846903.228561,8.074201120130147e-06,2.5598384637687306e-06,8.074201120130147e-06,2.5598384637687306e-06,0.31703922477069396,0.0893167897072783,-2.4155657941330464,1.344974159822092,0.5,-0.6931471805599453,0.0,-0.19456782657304778,-544.6855180185404,2799.38993205427,-3.254094009242639e-07,2.7518343825966666e-06,4.9580401401831846e-06,2.7518343825966666e-06,4.9580401401831846e-06,0.5550246276334089,0.09999999999998146,True,True,True,False,,,True,completed_point,resolved,resolved,1.5164461599405034e-05,1.5164461599405034e-05,1.4902983605966879e-05,1.4902983605966879e-05,1.542593959284319e-05,1.542593959284319e-05,0.09880254439456773,0.004755078486048953,8.075462776761727e-06,8.075462776761727e-06,0.08932227276819771,resolved,bounded_atom,1.667148883909746e-05,1.667148883909746e-05,1.6374793061107273e-05,1.6374793061107273e-05,1.6968184617087647e-05,1.6968184617087647e-05,1.0,0.0,2.5598384637687306e-06,2.5598384637687306e-06,0.5,1.0993788819875776,/Users/emryspeets/Desktop/gp_mods/hps-gpr-emrys-validation_workflow/study_results/v4p9p13_calibration_20260905/derived/individual_2016_full/m094/result.json,256,500,5045.065756480506,eigenfeature_rtol_1e-15,1.3449402041147265,stress,gp,0.09880254439456773,-2.3146319215784623,-0.19456782657304778,stress,gp,1.0,0.0,True
individual_2021_10pct,2021 10%,2021,94,18,1.0,4595263980.328374,3.7500500191006656e-06,2.9367065055945832e-06,3.7500500191006656e-06,2.9367065055945832e-06,0.7831112893525783,0.0787417867888524,-2.541581301460201,1.4135857299968475,0.009054990912009809,-4.704439191290576,2.3633617585946856,2.3633617585946856,8736.544974692617,3697.5503213527436,1.9012063315823503e-06,1.3233170763417304e-06,2.235589595602393e-06,1.3233170763417304e-06,2.235589595602393e-06,0.591932024976684,0.09999999999979299,False,True,True,False,0.0,0.0,True,completed_point,resolved,resolved,5.287580950565513e-06,5.287580950565513e-06,5.192919586452752e-06,5.192919586452752e-06,5.382242314678274e-06,5.382242314678274e-06,0.06902581134857602,0.0029158427256656583,3.7566344725895534e-06,3.7566344725895534e-06,0.075188516633569,resolved,resolved,6.328108928789249e-06,6.328108928789249e-06,6.198959364582456e-06,6.198959364582456e-06,6.457258492996041e-06,6.457258492996041e-06,0.11108987612084438,0.004666990885224099,2.9367065055945832e-06,2.9367065055945832e-06,0.009054990912009809,1.1967871485943777,/Users/emryspeets/Desktop/gp_mods/hps-gpr-emrys-validation_workflow/study_results/v4p9p13_calibration_20260905/derived/individual_2021_10pct/m094/result.json,256,500,6245.225454831593,eigenfeature_rtol_1e-15,1.4382009940542402,stress,gp,0.06902581134857602,-2.673274766818833,2.3633617585946856,stress,gp,0.11108987612084438,-2.197415710513402,True
individual_2016_full,2016 full,2016,95,70,1.0,1617889150.7413461,5.823393316158571e-06,3.0246346934835777e-06,5.823393316158571e-06,3.0246346934835777e-06,0.5193938532523494,0.3471106087655866,-1.0581117925780474,0.3931330464423559,0.4168410151885416,-0.8750503884215188,0.20998160459568485,0.20998160459568485,577.4584369725767,2750.122235768597,3.5692089084593635e-07,2.7964332002910394e-06,5.030335220087423e-06,2.7964332002910394e-06,5.030335220087423e-06,0.5559138860416621,0.10000000000002832,True,True,True,False,,,True,completed_point,resolved,resolved,1.1897523320029336e-05,1.1897523320029336e-05,1.1669900156741429e-05,1.1669900156741429e-05,1.2125146483317243e-05,1.2125146483317243e-05,0.33756881933860305,0.010490643610368517,5.826021888278493e-06,5.826021888278493e-06,0.3471087372430779,resolved,resolved,1.6914551226065804e-05,1.6914551226065804e-05,1.659337783238503e-05,1.659337783238503e-05,1.723572461974657e-05,1.723572461974657e-05,0.47087243919735533,0.01237282368255416,3.0246346934835777e-06,3.0246346934835777e-06,0.4168410151885416,1.421686746987952,/Users/emryspeets/Desktop/gp_mods/hps-gpr-emrys-validation_workflow/study_results/v4p9p13_calibration_20260905/derived/individual_2016_full/m095/result.json,256,500,4947.501725344288,eigenfeature_rtol_1e-15,0.3931381145555684,stress,gp,0.33756881933860305,-1.0859858803047815,0.20998160459568485,stress,gp,0.47087243919735533,-0.75316805137632,True
individual_2021_10pct,2021 10%,2021,95,18,1.0,4575001004.618192,3.12088474742731e-06,3.0977584984349042e-06,3.12088474742731e-06,3.0977584984349042e-06,0.9925898420274989,0.1751400554778506,-1.7421693081252299,0.9340461050045168,0.00510513920343783,-5.277507559678934,2.568625328160448,2.568625328160448,9446.53858333751,3678.62994080019,2.0648167232754245e-06,1.322260034449909e-06,2.2132087327196313e-06,1.322260034449909e-06,2.2132087327196313e-06,0.5974402752446634,0.09999999999973908,False,True,True,False,2.220446049250313e-16,0.0,True,completed_point,resolved,resolved,3.8471446494131425e-06,3.8471446494131425e-06,3.752593142172226e-06,3.752593142172226e-06,3.941696156654059e-06,3.941696156654059e-06,0.1780051736338851,0.0061034645953203384,3.1256489611145924e-06,3.1256489611145924e-06,0.1750976821775877,resolved,resolved,5.760205649940989e-06,5.760205649940989e-06,5.62495847369378e-06,5.62495847369378e-06,5.895452826188199e-06,5.895452826188199e-06,0.09306606597224429,0.003982749198883169,3.0977584984349042e-06,3.0977584984349042e-06,0.00510513920343783,1.4972677595628414,/Users/emryspeets/Desktop/gp_mods/hps-gpr-emrys-validation_workflow/study_results/v4p9p13_calibration_20260905/derived/individual_2021_10pct/m095/result.json,256,500,6155.432790724067,eigenfeature_rtol_1e-15,0.9342104149884228,stress,gp,0.1780051736338851,-1.7259426637535362,2.568625328160448,stress,gp,0.09306606597224429,-2.374445651235822,True
individual_2016_full,2016 full,2016,96,72,1.0,1568621089.5044694,3.970430899472557e-06,2.4556364019167963e-06,3.970430899472557e-06,2.4556364019167963e-06,0.6184810828071607,0.5,-0.6931471805599453,0.0,0.5,-0.6931471805599453,0.0,-0.3971926224692704,-1076.8856559842939,2711.0925778444494,-6.865173898206892e-07,2.8435266604377827e-06,5.121056709873404e-06,2.8435266604377827e-06,5.121056709873404e-06,0.5552617011554392,0.09999999996624379,True,True,True,False,,,True,completed_point,resolved,bounded_atom,8.220652971893763e-06,8.220652971893763e-06,7.984432136420687e-06,7.984432136420687e-06,8.456873807366843e-06,8.456873807366843e-06,1.0,0.0,3.972715548467525e-06,3.972715548467525e-06,0.5,resolved,bounded_atom,1.5468447603918446e-05,1.5468447603918446e-05,1.5125044861245214e-05,1.5125044861245214e-05,1.5811850346591676e-05,1.5811850346591676e-05,1.0,0.0,2.4556364019167963e-06,2.4556364019167963e-06,0.5,1.8816568047337283,/Users/emryspeets/Desktop/gp_mods/hps-gpr-emrys-validation_workflow/study_results/v4p9p13_calibration_20260905/derived/individual_2016_full/m096/result.json,256,500,4883.347548860649,eigenfeature_rtol_1e-15,-0.6954043023948479,stress,gp,1.0,0.0,-0.3971926224692704,stress,gp,1.0,0.0,True
individual_2021_10pct,2021 10%,2021,96,18,1.0,4558298436.168591,2.5145442536810286e-06,2.9267825363020285e-06,2.5145442536810286e-06,2.9267825363020285e-06,1.1639415500512773,0.3601998224486889,-1.0210963391646426,0.357924727784677,0.009240045982441006,-4.684208416886272,2.3558557583241395,2.3558557583241395,8627.044864344054,3662.8445002402555,1.8926020279609834e-06,1.3213538048754599e-06,2.204806498327352e-06,1.3213538048754599e-06,2.204806498327352e-06,0.5993060188628289,0.09999999999988371,False,True,True,False,0.0,0.0,True,completed_point,resolved,resolved,2.4398381509528477e-06,2.4398381509528477e-06,2.3649691004823297e-06,2.3649691004823297e-06,2.5157231679174605e-06,2.5157231679174605e-06,0.41757176137919516,0.010692179757556696,2.511627699167204e-06,2.511627699167204e-06,0.363778252311468,resolved,resolved,4.209506166021652e-06,4.209506166021652e-06,4.104472604711828e-06,4.104472604711828e-06,4.314539727331475e-06,4.314539727331475e-06,0.14993099617002104,0.0059909249850574045,2.9267825363020285e-06,2.9267825363020285e-06,0.009240045982441006,1.7253218884120172,/Users/emryspeets/Desktop/gp_mods/hps-gpr-emrys-validation_workflow/study_results/v4p9p13_calibration_20260905/derived/individual_2021_10pct/m096/result.json,256,500,6109.6709647342595,eigenfeature_rtol_1e-15,0.34837775731643367,gp,gp,0.41757176137919516,-0.8732988659185281,2.3558557583241395,stress,gp,0.14993099617002104,-1.897580116263282,True
individual_2016_full,2016 full,2016,97,72,1.0,1513718760.1981797,2.858743869536095e-06,1.6259939694022858e-06,2.858743869536095e-06,1.6259939694022858e-06,0.5687791714149423,0.5,-0.6931471805599453,0.0,0.5,-0.6931471805599453,0.0,-1.6680072190006139,-4439.91338456573,2661.1765422731683,-2.933116442306922e-06,2.893122205167665e-06,5.182227074677055e-06,2.893122205167665e-06,5.182227074677055e-06,0.5582777758436912,0.10000000000005838,True,True,True,False,,,True,completed_point,resolved,bounded_atom,5.193113588419979e-06,5.193113588419979e-06,5.010594683079155e-06,5.010594683079155e-06,5.375632493760805e-06,5.375632493760805e-06,1.0,0.0,2.859667148405692e-06,2.859667148405692e-06,0.5,resolved,bounded_atom,1.2158284894215496e-05,1.2158284894215496e-05,1.1895712354468518e-05,1.1895712354468518e-05,1.2420857433962478e-05,1.2420857433962478e-05,1.0,0.0,1.6259939694022858e-06,1.6259939694022858e-06,0.5,2.3412322274881516,/Users/emryspeets/Desktop/gp_mods/hps-gpr-emrys-validation_workflow/study_results/v4p9p13_calibration_20260905/derived/individual_2016_full/m097/result.json,256,500,4768.705797236117,eigenfeature_rtol_1e-15,-1.72769433770851,stress,gp,1.0,0.0,-1.6680072190006139,stress,gp,1.0,0.0,True
individual_2021_10pct,2021 10%,2021,97,18,1.0,4531641021.3047695,2.055785064990245e-06,1.6682196689926686e-06,2.055785064990245e-06,1.6682196689926686e-06,0.8114757215636181,0.4999026019832914,-0.6933419955685739,0.000244140625,0.26592081906055065,-1.3245566872184489,0.6251972019302879,0.6251972019302879,2276.2789090543374,3641.1324420387527,5.023078611815862e-07,1.3215970133541314e-06,2.1948293678270024e-06,1.3215970133541314e-06,2.1948293678270024e-06,0.6021411198186137,0.10000000000004647,False,True,True,False,4.440892098500626e-16,0.0,True,completed_point,resolved,bounded_atom,1.88674672387091e-06,1.88674672387091e-06,1.8249094936995828e-06,1.8249094936995828e-06,1.9485839540422368e-06,1.9485839540422368e-06,1.0,0.0,2.0515460650863083e-06,2.0515460650863083e-06,0.5,resolved,resolved,2.6164277773016483e-06,2.6164277773016483e-06,2.539366092436283e-06,2.539366092436283e-06,2.6934894621670144e-06,2.6934894621670144e-06,0.6626271037839979,0.016644782822668243,1.6682196689926686e-06,1.6682196689926686e-06,0.26592081906055065,1.3867403314917124,/Users/emryspeets/Desktop/gp_mods/hps-gpr-emrys-validation_workflow/study_results/v4p9p13_calibration_20260905/derived/individual_2021_10pct/m097/result.json,256,500,6046.4504579576915,eigenfeature_rtol_1e-15,-0.18203510053713504,gp,gp,1.0,0.0,0.6251972019302879,gp,stress,0.6626271037839979,-0.4115428847552335,True
individual_2016_full,2016 full,2016,98,74,1.0,1465701455.0361786,2.025474767993195e-06,8.500885717082471e-07,2.025474767993195e-06,8.500885717082471e-07,0.419698425841414,0.5,-0.6931471805599453,0.0,0.5,-0.6931471805599453,0.0,-4.413538225422269,-11574.409672626423,2620.806492900654,-7.896839859752154e-06,2.944444251758178e-06,5.166125148397756e-06,2.944444251758178e-06,5.166125148397756e-06,0.569952172504257,0.09999999999304972,True,True,True,False,,,True,completed_point,resolved,bounded_atom,2.6866191536140944e-06,2.6866191536140944e-06,2.5556505466053447e-06,2.5556505466053447e-06,2.8175877606228432e-06,2.8175877606228432e-06,1.0,0.0,2.026125872099722e-06,2.026125872099722e-06,0.5,resolved,bounded_atom,5.373238307228189e-06,5.373238307228189e-06,5.175970314448979e-06,5.175970314448979e-06,5.570506300007398e-06,5.570506300007398e-06,1.0,0.0,8.500885717082471e-07,8.500885717082471e-07,0.5,2.0,/Users/emryspeets/Desktop/gp_mods/hps-gpr-emrys-validation_workflow/study_results/v4p9p13_calibration_20260905/chunked_v1/attempt1_remaining_2016_batch002/individual_2016_full/m098/result.json,,500,4603.068905299281,eigenfeature_rtol_1e-15,-2.982602733059607,stress,gp,1.0,0.0,-4.413538225422269,stress,gp,1.0,0.0,True
individual_2021_10pct,2021 10%,2021,98,18,1.0,4507466614.902107,2.072610001652843e-06,2.1167666716567336e-06,2.072610001652843e-06,2.1167666716567336e-06,1.0213048619704994,0.5,-0.6931471805599453,0.0,0.09787441258327267,-2.3240701263926526,1.2937585762405734,1.2937585762405734,4687.20593385887,3623.4232409989013,1.0398759068702866e-06,1.322109292898239e-06,2.1798637653208877e-06,1.322109292898239e-06,2.1798637653208877e-06,0.6065100553215615,0.09999999999506819,False,True,True,False,-2.220446049250313e-16,0.0,True,completed_point,resolved,bounded_atom,1.8945851470243753e-06,1.8945851470243753e-06,1.8274761859011221e-06,1.8274761859011221e-06,1.9616941081476285e-06,1.9616941081476285e-06,1.0,0.0,2.0770470814697947e-06,2.0770470814697947e-06,0.5,resolved,resolved,2.960936349994379e-06,2.960936349994379e-06,2.8666690961783565e-06,2.8666690961783565e-06,3.055203603810401e-06,3.055203603810401e-06,0.6678933383958973,0.017126423529466188,2.1167666716567336e-06,2.1167666716567336e-06,0.09787441258327267,1.5628415300546448,/Users/emryspeets/Desktop/gp_mods/hps-gpr-emrys-validation_workflow/study_results/v4p9p13_calibration_20260905/derived/individual_2021_10pct/m098/result.json,256,500,5973.178963446048,eigenfeature_rtol_1e-15,-0.1301609580099469,gp,gp,1.0,0.0,1.2937585762405734,gp,stress,0.6678933383958973,-0.4036267912546256,True
individual_2016_full,2016 full,2016,99,74,1.0,1412422419.832717,1.7523041834873133e-06,7.023616115487517e-07,1.7523041834873133e-06,7.023616115487517e-07,0.4008217398368363,0.5,-0.6931471805599453,0.0,0.5,-0.6931471805599453,0.0,-5.621380327807956,-14463.405467222932,2570.7998315082546,-1.0240141521497466e-05,2.9981403348026875e-06,5.2335602577263e-06,2.9981403348026875e-06,5.2335602577263e-06,0.5728682172669238,0.10000000000001871,True,True,True,False,,,True,completed_point,resolved,bounded_atom,2.0754372388157192e-06,2.0754372388157192e-06,1.9779878744341283e-06,1.9779878744341283e-06,2.17288660319731e-06,2.17288660319731e-06,1.0,0.0,1.7526957786087045e-06,1.7526957786087045e-06,0.5,resolved,bounded_atom,3.9520301912778365e-06,3.9520301912778365e-06,3.756931371277114e-06,3.756931371277114e-06,4.1471290112785594e-06,4.1471290112785594e-06,1.0,0.0,7.023616115487517e-07,7.023616115487517e-07,0.5,1.904191616766467,/Users/emryspeets/Desktop/gp_mods/hps-gpr-emrys-validation_workflow/study_results/v4p9p13_calibration_20260905/derived/individual_2016_full/m099/result.json,256,500,4493.634049623424,eigenfeature_rtol_1e-15,-3.6750594845699784,stress,gp,1.0,0.0,-5.621380327807956,stress,gp,1.0,0.0,True
individual_2021_10pct,2021 10%,2021,99,18,1.0,4478576117.353045,2.1458634869101453e-06,1.5697749029493456e-06,2.1458634869101453e-06,1.5697749029493456e-06,0.7315353061949358,0.5,-0.6931471805599453,0.0,0.3236130811510552,-1.12820667078585,0.457619039536143,0.457619039536143,1648.548669872606,3602.619545141167,3.680966063041798e-07,1.3232805623523531e-06,2.1777788656076606e-06,1.3232805623523531e-06,2.1777788656076606e-06,0.6076285261328042,0.09999999999998518,False,True,True,False,-1.1102230246251565e-16,0.0,True,completed_point,resolved,bounded_atom,1.9341438728418277e-06,1.9341438728418277e-06,1.8697123391180807e-06,1.8697123391180807e-06,1.998575406565575e-06,1.998575406565575e-06,1.0,0.0,2.1458828362502144e-06,2.1458828362502144e-06,0.5,resolved,resolved,2.4099225795301917e-06,2.4099225795301917e-06,2.333924710201183e-06,2.333924710201183e-06,2.485920448859201e-06,2.485920448859201e-06,0.9031100159694745,0.019850410029959364,1.5697749029493456e-06,1.5697749029493456e-06,0.3236130811510552,1.245989304812834,/Users/emryspeets/Desktop/gp_mods/hps-gpr-emrys-validation_workflow/study_results/v4p9p13_calibration_20260905/derived/individual_2021_10pct/m099/result.json,256,500,5929.213642906788,eigenfeature_rtol_1e-15,-0.03956636763571964,gp,gp,1.0,0.0,0.457619039536143,gp,stress,0.9031100159694745,-0.10191089913305414,True
individual_2016_full,2016 full,2016,100,74,1.0,1359555954.9233484,1.561098514644861e-06,5.071411461799641e-07,1.561098514644861e-06,5.071411461799641e-07,0.3248617184773474,0.5,-0.6931471805599453,0.0,0.5,-0.6931471805599453,0.0,-8.18505167403612,-20656.15261170324,2520.5479503068054,-1.5193308180440306e-05,3.0559441749829514e-06,5.2912970197017955e-06,3.0559441749829514e-06,5.2912970197017955e-06,0.5775416053198951,0.09999999999998462,True,True,True,False,,,True,completed_point,resolved,bounded_atom,1.7716411776352759e-06,1.7716411776352759e-06,1.6919888044399566e-06,1.6919888044399566e-06,1.8512935508305953e-06,1.8512935508305953e-06,1.0,0.0,1.5613446760655121e-06,1.5613446760655121e-06,0.5,resolved,bounded_atom,2.3747530678940935e-06,2.3747530678940935e-06,2.2574527860982258e-06,2.2574527860982258e-06,2.4920533496899607e-06,2.4920533496899607e-06,1.0,0.0,5.071411461799641e-07,5.071411461799641e-07,0.5,1.3404255319148939,/Users/emryspeets/Desktop/gp_mods/hps-gpr-emrys-validation_workflow/study_results/v4p9p13_calibration_20260905/derived/individual_2016_full/m100/result.json,256,500,4373.143263394411,eigenfeature_rtol_1e-15,-4.295692948346302,stress,gp,1.0,0.0,-8.18505167403612,stress,gp,1.0,0.0,True
individual_2021_10pct,2021 10%,2021,100,19,1.0,4484783019.932105,2.5924860129575142e-06,2.575745852618585e-06,2.5924860129575142e-06,2.575745852618585e-06,0.9935428155618736,0.312635903442656,-1.1627160133268717,0.4883925654364865,0.028537492776493235,-3.556536520249576,1.90273612572771,1.90273612572771,6866.167759780262,3609.2943365608035,1.5309921860799875e-06,1.3236007867591027e-06,2.1765706211809293e-06,1.3236007867591027e-06,2.1765706211809293e-06,0.6081129524944908,0.09999999999963013,False,True,True,False,0.0,0.0,True,completed_point,resolved,resolved,2.3465623151767863e-06,2.3465623151767863e-06,2.278507067551908e-06,2.278507067551908e-06,2.414617562801664e-06,2.414617562801664e-06,0.8972226960500411,0.019126016602073054,2.5991598218935493e-06,2.5991598218935493e-06,0.31725478472207613,resolved,resolved,3.2459055813458625e-06,3.2459055813458625e-06,3.1541661176137868e-06,3.1541661176137868e-06,3.3376450450779383e-06,3.3376450450779383e-06,0.8491343877763959,0.019471933563305146,2.575745852618585e-06,2.575745852618585e-06,0.028537492776493235,1.383259911894273,/Users/emryspeets/Desktop/gp_mods/hps-gpr-emrys-validation_workflow/study_results/v4p9p13_calibration_20260905/derived/individual_2021_10pct/m100/result.json,256,500,5934.137981359601,eigenfeature_rtol_1e-15,0.4753892300913923,gp,stress,0.8972226960500411,-0.1084511801223296,1.90273612572771,gp,stress,0.8491343877763959,-0.16353781570797238,True
individual_2016_full,2016 full,2016,101,76,1.0,1313702873.817005,1.552967404613409e-06,5.07749259586561e-07,1.552967404613409e-06,5.07749259586561e-07,0.32695422845205085,0.5,-0.6931471805599453,0.0,0.5,-0.6931471805599453,0.0,-8.334189598571886,-20696.003184111963,2480.1066454064203,-1.575394527681825e-05,3.112203514059035e-06,5.407867049695565e-06,3.112203514059035e-06,5.407867049695565e-06,0.5754955670062628,0.10000000000005141,True,True,True,False,,,True,completed_point,resolved,bounded_atom,1.6758330493341636e-06,1.6758330493341636e-06,1.6002234743752703e-06,1.6002234743752703e-06,1.7514426242930572e-06,1.7514426242930572e-06,1.0,0.0,1.5532310045473942e-06,1.5532310045473942e-06,0.5,resolved,bounded_atom,2.4527518193319944e-06,2.4527518193319944e-06,2.3351561573108863e-06,2.3351561573108863e-06,2.5703474813531026e-06,2.5703474813531026e-06,1.0,0.0,5.07749259586561e-07,5.07749259586561e-07,0.5,1.46360153256705,/Users/emryspeets/Desktop/gp_mods/hps-gpr-emrys-validation_workflow/study_results/v4p9p13_calibration_20260905/chunked_v1/attempt1_remaining_2016_batch001/individual_2016_full/m101/result.json,,500,4318.742937889948,eigenfeature_rtol_1e-15,-4.436530460986502,stress,gp,1.0,0.0,-8.334189598571886,stress,gp,1.0,0.0,True
individual_2021_10pct,2021 10%,2021,101,18,1.0,4417415270.321375,2.8188082660589303e-06,2.18419822116809e-06,2.8188082660589303e-06,2.18419822116809e-06,0.7748658351360272,0.2301737900592658,-1.4689206464343347,0.7382746297549574,0.0840125073508583,-2.4767895941888596,1.3785776394769214,1.3785776394769214,4908.290861976704,3560.9190707744024,1.1111228086146444e-06,1.3258702451407644e-06,2.1571814208739976e-06,1.3258702451407644e-06,2.1571814208739976e-06,0.6146308476009305,0.09999999999706917,False,True,True,False,2.220446049250313e-16,0.0,True,completed_point,resolved,resolved,2.5510468236716915e-06,2.5510468236716915e-06,2.4836345409823106e-06,2.4836345409823106e-06,2.6184591063610725e-06,2.6184591063610725e-06,0.8477410165006234,0.019395358832821074,2.8242977975570632e-06,2.8242977975570632e-06,0.23425618675209536,resolved,resolved,2.9301180384341515e-06,2.9301180384341515e-06,2.842570989926958e-06,2.842570989926958e-06,3.0176650869413455e-06,3.0176650869413455e-06,0.9066343454928792,0.019157940663514065,2.18419822116809e-06,2.18419822116809e-06,0.0840125073508583,1.14859437751004,/Users/emryspeets/Desktop/gp_mods/hps-gpr-emrys-validation_workflow/study_results/v4p9p13_calibration_20260905/derived/individual_2021_10pct/m101/result.json,256,500,5792.91666207469,eigenfeature_rtol_1e-15,0.7249016419437178,gp,stress,0.8477410165006234,-0.16518009490587943,1.3785776394769214,gp,stress,0.9066343454928792,-0.0980160573490634,True
individual_2016_full,2016 full,2016,102,76,1.0,1263341949.383527,1.558837304938822e-06,4.4693952052894916e-07,1.558837304938822e-06,4.4693952052894916e-07,0.286713385106273,0.5,-0.6931471805599453,0.0,0.5,-0.6931471805599453,0.0,-9.725924306256223,-23673.521696366308,2430.381168793785,-1.8738807579308418e-05,3.172819479713615e-06,5.493517380953793e-06,3.172819479713615e-06,5.493517380953793e-06,0.5775570112354401,0.09999999999173095,True,True,True,False,,,True,completed_point,resolved,bounded_atom,1.6371456915502875e-06,1.6371456915502875e-06,1.558888648711732e-06,1.558888648711732e-06,1.7154027343888428e-06,1.7154027343888428e-06,1.0,0.0,1.5590732910582198e-06,1.5590732910582198e-06,0.5,resolved,bounded_atom,1.891522910556109e-06,1.891522910556109e-06,1.7892890837126877e-06,1.7892890837126877e-06,1.99375673739953e-06,1.99375673739953e-06,1.0,0.0,4.4693952052894916e-07,4.4693952052894916e-07,0.5,1.155378486055777,/Users/emryspeets/Desktop/gp_mods/hps-gpr-emrys-validation_workflow/study_results/v4p9p13_calibration_20260905/derived/individual_2016_full/m102/result.json,256,500,4218.9510464009845,eigenfeature_rtol_1e-15,-4.499121459355815,gp,gp,1.0,0.0,-9.725924306256223,gp,gp,1.0,0.0,True
individual_2021_10pct,2021 10%,2021,102,19,1.0,4420676377.133435,2.725524076831037e-06,1.0754982384410088e-06,2.725524076831037e-06,1.0754982384410088e-06,0.3946023620130662,0.2817704716257302,-1.2666624698704354,0.5775900247102134,0.5,-0.6931471805599453,0.0,-0.5732091461644425,-2044.392373910091,3566.3570365250844,-4.624614424355955e-07,1.3273494660210643e-06,2.1882645829486345e-06,1.3273494660210643e-06,2.1882645829486345e-06,0.6065763145663549,0.10000000000232487,False,True,True,False,0.0,0.0,True,completed_point,resolved,resolved,2.4630964619904466e-06,2.4630964619904466e-06,2.3971839262909203e-06,2.3971839262909203e-06,2.529008997689973e-06,2.529008997689973e-06,0.8479984296148478,0.02057273352541346,2.7198586119137392e-06,2.7198586119137392e-06,0.27977418952037403,resolved,bounded_atom,2.0265983548022664e-06,2.0265983548022664e-06,1.9466697797301175e-06,1.9466697797301175e-06,2.106526929874415e-06,2.106526929874415e-06,1.0,0.0,1.0754982384410088e-06,1.0754982384410088e-06,0.5,0.8227848101265823,/Users/emryspeets/Desktop/gp_mods/hps-gpr-emrys-validation_workflow/study_results/v4p9p13_calibration_20260905/derived/individual_2021_10pct/m102/result.json,256,500,5880.737131002658,eigenfeature_rtol_1e-15,0.5835124490069666,gp,stress,0.8479984296148478,-0.1648764950612319,-0.5732091461644425,gp,gp,1.0,0.0,True
individual_2016_full,2016 full,2016,103,78,1.0,1219107292.4426947,1.6208021801378416e-06,3.944146829909281e-07,1.6208021801378416e-06,3.944146829909281e-07,0.24334535566665205,0.5,-0.6931471805599453,0.0,0.5,-0.6931471805599453,0.0,-11.2974136784621,-27043.853548750783,2389.5225527831317,-2.2183325221985746e-05,3.2343319455592372e-06,5.614848054521751e-06,3.2343319455592372e-06,5.614848054521751e-06,0.5760319627802865,0.10000000000002085,True,True,True,False,,,True,completed_point,resolved,bounded_atom,1.6949687888187805e-06,1.6949687888187805e-06,1.6447264484777826e-06,1.6447264484777826e-06,1.7452111291597784e-06,1.7452111291597784e-06,1.0,0.0,1.6221603312223842e-06,1.6221603312223842e-06,0.5,resolved,bounded_atom,1.6949687888187805e-06,1.6949687888187805e-06,1.6383487974843562e-06,1.6383487974843562e-06,1.7515887801532044e-06,1.7515887801532044e-06,1.0,0.0,3.944146829909281e-07,3.944146829909281e-07,0.5,1.0,/Users/emryspeets/Desktop/gp_mods/hps-gpr-emrys-validation_workflow/study_results/v4p9p13_calibration_20260905/refined_v1/attempt1_batch002/individual_2016_full/m103/result.json,,500,4161.142934854707,eigenfeature_rtol_1e-15,-4.4034229936288645,gp,gp,1.0,0.0,-11.2974136784621,gp,gp,1.0,0.0,True
individual_2021_10pct,2021 10%,2021,103,19,1.0,4382929461.950268,2.929495928147284e-06,2.121595510225376e-06,2.929495928147284e-06,2.121595510225376e-06,0.7242186240440169,0.2117528294863339,-1.552335583148062,0.800354113288243,0.09958508599685612,-2.3067428645909738,1.2839193614282263,1.2839193614282263,4548.491067712389,3543.144692626623,1.0377741889755285e-06,1.3296317089674897e-06,2.1694830942089025e-06,1.3296317089674897e-06,2.1694830942089025e-06,0.612879497663169,0.09999999999492745,False,True,True,False,-4.440892098500626e-16,-2.220446049250313e-16,True,completed_point,resolved,resolved,2.7819701954637406e-06,2.7819701954637406e-06,2.703697923507583e-06,2.703697923507583e-06,2.8602424674198973e-06,2.8602424674198973e-06,0.7476328193683972,0.017894035673104398,2.929956376613354e-06,2.929956376613354e-06,0.20894036026082752,resolved,resolved,2.9880420617943878e-06,2.9880420617943878e-06,2.899077210187713e-06,2.899077210187713e-06,3.0770069134010624e-06,3.0770069134010624e-06,0.8721150651667338,0.017548693729855427,2.121595510225376e-06,2.121595510225376e-06,0.09958508599685612,1.074074074074074,/Users/emryspeets/Desktop/gp_mods/hps-gpr-emrys-validation_workflow/study_results/v4p9p13_calibration_20260905/derived/individual_2021_10pct/m103/result.json,256,500,5780.470107005901,eigenfeature_rtol_1e-15,0.8101034518929618,gp,stress,0.7476328193683972,-0.29084330472758974,1.2839193614282263,gp,stress,0.8721150651667338,-0.13683390831207637,True
individual_2016_full,2016 full,2016,104,78,1.0,1171240573.980338,1.7894689254143975e-06,4.3031057430386503e-07,1.7894689254143975e-06,4.3031057430386503e-07,0.24046831335962737,0.5,-0.6931471805599453,0.0,0.5,-0.6931471805599453,0.0,-10.531015826820086,-24692.306872906018,2340.729997769677,-2.1082181937218762e-05,3.2974035189684634e-06,5.727825091770103e-06,3.2974035189684634e-06,5.727825091770103e-06,0.5756816009808441,0.1000000000001118,True,True,True,False,,,True,completed_point,resolved,bounded_atom,1.8481878913146274e-06,1.8481878913146274e-06,1.7966360116916087e-06,1.7966360116916087e-06,1.899739770937646e-06,1.899739770937646e-06,1.0,0.0,1.7898097536020519e-06,1.7898097536020519e-06,0.5,resolved,bounded_atom,1.8220478222487161e-06,1.8220478222487161e-06,1.7662045635339586e-06,1.7662045635339586e-06,1.8778910809634734e-06,1.8778910809634734e-06,1.0,0.0,4.3031057430386503e-07,4.3031057430386503e-07,0.5,0.9858563790030473,/Users/emryspeets/Desktop/gp_mods/hps-gpr-emrys-validation_workflow/study_results/v4p9p13_calibration_20260905/refined_v1/attempt1_batch002/individual_2016_full/m104/result.json,,500,4078.191990187095,eigenfeature_rtol_1e-15,-4.0039071121974645,gp,gp,1.0,0.0,-10.531015826820086,gp,gp,1.0,0.0,True
individual_2021_10pct,2021 10%,2021,104,19,1.0,4344473048.403972,2.799902525928957e-06,2.2453404663220203e-06,2.799902525928957e-06,2.2453404663220203e-06,0.8019352265047359,0.2363995351993266,-1.4422319596140276,0.7179322359017126,0.07408436372905669,-2.602550784749267,1.446030214321275,1.446030214321275,5089.753032058003,3520.3554708760835,1.1715466928556099e-06,1.332760106522356e-06,2.1598841731497727e-06,1.332760106522356e-06,2.1598841731497727e-06,0.6170516563296927,0.09999999999796974,False,True,True,False,2.220446049250313e-16,0.0,True,completed_point,resolved,resolved,2.636303840396965e-06,2.636303840396965e-06,2.568460426927967e-06,2.568460426927967e-06,2.7041472538659627e-06,2.7041472538659627e-06,0.7032230096661689,0.016568360080935363,2.8091315077179006e-06,2.8091315077179006e-06,0.2398561755528652,resolved,resolved,3.0979134622563557e-06,3.0979134622563557e-06,3.0079264599764625e-06,3.0079264599764625e-06,3.187900464536249e-06,3.187900464536249e-06,0.7953595668202114,0.016427322181528658,2.2453404663220203e-06,2.2453404663220203e-06,0.07408436372905669,1.1750972762645915,/Users/emryspeets/Desktop/gp_mods/hps-gpr-emrys-validation_workflow/study_results/v4p9p13_calibration_20260905/derived/individual_2021_10pct/m104/result.json,256,500,5704.39270699256,eigenfeature_rtol_1e-15,0.7067652851304378,gp,stress,0.7032230096661689,-0.35208121177823004,1.446030214321275,gp,stress,0.7953595668202114,-0.22896098126953363,True
individual_2016_full,2016 full,2016,105,80,1.0,1128974451.1550097,2.0656462739798725e-06,4.839186070324568e-07,2.0656462739798725e-06,4.839186070324568e-07,0.2342698327047509,0.5,-0.6931471805599453,0.0,0.5,-0.6931471805599453,0.0,-9.50569418999869,-21900.785233161718,2300.3544609217556,-1.9398831577416014e-05,3.3611334194528713e-06,5.872809757688974e-06,3.3611334194528713e-06,5.872809757688974e-06,0.5723211815353475,0.09999999999526235,True,True,True,False,,,True,completed_point,resolved,bounded_atom,2.1894613034306086e-06,2.1894613034306086e-06,2.0836119895985495e-06,2.0836119895985495e-06,2.295310617262667e-06,2.295310617262667e-06,1.0,0.0,2.066199853613801e-06,2.066199853613801e-06,0.5,resolved,bounded_atom,2.077896396249431e-06,2.077896396249431e-06,1.9643356416042297e-06,1.9643356416042297e-06,2.1914571508946323e-06,2.1914571508946323e-06,1.0,0.0,4.839186070324568e-07,4.839186070324568e-07,0.5,0.9490445859872612,/Users/emryspeets/Desktop/gp_mods/hps-gpr-emrys-validation_workflow/study_results/v4p9p13_calibration_20260905/chunked_v1/attempt1_remaining_2016_batch001/individual_2016_full/m105/result.json,,500,4030.5257552969433,eigenfeature_rtol_1e-15,-3.446611537636563,gp,gp,1.0,0.0,-9.50569418999869,gp,gp,1.0,0.0,True
individual_2021_10pct,2021 10%,2021,105,19,1.0,4306531080.089717,2.5417911982891046e-06,2.156576494710311e-06,2.5417911982891046e-06,2.156576494710311e-06,0.848447542096265,0.3308414976257754,-1.1061158774313555,0.4375907258921752,0.09369887826529238,-2.367669061364464,1.3183163900299708,1.3183163900299708,4610.509790892412,3497.7671714223857,1.0705855142223569e-06,1.3359059132387595e-06,2.158905988062326e-06,1.3359059132387595e-06,2.158905988062326e-06,0.6187883681020171,0.09999999999581755,False,True,True,False,0.0,0.0,True,completed_point,resolved,resolved,2.4300404685708992e-06,2.4300404685708992e-06,2.3635015663597415e-06,2.3635015663597415e-06,2.496579370782057e-06,2.496579370782057e-06,0.6937860072142469,0.01568907165739443,2.5420146682763833e-06,2.5420146682763833e-06,0.33087593383771974,resolved,resolved,3.096507263748572e-06,3.096507263748572e-06,3.009568752294189e-06,3.009568752294189e-06,3.183445775202955e-06,3.183445775202955e-06,0.682425929688785,0.01582285247494866,2.156576494710311e-06,2.156576494710311e-06,0.09369887826529238,1.2742616033755274,/Users/emryspeets/Desktop/gp_mods/hps-gpr-emrys-validation_workflow/study_results/v4p9p13_calibration_20260905/derived/individual_2021_10pct/m105/result.json,256,500,5652.007320183011,eigenfeature_rtol_1e-15,0.43749573611695813,gp,stress,0.6937860072142469,-0.36559171297756377,1.3183163900299708,gp,stress,0.682425929688785,-0.3821012857411241,True
individual_2016_full,2016 full,2016,106,80,1.0,1083695469.5466342,2.5157446449264872e-06,6.344458477918691e-07,2.5157446449264872e-06,6.344458477918691e-07,0.25219008179997865,0.4999311292015692,-0.693284931644052,0.0001726334915006,0.5,-0.6931471805599453,0.0,-7.280480064679391,-16420.263451588682,2252.619374301833,-1.5152101224948488e-05,3.426940812172276e-06,6.0014595475191354e-06,3.426940812172276e-06,6.0014595475191354e-06,0.57101789740279,0.1000000000000038,True,True,True,False,,,True,completed_point,resolved,bounded_atom,2.6934539703038996e-06,2.6934539703038996e-06,2.5817101803833225e-06,2.5817101803833225e-06,2.8051977602244766e-06,2.8051977602244766e-06,1.0,0.0,2.5166105026037477e-06,2.5166105026037477e-06,0.5,resolved,bounded_atom,2.5794453366402425e-06,2.5794453366402425e-06,2.4296927176253724e-06,2.4296927176253724e-06,2.7291979556551126e-06,2.7291979556551126e-06,1.0,0.0,6.344458477918691e-07,6.344458477918691e-07,0.5,0.9576719576719577,/Users/emryspeets/Desktop/gp_mods/hps-gpr-emrys-validation_workflow/study_results/v4p9p13_calibration_20260905/derived/individual_2016_full/m106/result.json,256,500,3953.620473296228,eigenfeature_rtol_1e-15,-2.711069411426993,gp,gp,1.0,0.0,-7.280480064679391,gp,gp,1.0,0.0,True
individual_2021_10pct,2021 10%,2021,106,20,1.0,4295839135.359829,2.2402171649779056e-06,1.637137362695202e-06,2.2402171649779056e-06,1.637137362695202e-06,0.7307940445636879,0.4715612348640948,-0.7517063128830094,0.0713458945127073,0.2950748678048464,-1.2205261656723698,0.5386190565728396,0.5386190565728396,1883.5844359905277,3497.2660778834615,4.3846717175380325e-07,1.3391923258845061e-06,2.1815923931576784e-06,1.3391923258845061e-06,2.1815923931576784e-06,0.6138600089020909,0.10000000000006073,False,True,True,False,2.220446049250313e-16,0.0,True,completed_point,resolved,resolved,2.2276353639535373e-06,2.2276353639535373e-06,2.1896158283934993e-06,2.1896158283934993e-06,2.2656548995135757e-06,2.2656548995135757e-06,0.6727183447024659,0.015490217213368166,2.2402569035348234e-06,2.2402569035348234e-06,0.4716757517960819,resolved,resolved,2.7750156004526294e-06,2.7750156004526294e-06,2.723474930371892e-06,2.723474930371892e-06,2.8265562705333666e-06,2.8265562705333666e-06,0.6676068035488195,0.015530068152469855,1.637137362695202e-06,1.637137362695202e-06,0.2950748678048464,1.2457225474853384,/Users/emryspeets/Desktop/gp_mods/hps-gpr-emrys-validation_workflow/study_results/v4p9p13_calibration_20260905/chunked_v1/attempt1_remaining_2021_batch001/individual_2021_10pct/m106/result.json,,500,5697.228309303452,eigenfeature_rtol_1e-15,0.07105811457322568,gp,stress,0.6727183447024659,-0.3964285440645384,0.5386190565728396,gp,stress,0.6676068035488195,-0.40405589619063426,True
individual_2016_full,2016 full,2016,107,80,1.0,1039823894.5121391,3.063557693320141e-06,7.4332943867916e-07,3.063557693320141e-06,7.4332943867916e-07,0.24263601769274148,0.5,-0.6931471805599453,0.0,0.5,-0.6931471805599453,0.0,-6.259728622762247,-13817.82986714254,2205.0437360747023,-1.328862506436779e-05,3.4952289384715803e-06,6.145961397598781e-06,3.4952289384715803e-06,6.145961397598781e-06,0.5687033667079591,0.09999999999962686,True,True,True,False,,,True,completed_point,resolved,bounded_atom,3.2253162554908984e-06,3.2253162554908984e-06,3.0832638609347123e-06,3.0832638609347123e-06,3.3673686500470846e-06,3.3673686500470846e-06,1.0,0.0,3.0643485191200512e-06,3.0643485191200512e-06,0.5,resolved,bounded_atom,3.137751108283001e-06,3.137751108283001e-06,2.980989781730884e-06,2.980989781730884e-06,3.2945124348351173e-06,3.2945124348351173e-06,1.0,0.0,7.4332943867916e-07,7.4332943867916e-07,0.5,0.9728506787330317,/Users/emryspeets/Desktop/gp_mods/hps-gpr-emrys-validation_workflow/study_results/v4p9p13_calibration_20260905/derived/individual_2016_full/m107/result.json,256,500,3884.8995154451177,eigenfeature_rtol_1e-15,-2.070118641245045,gp,gp,1.0,0.0,-6.259728622762247,gp,gp,1.0,0.0,True
individual_2021_10pct,2021 10%,2021,107,19,1.0,4223097373.8618684,1.977491500552418e-06,1.0820432981146359e-06,1.977491500552418e-06,1.0820432981146359e-06,0.5471797465690061,0.5,-0.6931471805599453,0.0,0.5,-0.6931471805599453,0.0,-0.5907649544919761,-2037.8758501916138,3449.3323978382673,-4.825547861635146e-07,1.3438296602218313e-06,2.168574622926132e-06,1.3438296602218313e-06,2.168574622926132e-06,0.6196833837373582,0.10000000000000672,False,True,True,False,-2.220446049250313e-16,0.0,True,completed_point,resolved,bounded_atom,2.0495493826159033e-06,2.0495493826159033e-06,1.987932102981637e-06,1.987932102981637e-06,2.111166662250169e-06,2.111166662250169e-06,1.0,0.0,1.9778993140327526e-06,1.9778993140327526e-06,0.5,resolved,bounded_atom,2.2967312177052583e-06,2.2967312177052583e-06,2.224166677258859e-06,2.224166677258859e-06,2.369295758151657e-06,2.369295758151657e-06,1.0,0.0,1.0820432981146359e-06,1.0820432981146359e-06,0.5,1.1206030150753767,/Users/emryspeets/Desktop/gp_mods/hps-gpr-emrys-validation_workflow/study_results/v4p9p13_calibration_20260905/derived/individual_2021_10pct/m107/result.json,256,500,5567.32244603847,eigenfeature_rtol_1e-15,-0.24813118750126928,gp,gp,1.0,0.0,-0.5907649544919761,gp,gp,1.0,0.0,True
individual_2016_full,2016 full,2016,108,82,1.0,1000794614.247957,3.9407161287176e-06,1.0028962586223657e-06,3.9407161287176e-06,1.0028962586223657e-06,0.2544959408047317,0.5,-0.6931471805599453,0.0,0.5,-0.6931471805599453,0.0,-4.550857134655965,-9862.90219240721,2165.534100953949,-9.8550712124072e-06,3.5648517918766796e-06,6.317155704487869e-06,3.5648517918766796e-06,6.317155704487869e-06,0.5643127949726042,0.09999999998682678,True,True,True,False,,,True,completed_point,resolved,bounded_atom,4.170196578772856e-06,4.170196578772856e-06,3.994245429996014e-06,3.994245429996014e-06,4.346147727549699e-06,4.346147727549699e-06,1.0,0.0,3.942360593377501e-06,3.942360593377501e-06,0.5,resolved,bounded_atom,3.945185972004537e-06,3.945185972004537e-06,3.7576338350266547e-06,3.7576338350266547e-06,4.132738108982419e-06,4.132738108982419e-06,1.0,0.0,1.0028962586223657e-06,1.0028962586223657e-06,0.5,0.946043165467626,/Users/emryspeets/Desktop/gp_mods/hps-gpr-emrys-validation_workflow/study_results/v4p9p13_calibration_20260905/derived/individual_2016_full/m108/result.json,256,500,3843.232484734279,eigenfeature_rtol_1e-15,-1.3347199820715694,gp,gp,1.0,0.0,-4.550857134655965,gp,gp,1.0,0.0,True
individual_2021_10pct,2021 10%,2021,108,20,1.0,4209611562.238633,1.7643046095747374e-06,7.701145129867475e-07,1.7643046095747374e-06,7.701145129867475e-07,0.43649747827410235,0.5,-0.6931471805599453,0.0,0.5,-0.6931471805599453,0.0,-1.6144619948973609,-5567.97345360888,3448.200646168719,-1.322681052939688e-06,1.347948335166166e-06,2.180029512545709e-06,1.347948335166166e-06,2.180029512545709e-06,0.6183165537021157,0.10000000001180964,False,True,True,False,2.220446049250313e-16,0.0,True,completed_point,resolved,bounded_atom,1.8740107563766756e-06,1.8740107563766756e-06,1.8171157623035183e-06,1.8171157623035183e-06,1.930905750449833e-06,1.930905750449833e-06,1.0,0.0,1.7676587422169743e-06,1.7676587422169743e-06,0.5,resolved,bounded_atom,1.9154253587275414e-06,1.9154253587275414e-06,1.8442531600418864e-06,1.8442531600418864e-06,1.9865975574131963e-06,1.9865975574131963e-06,1.0,0.0,7.701145129867475e-07,7.701145129867475e-07,0.5,1.022099447513812,/Users/emryspeets/Desktop/gp_mods/hps-gpr-emrys-validation_workflow/study_results/v4p9p13_calibration_20260905/derived/individual_2021_10pct/m108/result.json,256,500,5578.860444855033,eigenfeature_rtol_1e-15,-0.571136012463012,stress,gp,1.0,0.0,-1.6144619948973609,stress,gp,1.0,0.0,True
individual_2016_full,2016 full,2016,109,82,1.0,959229853.2774013,5.282844584276796e-06,1.570151709778954e-06,5.282844584276796e-06,1.570151709778954e-06,0.29721709293742216,0.5,-0.6931471805599453,0.0,0.5,-0.6931471805599453,0.0,-2.6009254370009556,-5513.887584139249,2118.9845141365217,-5.748244349672756e-06,3.6374450647978602e-06,6.498743817352676e-06,3.6374450647978602e-06,6.498743817352676e-06,0.5597151029534824,0.09999999999252222,True,True,True,False,,,True,completed_point,resolved,bounded_atom,5.956710596397242e-06,5.956710596397242e-06,5.75983351378902e-06,5.75983351378902e-06,6.1535876790054665e-06,6.1535876790054665e-06,1.0,0.0,5.285827638631701e-06,5.285827638631701e-06,0.5,resolved,bounded_atom,5.833255454502999e-06,5.833255454502999e-06,5.590285763323153e-06,5.590285763323153e-06,6.076225145682845e-06,6.076225145682845e-06,1.0,0.0,1.570151709778954e-06,1.570151709778954e-06,0.5,0.9792746113989637,/Users/emryspeets/Desktop/gp_mods/hps-gpr-emrys-validation_workflow/study_results/v4p9p13_calibration_20260905/derived/individual_2016_full/m109/result.json,256,500,3789.4994446577866,eigenfeature_rtol_1e-15,-0.5621837695140424,gp,gp,1.0,0.0,-2.6009254370009556,gp,gp,1.0,0.0,True
individual_2021_10pct,2021 10%,2021,109,20,1.0,4164806359.162701,1.7109136281894191e-06,1.0661125947328902e-06,1.7109136281894191e-06,1.0661125947328902e-06,0.6231247312356194,0.4999026019832914,-0.6933419955685739,0.000244140625,0.5,-0.6931471805599453,0.0,-0.650081731533375,-2225.5974148055757,3423.3201717810075,-5.3438196710135e-07,1.3523985175258859e-06,2.182676307827411e-06,1.3523985175258859e-06,2.182676307827411e-06,0.6196056248358851,0.09999999999696366,False,True,True,False,0.0,0.0,True,completed_point,resolved,bounded_atom,2.0836084777104446e-06,2.0836084777104446e-06,2.045713436376656e-06,2.045713436376656e-06,2.1215035190442334e-06,2.1215035190442334e-06,1.0,0.0,1.7110761811264518e-06,1.7110761811264518e-06,0.5,resolved,bounded_atom,2.718538921788876e-06,2.718538921788876e-06,2.6742603807879166e-06,2.6742603807879166e-06,2.7628174627898354e-06,2.7628174627898354e-06,1.0,0.0,1.0661125947328902e-06,1.0661125947328902e-06,0.5,1.3047263681592038,/Users/emryspeets/Desktop/gp_mods/hps-gpr-emrys-validation_workflow/study_results/v4p9p13_calibration_20260905/chunked_v1/attempt1_remaining_2021_batch001/individual_2021_10pct/m109/result.json,,500,5526.177648062901,eigenfeature_rtol_1e-15,-0.665657777646953,stress,gp,1.0,0.0,-0.650081731533375,stress,gp,1.0,0.0,True
individual_2016_full,2016 full,2016,110,84,1.0,922548485.0003735,8.491856223535266e-06,6.871311830348029e-06,8.491856223535266e-06,6.871311830348029e-06,0.8091648809719738,0.2856317698726614,-1.2530518156533765,0.5661915997206113,0.04071823107050227,-3.2010793489776184,1.7424115166771248,1.7424115166771248,3623.487289493725,2080.244075059964,3.9276930680692165e-06,3.708194095062224e-06,6.874162251275779e-06,3.708194095062224e-06,6.874162251275779e-06,0.5394394195996782,0.09999999999933588,True,True,True,False,,,True,completed_point,resolved,resolved,9.337014874161426e-06,9.337014874161426e-06,9.051829968216163e-06,9.051829968216163e-06,9.62219978010669e-06,9.62219978010669e-06,0.5463059192706214,0.013975969926937296,8.491750958943918e-06,8.491750958943918e-06,0.2855458731535738,resolved,resolved,1.2732293010220126e-05,1.2732293010220126e-05,1.2389409387384191e-05,1.2389409387384191e-05,1.3075176633056063e-05,1.3075176633056063e-05,0.48808735314381135,0.013915755841644246,6.871311830348029e-06,6.871311830348029e-06,0.04071823107050227,1.3636363636363635,/Users/emryspeets/Desktop/gp_mods/hps-gpr-emrys-validation_workflow/study_results/v4p9p13_calibration_20260905/derived/individual_2016_full/m110/result.json,256,500,3855.149169939503,eigenfeature_rtol_1e-15,0.5664443601690122,gp,stress,0.5463059192706214,-0.6045761684375885,1.7424115166771248,gp,stress,0.48808735314381135,-0.7172608868041221,True
individual_2021_10pct,2021 10%,2021,110,19,1.0,4086221438.116636,1.5789998509717312e-06,7.534498113952919e-07,1.5789998509717312e-06,7.534498113952919e-07,0.47716901995374594,0.4999026019832914,-0.6933419955685739,0.000244140625,0.5,-0.6931471805599453,0.0,-1.7109892340441544,-5772.454128780045,3373.110972006026,-1.4126630717890326e-06,1.3584818260405374e-06,2.1654294383057377e-06,1.3584818260405374e-06,2.1654294383057377e-06,0.6273498466444756,0.10000000000000638,False,True,True,False,-1.1102230246251565e-16,0.0,True,completed_point,resolved,bounded_atom,2.1288443490046147e-06,2.1288443490046147e-06,2.0686614489148503e-06,2.0686614489148503e-06,2.1890272490943787e-06,2.1890272490943787e-06,1.0,0.0,1.5795124871280658e-06,1.5795124871280658e-06,0.5,resolved,bounded_atom,2.3962354266573683e-06,2.3962354266573683e-06,2.3246044883500926e-06,2.3246044883500926e-06,2.4678663649646436e-06,2.4678663649646436e-06,1.0,0.0,7.534498113952919e-07,7.534498113952919e-07,0.5,1.1256038647342996,/Users/emryspeets/Desktop/gp_mods/hps-gpr-emrys-validation_workflow/study_results/v4p9p13_calibration_20260905/derived/individual_2021_10pct/m110/result.json,256,500,5379.048142108512,eigenfeature_rtol_1e-15,-0.8707520402147088,stress,gp,1.0,0.0,-1.7109892340441544,stress,gp,1.0,0.0,True
individual_2016_full,2016 full,2016,111,84,1.0,883612989.5439098,1.0283886445931732e-05,7.2941544733153596e-06,1.0283886445931732e-05,7.2941544733153596e-06,0.7092799508886936,0.1274235120774259,-2.0602389996739143,1.138655130776883,0.0308112643041579,-3.479874931702417,1.8690020540471184,1.8690020540471184,3801.109575796877,2034.4740653320441,4.301781006817111e-06,3.786399304526112e-06,6.77432272256237e-06,3.786399304526112e-06,6.77432272256237e-06,0.5589340011681516,0.09999999999958378,True,True,True,False,,,True,completed_point,resolved,resolved,1.1260351280080459e-05,1.1260351280080459e-05,1.0988762423417821e-05,1.0988762423417821e-05,1.1531940136743095e-05,1.1531940136743095e-05,0.17342369746151948,0.006337294426109112,1.028389661324666e-05,1.028389661324666e-05,0.12742136218472727,resolved,resolved,1.2804628027062922e-05,1.2804628027062922e-05,1.2469058401433633e-05,1.2469058401433633e-05,1.314019765269221e-05,1.314019765269221e-05,0.2500242622302166,0.00852376323256603,7.2941544733153596e-06,7.2941544733153596e-06,0.0308112643041579,1.1371428571428572,/Users/emryspeets/Desktop/gp_mods/hps-gpr-emrys-validation_workflow/study_results/v4p9p13_calibration_20260905/derived/individual_2016_full/m111/result.json,256,500,3638.7813148915147,eigenfeature_rtol_1e-15,1.1386654357858748,gp,stress,0.17342369746151948,-1.7520175604120667,1.8690020540471184,gp,stress,0.2500242622302166,-1.386197316907966,True
individual_2021_10pct,2021 10%,2021,111,20,1.0,4071046204.938883,1.5157510017982805e-06,6.91339343077212e-07,1.5157510017982805e-06,6.91339343077212e-07,0.4561035039772429,0.5,-0.6931471805599453,0.0,0.5,-0.6931471805599453,0.0,-2.0133244243466706,-6791.7706151240345,3372.651921761107,-1.6683108648790188e-06,1.3634368845769253e-06,2.1812607081819727e-06,1.3634368845769253e-06,2.1812607081819727e-06,0.6250682825132428,0.10000000000002654,False,True,True,False,-1.1102230246251565e-16,0.0,True,completed_point,resolved,bounded_atom,2.2065656102676562e-06,2.2065656102676562e-06,2.1436803793830486e-06,2.1436803793830486e-06,2.2694508411522647e-06,2.2694508411522647e-06,1.0,0.0,1.518614567105572e-06,1.518614567105572e-06,0.5,resolved,bounded_atom,2.4966305731197427e-06,2.4966305731197427e-06,2.425475717440821e-06,2.425475717440821e-06,2.5677854287986647e-06,2.5677854287986647e-06,1.0,0.0,6.91339343077212e-07,6.91339343077212e-07,0.5,1.131455399061033,/Users/emryspeets/Desktop/gp_mods/hps-gpr-emrys-validation_workflow/study_results/v4p9p13_calibration_20260905/derived/individual_2021_10pct/m111/result.json,256,500,5398.2531026501665,eigenfeature_rtol_1e-15,-1.0063384743176036,stress,gp,1.0,0.0,-2.0133244243466706,stress,gp,1.0,0.0,True
individual_2016_full,2016 full,2016,112,86,1.0,848765989.63582,1.3747277775890464e-05,1.2646635997555207e-05,1.3747277775890464e-05,1.2646635997555207e-05,0.9199374744383556,0.0360350276119989,-3.323263824351026,1.7986753193818537,2.0744444135677752e-05,-10.783232099637123,4.099027979986721,4.099027979986721,8175.375233342919,1996.0262028227778,9.632072129622826e-06,3.864722439528943e-06,7.288378651604026e-06,3.864722439528943e-06,7.288378651604026e-06,0.5302581855675672,0.09999999999994078,True,True,True,False,,,True,completed_point,resolved,resolved,1.4191777152054566e-05,1.4191777152054566e-05,1.3872720226964552e-05,1.3872720226964552e-05,1.4510834077144582e-05,1.4510834077144582e-05,0.39157007781111464,0.01217220895137492,1.3747342889336535e-05,1.3747342889336535e-05,0.03603513265459904,resolved,resolved,1.793009893844943e-05,1.793009893844943e-05,1.7514539142521475e-05,1.7514539142521475e-05,1.8345658734377384e-05,1.8345658734377384e-05,0.5076472803903651,0.013633474651222638,1.2646635997555207e-05,1.2646635997555207e-05,2.0744444135677752e-05,1.2634146341463417,/Users/emryspeets/Desktop/gp_mods/hps-gpr-emrys-validation_workflow/study_results/v4p9p13_calibration_20260905/derived/individual_2016_full/m112/result.json,256,500,3760.5456481263186,exact_cached_cholesky,1.7986739920583705,gp,stress,0.39157007781111464,-0.9375907813291579,4.099027979986721,gp,stress,0.5076472803903651,-0.6779684025025499,True
individual_2021_10pct,2021 10%,2021,112,20,1.0,4020069234.7272897,1.3972837982367754e-06,4.734614276709629e-07,1.3972837982367754e-06,4.734614276709629e-07,0.33884414051635126,0.5,-0.6931471805599453,0.0,0.5,-0.6931471805599453,0.0,-3.5303260932360687,-11811.948823631032,3344.5227233291375,-2.938245123142095e-06,1.3696004210886953e-06,2.1788367320767798e-06,1.3696004210886953e-06,2.1788367320767798e-06,0.6285924965948444,0.10000000003988549,False,True,True,False,-2.220446049250313e-16,0.0,True,completed_point,resolved,bounded_atom,2.1420230272422067e-06,2.1420230272422067e-06,2.0828008077520804e-06,2.0828008077520804e-06,2.2012452467323326e-06,2.2012452467323326e-06,1.0,0.0,1.3972834317589348e-06,1.3972834317589348e-06,0.5,resolved,bounded_atom,1.9764560299674464e-06,1.9764560299674464e-06,1.9079505101358806e-06,1.9079505101358806e-06,2.0449615497990126e-06,2.0449615497990126e-06,1.0,0.0,4.734614276709629e-07,4.734614276709629e-07,0.5,0.9227053140096617,/Users/emryspeets/Desktop/gp_mods/hps-gpr-emrys-validation_workflow/study_results/v4p9p13_calibration_20260905/derived/individual_2021_10pct/m112/result.json,256,500,5324.726336243515,eigenfeature_rtol_1e-15,-1.2517706079478446,stress,gp,1.0,0.0,-3.5303260932360687,stress,gp,1.0,0.0,True
individual_2016_full,2016 full,2016,113,86,1.0,812243006.3589127,1.631625744378539e-05,1.6897648874901317e-05,1.631625744378539e-05,1.6897648874901317e-05,1.0356326463417853,0.0106512063334569,-4.5420821224942225,2.302581293455108,4.273820668470017e-09,-19.27075763964055,5.757287207657486,5.757287207657486,11223.30153608727,1951.5962545048133,1.3817664723761173e-05,3.946520804754252e-06,7.470157155542043e-06,3.946520804754252e-06,7.470157155542043e-06,0.5283049235217714,0.09999999999984725,True,True,True,False,,,True,completed_point,resolved,resolved,1.6532434821054254e-05,1.6532434821054254e-05,1.620036545050898e-05,1.620036545050898e-05,1.6864504191599522e-05,1.6864504191599522e-05,0.3042590280186072,0.009825155206928888,1.6316247201416124e-05,1.6316247201416124e-05,0.010651128925191834,resolved,resolved,2.2279761947686848e-05,2.2279761947686848e-05,2.179581167345099e-05,2.179581167345099e-05,2.2763712221922703e-05,2.2763712221922703e-05,0.3839449951844745,0.011491855120669537,1.6897648874901317e-05,1.6897648874901317e-05,4.273820668470017e-09,1.3476394849785407,/Users/emryspeets/Desktop/gp_mods/hps-gpr-emrys-validation_workflow/study_results/v4p9p13_calibration_20260905/derived/individual_2016_full/m113/result.json,256,500,3688.4750726828165,eigenfeature_rtol_1e-15,2.302584042408582,gp,stress,0.3042590280186072,-1.1898758745272677,5.757287207657486,gp,stress,0.3839449951844745,-0.9572559783615809,True
individual_2021_10pct,2021 10%,2021,113,20,1.0,3972463475.1869864,1.3888047576551003e-06,5.042067538947589e-07,1.3888047576551003e-06,5.042067538947589e-07,0.3630508544239701,0.5,-0.6931471805599453,0.0,0.5,-0.6931471805599453,0.0,-3.270279272001449,-10860.531778746652,3319.7487861748928,-2.733953841636125e-06,1.3756753906094276e-06,2.182875217060825e-06,1.3756753906094276e-06,2.182875217060825e-06,0.630212565453802,0.10000000000003736,False,True,True,False,-2.220446049250313e-16,0.0,True,completed_point,resolved,bounded_atom,2.1874595584276384e-06,2.1874595584276384e-06,2.125212759484145e-06,2.125212759484145e-06,2.2497063573711316e-06,2.2497063573711316e-06,1.0,0.0,1.3885473992184816e-06,1.3885473992184816e-06,0.5,resolved,bounded_atom,2.1874595584276384e-06,2.1874595584276384e-06,2.1144183269515223e-06,2.1144183269515223e-06,2.260500789903755e-06,2.260500789903755e-06,1.0,0.0,5.042067538947589e-07,5.042067538947589e-07,0.5,1.0,/Users/emryspeets/Desktop/gp_mods/hps-gpr-emrys-validation_workflow/study_results/v4p9p13_calibration_20260905/derived/individual_2021_10pct/m113/result.json,256,500,5271.4180545531435,eigenfeature_rtol_1e-15,-1.276612357790926,stress,gp,1.0,0.0,-3.270279272001449,stress,gp,1.0,0.0,True
individual_2016_full,2016 full,2016,114,88,1.0,779495439.8372728,1.851658655415296e-05,1.977653186716803e-05,1.851658655415296e-05,1.977653186716803e-05,1.0680441456815097,0.0034105312676672,-5.680887202851931,2.7054562851753343,5.8878829001144694e-12,-25.85812462258791,6.782936189603516,6.782936189603516,12962.649725662151,1913.6500891954136,1.6629538882701137e-05,4.030965219348516e-06,7.6289866805753345e-06,4.030965219348516e-06,7.6289866805753345e-06,0.5283749189931112,0.09999999999987146,True,True,True,False,,,True,completed_point,resolved,resolved,1.8478109117635753e-05,1.8478109117635753e-05,1.8127691384801496e-05,1.8127691384801496e-05,1.882852685047001e-05,1.882852685047001e-05,0.15652358148249143,0.005812751830025184,1.8516584620672955e-05,1.8516584620672955e-05,0.0034105334468762104,resolved,resolved,2.507225786157635e-05,2.507225786157635e-05,2.454770566900174e-05,2.454770566900174e-05,2.559681005415096e-05,2.559681005415096e-05,0.19860384048649646,0.007495636492902997,1.977653186716803e-05,1.977653186716803e-05,5.8878829001144694e-12,1.356862745098039,/Users/emryspeets/Desktop/gp_mods/hps-gpr-emrys-validation_workflow/study_results/v4p9p13_calibration_20260905/derived/individual_2016_full/m114/result.json,256,500,3615.021626732574,eigenfeature_rtol_1e-15,2.7054560729503305,gp,stress,0.15652358148249143,-1.854548599953774,6.782936189603516,gp,stress,0.19860384048649646,-1.616443189760976,True
individual_2021_10pct,2021 10%,2021,114,20,1.0,3921167092.917856,1.4836808028204337e-06,7.85861716288561e-07,1.4836808028204337e-06,7.85861716288561e-07,0.5296703406788448,0.5,-0.6931471805599453,0.0,0.5,-0.6931471805599453,0.0,-1.6298609007805922,-5368.414686859729,3293.174005606228,-1.3690859276453157e-06,1.3820803853912422e-06,2.1954103161004004e-06,1.3820803853912422e-06,2.1954103161004004e-06,0.6295316985875168,0.10000000000669969,False,True,True,False,-2.220446049250313e-16,0.0,True,completed_point,resolved,bounded_atom,2.2625795601986742e-06,2.2625795601986742e-06,2.1958129763073326e-06,2.1958129763073326e-06,2.329346144090016e-06,2.329346144090016e-06,1.0,0.0,1.484145790996845e-06,1.484145790996845e-06,0.5,resolved,bounded_atom,3.0654303718820748e-06,3.0654303718820748e-06,2.9778503759782383e-06,2.9778503759782383e-06,3.1530103677859108e-06,3.1530103677859108e-06,1.0,0.0,7.85861716288561e-07,7.85861716288561e-07,0.5,1.3548387096774193,/Users/emryspeets/Desktop/gp_mods/hps-gpr-emrys-validation_workflow/study_results/v4p9p13_calibration_20260905/derived/individual_2021_10pct/m114/result.json,256,500,5233.225447555891,eigenfeature_rtol_1e-15,-1.0934073812290102,stress,gp,1.0,0.0,-1.6298609007805922,stress,gp,1.0,0.0,True
individual_2016_full,2016 full,2016,115,88,1.0,745544964.9552505,1.904648625934967e-05,1.6422695375443153e-05,1.904648625934967e-05,1.6422695375443153e-05,0.8622427859827146,0.0032830855957542,-5.718971568382744,2.7180812495524673,6.769141195692948e-08,-16.508306519477696,5.271405723588043,5.271405723588043,9846.775478344618,1869.9656107293306,1.3207487061408357e-05,4.120335287473171e-06,7.831314326796094e-06,4.120335287473171e-06,7.831314326796094e-06,0.5261358586227072,0.0999999999998433,True,True,True,False,,,True,completed_point,resolved,resolved,1.8670591112122845e-05,1.8670591112122845e-05,1.833091400751125e-05,1.833091400751125e-05,1.9010268216734443e-05,1.9010268216734443e-05,0.18996386398599743,0.007611280717003227,1.9046502161543495e-05,1.9046502161543495e-05,0.0033206870565664274,resolved,resolved,2.067898139111614e-05,2.067898139111614e-05,2.0199248689638504e-05,2.0199248689638504e-05,2.1158714092593775e-05,2.1158714092593775e-05,0.5342249252687672,0.01418356143196259,1.6422695375443153e-05,1.6422695375443153e-05,6.769141195692948e-08,1.107569721115538,/Users/emryspeets/Desktop/gp_mods/hps-gpr-emrys-validation_workflow/study_results/v4p9p13_calibration_20260905/derived/individual_2016_full/m115/result.json,256,500,3549.2628389179763,eigenfeature_rtol_1e-15,2.7143112180086626,gp,stress,0.18996386398599743,-1.6609214144573583,5.271405723588043,gp,stress,0.5342249252687672,-0.6269383203368073,True
individual_2021_10pct,2021 10%,2021,115,21,1.0,3897793589.8237205,1.5197162860472105e-06,7.489586630261816e-07,1.5197162860472105e-06,7.489586630261816e-07,0.49282795078430514,0.5,-0.6931471805599453,0.0,0.5,-0.6931471805599453,0.0,-1.8026375116134719,-5928.457845315581,3288.087372571593,-1.5209778836912958e-06,1.3882714337639229e-06,2.214277984012436e-06,1.3882714337639229e-06,2.214277984012436e-06,0.6269634814542445,0.09999999999994184,False,True,True,False,2.220446049250313e-16,2.220446049250313e-16,True,completed_point,resolved,bounded_atom,2.3451231848683884e-06,2.3451231848683884e-06,2.2773971737604855e-06,2.2773971737604855e-06,2.4128491959762913e-06,2.4128491959762913e-06,1.0,0.0,1.5201425559761684e-06,1.5201425559761684e-06,0.5,resolved,bounded_atom,3.133841744801703e-06,3.133841744801703e-06,3.041378688840543e-06,3.041378688840543e-06,3.2263048007628633e-06,3.2263048007628633e-06,1.0,0.0,7.489586630261816e-07,7.489586630261816e-07,0.5,1.336322869955157,/Users/emryspeets/Desktop/gp_mods/hps-gpr-emrys-validation_workflow/study_results/v4p9p13_calibration_20260905/derived/individual_2021_10pct/m115/result.json,256,500,5246.740731021771,eigenfeature_rtol_1e-15,-1.04771959007555,stress,gp,1.0,0.0,-1.8026375116134719,stress,gp,1.0,0.0,True
individual_2016_full,2016 full,2016,116,88,1.0,712515634.638068,2.0417550562473895e-05,1.7224628105047072e-05,2.0417550562473895e-05,1.7224628105047072e-05,0.8436187314606091,0.0012291229119734,-6.701454443656418,3.028434227231243,2.6391713131037264e-08,-17.450215772621593,5.441669870767653,5.441669870767653,9930.773980072487,1827.018448050324,1.3937622554930964e-05,4.212017587544008e-06,7.78476885443822e-06,4.212017587544008e-06,7.78476885443822e-06,0.541058786240348,0.09999999999989033,True,True,True,False,,,True,completed_point,resolved,resolved,1.9964356443631654e-05,1.9964356443631654e-05,1.9545960988772364e-05,1.9545960988772364e-05,2.0382751898490948e-05,2.0382751898490948e-05,0.034312423868336224,0.0017958521027022264,2.0416042318673633e-05,2.0416042318673633e-05,0.0012285707689768286,resolved,resolved,2.1738965905287805e-05,2.1738965905287805e-05,2.1255718437696293e-05,2.1255718437696293e-05,2.2222213372879314e-05,2.2222213372879314e-05,0.19581456074670664,0.007718570068754134,1.7224628105047072e-05,1.7224628105047072e-05,2.6391713131037264e-08,1.088888888888889,/Users/emryspeets/Desktop/gp_mods/hps-gpr-emrys-validation_workflow/study_results/v4p9p13_calibration_20260905/derived/individual_2016_full/m116/result.json,256,500,3371.831964817733,eigenfeature_rtol_1e-15,3.0285699891592297,gp,stress,0.034312423868336224,-3.3722477784882927,5.441669870767653,gp,stress,0.19581456074670664,-1.630587186243615,True
individual_2021_10pct,2021 10%,2021,116,20,1.0,3818729952.111237,1.621681423469353e-06,8.075461392104818e-07,1.621681423469353e-06,8.075461392104818e-07,0.4979684218635579,0.4999026019832914,-0.6933419955685739,0.000244140625,0.5,-0.6931471805599453,0.0,-1.5744568341215024,-5101.36481663275,3239.4878205892905,-1.3358799602502374e-06,1.3960131497779534e-06,2.2060633043057783e-06,1.3960131497779534e-06,2.2060633043057783e-06,0.6328073845629112,0.10000000003046557,False,True,True,False,-1.1102230246251565e-16,0.0,True,completed_point,resolved,bounded_atom,2.3992803912197057e-06,2.3992803912197057e-06,2.3351439793405113e-06,2.3351439793405113e-06,2.4634168030989005e-06,2.4634168030989005e-06,1.0,0.0,1.621873757249787e-06,1.621873757249787e-06,0.5,resolved,bounded_atom,2.870754703904801e-06,2.870754703904801e-06,2.7863797603938576e-06,2.7863797603938576e-06,2.9551296474157445e-06,2.9551296474157445e-06,1.0,0.0,8.075461392104818e-07,8.075461392104818e-07,0.5,1.1965065502183407,/Users/emryspeets/Desktop/gp_mods/hps-gpr-emrys-validation_workflow/study_results/v4p9p13_calibration_20260905/derived/individual_2021_10pct/m116/result.json,256,500,5121.231870582418,eigenfeature_rtol_1e-15,-0.8481903563387805,stress,gp,1.0,0.0,-1.5744568341215024,stress,gp,1.0,0.0,True
individual_2016_full,2016 full,2016,117,90,1.0,683188386.444614,2.146207845168307e-05,1.770365222785041e-05,2.146207845168307e-05,1.770365222785041e-05,0.8248806036053827,0.0005229154618975,-7.556090747695888,3.2778982345871315,2.1246096765657722e-08,-17.667092640063625,5.480168094306729,5.480168094306729,9799.897635810554,1790.3347780784468,1.4344356300917639e-05,4.304441829306489e-06,7.732380655477862e-06,4.304441829306489e-06,7.732380655477862e-06,0.5566774349445778,0.09999999999989224,True,True,True,False,,,True,completed_point,resolved,resolved,2.1592487731403722e-05,2.1592487731403722e-05,2.12033646139195e-05,2.12033646139195e-05,2.1981610848887943e-05,2.1981610848887943e-05,0.0032517258538767514,0.00014773978143573096,2.1453511424635273e-05,2.1453511424635273e-05,0.0005215901799674634,resolved,resolved,2.188626307468813e-05,2.188626307468813e-05,2.1448016054272693e-05,2.1448016054272693e-05,2.2324510095103562e-05,2.2324510095103562e-05,0.03236705147064145,0.0012583286395153803,1.770365222785041e-05,1.770365222785041e-05,2.1246096765657722e-08,1.0136054421768708,/Users/emryspeets/Desktop/gp_mods/hps-gpr-emrys-validation_workflow/study_results/v4p9p13_calibration_20260905/chunked_v1/attempt1_remaining_2016_batch002/individual_2016_full/m117/result.json,,500,3211.262444090957,eigenfeature_rtol_1e-15,3.2786144965272666,gp,stress,0.0032517258538767514,-5.72856939162599,5.480168094306729,gp,stress,0.03236705147064145,-3.430614303526376,True
individual_2021_10pct,2021 10%,2021,117,21,1.0,3793291976.350396,1.8022127064003567e-06,9.253909772205564e-07,1.8022127064003567e-06,9.253909772205564e-07,0.5134748933542272,0.4999026019832914,-0.6933419955685739,0.000244140625,0.5,-0.6931471805599453,0.0,-1.1672377173203607,-3775.635147768187,3234.2348293750056,-9.95345249273641e-07,1.4030017012628545e-06,2.2286624516098233e-06,1.4030017012628545e-06,2.2286624516098233e-06,0.6295263332719714,0.09999999999987337,False,True,True,False,0.0,0.0,True,completed_point,resolved,bounded_atom,2.4661983768534846e-06,2.4661983768534846e-06,2.4009051739858995e-06,2.4009051739858995e-06,2.5314915797210705e-06,2.5314915797210705e-06,1.0,0.0,1.8020247777320953e-06,1.8020247777320953e-06,0.5,resolved,bounded_atom,3.1541936321988774e-06,3.1541936321988774e-06,3.0625475035202603e-06,3.0625475035202603e-06,3.245839760877495e-06,3.245839760877495e-06,1.0,0.0,9.253909772205564e-07,9.253909772205564e-07,0.5,1.2789699570815452,/Users/emryspeets/Desktop/gp_mods/hps-gpr-emrys-validation_workflow/study_results/v4p9p13_calibration_20260905/derived/individual_2021_10pct/m117/result.json,256,500,5139.233244295523,eigenfeature_rtol_1e-15,-0.5789579045902834,stress,gp,1.0,0.0,-1.1672377173203607,stress,gp,1.0,0.0,True
individual_2016_full,2016 full,2016,118,90,1.0,652558977.4953038,1.9872213903049525e-05,1.7721101605893396e-05,1.9872213903049525e-05,1.7721101605893396e-05,0.8917527605303188,0.002981822276038,-5.815220663329804,2.7497736420454792,4.7213000989715965e-08,-16.868596537585457,5.337136407174167,5.337136407174167,9322.354518932712,1748.7272799028917,1.4285842108424296e-05,4.401632478445001e-06,8.099265006825125e-06,4.401632478445001e-06,8.099265006825125e-06,0.543460730663315,0.0999999999998945,True,True,True,False,,,True,completed_point,resolved,resolved,1.9155266191143572e-05,1.9155266191143572e-05,1.8814938134135486e-05,1.8814938134135486e-05,1.949559424815166e-05,1.949559424815166e-05,0.06107225257594324,0.002881182636644607,1.9872219747727775e-05,1.9872219747727775e-05,0.002981812623362486,resolved,resolved,2.1386200807782784e-05,2.1386200807782784e-05,2.0887420085549214e-05,2.0887420085549214e-05,2.188498153001635e-05,2.188498153001635e-05,0.19552659550597093,0.007399318623022798,1.7721101605893396e-05,1.7721101605893396e-05,4.7213000989715965e-08,1.1164658634538154,/Users/emryspeets/Desktop/gp_mods/hps-gpr-emrys-validation_workflow/study_results/v4p9p13_calibration_20260905/derived/individual_2016_full/m118/result.json,256,500,3212.8362202327417,eigenfeature_rtol_1e-15,2.7497747028709956,gp,stress,0.06107225257594324,-2.7956976472800728,5.337136407174167,gp,stress,0.19552659550597093,-1.6320588704153867,True
individual_2021_10pct,2021 10%,2021,118,21,1.0,3738809809.9336705,2.2088550347280836e-06,1.8277409707777673e-06,2.2088550347280836e-06,1.8277409707777673e-06,0.8274608075413005,0.5,-0.6931471805599453,0.0,0.24306869485347976,-1.4144111807219675,0.6964654457987945,0.6964654457987945,2232.8785830359775,3206.2774988199735,5.97216412855082e-07,1.410639644270746e-06,2.2400943168000032e-06,1.410639644270746e-06,2.2400943168000032e-06,0.6297233262418427,0.10000000000000091,False,True,True,False,2.220446049250313e-16,0.0,True,completed_point,resolved,bounded_atom,2.872483406867094e-06,2.872483406867094e-06,2.7857436136400803e-06,2.7857436136400803e-06,2.9592232000941073e-06,2.9592232000941073e-06,1.0,0.0,2.209211285042703e-06,2.209211285042703e-06,0.5,resolved,resolved,4.0214767696139315e-06,4.0214767696139315e-06,3.9293039513912e-06,3.9293039513912e-06,4.113649587836663e-06,4.113649587836663e-06,0.2847434688457254,0.009060295003179612,1.8277409707777673e-06,1.8277409707777673e-06,0.24306869485347976,1.4000000000000001,/Users/emryspeets/Desktop/gp_mods/hps-gpr-emrys-validation_workflow/study_results/v4p9p13_calibration_20260905/derived/individual_2021_10pct/m118/result.json,256,500,5091.398703628507,eigenfeature_rtol_1e-15,-0.03734142783222225,stress,gp,1.0,0.0,0.6964654457987945,stress,gp,0.2847434688457254,-1.2561666133683715,True
individual_2016_full,2016 full,2016,119,92,1.0,625378451.6563962,2.1409720830682224e-05,2.31308419218931e-05,2.1409720830682224e-05,2.31308419218931e-05,1.0803897026412572,0.0007572941331473,-7.185758828939915,3.1718737668002133,3.6603327644133907e-13,-28.63605214640359,7.1733084532580405,7.1733084532580405,12269.401836283356,1713.159290748566,1.9619163090423487e-05,4.4961739006438535e-06,7.902124098586916e-06,4.4961739006438535e-06,7.902124098586916e-06,0.5689829525010717,0.09999999999990286,True,True,True,False,,,True,completed_point,resolved,resolved,2.176603077106501e-05,2.176603077106501e-05,2.1362279970084994e-05,2.1362279970084994e-05,2.216978157204502e-05,2.216978157204502e-05,0.0011372024641900654,8.461215964425163e-05,2.1410684049244955e-05,2.1410684049244955e-05,0.0007612533617279191,resolved,resolved,2.777045305273811e-05,2.777045305273811e-05,2.727086103603778e-05,2.727086103603778e-05,2.827004506943845e-05,2.827004506943845e-05,0.0006501979002572817,4.887731607523505e-05,2.31308419218931e-05,2.31308419218931e-05,3.6603327644133907e-13,1.2758620689655171,/Users/emryspeets/Desktop/gp_mods/hps-gpr-emrys-validation_workflow/study_results/v4p9p13_calibration_20260905/derived/individual_2016_full/m119/result.json,256,500,3004.0290476831137,eigenfeature_rtol_1e-15,3.1703590609723116,gp,stress,0.0011372024641900654,-6.779184011297352,7.1733084532580405,gp,stress,0.0006501979002572817,-7.338233779479441,True
individual_2021_10pct,2021 10%,2021,119,21,1.0,3686325745.0009074,2.5472071890006544e-06,1.632045725968728e-06,2.5472071890006544e-06,1.632045725968728e-06,0.6407196607391126,0.3669916565673695,-1.0024161653348487,0.3398316479862985,0.35372288619048936,-1.0392414797735443,0.3752886956529569,0.3752886956529569,1192.924285996925,3178.825746583434,3.2360794148880383e-07,1.4185874912395019e-06,2.24614264749994e-06,1.4185874912395019e-06,2.24614264749994e-06,0.6315660729822548,0.09999999999997138,False,True,True,False,-1.1102230246251565e-16,0.0,True,completed_point,resolved,resolved,3.0509168379278575e-06,3.0509168379278575e-06,2.966022370113358e-06,2.966022370113358e-06,3.1358113057423566e-06,3.1358113057423566e-06,0.33579430044969466,0.009528664276482588,2.5501947310513444e-06,2.5501947310513444e-06,0.36699388802436533,resolved,resolved,3.5629588247129524e-06,3.5629588247129524e-06,3.469157215135254e-06,3.469157215135254e-06,3.656760434290651e-06,3.656760434290651e-06,0.3690135798229494,0.010343362237134704,1.632045725968728e-06,1.632045725968728e-06,0.35372288619048936,1.167832167832168,/Users/emryspeets/Desktop/gp_mods/hps-gpr-emrys-validation_workflow/study_results/v4p9p13_calibration_20260905/derived/individual_2021_10pct/m119/result.json,256,500,5033.476155752826,eigenfeature_rtol_1e-15,0.3398257220717206,stress,gp,0.33579430044969466,-1.091256507533084,0.3752886956529569,stress,gp,0.3690135798229494,-0.9969218339305655,True
individual_2016_full,2016 full,2016,120,92,1.0,596970016.1042197,2.008136547637599e-05,2.2978677275642595e-05,2.008136547637599e-05,2.2978677275642595e-05,1.1442786250105872,0.0024574258259127,-6.008640889139968,2.8125622027194335,2.1159400675212686e-12,-26.881521925811274,6.929213070887574,6.929213070887574,11573.131869174924,1672.834419385182,1.9386454188604465e-05,4.599156754942084e-06,8.056950603881778e-06,4.599156754942084e-06,8.056950603881778e-06,0.5708309484640808,0.09999999999980644,True,True,True,False,,,True,completed_point,resolved,resolved,2.0126211599151568e-05,2.0126211599151568e-05,1.9759893500373578e-05,1.9759893500373578e-05,2.0492529697929558e-05,2.0492529697929558e-05,0.0036659324936271043,0.00021729353287974662,2.0081398543177575e-05,2.0081398543177575e-05,0.0024574099764893124,resolved,resolved,2.7396135941050426e-05,2.7396135941050426e-05,2.6877516493698593e-05,2.6877516493698593e-05,2.7914755388402258e-05,2.7914755388402258e-05,0.0006815510622189862,5.078364550765152e-05,2.2978677275642595e-05,2.2978677275642595e-05,2.1159400675212686e-12,1.361216730038023,/Users/emryspeets/Desktop/gp_mods/hps-gpr-emrys-validation_workflow/study_results/v4p9p13_calibration_20260905/derived/individual_2016_full/m120/result.json,256,500,2923.7401946676673,eigenfeature_rtol_1e-15,2.8125642769128567,stress,stress,0.0036659324936271043,-5.608672543911171,6.929213070887574,gp,stress,0.0006815510622189862,-7.291139383414433,True
individual_2021_10pct,2021 10%,2021,120,21,1.0,3633280974.482837,2.9058301356628557e-06,1.808726208004439e-06,2.9058301356628557e-06,1.808726208004439e-06,0.6224473295276932,0.2497029633219905,-1.3874832142378308,0.6754247794663241,0.2621447227403051,-1.338858550853593,0.6367473196858492,0.6367473196858492,2006.6489596342844,3151.645227449288,5.522966634640503e-07,1.4269377343640881e-06,2.2601248361742674e-06,1.4269377343640881e-06,2.2601248361742674e-06,0.6313535038088771,0.10000000000004758,False,True,True,False,0.0,0.0,True,completed_point,resolved,resolved,3.1987134610576135e-06,3.1987134610576135e-06,3.1176754075272294e-06,3.1176754075272294e-06,3.2797515145879976e-06,3.2797515145879976e-06,0.227896670001768,0.0071962164623678646,2.90482847394786e-06,2.90482847394786e-06,0.2500267065104892,resolved,resolved,3.3275207145230207e-06,3.3275207145230207e-06,3.234621481052048e-06,3.234621481052048e-06,3.4204199479939935e-06,3.4204199479939935e-06,0.32167992555151015,0.009140700492175698,1.808726208004439e-06,1.808726208004439e-06,0.2621447227403051,1.0402684563758389,/Users/emryspeets/Desktop/gp_mods/hps-gpr-emrys-validation_workflow/study_results/v4p9p13_calibration_20260905/derived/individual_2021_10pct/m120/result.json,256,500,4991.924729506695,eigenfeature_rtol_1e-15,0.6744057107925785,stress,gp,0.227896670001768,-1.478862954501278,0.6367473196858492,stress,gp,0.32167992555151015,-1.1341982478296344,True
individual_2016_full,2016 full,2016,121,94,1.0,571627229.7409308,1.9747108389801684e-05,2.711541293370518e-05,1.9747108389801684e-05,2.711541293370518e-05,1.373133341776198,0.0038085336553102,-5.570511031296611,2.6685886556510963,1.2550077094701182e-16,-36.61421977233577,8.194804136336815,8.194804136336815,13399.742708076843,1638.2787380113452,2.3441400288348385e-05,4.7009171929089086e-06,8.20761834269649e-06,4.7009171929089086e-06,8.20761834269649e-06,0.5727504614163739,0.09999999999986275,True,True,True,False,,,True,completed_point,resolved,resolved,2.0034768166548415e-05,2.0034768166548415e-05,1.9658078724192405e-05,1.9658078724192405e-05,2.041145760890442e-05,2.041145760890442e-05,0.005471425648472182,0.0003420968796070736,1.9747212111855714e-05,1.9747212111855714e-05,0.003808483265827438,resolved,resolved,3.227390669630757e-05,3.227390669630757e-05,3.164233867483569e-05,3.164233867483569e-05,3.2905474717779434e-05,3.2905474717779434e-05,6.24439002686848e-05,5.670255273935667e-06,2.711541293370518e-05,2.711541293370518e-05,1.2550077094701182e-16,1.6108949416342415,/Users/emryspeets/Desktop/gp_mods/hps-gpr-emrys-validation_workflow/study_results/v4p9p13_calibration_20260905/derived/individual_2016_full/m121/result.json,256,500,2851.964270953054,eigenfeature_rtol_1e-15,2.668593100093291,stress,gp,0.005471425648472182,-5.208216066072787,8.194804136336815,stress,gp,6.24439002686848e-05,-9.681242000003204,True
individual_2021_10pct,2021 10%,2021,121,22,1.0,3600960813.6782804,3.2964990781114792e-06,2.814116366355761e-06,3.2964990781114792e-06,2.814116366355761e-06,0.8536681793850012,0.1600975850812003,-1.8319717429083442,0.9940568929908052,0.026962116829568002,-3.613322478603151,1.9274446985772753,1.9274446985772753,6056.3184250413215,3142.8780606924765,1.6818617970060503e-06,1.435382082396932e-06,2.285311071125172e-06,1.435382082396932e-06,2.285311071125172e-06,0.628090460214776,0.09999999999959763,False,True,True,False,-3.3306690738754696e-16,0.0,True,completed_point,resolved,resolved,3.2777755850029947e-06,3.2777755850029947e-06,3.193336241927857e-06,3.193336241927857e-06,3.3642320196709836e-06,3.3642320196709836e-06,0.16159574401434282,0.005305561089265802,3.2976362478110894e-06,3.2976362478110894e-06,0.15997809189150902,resolved,resolved,3.928989277387696e-06,3.928989277387696e-06,3.830434757079359e-06,3.830434757079359e-06,4.027543797696033e-06,4.027543797696033e-06,0.14573512607880487,0.005177996604387286,2.814116366355761e-06,2.814116366355761e-06,0.026962116829568002,1.1986754966887418,/Users/emryspeets/Desktop/gp_mods/hps-gpr-emrys-validation_workflow/study_results/v4p9p13_calibration_20260905/derived/individual_2021_10pct/m121/result.json,256,500,5002.65597356384,eigenfeature_rtol_1e-15,0.9945479285538847,gp,gp,0.16159574401434282,-1.8226574697868632,1.9274446985772753,stress,gp,0.14573512607880487,-1.9259645098763751,True
individual_2016_full,2016 full,2016,122,94,1.0,545634150.1415483,1.7922179719008534e-05,2.535759127919346e-05,1.7922179719008534e-05,2.535759127919346e-05,1.414872056678397,0.0133747474183188,-4.314386870990058,2.2151540172237647,7.768328145004136e-14,-30.186136328642164,7.382481126555375,7.382481126555375,11785.793786753717,1599.270306898009,2.1600176205423082e-05,4.8084908570375405e-06,8.40140672766647e-06,4.8084908570375405e-06,8.40140672766647e-06,0.5723435387555771,0.09999999999986689,True,True,True,False,,,True,completed_point,resolved,resolved,1.843302384882285e-05,1.843302384882285e-05,1.8032426829014132e-05,1.8032426829014132e-05,1.8833620868631573e-05,1.8833620868631573e-05,0.021238028198128357,0.0011841628178010071,1.792225899341056e-05,1.792225899341056e-05,0.013374540598818815,resolved,resolved,3.016312993443739e-05,3.016312993443739e-05,2.962536386851421e-05,2.962536386851421e-05,3.070089600036058e-05,3.070089600036058e-05,0.00033592973274589787,2.6260176230619727e-05,2.535759127919346e-05,2.535759127919346e-05,7.768328145004136e-14,1.6363636363636362,/Users/emryspeets/Desktop/gp_mods/hps-gpr-emrys-validation_workflow/study_results/v4p9p13_calibration_20260905/derived/individual_2016_full/m122/result.json,256,500,2786.5453997690315,eigenfeature_rtol_1e-15,2.2151600456743314,stress,gp,0.021238028198128357,-3.851961921280847,7.382481126555375,stress,gp,0.00033592973274589787,-7.998608548603979,True
individual_2021_10pct,2021 10%,2021,122,21,1.0,3522942155.547036,3.3893743088891573e-06,2.4421935003025367e-06,3.3893743088891573e-06,2.4421935003025367e-06,0.7205440525991795,0.1394035952874194,-1.9703819898303414,1.0830027766751298,0.07280212722724151,-2.6200101040519814,1.4552348554799153,1.4552348554799153,4503.911497590466,3095.519496418829,1.2784517311755595e-06,1.4452219445563428e-06,2.2755522735902666e-06,1.4452219445563428e-06,2.2755522735902666e-06,0.635108215851326,0.09999999999800975,False,True,True,False,2.220446049250313e-16,0.0,True,completed_point,resolved,resolved,3.393454964252348e-06,3.393454964252348e-06,3.3093067526760714e-06,3.3093067526760714e-06,3.4776031758286237e-06,3.4776031758286237e-06,0.2018256764064669,0.006353777689618128,3.388979342423121e-06,3.388979342423121e-06,0.1391240442093507,resolved,resolved,3.523141141230144e-06,3.523141141230144e-06,3.4289752012723218e-06,3.4289752012723218e-06,3.617307081187966e-06,3.617307081187966e-06,0.27067869970273944,0.007937914269309876,2.4421935003025367e-06,2.4421935003025367e-06,0.07280212722724151,1.038216560509554,/Users/emryspeets/Desktop/gp_mods/hps-gpr-emrys-validation_workflow/study_results/v4p9p13_calibration_20260905/derived/individual_2021_10pct/m122/result.json,256,500,4873.353598579345,eigenfeature_rtol_1e-15,1.0842632641463406,gp,stress,0.2018256764064669,-1.600350942256324,1.4552348554799153,gp,stress,0.27067869970273944,-1.3068227714469278,True
individual_2016_full,2016 full,2016,123,96,1.0,521968030.2670078,1.6144813756920687e-05,2.3904844284617994e-05,1.6144813756920687e-05,2.3904844284617994e-05,1.4806515977535428,0.0388565895044596,-3.2478776025369065,1.764111676303595,1.0458005197415607e-11,-25.283653383182852,6.6994816680504545,6.6994816680504545,10470.703237248314,1565.472358645892,2.0060047033708414e-05,4.921092305842918e-06,8.644493825451336e-06,4.921092305842918e-06,8.644493825451336e-06,0.5692747782818832,0.09999999999991663,True,True,True,False,,,True,completed_point,resolved,resolved,1.6338970969119037e-05,1.6338970969119037e-05,1.5934866542242452e-05,1.5934866542242452e-05,1.674307539599562e-05,1.674307539599562e-05,0.05757896893461329,0.0028211892752303433,1.6144900470052537e-05,1.6144900470052537e-05,0.038855973206101325,resolved,resolved,2.8736883614028457e-05,2.8736883614028457e-05,2.8183088465957576e-05,2.8183088465957576e-05,2.9290678762099335e-05,2.9290678762099335e-05,0.0014264575956361666,0.00011377054971181368,2.3904844284617994e-05,2.3904844284617994e-05,1.0458005197415607e-11,1.7587939698492463,/Users/emryspeets/Desktop/gp_mods/hps-gpr-emrys-validation_workflow/study_results/v4p9p13_calibration_20260905/derived/individual_2016_full/m123/result.json,256,500,2742.8086008734513,eigenfeature_rtol_1e-15,1.7641189989069226,stress,gp,0.05757896893461329,-2.8545979006167643,6.6994816680504545,stress,gp,0.0014264575956361666,-6.552561113910162,True
individual_2021_10pct,2021 10%,2021,123,22,1.0,3491392728.8388023,3.5439974200845286e-06,3.1545297161896107e-06,3.5439974200845286e-06,3.1545297161896107e-06,0.8901049696910815,0.118066305255229,-2.136508903385569,1.1847087782325203,0.011287229190772961,-4.4840833524849435,2.2805606441717643,2.2805606441717643,7037.383501224448,3086.674462513061,2.015637898050215e-06,1.4538582688346512e-06,2.2984375352262706e-06,1.4538582688346512e-06,2.2984375352262706e-06,0.6325419971404728,0.09999999999984713,False,True,True,False,2.220446049250313e-16,0.0,True,completed_point,resolved,resolved,3.4712477253673164e-06,3.4712477253673164e-06,3.3824989902955846e-06,3.3824989902955846e-06,3.5599964604390478e-06,3.5599964604390478e-06,0.22105023276311436,0.007033308166323935,3.5420179158508967e-06,3.5420179158508967e-06,0.11855969793839316,resolved,resolved,4.126200126380017e-06,4.126200126380017e-06,4.0289263958648535e-06,4.0289263958648535e-06,4.223473856895181e-06,4.223473856895181e-06,0.19521432663460836,0.006807710808943043,3.1545297161896107e-06,3.1545297161896107e-06,0.011287229190772961,1.1886792452830188,/Users/emryspeets/Desktop/gp_mods/hps-gpr-emrys-validation_workflow/study_results/v4p9p13_calibration_20260905/derived/individual_2021_10pct/m123/result.json,256,500,4878.284908013356,eigenfeature_rtol_1e-15,1.1822175370629686,gp,stress,0.22105023276311436,-1.50936530572191,2.2805606441717643,gp,stress,0.19521432663460836,-1.63365721305189,True
individual_2016_full,2016 full,2016,124,96,1.0,497832994.97301203,1.4502135484107416e-05,2.2225187575305543e-05,1.4502135484107416e-05,2.2225187575305543e-05,1.5325458515859032,0.0878132702791135,-2.4325426476307546,1.354344357851131,1.1949970772769182e-09,-20.5451220973593,5.968803719824912,5.968803719824912,9105.793812848098,1527.8437447288497,1.8290860398559422e-05,5.036756987933024e-06,8.865312179979208e-06,5.036756987933024e-06,8.865312179979208e-06,0.5681420897176841,0.0999999999998783,True,True,True,False,,,True,completed_point,resolved,resolved,1.4903833332065757e-05,1.4903833332065757e-05,1.4503045258231428e-05,1.4503045258231428e-05,1.5304621405900086e-05,1.5304621405900086e-05,0.1280250156278495,0.00532682370140041,1.450221128797341e-05,1.450221128797341e-05,0.0878119510505701,resolved,resolved,2.711318832161115e-05,2.711318832161115e-05,2.653320822950534e-05,2.653320822950534e-05,2.7693168413716967e-05,2.7693168413716967e-05,0.004976643458366575,0.00036043108207143415,2.2225187575305543e-05,2.2225187575305543e-05,1.1949970772769182e-09,1.8192090395480225,/Users/emryspeets/Desktop/gp_mods/hps-gpr-emrys-validation_workflow/study_results/v4p9p13_calibration_20260905/derived/individual_2016_full/m124/result.json,256,500,2682.800446293659,eigenfeature_rtol_1e-15,1.3543526318305856,stress,gp,0.1280250156278495,-2.0555295995647977,5.968803719824912,stress,gp,0.004976643458366575,-5.302999619532679,True
individual_2021_10pct,2021 10%,2021,124,22,1.0,3436088109.7240725,3.4195057415351237e-06,3.1515288283859237e-06,3.4195057415351237e-06,3.1515288283859237e-06,0.9216328518200129,0.1428139679061315,-1.9462124193914683,1.0677618835170204,0.012139876769449392,-4.41125964418901,2.252673333158063,2.252673333158063,6887.580509422713,3058.3644201836837,2.004483089339582e-06,1.4636803495525118e-06,2.3101242549166927e-06,1.4636803495525118e-06,2.3101242549166927e-06,0.6335937759353532,0.09999999999977686,False,True,True,False,0.0,0.0,True,completed_point,resolved,resolved,3.269466484146651e-06,3.269466484146651e-06,3.1817855335059947e-06,3.1817855335059947e-06,3.357147434787306e-06,3.357147434787306e-06,0.3274647279886685,0.00883079913695683,3.4210637577293647e-06,3.4210637577293647e-06,0.14278180643616217,resolved,resolved,4.01551923891837e-06,4.01551923891837e-06,3.913834713093907e-06,3.913834713093907e-06,4.117203764742832e-06,4.117203764742832e-06,0.29238202464927515,0.008732984901212356,3.1515288283859237e-06,3.1515288283859237e-06,0.012139876769449392,1.2281879194630871,/Users/emryspeets/Desktop/gp_mods/hps-gpr-emrys-validation_workflow/study_results/v4p9p13_calibration_20260905/derived/individual_2021_10pct/m124/result.json,256,500,4825.417411572692,eigenfeature_rtol_1e-15,1.0679044547168548,gp,stress,0.3274647279886685,-1.1163749305049366,2.252673333158063,gp,stress,0.29238202464927515,-1.2296940282038689,True
individual_2016_full,2016 full,2016,125,98,1.0,476167096.0013762,1.31369337755368e-05,2.135133222810508e-05,1.31369337755368e-05,2.135133222810508e-05,1.6252903906591112,0.161901431474746,-1.8207675766159181,0.9866732191936018,1.6398617203161237e-08,-17.92606882255154,5.525808165048545,5.525808165048545,8250.09360237998,1495.125056309084,1.7326047246145997e-05,5.153892573717902e-06,9.121462388730718e-06,5.153892573717902e-06,9.121462388730718e-06,0.5650291975204957,0.09999999999987949,True,True,True,False,,,True,completed_point,resolved,resolved,1.3081922183044624e-05,1.3081922183044624e-05,1.2677233890280577e-05,1.2677233890280577e-05,1.348661047580867e-05,1.348661047580867e-05,0.23823499208640356,0.008666811808554801,1.3137067855940095e-05,1.3137067855940095e-05,0.1618986202709184,resolved,resolved,2.6510385351070564e-05,2.6510385351070564e-05,2.592032886502432e-05,2.592032886502432e-05,2.7100441837116808e-05,2.7100441837116808e-05,0.011481720686233763,0.0007358633631718068,2.135133222810508e-05,2.135133222810508e-05,1.6398617203161237e-08,2.0264900662251657,/Users/emryspeets/Desktop/gp_mods/hps-gpr-emrys-validation_workflow/study_results/v4p9p13_calibration_20260905/derived/individual_2016_full/m125/result.json,256,500,2640.1826314241453,eigenfeature_rtol_1e-15,0.9866846844239803,stress,gp,0.23823499208640356,-1.4344977307240385,5.525808165048545,stress,gp,0.011481720686233763,-4.466999013762003,True
individual_2021_10pct,2021 10%,2021,125,21,1.0,3356002727.3443503,3.3014531986203486e-06,3.4649196733557693e-06,3.3014531986203486e-06,3.4649196733557693e-06,1.0495134914539246,0.1641486627747505,-1.8069827814292738,0.9775492146485972,0.004949143099636446,-5.308540828571565,2.5793624768483094,2.5793624768483094,7761.581053530387,3010.075884683259,2.312745752644912e-06,1.4747931582330658e-06,2.3028080434101688e-06,1.4747931582330658e-06,2.3028080434101688e-06,0.6404325199633586,0.09999999999983136,False,True,True,False,-2.220446049250313e-16,0.0,True,completed_point,resolved,resolved,3.215356399047266e-06,3.215356399047266e-06,3.1253938431124347e-06,3.1253938431124347e-06,3.3053189549820973e-06,3.3053189549820973e-06,0.3732754717984674,0.009791224285886052,3.3037336703249966e-06,3.3037336703249966e-06,0.16403515492594273,resolved,resolved,4.309015038178989e-06,4.309015038178989e-06,4.2103663772265735e-06,4.2103663772265735e-06,4.407663699131405e-06,4.407663699131405e-06,0.23129451126272335,0.00780815380742715,3.4649196733557693e-06,3.4649196733557693e-06,0.004949143099636446,1.3401360544217689,/Users/emryspeets/Desktop/gp_mods/hps-gpr-emrys-validation_workflow/study_results/v4p9p13_calibration_20260905/derived/individual_2021_10pct/m125/result.json,256,500,4698.01136090851,eigenfeature_rtol_1e-15,0.9780081163734103,gp,stress,0.3732754717984674,-0.9854386016268224,2.5793624768483094,gp,stress,0.23129451126272335,-1.4640634399756187,True
individual_2016_full,2016 full,2016,126,98,1.0,454096988.15921986,1.1676104751173049e-05,1.7350155016345756e-05,1.1676104751173049e-05,1.7350155016345756e-05,1.485954039133013,0.2812027835509689,-1.2686792202647168,0.5792721308994515,1.8675625471936817e-05,-10.888291335033063,4.123281657862655,4.123281657862655,6008.4962358488865,1458.7887600037066,1.3231746504652282e-05,5.276197198851526e-06,9.402538354835984e-06,5.276197198851526e-06,9.402538354835984e-06,0.5611460437316731,0.09999999999983526,True,True,True,False,,,True,completed_point,resolved,resolved,1.0761219777126298e-05,1.0761219777126298e-05,1.0417676164061359e-05,1.0417676164061359e-05,1.110476339019124e-05,1.110476339019124e-05,0.3940221397742369,0.011775407504197625,1.1676183417778322e-05,1.1676183417778322e-05,0.2811989248567087,resolved,resolved,2.134383009737083e-05,2.134383009737083e-05,2.0868102163969813e-05,2.0868102163969813e-05,2.181955803077185e-05,2.181955803077185e-05,0.05666539254549097,0.0031024052811270946,1.7350155016345756e-05,1.7350155016345756e-05,1.8675625471936817e-05,1.9834024896265559,/Users/emryspeets/Desktop/gp_mods/hps-gpr-emrys-validation_workflow/study_results/v4p9p13_calibration_20260905/derived/individual_2016_full/m126/result.json,256,500,2595.3925256564225,eigenfeature_rtol_1e-15,0.579283570130858,stress,gp,0.3940221397742369,-0.9313481789425343,4.123281657862655,stress,gp,0.05666539254549097,-2.8705916153441007,True
individual_2021_10pct,2021 10%,2021,126,22,1.0,3324925645.3501234,3.3379339049687177e-06,3.977457718808463e-06,3.3379339049687177e-06,3.977457718808463e-06,1.1915927133511468,0.1628703186756874,-1.8148009857725167,0.9827293991592464,0.0008919959986975111,-7.022048911159447,3.124018565979598,3.124018565979598,9375.163936433315,3002.1726199833324,2.8196612304832717e-06,1.4844671229600075e-06,2.3243986019388878e-06,1.4844671229600075e-06,2.3243986019388878e-06,0.6386456788098844,0.09999999999987932,False,True,True,False,0.0,0.0,True,completed_point,resolved,resolved,3.2455023565724085e-06,3.2455023565724085e-06,3.1535640734187945e-06,3.1535640734187945e-06,3.3374406397260217e-06,3.3374406397260217e-06,0.41562120034296723,0.010281951364022516,3.340788413913162e-06,3.340788413913162e-06,0.16281663421620346,resolved,resolved,4.658510185284205e-06,4.658510185284205e-06,4.557854258875834e-06,4.557854258875834e-06,4.759166111692577e-06,4.759166111692577e-06,0.19540441676143439,0.006777919674922037,3.977457718808463e-06,3.977457718808463e-06,0.0008919959986975111,1.435374149659864,/Users/emryspeets/Desktop/gp_mods/hps-gpr-emrys-validation_workflow/study_results/v4p9p13_calibration_20260905/derived/individual_2021_10pct/m126/result.json,256,500,4698.145966764348,eigenfeature_rtol_1e-15,0.9829475196928611,gp,stress,0.41562120034296723,-0.8779810096457656,3.124018565979598,gp,stress,0.19540441676143439,-1.6326839359368244,True
individual_2016_full,2016 full,2016,127,98,1.0,432816382.572427,8.14120027140832e-06,6.400999001181218e-06,8.14120027140832e-06,6.400999001181218e-06,0.7862475787091685,0.5,-0.6931471805599453,0.0,0.32596065697541476,-1.1209785890228392,0.45109467702072575,0.45109467702072575,641.795061893652,1422.9226611578451,1.482834494570581e-06,5.40837718477199e-06,1.0255760962169238e-05,5.40837718477199e-06,1.0255760962169238e-05,0.5273501600439059,0.10000000000001219,True,True,True,False,,,True,completed_point,resolved,bounded_atom,9.594876809018821e-06,9.594876809018821e-06,9.24189527315669e-06,9.24189527315669e-06,9.947858344880952e-06,9.947858344880952e-06,1.0,0.0,8.141226537817146e-06,8.141226537817146e-06,0.5,resolved,resolved,1.5488176778010075e-05,1.5488176778010075e-05,1.4962912803786603e-05,1.4962912803786603e-05,1.6013440752233553e-05,1.6013440752233553e-05,0.5745413213218864,0.016966163181050174,6.400999001181218e-06,6.400999001181218e-06,0.32596065697541476,1.6142131979695429,/Users/emryspeets/Desktop/gp_mods/hps-gpr-emrys-validation_workflow/study_results/v4p9p13_calibration_20260905/derived/individual_2016_full/m127/result.json,256,500,2698.2789014140735,eigenfeature_rtol_1e-15,-0.6308373278215199,stress,gp,1.0,0.0,0.45109467702072575,stress,gp,0.5745413213218864,-0.5541832585672607,True
individual_2021_10pct,2021 10%,2021,127,22,1.0,3268131105.4181666,3.28363801205649e-06,3.3344114052287624e-06,3.28363801205649e-06,3.3344114052287624e-06,1.0154625427607575,0.1787797407616894,-1.7216007293643745,0.9200254086427276,0.008642032814538422,-4.751117444379579,2.38060859775193,2.38060859775193,7073.146262036435,2972.046830462474,2.1642786148664638e-06,1.4953580596353413e-06,2.3374907241830988e-06,1.4953580596353413e-06,2.3374907241830988e-06,0.6397279117152158,0.0999999999999021,False,True,True,False,-1.1102230246251565e-16,0.0,True,completed_point,resolved,resolved,3.0861585659797496e-06,3.0861585659797496e-06,2.9963213379514266e-06,2.9963213379514266e-06,3.1759957940080726e-06,3.1759957940080726e-06,0.46675642275444607,0.011334573042351437,3.2849531483757787e-06,3.2849531483757787e-06,0.1787470167730283,resolved,resolved,4.107477228102544e-06,4.107477228102544e-06,4.007227740868331e-06,4.007227740868331e-06,4.2077267153367574e-06,4.2077267153367574e-06,0.36053573301228337,0.010426429190908644,3.3344114052287624e-06,3.3344114052287624e-06,0.008642032814538422,1.330935251798561,/Users/emryspeets/Desktop/gp_mods/hps-gpr-emrys-validation_workflow/study_results/v4p9p13_calibration_20260905/derived/individual_2021_10pct/m127/result.json,256,500,4643.900227099231,eigenfeature_rtol_1e-15,0.9201506606713246,gp,stress,0.46675642275444607,-0.7619477360669874,2.38060859775193,gp,stress,0.36053573301228337,-1.02016420646945,True
individual_2016_full,2016 full,2016,128,100,1.0,413788821.60558534,8.146809378999376e-06,4.065474956601357e-06,8.146809378999376e-06,4.065474956601357e-06,0.4990266455824077,0.5,-0.6931471805599453,0.0,0.5,-0.6931471805599453,0.0,-0.8523354001748746,-1186.694421606587,1391.9593901560706,-2.867874528369253e-06,5.537625140967797e-06,1.0658552496963023e-05,5.537625140967797e-06,1.0658552496963023e-05,0.5195475785802671,0.10000000000016332,True,True,True,False,,,True,completed_point,resolved,bounded_atom,1.2198918452113865e-05,1.2198918452113865e-05,1.1815593657240873e-05,1.1815593657240873e-05,1.2582243246986856e-05,1.2582243246986856e-05,1.0,0.0,8.146819995681087e-06,8.146819995681087e-06,0.5,resolved,bounded_atom,1.7716271610953744e-05,1.7716271610953744e-05,1.712436824695778e-05,1.712436824695778e-05,1.8308174974949716e-05,1.8308174974949716e-05,1.0,0.0,4.065474956601357e-06,4.065474956601357e-06,0.5,1.4522821576763485,/Users/emryspeets/Desktop/gp_mods/hps-gpr-emrys-validation_workflow/study_results/v4p9p13_calibration_20260905/derived/individual_2016_full/m128/result.json,256,500,2680.9765131487216,eigenfeature_rtol_1e-15,-0.7369006836625047,stress,gp,1.0,0.0,-0.8523354001748746,stress,gp,1.0,0.0,True
individual_2021_10pct,2021 10%,2021,128,22,1.0,3213998891.816984,3.180764723261548e-06,2.5270652116629977e-06,3.180764723261548e-06,2.5270652116629977e-06,0.794483538245404,0.2066305443187028,-1.5768228904425488,0.8181683082861979,0.07602729476799766,-2.5766628614875646,1.4323118629792817,1.4323118629792817,4216.564761258803,2944.4265346658017,1.3119372169027207e-06,1.50675823418233e-06,2.355699772656433e-06,1.50675823418233e-06,2.355699772656433e-06,0.6396223541182483,0.09999999999773482,False,True,True,False,-2.220446049250313e-16,0.0,True,completed_point,resolved,resolved,2.9969917789361263e-06,2.9969917789361263e-06,2.945667534595099e-06,2.945667534595099e-06,3.048316023277154e-06,3.048316023277154e-06,0.5325754291268201,0.013484132736973593,3.185451018738236e-06,3.185451018738236e-06,0.20796021427568628,resolved,resolved,3.2916581392967966e-06,3.2916581392967966e-06,3.2356721803407775e-06,3.2356721803407775e-06,3.3476440982528165e-06,3.3476440982528165e-06,0.5823439582197126,0.01389463472961211,2.5270652116629977e-06,2.5270652116629977e-06,0.07602729476799766,1.0983207102641006,/Users/emryspeets/Desktop/gp_mods/hps-gpr-emrys-validation_workflow/study_results/v4p9p13_calibration_20260905/chunked_v1/attempt1_remaining_2021_batch001/individual_2021_10pct/m128/result.json,,500,4602.553408630361,eigenfeature_rtol_1e-15,0.8135192247144948,gp,stress,0.5325754291268201,-0.6300307404877191,1.4323118629792817,gp,stress,0.5823439582197126,-0.540694012313924,True
individual_2016_full,2016 full,2016,129,100,1.0,394330467.36169374,8.366563559002857e-06,3.311094018835764e-06,8.366563559002857e-06,3.311094018835764e-06,0.39575316621755113,0.5,-0.6931471805599453,0.0,0.5,-0.6931471805599453,0.0,-1.5444527239523396,-2098.117697685703,1357.8951701127057,-5.320709078665321e-06,5.670907673231832e-06,1.0883586682598301e-05,5.670907673231832e-06,1.0883586682598301e-05,0.5210513628102958,0.09999999997015332,True,True,True,False,,,True,completed_point,resolved,bounded_atom,1.3180027116698285e-05,1.3180027116698285e-05,1.279805890453316e-05,1.279805890453316e-05,1.3561995328863413e-05,1.3561995328863413e-05,1.0,0.0,8.366614092540388e-06,8.366614092540388e-06,0.5,resolved,bounded_atom,1.7263251203832265e-05,1.7263251203832265e-05,1.6700291571241854e-05,1.6700291571241854e-05,1.7826210836422673e-05,1.7826210836422673e-05,1.0,0.0,3.311094018835764e-06,3.311094018835764e-06,0.5,1.3098039215686277,/Users/emryspeets/Desktop/gp_mods/hps-gpr-emrys-validation_workflow/study_results/v4p9p13_calibration_20260905/derived/individual_2016_full/m129/result.json,256,500,2608.8338837420833,eigenfeature_rtol_1e-15,-0.7202955735944949,stress,gp,1.0,0.0,-1.5444527239523396,stress,gp,1.0,0.0,True
individual_2021_10pct,2021 10%,2021,129,22,1.0,3157637573.4001603,3.246494785029433e-06,2.9410420903481584e-06,3.246494785029433e-06,2.9410420903481584e-06,0.9059130801349785,0.1953854778643211,-1.6327808621746238,0.8582200699367443,0.029593829514251956,-3.520189401739773,1.8867968199056426,1.8867968199056426,5499.845701716775,2915.6210446819664,1.7417596458970789e-06,1.5185321286666592e-06,2.3669523671578777e-06,1.5185321286666592e-06,2.3669523671578777e-06,0.6415558461322308,0.0999999999995459,False,True,True,False,2.220446049250313e-16,2.220446049250313e-16,True,completed_point,resolved,resolved,3.0800846609057884e-06,3.0800846609057884e-06,2.993303411752749e-06,2.993303411752749e-06,3.1668659100588276e-06,3.1668659100588276e-06,0.5123390269140825,0.012336057321606798,3.252044893945592e-06,3.252044893945592e-06,0.19555741968791635,resolved,resolved,3.709591014959526e-06,3.709591014959526e-06,3.6127185030943112e-06,3.6127185030943112e-06,3.806463526824741e-06,3.806463526824741e-06,0.48562179582749704,0.012316806920706847,2.9410420903481584e-06,2.9410420903481584e-06,0.029593829514251956,1.2043795620437956,/Users/emryspeets/Desktop/gp_mods/hps-gpr-emrys-validation_workflow/study_results/v4p9p13_calibration_20260905/derived/individual_2021_10pct/m129/result.json,256,500,4543.435237152518,eigenfeature_rtol_1e-15,0.8575973490527843,gp,stress,0.5123390269140825,-0.6687687111335515,1.8867968199056426,gp,stress,0.48562179582749704,-0.7223251559206084,True
individual_2016_full,2016 full,2016,130,102,1.0,376783602.0760028,8.846155561022397e-06,4.385781375829573e-06,8.846155561022397e-06,4.385781375829573e-06,0.49578388550547775,0.5,-0.6931471805599453,0.0,0.5,-0.6931471805599453,0.0,-0.7697728019833643,-1022.8208113928647,1328.4357554544981,-2.714610736128975e-06,5.804410364021669e-06,1.108522232198806e-05,5.804410364021669e-06,1.108522232198806e-05,0.5236169555669035,0.09999999999999035,True,True,True,False,,,True,completed_point,resolved,bounded_atom,1.2792431655659307e-05,1.2792431655659307e-05,1.241300905356291e-05,1.241300905356291e-05,1.3171854257755701e-05,1.3171854257755701e-05,1.0,0.0,8.845983710812089e-06,8.845983710812089e-06,0.5,resolved,bounded_atom,1.821473807760543e-05,1.821473807760543e-05,1.765361241765166e-05,1.765361241765166e-05,1.8775863737559197e-05,1.8775863737559197e-05,1.0,0.0,4.385781375829573e-06,4.385781375829573e-06,0.5,1.4238683127572016,/Users/emryspeets/Desktop/gp_mods/hps-gpr-emrys-validation_workflow/study_results/v4p9p13_calibration_20260905/derived/individual_2016_full/m130/result.json,256,500,2538.9187047402916,eigenfeature_rtol_1e-15,-0.6152947920088726,stress,gp,1.0,0.0,-0.7697728019833643,stress,gp,1.0,0.0,True
individual_2021_10pct,2021 10%,2021,130,23,1.0,3121843731.682029,3.0375027146222004e-06,2.1945101493580897e-06,3.0375027146222004e-06,2.1945101493580897e-06,0.722471831479841,0.2640943057781193,-1.3314490207667733,0.6307735325660342,0.16431203069848227,-1.8059880326483726,0.9768890943889776,0.9768890943889776,2837.2759407788594,2904.7682625384464,9.088462410801561e-07,1.5305568128062382e-06,2.401691959426614e-06,1.5305568128062382e-06,2.401691959426614e-06,0.6372827317836577,0.10000000003115994,False,True,True,False,-2.220446049250313e-16,0.0,True,completed_point,resolved,resolved,2.840138484658642e-06,2.840138484658642e-06,2.7675851178012285e-06,2.7675851178012285e-06,2.9126918515160564e-06,2.9126918515160564e-06,0.5744430641332413,0.014385456051769661,3.0376722846582174e-06,3.0376722846582174e-06,0.2640744132584284,resolved,resolved,3.079668236376841e-06,3.079668236376841e-06,2.983623663441003e-06,2.983623663441003e-06,3.175712809312679e-06,3.175712809312679e-06,0.6705346299206388,0.014908731583840809,2.1945101493580897e-06,2.1945101493580897e-06,0.16431203069848227,1.0843373493975903,/Users/emryspeets/Desktop/gp_mods/hps-gpr-emrys-validation_workflow/study_results/v4p9p13_calibration_20260905/derived/individual_2021_10pct/m130/result.json,256,500,4557.863338379041,eigenfeature_rtol_1e-15,0.6308343720577284,gp,stress,0.5744430641332413,-0.5543542916815979,0.9768890943889776,gp,stress,0.6705346299206388,-0.3996799296886094,True
individual_2016_full,2016 full,2016,131,102,1.0,359063030.42800987,8.770520964709905e-06,2.472552023651973e-06,8.770520964709905e-06,2.472552023651973e-06,0.28191620926519906,0.5,-0.6931471805599453,0.0,0.5,-0.6931471805599453,0.0,-2.7469696367819565,-3562.0713932611893,1295.675329906851,-9.920462680368773e-06,5.94674900709242e-06,1.1457121450604555e-05,5.94674900709242e-06,1.1457121450604555e-05,0.5190439005757969,0.10000000002176693,True,True,True,False,,,True,completed_point,resolved,bounded_atom,1.4092145360579212e-05,1.4092145360579212e-05,1.3700146950019579e-05,1.3700146950019579e-05,1.4484143771138843e-05,1.4484143771138843e-05,1.0,0.0,8.7705066031186e-06,8.7705066031186e-06,0.5,resolved,bounded_atom,1.6431767949401243e-05,1.6431767949401243e-05,1.5841951908462234e-05,1.5841951908462234e-05,1.7021583990340253e-05,1.7021583990340253e-05,1.0,0.0,2.472552023651973e-06,2.472552023651973e-06,0.5,1.1660231660231661,/Users/emryspeets/Desktop/gp_mods/hps-gpr-emrys-validation_workflow/study_results/v4p9p13_calibration_20260905/derived/individual_2016_full/m131/result.json,256,500,2500.6793728007865,eigenfeature_rtol_1e-15,-0.7316262552607621,stress,gp,1.0,0.0,-2.7469696367819565,stress,gp,1.0,0.0,True
individual_2021_10pct,2021 10%,2021,131,22,1.0,3047523593.809302,2.640118833814903e-06,1.2699376165800096e-06,2.640118833814903e-06,1.2699376165800096e-06,0.48101532412652154,0.4038795975309936,-0.9066384713529164,0.2433178273795346,0.5,-0.6931471805599453,0.0,-0.5300401841517495,-1515.0393551515551,2858.149035555684,-4.97137859155278e-07,1.5432349070304462e-06,2.4124351322735945e-06,1.5432349070304462e-06,2.4124351322735945e-06,0.6397000633861718,0.10000000000000957,False,True,True,False,0.0,0.0,True,completed_point,resolved,resolved,2.4632935415939403e-06,2.4632935415939403e-06,2.3959021361745624e-06,2.3959021361745624e-06,2.5306849470133186e-06,2.5306849470133186e-06,0.659354895107129,0.016353188549678713,2.6401849903190067e-06,2.6401849903190067e-06,0.40450526354677435,resolved,bounded_atom,2.1883212392764774e-06,2.1883212392764774e-06,2.112209163523258e-06,2.112209163523258e-06,2.2644333150296963e-06,2.2644333150296963e-06,1.0,0.0,1.2699376165800096e-06,1.2699376165800096e-06,0.5,0.8883720930232559,/Users/emryspeets/Desktop/gp_mods/hps-gpr-emrys-validation_workflow/study_results/v4p9p13_calibration_20260905/derived/individual_2021_10pct/m131/result.json,256,500,4469.251087768176,eigenfeature_rtol_1e-15,0.24170271315776998,gp,stress,0.659354895107129,-0.41649335361535084,-0.5300401841517495,gp,gp,1.0,0.0,True
individual_2016_full,2016 full,2016,132,104,1.0,343141937.19787204,9.021714034329768e-06,2.382951513652454e-06,9.021714034329768e-06,2.382951513652454e-06,0.2641351194002333,0.5,-0.6931471805599453,0.0,0.5,-0.6931471805599453,0.0,-2.990829261506636,-3793.717260846416,1267.3024733092807,-1.1055825154530084e-05,6.087423011300264e-06,1.1789771797621486e-05,6.087423011300264e-06,1.1789771797621486e-05,0.516330859985633,0.09999999999887207,True,True,True,False,,,True,completed_point,resolved,bounded_atom,1.5341132175266396e-05,1.5341132175266396e-05,1.4882581064326767e-05,1.4882581064326767e-05,1.5799683286206027e-05,1.5799683286206027e-05,1.0,0.0,9.021700713930383e-06,9.021700713930383e-06,0.5,resolved,bounded_atom,1.780467164866684e-05,1.780467164866684e-05,1.7217246752912284e-05,1.7217246752912284e-05,1.8392096544421396e-05,1.8392096544421396e-05,1.0,0.0,2.382951513652454e-06,2.382951513652454e-06,0.5,1.1605839416058394,/Users/emryspeets/Desktop/gp_mods/hps-gpr-emrys-validation_workflow/study_results/v4p9p13_calibration_20260905/derived/individual_2016_full/m132/result.json,256,500,2459.1816938648835,eigenfeature_rtol_1e-15,-0.7325696511845007,stress,gp,1.0,0.0,-2.990829261506636,stress,gp,1.0,0.0,True
individual_2021_10pct,2021 10%,2021,132,23,1.0,3012967485.601667,2.372366448045492e-06,1.034931372436249e-06,2.372366448045492e-06,1.034931372436249e-06,0.43624431347395426,0.4999311292015692,-0.693284931644052,0.0001726334915006,0.5,-0.6931471805599453,0.0,-1.1408027995750614,-3249.085021408014,2847.6385142491763,-1.0783671038385587e-06,1.5553680731098393e-06,2.446201798281112e-06,1.5553680731098393e-06,2.446201798281112e-06,0.6358298298213826,0.09999999999991067,False,True,True,False,0.0,0.0,True,completed_point,resolved,bounded_atom,2.2654222304020915e-06,2.2654222304020915e-06,2.1986929124556596e-06,2.1986929124556596e-06,2.3321515483485234e-06,2.3321515483485234e-06,1.0,0.0,2.3723906949289278e-06,2.3723906949289278e-06,0.5,resolved,bounded_atom,2.0330712324121335e-06,2.0330712324121335e-06,1.9584801262373773e-06,1.9584801262373773e-06,2.1076623385868898e-06,2.1076623385868898e-06,1.0,0.0,1.034931372436249e-06,1.034931372436249e-06,0.5,0.8974358974358975,/Users/emryspeets/Desktop/gp_mods/hps-gpr-emrys-validation_workflow/study_results/v4p9p13_calibration_20260905/derived/individual_2021_10pct/m132/result.json,256,500,4480.422414021389,eigenfeature_rtol_1e-15,-0.08207091741540097,gp,gp,1.0,0.0,-1.1408027995750614,gp,gp,1.0,0.0,True
individual_2016_full,2016 full,2016,133,104,1.0,326927492.67467606,9.302903770143518e-06,2.008457477596442e-06,9.302903770143518e-06,2.008457477596442e-06,0.21589575977796632,0.5,-0.6931471805599453,0.0,0.5,-0.6931471805599453,0.0,-3.8609615801923254,-4778.592675673968,1236.1884976198032,-1.4616674286335174e-05,6.2355384842201795e-06,1.215781893942939e-05,6.2355384842201795e-06,1.215781893942939e-05,0.5128829862729339,0.09999999999994572,True,True,True,False,,,True,completed_point,resolved,bounded_atom,1.6743806386733672e-05,1.6743806386733672e-05,1.6263676365897924e-05,1.6263676365897924e-05,1.722393640756942e-05,1.722393640756942e-05,1.0,0.0,9.306386033548942e-06,9.306386033548942e-06,0.5,resolved,bounded_atom,1.7898551654784272e-05,1.7898551654784272e-05,1.7291154491219355e-05,1.7291154491219355e-05,1.8505948818349193e-05,1.8505948818349193e-05,1.0,0.0,2.008457477596442e-06,2.008457477596442e-06,0.5,1.0689655172413794,/Users/emryspeets/Desktop/gp_mods/hps-gpr-emrys-validation_workflow/study_results/v4p9p13_calibration_20260905/derived/individual_2016_full/m133/result.json,256,500,2416.115041035064,eigenfeature_rtol_1e-15,-0.7313153179380282,stress,gp,1.0,0.0,-3.8609615801923254,stress,gp,1.0,0.0,True
individual_2021_10pct,2021 10%,2021,133,23,1.0,2957832879.504231,2.192650497481907e-06,1.4046920428783092e-06,2.192650497481907e-06,1.4046920428783092e-06,0.6406365467234707,0.5,-0.6931471805599453,0.0,0.5,-0.6931471805599453,0.0,-0.2967185527443958,-836.3956008647635,2818.7061759117596,-2.8277310954936496e-07,1.5679003468558593e-06,2.451121331936524e-06,1.5679003468558593e-06,2.451121331936524e-06,0.6396665584959556,0.09999999999998577,False,True,True,False,-1.1102230246251565e-16,0.0,True,completed_point,resolved,bounded_atom,2.1070011774031375e-06,2.1070011774031375e-06,2.0406498894284873e-06,2.0406498894284873e-06,2.1733524653777878e-06,2.1733524653777878e-06,1.0,0.0,2.1929029346918485e-06,2.1929029346918485e-06,0.5,resolved,bounded_atom,2.479509672855626e-06,2.479509672855626e-06,2.401961185882536e-06,2.401961185882536e-06,2.5570581598287163e-06,2.5570581598287163e-06,1.0,0.0,1.4046920428783092e-06,1.4046920428783092e-06,0.5,1.1767955801104975,/Users/emryspeets/Desktop/gp_mods/hps-gpr-emrys-validation_workflow/study_results/v4p9p13_calibration_20260905/derived/individual_2021_10pct/m133/result.json,256,500,4407.27150297609,eigenfeature_rtol_1e-15,-0.3005103484781219,gp,gp,1.0,0.0,-0.2967185527443958,gp,gp,1.0,0.0,True
individual_2016_full,2016 full,2016,134,106,1.0,312358211.82335,9.31964235778444e-06,1.6469627404985852e-06,9.31964235778444e-06,1.6469627404985852e-06,0.1767195217660818,0.5,-0.6931471805599453,0.0,0.5,-0.6931471805599453,0.0,-5.038139508882053,-6100.5104534203065,1208.9305966191819,-1.9530494869366098e-05,6.38666787813615e-06,1.2512074171275113e-05,6.38666787813615e-06,1.2512074171275113e-05,0.5104403786862527,0.10000000000002565,True,True,True,False,,,True,completed_point,resolved,bounded_atom,1.682830252942885e-05,1.682830252942885e-05,1.6571505946253688e-05,1.6571505946253688e-05,1.708509911260402e-05,1.708509911260402e-05,1.0,0.0,9.319646071330625e-06,9.319646071330625e-06,0.5,resolved,bounded_atom,1.6084520631314926e-05,1.6084520631314926e-05,1.5735091680926124e-05,1.5735091680926124e-05,1.643394958170373e-05,1.643394958170373e-05,1.0,0.0,1.6469627404985852e-06,1.6469627404985852e-06,0.5,0.9558017276660423,/Users/emryspeets/Desktop/gp_mods/hps-gpr-emrys-validation_workflow/study_results/v4p9p13_calibration_20260905/refined_v1/attempt1_batch002/individual_2016_full/m134/result.json,,500,2375.703919905092,eigenfeature_rtol_1e-15,-0.8086275219622274,stress,gp,1.0,0.0,-5.038139508882053,stress,gp,1.0,0.0,True
individual_2021_10pct,2021 10%,2021,134,23,1.0,2903147643.658844,1.9948306527689083e-06,1.5747497703621062e-06,1.9948306527689083e-06,1.5747497703621062e-06,0.7894152659907685,0.5,-0.6931471805599453,0.0,0.5,-0.6931471805599453,0.0,-0.011328077541626552,-31.61249605980194,2790.6149575153695,-1.0889041805659127e-08,1.5813556042846273e-06,2.4667205667523985e-06,1.5813556042846273e-06,2.4667205667523985e-06,0.6410761014437022,0.10000000000200611,False,True,True,False,0.0,-5.204170427930421e-17,True,completed_point,resolved,bounded_atom,1.9563983745719436e-06,1.9563983745719436e-06,1.8900307234961636e-06,1.8900307234961636e-06,2.0227660256477242e-06,2.0227660256477242e-06,1.0,0.0,1.9943851825119363e-06,1.9943851825119363e-06,0.5,resolved,bounded_atom,2.753015676792855e-06,2.753015676792855e-06,2.6729383309777676e-06,2.6729383309777676e-06,2.833093022607942e-06,2.833093022607942e-06,1.0,0.0,1.5747497703621062e-06,1.5747497703621062e-06,0.5,1.407185628742515,/Users/emryspeets/Desktop/gp_mods/hps-gpr-emrys-validation_workflow/study_results/v4p9p13_calibration_20260905/derived/individual_2021_10pct/m134/result.json,256,500,4353.313211935066,eigenfeature_rtol_1e-15,-0.5793925361544637,gp,gp,1.0,0.0,-0.011328077541626552,gp,gp,1.0,0.0,True
individual_2016_full,2016 full,2016,135,106,1.0,297716631.5917586,8.955268365414767e-06,1.6108529309152693e-06,8.955268365414767e-06,1.6108529309152693e-06,0.17987768374830407,0.5,-0.6931471805599453,0.0,0.5,-0.6931471805599453,0.0,-5.308996115543804,-6272.222123828697,1179.3946191135997,-2.106775859411653e-05,6.53823910962351e-06,1.2719620916265882e-05,6.53823910962351e-06,1.2719620916265882e-05,0.5140278277682312,0.10000000000000771,True,True,True,False,,,True,completed_point,resolved,bounded_atom,1.5524030884165318e-05,1.5524030884165318e-05,1.507982296240255e-05,1.507982296240255e-05,1.5968238805928086e-05,1.5968238805928086e-05,1.0,0.0,8.957329068669577e-06,8.957329068669577e-06,0.5,resolved,bounded_atom,1.3832696780053923e-05,1.3832696780053923e-05,1.3239566584309288e-05,1.3239566584309288e-05,1.4425826975798553e-05,1.4425826975798553e-05,1.0,0.0,1.6108529309152693e-06,1.6108529309152693e-06,0.5,0.8910505836575877,/Users/emryspeets/Desktop/gp_mods/hps-gpr-emrys-validation_workflow/study_results/v4p9p13_calibration_20260905/derived/individual_2016_full/m135/result.json,256,500,2301.8893365591302,eigenfeature_rtol_1e-15,-0.970794536358194,stress,gp,1.0,0.0,-5.308996115543804,stress,gp,1.0,0.0,True
individual_2021_10pct,2021 10%,2021,135,23,1.0,2850048771.18397,1.7881196217885546e-06,9.966587598378015e-07,1.7881196217885546e-06,9.966587598378015e-07,0.5573781237526493,0.5,-0.6931471805599453,0.0,0.5,-0.6931471805599453,0.0,-1.332013296470889,-3680.3089963566913,2762.465731042397,-1.2913143920789165e-06,1.5950431670662814e-06,2.4892081658758406e-06,1.5950431670662814e-06,2.4892081658758406e-06,0.640783357909746,0.09999999999785063,False,True,True,False,2.220446049250313e-16,0.0,True,completed_point,resolved,bounded_atom,1.737796765575039e-06,1.737796765575039e-06,1.6786746957892557e-06,1.6786746957892557e-06,1.7969188353608222e-06,1.7969188353608222e-06,1.0,0.0,1.7887343984768334e-06,1.7887343984768334e-06,0.5,resolved,bounded_atom,2.0215186864852494e-06,2.0215186864852494e-06,1.9512120205454033e-06,1.9512120205454033e-06,2.0918253524250954e-06,2.0918253524250954e-06,1.0,0.0,9.966587598378015e-07,9.966587598378015e-07,0.5,1.163265306122449,/Users/emryspeets/Desktop/gp_mods/hps-gpr-emrys-validation_workflow/study_results/v4p9p13_calibration_20260905/derived/individual_2021_10pct/m135/result.json,256,500,4312.646997589871,eigenfeature_rtol_1e-15,-0.9142632437546043,gp,gp,1.0,0.0,-1.332013296470889,gp,gp,1.0,0.0,True
individual_2016_full,2016 full,2016,136,106,1.0,283802854.60721916,8.541296080379278e-06,1.745782723220364e-06,8.541296080379278e-06,1.745782723220364e-06,0.204393186559907,0.5,-0.6931471805599453,0.0,0.5,-0.6931471805599453,0.0,-4.970530404058521,-5728.810413777181,1150.6479529083388,-2.0185880165672778e-05,6.690591550731125e-06,1.2897191546223548e-05,6.690591550731125e-06,1.2897191546223548e-05,0.5187634475887279,0.10000000000003809,True,True,True,False,,,True,completed_point,resolved,bounded_atom,1.4148194946580052e-05,1.4148194946580052e-05,1.3730289153477165e-05,1.3730289153477165e-05,1.4566100739682939e-05,1.4566100739682939e-05,1.0,0.0,8.541299358578489e-06,8.541299358578489e-06,0.5,resolved,bounded_atom,1.3903204557894683e-05,1.3903204557894683e-05,1.3366431308057312e-05,1.3366431308057312e-05,1.4439977807732053e-05,1.4439977807732053e-05,1.0,0.0,1.745782723220364e-06,1.745782723220364e-06,0.5,0.9826839826839827,/Users/emryspeets/Desktop/gp_mods/hps-gpr-emrys-validation_workflow/study_results/v4p9p13_calibration_20260905/derived/individual_2016_full/m136/result.json,256,500,2224.927093127675,eigenfeature_rtol_1e-15,-1.1527956807125757,stress,gp,1.0,0.0,-4.970530404058521,stress,gp,1.0,0.0,True
individual_2021_10pct,2021 10%,2021,136,24,1.0,2814456469.5292788,1.7338848309904471e-06,8.938283900789004e-07,1.7338848309904471e-06,8.938283900789004e-07,0.5155062055467194,0.4999311292015692,-0.693284931644052,0.0001726334915006,0.5,-0.6931471805599453,0.0,-1.7040744126080445,-4687.435072005546,2750.0778831148914,-1.6654850138042907e-06,1.6081411542273116e-06,2.522097441961432e-06,1.6081411542273116e-06,2.522097441961432e-06,0.63762054846567,0.10000000000004865,False,True,True,False,-1.1102230246251565e-16,0.0,True,completed_point,resolved,bounded_atom,1.712846700036098e-06,1.712846700036098e-06,1.6541755204658549e-06,1.6541755204658549e-06,1.7727792976353316e-06,1.7727792976353316e-06,1.0,0.0,1.7348371420208082e-06,1.7348371420208082e-06,0.5,resolved,bounded_atom,1.9763615769647284e-06,1.9763615769647284e-06,1.9059818465862172e-06,1.9059818465862172e-06,2.0491105159797026e-06,2.0491105159797026e-06,1.0,0.0,8.938283900789004e-07,8.938283900789004e-07,0.5,1.1538461538461537,/Users/emryspeets/Desktop/gp_mods/hps-gpr-emrys-validation_workflow/study_results/v4p9p13_calibration_20260905/derived/individual_2021_10pct/m136/result.json,256,500,4315.061237463247,eigenfeature_rtol_1e-15,-1.0420495464521145,gp,gp,1.0,0.0,-1.7040744126080445,gp,gp,1.0,0.0,True
individual_2016_full,2016 full,2016,137,108,1.0,271161301.8994018,8.55209766557605e-06,1.8161452843622006e-06,8.55209766557605e-06,1.8161452843622006e-06,0.21236255190028508,0.5,-0.6931471805599453,0.0,0.5,-0.6931471805599453,0.0,-4.879009868744815,-5500.48128504964,1125.5015705037372,-2.028490513403076e-05,6.849422177113889e-06,1.3240820239364594e-05,6.849422177113889e-06,1.3240820239364594e-05,0.5172959116800593,0.1000000000000228,True,True,True,False,,,True,completed_point,resolved,bounded_atom,1.4022089673699368e-05,1.4022089673699368e-05,1.3608903860375557e-05,1.3608903860375557e-05,1.443527548702318e-05,1.443527548702318e-05,1.0,0.0,8.55299438669932e-06,8.55299438669932e-06,0.5,resolved,bounded_atom,1.4776641584391712e-05,1.4776641584391712e-05,1.4210301317147168e-05,1.4210301317147168e-05,1.5342981851636256e-05,1.5342981851636256e-05,1.0,0.0,1.8161452843622006e-06,1.8161452843622006e-06,0.5,1.0538116591928253,/Users/emryspeets/Desktop/gp_mods/hps-gpr-emrys-validation_workflow/study_results/v4p9p13_calibration_20260905/derived/individual_2016_full/m137/result.json,256,500,2182.4563035095125,eigenfeature_rtol_1e-15,-1.2279863080326254,stress,gp,1.0,0.0,-4.879009868744815,stress,gp,1.0,0.0,True
individual_2021_10pct,2021 10%,2021,137,23,1.0,2743742322.3192663,1.7121425403613303e-06,7.884394334941061e-07,1.7121425403613303e-06,7.884394334941061e-07,0.4604987113559564,0.5,-0.6931471805599453,0.0,0.5,-0.6931471805599453,0.0,-2.1643501278423587,-5858.112796165314,2705.824637947876,-2.135081253261965e-06,1.6232788611740425e-06,2.525904948895657e-06,1.6232788611740425e-06,2.525904948895657e-06,0.6426523935050491,0.09999999999998666,False,True,True,False,2.220446049250313e-16,0.0,True,completed_point,resolved,bounded_atom,1.7874038317383995e-06,1.7874038317383995e-06,1.7274529209556578e-06,1.7274529209556578e-06,1.8473547425211417e-06,1.8473547425211417e-06,1.0,0.0,1.7119042561523082e-06,1.7119042561523082e-06,0.5,resolved,bounded_atom,1.859379824962765e-06,1.859379824962765e-06,1.7921802163394963e-06,1.7921802163394963e-06,1.9265794335860334e-06,1.9265794335860334e-06,1.0,0.0,7.884394334941061e-07,7.884394334941061e-07,0.5,1.040268456375839,/Users/emryspeets/Desktop/gp_mods/hps-gpr-emrys-validation_workflow/study_results/v4p9p13_calibration_20260905/derived/individual_2021_10pct/m137/result.json,256,500,4212.983014413979,eigenfeature_rtol_1e-15,-1.0857186686446985,stress,gp,1.0,0.0,-2.1643501278423587,stress,gp,1.0,0.0,True
individual_2016_full,2016 full,2016,138,108,1.0,258389116.84321883,7.243413035284106e-06,1.4759983936905054e-06,7.243413035284106e-06,1.4759983936905054e-06,0.2037711209481806,0.5,-0.6931471805599453,0.0,0.5,-0.6931471805599453,0.0,-6.338806740736509,-6975.101137744129,1097.9459142286803,-2.6994562398602755e-05,7.018205163500159e-06,1.3201544788962016e-05,7.018205163500159e-06,1.3201544788962016e-05,0.5316199941516065,0.099999999999964,True,True,True,False,,,True,completed_point,resolved,bounded_atom,1.0218782784831864e-05,1.0218782784831864e-05,9.820208591659793e-06,9.820208591659793e-06,1.0617356978003937e-05,1.0617356978003937e-05,1.0,0.0,7.243418939625774e-06,7.243418939625774e-06,0.5,resolved,bounded_atom,8.964944406324888e-06,8.964944406324888e-06,8.48734763310614e-06,8.48734763310614e-06,9.442541179543634e-06,9.442541179543634e-06,1.0,0.0,1.4759983936905054e-06,1.4759983936905054e-06,0.5,0.8773006134969327,/Users/emryspeets/Desktop/gp_mods/hps-gpr-emrys-validation_workflow/study_results/v4p9p13_calibration_20260905/derived/individual_2016_full/m138/result.json,256,500,2073.4604242339287,eigenfeature_rtol_1e-15,-1.7432078002245492,stress,gp,1.0,0.0,-6.338806740736509,stress,gp,1.0,0.0,True
individual_2021_10pct,2021 10%,2021,138,24,1.0,2708480599.7028403,1.801099913564835e-06,1.0097166916049763e-06,1.801099913564835e-06,1.0097166916049763e-06,0.5606111487765774,0.5,-0.6931471805599453,0.0,0.5,-0.6931471805599453,0.0,-1.3718960596741012,-3696.6676935742507,2694.0504701107848,-1.3648492420362284e-06,1.6369997725501064e-06,2.5576494765735626e-06,1.6369997725501064e-06,2.5576494765735626e-06,0.6400407043826685,0.09999999999616296,False,True,True,False,-2.220446049250313e-16,0.0,True,completed_point,resolved,bounded_atom,2.0042154501624496e-06,2.0042154501624496e-06,1.9400598780828875e-06,1.9400598780828875e-06,2.068371022242011e-06,2.068371022242011e-06,1.0,0.0,1.800573428816943e-06,1.800573428816943e-06,0.5,resolved,bounded_atom,2.4657923417150134e-06,2.4657923417150134e-06,2.3800163198464088e-06,2.3800163198464088e-06,2.551568363583618e-06,2.551568363583618e-06,1.0,0.0,1.0097166916049763e-06,1.0097166916049763e-06,0.5,1.23030303030303,/Users/emryspeets/Desktop/gp_mods/hps-gpr-emrys-validation_workflow/study_results/v4p9p13_calibration_20260905/derived/individual_2021_10pct/m138/result.json,256,500,4211.105872981092,eigenfeature_rtol_1e-15,-0.9737244202941377,stress,gp,1.0,0.0,-1.3718960596741012,stress,gp,1.0,0.0,True
individual_2016_full,2016 full,2016,139,110,1.0,246972734.55227813,7.657630815783135e-06,2.0221834896348622e-06,7.657630815783135e-06,2.0221834896348622e-06,0.26407429899427143,0.4999655646006563,-0.6932160537303352,8.631674575031098e-05,0.5,-0.6931471805599453,0.0,-4.54344749575278,-4888.612284159984,1074.2222096525154,-1.9794137571591665e-05,7.176836507897858e-06,1.3586313947943695e-05,7.176836507897858e-06,1.3586313947943695e-05,0.528240149270515,0.09999999998774586,True,True,True,False,,,True,completed_point,resolved,bounded_atom,1.103275559604715e-05,1.103275559604715e-05,1.0616967071134384e-05,1.0616967071134384e-05,1.1448544120959916e-05,1.1448544120959916e-05,1.0,0.0,7.654343839917733e-06,7.654343839917733e-06,0.5,resolved,bounded_atom,1.3871593293275656e-05,1.3871593293275656e-05,1.332707668571033e-05,1.332707668571033e-05,1.4416109900840983e-05,1.4416109900840983e-05,1.0,0.0,2.0221834896348622e-06,2.0221834896348622e-06,0.5,1.2573099415204678,/Users/emryspeets/Desktop/gp_mods/hps-gpr-emrys-validation_workflow/study_results/v4p9p13_calibration_20260905/derived/individual_2016_full/m139/result.json,256,500,2039.6087535552479,eigenfeature_rtol_1e-15,-1.6573965014874066,stress,gp,1.0,0.0,-4.54344749575278,stress,gp,1.0,0.0,True
individual_2021_10pct,2021 10%,2021,139,24,1.0,2656643329.5808535,1.8580396389271905e-06,8.744589824543431e-07,1.8580396389271905e-06,8.744589824543431e-07,0.47063526747967827,0.5,-0.6931471805599453,0.0,0.5,-0.6931471805599453,0.0,-1.8659660836096086,-4976.167833008318,2666.1013296907677,-1.8731034676730288e-06,1.6518479413030353e-06,2.580051544859835e-06,1.6518479413030353e-06,2.580051544859835e-06,0.6402383489562316,0.10000000000009937,False,True,True,False,0.0,2.220446049250313e-16,True,completed_point,resolved,bounded_atom,2.1197928593424656e-06,2.1197928593424656e-06,2.0532125431929397e-06,2.0532125431929397e-06,2.186373175491992e-06,2.186373175491992e-06,1.0,0.0,1.8583373450487661e-06,1.8583373450487661e-06,0.5,resolved,bounded_atom,2.340349341817404e-06,2.340349341817404e-06,2.261525003633506e-06,2.261525003633506e-06,2.4191736800013026e-06,2.4191736800013026e-06,1.0,0.0,8.744589824543431e-07,8.744589824543431e-07,0.5,1.1040462427745665,/Users/emryspeets/Desktop/gp_mods/hps-gpr-emrys-validation_workflow/study_results/v4p9p13_calibration_20260905/derived/individual_2021_10pct/m139/result.json,256,500,4166.683789958131,eigenfeature_rtol_1e-15,-0.9070876368537956,stress,gp,1.0,0.0,-1.8659660836096086,stress,gp,1.0,0.0,True
individual_2016_full,2016 full,2016,140,110,1.0,235472834.05287778,8.520507469308898e-06,2.97688491882672e-06,8.520507469308898e-06,2.97688491882672e-06,0.34937882861432157,0.5,-0.6931471805599453,0.0,0.5,-0.6931471805599453,0.0,-2.846746967716904,-2987.7033315741787,1048.4206409886765,-1.2688101978265824e-05,7.339491000695498e-06,1.4041793280554203e-05,7.339491000695498e-06,1.4041793280554203e-05,0.5226890080243243,0.09999999999796853,True,True,True,False,,,True,completed_point,resolved,bounded_atom,1.3002979766046435e-05,1.3002979766046435e-05,1.2558083122140856e-05,1.2558083122140856e-05,1.3447876409952013e-05,1.3447876409952013e-05,1.0,0.0,8.520506541920908e-06,8.520506541920908e-06,0.5,resolved,bounded_atom,2.0671403730637923e-05,2.0671403730637923e-05,1.9929764309823342e-05,1.9929764309823342e-05,2.14130431514525e-05,2.14130431514525e-05,1.0,0.0,2.97688491882672e-06,2.97688491882672e-06,0.5,1.5897435897435899,/Users/emryspeets/Desktop/gp_mods/hps-gpr-emrys-validation_workflow/study_results/v4p9p13_calibration_20260905/derived/individual_2016_full/m140/result.json,256,500,2009.8287567709076,eigenfeature_rtol_1e-15,-1.4215777723605996,stress,gp,1.0,0.0,-2.846746967716904,stress,gp,1.0,0.0,True
individual_2021_10pct,2021 10%,2021,140,24,1.0,2605240541.9114504,1.966627836097653e-06,8.90192371560674e-07,1.966627836097653e-06,8.90192371560674e-07,0.4526491261951565,0.5,-0.6931471805599453,0.0,0.5,-0.6931471805599453,0.0,-1.8360549265590262,-4844.803078646351,2638.010675657384,-1.8596375270176575e-06,1.666672177410236e-06,2.5980991139710646e-06,1.666672177410236e-06,2.5980991139710646e-06,0.6414967652495793,0.09999999999996241,False,True,True,False,0.0,2.220446049250313e-16,True,completed_point,resolved,bounded_atom,2.332039804872172e-06,2.332039804872172e-06,2.2623735243028077e-06,2.2623735243028077e-06,2.401706085441535e-06,2.401706085441535e-06,1.0,0.0,1.968464950554731e-06,1.968464950554731e-06,0.5,resolved,bounded_atom,2.4554281543363077e-06,2.4554281543363077e-06,2.3731920727945466e-06,2.3731920727945466e-06,2.5376642358780685e-06,2.5376642358780685e-06,1.0,0.0,8.90192371560674e-07,8.90192371560674e-07,0.5,1.0529100529100528,/Users/emryspeets/Desktop/gp_mods/hps-gpr-emrys-validation_workflow/study_results/v4p9p13_calibration_20260905/derived/individual_2021_10pct/m140/result.json,256,500,4114.641029420867,eigenfeature_rtol_1e-15,-0.7618753851717126,stress,gp,1.0,0.0,-1.8360549265590262,stress,gp,1.0,0.0,True
individual_2016_full,2016 full,2016,141,112,1.0,224984897.74095735,6.3186503803837374e-06,1.8346749155800163e-06,6.3186503803837374e-06,1.8346749155800163e-06,0.2903586691986897,0.5,-0.6931471805599453,0.0,0.5,-0.6931471805599453,0.0,-5.373845753974562,-5521.490267092781,1025.4057325920778,-2.4541604003350052e-05,7.524934791274739e-06,1.3574411343448047e-05,7.524934791274739e-06,1.3574411343448047e-05,0.5543470431892278,0.09999999999998462,True,True,True,False,,,True,completed_point,resolved,bounded_atom,7.1873733839924945e-06,7.1873733839924945e-06,6.849556693408517e-06,6.849556693408517e-06,7.5251900745764734e-06,7.5251900745764734e-06,1.0,0.0,6.318653096522471e-06,6.318653096522471e-06,0.5,resolved,bounded_atom,8.412127592923952e-06,8.412127592923952e-06,7.975681099961626e-06,7.975681099961626e-06,8.848574085886277e-06,8.848574085886277e-06,1.0,0.0,1.8346749155800163e-06,1.8346749155800163e-06,0.5,1.1704035874439462,/Users/emryspeets/Desktop/gp_mods/hps-gpr-emrys-validation_workflow/study_results/v4p9p13_calibration_20260905/derived/individual_2016_full/m141/result.json,256,500,1856.344929376006,eigenfeature_rtol_1e-15,-2.314391743487885,stress,gp,1.0,0.0,-5.373845753974562,stress,gp,1.0,0.0,True
individual_2021_10pct,2021 10%,2021,141,24,1.0,2555841255.308917,1.9543959357969462e-06,7.02103483671737e-07,1.9543959357969462e-06,7.02103483671737e-07,0.35924321720687546,0.5,-0.6931471805599453,0.0,0.5,-0.6931471805599453,0.0,-2.7317286795320546,-7135.9467985294095,2611.2169428878105,-2.792014873266027e-06,1.6819917583126565e-06,2.6125038210367546e-06,1.6819917583126565e-06,2.6125038210367546e-06,0.6438236548282519,0.0999999999662921,False,True,True,False,0.0,0.0,True,completed_point,resolved,bounded_atom,2.369779300439144e-06,2.369779300439144e-06,2.303821375355577e-06,2.303821375355577e-06,2.4357372255227105e-06,2.4357372255227105e-06,1.0,0.0,1.9542223732388714e-06,1.9542223732388714e-06,0.5,resolved,bounded_atom,2.0968204281372528e-06,2.0968204281372528e-06,2.018832580786714e-06,2.018832580786714e-06,2.1748082754877914e-06,2.1748082754877914e-06,1.0,0.0,7.02103483671737e-07,7.02103483671737e-07,0.5,0.8848167539267014,/Users/emryspeets/Desktop/gp_mods/hps-gpr-emrys-validation_workflow/study_results/v4p9p13_calibration_20260905/derived/individual_2021_10pct/m141/result.json,256,500,4058.9937270212145,eigenfeature_rtol_1e-15,-0.7982767174936702,stress,gp,1.0,0.0,-2.7317286795320546,stress,gp,1.0,0.0,True
individual_2016_full,2016 full,2016,142,112,1.0,214510753.59163058,6.445936990321186e-06,1.929714148648725e-06,6.445936990321186e-06,1.929714148648725e-06,0.29936906791770734,0.5,-0.6931471805599453,0.0,0.5,-0.6931471805599453,0.0,-5.210012390205426,-5224.543738548092,1000.7844351755159,-2.4355626238180043e-05,7.702851605247523e-06,1.3827751628641564e-05,7.702851605247523e-06,1.3827751628641564e-05,0.5570574170057065,0.09999999999999562,True,True,True,False,,,True,completed_point,resolved,bounded_atom,7.058804331031819e-06,7.058804331031819e-06,6.871136660072659e-06,6.871136660072659e-06,7.246472001990979e-06,7.246472001990979e-06,1.0,0.0,6.441917323137815e-06,6.441917323137815e-06,0.5,resolved,bounded_atom,8.793751732743272e-06,8.793751732743272e-06,8.525253792508472e-06,8.525253792508472e-06,9.062249672978075e-06,9.062249672978075e-06,1.0,0.0,1.929714148648725e-06,1.929714148648725e-06,0.5,1.2457848837209302,/Users/emryspeets/Desktop/gp_mods/hps-gpr-emrys-validation_workflow/study_results/v4p9p13_calibration_20260905/refined_v1/attempt1_batch002/individual_2016_full/m142/result.json,,500,1802.9418406763177,eigenfeature_rtol_1e-15,-2.3113560417487897,stress,gp,1.0,0.0,-5.210012390205426,stress,gp,1.0,0.0,True
individual_2021_10pct,2021 10%,2021,142,25,1.0,2520637114.5662155,2.1400988776368977e-06,9.719477454770077e-07,2.1400988776368977e-06,9.719477454770077e-07,0.45416020522857087,0.5,-0.6931471805599453,0.0,0.5,-0.6931471805599453,0.0,-1.6056333863462906,-4172.967444352206,2598.347008854206,-1.6555209078837774e-06,1.696605769759276e-06,2.6513807276373667e-06,1.696605769759276e-06,2.6513807276373667e-06,0.6398951882218414,0.10000000002948754,False,True,True,False,-2.220446049250313e-16,0.0,True,completed_point,resolved,bounded_atom,2.7324338932396433e-06,2.7324338932396433e-06,2.6606316282412324e-06,2.6606316282412324e-06,2.8042361582380542e-06,2.8042361582380542e-06,1.0,0.0,2.1440336197828565e-06,2.1440336197828565e-06,0.5,resolved,bounded_atom,2.8835362283496697e-06,2.8835362283496697e-06,2.799670396368081e-06,2.799670396368081e-06,2.9674020603312585e-06,2.9674020603312585e-06,1.0,0.0,9.719477454770077e-07,9.719477454770077e-07,0.5,1.055299539170507,/Users/emryspeets/Desktop/gp_mods/hps-gpr-emrys-validation_workflow/study_results/v4p9p13_calibration_20260905/derived/individual_2021_10pct/m142/result.json,256,500,4062.657642410178,eigenfeature_rtol_1e-15,-0.5785757374149241,stress,gp,1.0,0.0,-1.6056333863462906,stress,gp,1.0,0.0,True
individual_2016_full,2016 full,2016,143,114,1.0,205055932.443049,6.5917375167042055e-06,2.177703692884686e-06,6.5917375167042055e-06,2.177703692884686e-06,0.3303686907080477,0.5,-0.6931471805599453,0.0,0.5,-0.6931471805599453,0.0,-4.6507186877556315,-4562.596615459554,979.2601434070873,-2.225049800364465e-05,7.882638280989579e-06,1.410384906583294e-05,7.882638280989579e-06,1.410384906583294e-05,0.5588997899931829,0.09999999998175191,True,True,True,False,,,True,completed_point,resolved,bounded_atom,7.132731946521739e-06,7.132731946521739e-06,6.825368621422309e-06,6.825368621422309e-06,7.440095271621171e-06,7.440095271621171e-06,1.0,0.0,6.591738105264196e-06,6.591738105264196e-06,0.5,resolved,bounded_atom,9.309387235366402e-06,9.309387235366402e-06,8.840737800895685e-06,8.840737800895685e-06,9.77803666983712e-06,9.77803666983712e-06,1.0,0.0,2.177703692884686e-06,2.177703692884686e-06,0.5,1.3051643192488265,/Users/emryspeets/Desktop/gp_mods/hps-gpr-emrys-validation_workflow/study_results/v4p9p13_calibration_20260905/chunked_v1/attempt1_remaining_2016_batch001/individual_2016_full/m143/result.json,,500,1757.8774837607834,eigenfeature_rtol_1e-15,-2.2998557627740435,stress,gp,1.0,0.0,-4.6507186877556315,stress,gp,1.0,0.0,True
individual_2021_10pct,2021 10%,2021,143,24,1.0,2456024722.978154,2.3194033674085966e-06,1.4405492634106972e-06,2.3194033674085966e-06,1.4405492634106972e-06,0.6210861308786414,0.5,-0.6931471805599453,0.0,0.5,-0.6931471805599453,0.0,-0.4700081664057548,-1201.7926189812606,2556.7844001103485,-4.893243165418862e-07,1.712923006974195e-06,2.6592777335812748e-06,1.712923006974195e-06,2.6592777335812748e-06,0.6441309177087664,0.09999999999996009,False,True,True,False,0.0,0.0,True,completed_point,resolved,bounded_atom,2.9678930332141405e-06,2.9678930332141405e-06,2.886704868929896e-06,2.886704868929896e-06,3.049081197498385e-06,3.049081197498385e-06,1.0,0.0,2.3178296653843548e-06,2.3178296653843548e-06,0.5,resolved,bounded_atom,3.662506296306812e-06,3.662506296306812e-06,3.557685209388877e-06,3.557685209388877e-06,3.767327383224747e-06,3.767327383224747e-06,1.0,0.0,1.4405492634106972e-06,1.4405492634106972e-06,0.5,1.2340425531914894,/Users/emryspeets/Desktop/gp_mods/hps-gpr-emrys-validation_workflow/study_results/v4p9p13_calibration_20260905/derived/individual_2021_10pct/m143/result.json,256,500,3970.2978258947014,eigenfeature_rtol_1e-15,-0.3717139968047941,stress,gp,1.0,0.0,-0.4700081664057548,stress,gp,1.0,0.0,True
individual_2016_full,2016 full,2016,144,114,1.0,195598311.94940996,1.0563474884602586e-05,4.939913902153665e-06,1.0563474884602586e-05,4.939913902153665e-06,0.46764099466493997,0.5,-0.6931471805599453,0.0,0.5,-0.6931471805599453,0.0,-1.3891507653911892,-1329.101845363109,956.2382150433862,-6.795057851556875e-06,8.053344988597684e-06,1.53871655515146e-05,8.053344988597684e-06,1.53871655515146e-05,0.523380668235221,0.09999999999529655,True,True,True,False,,,True,completed_point,resolved,bounded_atom,1.3664009200236566e-05,1.3664009200236566e-05,1.3152259700398241e-05,1.3152259700398241e-05,1.4175758700074892e-05,1.4175758700074892e-05,1.0,0.0,1.0563481740005712e-05,1.0563481740005712e-05,0.5,resolved,bounded_atom,2.5866627042159064e-05,2.5866627042159064e-05,2.513425116200394e-05,2.513425116200394e-05,2.6599002922314186e-05,2.6599002922314186e-05,1.0,0.0,4.939913902153665e-06,4.939913902153665e-06,0.5,1.8930481283422462,/Users/emryspeets/Desktop/gp_mods/hps-gpr-emrys-validation_workflow/study_results/v4p9p13_calibration_20260905/derived/individual_2016_full/m144/result.json,256,500,1829.412369815601,eigenfeature_rtol_1e-15,-1.047257819791898,stress,gp,1.0,0.0,-1.3891507653911892,stress,gp,1.0,0.0,True
individual_2021_10pct,2021 10%,2021,144,25,1.0,2422258202.2999167,2.3481294362222636e-06,1.111369325928202e-06,2.3481294362222636e-06,1.111369325928202e-06,0.4732998568069587,0.4999311292015692,-0.693284931644052,0.0001726334915006,0.5,-0.6931471805599453,0.0,-1.2443866178856322,-3166.4226216858606,2544.0951620654832,-1.307219279381267e-06,1.7285512735677702e-06,2.6894600194352726e-06,1.7285512735677702e-06,2.6894600194352726e-06,0.6427131324044475,0.09999999999953497,False,True,True,False,0.0,0.0,True,completed_point,resolved,bounded_atom,3.0526677698618885e-06,3.0526677698618885e-06,2.97430033827383e-06,2.97430033827383e-06,3.131035201449948e-06,3.131035201449948e-06,1.0,0.0,2.3477794527057586e-06,2.3477794527057586e-06,0.5,resolved,bounded_atom,3.1548491178070564e-06,3.1548491178070564e-06,3.065002534542844e-06,3.065002534542844e-06,3.2446957010712694e-06,3.2446957010712694e-06,1.0,0.0,1.111369325928202e-06,1.111369325928202e-06,0.5,1.0334728033472804,/Users/emryspeets/Desktop/gp_mods/hps-gpr-emrys-validation_workflow/study_results/v4p9p13_calibration_20260905/derived/individual_2021_10pct/m144/result.json,256,500,3960.153730915912,eigenfeature_rtol_1e-15,-0.3673000385939346,stress,gp,1.0,0.0,-1.2443866178856322,stress,gp,1.0,0.0,True
individual_2016_full,2016 full,2016,145,114,1.0,186593822.28770262,7.118869176708773e-06,2.1470288611743028e-06,7.118869176708773e-06,2.1470288611743028e-06,0.30159689802965683,0.5,-0.6931471805599453,0.0,0.5,-0.6931471805599453,0.0,-4.992648565602345,-4668.808120452967,933.2154046120972,-2.5021236304674074e-05,8.259201542803215e-06,1.4670953505707295e-05,8.259201542803215e-06,1.4670953505707295e-05,0.5629628326195854,0.100000000000026,True,True,True,False,,,True,completed_point,resolved,bounded_atom,7.6284246464215475e-06,7.6284246464215475e-06,7.300904115777119e-06,7.300904115777119e-06,7.955945177065976e-06,7.955945177065976e-06,1.0,0.0,7.118867717850269e-06,7.118867717850269e-06,0.5,resolved,bounded_atom,8.952078238038071e-06,8.952078238038071e-06,8.524110790326012e-06,8.524110790326012e-06,9.380045685750132e-06,9.380045685750132e-06,1.0,0.0,2.1470288611743028e-06,2.1470288611743028e-06,0.5,1.1735159817351597,/Users/emryspeets/Desktop/gp_mods/hps-gpr-emrys-validation_workflow/study_results/v4p9p13_calibration_20260905/derived/individual_2016_full/m145/result.json,256,500,1663.9028752476497,eigenfeature_rtol_1e-15,-2.1642377965710278,stress,gp,1.0,0.0,-4.992648565602345,stress,gp,1.0,0.0,True
individual_2021_10pct,2021 10%,2021,145,25,1.0,2374827060.0597873,2.6290689207574277e-06,1.890387879849165e-06,2.6290689207574277e-06,1.890387879849165e-06,0.719033215494613,0.4999311292015692,-0.693284931644052,0.0001726334915006,0.4147501551523765,-0.8800789758251515,0.21534248239804396,0.21534248239804396,542.1880083773242,2517.875227993593,2.283063122767661e-07,1.7442743282285418e-06,2.7207385611364617e-06,1.7442743282285418e-06,2.7207385611364617e-06,0.6411032478989648,0.0999999999999891,False,True,True,False,6.217248937900877e-15,5.551115123125783e-17,True,completed_point,resolved,bounded_atom,3.3465920630599263e-06,3.3465920630599263e-06,3.2601445425138055e-06,3.2601445425138055e-06,3.433039583606047e-06,3.433039583606047e-06,1.0,0.0,2.628893159226648e-06,2.628893159226648e-06,0.5,resolved,resolved,4.367367248317587e-06,4.367367248317587e-06,4.257213023946577e-06,4.257213023946577e-06,4.477521472688597e-06,4.477521472688597e-06,0.32085745944750577,0.009545223567826689,1.890387879849165e-06,1.890387879849165e-06,0.4147501551523765,1.305019305019305,/Users/emryspeets/Desktop/gp_mods/hps-gpr-emrys-validation_workflow/study_results/v4p9p13_calibration_20260905/derived/individual_2021_10pct/m145/result.json,256,500,3927.76025468344,eigenfeature_rtol_1e-15,-0.09224733033360501,stress,gp,1.0,0.0,0.21534248239804396,stress,gp,0.32085745944750577,-1.136758306037616,True
individual_2016_full,2016 full,2016,146,116,1.0,178540513.4240697,7.508033134575749e-06,2.158561394811996e-06,7.508033134575749e-06,2.158561394811996e-06,0.28750024888295445,0.499975650495596,-0.6931958807545887,6.103515625e-05,0.5,-0.6931471805599453,0.0,-5.0940961917827,-4662.783385489598,913.3682146309293,-2.611610830542728e-05,8.449903752525609e-06,1.5039144519709398e-05,8.449903752525609e-06,1.5039144519709398e-05,0.5618606657746837,0.1000000000000157,True,True,True,False,,,True,completed_point,resolved,bounded_atom,8.176915571952398e-06,8.176915571952398e-06,7.826906657244954e-06,7.826906657244954e-06,8.526924486659841e-06,8.526924486659841e-06,1.0,0.0,7.508034237291287e-06,7.508034237291287e-06,0.5,resolved,bounded_atom,9.248127218933061e-06,9.248127218933061e-06,8.807738963334267e-06,8.807738963334267e-06,9.688515474531855e-06,9.688515474531855e-06,1.0,0.0,2.158561394811996e-06,2.158561394811996e-06,0.5,1.131004366812227,/Users/emryspeets/Desktop/gp_mods/hps-gpr-emrys-validation_workflow/study_results/v4p9p13_calibration_20260905/derived/individual_2016_full/m146/result.json,256,500,1632.0399141356454,eigenfeature_rtol_1e-15,-2.0637153289288013,gp,gp,1.0,0.0,-5.0940961917827,gp,gp,1.0,0.0,True
individual_2021_10pct,2021 10%,2021,146,26,1.0,2339671611.476207,2.637881503135425e-06,1.3282410793090244e-06,2.637881503135425e-06,1.3282410793090244e-06,0.5035256806381398,0.5,-0.6931471805599453,0.0,0.5,-0.6931471805599453,0.0,-0.7750615318765485,-1940.8441538800012,2503.822784902434,-8.295369932942996e-07,1.761055879519792e-06,2.7497154412174284e-06,1.761055879519792e-06,2.7497154412174284e-06,0.640450227366105,0.09999999999999261,False,True,True,False,0.0,0.0,True,completed_point,resolved,bounded_atom,3.4083510371540647e-06,3.4083510371540647e-06,3.323791528439738e-06,3.323791528439738e-06,3.492910545868391e-06,3.492910545868391e-06,1.0,0.0,2.6381707770783313e-06,2.6381707770783313e-06,0.5,resolved,bounded_atom,3.7348214430117333e-06,3.7348214430117333e-06,3.6233482220142093e-06,3.6233482220142093e-06,3.846294664009258e-06,3.846294664009258e-06,1.0,0.0,1.3282410793090244e-06,1.3282410793090244e-06,0.5,1.0957854406130267,/Users/emryspeets/Desktop/gp_mods/hps-gpr-emrys-validation_workflow/study_results/v4p9p13_calibration_20260905/derived/individual_2021_10pct/m146/result.json,256,500,3910.827727730195,eigenfeature_rtol_1e-15,-0.11115458219337543,stress,gp,1.0,0.0,-0.7750615318765485,stress,gp,1.0,0.0,True
individual_2016_full,2016 full,2016,147,116,1.0,170464257.28805664,7.878913611651916e-06,1.950845861425627e-06,7.878913611651916e-06,1.950845861425627e-06,0.24760340798007646,0.5,-0.6931471805599453,0.0,0.5,-0.6931471805599453,0.0,-5.864306693324099,-5243.249452442487,891.8373868108271,-3.075864428037988e-05,8.647693259783549e-06,1.5374428862631076e-05,8.647693259783549e-06,1.5374428862631076e-05,0.56247248837988,0.10000000017652891,True,True,True,False,,,True,completed_point,resolved,bounded_atom,8.359160959722109e-06,8.359160959722109e-06,8.004076328521005e-06,8.004076328521005e-06,8.714245590923212e-06,8.714245590923212e-06,1.0,0.0,7.878920006463493e-06,7.878920006463493e-06,0.5,resolved,bounded_atom,8.72418982259207e-06,8.72418982259207e-06,8.253101078346929e-06,8.253101078346929e-06,9.19527856683721e-06,9.19527856683721e-06,1.0,0.0,1.950845861425627e-06,1.950845861425627e-06,0.5,1.0436681222707422,/Users/emryspeets/Desktop/gp_mods/hps-gpr-emrys-validation_workflow/study_results/v4p9p13_calibration_20260905/derived/individual_2016_full/m147/result.json,256,500,1592.9439743444939,eigenfeature_rtol_1e-15,-1.9723507140058014,gp,gp,1.0,0.0,-5.864306693324099,gp,gp,1.0,0.0,True
individual_2021_10pct,2021 10%,2021,147,25,1.0,2280488862.2931833,2.7648373096492773e-06,1.563688865402576e-06,2.7648373096492773e-06,1.563688865402576e-06,0.5655627041581451,0.4978407160410588,-0.6974751004266545,0.0054125486517078,0.5,-0.6931471805599453,0.0,-0.3478137824717724,-857.343009333169,2464.817333882457,-3.7594702763470354e-07,1.778424667691101e-06,2.760258213929663e-06,1.778424667691101e-06,2.760258213929663e-06,0.6442964860012981,0.10000000000001667,False,True,True,False,-1.1102230246251565e-16,0.0,True,completed_point,resolved,resolved,3.5006662758801582e-06,3.5006662758801582e-06,3.4516614015676645e-06,3.4516614015676645e-06,3.549671150192652e-06,3.549671150192652e-06,0.40910527536205715,0.010802009172622232,2.765139626228627e-06,2.765139626228627e-06,0.4980876712682496,resolved,bounded_atom,3.84348095429196e-06,3.84348095429196e-06,3.774185358941738e-06,3.774185358941738e-06,3.912776549642182e-06,3.912776549642182e-06,1.0,0.0,1.563688865402576e-06,1.563688865402576e-06,0.5,1.0979284088785668,/Users/emryspeets/Desktop/gp_mods/hps-gpr-emrys-validation_workflow/study_results/v4p9p13_calibration_20260905/chunked_v1/attempt1_remaining_2021_batch001/individual_2021_10pct/m147/result.json,,500,3826.506610772744,eigenfeature_rtol_1e-15,0.0047935156267323795,stress,gp,0.40910527536205715,-0.893782759087008,-0.3478137824717724,stress,gp,1.0,0.0,True
individual_2016_full,2016 full,2016,148,118,1.0,163202553.62685055,8.844937368686325e-06,2.09086419162428e-06,8.844937368686325e-06,2.09086419162428e-06,0.23639106807319554,0.5,-0.6931471805599453,0.0,0.5,-0.6931471805599453,0.0,-5.562363534841135,-4868.548165260074,873.1218246801427,-2.9831323450928445e-05,8.842375334183228e-06,1.583156518143078e-05,8.842375334183228e-06,1.583156518143078e-05,0.5585281829591087,0.10000000000000735,True,True,True,False,,,True,completed_point,resolved,bounded_atom,9.885698593822855e-06,9.885698593822855e-06,9.457392189199383e-06,9.457392189199383e-06,1.0314004998446328e-05,1.0314004998446328e-05,1.0,0.0,8.844938003388053e-06,8.844938003388053e-06,0.5,resolved,bounded_atom,9.885698593822855e-06,9.885698593822855e-06,9.383469132165635e-06,9.383469132165635e-06,1.0387928055480074e-05,1.0387928055480074e-05,1.0,0.0,2.09086419162428e-06,2.09086419162428e-06,0.5,1.0,/Users/emryspeets/Desktop/gp_mods/hps-gpr-emrys-validation_workflow/study_results/v4p9p13_calibration_20260905/derived/individual_2016_full/m148/result.json,256,500,1570.429814652842,eigenfeature_rtol_1e-15,-1.6829610773869796,gp,gp,1.0,0.0,-5.562363534841135,gp,gp,1.0,0.0,True
individual_2021_10pct,2021 10%,2021,148,25,1.0,2233817753.8078613,2.8739197025719114e-06,1.7361118856780577e-06,2.8739197025719114e-06,1.7361118856780577e-06,0.6040919946804313,0.4668850734158951,-0.761672147068874,0.0831023631428942,0.5,-0.6931471805599453,0.0,-0.09064197474915715,-220.98696872571475,2437.9861308243194,-9.892793104943808e-08,1.7957125282716824e-06,2.7865254893323244e-06,1.7957125282716824e-06,2.7865254893323244e-06,0.6444270957313046,0.10000000000025058,False,True,True,False,2.220446049250313e-16,-5.551115123125783e-17,True,completed_point,resolved,resolved,3.6260008019694274e-06,3.6260008019694274e-06,3.5257027825910144e-06,3.5257027825910144e-06,3.72629882134784e-06,3.72629882134784e-06,0.37573982083345786,0.010328051432329058,2.874275028134265e-06,2.874275028134265e-06,0.46688066826240726,resolved,bounded_atom,4.102409666461761e-06,4.102409666461761e-06,3.990551211161252e-06,3.990551211161252e-06,4.214268121762269e-06,4.214268121762269e-06,1.0,0.0,1.7361118856780577e-06,1.7361118856780577e-06,0.5,1.1313868613138687,/Users/emryspeets/Desktop/gp_mods/hps-gpr-emrys-validation_workflow/study_results/v4p9p13_calibration_20260905/derived/individual_2021_10pct/m148/result.json,256,500,3783.8598384868205,eigenfeature_rtol_1e-15,0.08311344342451238,stress,gp,0.37573982083345786,-0.9788583409795862,-0.09064197474915715,stress,gp,1.0,0.0,True
individual_2016_full,2016 full,2016,149,118,1.0,155776948.5835697,1.538083892677749e-05,5.468024997790265e-06,1.538083892677749e-05,5.468024997790265e-06,0.3555088915384601,0.5,-0.6931471805599453,0.0,0.5,-0.6931471805599453,0.0,-1.428295121955503,-1219.6921734576683,853.3996924904859,-7.829734659382802e-06,9.028210306791642e-06,1.7069359204354516e-05,9.028210306791642e-06,1.7069359204354516e-05,0.5289132531986603,0.09999999999215954,True,True,True,False,,,True,completed_point,resolved,bounded_atom,1.72648422857685e-05,1.72648422857685e-05,1.6780727038946094e-05,1.6780727038946094e-05,1.7783030253433153e-05,1.7783030253433153e-05,1.0,0.0,1.538086804218603e-05,1.538086804218603e-05,0.5,resolved,bounded_atom,2.145946946083197e-05,2.145946946083197e-05,2.1053685837999456e-05,2.1053685837999456e-05,2.1865253083664487e-05,2.1865253083664487e-05,1.0,0.0,5.468024997790265e-06,5.468024997790265e-06,0.5,1.242957746478873,/Users/emryspeets/Desktop/gp_mods/hps-gpr-emrys-validation_workflow/study_results/v4p9p13_calibration_20260905/chunked_v1/attempt1_remaining_2016_batch001/individual_2016_full/m149/result.json,,500,1616.2039881636654,eigenfeature_rtol_1e-15,-0.28012893590784715,gp,gp,1.0,0.0,-1.428295121955503,stress,gp,1.0,0.0,True
individual_2021_10pct,2021 10%,2021,149,26,1.0,2201380516.1048017,2.8066396999540815e-06,1.3443760845726583e-06,2.8066396999540815e-06,1.3443760845726583e-06,0.47899845662222096,0.5,-0.6931471805599453,0.0,0.5,-0.6931471805599453,0.0,-0.8237075279870927,-1997.9931775065381,2425.298785317777,-9.076091856404071e-07,1.8130664138682972e-06,2.8211659586655173e-06,1.8130664138682972e-06,2.8211659586655173e-06,0.6426656355678995,0.09999999999996009,False,True,True,False,2.220446049250313e-16,0.0,True,completed_point,resolved,bounded_atom,3.443308740299362e-06,3.443308740299362e-06,3.3612291117252507e-06,3.3612291117252507e-06,3.525388368873472e-06,3.525388368873472e-06,1.0,0.0,2.8066238878814173e-06,2.8066238878814173e-06,0.5,resolved,bounded_atom,3.443308740299362e-06,3.443308740299362e-06,3.3445643180820297e-06,3.3445643180820297e-06,3.542053162516694e-06,3.542053162516694e-06,1.0,0.0,1.3443760845726583e-06,1.3443760845726583e-06,0.5,1.0,/Users/emryspeets/Desktop/gp_mods/hps-gpr-emrys-validation_workflow/study_results/v4p9p13_calibration_20260905/derived/individual_2021_10pct/m149/result.json,256,500,3775.2692404437084,eigenfeature_rtol_1e-15,-0.013677972586473453,stress,gp,1.0,0.0,-0.8237075279870927,stress,gp,1.0,0.0,True
individual_2016_full,2016 full,2016,150,118,1.0,148795511.64795908,1.65012612309309e-05,5.124693069962301e-06,1.65012612309309e-05,5.124693069962301e-06,0.31056371984198916,0.499975650495596,-0.6931958807545887,6.103515625e-05,0.5,-0.6931471805599453,0.0,-1.709257897382548,-1426.2055524096627,833.7427112385516,-9.585003852696688e-06,9.23678944568253e-06,1.7473359914264936e-05,9.23678944568253e-06,1.7473359914264936e-05,0.5286212549277247,0.10000000009859858,True,True,True,False,,,True,completed_point,resolved,bounded_atom,1.8835007775102416e-05,1.8835007775102416e-05,1.8210769819721895e-05,1.8210769819721895e-05,1.9459245730482936e-05,1.9459245730482936e-05,1.0,0.0,1.6501274171046306e-05,1.6501274171046306e-05,0.5,resolved,bounded_atom,1.9498796595370344e-05,1.9498796595370344e-05,1.8769741740611822e-05,1.8769741740611822e-05,2.022785145012886e-05,2.022785145012886e-05,1.0,0.0,5.124693069962301e-06,5.124693069962301e-06,0.5,1.0352422907488987,/Users/emryspeets/Desktop/gp_mods/hps-gpr-emrys-validation_workflow/study_results/v4p9p13_calibration_20260905/derived/individual_2016_full/m150/result.json,256,500,1580.3007542073806,eigenfeature_rtol_1e-15,-0.15292846727904152,gp,gp,1.0,0.0,-1.709257897382548,gp,gp,1.0,0.0,True
individual_2021_10pct,2021 10%,2021,150,25,1.0,2144053419.3174777,2.890474472960937e-06,1.8468088712005528e-06,2.890474472960937e-06,1.8468088712005528e-06,0.6389293136737939,0.4799343135006451,-0.7341060313182443,0.0503184429947292,0.4909308202711828,-0.7114520566923703,0.02273502073480007,0.02273502073480007,54.253537009041196,2386.3506374643052,2.530419089385929e-08,1.8312392969088356e-06,2.8366321796067628e-06,1.8312392969088356e-06,2.8366321796067628e-06,0.645568117739783,0.10000000000161184,False,True,True,False,0.0,6.938893903907228e-17,True,completed_point,resolved,resolved,3.4082914277556732e-06,3.4082914277556732e-06,3.322444332906016e-06,3.322444332906016e-06,3.49413852260533e-06,3.49413852260533e-06,0.4256630483694438,0.010905469850174094,2.890830222388851e-06,2.890830222388851e-06,0.4797418007033645,resolved,resolved,3.9067372096804165e-06,3.9067372096804165e-06,3.7931663359846825e-06,3.7931663359846825e-06,4.020308083376149e-06,4.020308083376149e-06,0.4384934544429466,0.011290132327951482,1.8468088712005528e-06,1.8468088712005528e-06,0.4909308202711828,1.1462450592885378,/Users/emryspeets/Desktop/gp_mods/hps-gpr-emrys-validation_workflow/study_results/v4p9p13_calibration_20260905/derived/individual_2021_10pct/m150/result.json,256,500,3697.104892817707,eigenfeature_rtol_1e-15,0.050801618200214255,stress,gp,0.4256630483694438,-0.8541072119605452,0.02273502073480007,stress,gp,0.4384934544429466,-0.8244103944353661,True
individual_2016_full,2016 full,2016,151,120,1.0,142520281.67299178,1.9927960120614524e-05,1.0943087866284452e-05,1.9927960120614524e-05,1.0943087866284452e-05,0.549132364780495,0.3982190523427407,-0.92075304233204,0.2579595767607738,0.34550075362707033,-1.0627604545117544,0.3974963097773668,0.3974963097773668,324.6558822724325,816.9050434398938,2.2779626763392525e-06,9.43373045369551e-06,1.809455629549276e-05,9.43373045369551e-06,1.809455629549276e-05,0.5213573795144892,0.0999999999999935,True,True,True,False,,,True,completed_point,resolved,resolved,2.1738676923925043e-05,2.1738676923925043e-05,2.1091779898125584e-05,2.1091779898125584e-05,2.23855739497245e-05,2.23855739497245e-05,0.5038014184772218,0.013959541909817238,1.9927826182111806e-05,1.9927826182111806e-05,0.39803527303868885,resolved,resolved,2.8698490484549266e-05,2.8698490484549266e-05,2.7671452403277688e-05,2.7671452403277688e-05,2.972552856582084e-05,2.972552856582084e-05,0.4782305707192645,0.014082334858374524,1.0943087866284452e-05,1.0943087866284452e-05,0.34550075362707033,1.3201581027667983,/Users/emryspeets/Desktop/gp_mods/hps-gpr-emrys-validation_workflow/study_results/v4p9p13_calibration_20260905/derived/individual_2016_full/m151/result.json,256,500,1567.469967884124,eigenfeature_rtol_1e-15,0.25843585736050706,gp,stress,0.5038014184772218,-0.6855730995113745,0.3974963097773668,gp,stress,0.4782305707192645,-0.7376622972700572,True
individual_2021_10pct,2021 10%,2021,151,26,1.0,2112600309.2968004,2.9250712136601417e-06,2.279113236266011e-06,2.9250712136601417e-06,2.279113236266011e-06,0.7791650424176021,0.483487925973365,-0.7267289365342787,0.0414014561595156,0.2873852958767197,-1.2469314692183657,0.561039526711598,0.561039526711598,1332.0207812172625,2374.4129677803576,6.305124425834429e-07,1.8489152622172937e-06,2.8807086608649416e-06,1.8489152622172937e-06,2.8807086608649416e-06,0.6418265364127975,0.10000000000005602,False,True,True,False,4.440892098500626e-16,0.0,True,completed_point,resolved,resolved,3.3791663495338095e-06,3.3791663495338095e-06,3.288996649834141e-06,3.288996649834141e-06,3.469336049233478e-06,3.469336049233478e-06,0.420179003567093,0.010703504597899451,2.925926980331097e-06,2.925926980331097e-06,0.4833649440608268,resolved,resolved,4.35050566458199e-06,4.35050566458199e-06,4.233484671163094e-06,4.233484671163094e-06,4.467526658000885e-06,4.467526658000885e-06,0.3069284015466725,0.009505064123247416,2.279113236266011e-06,2.279113236266011e-06,0.2873852958767197,1.2874493927125508,/Users/emryspeets/Desktop/gp_mods/hps-gpr-emrys-validation_workflow/study_results/v4p9p13_calibration_20260905/derived/individual_2021_10pct/m151/result.json,256,500,3699.4735547545733,eigenfeature_rtol_1e-15,0.04170999238724056,stress,gp,0.420179003567093,-0.8670744595324373,0.561039526711598,stress,gp,0.3069284015466725,-1.1811407783125665,True
individual_2016_full,2016 full,2016,152,120,1.0,136296846.33627295,2.253545167872423e-05,1.7426735148352087e-05,2.253545167872423e-05,1.7426735148352087e-05,0.7733031224222014,0.3023333637922691,-1.1962250167889108,0.5177012477037437,0.047926992765775216,-3.038076409991047,1.6652946492424796,1.6652946492424796,1328.839477052033,798.6014581846983,9.749598121834067e-06,9.633817842426696e-06,1.8573052580595067e-05,9.633817842426696e-06,1.8573052580595067e-05,0.5186986792086083,0.099999999999144,True,True,True,False,,,True,completed_point,resolved,resolved,2.4518352512045536e-05,2.4518352512045536e-05,2.3727320653587326e-05,2.3727320653587326e-05,2.5309384370503753e-05,2.5309384370503753e-05,0.5162916464656048,0.013453282430433696,2.2535280689801324e-05,2.2535280689801324e-05,0.30231940802694607,resolved,resolved,3.545459607856945e-05,3.545459607856945e-05,3.44401270701026e-05,3.44401270701026e-05,3.64690650870363e-05,3.64690650870363e-05,0.40263707024660284,0.012555311128161096,1.7426735148352087e-05,1.7426735148352087e-05,0.047926992765775216,1.446043165467626,/Users/emryspeets/Desktop/gp_mods/hps-gpr-emrys-validation_workflow/study_results/v4p9p13_calibration_20260905/derived/individual_2016_full/m152/result.json,256,500,1538.6585898142584,eigenfeature_rtol_1e-15,0.5177412464810296,gp,stress,0.5162916464656048,-0.6610834668408188,1.6652946492424796,gp,stress,0.40263707024660284,-0.9097196929000254,True
individual_2021_10pct,2021 10%,2021,152,26,1.0,2068473317.2664201,2.9229521057533206e-06,2.279218343678891e-06,2.9229521057533206e-06,2.279218343678891e-06,0.7797658877792242,0.4945838381960364,-0.7040386009429919,0.0135767213998039,0.2966199300857205,-1.2153036563715363,0.534146962757213,0.534146962757213,1254.1619661007937,2348.173000999119,6.06322525715838e-07,1.8674597356951911e-06,2.908234653470271e-06,1.8674597356951911e-06,2.908234653470271e-06,0.6421282868171699,0.10000000000005202,False,True,True,False,2.220446049250313e-16,0.0,True,completed_point,resolved,resolved,3.162843275652328e-06,3.162843275652328e-06,3.073669952843595e-06,3.073669952843595e-06,3.252016598461061e-06,3.252016598461061e-06,0.4795902632772016,0.011410020974781637,2.9236724108346317e-06,2.9236724108346317e-06,0.494384414532981,resolved,resolved,4.115839721154557e-06,4.115839721154557e-06,4.001393030114708e-06,4.001393030114708e-06,4.230286412194408e-06,4.230286412194408e-06,0.3522052812728302,0.010319515711944904,2.279218343678891e-06,2.279218343678891e-06,0.2966199300857205,1.3013100436681222,/Users/emryspeets/Desktop/gp_mods/hps-gpr-emrys-validation_workflow/study_results/v4p9p13_calibration_20260905/derived/individual_2021_10pct/m152/result.json,256,500,3656.8073627290055,eigenfeature_rtol_1e-15,0.014076650182672457,stress,gp,0.4795902632772016,-0.7348231577921557,0.534146962757213,stress,gp,0.3522052812728302,-1.0435410879364027,True
individual_2016_full,2016 full,2016,153,122,1.0,130662271.3951277,2.454322319251886e-05,1.828890883474739e-05,2.454322319251886e-05,1.828890883474739e-05,0.7451714345458147,0.2498366124146453,-1.386948125118429,0.6750039980800868,0.04006917390116805,-3.217147970938717,1.749883909003927,1.749883909003927,1368.052376528436,782.4702423722035,1.0470140782960932e-05,9.845485393592995e-06,1.9085528470580913e-05,9.845485393592995e-06,1.9085528470580913e-05,0.5158612929565541,0.09999999999933717,True,True,True,False,,,True,completed_point,resolved,resolved,2.5919896407872956e-05,2.5919896407872956e-05,2.5110061215126276e-05,2.5110061215126276e-05,2.6729731600619635e-05,2.6729731600619635e-05,0.4405087490526553,0.012474978970647563,2.4542977989766966e-05,2.4542977989766966e-05,0.24981340259122303,resolved,resolved,3.6795377418169304e-05,3.6795377418169304e-05,3.5703298583502615e-05,3.5703298583502615e-05,3.788745625283598e-05,3.788745625283598e-05,0.4100971708520381,0.012496657339662239,1.828890883474739e-05,1.828890883474739e-05,0.04006917390116805,1.4195804195804198,/Users/emryspeets/Desktop/gp_mods/hps-gpr-emrys-validation_workflow/study_results/v4p9p13_calibration_20260905/derived/individual_2016_full/m153/result.json,256,500,1515.7493880745585,eigenfeature_rtol_1e-15,0.675077063412453,gp,stress,0.4405087490526553,-0.8198249721626084,1.749883909003927,gp,stress,0.4100971708520381,-0.8913611452861977,True
individual_2021_10pct,2021 10%,2021,153,26,1.0,2026716699.1796618,3.0133897390437505e-06,2.7683321444726016e-06,3.0133897390437505e-06,2.7683321444726016e-06,0.9186770992825793,0.4705212254338615,-0.7539142084686904,0.0739597015970666,0.14846276888838744,-1.9074210667298446,1.0430491327406664,1.0430491327406664,2423.447952085066,2323.819365486156,1.1957507199037665e-06,1.8858633763119078e-06,2.9326654814995008e-06,1.8858633763119078e-06,2.9326654814995008e-06,0.6430543777354543,0.09999999997376337,False,True,True,False,1.1324274851176597e-14,0.0,True,completed_point,resolved,resolved,3.133698055655968e-06,3.133698055655968e-06,3.0461401544737503e-06,3.0461401544737503e-06,3.221255956838186e-06,3.221255956838186e-06,0.4341491857327304,0.010520817481326992,3.0151050070967077e-06,3.0151050070967077e-06,0.4705018695315503,resolved,resolved,4.373249731004329e-06,4.373249731004329e-06,4.253529707605041e-06,4.253529707605041e-06,4.4929697544036165e-06,4.4929697544036165e-06,0.23791876347195387,0.008081654517083087,2.7683321444726016e-06,2.7683321444726016e-06,0.14846276888838744,1.3955555555555557,/Users/emryspeets/Desktop/gp_mods/hps-gpr-emrys-validation_workflow/study_results/v4p9p13_calibration_20260905/derived/individual_2021_10pct/m153/result.json,256,500,3613.0805643860126,eigenfeature_rtol_1e-15,0.0740083526160405,gp,stress,0.4341491857327304,-0.8343670580208777,1.0430491327406664,stress,gp,0.23791876347195387,-1.4358259935267623,True
individual_2016_full,2016 full,2016,154,122,1.0,125018203.37967749,2.6338039769264065e-05,1.775031747882319e-05,2.6338039769264065e-05,1.775031747882319e-05,0.6739422384629183,0.2094581891494759,-1.5632311340030878,0.8083026484078086,0.05629337369254105,-2.8771784471657256,1.586672898969839,1.586672898969839,1212.8908593063197,765.0348483127761,9.701714042576642e-06,1.0061959479581761e-05,1.950936605537212e-05,1.0061959479581761e-05,1.950936605537212e-05,0.5157502017760894,0.09999999999884601,True,True,True,False,,,True,completed_point,resolved,resolved,2.8718748319726672e-05,2.8718748319726672e-05,2.7893019198932864e-05,2.7893019198932864e-05,2.9544477440520476e-05,2.9544477440520476e-05,0.38098857738698194,0.011210999693124815,2.6338034367192805e-05,2.6338034367192805e-05,0.20945555963947404,resolved,resolved,3.538890921979222e-05,3.538890921979222e-05,3.437583978454617e-05,3.437583978454617e-05,3.6401978655038274e-05,3.6401978655038274e-05,0.41802428145564735,0.012217530411459466,1.775031747882319e-05,1.775031747882319e-05,0.05629337369254105,1.2322580645161292,/Users/emryspeets/Desktop/gp_mods/hps-gpr-emrys-validation_workflow/study_results/v4p9p13_calibration_20260905/derived/individual_2016_full/m154/result.json,256,500,1482.4738346303423,eigenfeature_rtol_1e-15,0.8083117861774111,gp,stress,0.38098857738698194,-0.9649858849164595,1.586672898969839,gp,stress,0.41802428145564735,-0.8722157585377047,True
individual_2021_10pct,2021 10%,2021,154,26,1.0,1984833694.5634654,3.0833149431150477e-06,2.2992636574116944e-06,3.0833149431150477e-06,2.2992636574116944e-06,0.7457115798520301,0.4551667917865574,-0.7870913518484458,0.1126177859943747,0.30712856605916194,-1.1804888371079592,0.5040060406453883,0.5040060406453883,1158.3966778976153,2298.5682250296113,5.836240492442806e-07,1.9050090088137683e-06,2.956262433087316e-06,1.9050090088137683e-06,2.956262433087316e-06,0.6443978002400513,0.09999999999999251,False,True,True,False,0.0,0.0,True,completed_point,resolved,resolved,3.1589071294775376e-06,3.1589071294775376e-06,3.0738407146705255e-06,3.0738407146705255e-06,3.2446507575755593e-06,3.2446507575755593e-06,0.4589284194844522,0.01106479832896999,3.0834741499134386e-06,3.0834741499134386e-06,0.4551667591758928,resolved,resolved,3.903005253310024e-06,3.903005253310024e-06,3.790871760376424e-06,3.790871760376424e-06,4.015138746243625e-06,4.015138746243625e-06,0.37061811753368024,0.010219318953356938,2.2992636574116944e-06,2.2992636574116944e-06,0.30712856605916194,1.2355555555555555,/Users/emryspeets/Desktop/gp_mods/hps-gpr-emrys-validation_workflow/study_results/v4p9p13_calibration_20260905/derived/individual_2021_10pct/m154/result.json,256,500,3566.879464438768,eigenfeature_rtol_1e-15,0.11261786825719851,gp,stress,0.4589284194844522,-0.7788610299184922,0.5040060406453883,gp,stress,0.37061811753368024,-0.9925830792948321,True
individual_2016_full,2016 full,2016,155,122,1.0,119664738.23969875,2.875456804954529e-05,1.8863316917632005e-05,2.875456804954529e-05,1.8863316917632005e-05,0.6560111383043467,0.1641723777137879,-1.8068383195389028,0.9774533633414414,0.04354986635506743,-3.1338486444583133,1.7108991438180041,1.7108991438180041,1278.8934518908457,748.1560070827728,1.068730413573556e-05,1.0278896306176139e-05,2.004095066218891e-05,1.0278896306176139e-05,2.004095066218891e-05,0.5128946465383623,0.09999999999927593,True,True,True,False,,,True,completed_point,resolved,resolved,3.0643157892481104e-05,3.0643157892481104e-05,2.978155891221073e-05,2.978155891221073e-05,3.150475687275148e-05,3.150475687275148e-05,0.34513586151545284,0.011051034199672561,2.8754575647252528e-05,2.8754575647252528e-05,0.1641742312372489,resolved,resolved,3.6733723436328274e-05,3.6733723436328274e-05,3.553864861655784e-05,3.553864861655784e-05,3.792879825609872e-05,3.792879825609872e-05,0.44003083148658256,0.01281098546371418,1.8863316917632005e-05,1.8863316917632005e-05,0.04354986635506743,1.198757763975155,/Users/emryspeets/Desktop/gp_mods/hps-gpr-emrys-validation_workflow/study_results/v4p9p13_calibration_20260905/derived/individual_2016_full/m155/result.json,256,500,1457.6518630724015,eigenfeature_rtol_1e-15,0.9774458721278548,gp,stress,0.34513586151545284,-1.0638171379761687,1.7108991438180041,gp,stress,0.44003083148658256,-0.8209104829643123,True
individual_2021_10pct,2021 10%,2021,155,27,1.0,1954930534.6607916,3.55135103519246e-06,3.6973761376652695e-06,3.55135103519246e-06,3.6973761376652695e-06,1.0411181832000722,0.3255513653085169,-1.1222350254560653,0.4522307879140232,0.031286510436907104,-3.4645682507897164,1.8622133680613897,1.8622133680613897,4256.237243817778,2286.2831585358895,2.17718080942262e-06,1.9230881275989307e-06,2.9991726258022894e-06,1.9230881275989307e-06,2.9991726258022894e-06,0.6412062150255515,0.09999999999950912,False,True,True,False,4.529709940470639e-14,0.0,True,completed_point,resolved,resolved,3.6605471468574155e-06,3.6605471468574155e-06,3.563013578740603e-06,3.563013578740603e-06,3.7580807149742274e-06,3.7580807149742274e-06,0.3407189068506916,0.009136926508159797,3.5515306089678074e-06,3.5515306089678074e-06,0.325527769138607,resolved,resolved,5.327021917994838e-06,5.327021917994838e-06,5.201835523500515e-06,5.201835523500515e-06,5.452208312489161e-06,5.452208312489161e-06,0.1490075384139768,0.005620024976737434,3.6973761376652695e-06,3.6973761376652695e-06,0.031286510436907104,1.4552529182879377,/Users/emryspeets/Desktop/gp_mods/hps-gpr-emrys-validation_workflow/study_results/v4p9p13_calibration_20260905/derived/individual_2021_10pct/m155/result.json,256,500,3564.135291994149,eigenfeature_rtol_1e-15,0.45229630389503084,gp,stress,0.3407189068506916,-1.0766974617231957,1.8622133680613897,gp,stress,0.1490075384139768,-1.9037583809340854,True
individual_2016_full,2016 full,2016,156,124,1.0,114848887.33311522,3.3289381404800225e-05,3.365723761011583e-05,3.3289381404800225e-05,3.365723761011583e-05,1.0110502565620687,0.0944734398242729,-2.3594365440478264,1.313700895048462,3.244517636129279e-05,-10.335958774205722,3.9942828826975196,3.9942828826975196,2924.548335195949,733.7212829491303,2.546431579013385e-05,1.0482091465309021e-05,2.0628574202371163e-05,1.0482091465309021e-05,2.0628574202371163e-05,0.5081345594938962,0.09999999999984059,True,True,True,False,,,True,completed_point,resolved,resolved,3.506808661033858e-05,3.506808661033858e-05,3.452265050189769e-05,3.452265050189769e-05,3.5613522718779475e-05,3.5613522718779475e-05,0.27369051825473384,0.008988673255262916,3.328998819425256e-05,3.328998819425256e-05,0.09447037936543573,resolved,resolved,5.1867463296576196e-05,5.1867463296576196e-05,5.1176453271094696e-05,5.1176453271094696e-05,5.25584733220577e-05,5.25584733220577e-05,0.16931970250162565,0.007044932736680206,3.365723761011583e-05,3.365723761011583e-05,3.244517636129279e-05,1.479050279329609,/Users/emryspeets/Desktop/gp_mods/hps-gpr-emrys-validation_workflow/study_results/v4p9p13_calibration_20260905/chunked_v1/attempt1_remaining_2016_batch001/individual_2016_full/m156/result.json,,500,1440.0109865827762,eigenfeature_rtol_1e-15,1.3137190768349076,gp,stress,0.27369051825473384,-1.2957573063754277,3.9942828826975196,gp,stress,0.16931970250162565,-1.775966620349469,True
individual_2021_10pct,2021 10%,2021,156,26,1.0,1903075847.221337,4.038742748897131e-06,4.423675452979075e-06,4.038742748897131e-06,4.423675452979075e-06,1.0953100328529364,0.2123138207486222,-1.5496898123041292,0.7984185509570049,0.00699788674707722,-4.962147068780456,2.457371849170868,2.457371849170868,5525.934827387545,2249.6407319032633,2.9036860698200283e-06,1.943541981481908e-06,3.011152514670163e-06,1.943541981481908e-06,3.011152514670163e-06,0.6454478715419039,0.09999999999985476,False,True,True,False,2.220446049250313e-16,0.0,True,completed_point,resolved,resolved,4.089864700028991e-06,4.089864700028991e-06,3.9735149867986005e-06,3.9735149867986005e-06,4.206214413259381e-06,4.206214413259381e-06,0.2700144156636635,0.007529603842856777,4.041147017494454e-06,4.041147017494454e-06,0.21409239330173296,resolved,resolved,5.863092751789813e-06,5.863092751789813e-06,5.734312921660246e-06,5.734312921660246e-06,5.99187258191938e-06,5.99187258191938e-06,0.1054067609656749,0.004271292560011866,4.423675452979075e-06,4.423675452979075e-06,0.00699788674707722,1.4335664335664335,/Users/emryspeets/Desktop/gp_mods/hps-gpr-emrys-validation_workflow/study_results/v4p9p13_calibration_20260905/derived/individual_2021_10pct/m156/result.json,256,500,3483.4451374672167,eigenfeature_rtol_1e-15,0.7923016898577058,gp,stress,0.2700144156636635,-1.3092799300621276,2.457371849170868,gp,stress,0.1054067609656749,-2.249928499147736,True
individual_2016_full,2016 full,2016,157,124,1.0,109936763.9246269,3.5768338070915704e-05,3.636264335919828e-05,3.5768338070915704e-05,3.636264335919828e-05,1.0166154012273168,0.0766775321220494,-2.5681465454377745,1.4277804409010948,8.68224888263165e-06,-11.65422997498869,4.2963351661060205,4.2963351661060205,3077.000889434314,717.8446000299442,2.798882539005713e-05,1.0709872606417996e-05,2.1327880177857618e-05,1.0709872606417996e-05,2.1327880177857618e-05,0.502153637262876,0.09999999999987208,True,True,True,False,,,True,completed_point,resolved,resolved,3.706710311253096e-05,3.706710311253096e-05,3.649513648833539e-05,3.649513648833539e-05,3.7639069736726535e-05,3.7639069736726535e-05,0.3115732468522273,0.009806536267770876,3.576826127670713e-05,3.576826127670713e-05,0.0766768022075495,resolved,resolved,5.4091334104702354e-05,5.4091334104702354e-05,5.341036191208965e-05,5.341036191208965e-05,5.477230629731506e-05,5.477230629731506e-05,0.2528289452698446,0.009304681664423891,3.636264335919828e-05,3.636264335919828e-05,8.68224888263165e-06,1.4592813994794256,/Users/emryspeets/Desktop/gp_mods/hps-gpr-emrys-validation_workflow/study_results/v4p9p13_calibration_20260905/chunked_v1/attempt1_remaining_2016_batch001/individual_2016_full/m157/result.json,,500,1425.1496793012877,eigenfeature_rtol_1e-15,1.4277855111645077,gp,stress,0.3115732468522273,-1.166120826013514,4.2963351661060205,gp,stress,0.2528289452698446,-1.3750421245699043,True
individual_2021_10pct,2021 10%,2021,157,27,1.0,1874191347.260618,4.5097429057809876e-06,4.686272692607826e-06,4.5097429057809876e-06,4.686272692607826e-06,1.039144091030233,0.1464978175641479,-1.9207447478090305,1.05157270724145,0.004119678327522082,-5.491980194512934,2.6421006509229583,2.6421006509229583,5909.431423307587,2237.637776823207,3.153056613960476e-06,1.962935248145627e-06,3.060039836505697e-06,1.962935248145627e-06,3.060039836505697e-06,0.6414737562329027,0.09999999999987816,False,True,True,False,-3.3306690738754696e-16,0.0,True,completed_point,resolved,resolved,4.505044312329114e-06,4.505044312329114e-06,4.382632417507023e-06,4.382632417507023e-06,4.627456207151203e-06,4.627456207151203e-06,0.202303873745682,0.006184220168683323,4.507563044748575e-06,4.507563044748575e-06,0.14629119835975313,resolved,resolved,6.074543621140546e-06,6.074543621140546e-06,5.938220204935917e-06,5.938220204935917e-06,6.210867037345176e-06,6.210867037345176e-06,0.10077651925808415,0.003956423636648558,4.686272692607826e-06,4.686272692607826e-06,0.004119678327522082,1.3483870967741933,/Users/emryspeets/Desktop/gp_mods/hps-gpr-emrys-validation_workflow/study_results/v4p9p13_calibration_20260905/derived/individual_2021_10pct/m157/result.json,256,500,3486.2720285699656,eigenfeature_rtol_1e-15,1.0524734253129495,gp,stress,0.202303873745682,-1.5979843864713428,2.6421006509229583,gp,stress,0.10077651925808415,-2.2948498943487188,True
individual_2016_full,2016 full,2016,158,126,1.0,105582028.2597869,3.8915364850746094e-05,4.13147536375681e-05,3.8915364850746094e-05,4.13147536375681e-05,1.0616565923517483,0.0551240331592956,-2.8981694844293346,1.5970791448269837,4.1735293326171107e-07,-14.689333610372673,4.927072974369352,4.927072974369352,3459.2633943272335,703.9899160627934,3.276375204514579e-05,1.0929599754679832e-05,2.195042929249782e-05,1.0929599754679832e-05,2.195042929249782e-05,0.4979219134641404,0.09999999999984446,True,True,True,False,,,True,completed_point,resolved,resolved,3.898297638936843e-05,3.898297638936843e-05,3.797888406312763e-05,3.797888406312763e-05,3.9987068715609234e-05,3.9987068715609234e-05,0.2587856205527095,0.008742077649509754,3.8915251177263195e-05,3.8915251177263195e-05,0.05512342377430354,resolved,resolved,5.8787162255625126e-05,5.8787162255625126e-05,5.725537103982369e-05,5.725537103982369e-05,6.031895347142657e-05,6.031895347142657e-05,0.20184144260418324,0.007717366929682147,4.13147536375681e-05,4.13147536375681e-05,4.1735293326171107e-07,1.5080213903743316,/Users/emryspeets/Desktop/gp_mods/hps-gpr-emrys-validation_workflow/study_results/v4p9p13_calibration_20260905/derived/individual_2016_full/m158/result.json,256,500,1408.650854260673,eigenfeature_rtol_1e-15,1.5970846131323166,gp,stress,0.2587856205527095,-1.3517552799055492,4.927072974369352,gp,stress,0.20184144260418324,-1.600272827408808,True
individual_2021_10pct,2021 10%,2021,158,27,1.0,1835005219.2793584,4.908269379347297e-06,4.293197391387969e-06,4.908269379347297e-06,4.293197391387969e-06,0.8746865869776038,0.1004221815004637,-2.29837216484671,1.2791496483336529,0.011531326067373508,-4.462687941134497,2.272395187399877,2.272395187399877,5026.768065050995,2212.9572793935477,2.739375350128488e-06,1.983028713712604e-06,3.0832090035877707e-06,1.983028713712604e-06,3.0832090035877707e-06,0.6431703823532742,0.09999999999983492,False,True,True,False,0.0,0.0,True,completed_point,resolved,resolved,4.83199398087443e-06,4.83199398087443e-06,4.713988228201287e-06,4.713988228201287e-06,4.949999733547574e-06,4.949999733547574e-06,0.17066000469390027,0.005529640006815741,4.912357506344893e-06,4.912357506344893e-06,0.10042214000355643,resolved,resolved,5.5348294690016195e-06,5.5348294690016195e-06,5.398933573252578e-06,5.398933573252578e-06,5.6707253647506625e-06,5.6707253647506625e-06,0.18530922937954414,0.006327256228098288,4.293197391387969e-06,4.293197391387969e-06,0.011531326067373508,1.1454545454545455,/Users/emryspeets/Desktop/gp_mods/hps-gpr-emrys-validation_workflow/study_results/v4p9p13_calibration_20260905/derived/individual_2021_10pct/m158/result.json,256,500,3439.2181040217306,eigenfeature_rtol_1e-15,1.2791498840595077,gp,stress,0.17066000469390027,-1.7680819783693023,2.272395187399877,gp,stress,0.18530922937954414,-1.685729339162467,True
individual_2016_full,2016 full,2016,159,126,1.0,101178957.38039127,4.163202075518953e-05,4.7937749253739156e-05,4.163202075518953e-05,4.7937749253739156e-05,1.1514634260880454,0.0424308757892699,-3.1598789791779556,1.7231480713805505,3.844251742348934e-09,-19.376686858297774,5.775148961019162,5.775148961019162,3966.5937886451293,689.0598140831479,3.9203742471197524e-05,1.1153919263345913e-05,2.2555848090895525e-05,1.1153919263345913e-05,2.2555848090895525e-05,0.49450232234220876,0.09999999999986817,True,True,True,False,,,True,completed_point,resolved,resolved,4.177177130535043e-05,4.177177130535043e-05,4.07495310014577e-05,4.07495310014577e-05,4.279401160924315e-05,4.279401160924315e-05,0.2678522374524825,0.00899956996760838,4.163192316258361e-05,4.163192316258361e-05,0.042430682319481335,resolved,resolved,6.554954881762682e-05,6.554954881762682e-05,6.400121211714968e-05,6.400121211714968e-05,6.709788551810398e-05,6.709788551810398e-05,0.15584059337296705,0.006636855058284216,4.7937749253739156e-05,4.7937749253739156e-05,3.844251742348934e-09,1.569230769230769,/Users/emryspeets/Desktop/gp_mods/hps-gpr-emrys-validation_workflow/study_results/v4p9p13_calibration_20260905/derived/individual_2016_full/m159/result.json,256,500,1387.1341189275904,eigenfeature_rtol_1e-15,1.7231502116379565,gp,stress,0.2678522374524825,-1.3173198033113656,5.775148961019162,gp,stress,0.15584059337296705,-1.858921631517087,True
individual_2021_10pct,2021 10%,2021,159,27,1.0,1795948362.9759417,5.212147736260507e-06,3.8003720491720957e-06,5.212147736260507e-06,3.8003720491720957e-06,0.7291374384369811,0.0768846147105296,-2.565449491270717,1.426343446440228,0.03464366099618145,-3.3626405139156366,1.8165416693164196,1.8165416693164196,3975.354285022758,2189.1030199636148,2.2135125747354306e-06,2.0046335993664475e-06,3.11344216877233e-06,2.0046335993664475e-06,3.11344216877233e-06,0.6438640869815482,0.0999999999994918,False,True,True,False,-1.1102230246251565e-16,0.0,True,completed_point,resolved,resolved,5.175088166159055e-06,5.175088166159055e-06,5.05969641596961e-06,5.05969641596961e-06,5.290479916348499e-06,5.290479916348499e-06,0.14353670084937253,0.005024483756698386,5.21090208973391e-06,5.21090208973391e-06,0.07694736535670942,resolved,resolved,5.1159443014029515e-06,5.1159443014029515e-06,4.982767516369981e-06,4.982767516369981e-06,5.249121086435922e-06,5.249121086435922e-06,0.2827951164923467,0.008395430751456988,3.8003720491720957e-06,3.8003720491720957e-06,0.03464366099618145,0.9885714285714285,/Users/emryspeets/Desktop/gp_mods/hps-gpr-emrys-validation_workflow/study_results/v4p9p13_calibration_20260905/derived/individual_2021_10pct/m159/result.json,256,500,3399.0184668414254,eigenfeature_rtol_1e-15,1.4259085860194665,gp,stress,0.14353670084937253,-1.941164521434316,1.8165416693164196,gp,stress,0.2827951164923467,-1.2630326135234358,True
individual_2016_full,2016 full,2016,160,126,1.0,97046360.89883149,4.524895251696392e-05,5.301152956785729e-05,4.524895251696392e-05,5.301152956785729e-05,1.1715526353451644,0.0261424819516365,-3.644193626875758,1.9407800330325689,9.580455017104676e-11,-23.06871093551341,6.367919763533345,6.367919763533345,4279.544530246514,674.4948975766172,4.4097939279844165e-05,1.137619764646658e-05,2.2934631754856813e-05,1.137619764646658e-05,2.2934631754856813e-05,0.49602704626192523,0.09999999999984584,True,True,True,False,,,True,completed_point,resolved,resolved,4.5522223261982594e-05,4.5522223261982594e-05,4.440065013217605e-05,4.440065013217605e-05,4.664379639178914e-05,4.664379639178914e-05,0.1736583080390292,0.006505196177345375,4.5248830639271346e-05,4.5248830639271346e-05,0.026142122175596,resolved,resolved,7.187719462418305e-05,7.187719462418305e-05,7.027467947374924e-05,7.027467947374924e-05,7.347970977461685e-05,7.347970977461685e-05,0.08657381652018083,0.004183781860925421,5.301152956785729e-05,5.301152956785729e-05,9.580455017104676e-11,1.5789473684210529,/Users/emryspeets/Desktop/gp_mods/hps-gpr-emrys-validation_workflow/study_results/v4p9p13_calibration_20260905/derived/individual_2016_full/m160/result.json,256,500,1352.8087602218702,eigenfeature_rtol_1e-15,1.9407859627959192,gp,stress,0.1736583080390292,-1.7506656573486774,6.367919763533345,gp,stress,0.08657381652018083,-2.44675785878211,True
individual_2021_10pct,2021 10%,2021,160,27,1.0,1758617051.483019,5.379936440154978e-06,4.078366491583868e-06,5.379936440154978e-06,4.078366491583868e-06,0.7580696420767349,0.0683869496627271,-2.6825732669617737,1.487912770710145,0.02177619357242538,-3.826937943857145,2.018373403804838,2.018373403804838,4369.295108394639,2165.519860211543,2.484506279926075e-06,2.025037263801889e-06,3.145530264692094e-06,2.025037263801889e-06,3.145530264692094e-06,0.6437824765294743,0.09999999999969489,False,True,True,False,2.042810365310288e-14,0.0,True,completed_point,resolved,resolved,5.3479233843246645e-06,5.3479233843246645e-06,5.227952503960576e-06,5.227952503960576e-06,5.467894264688753e-06,5.467894264688753e-06,0.14096330783996125,0.005167334133107453,5.376214178211895e-06,5.376214178211895e-06,0.06817063996007998,resolved,resolved,5.3479233843246645e-06,5.3479233843246645e-06,5.213574875596064e-06,5.213574875596064e-06,5.482271893053264e-06,5.482271893053264e-06,0.24685755136027213,0.007799208029754576,4.078366491583868e-06,4.078366491583868e-06,0.02177619357242538,1.0,/Users/emryspeets/Desktop/gp_mods/hps-gpr-emrys-validation_workflow/study_results/v4p9p13_calibration_20260905/derived/individual_2021_10pct/m160/result.json,256,500,3362.66342031665,eigenfeature_rtol_1e-15,1.4895550065041003,gp,stress,0.14096330783996125,-1.9592556505545535,2.018373403804838,gp,stress,0.24685755136027213,-1.3989438238589014,True
individual_2016_full,2016 full,2016,161,128,1.0,93286242.008564,4.6006921617317143e-05,4.561274331737796e-05,4.6006921617317143e-05,4.561274331737796e-05,0.9914321957200716,0.0288573443548798,-3.5453907480657776,1.8978587713690591,1.203720267913778e-07,-15.932678666685577,5.1647627721693485,5.1647627721693485,3406.5762174921733,661.5675864688862,3.6517455780665254e-05,1.162077539399882e-05,2.3629686684880887e-05,1.162077539399882e-05,2.3629686684880887e-05,0.4917871129215693,0.09999999999987519,True,True,True,False,,,True,completed_point,resolved,resolved,4.5106599340464036e-05,4.5106599340464036e-05,4.4033315516555865e-05,4.4033315516555865e-05,4.617988316437222e-05,4.617988316437222e-05,0.1985457186302227,0.007483291181523636,4.600690067708696e-05,4.600690067708696e-05,0.028857262666684806,resolved,resolved,6.148859810590621e-05,6.148859810590621e-05,5.969898438911255e-05,5.969898438911255e-05,6.327821182269987e-05,6.327821182269987e-05,0.2385172365637154,0.008815081099690104,4.561274331737796e-05,4.561274331737796e-05,1.203720267913778e-07,1.3631840796019903,/Users/emryspeets/Desktop/gp_mods/hps-gpr-emrys-validation_workflow/study_results/v4p9p13_calibration_20260905/derived/individual_2016_full/m161/result.json,256,500,1339.8050204204137,eigenfeature_rtol_1e-15,1.8978600112655346,gp,stress,0.1985457186302227,-1.616735884819321,5.1647627721693485,gp,stress,0.2385172365637154,-1.4333137005577408,True
individual_2021_10pct,2021 10%,2021,161,28,1.0,1731029273.3469808,5.304542614759899e-06,4.086725591312075e-06,5.304542614759899e-06,4.086725591312075e-06,0.7704199755018942,0.0803330704066956,-2.5215739071106453,1.4028346867972712,0.023239324927251264,-3.7619093953010787,1.991020351687732,1.991020351687732,4285.445117680288,2153.138109685936,2.4756629963826614e-06,2.0455514994563956e-06,3.1899374746508893e-06,2.0455514994563956e-06,3.1899374746508893e-06,0.6412512833594844,0.09999999999966913,False,True,True,False,5.10702591327572e-15,0.0,True,completed_point,resolved,resolved,5.181034903169393e-06,5.181034903169393e-06,5.061599449644667e-06,5.061599449644667e-06,5.30047035669412e-06,5.30047035669412e-06,0.17470151302262707,0.006038771457454986,5.300505597433504e-06,5.300505597433504e-06,0.08012964078635076,resolved,resolved,5.302228702073941e-06,5.302228702073941e-06,5.167320078056629e-06,5.167320078056629e-06,5.437137326091252e-06,5.437137326091252e-06,0.2747598117410729,0.008131394226242506,4.086725591312075e-06,4.086725591312075e-06,0.023239324927251264,1.023391812865497,/Users/emryspeets/Desktop/gp_mods/hps-gpr-emrys-validation_workflow/study_results/v4p9p13_calibration_20260905/derived/individual_2021_10pct/m161/result.json,256,500,3356.6402184303756,eigenfeature_rtol_1e-15,1.4042000681821283,gp,stress,0.17470151302262707,-1.7446764011891485,1.991020351687732,gp,stress,0.2747598117410729,-1.2918579748125794,True
individual_2016_full,2016 full,2016,162,128,1.0,89463976.02197129,4.819607609866948e-05,4.588275147396066e-05,4.819607609866948e-05,4.588275147396066e-05,0.9520018057077331,0.0225525838682115,-3.7919056356415237,2.003672371428193,1.9880040196239733e-07,-15.430964520782332,5.070102838139594,5.070102838139594,3274.1327195381195,647.7217903083634,3.659721896033362e-05,1.1864450227264392e-05,2.3990034603998905e-05,1.1864450227264392e-05,2.3990034603998905e-05,0.49455744533551876,0.09999999999986639,True,True,True,False,,,True,completed_point,resolved,resolved,4.7161000737994916e-05,4.7161000737994916e-05,4.61121955010023e-05,4.61121955010023e-05,4.820980597498752e-05,4.820980597498752e-05,0.1498846037951555,0.006223603188002238,4.8196062295738694e-05,4.8196062295738694e-05,0.022552549496418085,resolved,resolved,6.242567247444737e-05,6.242567247444737e-05,6.091104891761137e-05,6.091104891761137e-05,6.394029603128336e-05,6.394029603128336e-05,0.20308692642472298,0.008044613043159059,4.588275147396066e-05,4.588275147396066e-05,1.9880040196239733e-07,1.323671497584541,/Users/emryspeets/Desktop/gp_mods/hps-gpr-emrys-validation_workflow/study_results/v4p9p13_calibration_20260905/derived/individual_2016_full/m162/result.json,256,500,1304.4902459350405,eigenfeature_rtol_1e-15,2.003673012747154,gp,stress,0.1498846037951555,-1.8978895889874576,5.070102838139594,gp,stress,0.20308692642472298,-1.5941211826068715,True
individual_2021_10pct,2021 10%,2021,162,28,1.0,1693926939.452006,4.907166960603145e-06,3.2121152275725e-06,4.907166960603145e-06,3.2121152275725e-06,0.6545763071362249,0.1260055674510293,-2.071429186887556,1.1454781660973783,0.11387936361832712,-2.172615604765583,1.2061524165085524,1.2061524165085524,2567.4378969942245,2129.073033338924,1.515672156335623e-06,2.0674168194168258e-06,3.223970107683605e-06,2.0674168194168258e-06,3.223970107683605e-06,0.6412642643582844,0.09999999999158035,False,True,True,False,8.08242361927114e-14,-3.1086244689504383e-15,True,completed_point,resolved,resolved,4.6851134442986235e-06,4.6851134442986235e-06,4.568147454357287e-06,4.568147454357287e-06,4.802079434239959e-06,4.802079434239959e-06,0.26867624795923517,0.004970940918706661,4.904337465503919e-06,4.904337465503919e-06,0.12610722551612502,resolved,resolved,4.440140192309153e-06,4.440140192309153e-06,4.305792008253912e-06,4.305792008253912e-06,4.574488376364393e-06,4.574488376364393e-06,0.46586105998295707,0.006782465639339671,3.2121152275725e-06,3.2121152275725e-06,0.11387936361832712,0.9477124183006536,/Users/emryspeets/Desktop/gp_mods/hps-gpr-emrys-validation_workflow/study_results/v4p9p13_calibration_20260905/chunked_v1/attempt1_remaining_2021_batch001/individual_2021_10pct/m162/result.json,,500,3319.7343279210304,eigenfeature_rtol_1e-15,1.1449872209673957,gp,stress,0.26867624795923517,-1.3142481634002188,1.2061524165085524,gp,stress,0.46586105998295707,-0.7638678438564044,True
individual_2016_full,2016 full,2016,163,128,1.0,85907271.08571322,4.680187149726162e-05,3.889910048651247e-05,4.680187149726162e-05,3.889910048651247e-05,0.8311441239863337,0.0350995609117309,-3.3495666582258576,1.810623694562754,3.213675846119951e-05,-10.345510059580146,3.996545557967718,3.996545557967718,2528.3511329483417,634.1697493652042,2.943116573247568e-05,1.2109515205160019e-05,2.469789482005514e-05,1.2109515205160019e-05,2.469789482005514e-05,0.4903055622103821,0.09999999999985795,True,True,True,False,,,True,completed_point,resolved,resolved,4.386143445616578e-05,4.386143445616578e-05,4.281862478511047e-05,4.281862478511047e-05,4.490424412722108e-05,4.490424412722108e-05,0.23639045297635264,0.008877233492530308,4.6801942716846204e-05,4.6801942716846204e-05,0.03509945360585555,resolved,resolved,5.371266572439552e-05,5.371266572439552e-05,5.233367237283719e-05,5.233367237283719e-05,5.5091659075953845e-05,5.5091659075953845e-05,0.41850032460468656,0.012755806122886985,3.889910048651247e-05,3.889910048651247e-05,3.213675846119951e-05,1.2245989304812834,/Users/emryspeets/Desktop/gp_mods/hps-gpr-emrys-validation_workflow/study_results/v4p9p13_calibration_20260905/derived/individual_2016_full/m163/result.json,256,500,1289.5884115624644,eigenfeature_rtol_1e-15,1.8106250800432326,gp,stress,0.23639045297635264,-1.442270379306501,3.996545557967718,gp,stress,0.41850032460468656,-0.8710776134144692,True
individual_2021_10pct,2021 10%,2021,163,28,1.0,1658358109.641666,4.5100350036279776e-06,3.6210949704025076e-06,4.5100350036279776e-06,3.6210949704025076e-06,0.8028973095529446,0.1880741520439943,-1.6709189681516556,0.8850154397716811,0.06270143521679915,-2.7693709413851573,1.5324846995106436,1.5324846995106436,3227.5233431464503,2106.6499522008903,1.946216154630103e-06,2.089212074342943e-06,3.2503440563431015e-06,2.089212074342943e-06,3.2503440563431015e-06,0.642766438914616,0.09999999999861522,False,True,True,False,2.220446049250313e-16,0.0,True,completed_point,resolved,resolved,4.291222263172346e-06,4.291222263172346e-06,4.172223413204611e-06,4.172223413204611e-06,4.410221113140082e-06,4.410221113140082e-06,0.37026434003442854,0.010297243466938836,4.510228047086655e-06,4.510228047086655e-06,0.18807456795711341,resolved,resolved,4.785175904976357e-06,4.785175904976357e-06,4.653387720106049e-06,4.653387720106049e-06,4.9169640898466655e-06,4.9169640898466655e-06,0.41885487861372955,0.011099514733384833,3.6210949704025076e-06,3.6210949704025076e-06,0.06270143521679915,1.1151079136690647,/Users/emryspeets/Desktop/gp_mods/hps-gpr-emrys-validation_workflow/study_results/v4p9p13_calibration_20260905/derived/individual_2021_10pct/m163/result.json,256,500,3276.6081106908655,eigenfeature_rtol_1e-15,0.8850138974557684,gp,stress,0.37026434003442854,-0.9935380959038141,1.5324846995106436,gp,stress,0.41885487861372955,-0.8702307708108309,True
individual_2016_full,2016 full,2016,164,130,1.0,82688547.5977561,4.345976298637963e-05,3.0486075134984384e-05,4.345976298637963e-05,3.0486075134984384e-05,0.7014781729145365,0.0720388744664489,-2.630549382527014,1.460772995943323,0.0027921762738056612,-5.880933960757748,2.771238392827693,2.771238392827693,1721.6671257430867,622.3287426061396,2.0821107345097535e-05,1.2360721566367299e-05,2.5645535171423073e-05,1.2360721566367299e-05,2.5645535171423073e-05,0.48198337385998097,0.09999999999985702,True,True,True,False,,,True,completed_point,resolved,resolved,3.969936976343955e-05,3.969936976343955e-05,3.8613198961606824e-05,3.8613198961606824e-05,4.078554056527226e-05,4.078554056527226e-05,0.3631478564423665,0.012686610832568865,4.345662661267266e-05,4.345662661267266e-05,0.07201989380269493,resolved,resolved,4.4570458077972e-05,4.4570458077972e-05,4.313645295815184e-05,4.313645295815184e-05,4.600446319779217e-05,4.600446319779217e-05,0.7072409372367364,0.016352906413786797,3.0486075134984384e-05,3.0486075134984384e-05,0.0027921762738056612,1.1226993865030672,/Users/emryspeets/Desktop/gp_mods/hps-gpr-emrys-validation_workflow/study_results/v4p9p13_calibration_20260905/derived/individual_2016_full/m164/result.json,256,500,1288.9062974370906,eigenfeature_rtol_1e-15,1.460911290956519,gp,stress,0.3631478564423665,-1.012945209625705,2.771238392827693,gp,stress,0.7072409372367364,-0.3463838829698908,True
individual_2021_10pct,2021 10%,2021,164,28,1.0,1622965938.2332807,4.0604189847021365e-06,3.6995658233729646e-06,4.0604189847021365e-06,3.6995658233729646e-06,0.9111290823216257,0.2836326881515122,-1.2600752295011226,0.5720835451397523,0.05867204358771945,-2.8357919247484893,1.566019350185218,1.566019350185218,3262.0910190691925,2083.6363127616414,2.009956550671804e-06,2.111315275285213e-06,3.2802547610176054e-06,2.111315275285213e-06,3.2802547610176054e-06,0.6436436890134222,0.09999999999877643,False,True,True,False,2.220446049250313e-16,0.0,True,completed_point,resolved,resolved,3.878939638864673e-06,3.878939638864673e-06,3.7765988102080725e-06,3.7765988102080725e-06,3.981280467521273e-06,3.981280467521273e-06,0.4781451589245536,0.006846420743755966,4.060577231291966e-06,4.060577231291966e-06,0.2836374568049547,resolved,resolved,4.89151424338758e-06,4.89151424338758e-06,4.763269562181091e-06,4.763269562181091e-06,5.0197589245940685e-06,5.0197589245940685e-06,0.3928531859672788,0.006475271933680535,3.6995658233729646e-06,3.6995658233729646e-06,0.05867204358771945,1.2610441767068274,/Users/emryspeets/Desktop/gp_mods/hps-gpr-emrys-validation_workflow/study_results/v4p9p13_calibration_20260905/chunked_v1/attempt1_remaining_2021_batch001/individual_2021_10pct/m164/result.json,,500,3236.182829411864,eigenfeature_rtol_1e-15,0.572069466788217,gp,stress,0.4781451589245536,-0.7378409128335655,1.566019350185218,gp,stress,0.3928531859672788,-0.9343193095108475,True
individual_2016_full,2016 full,2016,165,130,1.0,79348122.80401473,4.181359412010826e-05,3.0419563814689402e-05,4.181359412010826e-05,3.0419563814689402e-05,0.7275041635337575,0.0983381597211381,-2.3193431306050254,1.2910789010387294,0.0036895214387997364,-5.602258520722541,2.6792357128990805,2.6792357128990805,1630.5489234753566,609.6172133686139,2.0549306850052623e-05,1.2618734921759906e-05,2.6123066301958265e-05,1.2618734921759906e-05,2.6123066301958265e-05,0.48304953085901586,0.09999999999984219,True,True,True,False,,,True,completed_point,resolved,resolved,3.696505897035469e-05,3.696505897035469e-05,3.588114639690536e-05,3.588114639690536e-05,3.804897154380401e-05,3.804897154380401e-05,0.41209110515811803,0.013498484363157358,4.181353147485851e-05,4.181353147485851e-05,0.09834570115853891,resolved,resolved,4.291916242866685e-05,4.291916242866685e-05,4.153443222717882e-05,4.153443222717882e-05,4.4303892630154883e-05,4.4303892630154883e-05,0.6851182960617289,0.015938838850720543,3.0419563814689402e-05,3.0419563814689402e-05,0.0036895214387997364,1.1610738255033555,/Users/emryspeets/Desktop/gp_mods/hps-gpr-emrys-validation_workflow/study_results/v4p9p13_calibration_20260905/derived/individual_2016_full/m165/result.json,256,500,1259.8584863945664,eigenfeature_rtol_1e-15,1.2910354008351876,gp,stress,0.41209110515811803,-0.8865108250534715,2.6792357128990805,gp,stress,0.6851182960617289,-0.3781637606493472,True
individual_2021_10pct,2021 10%,2021,165,29,1.0,1596287152.216169,3.5848547067958434e-06,3.058049069603802e-06,3.5848547067958434e-06,3.058049069603802e-06,0.8530468651369968,0.4222856139387128,-0.8620733835976033,0.1960497483814923,0.16473497382553864,-1.8034173156738214,0.9751820836855476,0.9751820836855476,2019.2385870545136,2070.9958209855445,1.264959493190902e-06,2.133876067591068e-06,3.3315095725741835e-06,2.133876067591068e-06,3.3315095725741835e-06,0.6405132631638424,0.10000000004315826,False,True,True,False,-2.220446049250313e-16,0.0,True,completed_point,resolved,resolved,3.4016193632522115e-06,3.4016193632522115e-06,3.302395208082935e-06,3.302395208082935e-06,3.5008435184214875e-06,3.5008435184214875e-06,0.6520143374945192,0.01414540793384275,3.5851237140111762e-06,3.5851237140111762e-06,0.4222858805876377,resolved,resolved,4.3350870024702594e-06,4.3350870024702594e-06,4.204263506924679e-06,4.204263506924679e-06,4.46591049801584e-06,4.46591049801584e-06,0.5536276348384046,0.013812438894847281,3.058049069603802e-06,3.058049069603802e-06,0.16473497382553864,1.2744186046511625,/Users/emryspeets/Desktop/gp_mods/hps-gpr-emrys-validation_workflow/study_results/v4p9p13_calibration_20260905/derived/individual_2021_10pct/m165/result.json,256,500,3232.721137883833,eigenfeature_rtol_1e-15,0.19604906702263514,gp,stress,0.6520143374945192,-0.42768872727499235,0.9751820836855476,gp,stress,0.5536276348384046,-0.5912629575025866,True
individual_2016_full,2016 full,2016,166,130,1.0,76254477.76592024,3.8263854479334975e-05,2.1672168911010608e-05,3.8263854479334975e-05,2.1672168911010608e-05,0.5663875008388143,0.1653477325666233,-1.7997045525807849,0.9727140001594704,0.07459327285931648,-2.5957049519871083,1.4424107048767365,1.4424107048767365,860.4940364152571,597.12074549742,1.1284505010403866e-05,1.2877682146947815e-05,2.672056267265574e-05,1.2877682146947815e-05,2.672056267265574e-05,0.48193903342185535,0.09999999999769671,True,True,True,False,,,True,completed_point,resolved,resolved,3.235451006306269e-05,3.235451006306269e-05,3.142885916113561e-05,3.142885916113561e-05,3.328016096498977e-05,3.328016096498977e-05,0.47701195455764056,0.015533553908819228,3.826378663920139e-05,3.826378663920139e-05,0.1653471718092736,resolved,resolved,3.476523826383991e-05,3.476523826383991e-05,3.3228892484213683e-05,3.3228892484213683e-05,3.6301584043466134e-05,3.6301584043466134e-05,0.8089108595199614,0.01679852612032547,2.1672168911010608e-05,2.1672168911010608e-05,0.07459327285931648,1.0745098039215686,/Users/emryspeets/Desktop/gp_mods/hps-gpr-emrys-validation_workflow/study_results/v4p9p13_calibration_20260905/derived/individual_2016_full/m166/result.json,256,500,1238.4257346414715,eigenfeature_rtol_1e-15,0.9727162560817777,gp,stress,0.47701195455764056,-0.7402137264421381,1.4424107048767365,gp,stress,0.8089108595199614,-0.21206655400203367,True
individual_2021_10pct,2021 10%,2021,166,28,1.0,1553987044.1326177,3.2060296224770773e-06,2.696963362943494e-06,3.2060296224770773e-06,2.696963362943494e-06,0.8412159837936047,0.5,-0.6931471805599453,0.0,0.27473563856709704,-1.2919459579759631,0.5985525933845828,0.5985525933845828,1219.9320058622548,2038.3618520237521,7.850335757098792e-07,2.1576296063063764e-06,3.3489327513401296e-06,2.1576296063063764e-06,3.3489327513401296e-06,0.6442737930294259,0.10000000000003365,False,True,True,False,0.0,0.0,True,completed_point,resolved,bounded_atom,3.0695067174269454e-06,3.0695067174269454e-06,2.9771345213032844e-06,2.9771345213032844e-06,3.161878913550607e-06,3.161878913550607e-06,1.0,0.0,3.206441351086804e-06,3.206441351086804e-06,0.5,resolved,resolved,3.991949150643333e-06,3.991949150643333e-06,3.886264359716338e-06,3.886264359716338e-06,4.097633941570329e-06,4.097633941570329e-06,0.6063749949543336,0.014932035253339693,2.696963362943494e-06,2.696963362943494e-06,0.27473563856709704,1.3005181347150259,/Users/emryspeets/Desktop/gp_mods/hps-gpr-emrys-validation_workflow/study_results/v4p9p13_calibration_20260905/derived/individual_2021_10pct/m166/result.json,256,500,3163.505854182475,eigenfeature_rtol_1e-15,-0.11718097127803884,gp,gp,1.0,0.0,0.5985525933845828,gp,stress,0.6063749949543336,-0.5002566807377896,True
individual_2016_full,2016 full,2016,167,132,1.0,73456631.83518389,3.888515381098399e-05,3.103300424553815e-05,3.888515381098399e-05,3.103300424553815e-05,0.7980681880901338,0.1564325234303972,-1.8551305221673642,1.0092285303160784,0.004580297048171281,-5.385991425279893,2.606001946817152,2.606001946817152,1525.7814903224755,586.4894903455986,2.0771187736267326e-05,1.3112898786760926e-05,2.6795290373457243e-05,1.3112898786760926e-05,2.6795290373457243e-05,0.489373266868951,0.09999999999983229,True,True,True,False,,,True,completed_point,resolved,resolved,3.320798337400763e-05,3.320798337400763e-05,3.230641905576598e-05,3.230641905576598e-05,3.410954769224929e-05,3.410954769224929e-05,0.4904859293295868,0.01464420633687954,3.8885513213494154e-05,3.8885513213494154e-05,0.1564362187538128,resolved,resolved,4.4022843859795564e-05,4.4022843859795564e-05,4.2465525774517356e-05,4.2465525774517356e-05,4.5580161945073766e-05,4.5580161945073766e-05,0.6481611818260303,0.015956522112144184,3.103300424553815e-05,3.103300424553815e-05,0.004580297048171281,1.3256704980842913,/Users/emryspeets/Desktop/gp_mods/hps-gpr-emrys-validation_workflow/study_results/v4p9p13_calibration_20260905/derived/individual_2016_full/m167/result.json,256,500,1196.3079153745343,eigenfeature_rtol_1e-15,1.0092131164122697,gp,stress,0.4904859293295868,-0.7123586867702675,2.606001946817152,gp,stress,0.6481611818260303,-0.4336158761740278,True
individual_2021_10pct,2021 10%,2021,167,29,1.0,1529015710.2658255,2.770216786510296e-06,1.5347536172773782e-06,2.770216786510296e-06,1.5347536172773782e-06,0.5540193189034645,0.5,-0.6931471805599453,0.0,0.5,-0.6931471805599453,0.0,-0.9749132620647936,-1975.5145796224688,2025.9810533276839,-1.2920171888090134e-06,2.1806593542728516e-06,3.4092872177062305e-06,2.1806593542728516e-06,3.4092872177062305e-06,0.6396232452776448,0.09999999995733393,False,True,True,False,2.220446049250313e-16,0.0,True,completed_point,resolved,bounded_atom,2.5743397828233014e-06,2.5743397828233014e-06,2.4917388028945826e-06,2.4917388028945826e-06,2.65694076275202e-06,2.65694076275202e-06,1.0,0.0,2.7704315461777393e-06,2.7704315461777393e-06,0.5,resolved,bounded_atom,2.962919372683422e-06,2.962919372683422e-06,2.861422421653292e-06,2.861422421653292e-06,3.0644163237135523e-06,3.0644163237135523e-06,1.0,0.0,1.5347536172773782e-06,1.5347536172773782e-06,0.5,1.150943396226415,/Users/emryspeets/Desktop/gp_mods/hps-gpr-emrys-validation_workflow/study_results/v4p9p13_calibration_20260905/derived/individual_2021_10pct/m167/result.json,256,500,3168.7695871188052,eigenfeature_rtol_1e-15,-0.5651461565126529,gp,gp,1.0,0.0,-0.9749132620647936,gp,gp,1.0,0.0,True
individual_2016_full,2016 full,2016,168,132,1.0,70583267.19355717,3.873029284210074e-05,4.1400728879074884e-05,3.873029284210074e-05,4.1400728879074884e-05,1.0689495441684687,0.1595587284101787,-1.835343221328788,0.996273127467486,6.96396549345707e-05,-9.572176398065496,3.8094445990322567,3.8094445990322567,2184.7032743953496,574.9600160361437,3.0952141509748206e-05,1.3359030204572757e-05,2.6797241954087643e-05,1.3359030204572757e-05,2.6797241954087643e-05,0.4985225803260315,0.09999999999986342,True,True,True,False,,,True,completed_point,resolved,resolved,3.4354964923669724e-05,3.4354964923669724e-05,3.3265624591160544e-05,3.3265624591160544e-05,3.5444305256178904e-05,3.5444305256178904e-05,0.506708208254454,0.013811949286803547,3.8729853776437076e-05,3.8729853776437076e-05,0.15954861708207602,resolved,resolved,5.267761288296025e-05,5.267761288296025e-05,5.117869662349598e-05,5.117869662349598e-05,5.417652914242451e-05,5.417652914242451e-05,0.4263537219606105,0.0133186288534668,4.1400728879074884e-05,4.1400728879074884e-05,6.96396549345707e-05,1.5333333333333334,/Users/emryspeets/Desktop/gp_mods/hps-gpr-emrys-validation_workflow/study_results/v4p9p13_calibration_20260905/derived/individual_2016_full/m168/result.json,256,500,1149.5754280925225,eigenfeature_rtol_1e-15,0.9963147605762431,gp,stress,0.506708208254454,-0.679819967195023,3.8094445990322567,gp,stress,0.4263537219606105,-0.8524859440078358,True
individual_2021_10pct,2021 10%,2021,168,29,1.0,1495734263.1395442,2.4686385471778207e-06,1.1108327917753234e-06,2.4686385471778207e-06,1.1108327917753234e-06,0.4499779009953651,0.5,-0.6931471805599453,0.0,0.5,-0.6931471805599453,0.0,-2.0358636762683284,-4079.947787106259,2003.2700661997717,-2.7277223552681436e-06,2.2050197573058145e-06,3.4524856744850232e-06,2.2050197573058145e-06,3.4524856744850232e-06,0.6386760048279471,0.09999999999995939,False,True,True,False,0.0,0.0,True,completed_point,resolved,bounded_atom,2.311828941417247e-06,2.311828941417247e-06,2.22987523950744e-06,2.22987523950744e-06,2.393782643327054e-06,2.393782643327054e-06,1.0,0.0,2.468759894679689e-06,2.468759894679689e-06,0.5,resolved,bounded_atom,2.3774127411737644e-06,2.3774127411737644e-06,2.283268514719955e-06,2.283268514719955e-06,2.471556967627575e-06,2.471556967627575e-06,1.0,0.0,1.1108327917753234e-06,1.1108327917753234e-06,0.5,1.028368794326241,/Users/emryspeets/Desktop/gp_mods/hps-gpr-emrys-validation_workflow/study_results/v4p9p13_calibration_20260905/chunked_v1/attempt1_remaining_2021_batch001/individual_2021_10pct/m168/result.json,,500,3139.069964886603,eigenfeature_rtol_1e-15,-0.9281446194582977,gp,gp,1.0,0.0,-2.0358636762683284,gp,gp,1.0,0.0,True
individual_2016_full,2016 full,2016,169,132,1.0,67911165.26695971,3.613907050367914e-05,3.764810559098457e-05,3.613907050367914e-05,3.764810559098457e-05,1.0417563336929707,0.2226860834939997,-1.501992196595057,0.7631529797633164,0.0005548428456436255,-7.496825645317963,3.2611314882742533,3.2611314882742533,1833.7053698234927,563.543241526221,2.7001530052019754e-05,1.3615071947691966e-05,2.7196259100501717e-05,1.3615071947691966e-05,2.7196259100501717e-05,0.5006229679375571,0.09999999999983793,True,True,True,False,,,True,completed_point,resolved,resolved,3.1379586515121456e-05,3.1379586515121456e-05,3.038008728848091e-05,3.038008728848091e-05,3.2379085741761994e-05,3.2379085741761994e-05,0.5621655039252461,0.008597290334262132,3.613889515604862e-05,3.613889515604862e-05,0.22268222063599463,resolved,resolved,4.829615373109228e-05,4.829615373109228e-05,4.6897641584302824e-05,4.6897641584302824e-05,4.9694665877881726e-05,4.9694665877881726e-05,0.4681402792529063,0.008254356908025921,3.764810559098457e-05,3.764810559098457e-05,0.0005548428456436255,1.5390946502057614,/Users/emryspeets/Desktop/gp_mods/hps-gpr-emrys-validation_workflow/study_results/v4p9p13_calibration_20260905/chunked_v1/attempt1_remaining_2016_batch002/individual_2016_full/m169/result.json,,500,1122.514850152967,eigenfeature_rtol_1e-15,0.7631659356730933,gp,stress,0.5621655039252461,-0.5759589814722116,3.2611314882742533,gp,stress,0.4681402792529063,-0.7589872859847573,True
individual_2021_10pct,2021 10%,2021,169,29,1.0,1462891609.4997735,2.2052730639204988e-06,8.016300633980302e-07,2.2052730639204988e-06,8.016300633980302e-07,0.3635060331136069,0.5,-0.6931471805599453,0.0,0.5,-0.6931471805599453,0.0,-3.356592268665528,-6654.411693565149,1981.2250250330756,-4.548807068379169e-06,2.2307635846942353e-06,3.4953257290948807e-06,2.2307635846942353e-06,3.4953257290948807e-06,0.6382133619552233,0.10000000000023508,False,True,True,False,0.0,0.0,True,completed_point,resolved,bounded_atom,2.0832223704471473e-06,2.0832223704471473e-06,2.0154886597760834e-06,2.0154886597760834e-06,2.150956081118211e-06,2.150956081118211e-06,1.0,0.0,2.20541790780459e-06,2.20541790780459e-06,0.5,resolved,bounded_atom,1.9338279375067146e-06,1.9338279375067146e-06,1.8553628159357003e-06,1.8553628159357003e-06,2.0122930590777285e-06,2.0122930590777285e-06,1.0,0.0,8.016300633980302e-07,8.016300633980302e-07,0.5,0.9282868525896415,/Users/emryspeets/Desktop/gp_mods/hps-gpr-emrys-validation_workflow/study_results/v4p9p13_calibration_20260905/derived/individual_2021_10pct/m169/result.json,256,500,3108.236266020065,eigenfeature_rtol_1e-15,-1.3009481140897738,gp,gp,1.0,0.0,-3.356592268665528,gp,gp,1.0,0.0,True
individual_2016_full,2016 full,2016,170,134,1.0,65505265.78433005,2.8963843528567417e-05,1.731950796972847e-05,2.8963843528567417e-05,1.731950796972847e-05,0.5979699466559406,0.4840333333161357,-0.725601504149085,0.0400331888310027,0.27774311969678966,-1.2810586223379326,0.5895591589808541,0.5895591589808541,326.1071136462945,553.3638984117874,4.978334332998077e-06,1.389991273734265e-05,2.8531099058794484e-05,1.389991273734265e-05,2.8531099058794484e-05,0.4871846229512183,0.10000000000001597,True,True,True,False,,,True,completed_point,resolved,resolved,2.370799579082202e-05,2.370799579082202e-05,2.278553867175799e-05,2.278553867175799e-05,2.463045290988604e-05,2.463045290988604e-05,0.6936837042129926,0.017907701396045334,2.8964365203840648e-05,2.8964365203840648e-05,0.4840330932881003,resolved,resolved,3.292024558382714e-05,3.292024558382714e-05,3.1554870442261506e-05,3.1554870442261506e-05,3.428562072539278e-05,3.428562072539278e-05,0.7605860087823839,0.01790831449452473,1.731950796972847e-05,1.731950796972847e-05,0.27774311969678966,1.3885714285714283,/Users/emryspeets/Desktop/gp_mods/hps-gpr-emrys-validation_workflow/study_results/v4p9p13_calibration_20260905/derived/individual_2016_full/m170/result.json,256,500,1135.9075221881228,eigenfeature_rtol_1e-15,0.04003379097439157,gp,stress,0.6936837042129926,-0.3657391799825687,0.5895591589808541,gp,stress,0.7605860087823839,-0.27366607863168235,True
individual_2021_10pct,2021 10%,2021,170,29,1.0,1430914087.5638912,2.123607751668168e-06,9.385168649266016e-07,2.123607751668168e-06,9.385168649266016e-07,0.44194454658086635,0.4999513009912829,-0.6932445833208741,0.0001220703125,0.5,-0.6931471805599453,0.0,-2.7439841781536805,-5380.132099413205,1959.6674226777513,-3.759926711304377e-06,2.255413074654246e-06,3.531346824076372e-06,2.255413074654246e-06,3.531346824076372e-06,0.6386835354933318,0.10000000002287776,False,True,True,False,0.0,0.0,True,completed_point,resolved,bounded_atom,2.02083516587514e-06,2.02083516587514e-06,1.954065086239569e-06,1.954065086239569e-06,2.087605245510711e-06,2.087605245510711e-06,1.0,0.0,2.123694049986253e-06,2.123694049986253e-06,0.5,resolved,bounded_atom,2.1885393290183054e-06,2.1885393290183054e-06,2.106289504150309e-06,2.106289504150309e-06,2.2707891538863017e-06,2.2707891538863017e-06,1.0,0.0,9.385168649266016e-07,9.385168649266016e-07,0.5,1.08298755186722,/Users/emryspeets/Desktop/gp_mods/hps-gpr-emrys-validation_workflow/study_results/v4p9p13_calibration_20260905/derived/individual_2021_10pct/m170/result.json,256,500,3071.6191946837516,eigenfeature_rtol_1e-15,-1.450012708690548,gp,gp,1.0,0.0,-2.7439841781536805,gp,gp,1.0,0.0,True
individual_2016_full,2016 full,2016,171,134,1.0,63046315.326602936,2.610300748076116e-05,1.277535592602593e-05,2.610300748076116e-05,1.277535592602593e-05,0.48942084299833344,0.5,-0.6931471805599453,0.0,0.5,-0.6931471805599453,0.0,-0.28004409063918784,-151.95502657141375,542.5034618455775,-2.410212647388372e-06,1.4171180927052659e-05,2.9163819598373783e-05,1.4171180927052659e-05,2.9163819598373783e-05,0.4859164924968492,0.09999999999995575,True,True,True,False,,,True,completed_point,resolved,bounded_atom,2.1741053011556852e-05,2.1741053011556852e-05,2.0825504842540146e-05,2.0825504842540146e-05,2.2656601180573552e-05,2.2656601180573552e-05,1.0,0.0,2.6103004899254824e-05,2.6103004899254824e-05,0.5,resolved,bounded_atom,3.0326691780451913e-05,3.0326691780451913e-05,2.90063063943826e-05,2.90063063943826e-05,3.1647077166521224e-05,3.1647077166521224e-05,1.0,0.0,1.277535592602593e-05,1.277535592602593e-05,0.5,1.394904458598726,/Users/emryspeets/Desktop/gp_mods/hps-gpr-emrys-validation_workflow/study_results/v4p9p13_calibration_20260905/derived/individual_2016_full/m171/result.json,256,500,1117.5079000858118,eigenfeature_rtol_1e-15,-0.29937376064329657,stress,gp,1.0,0.0,-0.28004409063918784,gp,gp,1.0,0.0,True
individual_2021_10pct,2021 10%,2021,171,30,1.0,1407097410.0142014,2.041347209099655e-06,9.26581319010732e-07,2.041347209099655e-06,9.26581319010732e-07,0.45390677043098643,0.5,-0.6931471805599453,0.0,0.5,-0.6931471805599453,0.0,-2.837316267935123,-5528.763994052497,1947.5171521763293,-3.929197761792978e-06,2.279430531081478e-06,3.5855983072113533e-06,2.279430531081478e-06,3.5855983072113533e-06,0.6357183197284226,0.09999999999920417,False,True,True,False,0.0,0.0,True,completed_point,resolved,bounded_atom,1.9497128098802704e-06,1.9497128098802704e-06,1.9098473840605415e-06,1.9098473840605415e-06,1.996269766537118e-06,1.996269766537118e-06,1.0,0.0,2.0414544655075796e-06,2.0414544655075796e-06,0.5,resolved,bounded_atom,2.2115192243074245e-06,2.2115192243074245e-06,2.1627764391451705e-06,2.1627764391451705e-06,2.260262009469678e-06,2.260262009469678e-06,1.0,0.0,9.26581319010732e-07,9.26581319010732e-07,0.5,1.1342794759825325,/Users/emryspeets/Desktop/gp_mods/hps-gpr-emrys-validation_workflow/study_results/v4p9p13_calibration_20260905/refined_v1/attempt1_batch002/individual_2021_10pct/m171/result.json,,500,3066.8977132481837,eigenfeature_rtol_1e-15,-1.6244925866436002,gp,gp,1.0,0.0,-2.837316267935123,gp,gp,1.0,0.0,True
individual_2016_full,2016 full,2016,172,134,1.0,60762079.98765707,2.293423017978123e-05,7.690629161389314e-06,2.293423017978123e-05,7.690629161389314e-06,0.3353340880030653,0.5,-0.6931471805599453,0.0,0.5,-0.6931471805599453,0.0,-1.8461937446977137,-983.1521307558604,531.8200225968133,-1.6180356744791708e-05,1.4439890806764972e-05,2.985517255898005e-05,1.4439890806764972e-05,2.985517255898005e-05,0.4836646238851378,0.10000000013361443,True,True,True,False,,,True,completed_point,resolved,bounded_atom,2.2256390166314948e-05,2.2256390166314948e-05,2.1307490984055565e-05,2.1307490984055565e-05,2.3205289348574325e-05,2.3205289348574325e-05,1.0,0.0,2.2934369431038476e-05,2.2934369431038476e-05,0.5,resolved,bounded_atom,2.679272446772946e-05,2.679272446772946e-05,2.5352223184651272e-05,2.5352223184651272e-05,2.823322575080764e-05,2.823322575080764e-05,1.0,0.0,7.690629161389314e-06,7.690629161389314e-06,0.5,1.2038216560509554,/Users/emryspeets/Desktop/gp_mods/hps-gpr-emrys-validation_workflow/study_results/v4p9p13_calibration_20260905/chunked_v1/attempt1_remaining_2016_batch002/individual_2016_full/m172/result.json,,500,1102.548430693204,eigenfeature_rtol_1e-15,-0.7222029043565841,stress,gp,1.0,0.0,-1.8461937446977137,stress,gp,1.0,0.0,True
individual_2021_10pct,2021 10%,2021,172,30,1.0,1376631084.129458,1.9710505928916466e-06,8.72275098650394e-07,1.9710505928916466e-06,8.72275098650394e-07,0.4425432314097607,0.5,-0.6931471805599453,0.0,0.5,-0.6931471805599453,0.0,-3.131132248761917,-6033.48299140281,1925.75140255622,-4.382788577825999e-06,2.303997077549592e-06,3.6318723191196446e-06,2.303997077549592e-06,3.6318723191196446e-06,0.6343827302023861,0.09999999999996285,False,True,True,False,-1.1102230246251565e-16,0.0,True,completed_point,resolved,bounded_atom,1.9403775387674298e-06,1.9403775387674298e-06,1.8720916141319653e-06,1.8720916141319653e-06,2.0086634634028942e-06,2.0086634634028942e-06,1.0,0.0,1.97112762836438e-06,1.97112762836438e-06,0.5,resolved,bounded_atom,2.1990945439364204e-06,2.1990945439364204e-06,2.114983058174449e-06,2.114983058174449e-06,2.283206029698392e-06,2.283206029698392e-06,1.0,0.0,8.72275098650394e-07,8.72275098650394e-07,0.5,1.1333333333333333,/Users/emryspeets/Desktop/gp_mods/hps-gpr-emrys-validation_workflow/study_results/v4p9p13_calibration_20260905/derived/individual_2021_10pct/m172/result.json,256,500,3039.2138351659873,eigenfeature_rtol_1e-15,-1.7815691909018756,stress,gp,1.0,0.0,-3.131132248761917,stress,gp,1.0,0.0,True
individual_2016_full,2016 full,2016,173,136,1.0,58645439.12588757,2.1066189821824608e-05,5.878632441046799e-06,2.1066189821824608e-05,5.878632441046799e-06,0.2790553247059668,0.5,-0.6931471805599453,0.0,0.5,-0.6931471805599453,0.0,-2.9098636629547654,-1523.6829695113393,522.5078592718156,-2.5981269681357833e-05,1.471759981565424e-05,3.0714267361648965e-05,1.471759981565424e-05,3.0714267361648965e-05,0.47917795473875474,0.09999999999999465,True,True,True,False,,,True,completed_point,resolved,bounded_atom,2.1438529808515223e-05,2.1438529808515223e-05,2.0466857971851876e-05,2.0466857971851876e-05,2.241020164517857e-05,2.241020164517857e-05,1.0,0.0,2.1066502514554478e-05,2.1066502514554478e-05,0.5,resolved,bounded_atom,2.5522059295851456e-05,2.5522059295851456e-05,2.4258755650834607e-05,2.4258755650834607e-05,2.678536294086831e-05,2.678536294086831e-05,1.0,0.0,5.878632441046799e-06,5.878632441046799e-06,0.5,1.1904761904761905,/Users/emryspeets/Desktop/gp_mods/hps-gpr-emrys-validation_workflow/study_results/v4p9p13_calibration_20260905/derived/individual_2016_full/m173/result.json,256,500,1094.767451283858,eigenfeature_rtol_1e-15,-1.0489381742830004,stress,gp,1.0,0.0,-2.9098636629547654,stress,gp,1.0,0.0,True
individual_2021_10pct,2021 10%,2021,173,30,1.0,1347357642.5664358,1.9935314435126856e-06,9.271520419199367e-07,1.9935314435126856e-06,9.271520419199367e-07,0.4650802197964112,0.5,-0.6931471805599453,0.0,0.5,-0.6931471805599453,0.0,-2.9220930093267916,-5570.82825157824,1905.3487733898946,-4.134632168610386e-06,2.3288390889940274e-06,3.6687558502934453e-06,2.3288390889940274e-06,3.6687558502934453e-06,0.6347762522294187,0.09999999999995254,False,True,True,False,-1.1102230246251565e-16,9.769962616701378e-15,True,completed_point,resolved,bounded_atom,1.977502794744464e-06,1.977502794744464e-06,1.934632197364077e-06,1.934632197364077e-06,2.050085157467385e-06,2.050085157467385e-06,1.0,0.0,1.993641322408272e-06,1.993641322408272e-06,0.5,resolved,bounded_atom,2.3520958351586134e-06,2.3520958351586134e-06,2.2746465217000895e-06,2.2746465217000895e-06,2.4440056440303678e-06,2.4440056440303678e-06,1.0,0.0,9.271520419199367e-07,9.271520419199367e-07,0.5,1.1894273127753303,/Users/emryspeets/Desktop/gp_mods/hps-gpr-emrys-validation_workflow/study_results/v4p9p13_calibration_20260905/chunked_v1/attempt1_remaining_2021_batch001/individual_2021_10pct/m173/result.json,,500,3004.789854387808,eigenfeature_rtol_1e-15,-1.7778013737354619,gp,gp,1.0,0.0,-2.9220930093267916,stress,gp,1.0,0.0,True
individual_2016_full,2016 full,2016,174,136,1.0,56533094.23860231,2.004443397254061e-05,5.591707380601035e-06,2.004443397254061e-05,5.591707380601035e-06,0.278965591558298,0.5,-0.6931471805599453,0.0,0.5,-0.6931471805599453,0.0,-3.1931509070237065,-1640.283448271848,512.460734926671,-2.9014570498280256e-05,1.4979562621178821e-05,3.1347224107472776e-05,1.4979562621178821e-05,3.1347224107472776e-05,0.4778593016664555,0.10000000000000167,True,True,True,False,,,True,completed_point,resolved,bounded_atom,2.0987197721074513e-05,2.0987197721074513e-05,2.002025348312979e-05,2.002025348312979e-05,2.195414195901924e-05,2.195414195901924e-05,1.0,0.0,2.0044387510388686e-05,2.0044387510388686e-05,0.5,resolved,bounded_atom,2.932253865994099e-05,2.932253865994099e-05,2.7937879365001525e-05,2.7937879365001525e-05,3.070719795488045e-05,3.070719795488045e-05,1.0,0.0,5.591707380601035e-06,5.591707380601035e-06,0.5,1.397163120567376,/Users/emryspeets/Desktop/gp_mods/hps-gpr-emrys-validation_workflow/study_results/v4p9p13_calibration_20260905/derived/individual_2016_full/m174/result.json,256,500,1077.0802624178702,eigenfeature_rtol_1e-15,-1.2591307119842245,stress,gp,1.0,0.0,-3.1931509070237065,stress,gp,1.0,0.0,True
individual_2021_10pct,2021 10%,2021,174,30,1.0,1317830711.90454,2.140306812195275e-06,1.2170199283070607e-06,2.140306812195275e-06,1.2170199283070607e-06,0.5686193780128115,0.5,-0.6931471805599453,0.0,0.5,-0.6931471805599453,0.0,-1.9472158233645196,-3671.267054302047,1884.6589931196925,-2.785841171508517e-06,2.3542843547146517e-06,3.7125485525006697e-06,2.3542843547146517e-06,3.7125485525006697e-06,0.6341423745499223,0.1000000000000562,False,True,True,False,-3.3306690738754696e-16,0.0,True,completed_point,resolved,bounded_atom,2.2479372114781786e-06,2.2479372114781786e-06,2.1695479525415844e-06,2.1695479525415844e-06,2.3263264704147723e-06,2.3263264704147723e-06,1.0,0.0,2.1403976112377624e-06,2.1403976112377624e-06,0.5,resolved,bounded_atom,2.979618735214213e-06,2.979618735214213e-06,2.870238071314214e-06,2.870238071314214e-06,3.0889993991142123e-06,3.0889993991142123e-06,1.0,0.0,1.2170199283070607e-06,1.2170199283070607e-06,0.5,1.3254901960784313,/Users/emryspeets/Desktop/gp_mods/hps-gpr-emrys-validation_workflow/study_results/v4p9p13_calibration_20260905/derived/individual_2021_10pct/m174/result.json,256,500,2974.017953349265,eigenfeature_rtol_1e-15,-1.5851135179538418,stress,gp,1.0,0.0,-1.9472158233645196,stress,gp,1.0,0.0,True
individual_2016_full,2016 full,2016,175,136,1.0,54444840.70034153,2.0987393212315855e-05,1.2368124634182367e-05,2.0987393212315855e-05,1.2368124634182367e-05,0.5893120936488904,0.5,-0.6931471805599453,0.0,0.5,-0.6931471805599453,0.0,-0.5653867612628137,-284.507560512815,502.99164835545787,-5.225611037760467e-06,1.5217376945587726e-05,3.183451370472115e-05,1.5217376945587726e-05,3.183451370472115e-05,0.47801505896196383,0.0999999999941095,True,True,True,False,,,True,completed_point,resolved,bounded_atom,2.2220287060364554e-05,2.2220287060364554e-05,2.1170087277855487e-05,2.1170087277855487e-05,2.327048684287362e-05,2.327048684287362e-05,1.0,0.0,2.0987401010910612e-05,2.0987401010910612e-05,0.5,resolved,bounded_atom,4.141740581319651e-05,4.141740581319651e-05,3.972454638015127e-05,3.972454638015127e-05,4.3110265246241765e-05,4.3110265246241765e-05,1.0,0.0,1.2368124634182367e-05,1.2368124634182367e-05,0.5,1.8639455782312921,/Users/emryspeets/Desktop/gp_mods/hps-gpr-emrys-validation_workflow/study_results/v4p9p13_calibration_20260905/derived/individual_2016_full/m175/result.json,256,500,1053.4138682491719,eigenfeature_rtol_1e-15,-1.1691446700607886,stress,gp,1.0,0.0,-0.5653867612628137,stress,gp,1.0,0.0,True
individual_2021_10pct,2021 10%,2021,175,31,1.0,1295781605.322978,2.4322658468295294e-06,1.8791910182531915e-06,2.4322658468295294e-06,1.8791910182531915e-06,0.7726092197950838,0.5,-0.6931471805599453,0.0,0.5,-0.6931471805599453,0.0,-0.6438415030581556,-1205.995126973362,1872.8808159072184,-9.307086333215569e-07,2.378290612464444e-06,3.7693974499068456e-06,2.378290612464444e-06,3.7693974499068456e-06,0.6309471590806163,0.09999999999838056,False,True,True,False,-1.1102230246251565e-16,0.0,True,completed_point,resolved,bounded_atom,2.5240213069237393e-06,2.5240213069237393e-06,2.4282181103265593e-06,2.4282181103265593e-06,2.6198245035209193e-06,2.6198245035209193e-06,1.0,0.0,2.432415927022906e-06,2.432415927022906e-06,0.5,resolved,bounded_atom,4.135098736875062e-06,4.135098736875062e-06,4.015396365286308e-06,4.015396365286308e-06,4.2548011084638154e-06,4.2548011084638154e-06,1.0,0.0,1.8791910182531915e-06,1.8791910182531915e-06,0.5,1.6382978723404256,/Users/emryspeets/Desktop/gp_mods/hps-gpr-emrys-validation_workflow/study_results/v4p9p13_calibration_20260905/derived/individual_2021_10pct/m175/result.json,256,500,2969.0375089520967,eigenfeature_rtol_1e-15,-1.2337630496560694,gp,gp,1.0,0.0,-0.6438415030581556,stress,gp,1.0,0.0,True
individual_2016_full,2016 full,2016,176,136,1.0,52488942.453994915,1.9928140667515196e-05,6.6144376019536855e-06,1.9928140667515196e-05,6.6144376019536855e-06,0.3319144375940632,0.5,-0.6931471805599453,0.0,0.5,-0.6931471805599453,0.0,-2.6516087538345148,-1310.4419630188463,493.1884819248191,-2.4966057644758454e-05,1.551889611908512e-05,3.296198962176431e-05,1.551889611908512e-05,3.296198962176431e-05,0.47081187443971,0.09999999999867082,True,True,True,False,,,True,completed_point,resolved,bounded_atom,2.2694402009659638e-05,2.2694402009659638e-05,2.1599676905766937e-05,2.1599676905766937e-05,2.3789127113552342e-05,2.3789127113552342e-05,1.0,0.0,1.9928151613510174e-05,1.9928151613510174e-05,0.5,resolved,bounded_atom,3.552847762891544e-05,3.552847762891544e-05,3.397154979373008e-05,3.397154979373008e-05,3.708540546410079e-05,3.708540546410079e-05,1.0,0.0,6.6144376019536855e-06,6.6144376019536855e-06,0.5,1.5655172413793106,/Users/emryspeets/Desktop/gp_mods/hps-gpr-emrys-validation_workflow/study_results/v4p9p13_calibration_20260905/derived/individual_2016_full/m176/result.json,256,500,1051.5466249823792,eigenfeature_rtol_1e-15,-1.4325067657167236,stress,gp,1.0,0.0,-2.6516087538345148,stress,gp,1.0,0.0,True
individual_2021_10pct,2021 10%,2021,176,30,1.0,1261544673.2041955,2.7431652492848986e-06,1.6645898924544659e-06,2.7431652492848986e-06,1.6645898924544659e-06,0.6068135679716704,0.4999513009912829,-0.6932445833208741,0.0001220703125,0.5,-0.6931471805599453,0.0,-1.0246601702730187,-1889.758299217313,1843.8924348173264,-1.4979717637882125e-06,2.4054407921846846e-06,3.79289966837562e-06,2.4054407921846846e-06,3.79289966837562e-06,0.6341957347938126,0.09999999999999207,False,True,True,False,2.220446049250313e-16,0.0,True,completed_point,resolved,bounded_atom,2.972048198404843e-06,2.972048198404843e-06,2.8752099502805863e-06,2.8752099502805863e-06,3.0688864465290997e-06,3.0688864465290997e-06,1.0,0.0,2.743325425039887e-06,2.743325425039887e-06,0.5,resolved,bounded_atom,3.800619211293466e-06,3.800619211293466e-06,3.6811379532315324e-06,3.6811379532315324e-06,3.9201004693554e-06,3.9201004693554e-06,1.0,0.0,1.6645898924544659e-06,1.6645898924544659e-06,0.5,1.2787878787878788,/Users/emryspeets/Desktop/gp_mods/hps-gpr-emrys-validation_workflow/study_results/v4p9p13_calibration_20260905/derived/individual_2021_10pct/m176/result.json,256,500,2908.6034022429135,eigenfeature_rtol_1e-15,-0.895707903018586,stress,gp,1.0,0.0,-1.0246601702730187,stress,gp,1.0,0.0,True
individual_2016_full,2016 full,2016,177,138,1.0,50748013.09865521,2.106738603431099e-05,1.2350092554850903e-05,2.106738603431099e-05,1.2350092554850903e-05,0.5862185529204793,0.5,-0.6931471805599453,0.0,0.5,-0.6931471805599453,0.0,-0.6653090649943699,-322.8916525182902,485.07020749182186,-6.362646196425109e-06,1.57479438616108e-05,3.37687769503002e-05,1.57479438616108e-05,3.37687769503002e-05,0.4663462903849943,0.09999999999221013,True,True,True,False,,,True,completed_point,resolved,bounded_atom,2.389150961068652e-05,2.389150961068652e-05,2.274280092306796e-05,2.274280092306796e-05,2.5040218298305076e-05,2.5040218298305076e-05,1.0,0.0,2.106742013109387e-05,2.106742013109387e-05,0.5,resolved,bounded_atom,4.842440202971361e-05,4.842440202971361e-05,4.6422779928332614e-05,4.6422779928332614e-05,5.0426024131094605e-05,5.0426024131094605e-05,1.0,0.0,1.2350092554850903e-05,1.2350092554850903e-05,0.5,2.026845637583892,/Users/emryspeets/Desktop/gp_mods/hps-gpr-emrys-validation_workflow/study_results/v4p9p13_calibration_20260905/derived/individual_2016_full/m177/result.json,256,500,1041.5649010854368,eigenfeature_rtol_1e-15,-1.3368061545832268,stress,gp,1.0,0.0,-0.6653090649943699,stress,gp,1.0,0.0,True
individual_2021_10pct,2021 10%,2021,177,31,1.0,1240185874.1478965,3.320011398401311e-06,1.987228680749228e-06,3.320011398401311e-06,1.987228680749228e-06,0.5985608006364497,0.5,-0.6931471805599453,0.0,0.5,-0.6931471805599453,0.0,-0.5490896343478358,-1006.233984767567,1832.342283169225,-8.113573987116467e-07,2.431337029694595e-06,3.8499379435030294e-06,2.431337029694595e-06,3.8499379435030294e-06,0.6315262909101177,0.09999999999993389,False,True,True,False,0.0,0.0,True,completed_point,resolved,bounded_atom,3.5652408547742634e-06,3.5652408547742634e-06,3.461031720582475e-06,3.461031720582475e-06,3.6694499889660517e-06,3.6694499889660517e-06,1.0,0.0,3.3203289993118835e-06,3.3203289993118835e-06,0.5,resolved,bounded_atom,4.296572312163856e-06,4.296572312163856e-06,4.1708542690809266e-06,4.1708542690809266e-06,4.4222903552467854e-06,4.4222903552467854e-06,1.0,0.0,1.987228680749228e-06,1.987228680749228e-06,0.5,1.205128205128205,/Users/emryspeets/Desktop/gp_mods/hps-gpr-emrys-validation_workflow/study_results/v4p9p13_calibration_20260905/derived/individual_2021_10pct/m177/result.json,256,500,2902.3582168786143,eigenfeature_rtol_1e-15,-0.4008656954134598,stress,gp,1.0,0.0,-0.5490896343478358,stress,gp,1.0,0.0,True
individual_2016_full,2016 full,2016,178,138,1.0,48939442.19496609,2.1422647665541944e-05,1.0194903993183364e-05,2.1422647665541944e-05,1.0194903993183364e-05,0.47589374349752933,0.5,-0.6931471805599453,0.0,0.5,-0.6931471805599453,0.0,-1.2789475616106682,-609.2055815648343,475.842377554774,-1.2448151311939088e-05,1.603442899791423e-05,3.524524383502012e-05,1.603442899791423e-05,3.524524383502012e-05,0.45493880175634416,0.09999999999922722,True,True,True,False,,,True,completed_point,resolved,bounded_atom,2.6610100624402725e-05,2.6610100624402725e-05,2.5351568414726015e-05,2.5351568414726015e-05,2.7868632834079432e-05,2.7868632834079432e-05,1.0,0.0,2.142266343601075e-05,2.142266343601075e-05,0.5,resolved,bounded_atom,5.656738371728378e-05,5.656738371728378e-05,5.437808144370432e-05,5.437808144370432e-05,5.875668599086324e-05,5.875668599086324e-05,1.0,0.0,1.0194903993183364e-05,1.0194903993183364e-05,0.5,2.1257861635220126,/Users/emryspeets/Desktop/gp_mods/hps-gpr-emrys-validation_workflow/study_results/v4p9p13_calibration_20260905/derived/individual_2016_full/m178/result.json,256,500,1048.3791547654346,eigenfeature_rtol_1e-15,-1.416555963070139,stress,gp,1.0,0.0,-1.2789475616106682,stress,gp,1.0,0.0,True
individual_2021_10pct,2021 10%,2021,178,31,1.0,1213032413.485161,4.165820091868971e-06,2.7682191149181893e-06,4.165820091868971e-06,2.7682191149181893e-06,0.6645076008734317,0.428142338518756,-0.8482995720557581,0.1811056153933443,0.3750884775786577,-0.9805933406314861,0.3184060427601957,0.3184060427601957,576.9367074206435,1812.0728401349138,4.7561524408325394e-07,2.457769385475521e-06,3.8935449802323125e-06,2.457769385475521e-06,3.8935449802323125e-06,0.6312420680777331,0.10000000000001663,False,True,True,False,-3.3306690738754696e-16,0.0,True,completed_point,resolved,resolved,4.604096656966914e-06,4.604096656966914e-06,4.4838676841061566e-06,4.4838676841061566e-06,4.724325629827671e-06,4.724325629827671e-06,0.37375140344379343,0.010196191894595655,4.16612047602822e-06,4.16612047602822e-06,0.4281401576892617,resolved,resolved,5.36220092578476e-06,5.36220092578476e-06,5.20413277095723e-06,5.20413277095723e-06,5.520269080612288e-06,5.520269080612288e-06,0.36019865971277704,0.01030807512975639,2.7682191149181893e-06,2.7682191149181893e-06,0.3750884775786577,1.1646586345381529,/Users/emryspeets/Desktop/gp_mods/hps-gpr-emrys-validation_workflow/study_results/v4p9p13_calibration_20260905/derived/individual_2021_10pct/m178/result.json,256,500,2870.9621100566296,eigenfeature_rtol_1e-15,0.18111117231316,stress,gp,0.37375140344379343,-0.98416439925073,0.3184060427601957,stress,gp,0.36019865971277704,-1.0210995672000718,True
individual_2016_full,2016 full,2016,179,138,1.0,47230474.18859275,2.2830002699672696e-05,1.528816688182832e-05,2.2830002699672696e-05,1.528816688182832e-05,0.6696524342525592,0.5,-0.6931471805599453,0.0,0.5,-0.6931471805599453,0.0,-0.17055874875589433,-79.67249107888716,467.0609350914868,-1.6868873846312116e-06,1.6285493960008646e-05,3.641231077460986e-05,1.6285493960008646e-05,3.641231077460986e-05,0.44725241583306613,0.10000000000000983,True,True,True,False,,,True,completed_point,resolved,bounded_atom,2.7837370655442416e-05,2.7837370655442416e-05,2.6512335420076852e-05,2.6512335420076852e-05,2.916240589080798e-05,2.916240589080798e-05,1.0,0.0,2.2829984885741915e-05,2.2829984885741915e-05,0.5,resolved,bounded_atom,6.881536348364025e-05,6.881536348364025e-05,6.649501673548169e-05,6.649501673548169e-05,7.113571023179882e-05,7.113571023179882e-05,1.0,0.0,1.528816688182832e-05,1.528816688182832e-05,0.5,2.4720496894409933,/Users/emryspeets/Desktop/gp_mods/hps-gpr-emrys-validation_workflow/study_results/v4p9p13_calibration_20260905/derived/individual_2016_full/m179/result.json,256,500,1045.2847433303152,eigenfeature_rtol_1e-15,-1.3213270551104732,stress,gp,1.0,0.0,-0.17055874875589433,stress,gp,1.0,0.0,True
individual_2021_10pct,2021 10%,2021,179,31,1.0,1186253343.595478,5.176022035476851e-06,3.519430471050286e-06,5.176022035476851e-06,3.519430471050286e-06,0.6799488964552006,0.2306604439366695,-1.466808589549634,0.7366735624530732,0.17316596084206254,-1.7535048331035112,0.9417279885192213,0.9417279885192213,1687.6043886244236,1792.3845231042797,1.4226340416536774e-06,2.4856424867923067e-06,3.9369929786576215e-06,2.4856424867923067e-06,3.9369929786576215e-06,0.6313555803291844,0.10000000003555629,False,True,True,False,5.88418203051333e-14,-1.2445600106048005e-13,True,completed_point,resolved,resolved,6.095109266705953e-06,6.095109266705953e-06,5.947766271723902e-06,5.947766271723902e-06,6.242452261688004e-06,6.242452261688004e-06,0.1710012444255675,0.005713262494010415,5.176376471305617e-06,5.176376471305617e-06,0.23066037049541144,resolved,resolved,6.5438289673223414e-06,6.5438289673223414e-06,6.376856006531433e-06,6.376856006531433e-06,6.7108019281132496e-06,6.7108019281132496e-06,0.23001386337913682,0.0073241602022885354,3.519430471050286e-06,3.519430471050286e-06,0.17316596084206254,1.0736196319018405,/Users/emryspeets/Desktop/gp_mods/hps-gpr-emrys-validation_workflow/study_results/v4p9p13_calibration_20260905/derived/individual_2021_10pct/m179/result.json,256,500,2838.907974364552,eigenfeature_rtol_1e-15,0.7366738039286818,stress,gp,0.1710012444255675,-1.766084445163457,0.9417279885192213,stress,gp,0.23001386337913682,-1.469615696313976,True
individual_2016_full,2016 full,2016,180,138,1.0,45563919.57506086,2.4564011967894433e-05,1.623545900989961e-05,2.4564011967894433e-05,1.623545900989961e-05,0.6609449234562995,0.5,-0.6931471805599453,0.0,0.5,-0.6931471805599453,0.0,-0.054329701084873616,-24.901384974852757,458.317504896639,-5.465154272742239e-07,1.656505161703836e-05,3.817648425248552e-05,1.656505161703836e-05,3.817648425248552e-05,0.4339072060036507,0.10000000000072429,True,True,True,False,,,True,completed_point,resolved,bounded_atom,3.317492166089473e-05,3.317492166089473e-05,3.165386393396447e-05,3.165386393396447e-05,3.469597938782499e-05,3.469597938782499e-05,1.0,0.0,2.456401659598836e-05,2.456401659598836e-05,0.5,resolved,bounded_atom,8.230281111500661e-05,8.230281111500661e-05,7.964820668759561e-05,7.964820668759561e-05,8.495741554241761e-05,8.495741554241761e-05,1.0,0.0,1.623545900989961e-05,1.623545900989961e-05,0.5,2.480874316939891,/Users/emryspeets/Desktop/gp_mods/hps-gpr-emrys-validation_workflow/study_results/v4p9p13_calibration_20260905/derived/individual_2016_full/m180/result.json,256,500,1057.279624019901,eigenfeature_rtol_1e-15,-1.2418909396500206,stress,gp,1.0,0.0,-0.054329701084873616,stress,gp,1.0,0.0,True
individual_2021_10pct,2021 10%,2021,180,31,1.0,1160297082.9785984,5.945400428771237e-06,3.1826029874022332e-06,5.945400428771237e-06,3.1826029874022332e-06,0.5353050691086918,0.137075851286771,-1.987220847339097,1.0935515632455317,0.26308088583986416,-1.3352937433664849,0.6338759659205078,0.6338759659205078,1123.4895653715198,1772.651002838892,9.682775056948433e-07,2.5137397459055293e-06,3.979988262649237e-06,2.5137397459055293e-06,3.979988262649237e-06,0.6315947636067362,0.10000000000001272,False,True,True,False,3.3306690738754696e-14,0.0,True,completed_point,resolved,resolved,6.842090679201575e-06,6.842090679201575e-06,6.687872086399957e-06,6.687872086399957e-06,6.996309272003193e-06,6.996309272003193e-06,0.10147794523296715,0.004058877839418159,5.945581802657448e-06,5.945581802657448e-06,0.13707773508973742,resolved,resolved,6.086058559952782e-06,6.086058559952782e-06,5.908446087215363e-06,5.908446087215363e-06,6.263671032690201e-06,6.263671032690201e-06,0.27455691746011135,0.00860254815853633,3.1826029874022332e-06,3.1826029874022332e-06,0.26308088583986416,0.8895027624309392,/Users/emryspeets/Desktop/gp_mods/hps-gpr-emrys-validation_workflow/study_results/v4p9p13_calibration_20260905/derived/individual_2021_10pct/m180/result.json,256,500,2807.1099603280068,eigenfeature_rtol_1e-15,1.0935429770655023,stress,gp,0.10147794523296715,-2.287913792455979,0.6338759659205078,stress,gp,0.27455691746011135,-1.292596689945043,True
individual_2021_10pct,2021 10%,2021,181,32,1.0,1139942608.3400505,7.0945775109059235e-06,5.137676622717615e-06,7.0945775109059235e-06,5.137676622717615e-06,0.7241694963258739,0.0587818233818417,-2.83392259802605,1.5650821568935045,0.02108024914309353,-3.859418736446488,2.031932416464088,2.031932416464088,3577.3823704241745,1761.348766554613,3.1382126997020047e-06,2.541081027286958e-06,4.05067922202934e-06,2.541081027286958e-06,4.05067922202934e-06,0.6273222064752656,0.09999999999966899,False,True,True,False,2.220446049250313e-16,0.0,True,completed_point,resolved,resolved,8.194759616166195e-06,8.194759616166195e-06,8.035214817137611e-06,8.035214817137611e-06,8.354304415194778e-06,8.354304415194778e-06,0.03392264758904907,0.0016219906464360666,7.094735067014481e-06,7.094735067014481e-06,0.05878180181524514,resolved,resolved,8.42559791521313e-06,8.42559791521313e-06,8.2513880977431e-06,8.2513880977431e-06,8.59980773268316e-06,8.59980773268316e-06,0.07427405570055573,0.003312208162538764,5.137676622717615e-06,5.137676622717615e-06,0.02108024914309353,1.0281690140845068,/Users/emryspeets/Desktop/gp_mods/hps-gpr-emrys-validation_workflow/study_results/v4p9p13_calibration_20260905/derived/individual_2021_10pct/m181/result.json,256,500,2806.8524023503333,eigenfeature_rtol_1e-15,1.5650823408732037,stress,gp,0.03392264758904907,-3.3836724171820465,2.031932416464088,stress,gp,0.07427405570055573,-2.599993571271258,True
individual_2021_10pct,2021 10%,2021,182,32,1.0,1114615618.7730994,7.169424106904123e-06,3.7896432248279114e-06,7.169424106904123e-06,3.7896432248279114e-06,0.5285840491955974,0.058178852308895,-2.8442333526669743,1.570246804224852,0.14549192925647114,-1.9276346629367427,1.0559657595949419,1.0559657595949419,1838.5048186642966,1741.46318439989,1.649451871747509e-06,2.570373241537669e-06,4.08380602466388e-06,2.570373241537669e-06,4.08380602466388e-06,0.6294063004006721,0.09999999997586403,False,True,True,False,0.0,-2.220446049250313e-16,True,completed_point,resolved,resolved,8.18418122816542e-06,8.18418122816542e-06,8.024381588448066e-06,8.024381588448066e-06,8.343980867882772e-06,8.343980867882772e-06,0.03486989126369729,0.0017429889992780848,7.166816042785595e-06,7.166816042785595e-06,0.05804396830594761,resolved,resolved,7.09812874291124e-06,7.09812874291124e-06,6.920630551469861e-06,6.920630551469861e-06,7.275626934352619e-06,7.275626934352619e-06,0.1941608259495317,0.006854398163123279,3.7896432248279114e-06,3.7896432248279114e-06,0.14549192925647114,0.8672985781990521,/Users/emryspeets/Desktop/gp_mods/hps-gpr-emrys-validation_workflow/study_results/v4p9p13_calibration_20260905/derived/individual_2021_10pct/m182/result.json,256,500,2766.928143706626,eigenfeature_rtol_1e-15,1.571407880749679,stress,gp,0.03486989126369729,-3.3561315366333284,1.0559657595949419,stress,gp,0.1941608259495317,-1.6390684636094497,True
individual_2021_10pct,2021 10%,2021,183,32,1.0,1090877475.483887,7.18641886817881e-06,3.7189623579724802e-06,7.18641886817881e-06,3.7189623579724802e-06,0.5174986910991098,0.0610962888892886,-2.7953041529587477,1.5456356854268023,0.1654170784550451,-1.799285246251169,0.972435060356249,0.972435060356249,1674.9061214995393,1722.7502619499592,1.5353751077833845e-06,2.598051725689407e-06,4.122765515555808e-06,2.598051725689407e-06,4.122765515555808e-06,0.6301720813096382,0.09999999995403804,False,True,True,False,2.220446049250313e-16,0.0,True,completed_point,resolved,resolved,8.418872872835753e-06,8.418872872835753e-06,8.264234199351982e-06,8.264234199351982e-06,8.57351154631952e-06,8.57351154631952e-06,0.03792195556504949,0.0018241736941979412,7.180901574751051e-06,7.180901574751051e-06,0.06082291466153101,resolved,resolved,7.087516232480331e-06,7.087516232480331e-06,6.907991597694638e-06,6.907991597694638e-06,7.2670408672660236e-06,7.2670408672660236e-06,0.20762651841320123,0.007046449482135411,3.7189623579724802e-06,3.7189623579724802e-06,0.1654170784550451,0.841860465116279,/Users/emryspeets/Desktop/gp_mods/hps-gpr-emrys-validation_workflow/study_results/v4p9p13_calibration_20260905/derived/individual_2021_10pct/m183/result.json,256,500,2733.8295920934233,eigenfeature_rtol_1e-15,1.5479022646422738,stress,gp,0.03792195556504949,-3.2722250321167774,0.972435060356249,stress,gp,0.20762651841320123,-1.5720143978270094,True
individual_2021_10pct,2021 10%,2021,184,32,1.0,1066696521.5756097,6.7045278396222065e-06,3.193764862652449e-06,6.7045278396222065e-06,3.193764862652449e-06,0.4763594005498849,0.0951675055893082,-2.3521167232938267,1.3095887059819535,0.300433565772117,-1.2025286284097716,0.5231539398146211,0.5231539398146211,891.135696973404,1703.5880866055568,8.354163334639115e-07,2.6276821035564907e-06,4.1639711322518985e-06,2.6276821035564907e-06,4.1639711322518985e-06,0.6310519501933785,0.10000000000003137,False,True,True,False,0.0,0.0,True,completed_point,resolved,resolved,7.870216987043826e-06,7.870216987043826e-06,7.71224273620587e-06,7.71224273620587e-06,8.02819123788178e-06,8.02819123788178e-06,0.06249148299392314,0.0028056355413792005,6.704101402646009e-06,6.704101402646009e-06,0.09502105564121993,resolved,resolved,6.4464591401414245e-06,6.4464591401414245e-06,6.2688517842382134e-06,6.2688517842382134e-06,6.624066496044635e-06,6.624066496044635e-06,0.300078175595667,0.009090898515027502,3.193764862652449e-06,3.193764862652449e-06,0.300433565772117,0.8190954773869346,/Users/emryspeets/Desktop/gp_mods/hps-gpr-emrys-validation_workflow/study_results/v4p9p13_calibration_20260905/derived/individual_2021_10pct/m184/result.json,256,500,2699.9422984120356,eigenfeature_rtol_1e-15,1.310454546350945,stress,gp,0.06249148299392314,-2.772725003622897,0.5231539398146211,stress,gp,0.300078175595667,-1.203712252953503,True
individual_2021_10pct,2021 10%,2021,185,33,1.0,1047707776.2623051,6.158231036899832e-06,3.133780785246337e-06,6.158231036899832e-06,3.133780785246337e-06,0.508876780762019,0.1542431649293235,-1.8692249288197682,1.0184033099414191,0.3292826640172296,-1.1108387359378462,0.4418948078335514,0.4418948078335514,747.6584919592747,1692.1047076257798,7.136135751769873e-07,2.6571931818387717e-06,4.228718298414199e-06,2.6571931818387717e-06,4.228718298414199e-06,0.6283684545350867,0.10000000000002755,False,True,True,False,2.5979218776228663e-14,-1.1252110354575962e-13,True,completed_point,resolved,resolved,7.189318715705234e-06,7.189318715705234e-06,7.02798246238968e-06,7.02798246238968e-06,7.350654969020787e-06,7.350654969020787e-06,0.10986711558133373,0.0042120007522959925,6.157800680011784e-06,6.157800680011784e-06,0.1537769765101134,resolved,resolved,6.466370464963925e-06,6.466370464963925e-06,6.279912628647358e-06,6.279912628647358e-06,6.652828301280493e-06,6.652828301280493e-06,0.30693432250843655,0.00913468125989955,3.133780785246337e-06,3.133780785246337e-06,0.3292826640172296,0.8994413407821229,/Users/emryspeets/Desktop/gp_mods/hps-gpr-emrys-validation_workflow/study_results/v4p9p13_calibration_20260905/derived/individual_2021_10pct/m185/result.json,256,500,2693.114681375643,eigenfeature_rtol_1e-15,1.0203680239703856,stress,gp,0.10986711558133373,-2.2084836836281285,0.4418948078335514,stress,gp,0.30693432250843655,-1.1811214874791858,True
individual_2021_10pct,2021 10%,2021,186,32,1.0,1019533790.525145,5.538223433940131e-06,3.910840467312425e-06,5.538223433940131e-06,3.910840467312425e-06,0.7061543316120933,0.2411294207269703,-1.4224214741680778,0.702674148972894,0.15438242025461613,-1.8683225063283857,1.0178171914958232,1.0178171914958232,1695.4619659978616,1666.1653933953648,1.662977707805601e-06,2.688030498535572e-06,4.264320480223841e-06,2.688030498535572e-06,4.264320480223841e-06,0.6303537717208517,0.09999999996793754,False,True,True,False,-2.7755575615628914e-15,0.0,True,completed_point,resolved,resolved,6.439788287978544e-06,6.439788287978544e-06,6.280184987559817e-06,6.280184987559817e-06,6.599391588397271e-06,6.599391588397271e-06,0.17731252716391688,0.0057629159732965046,5.538502550273342e-06,5.538502550273342e-06,0.24112773601217602,resolved,resolved,7.168820924353474e-06,7.168820924353474e-06,6.990754263523486e-06,6.990754263523486e-06,7.346887585183461e-06,7.346887585183461e-06,0.19341359071147593,0.006512018929147062,3.910840467312425e-06,3.910840467312425e-06,0.15438242025461613,1.1132075471698113,/Users/emryspeets/Desktop/gp_mods/hps-gpr-emrys-validation_workflow/study_results/v4p9p13_calibration_20260905/derived/individual_2021_10pct/m186/result.json,256,500,2642.749892195099,eigenfeature_rtol_1e-15,0.7026795544471982,stress,gp,0.17731252716391688,-1.7298414132150983,1.0178171914958232,stress,gp,0.19341359071147593,-1.6429244258803612,True
individual_2021_10pct,2021 10%,2021,187,33,1.0,1001186461.1084005,4.759132626156695e-06,3.977752498612466e-06,4.759132626156695e-06,3.977752498612466e-06,0.8358145929260974,0.4023439311515912,-0.9104480060091795,0.2472847471632261,0.1506895014973989,-1.8925338406908068,1.0334806891160409,1.0334806891160409,1710.0085469254875,1655.001099108884,1.7079820925987746e-06,2.718836888161291e-06,4.339049620306846e-06,2.718836888161291e-06,4.339049620306846e-06,0.6265973256994056,0.09999999997155481,False,True,True,False,-2.220446049250313e-16,0.0,True,completed_point,resolved,resolved,5.520222667031854e-06,5.520222667031854e-06,5.4204892780423935e-06,5.4204892780423935e-06,5.619956056021313e-06,5.619956056021313e-06,0.32434496257460355,0.008929987013935837,4.75963574082149e-06,4.75963574082149e-06,0.40234374666875616,resolved,resolved,7.359074319089184e-06,7.359074319089184e-06,7.256426275820203e-06,7.256426275820203e-06,7.461722362358167e-06,7.461722362358167e-06,0.19833204927209572,0.0069230569322542524,3.977752498612466e-06,3.977752498612466e-06,0.1506895014973989,1.3331118621427014,/Users/emryspeets/Desktop/gp_mods/hps-gpr-emrys-validation_workflow/study_results/v4p9p13_calibration_20260905/chunked_v1/attempt1_remaining_2021_batch001/individual_2021_10pct/m187/result.json,,500,2640.671481553432,eigenfeature_rtol_1e-15,0.24728522395024496,stress,gp,0.32434496257460355,-1.125947630275792,1.0334806891160409,stress,gp,0.19833204927209572,-1.617812636383916,True
individual_2021_10pct,2021 10%,2021,188,33,1.0,978853110.6951027,4.133286009743146e-06,4.203487849863165e-06,4.133286009743146e-06,4.203487849863165e-06,1.0169845106180737,0.5,-0.6931471805599453,0.0,0.12318127501219556,-2.0940982279715197,1.1592297448777884,1.1592297448777884,1896.3848703174071,1636.337922562919,1.9373538783267972e-06,2.7492852694430926e-06,4.390384505101779e-06,2.7492852694430926e-06,4.390384505101779e-06,0.6262060341749858,0.09999999998851708,False,True,True,False,-1.0880185641326534e-14,0.0,True,completed_point,resolved,bounded_atom,4.607750429194661e-06,4.607750429194661e-06,4.463719933302279e-06,4.463719933302279e-06,4.751780925087043e-06,4.751780925087043e-06,1.0,0.0,4.134114063539413e-06,4.134114063539413e-06,0.5,resolved,resolved,7.380740506492806e-06,7.380740506492806e-06,7.199558600026146e-06,7.199558600026146e-06,7.5619224129594655e-06,7.5619224129594655e-06,0.1810134021844749,0.006601302837497646,4.203487849863165e-06,4.203487849863165e-06,0.12318127501219556,1.6018099547511315,/Users/emryspeets/Desktop/gp_mods/hps-gpr-emrys-validation_workflow/study_results/v4p9p13_calibration_20260905/derived/individual_2021_10pct/m188/result.json,256,500,2612.3067313948313,eigenfeature_rtol_1e-15,-0.16216369108515735,stress,gp,1.0,0.0,1.1592297448777884,stress,gp,0.1810134021844749,-1.7091842052394297,True
individual_2021_10pct,2021 10%,2021,189,34,1.0,960740975.6930349,3.6311665190690296e-06,3.869937551796534e-06,3.6311665190690296e-06,3.869937551796534e-06,1.0657560129709285,0.5,-0.6931471805599453,0.0,0.18617309559361672,-1.6810784165575698,0.8920872073323329,0.8920872073323329,1449.23561478937,1624.8821294282009,1.508456130690124e-06,2.7817096999566616e-06,4.4588069824113324e-06,2.7817096999566616e-06,4.4588069824113324e-06,0.6238686067662671,0.10000000001086636,False,True,True,False,0.0,0.0,True,completed_point,resolved,bounded_atom,4.001977044568595e-06,4.001977044568595e-06,3.860002517712694e-06,3.860002517712694e-06,4.143951571424494e-06,4.143951571424494e-06,1.0,0.0,3.631590344747051e-06,3.631590344747051e-06,0.5,resolved,resolved,7.072276893576246e-06,7.072276893576246e-06,6.876970694560107e-06,6.876970694560107e-06,7.267583092592387e-06,7.267583092592387e-06,0.2339137765867461,0.008510093362911085,3.869937551796534e-06,3.869937551796534e-06,0.18617309559361672,1.767195767195767,/Users/emryspeets/Desktop/gp_mods/hps-gpr-emrys-validation_workflow/study_results/v4p9p13_calibration_20260905/derived/individual_2021_10pct/m189/result.json,256,500,2603.9286047830415,eigenfeature_rtol_1e-15,-0.5591660513931107,stress,gp,1.0,0.0,0.8920872073323329,stress,gp,0.2339137765867461,-1.4528027076534609,True
individual_2021_10pct,2021 10%,2021,190,33,1.0,935044030.8905551,3.289509020784863e-06,3.1288429102666667e-06,3.289509020784863e-06,3.1288429102666667e-06,0.9511580270785024,0.5,-0.6931471805599453,0.0,0.38876299635277156,-0.9447853849149694,0.2825445484238063,0.2825445484238063,452.05953659464706,1600.0648547966712,4.834633682053413e-07,2.815093431221763e-06,4.475424494480825e-06,2.815093431221763e-06,4.475424494480825e-06,0.6290114903498847,0.09999999999999269,False,True,True,False,-9.992007221626409e-16,0.0,True,completed_point,resolved,bounded_atom,3.676820202514644e-06,3.676820202514644e-06,3.547145245429557e-06,3.547145245429557e-06,3.8064951595997313e-06,3.8064951595997313e-06,1.0,0.0,3.287944177652269e-06,3.287944177652269e-06,0.5,resolved,resolved,6.163455830804895e-06,6.163455830804895e-06,5.983206632935529e-06,5.983206632935529e-06,6.343705028674261e-06,6.343705028674261e-06,0.3745650253585577,0.011736353960394184,3.1288429102666667e-06,3.1288429102666667e-06,0.38876299635277156,1.6763005780346822,/Users/emryspeets/Desktop/gp_mods/hps-gpr-emrys-validation_workflow/study_results/v4p9p13_calibration_20260905/derived/individual_2021_10pct/m190/result.json,256,500,2543.714244083511,eigenfeature_rtol_1e-15,-0.8506933182665406,stress,gp,1.0,0.0,0.2825445484238063,stress,gp,0.3745650253585577,-0.9819898586311262,True
individual_2021_10pct,2021 10%,2021,191,34,1.0,918334546.5435004,3.146690384086126e-06,2.7375746313164695e-06,3.146690384086126e-06,2.7375746313164695e-06,0.8699853805640705,0.5,-0.6931471805599453,0.0,0.5,-0.6931471805599453,0.0,-0.10550204864955973,-167.6504458377123,1589.0330476798504,-1.8255922797277768e-07,2.8469293130207414e-06,4.552460917740728e-06,2.8469293130207414e-06,4.552460917740728e-06,0.6253605169736637,0.10000000000017521,False,True,True,False,2.220446049250313e-16,-9.429262926019533e-13,True,completed_point,resolved,bounded_atom,3.480682084884118e-06,3.480682084884118e-06,3.355152632910508e-06,3.355152632910508e-06,3.6062115368577282e-06,3.6062115368577282e-06,1.0,0.0,3.146956736453872e-06,3.146956736453872e-06,0.5,resolved,bounded_atom,5.83716871378082e-06,5.83716871378082e-06,5.6557955842272905e-06,5.6557955842272905e-06,6.018541843334347e-06,6.018541843334347e-06,1.0,0.0,2.7375746313164695e-06,2.7375746313164695e-06,0.5,1.677018633540373,/Users/emryspeets/Desktop/gp_mods/hps-gpr-emrys-validation_workflow/study_results/v4p9p13_calibration_20260905/derived/individual_2021_10pct/m191/result.json,256,500,2541.261598278076,eigenfeature_rtol_1e-15,-1.0279698309611978,stress,gp,1.0,0.0,-0.10550204864955973,stress,gp,1.0,0.0,True
individual_2021_10pct,2021 10%,2021,192,34,1.0,897234142.8211486,3.0346978065075724e-06,1.9708027969165115e-06,3.0346978065075724e-06,1.9708027969165115e-06,0.649423080179629,0.5,-0.6931471805599453,0.0,0.5,-0.6931471805599453,0.0,-1.0593288304486133,-1664.4223233106275,1570.8049173153133,-1.8550590574688008e-06,2.8815779284906973e-06,4.602299031459528e-06,2.8815779284906973e-06,4.602299031459528e-06,0.6261170577559934,0.09999999999996374,False,True,True,False,0.0,0.0,True,completed_point,resolved,bounded_atom,3.2127987604763185e-06,3.2127987604763185e-06,3.094951843780881e-06,3.094951843780881e-06,3.3306456771717558e-06,3.3306456771717558e-06,1.0,0.0,3.0349057386139826e-06,3.0349057386139826e-06,0.5,resolved,bounded_atom,4.698991384370125e-06,4.698991384370125e-06,4.547380692868837e-06,4.547380692868837e-06,4.850602075871414e-06,4.850602075871414e-06,1.0,0.0,1.9708027969165115e-06,1.9708027969165115e-06,0.5,1.4625850340136053,/Users/emryspeets/Desktop/gp_mods/hps-gpr-emrys-validation_workflow/study_results/v4p9p13_calibration_20260905/derived/individual_2021_10pct/m192/result.json,256,500,2510.0475575839505,eigenfeature_rtol_1e-15,-1.1680308450324128,stress,gp,1.0,0.0,-1.0593288304486133,stress,gp,1.0,0.0,True
individual_2021_10pct,2021 10%,2021,193,34,1.0,877305893.5259036,3.0720036234424384e-06,1.6792614440502787e-06,3.0720036234424384e-06,1.6792614440502787e-06,0.5466339398937704,0.5,-0.6931471805599453,0.0,0.5,-0.6931471805599453,0.0,-1.5882560397521317,-2468.3193988282706,1553.5077068225396,-2.813521962001262e-06,2.9153019724237056e-06,4.656753927810594e-06,2.9153019724237056e-06,4.656753927810594e-06,0.6260373680071938,0.0999999999550916,False,True,True,False,-1.1102230246251565e-16,0.0,True,completed_point,resolved,bounded_atom,3.2950360275638454e-06,3.2950360275638454e-06,3.1753332036747843e-06,3.1753332036747843e-06,3.4147388514529057e-06,3.4147388514529057e-06,1.0,0.0,3.0722527725003673e-06,3.0722527725003673e-06,0.5,resolved,bounded_atom,4.223838129293251e-06,4.223838129293251e-06,4.078119265061688e-06,4.078119265061688e-06,4.369556993524815e-06,4.369556993524815e-06,1.0,0.0,1.6792614440502787e-06,1.6792614440502787e-06,0.5,1.2818791946308723,/Users/emryspeets/Desktop/gp_mods/hps-gpr-emrys-validation_workflow/study_results/v4p9p13_calibration_20260905/derived/individual_2021_10pct/m193/result.json,256,500,2483.332747478716,eigenfeature_rtol_1e-15,-1.1664308437336732,stress,gp,1.0,0.0,-1.5882560397521317,stress,gp,1.0,0.0,True
individual_2021_10pct,2021 10%,2021,194,35,1.0,860915631.3573914,3.273296131659548e-06,1.712360930671475e-06,3.273296131659548e-06,1.712360930671475e-06,0.5231304659879077,0.5,-0.6931471805599453,0.0,0.5,-0.6931471805599453,0.0,-1.5628791657180476,-2411.3125055173537,1542.274632256893,-2.8008696992938523e-06,2.9494549766900037e-06,4.738313398676177e-06,2.9494549766900037e-06,4.738313398676177e-06,0.6224693743377218,0.09999999996423667,False,True,True,False,0.0,0.0,True,completed_point,resolved,bounded_atom,3.442754547729592e-06,3.442754547729592e-06,3.3202815762904424e-06,3.3202815762904424e-06,3.5652275191687423e-06,3.5652275191687423e-06,1.0,0.0,3.2736731074464703e-06,3.2736731074464703e-06,0.5,resolved,bounded_atom,4.207811113891725e-06,4.207811113891725e-06,4.066994915908489e-06,4.066994915908489e-06,4.348627311874959e-06,4.348627311874959e-06,1.0,0.0,1.712360930671475e-06,1.712360930671475e-06,0.5,1.2222222222222225,/Users/emryspeets/Desktop/gp_mods/hps-gpr-emrys-validation_workflow/study_results/v4p9p13_calibration_20260905/derived/individual_2021_10pct/m194/result.json,256,500,2479.6203545659837,eigenfeature_rtol_1e-15,-1.0289915202977242,stress,gp,1.0,0.0,-1.5628791657180476,stress,gp,1.0,0.0,True
individual_2021_10pct,2021 10%,2021,195,35,1.0,841494862.5352129,3.512925121479368e-06,1.5986160608700717e-06,3.512925121479368e-06,1.5986160608700717e-06,0.4550669329942507,0.4999655646006563,-0.6932160537303352,8.631674575031098e-05,0.5,-0.6931471805599453,0.0,-1.826325745904724,-2786.490027302919,1525.0454937080408,-3.311357147098823e-06,2.9843718054068556e-06,4.79986753341235e-06,2.9843718054068556e-06,4.79986753341235e-06,0.6217612850005442,0.100000000000026,False,True,True,False,-2.220446049250313e-16,-3.885780586188048e-14,True,completed_point,resolved,bounded_atom,3.6698244025505136e-06,3.6698244025505136e-06,3.5436115921781945e-06,3.5436115921781945e-06,3.7960372129228327e-06,3.7960372129228327e-06,1.0,0.0,3.51362128497638e-06,3.51362128497638e-06,0.5,resolved,bounded_atom,4.0801153295437385e-06,4.0801153295437385e-06,3.937117678653511e-06,3.937117678653511e-06,4.230378731635552e-06,4.230378731635552e-06,1.0,0.0,1.5986160608700717e-06,1.5986160608700717e-06,0.5,1.1118012422360248,/Users/emryspeets/Desktop/gp_mods/hps-gpr-emrys-validation_workflow/study_results/v4p9p13_calibration_20260905/derived/individual_2021_10pct/m195/result.json,256,500,2455.1659179349977,eigenfeature_rtol_1e-15,-0.8602468331819909,gp,gp,1.0,0.0,-1.826325745904724,gp,gp,1.0,0.0,True
individual_2021_10pct,2021 10%,2021,196,36,1.0,825752495.0468186,3.794548785354163e-06,1.4406828883142249e-06,3.794548785354163e-06,1.4406828883142249e-06,0.3796717264183913,0.5,-0.6931471805599453,0.0,0.5,-0.6931471805599453,0.0,-2.2273556929026204,-3373.0658791056135,1513.5377139459545,-4.08483885830023e-06,3.01907995031795e-06,4.879515246422952e-06,3.01907995031795e-06,4.879515246422952e-06,0.6187253851765624,0.10000000000000912,False,True,True,False,-1.1102230246251565e-16,0.0,True,completed_point,resolved,bounded_atom,3.869755600424931e-06,3.869755600424931e-06,3.742455917658211e-06,3.742455917658211e-06,3.9970552831916504e-06,3.9970552831916504e-06,1.0,0.0,3.7950393949182308e-06,3.7950393949182308e-06,0.5,resolved,bounded_atom,3.869755600424931e-06,3.869755600424931e-06,3.718686400785226e-06,3.718686400785226e-06,4.020824800064635e-06,4.020824800064635e-06,1.0,0.0,1.4406828883142249e-06,1.4406828883142249e-06,0.5,1.0,/Users/emryspeets/Desktop/gp_mods/hps-gpr-emrys-validation_workflow/study_results/v4p9p13_calibration_20260905/derived/individual_2021_10pct/m196/result.json,256,500,2449.215112639836,eigenfeature_rtol_1e-15,-0.6871914523676325,stress,gp,1.0,0.0,-2.2273556929026204,stress,gp,1.0,0.0,True
individual_2021_10pct,2021 10%,2021,197,35,1.0,803696549.6418138,4.187555717763499e-06,1.8317713028011823e-06,4.187555717763499e-06,1.8317713028011823e-06,0.43743210270154914,0.5,-0.6931471805599453,0.0,0.5,-0.6931471805599453,0.0,-1.4601055495050825,-2177.9207117603787,1491.067789007309,-2.7098793851124785e-06,3.0550820511637217e-06,4.928085803085541e-06,3.0550820511637217e-06,4.928085803085541e-06,0.6199328041835014,0.09999999998794167,False,True,True,False,-1.1102230246251565e-16,-2.220446049250313e-16,True,completed_point,resolved,bounded_atom,4.235900587098113e-06,4.235900587098113e-06,4.105949944451127e-06,4.105949944451127e-06,4.365851229745098e-06,4.365851229745098e-06,1.0,0.0,4.187318569485353e-06,4.187318569485353e-06,0.5,resolved,bounded_atom,4.282706118447262e-06,4.282706118447262e-06,4.131731150683008e-06,4.131731150683008e-06,4.439932888266029e-06,4.439932888266029e-06,1.0,0.0,1.8317713028011823e-06,1.8317713028011823e-06,0.5,1.0110497237569058,/Users/emryspeets/Desktop/gp_mods/hps-gpr-emrys-validation_workflow/study_results/v4p9p13_calibration_20260905/derived/individual_2021_10pct/m197/result.json,256,500,2407.516419165692,eigenfeature_rtol_1e-15,-0.4408983191314492,stress,gp,1.0,0.0,-1.4601055495050825,gp,gp,1.0,0.0,True
individual_2021_10pct,2021 10%,2021,198,36,1.0,788551324.1823001,4.67807504381858e-06,2.5373117057298432e-06,4.67807504381858e-06,2.5373117057298432e-06,0.5423837116684447,0.5,-0.6931471805599453,0.0,0.5,-0.6931471805599453,0.0,-0.5357590582406329,-793.1337713155632,1480.1900084261656,-1.005811222418547e-06,3.0899081161528404e-06,5.011476226360674e-06,3.0899081161528404e-06,5.011476226360674e-06,0.6165664519966657,0.0999999999999859,False,True,True,False,2.220446049250313e-16,0.0,True,completed_point,resolved,bounded_atom,4.688360971251478e-06,4.688360971251478e-06,4.545233839564031e-06,4.545233839564031e-06,4.831488102938924e-06,4.831488102938924e-06,1.0,0.0,4.6785029669965e-06,4.6785029669965e-06,0.5,resolved,bounded_atom,5.069141557749059e-06,5.069141557749059e-06,4.903191874943024e-06,4.903191874943024e-06,5.235687015808097e-06,5.235687015808097e-06,1.0,0.0,2.5373117057298432e-06,2.5373117057298432e-06,0.5,1.081218274111675,/Users/emryspeets/Desktop/gp_mods/hps-gpr-emrys-validation_workflow/study_results/v4p9p13_calibration_20260905/derived/individual_2021_10pct/m198/result.json,256,500,2402.120285644649,eigenfeature_rtol_1e-15,-0.18449142763770435,gp,gp,1.0,0.0,-0.5357590582406329,gp,gp,1.0,0.0,True
individual_2021_10pct,2021 10%,2021,199,36,1.0,770459403.0038491,5.292319114462122e-06,3.9775863628292886e-06,5.292319114462122e-06,3.9775863628292886e-06,0.7515771964619229,0.454776617130724,-0.787948931948312,0.1136020852537243,0.2586795160218377,-1.352165373358651,0.647421736043362,0.647421736043362,947.5186720831191,1463.7708381248874,1.2298099917905543e-06,3.125733603121911e-06,5.0735049082949905e-06,3.125733603121911e-06,5.0735049082949905e-06,0.6160895987331073,0.10000000000000335,False,True,True,False,0.0,0.0,True,completed_point,resolved,resolved,5.324621119226927e-06,5.324621119226927e-06,5.17047163221749e-06,5.17047163221749e-06,5.4787706062363614e-06,5.4787706062363614e-06,0.5111849713039761,0.012357898369691101,5.292967112883988e-06,5.292967112883988e-06,0.4547744380885038,resolved,resolved,6.89068615429367e-06,6.89068615429367e-06,6.672527807587757e-06,6.672527807587757e-06,7.108844500999582e-06,7.108844500999582e-06,0.41416907141797965,0.011653942287486624,3.9775863628292886e-06,3.9775863628292886e-06,0.2586795160218377,1.2941176470588236,/Users/emryspeets/Desktop/gp_mods/hps-gpr-emrys-validation_workflow/study_results/v4p9p13_calibration_20260905/derived/individual_2021_10pct/m199/result.json,256,500,2376.0532322121353,eigenfeature_rtol_1e-15,0.11360758266329456,gp,stress,0.5111849713039761,-0.6710237752086036,0.647421736043362,gp,stress,0.41416907141797965,-0.8814810034557243,True
individual_2021_10pct,2021 10%,2021,200,36,1.0,752852539.1289496,5.576546521686897e-06,3.2286811480832836e-06,5.576546521686897e-06,3.2286811480832836e-06,0.5789750225389696,0.4127902864932881,-0.8848155958734009,0.2203731264066109,0.4781410405969974,-0.7378495260030508,0.05481973072282111,0.05481973072282111,79.33578665544948,1447.232968970856,1.0538024716930753e-07,3.163415328091644e-06,5.136962188299945e-06,3.163415328091644e-06,5.136962188299945e-06,0.61581440784141,0.10000000000084797,False,True,True,False,0.0,1.3877787807814457e-17,True,completed_point,resolved,resolved,5.439999759982548e-06,5.439999759982548e-06,5.2906302005160125e-06,5.2906302005160125e-06,5.591790698652353e-06,5.591790698652353e-06,0.47308505341347806,0.012435233973877228,5.577443268978813e-06,5.577443268978813e-06,0.41279028484235286,resolved,resolved,5.879102879622395e-06,5.879102879622395e-06,5.699328605202014e-06,5.699328605202014e-06,6.058877154042775e-06,6.058877154042775e-06,0.5410486401282714,0.013119783193045322,3.2286811480832836e-06,3.2286811480832836e-06,0.4781410405969974,1.0807174887892377,/Users/emryspeets/Desktop/gp_mods/hps-gpr-emrys-validation_workflow/study_results/v4p9p13_calibration_20260905/derived/individual_2021_10pct/m200/result.json,256,500,2350.7903897621454,eigenfeature_rtol_1e-15,0.22037313064660818,gp,stress,0.47308505341347806,-0.7484800897135184,0.05481973072282111,gp,stress,0.5410486401282714,-0.6142460963614622,True
individual_2021_10pct,2021 10%,2021,201,36,1.0,735906387.080284,5.908629402981996e-06,3.408104872090482e-06,5.908629402981996e-06,3.408104872090482e-06,0.5768012578975529,0.3676240794874232,-1.000694386055558,0.3381526460292489,0.43300785764998384,-0.8369994041466495,0.16872148902921064,0.16872148902921064,241.4518308469014,1431.1311148289988,3.281012844648135e-07,3.199967111966073e-06,5.207862503000966e-06,3.199967111966073e-06,5.207862503000966e-06,0.6144492313539637,0.10000000000008631,False,True,True,False,4.440892098500626e-16,2.7755575615628914e-17,True,completed_point,resolved,resolved,5.762387363577158e-06,5.762387363577158e-06,5.610374337903596e-06,5.610374337903596e-06,5.914400389250719e-06,5.914400389250719e-06,0.43707734256895475,0.012233034918960016,5.909306791402243e-06,5.909306791402243e-06,0.3676303786598477,resolved,resolved,6.158087783393614e-06,6.158087783393614e-06,5.968779309706864e-06,5.968779309706864e-06,6.347396257080366e-06,6.347396257080366e-06,0.5486957239927979,0.013549756560541594,3.408104872090482e-06,3.408104872090482e-06,0.43300785764998384,1.0686695278969955,/Users/emryspeets/Desktop/gp_mods/hps-gpr-emrys-validation_workflow/study_results/v4p9p13_calibration_20260905/derived/individual_2021_10pct/m201/result.json,256,500,2329.587730506245,eigenfeature_rtol_1e-15,0.3381359273338859,gp,stress,0.43707734256895475,-0.8276451142629452,0.16872148902921064,gp,stress,0.5486957239927979,-0.600211227925889,True
individual_2021_10pct,2021 10%,2021,202,37,1.0,722279494.1800143,6.26832555534087e-06,3.0353549577393058e-06,6.26832555534087e-06,3.0353549577393058e-06,0.48423696742315164,0.3244954857572257,-1.1254836543146467,0.4551643977432848,0.5,-0.6931471805599453,0.0,-0.1722949208005356,-244.72237216657882,1420.3038713655324,-3.3881949319965946e-07,3.2360716255253532e-06,5.289143341960529e-06,3.2360716255253532e-06,5.289143341960529e-06,0.6118328463236236,0.10000000000004564,False,True,True,False,0.0,0.0,True,completed_point,resolved,resolved,6.0532625389550605e-06,6.0532625389550605e-06,5.895651486699751e-06,5.895651486699751e-06,6.21087359121037e-06,6.21087359121037e-06,0.41237776274322724,0.012016931284052927,6.269189499358254e-06,6.269189499358254e-06,0.32449645912578295,resolved,bounded_atom,5.7016207317128575e-06,5.7016207317128575e-06,5.511430552303733e-06,5.511430552303733e-06,5.891810911121983e-06,5.891810911121983e-06,1.0,0.0,3.0353549577393058e-06,3.0353549577393058e-06,0.5,0.941908713692946,/Users/emryspeets/Desktop/gp_mods/hps-gpr-emrys-validation_workflow/study_results/v4p9p13_calibration_20260905/derived/individual_2021_10pct/m202/result.json,256,500,2322.13638095949,eigenfeature_rtol_1e-15,0.4551616915776239,gp,stress,0.41237776274322724,-0.8858154498663163,-0.1722949208005356,gp,gp,1.0,0.0,True
individual_2021_10pct,2021 10%,2021,203,37,1.0,705382756.8364741,7.067546949963339e-06,6.1564542032094325e-06,7.067546949963339e-06,6.1564542032094325e-06,0.871087839500149,0.2268376813507007,-1.4835205774072373,0.7493017343620685,0.03675003428842289,-3.303616120305417,1.7897129555832563,1.7897129555832563,2512.324513313001,1404.4346628446722,3.56164718936477e-06,3.2735879396878143e-06,5.348930654454126e-06,3.2735879396878143e-06,5.348930654454126e-06,0.6120079229222861,0.09999999999946871,False,True,True,False,-3.7414515929867775e-14,2.9976021664879227e-14,True,completed_point,resolved,resolved,7.061515053734361e-06,7.061515053734361e-06,6.859586250373166e-06,6.859586250373166e-06,7.263443857095558e-06,7.263443857095558e-06,0.315969818655181,0.008944108952047001,7.06812413752174e-06,7.06812413752174e-06,0.22683761714504602,resolved,resolved,8.788792117237731e-06,8.788792117237731e-06,8.554607454911016e-06,8.554607454911016e-06,9.022976779564446e-06,9.022976779564446e-06,0.2701140359886317,0.008643673522575338,6.1564542032094325e-06,6.1564542032094325e-06,0.03675003428842289,1.2446043165467628,/Users/emryspeets/Desktop/gp_mods/hps-gpr-emrys-validation_workflow/study_results/v4p9p13_calibration_20260905/derived/individual_2021_10pct/m203/result.json,256,500,2293.442742351842,eigenfeature_rtol_1e-15,0.7493019474609829,gp,stress,0.315969818655181,-1.1521085805415217,1.7897129555832563,gp,stress,0.2701140359886317,-1.3089110536372954,True
individual_2021_10pct,2021 10%,2021,204,37,1.0,689057771.4103658,7.577166658936389e-06,6.9706923537375155e-06,7.577166658936389e-06,6.9706923537375155e-06,0.9199602790201786,0.1810041850033598,-1.709235126418087,0.9115448415665508,0.015023095174771064,-4.198166583651263,2.169480933574427,2.169480933574427,3010.942901565162,1388.6827605879057,4.369652337571571e-06,3.3130120280858446e-06,5.407560461581997e-06,3.3130120280858446e-06,5.407560461581997e-06,0.6126629654209383,0.09999999999975347,False,True,True,False,0.0,0.0,True,completed_point,resolved,resolved,7.447054022732982e-06,7.447054022732982e-06,7.238463705733737e-06,7.238463705733737e-06,7.655644339732227e-06,7.655644339732227e-06,0.2646576986486871,0.007864866138379802,7.5778599958346906e-06,7.5778599958346906e-06,0.18100410345624862,resolved,resolved,9.501413753142082e-06,9.501413753142082e-06,9.260131093791988e-06,9.260131093791988e-06,9.742696412492175e-06,9.742696412492175e-06,0.20061309209691916,0.007035646332815849,6.9706923537375155e-06,6.9706923537375155e-06,0.015023095174771064,1.2758620689655173,/Users/emryspeets/Desktop/gp_mods/hps-gpr-emrys-validation_workflow/study_results/v4p9p13_calibration_20260905/derived/individual_2021_10pct/m204/result.json,256,500,2264.9160600174296,eigenfeature_rtol_1e-15,0.9115451512580313,gp,stress,0.2646576986486871,-1.3293179911761086,2.169480933574427,gp,stress,0.20061309209691916,-1.6063771408934249,True
individual_2021_10pct,2021 10%,2021,205,37,1.0,673332421.947767,8.300804061242706e-06,8.874762636859783e-06,8.300804061242706e-06,8.874762636859783e-06,1.0691449372111972,0.1276745556433507,-2.058270786827694,1.1374526424034097,0.0010624988012144926,-6.847131785435051,3.0721825014590265,3.0721825014590265,4214.611733256115,1373.021887591598,6.259332828596599e-06,3.350824884541171e-06,5.468559458805701e-06,3.350824884541171e-06,5.468559458805701e-06,0.6127436137035199,0.09999999999988478,False,True,True,False,-8.215650382226158e-15,0.0,True,completed_point,resolved,resolved,8.25817627178222e-06,8.25817627178222e-06,8.035918982533436e-06,8.035918982533436e-06,8.480433561031003e-06,8.480433561031003e-06,0.21059817134235947,0.006641475739768211,8.301232694337607e-06,8.301232694337607e-06,0.12767444414375823,resolved,resolved,1.1478345635621828e-05,1.1478345635621828e-05,1.1229605014697963e-05,1.1229605014697963e-05,1.1727086256545692e-05,1.1727086256545692e-05,0.09774842424762228,0.004030134121255245,8.874762636859783e-06,8.874762636859783e-06,0.0010624988012144926,1.3899371069182391,/Users/emryspeets/Desktop/gp_mods/hps-gpr-emrys-validation_workflow/study_results/v4p9p13_calibration_20260905/derived/individual_2021_10pct/m205/result.json,256,500,2238.1878057663207,eigenfeature_rtol_1e-15,1.13745317611683,gp,stress,0.21059817134235947,-1.557803362404673,3.0721825014590265,gp,stress,0.09774842424762228,-2.3253582004755224,True
individual_2021_10pct,2021 10%,2021,206,38,1.0,660271794.4152541,8.699228259363099e-06,8.126601713809487e-06,8.699228259363099e-06,8.126601713809487e-06,0.9341750177738712,0.109656651854508,-2.2104011415304545,1.2283561433214507,0.003947064447090425,-5.53478315431453,2.656564753065783,2.656564753065783,3616.259005051126,1362.258894122038,5.476924859790104e-06,3.3911133324257295e-06,5.5569114212943574e-06,3.3911133324257295e-06,5.5569114212943574e-06,0.6102514644071555,0.0999999999998445,False,True,True,False,0.0,0.0,True,completed_point,resolved,resolved,8.497154640111057e-06,8.497154640111057e-06,8.282171158489484e-06,8.282171158489484e-06,8.71213812173263e-06,8.71213812173263e-06,0.18465374948462357,0.0063416353057706085,8.70171401323489e-06,8.70171401323489e-06,0.10977936339682948,resolved,resolved,1.0608248960635543e-05,1.0608248960635543e-05,1.03495662952843e-05,1.03495662952843e-05,1.0866931625986788e-05,1.0866931625986788e-05,0.14998219422346562,0.005680374916901606,8.126601713809487e-06,8.126601713809487e-06,0.003947064447090425,1.2484472049689441,/Users/emryspeets/Desktop/gp_mods/hps-gpr-emrys-validation_workflow/study_results/v4p9p13_calibration_20260905/derived/individual_2021_10pct/m206/result.json,256,500,2230.2336563080867,eigenfeature_rtol_1e-15,1.2277023424340543,gp,stress,0.18465374948462357,-1.6892728319887056,2.656564753065783,gp,stress,0.14998219422346562,-1.8972386971087942,True
individual_2021_10pct,2021 10%,2021,207,37,1.0,642245002.7787073,9.024392982144168e-06,7.84129978043737e-06,9.024392982144168e-06,7.84129978043737e-06,0.8689005228332046,0.0944167107291958,-2.3600372010605546,1.3140379858055025,0.006763493288525101,-4.996215763743479,2.469585031848323,2.469585031848323,3310.8876203565624,1341.5963807605108,5.155178484895687e-06,3.4338515046961977e-06,5.597943571520672e-06,3.4338515046961977e-06,5.597943571520672e-06,0.6134130258414515,0.09999999999980577,False,True,True,False,-9.992007221626409e-15,0.0,True,completed_point,resolved,resolved,9.09152607867896e-06,9.09152607867896e-06,8.873122982923051e-06,8.873122982923051e-06,9.309929174434868e-06,9.309929174434868e-06,0.16884485740209873,0.005798728730341139,9.026391308283148e-06,9.026391308283148e-06,0.09444100506171227,resolved,resolved,1.0367529738844427e-05,1.0367529738844427e-05,1.0130476692442028e-05,1.0130476692442028e-05,1.0604582785246828e-05,1.0604582785246828e-05,0.16981016886345432,0.006138369088590731,7.84129978043737e-06,7.84129978043737e-06,0.006763493288525101,1.1403508771929824,/Users/emryspeets/Desktop/gp_mods/hps-gpr-emrys-validation_workflow/study_results/v4p9p13_calibration_20260905/derived/individual_2021_10pct/m207/result.json,256,500,2185.3519313829643,eigenfeature_rtol_1e-15,1.3138936078310193,gp,stress,0.16884485740209873,-1.778774989220243,2.469585031848323,gp,stress,0.16981016886345432,-1.7730741195985675,True
individual_2021_10pct,2021 10%,2021,208,38,1.0,629574947.4352342,9.469836723266198e-06,8.58864539615931e-06,9.469836723266198e-06,8.58864539615931e-06,0.9069475691231389,0.079025419028622,-2.5379857184127426,1.4116574826691486,0.0027151111015388312,-5.908922405056393,2.7803387408633453,2.7803387408633453,3698.4270279237608,1331.257805307936,5.87448252664823e-06,3.475532951021991e-06,5.686190274497307e-06,3.475532951021991e-06,5.686190274497307e-06,0.6112234700639257,0.09999999999984899,False,True,True,False,1.3100631690576847e-14,-1.1546319456101628e-14,True,completed_point,resolved,resolved,9.558873767761231e-06,9.558873767761231e-06,9.340225640955915e-06,9.340225640955915e-06,9.777521894566547e-06,9.777521894566547e-06,0.142593089192264,0.005051436545474832,9.469835339074246e-06,9.469835339074246e-06,0.0792418314554959,resolved,resolved,1.10710119909099e-05,1.10710119909099e-05,1.0823170336010423e-05,1.0823170336010423e-05,1.131885364580938e-05,1.131885364580938e-05,0.15422890655710422,0.005690082516024212,8.58864539615931e-06,8.58864539615931e-06,0.0027151111015388312,1.1581920903954803,/Users/emryspeets/Desktop/gp_mods/hps-gpr-emrys-validation_workflow/study_results/v4p9p13_calibration_20260905/derived/individual_2021_10pct/m208/result.json,256,500,2176.0099253797302,eigenfeature_rtol_1e-15,1.4101897455228474,gp,stress,0.142593089192264,-1.9477602350636545,2.7803387408633453,gp,stress,0.15422890655710422,-1.8693173739617919,True
individual_2021_10pct,2021 10%,2021,209,38,1.0,614551809.2905477,9.583646131832987e-06,8.62683624001382e-06,9.583646131832987e-06,8.62683624001382e-06,0.9001622264994705,0.07949096023085,-2.5321119715751217,1.4085038746212433,0.003002335443876664,-5.808364811881197,2.7475262125882245,2.7475262125882245,3612.4413876590183,1315.8348427330923,5.878172243653958e-06,3.5193480771759327e-06,5.757961684017284e-06,3.5193480771759327e-06,5.757961684017284e-06,0.6112142230721674,0.0999999999998588,False,True,True,False,-7.216449660063518e-15,0.0,True,completed_point,resolved,resolved,9.351385005900302e-06,9.351385005900302e-06,9.130507483008333e-06,9.130507483008333e-06,9.572262528792268e-06,9.572262528792268e-06,0.14402940613402632,0.005075039518669948,9.58364493206877e-06,9.58364493206877e-06,0.07949095353938429,resolved,resolved,1.0882605942538948e-05,1.0882605942538948e-05,1.0616772352668293e-05,1.0616772352668293e-05,1.1148439532409603e-05,1.1148439532409603e-05,0.1371097409638951,0.005231853779697072,8.62683624001382e-06,8.62683624001382e-06,0.003002335443876664,1.1637426900584795,/Users/emryspeets/Desktop/gp_mods/hps-gpr-emrys-validation_workflow/study_results/v4p9p13_calibration_20260905/derived/individual_2021_10pct/m209/result.json,256,500,2150.8905075082216,eigenfeature_rtol_1e-15,1.4085039198490954,gp,stress,0.14402940613402632,-1.9377377909899385,2.7475262125882245,gp,stress,0.1371097409638951,-1.9869736448729243,True
individual_2021_10pct,2021 10%,2021,210,39,1.0,602402635.5236312,9.415899498690109e-06,7.537904116133337e-06,9.415899498690109e-06,7.537904116133337e-06,0.800550613054225,0.0956732496064101,-2.3468165430411783,1.3066061725265412,0.014259612655757778,-4.250324027355246,2.19006910687753,2.19006910687753,2856.779823854739,1305.2530745891638,4.7423096370943286e-06,3.5624211787592875e-06,5.8545877726594456e-06,3.5624211787592875e-06,5.8545877726594456e-06,0.608483691267824,0.09999999999978135,False,True,True,False,-2.886579864025407e-15,0.0,True,completed_point,resolved,resolved,9.174691455705053e-06,9.174691455705053e-06,8.94498712500479e-06,8.94498712500479e-06,9.404395786405316e-06,9.404395786405316e-06,0.16999742739805643,0.005774605027114004,9.415896346152279e-06,9.415896346152279e-06,0.09567292713199876,resolved,resolved,1.0064358505955241e-05,1.0064358505955241e-05,9.797995816629814e-06,9.797995816629814e-06,1.0330721195280666e-05,1.0330721195280666e-05,0.2566290344130558,0.00798731431757491,7.537904116133337e-06,7.537904116133337e-06,0.014259612655757778,1.0969696969696972,/Users/emryspeets/Desktop/gp_mods/hps-gpr-emrys-validation_workflow/study_results/v4p9p13_calibration_20260905/derived/individual_2021_10pct/m210/result.json,256,500,2143.75110323699,eigenfeature_rtol_1e-15,1.3066080705596186,gp,stress,0.16999742739805643,-1.7719719749989888,2.19006910687753,gp,stress,0.2566290344130558,-1.3601236827220708,True
individual_2021_10pct,2021 10%,2021,211,38,1.0,585980878.1281149,8.789028134371958e-06,4.942857357129326e-06,8.789028134371958e-06,4.942857357129326e-06,0.5623895249349466,0.1403636692320731,-1.9635185870294898,1.078686875284404,0.19781525137337863,-1.620421757743827,0.8494507880667421,0.8494507880667421,1091.5167748909887,1285.2878615909444,1.8627173951098569e-06,3.6085969483772935e-06,5.913471781811642e-06,3.6085969483772935e-06,5.913471781811642e-06,0.610233223649842,0.09999999999999128,False,True,True,False,2.220446049250313e-16,0.0,True,completed_point,resolved,resolved,8.592972614407456e-06,8.592972614407456e-06,8.379416774839535e-06,8.379416774839535e-06,8.80652845397538e-06,8.80652845397538e-06,0.21289830076137053,0.007539613545793776,8.789540733809095e-06,8.789540733809095e-06,0.14036398399035,resolved,resolved,7.694361099175304e-06,7.694361099175304e-06,7.445303134317601e-06,7.445303134317601e-06,7.943419064033007e-06,7.943419064033007e-06,0.4850658690192649,0.01233330962097636,4.942857357129326e-06,4.942857357129326e-06,0.19781525137337863,0.8954248366013071,/Users/emryspeets/Desktop/gp_mods/hps-gpr-emrys-validation_workflow/study_results/v4p9p13_calibration_20260905/derived/individual_2021_10pct/m211/result.json,256,500,2106.27665916709,eigenfeature_rtol_1e-15,1.0786854636189938,gp,stress,0.21289830076137053,-1.5469406885078354,0.8494507880667421,gp,stress,0.4850658690192649,-0.7234705848554689,True
individual_2021_10pct,2021 10%,2021,212,39,1.1200730784532995,574382013.8403323,8.34077054529259e-06,4.646109414223539e-06,9.342272541338477e-06,5.203982074420215e-06,0.5570359943357673,0.1881264023111733,-1.6706411893610074,0.8848216984308367,0.25898435732404274,-1.350987615538805,0.646479738653679,0.646479738653679,824.1335434179648,1275.0461182585452,1.4348178103763863e-06,3.6524278840828207e-06,6.012104379518462e-06,4.090986143953316e-06,6.733996260349808e-06,0.6075123872642013,0.10000000000001356,False,True,True,False,-1.1102230246251565e-14,6.59472476627343e-14,True,completed_point,resolved,resolved,8.992914260105453e-06,8.02886385995787e-06,8.86481427568423e-06,7.91449633619048e-06,9.121014244526673e-06,8.14323138372526e-06,0.27672573836524417,0.005282356899986542,9.342271960414519e-06,8.340770026644325e-06,0.18813990265333663,resolved,resolved,8.386251834646883e-06,7.487236320533116e-06,8.238080251372652e-06,7.354948895610057e-06,8.534423417921112e-06,7.6195237454561735e-06,0.5123952046217018,0.007491142148600094,5.203982074420215e-06,4.646109414223539e-06,0.25898435732404274,0.9325399522433059,/Users/emryspeets/Desktop/gp_mods/hps-gpr-emrys-validation_workflow/study_results/v4p9p13_calibration_20260905/chunked_v1/attempt1_remaining_2021_batch001/individual_2021_10pct/m212/result.json,,500,2099.0213007185707,eigenfeature_rtol_1e-15,0.8847716452458904,gp,stress,0.27672573836524417,-1.2847283774865481,0.646479738653679,gp,stress,0.5123952046217018,-0.6686590676651345,True
individual_2021_10pct,2021 10%,2021,213,39,1.1872173917589186,560558109.449337,7.618614302712816e-06,3.344715592190549e-06,9.044951401283902e-06,3.970904521535851e-06,0.43901888969488473,0.2759165882126489,-1.28765667556247,0.5950154008695391,0.5,-0.6931471805599453,0.0,-0.27181804576905283,-342.49273233934736,1259.9047020464163,-6.109852423253573e-07,3.699659160384548e-06,6.104912295458453e-06,4.392299698788734e-06,7.247858052331138e-06,0.6060134824765274,0.09999999999992937,False,True,True,False,-2.220446049250313e-16,-7.843725668976731e-14,True,completed_point,resolved,resolved,8.707814004076339e-06,7.334641544608187e-06,8.496382655338474e-06,7.156551710172205e-06,8.919245352814202e-06,7.512731379044169e-06,0.3810316334801085,0.011715865791078195,9.045852973155118e-06,7.6193737018569615e-06,0.27591646226101907,resolved,bounded_atom,7.399920991606374e-06,6.232995779014862e-06,7.142230033188252e-06,6.015941210738752e-06,7.657611950024494e-06,6.450050347290972e-06,1.0,0.0,3.970904521535851e-06,3.344715592190549e-06,0.5,0.8498023715415018,/Users/emryspeets/Desktop/gp_mods/hps-gpr-emrys-validation_workflow/study_results/v4p9p13_calibration_20260905/derived/individual_2021_10pct/m213/result.json,256,500,2080.1228383793227,eigenfeature_rtol_1e-15,0.5950157777236925,gp,stress,0.3810316334801085,-0.9648728797951823,-0.27181804576905283,gp,gp,1.0,0.0,True
individual_2021_10pct,2021 10%,2021,214,40,1.2348236245618647,549332590.3327785,7.1159838707810926e-06,3.950786994699944e-06,8.786984995641676e-06,4.878525116667262e-06,0.5551989811166173,0.3560471432128274,-1.032692132142357,0.3690448616586972,0.4426465583458083,-0.8149836640692592,0.14426259178014242,0.14426259178014242,180.27432697448404,1249.6808883181843,3.2816972840674943e-07,3.743667769838614e-06,6.200975721563494e-06,4.62276940470755e-06,7.657111316321158e-06,0.6037223717584074,0.10000000000012695,False,True,True,False,-2.1094237467877974e-15,2.7755575615628914e-17,True,completed_point,resolved,resolved,8.399547729311756e-06,6.802224675845549e-06,8.171165875397373e-06,6.617273684164113e-06,8.627929583226137e-06,6.987175667526984e-06,0.46349849729717046,0.012694851925024724,8.788318459024953e-06,7.117063752439293e-06,0.3560624197223368,resolved,resolved,8.835887871094184e-06,7.155586996668694e-06,8.559837475400515e-06,6.9320324823212565e-06,9.111938266787854e-06,7.3791415110161314e-06,0.6120261111662778,0.014023419123787455,4.878525116667262e-06,3.950786994699944e-06,0.4426465583458083,1.051948051948052,/Users/emryspeets/Desktop/gp_mods/hps-gpr-emrys-validation_workflow/study_results/v4p9p13_calibration_20260905/derived/individual_2021_10pct/m214/result.json,256,500,2070.5433495869947,eigenfeature_rtol_1e-15,0.3690038709941369,gp,stress,0.46349849729717046,-0.7689521360587849,0.14426259178014242,gp,stress,0.6120261111662778,-0.4909803320755737,True
individual_2021_10pct,2021 10%,2021,215,39,1.2733310939424936,534110127.96533334,6.235161045137607e-06,3.098827106809666e-06,7.93942443451269e-06,3.945832909852604e-06,0.49699231252835685,0.5,-0.6931471805599453,0.0,0.5,-0.6931471805599453,0.0,-0.5499711315665288,-676.9187707995626,1230.6185691784035,-1.267376773734383e-06,3.792816864330809e-06,6.264885937668545e-06,4.829511646981887e-06,7.977274064436434e-06,0.6054087659483057,0.09999999999992315,False,True,True,False,-1.2545520178264269e-14,1.5509815654013437e-13,True,completed_point,resolved,bounded_atom,7.765786721910509e-06,6.098796109553913e-06,7.5275236883026075e-06,5.911678214812028e-06,8.004049755518407e-06,6.285914004295796e-06,1.0,0.0,7.940554123826814e-06,6.2360482372587275e-06,0.5,resolved,bounded_atom,7.99307804060057e-06,6.277297459101831e-06,7.71561444646819e-06,6.059393729700787e-06,8.270541634732954e-06,6.495201188502877e-06,1.0,0.0,3.945832909852604e-06,3.098827106809666e-06,0.5,1.0292682926829266,/Users/emryspeets/Desktop/gp_mods/hps-gpr-emrys-validation_workflow/study_results/v4p9p13_calibration_20260905/derived/individual_2021_10pct/m215/result.json,256,500,2033.9067445125104,eigenfeature_rtol_1e-15,-0.012161037672084353,gp,gp,1.0,0.0,-0.5499711315665288,gp,gp,1.0,0.0,True
individual_2021_10pct,2021 10%,2021,216,40,1.3062188477028434,523418761.91532975,5.642076468501701e-06,3.2629470434186043e-06,7.36978662333762e-06,4.262122927169649e-06,0.5783237894124299,0.4999655646006563,-0.6932160537303352,8.631674575031098e-05,0.5,-0.6931471805599453,0.0,-0.4404002660149451,-537.6327584586229,1220.61558724145,-1.0271560700103304e-06,3.838410744656606e-06,6.375081315743854e-06,5.013804459895565e-06,8.327251370262863e-06,0.6020959662392533,0.09999999999841555,False,True,True,False,1.4210854715202004e-14,0.0,True,completed_point,resolved,bounded_atom,7.157437505681813e-06,5.47950867365687e-06,6.907346084673948e-06,5.288046560361168e-06,7.407528926689676e-06,5.6709707869525725e-06,1.0,0.0,7.3710224518185155e-06,5.643022579854381e-06,0.5,resolved,bounded_atom,8.50192852884856e-06,6.508808645504016e-06,8.213513590181064e-06,6.288007254393551e-06,8.790343467516058e-06,6.729610036614481e-06,1.0,0.0,4.262122927169649e-06,3.2629470434186043e-06,0.5,1.187845303867403,/Users/emryspeets/Desktop/gp_mods/hps-gpr-emrys-validation_workflow/study_results/v4p9p13_calibration_20260905/derived/individual_2021_10pct/m216/result.json,256,500,2028.2538048139947,eigenfeature_rtol_1e-15,-0.32944775639492263,gp,gp,1.0,0.0,-0.4404002660149451,gp,gp,1.0,0.0,True
individual_2021_10pct,2021 10%,2021,217,41,1.3351689152961974,512587426.4817472,5.146051567686867e-06,3.081354197786228e-06,6.870848089686771e-06,4.114128341901622e-06,0.5987802798430343,0.5,-0.6931471805599453,0.0,0.5,-0.6931471805599453,0.0,-0.6340917518802511,-767.5702682138167,1210.2632115844551,-1.4974426381899346e-06,3.886471188482973e-06,6.50006977591893e-06,5.1890955210567344e-06,8.678691112063275e-06,0.5979122259396874,0.09999999999945428,False,True,True,False,-2.220446049250313e-16,0.0,True,completed_point,resolved,bounded_atom,6.717686940283284e-06,5.0313386293845935e-06,6.47192151882993e-06,4.84726797088006e-06,6.96345236173664e-06,5.2154092878891275e-06,1.0,0.0,6.872280892399343e-06,5.147124692365069e-06,0.5,resolved,bounded_atom,8.778327106014353e-06,6.574694037171279e-06,8.458328332761156e-06,6.335024906481392e-06,9.098325879267552e-06,6.814363167861166e-06,1.0,0.0,4.114128341901622e-06,3.081354197786228e-06,0.5,1.3067484662576687,/Users/emryspeets/Desktop/gp_mods/hps-gpr-emrys-validation_workflow/study_results/v4p9p13_calibration_20260905/derived/individual_2021_10pct/m217/result.json,256,500,2025.227716157605,eigenfeature_rtol_1e-15,-0.6374047087621305,gp,gp,1.0,0.0,-0.6340917518802511,gp,gp,1.0,0.0,True
individual_2021_10pct,2021 10%,2021,218,40,1.361150597663751,498275091.2426299,4.8180387660593665e-06,3.5187371289626244e-06,6.558076345988828e-06,4.789531146109108e-06,0.7303256158398597,0.5,-0.6931471805599453,0.0,0.5,-0.6931471805599453,0.0,-0.3034771463062381,-361.7907532551968,1192.0369591603032,-7.260863719937118e-07,3.937017410366436e-06,6.569588552111569e-06,5.358873601132867e-06,8.942199384111599e-06,0.5992791449779631,0.09999999999999949,False,True,True,False,0.0,0.0,True,completed_point,resolved,bounded_atom,6.581911395271397e-06,4.835549722836287e-06,6.338555231858164e-06,4.656762626220435e-06,6.825267558684632e-06,5.01433681945214e-06,1.0,0.0,6.559107648481284e-06,4.81879643570608e-06,0.5,resolved,bounded_atom,9.72424328720742e-06,7.144134751803289e-06,9.406635820456767e-06,6.910797259761051e-06,1.0041850753958073e-05,7.377472243845526e-06,1.0,0.0,4.789531146109108e-06,3.5187371289626244e-06,0.5,1.4774193548387098,/Users/emryspeets/Desktop/gp_mods/hps-gpr-emrys-validation_workflow/study_results/v4p9p13_calibration_20260905/derived/individual_2021_10pct/m218/result.json,256,500,1989.7261248863172,eigenfeature_rtol_1e-15,-0.855136040482447,gp,gp,1.0,0.0,-0.3034771463062381,gp,gp,1.0,0.0,True
individual_2021_10pct,2021 10%,2021,219,41,1.3847847495500858,487859031.3903201,4.472292907526556e-06,2.7750877551097476e-06,6.193163013863786e-06,3.842899201939161e-06,0.6205067093077623,0.5,-0.6931471805599453,0.0,0.5,-0.6931471805599453,0.0,-1.0085598233630506,-1192.3843928523718,1181.8826957902447,-2.444116673323167e-06,3.9882300057380525e-06,6.704314203664658e-06,5.522840089644107e-06,9.284032065426846e-06,0.5948751631536062,0.09999999996028756,False,True,True,False,2.220446049250313e-16,0.0,True,completed_point,resolved,bounded_atom,6.304480249458434e-06,4.552678856050913e-06,6.053642807827758e-06,4.371540638207184e-06,6.555317691089111e-06,4.733817073894641e-06,1.0,0.0,6.1943061663198175e-06,4.473118416658139e-06,0.5,resolved,bounded_atom,8.949716717762672e-06,6.462893760687659e-06,8.625673088530309e-06,6.228890873713605e-06,9.273760346995036e-06,6.6968966476617144e-06,1.0,0.0,3.842899201939161e-06,2.7750877551097476e-06,0.5,1.4195804195804196,/Users/emryspeets/Desktop/gp_mods/hps-gpr-emrys-validation_workflow/study_results/v4p9p13_calibration_20260905/chunked_v1/attempt1_remaining_2021_batch001/individual_2021_10pct/m219/result.json,,500,1988.08659866333,eigenfeature_rtol_1e-15,-1.1328318253898022,gp,gp,1.0,0.0,-1.0085598233630506,gp,gp,1.0,0.0,True
individual_2021_10pct,2021 10%,2021,220,41,1.4064984490575076,476140135.2464328,4.346298825627309e-06,2.8669731940086264e-06,6.113062557385277e-06,4.032393350862582e-06,0.6596355448695664,0.5,-0.6931471805599453,0.0,0.5,-0.6931471805599453,0.0,-0.9494980027964771,-1109.26332217795,1167.9038485296019,-2.329699263020194e-06,4.037906502516668e-06,6.817316772150395e-06,5.679309233228919e-06,9.588545466763265e-06,0.5923014343432051,0.10000000002584135,False,True,True,False,-8.548717289613705e-15,-2.0539125955565396e-14,True,completed_point,resolved,bounded_atom,5.987627449529282e-06,4.257116283022979e-06,5.773826939448223e-06,4.105107220926731e-06,6.2014279596103405e-06,4.4091253451192264e-06,1.0,0.0,6.113914340135897e-06,4.346904430810301e-06,0.5,resolved,bounded_atom,9.33432416086314e-06,6.636569110416051e-06,8.99182546899535e-06,6.393057507472374e-06,9.676822852730928e-06,6.8800807133597275e-06,1.0,0.0,4.032393350862582e-06,2.8669731940086264e-06,0.5,1.55893536121673,/Users/emryspeets/Desktop/gp_mods/hps-gpr-emrys-validation_workflow/study_results/v4p9p13_calibration_20260905/derived/individual_2021_10pct/m220/result.json,256,500,1973.0337803275218,eigenfeature_rtol_1e-15,-1.269886142929514,stress,gp,1.0,0.0,-0.9494980027964771,gp,gp,1.0,0.0,True
individual_2021_10pct,2021 10%,2021,221,42,1.4266010402773408,466311188.6262018,4.31877682176439e-06,2.7278614764697964e-06,6.1611715066547465e-06,3.891570020064294e-06,0.6316282570386116,0.5,-0.6931471805599453,0.0,0.5,-0.6931471805599453,0.0,-1.1325487802769396,-1311.7432384537044,1157.7930569473708,-2.8130211550750643e-06,4.087791991020947e-06,6.953366978289892e-06,5.8316483068278645e-06,9.91968056465847e-06,0.5878867034896951,0.0999999999999435,False,True,True,False,0.0,0.0,True,completed_point,resolved,bounded_atom,6.1473118375649185e-06,4.309061653543895e-06,5.931305421250415e-06,4.15764832198449e-06,6.385563972810219e-06,4.476068496044852e-06,1.0,0.0,6.162271411018921e-06,4.319547818233004e-06,0.5,resolved,bounded_atom,9.468273404985048e-06,6.636945535343471e-06,9.126815241054032e-06,6.3975946907200606e-06,9.833463304524977e-06,6.892931539299373e-06,1.0,0.0,3.891570020064294e-06,2.7278614764697964e-06,0.5,1.5402298850574714,/Users/emryspeets/Desktop/gp_mods/hps-gpr-emrys-validation_workflow/study_results/v4p9p13_calibration_20260905/derived/individual_2021_10pct/m221/result.json,256,500,1970.8701047933944,eigenfeature_rtol_1e-15,-1.349928941979635,gp,gp,1.0,0.0,-1.1325487802769396,gp,gp,1.0,0.0,True
individual_2021_10pct,2021 10%,2021,222,41,1.4453255359465016,453278320.9710649,4.251425977829511e-06,1.9731451719729807e-06,6.144694529943318e-06,2.8518371031821e-06,0.46411373084292395,0.5,-0.6931471805599453,0.0,0.5,-0.6931471805599453,0.0,-2.235624555773957,-2550.649495750384,1140.0668505395452,-5.6271155661847885e-06,4.1436713015581e-06,7.045170651306944e-06,5.988953944710598e-06,1.0182565047434772e-05,0.588157690799074,0.10000000000000646,False,True,True,False,-2.220446049250313e-16,-1.2434497875801753e-14,True,completed_point,resolved,bounded_atom,6.310198421322054e-06,4.3659357455340945e-06,6.0807654579600075e-06,4.207194370213553e-06,6.5396313846841015e-06,4.524677120854637e-06,1.0,0.0,6.1455822371840805e-06,4.252040169732086e-06,0.5,resolved,bounded_atom,7.881703775291148e-06,5.453237751126877e-06,7.553428029470527e-06,5.226108472873557e-06,8.212010496901071e-06,5.681772232387262e-06,1.0,0.0,2.8518371031821e-06,1.9731451719729807e-06,0.5,1.2490421455938698,/Users/emryspeets/Desktop/gp_mods/hps-gpr-emrys-validation_workflow/study_results/v4p9p13_calibration_20260905/derived/individual_2021_10pct/m222/result.json,256,500,1941.0724528583592,eigenfeature_rtol_1e-15,-1.439251689233102,stress,gp,1.0,0.0,-2.235624555773957,gp,gp,1.0,0.0,True
individual_2021_10pct,2021 10%,2021,223,42,1.462852931500042,443818283.8980641,4.40312814082684e-06,1.785782325758584e-06,6.441128908578873e-06,2.6123369102569074e-06,0.4055712821983058,0.5,-0.6931471805599453,0.0,0.5,-0.6931471805599453,0.0,-2.6566521570517105,-3005.181785053788,1130.1855251716847,-6.7711986956896454e-06,4.196565288849057e-06,7.195991190050014e-06,6.138957835024165e-06,1.0526676807413138e-05,0.5831809931412507,0.0999999999994113,False,True,True,False,8.881784197001252e-16,9.325873406851315e-15,True,completed_point,resolved,bounded_atom,6.492217343966317e-06,4.438051976495719e-06,6.3426393724431475e-06,4.335801115659155e-06,6.717463829865132e-06,4.592029509744971e-06,1.0,0.0,6.444760037156859e-06,4.405610364774167e-06,0.5,resolved,bounded_atom,7.89266798132575e-06,5.395394035429407e-06,7.697248979352055e-06,5.261806442469322e-06,8.205945300758913e-06,5.609549069532474e-06,1.0,0.0,2.6123369102569074e-06,1.785782325758584e-06,0.5,1.2157122232916264,/Users/emryspeets/Desktop/gp_mods/hps-gpr-emrys-validation_workflow/study_results/v4p9p13_calibration_20260905/refined_v1/attempt1_batch002/individual_2021_10pct/m223/result.json,,500,1941.2522990838797,eigenfeature_rtol_1e-15,-1.3941745671296475,gp,gp,1.0,0.0,-2.6566521570517105,gp,gp,1.0,0.0,True
individual_2021_10pct,2021 10%,2021,224,42,1.4793273449050945,432938642.8610539,4.6963286391004256e-06,2.0181687242715304e-06,6.947407376482188e-06,2.985532180447105e-06,0.4297332830306585,0.5,-0.6931471805599453,0.0,0.5,-0.6931471805599453,0.0,-2.245234092045066,-2509.0738446853766,1116.6617887528867,-5.795449045860828e-06,4.2498486120726366e-06,7.31197883613338e-06,6.286917263546015e-06,1.0816810237659437e-05,0.581217302089455,0.09999999999999029,False,True,True,False,-2.220446049250313e-16,0.0,True,completed_point,resolved,bounded_atom,7.242591850817226e-06,4.895868298359529e-06,6.955190042043569e-06,4.701589587996006e-06,7.529993659590882e-06,5.090147008723052e-06,1.0,0.0,6.94645946533131e-06,4.695687867364445e-06,0.5,resolved,bounded_atom,9.09176423825992e-06,6.145877225600259e-06,8.75171396809555e-06,5.916009055221657e-06,9.431814508424291e-06,6.375745395978862e-06,1.0,0.0,2.985532180447105e-06,2.0181687242715304e-06,0.5,1.2553191489361701,/Users/emryspeets/Desktop/gp_mods/hps-gpr-emrys-validation_workflow/study_results/v4p9p13_calibration_20260905/derived/individual_2021_10pct/m224/result.json,256,500,1924.1854880846358,eigenfeature_rtol_1e-15,-1.247129671921275,stress,gp,1.0,0.0,-2.245234092045066,stress,gp,1.0,0.0,True
individual_2021_10pct,2021 10%,2021,225,43,1.4948658954779788,423636352.04048306,5.182188597247978e-06,2.7536325162016807e-06,7.74667699796087e-06,4.1163113371491056e-06,0.5313647823747688,0.5,-0.6931471805599453,0.0,0.5,-0.6931471805599453,0.0,-1.2589515156429525,-1394.2453699043576,1106.9883749072305,-3.291137229345045e-06,4.303409817735559e-06,7.459323687529431e-06,6.433020570797991e-06,1.1150688583818782e-05,0.5769168892523112,0.09999999999940871,False,True,True,False,2.6645352591003757e-15,-3.9968028886505635e-15,True,completed_point,resolved,bounded_atom,7.995673997318362e-06,5.34875671557265e-06,7.698148562877185e-06,5.149725193520269e-06,8.314673850866096e-06,5.562153686172301e-06,1.0,0.0,7.74859459914843e-06,5.183471388696603e-06,0.5,resolved,bounded_atom,1.1172763002875327e-05,7.474090509839928e-06,1.0780056742859592e-05,7.211387172233735e-06,1.1565469262891064e-05,7.736793847446123e-06,1.0,0.0,4.1163113371491056e-06,2.7536325162016807e-06,0.5,1.3973509933774835,/Users/emryspeets/Desktop/gp_mods/hps-gpr-emrys-validation_workflow/study_results/v4p9p13_calibration_20260905/derived/individual_2021_10pct/m225/result.json,256,500,1920.7864650063964,eigenfeature_rtol_1e-15,-1.0115285649158243,gp,gp,1.0,0.0,-1.2589515156429525,stress,gp,1.0,0.0,True
individual_2021_10pct,2021 10%,2021,226,42,1.5095654015240774,411651806.5525777,5.528459269498944e-06,2.567467192139094e-06,8.34557083697068e-06,3.875759642801347e-06,0.4644091720642791,0.5,-0.6931471805599453,0.0,0.5,-0.6931471805599453,0.0,-1.518874948249822,-1656.6412663505275,1090.129132832222,-4.024375066453001e-06,4.362208303596566e-06,7.541525023402064e-06,6.585038729350414e-06,1.1384425250055814e-05,0.5784252243492161,0.09999999997714644,False,True,True,False,-1.1102230246251565e-16,0.0,True,completed_point,resolved,bounded_atom,8.920089714238521e-06,5.909044884860689e-06,8.612635915979273e-06,5.705374478829364e-06,9.22754351249777e-06,6.112715290892014e-06,1.0,0.0,8.347392468920288e-06,5.529665995585649e-06,0.5,resolved,bounded_atom,1.11906580051356e-05,7.413165401007046e-06,1.0810053214325097e-05,7.161036682088184e-06,1.1571262795946105e-05,7.665294119925909e-06,1.0,0.0,3.875759642801347e-06,2.567467192139094e-06,0.5,1.2545454545454546,/Users/emryspeets/Desktop/gp_mods/hps-gpr-emrys-validation_workflow/study_results/v4p9p13_calibration_20260905/derived/individual_2021_10pct/m226/result.json,256,500,1887.006255983066,eigenfeature_rtol_1e-15,-0.8551492932249662,stress,gp,1.0,0.0,-1.518874948249822,stress,gp,1.0,0.0,True
individual_2021_10pct,2021 10%,2021,227,43,1.5235070686802987,402987613.9627974,5.885231575706903e-06,2.2748998929865296e-06,8.96619190640996e-06,3.465826067505033e-06,0.3865438196819435,0.5,-0.6931471805599453,0.0,0.5,-0.6931471805599453,0.0,-1.960045986841442,-2119.32849221654,1080.5227146617895,-5.259041267735315e-06,4.418158357223146e-06,7.68037111337231e-06,6.731095487778399e-06,1.170109968131069e-05,0.5752532386788811,0.10000000000006308,False,True,True,False,3.1086244689504383e-15,0.0,True,completed_point,resolved,bounded_atom,9.723873897255558e-06,6.38255909483809e-06,9.39446811722987e-06,6.1663436359160455e-06,1.0053279677281246e-05,6.598774553760132e-06,1.0,0.0,8.966711659464332e-06,5.885572731363517e-06,0.5,resolved,bounded_atom,1.0724043783830414e-05,7.039050887450006e-06,1.0340155654385876e-05,6.787074288629843e-06,1.1107931913274955e-05,7.291027486270171e-06,1.0,0.0,3.465826067505033e-06,2.2748998929865296e-06,0.5,1.1028571428571428,/Users/emryspeets/Desktop/gp_mods/hps-gpr-emrys-validation_workflow/study_results/v4p9p13_calibration_20260905/derived/individual_2021_10pct/m227/result.json,256,500,1881.3017677570585,eigenfeature_rtol_1e-15,-0.7288135483428797,stress,gp,1.0,0.0,-1.960045986841442,stress,gp,1.0,0.0,True
individual_2021_10pct,2021 10%,2021,228,43,1.5367598618955463,393131246.100927,6.27211297751112e-06,2.043346667356606e-06,9.638731473113252e-06,3.1401331423316625e-06,0.3257828222615085,0.5,-0.6931471805599453,0.0,0.5,-0.6931471805599453,0.0,-2.3880877788288313,-2550.9856570882753,1067.3094927312438,-6.488890624667801e-06,4.474937941291203e-06,7.795817433071677e-06,6.876905012649809e-06,1.1980299321810122e-05,0.5740177960437443,0.09999999999999643,False,True,True,False,-2.220446049250313e-16,-1.3322676295501878e-14,True,completed_point,resolved,bounded_atom,1.0752347880199556e-05,6.996765172495373e-06,1.0412673233219882e-05,6.7757321696157314e-06,1.109202252717923e-05,7.217798175375012e-06,1.0,0.0,9.64122445872666e-06,6.273735212497355e-06,0.5,resolved,bounded_atom,1.0752347880199556e-05,6.996765172495373e-06,1.0325873942500304e-05,6.719250156471197e-06,1.1178821817898808e-05,7.274280188519548e-06,1.0,0.0,3.1401331423316625e-06,2.043346667356606e-06,0.5,1.0,/Users/emryspeets/Desktop/gp_mods/hps-gpr-emrys-validation_workflow/study_results/v4p9p13_calibration_20260905/derived/individual_2021_10pct/m228/result.json,256,500,1862.8720497362442,eigenfeature_rtol_1e-15,-0.5909084220484685,stress,gp,1.0,0.0,-2.3880877788288313,stress,gp,1.0,0.0,True
individual_2021_10pct,2021 10%,2021,229,44,1.549382987764826,384761739.60294366,6.825847289654411e-06,2.1726504883814972e-06,1.057585166767119e-05,3.3662677050572327e-06,0.31829755284365546,0.499975650495596,-0.6931958807545887,6.103515625e-05,0.5,-0.6931471805599453,0.0,-2.2099930209487173,-2339.6652732785656,1057.8378891544799,-6.080815820442521e-06,4.531387712259512e-06,7.933189036885209e-06,7.020855032341462e-06,1.2291548132472367e-05,0.5711937143046653,0.10000000000000123,False,True,True,False,-2.220446049250313e-16,0.0,True,completed_point,resolved,bounded_atom,1.1615391837037455e-05,7.496785448634669e-06,1.1246091678441533e-05,7.25843240002615e-06,1.1984691995633376e-05,7.735138497243187e-06,1.0,0.0,1.057947547990559e-05,6.828186164072819e-06,0.5,resolved,bounded_atom,1.114844141142791e-05,7.195407139141818e-06,1.0716198618203312e-05,6.916429767737889e-06,1.1580684204652507e-05,7.4743845105457474e-06,1.0,0.0,3.3662677050572327e-06,2.1726504883814972e-06,0.5,0.9597989949748744,/Users/emryspeets/Desktop/gp_mods/hps-gpr-emrys-validation_workflow/study_results/v4p9p13_calibration_20260905/derived/individual_2021_10pct/m229/result.json,256,500,1855.3414822250193,eigenfeature_rtol_1e-15,-0.4049763625566272,stress,gp,1.0,0.0,-2.2099930209487173,stress,gp,1.0,0.0,True
individual_2021_10pct,2021 10%,2021,230,43,1.5614277592656258,373964687.7009501,7.182229042242793e-06,2.1263924921275335e-06,1.1214531799961667e-05,3.3202082643019447e-06,0.2960630299620082,0.5,-0.6931471805599453,0.0,0.5,-0.6931471805599453,0.0,-2.3360734742146803,-2435.6141203682578,1041.7278005903709,-6.512952159579183e-06,4.591689509704596e-06,7.99980268805035e-06,7.169591462381528e-06,1.2491113985769589e-05,0.5739753452373769,0.10000000000000656,False,True,True,False,0.0,0.0,True,completed_point,resolved,bounded_atom,1.251569792201415e-05,8.015547211675397e-06,1.213866186221897e-05,7.774078429301176e-06,1.289273398180933e-05,8.257015994049618e-06,1.0,0.0,1.1214597857593459e-05,7.182271348158901e-06,0.5,resolved,bounded_atom,1.0973479220723308e-05,7.027849450995017e-06,1.054611216701043e-05,6.7541467124745505e-06,1.1400846274436181e-05,7.301552189515481e-06,1.0,0.0,3.3202082643019447e-06,2.1263924921275335e-06,0.5,0.8767772511848342,/Users/emryspeets/Desktop/gp_mods/hps-gpr-emrys-validation_workflow/study_results/v4p9p13_calibration_20260905/derived/individual_2021_10pct/m230/result.json,256,500,1818.407801185311,eigenfeature_rtol_1e-15,-0.2897460829419054,stress,gp,1.0,0.0,-2.3360734742146803,stress,gp,1.0,0.0,True
individual_2021_10pct,2021 10%,2021,231,44,1.572939021618529,365857481.8269712,7.459130476891241e-06,1.8825785667647782e-06,1.173275739444626e-05,2.961181288927003e-06,0.2523857938397915,0.5,-0.6931471805599453,0.0,0.5,-0.6931471805599453,0.0,-2.8557844171882594,-2951.432858083055,1032.411821401287,-8.067165507575727e-06,4.653042350242479e-06,8.136456184563004e-06,7.318951881939986e-06,1.2798149430388561e-05,0.571875795149063,0.09999999999276318,False,True,True,False,-1.1102230246251565e-16,0.0,True,completed_point,resolved,bounded_atom,1.3309533699048252e-05,8.461570039347715e-06,1.2924431645743593e-05,8.216740425477245e-06,1.3694635752352909e-05,8.706399653218183e-06,1.0,0.0,1.1732759206586767e-05,7.459131628964196e-06,0.5,resolved,bounded_atom,1.0513923880983323e-05,6.684253958023537e-06,1.0060921965205427e-05,6.396256833181556e-06,1.0966925796761215e-05,6.972251082865516e-06,1.0,0.0,2.961181288927003e-06,1.8825785667647782e-06,0.5,0.7899543378995434,/Users/emryspeets/Desktop/gp_mods/hps-gpr-emrys-validation_workflow/study_results/v4p9p13_calibration_20260905/derived/individual_2021_10pct/m231/result.json,256,500,1809.375682570696,eigenfeature_rtol_1e-15,-0.23287169811878683,stress,gp,1.0,0.0,-2.8557844171882594,stress,gp,1.0,0.0,True
individual_2021_10pct,2021 10%,2021,232,45,1.5839562598000563,358013808.59736145,7.909910514444357e-06,2.4673463950027155e-06,1.2528952273812423e-05,3.9081687674596534e-06,0.3119310124301751,0.5,-0.6931471805599453,0.0,0.5,-0.6931471805599453,0.0,-1.9006949489410099,-1946.0192965548958,1023.1253624681752,-5.4355984317450654e-06,4.7094601069586265e-06,8.261344557859574e-06,7.459578816695759e-06,1.30856084267868e-05,0.5700597613348786,0.10000000000008724,False,True,True,False,-5.551115123125783e-16,2.220446049250313e-16,True,completed_point,resolved,bounded_atom,1.3857036699048775e-05,8.748370804631913e-06,1.3483385064196216e-05,8.512473106989856e-06,1.4230688333901331e-05,8.98426850227397e-06,1.0,0.0,1.2528950774235298e-05,7.909909567715484e-06,0.5,resolved,bounded_atom,1.2489974782550688e-05,7.885302832874505e-06,1.203414816293951e-05,7.597525555698481e-06,1.2945801402161868e-05,8.173080110050529e-06,1.0,0.0,3.9081687674596534e-06,2.4673463950027155e-06,0.5,0.9013452914798206,/Users/emryspeets/Desktop/gp_mods/hps-gpr-emrys-validation_workflow/study_results/v4p9p13_calibration_20260905/derived/individual_2021_10pct/m232/result.json,256,500,1797.7614641295697,eigenfeature_rtol_1e-15,-0.11590133681038736,stress,gp,1.0,0.0,-1.9006949489410099,stress,gp,1.0,0.0,True
individual_2021_10pct,2021 10%,2021,233,44,1.5945144708897403,347946394.50703573,7.82647549017899e-06,2.197006382198898e-06,1.2479428425154274e-05,3.5031584690532587e-06,0.2807146569302874,0.5,-0.6931471805599453,0.0,0.5,-0.6931471805599453,0.0,-2.358575172478049,-2378.3781791357815,1007.5044235945652,-6.8354729828582515e-06,4.773162009283666e-06,8.322087121432855e-06,7.6108758957039544e-06,1.326968834312983e-05,0.5735534775874646,0.09999999999999794,False,True,True,False,6.661338147750939e-15,0.0,True,completed_point,resolved,bounded_atom,1.3925845394733846e-05,8.733596119051346e-06,1.3532231497461756e-05,8.486741101766709e-06,1.4319459292005937e-05,8.980451136335983e-06,1.0,0.0,1.2481362331940443e-05,7.827688340122641e-06,0.5,resolved,bounded_atom,1.1783407641697869e-05,7.3899659468896e-06,1.1307561777727236e-05,7.0915391388186075e-06,1.2259253505668503e-05,7.688392754960594e-06,1.0,0.0,3.5031584690532587e-06,2.197006382198898e-06,0.5,0.846153846153846,/Users/emryspeets/Desktop/gp_mods/hps-gpr-emrys-validation_workflow/study_results/v4p9p13_calibration_20260905/derived/individual_2021_10pct/m233/result.json,256,500,1760.0424431230006,eigenfeature_rtol_1e-15,-0.1637312450628141,stress,gp,1.0,0.0,-2.358575172478049,stress,gp,1.0,0.0,True
individual_2021_10pct,2021 10%,2021,234,45,1.6046448598496124,340360511.675845,8.245078286192522e-06,3.102413210398846e-06,1.3230422490996481e-05,4.978271411196042e-06,0.37627456073937454,0.5,-0.6931471805599453,0.0,0.5,-0.6931471805599453,0.0,-1.2486117934368925,-1247.3202205949144,998.4926005457313,-3.664703095119466e-06,4.832477460238925e-06,8.462009026112207e-06,7.754410116911501e-06,1.3578519287751977e-05,0.5710792136154412,0.09999999999951206,False,True,True,False,-1.3322676295501878e-15,-3.2862601528904634e-14,True,completed_point,resolved,bounded_atom,1.4765787327846582e-05,9.201903609519202e-06,1.4335008176098905e-05,8.933445982210908e-06,1.5196566479594263e-05,9.470361236827498e-06,1.0,0.0,1.3230428622275261e-05,8.245082107149379e-06,0.5,resolved,bounded_atom,1.4765787327846582e-05,9.201903609519202e-06,1.4266391621651185e-05,8.890684773070742e-06,1.5265183034041984e-05,9.513122445967664e-06,1.0,0.0,4.978271411196042e-06,3.102413210398846e-06,0.5,1.0,/Users/emryspeets/Desktop/gp_mods/hps-gpr-emrys-validation_workflow/study_results/v4p9p13_calibration_20260905/derived/individual_2021_10pct/m234/result.json,256,500,1750.6177793832028,eigenfeature_rtol_1e-15,-0.06912796584980709,stress,gp,1.0,0.0,-1.2486117934368925,stress,gp,1.0,0.0,True
individual_2021_10pct,2021 10%,2021,235,45,1.6143754007809903,331765122.2586516,8.374858789063952e-06,3.485328929642649e-06,1.3520166014079317e-05,5.626629287645431e-06,0.41616569513910573,0.4999655646006563,-0.6932160537303352,8.631674575031098e-05,0.5,-0.6931471805599453,0.0,-0.9415057331549134,-928.9797877832814,986.3394585499091,-2.8001128673767813e-06,4.896322545229007e-06,8.575861718873495e-06,7.904502671307078e-06,1.3844660199448751e-05,0.5709423385936051,0.10000000002094474,False,True,True,False,-2.353672812205332e-14,3.019806626980426e-14,True,completed_point,resolved,bounded_atom,1.5318124535370424e-05,9.488576528086305e-06,1.4893178834024254e-05,9.225350452453218e-06,1.5743070236716598e-05,9.751802603719392e-06,1.0,0.0,1.352016670696136e-05,8.374859218259072e-06,0.5,resolved,bounded_atom,1.5975554772939974e-05,9.895811572210181e-06,1.543111806293059e-05,9.558568629988687e-06,1.651999148294936e-05,1.0233054514431677e-05,1.0,0.0,5.626629287645431e-06,3.485328929642649e-06,0.5,1.0429184549356225,/Users/emryspeets/Desktop/gp_mods/hps-gpr-emrys-validation_workflow/study_results/v4p9p13_calibration_20260905/derived/individual_2021_10pct/m235/result.json,256,500,1729.3617177825925,eigenfeature_rtol_1e-15,-0.06324426594428226,stress,gp,1.0,0.0,-0.9415057331549134,stress,gp,1.0,0.0,True
individual_2021_10pct,2021 10%,2021,236,46,1.6237312943290327,324465179.50448424,8.537809593179385e-06,4.095432830794174e-06,1.3863108621467995e-05,6.649882451183039e-06,0.4796819120990822,0.5,-0.6931471805599453,0.0,0.5,-0.6931471805599453,0.0,-0.5200911919855965,-508.37025852276054,977.2664512957358,-1.5667944994872235e-06,4.959006339767113e-06,8.721147375968903e-06,8.052093782655934e-06,1.4160799916816235e-05,0.5686185688630422,0.10000000000049522,False,True,True,False,-2.886579864025407e-15,6.772360450213455e-15,True,completed_point,resolved,bounded_atom,1.593689486825734e-05,9.81498288782004e-06,1.5495706394887022e-05,9.543270151290793e-06,1.6378083341627658e-05,1.0086695624349286e-05,1.0,0.0,1.3863111981102421e-05,8.537811662262144e-06,0.5,resolved,bounded_atom,1.815595617902735e-05,1.118162607473169e-05,1.7559647074128067e-05,1.0814379901068644e-05,1.875226528392663e-05,1.1548872248394737e-05,1.0,0.0,6.649882451183039e-06,4.095432830794174e-06,0.5,1.139240506329114,/Users/emryspeets/Desktop/gp_mods/hps-gpr-emrys-validation_workflow/study_results/v4p9p13_calibration_20260905/derived/individual_2021_10pct/m236/result.json,256,500,1719.9636439655535,eigenfeature_rtol_1e-15,-0.05680357503608921,stress,gp,1.0,0.0,-0.5200911919855965,stress,gp,1.0,0.0,True
individual_2021_10pct,2021 10%,2021,237,45,1.632735343945439,315286945.11121535,8.954676362728871e-06,6.663560028882823e-06,1.4620616591020218e-05,1.0879829975659076e-05,0.7441430330880381,0.4826267877006618,-0.7285116202851217,0.0435619587666235,0.22328185978329584,-1.4993203604117626,0.7611562945496717,0.7611562945496717,732.4382043082147,962.5582080281629,2.323084465326822e-06,5.022211344529844e-06,8.809283490319432e-06,8.199941966977622e-06,1.4383228509479575e-05,0.5701044074752253,0.1000000000000046,False,True,True,False,1.554312234475219e-14,0.0,True,completed_point,resolved,resolved,1.673352567771911e-05,1.024876795848813e-05,1.625788849214271e-05,9.95745486396845e-06,1.7209162863295513e-05,1.054008105300781e-05,0.4113159278699966,0.010953627133289838,1.4620615237536e-05,8.954675533761567e-06,0.48262597066449764,resolved,resolved,2.253903458631554e-05,1.3804462964494217e-05,2.1881372037389485e-05,1.3401664953558261e-05,2.3196697135241596e-05,1.4207260975430172e-05,0.26011598441383976,0.008968047162224536,1.0879829975659076e-05,6.663560028882823e-06,0.22328185978329584,1.3469387755102042,/Users/emryspeets/Desktop/gp_mods/hps-gpr-emrys-validation_workflow/study_results/v4p9p13_calibration_20260905/derived/individual_2021_10pct/m237/result.json,256,500,1688.190819675653,eigenfeature_rtol_1e-15,0.043564008716781275,stress,gp,0.4113159278699966,-0.8883936788208965,0.7611562945496717,stress,gp,0.26011598441383976,-1.3466276535375281,True
individual_2021_10pct,2021 10%,2021,238,46,1.6414082680558688,308540399.1688655,9.247316069589856e-06,7.924976668531262e-06,1.517862105395069e-05,1.3008122227877069e-05,0.8570028978021897,0.4670783522571686,-0.7612582575337598,0.0826162189399813,0.11212573946408488,-2.1881343636275115,1.2153005586533907,1.2153005586533907,1158.545110501931,953.759605202393,3.7549219279639754e-06,5.083437902881629e-06,8.964487090824968e-06,8.343997003938493e-06,1.4714383229760204e-05,0.567063999465676,0.099999999991922,False,True,True,False,-2.220446049250313e-16,0.0,True,completed_point,resolved,resolved,1.6979061881123877e-05,1.0344203944600795e-05,1.6470753301044993e-05,1.0034525609252248e-05,1.7487370461202764e-05,1.0653882279949345e-05,0.38223340292859603,0.010711067434453735,1.5178617457023236e-05,9.247313878223136e-06,0.46707764590169676,resolved,resolved,2.5014420384536414e-05,1.5239609103568252e-05,2.4346061695417015e-05,1.483242296826809e-05,2.5682779073655813e-05,1.564679523886841e-05,0.20162173270539366,0.007536061546714856,1.3008122227877069e-05,7.924976668531262e-06,0.11212573946408488,1.4732510288065845,/Users/emryspeets/Desktop/gp_mods/hps-gpr-emrys-validation_workflow/study_results/v4p9p13_calibration_20260905/derived/individual_2021_10pct/m238/result.json,256,500,1681.1745523101406,eigenfeature_rtol_1e-15,0.08261799556349321,stress,gp,0.38223340292859603,-0.9617238545306683,1.2153005586533907,stress,gp,0.20162173270539366,-1.6013619474770224,True
individual_2021_10pct,2021 10%,2021,239,46,1.649768961087394,300661374.29081607,9.295376091763116e-06,6.836359748100336e-06,1.533522295782464e-05,1.1278414119243169e-05,0.7354581117119315,0.4773611693227309,-0.7394819062096988,0.0567776239924277,0.2234577089406059,-1.4985331045754615,0.7605675334299341,0.7605675334299341,716.1710029565515,941.9149728010051,2.381985396846593e-06,5.153341672991594e-06,9.098684931041461e-06,8.501823137979716e-06,1.5010727985945799e-05,0.5663831325129453,0.10000000000001467,False,True,True,False,-1.176836406102666e-14,0.0,True,completed_point,resolved,resolved,1.703585577633104e-05,1.032620698906978e-05,1.653042026303617e-05,1.0019839536889247e-05,1.754129128962591e-05,1.0632574441250314e-05,0.4104367153704813,0.011054271879630963,1.5335224057527724e-05,9.295376758343172e-06,0.4773607764182899,resolved,resolved,2.3807430248094423e-05,1.443076625250756e-05,2.311449472322255e-05,1.4010746515674138e-05,2.4500365772966297e-05,1.485078598934098e-05,0.275420999204125,0.009319590265643364,1.1278414119243169e-05,6.836359748100336e-06,0.2234577089406059,1.397489539748954,/Users/emryspeets/Desktop/gp_mods/hps-gpr-emrys-validation_workflow/study_results/v4p9p13_calibration_20260905/derived/individual_2021_10pct/m239/result.json,256,500,1662.7636938149758,eigenfeature_rtol_1e-15,0.05677861044657118,stress,gp,0.4104367153704813,-0.8905335267233926,0.7605675334299341,stress,gp,0.275420999204125,-1.2894544457610293,True
individual_2021_10pct,2021 10%,2021,240,47,1.6578347133148656,294020955.3654374,9.39925631575727e-06,6.160156491283526e-06,1.5582413399606394e-05,1.0212521270701733e-05,0.6553876481649304,0.4866605801162248,-0.7201883596365701,0.0334432000800987,0.32902774699727344,-1.1116131943952308,0.44259943434269294,0.44259943434269294,412.8928292048039,933.0493504621995,1.404297284496682e-06,5.221235622651053e-06,9.278037091164458e-06,8.655945661627072e-06,1.538145196115532e-05,0.5627521825304269,0.1000000000000006,False,True,True,False,5.10702591327572e-15,4.8128168117500536e-14,True,completed_point,resolved,resolved,1.7018384270921048e-05,1.0265428835720619e-05,1.6526592425032697e-05,9.968781744223176e-06,1.7510176116809396e-05,1.056207592721806e-05,0.4215800712075669,0.011290593318410022,1.557920166957454e-05,9.397319011630353e-06,0.48654591216947035,resolved,resolved,2.293464661403094e-05,1.3834097229254396e-05,2.2237980238127695e-05,1.3413870550256796e-05,2.3631312989934187e-05,1.4254323908251997e-05,0.3161639703422209,0.01022344337258294,1.0212521270701733e-05,6.160156491283526e-06,0.32902774699727344,1.3476394849785407,/Users/emryspeets/Desktop/gp_mods/hps-gpr-emrys-validation_workflow/study_results/v4p9p13_calibration_20260905/derived/individual_2021_10pct/m240/result.json,256,500,1658.0950762654686,eigenfeature_rtol_1e-15,0.03373079216722537,stress,gp,0.4215800712075669,-0.8637455523039865,0.44259943434269294,stress,gp,0.3161639703422209,-1.1514943064858576,True
individual_2021_10pct,2021 10%,2021,241,46,1.6656213972624627,285609394.875596,9.8274308062036e-06,7.539255792563608e-06,1.636877903092901e-05,1.2557545767528913e-05,0.7671644747480111,0.4518634232263399,-0.794375305813413,0.1209547875983323,0.1688828132838695,-1.7785502171022023,0.9585894159803233,0.9585894159803233,880.4512641183115,918.8487022109994,3.0827111429643734e-06,5.291366250328833e-06,9.390901275498223e-06,8.813412847300148e-06,1.5641686104049193e-05,0.5634567008104454,0.0999999999480066,False,True,True,False,0.0,1.1102230246251565e-16,True,completed_point,resolved,resolved,1.7900420090567572e-05,1.0746992155593019e-05,1.7359940327363607e-05,1.0422500789132268e-05,1.8440899853771534e-05,1.107148352205377e-05,0.3910520829749291,0.01062612077825413,1.636878189238996e-05,9.827432524157604e-06,0.45186323713502574,resolved,resolved,2.569935830430033e-05,1.5429291642469646e-05,2.4921832472217334e-05,1.4962483378982576e-05,2.6476884136383326e-05,1.5896099905956715e-05,0.25698581979208174,0.008815436277403397,1.2557545767528913e-05,7.539255792563608e-06,0.1688828132838695,1.4356846473029043,/Users/emryspeets/Desktop/gp_mods/hps-gpr-emrys-validation_workflow/study_results/v4p9p13_calibration_20260905/derived/individual_2021_10pct/m241/result.json,256,500,1630.2430147939315,eigenfeature_rtol_1e-15,0.12095525748478791,stress,gp,0.3910520829749291,-0.9389145233282475,0.9585894159803233,stress,gp,0.25698581979208174,-1.3587343715154603,True
individual_2021_10pct,2021 10%,2021,242,47,1.6731436267286663,279310755.2457428,1.061907284956326e-05,1.0656008958071709e-05,1.7767234060014186e-05,1.7829033474561256e-05,1.003478279980909,0.3919311704332024,-0.936669040238222,0.2742892555062944,0.024153739841273836,-3.7233160520210316,1.9746535315222935,1.9746535315222935,1796.289374415201,910.4210629494744,6.431150038725835e-06,5.357342554296243e-06,9.597349689807182e-06,8.963603550923034e-06,1.605774446698723e-05,0.5582106235001505,0.09999999999962979,False,True,True,False,5.5289106626332796e-14,-2.4868995751603507e-14,True,completed_point,resolved,resolved,1.944413231694594e-05,1.1621316906883328e-05,1.885568190129974e-05,1.126961343908437e-05,2.003258273259214e-05,1.197302037468229e-05,0.3338292286986158,0.010010017285011094,1.776723341345035e-05,1.0619072463126719e-05,0.39375442215017137,resolved,resolved,3.095810870854922e-05,1.8502959467429928e-05,3.0151480595662564e-05,1.8020856138103815e-05,3.176473682143588e-05,1.898506279675604e-05,0.11920180887834217,0.00524287897208197,1.7829033474561256e-05,1.0656008958071709e-05,0.024153739841273836,1.592156862745098,/Users/emryspeets/Desktop/gp_mods/hps-gpr-emrys-validation_workflow/study_results/v4p9p13_calibration_20260905/derived/individual_2021_10pct/m242/result.json,256,500,1629.344026208227,eigenfeature_rtol_1e-15,0.2695469154901012,gp,gp,0.3338292286986158,-1.0971257080809247,1.9746535315222935,stress,gp,0.11920180887834217,-2.126937349312152,True
individual_2021_10pct,2021 10%,2021,243,48,1.680414893237497,273011474.430159,1.1027616365747397e-05,1.0015910240295718e-05,1.8530970777911485e-05,1.6830884737122882e-05,0.908257043780185,0.3763780391640147,-0.977161217383177,0.3150073433390964,0.042063269712556695,-3.1685803724862143,1.7272290285875371,1.7272290285875371,1556.2786164804093,901.6815406523754,5.700414679378365e-06,5.42944329699298e-06,9.816400449749404e-06,9.123717378255502e-06,1.6495625513742162e-05,0.5530992062504525,0.09999999999932505,False,True,True,False,0.0,0.0,True,completed_point,resolved,resolved,1.9817761483798723e-05,1.1793374102759652e-05,1.923236319148243e-05,1.14450087706788e-05,2.0403159776115008e-05,1.2141739434840502e-05,0.34824080523418194,0.010002505401978728,1.8530974039787118e-05,1.1027618306860657e-05,0.37816065955324274,resolved,resolved,3.0235794200578286e-05,1.7993052978913935e-05,2.940604107759439e-05,1.7499274254193584e-05,3.1065547323562186e-05,1.8486831703634286e-05,0.1683360492671345,0.006859961785208766,1.6830884737122882e-05,1.0015910240295718e-05,0.042063269712556695,1.525691699604743,/Users/emryspeets/Desktop/gp_mods/hps-gpr-emrys-validation_workflow/study_results/v4p9p13_calibration_20260905/derived/individual_2021_10pct/m243/result.json,256,500,1628.9525134170387,eigenfeature_rtol_1e-15,0.31031513985830034,gp,gp,0.34824080523418194,-1.0548610694441283,1.7272290285875371,stress,gp,0.1683360492671345,-1.7817930042448378,True
individual_2021_10pct,2021 10%,2021,244,48,1.6874476837491814,265886120.64942867,1.2213529597745256e-05,1.4360775798975574e-05,2.06096922301173e-05,2.4233057858822632e-05,1.1758088179216204,0.2976996237141533,-1.211670274937849,0.5310281858464124,0.0013151382001511907,-6.6338135237025115,3.007937021284523,3.007937021284523,2675.6120158794847,890.657575652707,1.0062999939012552e-05,5.501957761174925e-06,1.0013013465419955e-05,9.284265880180458e-06,1.6896436379572267e-05,0.5494807112939568,0.09999999999983758,False,True,True,False,-4.440892098500626e-16,2.220446049250313e-15,True,completed_point,resolved,resolved,2.2305162944191893e-05,1.3218284133487415e-05,2.1572802477700033e-05,1.2784279290821894e-05,2.3037523410683756e-05,1.3652288976152936e-05,0.25922520558859424,0.004995826898296311,2.0610600576915023e-05,1.221406789401747e-05,0.29768863520684063,resolved,resolved,3.7068292374880056e-05,2.1967076509608583e-05,3.62741253065364e-05,2.149644439698559e-05,3.795698142835262e-05,2.249372338703833e-05,0.06432913717190732,0.0018873650192827616,2.4233057858822632e-05,1.4360775798975574e-05,0.0013151382001511907,1.6618705035971224,/Users/emryspeets/Desktop/gp_mods/hps-gpr-emrys-validation_workflow/study_results/v4p9p13_calibration_20260905/chunked_v1/attempt1_remaining_2021_batch001/individual_2021_10pct/m244/result.json,,500,1618.213888872455,eigenfeature_rtol_1e-15,0.5310599009289674,stress,gp,0.25922520558859424,-1.3500580754487308,3.007937021284523,stress,gp,0.06432913717190732,-2.7437426061797643,True
individual_2021_10pct,2021 10%,2021,245,48,1.6942535827134084,259289277.21763355,1.281708679087512e-05,1.2304011868035266e-05,2.1715395215388876e-05,2.0846116189167045e-05,0.9599694586444458,0.2705636082159605,-1.3072480578180403,0.6111093105138516,0.009595876443287939,-4.646421809943363,2.3417852740905376,2.3417852740905376,2057.638158894194,879.5496843072176,7.935685505294238e-06,5.574403200985967e-06,1.0202572784409462e-05,9.444452594759567e-06,1.7285745492880045e-05,0.546372304199996,0.09999999999981528,False,True,True,False,1.9984014443252818e-15,-1.509903313490213e-14,True,completed_point,resolved,resolved,2.2819062805825427e-05,1.3468504973901175e-05,2.2130010725585957e-05,1.3061805476689e-05,2.3508114886064897e-05,1.387520447111335e-05,0.23244848827387024,0.007700722607027732,2.1715381161305878e-05,1.2817078495727841e-05,0.2705629410887408,resolved,resolved,3.431067716847133e-05,2.0251205320470115e-05,3.340545385703431e-05,1.9716914987149838e-05,3.5215900479908345e-05,2.078549565379039e-05,0.10691069445462188,0.004676669206914798,2.0846116189167045e-05,1.2304011868035266e-05,0.009595876443287939,1.5035971223021585,/Users/emryspeets/Desktop/gp_mods/hps-gpr-emrys-validation_workflow/study_results/v4p9p13_calibration_20260905/derived/individual_2021_10pct/m245/result.json,256,500,1607.9373444074536,eigenfeature_rtol_1e-15,0.6111113260634802,gp,gp,0.23244848827387024,-1.4590866343131514,2.3417852740905376,gp,gp,0.10691069445462188,-2.2357614242840467,True
individual_2021_10pct,2021 10%,2021,246,48,1.7008433609631814,252758606.33826464,1.3716612607058708e-05,1.2318691134653603e-05,2.332980948761968e-05,2.0952164032131582e-05,0.8980855177257306,0.2311394498669561,-1.464734071523526,0.7350994985122394,0.01077124004100973,-4.530875656000747,2.2983393924010507,2.2983393924010507,1994.4401996905003,868.6448289325856,7.890691551849112e-06,5.647887762928636e-06,1.0433284707765979e-05,9.606172405042366e-06,1.774538302824245e-05,0.5413336184264819,0.0999999999997806,False,True,True,False,-5.10702591327572e-15,3.1086244689504383e-15,True,completed_point,resolved,resolved,2.4437065655988838e-05,1.4367616805200812e-05,2.3697219234047695e-05,1.3932628822814138e-05,2.5176912077929974e-05,1.4802604787587483e-05,0.21117376805264462,0.007099963923097061,2.332980666576353e-05,1.3716610947966394e-05,0.2311393803527208,resolved,resolved,3.4548954892949734e-05,2.0312837552180457e-05,3.36493775049684e-05,1.9783936767647363e-05,3.5448532280931066e-05,2.084173833671355e-05,0.1293164663889475,0.005536512655166714,2.0952164032131582e-05,1.2318691134653603e-05,0.01077124004100973,1.4137931034482758,/Users/emryspeets/Desktop/gp_mods/hps-gpr-emrys-validation_workflow/study_results/v4p9p13_calibration_20260905/derived/individual_2021_10pct/m246/result.json,256,500,1602.886091071906,eigenfeature_rtol_1e-15,0.7350997268111568,gp,stress,0.21117376805264462,-1.5550739391602133,2.2983393924010507,gp,stress,0.1293164663889475,-2.0454926510501332,True
individual_2021_10pct,2021 10%,2021,247,49,1.707227053486967,246960742.30820206,1.5362962500998715e-05,1.7486882425550136e-05,2.62280652034108e-05,2.9854078758044983e-05,1.1382493724379883,0.1642879063053166,-1.8061348640411536,0.9769865469571264,9.107747597804621e-05,-9.303800029295388,3.7425600946300954,3.7425600946300954,3215.13758433636,860.4940084932107,1.3018820539192956e-05,5.7202687055893295e-06,1.070636552556609e-05,9.765797487396977e-06,1.827819686976664e-05,0.5342866999944759,0.09999999999984739,False,True,True,False,2.4868995751603507e-14,-4.440892098500626e-15,True,completed_point,resolved,resolved,2.7254045849006565e-05,1.5963925708265274e-05,2.6449579077373323e-05,1.5492713182672888e-05,2.8058512620639806e-05,1.643513823385766e-05,0.15581371977733147,0.005998677318540415,2.6229323105235786e-05,1.536369931091654e-05,0.1642806902152345,resolved,resolved,4.391894012610612e-05,2.5725307033064424e-05,4.295592756117786e-05,2.516122707488819e-05,4.4881952691034385e-05,2.6289386991240657e-05,0.04405309539929928,0.0023962022294533643,2.9854078758044983e-05,1.7486882425550136e-05,9.107747597804621e-05,1.6114649681528663,/Users/emryspeets/Desktop/gp_mods/hps-gpr-emrys-validation_workflow/study_results/v4p9p13_calibration_20260905/derived/individual_2021_10pct/m247/result.json,256,500,1607.1186519505457,eigenfeature_rtol_1e-15,0.977015698778586,stress,stress,0.15581371977733147,-1.8590940892342964,3.7425600946300954,stress,stress,0.04405309539929928,-3.1223596589371265,True
individual_2021_10pct,2021 10%,2021,248,49,1.7134140277520253,240773540.9863538,1.6225393949797522e-05,1.539646994659106e-05,2.7800817599385914e-05,2.63805275843516e-05,0.9489119336164528,0.1431623203223125,-1.9437761853202093,1.0662190321883886,0.00101974339634472,-6.888204255546613,3.0844211273158746,3.0844211273158746,2617.0713798317042,849.6495962752159,1.0869430956203077e-05,5.7961871933658785e-06,1.095696244580519e-05,9.931268444589737e-06,1.8773813156194754e-05,0.5289958071896939,0.0999999999998608,False,True,True,False,8.881784197001252e-16,0.0,True,completed_point,resolved,resolved,2.8706313659029884e-05,1.6753868705447776e-05,2.7886840990998697e-05,1.627559979042884e-05,2.953466465525943e-05,1.7237319280039098e-05,0.14122348602201984,0.005393439329742452,2.7800823923694145e-05,1.6225397640854165e-05,0.14316227221107047,resolved,resolved,4.118731959773852e-05,2.4038159446946805e-05,4.016011839432892e-05,2.3438653906095553e-05,4.221452080114813e-05,2.463766498779806e-05,0.09103881753048193,0.004166881396065811,2.63805275843516e-05,1.539646994659106e-05,0.00101974339634472,1.4347826086956519,/Users/emryspeets/Desktop/gp_mods/hps-gpr-emrys-validation_workflow/study_results/v4p9p13_calibration_20260905/derived/individual_2021_10pct/m248/result.json,256,500,1603.5332346558491,eigenfeature_rtol_1e-15,1.0662192450976413,gp,stress,0.14122348602201984,-1.9574116361538552,3.0844211273158746,gp,stress,0.09103881753048193,-2.3964692971497814,True
individual_2021_10pct,2021 10%,2021,249,49,1.7194130439605608,234508790.66272599,1.728090548144796e-05,1.4932874867386938e-05,2.971301429625118e-05,2.567577983081593e-05,0.8641257186099556,0.1180555739781146,-2.1365997994698844,1.1847630443853037,0.0019046399771884257,-6.263462276616554,2.8935381638651174,2.8935381638651174,2424.936176499054,839.1486059946358,1.0340491585181696e-05,5.878299969676093e-06,1.1197489393409535e-05,1.0107225644174042e-05,1.9253109322638382e-05,0.5249658886156983,0.09999999999986516,False,True,True,False,-3.3306690738754696e-16,0.0,True,completed_point,resolved,resolved,3.090196532960224e-05,1.7972392054454517e-05,3.01059379150024e-05,1.7509427429755474e-05,3.169799274420209e-05,1.8435356679153564e-05,0.12421739438805895,0.004921064175266428,2.9713018143674607e-05,1.7280907719085647e-05,0.11805732882660219,resolved,resolved,3.9678854890672706e-05,2.3076976779980065e-05,3.863147262875432e-05,2.2467825729511233e-05,4.0726237152591086e-05,2.3686127830448893e-05,0.11187635580750264,0.004779497976045654,2.567577983081593e-05,1.4932874867386938e-05,0.0019046399771884257,1.2840236686390536,/Users/emryspeets/Desktop/gp_mods/hps-gpr-emrys-validation_workflow/study_results/v4p9p13_calibration_20260905/derived/individual_2021_10pct/m249/result.json,256,500,1596.0933210912244,eigenfeature_rtol_1e-15,1.184754170191136,gp,stress,0.12421739438805895,-2.0857220678553983,2.8935381638651174,gp,stress,0.11187635580750264,-2.190360983510807,True
individual_2021_10pct,2021 10%,2021,250,49,1.7252323083862526,228462967.37003738,1.868743236757855e-05,1.8360955762700503e-05,3.2240162081329515e-05,3.167691409466166e-05,0.9825296167790037,0.0897750803155953,-2.410447844238307,1.3421413751210578,7.672261298365838e-05,-9.475314069266542,3.785426430346039,3.785426430346039,3131.9765085667277,828.8103825627323,1.3708902342557433e-05,5.955379758217679e-06,1.1466020109024895e-05,1.0274413567586649e-05,1.9781548340696213e-05,0.5193938002542142,0.09999999999985662,False,True,True,False,4.884981308350689e-15,7.993605777301127e-15,True,completed_point,resolved,resolved,3.400465207560048e-05,1.9710187381899743e-05,3.311429232867476e-05,1.9194106305399067e-05,3.489501182252622e-05,2.0226268458400427e-05,0.09910580733300771,0.004254851331714606,3.2226112664797426e-05,1.867928887498118e-05,0.08971303627552069,resolved,resolved,4.715562249157858e-05,2.7332911783739427e-05,4.600177005837885e-05,2.6664101892114443e-05,4.8309474924778304e-05,2.8001721675364408e-05,0.06260922639597132,0.0032425029012218085,3.167691409466166e-05,1.8360955762700503e-05,7.672261298365838e-05,1.386740331491713,/Users/emryspeets/Desktop/gp_mods/hps-gpr-emrys-validation_workflow/study_results/v4p9p13_calibration_20260905/derived/individual_2021_10pct/m250/result.json,256,500,1592.2379303207192,eigenfeature_rtol_1e-15,1.3425242513120088,gp,stress,0.09910580733300771,-2.311567238626443,3.785426430346039,gp,stress,0.06260922639597132,-2.7708426252192964,True
