dataset_set,mass_GeV,mass_MeV,sigma_mass_res_GeV,sigma_mass_res_min_GeV,confidence_level,cls_alpha,cls_statistic,cls_calibration,combined_mode,eps2_obs_95_ee_channel,minimal_visible_factor,N_eff_BR,BR_ee_minimal,dimuon_correction_applied,eps2_obs_95_minimal_visible,eps2_obs_90_ee_channel_reference,eps2_obs_90_minimal_visible_reference,eps2_95_over_90,p0_analytic,Z_analytic,p0_source,gp_state_sha256_by_dataset,profile_cache_limit_calls,profile_cache_asimov_fixed_nodes
2015,0.019,19,0.00091893429023300001,0.00091893429023300001,0.94999999999999996,0.050000000000000003,tilde_q_mu,asymptotic,count_scale,1.1020744193327816e-05,1,1,1,False,1.1020744193327816e-05,9.0910923610199042e-06,9.0910923610199042e-06,1.2122574225053224,0.5,0,accepted fixed-reviewed v4.1/v4.2 shared-epsilon2 observed scan,"{""2015"": ""e909a220efc26c8fe70dd4d638bab27f5914adeec07510ade7665d69253917c9""}",1,22
2015,0.02,20,0.00097215337409859999,0.00097215337409859999,0.94999999999999996,0.050000000000000003,tilde_q_mu,asymptotic,count_scale,1.5765973996746418e-05,1,1,1,False,1.5765973996746418e-05,1.3250739100729953e-05,1.3250739100729953e-05,1.1898184604568893,0.48337921629011099,0.041674186107511897,accepted fixed-reviewed v4.1/v4.2 shared-epsilon2 observed scan,"{""2015"": ""e1092c305c354145dc00de9883b29055e0eccc96cfab187dd8faad042f80ae5e""}",1,22
2015,0.021000000000000001,21,0.0010253724579645,0.0010253724579645,0.94999999999999996,0.050000000000000003,tilde_q_mu,asymptotic,count_scale,2.8804573995922208e-05,1,1,1,False,2.8804573995922208e-05,2.62940119494728e-05,2.62940119494728e-05,1.0954803721574997,0.0059409127076337004,2.5156347292362464,accepted fixed-reviewed v4.1/v4.2 shared-epsilon2 observed scan,"{""2015"": ""10b61e71bf72b2ea9aa39a77a33752d65d305e476bafa628d60acf1cebcc5ba9""}",1,23
2015,0.021999999999999999,22,0.00107859154183,0.00107859154183,0.94999999999999996,0.050000000000000003,tilde_q_mu,asymptotic,count_scale,1.9053096127826228e-05,1,1,1,False,1.9053096127826228e-05,1.6849498786461963e-05,1.6849498786461963e-05,1.1307811804547436,0.077045792074247194,1.4252270339921462,accepted fixed-reviewed v4.1/v4.2 shared-epsilon2 observed scan,"{""2015"": ""3cf40bdb1595310c0228000bd55b8c6425bb46ef11536672b0e3f8620e3c09ff""}",1,23
2015,0.023,23,0.0011318106256958001,0.0011318106256958001,0.94999999999999996,0.050000000000000003,tilde_q_mu,asymptotic,count_scale,8.1185804201091946e-06,1,1,1,False,8.1185804201091946e-06,6.6946280075886937e-06,6.6946280075886937e-06,1.2127007521413258,0.5,0,accepted fixed-reviewed v4.1/v4.2 shared-epsilon2 observed scan,"{""2015"": ""1f9790410d346ff75881ec048c7061459dd27584dec811a380f4aef92bcb905f""}",1,22
2015,0.024,24,0.0011850297095615,0.0011850297095615,0.94999999999999996,0.050000000000000003,tilde_q_mu,asymptotic,count_scale,7.3083436991698007e-06,1,1,1,False,7.3083436991698007e-06,6.0227291849163151e-06,6.0227291849163151e-06,1.213460455348591,0.49993112920156918,0.00017263349150060001,accepted fixed-reviewed v4.1/v4.2 shared-epsilon2 observed scan,"{""2015"": ""d1042ab0a6b2181ce628bb596c4a9a11734396eb10cd73d26e2067ca3719d160""}",1,21
2015,0.025000000000000001,25,0.0012382487934272,0.0012382487934272,0.94999999999999996,0.050000000000000003,tilde_q_mu,asymptotic,count_scale,8.530834833259581e-06,1,1,1,False,8.530834833259581e-06,7.0867398434493366e-06,7.0867398434493366e-06,1.2037742349389473,0.5,0,accepted fixed-reviewed v4.1/v4.2 shared-epsilon2 observed scan,"{""2015"": ""508b43006dc6809282276b8fb42c5b7ed9bd5074000698589894cdac20aba907""}",1,22
2015,0.025999999999999999,26,0.0012914678772928,0.0012914678772928,0.94999999999999996,0.050000000000000003,tilde_q_mu,asymptotic,count_scale,1.0021772022346357e-05,1,1,1,False,1.0021772022346357e-05,8.504925358416046e-06,8.504925358416046e-06,1.1783492035505421,0.38342491277349061,0.29649795883080809,accepted fixed-reviewed v4.1/v4.2 shared-epsilon2 observed scan,"{""2015"": ""5aaecaedb9e5a87742e9d072eae446b6e837aacb18f091d5eb0884f60394e72b""}",1,22
2015,0.027,27,0.0013446869611586001,0.0013446869611586001,0.94999999999999996,0.050000000000000003,tilde_q_mu,asymptotic,count_scale,9.1520886569525982e-06,1,1,1,False,9.1520886569525982e-06,7.7211668935564625e-06,7.7211668935564625e-06,1.1853245478465544,0.44359469766088599,0.14186151255553769,accepted fixed-reviewed v4.1/v4.2 shared-epsilon2 observed scan,"{""2015"": ""504196692d0311568f7937c10e261523e600133d46b878ba55b1ce7dd24ed850""}",1,22
2015,0.028000000000000001,28,0.0013979060450244,0.0013979060450244,0.94999999999999996,0.050000000000000003,tilde_q_mu,asymptotic,count_scale,8.9097569870143002e-06,1,1,1,False,8.9097569870143002e-06,7.5277366317360178e-06,7.5277366317360178e-06,1.1835904233753149,0.47155994668082141,0.071349131738342605,accepted fixed-reviewed v4.1/v4.2 shared-epsilon2 observed scan,"{""2015"": ""bc028c41cb84f3730368cf1626644037b73bd19525e0114d8382c5d8286a34b7""}",1,22
2015,0.029000000000000001,29,0.00145112512889,0.00145112512889,0.94999999999999996,0.050000000000000003,tilde_q_mu,asymptotic,count_scale,9.8127714007167634e-06,1,1,1,False,9.8127714007167634e-06,8.3979586448133704e-06,8.3979586448133704e-06,1.1684710315616034,0.2958487354012595,0.53637780044898509,accepted fixed-reviewed v4.1/v4.2 shared-epsilon2 observed scan,"{""2015"": ""b83cee0e17b8702ec00f63536f3b8488acae5acda7041c99df641f307e4b375c""}",1,22
2015,0.029999999999999999,30,0.0015043442127555999,0.0015043442127555999,0.94999999999999996,0.050000000000000003,tilde_q_mu,asymptotic,count_scale,1.1678337479873214e-05,1,1,1,False,1.1678337479873214e-05,1.023124658847981e-05,1.023124658847981e-05,1.1414383749701431,0.12913570968502669,1.1304861780495934,accepted fixed-reviewed v4.1/v4.2 shared-epsilon2 observed scan,"{""2015"": ""3c3b9333983c07f1110b5b3185d5aed4cdf9462354ea74dedfcbbc0e94f04e8f""}",1,23
2015,0.031,31,0.0015575632966214001,0.0015575632966214001,0.94999999999999996,0.050000000000000003,tilde_q_mu,asymptotic,count_scale,9.9700123581182022e-06,1,1,1,False,9.9700123581182022e-06,8.5877736955787795e-06,8.5877736955787795e-06,1.1609542486256987,0.24762900261473261,0.68196986644279234,accepted fixed-reviewed v4.1/v4.2 shared-epsilon2 observed scan,"{""2015"": ""8840b2e03f9f83ed671cf5a48feb834ceb9da2492e533d54b84422925bc71c9a""}",1,22
2015,0.032000000000000001,32,0.0016107823804872,0.0016107823804872,0.94999999999999996,0.050000000000000003,tilde_q_mu,asymptotic,count_scale,7.7509616432982376e-06,1,1,1,False,7.7509616432982376e-06,6.4990281535513353e-06,6.4990281535513353e-06,1.1926339539032147,0.5,0,accepted fixed-reviewed v4.1/v4.2 shared-epsilon2 observed scan,"{""2015"": ""61cdc0216f77701b078869d568f13f3c2924442606cf97542537872a0bb0c19d""}",1,22
2015,0.033000000000000002,33,0.0016640014643527999,0.0016640014643527999,0.94999999999999996,0.050000000000000003,tilde_q_mu,asymptotic,count_scale,6.148622887274589e-06,1,1,1,False,6.148622887274589e-06,5.0392149996478564e-06,5.0392149996478564e-06,1.2201549026394505,0.5,0,accepted fixed-reviewed v4.1/v4.2 shared-epsilon2 observed scan,"{""2015"": ""735ed2b16c84f58b8120b5749d2658a4157dfd506541c3733583c7847ce7447b""}",1,22
2015,0.034000000000000002,34,0.0017172205482186001,0.0017172205482186001,0.94999999999999996,0.050000000000000003,tilde_q_mu,asymptotic,count_scale,5.4664361891589802e-06,1,1,1,False,5.4664361891589802e-06,4.5030849404918069e-06,4.5030849404918069e-06,1.2139313962312157,0.5,0,accepted fixed-reviewed v4.1/v4.2 shared-epsilon2 observed scan,"{""2015"": ""d401bbdfb00e49a060f87a5ce3b1fedb6846ee94e6283168bd9f46ec3006e3c2""}",1,21
2015,0.035000000000000003,35,0.0017704396320843,0.0017704396320843,0.94999999999999996,0.050000000000000003,tilde_q_mu,asymptotic,count_scale,5.2424203208530587e-06,1,1,1,False,5.2424203208530587e-06,4.3090932589142466e-06,4.3090932589142466e-06,1.2165947696787562,0.5,0,accepted fixed-reviewed v4.1/v4.2 shared-epsilon2 observed scan,"{""2015"": ""0bd154b413a27ac09c500a047caada1f06d07a768056f8ed1193064514e7cdad""}",1,22
2015,0.035999999999999997,36,0.0018236587159499,0.0018236587159499,0.94999999999999996,0.050000000000000003,tilde_q_mu,asymptotic,count_scale,6.5586013615887272e-06,1,1,1,False,6.5586013615887272e-06,5.3977858635976168e-06,5.3977858635976168e-06,1.2150540105378371,0.5,0,accepted fixed-reviewed v4.1/v4.2 shared-epsilon2 observed scan,"{""2015"": ""0431a6d5a1e596a177680faff7b91684ef92402c0dfffaba481ffe50eaffffdc""}",1,22
2015,0.036999999999999998,37,0.0018768777998155,0.0018768777998155,0.94999999999999996,0.050000000000000003,tilde_q_mu,asymptotic,count_scale,8.9286962703219631e-06,1,1,1,False,8.9286962703219631e-06,7.5823118482130796e-06,7.5823118482130796e-06,1.1775691173169283,0.37559550472316539,0.3170693125655567,accepted fixed-reviewed v4.1/v4.2 shared-epsilon2 observed scan,"{""2015"": ""7da189cbe5ee1bf47f16d71fbc528e79a048cee5a4212d876344306868d67606""}",1,22
2015,0.037999999999999999,38,0.0019300968836813001,0.0019300968836813001,0.94999999999999996,0.050000000000000003,tilde_q_mu,asymptotic,count_scale,1.3690821998397564e-05,1,1,1,False,1.3690821998397564e-05,1.2192184480002685e-05,1.2192184480002685e-05,1.1229178840635907,0.054272248146580798,1.6047697007205639,accepted fixed-reviewed v4.1/v4.2 shared-epsilon2 observed scan,"{""2015"": ""14e97fbe4d54bc66aef4a61a4a6894c2acfe36a018b5ce8b9712dc626d932bb6""}",1,23
2015+2016,0.039,39,0.0018664834740185,0.0017496509804898999,0.94999999999999996,0.050000000000000003,tilde_q_mu,asymptotic,count_scale,1.2665982497813463e-05,1,1,1,False,1.2665982497813463e-05,1.1292680637828364e-05,1.1292680637828364e-05,1.1216099085796154,0.053240375871770003,1.6142152202546562,accepted fixed-reviewed v4.1/v4.2 shared-epsilon2 observed scan,"{""2015"": ""73c897099b1369d3cd1c013055c35a1aa4ac0a2f2a071996d8eb85433e08e128"", ""2016"": ""f4d09804e8a009030c988d43d1ce5ac60069b4d4bfdba08e8fc46a7f8214fd14""}",1,23
2015+2016,0.040000000000000001,40,0.0019097267257064,0.0017829184,0.94999999999999996,0.050000000000000003,tilde_q_mu,asymptotic,count_scale,1.1045265807550304e-05,1,1,1,False,1.1045265807550304e-05,9.7200892700444884e-06,9.7200892700444884e-06,1.1363337826114173,0.10648724684017891,1.2454279253797362,accepted fixed-reviewed v4.1/v4.2 shared-epsilon2 observed scan,"{""2015"": ""36d6c571efc0f7878e56add1c44f97c11d78f4cefdf81516361664484416ebf6"", ""2016"": ""d2f2c51ae91fe3b7c3df977f2126a486f181414d33fc419dac110377c2d42c6b""}",1,23
2015+2016,0.041000000000000002,41,0.0019530121102842,0.0018162700852899,0.94999999999999996,0.050000000000000003,tilde_q_mu,asymptotic,count_scale,7.7437601255995472e-06,1,1,1,False,7.7437601255995472e-06,6.5514894532564812e-06,6.5514894532564812e-06,1.1819846739966033,0.41296059839602678,0.21993574569622559,accepted fixed-reviewed v4.1/v4.2 shared-epsilon2 observed scan,"{""2015"": ""09fe335adbfe7cf037828f69e3842991b4664c9cd57bf779a3be74e49aa7738e"", ""2016"": ""d3503e1d1ed4059b5b6e78a18c372807d10e6be2ddc38b5da004606e28993842""}",1,22
2015+2016,0.042000000000000003,42,0.0019963446982921001,0.0018497161774399,0.94999999999999996,0.050000000000000003,tilde_q_mu,asymptotic,count_scale,6.1564220550042031e-06,1,1,1,False,6.1564220550042031e-06,5.0770115567668662e-06,5.0770115567668662e-06,1.2126074534533313,0.5,0,accepted fixed-reviewed v4.1/v4.2 shared-epsilon2 observed scan,"{""2015"": ""7c9cd0053c09557c9728900c3f90345739cf3b040312051649d4b259cd370944"", ""2016"": ""ae52a86ef8581d2c6a5a8da352abd1e41d463b5ef419e194c33bc5d5571faaad""}",1,22
2015+2016,0.042999999999999997,43,0.0020397294269499,0.00188326655089,0.94999999999999996,0.050000000000000003,tilde_q_mu,asymptotic,count_scale,5.1661189681343883e-06,1,1,1,False,5.1661189681343883e-06,4.2592766837872852e-06,4.2592766837872852e-06,1.2129099261851082,0.5,0,accepted fixed-reviewed v4.1/v4.2 shared-epsilon2 observed scan,"{""2015"": ""fcdfd928f90208f8351034a5ae8569b5852f3ff6fdb536577468d5fd3f9b3e16"", ""2016"": ""4fb0070335f2e649d0158fef3a32aaf018731fca6d9eb018f48ffe2e81dd5ccb""}",1,22
2015+2016,0.043999999999999997,44,0.0020831711001578,0.0019169308134400001,0.94999999999999996,0.050000000000000003,tilde_q_mu,asymptotic,count_scale,4.868110484727118e-06,1,1,1,False,4.868110484727118e-06,4.0116806535298649e-06,4.0116806535298649e-06,1.2134840494952366,0.5,0,accepted fixed-reviewed v4.1/v4.2 shared-epsilon2 observed scan,"{""2015"": ""b341e5101610134fde1aa09e0410e69d91977f1189aafc2e34dfb7f9b5ef76f7"", ""2016"": ""2e833ac7cbcdfec8c09ad3fa1f0778a9621925341c0bd14db1020008fb8a08a3""}",1,21
2015+2016,0.044999999999999998,45,0.0021266743884956001,0.0019507183062498999,0.94999999999999996,0.050000000000000003,tilde_q_mu,asymptotic,count_scale,5.6853757028293367e-06,1,1,1,False,5.6853757028293367e-06,4.7206215100686364e-06,4.7206215100686364e-06,1.2043701641199092,0.49990260198329139,0.000244140625,accepted fixed-reviewed v4.1/v4.2 shared-epsilon2 observed scan,"{""2015"": ""36f1e3ecc68c320aee096bba134eeee43f0d9cdfebe5cf1b1ae51335e77b500b"", ""2016"": ""cd8f52407632c6766fc241cc09824c916f4a169cf689d94c95e7526b753f2402""}",1,22
2015+2016,0.045999999999999999,46,0.0021702438292234001,0.0019846381038399002,0.94999999999999996,0.050000000000000003,tilde_q_mu,asymptotic,count_scale,5.1083300607776585e-06,1,1,1,False,5.1083300607776585e-06,4.215577280403488e-06,4.215577280403488e-06,1.2117747394939755,0.5,0,accepted fixed-reviewed v4.1/v4.2 shared-epsilon2 observed scan,"{""2015"": ""132dc71fa396103819bc1e041aaa1c5ab42b370ebc498fe14a6f48c438d2665b"", ""2016"": ""46f48edf54df6400a2c743d385adec0415c3b6766e19ba37d4b77d9a1ec7ed27""}",1,22
2015+2016,0.047,47,0.0022138838262813001,0.0020186990140900001,0.94999999999999996,0.050000000000000003,tilde_q_mu,asymptotic,count_scale,5.9971269163247596e-06,1,1,1,False,5.9971269163247596e-06,4.9789484675808296e-06,4.9789484675808296e-06,1.2044966834610848,0.5,0,accepted fixed-reviewed v4.1/v4.2 shared-epsilon2 observed scan,"{""2015"": ""6a0341d49be07f905c9952418dae124f95e13df622de947886d3f9b364fb1bc6"", ""2016"": ""83f4d90a9ed3eed097164928f8361a852a1a5ee327398fcc62da3413446a1f09""}",1,22
2015+2016,0.048000000000000001,48,0.0022575986502890001,0.00205290957824,0.94999999999999996,0.050000000000000003,tilde_q_mu,asymptotic,count_scale,6.9446561598374628e-06,1,1,1,False,6.9446561598374628e-06,5.9151536029339561e-06,5.9151536029339561e-06,1.1740449405054953,0.34690016060193141,0.39370300678600062,accepted fixed-reviewed v4.1/v4.2 shared-epsilon2 observed scan,"{""2015"": ""af84d12311a3d411fe8bff296d17d61caded4b558649b5d5e7da8ded237a4f8f"", ""2016"": ""17fad25caac0afc446e5a987f7e5a8958b2fc8d29b4c6e6d77aaea1e39e9fcb0""}",1,22
2015+2016,0.049000000000000002,49,0.0023013924385470001,0.0020872780708900002,0.94999999999999996,0.050000000000000003,tilde_q_mu,asymptotic,count_scale,7.5561702038154481e-06,1,1,1,False,7.5561702038154481e-06,6.5098513034046651e-06,6.5098513034046651e-06,1.160728540736953,0.24156443928924931,0.70127906086317671,accepted fixed-reviewed v4.1/v4.2 shared-epsilon2 observed scan,"{""2015"": ""689dcdfca223b39c0a01cf1eb7d48ed3ca6c1a80b50613465e80876339ac5874"", ""2016"": ""67aa76c74e5e83845631a436bef6db272c230d545d85ceb5466830ef5cd39da8""}",1,22
2015+2016+2021,0.050000000000000003,50,0.0022282419633566,0.0019941874999999001,0.94999999999999996,0.050000000000000003,tilde_q_mu,asymptotic,count_scale,9.8073401099816644e-06,1,1,1,False,9.8073401099816644e-06,8.8084759846554863e-06,8.8084759846554863e-06,1.1133980642129486,0.030015763366390801,1.8805619873210484,accepted fixed-reviewed v4.1/v4.2 shared-epsilon2 observed scan,"{""2015"": ""5481710629bd0c58e549286106e27286ad76a030bb4a86cb0922510d626d8113"", ""2016"": ""ce64e3c3e73a3dff92f30884683d78afc1210a60abdab0061a52b5ac6a96cb50"", ""2021"": ""d71c4301421145c19b759eb343d0aab57512175a086482ce8495d45dc1f04052""}",1,23
2015+2016+2021,0.050999999999999997,51,0.0022599838186085001,0.0020014858749999001,0.94999999999999996,0.050000000000000003,tilde_q_mu,asymptotic,count_scale,1.0768354476742012e-05,1,1,1,False,1.0768354476742012e-05,9.7998719933794203e-06,9.7998719933794203e-06,1.0988260340560445,0.0086216185747851008,2.3814797848747125,accepted fixed-reviewed v4.1/v4.2 shared-epsilon2 observed scan,"{""2015"": ""139c6b48ab3f1458c5b09bfea36fb7779dae668837fa9f5ccf56cd25f1a46dcc"", ""2016"": ""19e8aeddf94ddd187bfe0364fe342b227b10904e459c3dc7fc3b82f560716084"", ""2021"": ""3be0af678fa034a176d212a08ba84d3088549d6081f3a5c2cbdebdd8a37f123f""}",1,23
2015+2016+2021,0.051999999999999998,52,0.0022918433080137001,0.0020089560000000001,0.94999999999999996,0.050000000000000003,tilde_q_mu,asymptotic,count_scale,9.1018219840240167e-06,1,1,1,False,9.1018219840240167e-06,8.1688789870086897e-06,8.1688789870086897e-06,1.1142069797458165,0.031157141977240801,1.864052842683549,accepted fixed-reviewed v4.1/v4.2 shared-epsilon2 observed scan,"{""2015"": ""1cf46d16185948cf0e078e88da741971e0ff2b9a633adbc2d8ad70d6635aa099"", ""2016"": ""c49b482eb7c22f2e37552899d4389c127203fad91cf5457a25fd92e9f2b046f0"", ""2021"": ""5d166fe4c8c8779d4a1b6b6916a26b96ba9bca3d57043be7fe4831e843338c0d""}",1,23
2015+2016+2021,0.052999999999999999,53,0.0023238228342523002,0.0020165978750000002,0.94999999999999996,0.050000000000000003,tilde_q_mu,asymptotic,count_scale,7.2865601081351547e-06,1,1,1,False,7.2865601081351547e-06,6.4091330800327293e-06,6.4091330800327293e-06,1.1369026071304396,0.1049034973116522,1.2540963287315596,accepted fixed-reviewed v4.1/v4.2 shared-epsilon2 observed scan,"{""2015"": ""a55ac95fc6aaaf58ea58fdd4ee5242757e1baca601187fadd0cdb705a5994950"", ""2016"": ""d87adb9d883fe82433f4053072425e3269809f7cf9962b986df8a057be3bd76f"", ""2021"": ""04a6b97c523de07d5c4fa0db96f3a1541c7331f509fb9b1a18afb05cac4ee6a0""}",1,22
2015+2016+2021,0.053999999999999999,54,0.0023559247111242,0.0020244115,0.94999999999999996,0.050000000000000003,tilde_q_mu,asymptotic,count_scale,5.3243083460144169e-06,1,1,1,False,5.3243083460144169e-06,4.5334450482882263e-06,4.5334450482882263e-06,1.1744508402114218,0.3428113610235296,0.4048024577641039,accepted fixed-reviewed v4.1/v4.2 shared-epsilon2 observed scan,"{""2015"": ""eb55a79c8e7cc6725a57d90759bb780c82b65e9c67b6aa6b9f4d07cde1e14f6f"", ""2016"": ""8ea1a57b906bf8c52963996a56b529f725cadc79f65b1341b818e8ab72fde502"", ""2021"": ""88955434ab686fe95a835f5a57037e04b72999a939c8365dfbf68c447ad032a4""}",1,22
2015+2016+2021,0.055,55,0.0023881511635494,0.0020323968750000001,0.94999999999999996,0.050000000000000003,tilde_q_mu,asymptotic,count_scale,3.6692205680167014e-06,1,1,1,False,3.6692205680167014e-06,3.0339045073039063e-06,3.0339045073039063e-06,1.2094054243247661,0.49986225840519077,0.00034526698300120002,accepted fixed-reviewed v4.1/v4.2 shared-epsilon2 observed scan,"{""2015"": ""a1a31cb448f2fc35b2de7da438eef9ce4b74de7ee8345b94e53157e4cc625f85"", ""2016"": ""24ff4c687280c76e307e89e2a56bed76e17cd5e910d367e878c65f722bf1d38b"", ""2021"": ""3ac594c5fab374c0fa25df83c4ac2db978beea5b627b1a5fe57f17f6c08c42c9""}",1,22
2015+2016+2021,0.056000000000000001,56,0.002420504327568,0.002040554,0.94999999999999996,0.050000000000000003,tilde_q_mu,asymptotic,count_scale,3.1043697290264436e-06,1,1,1,False,3.1043697290264436e-06,2.5575514240834826e-06,2.5575514240834826e-06,1.2138053998812233,0.5,0,accepted fixed-reviewed v4.1/v4.2 shared-epsilon2 observed scan,"{""2015"": ""fda6af1aabde683857b8b7478fa748df11a76065b404fb7074370cb59c977483"", ""2016"": ""6d1d3a72e8b4670997ab444b804c93ac6753e38abe363fe0239bcd1fa3a1abeb"", ""2021"": ""d3101ffa5b4cc46e588c202d2ad32f10b88abad5d23b10117ea8df86aeef4dff""}",1,22
2015+2016+2021,0.057000000000000002,57,0.0024529862503399002,0.0020488828750000001,0.94999999999999996,0.050000000000000003,tilde_q_mu,asymptotic,count_scale,2.6128443984031776e-06,1,1,1,False,2.6128443984031776e-06,2.1524290091894478e-06,2.1524290091894478e-06,1.2139050288060886,0.5,0,accepted fixed-reviewed v4.1/v4.2 shared-epsilon2 observed scan,"{""2015"": ""36c3c4cad84a81d6a617c2126655d6569a318a45b8a4599b39c4bc222c02def9"", ""2016"": ""9106b0a7b3841e321cf81ea07b0cc140ab582460d4326ef50e0d97993ad8cac0"", ""2021"": ""962655a2d0d4c813f6d9a20279c0099354f246060ebc2df63d37f7b611b2ab80""}",1,22
2015+2016+2021,0.058000000000000003,58,0.0024855988901450001,0.0020573835,0.94999999999999996,0.050000000000000003,tilde_q_mu,asymptotic,count_scale,2.4858426924099812e-06,1,1,1,False,2.4858426924099812e-06,2.0488407757413198e-06,2.0488407757413198e-06,1.2132922781715645,0.5,0,accepted fixed-reviewed v4.1/v4.2 shared-epsilon2 observed scan,"{""2015"": ""9e91507c29685d60168d21a6e0a0a2550eb12823de4e20bb67bd3313bd740c5b"", ""2016"": ""df8190bc2cb10d94ada0ba9eb9fe0c5fcfb21846c3fd7adb3fcc763d4a246e50"", ""2021"": ""5f877536cf2aef1c2ba0c9f70fb88ae900587f5af52b0a94c7cdceaf41ad142d""}",1,22
2015+2016+2021,0.058999999999999997,59,0.0025183441163837,0.0020660558750000002,0.94999999999999996,0.050000000000000003,tilde_q_mu,asymptotic,count_scale,2.4241131616216396e-06,1,1,1,False,2.4241131616216396e-06,1.997579847592649e-06,1.997579847592649e-06,1.2135250385825729,0.5,0,accepted fixed-reviewed v4.1/v4.2 shared-epsilon2 observed scan,"{""2015"": ""7f2810d00906e06fc6e9a7bcfb9ab80e8c7aad1b1a37f2d590e6c01f3727b8d3"", ""2016"": ""ff95117598ab10d290c3f38174b6af47a9d3da3e2abc4d9d42072f4e29a5b42c"", ""2021"": ""e37ad2480aafa817403ad3950f1889d98367d65f2a31ecbda9113af00659fc54""}",1,22
2015+2016+2021,0.059999999999999998,60,0.0025512237095756001,0.0020749000000000002,0.94999999999999996,0.050000000000000003,tilde_q_mu,asymptotic,count_scale,2.5020763914700573e-06,1,1,1,False,2.5020763914700573e-06,2.0616705652776222e-06,2.0616705652776222e-06,1.2136160032595364,0.5,0,accepted fixed-reviewed v4.1/v4.2 shared-epsilon2 observed scan,"{""2015"": ""2fc68b31b25316e135cce370bea882f9c3c2e32bdf4e07652211cc4d2600dbba"", ""2016"": ""22994e1d90ec0ec60d9780f2767cf1d1ff3697c5e5855fc2869aa98d33e29ab8"", ""2021"": ""34501b85e44609ca5b59c1a0dca6ed374191033ceabc7207964400d067ae4459""}",1,22
2015+2016+2021,0.060999999999999999,61,0.0025842393613608001,0.002083915875,0.94999999999999996,0.050000000000000003,tilde_q_mu,asymptotic,count_scale,2.8208013267814109e-06,1,1,1,False,2.8208013267814109e-06,2.3283196999228549e-06,2.3283196999228549e-06,1.2115180431943575,0.5,0,accepted fixed-reviewed v4.1/v4.2 shared-epsilon2 observed scan,"{""2015"": ""516c8e03a53a960095557fe1fe8e3c2e1b0149a0b63279831d7815dd564fa6ce"", ""2016"": ""ef433aaf68006ec46e99ea0d1947283f99dcd8ebe786da80a868e6148bc9bcaf"", ""2021"": ""76d6b6909bfc4209a4a18498e7f99964c3fef5d817794f5720a04fe8d4bfb138""}",1,22
2015+2016+2021,0.062,62,0.0026173926744994,0.0020931035,0.94999999999999996,0.050000000000000003,tilde_q_mu,asymptotic,count_scale,3.6093512418112655e-06,1,1,1,False,3.6093512418112655e-06,3.0381449391717667e-06,3.0381449391717667e-06,1.1880115379864715,0.4663616455466762,0.084419012952798703,accepted fixed-reviewed v4.1/v4.2 shared-epsilon2 observed scan,"{""2015"": ""59b3f2d09cee13d468e081d4f4c94896ab2e1fa1b7aafe79f0ebf39b3a5a6a7e"", ""2016"": ""81de1595546eab07023d709994777ccb10e476711b9f4ac719b181c77ffd04f6"", ""2021"": ""acf0181153b59e093ffec171e37d973554940081f24f05e4960cd7db4ac22e0b""}",1,20
2015+2016+2021,0.063,63,0.0026506851628713001,0.0021024628749999,0.94999999999999996,0.050000000000000003,tilde_q_mu,asymptotic,count_scale,5.2265089693934346e-06,1,1,1,False,5.2265089693934346e-06,4.6094029289380804e-06,4.6094029289380804e-06,1.1338798213063843,0.093412485638666304,1.3200300919108283,accepted fixed-reviewed v4.1/v4.2 shared-epsilon2 observed scan,"{""2015"": ""d3b2f910eda4e5045cb19e793ffab21bd5a648e374391d311fa0f01526904b4b"", ""2016"": ""7afbf801261e9b33dc1b50fde81ac9c9f4ea0429a2f6747bb5e7cc1983ee2fc3"", ""2021"": ""f34eb4ed3d9706d2fe58cb26f7f312f0721a13f5b4931f38980b0590e31934b2""}",1,22
2015+2016+2021,0.064000000000000001,64,0.0026841182514764001,0.0021119939999999001,0.94999999999999996,0.050000000000000003,tilde_q_mu,asymptotic,count_scale,7.3393570624853887e-06,1,1,1,False,7.3393570624853887e-06,6.7341164199213838e-06,6.7341164199213838e-06,1.0898767714756958,0.0029439698814883999,2.7539575883124776,accepted fixed-reviewed v4.1/v4.2 shared-epsilon2 observed scan,"{""2015"": ""fefb7d9381514ca6223c6c7b8013bea8a04f7141ca6fb1e9c2fb524e27cbda02"", ""2016"": ""a391a2921ac166788fd728e2293c02d9641a253103c00e060d6858b58b1dfc7d"", ""2021"": ""809e121ef77a01244075e645d23acb3f88e1cba3d665053a9211b761a9f47a14""}",1,23
2015+2016+2021,0.065000000000000002,65,0.0027176932764350001,0.0021216968750000001,0.94999999999999996,0.050000000000000003,tilde_q_mu,asymptotic,count_scale,9.0714197484469024e-06,1,1,1,False,9.0714197484469024e-06,8.4782887691013899e-06,8.4782887691013899e-06,1.069958808375004,3.2591825213041319e-05,3.9932141411659789,accepted fixed-reviewed v4.1/v4.2 shared-epsilon2 observed scan,"{""2015"": ""2c1561bcc11251efc8c218267db6364814d4aa7117a6d87bb2334cf5017907b0"", ""2016"": ""9739e8f136c598fb4680fb3bb9852b57d99fca14530b7a8f6807365413ade411"", ""2021"": ""c02fb8a3fc4bbe27ec9021f61d0eb0bd2f405538aa2a6379fa7dde71dc0102b4""}",1,23
2015+2016+2021,0.066000000000000003,66,0.0027514114849869001,0.0021315714999999001,0.94999999999999996,0.050000000000000003,tilde_q_mu,asymptotic,count_scale,8.6683946417672656e-06,1,1,1,False,8.6683946417672656e-06,8.1026231676845568e-06,8.1026231676845568e-06,1.0698257172244117,4.437467718164273e-05,3.9194552034965895,accepted fixed-reviewed v4.1/v4.2 shared-epsilon2 observed scan,"{""2015"": ""7bb584113d1fdd81809c4bd1cd22a2f5e837412fc36f5221c52a2b8cc3eb32ba"", ""2016"": ""29c946f2a933137950daa0616b59fa6a2f4ddd1eb68d0e14dbf3e0b8067c5ea1"", ""2021"": ""3e1332a932784c52a38d73acbf3c753834f35dcb778a5a6b0f7d518f5e6c1a10""}",1,23
2015+2016+2021,0.067000000000000004,67,0.0027852740354921001,0.0021416178750000001,0.94999999999999996,0.050000000000000003,tilde_q_mu,asymptotic,count_scale,7.1435837855119997e-06,1,1,1,False,7.1435837855119997e-06,6.5925794879799443e-06,6.5925794879799443e-06,1.0835794696956913,0.0017399450499956,2.9218232053358104,accepted fixed-reviewed v4.1/v4.2 shared-epsilon2 observed scan,"{""2015"": ""b913a5a250e55fee36a822e73b359a794dcafc1a971000115afb165a12f88177"", ""2016"": ""63adfd24029cfa79f390face76d3c7388edb87ee40092292526402aa658b9ee1"", ""2021"": ""c06007e5f88070042f711ce09fe76cc2f073a0334ab125b7d1c7c7e1f13b65ac""}",1,23
2015+2016+2021,0.068000000000000005,68,0.0028192819974307,0.0021518359999999001,0.94999999999999996,0.050000000000000003,tilde_q_mu,asymptotic,count_scale,4.9992508558888678e-06,1,1,1,False,4.9992508558888678e-06,4.45319175224651e-06,4.45319175224651e-06,1.1226219606121579,0.053137496041251397,1.6151648878951701,accepted fixed-reviewed v4.1/v4.2 shared-epsilon2 observed scan,"{""2015"": ""3e4e93bc1df447f369f1a5b26a144c4ef6b4b5580d1708fdc4402c9ee7fb1a79"", ""2016"": ""b57659171f93690b4e17e6be699f1f2f83ae0ea9fed26d5cb944bdafc4764e53"", ""2021"": ""ce98206e958c861e64ed912c6215f0bab9c93d83c91af1183d234c8665a23a6c""}",1,22
2015+2016+2021,0.069000000000000006,69,0.0028534363514026002,0.0021622258749999001,0.94999999999999996,0.050000000000000003,tilde_q_mu,asymptotic,count_scale,2.7205266714498117e-06,1,1,1,False,2.7205266714498117e-06,2.27011275334688e-06,2.27011275334688e-06,1.1984103729820803,0.5,0,accepted fixed-reviewed v4.1/v4.2 shared-epsilon2 observed scan,"{""2015"": ""b7c5edc9ba64f18410bb8dcedf549da3692750782ce5a743110fc07ef0826d37"", ""2016"": ""2e856875708bfb69546d16504a244b8f49197053b8462c6927a86783566e315a"", ""2021"": ""3c5f124c769d7d05d4be17e2e8e82ee3520470271c0ec012cd3b9a3eec20cd84""}",1,21
2015+2016+2021,0.070000000000000007,70,0.0028877379891278001,0.0021727875,0.94999999999999996,0.050000000000000003,tilde_q_mu,asymptotic,count_scale,1.9025479840245767e-06,1,1,1,False,1.9025479840245767e-06,1.5676550290582404e-06,1.5676550290582404e-06,1.2136266900298347,0.5,0,accepted fixed-reviewed v4.1/v4.2 shared-epsilon2 observed scan,"{""2015"": ""87bb480a3a3547288571074b68e3d7cff8492e7355ea0c1d6079b07d1dc39590"", ""2016"": ""e0eb0e69c703783f29501f066fd7a9a6ea4a4a8f8186924a641496fba5d34c77"", ""2021"": ""46966dc761fb985a7b8a6250f35b860bf31f788af9091471f6da86fa8d6164f9""}",1,22
2015+2016+2021,0.070999999999999994,71,0.0029221877134464002,0.002183520875,0.94999999999999996,0.050000000000000003,tilde_q_mu,asymptotic,count_scale,1.5677231839578147e-06,1,1,1,False,1.5677231839578147e-06,1.2926410285515583e-06,1.2926410285515583e-06,1.2128063006900638,0.5,0,accepted fixed-reviewed v4.1/v4.2 shared-epsilon2 observed scan,"{""2015"": ""8e1ef54b5007c437ad6cd891fdf5fa8037ecf210638b2e7971cb7476df050767"", ""2016"": ""fda6ead06a750c4d0167bcecb669a733fe772270ee1873ad5dfc2d433a8f0242"", ""2021"": ""a9ad79e06a4aa7736d46d4506fbe5ade5b18911a4fb8408a19504c9b841eb4d0""}",1,22
2015+2016+2021,0.071999999999999995,72,0.0029567862383184,0.0021944260000000002,0.94999999999999996,0.050000000000000003,tilde_q_mu,asymptotic,count_scale,1.3829835976484506e-06,1,1,1,False,1.3829835976484506e-06,1.1339702931939487e-06,1.1339702931939487e-06,1.2195942044946602,0.5,0,accepted fixed-reviewed v4.1/v4.2 shared-epsilon2 observed scan,"{""2015"": ""f51f9fd0ef720f6525508ebbb80f71034fd21c6eddb66c0940d43306294ea2b9"", ""2016"": ""3be1bf6f126ce1cee30a1bff5b03729d2acb9f43f01f32c9aca78fb32ca95f60"", ""2021"": ""623bd93aad7372d8b9df6af805219ec07ad69083b59e4669734e1e35df7aea8e""}",1,22
2015+2016+2021,0.072999999999999995,73,0.0029915341888236001,0.0022055028750000002,0.94999999999999996,0.050000000000000003,tilde_q_mu,asymptotic,count_scale,1.3797019731253132e-06,1,1,1,False,1.3797019731253132e-06,1.1384917259747678e-06,1.1384917259747678e-06,1.2118682478294016,0.5,0,accepted fixed-reviewed v4.1/v4.2 shared-epsilon2 observed scan,"{""2015"": ""dde06438e77e8a97417088f6f82fb9a987a1c8e619863ae4abe6ed4c02a900bc"", ""2016"": ""15583128e81c255149b9b83e03d8f5b34cc3aaa00472eb2195f147b9509dd906"", ""2021"": ""baaf89e9cbb7140a36e1421205f948cecba663d2a66bc3501870567f0e9a6ed0""}",1,22
2015+2016+2021,0.073999999999999996,74,0.0030264321011620001,0.0022167515,0.94999999999999996,0.050000000000000003,tilde_q_mu,asymptotic,count_scale,1.567109139868462e-06,1,1,1,False,1.567109139868462e-06,1.2912182897063789e-06,1.2912182897063789e-06,1.2136670866277928,0.5,0,accepted fixed-reviewed v4.1/v4.2 shared-epsilon2 observed scan,"{""2015"": ""807587e64df8fbd5856fdcba7206fe6f7e5a708f69c04946e5b6c86c524c3f91"", ""2016"": ""a711bd662fcb9f6039f6da67283b4f4351cb6d7fbb47f1d346656f945a723381"", ""2021"": ""a8cb5c47f00cc2603cf9d62107779019ffba406540df27ffb720a884ebe75e30""}",1,22
2015+2016+2021,0.074999999999999997,75,0.003061480422654,0.0022281718750000001,0.94999999999999996,0.050000000000000003,tilde_q_mu,asymptotic,count_scale,1.8603642554359427e-06,1,1,1,False,1.8603642554359427e-06,1.5345605161825208e-06,1.5345605161825208e-06,1.2123107794171024,0.5,0,accepted fixed-reviewed v4.1/v4.2 shared-epsilon2 observed scan,"{""2015"": ""c61c4140b8d31f96fe89ce10733162cfb6cdfb80ab51e559014b6c22f2defbbb"", ""2016"": ""0ad86ee26839efd9b7654b017287166a8e79a070aaa01357af2ad9282badf79b"", ""2021"": ""a941daa940b45ffb6c6641857e657996456549e96cef5c26628ee095f3ccd67b""}",1,22
2015+2016+2021,0.075999999999999998,76,0.0030966795117393,0.002239764,0.94999999999999996,0.050000000000000003,tilde_q_mu,asymptotic,count_scale,2.4942005538746424e-06,1,1,1,False,2.4942005538746424e-06,2.0789736447310619e-06,2.0789736447310619e-06,1.1997268749394343,0.5,0,accepted fixed-reviewed v4.1/v4.2 shared-epsilon2 observed scan,"{""2015"": ""4c5949c9beb50b50e3981220a461539707b5434963aec451dfc337a3b61f6144"", ""2016"": ""fcfcb6709191498313a1729d1665f61114fcd9e98d30dfb1fade2f9fc60a93d4"", ""2021"": ""102801f6a1018e132656e7c6ca42d24853ec312450f53931e8beb15761f47c41""}",1,21
2015+2016+2021,0.076999999999999999,77,0.0031320296379778001,0.0022515278750000001,0.94999999999999996,0.050000000000000003,tilde_q_mu,asymptotic,count_scale,3.2704218459572171e-06,1,1,1,False,3.2704218459572171e-06,2.8238831689959415e-06,2.8238831689959415e-06,1.1581293028918214,0.225268073316401,0.75452148949398079,accepted fixed-reviewed v4.1/v4.2 shared-epsilon2 observed scan,"{""2015"": ""9836da65d7797d52fb934a2aa65709a6b4c67fcb7ca5027140e194f3d48be1d0"", ""2016"": ""de0cfecf9bc3d2edf1b4678a3d78730e9d68681abb52d7d18852929d557aa312"", ""2021"": ""07fb71d4aa2e3e9809f58e3a2d6c410cdfcf858d60ac2ec333367aa4fd3111d2""}",1,22
2015+2016+2021,0.078,78,0.0031675309820498,0.0022634635,0.94999999999999996,0.050000000000000003,tilde_q_mu,asymptotic,count_scale,4.1537939683735645e-06,1,1,1,False,4.1537939683735645e-06,3.6951381631611032e-06,3.6951381631611032e-06,1.12412412877685,0.058942403980740403,1.5637137467216951,accepted fixed-reviewed v4.1/v4.2 shared-epsilon2 observed scan,"{""2015"": ""78e31ec888b0b596a9d4ee2afb334e9dc7583a97f0130d76385d7b748ea3190e"", ""2016"": ""c2a20879369c57c81ec22396308abf77e61b5d08de83bc5dc93b3a210936023f"", ""2021"": ""1bea3a8090227a00703f46cdbc8066728bd7f64d9578388b8fb4c7786a7a0ba2""}",1,22
2015+2016+2021,0.079000000000000001,79,0.0032031836357549002,0.0022755708750000002,0.94999999999999996,0.050000000000000003,tilde_q_mu,asymptotic,count_scale,4.8442282184743865e-06,1,1,1,False,4.8442282184743865e-06,4.3778293441685295e-06,4.3778293441685295e-06,1.1065365590203105,0.017623283192932899,2.10551427109012,accepted fixed-reviewed v4.1/v4.2 shared-epsilon2 observed scan,"{""2015"": ""4f88b374e563705f5471a09a9f707f947a4b1570ae67ea7a4c90351541759a1b"", ""2016"": ""895cb34232890eeae72c5718b4725753b0f95a9051f98b3e92668c712285e491"", ""2021"": ""e650abd6edcd66f6d0690f719b5f696f589ec5767919517108cd60cb00eed5f6""}",1,22
2015+2016+2021,0.080000000000000002,80,0.0032389876020134001,0.0022878500000000001,0.94999999999999996,0.050000000000000003,tilde_q_mu,asymptotic,count_scale,4.7813312108634982e-06,1,1,1,False,4.7813312108634982e-06,4.3239536998578363e-06,4.3239536998578363e-06,1.1057776152923884,0.0166061023537095,2.1295085929792177,accepted fixed-reviewed v4.1/v4.2 shared-epsilon2 observed scan,"{""2015"": ""ec37f0db4fab6399c6e30d854e194b9b2dfad72aed0748103cb8a799e067830d"", ""2016"": ""ed456d9622933fd7834d90a7c12a26ca388a22459aec014e0f226fe451a5834d"", ""2021"": ""b1921eed8ad414f649427e474ce16658755b70b28776dff8099974540fd5b632""}",1,22
2015+2016+2021,0.081000000000000003,81,0.0032749427948655001,0.0023003008749999001,0.94999999999999996,0.050000000000000003,tilde_q_mu,asymptotic,count_scale,4.5272662960850146e-06,1,1,1,False,4.5272662960850146e-06,4.0698291964690428e-06,4.0698291964690428e-06,1.1123971246785593,0.027148205488759899,1.9244643035713913,accepted fixed-reviewed v4.1/v4.2 shared-epsilon2 observed scan,"{""2015"": ""b36ae82091d931babcbdd19f53f7aafadc08e19497e4f6fd0115881cfe76a811"", ""2016"": ""c891c39f123b4f51d60f1575f5bc89c128b849677a392b56757e6beb2cb2030c"", ""2021"": ""c0a5f710de4c69c923ddf92fab72de00484ea935a4c97cc0dc84ce4dff8d2db7""}",1,22
2015+2016+2021,0.082000000000000003,82,0.0033110490394707001,0.0023129234999999001,0.94999999999999996,0.050000000000000003,tilde_q_mu,asymptotic,count_scale,3.7189365163339631e-06,1,1,1,False,3.7189365163339631e-06,3.273910151697193e-06,3.273910151697193e-06,1.1359311477763276,0.1009110763561428,1.2763773677685539,accepted fixed-reviewed v4.1/v4.2 shared-epsilon2 observed scan,"{""2015"": ""cd384a23cf950d9061b3a75cda258e5fd3a64cb396f0d26c3b3572c5c9c069db"", ""2016"": ""0810bdbc32bf35433eeed1b51d2cfbd8e91dc3adea0c7039e6bcc564f0a38f06"", ""2021"": ""54cf64aa5a5753f5780ed261b37bb79f81c6912dcf22940f12e36461e58848a0""}",1,22
2015+2016+2021,0.083000000000000004,83,0.0033473060721092001,0.0023257178750000001,0.94999999999999996,0.050000000000000003,tilde_q_mu,asymptotic,count_scale,2.7287489953569318e-06,1,1,1,False,2.7287489953569318e-06,2.3191684817982414e-06,2.3191684817982414e-06,1.1766066229225007,0.36990308164063412,0.33211004780746289,accepted fixed-reviewed v4.1/v4.2 shared-epsilon2 observed scan,"{""2015"": ""0e0622b42c18e55f60abba6ec2bb8f89d34d7bffaa8a1d7c0f19a6b22fcc0eea"", ""2016"": ""41db5c976dc6253f483e5e9415df42f64dfbcdcc915f0d7f73b8292d268cd1d3"", ""2021"": ""94a33b58736814c804867fd779d7ac1769bce6a2aaeb70d86f2024901ee3f1e7""}",1,22
2015+2016+2021,0.084000000000000005,84,0.0033837135401812001,0.0023386840000000002,0.94999999999999996,0.050000000000000003,tilde_q_mu,asymptotic,count_scale,2.1553947280942372e-06,1,1,1,False,2.1553947280942372e-06,1.7947630630210993e-06,1.7947630630210993e-06,1.2009355287633854,0.5,0,accepted fixed-reviewed v4.1/v4.2 shared-epsilon2 observed scan,"{""2015"": ""8aac4c5309fd97ace26f551db1d76141285b61f798c1d6f1a6571e9fb45ed935"", ""2016"": ""6c8d6169944147373d59252270a1802b8440a7cb2c8cda8e77b7e7edb7e6bbf4"", ""2021"": ""cfc9067e95df885666c66bbed90f50cc45eca04535702e9116863cf6f8ed93bb""}",1,20
2015+2016+2021,0.085000000000000006,85,0.0034202710022063001,0.002351821875,0.94999999999999996,0.050000000000000003,tilde_q_mu,asymptotic,count_scale,2.1388029508362516e-06,1,1,1,False,2.1388029508362516e-06,1.7716423407635917e-06,1.7716423407635917e-06,1.2072430770165556,0.5,0,accepted fixed-reviewed v4.1/v4.2 shared-epsilon2 observed scan,"{""2015"": ""47247648eba9d0efb6f89ae510d0b656ca8fb743453786dffd25a16f1bebd64f"", ""2016"": ""ebfcb95497decefed76b23f482049e7284f4345fa0050c8baa3e607c78e9f55b"", ""2021"": ""e6defb2b20879d3da1f6e670dab154cbcb19e55fb2bc37937c00bd82577e1b02""}",1,22
2015+2016+2021,0.085999999999999993,86,0.0034569779278249002,0.0023651315000000001,0.94999999999999996,0.050000000000000003,tilde_q_mu,asymptotic,count_scale,2.0018908844841884e-06,1,1,1,False,2.0018908844841884e-06,1.6630978593261058e-06,1.6630978593261058e-06,1.203712020467252,0.5,0,accepted fixed-reviewed v4.1/v4.2 shared-epsilon2 observed scan,"{""2015"": ""72386ca45d012b9cc9fa1679109007a0da009fbd84feb5fa5160aac7f26e3c0b"", ""2016"": ""e8d5db788b709254e863de192689485bef858f30a79306b84d3ac066938092b1"", ""2021"": ""b24a9621af2e37d6c53b134e22af75f18a0d7cbbc8ae85fdcf44dfbcc15575fa""}",1,22
2015+2016+2021,0.086999999999999994,87,0.0034938336977969001,0.002378612875,0.94999999999999996,0.050000000000000003,tilde_q_mu,asymptotic,count_scale,1.9074557084190151e-06,1,1,1,False,1.9074557084190151e-06,1.5830101731435571e-06,1.5830101731435571e-06,1.2049548011628826,0.5,0,accepted fixed-reviewed v4.1/v4.2 shared-epsilon2 observed scan,"{""2015"": ""2c23f44cfc6ae74deae492ae5ac0ce76a754eeb5a9c33265e00cb9aae6121793"", ""2016"": ""d8f1b0417dbcc06c23e62ddbfe2808ffc73ed9c49c2865d8ed1f24014bf07fc3"", ""2021"": ""215f0bbc68ef71956ce10e17be54a77997b857d057c9212a167a5fc511c0beb6""}",1,22
2015+2016+2021,0.087999999999999995,88,0.0035308376040020001,0.0023922660000000001,0.94999999999999996,0.050000000000000003,tilde_q_mu,asymptotic,count_scale,2.0025543716900505e-06,1,1,1,False,2.0025543716900505e-06,1.6658488135095563e-06,1.6658488135095563e-06,1.2021225188323865,0.5,0,accepted fixed-reviewed v4.1/v4.2 shared-epsilon2 observed scan,"{""2015"": ""268768db5b636e5bbe64b003db3ffd3a7679fe4ed52f8ce5327a1fa640a75725"", ""2016"": ""84169f5291060c657567ee8029e0857777eae135053d448ec1fcba06b154446d"", ""2021"": ""d7571e8b29b2bb22a393295874875bfa9dc3ac6c20b8ded2438bc4c1da1fd286""}",1,22
2015+2016+2021,0.088999999999999996,89,0.0035679888494406001,0.002406090875,0.94999999999999996,0.050000000000000003,tilde_q_mu,asymptotic,count_scale,2.2248986389929674e-06,1,1,1,False,2.2248986389929674e-06,1.8546972242568097e-06,1.8546972242568097e-06,1.1996020751497594,0.5,0,accepted fixed-reviewed v4.1/v4.2 shared-epsilon2 observed scan,"{""2015"": ""4de8e80ec2b6a097725b4314eecac65a3627649e7e61e973e868d6bf48e9d26d"", ""2016"": ""d57eb1ba9959cfdb770849c4c805cb74e0a11cb7b6be6585ca5a493ff4465e9b"", ""2021"": ""cb3d95dee73d5ae1c6365e99b705093576d099295e75791dc0e14574d1cd7fff""}",1,22
2015+2016+2021,0.089999999999999997,90,0.0036052865482324001,0.0024200875000000002,0.94999999999999996,0.050000000000000003,tilde_q_mu,asymptotic,count_scale,2.7465172640707139e-06,1,1,1,False,2.7465172640707139e-06,2.3474448183774331e-06,2.3474448183774331e-06,1.1700029080850223,0.31656701666447951,0.47732033430190879,accepted fixed-reviewed v4.1/v4.2 shared-epsilon2 observed scan,"{""2015"": ""1e1d9ace71ca0fba1560ab5792934893701f2850b86b6614269aa59ad850370c"", ""2016"": ""df03e14f2a60e5b88b06defd412e760f2e38645e442dc7ed4c1728ff37394d3b"", ""2021"": ""590dffa16a8702a93f89b03f00fa1371023d8d38228193f72a2d38242d97190b""}",1,22
2016+2021,0.090999999999999998,91,0.0030887404241449002,0.0024342558750000002,0.94999999999999996,0.050000000000000003,tilde_q_mu,asymptotic,count_scale,3.2751856773286124e-06,1,1,1,False,3.2751856773286124e-06,2.861226337427733e-06,2.861226337427733e-06,1.1446789911325339,0.1490160347371729,1.0406628094926895,accepted fixed-reviewed v4.1/v4.2 shared-epsilon2 observed scan,"{""2016"": ""0ebce7a1af857593cf5f6ba95a2308036a64529d9349437b0c5d4de2846dc0ab"", ""2021"": ""996807c689107e9be87e078b2810d77e711a7dfda0f95b1a915c5d83904b454e""}",1,22
2016+2021,0.091999999999999998,92,0.0031185122707199,0.0024485959999999002,0.94999999999999996,0.050000000000000003,tilde_q_mu,asymptotic,count_scale,3.4508968192636109e-06,1,1,1,False,3.4508968192636109e-06,3.0266657482209935e-06,3.0266657482209935e-06,1.1401644933180914,0.1104253908323283,1.2242689617792579,accepted fixed-reviewed v4.1/v4.2 shared-epsilon2 observed scan,"{""2016"": ""149b81d158cf2ef6d379f6993d08929e9ad14bf3042c1a3474d9e9d784235d8d"", ""2021"": ""6c781d25f96e412a727bda5c6450be65c1ca206ffff72f600df70ea68c173f59""}",1,22
2016+2021,0.092999999999999999,93,0.003148499010945,0.0024631078749999002,0.94999999999999996,0.050000000000000003,tilde_q_mu,asymptotic,count_scale,3.3382165548965354e-06,1,1,1,False,3.3382165548965354e-06,2.9208736232192511e-06,2.9208736232192511e-06,1.1428829129612628,0.13212810213648529,1.1163877278760868,accepted fixed-reviewed v4.1/v4.2 shared-epsilon2 observed scan,"{""2016"": ""59f6bc6ca1b0f2392522858ea93e6dad1fdd66824b50e748f736098aa6a53c18"", ""2021"": ""a08626640d007b67a3d9fd694ae48bcff05c60985aaf80b4fa3a1c8100aafbc4""}",1,22
2016+2021,0.094,94,0.0031786987827198002,0.0024777915000000002,0.94999999999999996,0.050000000000000003,tilde_q_mu,asymptotic,count_scale,2.9172390000132681e-06,1,1,1,False,2.9172390000132681e-06,2.515446441863511e-06,2.515446441863511e-06,1.159730118464418,0.24417552035705001,0.69293388958521385,accepted fixed-reviewed v4.1/v4.2 shared-epsilon2 observed scan,"{""2016"": ""bcf35f81803e6c170310848615bb2c6939963c67f949f723e37c37efb452ebc1"", ""2021"": ""5d2270175bdbd3cdd1a28102903ffe396268ca68f725f41f6514c83e70a91b77""}",1,22
2016+2021,0.095000000000000001,95,0.0032091095906250002,0.0024926468749999001,0.94999999999999996,0.050000000000000003,tilde_q_mu,asymptotic,count_scale,2.5584213442092013e-06,1,1,1,False,2.5584213442092013e-06,2.1723584044773607e-06,2.1723584044773607e-06,1.1777160430507885,0.37995353418225009,0.30560282620925638,accepted fixed-reviewed v4.1/v4.2 shared-epsilon2 observed scan,"{""2016"": ""ac90fd887f4c28074fb10c59b210487dfeeb9afc393d13a7b296d4ea3f1dd8e1"", ""2021"": ""79472a4513dc19e9a50bb8dea14be8ed158052b203cf410c07a9a2103539f100""}",1,21
2016+2021,0.096000000000000002,96,0.0032397293059200001,0.0025076740000000001,0.94999999999999996,0.050000000000000003,tilde_q_mu,asymptotic,count_scale,2.0668110387869468e-06,1,1,1,False,2.0668110387869468e-06,1.7172073200005812e-06,1.7172073200005812e-06,1.2035885327965219,0.5,0,accepted fixed-reviewed v4.1/v4.2 shared-epsilon2 observed scan,"{""2016"": ""27da7b4afb42ddbad19c921a659dcf1d89146360c19cf9ebb3402a85e1b4bd0c"", ""2021"": ""b47ea07fb55d5a85d72596cd74e2223bd3e72b645b7a998c2ad5b6dd37cedc35""}",1,22
2016+2021,0.097000000000000003,97,0.0032705556665449001,0.0025228728750000002,0.94999999999999996,0.050000000000000003,tilde_q_mu,asymptotic,count_scale,1.8115455594836454e-06,1,1,1,False,1.8115455594836454e-06,1.4963664112757086e-06,1.4963664112757086e-06,1.2106296598432964,0.49986225840519077,0.00034526698300120002,accepted fixed-reviewed v4.1/v4.2 shared-epsilon2 observed scan,"{""2016"": ""0c16d75167f13227aa29b0b9720e2c53c0b159492331cd7935ec5d4682428094"", ""2021"": ""99300f1a883458ed6d352ed62be003ae25728c9eef6fc432182a9b23596f84be""}",1,22
2016+2021,0.098000000000000004,98,0.0033015862771200001,0.0025382435000000001,0.94999999999999996,0.050000000000000003,tilde_q_mu,asymptotic,count_scale,1.6907347722693475e-06,1,1,1,False,1.6907347722693475e-06,1.3942226325713348e-06,1.3942226325713348e-06,1.2126720172022754,0.5,0,accepted fixed-reviewed v4.1/v4.2 shared-epsilon2 observed scan,"{""2016"": ""7f783dbc56766cac250f4b1bdd1e8ea242dc53cb9485c6c41cc578c22fc0449c"", ""2021"": ""3e3498e1be6f487c5df595b5061341bbead904ec77a4095eb0b88b45251ad80d""}",1,22
2016+2021,0.099000000000000005,99,0.0033328186089449001,0.0025537858749999,0.94999999999999996,0.050000000000000003,tilde_q_mu,asymptotic,count_scale,1.7411342937295799e-06,1,1,1,False,1.7411342937295799e-06,1.4363136980542271e-06,1.4363136980542271e-06,1.2122242488450072,0.5,0,accepted fixed-reviewed v4.1/v4.2 shared-epsilon2 observed scan,"{""2016"": ""bc08c32787728d8a661be4c3b16575ea2474d3927cf288900f8d893e2096cdd9"", ""2021"": ""f3720c5a2cd0baa36cbd40bc78503059438d3132118bc3ebb1e7b38ff1779935""}",1,22
2016+2021,0.10000000000000001,100,0.0033642500000000001,0.0025695000000000002,0.94999999999999996,0.050000000000000003,tilde_q_mu,asymptotic,count_scale,1.7785513990140025e-06,1,1,1,False,1.7785513990140025e-06,1.4685446486129382e-06,1.4685446486129382e-06,1.2110979401912432,0.5,0,accepted fixed-reviewed v4.1/v4.2 shared-epsilon2 observed scan,"{""2016"": ""fbf37adc3ceafeee6aef17c6083c7d2613be5c0d58bb516716aeaf2ba30132c3"", ""2021"": ""61582de66912f54fc68e30c13ff6598325218abe1d29fd086249fc490d26ad33""}",1,22
2016+2021,0.10100000000000001,101,0.003395877654945,0.0025853858749999002,0.94999999999999996,0.050000000000000003,tilde_q_mu,asymptotic,count_scale,1.9070837476759094e-06,1,1,1,False,1.9070837476759094e-06,1.5784097171009358e-06,1.5784097171009358e-06,1.2082311246655584,0.49986225840519077,0.00034526698300120002,accepted fixed-reviewed v4.1/v4.2 shared-epsilon2 observed scan,"{""2016"": ""323e6f6890ce75b4ef88874df8cdb66c9b75a1316f90decd4abe51d1b6a79972"", ""2021"": ""de37588a09646d89ea671436f83278df609d18b8a8f54cbe91485846b2854d8a""}",1,21
2016+2021,0.10199999999999999,102,0.0034276986451199001,0.0026014434999999001,0.94999999999999996,0.050000000000000003,tilde_q_mu,asymptotic,count_scale,1.9673426987513168e-06,1,1,1,False,1.9673426987513168e-06,1.6299528408600426e-06,1.6299528408600426e-06,1.2069936316152869,0.5,0,accepted fixed-reviewed v4.1/v4.2 shared-epsilon2 observed scan,"{""2016"": ""fc1348127cfb90abca794765141a034bec7a330e9080ce5edb3cb91dfc024202"", ""2021"": ""225f72080a10c6fd1e90f2937fbc0c6a057a98c7772795c8325187ee1bce20a3""}",1,22
2016+2021,0.10299999999999999,103,0.0034597099085450001,0.0026176728750000001,0.94999999999999996,0.050000000000000003,tilde_q_mu,asymptotic,count_scale,2.1146772818769911e-06,1,1,1,False,2.1146772818769911e-06,1.760280788075115e-06,1.760280788075115e-06,1.201329524359243,0.49986225840519077,0.00034526698300120002,accepted fixed-reviewed v4.1/v4.2 shared-epsilon2 observed scan,"{""2016"": ""0e2e9b8116cf401445b172855eb03dd4481077cdb2a0915de5ada84c9f1a119f"", ""2021"": ""d02fc377c754df9a05d460ff5163caf7794fe0342f47fa64fe828aadbb276808""}",1,22
2016+2021,0.104,104,0.0034919082499199,0.0026340740000000001,0.94999999999999996,0.050000000000000003,tilde_q_mu,asymptotic,count_scale,2.2753068415110325e-06,1,1,1,False,2.2753068415110325e-06,1.9064783120587701e-06,1.9064783120587701e-06,1.1934606478968919,0.5,0,accepted fixed-reviewed v4.1/v4.2 shared-epsilon2 observed scan,"{""2016"": ""a5966f5bc11ac889326a97c437157be67ee044950db27d420c4d86ed93c32961"", ""2021"": ""e2194ce82781d9def715b59f2f4b6b20c2b91c2a627c28fe674cfcc84065aa31""}",1,22
2016+2021,0.105,105,0.0035242903406249,0.002650646875,0.94999999999999996,0.050000000000000003,tilde_q_mu,asymptotic,count_scale,2.3451949974424785e-06,1,1,1,False,2.3451949974424785e-06,1.9692010351980644e-06,1.9692010351980644e-06,1.1909373169746462,0.49469576331269338,0.0132961414103418,accepted fixed-reviewed v4.1/v4.2 shared-epsilon2 observed scan,"{""2016"": ""4572f9a5d08a663bb1428b773133bc42a28ff91d24c086d75b0592a3565f6f95"", ""2021"": ""f67245d5e3556756cb6fe6167150f9f8f6e2c8fd62bbb5a9627dbd0e1d44d866""}",1,22
2016+2021,0.106,106,0.0035568527187199001,0.0026673915,0.94999999999999996,0.050000000000000003,tilde_q_mu,asymptotic,count_scale,2.3476396722496724e-06,1,1,1,False,2.3476396722496724e-06,1.9737766543846426e-06,1.9737766543846426e-06,1.1894150571872013,0.49340163009877469,0.0165404147323772,accepted fixed-reviewed v4.1/v4.2 shared-epsilon2 observed scan,"{""2016"": ""10c76efeee3c3a0887fc0db82ca6b01122b9bf2a439cfb5e16cf0347061c6bc0"", ""2021"": ""cd8bc9c0aa6a891a5055b1d904cc434784bcbaa6bd895b15538e259e62885c1e""}",1,22
2016+2021,0.107,107,0.0035895917889450001,0.0026843078749999002,0.94999999999999996,0.050000000000000003,tilde_q_mu,asymptotic,count_scale,2.3086627457244989e-06,1,1,1,False,2.3086627457244989e-06,1.934727097750637e-06,1.934727097750637e-06,1.1932756554702775,0.49990260198329139,0.000244140625,accepted fixed-reviewed v4.1/v4.2 shared-epsilon2 observed scan,"{""2016"": ""c007102e7e60e74338e1a2d19c29ce00934ffb9e129e6e97cdb363e4d91909d1"", ""2021"": ""8a52a6a99667b521670be199c0fa1d9176a449ae0717da7f86f98bfa73df338c""}",1,22
2016+2021,0.108,108,0.0036225038227200002,0.002701396,0.94999999999999996,0.050000000000000003,tilde_q_mu,asymptotic,count_scale,2.2131931427878043e-06,1,1,1,False,2.2131931427878043e-06,1.8443197650917344e-06,1.8443197650917344e-06,1.2000051101104598,0.5,0,accepted fixed-reviewed v4.1/v4.2 shared-epsilon2 observed scan,"{""2016"": ""123dde2a7af2208a771e3ee55b56614d9577e9e901949462793bb398ca02b94a"", ""2021"": ""52606fb23e5792e5e8d68c42ccf86b5a3d2e2ff92a3a010271d5ad11e354fb34""}",1,22
2016+2021,0.109,109,0.0036555849581449001,0.0027186558749999002,0.94999999999999996,0.050000000000000003,tilde_q_mu,asymptotic,count_scale,2.1924170206065902e-06,1,1,1,False,2.1924170206065902e-06,1.827759289090679e-06,1.827759289090679e-06,1.199510807409071,0.5,0,accepted fixed-reviewed v4.1/v4.2 shared-epsilon2 observed scan,"{""2016"": ""c9d99b3be89873eea96df78ace6d4451cedf2a323c03538f4b2f151f72d31589"", ""2021"": ""bd94a75a2a42ef51b5f8a76ff407c5650a00ddf108789317bd2d09c0e5d9e437""}",1,22
2016+2021,0.11,110,0.0036888312000000001,0.0027360875000000001,0.94999999999999996,0.050000000000000003,tilde_q_mu,asymptotic,count_scale,2.1762878145895289e-06,1,1,1,False,2.1762878145895289e-06,1.8113677330640559e-06,1.8113677330640559e-06,1.2014610699221107,0.5,0,accepted fixed-reviewed v4.1/v4.2 shared-epsilon2 observed scan,"{""2016"": ""2c7976c88c6c42481ae40ce7384af39660e1f1bdeda3e91b9ba0273cfd72671c"", ""2021"": ""14731c4ed2ac28044f6923515a0f45edb16e2653446f8a055b13983f8993c0bc""}",1,22
2016+2021,0.111,111,0.0037222384197450002,0.002753690875,0.94999999999999996,0.050000000000000003,tilde_q_mu,asymptotic,count_scale,2.0976376780541484e-06,1,1,1,False,2.0976376780541484e-06,1.7419032918027803e-06,1.7419032918027803e-06,1.2042216625489015,0.5,0,accepted fixed-reviewed v4.1/v4.2 shared-epsilon2 observed scan,"{""2016"": ""609f007bd5ad052093651fc645930763896c44c7c5f10830a3e3cc8a15998ed4"", ""2021"": ""205aa5492f4387064f8a3209b3a925f3da6033f4860755cd2d02e9b549736e9b""}",1,22
2016+2021,0.112,112,0.0037558023555200001,0.0027714660000000002,0.94999999999999996,0.050000000000000003,tilde_q_mu,asymptotic,count_scale,2.0059260364512993e-06,1,1,1,False,2.0059260364512993e-06,1.6604348352655809e-06,1.6604348352655809e-06,1.2080727251969863,0.5,0,accepted fixed-reviewed v4.1/v4.2 shared-epsilon2 observed scan,"{""2016"": ""227eb40a83261bebdea3d4e5e540a034fbbe5ecb8bcb9baba7c948bef26c0410"", ""2021"": ""85ea59b60a2d07d8d7135256e7630879210003589a1112d5c9bd88eb1dba4100""}",1,22
2016+2021,0.113,113,0.0037895186121448001,0.0027894128750000002,0.94999999999999996,0.050000000000000003,tilde_q_mu,asymptotic,count_scale,2.0157681687432464e-06,1,1,1,False,2.0157681687432464e-06,1.6683091766721107e-06,1.6683091766721107e-06,1.2082701437656991,0.5,0,accepted fixed-reviewed v4.1/v4.2 shared-epsilon2 observed scan,"{""2016"": ""58e6abf3fb471f646c4cd2dcd955e0a6248b40db738a0413a744e4d2fe841f75"", ""2021"": ""0b464163539c2b69868a03367f0fa0d8cd696d96d5e0a837ed931fdbbd819207""}",1,22
2016+2021,0.114,114,0.0038233826611200001,0.0028075315,0.94999999999999996,0.050000000000000003,tilde_q_mu,asymptotic,count_scale,2.0396751730940839e-06,1,1,1,False,2.0396751730940839e-06,1.6884109727026221e-06,1.6884109727026221e-06,1.2080442534847999,0.5,0,accepted fixed-reviewed v4.1/v4.2 shared-epsilon2 observed scan,"{""2016"": ""d362090f0f8c7e930b6818c8c90d495c250f49ca436e9304f9cb59430fbb2045"", ""2021"": ""04250006ed4d13f55b25508b687e91f382cdf7c368b5daa4eedbff2bd841893f""}",1,20
2016+2021,0.115,115,0.0038573898406249001,0.002825821875,0.94999999999999996,0.050000000000000003,tilde_q_mu,asymptotic,count_scale,2.0248588083145003e-06,1,1,1,False,2.0248588083145003e-06,1.6758270479492894e-06,1.6758270479492894e-06,1.2082743328390131,0.5,0,accepted fixed-reviewed v4.1/v4.2 shared-epsilon2 observed scan,"{""2016"": ""af7fa6a5a7aedb963e3516670a2035ddd16d447cceac5cad5097b1be6eed95ff"", ""2021"": ""c21bb8fa759321d96a636b02f38a44c3ff44452743422b2713086622f994d25d""}",1,22
2016+2021,0.11600000000000001,116,0.0038915353555199002,0.0028442839999999001,0.94999999999999996,0.050000000000000003,tilde_q_mu,asymptotic,count_scale,2.1086353535055968e-06,1,1,1,False,2.1086353535055968e-06,1.7478729254660415e-06,1.7478729254660415e-06,1.2064008331402947,0.5,0,accepted fixed-reviewed v4.1/v4.2 shared-epsilon2 observed scan,"{""2016"": ""e8393504e747838e2592ff0f93f57ed5bafdea1610e56b40625519711d4fcd61"", ""2021"": ""203402f56bc42c2e39dabb86da03a3992eb3a93525ddf1fdb19b135dab0f6780""}",1,22
2016+2021,0.11700000000000001,117,0.003925814277345,0.002862917875,0.94999999999999996,0.050000000000000003,tilde_q_mu,asymptotic,count_scale,2.3174299473700318e-06,1,1,1,False,2.3174299473700318e-06,1.9332594284223065e-06,1.9332594284223065e-06,1.1987164853820158,0.5,0,accepted fixed-reviewed v4.1/v4.2 shared-epsilon2 observed scan,"{""2016"": ""588bfe3f4613df4d91c2ae7f84d84648e18f868f3caabdf30f4c84d187b09eb2"", ""2021"": ""85478dd8c16e316033327bd9585ea35aff3d3dfbadaf5e006386ad5cc31b2bcd""}",1,22
2016+2021,0.11799999999999999,118,0.0039602215443200004,0.0028817234999999001,0.94999999999999996,0.050000000000000003,tilde_q_mu,asymptotic,count_scale,2.4726120858086627e-06,1,1,1,False,2.4726120858086627e-06,2.0749553290852146e-06,2.0749553290852146e-06,1.1916459362519207,0.49967696735534328,0.00080972284920780002,accepted fixed-reviewed v4.1/v4.2 shared-epsilon2 observed scan,"{""2016"": ""36b20bd3e64f600f33cdc2d6db68444f435b763fca2a1e3c471a7e2a904a35c6"", ""2021"": ""aeedc2e2f006f42b95a34402ac1751a16381b34459467172ab8fedd2fa4fcd38""}",1,22
2016+2021,0.11899999999999999,119,0.0039947519613448999,0.002900700875,0.94999999999999996,0.050000000000000003,tilde_q_mu,asymptotic,count_scale,2.8745064942519989e-06,1,1,1,False,2.8745064942519989e-06,2.4537668861897075e-06,2.4537668861897075e-06,1.1714668212495238,0.31620080406793011,0.4783493064357785,accepted fixed-reviewed v4.1/v4.2 shared-epsilon2 observed scan,"{""2016"": ""53493be66f0a45b90cbe364a823655826482ba576f9e712b1f27457f0ee0c8ff"", ""2021"": ""c6c2642caf07ad8aab4e0a90de3ff91b19819ad4470f7d96fc2e94d85c81ff8c""}",1,21
2016+2021,0.12,120,0.0040294001999999001,0.0029198499999999001,0.94999999999999996,0.050000000000000003,tilde_q_mu,asymptotic,count_scale,3.0820543935375057e-06,1,1,1,False,3.0820543935375057e-06,2.6493241014019716e-06,2.6493241014019716e-06,1.1633361097294745,0.26239598054849939,0.63597615942266572,accepted fixed-reviewed v4.1/v4.2 shared-epsilon2 observed scan,"{""2016"": ""82769348a2e420b5b8f49e390dd0bea7b9f7a73759039c5bc91b2c47b89d1628"", ""2021"": ""016ab662983c41861df328613bf77de4913678ee3f59b45a2cdb288b733d4c8e""}",1,22
2016+2021,0.121,121,0.0040641607985449002,0.002939170875,0.94999999999999996,0.050000000000000003,tilde_q_mu,asymptotic,count_scale,3.3593915839345933e-06,1,1,1,False,3.3593915839345933e-06,2.9176731762387288e-06,2.9176731762387288e-06,1.1513940667834834,0.18258704298608891,0.90554999578624562,accepted fixed-reviewed v4.1/v4.2 shared-epsilon2 observed scan,"{""2016"": ""d6e970fe6b94b5dc21726e9e7efd72cb1f0902de5bd345b4237c2e2bf263fedc"", ""2021"": ""18dc056748fa47e2dc310d870a491564b09975b6b626535bbde39fc00a3e9a3c""}",1,22
2016+2021,0.122,122,0.0040990281619200002,0.0029586635,0.94999999999999996,0.050000000000000003,tilde_q_mu,asymptotic,count_scale,3.5889926404023528e-06,1,1,1,False,3.5889926404023528e-06,3.1387142100467238e-06,3.1387142100467238e-06,1.1434595188419292,0.13980231039350391,1.0812079537215189,accepted fixed-reviewed v4.1/v4.2 shared-epsilon2 observed scan,"{""2016"": ""8688c4062743ce47371be448bbe68075a301df76dd751402d466da7313509e5f"", ""2021"": ""560151a1d34ac3fee25915229c0e7d950106fd50ff77e7647006c4fac1b911c7""}",1,22
2016+2021,0.123,123,0.0041339965617450004,0.0029783278750000002,0.94999999999999996,0.050000000000000003,tilde_q_mu,asymptotic,count_scale,3.5449923408733516e-06,1,1,1,False,3.5449923408733516e-06,3.0919332392463769e-06,3.0919332392463769e-06,1.1465293932858016,0.1563680539911404,1.009497483324501,accepted fixed-reviewed v4.1/v4.2 shared-epsilon2 observed scan,"{""2016"": ""786154638e98a73cd6e9f47af89c3b1900b2d4db0e404f6a129f7fec0f890090"", ""2021"": ""d0f450693b36f7fc5d9d1d27b89760837bad17a691343868d0d13c4dc4d36895""}",1,22
2016+2021,0.124,124,0.00416906013632,0.0029981640000000002,0.94999999999999996,0.050000000000000003,tilde_q_mu,asymptotic,count_scale,3.4857429566523313e-06,1,1,1,False,3.4857429566523313e-06,3.0334837665001167e-06,3.0334837665001167e-06,1.1490890424886002,0.17049503823370049,0.9522108165163472,accepted fixed-reviewed v4.1/v4.2 shared-epsilon2 observed scan,"{""2016"": ""35308bd0fb0808b0a5a67ff6e0531215db3249cfbf046b9c6721a9cd386aa9c4"", ""2021"": ""1f3e4bb5fa68fa31035e762a64876d66a4bde983ffdf2bacd8542834708ede70""}",1,22
2016+2021,0.125,125,0.0042042128906248999,0.003018171875,0.94999999999999996,0.050000000000000003,tilde_q_mu,asymptotic,count_scale,3.6147832285283523e-06,1,1,1,False,3.6147832285283523e-06,3.1533390204607347e-06,3.1533390204607347e-06,1.1463351086177205,0.15696455770100881,1.0070117756193888,accepted fixed-reviewed v4.1/v4.2 shared-epsilon2 observed scan,"{""2016"": ""f1236e5e055e477be97e00a1b1d1e941fea769745305714544454afb4beb4684"", ""2021"": ""db4b71b5c68811b61be8ca7507c09ad2c545e27e4ab1702e41623ca873aa04f4""}",1,22
2016+2021,0.126,126,0.0042394486963199,0.0030383515000000001,0.94999999999999996,0.050000000000000003,tilde_q_mu,asymptotic,count_scale,3.4219295600960856e-06,1,1,1,False,3.4219295600960856e-06,2.9659396401109195e-06,2.9659396401109195e-06,1.153742144249474,0.2046546525139176,0.82510971437976355,accepted fixed-reviewed v4.1/v4.2 shared-epsilon2 observed scan,"{""2016"": ""5f1e74dd69b9da885b0797362fe1149450420834a4ba4534e24e5de9b7af84e9"", ""2021"": ""73e7d6e4eb525f0e001bb4e50ed3f15df569e7def7c009973abcdd78af7590a1""}",1,22
2016+2021,0.127,127,0.0042747612917449001,0.0030587028749999002,0.94999999999999996,0.050000000000000003,tilde_q_mu,asymptotic,count_scale,3.2614632381371201e-06,1,1,1,False,3.2614632381371201e-06,2.8073101470807644e-06,2.8073101470807644e-06,1.1617751752611358,0.25664273754831801,0.6537304604347326,accepted fixed-reviewed v4.1/v4.2 shared-epsilon2 observed scan,"{""2016"": ""91e018d188eaf071c1588a31fdc58d6d4cd7cc70669923f28b85740dfabd7511"", ""2021"": ""da771adb51e894705cf52bd827dd65f1c1faed8f06d78e82a0742312561ed6b0""}",1,22
2016+2021,0.128,128,0.0043101442819198999,0.003079226,0.94999999999999996,0.050000000000000003,tilde_q_mu,asymptotic,count_scale,3.32762528588553e-06,1,1,1,False,3.32762528588553e-06,2.8671634912207919e-06,2.8671634912207919e-06,1.1605983739939019,0.2417621830004881,0.70064535535088079,accepted fixed-reviewed v4.1/v4.2 shared-epsilon2 observed scan,"{""2016"": ""7157cddcdc7c82f3a4393eaf6f749664a09d1b000ee740b5fb66d0370dfd4b72"", ""2021"": ""fee26f9072a983b91dbca70f0fd9735b51c4f7a0ca24627f5f4ca71fb4bdf3ba""}",1,22
2016+2021,0.129,129,0.0043455911385450003,0.0030999208749999002,0.94999999999999996,0.050000000000000003,tilde_q_mu,asymptotic,count_scale,3.5120446739967885e-06,1,1,1,False,3.5120446739967885e-06,3.0418626727359439e-06,3.0418626727359439e-06,1.1545704234037457,0.20494023041351139,0.82410401182962956,accepted fixed-reviewed v4.1/v4.2 shared-epsilon2 observed scan,"{""2016"": ""b6ff8d78ab9cae606f8bc5c6de56cd04fc741d7f1f3d75ce62fca05fcf184027"", ""2021"": ""5470ccc2038ccb58c8a6d2093843be78e3530f3d23194b0cc2738a944ec310d4""}",1,22
2016+2021,0.13,130,0.0043810951999999001,0.0031207875,0.94999999999999996,0.050000000000000003,tilde_q_mu,asymptotic,count_scale,3.5211555983460853e-06,1,1,1,False,3.5211555983460853e-06,3.0490000883662319e-06,3.0490000883662319e-06,1.1548558531636028,0.2057110644203905,0.82139356313467782,accepted fixed-reviewed v4.1/v4.2 shared-epsilon2 observed scan,"{""2016"": ""8125445497e26ca4b6feb2822fd961b6b180750707991a553ce0718077498082"", ""2021"": ""aa4d14d8fe9ba5427441bfce618dfb18ba68feffbf989fa7879f706e9b0d570c""}",1,22
2016+2021,0.13100000000000001,131,0.0044166496713450003,0.003141825875,0.94999999999999996,0.050000000000000003,tilde_q_mu,asymptotic,count_scale,3.3340182055056681e-06,1,1,1,False,3.3340182055056681e-06,2.8651951909687277e-06,2.8651951909687277e-06,1.1636269026329165,0.26681316603047511,0.62247993720328976,accepted fixed-reviewed v4.1/v4.2 shared-epsilon2 observed scan,"{""2016"": ""8aa7cbdaba455e5184260f708c7ba6a8a585238cf7032eb47bfed51a42401950"", ""2021"": ""da4ae679b4328568aa457f0b697bc6f7005574058d4fe010a0c2e78f09dad83b""}",1,22
2016+2021,0.13200000000000001,132,0.0044522476243198999,0.0031630360000000001,0.94999999999999996,0.050000000000000003,tilde_q_mu,asymptotic,count_scale,3.0518149640826177e-06,1,1,1,False,3.0518149640826177e-06,2.5939632844714978e-06,2.5939632844714978e-06,1.176506615321814,0.36725551798327272,0.33913101347876029,accepted fixed-reviewed v4.1/v4.2 shared-epsilon2 observed scan,"{""2016"": ""61a0832d1508188339c9ab46bc042b475656d36df2b566b51ce442e8c67a4f58"", ""2021"": ""d313d7af1ed3a85079a7a921416804cc3b7a06acce9a97b1f052c3ef6067c6b6""}",1,22
2016+2021,0.13300000000000001,133,0.004487881997345,0.0031844178750000001,0.94999999999999996,0.050000000000000003,tilde_q_mu,asymptotic,count_scale,2.8596685479499469e-06,1,1,1,False,2.8596685479499469e-06,2.4117575089918658e-06,2.4117575089918658e-06,1.1857197654772977,0.45222986088716588,0.12002957257819601,accepted fixed-reviewed v4.1/v4.2 shared-epsilon2 observed scan,"{""2016"": ""628674a5a2258602737808728578c8e3cdc67fc98c981d53e6d2156625744843"", ""2021"": ""62acf611e55304cd54eab4da13036c34ac93389a7f5d80a2c472996a91305871""}",1,21
2016+2021,0.13400000000000001,134,0.00452354559552,0.0032059714999999002,0.94999999999999996,0.050000000000000003,tilde_q_mu,asymptotic,count_scale,2.6536360013982769e-06,1,1,1,False,2.6536360013982769e-06,2.2175460561093322e-06,2.2175460561093322e-06,1.196654290037187,0.5,0,accepted fixed-reviewed v4.1/v4.2 shared-epsilon2 observed scan,"{""2016"": ""99d4e00c4f079fc162e24148c9ead3ad7cc7d531f2cf219aece47853ca390ccf"", ""2021"": ""75a4badfee80748556f0a700ba6cd8db496675870342bf64c2a35647fb9459be""}",1,22
2016+2021,0.13500000000000001,135,0.0045592310906250001,0.0032276968749999002,0.94999999999999996,0.050000000000000003,tilde_q_mu,asymptotic,count_scale,2.4511812979608426e-06,1,1,1,False,2.4511812979608426e-06,2.0340622657847052e-06,2.0340622657847052e-06,1.205066992880486,0.5,0,accepted fixed-reviewed v4.1/v4.2 shared-epsilon2 observed scan,"{""2016"": ""c052393a2eaf13651d7533ea674459583de1f9ddeb1457f202155eeb6a3f65d3"", ""2021"": ""e097b2cba2229b81e5199ac43f58e701ef866d55fa8bf11fc8a96c3264d734ab""}",1,22
2016+2021,0.13600000000000001,136,0.0045949310211199001,0.0032495940000000002,0.94999999999999996,0.050000000000000003,tilde_q_mu,asymptotic,count_scale,2.3211055311189077e-06,1,1,1,False,2.3211055311189077e-06,1.9203622734208035e-06,1.9203622734208035e-06,1.2086810719230843,0.5,0,accepted fixed-reviewed v4.1/v4.2 shared-epsilon2 observed scan,"{""2016"": ""4aa194a6aba18a8aba99d9b0ad45506b297dc568815c754d986c8c1ae248ab3f"", ""2021"": ""c7f99bab7aa9e2783b052ff7c8f8c367b9f6a18740c8852f4eafe7141652c343""}",1,22
2016+2021,0.13700000000000001,137,0.0046306377921449,0.0032716628749999001,0.94999999999999996,0.050000000000000003,tilde_q_mu,asymptotic,count_scale,2.3199817156022646e-06,1,1,1,False,2.3199817156022646e-06,1.9182208346324351e-06,1.9182208346324351e-06,1.2094445403345928,0.5,0,accepted fixed-reviewed v4.1/v4.2 shared-epsilon2 observed scan,"{""2016"": ""c5005d382fa63419fcb307eebf9e6cf73a94adb004107885ffee91b0681fe28c"", ""2021"": ""eb2420db2ac3d4f66663722f1861d6e9a6adc542ad628964b4d852b0eeb0834b""}",1,22
2016+2021,0.13800000000000001,138,0.0046663436755200001,0.0032939035000000001,0.94999999999999996,0.050000000000000003,tilde_q_mu,asymptotic,count_scale,2.3436152408438224e-06,1,1,1,False,2.3436152408438224e-06,1.9388664945374119e-06,1.9388664945374119e-06,1.2087553462018943,0.5,0,accepted fixed-reviewed v4.1/v4.2 shared-epsilon2 observed scan,"{""2016"": ""d22ce0b2fa09d7742b3e5f854976ada3ed084f28bf4e86ece8ac1d14d934bc1f"", ""2021"": ""314d9e2b21c191503f0b2d2695b72a891af75b9f4332e2015e75ce4c55fc58d2""}",1,22
2016+2021,0.13900000000000001,139,0.0047020408097450004,0.0033163158750000002,0.94999999999999996,0.050000000000000003,tilde_q_mu,asymptotic,count_scale,2.3885621486609786e-06,1,1,1,False,2.3885621486609786e-06,1.9765154042777447e-06,1.9765154042777447e-06,1.2084713043427069,0.5,0,accepted fixed-reviewed v4.1/v4.2 shared-epsilon2 observed scan,"{""2016"": ""81b019cef6f50ad2eec99394de00171bdbeb6bc6ecae4da84a5f2eff5eaac3b8"", ""2021"": ""5031ae37bab55dd01fdd9603e74a8e7ebf4adaf8f09783b96f43d0afbdbf98bf""}",1,22
2016+2021,0.14000000000000001,140,0.0047377212000000004,0.0033389000000000001,0.94999999999999996,0.050000000000000003,tilde_q_mu,asymptotic,count_scale,2.4694243680851576e-06,1,1,1,False,2.4694243680851576e-06,2.0452527986418996e-06,2.0452527986418996e-06,1.2073932228450777,0.5,0,accepted fixed-reviewed v4.1/v4.2 shared-epsilon2 observed scan,"{""2016"": ""2f62bb8ea0268ba34adf8770cc9c09dfa527c38ca0e5e73c73325da71cd88829"", ""2021"": ""fef4f9e6708784dfa50e0b79ba7666e779203f8d827d0884db25635b9e387f9b""}",1,22
2016+2021,0.14099999999999999,141,0.0047733767181447999,0.0033616558749999001,0.94999999999999996,0.050000000000000003,tilde_q_mu,asymptotic,count_scale,2.3594228004427496e-06,1,1,1,False,2.3594228004427496e-06,1.9494410836795546e-06,1.9494410836795546e-06,1.210307313309186,0.5,0,accepted fixed-reviewed v4.1/v4.2 shared-epsilon2 observed scan,"{""2016"": ""76acb927548281ba777152dac9cb2f690af066c805a522143c3c4c701aecacae"", ""2021"": ""4e2372c080fc8f22475a37d5dfdfc55716639e0c3666f76b791384e17e982760""}",1,22
2016+2021,0.14199999999999999,142,0.0048089991027198999,0.0033845835000000002,0.94999999999999996,0.050000000000000003,tilde_q_mu,asymptotic,count_scale,2.4097789994011463e-06,1,1,1,False,2.4097789994011463e-06,1.9924684978887395e-06,1.9924684978887395e-06,1.2094439645869419,0.5,0,accepted fixed-reviewed v4.1/v4.2 shared-epsilon2 observed scan,"{""2016"": ""e3a6effcdb3d98601da6c8e9a47016925666161628476f3b4d024f13a8dcd7d7"", ""2021"": ""89342105af5dfe4fcaab2abc6a8926294681c7d12082afc741c1b63a69a30800""}",1,22
2016+2021,0.14299999999999999,143,0.0048445799589448999,0.003407682875,0.94999999999999996,0.050000000000000003,tilde_q_mu,asymptotic,count_scale,2.4857471212761119e-06,1,1,1,False,2.4857471212761119e-06,2.0579779217973514e-06,2.0579779217973514e-06,1.2078589837859703,0.49993112920156918,0.00017263349150060001,accepted fixed-reviewed v4.1/v4.2 shared-epsilon2 observed scan,"{""2016"": ""463a5e31cbbfbc15860da3decad5c2edb2e8a045097c873a4f4564be631b2717"", ""2021"": ""bf602bdb8b963f395c5ba6d0c98ce1409b63bd9b9d292343ce7a90767d30933e""}",1,22
2016+2021,0.14399999999999999,144,0.00488011075872,0.0034309539999999002,0.94999999999999996,0.050000000000000003,tilde_q_mu,asymptotic,count_scale,2.6735749575114671e-06,1,1,1,False,2.6735749575114671e-06,2.2191404869077374e-06,2.2191404869077374e-06,1.2047794960637943,0.49993112920156918,0.00017263349150060001,accepted fixed-reviewed v4.1/v4.2 shared-epsilon2 observed scan,"{""2016"": ""0729762a9de6c4b049c1bf13d7ce06d3c42209a3ec50beb553e71dc9a47d8c93"", ""2021"": ""1cd0484763f6cdc8f3101430dab5d1123d823b397bb5345b1f8e9fab89cca493""}",1,21
2016+2021,0.14499999999999999,145,0.0049155828406249004,0.0034543968750000002,0.94999999999999996,0.050000000000000003,tilde_q_mu,asymptotic,count_scale,2.5805328180803719e-06,1,1,1,False,2.5805328180803719e-06,2.1385106080287935e-06,2.1385106080287935e-06,1.2066962905828273,0.5,0,accepted fixed-reviewed v4.1/v4.2 shared-epsilon2 observed scan,"{""2016"": ""32418a887404c266f614009fcb7bd46cf2049983bf03b0b70e8c84909a4f49d0"", ""2021"": ""e0878c8f8ecc12900bd3de6799f9680afcbd874d25a0a39556d8e91856bbee14""}",1,22
2016+2021,0.14599999999999999,146,0.0049509874099197999,0.0034780115000000002,0.94999999999999996,0.050000000000000003,tilde_q_mu,asymptotic,count_scale,2.592996908834932e-06,1,1,1,False,2.592996908834932e-06,2.1476014025310272e-06,2.1476014025310272e-06,1.2073920727463625,0.5,0,accepted fixed-reviewed v4.1/v4.2 shared-epsilon2 observed scan,"{""2016"": ""8406c4f33c143d45e49704fa041577a4c94b4b1b9c6117eebba9835952a87cf7"", ""2021"": ""7e9f40709ae1a385defdd7383795b6ec07ed65e163ac5b3cf7e3755411102305""}",1,22
2016+2021,0.14699999999999999,147,0.0049863155385450001,0.0035017978749998001,0.94999999999999996,0.050000000000000003,tilde_q_mu,asymptotic,count_scale,2.6007791945517762e-06,1,1,1,False,2.6007791945517762e-06,2.1528896568055854e-06,2.1528896568055854e-06,1.2080411024923405,0.5,0,accepted fixed-reviewed v4.1/v4.2 shared-epsilon2 observed scan,"{""2016"": ""2c846a16aac592164470836d4285b9a82adab38dd3dcb309da72b7b79d45e00b"", ""2021"": ""f53f3d984cdf0d19371e5cc4eeb42bb44422662976bddcf70bbd47cd8c00961c""}",1,22
2016+2021,0.14799999999999999,148,0.0050215581651199001,0.0035257559999998002,0.94999999999999996,0.050000000000000003,tilde_q_mu,asymptotic,count_scale,2.6029209392527664e-06,1,1,1,False,2.6029209392527664e-06,2.1537747869294089e-06,2.1537747869294089e-06,1.2085390520165276,0.5,0,accepted fixed-reviewed v4.1/v4.2 shared-epsilon2 observed scan,"{""2016"": ""d7546c69114cfacf45870cd2abfdccbb0a760d9afba91f17565101a08db46967"", ""2021"": ""7e9cf5cea138d300ddc7121defae1c27e1ffbabe0a31da34f10cc01be47ca7db""}",1,21
2016+2021,0.14899999999999999,149,0.005056706094945,0.003549885875,0.94999999999999996,0.050000000000000003,tilde_q_mu,asymptotic,count_scale,2.7256985111520172e-06,1,1,1,False,2.7256985111520172e-06,2.2590587900080929e-06,2.2590587900080929e-06,1.2065637792198638,0.5,0,accepted fixed-reviewed v4.1/v4.2 shared-epsilon2 observed scan,"{""2016"": ""e6dff3cb39cf912f447ecde86725a9a3f92d7c2181918b271960e8d322985e77"", ""2021"": ""8cfd70227b24ef0768ecaf98c9da6a1d672400646e32dc4b2a9eed141d40f36e""}",1,22
2016+2021,0.14999999999999999,150,0.0050917499999999002,0.0035741875000000001,0.94999999999999996,0.050000000000000003,tilde_q_mu,asymptotic,count_scale,2.7447419100295487e-06,1,1,1,False,2.7447419100295487e-06,2.2742649271859465e-06,2.2742649271859465e-06,1.2068699108972081,0.5,0,accepted fixed-reviewed v4.1/v4.2 shared-epsilon2 observed scan,"{""2016"": ""1ff2d98399203e6048587bbd4485d0e807804eb906359bb8c138fe57e08f49ab"", ""2021"": ""5fcb162a6b06771b18a25cb0b4b5b8a6d2e4d8977b686d1c9dae41e831f8c95a""}",1,22
2016+2021,0.151,151,0.005126680418945,0.003598660875,0.94999999999999996,0.050000000000000003,tilde_q_mu,asymptotic,count_scale,2.8273987342171776e-06,1,1,1,False,2.8273987342171776e-06,2.3458504078939726e-06,2.3458504078939726e-06,1.2052766556225225,0.5,0,accepted fixed-reviewed v4.1/v4.2 shared-epsilon2 observed scan,"{""2016"": ""6530fe1baf78bddee5b718592de590d443116896e3cd0eba03d2b36bb73b24e5"", ""2021"": ""784a8197e81c8cf0f1521dc73c6ea4845480ee28b6c781f1a6ec0db9d964b572""}",1,21
2016+2021,0.152,152,0.0051614877571199,0.0036233060000000002,0.94999999999999996,0.050000000000000003,tilde_q_mu,asymptotic,count_scale,2.8116341671248212e-06,1,1,1,False,2.8116341671248212e-06,2.330442033959289e-06,2.330442033959289e-06,1.2064810564491981,0.5,0,accepted fixed-reviewed v4.1/v4.2 shared-epsilon2 observed scan,"{""2016"": ""7e2a9032fda8267ac5dbbdc04548ec4b20c9805922831bca87425dc719d51452"", ""2021"": ""a794007c35afa7c186d13b4ff8928ac3bc7cd1929fc02957b6b632b38131b357""}",1,22
2016+2021,0.153,153,0.0051961622865450002,0.0036481228750000001,0.94999999999999996,0.050000000000000003,tilde_q_mu,asymptotic,count_scale,2.9033691864815779e-06,1,1,1,False,2.9033691864815779e-06,2.4095784808065918e-06,2.4095784808065918e-06,1.2049282518117828,0.5,0,accepted fixed-reviewed v4.1/v4.2 shared-epsilon2 observed scan,"{""2016"": ""671590eaa5e31bdf9e5c109667e3c63a53b3b5e2ad2ca0b56bd8b09304541f42"", ""2021"": ""3e2318606595f7325eb3b1c0eb67ebb0bbada309435ac28281df7c91a5a60ee4""}",1,22
2016+2021,0.154,154,0.0052306941459200002,0.0036731114999999002,0.94999999999999996,0.050000000000000003,tilde_q_mu,asymptotic,count_scale,3.11721742646455e-06,1,1,1,False,3.11721742646455e-06,2.597384570666346e-06,2.597384570666346e-06,1.2001370384920873,0.49993112920156918,0.00017263349150060001,accepted fixed-reviewed v4.1/v4.2 shared-epsilon2 observed scan,"{""2016"": ""c84e9aa548490a380000b884cc313d44d282a6d323f5bdce6d9d40df5e555782"", ""2021"": ""87196dc0128743bd1da0cb5b925dfa17caf4df23e3879e7b923f4875eeb70ba4""}",1,22
2016+2021,0.155,155,0.0052650733406249001,0.0036982718749999002,0.94999999999999996,0.050000000000000003,tilde_q_mu,asymptotic,count_scale,3.414268562736976e-06,1,1,1,False,3.414268562736976e-06,2.8686696245518149e-06,2.8686696245518149e-06,1.190192322432529,0.5,0,accepted fixed-reviewed v4.1/v4.2 shared-epsilon2 observed scan,"{""2016"": ""c1cbef69ffa6b89ef64875d7be46cce9a1ed7e42b8985ebf653e78a4b6bf043b"", ""2021"": ""1d8298b873b1c62cb70441a6934be8fa9d55e36e223730c83e2a1a7052f52b53""}",1,22
2016+2021,0.156,156,0.0052992897427198999,0.0037236040000000001,0.94999999999999996,0.050000000000000003,tilde_q_mu,asymptotic,count_scale,3.9397171663636054e-06,1,1,1,False,3.9397171663636054e-06,3.3586904243847949e-06,3.3586904243847949e-06,1.1729920500443967,0.33855515680889597,0.41640958802565392,accepted fixed-reviewed v4.1/v4.2 shared-epsilon2 observed scan,"{""2016"": ""4cac672ff8d72e36e2a114c9463aec59221234b1900b17cccbf06697d5037df6"", ""2021"": ""ebd29be058ecbc2b8235ac4f68cd6c4642fe173ff10990337d696b102076c57c""}",1,21
2016+2021,0.157,157,0.0053333330909449,0.0037491078750000002,0.94999999999999996,0.050000000000000003,tilde_q_mu,asymptotic,count_scale,4.5079215772429912e-06,1,1,1,False,4.5079215772429912e-06,3.9000516109025506e-06,3.9000516109025506e-06,1.1558620313231618,0.21311833370146371,0.79564798545148463,accepted fixed-reviewed v4.1/v4.2 shared-epsilon2 observed scan,"{""2016"": ""247e748b087448ce36aab5d78b2a00bfe9ebdfaafd33cb00dad20c43f3ca5ec6"", ""2021"": ""5b38e74fafb9b0ac4263c40ffe58859bf3b1c5d424bea12a3c2c66ba18d6c454""}",1,22
2016+2021,0.158,158,0.0053671929907199,0.0037747835,0.94999999999999996,0.050000000000000003,tilde_q_mu,asymptotic,count_scale,5.0154299734389296e-06,1,1,1,False,5.0154299734389296e-06,4.3893311602273284e-06,4.3893311602273284e-06,1.1426410517585952,0.13518289595860811,1.102220568678647,accepted fixed-reviewed v4.1/v4.2 shared-epsilon2 observed scan,"{""2016"": ""34ab2e01113273d01e71bc24191148d65d3ebc63fb3535b931480f84fd7ca60d"", ""2021"": ""da3a269d569aabb436179a818956ce133bebd169c78a777700572ddfa2ca9ba1""}",1,22
2016+2021,0.159,159,0.0054008589141449001,0.0038006308750000001,0.94999999999999996,0.050000000000000003,tilde_q_mu,asymptotic,count_scale,5.5051908850865389e-06,1,1,1,False,5.5051908850865389e-06,4.8641467379005868e-06,4.8641467379005868e-06,1.1317896399364451,0.085133517687557198,1.3713462792660021,accepted fixed-reviewed v4.1/v4.2 shared-epsilon2 observed scan,"{""2016"": ""fc0982150e2e7928029d2fe214aecb4f114d0b89f87c886eb32448f59c010d42"", ""2021"": ""4c298d3007efbb1b2faeb5cbff86e1788f737ecf1f1deb6647f4c868347762da""}",1,22
2016+2021,0.16,160,0.0054343202000000004,0.00382665,0.94999999999999996,0.050000000000000003,tilde_q_mu,asymptotic,count_scale,5.8479520702608706e-06,1,1,1,False,5.8479520702608706e-06,5.1946896269194448e-06,5.1946896269194448e-06,1.1257558180100211,0.063207793793219794,1.5283905988137294,accepted fixed-reviewed v4.1/v4.2 shared-epsilon2 observed scan,"{""2016"": ""b3882fe907d106d87bf8f8dbcde099f40c06c062e1e72d742018ef5e041e9d58"", ""2021"": ""a98f7a4572724909c7e6c40c92ae6d427544a894b7983fc70ad47961abf2d2f6""}",1,22
2016+2021,0.161,161,0.0054675660537449001,0.0038528408750000001,0.94999999999999996,0.050000000000000003,tilde_q_mu,asymptotic,count_scale,5.7653099877112523e-06,1,1,1,False,5.7653099877112523e-06,5.110338995433116e-06,5.110338995433116e-06,1.1281658600072235,0.070528833936459298,1.4718637737323894,accepted fixed-reviewed v4.1/v4.2 shared-epsilon2 observed scan,"{""2016"": ""83d61745af7fda5515922dfc9adb8bea2c8dbb5722e1713deff73b846f00b67b"", ""2021"": ""5f149251b2b16974160adde77c6264005396e42842b796a37b6806a3399324ea""}",1,22
2016+2021,0.16200000000000001,162,0.0055005855475200004,0.0038792035000000001,0.94999999999999996,0.050000000000000003,tilde_q_mu,asymptotic,count_scale,5.7320781336861779e-06,1,1,1,False,5.7320781336861779e-06,5.0686151119336907e-06,5.0686151119336907e-06,1.1308963113396422,0.081823479538248006,1.3929101620354041,accepted fixed-reviewed v4.1/v4.2 shared-epsilon2 observed scan,"{""2016"": ""b34110dda8d22e6344ffa5023eef08f3c8b3699665459c5f1188b3e6c43d9cd3"", ""2021"": ""faa6ffbfd9d46bd3e058c0b8d2cbe0738a2d18e985924aabca5ee28027eef495""}",1,22
2016+2021,0.16300000000000001,163,0.0055333676201450004,0.0039057378749999001,0.94999999999999996,0.050000000000000003,tilde_q_mu,asymptotic,count_scale,5.4929612294339719e-06,1,1,1,False,5.4929612294339719e-06,4.8259140693366896e-06,4.8259140693366896e-06,1.1382219307085519,0.11238538775119659,1.2139396369654845,accepted fixed-reviewed v4.1/v4.2 shared-epsilon2 observed scan,"{""2016"": ""a5c1e3885769345810c711a01b13d6ccca5bbbb612b9e0376116da4ff53879ce"", ""2021"": ""3167dbf4e2b17948dc89c06e7a5ca572b02eb41d2d4887f50f969f474209c275""}",1,22
2016+2021,0.16400000000000001,164,0.0055659010771200003,0.0039324440000000002,0.94999999999999996,0.050000000000000003,tilde_q_mu,asymptotic,count_scale,5.0160779321605942e-06,1,1,1,False,5.0160779321605942e-06,4.3526818599075283e-06,4.3526818599075283e-06,1.1524108799137367,0.19062044593314539,0.87561219801655565,accepted fixed-reviewed v4.1/v4.2 shared-epsilon2 observed scan,"{""2016"": ""119de7c084c5d949cf54d7443dc3551ac506e8973ccb6151db9b7d1135ddbf22"", ""2021"": ""ddd350ad0afd93ad5a7da8f73889c6497a409ab30e780ba6236160944332985b""}",1,22
2016+2021,0.16500000000000001,165,0.0055981745906250003,0.0039593218750000004,0.94999999999999996,0.050000000000000003,tilde_q_mu,asymptotic,count_scale,4.6360446101557024e-06,1,1,1,False,4.6360446101557024e-06,3.9824660935322621e-06,3.9824660935322621e-06,1.1641140191211889,0.27008260502215448,0.61256318058427206,accepted fixed-reviewed v4.1/v4.2 shared-epsilon2 observed scan,"{""2016"": ""2c014f1a75877a25b2357d3df87c6ef1e229d734b51e88c6dc596d47a7cb7d96"", ""2021"": ""cc1fbc21f301748d7a3dc09e8bb667f6770b659adbc9e53f1f7ce5943ecd7f93""}",1,22
2016+2021,0.16600000000000001,166,0.0056301766995199001,0.0039863714999998998,0.94999999999999996,0.050000000000000003,tilde_q_mu,asymptotic,count_scale,4.1762582672483387e-06,1,1,1,False,4.1762582672483387e-06,3.5383027374189346e-06,3.5383027374189346e-06,1.1802998717669846,0.3996355767032122,0.25429048076038291,accepted fixed-reviewed v4.1/v4.2 shared-epsilon2 observed scan,"{""2016"": ""8baf767c3f636cebd8fb48397d9b88b981b6a45ffbb83912c6abca86a43bde09"", ""2021"": ""e40f0ced93b401a698c9dc94bbd0972f51abb7ca4a23df216fed48e46773ebc0""}",1,22
2016+2021,0.16700000000000001,167,0.005661895809345,0.0040135928750000003,0.94999999999999996,0.050000000000000003,tilde_q_mu,asymptotic,count_scale,3.6951629835110017e-06,1,1,1,False,3.6951629835110017e-06,3.0863979881363902e-06,3.0863979881363902e-06,1.1972412494158577,0.49995130099128288,0.0001220703125,accepted fixed-reviewed v4.1/v4.2 shared-epsilon2 observed scan,"{""2016"": ""b939aab42950cdc80db4434a9dac91a2e99f53c788421e4090b69072a50a25c5"", ""2021"": ""90912bbe064080ee8834a0333c96e2deb4f8d9fa2df975b4221b74169da444f4""}",1,22
2016+2021,0.16800000000000001,168,0.0056933201923200002,0.0040409859999999001,0.94999999999999996,0.050000000000000003,tilde_q_mu,asymptotic,count_scale,3.4353642819891182e-06,1,1,1,False,3.4353642819891182e-06,2.8513550544429958e-06,2.8513550544429958e-06,1.2048181360774823,0.5,0,accepted fixed-reviewed v4.1/v4.2 shared-epsilon2 observed scan,"{""2016"": ""944b4c92890bc21903d8d0578fcbb3914ca65f36c6cae9e0efa79e7c2b746d26"", ""2021"": ""7718341fae02a25a541c441732a9f147d880ad9ee67809cff23bf00aed881be0""}",1,22
2016+2021,0.16900000000000001,169,0.0057244379873449,0.0040685508750000002,0.94999999999999996,0.050000000000000003,tilde_q_mu,asymptotic,count_scale,3.2153375968549018e-06,1,1,1,False,3.2153375968549018e-06,2.6582908600224099e-06,2.6582908600224099e-06,1.209550709897786,0.5,0,accepted fixed-reviewed v4.1/v4.2 shared-epsilon2 observed scan,"{""2016"": ""30bf64251f6736d3e92d6ca62b09af3ac25f7ee186927a8c10cbec21157df785"", ""2021"": ""a3a3ac011345fa1a38b317ccb1f4ed988b08f66b9e9773bcbdc1e714d0410327""}",1,22
2016+2021,0.17000000000000001,170,0.0057552371999999002,0.0040962875000000003,0.94999999999999996,0.050000000000000003,tilde_q_mu,asymptotic,count_scale,3.1052275771458387e-06,1,1,1,False,3.1052275771458387e-06,2.5632115627402074e-06,2.5632115627402074e-06,1.2114597258706916,0.5,0,accepted fixed-reviewed v4.1/v4.2 shared-epsilon2 observed scan,"{""2016"": ""2c2a2dc29e3176ad1a8d7f01a48c22ed41ae7d38d6b3c07655483e63f07cdcbc"", ""2021"": ""60b976f07b84be102f8dd9661b134eeee542d9b4a5309edf3b442c3bd8bb9ed7""}",1,22
2016+2021,0.17100000000000001,171,0.005785705702545,0.0041241958750000002,0.94999999999999996,0.050000000000000003,tilde_q_mu,asymptotic,count_scale,3.0241182489030596e-06,1,1,1,False,3.0241182489030596e-06,2.4945964135072654e-06,2.4945964135072654e-06,1.212267536555669,0.5,0,accepted fixed-reviewed v4.1/v4.2 shared-epsilon2 observed scan,"{""2016"": ""8962403ebf5e2c60ca8f14aeffa0aecce0a1e370e68d174b2959702eb3094707"", ""2021"": ""542c89b0f2076e30bc07e23e729cc74bfca578a79bd3ffd76a40af34e3c17776""}",1,22
2016+2021,0.17199999999999999,172,0.0058158312339200002,0.0041522759999999001,0.94999999999999996,0.050000000000000003,tilde_q_mu,asymptotic,count_scale,2.9270357214536717e-06,1,1,1,False,2.9270357214536717e-06,2.4126322732731263e-06,2.4126322732731263e-06,1.2132125371442013,0.5,0,accepted fixed-reviewed v4.1/v4.2 shared-epsilon2 observed scan,"{""2016"": ""27d3cd30618b1db86925a7af7ca504756aa5539b17e7a780ad07b78018829267"", ""2021"": ""03a83f1204a0c891e7b2f7044b8b2b8078d18f6462c9c24fe50a5ec9630e440f""}",1,22
2016+2021,0.17299999999999999,173,0.0058456013997449001,0.0041805278750000003,0.94999999999999996,0.050000000000000003,tilde_q_mu,asymptotic,count_scale,2.9358400909626854e-06,1,1,1,False,2.9358400909626854e-06,2.419723416953561e-06,2.419723416953561e-06,1.2132957305752394,0.5,0,accepted fixed-reviewed v4.1/v4.2 shared-epsilon2 observed scan,"{""2016"": ""ea3fec47ddd1e03af7d111a5c78a2344ab7692f951357d150d81b31c8e813ea8"", ""2021"": ""2731adf0713f86c0b17cf6e04a42aeb670f40c4fe1761d7a3bbaff97e8faf515""}",1,22
2016+2021,0.17399999999999999,174,0.0058750036723200002,0.0042089514999998998,0.94999999999999996,0.050000000000000003,tilde_q_mu,asymptotic,count_scale,3.0694267578894563e-06,1,1,1,False,3.0694267578894563e-06,2.5307299029661533e-06,2.5307299029661533e-06,1.2128622474851705,0.5,0,accepted fixed-reviewed v4.1/v4.2 shared-epsilon2 observed scan,"{""2016"": ""1d21317dfdb641d1819fb3dc0d5c750bd2f3b93eeb6e818741f1b38969d6b498"", ""2021"": ""1e6fc1b3c4ee20755670c0e574a9a53733524dc7b579073f3d26bbcb25fdcbcf""}",1,22
2016+2021,0.17499999999999999,175,0.0059040253906248999,0.0042375468749998001,0.94999999999999996,0.050000000000000003,tilde_q_mu,asymptotic,count_scale,3.2772990142572066e-06,1,1,1,False,3.2772990142572066e-06,2.7056120907124348e-06,2.7056120907124348e-06,1.2112967063930575,0.5,0,accepted fixed-reviewed v4.1/v4.2 shared-epsilon2 observed scan,"{""2016"": ""93bdb6d8984ddb5607d7066ef7801254ee220e87f4f588c1c89c56a7cc00eeed"", ""2021"": ""0e0e3ddeff02e57d9e8460d2c1ac9bd5477243fa281a868e428607a8eb6c9409""}",1,22
2016+2021,0.17599999999999999,176,0.0059326537603200001,0.0042663140000000002,0.94999999999999996,0.050000000000000003,tilde_q_mu,asymptotic,count_scale,3.5124754955267922e-06,1,1,1,False,3.5124754955267922e-06,2.9049970910338448e-06,2.9049970910338448e-06,1.2091149785891024,0.5,0,accepted fixed-reviewed v4.1/v4.2 shared-epsilon2 observed scan,"{""2016"": ""c747536f945162c35f95722e444ff068e52c1b9569a3ed91323a3cdc6e3510be"", ""2021"": ""cafb6a7e80db0b0b09434141d0c06c84219d4493d1dcb77fad37a5448cd5ef5a""}",1,22
2016+2021,0.17699999999999999,177,0.0059608758537450001,0.0042952528749999001,0.94999999999999996,0.050000000000000003,tilde_q_mu,asymptotic,count_scale,3.9931907828261036e-06,1,1,1,False,3.9931907828261036e-06,3.325870647150357e-06,3.325870647150357e-06,1.2006452464552444,0.498986640359804,0.0025401186580424999,accepted fixed-reviewed v4.1/v4.2 shared-epsilon2 observed scan,"{""2016"": ""301e34c7d9d4949b478e8bcd2944c8c6b47c3b812ab1387de9912a9e1693b6b1"", ""2021"": ""ca93fa983128238e032520cbbe3d127a5c10be60f5b065053dabf02d2980a294""}",1,21
2016+2021,0.17799999999999999,178,0.0059886786099199001,0.0043243635000000001,0.94999999999999996,0.050000000000000003,tilde_q_mu,asymptotic,count_scale,4.7557840230422437e-06,1,1,1,False,4.7557840230422437e-06,4.0286737890656812e-06,4.0286737890656812e-06,1.1804837701056932,0.400880787237057,0.25106795016415828,accepted fixed-reviewed v4.1/v4.2 shared-epsilon2 observed scan,"{""2016"": ""8a640790dc7f3b433d9bafe87601f6573f88e5f285afd4f8e8e98206696f41a6"", ""2021"": ""ec790e017d8b8693b1d2185544e6147f24d680ff295a2751d00d45ee4f6c8ca4""}",1,22
2016+2021,0.17899999999999999,179,0.0060160488345450003,0.0043536458750000001,0.94999999999999996,0.050000000000000003,tilde_q_mu,asymptotic,count_scale,5.5501326144742008e-06,1,1,1,False,5.5501326144742008e-06,4.7831300554033057e-06,4.7831300554033057e-06,1.1603557817133665,0.24817321002676779,0.68024961751305346,accepted fixed-reviewed v4.1/v4.2 shared-epsilon2 observed scan,"{""2016"": ""0deff94e7855b3ae25c96027e785ab3ad53c5f4c46b56e7d5d9035c9773b642e"", ""2021"": ""46adb8ca213df3d8bc459b5fb38aa306e1149f9bcd76a600e4516f5f5f221724""}",1,22
2016+2021,0.17999999999999999,180,0.0060429732000000002,0.0043831,0.94999999999999996,0.050000000000000003,tilde_q_mu,asymptotic,count_scale,6.382105938425853e-06,1,1,1,False,6.382105938425853e-06,5.5789606881272929e-06,5.5789606881272929e-06,1.1439596539921406,0.14247440414342499,1.0692682601902703,accepted fixed-reviewed v4.1/v4.2 shared-epsilon2 observed scan,"{""2016"": ""d39e8463a8677f5e1de238d7d53ac13d2879de5c3097c394938a0b9bc9a248a5"", ""2021"": ""8dc1616b72dc98a9937159594c949ba8b60376a0a9f3f02e124b7207b00920ee""}",1,22
2021,0.18099999999999999,181,0.0044127258749998999,0.0044127258749998999,0.94999999999999996,0.050000000000000003,tilde_q_mu,asymptotic,count_scale,7.3515179204466901e-06,1,1,1,False,7.3515179204466901e-06,6.5234198787415634e-06,6.5234198787415634e-06,1.1269423181548872,0.067090173110654502,1.4978187566396115,accepted fixed-reviewed v4.1/v4.2 shared-epsilon2 observed scan,"{""2021"": ""964fba2759aa0ce2bcfbda9ff74c6ab6d74d9877eded705b7b7663547dcd8ef5""}",1,22
2021,0.182,182,0.0044425235,0.0044425235,0.94999999999999996,0.050000000000000003,tilde_q_mu,asymptotic,count_scale,7.5891177701629875e-06,1,1,1,False,7.5891177701629875e-06,6.7462760066643386e-06,6.7462760066643386e-06,1.1249343730772421,0.060667956654898797,1.5491905798493415,accepted fixed-reviewed v4.1/v4.2 shared-epsilon2 observed scan,"{""2021"": ""64716b7c92be9f6560a7060baeacad0e8fdc3179135923ab86a669c2e69e7a8b""}",1,22
2021,0.183,183,0.0044724928750000002,0.0044724928750000002,0.94999999999999996,0.050000000000000003,tilde_q_mu,asymptotic,count_scale,7.4678578181162758e-06,1,1,1,False,7.4678578181162758e-06,6.6172261063312055e-06,6.6172261063312055e-06,1.1285480801345456,0.073050797801694198,1.4534401141766315,accepted fixed-reviewed v4.1/v4.2 shared-epsilon2 observed scan,"{""2021"": ""55041b220f03a16fb3687ff3eda46fea0b17ae911076706e4f72b9de8942c806""}",1,22
2021,0.184,184,0.0045026340000000002,0.0045026340000000002,0.94999999999999996,0.050000000000000003,tilde_q_mu,asymptotic,count_scale,7.0222300046682618e-06,1,1,1,False,7.0222300046682618e-06,6.1664323981626345e-06,6.1664323981626345e-06,1.1387832625491237,0.11633982400423699,1.1934845791580777,accepted fixed-reviewed v4.1/v4.2 shared-epsilon2 observed scan,"{""2021"": ""a9744b7341cb097c63a0238dbff05d86a5d0e1352816632a67097d074205e92a""}",1,22
2021,0.185,185,0.0045329468749999002,0.0045329468749999002,0.94999999999999996,0.050000000000000003,tilde_q_mu,asymptotic,count_scale,6.5299072818876664e-06,1,1,1,False,6.5299072818876664e-06,5.6805890795357731e-06,5.6805890795357731e-06,1.1495123464239911,0.1731768028053049,0.94168564698549739,accepted fixed-reviewed v4.1/v4.2 shared-epsilon2 observed scan,"{""2021"": ""9988fe8cf8bba61369b1510558e48fc687673b4c0498347a7cb126de2631abdf""}",1,22
2021,0.186,186,0.0045634315000000003,0.0045634315000000003,0.94999999999999996,0.050000000000000003,tilde_q_mu,asymptotic,count_scale,5.8168969727446705e-06,1,1,1,False,5.8168969727446705e-06,4.982159576327874e-06,4.982159576327874e-06,1.1675452950931058,0.2958094748753749,0.53649144085938527,accepted fixed-reviewed v4.1/v4.2 shared-epsilon2 observed scan,"{""2021"": ""ae6f1f4c16e0ffb5c3c4d968dade5962cc0a6a0451f0b1c4dc180a8a3b52a63a""}",1,22
2021,0.187,187,0.0045940878749999,0.0045940878749999,0.94999999999999996,0.050000000000000003,tilde_q_mu,asymptotic,count_scale,5.0957024602226377e-06,1,1,1,False,5.0957024602226377e-06,4.2926557409394268e-06,4.2926557409394268e-06,1.1870745682269568,0.45890863832481449,0.10318357364756151,accepted fixed-reviewed v4.1/v4.2 shared-epsilon2 observed scan,"{""2021"": ""8d83862f97c5951a25c80c81a64b662af1da2a842d99dd2fefe0f526750358ac""}",1,22
2021,0.188,188,0.0046249159999999,0.0046249159999999,0.94999999999999996,0.050000000000000003,tilde_q_mu,asymptotic,count_scale,4.5202468961768387e-06,1,1,1,False,4.5202468961768387e-06,3.7601983849734777e-06,3.7601983849734777e-06,1.2021298967205216,0.5,0,accepted fixed-reviewed v4.1/v4.2 shared-epsilon2 observed scan,"{""2021"": ""adc198bed5d111049640aefda08b2f812bfa321b6a9fb190544609c6f9bdb02b""}",1,22
2021,0.189,189,0.0046559158749998998,0.0046559158749998998,0.94999999999999996,0.050000000000000003,tilde_q_mu,asymptotic,count_scale,4.1979343916732311e-06,1,1,1,False,4.1979343916732311e-06,3.4743455028631495e-06,3.4743455028631495e-06,1.2082662441641985,0.5,0,accepted fixed-reviewed v4.1/v4.2 shared-epsilon2 observed scan,"{""2021"": ""9169296a93554d084146eb4bb80b5ce176829b4a57a9656c9f6f26ea460dd974""}",1,22
2021,0.19,190,0.0046870875000000001,0.0046870875000000001,0.94999999999999996,0.050000000000000003,tilde_q_mu,asymptotic,count_scale,4.0706636694382126e-06,1,1,1,False,4.0706636694382126e-06,3.3630901000949864e-06,3.3630901000949864e-06,1.2103938783332751,0.5,0,accepted fixed-reviewed v4.1/v4.2 shared-epsilon2 observed scan,"{""2021"": ""c01843d8937ac9caa02b7731b9dfaa5bf17c83f4b2c9c1b8dd50d52d4e3a09c7""}",1,22
2021,0.191,191,0.0047184308750000004,0.0047184308750000004,0.94999999999999996,0.050000000000000003,tilde_q_mu,asymptotic,count_scale,3.9303777316450464e-06,1,1,1,False,3.9303777316450464e-06,3.2424667289284712e-06,3.2424667289284712e-06,1.2121566881717571,0.5,0,accepted fixed-reviewed v4.1/v4.2 shared-epsilon2 observed scan,"{""2021"": ""5f64d374f2bb61c8a0f035f480ce65a25671a45b069950d6ce829f002e222540""}",1,22
2021,0.192,192,0.0047499459999998999,0.0047499459999998999,0.94999999999999996,0.050000000000000003,tilde_q_mu,asymptotic,count_scale,3.8840005844200267e-06,1,1,1,False,3.8840005844200267e-06,3.2026858944578083e-06,3.2026858944578083e-06,1.2127322854674014,0.5,0,accepted fixed-reviewed v4.1/v4.2 shared-epsilon2 observed scan,"{""2021"": ""66135439b0b541050eb4b2e7b828ea9ee60c0acbeb32aab76b42139e60c89634""}",1,22
2021,0.193,193,0.0047816328749998999,0.0047816328749998999,0.94999999999999996,0.050000000000000003,tilde_q_mu,asymptotic,count_scale,3.9484177845373936e-06,1,1,1,False,3.9484177845373936e-06,3.2559859188606225e-06,3.2559859188606225e-06,1.2126642691130176,0.5,0,accepted fixed-reviewed v4.1/v4.2 shared-epsilon2 observed scan,"{""2021"": ""7ebbfa9d641fe75f8eb5808d12218e143b25c716847ce4369bb11c81ca112ba3""}",1,22
2021,0.19400000000000001,194,0.0048134915000000002,0.0048134915000000002,0.94999999999999996,0.050000000000000003,tilde_q_mu,asymptotic,count_scale,4.0416019877960434e-06,1,1,1,False,4.0416019877960434e-06,3.3333460600792405e-06,3.3333460600792405e-06,1.2124759670767475,0.5,0,accepted fixed-reviewed v4.1/v4.2 shared-epsilon2 observed scan,"{""2021"": ""dd98fa6c18ad636be0e5c3471029d889c13f223d07d7e60d4d2f5abfcdbc8e64""}",1,22
2021,0.19500000000000001,195,0.0048455218749999,0.0048455218749999,0.94999999999999996,0.050000000000000003,tilde_q_mu,asymptotic,count_scale,4.1457792661198545e-06,1,1,1,False,4.1457792661198545e-06,3.4202678945488806e-06,3.4202678945488806e-06,1.2121212121212119,0.5,0,accepted fixed-reviewed v4.1/v4.2 shared-epsilon2 observed scan,"{""2021"": ""139d638178c32a510cac4c13a525a3909118be5d9e3b57ff0f6e22b6ed2b6634""}",1,20
2021,0.19600000000000001,196,0.0048777239999999002,0.0048777239999999002,0.94999999999999996,0.050000000000000003,tilde_q_mu,asymptotic,count_scale,4.3928796314504015e-06,1,1,1,False,4.3928796314504015e-06,3.62863736494689e-06,3.62863736494689e-06,1.2106141202993144,0.49996556460065628,8.6316745750310983e-05,accepted fixed-reviewed v4.1/v4.2 shared-epsilon2 observed scan,"{""2021"": ""870d0c4d2cc70afbf63a0af27ad1e05506be6c9d934927484eb0e213c1e2ed9a""}",1,22
2021,0.19700000000000001,197,0.004910097875,0.004910097875,0.94999999999999996,0.050000000000000003,tilde_q_mu,asymptotic,count_scale,4.6467328032172745e-06,1,1,1,False,4.6467328032172745e-06,3.8445543902165384e-06,3.8445543902165384e-06,1.2086531575784403,0.5,0,accepted fixed-reviewed v4.1/v4.2 shared-epsilon2 observed scan,"{""2021"": ""0dcab5f062bcba2b6ad7bb053fe28e6a88a697a6400683a7ce83fa1945405a47""}",1,22
2021,0.19800000000000001,198,0.0049426434999999,0.0049426434999999,0.94999999999999996,0.050000000000000003,tilde_q_mu,asymptotic,count_scale,4.9950410059770483e-06,1,1,1,False,4.9950410059770483e-06,4.144559072543042e-06,4.144559072543042e-06,1.2052044423900954,0.5,0,accepted fixed-reviewed v4.1/v4.2 shared-epsilon2 observed scan,"{""2021"": ""b70ed0eafed78fe21ce5781a46b3b9c0111ebd937f4ea5920ea2ced0ba658d3f""}",1,22
2021,0.19900000000000001,199,0.0049753608750000003,0.0049753608750000003,0.94999999999999996,0.050000000000000003,tilde_q_mu,asymptotic,count_scale,5.4475630525191452e-06,1,1,1,False,5.4475630525191452e-06,4.5451455226381983e-06,4.5451455226381983e-06,1.1985453546836373,0.5,0,accepted fixed-reviewed v4.1/v4.2 shared-epsilon2 observed scan,"{""2021"": ""0a93d984bc84ce29c906a19fcdaef2c0ea52e255dafb34a1b1523a0168059048""}",1,20
2021,0.20000000000000001,200,0.0050082499999998999,0.0050082499999998999,0.94999999999999996,0.050000000000000003,tilde_q_mu,asymptotic,count_scale,5.7375578940714928e-06,1,1,1,False,5.7375578940714928e-06,4.8050894683165831e-06,4.8050894683165831e-06,1.1940584939996115,0.5,0,accepted fixed-reviewed v4.1/v4.2 shared-epsilon2 observed scan,"{""2021"": ""61e702cc97de240ac794a4f3af386fff1b990162362f8a3e1e22c60e41514e2a""}",1,22
2021,0.20100000000000001,201,0.0050413108749999,0.0050413108749999,0.94999999999999996,0.050000000000000003,tilde_q_mu,asymptotic,count_scale,6.1026459763496092e-06,1,1,1,False,6.1026459763496092e-06,5.1375904707102262e-06,5.1375904707102262e-06,1.1878420460216192,0.46580384418327497,0.085822288271663799,accepted fixed-reviewed v4.1/v4.2 shared-epsilon2 observed scan,"{""2021"": ""4199219f88926f41aa3ecab84b262f8920fac125c31282ad401d3f75f06965b5""}",1,22
2021,0.20200000000000001,202,0.0050745434999998999,0.0050745434999998999,0.94999999999999996,0.050000000000000003,tilde_q_mu,asymptotic,count_scale,6.2872999876082908e-06,1,1,1,False,6.2872999876082908e-06,5.306581504239197e-06,5.306581504239197e-06,1.1848117253236647,0.4387510538936607,0.1541365019396205,accepted fixed-reviewed v4.1/v4.2 shared-epsilon2 observed scan,"{""2021"": ""55959e681a5a57f65ca9f3775ef497be6ffdd954d48116b1497a5638becb5088""}",1,22
2021,0.20300000000000001,203,0.0051079478750000002,0.0051079478750000002,0.94999999999999996,0.050000000000000003,tilde_q_mu,asymptotic,count_scale,6.8977845392990011e-06,1,1,1,False,6.8977845392990011e-06,5.8727935895797342e-06,5.8727935895797342e-06,1.1745320917693987,0.3509805894409242,0.38267442587649098,accepted fixed-reviewed v4.1/v4.2 shared-epsilon2 observed scan,"{""2021"": ""d089fc11851e765fb82f23f6e613a6d3ff64aefcd1a32be618e65cf46763d66f""}",1,21
2021,0.20399999999999999,204,0.0051415239999999,0.0051415239999999,0.94999999999999996,0.050000000000000003,tilde_q_mu,asymptotic,count_scale,7.6812076146469317e-06,1,1,1,False,7.6812076146469317e-06,6.6117268491020768e-06,6.6117268491020768e-06,1.1617551344684027,0.2529534148801742,0.6652246291946925,accepted fixed-reviewed v4.1/v4.2 shared-epsilon2 observed scan,"{""2021"": ""cd7e1c88df5dcc6f561241b8aee5bd8a92cebfe965a5950b232eacd603cc49c9""}",1,22
2021,0.20499999999999999,205,0.0051752718749999002,0.0051752718749999002,0.94999999999999996,0.050000000000000003,tilde_q_mu,asymptotic,count_scale,8.2725210403360155e-06,1,1,1,False,8.2725210403360155e-06,7.170832076454622e-06,7.170832076454622e-06,1.1536347458893623,0.1983374247260167,0.84757473549282447,accepted fixed-reviewed v4.1/v4.2 shared-epsilon2 observed scan,"{""2021"": ""1b9175274f6fedbd5abf12ce510d02358c7fe839af5238b921372ad8c4e6bddf""}",1,22
2021,0.20599999999999999,206,0.0052091914999999002,0.0052091914999999002,0.94999999999999996,0.050000000000000003,tilde_q_mu,asymptotic,count_scale,8.8965529425162635e-06,1,1,1,False,8.8965529425162635e-06,7.7725584593139605e-06,7.7725584593139605e-06,1.1446106181234836,0.14716531767553609,1.0486686770039335,accepted fixed-reviewed v4.1/v4.2 shared-epsilon2 observed scan,"{""2021"": ""ec86c9c2f4e0c9cd1aa2c2b67f365de4ea0a2ff4db7ba537c701da5f913df154""}",1,22
2021,0.20699999999999999,207,0.0052432828749998999,0.0052432828749998999,0.94999999999999996,0.050000000000000003,tilde_q_mu,asymptotic,count_scale,9.3409003560068828e-06,1,1,1,False,9.3409003560068828e-06,8.1905753323724208e-06,8.1905753323724208e-06,1.1404449598415778,0.1242187684951708,1.1541527821150961,accepted fixed-reviewed v4.1/v4.2 shared-epsilon2 observed scan,"{""2021"": ""e0bd3c655b947d53502065396012ba47c83d09022e6cf74dd29fd0c51a30586b""}",1,22
2021,0.20799999999999999,208,0.0052775460000000001,0.0052775460000000001,0.94999999999999996,0.050000000000000003,tilde_q_mu,asymptotic,count_scale,9.7709904933092689e-06,1,1,1,False,9.7709904933092689e-06,8.5985616081182253e-06,8.5985616081182253e-06,1.1363517456319798,0.1046779821798605,1.2553383352960514,accepted fixed-reviewed v4.1/v4.2 shared-epsilon2 observed scan,"{""2021"": ""2faa498de560e7de5d86846b0d3217c23616a6de16e63cb7f047f111772d85ff""}",1,22
2021,0.20899999999999999,209,0.0053119808750000004,0.0053119808750000004,0.94999999999999996,0.050000000000000003,tilde_q_mu,asymptotic,count_scale,1.0176640353115177e-05,1,1,1,False,1.0176640353115177e-05,8.9792858039121664e-06,8.9792858039121664e-06,1.1333463011814746,0.091662405070480901,1.3305874016181487,accepted fixed-reviewed v4.1/v4.2 shared-epsilon2 observed scan,"{""2021"": ""b109a72909b319be483621020eeec290afdc334a772bb9399366d383d70630cf""}",1,22
2021,0.20999999999999999,210,0.0053465874999998999,0.0053465874999998999,0.94999999999999996,0.050000000000000003,tilde_q_mu,asymptotic,count_scale,9.8944216322586824e-06,1,1,1,False,9.8944216322586824e-06,8.6938166690892975e-06,8.6938166690892975e-06,1.138098721064376,0.1126950765663965,1.2123193670201156,accepted fixed-reviewed v4.1/v4.2 shared-epsilon2 observed scan,"{""2021"": ""bef1067e3d06079e2444e5c1c0e5bc680ace082227046c376e6e638da10c3aee""}",1,22
2021,0.21099999999999999,211,0.0053813658750000003,0.0053813658750000003,0.94999999999999996,0.050000000000000003,tilde_q_mu,asymptotic,count_scale,9.4444023437229471e-06,1,1,1,False,9.4444023437229471e-06,8.2376988166212596e-06,8.2376988166212596e-06,1.1464855117872135,0.1557863143232385,1.0119276898822551,accepted fixed-reviewed v4.1/v4.2 shared-epsilon2 observed scan,"{""2021"": ""3830aa6b2f33f369e50037dc5bd8124f5d120a3c266778c0179641e4a29c0536""}",1,22
2021,0.21199999999999999,212,0.005416316,0.005416316,0.94999999999999996,0.050000000000000003,tilde_q_mu,asymptotic,count_scale,9.1631154236480989e-06,1.1200730784532984,1.1200730784532984,0.89279888896257864,True,1.0263358900788425e-05,7.9498768405495988e-06,8.9044430261189707e-06,1.1526109910168905,0.19197529742282479,0.87064028171291485,accepted fixed-reviewed v4.1/v4.2 shared-epsilon2 observed scan,"{""2021"": ""3902cb1c9a6a609f706216b191b9ce676a7feda8f53b58b381683df1868bbda6""}",1,22
2021,0.21299999999999999,213,0.0054514378750000004,0.0054514378750000004,0.94999999999999996,0.050000000000000003,tilde_q_mu,asymptotic,count_scale,8.6444488239702216e-06,1.1872173917589184,1.1872173917589186,0.84230572003199244,True,1.0262839985987375e-05,7.4366739770476001e-06,8.8289486823918744e-06,1.1624079327196908,0.25837715417314139,0.64835663946236322,accepted fixed-reviewed v4.1/v4.2 shared-epsilon2 observed scan,"{""2021"": ""6ee5fd597676ab7809ec0f904282fa4f2c6547dff572b5f31f7c6a34097d48cd""}",1,22
2021,0.214,214,0.0054867314999998999,0.0054867314999998999,0.94999999999999996,0.050000000000000003,tilde_q_mu,asymptotic,count_scale,8.2881913714763686e-06,1.234823624561864,1.234823624561864,0.80983225467103992,True,1.0234454510388816e-05,7.0810995398269184e-06,8.7439089996524224e-06,1.1704667226975536,0.31838482691184511,0.47222015660510469,accepted fixed-reviewed v4.1/v4.2 shared-epsilon2 observed scan,"{""2021"": ""8fc93ea329ab5ce111c276047320e8c555c8fceca89b0e059cb23a82839b7a97""}",1,22
2021,0.215,215,0.0055221968749998998,0.0055221968749998998,0.94999999999999996,0.050000000000000003,tilde_q_mu,asymptotic,count_scale,7.453581443208054e-06,1.2733310939424933,1.2733310939424931,0.78534169530392584,True,9.4908770128695794e-06,6.2779374876564622e-06,7.9938930088601906e-06,1.1872659544417441,0.46055599068485109,0.099033109956213505,accepted fixed-reviewed v4.1/v4.2 shared-epsilon2 observed scan,"{""2021"": ""5049dd7ac06f52449b06c327630dffad1de03b86d6569d002e56652ff5358fe5""}",1,22
2021,0.216,216,0.0055578339999997999,0.0055578339999997999,0.94999999999999996,0.050000000000000003,tilde_q_mu,asymptotic,count_scale,6.7764497089729947e-06,1.3062188477028425,1.3062188477028425,0.76556849700846952,True,8.8515263303709669e-06,5.6454602706138766e-06,7.3742066094334354e-06,1.2003360902646361,0.5,0,accepted fixed-reviewed v4.1/v4.2 shared-epsilon2 observed scan,"{""2021"": ""778a9441872847da88b909d36c062263e92635954afdc8665b993c293596f490""}",1,22
2021,0.217,217,0.0055936428749999,0.0055936428749999,0.94999999999999996,0.050000000000000003,tilde_q_mu,asymptotic,count_scale,6.455325033792453e-06,1.335168915296197,1.335168915296197,0.74896890464092147,True,8.6189493232530554e-06,5.3542525285496197e-06,7.1488315407655159e-06,1.2056444852706818,0.5,0,accepted fixed-reviewed v4.1/v4.2 shared-epsilon2 observed scan,"{""2021"": ""8ae01e776113ae19416a460034358ddbb7128b65335c808e06396bdce0975054""}",1,19
2021,0.218,218,0.0056296235,0.0056296235,0.94999999999999996,0.050000000000000003,tilde_q_mu,asymptotic,count_scale,6.2339352732778032e-06,1.361150597663751,1.361150597663751,0.73467256431167716,True,8.4853247230192216e-06,5.1570552378957656e-06,7.0195288192467991e-06,1.2088168510332724,0.5,0,accepted fixed-reviewed v4.1/v4.2 shared-epsilon2 observed scan,"{""2021"": ""439df5918767e7c9b5b0f243dbd811a13badaa911761574e1c08207ff2f8c549""}",1,22
2021,0.219,219,0.005665775875,0.005665775875,0.94999999999999996,0.050000000000000003,tilde_q_mu,asymptotic,count_scale,5.9852622211716556e-06,1.3847847495500856,1.3847847495500856,0.72213389144045548,True,8.2882998459367804e-06,4.9406918326465707e-06,6.8417947020756349e-06,1.2114218866319257,0.5,0,accepted fixed-reviewed v4.1/v4.2 shared-epsilon2 observed scan,"{""2021"": ""353fae6b18e240bcfb03dc3d269ed0ef8014b0a2c925c98c00d321098190f0ac""}",1,22
2021,0.22,220,0.0057020999999999001,0.0057020999999999001,0.94999999999999996,0.050000000000000003,tilde_q_mu,asymptotic,count_scale,6.0170166637695753e-06,1.4064984490575076,1.4064984490575076,0.71098549782980436,True,8.4629246055450861e-06,4.9654682827324312e-06,6.9839234385074107e-06,1.211772248086638,0.49996556460065628,8.6316745750310983e-05,accepted fixed-reviewed v4.1/v4.2 shared-epsilon2 observed scan,"{""2021"": ""83cfc7a6a1021e9adedf956f543694cd3a3142b5bac5fe0f81599ef412d2240e""}",1,22
2021,0.221,221,0.0057385958750000004,0.0057385958750000004,0.94999999999999996,0.050000000000000003,tilde_q_mu,asymptotic,count_scale,5.9636536997959882e-06,1.4266010402773408,1.4266010402773408,0.70096682377687958,True,8.5077545719827697e-06,4.9193206024347452e-06,7.0179078888911625e-06,1.2122921398626398,0.5,0,accepted fixed-reviewed v4.1/v4.2 shared-epsilon2 observed scan,"{""2021"": ""5fe00289712e9f50b9ac59cb1db500a58470a6c1eb2ac4b17928fb400cd05330""}",1,22
2021,0.222,222,0.0057752634999999001,0.0057752634999999001,0.94999999999999996,0.050000000000000003,tilde_q_mu,asymptotic,count_scale,5.9718078082445898e-06,1.4453255359465016,1.4453255359465016,0.69188565145299885,True,8.6312063210206142e-06,4.9245217385093979e-06,7.1175370209912929e-06,1.2126675696333091,0.5,0,accepted fixed-reviewed v4.1/v4.2 shared-epsilon2 observed scan,"{""2021"": ""74acd05f437d8dd97093cd44ceb7735086de86c2e594bff9773b1750d909da12""}",1,22
2021,0.223,223,0.005812102875,0.005812102875,0.94999999999999996,0.050000000000000003,tilde_q_mu,asymptotic,count_scale,6.0890843568751937e-06,1.4628529315000418,1.4628529315000418,0.68359571797458674,True,8.9074349016059232e-06,5.0219510412758059e-06,7.3463758025799996e-06,1.2124937712113353,0.5,0,accepted fixed-reviewed v4.1/v4.2 shared-epsilon2 observed scan,"{""2021"": ""afc3c671877b74dd52b40e4d524e3af4b86c688b4c45d546b398a1564daf0a3c""}",1,22
2021,0.224,224,0.0058491139999999001,0.0058491139999999001,0.94999999999999996,0.050000000000000003,tilde_q_mu,asymptotic,count_scale,6.3314927414644384e-06,1.4793273449050943,1.4793273449050943,0.67598290766683167,True,9.3663503465164647e-06,5.2246164440223005e-06,7.7289179722830058e-06,1.2118579056092358,0.5,0,accepted fixed-reviewed v4.1/v4.2 shared-epsilon2 observed scan,"{""2021"": ""0cafde313a4c8dbbb936d6c5e85f63d6c80ca8e423b1bfe56491acb80015686a""}",1,22
2021,0.22500000000000001,225,0.0058862968749998999,0.0058862968749998999,0.94999999999999996,0.050000000000000003,tilde_q_mu,asymptotic,count_scale,6.7481804765282605e-06,1.4948658954779785,1.4948658954779783,0.6689563278050793,True,1.008762485089243e-05,5.5760334806217535e-06,8.3354222822248271e-06,1.2102116136820267,0.499975650495596,6.103515625e-05,accepted fixed-reviewed v4.1/v4.2 shared-epsilon2 observed scan,"{""2021"": ""c5f437b3b2703dce5c9b1aff2172cd0a33c30e43be9f48ed9858df0c077ae669""}",1,22
2021,0.22600000000000001,226,0.0059236515,0.0059236515,0.94999999999999996,0.050000000000000003,tilde_q_mu,asymptotic,count_scale,7.0802465192865032e-06,1.5095654015240774,1.5095654015240774,0.66244231551040234,True,1.0688095179776182e-05,5.8575914481005487e-06,8.8424173863159064e-06,1.2087300014039777,0.5,0,accepted fixed-reviewed v4.1/v4.2 shared-epsilon2 observed scan,"{""2021"": ""39e1053c0b81d11ee6daf322526521dceddc843e8b786639c32fccb8250a26c2""}",1,22
2021,0.22700000000000001,227,0.0059611778750000002,0.0059611778750000002,0.94999999999999996,0.050000000000000003,tilde_q_mu,asymptotic,count_scale,7.3785511670556115e-06,1.5235070686802985,1.5235070686802987,0.65638028241393453,True,1.1241274859628491e-05,6.114190920527776e-06,9.3150130866849676e-06,1.2067910968044642,0.5,0,accepted fixed-reviewed v4.1/v4.2 shared-epsilon2 observed scan,"{""2021"": ""b3667c3187a5b81fcd8455c543f6dfbbb55e3abb42103d6905acf11c00e16742""}",1,22
2021,0.22800000000000001,228,0.0059988760000000002,0.0059988760000000002,0.94999999999999996,0.050000000000000003,tilde_q_mu,asymptotic,count_scale,7.7775528144422706e-06,1.536759861895546,1.5367598618955465,0.65071975446217756,True,1.1952230989007618e-05,6.4598923987111328e-06,9.9273033505034081e-06,1.2039755981065621,0.5,0,accepted fixed-reviewed v4.1/v4.2 shared-epsilon2 observed scan,"{""2021"": ""da85e295f99a1cdd82194e12c2dcecfcab63d8f565c5d319682d533d01956d6f""}",1,22
2021,0.22900000000000001,229,0.006036745875,0.006036745875,0.94999999999999996,0.050000000000000003,tilde_q_mu,asymptotic,count_scale,8.2645055752677512e-06,1.549382987764826,1.549382987764826,0.64541821350615325,True,1.2804884340607409e-05,6.892217369833309e-06,1.0678684340796963e-05,1.1991069247816877,0.5,0,accepted fixed-reviewed v4.1/v4.2 shared-epsilon2 observed scan,"{""2021"": ""9f618ace0568a8250f8e2ba77a6d409670ec3c68b25686dc9324615105cdd214""}",1,22
2021,0.23000000000000001,230,0.0060747874999998999,0.0060747874999998999,0.94999999999999996,0.050000000000000003,tilde_q_mu,asymptotic,count_scale,8.4610752368842335e-06,1.5614277592656254,1.5614277592656256,0.6404394913987711,True,1.3211357748106019e-05,7.0571485286283464e-06,1.1019227613860864e-05,1.198936823075305,0.5,0,accepted fixed-reviewed v4.1/v4.2 shared-epsilon2 observed scan,"{""2021"": ""dfaa13eb343299450e9def155929981bd566e1d30b9e7c38bbbb1b32adec560b""}",1,22
2021,0.23100000000000001,231,0.0061130008749999002,0.0061130008749999002,0.94999999999999996,0.050000000000000003,tilde_q_mu,asymptotic,count_scale,9.0788181144711473e-06,1.5729390216185291,1.5729390216185293,0.63575255382183604,True,1.4280427282428825e-05,7.6168135081563394e-06,1.1980783187370228e-05,1.1919443878662965,0.5,0,accepted fixed-reviewed v4.1/v4.2 shared-epsilon2 observed scan,"{""2021"": ""2ddf958e7c877fbf71771f3bd377df43d75bdfda26c8d67f11f2101fd17271fd""}",1,18
2021,0.23200000000000001,232,0.006151386,0.006151386,0.94999999999999996,0.050000000000000003,tilde_q_mu,asymptotic,count_scale,9.2714666612553637e-06,1.5839562598000563,1.5839562598000565,0.6313305647254619,True,1.4685597655622962e-05,7.7846388236744626e-06,1.2330527395041712e-05,1.1909950957595097,0.49311799798326528,0.017251476514899299,accepted fixed-reviewed v4.1/v4.2 shared-epsilon2 observed scan,"{""2021"": ""f1bfa85ba71e4ec467ee9174d9e9ac44764762cc61302130918e97e217343467""}",1,22
2021,0.23300000000000001,233,0.0061899428749999002,0.0061899428749999002,0.94999999999999996,0.050000000000000003,tilde_q_mu,asymptotic,count_scale,9.4619510396146107e-06,1.5945144708897403,1.5945144708897403,0.62715015652507644,True,1.508721785551572e-05,7.9498488549952646e-06,1.2676149040676182e-05,1.1902051488273542,0.48499138643081519,0.0376298939604865,accepted fixed-reviewed v4.1/v4.2 shared-epsilon2 observed scan,"{""2021"": ""fa0865ebf7b5c4ff7972c54f1d911704b0f6a05ec52d54f65f9defb9e96a6e19""}",1,22
2021,0.23400000000000001,234,0.0062286714999998999,0.0062286714999998999,0.94999999999999996,0.050000000000000003,tilde_q_mu,asymptotic,count_scale,9.8894535147009025e-06,1.6046448598496121,1.6046448598496124,0.62319085364079885,True,1.5869060749086483e-05,8.3354506167973999e-06,1.3375437986774227e-05,1.1864329799725419,0.45137561112956748,0.1221866206164313,accepted fixed-reviewed v4.1/v4.2 shared-epsilon2 observed scan,"{""2021"": ""992c396e570e8cf1a2df5792d6ddcb0188bc654aa82a8cf6a908e5cd7024e052""}",1,21
2021,0.23499999999999999,235,0.006267571875,0.006267571875,0.94999999999999996,0.050000000000000003,tilde_q_mu,asymptotic,count_scale,9.7889615166070994e-06,1.6143754007809901,1.6143754007809901,0.61943461199683025,True,1.5803058671602276e-05,8.2255450287366202e-06,1.3279117552408762e-05,1.1900684370954817,0.4862188791610243,0.034551020266157299,accepted fixed-reviewed v4.1/v4.2 shared-epsilon2 observed scan,"{""2021"": ""4a9b518cf4b9f5beef14dc438ce2b26bed61a7ea8d0f81b79a1d488673e71c5c""}",1,22
2021,0.23599999999999999,236,0.0063066440000000001,0.0063066440000000001,0.94999999999999996,0.050000000000000003,tilde_q_mu,asymptotic,count_scale,9.9345490949087629e-06,1.6237312943290325,1.6237312943290323,0.61586544737577753,True,1.6131038260451524e-05,8.3514226145498907e-06,1.3560466251411847e-05,1.1895636891373143,0.48130161338808691,0.046887078318559497,accepted fixed-reviewed v4.1/v4.2 shared-epsilon2 observed scan,"{""2021"": ""c0278ff7f703622370383e74ff13b188e2229c8efee2f711c6a1fb386905dd85""}",1,22
2021,0.23699999999999999,237,0.0063458878750000001,0.0063458878750000001,0.94999999999999996,0.050000000000000003,tilde_q_mu,asymptotic,count_scale,1.0411779515562074e-05,1.6327353439454391,1.6327353439454393,0.61246913267862524,True,1.6999680408425319e-05,8.7800729644017822e-06,1.4335535451398595e-05,1.1858420263448761,0.44773305421225229,0.1313908729219723,accepted fixed-reviewed v4.1/v4.2 shared-epsilon2 observed scan,"{""2021"": ""b007a513be7df7dd62403da0fae12689a2e8582d8599dc60ab83b60e7b436fce""}",1,21
2021,0.23799999999999999,238,0.0063853034999999001,0.0063853034999999001,0.94999999999999996,0.050000000000000003,tilde_q_mu,asymptotic,count_scale,1.0655000852792116e-05,1.641408268055869,1.6414082680558688,0.60923294920673743,True,1.7489206495915315e-05,8.9913389139634617e-06,1.4758458034272105e-05,1.1850293882532894,0.44046939383163092,0.14977924125831821,accepted fixed-reviewed v4.1/v4.2 shared-epsilon2 observed scan,"{""2021"": ""64bca7759f60a6b60efb8f9a3097f150cc02a88e9ad359bbd0d5538326bd74d3""}",1,18
2021,0.23899999999999999,239,0.0064248908750000003,0.0064248908750000003,0.94999999999999996,0.050000000000000003,tilde_q_mu,asymptotic,count_scale,1.0689086999618269e-05,1.649768961087394,1.649768961087394,0.60614548072287711,True,1.7634523954333002e-05,9.0007192256807466e-06,1.484910720599066e-05,1.1875814289507323,0.4632200051457111,0.092324768122875794,accepted fixed-reviewed v4.1/v4.2 shared-epsilon2 observed scan,"{""2021"": ""a24bb51c856ac764c2ba4bc770f88fc25a789997f6f032b8bbd6b1d509761d34""}",1,21
2021,0.23999999999999999,240,0.0064646499999999,0.0064646499999999,0.94999999999999996,0.050000000000000003,tilde_q_mu,asymptotic,count_scale,1.0778401007410658e-05,1.6578347133148656,1.6578347133148656,0.60319644170104547,True,1.7868807344113308e-05,9.0691912255993463e-06,1.5035220035489187e-05,1.1884633082812031,0.47113482441201288,0.072417511998902895,accepted fixed-reviewed v4.1/v4.2 shared-epsilon2 observed scan,"{""2021"": ""973dfa5f140a0c46147b31d5ea0c061ff49d6dbbdbfb15026c924d97ce369b2f""}",1,21
2021,0.24099999999999999,241,0.0065045808749999001,0.0065045808749999001,0.94999999999999996,0.050000000000000003,tilde_q_mu,asymptotic,count_scale,1.1229973922756174e-05,1.6656213972624623,1.6656213972624625,0.60037653313265138,True,1.8704884856442152e-05,9.4645524386792082e-06,1.5764361057376708e-05,1.1865298433829938,0.44985257901908998,0.12603381430648819,accepted fixed-reviewed v4.1/v4.2 shared-epsilon2 observed scan,"{""2021"": ""c68446a577aa1c133c797339e3bab746a9e9d9e3d27ab089a1bed5b6fa52e8b1""}",1,21
2021,0.24199999999999999,242,0.0065446834999998999,0.0065446834999998999,0.94999999999999996,0.050000000000000003,tilde_q_mu,asymptotic,count_scale,1.1905823323124397e-05,1.6731436267286657,1.6731436267286659,0.59767732071824697,True,1.9920152414043089e-05,1.0082184528549988e-05,1.686894278744577e-05,1.1808773475044385,0.40547153765835781,0.23920957896557191,accepted fixed-reviewed v4.1/v4.2 shared-epsilon2 observed scan,"{""2021"": ""a969d5b2d99c3427a40d70dafa54be004bcf996d8ed75ab7d095f50b7ddc1f2c""}",1,22
2021,0.24299999999999999,243,0.0065849578750000002,0.0065849578750000002,0.94999999999999996,0.050000000000000003,tilde_q_mu,asymptotic,count_scale,1.2295800461089e-05,1.6804148932374969,1.6804148932374967,0.59509113137731973,True,2.0662046219090437e-05,1.0421458201472619e-05,1.7512373571006649e-05,1.1798541263017803,0.39705122807450549,0.26098709891395477,accepted fixed-reviewed v4.1/v4.2 shared-epsilon2 observed scan,"{""2021"": ""69a92f04f7f84c324c09eefe598e0acd76439677b9e85404f5514a667066e6d6""}",1,22
2021,0.24399999999999999,244,0.0066254039999998999,0.0066254039999998999,0.94999999999999996,0.050000000000000003,tilde_q_mu,asymptotic,count_scale,1.3050920889305104e-05,1.687447683749181,1.687447683749181,0.59261096484970366,True,2.2022746225451701e-05,1.1114837123960772e-05,1.8755706160077013e-05,1.1741891260979997,0.34807608546031288,0.39051986233107289,accepted fixed-reviewed v4.1/v4.2 shared-epsilon2 observed scan,"{""2021"": ""b3fe3f0d6dca2df8a324291241524ed5adf6f40faf415e66d750fc61b7fb7ccb""}",1,22
2021,0.245,245,0.0066660218749999001,0.0066660218749999001,0.94999999999999996,0.050000000000000003,tilde_q_mu,asymptotic,count_scale,1.4035538645161467e-05,1.694253582713408,1.6942535827134084,0.59023041780939534,True,2.3779761634877309e-05,1.2021718339821959e-05,2.0367839367614839e-05,1.1675151794788541,0.29535820156143822,0.53779815898529082,accepted fixed-reviewed v4.1/v4.2 shared-epsilon2 observed scan,"{""2021"": ""9bd7ae6fbf543325aac035fbc57294842fcddb9c39d08c6110a394e0b50c499b""}",1,22
2021,0.246,246,0.0067068114999999,0.0067068114999999,0.94999999999999996,0.050000000000000003,tilde_q_mu,asymptotic,count_scale,1.4922419494942212e-05,1.7008433609631814,1.7008433609631814,0.58794361841392817,True,2.5380698127480011e-05,1.2836896842127042e-05,2.1833550769301008e-05,1.1624631465426347,0.25796453516187889,0.64963337342967464,accepted fixed-reviewed v4.1/v4.2 shared-epsilon2 observed scan,"{""2021"": ""aa1a98df1b36f812335573ef993980798d274d5df28bb4d1c864a41ac6849d4c""}",1,22
2021,0.247,247,0.0067477728750000004,0.0067477728750000004,0.94999999999999996,0.050000000000000003,tilde_q_mu,asymptotic,count_scale,1.6178775328450632e-05,1.7072270534869669,1.7072270534869669,0.58574516960560463,True,2.7620842933018409e-05,1.4025533299781155e-05,2.3944769888968718e-05,1.1535230056958385,0.1975402007010218,0.85044018693427859,accepted fixed-reviewed v4.1/v4.2 shared-epsilon2 observed scan,"{""2021"": ""ea0b6b19a2dd8a7de11f966ee9c0a9de43d8aa92d0bd9e1c59fe85ae341a88d4""}",1,22
2021,0.248,248,0.0067889059999999002,0.0067889059999999002,0.94999999999999996,0.050000000000000003,tilde_q_mu,asymptotic,count_scale,1.7143910296697357e-05,1.7134140277520253,1.7134140277520251,0.58363009979087521,True,2.9374616392883638e-05,1.4922163479179294e-05,2.5567844229634769e-05,1.1488890549026647,0.1693980212614444,0.95654681849033585,accepted fixed-reviewed v4.1/v4.2 shared-epsilon2 observed scan,"{""2021"": ""1543ba2bafed095c1d6e7f5078adbf8f48b9d3a14a566079a9cc62ce58866152""}",1,22
2021,0.249,249,0.0068302108750000002,0.0068302108750000002,0.94999999999999996,0.050000000000000003,tilde_q_mu,asymptotic,count_scale,1.7875942872887365e-05,1.7194130439605608,1.7194130439605608,0.5815938197703574,True,3.0736129348736358e-05,1.5596990318755313e-05,2.6817668600594469e-05,1.1461148918834438,0.15362879642433719,1.0209933426398965,accepted fixed-reviewed v4.1/v4.2 shared-epsilon2 observed scan,"{""2021"": ""aa41435ff815e7da1d567f3dd261b971c93ef6fbe22965a4bd8d8bfd887ab29e""}",1,22
2021,0.25,250,0.0068716875000000002,0.0068716875000000002,0.94999999999999996,0.050000000000000003,tilde_q_mu,asymptotic,count_scale,1.8361901000990745e-05,1.7252323083862526,1.7252323083862526,0.57963208498882091,True,3.1678544850299105e-05,1.6031513909106492e-05,2.7658085748334111e-05,1.1453628836987446,0.15052415843760389,1.0341879274293977,accepted fixed-reviewed v4.1/v4.2 shared-epsilon2 observed scan,"{""2021"": ""ca86d5e7f6e35298501ab6462f1a8c2c9c5aa592d22d94a4e1a720f4c68a7205""}",1,22
