mass_MeV,A90,Ahat,Ahat_bounded,sigma_A,signed_r,Z0,p0_fixed_mass,p_signed,cls,q_obs,q_asimov,cls_branch,max_score,max_iterations,boundary_fits,min_lambda,min_background,n_profiles,n_cls_evaluations,monotonicity_error,nll_null,nll_free,n_bins,nuisance_rank,zero_bins,ok,status,calibration,cov_load,cov_load_over_poisson,prior_relative_error,feature_rank,density_observed,K_counts_per_epsilon2,branching_factor,epsilon2_90,epsilon2_90_fixed_density
50,17100.975771840767,-23962.884079024239,0,17041.370170277405,-1.406152066807713,0,0.5,0.92016051291697698,0.099999999993532401,3.8290792283619073,1.0070938596792063,deficit,1.9453679955816483e-07,2,0,1020090.3800810362,1019464.3030424216,24,11,0,6.6122279303536855,5.6235961128598841,15,7,0,True,converged,fixed-mass asymptotic reference,1e-10,7.4252261847524011e-10,7.6480773804979175e-14,25,4324227158.9899626,6658226767.6491289,1,2.5683979186366373e-06,2.5674150612370435e-06
51,17120.153736429333,-26394.869948264524,0,17583.2480035638,-1.5011234283951769,0,0.5,0.93333817991677703,0.099999999979931406,3.871076902049909,0.94800211191066586,deficit,8.9151786175634129e-08,2,0,1410503.8515137348,1409655.6410461282,24,11,0,7.7718106808716447,6.6451249072331997,14,7,0,True,converged,fixed-mass asymptotic reference,1e-10,4.3320892810122255e-10,2.2271174763555241e-14,26,5056773358.6156616,7941887728.4367247,1,2.1556781362104765e-06,2.1549296813347295e-06
52,32374.039241023038,492.43200516902317,492.43200516902317,19498.940121589949,0.025254298490687652,0.025254298490687652,0.4899260634067627,0.4899260634067627,0.10000000000139135,2.6733313960313474,2.7576948294465136,interior,9.4248749249459252e-08,2,0,1633698.4418650251,1633050.0240944815,22,10,0,9.5722456551849149,9.5719267653887865,15,7,0,True,converged,fixed-mass asymptotic reference,1e-10,5.5877854203229934e-10,7.3798648620803293e-14,26,5823615154.1723213,9325585089.1922951,1,3.4715290173634574e-06,3.4706270354842993e-06
53,78789.462430093801,53416.417401108527,53416.417401108527,19768.383743799335,2.7021563202100709,2.7021563202100709,0.003444568234702813,0.003444568234702813,0.099999999999795169,1.6473896022191141,15.899033627752075,interior,7.4083840395644529e-08,3,0,2126602.7270487053,2124967.5468937834,20,9,0,12.350016328416055,8.69919193899044,14,7,0,True,converged,fixed-mass asymptotic reference,1e-10,3.3674470094382778e-10,5.371088037930954e-14,26,6624622403.0767498,10812274837.392801,1,7.2870384461196847e-06,7.284836522261935e-06
54,104699.04099652811,78623.453899711167,78623.453899711167,20346.224763714323,3.8643709041340166,3.8643709041340166,5.5687937577695308e-05,5.5687937577695308e-05,0.099999999999755021,1.6424552020649505,26.497776432104111,interior,9.5584472781240493e-08,3,0,2677083.5348053817,2674460.2151581305,20,9,0,10.495009275195939,3.0283280328371598,14,7,0,True,converged,fixed-mass asymptotic reference,1e-10,2.7621299572933474e-10,6.8034219651214427e-14,26,7430347720.818697,12356144423.086132,1,8.4734394007979684e-06,8.471243798813688e-06
55,100293.62096847581,73376.511762481357,73376.511762481357,21001.1823525088,3.4939858795244563,3.4939858795244563,0.00023793309347368771,0.00023793309347368771,0.099999999999803996,1.6427201891786689,22.820056889679876,interior,6.3266703431708038e-08,3,0,2968497.0665549212,2966711.4006294003,20,9,0,9.7433177150745323,3.6393490519163882,15,7,0,True,converged,fixed-mass asymptotic reference,1e-10,2.9926453585660963e-10,3.9314340180516574e-14,26,8260347431.7475109,13990752750.437952,1,7.1685650341677518e-06,7.1669695860541641e-06
56,71059.594625732701,43813.829478332875,43813.829478332875,21082.240689101152,2.0782635339046704,2.0782635339046704,0.018842546589143753,0.018842546589143753,0.10000000310650943,1.6701551118335374,11.365590814164158,interior,1.0110829062881521e-07,2,0,3576001.2378131128,3574177.4373700777,18,8,0,9.9423149893632967,7.7827253311843325,14,6,0,True,converged,fixed-mass asymptotic reference,1e-10,1.9802209852065655e-10,6.7770489748335308e-14,26,9084091186.822361,15665692226.879469,1,4.5360009373736709e-06,4.5352778522985674e-06
57,27850.828381651103,-16401.711869619845,0,22170.86739316161,-0.73978363666460434,0,0.5,0.77028435526312578,0.099999998474106441,3.4365563790010825,1.5776318451603366,deficit,1.1853113601745235e-08,2,0,3892764.7779163485,3891978.1714511611,20,9,0,15.806609074700962,15.532969160162608,15,7,0,True,converged,fixed-mass asymptotic reference,1e-10,2.3172123469201008e-10,6.9647507975167257e-14,26,9904685130.3527527,17385837156.163296,1,1.6019262191109363e-06,1.6018742438068397e-06
58,12624.36126032669,-80999.033422162916,0,22522.408920352209,-3.5962984900168022,0,0.5,0.99983861129591201,0.10000000009209813,4.3455998943183545,0.31385362442610265,deficit,9.9223656846447739e-08,3,0,4534510.7312388634,4533466.3676456688,24,11,0,23.921525507616522,17.454844092967956,15,6,0,True,converged,fixed-mass asymptotic reference,1e-10,1.9756640735769851e-10,6.6382081545329006e-14,26,10722898359.523314,19152270234.797058,1,6.5915743175918391e-07,6.5920739889325238e-07
59,9565.2830592336122,-121988.71828105283,0,23309.475739015346,-5.233283707681009,0,0.5,0.99999991673757904,0.10000000312843825,4.4631735174988307,0.16819140510122224,deficit,7.260680057186164e-09,3,0,4859469.1677380232,4858721.4830207611,24,11,0,24.470691530546169,10.777062348006424,15,6,0,True,converged,fixed-mass asymptotic reference,1e-10,1.9030589434956111e-10,8.9537522824141359e-14,26,11516054000.781233,20923569807.986919,1,4.5715349469584123e-07,4.5727276488361438e-07
60,9538.7755268871988,-126879.5812183579,0,23706.57658389704,-5.3519144013812907,0,0.5,0.99999995648571649,0.099999989062251646,4.4684780053759638,0.16174931358388381,deficit,1.2407764327093673e-07,2,0,5514183.8637312967,5513185.7988748578,24,11,0,23.14838576079465,8.8268918809384189,15,6,0,True,converged,fixed-mass asymptotic reference,1e-10,1.6676981530747897e-10,1.1262376201144439e-13,26,12293918156.019041,22715465752.214508,1,4.1992427674335814e-07,4.2017677099337205e-07
61,13495.560708763442,-86751.606267662282,0,24097.050397367289,-3.6000252172734957,0,0.5,0.99984090683964044,0.10000000009644736,4.3458596228463762,0.31352606140794087,deficit,8.3711708676048602e-08,2,0,5842230.3922361787,5841530.7813194143,24,11,0,22.982477266725347,16.502386484222807,16,7,0,True,converged,fixed-mass asymptotic reference,1e-10,1.8473566024818965e-10,7.6503272542631182e-14,26,13034368658.414591,24484988996.68895,1,5.5117691539859043e-07,5.5171698980169641e-07
62,40287.739819343959,3291.6602266023356,3291.6602266023356,23231.957563733242,0.14168687668861005,0.14168687668861005,0.44366367062132794,0.44366367062132794,0.099999999999988473,2.5358880171057478,3.0079672557402093,interior,1.6756576570742254e-08,2,0,6494466.2634489713,6493535.4902902283,22,10,0,24.233170493559243,24.223132908046356,15,6,0,True,converged,fixed-mass asymptotic reference,1e-10,1.1795218421025415e-10,2.2227392264584742e-14,26,13741115534.85124,26235766597.230824,1,1.5356036832404325e-06,1.5376327621639845e-06
63,121904.64086021043,91880.188726238106,91880.188726238106,23427.531384192058,3.9220014318886292,3.9220014318886292,4.3908235108642685e-05,4.3908235108642685e-05,0.09999999999965288,1.6424381439067446,27.092893208280874,interior,5.4017881723211758e-08,2,0,7128193.5525092557,7125518.5884011723,20,9,0,28.24026816855136,20.549220552683131,15,6,0,True,converged,fixed-mass asymptotic reference,1e-10,1.0488093815199325e-10,2.813806290550403e-14,26,14401256194.219776,27939652729.339977,1,4.3631408751260528e-06,4.3698391781774556e-06
64,193401.13295651649,163572.21952507316,163572.21952507316,23275.396837838987,7.0280650836095599,7.0280650836095599,1.0470860890587248e-12,1.0470860890587248e-12,0.099999999999752759,1.6423744151549258,69.096214655491281,interior,1.7623573178582319e-07,2,0,7435733.3775653327,7433025.8276346577,22,10,0,33.150819024793819,8.4539696150678889,15,6,0,True,converged,fixed-mass asymptotic reference,1e-10,9.3588411543751819e-11,1.2653484602781215e-13,25,15014058873.509695,29590899462.297333,1,6.5358315046467165e-06,6.5465068940715503e-06
65,200992.77316224028,170251.4673945742,170251.4673945742,23987.340385213443,7.097928472283324,7.097928472283324,6.3320346741515561e-13,6.3320346741515561e-13,0.099999999999637074,1.6423744151560262,70.252569472684925,interior,1.783033081181884e-07,2,0,8038545.1752138445,8034896.996371855,20,9,0,28.582531347797847,3.3922370489727025,15,6,0,True,converged,fixed-mass asymptotic reference,1e-10,9.0984107473934623e-11,4.8835387713193374e-14,26,15573378133.048805,31172832308.867203,1,6.4476904495157885e-06,6.4584266577530321e-06
66,163155.55667263127,131885.14578988552,131885.14578988552,24400.221132370807,5.4052758962288561,5.4052758962288561,3.2354355427054713e-08,3.2354355427054713e-08,0.10000000000041631,1.6423744619298866,44.73744114114497,interior,8.7201514453738582e-08,2,0,8326453.817415026,8324286.9466848755,18,8,0,28.755726625985318,14.147222868808987,16,6,0,True,converged,fixed-mass asymptotic reference,1e-10,1.0187846231061081e-10,2.699292762799354e-14,26,16077399265.656143,32676821868.004448,1,4.9930056641274908e-06,5.0004526457390886e-06
67,74510.168140906273,43313.757110621715,43313.757110621715,23961.398763518846,1.8076730092118545,1.8076730092118545,0.035328703887371464,0.035328703887371464,0.099999998500157158,1.69502468212265,9.6719037198818505,interior,6.0875691154649303e-09,2,0,8874068.7109622359,8872482.903674731,18,8,0,28.807541854830532,27.173701000714011,15,6,0,True,converged,fixed-mass asymptotic reference,1e-10,7.5757157521016277e-11,2.968656727064925e-14,26,16529648156.120993,34105034256.281437,1,2.1847263832371918e-06,2.1874538843127189e-06
68,18489.155086732619,-55256.857095297091,0,24027.401498910222,-2.2997039443316214,0,0.5,0.98926750074244618,0.099999997000459848,4.1312033937659365,0.59208840993200573,deficit,1.6742723923934832e-07,2,0,9131824.6774558034,9131130.0482689794,22,10,0,30.346220938000247,27.701901822213038,16,6,0,True,converged,fixed-mass asymptotic reference,1e-10,8.1376674538307404e-11,2.3095372031248735e-14,26,16919368608.924736,35430162384.524292,1,5.2184787882340005e-07,5.223225495754471e-07
69,8958.7041280276735,-135957.02150514591,0,23687.181378851001,-5.7394255249578245,0,0.5,0.99999999525008765,0.099999999430913422,4.4840097368083107,0.14295292828443462,deficit,1.8705517401684801e-07,2,0,9606178.2870719247,9605283.2130706981,24,11,0,28.172930077991449,11.702427399722751,16,6,0,True,converged,fixed-mass asymptotic reference,1e-10,6.98656222211751e-11,7.4312936816732411e-14,25,17263934292.025597,36683346078.893394,1,2.4421720169039512e-07,2.4436546177616796e-07
70,7174.4784294240026,-166513.62251225184,0,23225.861239445148,-7.1688584901080867,0,0.5,0.99999999999962186,0.099999998791326206,4.5237392623393831,0.095342998580478761,deficit,2.8582496369722321e-08,2,0,10022489.15697355,10021362.427659934,24,11,0,29.577439614109842,3.8811735885124481,15,6,0,True,converged,fixed-mass asymptotic reference,1e-10,5.3753924894905139e-11,7.1923539525934144e-14,25,17554882606.954247,37842171322.33342,1,1.8958950236531013e-07,1.896609650826075e-07
71,7284.9588551592224,-162448.82639808379,0,23134.62946810748,-7.0214583765358762,0,0.5,0.99999999999890221,0.099999999925560593,4.52060931965066,0.09906870188441913,deficit,4.1668737793543187e-08,2,0,10209414.955792362,10208614.040448956,24,11,0,33.429530369059137,8.7790915023462244,16,6,0,True,converged,fixed-mass asymptotic reference,1e-10,5.624424418092197e-11,3.7292185963477762e-14,25,17801312768.913651,38921579603.381172,1,1.8717017473068765e-07,1.872025073785116e-07
72,9984.2670595062282,-110735.18191170799,0,22802.021695258776,-4.8561504727749192,0,0.5,0.99999940155118749,0.10000000000029015,4.4439809654649522,0.19159801816258978,deficit,1.2514804570429305e-07,2,0,10542131.673876239,10541115.152922118,26,12,0,29.763490026200635,17.972391319084601,15,6,0,True,converged,fixed-mass asymptotic reference,1e-10,4.5164872618603916e-11,4.5269310688426079e-14,25,18004989699.221317,39921371366.676598,1,2.5009829867318522e-07,2.5011625964355753e-07
73,20543.363116354929,-42779.199836507054,0,23351.917494082645,-1.831905639863314,0,0.5,0.96651725992044946,0.099999999820712018,3.996894102868545,0.77358584573646083,deficit,3.5778887852444541e-08,2,0,10687748.457162809,10687006.721764861,24,11,0,22.648010777476586,20.970071640795076,16,6,0,True,converged,fixed-mass asymptotic reference,1e-10,5.25534777883943e-11,9.4153144499707509e-14,25,18166891663.100147,40839796029.899857,1,5.030231566610815e-07,5.0304265984572295e-07
74,55104.539839377052,22570.856740838255,22570.856740838255,23503.860067067555,0.96031236118933105,0.96031236118933105,0.16844901532661555,0.16844901532661555,0.10000000011577452,1.9159205900407272,5.4962959966104723,interior,1.0812790662839689e-09,2,0,10939409.527558196,10938136.916586917,18,8,0,13.037405019163433,12.576305103636919,16,6,0,True,converged,fixed-mass asymptotic reference,1e-10,5.0638857913028666e-11,2.0669905906033918e-14,26,18293556784.017876,41687893481.362549,1,1.3218355555435464e-06,1.3218581449038081e-06
75,96972.165391969858,66888.60564071346,66888.60564071346,23451.432585547773,2.852290579153471,2.852290579153471,0.0021702701259541076,0.0021702701259541076,0.099999999999728056,1.6455451245964792,17.101320629653149,interior,7.9325506163741011e-09,2,0,11044959.924836649,11043624.620211963,20,9,0,10.754468802091017,6.686688028127195,16,6,0,True,converged,fixed-mass asymptotic reference,1e-10,4.9533383522695232e-11,2.9284228662781664e-14,26,18382259543.006775,42456113441.451195,1,2.2840565829394308e-06,2.2840753288767521e-06
76,118632.90866644717,88827.527874532068,88827.527874532068,23256.299729507373,3.8196378607961412,3.8196378607961412,6.6823873265984204e-05,6.6823873265984204e-05,0.099999999999781972,1.6424717035687486,26.030521009394235,interior,7.8560127292348625e-09,2,0,11221768.038879851,11219770.483302258,20,9,0,12.422914933906021,5.1280982400923607,16,6,0,True,converged,fixed-mass asymptotic reference,1e-10,4.5257009472129639e-11,2.5656559926941189e-14,26,18441866705.982426,43161700708.462067,1,2.7485689099175972e-06,2.74866671257063e-06
77,124880.36215010824,95207.388475855973,95207.388475855973,23153.478657837612,4.1121632826941816,4.1121632826941816,1.9598445468631422e-05,1.9598445468631422e-05,0.099999999999891703,1.6424028893926526,29.105279143231723,interior,9.0008756004067436e-09,2,0,11293443.94780357,11291969.188190782,20,9,0,14.062285947575599,5.6073425158065042,17,6,0,True,converged,fixed-mass asymptotic reference,1e-10,4.8088010346038163e-11,1.1780354561782667e-13,25,18469480880.576862,43795096948.385422,1,2.8514690194038298e-06,2.8514716453098515e-06
78,113163.05436533727,84111.919503112629,84111.919503112629,22667.398847923785,3.7108351332089859,3.7108351332089859,0.00010328830754877905,0.00010328830754877905,0.099999999999644401,1.6425247263008416,24.933701100370982,interior,1.6370741695581614e-07,2,0,11391678.006650606,11389459.340202352,20,9,0,13.180879317349261,6.2957306244201838,16,6,0,True,converged,fixed-mass asymptotic reference,1e-10,3.8873902378454531e-11,9.7335335132835662e-14,25,18471883453.033543,44369635442.55442,1,2.5504616667822303e-06,2.5504412103493214e-06
79,100532.56315281734,71644.323883222925,71644.323883222925,22533.952942773569,3.1794953997779603,3.1794953997779603,0.00073765855569818005,0.00073765855569818005,0.10000000000022691,1.6434490831287967,19.912194171778076,interior,6.1169362908231051e-09,2,0,11302535.277905414,11300887.197239483,18,8,0,16.286374567903568,11.231779069298963,16,6,0,True,converged,fixed-mass asymptotic reference,1e-10,3.7018201868620139e-11,1.0621438540294637e-13,25,18449194971.266171,44883280287.284439,1,2.239866661022512e-06,2.2398051421284601e-06
80,81059.682775299865,51761.241893699,51761.241893699,22745.505802956523,2.2757182210337437,2.2757182210337437,0.011431440038086904,0.011431440038086904,0.10000000375402096,1.6591558500558925,12.704983336759039,interior,4.6828674271637283e-09,2,0,11201591.394376988,11200447.126185168,18,8,0,13.749025658529273,11.159578947756779,17,6,0,True,converged,fixed-mass asymptotic reference,1e-10,4.1767723541994023e-11,2.1627571501753439e-14,26,18405250341.575123,45343161118.550568,1,1.7876936846852774e-06,1.7877399487817669e-06
81,61447.157346073211,32014.312366794424,32014.312366794424,22207.746749478014,1.441604631431944,1.441604631431944,0.074706970573819323,0.074706970573819323,0.099999999964311373,1.7564814414182521,7.6569461073557017,interior,1.9757713420887058e-07,2,0,11148315.275035225,11146961.577485774,20,9,0,9.5019018385620164,8.4627898818790008,16,6,0,True,converged,fixed-mass asymptotic reference,1e-10,3.4236992042517657e-11,1.0407388337045198e-13,25,18340605511.108421,45748700939.08651,1,1.3431454027052897e-06,1.3431566904665372e-06
82,39960.321841324025,4157.7079576763244,4157.7079576763244,22686.569297689268,0.18326769697972708,0.18326769697972708,0.42729398959007742,0.42729398959007742,0.099999999999977732,2.4904544043445611,3.102362761460963,interior,3.1672213740563393e-09,2,0,11027294.910104031,11026488.840467384,22,10,0,8.841595100042186,8.8248015756640594,17,6,0,True,converged,fixed-mass asymptotic reference,1e-10,4.0529570607666438e-11,2.803428458027317e-14,26,18255375750.97448,46098278442.780983,1,8.6685063284791352e-07,8.6682220817389522e-07
83,25169.405914975061,-24906.062169721776,0,22671.047698608429,-1.0985728388535048,0,0.5,0.8640227848233899,0.10000000052886804,3.6716598158343885,1.2321503975179864,deficit,1.1554782775036188e-07,2,0,10893978.45552722,10893365.177647868,22,10,0,12.578228544201945,11.974797403068621,17,6,0,True,converged,fixed-mass asymptotic reference,1e-10,3.9752218601439753e-11,4.4144896457068417e-14,26,18154257065.779167,46401994805.204391,1,5.4242077351709218e-07,5.4240254250323646e-07
84,17672.358322385266,-49208.459836759626,0,22350.439097282975,-2.2016290733432977,0,0.5,0.98615423973834382,0.10000000739448217,4.1065810987548872,0.62497455499934906,deficit,1.3162001888389341e-07,2,0,10823848.805384994,10822980.08737905,22,10,0,13.164724604671928,10.741139316376694,17,6,0,True,converged,fixed-mass asymptotic reference,1e-10,3.7858124558278511e-11,3.8596486326587035e-14,26,18038210037.204708,46660866941.193367,1,3.7874046242342039e-07,3.7872519108561934e-07
85,13208.335182400369,-73358.405129939594,0,22131.122578979168,-3.3146041339730616,0,0.5,0.99954113504996078,0.09999999999991134,4.3123056976896663,0.35604478605004375,deficit,1.9554535946042506e-07,2,0,10676500.799186824,10675799.431081858,24,11,0,15.224630286711253,9.7313300042355984,17,6,0,True,converged,fixed-mass asymptotic reference,1e-10,3.5727480216388188e-11,2.9939029383666907e-14,26,17905451025.18103,46868846885.905464,1,2.8181481004970954e-07,2.8179257960065433e-07
86,11703.230173727385,-85672.988435825289,0,22132.116386917853,-3.8708314892345661,0,0.5,0.9999457676234309,0.10000000123380744,4.3729457984171844,0.27950188503655521,deficit,4.1431616804032956e-08,2,0,10521219.007818606,10520650.697958143,24,11,0,15.615154986526555,8.1234867775016113,18,6,0,True,converged,fixed-mass asymptotic reference,1e-10,3.9192442321085642e-11,3.1443896178312057e-14,26,17761960383.510448,47040228888.054565,1,2.4879194787887849e-07,2.4878025757783927e-07
87,11855.535531419238,-80727.144005282273,0,21711.678226718628,-3.7179961119786653,0,0.5,0.99989959531995254,0.10000000032896839,4.3581471481437042,0.29805756246504689,deficit,1.8802015189223198e-07,2,0,10441093.610213051,10440294.283203807,24,11,0,14.368522099983933,7.4567745556396963,17,6,0,True,converged,fixed-mass asymptotic reference,1e-10,3.3001971223011004e-11,2.9312290620873444e-14,26,17605289288.043629,47167460704.352737,1,2.5134987880162009e-07,2.513299812205696e-07
88,14062.813031069161,-62912.111894769521,0,21497.231216339645,-2.9264282599776044,0,0.5,0.99828560712148839,0.099999996705203598,4.2563590172877426,0.4278161977465279,deficit,1.8429936332609032e-07,2,0,10275840.346582573,10275193.249984728,20,9,0,14.508586683098304,10.22659550270053,17,6,0,True,converged,fixed-mass asymptotic reference,1e-10,3.1411991026921094e-11,2.6025455258966591e-14,26,17437248051.222691,47254230531.773537,1,2.9759902706728844e-07,2.9758445706514161e-07
89,20380.840221338953,-33450.338498057776,0,21361.259722824238,-1.5659077177765106,0,0.5,0.94131488860193091,0.099999999961818825,3.8981701759789473,0.91010666537613238,deficit,1.8373710730656967e-07,2,0,10191260.35618213,10190354.278501866,26,12,0,14.074070702574492,12.848037212278472,17,6,0,True,converged,fixed-mass asymptotic reference,1e-10,3.1014624140453683e-11,2.6634204930405482e-14,26,17261688844.598949,47310045795.391685,1,4.3079307742551759e-07,4.3078639071579159e-07
90,40324.511135708322,7853.5202141961945,7853.5202141961945,21371.183580294506,0.36748325253963016,0.36748325253963016,0.35662929093069673,0.35662929093069673,0.099999997248169034,2.3084441693160542,3.560095797841476,interior,1.9478698476405043e-07,2,0,10017151.002558393,10016311.68112096,20,9,0,11.334855652224597,11.267333681776044,17,6,0,True,converged,fixed-mass asymptotic reference,1e-10,3.0730159023249179e-11,4.5049033059317751e-14,26,17075170653.791182,47324675007.232628,1,8.5208215649754655e-07,8.521331197740847e-07
91,67322.863932777051,39361.125662930863,39361.125662930863,21493.96899810289,1.8312994164986138,1.8312994164986138,0.033527932351561186,0.033527932351561186,0.099999998307195567,1.6923222677009626,9.8109290663516333,interior,1.0101468173040473e-07,2,0,9838215.3779383413,9837222.1983790677,18,8,0,11.569426148142103,9.8925973717080211,18,6,0,True,converged,fixed-mass asymptotic reference,1e-10,3.4317201114615112e-11,5.8833864557548017e-14,26,16881055700.900372,47306527825.309486,1,1.4231199588645061e-06,1.4232288630733094e-06
92,81883.888272516822,54887.754517907641,54887.754517907641,21022.637968081974,2.6109654714063559,2.6109654714063559,0.0045143504586592255,0.0045143504586592255,0.10000000172123324,1.6489825266586848,15.172743737860472,interior,1.8746984009609946e-07,2,0,9747929.6433482971,9746343.8713132907,18,8,0,10.026177409491526,6.6176070630534189,17,6,0,True,converged,fixed-mass asymptotic reference,1e-10,2.902725695288066e-11,5.0639150954111141e-14,26,16679490601.492834,47255317805.268837,1,1.7327973247359473e-06,1.7329179165894919e-06
93,90391.55311599838,63309.460852725875,63309.460852725875,21119.211680682783,2.9978179535936116,2.9978179535936116,0.0013596002442150274,0.0013596002442150274,0.10000000018600039,1.6443594089768716,18.322581272693284,interior,1.9974983489490228e-07,2,0,9564364.1444254015,9562955.5704216007,20,9,0,10.968329038501892,6.4748727970577979,18,6,0,True,converged,fixed-mass asymptotic reference,1e-10,3.2251685204610409e-11,5.1539414109722391e-14,26,16470130036.106802,47169367693.33593,1,1.9163189488496972e-06,1.9165023096044677e-06
94,85583.807222574993,58614.373101920304,58614.373101920304,21019.341110087247,2.7886787981042569,2.7886787981042569,0.0026461762516103789,0.0026461762516103789,0.10000000080087877,1.6462397253921637,16.582696661745487,interior,1.9717809918162743e-07,2,0,9379249.3657214344,9378136.2327089272,18,8,0,12.556151010895999,8.6677862913978974,18,6,0,True,converged,fixed-mass asymptotic reference,1e-10,3.1466441313371142e-11,8.1637609794378704e-14,26,16255199091.810324,47054398329.956024,1,1.8188269377591887e-06,1.8189716174988553e-06
95,68483.668892247137,41663.507996696753,41663.507996696753,20721.704211204829,2.0106677289831798,2.0106677289831798,0.022180282431979857,0.022180282431979857,0.099999996524811063,1.6751704949508976,10.924882423918188,interior,1.9069654877412745e-07,2,0,9286897.2381698936,9285565.9191588871,20,9,0,11.986536345446119,9.96514398725893,18,6,0,True,converged,fixed-mass asymptotic reference,1e-10,3.0322813735037391e-11,5.2331525917071413e-14,26,16035782261.565645,46913067806.14827,1,1.4597994139976473e-06,1.4599330906443076e-06
96,49937.704912428439,21809.116914803777,21809.116914803777,20553.394078414818,1.0611087032031539,1.0611087032031539,0.14432025154112343,0.14432025154112343,0.10000000000209257,1.8729016718248808,5.9039592722253502,interior,1.8498709519754186e-07,2,0,9099835.3381902184,9098947.4007312153,18,8,0,11.027268535582543,10.464292695575804,18,6,0,True,converged,fixed-mass asymptotic reference,1e-10,2.9107878191086405e-11,5.4962128972303297e-14,26,15808560031.78484,46735148152.001984,1,1.0685256576059291e-06,1.068484901521788e-06
97,34503.807442174533,1652.3159345889546,1652.3159345889546,20350.553224050738,0.081192756585029335,0.081192756585029335,0.46764432995331823,0.46764432995331823,0.10000000000029019,2.6058009149704127,2.8746185800177448,interior,1.7961632314822396e-07,2,0,8911157.1115527321,8910606.501093043,22,10,0,7.1074663656463324,7.1041702337853945,18,6,0,True,converged,fixed-mass asymptotic reference,1e-10,2.7987160972622045e-11,5.3552193795220064e-14,26,15578719663.276564,46535413205.812805,1,7.4145269301841316e-07,7.4140506416734952e-07
98,26478.591316681792,-12172.637980179354,0,20098.566454331973,-0.6056426564784162,0,0.5,0.72762396493205894,0.099999996912486316,3.3312772787473151,1.7355275762374922,deficit,1.7548219088947548e-07,2,0,8816120.6793457028,8815381.0436969288,18,8,0,6.660076294038042,6.4766747803649256,18,6,0,True,converged,fixed-mass asymptotic reference,1e-10,2.7060381755879158e-11,4.345855326539325e-14,26,15347568777.164568,46317567372.587029,1,5.7167491340128325e-07,5.7162441224587354e-07
99,23083.257023296275,-19529.889597618858,0,19962.304293605113,-0.97832677854704186,0,0.5,0.83604363516297342,0.10000000005299776,3.5995016205060164,1.3370639120302021,deficit,1.7313069855529051e-07,2,0,8624604.0246518739,8623992.6328132488,24,11,0,6.6613304147022392,6.1827687718911228,18,6,0,True,converged,fixed-mass asymptotic reference,1e-10,2.6308068577158904e-11,5.7174315899503668e-14,26,15110332187.190187,46066931450.343315,1,5.0108084685819127e-07,5.010223174317867e-07
100,23548.589939087651,-17933.945324858349,0,19848.292068942017,-0.90354119177717629,0,0.5,0.8168806316577133,0.10000000000499909,3.5514094201542559,1.4075553623283206,deficit,1.7953802278203312e-07,2,0,8432845.4476415459,8432341.8993869741,22,10,0,6.3616938074750449,5.9535004648559848,19,6,0,True,converged,fixed-mass asymptotic reference,1e-10,2.7956466764620961e-11,3.1591307302715154e-14,26,14874587749.413132,45806279212.224068,1,5.1409087016182204e-07,5.1405187649533502e-07
101,24679.188212379915,-14149.679598107115,0,19538.497986721075,-0.72418823633238072,0,0.5,0.76552491020379509,0.099999999349181204,3.4247169645084146,1.5952962333078777,deficit,1.6830491933461644e-07,2,0,8336959.6897936836,8336269.7498781364,20,9,0,6.4229781681006015,6.1607538672794995,18,5,0,True,converged,fixed-mass asymptotic reference,1e-10,2.4630249348022919e-11,3.8097909532799578e-14,26,14634503913.200657,45517610673.342697,1,5.4218988754682671e-07,5.4216361045846473e-07
102,27229.700951058534,-9356.395951930057,0,19715.941035867116,-0.47455720658806239,0,0.5,0.68244869299909472,0.10000000067362362,3.2181165212860527,1.9071924679552961,deficit,1.7985810951692827e-07,2,0,8144821.0437958194,8144239.7199192643,18,8,0,6.7868754679005097,6.6742731967381772,19,6,0,True,converged,fixed-mass asymptotic reference,1e-10,2.7822722033313525e-11,8.2267555279281604e-14,26,14392461183.776493,45208002317.401871,1,6.0232037593435161e-07,6.0229165621327998e-07
103,32080.873660733931,278.29359439832928,278.29359439832928,19399.009354525038,0.014345773485538994,0.014345773485538994,0.49427706071020827,0.49427706071020827,0.10000000000173867,2.6874956396845082,2.7344914486088534,interior,1.7566341004027208e-07,3,0,7953045.9276283747,7952568.1490859417,22,10,0,6.9700569276742801,6.9699540270658309,19,6,0,True,converged,fixed-mass asymptotic reference,1e-10,2.6123134593691313e-11,3.9591796983385898e-14,26,14150644475.920174,44884203468.439941,1,7.1474753213101806e-07,7.1470992957899036e-07
104,33606.606254169288,3315.834760011031,3315.834760011031,19151.484409570276,0.17313760270463585,0.17313760270463585,0.43127163428663151,0.43127163428663151,0.10000000000002755,2.5014868568040907,3.0788317300566503,interior,1.7315452405242127e-07,2,0,7857430.6937249722,7856742.311619835,22,10,0,6.7718846302524893,6.7568963155173352,19,6,0,True,converged,fixed-mass asymptotic reference,1e-10,2.5348318787123441e-11,3.4665264623624402e-14,26,13906238982.606834,44537220083.999237,1,7.5457350483002057e-07,7.5459164945668748e-07
105,32580.618259788775,2160.7082852261674,2160.7082852261674,18983.052887413502,0.11382318172551384,0.11382318172551384,0.4546889808291632,0.4546889808291632,0.10000000000027412,2.5678264157745012,2.9453683881512518,interior,1.7079184777557543e-07,2,0,7666586.45754187,7666025.4713952364,24,11,0,7.9296717009887097,7.92319384263965,19,5,0,True,converged,fixed-mass asymptotic reference,1e-10,2.4516968268197407e-11,3.7106271981057009e-14,26,13662502095.28615,44177345689.860458,1,7.3749605710844343e-07,7.3753099320828383e-07
106,32368.963158009421,1720.2283873591591,1720.2283873591591,19025.683998473705,0.090416216179241643,0.090416216179241643,0.4639782354125962,0.4639782354125962,0.10000000000027132,2.5949370211789748,2.8944693298618924,interior,1.7990318279537121e-07,2,0,7476657.987054551,7476192.3681960581,22,10,0,11.492062354509939,11.487974808435853,20,6,0,True,converged,fixed-mass asymptotic reference,1e-10,2.7057621941941019e-11,5.1650001172044618e-14,26,13418042470.603592,43800100336.162315,1,7.3901573077641785e-07,7.3909187161478148e-07
107,29997.414571281817,-1311.6366230537044,0,18718.930766117846,-0.070069996227431583,0,0.5,0.52793102623567179,0.10000000000034441,2.79251570894127,2.5680303388357766,deficit,1.6846496220246365e-07,2,0,7382308.291907548,7381694.3633466754,22,10,0,11.316868976337902,11.314414074152246,19,5,0,True,converged,fixed-mass asymptotic reference,1e-10,2.3885757048801159e-11,4.8504908403688715e-14,26,13172906916.706917,43405571488.676727,1,6.9109594788096006e-07,6.9116745426712459e-07
108,27912.523246534322,-4686.8496299082281,0,18628.882769583601,-0.25158965441741843,0,0.5,0.59932087198140382,0.10000000245909534,2.9988420202037922,2.2449378659084172,deficit,1.7456588019548747e-07,2,0,7194374.0858243974,7193860.408118044,20,9,0,11.616584352564802,11.584935675459864,20,6,0,True,converged,fixed-mass asymptotic reference,1e-10,2.5523703392134454e-11,4.2297510121475511e-14,26,12927088167.964312,42993672537.235054,1,6.4922398109536768e-07,6.4928689693856352e-07
109,27332.524393238629,-5246.255420145445,0,18461.789289817232,-0.28416723439643432,0,0.5,0.61185888800056254,0.099999995810371292,3.0331275755814282,2.1917199366365594,deficit,1.7237110416790102e-07,2,0,7007815.0496512325,7007388.6690249629,20,9,0,11.510906269837362,11.470530761285103,20,6,0,True,converged,fixed-mass asymptotic reference,1e-10,2.4732786221339638e-11,4.4527626159566264e-14,26,12683159754.470623,42572978814.965584,1,6.420157845198863e-07,6.4204269736324408e-07
110,25441.506266718774,-7726.016998418324,0,18104.287430202858,-0.42674815288192924,0,0.5,0.66521861317248399,0.099999999995658923,3.1740341264771388,1.9745744361705646,deficit,4.3061886279005535e-09,2,0,6915637.8593275342,6915063.2211430436,18,8,0,11.644930878261661,11.553873885267592,19,5,0,True,converged,fixed-mass asymptotic reference,1e-10,2.1701901956344693e-11,3.6705663352203126e-14,26,12438200457.790493,42133769482.02198,1,6.0382696776215065e-07,6.0386426075935085e-07
111,23650.371683385627,-11207.545778145128,0,18049.723197610947,-0.62092087612377633,0,0.5,0.73267415761727261,0.10000000379218217,3.3438548166586166,1.716568742414339,deficit,1.6720457995944571e-07,2,0,6732076.7032581177,6731593.3157714363,18,8,0,13.234406350902162,13.041634983699003,20,5,0,True,converged,fixed-mass asymptotic reference,1e-10,2.325896909903727e-11,3.038751111063861e-14,26,12195953858.05596,41688745770.513535,1,5.6730830458597157e-07,5.6736615184072223e-07
112,22519.678470813815,-12903.713894229068,0,17826.415211780746,-0.7238462042157453,0,0.5,0.76541992014812243,0.099999999363296316,3.4245096749300608,1.595605722192178,deficit,1.6419548121149319e-07,2,0,6550657.2989840088,6550255.9047628362,20,9,0,13.560758142044934,13.298781478366163,20,5,0,True,converged,fixed-mass asymptotic reference,1e-10,2.2340703600990655e-11,4.1624991183144113e-14,26,11954342290.883991,41230992347.461548,1,5.461832759453405e-07,5.4623258341381444e-07
113,21230.412979513832,-15280.122923557106,0,17658.656619972866,-0.86529430909943772,0,0.5,0.80656136321982297,0.10000000000053862,3.5258667089472979,1.4451726758010865,deficit,1.6286431137046975e-07,2,0,6460896.2252504118,6460352.3449911075,24,11,0,13.512172773231544,13.137805652551608,20,5,0,True,converged,fixed-mass asymptotic reference,1e-10,2.2039547313938833e-11,3.8630187758360614e-14,26,11711595906.367844,40754409096.531815,1,5.209353650356455e-07,5.2095046551607659e-07
114,19808.396072610929,-18457.35184988636,0,17559.104713900339,-1.0511398370938236,0,0.5,0.85340281501964932,0.10000000023004592,3.6439567996402964,1.272304866452322,deficit,1.6214618980825435e-07,2,0,6282961.7800534656,6282503.8193632746,22,10,0,13.433956235490548,12.881508756927733,20,5,0,True,converged,fixed-mass asymptotic reference,1e-10,2.1771123545557785e-11,3.4406345465192725e-14,26,11473782722.610086,40280193737.646751,1,4.9176516383280369e-07,4.9178558758792252e-07
115,19373.286709810669,-19407.917666781701,0,17508.466606529637,-1.1084702032944973,0,0.5,0.86617059969270738,0.10000000062270076,3.6771991244807367,1.224140297438618,deficit,1.6875195951726596e-07,2,0,6107614.3509423938,6107228.9302499881,22,10,0,16.07240057612298,15.458047480327108,21,6,0,True,converged,fixed-mass asymptotic reference,1e-10,2.3463939734277623e-11,3.9929732628290948e-14,26,11234326206.253153,39785511731.773041,1,4.8694325814939814e-07,4.869359769146895e-07
116,19655.44389995352,-17497.230823965074,0,17218.45924332022,-1.0161751212179133,0,0.5,0.84522699929424217,0.10000000011766949,3.6228641480459842,1.3029821131894297,deficit,1.5930161156862965e-07,2,0,6020928.954012257,6020413.0330207525,22,10,0,15.200824061396542,14.684518122905422,20,5,0,True,converged,fixed-mass asymptotic reference,1e-10,2.0918367574361842e-11,4.6295637014034756e-14,26,10999331229.749218,39292019200.593201,1,5.002401072749343e-07,5.0023189446242066e-07
117,21711.159834651447,-12419.603448608837,0,17180.858830960831,-0.72286684003717649,0,0.5,0.76511915110175521,0.099999999395726819,3.4236464849424664,1.5968945674612915,deficit,1.6631511834397372e-07,2,0,5849334.063941258,5848896.5429540249,20,9,0,15.576217502183273,15.314949267970606,21,5,0,True,converged,fixed-mass asymptotic reference,1e-10,2.2573260277839092e-11,4.6769358408786283e-14,26,10766438754.423586,38791628674.165878,1,5.5968673078968876e-07,5.5972840515637174e-07
118,26514.816303750118,-2562.1326610250962,0,17046.193668305277,-0.15030493424316263,0,0.5,0.55973797987358764,0.099999999999998646,2.8869269217541955,2.4196118716807149,deficit,1.659451864810535e-07,2,0,5680902.1741068289,5680534.3578895479,22,10,0,11.456568753455231,11.445272966826311,21,5,0,True,converged,fixed-mass asymptotic reference,1e-10,2.2142479002558993e-11,4.7031906592237602e-14,26,10535612310.643763,38284401868.328629,1,6.9257491327518734e-07,6.9265073747087607e-07
119,34938.661022477652,10463.665992351349,10463.665992351349,16856.858724473237,0.62074214076992584,0.62074214076992584,0.2673846488494277,0.2673846488494277,0.099999999945003887,2.1080124833769496,4.2962501754358939,interior,1.6584030060329269e-07,2,0,5597879.5918156495,5597285.0981885418,22,10,0,10.420688139269204,10.228027736605389,21,5,0,True,converged,fixed-mass asymptotic reference,1e-10,2.1801956125161248e-11,5.2641657933133469e-14,26,10305736810.415833,37766443297.538223,1,9.251244748470953e-07,9.252301205090858e-07
120,45540.998022839791,23303.88388012545,23303.88388012545,16724.470096859648,1.3934296213038786,1.3934296213038786,0.081744956763564802,0.081744956763564802,0.099999999987427285,1.7678066221230893,7.415325657074896,interior,1.8754681607724422e-07,2,0,5433549.331450589,5432938.829841679,18,8,0,11.630976068721337,10.660153013957801,21,5,0,True,converged,fixed-mass asymptotic reference,1e-10,2.1370756532054086e-11,5.360835261151312e-14,26,10079681992.106028,37248445642.660767,1,1.222628145607277e-06,1.222739624082286e-06
121,53247.618259944196,31602.691907209646,31602.691907209646,16671.976127787795,1.8956110278057516,1.8956110278057516,0.029005748981245357,0.029005748981245357,0.099999997722485787,1.6854711135160372,10.20089298277216,interior,1.7455417600231726e-07,2,0,5272959.8193041235,5272382.9678679295,18,8,0,11.331934031586673,9.5352634472172841,22,6,0,True,converged,fixed-mass asymptotic reference,1e-10,2.3074656940152669e-11,5.4772393975105798e-14,26,9854598887.096117,36720146067.858223,1,1.4500927681917027e-06,1.4501867176933775e-06
122,53712.345743565718,32554.977533416397,32554.977533416397,16339.145196502979,1.9925145044943362,1.9925145044943362,0.023157317678755247,0.023157317678755247,0.099999996728725893,1.6766683891702812,10.80636883227252,interior,1.640844375927486e-07,2,0,5194539.718930047,5193763.0498708254,20,9,0,10.911663706076158,8.9266066807660032,21,5,0,True,converged,fixed-mass asymptotic reference,1e-10,2.0321415881902988e-11,4.8411904771709854e-14,26,9633228140.5827351,36191930918.340637,1,1.4840972664530156e-06,1.4842836134034853e-06
123,51184.770298415417,30033.797019503603,30033.797019503603,16266.599453970215,1.846400111387007,1.846400111387007,0.032417065534165401,0.032417065534165401,0.099999998177979235,1.6906346822384855,9.9016914949228614,interior,1.6983884254528903e-07,2,0,5038825.8412428042,5038183.2082788153,18,8,0,10.19714597176978,8.4925492861048042,22,5,0,True,converged,fixed-mass asymptotic reference,1e-10,2.1751907634186986e-11,3.6251995254419397e-14,26,9415735129.6128445,35664769572.754288,1,1.435163353404012e-06,1.4353268087904841e-06
124,45342.737865029492,24072.203204232777,24072.203204232777,16101.995468938907,1.495017521731234,1.495017521731234,0.067454934672893319,0.067454934672893319,0.099999999912561657,1.7449359482045104,7.9309416245504947,interior,1.6720535245262624e-07,2,0,4886232.0276091136,4885728.1909550726,18,8,0,11.041663440582148,9.924124745440448,22,5,0,True,converged,fixed-mass asymptotic reference,1e-10,2.1138066803155629e-11,3.9755503127347584e-14,26,9198235984.9810772,35124189414.775291,1,1.2909262425841401e-06,1.2910631673996766e-06
125,37799.794481060693,16082.10486565031,16082.10486565031,15795.091219364083,1.0181878735307659,1.0181878735307659,0.15429434060315272,0.15429434060315272,0.10000000001519715,1.8904430766541296,5.7281220284288779,interior,1.5674876818749794e-07,2,0,4811516.0988581963,4810924.0949110538,18,8,0,11.261117228532488,10.742763955629936,21,5,0,True,converged,fixed-mass asymptotic reference,1e-10,1.882612810127534e-11,3.3771522081323224e-14,26,8986574168.6362915,34592683547.326836,1,1.0927106718779465e-06,1.0928562946893878e-06
126,31619.994958290488,8499.8657290943793,8499.8657290943793,15711.773262130388,0.54099177440193336,0.54099177440193336,0.29425662616377857,0.29425662616377857,0.099999999718622432,2.1652569305133014,4.0507688962934916,interior,1.6113657030913942e-07,2,0,4664851.0201021666,4664405.0762124304,20,9,0,11.959710674804649,11.813374624819373,22,5,0,True,converged,fixed-mass asymptotic reference,1e-10,1.9979042941209177e-11,3.1648077779786741e-14,26,8776451614.0492172,34054114028.02634,1,9.2852202621590494e-07,9.2862493696536506e-07
127,26478.195196641853,1424.6824268660157,1424.6824268660157,15556.632202379926,0.091580526021495301,0.091580526021495301,0.4635156622011794,0.4635156622011794,0.10000000000002232,2.5934818505704555,2.8971514968177101,interior,1.5901047856203832e-07,2,0,4521762.5279353354,4521432.0525426995,22,10,0,12.210165230645835,12.205971734272648,22,5,0,True,converged,fixed-mass asymptotic reference,1e-10,1.9529966905727043e-11,3.1147413196946796e-14,26,8569771763.4070616,33516067355.065674,1,7.9001497747735894e-07,7.9006608737644545e-07
128,23620.818979840275,-2985.5510794920319,0,15430.142611992271,-0.19348761863723382,0,0.5,0.5767114491293367,0.099999999999846143,2.9356430220110745,2.3434018082323105,deficit,1.7331814211596352e-07,2,0,4451264.9846129194,4450841.0903437641,24,11,0,12.465646457613202,12.446927728330248,22,5,0,True,converged,fixed-mass asymptotic reference,1e-10,1.9497522778905584e-11,4.1597700611318549e-14,26,8365521546.6850595,32974868304.852173,1,7.163279246930162e-07,7.1632249669894395e-07
129,22110.188670871252,-5220.3791426702473,0,15255.547460244185,-0.34219350247936692,0,0.5,0.63389736266122587,0.099999999482555849,3.0922430033838673,2.1003036856294264,deficit,1.56408762941318e-07,2,0,4313182.6652901825,4312821.202493283,20,9,0,9.8058720722151413,9.7473238756455931,22,5,0,True,converged,fixed-mass asymptotic reference,1e-10,1.8933465884640384e-11,3.4768008990095257e-14,26,8166202377.2730055,32440678338.331314,1,6.8155753219088074e-07,6.8151291611321147e-07
130,20956.905934778591,-7385.5222614862514,0,15230.798449903328,-0.48490320368638712,0,0.5,0.68612749512342019,0.1000000002287165,3.2274663338469836,1.8929365140319598,deficit,1.6288228099625712e-07,2,0,4178305.8750641881,4177995.3183658086,18,8,0,10.116189333832244,9.998623775359583,23,5,0,True,converged,fixed-mass asymptotic reference,1e-10,2.0499164092822172e-11,4.4846355420626655e-14,26,7969318069.8678789,31903959909.741451,1,6.5687475768108895e-07,6.5686331297005349e-07
131,19408.456429721555,-9994.0759250935462,0,15043.118224045682,-0.66435450239852401,0,0.5,0.74676827728807127,0.09999999998868489,3.3786470048153845,1.6642575808061797,deficit,1.5601170355594718e-07,2,0,4112250.5256058732,4111844.0099475849,20,9,0,10.411938851119894,10.191255398691299,22,5,0,True,converged,fixed-mass asymptotic reference,1e-10,1.8846092820896845e-11,7.0911032163093535e-14,26,7776947535.9941034,31373324591.753525,1,6.1862925533952069e-07,6.1864502418796757e-07
132,18399.980420472933,-12128.351889246936,0,15003.768562241357,-0.80834272113555317,0,0.5,0.79055334214596873,0.099999999999983366,3.4863475681631222,1.5036094978143981,deficit,1.6209639808195675e-07,2,0,3982632.2131094499,3982281.2437852621,22,10,0,10.973767601429667,10.647058624023252,23,5,0,True,converged,fixed-mass asymptotic reference,1e-10,2.0299381022493117e-11,7.5979094814190138e-14,26,7587457601.6112823,30842550636.72073,1,5.9657778104013751e-07,5.9656220695943268e-07
133,18242.583713058986,-11627.362801458679,0,14766.879395680346,-0.78738404890698821,0,0.5,0.78447145925378159,0.10000000047879094,3.471325233535886,1.525896629436748,deficit,1.5885132742532448e-07,2,0,3856566.0652957368,3856267.6684365263,22,10,0,8.198990935734205,7.8890041154976238,23,5,0,True,converged,fixed-mass asymptotic reference,1e-10,1.9357921140100324e-11,4.4846245257152203e-14,26,7400542091.8778934,30310650158.10928,1,6.0185392322171569e-07,6.0182478183737868e-07
134,17115.553084814819,-13675.495056027185,0,14593.278464532716,-0.93709384397613926,0,0.5,0.82564485612519245,0.10000000002045166,3.5734047998275713,1.3752605165092104,deficit,1.575181942659043e-07,2,0,3794898.3930523102,3794509.7486715005,22,10,0,7.6156966135022444,7.176624177293256,23,5,0,True,converged,fixed-mass asymptotic reference,1e-10,1.9097961546443348e-11,4.2104950482217769e-14,26,7218947707.7377443,29789195334.509327,1,5.7455573715975097e-07,5.7454134888287327e-07
135,16835.109560542547,-13857.591322221209,0,14459.342619823194,-0.95836699729852826,0,0.5,0.83106113455028674,0.10000000003377377,3.5870073874980832,1.3553346630277638,deficit,1.5649590601185537e-07,2,0,3673991.3080931003,3673656.7708350765,22,10,0,9.4686173841142178,9.0093837333587192,23,5,0,True,converged,fixed-mass asymptotic reference,1e-10,1.8712479067003218e-11,4.9841482871173868e-14,26,7039778862.2639952,29266639865.657158,1,5.7523206072924174e-07,5.7522941338619206e-07
136,16489.596294950632,-14460.172039791049,0,14389.478947515952,-1.0048951049111365,0,0.5,0.84252631910450171,0.10000000009329149,3.6160393185083102,1.3129271961801967,deficit,1.6198141672418842e-07,2,0,3556521.6596510201,3556232.9822796499,22,10,0,9.5201727431402823,9.0152656572031002,24,5,0,True,converged,fixed-mass asymptotic reference,1e-10,1.9989611287642483e-11,5.9670527191731494e-14,26,6864684978.2155619,28750115813.244755,1,5.7354886505723636e-07,5.7353732272290002e-07
137,16537.072462798598,-13338.839902515789,0,14132.692818809592,-0.94381244743611026,0,0.5,0.82736725067767691,0.10000000002402924,3.5776915754135459,1.3689771622662881,deficit,1.5393571417554597e-07,2,0,3499138.2506731572,3498766.6792540085,22,10,0,9.4247835430175435,8.9793925750498733,23,5,0,True,converged,fixed-mass asymptotic reference,1e-10,1.7998911351885848e-11,5.2446544435921309e-14,26,6692115605.1385612,28233458425.758919,1,5.8572606350311402e-07,5.8568234735864855e-07
138,15968.929438731928,-14463.396847894328,0,14051.174036496477,-1.0293180706669109,0,0.5,0.84833488279900715,0.10000000015199924,3.6309166462024329,1.2912600006729322,deficit,1.5886237569873174e-07,2,0,3386732.1649216148,3386410.075876107,22,10,0,10.304096122356517,9.7743482770557915,24,5,0,True,converged,fixed-mass asymptotic reference,1e-10,1.9098343372458457e-11,4.3633986454616357e-14,26,6524823870.8280563,27728600921.282459,1,5.7590101585238433e-07,5.7585313083493402e-07
139,16063.070370676862,-13669.527650336402,0,13911.024417772887,-0.98262220164262082,0,0.5,0.8371032933421606,0.10000000005822043,3.6023207510591,1.3329456044965513,deficit,1.5771678141263124e-07,2,0,3277639.1953741009,3277361.6673186598,22,10,0,9.7922725336597143,9.3094993380792186,24,5,0,True,converged,fixed-mass asymptotic reference,1e-10,1.8661038762516325e-11,4.1998025688167815e-14,26,6359817639.4845419,27223223025.923885,1,5.9005028006347615e-07,5.9003114621652838e-07
140,16685.95964504033,-11536.551045942577,0,13751.778643978887,-0.83890031584948355,0,0.5,0.79923737472348089,0.10000000000004439,3.5077817672367999,1.471879628928084,deficit,1.568860497069835e-07,2,0,3224384.1845275299,3224026.6629849095,22,10,0,10.211233169979984,9.8593563000138023,24,5,0,True,converged,fixed-mass asymptotic reference,1e-10,1.8461609909843794e-11,5.8827523108036026e-14,26,6199247388.1168566,26726807234.554066,1,6.2431548589416594e-07,6.2425633690088635e-07
141,17693.23892854312,-8624.5916305810406,0,13573.20389357949,-0.63540546618966698,0,0.5,0.73741799802300034,0.099999999999187475,3.3555302777689171,1.6989926110748659,deficit,1.5494154548267858e-07,2,0,3120099.7388132238,3119790.9931780547,20,9,0,8.9042845117604656,8.7024144585286116,24,5,0,True,converged,fixed-mass asymptotic reference,1e-10,1.7778340453762369e-11,4.0508508281816607e-14,26,6041292684.8563271,26231858879.319977,1,6.7449428612516964e-07,6.7440086629346401e-07
142,18674.020873202229,-6462.076975554749,0,13535.159756996041,-0.47742466807693223,0,0.5,0.68347012407065422,0.10000000050847772,3.2206330435109187,1.9033542063493649,deficit,1.6114779788356515e-07,2,0,3019034.190565357,3018765.2513837107,18,8,0,9.0217963844138822,8.9078292275696977,25,5,0,True,converged,fixed-mass asymptotic reference,1e-10,1.9109308076304097e-11,4.1092452418441553e-14,26,5887711584.9314146,25746307377.379147,1,7.2530870541883343e-07,7.2525191655373342e-07
143,18848.482339087619,-5448.7549577833788,0,13325.665841302181,-0.40888853778701351,0,0.5,0.65868926945318163,0.099999999984450194,3.1571501364822616,2.0004544174202605,deficit,1.5420979937452728e-07,2,0,2969786.2204439961,2969443.1227090727,20,9,0,8.477433098035899,8.393838179869098,24,5,0,True,converged,fixed-mass asymptotic reference,1e-10,1.7427319758194911e-11,5.0250946520049566e-14,26,5737851296.2785854,25267682094.199738,1,7.4595217198075866e-07,7.459283906911342e-07
144,22233.361385760465,739.46698274484152,739.46698274484152,13237.989526852765,0.055859522836831245,0.055859522836831245,0.47772685827568806,0.47772685827568806,0.10000000000057072,2.6360825240768975,2.8208519367103166,interior,1.5948115317243605e-07,2,0,2872951.0616359031,2872646.2409315882,22,10,0,12.57660847151214,12.575048328366361,25,5,0,True,converged,fixed-mass asymptotic reference,1e-10,1.8405627128254319e-11,4.4011372984511239e-14,26,5590704379.5770626,24791859308.650841,1,8.96800885684374e-07,8.9676703937169278e-07
145,28182.387469085883,9356.321051085295,9356.321051085295,13152.236301531271,0.71139612870805524,0.71139612870805524,0.23841939864321737,0.23841939864321737,0.099999999993227034,2.0487826248811132,4.5922089869098031,interior,1.6071301711662045e-07,2,0,2778857.2844704338,2778534.8379215971,20,9,0,17.619978827553037,17.366936601582633,25,5,0,True,converged,fixed-mass asymptotic reference,1e-10,1.8282363691651985e-11,5.9965517448379314e-14,26,5446958476.6776133,24322160204.567535,1,1.158712352523417e-06,1.1586273871794921e-06
146,32635.225455566753,14924.608861098124,14924.608861098124,13049.537546089761,1.1437140299912207,1.1437140299912207,0.12637112648597054,0.12637112648597054,0.10000000000008173,1.8418502108979169,6.2553315130851956,interior,3.9749429525670621e-08,2,0,2688384.6610843358,2688071.9471241985,16,7,0,18.156711040468871,17.502670149269491,26,5,0,True,converged,fixed-mass asymptotic reference,1e-10,1.923804086862289e-11,4.6934895664687898e-14,26,5307167714.6498194,23861390377.86076,1,1.3677000769346029e-06,1.3676976614627921e-06
147,38021.791909030122,21182.842244543852,21182.842244543852,12850.444877416052,1.6484673018243212,1.6484673018243212,0.04962840759822449,0.04962840759822449,0.099999999497752179,1.7170027350343346,8.7560103417590724,interior,1.6007993286493161e-07,2,0,2644135.2919215914,2643687.3813676559,18,8,0,18.256631080107645,16.897908857515667,25,5,0,True,converged,fixed-mass asymptotic reference,1e-10,1.7572715788448505e-11,5.3518223826650971e-14,26,5170620350.7630777,23406693261.822002,1,1.6243982643651077e-06,1.6244145513938411e-06
148,42368.965234622628,25904.744581269606,25904.744581269606,12727.621382011199,2.035400447979117,2.035400447979117,0.020905298151840754,0.020905298151840754,0.099999996261521548,1.6732669620573546,11.083614555212675,interior,1.6009421255347434e-07,2,0,2557831.4045640933,2557408.6317220898,18,8,0,18.17698872351523,16.105561231698434,25,5,0,True,converged,fixed-mass asymptotic reference,1e-10,1.7269204679220957e-11,5.3777522763677433e-14,26,5036306921.3637781,22953767706.965237,1,1.8458392441501411e-06,1.8458236189317069e-06
149,42814.289375317174,26487.81392203521,26487.81392203521,12637.284850240379,2.0960935685776114,2.0960935685776114,0.018036945714345075,0.018036945714345075,0.099999995591561211,1.6689938703384684,11.479042104647592,interior,1.6477795838909515e-07,2,0,2474828.5961736483,2474455.3127734647,20,9,0,21.919714530078672,19.722910405962459,26,5,0,True,converged,fixed-mass asymptotic reference,1e-10,1.8178936126462896e-11,3.6040686235430526e-14,26,4906738974.8776159,22514344218.735394,1,1.901644967286638e-06,1.9016242260031778e-06
150,42284.903080224001,26193.286632000596,26193.286632000596,12457.11019649552,2.1027688548306749,2.1027688548306749,0.017742989903187997,0.017742989903187997,0.099999995518538248,1.6685590311202247,11.522803680981751,interior,1.5832378563729321e-07,2,0,2434080.2045665407,2433605.3032647637,20,9,0,20.173345612353572,17.962527183930618,25,5,0,True,converged,fixed-mass asymptotic reference,1e-10,1.6747390424443723e-11,5.7340097391358969e-14,26,4778761811.7284899,22074288866.800911,1,1.9155726073612847e-06,1.9155055258109021e-06
151,37702.185658146431,21506.851012211588,21506.851012211588,12404.617684135079,1.7338395790875225,1.7338395790875225,0.041473275443884496,0.041473275443884496,0.099999999041842036,1.7044716697504327,9.2375286620459907,interior,1.6284846915404216e-07,2,0,2354676.4435694236,2354289.145851295,18,8,0,21.179555199267991,19.676455356262792,26,5,0,True,converged,fixed-mass asymptotic reference,1e-10,1.7831656824277998e-11,6.5158850108295673e-14,26,4654917714.0632,21645570338.469803,1,1.7417968234886309e-06,1.7416601872556037e-06
152,30020.912329357387,13264.626383807368,13264.626383807368,12269.036238911376,1.0811708842177798,1.0811708842177798,0.13981055344676679,0.13981055344676679,0.10000000000081648,1.8651336039081841,5.986686384813491,interior,1.6003738445569127e-07,2,0,2277752.6606361773,2277461.4459631885,18,8,0,21.140674604710391,20.556209364270263,26,5,0,True,converged,fixed-mass asymptotic reference,1e-10,1.7425958523425669e-11,6.6916012382351382e-14,26,4533623362.0916576,21221159202.502499,1,1.4146688238320731e-06,1.4144999528050123e-06
153,22308.856547552259,3645.8583282407644,3645.8583282407644,12120.984005518125,0.30079088328599751,0.30079088328599751,0.38178698037443037,0.38178698037443037,0.10000000404149342,2.3706030138700598,3.3871588591207944,interior,1.5741694614490598e-07,2,0,2240339.0855711494,2240040.9197576456,20,9,0,21.162292926616601,21.117055348882616,26,5,0,True,converged,fixed-mass asymptotic reference,1e-10,1.7181372770111531e-11,5.9376532200522663e-14,26,4415500058.237278,20804218366.448391,1,1.0723237064041996e-06,1.0721137103700713e-06
154,15979.663363547721,-6777.9693589922445,0,11960.889614721067,-0.56667079157269873,0,0.5,0.7145310656054098,0.099999999979527382,3.2987433850216163,1.7846822541412628,deficit,1.9515624860577674e-07,2,0,2166982.7499949341,2166745.8734341501,18,8,0,20.646969972256951,20.486412079246136,26,5,0,True,converged,fixed-mass asymptotic reference,1e-10,1.6598461664374042e-11,4.1971707113867312e-14,26,4299733625.735878,20391179612.348049,1,7.8365566226836143e-07,7.8342913903427733e-07
155,12427.748182593541,-15251.394484912063,0,11895.951664096878,-1.2820307099533814,0,0.5,0.90008406322919732,0.10000000672969447,3.7697155765720751,1.0913203192417782,deficit,1.581795314731238e-07,2,0,2095937.6190856665,2095729.1534172378,22,10,0,22.952088435861565,22.13028706522978,27,5,0,True,converged,fixed-mass asymptotic reference,1e-10,1.7554758716967016e-11,4.6777024127772801e-14,26,4187869741.5030265,19989638541.174717,1,6.2170949999895334e-07,6.215130670065577e-07
156,10086.021177806764,-22214.8877034611,0,11695.932728384963,-1.8992890497567365,0,0.5,0.97123675908701113,0.10000000000020155,4.0188775093762246,0.74353379424646393,deficit,1.5096183281215758e-07,2,0,2061324.6601549294,2061063.5498231917,24,11,0,21.215769523555942,19.412120076293018,26,5,0,True,converged,fixed-mass asymptotic reference,1e-10,1.6024223258889956e-11,4.255105375572453e-14,26,4078378195.6949768,19592604533.256893,1,5.147871565868919e-07,5.1462952127673038e-07
157,9240.7646733928941,-25537.550866606409,0,11653.05275418874,-2.1913847921460983,0,0.5,0.98578802065788185,0.1000000084182554,4.1037932476119465,0.62870935147946294,deficit,1.5590545798804811e-07,2,0,1993676.7595471728,1993445.5527091343,22,10,0,21.299417867841001,18.898334214216401,27,5,0,True,converged,fixed-mass asymptotic reference,1e-10,1.7043782425041358e-11,5.6862571916352712e-14,26,3971903892.3310347,19203414747.70343,1,4.8120424387011754e-07,4.8107919392999998e-07
158,9769.2415630167143,-22468.320904525437,0,11506.849317021026,-1.9525190516601418,0,0.5,0.97456169435511675,0.10000000000025897,4.0356382279976373,0.72070967099831074,deficit,1.5428277966300641e-07,2,0,1928048.6807108554,1927845.9740036763,24,11,0,24.128034695680615,22.221869372132705,27,5,0,True,converged,fixed-mass asymptotic reference,1e-10,1.6516045119028556e-11,4.5549623726714611e-14,26,3867765733.1092744,18819033974.660599,1,5.1911493311350495e-07,5.1891009705811124e-07
159,10933.253965371476,-17598.5902322683,0,11386.248093658774,-1.5455465940976965,0,0.5,0.9388929461390868,0.09999999996867126,3.8896907565681218,0.92194753942752861,deficit,1.5397157870911116e-07,2,0,1895992.9170553144,1895738.8515079443,24,11,0,23.845315037526738,22.650957900263244,27,5,0,True,converged,fixed-mass asymptotic reference,1e-10,1.6387333930501477e-11,4.3581056345376931e-14,26,3766139835.5217662,18440540381.049805,1,5.9289227644363934e-07,5.9263213498559509e-07
160,12473.711661943822,-12546.314704640721,0,11285.126974280374,-1.1117284802164014,0,0.5,0.8668725447102319,0.10000000065567149,3.6790060245973137,1.2215288113234073,deficit,1.5371274464381912e-07,2,0,1833947.6569211748,1833723.1413452614,22,10,0,19.560867328451113,18.942897221588979,27,5,0,True,converged,fixed-mass asymptotic reference,1e-10,1.6118247028874744e-11,4.107508859724102e-14,26,3667852497.7309008,18072237397.174938,1,6.902140220830498e-07,6.8996620289365053e-07
161,15784.622741950341,-4791.104362712892,0,11231.394712792562,-0.42657729753319606,0,0.5,0.66515638186493375,0.099999999995691202,3.1739155616037706,1.9747560364013341,deficit,6.2817218093869087e-09,2,0,1773666.8403851727,1773467.7904332671,18,8,0,16.262570418685996,16.171586323300634,28,5,0,True,converged,fixed-mass asymptotic reference,1e-10,1.7063245787560551e-11,4.5149934526385502e-14,26,3572039829.427659,17710150293.244312,1,8.9127548217202429e-07,8.9104605284054277e-07
162,21017.522889845346,4108.4876298409999,4108.4876298409999,11132.009803219507,0.36907282561254035,0.36907282561254035,0.35603672166499373,0.35603672166499373,0.09999999731971114,2.3070676094410274,3.5641582191931969,interior,1.5990876156557476e-07,2,0,1715245.3458930962,1715048.1330169756,20,9,0,16.142924159798923,16.074816784496111,28,5,0,True,converged,fixed-mass asymptotic reference,1e-10,1.6827088366632479e-11,5.2384819515670974e-14,26,3478551897.3082886,17353759705.988163,1,1.2111221571538154e-06,1.2108252865455438e-06
163,26892.193702738907,11849.294059746962,11849.294059746962,11008.953280384299,1.0763593445030737,1.0763593445030737,0.14088328867914302,0.14088328867914302,0.10000000000095628,1.866996672675981,5.9665545306479189,interior,1.6040229566804953e-07,2,0,1686681.18507107,1686382.5433216165,18,8,0,14.923708586405589,14.344433867156045,28,5,0,True,converged,fixed-mass asymptotic reference,1e-10,1.6629695787964836e-11,4.6410474484663699e-14,26,3386950339.7796392,17001080013.477839,1,1.5817932555708079e-06,1.581447854813519e-06
164,31277.55131615655,16930.027856419885,16930.027856419885,10897.037659613628,1.5536924330501298,1.5536924330501298,0.060128899451347403,0.060128899451347403,0.099999999809484819,1.7334453472807745,8.2379439717605436,interior,1.6043891104544628e-07,2,0,1631019.3625023344,1630724.2477309983,18,8,0,15.751748155432626,14.54476806717401,28,5,0,True,converged,fixed-mass asymptotic reference,1e-10,1.6304343908413963e-11,4.2704301766414921e-14,26,3298924165.1979132,16660815619.836737,1,1.8773121334418228e-06,1.8771450504889048e-06
165,33716.844713460108,19585.798948732598,19585.798948732598,10852.303400474852,1.8048355798506375,1.8048355798506375,0.035550207456828672,0.035550207456828672,0.099999998532207257,1.6954241926628839,9.6519708329801173,interior,1.6628847721023021e-07,2,0,1577249.0640816023,1576972.1195440881,18,8,0,16.500282194365987,14.871566459218593,29,5,0,True,converged,fixed-mass asymptotic reference,1e-10,1.7337829146739591e-11,4.1619643946550494e-14,26,3211888175.6650944,16320160997.736273,1,2.0659627511111492e-06,2.0658209659315502e-06
166,34028.851672271441,20152.204314965351,20152.204314965351,10685.276785527132,1.8860639114419766,1.8860639114419766,0.02964317136284636,0.02964317136284636,0.099999997818584152,1.686438566905057,10.142153462159429,interior,1.5997213131946353e-07,2,0,1550943.4331283923,1550594.5434937007,18,8,0,12.400890162528686,10.622271623506782,28,5,0,True,converged,fixed-mass asymptotic reference,1e-10,1.5956455928350796e-11,4.1279196911645876e-14,26,3127716926.9270763,15988790295.252003,1,2.1282943264554903e-06,2.128140521159381e-06
167,30658.92991965299,16623.981318777907,16623.981318777907,10662.793200897175,1.5591221297112428,1.5591221297112428,0.059483738418375551,0.059483738418375551,0.09999999979660934,1.7324173674917169,8.2673640220168743,interior,1.6503021216252023e-07,2,0,1499924.4845464579,1499633.2446481397,18,8,0,12.584496738208369,11.369065830530708,29,5,0,True,converged,fixed-mass asymptotic reference,1e-10,1.7095169203581822e-11,6.8148631577716824e-14,26,3045503491.6299281,15662304058.530704,1,1.9574980670199766e-06,1.9574656210085961e-06
168,27410.053309380084,13192.850752644328,13192.850752644328,10574.083061548174,1.2476963521396303,1.2476963521396303,0.10607113885116531,0.10607113885116531,0.10000000053450708,1.8076523301545819,6.7200421249566613,interior,1.6388815904377907e-07,2,0,1450245.6918311764,1450004.6109160518,16,7,0,12.42593682217937,11.6475637286081,29,5,0,True,converged,fixed-mass asymptotic reference,1e-10,1.6907410725172319e-11,6.5254238827628844e-14,26,2965501255.098227,15342194063.898733,1,1.7865797548394903e-06,1.7865057702337107e-06
169,22070.646803677588,6965.2658689602013,6965.2658689602013,10477.172416807909,0.66481464909992127,0.66481464909992127,0.25308452590891106,0.25308452590891106,0.099999999979225568,2.0784756354342768,4.4377786799542864,interior,1.6251635326369751e-07,2,0,1426402.7685318436,1426144.9429429588,20,9,0,15.044916352760387,14.823927093931461,29,5,0,True,converged,fixed-mass asymptotic reference,1e-10,1.6889048037241602e-11,7.2392014035887099e-14,26,2887156130.424787,15025780928.793182,1,1.4688518958362203e-06,1.4687814915969049e-06
170,17566.74821852578,849.84775378600921,849.84775378600921,10357.556370491662,0.082051155036677023,0.082051155036677023,0.46730301736044721,0.46730301736044721,0.10000000000042852,2.6047289166083658,2.8765638638025406,interior,1.6000826441597837e-07,2,0,1379371.7492614805,1379178.992753997,24,11,0,14.985144869704053,14.981778673682626,29,5,0,True,converged,fixed-mass asymptotic reference,1e-10,1.6471897380041847e-11,7.3765358943138357e-14,26,2811342283.569171,14717794133.995359,1,1.1935720841447203e-06,1.1934945508630273e-06
171,14136.93672436724,-5044.3862562916584,0,10293.491332322123,-0.49005003304171951,0,0.5,0.68795075267470129,0.10000000012177368,3.2319500050379624,1.8861046108941628,deficit,1.6357492882423941e-07,2,0,1333774.1377017901,1333606.5606634235,18,8,0,15.127811013012662,15.007736495570567,30,5,0,True,converged,fixed-mass asymptotic reference,1e-10,1.7348424013044611e-11,7.443210365346646e-14,26,2737055173.7566657,14413177676.655594,1,9.8083413952942742e-07,9.8073619834090133e-07
172,11296.580945668737,-11307.296693024613,0,10206.609049863246,-1.1078104052462014,0,0.5,0.86602814730753608,0.10000000061498147,3.676812850211121,1.2246986619264169,deficit,1.6241184619403271e-07,2,0,1289640.1159980551,1289490.8624988846,24,11,0,14.536542842475303,13.922920895489426,30,5,0,True,converged,fixed-mass asymptotic reference,1e-10,1.7136638659179713e-11,7.8097022628387257e-14,26,2664844910.4842606,14114986390.434898,1,8.003253161706149e-07,8.0022882039390888e-07
173,10056.677860934558,-14384.112637245353,0,10085.152502938372,-1.426215326120793,0,0.5,0.92309690148634949,0.099999999991653238,3.8382724141917102,0.99412307478697082,deficit,9.8843464524378533e-09,2,0,1268142.4338125628,1267958.2215623574,24,11,0,15.119063435548378,14.102018357317458,30,5,0,True,converged,fixed-mass asymptotic reference,1e-10,1.6917735566039004e-11,7.8065561783726632e-14,26,2594470600.5083885,13822128777.94245,1,7.2757807588821983e-07,7.2744643859086733e-07
174,9154.757813584527,-16916.269885536945,0,9982.9970643053803,-1.6944353952498177,0,0.5,0.9549087108134674,0.099999999899979541,3.94814381037461,0.84068715426704244,deficit,1.598300721772361e-07,2,0,1226137.4996368492,1225973.1270921787,26,12,0,16.898500315950635,15.462944661612932,30,5,0,True,converged,fixed-mass asymptotic reference,1e-10,1.6573587583251997e-11,8.8091129260701261e-14,26,2525787024.1736426,13533996319.07021,1,6.7642679942840874e-07,6.7623584916117195e-07
175,8901.5041710218902,-17535.219704709587,0,9923.0834961607889,-1.7670350972652575,0,0.5,0.96138882467225162,0.099999999855701807,3.9744024103287074,0.80446655341103002,deficit,1.6417902681808982e-07,2,0,1185493.3388637195,1185346.1276183296,24,11,0,18.771563493825663,17.210356976342045,31,5,0,True,converged,fixed-mass asymptotic reference,1e-10,1.7436319365823842e-11,8.0347244695546597e-14,26,2458947505.4858651,13251571494.183422,1,6.7173196589771048e-07,6.715130705525517e-07
176,8355.9014757160476,-18805.002308652634,0,9764.779553493956,-1.9257025577488303,0,0.5,0.97292923782840135,0.1000000000001047,4.0273897347680858,0.73193253122222934,deficit,1.5770604688825074e-07,2,0,1165695.9042480502,1165515.9898229814,26,12,0,17.303142893588969,15.448977723128776,30,5,0,True,converged,fixed-mass asymptotic reference,1e-10,1.6025243200191075e-11,7.0166689585191549e-14,26,2394290223.3069205,12976857568.322935,1,6.4390792853526887e-07,6.4376360455963942e-07
177,8650.9275435261188,-17341.802757432662,0,9702.5178996268278,-1.7872678014435601,0,0.5,0.96305289225401713,0.099999999843916915,3.9815422394931232,0.794649175848676,deficit,1.6188319107435234e-07,2,0,1127008.1539937425,1126846.5337619744,24,11,0,17.320397168606387,15.723234071567939,31,5,0,True,converged,fixed-mass asymptotic reference,1e-10,1.6790363501763488e-11,6.8228162289829042e-14,26,2331009414.065402,12705664161.082462,1,6.8087173042271726e-07,6.8067991713581125e-07
178,8969.3664494838704,-15733.422744718475,0,9610.1149997521989,-1.6371028817109707,0,0.5,0.94919551271117242,0.099999999931677921,3.9264671458805154,0.87072131827901922,deficit,1.612065370082405e-07,2,0,1089573.2801525283,1089428.616086798,24,11,0,18.230937977966846,16.890885055313664,31,5,0,True,converged,fixed-mass asymptotic reference,1e-10,1.6483948168462184e-11,6.1462051705742734e-14,26,2269354391.1818023,12439485051.473099,1,7.2104001189516341e-07,7.2087892006097349e-07
179,10183.796931447416,-11501.729698759504,0,9515.4906573438602,-1.2086987005573644,0,0.5,0.88661068945119259,0.10000000271807538,3.732128523631296,1.1450589876989845,deficit,1.6113813794405019e-07,2,0,1071336.6326488596,1071159.7282566063,24,11,0,22.106415265862996,21.375938991498465,31,5,0,True,converged,fixed-mass asymptotic reference,1e-10,1.6393926693534194e-11,6.9601336394810911e-14,26,2209612419.7188563,12180053929.888287,1,8.3610442039650477e-07,8.3595455353618384e-07
180,11520.608358612122,-7704.8834769253463,0,9424.1929966304469,-0.81754635428812628,0,0.5,0.79319186483533766,0.099999999999972,3.4928226377058706,1.4940154864455102,deficit,1.6072832331737175e-07,2,0,1035701.7478009152,1035542.8942071822,22,10,0,22.684041179945346,22.349850159240443,31,5,0,True,converged,fixed-mass asymptotic reference,1e-10,1.6084688978069158e-11,7.681452186554248e-14,26,2151020844.2537861,11923320059.526531,1,9.6622486866880256e-07,9.6602135317581503e-07
181,13945.698808387344,-2629.9050571791645,0,9403.771875170376,-0.2796628379371211,0,0.5,0.61013190396418271,0.099999995177479317,3.0284499395436555,2.1989721577750192,deficit,1.7283985143112801e-07,2,0,1001099.5458227521,1000955.8873472847,20,9,0,22.5023836959131,22.463278044451577,32,6,0,True,converged,fixed-mass asymptotic reference,1e-10,1.7173893760888509e-11,8.3745058675395144e-14,26,2094197320.4583118,11672832466.516144,1,1.1947142091168517e-06,1.1944933867348869e-06
182,16761.72449678725,2287.6473074401515,2287.6473074401515,9295.1414973248102,0.24611378570183692,0.24611378570183692,0.40279707589726255,0.40279707589726255,0.099999999999869235,2.4245623182870446,3.2518624022332618,interior,1.6637243360762e-07,2,0,967551.03147827322,967411.82393497648,22,10,0,21.919477882804628,21.889191885048383,32,5,0,True,converged,fixed-mass asymptotic reference,1e-10,1.674680849736087e-11,6.5186110924005884e-14,26,2038874976.0822763,11427258756.479197,1,1.4668193705934451e-06,1.4667330655304743e-06
183,19378.421576681034,6101.1719217199579,6101.1719217199579,9206.0944029410348,0.66274379847049725,0.66274379847049725,0.25374732682772605,0.25374732682772605,0.099999999978061832,2.0798465781404758,4.4309559585013307,interior,1.6674869152133454e-07,2,0,951324.67497234908,951132.92873256269,20,9,0,21.593715084529503,21.374100413323951,32,5,0,True,converged,fixed-mass asymptotic reference,1e-10,1.6645690898579607e-11,5.5770194444927082e-14,26,1985273752.7622478,11187977093.25605,1,1.7320755499546083e-06,1.7321149443545336e-06
184,22752.951392299361,10369.42985988645,10369.42985988645,9118.5639029284212,1.1372135213536629,1.1372135213536629,0.12772451791261924,0.12772451791261924,0.10000000000003559,1.8441786680046732,6.2269383772375555,interior,1.6701474714331255e-07,2,0,919446.72179366206,919251.7507392494,18,8,0,20.992328610808691,20.345701314233892,32,5,0,True,converged,fixed-mass asymptotic reference,1e-10,1.6385943241702904e-11,5.6277567341291031e-14,26,1932382837.814661,10949418936.59585,1,2.0780053739886587e-06,2.0780730062006919e-06
185,26133.78697147908,14182.042634835012,14182.042634835012,9081.4814138258625,1.5617108082519251,1.5617108082519251,0.059178065725718515,0.059178065725718515,0.099999999789726138,1.7318806650058249,8.2828638199180897,interior,1.7315082345703559e-07,2,0,888617.91513164085,888423.38603658543,18,8,0,20.464769957474424,19.245299633168983,33,6,0,True,converged,fixed-mass asymptotic reference,1e-10,1.7365630477394435e-11,6.4749767001349229e-14,26,1881368382.8052697,10718293559.253311,1,2.4382413886133277e-06,2.4383477925368759e-06
186,28316.712343404197,16655.57423292048,16655.57423292048,8971.133031572559,1.8566704261588649,1.8566704261588649,0.03167902875114656,0.03167902875114656,0.099999998089432343,1.6894905607194559,9.9650821760785604,interior,1.6865393126508366e-07,2,0,873653.77372579649,873402.9966088474,18,8,0,20.320065576779353,18.596453041092882,32,5,0,True,converged,fixed-mass asymptotic reference,1e-10,1.6271562373649088e-11,7.8147232916177874e-14,26,1831447745.0537078,10490291443.744993,1,2.6993256093269456e-06,2.6995584002591508e-06
187,29419.033573831963,17834.546425978097,17834.546425978097,8946.4723698969883,1.9935824774601254,1.9935824774601254,0.023098850931442403,0.023098850931442403,0.099999996721878662,1.6765590027027031,10.814845199689032,interior,1.74570042865696e-07,2,0,844442.084610285,844207.74952351558,18,8,0,20.146282223119918,18.159096675901893,33,6,0,True,converged,fixed-mass asymptotic reference,1e-10,1.7329190700693961e-11,7.8198734664977821e-14,26,1782916861.5745597,10267217843.963972,1,2.8653364544249164e-06,2.8656270742879653e-06
188,29955.830524399149,18494.163910372259,18494.163910372259,8869.7431968133333,2.0852058608341184,2.0852058608341184,0.018525309066582663,0.018525309066582663,0.099999995717377638,1.6697141081425713,11.408112191328371,interior,1.7435307952951007e-07,2,0,816075.16435833031,815859.6125962208,18,8,0,16.925452182762896,14.751410441734418,33,6,0,True,converged,fixed-mass asymptotic reference,1e-10,1.7153400697145928e-11,9.4123499162053855e-14,26,1735430160.7422278,10047200479.817692,1,2.9815101813259232e-06,2.9818408249584612e-06
189,28146.170154342777,16696.368983782664,16696.368983782664,8818.4927126884431,1.8934355809359094,1.8934355809359094,0.029149983716997559,0.029149983716997559,0.099999997748874761,1.6856826437235597,10.187936292853323,interior,1.7853773703890852e-07,2,0,788781.55379922222,788593.70313067571,18,8,0,19.256182331748391,17.463633182171339,34,6,0,True,converged,fixed-mass asymptotic reference,1e-10,1.8081123003482042e-11,8.0177406026845093e-14,26,1689519099.984324,9833429034.9120045,1,2.8622945316851669e-06,2.8626080628902919e-06
190,26039.059042357323,14734.37412400271,14734.37412400271,8648.0259871198468,1.7038683964493091,1.7038683964493091,0.044202838213514846,0.044202838213514846,0.099999999222961863,1.708638571248855,9.0670875723125963,interior,1.7017668740848535e-07,2,0,775354.58448844135,775138.0227975439,18,8,0,20.693336300258323,19.241752544048953,33,5,0,True,converged,fixed-mass asymptotic reference,1e-10,1.6478664325590909e-11,7.3507378541339564e-14,26,1644283665.0375018,9620783047.8380337,1,2.7065425873218063e-06,2.7066898814700214e-06
191,23228.876225173557,11764.205965365769,11764.205965365769,8606.4238868584107,1.3669635235094912,1.3669635235094912,0.085818369558759267,0.085818369558759267,0.099999999993752489,1.7743711273079867,7.2856866078569604,interior,1.7416102116030174e-07,2,0,749297.40405355208,749114.62429423025,18,8,0,20.694829356381941,19.7605347190792,34,6,0,True,converged,fixed-mass asymptotic reference,1e-10,1.7411347887987606e-11,7.1868798344252502e-14,26,1600455204.0829825,9413626611.6181602,1,2.4675799437917815e-06,2.4675065130518722e-06
192,19996.134363852292,8262.4338333560409,8262.4338333560409,8489.9519635661381,0.97322916441732354,0.97322916441732354,0.16521970950542114,0.16521970950542114,0.10000000007665519,1.9099607718444744,5.5482629468966671,interior,1.709855808051941e-07,2,0,724078.91674900765,723929.0817219232,18,8,0,19.831889941411944,19.358302438175723,34,6,0,True,converged,fixed-mass asymptotic reference,1e-10,1.6888416204525427e-11,5.9970321331933731e-14,26,1557795075.2343583,9210678706.3662777,1,2.1709729544719951e-06,2.1708933668824009e-06
193,16462.494103712175,3963.6100503568036,3963.6100503568036,8390.7796795623344,0.4723834617305897,0.4723834617305897,0.31832655341718857,0.31832655341718857,0.099999998988984581,2.2187046298089967,3.8498109748936047,interior,1.6897261212456272e-07,2,0,711887.93513747072,711730.51765373652,20,9,0,17.958280063829278,17.84670699637099,34,5,0,True,converged,fixed-mass asymptotic reference,1e-10,1.6710656417627872e-11,5.5770497892607364e-14,26,1516268788.7709372,9011842281.0600529,1,1.8267623411819976e-06,1.8267029592010939e-06
194,13904.954662937855,304.79452608107135,304.79452608107135,8339.0420865272099,0.036550343824510716,0.036550343824510716,0.48542176846783203,0.48542176846783203,0.1000000000009446,2.6595847549942988,2.7806350264359248,interior,1.7245081851413602e-07,2,0,687893.57801621116,687768.27787412959,22,10,0,16.975890427350535,16.97522246353369,35,6,0,True,converged,fixed-mass asymptotic reference,1e-10,1.7548034067453512e-11,5.7759057819081205e-14,26,1475691062.3904781,8816115166.9408112,1,1.5772201700675909e-06,1.5771407117848799e-06
195,12146.410222930281,-2448.7786254887733,0,8243.3174447017773,-0.29705962526586016,0,0.5,0.616789505953378,0.099999997231075236,3.0462624627006889,2.1713700521401353,deficit,1.7036973165573954e-07,2,0,664590.7127543512,664478.65503158187,20,9,0,16.51754472240259,16.473422511921044,35,6,0,True,converged,fixed-mass asymptotic reference,1e-10,1.7102056080260148e-11,4.2350479531132442e-14,26,1436359529.0829432,8625372289.7140675,1,1.4082186617515772e-06,1.4081465928617876e-06
196,10242.578151393172,-6140.9600499829103,0,8183.8512489891546,-0.75035845753529484,0,0.5,0.77348057809370152,0.099999997385123829,3.4442251957791079,1.5662028352759731,deficit,1.7370145788397906e-07,2,0,642088.15762763505,641986.29512326012,20,9,0,15.935330985840102,15.653812078442728,36,6,0,True,converged,fixed-mass asymptotic reference,1e-10,1.7871873433014191e-11,4.3049830339357216e-14,26,1397869922.6187289,8437288701.4314022,1,1.2139655894026121e-06,1.2138892860085246e-06
197,9241.8636141876123,-8148.0858335042813,0,8075.6866868687794,-1.0089338076477852,0,0.5,0.843496809911081,0.10000000010118112,3.6184458308007166,1.3094193927549989,deficit,1.6797286650493959e-07,2,0,631098.47846651543,630976.52382722159,22,10,0,14.95500341387098,14.446029699763651,35,6,0,True,converged,fixed-mass asymptotic reference,1e-10,1.6658838464697782e-11,5.2301505830349993e-14,26,1360310273.8221533,8252476232.4396887,1,1.1198897584047244e-06,1.1197180407249313e-06
198,8708.7225097335777,-9377.9698422040619,0,8028.3003230157537,-1.1680722210503673,0,0.5,0.87861118280939199,0.10000000154910448,3.71031688598881,1.1763842804302136,deficit,1.7211327474342397e-07,2,0,609612.85327030427,609501.55301895714,22,10,0,15.361077351528952,14.678880994734183,36,6,0,True,converged,fixed-mass asymptotic reference,1e-10,1.7478736065743063e-11,4.9684937618892692e-14,26,1323765600.303525,8071539183.9237671,1,1.0789419850775055e-06,1.078690635163692e-06
199,8786.8415049136092,-8825.164831089267,0,7946.3021059335797,-1.1105620202592781,0,0.5,0.86662154083955467,0.10000000064281241,3.6783075873989333,1.2225381719093615,deficit,1.8697316217508586e-07,2,0,588749.3878707994,588648.26427461673,22,10,0,16.001353208962968,15.384679208541783,36,6,0,True,converged,fixed-mass asymptotic reference,1e-10,1.7116571756677339e-11,4.696320424844227e-14,26,1288114055.359123,7893824622.9918823,1,1.1131285434592364e-06,1.1127488111034336e-06
200,8425.4640260792221,-9507.7378815989541,0,7870.5198055657593,-1.2079734058368756,0,0.5,0.88647125403169191,0.10000000268985919,3.7317513361934935,1.1455998235702551,deficit,1.70778974406538e-07,2,0,578681.94457989314,578561.06039880577,22,10,0,11.015906839307686,10.286306964703115,36,6,0,True,converged,fixed-mass asymptotic reference,1e-10,1.703657520948508e-11,4.5546898690678705e-14,26,1253399992.0735664,7719688231.8686695,1,1.0914254271690592e-06,1.0909973765079168e-06
201,8664.068692887935,-8612.697397572987,0,7813.3265746266479,-1.1022703829604781,0,0.5,0.86482792939185815,0.10000000056050243,3.6736897839559326,1.2292142309123641,deficit,1.8269148527316759e-07,2,0,558874.37422694615,558763.93846919702,22,10,0,11.272620549195031,10.665120550619111,36,6,0,True,converged,fixed-mass asymptotic reference,1e-10,1.6889459982981865e-11,5.766860902416493e-14,26,1219791252.7656629,7550255529.004776,1,1.1475199295711751e-06,1.1471584716213099e-06
202,9302.31572053327,-6847.6931573612319,0,7777.6182241062061,-0.88041150756469944,0,0.5,0.81068178761419385,0.10000000000123802,3.5360527851504955,1.4301568646333866,deficit,1.7596328572011544e-07,2,0,539678.91287986352,539577.75575538853,22,10,0,11.464298718059398,11.076736506733225,37,6,0,True,converged,fixed-mass asymptotic reference,1e-10,1.7799889932283658e-11,5.3760269321606245e-14,26,1187075152.5315871,7384305604.5368004,1,1.2597414325347092e-06,1.2594498657378766e-06
203,10068.631784757868,-4871.8723836653444,0,7713.3631592261272,-0.63160198053489869,0,0.5,0.73617650395726852,0.099999999999506775,3.3524493371925672,1.7036285436627703,deficit,1.7601569712866194e-07,2,0,521122.92984563939,521030.61829689564,20,9,0,11.294811962126047,11.095351431218244,37,6,0,True,converged,fixed-mass asymptotic reference,1e-10,1.7616277850585241e-11,5.3079400880567645e-14,26,1155030388.7982154,7220537477.730361,1,1.3944435321901759e-06,1.3941706052683442e-06
204,10940.01111849249,-2879.5820897911622,0,7644.0166502025922,-0.37670608185160914,0,0.5,0.64680397869214978,0.099999999896522224,3.126207198758884,2.0479850918496103,deficit,1.7619386483147537e-07,2,0,512101.43786820688,511991.32116043824,20,9,0,11.881354439353849,11.810400703301854,37,6,0,True,converged,fixed-mass asymptotic reference,1e-10,1.7554863146388156e-11,4.592431179751095e-14,26,1123907390.5039873,7060586409.1852589,1,1.549447947306531e-06,1.549204588012061e-06
205,11595.72837855977,-1500.7831722615731,0,7586.5598135964465,-0.19782005286200124,0,0.5,0.57840707185579576,0.10000000000004301,2.9405735528068035,2.3357034369361047,deficit,1.7651363437565237e-07,2,0,494430.81198827561,494330.00790574739,22,10,0,14.564437057523246,14.544870670866084,37,6,0,True,converged,fixed-mass asymptotic reference,1e-10,1.7445183846061721e-11,3.7464380222675276e-14,26,1093634260.4332328,6904083670.987278,1,1.679546328108389e-06,1.6794434945861451e-06
206,12780.995881864757,553.7008003458493,553.7008003458493,7560.309684982305,0.073238016646317933,0.073238016646317933,0.4708083573466309,0.4708083573466309,0.10000000000044292,2.6153936128072282,2.8573408497936392,interior,1.8237890708761029e-07,2,0,477323.48545183789,477228.56906147848,22,10,0,14.644751636461468,14.642069732920325,38,6,0,True,converged,fixed-mass asymptotic reference,1e-10,1.853041525395862e-11,4.1438620655047535e-14,26,1064030901.6685503,6749965285.1102028,1,1.893490609508533e-06,1.8934577981888494e-06
207,13863.08491393337,2434.5067715718942,2434.5067715718942,7460.5450516931678,0.32632101375658989,0.32632101375658989,0.37209074548338578,0.37209074548338578,0.099999994379630405,2.346388864519831,3.4521815648837055,interior,1.7736226465281391e-07,2,0,468976.22380990611,468854.81539930654,20,9,0,14.480781943404198,14.427539241394634,37,6,0,True,converged,fixed-mass asymptotic reference,1e-10,1.734880608952934e-11,4.300594475975868e-14,26,1035103700.1115736,6598333835.6903715,1,2.1009978062867899e-06,2.1009167961401332e-06
208,14868.723677846237,3907.1934156739549,3907.1934156739549,7429.0159108898242,0.52594581164671328,0.52594581164671328,0.29946292882478087,0.29946292882478087,0.099999999621594407,2.1768995680036518,4.0048809451067369,interior,1.8288459568971405e-07,2,0,452681.32092786726,452562.84968868305,20,9,0,13.988875971237503,13.850566472843143,38,6,0,True,converged,fixed-mass asymptotic reference,1e-10,1.8386392818801856e-11,4.1820382849702635e-14,26,1007072033.9825507,6450656985.5473213,1,2.3049936946204971e-06,2.3049337077628312e-06
209,15846.37798324681,5319.0704058482543,5319.0704058482543,7365.9729557806659,0.72213074394939836,0.72213074394939836,0.23510704896709095,0.23510704896709095,0.099999999994773492,2.0423677511986327,4.6273505587284767,interior,1.8299261772547482e-07,2,0,436854.7394705867,436740.10472480394,20,9,0,14.234723891901982,13.973987486223526,38,6,0,True,converged,fixed-mass asymptotic reference,1e-10,1.8269387596186992e-11,4.7653209318998305e-14,26,979543210.78750324,6304490039.6974659,1,2.5135067045021825e-06,2.5133294042704391e-06
210,16031.38409443646,5617.2640515537623,5617.2640515537623,7333.7912392496764,0.76596167780345259,0.76596167780345259,0.22184955239289039,0.22184955239289039,0.09999999945762704,2.0162678572209884,4.7775740557213364,interior,1.8833356119074551e-07,2,0,421630.33416139835,421523.57619036047,18,8,0,14.526098959770515,14.232750313838775,39,6,0,True,converged,fixed-mass asymptotic reference,1e-10,1.9372417494797295e-11,4.0766259045689616e-14,26,952914980.45129907,6162451681.3751268,1,2.6014620354571479e-06,2.6014000608383453e-06
211,15910.160409829869,5652.6993425547071,5652.6993425547071,7239.0233235371079,0.78088513333374565,0.78088513333374565,0.21743502833172695,0.21743502833172695,0.099999996867539825,2.007608359093183,4.8301810643154468,interior,1.8284247715882884e-07,2,0,414185.07983901794,414058.72925965243,18,8,0,12.655398472270013,12.350507676539182,38,6,0,True,converged,fixed-mass asymptotic reference,1e-10,1.8188482475003908e-11,4.642162132296111e-14,26,926929447.20720255,6022949371.4012041,1,2.6415895981752977e-06,2.6416616486470559e-06
212,15085.699344789702,4683.5366515127407,4683.5366515127407,7198.6305596138391,0.650628908339835,0.650628908339835,0.25764303231981978,0.25764303231981978,0.099999999971305417,2.0878828160308167,4.3914745753510616,interior,1.8730090789453868e-07,2,0,399729.79491310858,399617.39308902039,20,9,0,12.535117469876417,12.323458481692674,39,6,0,True,converged,fixed-mass asymptotic reference,1e-10,1.9197167684465851e-11,4.8679764270630534e-14,26,901687433.92233968,5886700711.2519026,1.1200730784532995,2.8703830098653146e-06,2.8707002956935127e-06
213,13743.97697831279,3008.7753158453111,3008.7753158453111,7138.7829342448103,0.42147485050701466,0.42147485050701466,0.33670418601894214,0.33670418601894214,0.099999997538004953,2.2611461840667317,3.7061650553698557,interior,1.8643446630939309e-07,2,0,385745.73926277534,385648.9423877527,20,9,0,12.458264917823831,12.369444393018876,39,6,0,True,converged,fixed-mass asymptotic reference,1e-10,1.9065268697833702e-11,4.6807345372131857e-14,26,876961384.50859118,5752281774.8331985,1.1872173917589186,2.8366288612591981e-06,2.8370889497649939e-06
214,12389.04291719532,1170.615187036864,1170.615187036864,7080.6389137768156,0.16532711613164208,0.16532711613164208,0.43434325845024446,0.43434325845024446,0.10000000000001756,2.50999818048356,3.0609508589279066,interior,1.8982181404503251e-07,2,0,372198.93292433,372116.63056263601,22,10,0,14.228988493523183,14.21532196585898,40,6,0,True,converged,fixed-mass asymptotic reference,1e-10,1.9927440422521047e-11,4.7601459355468792e-14,26,852886922.50206196,5620634005.9184666,1.2348236245618647,2.7218073377050878e-06,2.7220117734153729e-06
215,11249.495862635817,-356.48369798804265,0,6970.302231833406,-0.051143130008728263,0,0.5,0.52039426591779669,0.10000000000067202,2.7694967617875506,2.6043549341437862,deficit,1.8297201154204856e-07,2,0,365605.39776580664,365513.9536842283,22,10,0,13.980222395727928,13.978914585854383,39,6,0,True,converged,fixed-mass asymptotic reference,1e-10,1.852674686212347e-11,5.3651297570549693e-14,26,829421379.4441756,5491535096.813014,1.2733310939424936,2.6084387371729041e-06,2.6086927277159301e-06
216,10182.682502006088,-2068.0234134366756,0,6915.2475717501065,-0.29904963193145817,0,0.5,0.61754891176668014,0.099999997394042611,3.0485775857234252,2.1677854597064123,deficit,1.864215997127161e-07,2,0,352706.71001985023,352622.47142095066,20,9,0,14.010870623265236,13.966155282086065,40,6,0,True,converged,fixed-mass asymptotic reference,1e-10,1.9359264520408313e-11,5.8599795595221633e-14,26,806669984.06156778,5365741254.2922497,1.3062188477028434,2.4788395813261587e-06,2.4792876278590276e-06
217,9067.7561736714542,-4132.2036607062082,0,6871.67661687288,-0.6013261790839346,0,0.5,0.72618862184797128,0.099999997965525805,3.3278682512275211,1.7406704030853064,deficit,1.9057486810858393e-07,2,0,340235.20657936216,340157.4749660212,18,8,0,14.796498097864156,14.615701511038313,41,6,0,True,converged,fixed-mass asymptotic reference,1e-10,2.0354466437176475e-11,5.1654421608316013e-14,26,784337623.38039196,5241346358.587409,1.3351689152961974,2.309900042139985e-06,2.3102061321077703e-06
218,8304.367832786269,-5423.9452856038079,0,6757.6129638654338,-0.80261950336047827,0,0.5,0.78890265397926318,0.10000000000004856,3.4823373402241984,1.5095551499924849,deficit,3.3753173589445851e-09,2,0,334166.43776879797,334075.84729560371,20,9,0,15.212020666463285,14.889921632875975,40,6,0,True,converged,fixed-mass asymptotic reference,1e-10,1.88246464220744e-11,4.9220397346151782e-14,26,762735838.50660586,5120480593.601428,1.361150597663751,2.2075067041444409e-06,2.2077742683554998e-06
219,7738.9111672224863,-6630.180328276746,0,6713.1243855378134,-0.98761026508652194,0,0.5,0.83832822148894315,0.10000000006463805,3.6054540432706332,1.3283701815003721,deficit,1.8761921327659081e-07,2,0,322313.89175864449,322230.15550837253,22,10,0,18.727766753718175,18.24007973586604,41,6,0,True,converged,fixed-mass asymptotic reference,1e-10,1.9722727828163527e-11,6.8416604048008112e-14,26,741479275.33284187,5000612585.7785301,1.3847847495500858,2.1430826681055713e-06,2.1431690216160837e-06
220,7356.1943580200195,-7374.5177095651661,0,6648.9674201395237,-1.1090786205147571,0,0.5,0.86630186650491048,0.10000000062639496,3.6775633719326066,1.22361380149498,deficit,1.8670453716396196e-07,2,0,310860.20307452482,310783.02803133859,22,10,0,17.077337262354156,16.462309569112698,41,6,0,True,converged,fixed-mass asymptotic reference,1e-10,1.9391107976233163e-11,6.2333874769518043e-14,26,720906851.51940167,4884070360.9828157,1.4064984490575076,2.1184125515830482e-06,2.118317963882506e-06
221,6946.644894894067,-8354.0672571805098,0,6609.552783498274,-1.2638820604732255,0,0.5,0.89686381917186597,0.10000000543047748,3.7606709271998824,1.1042231150943389,deficit,1.912114566682277e-07,2,0,299792.96417975769,299721.56801753078,22,10,0,17.124045216386349,16.325346284993326,42,6,0,True,converged,fixed-mass asymptotic reference,1e-10,2.0338713822892988e-11,5.2703157112525926e-14,26,700849539.96053541,4769766776.8272448,1.4266010402773408,2.0776887628214713e-06,2.0775592370887399e-06
222,6661.8455276612831,-8817.3592385968732,0,6522.4995663596719,-1.3517712950022731,0,0.5,0.91177575521075749,0.099999998487511677,3.8038312098583376,1.0428179301343496,deficit,1.8558158454418106e-07,2,0,294408.19203324418,294324.93636433739,22,10,0,16.481293724318526,15.567650907322465,41,6,0,True,converged,fixed-mass asymptotic reference,1e-10,1.8999853584966469e-11,5.7740587047865571e-14,26,681401457.58993411,4658392851.225853,1.4453255359465016,2.0669221693327356e-06,2.0668603011080072e-06
223,6693.7172626218317,-8621.15661432253,0,6499.8929896541176,-1.3262906042006199,0,0.5,0.90762827107377797,0.099999995454930643,3.7915684426410508,1.0602218227666875,deficit,1.9108187065963733e-07,2,0,283898.82352274877,283821.46452503005,22,10,0,16.117678882636554,15.238155499241131,42,6,0,True,converged,fixed-mass asymptotic reference,1e-10,2.0088637688774061e-11,4.935391445942567e-14,26,662345556.9398272,4548514341.4283962,1.462852931500042,2.1527741115539208e-06,2.1526807332630262e-06
224,6915.537875428663,-7753.5037721903218,0,6448.154503943857,-1.2023855492416091,0,0.5,0.88539290731863596,0.1000000024965015,3.7286857172938568,1.149996648509044,deficit,1.9120055805288416e-07,2,0,273735.34228164278,273663.77865313127,22,10,0,16.013559763323279,15.290694258810756,42,6,0,True,converged,fixed-mass asymptotic reference,1e-10,1.9864820667724156e-11,5.1992014637984717e-14,26,643900333.15322769,4441674675.6555309,1.4793273449050945,2.3032628526173277e-06,2.3030852409223768e-06
225,7366.1614850804872,-6471.8095814066028,0,6430.9194656650498,-1.0063223802748411,0,0.5,0.84286974095004319,0.10000000009591206,3.6167960725396355,1.311824005530289,deficit,1.9747669011138669e-07,2,0,263916.12667591742,263849.56249472371,22,10,0,15.626827398809329,15.120485032288318,43,6,0,True,converged,fixed-mass asymptotic reference,1e-10,2.108571119056156e-11,5.2110500859208974e-14,26,625902552.26921928,4336799243.9012012,1.4948658954779788,2.539066939774881e-06,2.5390848314195859e-06
226,8032.3835927174623,-4587.0741514545243,0,6353.8607622066029,-0.72191592972791552,0,0.5,0.76482691660870716,0.099999999432946907,3.4228931139839034,1.5980195430748823,deficit,1.9260289130240693e-07,2,0,259130.87490261983,259053.38979593146,20,9,0,15.54709634939584,15.28651504459838,42,6,0,True,converged,fixed-mass asymptotic reference,1e-10,1.9770746924187412e-11,6.0731793952760979e-14,26,608495373.45587254,4234925723.4334497,1.5095654015240774,2.8631926874753589e-06,2.8636348541809652e-06
227,9118.9269596793256,-2294.07131951053,0,6337.5100960941581,-0.36197834604255597,0,0.5,0.64131589394704425,0.099999999785588739,3.1116648537822016,2.0703675817312801,deficit,1.9924613858801621e-07,2,0,249806.13014565513,249733.92082212141,20,9,0,17.019399184496521,16.953885022994669,43,6,0,True,converged,fixed-mass asymptotic reference,1e-10,2.0990615000898327e-11,5.5379287744453301e-14,26,591433332.5335052,4134392768.7668896,1.5235070686802987,3.3602878243216363e-06,3.3610378204485044e-06
228,10613.085116556271,391.47069868379805,391.47069868379805,6304.3981876025928,0.062094994876955252,0.062094994876955252,0.47524359140908334,0.47524359140908334,0.10000000000052001,2.628458084292717,2.8341780427276331,interior,3.8171993121949299e-08,2,0,240798.50665682429,240729.99438446679,22,10,0,17.707788990689092,17.705861096494708,43,6,0,True,converged,fixed-mass asymptotic reference,1e-10,2.1092564160675894e-11,5.1595454674014319e-14,26,574890101.34543037,4036451660.2562208,1.5367598618955463,4.0406189868676395e-06,4.0415903080848867e-06
229,12196.422183121187,2761.2230859670403,2761.2230859670403,6294.7484293634407,0.43866183260960806,0.43866183260960806,0.33045329329832035,0.33045329329832035,0.099999998169482254,2.2464635617813826,3.7544166023536025,interior,1.5308859513396555e-08,2,0,232144.84856403494,232073.05353222624,20,9,0,17.929551961646965,17.833339859952755,44,6,0,True,converged,fixed-mass asymptotic reference,1e-10,2.2555700058032746e-11,5.8060623676628518e-14,26,558654273.59178269,3939659479.7182622,1.549382987764826,4.7965894360689487e-06,4.7977387182643165e-06
230,14436.141366480086,5791.5997927411072,5791.5997927411072,6223.0500276538496,0.93070048025612107,0.93070048025612107,0.17600426060247581,0.17600426060247581,0.10000000027346252,1.9294498966977223,5.3829738913436094,interior,2.5918529100721344e-08,2,0,227833.4587735598,227738.15589942387,18,8,0,15.864137928284748,15.431036236310261,43,6,0,True,converged,fixed-mass asymptotic reference,1e-10,2.126520599811429e-11,5.6189329467091105e-14,26,542974217.91228974,3845803783.9021435,1.5614277592656258,5.8611913485179423e-06,5.8627591799753909e-06
231,16110.708715143001,7761.9333765338206,7761.9333765338206,6210.5720840797667,1.2498494681637309,1.2498494681637309,0.10567727075587885,0.10567727075587885,0.10000000060847446,1.8069269114763884,6.7310091273601795,interior,1.3305082458003881e-07,2,0,219628.3250778057,219532.05283254708,16,7,0,15.684180870396579,14.903119023861999,44,6,0,True,converged,fixed-mass asymptotic reference,1e-10,2.2730910548945218e-11,5.2471039105408243e-14,26,527604908.56345022,3753192892.1640544,1.5729390216185291,6.7518944887926272e-06,6.7532813590910002e-06
232,17792.445173963937,9636.3452839229576,9636.3452839229576,6195.2801498161398,1.5555183863435196,1.5555183863435196,0.059911329556207572,0.059911329556207572,0.099999999804923273,1.7330175949452986,8.2501435670626595,interior,6.2518939358824355e-08,2,0,211703.6485438029,211607.25988267531,18,8,0,15.77075438867878,14.560935663552407,45,6,0,True,converged,fixed-mass asymptotic reference,1e-10,2.4307396973009485e-11,4.7335213420913435e-14,26,512673518.45117122,3662764091.7180328,1.5839562598000563,7.6943134214331545e-06,7.6951357398482505e-06
233,18985.974612651873,11022.582511776602,11022.582511776602,6115.211717833914,1.8026037695253447,1.8026037695253447,0.035725232303044689,0.035725232303044689,0.099999998550385646,1.6956341128109891,9.6415585692712966,interior,7.5331930027289218e-08,2,0,207849.32959722221,207732.03874796929,20,9,0,15.731791919813542,14.107101744860051,44,6,0,True,converged,fixed-mass asymptotic reference,1e-10,2.2851503100683001e-11,4.8200861620737476e-14,26,498157276.49036783,3574394451.8829927,1.5945144708897403,8.4695216690118226e-06,8.4708843656174027e-06
234,19969.33115014523,12068.667868345092,12068.667868345092,6099.2542477611696,1.9788519548477035,1.9788519548477035,0.023916338475911798,0.023916338475911798,0.099999996882746855,1.677773860557874,10.722204544237135,interior,1.0015177620559257e-07,2,0,200357.40526985526,200243.660861816,18,8,0,15.928203516226391,13.970275986624102,45,6,0,True,converged,fixed-mass asymptotic reference,1e-10,2.4446193622134484e-11,4.476958154256095e-14,26,484103004.57194549,3488459725.9585371,1.6046448598496124,9.1856254914654421e-06,9.1871831451268195e-06
235,20154.341040503488,12325.222077314531,12325.222077314531,6052.3125348462609,2.03659752585888,2.03659752585888,0.020845195468821544,0.020845195468821544,0.099999996259860877,1.6731800624900934,11.091093995082026,interior,1.1167234115205815e-07,2,0,193154.95117409818,193047.84868580583,20,9,0,15.316825252860982,13.242960511693726,45,6,0,True,converged,fixed-mass asymptotic reference,1e-10,2.4435958328871623e-11,4.5401789598969471e-14,26,470335631.67073846,3403735635.04316,1.6143754007809903,9.5591067824887091e-06,9.5605898079275667e-06
236,20106.905348470274,12316.940768173536,12316.940768173536,6023.1841553487011,2.0450704075491775,2.0450704075491775,0.020423958626156064,0.020423958626156064,0.099999996166332539,1.6725486728874728,11.146083581778445,interior,1.2648254443803353e-07,2,0,186197.56479125188,186097.39697297665,18,8,0,15.393960885796224,13.302804399879545,46,6,0,True,converged,fixed-mass asymptotic reference,1e-10,2.5960881650787479e-11,4.948149621667013e-14,26,457056348.62878305,3321710862.4427056,1.6237312943290327,9.8287336852715364e-06,9.8312933260880397e-06
237,19323.865517402188,11619.950767168668,11619.950767168668,5943.7245441795758,1.9551351715817287,1.9551351715817287,0.025283558937813845,0.025283558937813845,0.099999997132179289,1.6798257964322794,10.572787198013716,interior,1.1512720421436029e-07,2,0,182830.13497101443,182716.94294122988,20,9,0,15.385207210669776,13.473930441091818,45,6,0,True,converged,fixed-mass asymptotic reference,1e-10,2.4410503771258155e-11,5.4624742512297849e-14,26,444059013.22170037,3240925989.2747512,1.6327353439454391,9.7351060518884124e-06,9.7379880544672131e-06
238,18324.423597230641,10629.078237698732,10629.078237698732,5908.6595708893747,1.7990161284846291,1.7990161284846291,0.036008064734487207,0.036008064734487207,0.099999998577302157,1.6960440747263448,9.6213443364963211,interior,1.1295292923207967e-07,2,0,176236.59348957939,176134.18911678853,18,8,0,16.058718085018796,14.440488569744884,46,6,0,True,converged,fixed-mass asymptotic reference,1e-10,2.5827345118737197e-11,6.605984791785002e-14,26,431444341.90057218,3162145235.0623713,1.6414082680558688,9.5118529238772228e-06,9.5140717306079501e-06
239,16247.677852590783,8521.2955827823534,8521.2955827823534,5836.3925957768788,1.4601066988996203,1.4601066988996203,0.07213037591437238,0.07213037591437238,0.099999999950674684,1.7523499381062777,7.7514860583265834,interior,8.5848702369162311e-08,2,0,169948.74123383363,169860.38863774569,20,9,0,16.592191483294023,15.52623569720825,46,6,0,True,converged,fixed-mass asymptotic reference,1e-10,2.5315679009005583e-11,4.9340432193877959e-14,26,419101276.20480937,3084586561.636878,1.649768961087394,8.6899537670056382e-06,8.6916494928400444e-06
240,14758.609610777057,6940.151355226556,6940.151355226556,5790.2863197863699,1.1986380272132919,1.1986380272132919,0.11533436250564738,0.11533436250564738,0.10000000000172252,1.8230518249859848,6.4988668611997653,interior,7.3890798368836386e-08,2,0,163804.2296376875,163726.66343212381,18,8,0,15.830780660648399,15.112414100507513,47,6,0,True,converged,fixed-mass asymptotic reference,1e-10,2.6556453210118892e-11,5.3315553493733001e-14,26,407170880.3078959,3009317638.0565834,1.6578347133148656,8.1305260114746814e-06,8.1318178405892513e-06
241,13263.131128124925,5371.022257448335,5371.022257448335,5690.6341947377568,0.94386957797313853,0.94386957797313853,0.17261814989489122,0.17261814989489122,0.10000000018720596,1.9231742604383797,5.4347622781926992,interior,5.4449616371243792e-08,2,0,160784.93546951099,160701.69727751607,18,8,0,15.868397407527588,15.422952517415993,46,6,0,True,converged,fixed-mass asymptotic reference,1e-10,2.4586463071333829e-11,6.5637750575344114e-14,26,395506643.13673311,2935289243.2885289,1.6656213972624627,7.5261254243390399e-06,7.526578484107571e-06
242,11538.872172102288,3268.8146214197354,3268.8146214197354,5655.8586100874309,0.57796465953920784,0.57796465953920784,0.28164398963951776,0.28164398963951776,0.099999999865462,2.1378228770249343,4.1640703063425004,interior,4.1120910676539779e-08,2,0,155009.62718047024,154938.97028178809,20,9,0,15.966566358247086,15.799544784408949,47,6,0,True,converged,fixed-mass asymptotic reference,1e-10,2.5867764414945627e-11,7.0424436052232993e-14,26,384189333.91609031,2863127889.9813423,1.6731436267286663,6.7430415881686359e-06,6.7426618350065742e-06
243,9887.846706258244,1034.8133764156482,1034.8133764156482,5611.3942986608408,0.18441416328854557,0.18441416328854557,0.42684427983505319,0.42684427983505319,0.10000000000008565,2.4888049424238545,3.1059158205988644,interior,2.8284464992367475e-08,2,0,149467.97861774915,149409.23217890391,22,10,0,15.944230706827032,15.927226415016325,48,6,0,True,converged,fixed-mass asymptotic reference,1e-10,2.6997856355822601e-11,6.4200546148172283e-14,26,373122529.6115945,2792144077.8764119,1.6804148932374969,5.9508694407642738e-06,5.9494918711434359e-06
244,8731.0928976716496,-653.64783155078817,0,5546.0599854566344,-0.11785752056518402,0,0.5,0.54690972386658487,0.10000000000015141,2.8490947471967445,2.4789738852343519,deficit,2.939673571233925e-08,2,0,144079.63565508233,144028.12042415337,22,10,0,16.034190710311989,16.027245512735103,48,6,0,True,converged,fixed-mass asymptotic reference,1e-10,2.6278126575244264e-11,7.112716491000721e-14,26,362485499.8918438,2723707978.1632128,1.6874476837491814,5.4092665604741613e-06,5.4080020081158269e-06
245,7792.2228999749641,-2160.9677532742553,0,5480.0235389768914,-0.39432941846903741,0,0.5,0.65333107679164915,0.099999999961547362,3.1428655848908349,2.0223804650732196,deficit,1.051270601681864e-07,2,0,141457.58297940055,141398.58855737641,20,9,0,15.770006649970455,15.69225880483539,48,6,0,True,converged,fixed-mass asymptotic reference,1e-10,2.5956300008365578e-11,4.8615160170019069e-14,26,352103993.5242126,2656544609.6061807,1.6942535827134084,4.9696141061757576e-06,4.9684743616727996e-06
246,6851.5478479295662,-3977.0667926173437,0,5437.8673917916803,-0.73134418437728144,0,0.5,0.76771552567191725,0.099999999035989245,3.4299305064109511,1.5875146819764305,deficit,2.5289715654963629e-08,2,0,136384.48768768049,136329.27750705348,20,9,0,14.033725981582588,13.766293823571353,48,6,0,True,converged,fixed-mass asymptotic reference,1e-10,2.553570840623934e-11,5.648134819592564e-14,26,342001235.2548632,2590853519.3605342,1.7008433609631814,4.4979037148919294e-06,4.4963895501364861e-06
247,6121.6076400101128,-5701.4964696041889,0,5425.5244497114472,-1.0508230565723045,0,0.5,0.8533300678762431,0.10000000022768318,3.6437283978470703,1.2726365758945164,deficit,2.9297726467092389e-08,2,0,131469.29465949998,131417.33323988007,24,11,0,10.819938914590592,10.267824366478612,49,6,0,True,converged,fixed-mass asymptotic reference,1e-10,2.6984497782526354e-11,5.931185239671552e-14,26,332157825.39427722,2526512898.4865651,1.7072270534869669,4.1365212028476586e-06,4.134667368184276e-06
248,5634.4327791471751,-6937.5972792874436,0,5398.2070817738386,-1.2851037907105736,0,0.5,0.90062199144313482,0.099999993070848392,3.7714431426276569,1.0888583587279985,deficit,3.2506940694787545e-08,2,0,126733.66395123719,126684.88520200884,22,10,0,11.747759336507297,10.922013460057954,49,6,0,True,converged,fixed-mass asymptotic reference,1e-10,2.6868731273984693e-11,6.2532630904079978e-14,26,322654017.56802183,2464159616.4747119,1.7134140277520253,3.9178128306590867e-06,3.9158437988199572e-06
249,5394.1830168048818,-7531.9099699975504,0,5368.7571570819273,-1.402839185809615,0,0.5,0.91966760054617991,0.099999999993971328,3.8277497908529128,1.0089712196372478,deficit,5.7631607708330534e-08,2,0,124432.90481773754,124376.84697336658,22,10,0,11.752736283911403,10.768757393289912,49,6,0,True,converged,fixed-mass asymptotic reference,1e-10,2.6912691244454024e-11,5.151571691757788e-14,26,313328111.17409492,2402585134.8823867,1.7194130439605608,3.8603537938974516e-06,3.8577235822707843e-06
250,5180.2499517733122,-8215.6540277507374,0,5368.4785713643732,-1.5302618379256396,0,0.5,0.93702403483752283,0.099999999973071074,3.8835876914839922,0.93048094065369258,deficit,1.0219516322074185e-07,2,0,119954.05274334215,119901.09390635205,24,11,0,11.710845762835897,10.539995116530118,49,6,0,True,converged,fixed-mass asymptotic reference,1e-10,2.737612231604408e-11,5.1550465309944614e-14,26,304329238.60476434,2342954021.7885027,1.7252323083862526,3.8144728830373936e-06,3.8115162062276901e-06
