mass_MeV,A90,Ahat,Ahat_bounded,sigma_A,signed_r,Z0,p0_fixed_mass,p_signed,cls,q_obs,q_asimov,cls_branch,max_score,max_iterations,boundary_fits,min_lambda,min_background,n_profiles,n_cls_evaluations,monotonicity_error,nll_null,nll_free,n_bins,nuisance_rank,zero_bins,ok,status,calibration,cov_load,cov_load_over_poisson,prior_relative_error,feature_rank,density_observed,K_counts_per_epsilon2,branching_factor,epsilon2_90,epsilon2_90_fixed_density
53,136541.01682069345,116314.0068438915,116314.0068438915,15783.020742641997,7.3700996818514612,7.3700996818514612,8.5250250555283756e-14,8.5250250555283756e-14,0.099999999999637199,1.6423744151552313,75.008695565229843,interior,4.6419232013761302e-08,3,0,1862873.5970757117,1860499.4409502556,20,9,0,67.2377029427048,40.078518282491295,14,6,0,True,converged,fixed-mass asymptotic reference,1e-10,2.0907450846976564e-10,2.1655965589121823e-14,23,5856191892.6004429,9558092882.9844913,1,1.428538292024411e-05,1.4283592380627284e-05
54,189197.415778325,168181.44279812879,168181.44279812879,16398.641996000948,10.256859754269536,10.256859754269536,5.5116641024100003e-25,5.5116641024100003e-25,0.099999999999918224,1.6423744151510107,133.47184332547087,interior,3.8941844415774085e-08,3,0,2344169.2739550387,2340086.2034061984,20,9,0,92.303619231801548,39.702033222424475,14,6,0,True,converged,fixed-mass asymptotic reference,1e-10,1.7525352023611403e-10,2.8001810528461546e-14,23,6573564361.4918156,10931374099.420389,1,1.7307743203881089e-05,1.7306098093244976e-05
55,193374.19761208133,171562.66244169013,171562.66244169013,17019.439644013484,10.081286539869303,10.081286539869303,3.342253628271451e-24,3.342253628271451e-24,0.1000000000001551,1.6423744151475503,129.41406829937898,interior,3.6831162120165573e-08,3,0,2602966.1738543366,2600051.3290875531,18,8,0,76.473032084714575,25.65686293523957,15,6,0,True,converged,fixed-mass asymptotic reference,1e-10,1.8578913667511419e-10,7.919366971533521e-14,22,7310270459.3174686,12381584113.769442,1,1.5617888295652875e-05,1.5617232208679107e-05
56,122404.77750709013,101133.24248105359,101133.24248105359,16598.028416625275,6.093503951516789,6.093503951516789,5.5232803503981595e-10,5.5232803503981595e-10,0.099999999999860451,1.6423744159457527,54.429078146076691,interior,6.5277194760682278e-08,3,0,3150060.7805013768,3147489.6997138429,20,9,0,66.176533599467234,47.611138395891871,14,6,0,True,converged,fixed-mass asymptotic reference,1e-10,1.1266205163755597e-10,3.9011152912957438e-14,22,8037016175.0357533,13859990970.060286,1,8.8315192824802909e-06,8.8308245002437462e-06
57,1098.5984356965841,-379693.62492388213,0,13467.45956906527,-28.179271281705283,0,0.5,1,0.099999996610956585,4.599431178150553,0.0066155644387327888,deficit,1.728558878255626e-07,4,0,3426977.3031096128,3426499.4873084165,26,12,0,1053.098095319649,656.06243033567898,15,5,0,True,converged,fixed-mass asymptotic reference,1e-10,4.7665682461344965e-11,1.2164064492908756e-14,17,8756602746.4843521,15370591531.986158,1,7.1474050521113904e-08,7.1466774100984778e-08
58,799.48936999082719,-549584.69746333605,0,13808.602026727312,-39.772086709503796,0,0.5,1,0.10000002548854775,4.602282229971479,0.0033263761298110497,deficit,1.6563176785666656e-07,3,0,4007036.3469540104,4006396.0423897593,30,14,0,1476.6333908576153,685.72395024347111,15,5,0,True,converged,fixed-mass asymptotic reference,1e-10,4.1139210031940218e-11,2.9349556046610617e-14,17,9471107643.0285187,16916434989.895575,1,4.7261102618156454e-08,4.7261006104201958e-08
59,711.6111850219653,-661188.93909738876,0,14284.842925939634,-46.249250542163217,0,0.5,1,0.09999999357236336,4.6030331057604599,0.0024616932319838384,deficit,1.639363560457241e-07,6,2,4301235.8124159006,4300777.6056821328,30,14,0,1518.220542893393,448.72395503750073,15,5,0,True,converged,fixed-mass asymptotic reference,1e-10,3.9405311693858114e-11,2.3331960290357665e-14,17,10160917763.99523,18461416743.421482,1,3.8545859990704119e-08,3.8554279905602968e-08
60,742.80430336501104,-676915.75353202585,0,14767.896718049873,-45.801835453444937,0,0.5,1,0.099999990944606001,4.602989554560736,0.0025119409312663998,deficit,1.6335244623633116e-07,7,2,4891064.4004720245,4890442.660818235,30,14,0,1297.0351358811929,248.13107042897011,15,5,0,True,converged,fixed-mass asymptotic reference,1e-10,3.6626055727475736e-11,4.0749034832532031e-14,17,10836407059.448061,20022423308.181225,1,3.7098621477126541e-08,3.7124501704818914e-08
61,2279.8414202704421,-377507.70714873198,0,19382.65831061736,-19.47319737397379,0,0.5,1,0.1000000202074007,4.5932154158323328,0.013798474667787081,deficit,1.7340973867963072e-07,3,0,5171809.4248464555,5171246.687120202,28,13,0,247.86097295571864,58.258264972848821,16,6,0,True,converged,fixed-mass asymptotic reference,1e-10,1.0487141195269894e-10,2.094119219378702e-14,23,11480703368.253164,21566437394.300316,1,1.0571247251402634e-07,1.0586006524597947e-07
62,3333.420714419944,-253176.54580511307,0,19257.864569914287,-13.144890324448312,0,0.5,1,0.10000000032411929,4.5793170765758759,0.029929356625328626,deficit,1.1781049025216817e-07,2,0,5744154.7817360936,5743418.0242631463,26,12,0,280.78262957965933,194.38855875877189,15,6,0,True,converged,fixed-mass asymptotic reference,1e-10,7.5923951348867515e-11,2.5445354810720694e-14,23,12100105397.413961,23102603293.254559,1,1.4428766629054433e-07,1.4462617995818117e-07
63,20718.789477370534,-23100.173133586602,0,19290.50179944561,-1.1974742464695456,0,0.5,0.88443912015760628,0.10000000235318769,3.7256569390599452,1.1543426282527753,deficit,4.3932067761431881e-08,2,0,6301702.621323362,6300747.9990785215,22,10,0,324.36479643123653,323.64782414575762,15,6,0,True,converged,fixed-mass asymptotic reference,1e-10,6.5638134877377345e-11,1.5644195287739346e-14,23,12685494394.979147,24610929999.145683,1,8.4185317166355534e-07,8.4478156041829925e-07
64,268849.3840812085,244252.51878257192,244252.51878257192,19192.765904792173,12.728057877560751,12.728057877560751,2.0649214162325951e-37,2.0649214162325951e-37,0.10000000030843748,1.642374410645175,196.50142865549117,interior,1.3533655407460543e-07,3,0,6561907.3128079828,6558405.9093230711,18,8,0,350.45755627284188,269.45582760557375,15,6,0,True,converged,fixed-mass asymptotic reference,1e-10,5.8904653185733017e-11,7.9170828223953087e-14,22,13230246989.823071,26075221353.231602,1,1.0310531229599282e-05,1.0354394316784063e-05
65,479167.55889692565,454777.58656948339,454777.58656948339,19031.314054178292,23.902896621875858,23.902896621875858,1.4287606991559695e-126,1.4287606991559695e-126,0.1000000025358089,1.6423743781150506,635.22108222523775,interior,1.5621648330466087e-07,6,1,7069024.695713805,7061314.9728073133,18,8,0,387.44054998716774,101.76631652912556,15,6,0,True,converged,fixed-mass asymptotic reference,1e-10,4.9643057633572951e-11,4.9568580394536325e-14,22,13727937141.707336,27478860322.345158,1,1.7437679484373592e-05,1.7518679915572693e-05
66,557209.4483607373,532639.73548603768,532639.73548603768,19171.573381435875,27.791447399465248,27.791447399465248,2.751741847232617e-170,2.751741847232617e-170,0.1000000033193852,1.6423743666711417,846.59276097711086,interior,6.4532180854559584e-07,7,1,7313093.633670046,7306858.2514110664,18,8,0,396.25401164537811,10.071737366756306,16,6,0,True,converged,fixed-mass asymptotic reference,1e-10,5.1888273260045997e-11,3.5092262163619447e-14,22,14179931654.169233,28820277030.35062,1,1.9333937969227024e-05,1.9425360383924445e-05
67,468248.25531890639,443738.45642185339,443738.45642185339,19124.803977390733,23.208681538492716,23.208681538492716,1.8605344102125621e-119,1.8605344102125621e-119,0.1000000027054862,1.6423743756369618,600.64650210422144,interior,1.8062806383944974e-07,3,0,7785213.0855788076,7778314.7994978819,18,8,0,388.07048757553855,118.74903819795222,15,6,0,True,converged,fixed-mass asymptotic reference,1e-10,4.1765500627320944e-11,5.4291172149806818e-14,22,14584541972.200718,30091765951.466328,1,1.5560677165777614e-05,1.5628716585828121e-05
68,265970.47881572053,240435.23894895334,240435.23894895334,19924.978359718894,12.068595227640669,12.068595227640669,7.7376723507577974e-34,7.7376723507577974e-34,0.10000000049796853,1.6423744078771279,178.49584913680133,interior,1.9581142751690095e-07,3,0,8013423.7287289193,8010530.7158068372,18,8,0,359.29505884134227,286.46956345702671,16,6,0,True,converged,fixed-mass asymptotic reference,1e-10,5.0285543939372509e-11,1.5611852269255103e-14,23,14933945768.163717,31272569079.712612,1,8.5049129842121929e-06,8.5365335191540682e-06
69,26212.236492608186,-12541.756405829512,0,20042.126477239468,-0.62576549166337991,0,0.5,0.73426561532986045,0.1000000000003366,3.34717304313574,1.7115713932694478,deficit,2.6345653658665924e-08,2,0,8442209.6636981554,8441452.3263834212,20,9,0,312.21461255070159,312.01882132542323,16,6,0,True,converged,fixed-mass asymptotic reference,1e-10,4.6761438532786591e-11,2.0765452368536009e-14,23,15242279291.336727,32387623633.01667,1,8.0932879761782963e-07,8.1166966496333815e-07
70,3996.473974364349,-222221.37192421086,0,19798.981370287995,-11.222409719979279,0,0.5,1,0.099999989453734006,4.570069080053031,0.040714402262225599,deficit,1.8620195341156887e-07,2,0,8825269.0547848325,8824308.5697264038,28,13,0,242.87052143383755,179.89928147229486,15,6,0,True,converged,fixed-mass asymptotic reference,1e-10,3.7508682543124661e-11,1.8009873355538428e-14,23,15500186076.899605,33412966078.036888,1,1.1960847669226597e-07,1.1983465063225738e-07
71,2629.2849768467986,-347182.47119754442,0,19975.127646521265,-17.377332156133665,0,0.5,1,0.10000000103463645,4.5901973139185657,0.017293741390871219,deficit,1.9554906138807837e-07,6,1,8993516.7992693223,8992825.2651239131,30,14,0,228.35609548082442,77.370259048525881,16,6,0,True,converged,fixed-mass asymptotic reference,1e-10,4.0421540365271499e-11,2.2593821959844331e-14,23,15721293881.975458,34373734074.489777,1,7.6491107167728509e-08,7.6573785625564585e-08
72,2400.8491969194711,-372606.62190094433,0,19763.035498284029,-18.849478082711656,0,0.5,1,0.10000001068394095,4.5924171882360838,0.014722572067105611,deficit,1.8232536191931104e-07,9,1,9294479.1737780236,9293598.1317384392,30,14,0,225.19332262601682,47.541910630703299,15,6,0,True,converged,fixed-mass asymptotic reference,1e-10,3.3352801949084928e-11,3.4485029654744345e-14,23,15906255314.412443,35267974937.375,1,6.807448403778884e-08,6.811062873110657e-08
73,2702.1442173762944,-333547.93362469575,0,19853.2139886449,-16.797413493651593,0,0.5,1,0.10000000027101616,4.5891750915383227,0.018478454985812798,deficit,1.8678439417385562e-07,3,0,9427107.9148465618,9426477.3100329693,28,13,0,239.05226074308882,97.975710704734524,16,6,0,True,converged,fixed-mass asymptotic reference,1e-10,3.5482042304704974e-11,2.9851709834141952e-14,23,16053938894.345217,36089805679.484688,1,7.4872783782051033e-08,7.4881863381153538e-08
74,3471.0869379615347,-252589.47770862398,0,19633.229660747456,-12.863410783158473,0,0.5,1,0.10000000994012768,4.5782296568802963,0.031195132221907011,deficit,1.7945274599640015e-07,3,0,9658857.4135243781,9658052.1446372904,24,11,0,206.5335224563527,123.79985396821385,16,6,0,True,converged,fixed-mass asymptotic reference,1e-10,3.1757594781397112e-11,1.8623763627363182e-14,23,16173159467.780554,36855869916.940437,1,9.4180030095181228e-08,9.4179536496665562e-08
75,5295.492125872328,-158973.85957340442,0,19411.20851205194,-8.1889688297677097,0,0.5,0.99999999999999989,0.10000000026090443,4.5414716087847751,0.074318112678292803,deficit,1.9989634564288039e-07,2,0,9758169.8763122968,9757603.2923391685,28,13,0,158.14766296560023,124.61805771814667,16,6,0,True,converged,fixed-mass asymptotic reference,1e-10,2.9765645585434136e-11,9.1777323884192887e-14,22,16257432739.864981,37548561810.675545,1,1.4103049146257183e-07,1.4102111640326519e-07
76,12815.595436366959,-55283.970827732941,0,19296.01989787845,-2.8649415040754107,0,0.5,0.99791456859571526,0.099999999947316787,4.2462706627196951,0.44087103134121453,deficit,1.7063658308558161e-07,2,0,9925909.8529927768,9925180.7406246215,20,9,0,74.871385374474784,70.767440463587846,16,6,0,True,converged,fixed-mass asymptotic reference,1e-10,2.7398254778633002e-11,8.8773359775853868e-14,22,16313695232.225357,38180887124.293182,1,3.3565473202985995e-07,3.356172991893155e-07
77,62119.7927416046,36963.177710010939,36963.177710010939,19383.37140846243,1.9069978203990476,1.9069978203990476,0.028260434869813368,0.028260434869813368,0.09999999760950247,1.6843481734140369,10.270773928399496,interior,1.8633542975265982e-07,2,0,9993713.0967923552,9992861.2652821336,18,8,0,55.660574211306027,53.842253867802668,17,6,0,True,converged,fixed-mass asymptotic reference,1e-10,2.9467104082197233e-11,7.7864795369660344e-14,22,16341700245.658409,38749673106.010468,1,1.6031049493413454e-06,1.6029627615664144e-06
78,155833.33652267681,130918.04585206194,130918.04585206194,19441.19196784326,6.7346235913161854,6.7346235913161854,8.2177425177922195e-12,8.2177425177922195e-12,0.10000000051423374,1.6423744076514595,64.282732468089961,interior,1.9091998026965484e-07,2,0,10067101.787262101,10064341.59611276,18,8,0,46.568705198015621,23.891127739659364,16,5,0,True,converged,fixed-mass asymptotic reference,1e-10,2.6806993255365688e-11,3.0978928843071371e-14,23,16345968291.021418,39263167498.443047,1,3.9689445974743699e-06,3.9688405026252219e-06
79,213452.25771652447,188529.86700587824,188529.86700587824,19446.730771190905,9.6958663491984147,9.6958663491984147,1.5698084586197785e-22,1.5698084586197785e-22,0.10000000104812566,1.6423743998422395,120.58494401347204,interior,1.9744634283114237e-07,4,0,9982153.1916132923,9979231.3034592401,18,8,0,64.07291978040675,17.068007649647647,16,5,0,True,converged,fixed-mass asymptotic reference,1e-10,2.6259395611450508e-11,3.764556570552668e-14,23,16325504966.526165,39716758177.539055,1,5.3743625489866323e-06,5.3741298129868121e-06
80,236783.60676995839,211629.1872662814,211629.1872662814,19627.791185988885,10.783536824239661,10.783536824239661,2.058717168222122e-27,2.058717168222122e-27,0.10000000114969411,1.6423743983588608,145.6978557067622,interior,1.0248993476125179e-07,2,0,9888813.0614568368,9886233.5223001204,18,8,0,79.134771105592293,20.992437885725892,17,6,0,True,converged,fixed-mass asymptotic reference,1e-10,2.9339814651031326e-11,5.7714671823008964e-14,23,16285255178.698061,40120342604.436523,1,5.9018341170340549e-06,5.9019145728677303e-06
81,220127.71581642664,195296.6350553401,195296.6350553401,19375.478843152996,10.080872228185541,10.080872228185541,3.3563777898183213e-24,3.3563777898183213e-24,0.10000000117624526,1.6423743979710892,129.20369828590503,interior,1.9494482916826428e-07,2,0,9842284.4262282699,9838806.4588427953,18,8,0,72.127891308458075,21.315898867956815,16,5,0,True,converged,fixed-mass asymptotic reference,1e-10,2.5439324651535639e-11,7.6035260829224032e-14,23,16226784503.825294,40475997971.761742,1,5.4384753149261379e-06,5.4386941378901549e-06
82,189554.96213289487,164844.93306783002,164844.93306783002,19281.024405637174,8.55052238097492,8.55052238097492,6.1266334680655386e-18,6.1266334680655386e-18,0.1000000009593365,1.64237440113898,96.743951005164234,interior,1.9661812888926988e-07,2,0,9737482.3572020251,9734996.7789215371,20,9,0,68.261034829559478,31.705318335782977,17,6,0,True,converged,fixed-mass asymptotic reference,1e-10,2.6724198022919536e-11,4.3157709337952573e-14,23,16149317878.768614,40780083762.270264,1,4.6482239526018613e-06,4.6482632242139246e-06
83,145842.89067594655,121419.10464602936,121419.10464602936,19057.663703217513,6.371671480074129,6.371671480074129,9.3489535880368806e-11,9.3489535880368806e-11,0.10000000070090141,1.6423744050478888,58.606474446128729,interior,1.8463018935932496e-07,4,0,9624651.6198181659,9623041.2460467387,18,8,0,52.463993774224051,32.164895049229031,17,5,0,True,converged,fixed-mass asymptotic reference,1e-10,2.5002647040056125e-11,4.4992275762984267e-14,23,16056946683.793255,41041302539.076958,1,3.5535638893790976e-06,3.5534069810050521e-06
84,98922.557350143979,74731.211359293899,74731.211359293899,18875.97324770777,3.959272938243652,3.959272938243652,3.7589140714468874e-05,3.7589140714468874e-05,0.10000000039658878,1.6424290425326973,27.478619679564837,interior,1.7470718161050058e-07,2,0,9567224.9524665214,9565523.061332345,18,8,0,42.316151374646992,34.478230274892731,17,5,0,True,converged,fixed-mass asymptotic reference,1e-10,2.4153801155055153e-11,3.1080595250782831e-14,23,15952252811.723951,41264956130.618195,1,2.3972534233895479e-06,2.3970755684928527e-06
85,47167.263650270965,21714.521352981508,21714.521352981508,18777.12694458113,1.1564526566745712,1.1564526566745712,0.12374802694629111,0.12374802694629111,0.099999994777853402,1.8373634634929985,6.3110911985945224,interior,1.6488908038958527e-07,2,0,9444979.331403397,9444154.8679308705,16,7,0,27.273846696280419,26.605155322715582,17,5,0,True,converged,fixed-mass asymptotic reference,1e-10,2.3228745898285549e-11,2.8291478627242495e-14,23,15834126602.771873,41447001489.863571,1,1.1380138961754895e-06,1.1379110300316224e-06
86,20515.050239767013,-21665.915143595266,0,18811.039540021688,-1.1517485071059068,0,0.5,0.87528778342895985,0.10000000122332667,3.7013194737514183,1.1893357440917414,deficit,1.6875049801967634e-07,2,0,9312511.2164244913,9312028.1853817645,22,10,0,22.167072873322692,21.503810561512349,18,6,0,True,converged,fixed-mass asymptotic reference,1e-10,2.5233254277486245e-11,3.8085012569868215e-14,23,15705387428.475132,41593664407.500076,1,4.9322536333364712e-07,4.9314951068062773e-07
87,12086.559905799564,-54364.949839433146,0,18517.8108498027,-2.9357008878834532,0,0.5,0.99833602475561745,0.099999994881593959,4.2578548198042583,0.42588348267091758,deficit,1.5547315079800228e-07,3,0,9243369.4956848025,9242687.7526058145,20,9,0,16.212872096628647,11.9037022450688,17,5,0,True,converged,fixed-mass asymptotic reference,1e-10,2.1839481388312691e-11,2.1480028456838768e-14,23,15568244348.199377,41709882837.776176,1,2.8977688460090568e-07,2.8974035740451072e-07
88,8954.4004852298767,-79084.845705135333,0,18424.020242087896,-4.29223024102971,0,0.5,0.99999115563063268,0.10000001507555374,4.4078288302099224,0.23608956099906231,deficit,1.5324380697734341e-07,3,0,9100482.0764263142,9099927.4877587184,24,11,0,20.656974963594159,11.44535474258918,17,5,0,True,converged,fixed-mass asymptotic reference,1e-10,2.1244683267632857e-11,4.7141287693522783e-14,23,15420168773.949469,41788028015.806656,1,2.1428147989761093e-07,2.1425066752534303e-07
89,8113.5993690766027,-87339.640994716363,0,18275.524708634402,-4.7787290764765622,0,0.5,0.99999911796649232,0.099999999972975456,4.4395770031193251,0.1969900620470566,deficit,7.7378790486193338e-08,2,0,9027297.4929956347,9026522.3025223911,24,11,0,20.279813772199944,8.8616879790186758,17,5,0,True,converged,fixed-mass asymptotic reference,1e-10,2.0774195353277894e-11,2.6774526863306483e-14,23,15266759724.766525,41842435478.260796,1,1.939083917161566e-07,1.9388495486622876e-07
90,7441.545184837245,-97515.355027374389,0,18364.456127834474,-5.3096122607922398,0,0.5,0.99999994507065004,0.099999986232522653,4.4665520028747423,0.16408721671763893,deficit,1.5251947438343905e-07,2,0,8876573.7621740401,8875931.2315759342,26,12,0,27.970988504130741,13.874997324153103,17,5,0,True,converged,fixed-mass asymptotic reference,1e-10,2.1099219887049811e-11,6.0108657526051962e-14,23,15104041481.340324,41861593590.661209,1,1.777654538812722e-07,1.7775217373925323e-07
91,7932.8468210593683,-90109.165878024956,0,18317.587461149666,-4.9189353605040669,0,0.5,0.99999956491901698,0.10000000000011447,4.447405833526318,0.18741016047092418,deficit,4.8481007652867447e-08,2,0,8722074.4378706422,8721548.8565299567,26,12,0,32.904920904355357,20.80695836394672,18,5,0,True,converged,fixed-mass asymptotic reference,1e-10,2.2470121940452641e-11,5.2796313540603186e-14,23,14936052719.69475,41855960083.517952,1,1.8952729325119856e-07,1.8952253169692136e-07
92,8842.6591413124133,-76498.277817752358,0,18024.18659196587,-4.243942964173951,0,0.5,0.99998901869019874,0.1000000121226436,4.4042432177395554,0.24053041971561095,deficit,1.478611277860864e-07,2,0,8643521.03519913,8642794.0946942698,24,11,0,26.126458733529638,17.120932791948846,17,5,0,True,converged,fixed-mass asymptotic reference,1e-10,1.9730067863838397e-11,6.4012100848385507e-14,23,14760945827.454086,41819813497.198166,1,2.1144664219759976e-07,2.1143441045672495e-07
93,10097.561835651126,-64846.795226271366,0,18021.202147840526,-3.598177093126274,0,0.5,0.99983977230219079,0.10000000009358956,4.3456695366161071,0.31376579090893703,deficit,1.5409656395348748e-07,2,0,8483642.8031716123,8483041.6005463358,24,11,0,20.480262071339684,14.006822874590362,18,5,0,True,converged,fixed-mass asymptotic reference,1e-10,2.1181780265138617e-11,4.8504384104868936e-14,23,14578921522.904694,41753071067.357124,1,2.4183997913258837e-07,2.4182138943936037e-07
94,10915.875339828188,-57140.377761146017,0,17830.779887548626,-3.2044433005825108,0,0.5,0.99932338029357981,0.099999993872679563,4.2977787189601884,0.37457714699141981,deficit,1.5096584426999016e-07,2,0,8321001.3465347113,8320511.9661087412,24,11,0,21.322889439163312,16.188661005839244,18,5,0,True,converged,fixed-mass asymptotic reference,1e-10,2.0142392549602489e-11,4.294378420184592e-14,23,14393731224.88183,41665953070.433083,1,2.6198549500057619e-07,2.6198024835251168e-07
95,13008.930331085874,-43822.549489984362,0,17716.396705457901,-2.4734695788931917,0,0.5,0.99330959021953025,0.099999999626044528,4.1712639332696497,0.53897159967592689,deficit,1.5028991739995945e-07,2,0,8238790.0474390667,8238108.5539665353,22,10,0,15.202660095960915,12.143634217105884,18,5,0,True,converged,fixed-mass asymptotic reference,1e-10,1.9979590952818844e-11,5.9321509571771338e-14,23,14203252974.464937,41551959174.200905,1,3.1307622046285982e-07,3.1306968043181955e-07
96,15012.289951542138,-33622.20105410285,0,17513.735433263468,-1.9197068779992643,0,0.5,0.97255253250841744,0.10000000000009079,4.0254503496741272,0.73457396436827826,deficit,1.7123920770245604e-07,2,0,8072744.2760729576,8072185.3483511508,24,11,0,8.7199424719574807,6.8773052232386398,18,5,0,True,converged,fixed-mass asymptotic reference,1e-10,1.8921938072503862e-11,3.6620264013406081e-14,23,14007430926.716778,41410435755.870171,1,3.6252431730120246e-07,3.6251073215421409e-07
97,19573.811673125096,-18302.29358259021,0,17367.150820236238,-1.0538287450047858,0,0.5,0.85401933474445013,0.10000000024202985,3.645478581449467,1.2700950421461759,deficit,1.4577740015120355e-07,2,0,7904833.1682955725,7904375.6597498655,22,10,0,7.1558445026793187,6.6005669907801376,18,5,0,True,converged,fixed-mass asymptotic reference,1e-10,1.8324629906685266e-11,4.7336491181823973e-14,23,13807571148.424007,41244790499.39006,1,4.7457658133612193e-07,4.7455233091447112e-07
98,24260.299096314968,-7043.2978252519797,0,17161.402038893037,-0.4104124704385162,0,0.5,0.65924830002499879,0.099999999986068899,3.1586060980554898,1.9982211558302243,deficit,1.4385763602575707e-07,2,0,7820555.3598601297,7819923.8130898792,20,9,0,7.2586071266008361,7.1743879286551131,18,5,0,True,converged,fixed-mass asymptotic reference,1e-10,1.7693089560566739e-11,2.8003220168439693e-14,23,13606419769.264,41062937948.861015,1,5.9080767982379325e-07,5.9078418181469664e-07
99,38205.13501188287,14261.012856611527,14261.012856611527,17031.291142277645,0.83735274659517567,0.83735274659517567,0.20119715925886145,0.20119715925886145,0.10000000260445938,1.9764403767371626,5.0324263534124221,interior,1.4396048420017848e-07,2,0,7648961.5090752393,7648294.2941168146,18,8,0,9.3112824527719873,8.960702641656745,18,5,0,True,converged,fixed-mass asymptotic reference,1e-10,1.7197684724448558e-11,2.7844251020821021e-14,23,13399086107.556225,40849848538.559532,1,9.3525769075544487e-07,9.3520169831493318e-07
100,55324.586187633227,33278.758932922392,33278.758932922392,17009.834529354754,1.9565013933205111,1.9565013933205111,0.025203059237342226,0.025203059237342226,0.09999999710678853,1.6797135604934539,10.580743783797377,interior,1.5175675915912734e-07,2,0,7477327.9863365823,7476615.0235907873,18,8,0,13.044873230131987,11.130924379099437,19,5,0,True,converged,fixed-mass asymptotic reference,1e-10,1.8407258751419756e-11,2.0628097872505236e-14,23,13192689520.71722,40626875173.061394,1,1.3617731108278173e-06,1.361773988890356e-06
101,74139.566583623004,52626.285798145,52626.285798145,16780.188324118666,3.1363712497346969,3.1363712497346969,0.00085526261610815513,0.00085526261610815513,0.10000000140289654,1.6436221715138046,19.526361879893749,interior,1.4605582299154207e-07,2,0,7391639.8610085147,7390427.8787231995,18,8,0,13.266541633845666,8.3481293257644733,18,5,0,True,converged,fixed-mass asymptotic reference,1e-10,1.6584483273081493e-11,4.0263576867350776e-14,23,12982333358.37376,40378874401.405479,1,1.8360979022496578e-06,1.8362406735275376e-06
102,84068.640856863378,62676.345442025115,62676.345442025115,16691.515872066953,3.7552061776556167,3.7552061776556167,8.6599420665658071e-05,8.6599420665658071e-05,0.10000000110085722,1.6425005920924658,25.375203379059094,interior,1.51641407430958e-07,2,0,7220186.3921441976,7219078.2400129102,18,8,0,13.298320454261038,6.2475337359095846,19,5,0,True,converged,fixed-mass asymptotic reference,1e-10,1.7407796780763908e-11,2.2571468585209381e-14,23,12768997071.788092,40108556961.959724,1,2.0960275618142242e-06,2.0961823355304111e-06
103,90104.55015153953,68916.529948660333,68916.529948660333,16532.646724171893,4.1687913616228407,4.1687913616228407,1.5310956689116921e-05,1.5310956689116921e-05,0.10000000118329043,1.6423967066626357,29.712187283215933,interior,1.5030901723278589e-07,2,0,7049296.7306271065,7048328.396136825,18,8,0,14.662835548087324,5.9734248397167145,19,5,0,True,converged,fixed-mass asymptotic reference,1e-10,1.6825294176687552e-11,3.2702650851135161e-14,23,12554803901.934513,39822382210.203102,1,2.2626609748236854e-06,2.2627051975600299e-06
104,89825.526948881496,68716.165149196793,68716.165149196793,16471.272099886268,4.1721602097194666,4.1721602097194666,1.5086267849052485e-05,1.5086267849052485e-05,0.10000000116303304,1.6423963889751469,29.747856945280564,interior,1.5081158322161059e-07,2,0,6964648.4588143863,6963310.3284878572,18,8,0,14.891029889335748,6.1875694815525577,19,5,0,True,converged,fixed-mass asymptotic reference,1e-10,1.6999890922602391e-11,3.1738990506991713e-14,23,12337966240.100653,39514545846.047829,1,2.2732268592646794e-06,2.2733520164985908e-06
105,80390.859126694748,59458.910257741409,59458.910257741409,16331.95986518985,3.6408640596387798,3.6408640596387798,0.00013586229326327363,0.00013586229326327363,0.10000000116579784,1.6425724780006412,24.235524793996181,interior,1.4793850544592146e-07,2,0,6794526.039181252,6793496.7417426724,20,9,0,16.279589428281021,9.6516438778963334,19,5,0,True,converged,fixed-mass asymptotic reference,1e-10,1.6499493182610521e-11,4.4508754126343017e-14,23,12120814123.143639,39192337671.838768,1,2.0511881633551739e-06,2.0511831239908924e-06
106,68060.754876592313,47139.240478823995,47139.240478823995,16310.863181609258,2.8901872431773503,2.8901872431773503,0.0019250621330431745,0.0019250621330431745,0.1000000019010315,1.6451832825602573,17.417938275444453,interior,1.5224987404138801e-07,2,0,6625160.0027949959,6624399.2047523353,20,9,0,18.752797112621913,14.576205962309366,20,5,0,True,converged,fixed-mass asymptotic reference,1e-10,1.7745532055600799e-11,3.532195043879056e-14,23,11902858772.000202,38854133130.294571,1,1.7516992245935694e-06,1.7516746992160604e-06
107,51006.943899781232,30130.807421521906,30130.807421521906,16069.977243171479,1.8750336579451623,1.8750336579451623,0.030394046633615297,0.030394046633615297,0.099999997914488062,1.687527821354891,10.077565491231564,interior,1.4206884868528391e-07,2,0,6542402.3577763867,6541545.9054172635,18,8,0,15.333488756211189,13.575613146997581,19,5,0,True,converged,fixed-mass asymptotic reference,1e-10,1.5949781191031924e-11,3.4002616291152016e-14,23,11685333108.316383,38503920570.390274,1,1.3247207854206371e-06,1.3247680248860592e-06
108,37707.369428041238,15492.678492019275,15492.678492019275,16057.943478465131,0.96481380402527173,0.96481380402527173,0.16731904029523342,0.16731904029523342,0.10000000009990592,1.9137307794616376,5.5152389670420909,interior,1.4610917609125806e-07,2,0,6375994.7557222517,6375409.5700425403,18,8,0,15.201025386066256,14.735592547847398,20,5,0,True,converged,fixed-mass asymptotic reference,1e-10,1.7165633841830046e-11,5.0351386513518653e-14,23,11466535829.04471,38136081394.736435,1,9.8875836344437933e-07,9.8880217813567543e-07
109,28961.042455088347,4270.9714339453103,4270.9714339453103,15928.903142266139,0.26812835310042121,0.26812835310042121,0.39430026100163323,0.39430026100163323,0.099999999999883224,2.4024283412291823,3.3058428594972611,interior,1.9092996694780595e-07,2,0,6210689.5177842584,6210288.7551384298,24,11,0,14.624971534841647,14.589025127973475,20,5,0,True,converged,fixed-mass asymptotic reference,1e-10,1.6740581595192754e-11,4.3680362987547522e-14,23,11248959079.796692,37758863395.67659,1,7.6699984720420376e-07,7.6698712411436672e-07
110,22794.495069916611,-5194.0175443652306,0,15666.348194914275,-0.33153788784084032,0,0.5,0.62988088636990924,0.099999999200863318,3.081601802949379,2.1167264375060695,deficit,1.3518985753080415e-07,2,0,6128849.8641078202,6128352.6072056061,20,9,0,12.292847510842732,12.237888825305749,19,5,0,True,converged,fixed-mass asymptotic reference,1e-10,1.5032506310212347e-11,4.7634282490646524e-14,23,11029010638.074318,37360210861.398117,1,6.1012758076985817e-07,6.1005436924583464e-07
111,19349.011304752697,-12112.07569410494,0,15601.689744620977,-0.77632066351367679,0,0.5,0.78122016231885727,0.10000000705511912,3.4633889954352917,1.5376867211169032,deficit,1.3910248308768303e-07,2,0,5965266.3351982012,5964848.5082037887,20,9,0,11.927774948137339,11.626438061838181,20,5,0,True,converged,fixed-mass asymptotic reference,1e-10,1.5878649557395627e-11,4.020398625627895e-14,23,10812930475.30032,36961234427.865173,1,5.2349472641437072e-07,5.2346112381941867e-07
112,15276.192351074847,-22549.564744344734,0,15472.464779563572,-1.4573628326732548,0,0.5,0.9274918745021562,0.099999999987816349,3.8522154518306237,0.97448871135295345,deficit,4.214987914252788e-09,2,0,5803710.7950716699,5803362.4043337665,22,10,0,10.335023124038024,9.2730699110093173,20,5,0,True,converged,fixed-mass asymptotic reference,1e-10,1.555847742659097e-11,5.1389331476975397e-14,23,10597430226.400122,36550949766.651733,1,4.1794241869502672e-07,4.1792005710961794e-07
113,12496.005596433075,-32285.120657347688,0,15363.355785880352,-2.1013596383230686,0,0.5,0.98219529590844057,0.10000000000000095,4.0794881144611139,0.66136638805226711,deficit,1.8863512796229998e-07,2,0,5723833.1573385568,5723359.9715176634,22,10,0,10.426554774068943,8.2186986092823151,20,5,0,True,converged,fixed-mass asymptotic reference,1e-10,1.5511421462430943e-11,4.0350239609333696e-14,23,10381392328.078306,36125521518.383202,1,3.4590519586199551e-07,3.4588956440456389e-07
114,11708.812631615005,-34746.53397931299,0,15173.853838968522,-2.2898019191485224,0,0.5,0.98898359906703159,0.099999996518140705,4.1288086086842632,0.59527908139495356,deficit,1.345137619068737e-07,2,0,5565502.8131782683,5565107.0624443796,22,10,0,9.7251005286549645,7.1035041141868369,20,5,0,True,converged,fixed-mass asymptotic reference,1e-10,1.4919993026999312e-11,3.6724213190217651e-14,23,10169822654.978834,35702473780.754143,1,3.2795521967239101e-07,3.2796965089676193e-07
115,11554.997117477471,-34987.421458498153,0,15091.619416221749,-2.3182387967910407,0,0.5,0.98978182670098092,0.099999997736181623,4.13572523284585,0.58606846549515668,deficit,1.3854763381004886e-07,2,0,5409565.5753272781,5409233.3576330822,22,10,0,9.4543194034914251,6.767203844017839,21,5,0,True,converged,fixed-mass asymptotic reference,1e-10,1.5747354274441568e-11,4.3451670582444692e-14,23,9956878453.3357239,35261527682.588646,1,3.2769417200216966e-07,3.2771707061157445e-07
116,12037.412915017961,-31415.499596162765,0,14855.508043497128,-2.1146558708138747,0,0.5,0.98277035596961815,0.099999999999958497,4.0831594158619424,0.65642262781671223,deficit,1.5922779039723167e-07,2,0,5332643.3485358963,5332198.229240912,26,12,0,6.9241137383590736,4.6882290123752801,20,5,0,True,converged,fixed-mass asymptotic reference,1e-10,1.4274741093385797e-11,2.731186422241006e-14,23,9746985304.046032,34818365381.947701,1,3.4572021928573953e-07,3.4573728623096786e-07
117,14799.812642028894,-20675.111450770459,0,14733.413699940873,-1.4032442495011102,0,0.5,0.91972799170761443,0.099999999994047448,3.8278312569333828,1.0088561657467998,deficit,1.7555280562575604e-07,2,0,5180551.5091743702,5180176.3138613347,22,10,0,9.6431778806485049,8.658630668769538,21,5,0,True,converged,fixed-mass asymptotic reference,1e-10,1.483564407835733e-11,3.3693965034795865e-14,23,9538518396.2989693,34367414534.253738,1,4.3063503154355806e-07,4.3066198472311083e-07
118,17334.636399068797,-13075.006584499426,0,14576.996380041341,-0.89694664741170571,0,0.5,0.81512630649230666,0.10000000000329143,3.5471249444996964,1.4138567060236711,deficit,1.3402676501961253e-07,2,0,5031132.5083774049,5030817.9715504656,22,10,0,9.6811214643496637,9.2788648201981143,21,5,0,True,converged,fixed-mass asymptotic reference,1e-10,1.4407636233093983e-11,3.4126382614215529e-14,23,9333410222.4194794,33915829210.617565,1,5.1110755073746154e-07,5.1119131106746184e-07
119,21386.674328856705,-3994.7226267673423,0,14408.527538714659,-0.27724565827532471,0,0.5,0.60920425854480809,0.099999994811162618,3.026000223833389,2.2027712794909631,deficit,1.3323226522032883e-07,2,0,4957579.7621007739,4957158.7306849416,20,9,0,9.8326651216134966,9.7942325440972375,21,5,0,True,converged,fixed-mass asymptotic reference,1e-10,1.4136532546287685e-11,3.054555323543216e-14,23,9129391698.5571938,33455604414.049122,1,6.3925535656667818e-07,6.3941440294082037e-07
120,23919.128690165202,589.07798331024924,589.07798331024924,14319.574536356247,0.041138081692404564,0.041138081692404564,0.48359290774334124,0.48359290774334124,0.10000000000090739,2.6542643499055565,2.7896276149904242,interior,1.4423444971711774e-07,2,0,4812255.1146767652,4811893.2885747468,22,10,0,10.21087102957933,10.210024858696665,21,5,0,True,converged,fixed-mass asymptotic reference,1e-10,1.4022520384588662e-11,2.642798657367291e-14,23,8928223948.3896122,32993348866.317524,1,7.2496819850209041e-07,7.2513573547751205e-07
121,24685.690483526891,2010.3555700404488,2010.3555700404488,14236.203202265113,0.14121468680999386,0.14121468680999386,0.44385017197283733,0.44385017197283733,0.10000000000011966,2.5368378935507643,3.0060624342083031,interior,1.3747343841075121e-07,2,0,4669918.4058677386,4669602.3480956815,22,10,0,9.9456688192828793,9.9356980253974569,22,5,0,True,converged,fixed-mass asymptotic reference,1e-10,1.4772897845967535e-11,2.0262119532455231e-14,23,8728241614.8571281,32523120492.787079,1,7.5901974071035527e-07,7.5919357119791618e-07
122,23743.666183211702,896.31970331229593,896.31970331229593,14095.84094070036,0.063587607690753917,0.063587607690753917,0.47464929970133385,0.47464929970133385,0.10000000000042648,2.6270139259170975,2.8367179443884547,interior,1.3276062205136441e-07,2,0,4599817.0778944967,4599405.9149404569,22,10,0,9.0280614153201011,9.0260397233941845,21,5,0,True,converged,fixed-mass asymptotic reference,1e-10,1.3826372777394499e-11,3.7302490282482933e-14,23,8530810877.4653845,32050161529.339565,1,7.4082828448387453e-07,7.4098401987060093e-07
123,21776.579332317571,-2257.9066496724545,0,14053.209225721423,-0.16066790370946921,0,0.5,0.56382251495588243,0.1000000000000459,2.8989446375499881,2.4007873119539505,deficit,1.3723925840203322e-07,2,0,4461919.6818980472,4461576.006509861,22,10,0,9.9910585323590695,9.9781514447178719,22,5,0,True,converged,fixed-mass asymptotic reference,1e-10,1.4749708269375238e-11,6.0046524549058942e-14,23,8337388417.402029,31580225298.608242,1,6.8956377373524558e-07,6.8967762171204582e-07
124,18630.224429263464,-7899.3982373829786,0,13944.028295518343,-0.56650138608114775,0,0.5,0.71447350451836233,0.099999999980063037,3.2986176103386988,1.78487260320601,deficit,1.362531920623411e-07,2,0,4327074.0967290336,4326782.8966065375,18,8,0,12.346758249151126,12.186296338935195,22,5,0,True,converged,fixed-mass asymptotic reference,1e-10,1.4529255018947692e-11,5.5005791440392484e-14,23,8144818151.8896646,31101630354.231571,1,5.9901118420721975e-07,5.9913716789384226e-07
125,15004.623491349172,-15563.921572740917,0,13689.802635385544,-1.1368731276051522,0,0.5,0.87220433632678374,0.10000000097563858,3.6931086694835038,1.2011698580966916,deficit,1.2895626366749013e-07,2,0,4260985.4527314669,4260602.3700809339,22,10,0,12.471196915233239,11.824956661097879,21,5,0,True,converged,fixed-mass asymptotic reference,1e-10,1.3113441792443311e-11,3.776353034447623e-14,23,7956348843.8933697,30626961129.36097,1,4.8991551685370367e-07,4.8998461413224075e-07
126,13049.561143668174,-21029.122876480695,0,13595.334301576517,-1.5467416910272227,0,0.5,0.9390372272085481,0.099999999968115261,3.8902301136055719,0.92119384095255374,deficit,1.3201945103791246e-07,2,0,4130889.0189719307,4130562.0987214884,24,11,0,12.55443718838252,11.358232259001644,22,5,0,True,converged,fixed-mass asymptotic reference,1e-10,1.3694168453192624e-11,3.0351428289215315e-14,23,7769973317.0442982,30148808307.651516,1,4.3283837326188128e-07,4.3288039678109159e-07
127,12955.446448590019,-20773.831117744383,0,13475.364783249024,-1.5415674061460845,0,0.5,0.93841062443955747,0.099999999969795292,3.8881076377867601,0.92416020463093862,deficit,1.3135304688383087e-07,2,0,4003833.6151601067,4003555.8327224324,24,11,0,12.826898593658958,11.638683559812975,22,5,0,True,converged,fixed-mass asymptotic reference,1e-10,1.3488255850575764e-11,3.574172183667256e-14,23,7587038789.0140362,29672634242.594326,1,4.3661261560636225e-07,4.366409564830388e-07
128,14123.468760385793,-16699.703386308138,0,13372.472584385703,-1.2487801664927061,0,0.5,0.89412725496472034,0.10000000453715402,3.7529441521532192,1.1152602327716696,deficit,1.3158945233460173e-07,2,0,3941545.0382349663,3941177.6719289315,22,10,0,12.625215810374712,11.845489858261937,22,5,0,True,converged,fixed-mass asymptotic reference,1e-10,1.3501850756784394e-11,3.9615343107416001e-14,23,7406057818.6678457,29192893696.564041,1,4.837981772957336e-07,4.8378321739712688e-07
129,15199.53357798015,-13170.23414148874,0,13223.361344443621,-0.9959618333878999,0,0.5,0.84036565509020478,0.10000000007744229,3.6105127778128292,1.3209871787715877,deficit,1.3042212276825893e-07,3,0,3819241.966180617,3818928.653715861,22,10,0,12.744826547258723,12.24885656047603,22,5,0,True,converged,fixed-mass asymptotic reference,1e-10,1.3152152555850567e-11,3.7058833938869702e-14,23,7229999319.6800337,28721561318.25106,1,5.2920290124762944e-07,5.2917787233863259e-07
130,17460.355703020497,-7699.5863037438985,0,13156.40144028143,-0.58522789621884086,0,0.5,0.72080275506765235,0.099999999636693968,3.3143881843995366,1.7610242740720421,deficit,1.3476317750615863e-07,2,0,3700058.4666731008,3699790.2070275354,18,8,0,10.73372040294411,10.562474557687745,23,5,0,True,converged,fixed-mass asymptotic reference,1e-10,1.3900132768594523e-11,3.2232841108521081e-14,23,7055628812.0057249,28246143118.237877,1,6.1815008264780587e-07,6.1813112325304812e-07
131,20954.565518681458,-566.23394783887761,0,12948.204759042368,-0.043730529816767789,0,0.5,0.51744039839335132,0.10000000000086746,2.7603638683674205,2.6187813188600773,deficit,1.7266191854048429e-07,2,0,3641725.471893541,3641375.5678442023,22,10,0,10.6529228256226,10.651966646003572,22,5,0,True,converged,fixed-mass asymptotic reference,1e-10,1.2742846459946021e-11,5.1473756730498217e-14,23,6885435802.6294823,27776838070.692047,1,7.5438987927107082e-07,7.5438912947068137e-07
132,26019.10475246263,7094.1497243070326,7094.1497243070326,12882.049056897968,0.55070683570028167,0.55070683570028167,0.29091732896113204,0.29091732896113204,0.099999999766829203,2.1581060772190845,4.0795838278363217,interior,1.3418737121462243e-07,2,0,3526755.4755355702,3526398.8220049855,20,9,0,12.832905451588795,12.681266442145287,23,5,0,True,converged,fixed-mass asymptotic reference,1e-10,1.3448887580085136e-11,3.6814570224909836e-14,23,6718651409.941021,27310906657.003986,1,9.5270014574158899e-07,9.52753998001484e-07
133,31449.557604431666,14095.080569094682,14095.080569094682,12740.078565123149,1.1063836977244557,1.1063836977244557,0.13428023928962229,0.13428023928962229,0.1000000000003322,1.8554679562392167,6.0942368751385114,interior,1.3376214025306865e-07,2,0,3414991.5424072091,3414639.1608908074,18,8,0,12.675638428486389,12.063595985191169,23,5,0,True,converged,fixed-mass asymptotic reference,1e-10,1.3132188772808963e-11,3.5740385367352797e-14,23,6553650396.7737875,26842007243.385319,1,1.1716544638136847e-06,1.1717364570315132e-06
134,36197.117391274689,19650.032877371901,19650.032877371901,12573.98720722403,1.5628059426945899,1.5628059426945899,0.059049122997778321,0.059049122997778321,0.099999999786987662,1.73169753558577,8.2881747620032176,interior,1.3308563473479751e-07,2,0,3360248.5127695748,3359739.2074449332,18,8,0,14.244082925206925,13.022901717946162,23,5,0,True,converged,fixed-mass asymptotic reference,1e-10,1.2874718731234052e-11,4.9693589541843525e-14,23,6392915399.6631699,26380549258.368088,1,1.3721138645281512e-06,1.3721965257091891e-06
135,41559.369535197511,25447.681745027516,25447.681745027516,12457.155912983566,2.0429082670985421,2.0429082670985421,0.020530759898483759,0.020530759898483759,0.099999996179889736,1.6727056798288871,11.132302037988316,interior,1.3322633485302049e-07,2,0,3253133.0379965869,3252648.5681611248,18,8,0,16.537958889267454,14.45122179537767,23,5,0,True,converged,fixed-mass asymptotic reference,1e-10,1.2655434071611201e-11,2.5898523777424905e-14,23,6234441468.5256958,25918591591.125732,1,1.6034578649492292e-06,1.6035608269000883e-06
136,45216.476586858516,29264.957373601228,29264.957373601228,12396.316478277373,2.3609013052933463,2.3609013052933463,0.0091152908343395851,0.0091152908343395851,0.10000000535424361,1.6557477164828924,13.30762843088795,interior,1.3795731224064411e-07,2,0,3149315.5093475375,3148871.1166259591,18,8,0,16.971185384061634,14.184257897393721,24,5,0,True,converged,fixed-mass asymptotic reference,1e-10,1.3382000297198012e-11,4.2451527675899243e-14,23,6080131275.818634,25464311748.353062,1,1.7756802945904458e-06,1.7759018634695964e-06
137,46149.274439203349,30493.636411031628,30493.636411031628,12182.425078016646,2.5032256727162756,2.5032256727162756,0.0061533522276687232,0.0061533522276687232,0.10000000430371621,1.6513869650084665,14.353146701492792,interior,1.3205907523072824e-07,2,0,3098746.5908840317,3098159.0527788182,18,8,0,14.805436790199543,11.672367405926618,23,5,0,True,converged,fixed-mass asymptotic reference,1e-10,1.2218413394614504e-11,3.1705591740903864e-14,23,5927986918.9542599,25009665418.245926,1,1.8452575701206668e-06,1.8455183407279676e-06
138,48187.378321116237,32574.513299155682,32574.513299155682,12162.432180580403,2.6784505780326051,2.6784505780326051,0.003698182323128778,0.003698182323128778,0.10000000314721069,1.647780263586835,15.701717957856939,interior,1.3748682992087424e-07,2,0,2999068.3079929994,2998540.6165617849,18,8,0,14.920439659621362,11.333390910139764,24,5,0,True,converged,fixed-mass asymptotic reference,1e-10,1.3104037443899211e-11,4.5053393937506694e-14,23,5779992757.9478178,24563285643.555313,1,1.9617643592301422e-06,1.962002694814328e-06
139,44687.128894649155,29169.893897361697,29169.893897361697,12065.829925286696,2.4176945122190712,2.4176945122190712,0.0078095917722475813,0.0078095917722475813,0.10000000485165678,1.6538228279359792,13.719726876912741,interior,1.3674930743334812e-07,2,0,2902968.3179041781,2902533.6199184824,18,8,0,13.416285442212162,10.493662065005056,24,5,0,True,converged,fixed-mass asymptotic reference,1e-10,1.2963655121311171e-11,5.2538590726029123e-14,23,5633833056.0848875,24115643320.403732,1,1.8530349077123862e-06,1.8532780603260805e-06
140,39569.054779168786,24174.693151285155,24174.693151285155,11899.501102397448,2.0316669054845069,2.0316669054845069,0.02109369421635925,0.02109369421635925,0.099999996305047523,1.6735551237624477,11.058963051176956,interior,1.3440816548637713e-07,2,0,2856279.5964638274,2855760.7312776423,18,8,0,14.994111065276378,12.930275857855882,24,5,0,True,converged,fixed-mass asymptotic reference,1e-10,1.2672009024090483e-11,4.4435558576241986e-14,23,5492095306.2000008,23678063379.7542,1,1.6711271586933115e-06,1.6713303870432372e-06
141,32904.553777869871,17327.104441012078,17327.104441012078,11775.3569147573,1.4715221480412086,1.4715221480412086,0.070574981171853235,0.070574981171853235,0.099999999939868439,1.7499182662547454,7.8089009375928473,interior,1.3242754559605885e-07,2,0,2764359.4652733644,2763960.2365640211,18,8,0,15.023805364977253,13.941116648889347,24,5,0,True,converged,fixed-mass asymptotic reference,1e-10,1.2374389377878546e-11,4.1074769101452121e-14,23,5352451377.4795589,23240845381.389542,1,1.4158070947031337e-06,1.4159451884172807e-06
142,25222.996143440214,8434.4058532709751,8434.4058532709751,11740.829963876124,0.71839440251262854,0.71839440251262854,0.23625706859142748,0.23625706859142748,0.099999999994232189,2.0445702138905766,4.6152098143016191,interior,4.6747308246608554e-09,2,0,2675180.7628700193,2674891.6134737888,18,8,0,15.256373722519413,14.998328463738675,25,5,0,True,converged,fixed-mass asymptotic reference,1e-10,1.3196721055072253e-11,5.0949728469954461e-14,23,5215720790.8361464,22807766436.646667,1,1.1058950561205698e-06,1.1058959677324537e-06
143,18234.880176450239,-1337.8518191319827,0,11572.715538784869,-0.11560365035906461,0,0.5,0.54601666513071123,0.10000000000007143,2.8468436542914475,2.4825108373636824,deficit,1.2984646458047422e-07,2,0,2631760.16017531,2631462.1958907815,22,10,0,15.715746743183864,15.709064641195694,24,5,0,True,converged,fixed-mass asymptotic reference,1e-10,1.2226284254715955e-11,6.1654590254447566e-14,23,5082572768.1199179,22382042735.890297,1,8.1471027428653971e-07,8.146652850980704e-07
144,13396.703637962806,-11195.473901014899,0,11549.386838099563,-0.96933443356942905,0,0.5,0.83381082283290608,0.10000000004338709,3.5938797242181266,1.3452812512921786,deficit,1.338586737009706e-07,2,0,2546360.9429359501,2546099.8655628143,22,10,0,15.903418615970917,15.433613993919234,25,5,0,True,converged,fixed-mass asymptotic reference,1e-10,1.3079921852360964e-11,8.2537406059550322e-14,23,4952626006.534565,21962314375.073227,1,6.0998597001998057e-07,6.099850463942958e-07
145,10218.692829355776,-20487.679112069924,0,11461.651676714004,-1.7874221711713121,0,0.5,0.96306535957592121,0.099999999843479889,3.9815345102747166,0.79465979639005724,deficit,1.3326592918083691e-07,2,0,2463561.6753695286,2463334.5370400408,24,11,0,15.761628386182364,14.164189377184981,25,5,0,True,converged,fixed-mass asymptotic reference,1e-10,1.2961830771073397e-11,1.0739603867090435e-13,23,4825112841.0165205,21545449268.029327,1,4.742854373669989e-07,4.74243590367282e-07
146,9199.7380389587306,-24185.186984465541,0,11384.335637731108,-2.1243194526259153,0,0.5,0.98317827990635165,0.10000000000000504,4.0858100854939536,0.65285565361847753,deficit,1.5093015182099379e-07,2,0,2383310.8383121206,2383113.3260917226,22,10,0,16.657717153169255,14.401350584766821,26,5,0,True,converged,fixed-mass asymptotic reference,1e-10,1.3595565792077359e-11,8.3722907209120749e-14,23,4701152404.6286993,21136703941.542179,1,4.3524941563275254e-07,4.3522561845625927e-07
147,8698.902580393391,-25356.511086788221,0,11195.425074966661,-2.2647743792344892,0,0.5,0.98823673578232241,0.099999995045167461,4.1226083883925781,0.60354785003941647,deficit,1.3088417061268842e-07,2,0,2344184.8799579605,2343933.036743118,22,10,0,14.063079473997668,11.498477979579185,25,5,0,True,converged,fixed-mass asymptotic reference,1e-10,1.2442791046466759e-11,6.6278880276322396e-14,23,4580031978.8290644,20733180234.740406,1,4.195643158408258e-07,4.1952869324479614e-07
148,8932.4188255668432,-23599.146544749587,0,11074.091776370737,-2.1309112255795495,0,0.5,0.9834517717951996,0.10000000000005646,4.087627228428456,0.65041151518803397,deficit,1.3374485885453424e-07,2,0,2267673.5026395731,2267454.3420867356,22,10,0,14.223661333507328,11.95327000785686,25,5,0,True,converged,fixed-mass asymptotic reference,1e-10,1.219000145054802e-11,5.698245865908772e-14,23,4461202036.0645695,20332635962.928417,1,4.3931435362600901e-07,4.3928196855605669e-07
149,9566.4056928341306,-20649.611156868341,0,11013.391990828017,-1.874867888961556,0,0.5,0.96959454968282699,0.099999999999909744,4.0110292631046214,0.75424761813364949,deficit,1.3382465025024715e-07,2,0,2193572.5566582461,2193381.0440383498,24,11,0,14.210303552547602,12.452738752018021,26,5,0,True,converged,fixed-mass asymptotic reference,1e-10,1.2842886298915345e-11,7.7356146326801077e-14,23,4346299778.6148729,19942794959.046982,1,4.7969232559824131e-07,4.7964211230956535e-07
150,10653.890185707405,-15904.556253431263,0,10829.148195926686,-1.4686257658637731,0,0.5,0.9290328388488247,0.099999999986143145,3.8571313390473492,0.96757725338451239,deficit,1.286494908381286e-07,2,0,2157466.6195753659,2157223.9007421448,24,11,0,12.765564402264705,11.687133582185227,25,5,0,True,converged,fixed-mass asymptotic reference,1e-10,1.181264627869753e-11,5.5766935467762061e-14,23,4233385514.5325127,19555060162.858494,1,5.448150042484991e-07,5.4480433308517202e-07
151,12478.631203361629,-10368.441860582405,0,10742.31822981931,-0.9651722316157535,0,0.5,0.8327707235576125,0.10000000003954745,3.5913543305273912,1.3489745374245155,deficit,1.3181151614638509e-07,2,0,2086874.7300308705,2086662.1742345414,24,11,0,13.595492907285673,13.129714188944606,26,5,0,True,converged,fixed-mass asymptotic reference,1e-10,1.2286893161160654e-11,4.6765224701560541e-14,23,4123885102.9963045,19176245542.428154,1,6.5073380374443966e-07,6.5072987619690607e-07
152,14461.744143777991,-5449.3266351239781,0,10618.069918803069,-0.51320575179548644,0,0.5,0.69609629852697541,0.10000000000195677,3.2526783519011104,1.8545584363465561,deficit,1.639155313704066e-07,2,0,2018540.0599008878,2018354.797431774,18,8,0,12.957092991017348,12.825402919179362,26,5,0,True,converged,fixed-mass asymptotic reference,1e-10,1.2013071082004511e-11,4.8520782165832568e-14,23,4016671379.706274,18801390412.271946,1,7.6918482232774635e-07,7.6920083231071003e-07
153,16377.482149536721,-1476.7476665549821,0,10491.114541019386,-0.14076123482955252,0,0.5,0.55597071589735414,0.099999999999966227,2.8761984111630206,2.4364302803650491,deficit,1.3047515090569561e-07,2,0,1985248.711573869,1985014.1563590507,22,10,0,12.891207036135823,12.881300173520453,26,5,0,True,converged,fixed-mass asymptotic reference,1e-10,1.1854816346398337e-11,5.6204416049445293e-14,23,3912496932.0368786,18434251943.968735,1,8.8842672864168263e-07,8.8849296317787071e-07
154,18328.730366913082,1944.0220895278412,1944.0220895278412,10390.531915366473,0.18709645506971836,0.18709645506971836,0.4257925037642103,0.4257925037642103,0.10000000000015714,2.4863698003538026,3.1111781175574325,interior,1.3028061740527619e-07,2,0,1920135.1464285958,1919916.5363331425,22,10,0,12.152058616350084,12.134556074600257,26,5,0,True,converged,fixed-mass asymptotic reference,1e-10,1.1684108668975671e-11,4.5246077597372736e-14,23,3810457565.8134928,18070822844.621113,1,1.0142720408754788e-06,1.014403862516955e-06
155,19788.159638166198,4214.8100953727835,4214.8100953727835,10329.851712716025,0.40802672746858071,0.40802672746858071,0.34162702633692565,0.34162702633692565,0.099999998673126089,2.2726954786727696,3.6692172788008102,interior,1.3406821386396928e-07,2,0,1857112.9459611673,1856907.304531286,20,9,0,13.21524419818676,13.1320012930224,27,5,0,True,converged,fixed-mass asymptotic reference,1e-10,1.2267179220767439e-11,4.2225808276706787e-14,23,3711438559.7103596,17715525996.699524,1,1.1169953204806232e-06,1.1171518453766698e-06
156,20674.655829655931,5791.1344359376353,5791.1344359376353,10164.007563872447,0.56977757271513452,0.56977757271513452,0.28441428432779547,0.28441428432779547,0.09999999984004522,2.1441100862770632,4.1374337123999068,interior,1.2924823877824565e-07,2,0,1826355.2045117356,1826085.1987637524,20,9,0,10.751648745228797,10.589325504044222,26,5,0,True,converged,fixed-mass asymptotic reference,1e-10,1.135107711762085e-11,4.5232924035641118e-14,23,3614497394.7676201,17364112557.516663,1,1.1906543315227579e-06,1.1908683368124971e-06
157,20251.693918415018,5322.1043161718408,5322.1043161718408,10118.737377617761,0.52597273447534676,0.52597273447534676,0.29945357561606023,0.29945357561606023,0.099999999623117938,2.1767495166664581,4.0054644573256502,interior,1.3301799395293301e-07,2,0,1766438.2884504111,1766202.3253682693,20,9,0,11.18134187832344,11.043018219617704,27,5,0,True,converged,fixed-mass asymptotic reference,1e-10,1.196980701313299e-11,4.9106942832335339e-14,23,3520092952.1208682,17018993093.101486,1,1.1899466559290092e-06,1.1902031431008826e-06
158,19178.086140241689,4063.2582330649275,4063.2582330649275,10020.90723411117,0.40548256858654935,0.40548256858654935,0.34256141450183186,0.34256141450183186,0.099999998609988594,2.2748699302923328,3.66235693667715,interior,1.3226703132751538e-07,2,0,1708434.9879299009,1708234.5981495366,20,9,0,10.975114999520107,10.892906942806334,27,5,0,True,converged,fixed-mass asymptotic reference,1e-10,1.1781838013436967e-11,7.7059488427353524e-14,23,3427949740.6083932,16679061526.324282,1,1.1498300494888899e-06,1.149970161831994e-06
159,18077.181855632178,2714.3232218049056,2714.3232218049056,9922.1271450529239,0.27356469295349517,0.27356469295349517,0.39220958508349635,0.39220958508349635,0.10000000032139392,2.3971624473573847,3.3189883974251071,interior,1.3185593639164495e-07,2,0,1680184.8012966285,1679943.2166546476,20,9,0,10.621248952034051,10.583830131418681,27,5,0,True,converged,fixed-mass asymptotic reference,1e-10,1.1741435462985866e-11,6.0401768955548752e-14,23,3337984610.077383,16344119624.258976,1,1.1060358264143442e-06,1.1061490838217365e-06
160,16179.373775277587,25.497650462701973,25.497650462701973,9826.2119869641592,0.0025948617026264388,0.0025948617026264388,0.49896480111674668,0.49896480111674668,0.10000000000247973,2.7023493885286989,2.7106172536430302,interior,1.3094953454917402e-07,2,0,1624996.5728049504,1624800.9129904979,22,10,0,10.430532675176881,10.430529308523253,27,5,0,True,converged,fixed-mass asymptotic reference,1e-10,1.1540824963396479e-11,8.1938811857412509e-14,23,3250406637.1234088,16015398770.748777,1,1.0102385839326275e-06,1.0102668764822353e-06
161,14923.609523624245,-1965.091311704216,0,9775.4869324205229,-0.20102121958803951,0,0.5,0.5796590090498962,0.10000000000006556,2.9441062237620237,2.3301893408651386,deficit,7.2049388677442039e-10,2,0,1571571.4213620836,1571398.1739379205,22,10,0,10.945687062895413,10.925482297533081,28,5,0,True,converged,fixed-mass asymptotic reference,1e-10,1.2126298852347673e-11,7.6051155051494292e-14,23,3165166680.3846087,15692875860.726974,1,9.5097990043826852e-07,9.5098814700431486e-07
162,12472.568393070364,-6447.7702749555465,0,9674.209717220745,-0.66647813382375287,0,0.5,0.74744723222774367,0.099999999986766563,3.3803448156194307,1.6617098979343266,deficit,1.3312388236208506e-07,2,0,1519901.1858109052,1519748.5738958777,20,9,0,12.862696637382179,12.640600085949583,28,5,0,True,converged,fixed-mass asymptotic reference,1e-10,1.188692262261439e-11,6.967462311704876e-14,23,3082149507.4155278,15376192021.457872,1,8.1116107132797072e-07,8.1111362242819498e-07
163,12341.481344248627,-6532.7554893123679,0,9616.4452802517026,-0.6793186019655808,0,0.5,0.75153199379204083,0.099999999964349912,3.3903067233925945,1.646770924706165,deficit,1.3399557052817812e-07,2,0,1494700.6058849911,1494508.6193759628,20,9,0,13.212897067110193,12.982160185621957,28,5,0,True,converged,fixed-mass asymptotic reference,1e-10,1.2040948416320942e-11,1.3436927073808023e-13,23,3000768830.4506159,15062609684.368872,1,8.1934549210658501e-07,8.1923767439074954e-07
164,12015.996490298605,-6977.5798574239825,0,9537.6165419224144,-0.73157004735080244,0,0.5,0.76778448212655503,0.099999999021712305,3.4301828980029541,1.5871380887351412,deficit,1.3382991770338748e-07,2,0,1445388.5970064767,1445218.4260988263,20,9,0,15.537718314732377,15.270120947641949,28,5,0,True,converged,fixed-mass asymptotic reference,1e-10,1.1918932395409012e-11,2.6964497171792159e-14,24,2922211628.0024476,14758274727.837177,1,8.1418707212665819e-07,8.1400030831258747e-07
165,11017.039610032751,-9095.5368943761587,0,9469.1948431347319,-0.96051326773435564,0,0.5,0.83160152163235401,0.10000000003565221,3.5882457403700485,1.3535224238752623,deficit,1.3669977960706348e-07,2,0,1397966.2143339836,1397815.33369338,22,10,0,14.79104940941027,14.329756540663405,29,5,0,True,converged,fixed-mass asymptotic reference,1e-10,1.2396395590771636e-11,1.0738760267585157e-13,23,2845353322.3456111,14457733823.970509,1,7.6201704528318362e-07,7.6189212271961163e-07
166,10433.079056116459,-9998.3778725751999,0,9317.0007021982365,-1.0730990393802147,0,0.5,0.85838665901501954,0.10000000034120304,3.6567499245769,1.2537422266216978,deficit,1.3157538170105454e-07,2,0,1374820.0508472305,1374633.2632200848,22,10,0,14.231791442508595,13.656020668349225,28,5,0,True,converged,fixed-mass asymptotic reference,1e-10,1.1444462370463783e-11,8.3299731844210895e-14,23,2770912361.721467,14164816610.054733,1,7.365488268101302e-07,7.3642585223895554e-07
167,11277.367608104969,-7700.5559625694759,0,9268.2204023250324,-0.83083575206344662,0,0.5,0.79696678871548743,0.10000000000003843,3.5020150283394962,1.4804082034992878,deficit,1.3531267051281048e-07,2,0,1329550.0149368062,1329383.435356033,22,10,0,14.272994490958185,13.927850467504769,29,5,0,True,converged,fixed-mass asymptotic reference,1e-10,1.200591978974443e-11,8.9704092858976195e-14,23,2698094658.948596,13875662609.907,1,8.127444378802573e-07,8.1261865665684777e-07
168,12378.274604887258,-5018.1608421049514,0,9195.5301956244075,-0.54570863603902331,0,0.5,0.70736688268299752,0.10000000054210079,3.2808471432483763,1.8117909856523764,deficit,1.3558292843995901e-07,2,0,1285762.8138403494,1285614.7433581923,18,8,0,13.164574583669991,13.015675625946205,29,5,0,True,converged,fixed-mass asymptotic reference,1e-10,1.1924083193311247e-11,9.9947843014365469e-14,23,2627146630.4865694,13591696638.114399,1,9.1072328455121547e-07,9.1048481684017811e-07
169,14762.888161075791,-350.31080214970973,0,9104.423834606423,-0.03847694351479905,0,0.5,0.51534629286098699,0.10000000000103662,2.7537950655498094,2.6291624463455063,deficit,1.3580880064978373e-07,2,0,1264222.720410181,1264039.3180587927,22,10,0,17.286302536491277,17.285562298900157,29,5,0,True,converged,fixed-mass asymptotic reference,1e-10,1.1860125062575494e-11,1.0768379676122227e-13,23,2557712715.9977856,13311240962.821398,1,1.1090542348612632e-06,1.1086782842253945e-06
170,16129.480390491752,2028.8891750071498,2028.8891750071498,9014.9632810412641,0.22505947318948297,0.22505947318948297,0.41096650395268208,0.41096650395268208,0.099999999999907829,2.4462786455342922,3.2008119825090993,interior,1.3552354860557614e-07,2,0,1222664.0533070227,1222488.4982238652,24,11,0,17.584794040478734,17.55946815724257,29,5,0,True,converged,fixed-mass asymptotic reference,1e-10,1.1672352527996352e-11,8.9668579897450671e-14,23,2490614208.0887485,13038735054.102556,1,1.2370433422847035e-06,1.2365562234673543e-06
171,18305.84686217823,5204.4834742751036,5204.4834742751036,8963.2897343536624,0.58065448177992018,0.58065448177992018,0.28073667266387514,0.28073667266387514,0.099999999871504763,2.1362886603488889,4.1706332127779646,interior,1.3951639421527773e-07,2,0,1182256.5020961913,1182082.337782182,20,9,0,18.228880021215911,18.060300207610357,30,5,0,True,converged,fixed-mass asymptotic reference,1e-10,1.2239665153376917e-11,1.1979308906946601e-13,23,2425352109.9518914,12771766979.475567,1,1.4333057353454709e-06,1.432919523191824e-06
172,19172.483981769277,6544.7588191698251,6544.7588191698251,8857.7269078153768,0.73889230273078998,0.73889230273078998,0.22998619834973161,0.22998619834973161,0.099999999996457881,2.0322069078031504,4.6844105198403394,interior,1.8500325338344226e-07,2,0,1143297.0674483262,1143135.6371326712,18,8,0,19.5503291011428,19.277348183625396,30,5,0,True,converged,fixed-mass asymptotic reference,1e-10,1.1965940853754117e-11,8.4041234615125669e-14,23,2361565873.6662135,12508596667.584936,1,1.5327445988768101e-06,1.5323219638654117e-06
173,21585.392615870129,9603.3731502216051,9603.3731502216051,8784.2137671609271,1.0932902683098444,1.0932902683098444,0.13713318716695311,0.13713318716695311,0.10000000000030547,1.860449486611202,6.038143460911698,interior,1.8389996170320444e-07,2,0,1124170.4416196265,1123951.521171022,18,8,0,19.227129018813212,18.629487213422706,30,5,0,True,converged,fixed-mass asymptotic reference,1e-10,1.1989422771615839e-11,7.8070443536769237e-14,23,2299459601.9529805,12250447829.951279,1,1.7620084518947727e-06,1.7614865771261479e-06
174,22358.8521791434,10667.72453977099,10667.72453977099,8681.2385955483678,1.2288721852876545,1.2288721852876545,0.10955986577452526,0.10955986577452526,0.10000000013692707,1.8134809769751783,6.633781028016843,interior,1.3826906819502938e-07,2,0,1086953.5573510169,1086752.0696673049,16,7,0,18.975173822716094,18.220110398829267,30,5,0,True,converged,fixed-mass asymptotic reference,1e-10,1.1730631643186813e-11,7.0506994617453111e-14,23,2238957356.2121768,11997068766.098612,1,1.8636929249188916e-06,1.8631228125826576e-06
175,22151.813760472185,10518.537110488947,10518.537110488947,8630.6931052792534,1.2187823807848452,1.2187823807848452,0.11146340028682883,0.11146340028682883,0.10000000005033075,1.8166709561379335,6.5879168017179346,interior,1.4175203744137832e-07,2,0,1051077.5904690675,1050897.5371556119,16,7,0,19.186272321540997,18.443557075685209,31,5,0,True,converged,fixed-mass asymptotic reference,1e-10,1.2306580248066789e-11,8.4573444907895344e-14,23,2180082309.4402423,11748732546.058796,1,1.8854641276095084e-06,1.884987220873212e-06
176,21447.209892998875,9972.8668601147656,9972.8668601147656,8480.1475042237998,1.1760693542194514,1.1760693542194514,0.1197835814563602,0.1197835814563602,0.099999999868520262,1.8306751896680638,6.3968893790773489,interior,1.3618963956574248e-07,2,0,1033504.1260183681,1033286.6312570276,16,7,0,19.011019945292698,18.31945038232562,30,5,0,True,converged,fixed-mass asymptotic reference,1e-10,1.1363467001221846e-11,5.5944329910767528e-14,23,2122753776.678772,11505152192.675035,1,1.8641396075276285e-06,1.8637145423811164e-06
177,21437.496797428721,10063.541766967946,10063.541766967946,8420.6789084225875,1.1951444508654048,1.1951444508654048,0.11601529869457433,0.11601529869457433,0.10000000000072469,1.8242785687323675,6.4821415285066006,interior,1.3923119657199834e-07,2,0,999127.07980129786,998930.93387153954,16,7,0,20.223900822560644,19.509715693343459,31,5,0,True,converged,fixed-mass asymptotic reference,1e-10,1.1845226459384793e-11,6.2623784136847187e-14,23,2066717633.5631266,11265085421.531214,1,1.9030034833517326e-06,1.9023817658563969e-06
178,20339.918153500934,8945.6501768202106,8945.6501768202106,8336.0817942307003,1.0731614416369901,1.0731614416369901,0.14159934376620104,0.14159934376620104,0.10000000000090525,1.8681442879947454,5.9542463267488692,interior,1.3830926626212658e-07,2,0,966069.04565278441,965898.67278422706,18,8,0,21.420033915296418,20.844196175388227,31,5,0,True,converged,fixed-mass asymptotic reference,1e-10,1.1662687333025941e-11,6.0821945167419252e-14,23,2012168853.2695732,11029720377.103231,1,1.8441009797242808e-06,1.8435781680853265e-06
179,19347.265104593615,7922.9127160441822,7922.9127160441822,8253.1687338266329,0.96001449406944039,0.96001449406944039,0.16852396014165882,0.16852396014165882,0.10000000011664374,1.915942142255183,5.4961104188459915,interior,1.3787354924410522e-07,2,0,949930.11183325318,949727.57670170907,18,8,0,21.376753709826037,20.915939795414335,31,5,0,True,converged,fixed-mass asymptotic reference,1e-10,1.1626801773854994e-11,6.7119405567689584e-14,23,1959185935.123054,10799627181.455496,1,1.7914752777591837e-06,1.790910986982357e-06
180,18469.409218038698,6958.6144976049191,6958.6144976049191,8199.8805477403439,0.8486475698160536,0.8486475698160536,0.19803871433406295,0.19803871433406295,0.10000000204368412,1.9704048576361899,5.0741422859695948,interior,1.3810368248989846e-07,2,0,918346.59912632883,918169.28447803634,18,8,0,19.635517664624423,19.275416315747076,31,5,0,True,converged,fixed-mass asymptotic reference,1e-10,1.1611918323370384e-11,1.0124018902370852e-13,23,1907283896.5436513,10572262190.587934,1,1.7469685186658802e-06,1.7462913598913967e-06
181,17935.661725257913,6389.1282177956336,6389.1282177956336,8152.4179377516539,0.78372982944396208,0.78372982944396208,0.21659932777455621,0.21659932777455621,0.099999994888300248,2.0058102940902458,4.8412891366378537,interior,1.4140659088113239e-07,2,0,887716.00463666325,887558.92780001054,18,8,0,20.866586890639208,20.559470667859078,32,5,0,True,converged,fixed-mass asymptotic reference,1e-10,1.2152650998221242e-11,9.8212477109977984e-14,23,1856857280.8650539,10349924403.983574,1,1.7329268335867912e-06,1.7321522805166836e-06
182,17382.924566711441,5886.2000067852186,5886.2000067852186,8055.0780537311002,0.73076183986286991,0.73076183986286991,0.23246231791320532,0.23246231791320532,0.099999999995869809,2.0368889201825979,4.6579006307060169,interior,6.8430883182202251e-09,2,0,858180.9925288331,858042.34617718286,18,8,0,18.734209411457694,18.467202978157811,32,5,0,True,converged,fixed-mass asymptotic reference,1e-10,1.1847801725822038e-11,9.2359727677102743e-14,23,1807824452.0358901,10132292583.922852,1,1.7155963887475317e-06,1.7149640429206339e-06
183,16865.470025746195,5365.9485462961275,5365.9485462961275,7985.1744869038066,0.67200408285929669,0.67200408285929669,0.25079054854811583,0.25079054854811583,0.099999999982412491,2.0737129299929364,4.4616834958115925,interior,1.4001138803898527e-07,2,0,843823.53710299986,843656.80006704899,20,9,0,16.645010383843378,16.419215640153595,32,5,0,True,converged,fixed-mass asymptotic reference,1e-10,1.1854378238239185e-11,1.058318225646583e-13,23,1760319847.5704665,9920253115.7328625,1,1.7001048087168945e-06,1.6995488699939382e-06
184,17384.724821774013,6259.9051804355886,6259.9051804355886,7867.7513368050513,0.79566266946963082,0.79566266946963082,0.21311406509478975,0.21311406509478975,0.10000000606159593,1.9991370998517581,4.8830854796795666,interior,1.3804103393688649e-07,2,0,815699.78992793546,815545.4510843897,18,8,0,18.148816754193543,17.832277212399774,32,5,0,True,converged,fixed-mass asymptotic reference,1e-10,1.1391409640437907e-11,6.1642728351054227e-14,23,1713534368.3711634,9709362603.7215672,1,1.7905114404843119e-06,1.7899757440972067e-06
185,16559.253311071094,5281.2637566541634,5281.2637566541634,7833.8314021426431,0.67417658476870646,0.67417658476870646,0.25009952714560146,0.25009952714560146,0.099999999983332019,2.0723929603507543,4.4683649458839767,interior,1.4167078998816862e-07,2,0,788575.37597460346,788440.21887387044,20,9,0,20.675609743732515,20.448352710007317,33,5,0,True,converged,fixed-mass asymptotic reference,1e-10,1.1975638040557881e-11,7.1600341737103654e-14,23,1668308005.5833714,9504472975.3735847,1,1.7422589715365267e-06,1.7416973516983567e-06
186,16330.289863453714,5230.0997409509591,5230.0997409509591,7714.7739846588393,0.6779490472673575,0.6779490472673575,0.24890200008199281,0.24890200008199281,0.099999999984664828,2.0700018780600047,4.4805312495246055,interior,1.3708829293967995e-07,2,0,775280.33203330706,775117.01270020637,20,9,0,19.502764058652527,19.272956603307168,32,5,0,True,converged,fixed-mass asymptotic reference,1e-10,1.1144156018516788e-11,7.7129980820141145e-14,23,1623871450.6498935,9301321771.5336952,1,1.7556956166629866e-06,1.75496067770312e-06
187,14991.565031439581,3426.7964710653955,3426.7964710653955,7722.5963791470303,0.44374312687007472,0.44374312687007472,0.32861415565223018,0.32861415565223018,0.099999998319991859,2.2423439529084987,3.7682214373656397,interior,1.4215689714269786e-07,2,0,749279.77924538206,749140.27864966728,20,9,0,20.813839070421469,20.715385089099254,33,5,0,True,converged,fixed-mass asymptotic reference,1e-10,1.2007353371151428e-11,1.8104121584624453e-14,24,1580923155.4053116,9104004107.5041752,1,1.6467001612051619e-06,1.646077063633459e-06
188,14361.378977821116,2755.3848535803459,2755.3848535803459,7628.776076403039,0.36118765884717158,0.36118765884717158,0.35897958356874271,0.35897958356874271,0.099999996915205919,2.3142410669832572,3.5431055071211746,interior,1.4074115717299662e-07,2,0,724160.04832813481,724037.50507784914,20,9,0,17.176619390710261,17.111391128258511,33,5,0,True,converged,fixed-mass asymptotic reference,1e-10,1.1670964011472256e-11,9.2640077006061483e-14,23,1538665600.2649193,8908040269.7673969,1,1.6121816407320881e-06,1.6113962853848927e-06
189,14285.278436463377,2811.0006959818597,2811.0006959818597,7557.9762243359164,0.37192993962693227,0.37192993962693227,0.3549725065294087,0.3549725065294087,0.099999997446038574,2.3045868319554401,3.5715065825529444,interior,1.4303720186070734e-07,2,0,699781.12874456728,699670.18654071889,22,10,0,18.667704286948464,18.598538346953017,34,5,0,True,converged,fixed-mass asymptotic reference,1e-10,1.1980193952049394e-11,6.0791720192427073e-14,23,1498154293.1650846,8719637395.8271923,1,1.6382881291944134e-06,1.6376797143427706e-06
190,12806.8236015533,833.97140226824683,833.97140226824683,7467.4892002215702,0.11168074332305693,0.11168074332305693,0.45553827419990084,0.45553827419990084,0.10000000000020684,2.5703724718021235,2.9405032332892524,interior,1.3907362261811329e-07,2,0,687935.41689583287,687811.71202844137,22,10,0,17.73292331131524,17.726687017100645,33,5,0,True,converged,fixed-mass asymptotic reference,1e-10,1.132619778980889e-11,6.5695154292011974e-14,23,1458039367.0068262,8531058675.2437525,1,1.5011998028705833e-06,1.5005484888872492e-06
191,11688.538995198882,-893.88310305713458,0,7430.7315391810307,-0.12029491850290888,0,0.5,0.5478752353350187,0.10000000000009497,2.8524294200551239,2.4737353739177501,deficit,1.4234861422934841e-07,2,0,664731.2976173145,664622.88396790437,22,10,0,17.920974997449754,17.913739563740943,34,5,0,True,converged,fixed-mass asymptotic reference,1e-10,1.1871930198423364e-11,5.775153888320778e-14,23,1419235223.244473,8347719093.6656141,1,1.4002075134593756e-06,1.3995446474366003e-06
192,10400.158594665101,-3048.8417634753446,0,7365.9058243941463,-0.41390647808146835,0,0.5,0.66052870027912092,0.099999999988921812,3.1619503142954173,1.9930926509178395,deficit,1.4183992425031988e-07,2,0,642260.9330495469,642162.77748041169,20,9,0,17.864424342014555,17.778765055715652,34,5,0,True,converged,fixed-mass asymptotic reference,1e-10,1.177711188377804e-11,5.1757463305271141e-14,23,1381452826.6317933,8168030786.8432035,1,1.27327612567491e-06,1.2727200165170557e-06
193,9613.7995596349629,-4335.7722874862757,0,7272.2235812730987,-0.59619693529731854,0,0.5,0.72447816362595985,0.09999999876671789,3.3235184929157242,1.7472350840531434,deficit,1.4044922602707288e-07,2,0,631310.20488316426,631192.33244312624,20,9,0,19.518344453054002,19.340619060225045,34,5,0,True,converged,fixed-mass asymptotic reference,1e-10,1.1569699073935601e-11,3.0696482831189383e-14,23,1344660177.7583089,7991897962.4995098,1,1.202943231350791e-06,1.202472400684947e-06
194,8494.810288933304,-6796.2538427162026,0,7244.9339495509721,-0.93803761781146411,0,0.5,0.82588746080065867,0.10000000002084064,3.5739754051747781,1.374423946874773,deficit,1.4413988336237082e-07,2,0,609909.24898244324,609801.69893587276,24,11,0,19.526072592371506,19.086115306156803,35,5,0,True,converged,fixed-mass asymptotic reference,1e-10,1.222996622771029e-11,4.3903511577404531e-14,23,1308597850.4749036,7817862187.4347563,1,1.086589925131524e-06,1.0861066866947252e-06
195,8259.5153420362894,-7139.0916976625404,0,7180.9526584368305,-0.99413406679687455,0,0.5,0.83992119897912287,0.10000000007445012,3.6092847268978545,1.3227790029834217,deficit,1.4386259084009367e-07,2,0,589184.23610774358,589086.61992255878,22,10,0,19.447404935163519,18.953253663780472,35,5,0,True,converged,fixed-mass asymptotic reference,1e-10,1.214418472811785e-11,4.891243014215793e-14,23,1273680522.2924421,7648481080.4603081,1,1.0798896218932932e-06,1.0794074438982814e-06
196,7621.2261643910406,-8719.668724571673,0,7147.4130391459285,-1.2199206844412662,0,0.5,0.88875252810330063,0.10000000314675933,3.7379304858230071,1.1367436473305115,deficit,1.4753129384814656e-07,2,0,569136.50547209696,569047.54327449354,22,10,0,20.239133945958866,19.495030707795042,36,5,0,True,converged,fixed-mass asymptotic reference,1e-10,1.280516608398769e-11,4.5643833979864583e-14,23,1239557647.1933508,7481744590.2582188,1,1.0186429211061866e-06,1.0182190360290175e-06
197,7248.2456878153325,-9422.3114096625122,0,7058.0285321545125,-1.3349110029904501,0,0.5,0.90904726192403995,0.09999999422380626,3.7957300781210748,1.0543116641743573,deficit,1.4357886446436652e-07,2,0,559366.57253456721,559259.98601664742,22,10,0,19.455171859723215,18.564178166770731,35,5,0,True,converged,fixed-mass asymptotic reference,1e-10,1.2106625168439999e-11,5.2755299003134417e-14,23,1206333505.4354839,7318358740.3409777,1,9.9041956605117467e-07,9.9002620372292729e-07
198,7200.8419964871673,-9376.8570457904207,0,7015.4853254020736,-1.3365272238494383,0,0.5,0.90931149581910697,0.099999994492317557,3.7965468247503367,1.0531522052750759,deficit,1.469680270815843e-07,2,0,540266.97175060736,540169.71264860278,22,10,0,20.628176764513345,19.735024254468001,36,5,0,True,converged,fixed-mass asymptotic reference,1e-10,1.2699651751014438e-11,5.481109204904142e-14,23,1174023141.2204602,7158498290.8012018,1,1.005915165997927e-06,1.0055661182506229e-06
199,7434.9527860374092,-8383.8639556991711,0,6943.6846498456634,-1.2073532264449045,0,0.5,0.88635192974206123,0.1000000026652265,3.7314092781619337,1.146090315232787,deficit,1.4635794687301029e-07,2,0,521784.33936014987,521695.97494193492,22,10,0,19.455620323606379,18.726769416902918,36,5,0,True,converged,fixed-mass asymptotic reference,1e-10,1.2548319553962999e-11,4.9448040178993397e-14,23,1142357462.2729759,7000598608.8202896,1,1.0620452909083892e-06,1.0615724802427862e-06
200,7769.6361141484695,-7130.1283528189751,0,6859.5529793431497,-1.039403545716072,0,0.5,0.85069145215117326,0.10000000018381161,3.6369534612795746,1.2824806489919132,deficit,1.4562748029689487e-07,2,0,512784.3793746779,512679.02274449111,22,10,0,19.52537795043694,18.985198085013369,36,5,0,True,converged,fixed-mass asymptotic reference,1e-10,1.2432802910726615e-11,3.8785473053143078e-14,23,1111526811.9583178,6845891578.0633717,1,1.1349341463491911e-06,1.1343877662141435e-06
201,8059.8291017916745,-6126.9177993001413,0,6789.7911643467742,-0.90234040719166397,0,0.5,0.81656196651075874,0.10000000000456358,3.5507619443165481,1.4085074088855682,deficit,1.4506246537315803e-07,2,0,495186.24829014862,495090.27947007807,22,10,0,19.477467130078871,19.070358024853462,36,5,0,True,converged,fixed-mass asymptotic reference,1e-10,1.22739308835505e-11,4.9375513659657865e-14,23,1081549929.8778007,6694570336.8831902,1,1.2039352335110593e-06,1.2033267520633638e-06
202,8579.4587808005908,-4717.270110684296,0,6734.8433214665192,-0.70040844969679794,0,0.5,0.7581638695667372,0.099999999848922785,3.4067627758665822,1.622129321769634,deficit,1.4798972891583162e-07,2,0,478158.93979860446,478071.34519514634,22,10,0,21.931353323469917,21.686067325266581,37,5,0,True,converged,fixed-mass asymptotic reference,1e-10,1.2764778030294939e-11,6.299923758331353e-14,23,1052471899.4941423,6546994206.287446,1,1.3104423969951363e-06,1.3098821114190231e-06
203,8945.6298625419658,-3690.4862709998483,0,6664.3229458081823,-0.55375551315083993,0,0.5,0.71012691113111215,0.10000000569884047,3.2879510834240193,1.8010240838612821,deficit,1.4734031239527212e-07,2,0,461681.47236525593,461601.71546029026,16,7,0,22.23382860528352,22.080506021111045,37,5,0,True,converged,fixed-mass asymptotic reference,1e-10,1.2576607797932527e-11,4.2595097790207455e-14,23,1024025439.996014,6401575351.9124784,1,1.3974106951454454e-06,1.3969023342828066e-06
204,9253.4527368241179,-2809.2626724817619,0,6583.989817050905,-0.4266736129498665,0,0.5,0.66519146376125093,0.099999999995711047,3.1741524947442201,1.9743931390170966,deficit,1.9234132730971965e-07,2,0,453658.86004739942,453564.01367070863,18,8,0,22.919310676209349,22.828285490215503,37,5,0,True,converged,fixed-mass asymptotic reference,1e-10,1.2449886492740641e-11,4.8672335047150038e-14,23,996468340.46797347,6259991598.3616819,1,1.4781893220505059e-06,1.4778557052651067e-06
205,9552.3974878213357,-2023.5736022260339,0,6514.5467809682596,-0.31061994266740195,0,0.5,0.62195521769849749,0.099999998241257951,3.0605833552552255,2.1492072516788885,deficit,1.4599341557897105e-07,2,0,437977.08014740376,437890.52010866714,20,9,0,21.045667103083979,20.997424728692629,37,5,0,True,converged,fixed-mass asymptotic reference,1e-10,1.2246909911186704e-11,6.3268626044156811e-14,23,969451921.90452898,6120123907.9478483,1,1.5608176617823363e-06,1.5604315311848356e-06
206,9840.5053581391003,-1354.1850161039263,0,6465.6567591295179,-0.20944098137271702,0,0.5,0.58294799820971044,0.099999999999989098,2.9534868496437383,2.3155541869855432,deficit,1.4901283695856193e-07,2,0,422806.48832257668,422727.24925511121,22,10,0,20.824228358329428,20.802295595990245,38,5,0,True,converged,fixed-mass asymptotic reference,1e-10,1.2725387963356357e-11,6.0592716089560162e-14,23,943098904.52045298,5982800740.0498581,1,1.6447991142785568e-06,1.6443751920485476e-06
207,10060.438626804331,-703.98446332369269,0,6372.3949940383727,-0.11047357248944045,0,0.5,0.5439830961687443,0.10000000000009021,2.8408847175659915,2.4918761722983898,deficit,1.4488322941375031e-07,2,0,415420.42981605482,415326.90250424796,22,10,0,17.67114854298417,17.66504633787488,37,5,0,True,converged,fixed-mass asymptotic reference,1e-10,1.1947518087309004e-11,4.4148316952679636e-14,23,917431426.55774367,5848224504.5874519,1,1.7202552020553832e-06,1.7198307384929018e-06
208,10009.337764189031,-697.13813079477552,0,6338.8406581727131,-0.10997830561982412,0,0.5,0.54378670993005207,0.10000000000013284,2.8403193926745374,2.4927648550773958,deficit,1.4843515283580189e-07,2,0,400980.85557375406,400894.8477023851,22,10,0,17.925762792102997,17.919715178249493,38,5,0,True,converged,fixed-mass asymptotic reference,1e-10,1.2506144217246234e-11,5.0587564180362045e-14,23,892587003.10124481,5717339368.4602671,1,1.7506985538422986e-06,1.750396220956408e-06
209,9744.6535139561111,-985.83301694016234,0,6279.6702781077638,-0.15698699166471913,0,0.5,0.56237244993539548,0.099999999999994163,2.8948188182873622,2.4072482194272644,deficit,1.4803429704279836e-07,2,0,387019.81679532962,386941.04792700958,22,10,0,16.5718317666357,16.559509308859731,38,5,0,True,converged,fixed-mass asymptotic reference,1e-10,1.2336090642782233e-11,5.6289337324724322e-14,23,868202168.21661031,5587882047.1481686,1,1.7438903383670012e-06,1.743643437595532e-06
210,9934.1147631331623,-571.51526525880388,0,6248.1006194106076,-0.091469891136097076,0,0.5,0.53644038534330407,0.10000000000018472,2.8183821131329978,2.5272755038065418,deficit,1.5185852886290263e-07,2,0,373515.01995699329,373442.56512950972,22,10,0,16.92356538141895,16.919382010926725,39,5,0,True,converged,fixed-mass asymptotic reference,1e-10,1.2928608956039043e-11,6.9701887263377877e-14,23,844453955.58099079,5461039867.3230963,1,1.8190884894606505e-06,1.8187016202197707e-06
211,9841.3892627594887,-501.47075610024928,0,6166.5571348969315,-0.081320745385252191,0,0.5,0.53240656190204072,0.10000000000032114,2.806154523852733,2.5465327452926552,deficit,1.4801330028291204e-07,2,0,366943.10971427569,366857.70730648376,22,10,0,15.391088917198964,15.387782385383957,38,5,0,True,converged,fixed-mass asymptotic reference,1e-10,1.2181336397361267e-11,5.5563917666622787e-14,23,821382117.33502436,5337129942.5093231,1,1.8439478462711793e-06,1.8436487100762854e-06
212,9936.1366313481067,-300.6658186911572,0,6151.2690928753891,-0.048878563644708224,0,0.5,0.51949196391371766,0.10000000000079423,2.7667076153197954,2.6087598291730512,deficit,1.5258467267464937e-07,2,0,354097.95321880077,354019.02297825617,22,10,0,15.434138459662595,15.43294390267061,39,5,0,True,converged,fixed-mass asymptotic reference,1e-10,1.2895403655676123e-11,7.7825644834573852e-14,23,798877646.56907439,5215503103.7800331,1.1200730784532995,2.1338687607223503e-06,2.1334393518891494e-06
213,10209.483542831509,252.49129856896147,252.49129856896147,6111.6583929279186,0.04131313049179109,0.04131313049179109,0.48352313269453445,0.48352313269453445,0.10000000000083709,2.653861217226325,2.7903116218553334,interior,1.533927354024911e-07,2,0,341639.72317189688,341566.06095995224,22,10,0,15.52629117746126,15.525437790085745,39,5,0,True,converged,fixed-mass asymptotic reference,1e-10,1.2895121373663251e-11,1.0211594767351529e-13,23,776962998.00584698,5096359055.368432,1.1872173917589186,2.3783403585267539e-06,2.378067576894661e-06
214,10200.441036928081,312.91970624270584,312.91970624270584,6083.254267305314,0.051439636168728292,0.051439636168728292,0.47948760073421814,0.47948760073421814,0.10000000000066522,2.6414554489490172,2.8115443128972455,interior,1.5742109837901808e-07,2,0,329639.08280810626,329570.91770232172,22,10,0,15.963270265358789,15.961947247274203,40,5,0,True,converged,fixed-mass asymptotic reference,1e-10,1.3522473683314735e-11,1.1638630637752408e-13,23,755612871.55395389,4979585557.1411781,1.2348236245618647,2.5294766861241445e-06,2.5289982897118836e-06
215,10952.339091482718,1598.7397634745682,1598.7397634745682,6030.5928397322541,0.2651079114703328,0.2651079114703328,0.39546316643234769,0.39546316643234769,0.099999999999997133,2.4053592460316189,3.2985776451043431,interior,1.8652713640321394e-07,2,0,323739.29032689863,323653.18304392038,22,10,0,14.555682855171927,14.520541752809846,39,5,0,True,converged,fixed-mass asymptotic reference,1e-10,1.2995258919537081e-11,2.1743109105464117e-14,24,734701281.31949937,4864400619.5539293,1.2733310939424936,2.866941892188494e-06,2.8660888089790265e-06
216,11048.152519062527,1815.0311493611091,1815.0311493611091,5998.9173599017749,0.30256368939942158,0.30256368939942158,0.38111119488644607,0.38111119488644607,0.10000000427486085,2.3686141456808087,3.3923934123891395,interior,1.5906672801158095e-07,2,0,312319.08567871625,312238.63944529742,20,9,0,13.622049375489595,13.576276982418101,40,5,0,True,converged,fixed-mass asymptotic reference,1e-10,1.3576853325761531e-11,2.4735941736638073e-14,24,714570176.47068822,4753119306.2007198,1.3062188477028434,3.0361756402513706e-06,3.0357114918784497e-06
217,11127.035195490351,2002.8005678557377,2002.8005678557377,5967.7026703062729,0.33561141512026865,0.33561141512026865,0.36858195739952554,0.36858195739952554,0.099999995222911184,2.3373410538422519,3.4772231513487482,interior,1.6312761230707906e-07,2,0,301286.32776314288,301211.26998248196,20,9,0,13.800971553157083,13.744654042177569,41,5,0,True,converged,fixed-mass asymptotic reference,1e-10,1.4219853010956729e-11,1.1261388450966755e-13,23,694823614.05374992,4643167828.2694626,1.3351689152961974,3.1996412927340952e-06,3.1992463893385699e-06
218,11301.162267770098,2403.0292318459678,2403.0292318459678,5901.3917151092928,0.40720420608869434,0.40720420608869434,0.34192900632031048,0.34192900632031048,0.099999998656477004,2.2731719809133679,3.6677113581430811,interior,1.5968572220081967e-07,2,0,295953.52074874192,295863.67042393627,20,9,0,12.629438600778389,12.546530968050227,40,5,0,True,converged,fixed-mass asymptotic reference,1e-10,1.3501830826150917e-11,1.6264010400891797e-14,24,675730758.11971068,4536388692.8745556,1.361150597663751,3.3909316014371069e-06,3.3907625504619253e-06
219,11684.873866817163,2983.0161149494247,2983.0161149494247,5878.5998673759996,0.50744756632238475,0.50744756632238475,0.30592040890754818,0.30592040890754818,0.099999999466330425,2.1908915422677246,3.9513457929056441,interior,1.6430641380793531e-07,2,0,285493.76504001446,285408.03534526331,20,9,0,12.08782829698033,11.959076780697075,41,5,0,True,converged,fixed-mass asymptotic reference,1e-10,1.4238907762564701e-11,1.1327509459979861e-13,23,656909522.20754457,4430265462.233223,1.3847847495500858,3.6523850024617164e-06,3.6520232113806536e-06
220,12207.272915971311,3763.4417291876989,3763.4417291876989,5837.9575449499353,0.64466835510590426,0.64466835510590426,0.25957106381850925,0.25957106381850925,0.099999999967283398,2.0917172295598334,4.3729385282454301,interior,1.6517602308141477e-07,2,0,275368.45393820573,275286.13149868633,20,9,0,12.344637837792515,12.136839193755039,41,5,0,True,converged,fixed-mass asymptotic reference,1e-10,1.426703428819312e-11,1.2383773694155488e-13,23,638761976.42066824,4327547213.87889,1.4064984490575076,3.9674923403425794e-06,3.9672907910897493e-06
221,12304.792368616074,3922.6294053533934,3922.6294053533934,5821.8982228371715,0.67379098022929063,0.67379098022929063,0.25022210504347447,0.25022210504347447,0.099999999982978746,2.072666675932922,4.4669774197439507,interior,1.7028659593520956e-07,2,0,265669.48251568613,265592.47053492843,20,9,0,13.612783205399566,13.385786062880392,42,6,0,True,converged,fixed-mass asymptotic reference,1e-10,1.5158802855996547e-11,2.5619320954843025e-14,24,621015158.76919436,4226438491.1634445,1.4266010402773408,4.1533857951951743e-06,4.1532933280956241e-06
222,12225.718153576963,3966.0521731007289,3966.0521731007289,5750.8725813593928,0.68966431283824758,0.68966431283824758,0.24520265656782508,0.24520265656782508,0.099999999988354668,2.0625430183654601,4.5190151795103839,interior,1.6623761700529371e-07,2,0,260916.22635861312,260825.94529691819,20,9,0,12.513087511083276,12.27526907888195,41,5,0,True,converged,fixed-mass asymptotic reference,1e-10,1.437202490318766e-11,1.8432649928779627e-14,24,603757523.39168823,4127581030.9966288,1.4453255359465016,4.2809923075896437e-06,4.2808637859174123e-06
223,12451.916717265573,4308.0143467514035,4308.0143467514035,5724.0205043783417,0.75264496981275564,0.75264496981275564,0.22583164338335504,0.22583164338335504,0.099999999997623698,2.0239932296460736,4.7318434523451955,interior,1.9722201183292043e-07,2,0,251614.83602707167,251529.62041187676,18,8,0,14.077311181185781,13.794073955893559,42,6,0,True,converged,fixed-mass asymptotic reference,1e-10,1.5182393203471229e-11,2.4006780387541932e-14,24,586822278.6079843,4029874620.8100486,1.462852931500042,4.5200718599490435e-06,4.5194721306763236e-06
224,12405.540191098708,4370.1617793313862,4370.1617793313862,5663.3170007996205,0.7716873408506606,0.7716873408506606,0.22014981510258108,0.22014981510258108,0.099999997906030466,2.0128747164378034,4.7980145865640287,interior,1.7006729624569061e-07,2,0,242607.77975077121,242528.75935430787,18,8,0,14.574252272452579,14.276501596437997,42,6,0,True,converged,fixed-mass asymptotic reference,1e-10,1.506002086356892e-11,8.9097366274852255e-14,23,570468416.14203668,3935135589.7441869,1.4793273449050945,4.6635889448994815e-06,4.6626846280821097e-06
225,12628.298928891933,4719.3256074901401,4719.3256074901401,5626.5018208045676,0.83879814942903752,0.83879814942903752,0.20079129468093287,0.20079129468093287,0.10000000253681038,1.9756486646344058,5.0378482039818939,interior,1.7414551023442471e-07,2,0,233873.41393428383,233798.89330455707,18,8,0,17.455848761439501,17.104057593696712,43,6,0,True,converged,fixed-mass asymptotic reference,1e-10,1.5832422909618206e-11,9.4387626962315692e-14,23,554491877.33172393,3842003752.2506166,1.4948658954779788,4.9134812467695476e-06,4.9126165218049654e-06
226,12467.309716395785,4670.0552907612127,4670.0552907612127,5549.1524752120595,0.84161173505288334,0.84161173505288334,0.20000265923453797,0.20000265923453797,0.10000000238658885,1.9741278251297274,5.0483055597898119,interior,1.6951181680546767e-07,2,0,229657.21872025798,229570.56328303751,18,8,0,16.86275541161065,16.508600255321287,42,6,0,True,converged,fixed-mass asymptotic reference,1e-10,1.4964927734128261e-11,9.7436490022804202e-14,23,539065153.40054369,3751714448.9975562,1.5095654015240774,5.0164317284287789e-06,5.0161723508364266e-06
227,11870.317556612257,3970.6211120863463,3970.6211120863463,5524.699302906809,0.71872664890262605,0.71872664890262605,0.23615468016508356,0.23615468016508356,0.099999999994264122,2.0443159834474578,4.6166071681484668,interior,1.7378590722039178e-07,2,0,221507.22960933886,221429.20105447591,20,9,0,13.826933732802829,13.568649734881429,43,6,0,True,converged,fixed-mass asymptotic reference,1e-10,1.5839603682121865e-11,1.1309765755764083e-13,23,523945702.57870322,3662622995.3739729,1.5235070686802987,4.9375850934753667e-06,4.9375567208128548e-06
228,11786.438793138519,3990.1571847703844,3990.1571847703844,5462.1397761717944,0.73053589853591794,0.73053589853591794,0.23253133905987255,0.23253133905987255,0.099999999995795605,2.0370105208683071,4.6572171120100396,interior,2.1177000153471681e-08,2,0,213533.81317954959,213461.49669330745,18,8,0,14.200854125637147,13.934012776112306,43,6,0,True,converged,fixed-mass asymptotic reference,1e-10,1.5656039293616245e-11,9.1600875421690339e-14,23,509314899.72755337,3576031258.4739451,1.5367598618955463,5.0650916456791452e-06,5.0653125961789552e-06
229,11931.310402288698,4270.5986245355189,4270.5986245355189,5412.9431942120282,0.78898881832029599,0.78898881832029599,0.21505927095230015,0.21505927095230015,0.099999995335185152,2.0026980526129918,4.8606692996346146,interior,1.75916756495198e-07,2,0,205816.20955766251,205748.18261432889,18,8,0,15.858008739272416,15.546757061555187,44,6,0,True,converged,fixed-mass asymptotic reference,1e-10,1.6303435447245012e-11,9.6019802462097845e-14,23,494993931.0469287,3490723377.6520147,1.549382987764826,5.2957989961043743e-06,5.2966087391159841e-06
230,11776.825151171382,4236.8192510415947,4236.8192510415947,5331.946299607419,0.79463967800283464,0.79463967800283464,0.21341156537913791,0.21341156537913791,0.099999994581872406,1.9994687311741259,4.8809880280721938,interior,1.7092220083725351e-07,2,0,202091.24455021261,202012.41497700289,18,8,0,15.850971988408077,15.535245879479852,43,6,0,True,converged,fixed-mass asymptotic reference,1e-10,1.5343844404827457e-11,8.2118479709649498e-14,23,481108735.20114589,3407619981.329987,1.5614277592656258,5.3963358026441495e-06,5.3973095529328847e-06
231,11624.00239881235,4138.4097037658958,4138.4097037658958,5284.8703907144773,0.78309605178585429,0.78309605178585429,0.21678535475856492,0.21678535475856492,0.099999996111456477,2.0059782215306186,4.8402488551330585,interior,1.7389589412886153e-07,2,0,194844.13326648474,194771.20765610883,18,8,0,16.599531860283513,16.292912147122216,44,6,0,True,converged,fixed-mass asymptotic reference,1e-10,1.59470957383731e-11,1.0164439991732481e-13,23,467545071.19336587,3325948658.7173123,1.5729390216185291,5.4973328925440164e-06,5.4985338561898802e-06
232,11982.540489448937,4659.9235876486955,4659.9235876486955,5243.9625083525079,0.88866331291098288,0.88866331291098288,0.18709202675684272,0.18709202675684272,0.10000000080624519,1.9496506221300791,5.2247017814357193,interior,1.7769940274803275e-07,2,0,187781.67287060843,187712.02768473621,18,8,0,17.487098438653671,17.092237196796709,45,6,0,True,converged,fixed-mass asymptotic reference,1e-10,1.6655174464466173e-11,1.0416711226990184e-13,23,454406878.50138974,3246481703.6635971,1.5839562598000563,5.8462735197773895e-06,5.8480911566574454e-06
233,12331.311260013481,5245.2938044155462,5245.2938044155462,5153.5106177246907,1.0178597080168412,1.0178597080168412,0.15437231599941537,0.15437231599941537,0.10000000001515892,1.8903429077277636,5.7290859606654578,interior,1.7217874770381059e-07,2,0,184352.72602535211,184270.0310554516,18,8,0,17.965472377406655,17.447453184804591,44,6,0,True,converged,fixed-mass asymptotic reference,1e-10,1.5511030149201837e-11,9.1259991687943396e-14,23,441546747.37024653,3168200724.0091114,1.5945144708897403,6.2061895574140857e-06,6.2084649058524751e-06
234,12294.633932978928,5261.0050760102285,5261.0050760102285,5120.7670761251375,1.027436851506802,1.027436851506802,0.15210740319102523,0.15210740319102523,0.10000000001026652,1.8863901697224961,5.7674780279277895,interior,1.7609449431965629e-07,2,0,177740.64068858378,177663.39138004943,18,8,0,18.453359996559488,17.925546754642383,45,6,0,True,converged,fixed-mass asymptotic reference,1e-10,1.6220346156748095e-11,8.2766976459554491e-14,23,429119276.22736996,3092245449.0347695,1.6046448598496124,6.3799984410828158e-06,6.3827742707215926e-06
235,11786.510189112281,4724.3379293683774,4724.3379293683774,5083.0644718093645,0.92946886478940671,0.92946886478940671,0.17632307677768855,0.17632307677768855,0.10000000028402226,1.9300432803668954,5.3781443250748158,interior,1.7617252456858523e-07,2,0,171391.52559786817,171321.34635435851,18,8,0,20.207901570539413,19.775945385232959,45,6,0,True,converged,fixed-mass asymptotic reference,1e-10,1.6144480956579277e-11,2.2561842015002888e-14,24,416899941.90965295,3017031015.6698937,1.6143754007809903,6.306813556615848e-06,6.3091951377809747e-06
236,11345.811688992828,4234.3714883405137,4234.3714883405137,5057.9869057739215,0.83719904680589496,0.83719904680589496,0.20124034659392609,0.20124034659392609,0.10000000262855162,1.9765192334207882,5.0318871407341472,interior,1.8048559646821616e-07,2,0,165239.15292206599,165175.17415760586,18,8,0,20.861868190484714,20.511417068498364,46,6,0,True,converged,fixed-mass asymptotic reference,1e-10,1.695907870539567e-11,2.6107158066600449e-14,24,405105164.63734668,2944149512.0778499,1.6237312943290327,6.2573416952524187e-06,6.2599869972754114e-06
237,10222.808071508285,2877.1246009827337,2877.1246009827337,5019.0359681014916,0.57325844606956233,0.57325844606956233,0.28323485826165196,0.28323485826165196,0.099999999850029192,2.1417166852268252,4.1475251197251728,interior,1.7744279134923602e-07,2,0,162235.80608168145,162166.8779092847,20,9,0,20.338236561118766,20.173923938123721,45,6,0,True,converged,fixed-mass asymptotic reference,1e-10,1.6352439046048385e-11,3.4166899897129847e-14,24,393573002.92746609,2872458245.1560497,1.6327353439454391,5.8107511504716495e-06,5.8132634019270187e-06
238,9483.6137934655799,1888.3030636031822,1888.3030636031822,5007.7310260073482,0.37708440828122564,0.37708440828122564,0.3530554389010403,0.3530554389010403,0.099999997662872889,2.3000950103649984,3.5849018628572269,interior,1.8253586864247495e-07,2,0,156358.45554327793,156297.37962449668,20,9,0,20.69929511678632,20.628198791301919,46,6,0,True,converged,fixed-mass asymptotic reference,1e-10,1.7338840935153798e-11,3.3046379144754446e-14,24,382341265.38775057,2802258583.7786131,1.6414082680558688,5.5549770395039622e-06,5.5563483160121956e-06
239,8310.187278080406,235.14109851624306,235.14109851624306,4962.6896814464308,0.047381894380765795,0.047381894380765795,0.48110442950131999,0.48110442950131999,0.10000000000080241,2.6472033997055888,2.8016621817170098,interior,1.8177065186364416e-07,2,0,150694.89158139878,150643.56040281028,24,11,0,24.944345528419262,24.943223006461707,46,6,0,True,converged,fixed-mass asymptotic reference,1e-10,1.7061513373235513e-11,4.8256969300590832e-14,24,371428470.61264151,2733714579.5308948,1.649768961087394,5.0151135509373503e-06,5.0165982346781648e-06
240,7314.2363184440073,-1425.0403118662173,0,4946.3957351646168,-0.28809272600933844,0,0.5,0.61336211974920818,0.099999996222999113,3.0380451149875825,2.1840986899231565,deficit,1.8650297217703837e-07,2,0,145219.83903971434,145172.4934366199,20,9,0,26.121839581936044,26.080340872546298,47,6,0,True,converged,fixed-mass asymptotic reference,1e-10,1.7971294709864835e-11,4.6009235105641403e-14,24,360827606.45106888,2666803872.5407939,1.6578347133148656,4.5469391262552664e-06,4.5478938807295494e-06
241,6396.4766930885726,-3047.2064600319,0,4885.4757329319609,-0.62370860837953557,0,0.5,0.73359051567583855,0.10000000135736305,3.346814679922602,1.7121109797903096,deficit,1.816530494913593e-07,2,0,142560.10841848273,142505.74943854852,18,8,0,26.33669337042647,26.142187156343102,46,6,0,True,converged,fixed-mass asymptotic reference,1e-10,1.689527991094896e-11,3.4982573971753109e-14,24,350501712.42892551,2601280974.9219642,1.6656213972624627,4.0957161297881624e-06,4.0964400566586087e-06
242,5569.4641176888354,-5025.8644021635291,0,4895.1387414148758,-1.0266545634338038,0,0.5,0.84770842426115445,0.10000000014254622,3.6298902640958559,1.2927533968030578,deficit,1.8822048231115218e-07,2,0,137367.17863347672,137315.90338413129,24,11,0,27.213142317447168,26.686132521137441,47,6,0,True,converged,fixed-mass asymptotic reference,1e-10,1.8185370995268515e-11,5.373239548197455e-14,24,340481812.14305675,2537402489.6565356,1.6731436267286663,3.6724616732233242e-06,3.6729494575296435e-06
243,4992.358772141637,-6547.154882315579,0,4873.7568037000447,-1.3432628452929534,0,0.5,0.91040656078900661,0.09999999741123268,3.800307238216682,1.04781580636477,deficit,1.9288755481738917e-07,2,0,132369.01521851306,132320.94606258781,22,10,0,27.193908975710499,26.291731439938239,48,6,0,True,converged,fixed-mass asymptotic reference,1e-10,1.8998029697238825e-11,6.2148013761617831e-14,24,330687634.71550679,2474596004.3179574,1.6804148932374969,3.3901428833042557e-06,3.3903216680940933e-06
244,4496.2104470862259,-8027.0329121713594,0,4845.4576856328267,-1.6564794042001494,0,0.5,0.9511876137194053,0.099999999921919686,3.9342436812381649,0.85993274865676717,deficit,1.9385945915217917e-07,2,0,127551.08994463801,127506.08234062968,24,11,0,27.088352536443182,25.716390528173541,48,6,0,True,converged,fixed-mass asymptotic reference,1e-10,1.89578363536344e-11,6.2227065794438374e-14,24,321272543.96332914,2414034744.6140714,1.6874476837491814,3.142920756013173e-06,3.1434001112115028e-06
245,4085.7651316190208,-9419.2403174061419,0,4815.955079696967,-1.9556574693906337,0,0.5,0.97474724098100263,0.099999999999989903,4.0369520219755728,0.71892386105984163,deficit,1.9440310161655816e-07,2,0,125211.4527408071,125159.60725430504,26,12,0,27.130910640432525,25.218612571640836,48,6,0,True,converged,fixed-mass asymptotic reference,1e-10,1.8992176989931231e-11,2.5110257298568729e-14,24,312119148.69954783,2354868042.6302409,1.6942535827134084,2.9395796652109832e-06,2.9407108321286338e-06
246,3818.4931307200636,-10467.698864853923,0,4799.9268651285593,-2.1805774558156141,0,0.5,0.98539265795042486,0.10000000449170486,4.101144317695578,0.63226028917942267,deficit,1.9640815929200528e-07,2,0,120651.85546590925,120603.1222383171,22,10,0,28.048148768168115,25.670689747762466,48,6,0,True,converged,fixed-mass asymptotic reference,1e-10,1.9234741505886597e-11,2.3732891120391238e-14,24,303185703.47613424,2296803829.628191,1.7008433609631814,2.8276941228019878e-06,2.828927314538327e-06
247,3653.831018768642,-11305.017656927641,0,4811.777592166507,-2.3491911653145023,0,0.5,0.99059287769885773,0.099999998628306566,4.1431435260971838,0.5762057884108176,deficit,2.0010299639494633e-08,2,0,116253.06744321551,116206.98400982549,22,10,0,29.366884453686303,26.607534888090449,49,6,0,True,converged,fixed-mass asymptotic reference,1e-10,2.0813889063334757e-11,2.3661540683164958e-14,24,294462306.42891896,2239787108.5158691,1.7072270534869669,2.7850500346191608e-06,2.7862504271551194e-06
248,3491.2563046302166,-12087.453217074359,0,4806.0388717528094,-2.5147651113736753,0,0.5,0.9940444144226388,0.09999999987151946,4.1800662826627004,0.52736650812261288,deficit,4.4824301159707147e-08,2,0,112017.10845458406,111973.68059763902,24,11,0,28.792999611274478,25.630977828583351,49,6,0,True,converged,fixed-mass asymptotic reference,1e-10,2.1367855538161457e-11,3.4311656782239023e-14,24,286013025.66641206,2184326582.8367872,1.7134140277520253,2.7385866078058364e-06,2.7396832538960642e-06
249,3479.7451990986442,-11951.594185652815,0,4774.9788831749793,-2.5026721955648199,0,0.5,0.99383701755954534,0.099999999820632707,4.177440767351932,0.53082548480690195,deficit,5.3019152845834583e-08,2,0,109965.80998150152,109915.95206927419,22,10,0,28.174659173557039,25.042975114330421,49,6,0,True,converged,fixed-mass asymptotic reference,1e-10,2.1437548205528112e-11,2.2238266074973825e-14,24,277786234.49238777,2130051705.7517788,1.7194130439605608,2.8089080038917036e-06,2.8102718696819233e-06
250,3381.1180851539061,-12404.910046054383,0,4763.8685203221794,-2.6036451089950967,0,0.5,0.99538808939337386,0.09999999999407512,4.1982856707597023,0.50342302331932975,deficit,2.777990371072292e-08,2,0,105961.11320329056,105914.1187088437,20,9,0,30.785629166067707,27.396145239270663,49,6,0,True,converged,fixed-mass asymptotic reference,1e-10,2.1956836724085064e-11,1.6264825643547256e-14,24,269780342.45431316,2076970787.4625399,1.7252323083862526,2.8085200784663358e-06,2.8096977665687023e-06
